date,open,high,low,close,volume,average,stock_code
2026-04-28 09:00:00,2030,2085,2030,2080,2166,2055.89,2308
2026-04-28 09:05:00,2080,2120,2080,2100,1624,2075.24,2308
2026-04-28 09:10:00,2100,2120,2100,2110,624,2080.47,2308
2026-04-28 09:15:00,2115,2130,2105,2130,937,2087.19,2308
2026-04-28 09:20:00,2130,2130,2120,2120,231,2088.75,2308
2026-04-28 09:25:00,2120,2125,2115,2120,258,2090.15,2308
2026-04-28 09:30:00,2125,2130,2110,2130,388,2092.11,2308
2026-04-28 09:35:00,2130,2160,2125,2160,933,2098.08,2308
2026-04-28 09:40:00,2160,2160,2145,2150,408,2101.23,2308
2026-04-28 09:45:00,2150,2155,2125,2125,252,2102.57,2308
2026-04-28 09:50:00,2125,2130,2115,2115,211,2103.04,2308
2026-04-28 09:55:00,2115,2140,2115,2125,241,2103.71,2308
2026-04-28 10:00:00,2125,2135,2120,2135,206,2104.26,2308
2026-04-28 10:05:00,2135,2135,2125,2130,182,2104.79,2308
2026-04-28 10:10:00,2130,2140,2130,2135,154,2105.27,2308
2026-04-28 10:15:00,2135,2135,2120,2130,143,2105.63,2308
2026-04-28 10:20:00,2130,2135,2120,2125,139,2105.96,2308
2026-04-28 10:25:00,2120,2125,2115,2120,223,2106.29,2308
2026-04-28 10:30:00,2125,2135,2115,2135,127,2106.53,2308
2026-04-28 10:35:00,2130,2140,2130,2140,96,2106.82,2308
2026-04-28 10:40:00,2140,2140,2135,2140,74,2107.07,2308
2026-04-28 10:45:00,2140,2140,2125,2125,128,2107.44,2308
2026-04-28 10:50:00,2130,2135,2125,2125,126,2107.72,2308
2026-04-28 10:55:00,2125,2125,2110,2120,253,2107.97,2308
2026-04-28 11:00:00,2120,2120,2105,2105,201,2108.04,2308
2026-04-28 11:05:00,2105,2115,2105,2105,109,2108.05,2308
2026-04-28 11:10:00,2105,2115,2105,2110,60,2108.07,2308
2026-04-28 11:15:00,2115,2115,2105,2110,59,2108.08,2308
2026-04-28 11:20:00,2110,2115,2105,2105,104,2108.09,2308
2026-04-28 11:25:00,2105,2110,2105,2105,66,2108.08,2308
2026-04-28 11:30:00,2100,2105,2100,2105,39,2108.05,2308
2026-04-28 11:35:00,2100,2110,2100,2105,88,2108.03,2308
2026-04-28 11:40:00,2105,2115,2105,2105,89,2108.05,2308
2026-04-28 11:45:00,2105,2110,2100,2105,74,2108.02,2308
2026-04-28 11:50:00,2110,2110,2100,2100,81,2108.01,2308
2026-04-28 11:55:00,2100,2105,2100,2105,67,2107.96,2308
2026-04-28 12:00:00,2100,2110,2100,2105,110,2107.94,2308
2026-04-28 12:05:00,2105,2115,2105,2115,124,2107.96,2308
2026-04-28 12:10:00,2115,2125,2115,2125,103,2108.08,2308
2026-04-28 12:15:00,2125,2125,2120,2120,51,2108.15,2308
2026-04-28 12:20:00,2125,2125,2120,2125,51,2108.21,2308
2026-04-28 12:25:00,2125,2130,2120,2130,97,2108.35,2308
2026-04-28 12:30:00,2125,2130,2125,2130,46,2108.43,2308
2026-04-28 12:35:00,2130,2130,2125,2130,67,2108.54,2308
2026-04-28 12:40:00,2125,2130,2125,2130,123,2108.75,2308
2026-04-28 12:45:00,2125,2130,2125,2125,130,2108.94,2308
2026-04-28 12:50:00,2120,2125,2120,2125,68,2109.01,2308
2026-04-28 12:55:00,2125,2125,2120,2125,96,2109.11,2308
2026-04-28 13:00:00,2125,2125,2120,2120,138,2109.25,2308
2026-04-28 13:05:00,2115,2125,2115,2115,158,2109.38,2308
2026-04-28 13:10:00,2120,2120,2110,2110,119,2109.41,2308
2026-04-28 13:15:00,2110,2115,2105,2105,120,2109.42,2308
2026-04-28 13:20:00,2105,2125,2105,2115,292,2109.47,2308
2026-04-28 13:30:00,2125,2125,2125,2125,818,2110.38,2308
2026-04-29 09:00:00,2040,2095,2035,2080,1912,2055.71,2308
2026-04-29 09:05:00,2080,2090,2070,2075,454,2060.33,2308
2026-04-29 09:10:00,2070,2120,2070,2105,657,2068.75,2308
2026-04-29 09:15:00,2105,2110,2090,2100,248,2071.21,2308
2026-04-29 09:20:00,2100,2125,2100,2120,339,2075.12,2308
2026-04-29 09:25:00,2115,2130,2110,2120,289,2078.51,2308
2026-04-29 09:30:00,2120,2145,2115,2140,347,2083.03,2308
2026-04-29 09:35:00,2140,2140,2125,2125,217,2085.5,2308
2026-04-29 09:40:00,2125,2130,2105,2105,196,2087.0,2308
2026-04-29 09:45:00,2105,2125,2105,2120,166,2087.94,2308
2026-04-29 09:50:00,2120,2125,2115,2125,73,2088.41,2308
2026-04-29 09:55:00,2120,2135,2120,2135,148,2089.56,2308
2026-04-29 10:00:00,2135,2145,2125,2125,287,2092.03,2308
2026-04-29 10:05:00,2125,2125,2115,2120,204,2093.06,2308
2026-04-29 10:10:00,2115,2115,2105,2105,210,2093.72,2308
2026-04-29 10:15:00,2105,2120,2105,2120,144,2094.12,2308
2026-04-29 10:20:00,2115,2120,2110,2110,47,2094.29,2308
2026-04-29 10:25:00,2110,2120,2110,2115,89,2094.6,2308
2026-04-29 10:30:00,2115,2120,2105,2115,102,2094.87,2308
2026-04-29 10:35:00,2115,2115,2110,2115,71,2095.07,2308
2026-04-29 10:40:00,2110,2115,2105,2105,63,2095.24,2308
2026-04-29 10:45:00,2110,2130,2110,2125,134,2095.73,2308
2026-04-29 10:50:00,2125,2135,2125,2125,161,2096.58,2308
2026-04-29 10:55:00,2125,2145,2125,2140,250,2098.07,2308
2026-04-29 11:00:00,2140,2145,2135,2135,120,2098.74,2308
2026-04-29 11:05:00,2135,2140,2135,2135,68,2099.11,2308
2026-04-29 11:10:00,2140,2145,2135,2145,131,2099.85,2308
2026-04-29 11:15:00,2145,2145,2135,2140,117,2100.5,2308
2026-04-29 11:20:00,2135,2140,2130,2130,42,2100.7,2308
2026-04-29 11:25:00,2130,2135,2125,2130,63,2100.95,2308
2026-04-29 11:30:00,2130,2130,2125,2130,82,2101.26,2308
2026-04-29 11:35:00,2130,2140,2125,2140,135,2101.83,2308
2026-04-29 11:40:00,2140,2145,2135,2140,166,2102.71,2308
2026-04-29 11:45:00,2145,2150,2145,2145,155,2103.57,2308
2026-04-29 11:50:00,2150,2155,2145,2155,211,2104.79,2308
2026-04-29 11:55:00,2150,2160,2150,2160,144,2105.68,2308
2026-04-29 12:00:00,2155,2170,2155,2165,234,2107.24,2308
2026-04-29 12:05:00,2165,2165,2155,2165,143,2108.14,2308
2026-04-29 12:10:00,2165,2165,2160,2165,46,2108.43,2308
2026-04-29 12:15:00,2165,2165,2155,2155,187,2109.5,2308
2026-04-29 12:20:00,2160,2160,2155,2155,60,2109.82,2308
2026-04-29 12:25:00,2160,2160,2155,2160,42,2110.05,2308
2026-04-29 12:30:00,2160,2165,2150,2155,244,2111.33,2308
2026-04-29 12:35:00,2155,2160,2150,2155,80,2111.71,2308
2026-04-29 12:40:00,2155,2160,2150,2155,68,2112.02,2308
2026-04-29 12:45:00,2150,2155,2150,2155,70,2112.32,2308
2026-04-29 12:50:00,2150,2160,2150,2150,149,2112.97,2308
2026-04-29 12:55:00,2155,2160,2150,2150,38,2113.13,2308
2026-04-29 13:00:00,2155,2155,2145,2150,192,2113.85,2308
2026-04-29 13:05:00,2145,2150,2145,2150,107,2114.23,2308
2026-04-29 13:10:00,2150,2150,2145,2150,111,2114.61,2308
2026-04-29 13:15:00,2145,2160,2145,2155,315,2115.73,2308
2026-04-29 13:20:00,2155,2160,2145,2150,322,2116.79,2308
2026-04-29 13:30:00,2165,2165,2165,2165,1061,2121.15,2308
2026-04-30 09:00:00,2220,2280,2210,2270,2799,2241.28,2308
2026-04-30 09:05:00,2270,2270,2225,2235,537,2242.59,2308
2026-04-30 09:10:00,2230,2235,2215,2215,388,2240.58,2308
2026-04-30 09:15:00,2215,2220,2205,2205,425,2237.83,2308
2026-04-30 09:20:00,2205,2225,2200,2220,412,2235.42,2308
2026-04-30 09:25:00,2220,2230,2215,2225,196,2234.93,2308
2026-04-30 09:30:00,2225,2240,2220,2220,243,2234.85,2308
2026-04-30 09:35:00,2220,2225,2180,2200,550,2231.0,2308
2026-04-30 09:40:00,2200,2210,2200,2210,189,2230.11,2308
2026-04-30 09:45:00,2210,2210,2200,2205,96,2229.72,2308
2026-04-30 09:50:00,2210,2220,2200,2220,235,2228.95,2308
2026-04-30 09:55:00,2220,2220,2200,2215,146,2228.51,2308
2026-04-30 10:00:00,2210,2215,2200,2200,132,2228.07,2308
2026-04-30 10:05:00,2205,2205,2200,2205,71,2227.79,2308
2026-04-30 10:10:00,2205,2220,2200,2220,195,2227.2,2308
2026-04-30 10:15:00,2210,2225,2210,2220,121,2227.05,2308
2026-04-30 10:20:00,2220,2220,2200,2205,191,2226.52,2308
2026-04-30 10:25:00,2210,2215,2205,2210,80,2226.34,2308
2026-04-30 10:30:00,2210,2210,2195,2205,275,2225.42,2308
2026-04-30 10:35:00,2200,2210,2200,2200,37,2225.3,2308
2026-04-30 10:40:00,2200,2205,2190,2190,151,2224.72,2308
2026-04-30 10:45:00,2190,2195,2190,2190,97,2224.29,2308
2026-04-30 10:50:00,2195,2195,2185,2195,158,2223.56,2308
2026-04-30 10:55:00,2190,2200,2185,2195,94,2223.18,2308
2026-04-30 11:00:00,2195,2200,2190,2200,65,2222.94,2308
2026-04-30 11:05:00,2200,2200,2190,2200,125,2222.54,2308
2026-04-30 11:10:00,2195,2210,2195,2205,87,2222.32,2308
2026-04-30 11:15:00,2205,2210,2200,2200,64,2222.17,2308
2026-04-30 11:20:00,2200,2205,2195,2195,52,2222.01,2308
2026-04-30 11:25:00,2200,2205,2195,2200,142,2221.61,2308
2026-04-30 11:30:00,2200,2205,2195,2195,51,2221.48,2308
2026-04-30 11:35:00,2195,2210,2195,2210,132,2221.16,2308
2026-04-30 11:40:00,2210,2215,2200,2210,138,2220.95,2308
2026-04-30 11:45:00,2210,2210,2205,2210,43,2220.88,2308
2026-04-30 11:50:00,2205,2210,2205,2210,20,2220.84,2308
2026-04-30 11:55:00,2205,2210,2195,2200,266,2220.24,2308
2026-04-30 12:00:00,2200,2205,2200,2200,55,2220.12,2308
2026-04-30 12:05:00,2205,2205,2200,2200,27,2220.06,2308
2026-04-30 12:10:00,2205,2210,2200,2200,116,2219.87,2308
2026-04-30 12:15:00,2205,2205,2190,2190,151,2219.47,2308
2026-04-30 12:20:00,2190,2195,2185,2190,47,2219.32,2308
2026-04-30 12:25:00,2190,2190,2185,2185,48,2219.17,2308
2026-04-30 12:30:00,2190,2190,2175,2175,308,2217.93,2308
2026-04-30 12:35:00,2175,2180,2170,2170,125,2217.38,2308
2026-04-30 12:40:00,2170,2175,2150,2170,599,2214.2,2308
2026-04-30 12:45:00,2165,2175,2165,2170,83,2213.86,2308
2026-04-30 12:50:00,2175,2175,2165,2165,116,2213.38,2308
2026-04-30 12:55:00,2170,2175,2165,2170,85,2213.03,2308
2026-04-30 13:00:00,2165,2170,2165,2165,52,2212.81,2308
2026-04-30 13:05:00,2170,2185,2165,2185,288,2211.83,2308
2026-04-30 13:10:00,2180,2195,2180,2190,236,2211.34,2308
2026-04-30 13:15:00,2190,2190,2170,2170,147,2210.94,2308
2026-04-30 13:20:00,2170,2185,2170,2180,280,2210.13,2308
2026-04-30 13:30:00,2165,2165,2165,2165,1610,2204.7,2308
2026-05-04 09:00:00,2250,2260,2175,2175,1863,2228.56,2308
2026-05-04 09:05:00,2175,2185,2165,2175,714,2213.12,2308
2026-05-04 09:10:00,2175,2185,2160,2165,763,2203.38,2308
2026-05-04 09:15:00,2165,2165,2155,2160,553,2197.17,2308
2026-05-04 09:20:00,2160,2165,2155,2165,284,2194.73,2308
2026-05-04 09:25:00,2165,2165,2150,2150,580,2190.03,2308
2026-05-04 09:30:00,2155,2165,2150,2160,204,2188.63,2308
2026-05-04 09:35:00,2160,2165,2155,2160,196,2187.51,2308
2026-05-04 09:40:00,2160,2170,2155,2170,264,2186.3,2308
2026-05-04 09:45:00,2170,2190,2165,2185,475,2185.54,2308
2026-05-04 09:50:00,2185,2190,2165,2165,272,2185.09,2308
2026-05-04 09:55:00,2165,2185,2165,2185,116,2184.95,2308
2026-05-04 10:00:00,2185,2185,2180,2180,86,2184.9,2308
2026-05-04 10:05:00,2180,2185,2175,2180,114,2184.79,2308
2026-05-04 10:10:00,2175,2185,2175,2180,251,2184.5,2308
2026-05-04 10:15:00,2180,2180,2175,2180,54,2184.46,2308
2026-05-04 10:20:00,2175,2180,2175,2180,62,2184.4,2308
2026-05-04 10:25:00,2180,2180,2175,2180,84,2184.34,2308
2026-05-04 10:30:00,2175,2180,2175,2180,29,2184.31,2308
2026-05-04 10:35:00,2180,2180,2175,2180,41,2184.28,2308
2026-05-04 10:40:00,2180,2185,2175,2180,107,2184.22,2308
2026-05-04 10:45:00,2185,2185,2180,2185,55,2184.22,2308
2026-05-04 10:50:00,2180,2185,2180,2180,66,2184.21,2308
2026-05-04 10:55:00,2180,2190,2180,2185,159,2184.22,2308
2026-05-04 11:00:00,2185,2190,2180,2185,93,2184.23,2308
2026-05-04 11:05:00,2185,2185,2180,2185,61,2184.22,2308
2026-05-04 11:10:00,2185,2185,2180,2180,75,2184.23,2308
2026-05-04 11:15:00,2185,2190,2180,2190,107,2184.25,2308
2026-05-04 11:20:00,2190,2190,2185,2185,57,2184.28,2308
2026-05-04 11:25:00,2185,2190,2185,2190,62,2184.31,2308
2026-05-04 11:30:00,2190,2190,2180,2180,350,2184.3,2308
2026-05-04 11:35:00,2180,2180,2175,2180,97,2184.23,2308
2026-05-04 11:40:00,2175,2185,2175,2185,89,2184.18,2308
2026-05-04 11:45:00,2185,2185,2175,2180,52,2184.15,2308
2026-05-04 11:50:00,2180,2180,2175,2180,35,2184.13,2308
2026-05-04 11:55:00,2175,2180,2175,2175,30,2184.11,2308
2026-05-04 12:00:00,2180,2180,2175,2180,79,2184.07,2308
2026-05-04 12:05:00,2180,2185,2175,2185,148,2183.99,2308
2026-05-04 12:10:00,2185,2190,2180,2190,176,2184.01,2308
2026-05-04 12:15:00,2185,2200,2185,2195,401,2184.42,2308
2026-05-04 12:20:00,2200,2200,2195,2195,68,2184.51,2308
2026-05-04 12:25:00,2195,2200,2195,2200,104,2184.63,2308
2026-05-04 12:30:00,2195,2200,2195,2195,209,2184.95,2308
2026-05-04 12:35:00,2200,2210,2195,2205,246,2185.37,2308
2026-05-04 12:40:00,2210,2210,2205,2210,58,2185.5,2308
2026-05-04 12:45:00,2205,2210,2205,2205,52,2185.62,2308
2026-05-04 12:50:00,2205,2210,2205,2205,91,2185.82,2308
2026-05-04 12:55:00,2205,2210,2200,2200,79,2185.98,2308
2026-05-04 13:00:00,2205,2205,2200,2205,78,2186.09,2308
2026-05-04 13:05:00,2200,2210,2200,2205,158,2186.37,2308
2026-05-04 13:10:00,2205,2210,2205,2205,107,2186.6,2308
2026-05-04 13:15:00,2205,2210,2205,2210,134,2186.87,2308
2026-05-04 13:20:00,2210,2230,2205,2230,531,2188.38,2308
2026-05-04 13:30:00,2220,2220,2220,2220,533,2189.81,2308
2026-05-05 09:00:00,2185,2195,2170,2185,1055,2183.36,2308
2026-05-05 09:05:00,2185,2195,2180,2185,400,2184.42,2308
2026-05-05 09:10:00,2185,2185,2180,2180,196,2184.07,2308
2026-05-05 09:15:00,2180,2185,2180,2185,130,2184.03,2308
2026-05-05 09:20:00,2185,2185,2170,2170,453,2182.56,2308
2026-05-05 09:25:00,2170,2175,2160,2160,604,2179.62,2308
2026-05-05 09:30:00,2165,2165,2150,2155,755,2174.7,2308
2026-05-05 09:35:00,2155,2160,2150,2155,354,2172.85,2308
2026-05-05 09:40:00,2155,2155,2150,2155,124,2172.25,2308
2026-05-05 09:45:00,2150,2155,2145,2145,537,2169.51,2308
2026-05-05 09:50:00,2145,2155,2145,2155,151,2168.88,2308
2026-05-05 09:55:00,2155,2160,2150,2155,93,2168.58,2308
2026-05-05 10:00:00,2160,2160,2155,2160,126,2168.3,2308
2026-05-05 10:05:00,2155,2160,2155,2155,55,2168.17,2308
2026-05-05 10:10:00,2155,2160,2155,2160,103,2167.99,2308
2026-05-05 10:15:00,2160,2165,2155,2165,118,2167.81,2308
2026-05-05 10:20:00,2160,2165,2160,2165,41,2167.77,2308
2026-05-05 10:25:00,2165,2170,2160,2170,108,2167.72,2308
2026-05-05 10:30:00,2165,2170,2165,2170,34,2167.72,2308
2026-05-05 10:35:00,2165,2175,2165,2175,116,2167.81,2308
2026-05-05 10:40:00,2175,2175,2165,2170,126,2167.89,2308
2026-05-05 10:45:00,2165,2170,2160,2165,123,2167.81,2308
2026-05-05 10:50:00,2165,2165,2160,2160,44,2167.76,2308
2026-05-05 10:55:00,2160,2165,2155,2160,116,2167.62,2308
2026-05-05 11:00:00,2160,2160,2155,2160,21,2167.59,2308
2026-05-05 11:05:00,2160,2160,2155,2155,42,2167.52,2308
2026-05-05 11:10:00,2155,2160,2155,2160,42,2167.45,2308
2026-05-05 11:15:00,2155,2165,2155,2165,175,2167.25,2308
2026-05-05 11:20:00,2160,2170,2160,2165,124,2167.2,2308
2026-05-05 11:25:00,2165,2170,2160,2165,95,2167.16,2308
2026-05-05 11:30:00,2165,2165,2160,2165,42,2167.13,2308
2026-05-05 11:35:00,2165,2165,2160,2165,73,2167.08,2308
2026-05-05 11:40:00,2160,2165,2160,2165,34,2167.07,2308
2026-05-05 11:45:00,2165,2175,2160,2170,201,2167.07,2308
2026-05-05 11:50:00,2170,2175,2170,2170,60,2167.11,2308
2026-05-05 11:55:00,2170,2175,2170,2170,43,2167.14,2308
2026-05-05 12:00:00,2175,2175,2170,2175,38,2167.16,2308
2026-05-05 12:05:00,2175,2175,2170,2170,71,2167.21,2308
2026-05-05 12:10:00,2175,2175,2170,2175,26,2167.23,2308
2026-05-05 12:15:00,2175,2180,2170,2180,180,2167.46,2308
2026-05-05 12:20:00,2180,2185,2180,2185,244,2167.97,2308
2026-05-05 12:25:00,2185,2185,2180,2180,107,2168.16,2308
2026-05-05 12:30:00,2180,2180,2170,2175,167,2168.29,2308
2026-05-05 12:35:00,2175,2180,2170,2180,65,2168.34,2308
2026-05-05 12:40:00,2180,2180,2175,2180,43,2168.4,2308
2026-05-05 12:45:00,2180,2180,2175,2180,72,2168.5,2308
2026-05-05 12:50:00,2180,2180,2175,2180,72,2168.6,2308
2026-05-05 12:55:00,2180,2180,2175,2180,69,2168.7,2308
2026-05-05 13:00:00,2180,2180,2175,2180,89,2168.81,2308
2026-05-05 13:05:00,2175,2180,2175,2180,111,2168.96,2308
2026-05-05 13:10:00,2180,2185,2180,2185,213,2169.26,2308
2026-05-05 13:15:00,2185,2185,2175,2180,168,2169.45,2308
2026-05-05 13:20:00,2180,2180,2175,2175,185,2169.63,2308
2026-05-05 13:30:00,2165,2165,2165,2165,570,2169.35,2308
2026-05-06 09:00:00,2215,2270,2210,2270,2319,2236.85,2308
2026-05-06 09:05:00,2270,2270,2225,2225,558,2238.49,2308
2026-05-06 09:10:00,2230,2250,2225,2250,384,2238.64,2308
2026-05-06 09:15:00,2250,2250,2235,2235,226,2238.72,2308
2026-05-06 09:20:00,2235,2235,2220,2230,267,2238.0,2308
2026-05-06 09:25:00,2225,2235,2225,2230,144,2237.71,2308
2026-05-06 09:30:00,2230,2235,2220,2230,237,2237.16,2308
2026-05-06 09:35:00,2230,2235,2215,2220,233,2236.37,2308
2026-05-06 09:40:00,2220,2220,2195,2215,671,2232.27,2308
2026-05-06 09:45:00,2210,2210,2190,2200,309,2230.34,2308
2026-05-06 09:50:00,2195,2195,2180,2180,307,2227.94,2308
2026-05-06 09:55:00,2180,2200,2180,2185,372,2225.64,2308
2026-05-06 10:00:00,2190,2195,2180,2185,205,2224.35,2308
2026-05-06 10:05:00,2185,2190,2170,2190,314,2222.21,2308
2026-05-06 10:10:00,2185,2195,2180,2180,240,2221.02,2308
2026-05-06 10:15:00,2180,2190,2180,2185,64,2220.68,2308
2026-05-06 10:20:00,2185,2190,2180,2190,111,2220.12,2308
2026-05-06 10:25:00,2190,2190,2180,2185,61,2219.8,2308
2026-05-06 10:30:00,2180,2190,2175,2185,142,2219.08,2308
2026-05-06 10:35:00,2185,2185,2180,2180,104,2218.55,2308
2026-05-06 10:40:00,2180,2190,2180,2185,81,2218.18,2308
2026-05-06 10:45:00,2180,2185,2180,2180,53,2217.92,2308
2026-05-06 10:50:00,2185,2185,2175,2180,105,2217.37,2308
2026-05-06 10:55:00,2175,2180,2170,2170,132,2216.62,2308
2026-05-06 11:00:00,2170,2175,2150,2150,515,2213.29,2308
2026-05-06 11:05:00,2150,2170,2150,2170,202,2211.93,2308
2026-05-06 11:10:00,2165,2170,2165,2170,85,2211.49,2308
2026-05-06 11:15:00,2165,2175,2165,2175,59,2211.21,2308
2026-05-06 11:20:00,2170,2175,2170,2175,80,2210.84,2308
2026-05-06 11:25:00,2170,2180,2170,2175,101,2210.42,2308
2026-05-06 11:30:00,2180,2185,2175,2180,132,2209.97,2308
2026-05-06 11:35:00,2175,2180,2170,2170,98,2209.58,2308
2026-05-06 11:40:00,2175,2180,2170,2175,113,2209.15,2308
2026-05-06 11:45:00,2180,2180,2175,2180,39,2209.01,2308
2026-05-06 11:50:00,2180,2180,2175,2180,128,2208.6,2308
2026-05-06 11:55:00,2180,2185,2175,2180,233,2207.89,2308
2026-05-06 12:00:00,2180,2180,2175,2175,97,2207.57,2308
2026-05-06 12:05:00,2180,2180,2175,2180,112,2207.24,2308
2026-05-06 12:10:00,2180,2185,2175,2185,76,2207.05,2308
2026-05-06 12:15:00,2180,2185,2180,2180,70,2206.88,2308
2026-05-06 12:20:00,2185,2185,2175,2180,217,2206.32,2308
2026-05-06 12:25:00,2180,2180,2175,2175,64,2206.14,2308
2026-05-06 12:30:00,2180,2190,2175,2190,274,2205.54,2308
2026-05-06 12:35:00,2190,2195,2185,2195,167,2205.29,2308
2026-05-06 12:40:00,2195,2200,2190,2195,279,2205.01,2308
2026-05-06 12:45:00,2195,2215,2190,2205,465,2204.94,2308
2026-05-06 12:50:00,2205,2215,2205,2215,164,2205.07,2308
2026-05-06 12:55:00,2215,2215,2205,2210,251,2205.17,2308
2026-05-06 13:00:00,2205,2210,2190,2195,237,2205.08,2308
2026-05-06 13:05:00,2200,2205,2195,2205,239,2204.97,2308
2026-05-06 13:10:00,2200,2215,2200,2215,247,2205.11,2308
2026-05-06 13:15:00,2210,2220,2210,2215,302,2205.32,2308
2026-05-06 13:20:00,2215,2220,2215,2215,404,2205.73,2308
2026-05-06 13:30:00,2210,2210,2210,2210,1231,2206.1,2308
2026-05-07 09:00:00,2275,2285,2250,2275,2189,2275.13,2308
2026-05-07 09:05:00,2275,2300,2275,2280,1179,2279.22,2308
2026-05-07 09:10:00,2285,2290,2280,2285,447,2279.87,2308
2026-05-07 09:15:00,2285,2295,2280,2295,274,2280.34,2308
2026-05-07 09:20:00,2295,2295,2280,2285,195,2280.73,2308
2026-05-07 09:25:00,2285,2290,2280,2285,271,2280.92,2308
2026-05-07 09:30:00,2285,2295,2285,2290,208,2281.27,2308
2026-05-07 09:35:00,2295,2330,2290,2330,1430,2287.04,2308
2026-05-07 09:40:00,2330,2345,2325,2345,566,2290.71,2308
2026-05-07 09:45:00,2345,2370,2340,2370,494,2295.14,2308
2026-05-07 09:50:00,2370,2370,2340,2350,357,2297.98,2308
2026-05-07 09:55:00,2350,2350,2335,2340,224,2299.23,2308
2026-05-07 10:00:00,2345,2350,2330,2330,199,2300.29,2308
2026-05-07 10:05:00,2335,2350,2330,2350,185,2301.25,2308
2026-05-07 10:10:00,2350,2350,2335,2340,219,2302.41,2308
2026-05-07 10:15:00,2340,2340,2330,2335,110,2302.83,2308
2026-05-07 10:20:00,2340,2345,2335,2340,112,2303.31,2308
2026-05-07 10:25:00,2345,2350,2335,2340,168,2304.07,2308
2026-05-07 10:30:00,2345,2345,2330,2330,94,2304.42,2308
2026-05-07 10:35:00,2335,2335,2320,2330,222,2304.96,2308
2026-05-07 10:40:00,2325,2325,2320,2320,99,2305.14,2308
2026-05-07 10:45:00,2325,2325,2320,2320,66,2305.27,2308
2026-05-07 10:50:00,2325,2330,2320,2320,205,2305.64,2308
2026-05-07 10:55:00,2320,2325,2320,2320,83,2305.77,2308
2026-05-07 11:00:00,2325,2325,2300,2300,237,2305.91,2308
2026-05-07 11:05:00,2305,2305,2295,2300,214,2305.77,2308
2026-05-07 11:10:00,2295,2300,2290,2290,122,2305.65,2308
2026-05-07 11:15:00,2290,2310,2290,2310,190,2305.55,2308
2026-05-07 11:20:00,2310,2315,2305,2315,129,2305.6,2308
2026-05-07 11:25:00,2315,2320,2310,2310,121,2305.7,2308
2026-05-07 11:30:00,2315,2315,2305,2310,71,2305.73,2308
2026-05-07 11:35:00,2310,2310,2300,2310,70,2305.72,2308
2026-05-07 11:40:00,2305,2310,2300,2305,72,2305.71,2308
2026-05-07 11:45:00,2305,2310,2300,2300,82,2305.69,2308
2026-05-07 11:50:00,2300,2305,2295,2295,155,2305.6,2308
2026-05-07 11:55:00,2295,2305,2295,2305,103,2305.56,2308
2026-05-07 12:00:00,2305,2305,2295,2295,63,2305.53,2308
2026-05-07 12:05:00,2300,2300,2295,2295,46,2305.49,2308
2026-05-07 12:10:00,2295,2300,2290,2290,80,2305.4,2308
2026-05-07 12:15:00,2290,2295,2285,2285,130,2305.21,2308
2026-05-07 12:20:00,2285,2290,2280,2285,113,2305.01,2308
2026-05-07 12:25:00,2285,2290,2285,2285,72,2304.89,2308
2026-05-07 12:30:00,2285,2300,2285,2290,170,2304.7,2308
2026-05-07 12:35:00,2290,2295,2290,2290,45,2304.65,2308
2026-05-07 12:40:00,2295,2295,2290,2295,85,2304.57,2308
2026-05-07 12:45:00,2295,2305,2290,2305,143,2304.47,2308
2026-05-07 12:50:00,2300,2305,2300,2300,58,2304.46,2308
2026-05-07 12:55:00,2305,2305,2300,2305,83,2304.45,2308
2026-05-07 13:00:00,2305,2305,2300,2305,86,2304.43,2308
2026-05-07 13:05:00,2305,2305,2300,2305,99,2304.42,2308
2026-05-07 13:10:00,2300,2305,2300,2300,136,2304.41,2308
2026-05-07 13:15:00,2305,2305,2300,2305,147,2304.4,2308
2026-05-07 13:20:00,2300,2310,2295,2305,313,2304.38,2308
2026-05-07 13:30:00,2280,2280,2280,2280,1725,2301.53,2308
2026-05-08 09:00:00,2230,2245,2225,2235,1201,2232.7,2308
2026-05-08 09:05:00,2240,2245,2225,2230,637,2232.48,2308
2026-05-08 09:10:00,2235,2245,2230,2245,213,2232.87,2308
2026-05-08 09:15:00,2240,2245,2235,2245,368,2234.09,2308
2026-05-08 09:20:00,2245,2250,2240,2240,97,2234.5,2308
2026-05-08 09:25:00,2240,2245,2235,2240,175,2234.88,2308
2026-05-08 09:30:00,2240,2245,2240,2240,50,2235.0,2308
2026-05-08 09:35:00,2245,2245,2240,2245,78,2235.18,2308
2026-05-08 09:40:00,2245,2245,2230,2230,272,2235.25,2308
2026-05-08 09:45:00,2230,2240,2230,2240,152,2235.19,2308
2026-05-08 09:50:00,2240,2240,2230,2230,190,2235.1,2308
2026-05-08 09:55:00,2230,2235,2225,2230,176,2234.8,2308
2026-05-08 10:00:00,2230,2230,2220,2220,281,2234.15,2308
2026-05-08 10:05:00,2220,2225,2210,2210,506,2232.11,2308
2026-05-08 10:10:00,2210,2215,2205,2205,228,2231.03,2308
2026-05-08 10:15:00,2205,2210,2180,2185,663,2226.69,2308
2026-05-08 10:20:00,2180,2190,2170,2180,489,2222.74,2308
2026-05-08 10:25:00,2180,2190,2180,2185,184,2221.57,2308
2026-05-08 10:30:00,2185,2200,2180,2200,186,2220.53,2308
2026-05-08 10:35:00,2200,2200,2185,2190,163,2219.81,2308
2026-05-08 10:40:00,2185,2195,2185,2190,50,2219.59,2308
2026-05-08 10:45:00,2190,2200,2190,2200,79,2219.31,2308
2026-05-08 10:50:00,2200,2205,2195,2205,154,2218.85,2308
2026-05-08 10:55:00,2205,2205,2200,2205,95,2218.63,2308
2026-05-08 11:00:00,2205,2205,2195,2200,110,2218.34,2308
2026-05-08 11:05:00,2200,2200,2195,2195,31,2218.26,2308
2026-05-08 11:10:00,2195,2205,2195,2205,92,2218.03,2308
2026-05-08 11:15:00,2200,2205,2195,2200,96,2217.78,2308
2026-05-08 11:20:00,2200,2205,2195,2205,129,2217.49,2308
2026-05-08 11:25:00,2205,2210,2200,2200,127,2217.25,2308
2026-05-08 11:30:00,2205,2205,2200,2205,34,2217.18,2308
2026-05-08 11:35:00,2205,2205,2200,2205,38,2217.1,2308
2026-05-08 11:40:00,2205,2205,2200,2200,27,2217.05,2308
2026-05-08 11:45:00,2200,2205,2200,2205,33,2216.99,2308
2026-05-08 11:50:00,2200,2205,2200,2200,102,2216.77,2308
2026-05-08 11:55:00,2200,2205,2200,2200,39,2216.69,2308
2026-05-08 12:00:00,2200,2205,2200,2200,49,2216.6,2308
2026-05-08 12:05:00,2205,2205,2200,2205,58,2216.5,2308
2026-05-08 12:10:00,2200,2220,2200,2220,313,2216.25,2308
2026-05-08 12:15:00,2220,2225,2215,2220,75,2216.28,2308
2026-05-08 12:20:00,2215,2220,2215,2220,39,2216.3,2308
2026-05-08 12:25:00,2220,2220,2215,2215,46,2216.31,2308
2026-05-08 12:30:00,2220,2220,2215,2220,50,2216.32,2308
2026-05-08 12:35:00,2220,2220,2205,2210,183,2216.28,2308
2026-05-08 12:40:00,2205,2210,2205,2205,69,2216.21,2308
2026-05-08 12:45:00,2205,2210,2205,2210,128,2216.07,2308
2026-05-08 12:50:00,2205,2215,2205,2215,122,2215.99,2308
2026-05-08 12:55:00,2215,2215,2210,2215,79,2215.98,2308
2026-05-08 13:00:00,2215,2220,2210,2210,122,2215.98,2308
2026-05-08 13:05:00,2210,2215,2210,2210,87,2215.95,2308
2026-05-08 13:10:00,2210,2215,2205,2210,146,2215.84,2308
2026-05-08 13:15:00,2210,2210,2205,2205,122,2215.74,2308
2026-05-08 13:20:00,2205,2215,2205,2210,237,2215.59,2308
2026-05-08 13:30:00,2200,2200,2200,2200,891,2214.25,2308
2026-05-11 09:00:00,2215,2245,2205,2245,1040,2221.74,2308
2026-05-11 09:05:00,2240,2245,2215,2235,380,2223.72,2308
2026-05-11 09:10:00,2230,2235,2220,2225,195,2224.25,2308
2026-05-11 09:15:00,2225,2230,2215,2220,165,2224.12,2308
2026-05-11 09:20:00,2220,2225,2215,2215,109,2223.86,2308
2026-05-11 09:25:00,2215,2230,2215,2230,89,2223.85,2308
2026-05-11 09:30:00,2230,2245,2225,2240,291,2225.9,2308
2026-05-11 09:35:00,2235,2240,2230,2235,62,2226.11,2308
2026-05-11 09:40:00,2235,2235,2230,2230,130,2226.43,2308
2026-05-11 09:45:00,2230,2250,2230,2245,245,2227.95,2308
2026-05-11 09:50:00,2245,2255,2245,2255,290,2230.22,2308
2026-05-11 09:55:00,2255,2255,2240,2240,130,2230.91,2308
2026-05-11 10:00:00,2240,2245,2240,2240,29,2231.0,2308
2026-05-11 10:05:00,2240,2245,2235,2235,113,2231.29,2308
2026-05-11 10:10:00,2235,2240,2230,2230,111,2231.33,2308
2026-05-11 10:15:00,2230,2230,2225,2225,65,2231.3,2308
2026-05-11 10:20:00,2225,2235,2225,2230,87,2231.25,2308
2026-05-11 10:25:00,2235,2240,2235,2235,44,2231.3,2308
2026-05-11 10:30:00,2235,2240,2235,2235,32,2231.35,2308
2026-05-11 10:35:00,2240,2255,2240,2250,199,2232.15,2308
2026-05-11 10:40:00,2255,2260,2250,2260,161,2233.07,2308
2026-05-11 10:45:00,2260,2270,2255,2260,225,2234.63,2308
2026-05-11 10:50:00,2260,2265,2255,2260,158,2235.51,2308
2026-05-11 10:55:00,2255,2260,2255,2255,46,2235.73,2308
2026-05-11 11:00:00,2255,2260,2255,2255,80,2236.1,2308
2026-05-11 11:05:00,2255,2260,2250,2255,88,2236.47,2308
2026-05-11 11:10:00,2250,2260,2250,2255,95,2236.85,2308
2026-05-11 11:15:00,2255,2255,2250,2255,66,2237.09,2308
2026-05-11 11:20:00,2255,2255,2250,2250,59,2237.29,2308
2026-05-11 11:25:00,2255,2260,2250,2255,93,2237.65,2308
2026-05-11 11:30:00,2260,2260,2255,2255,43,2237.82,2308
2026-05-11 11:35:00,2260,2260,2245,2245,235,2238.47,2308
2026-05-11 11:40:00,2245,2250,2245,2245,24,2238.52,2308
2026-05-11 11:45:00,2250,2250,2245,2250,37,2238.58,2308
2026-05-11 11:50:00,2250,2250,2245,2250,70,2238.72,2308
2026-05-11 11:55:00,2245,2255,2245,2255,68,2238.86,2308
2026-05-11 12:00:00,2250,2255,2245,2255,54,2238.98,2308
2026-05-11 12:05:00,2255,2255,2245,2245,57,2239.11,2308
2026-05-11 12:10:00,2250,2255,2245,2255,61,2239.24,2308
2026-05-11 12:15:00,2255,2260,2250,2255,97,2239.52,2308
2026-05-11 12:20:00,2255,2260,2250,2255,123,2239.85,2308
2026-05-11 12:25:00,2255,2255,2250,2255,59,2239.99,2308
2026-05-11 12:30:00,2255,2260,2250,2260,86,2240.27,2308
2026-05-11 12:35:00,2260,2260,2255,2255,62,2240.47,2308
2026-05-11 12:40:00,2260,2260,2255,2260,66,2240.68,2308
2026-05-11 12:45:00,2260,2260,2255,2255,98,2240.95,2308
2026-05-11 12:50:00,2260,2260,2255,2260,73,2241.15,2308
2026-05-11 12:55:00,2260,2260,2255,2260,76,2241.38,2308
2026-05-11 13:00:00,2260,2260,2255,2260,183,2241.84,2308
2026-05-11 13:05:00,2255,2260,2245,2245,370,2242.38,2308
2026-05-11 13:10:00,2245,2250,2235,2235,183,2242.33,2308
2026-05-11 13:15:00,2240,2250,2235,2245,342,2242.39,2308
2026-05-11 13:20:00,2240,2260,2240,2260,314,2242.77,2308
2026-05-11 13:30:00,2245,2245,2245,2245,1115,2243.05,2308
2026-05-12 09:00:00,2225,2250,2220,2240,1043,2232.9,2308
2026-05-12 09:05:00,2240,2260,2230,2255,497,2236.5,2308
2026-05-12 09:10:00,2250,2260,2245,2245,219,2238.53,2308
2026-05-12 09:15:00,2245,2245,2230,2235,300,2238.12,2308
2026-05-12 09:20:00,2235,2240,2225,2225,289,2237.25,2308
2026-05-12 09:25:00,2230,2230,2205,2215,666,2232.51,2308
2026-05-12 09:30:00,2215,2215,2205,2205,214,2230.94,2308
2026-05-12 09:35:00,2205,2210,2190,2190,538,2226.31,2308
2026-05-12 09:40:00,2195,2210,2190,2205,363,2223.85,2308
2026-05-12 09:45:00,2210,2215,2205,2210,155,2223.36,2308
2026-05-12 09:50:00,2205,2210,2195,2195,174,2222.51,2308
2026-05-12 09:55:00,2195,2205,2195,2200,265,2221.24,2308
2026-05-12 10:00:00,2205,2205,2195,2195,186,2220.4,2308
2026-05-12 10:05:00,2195,2200,2195,2195,104,2219.9,2308
2026-05-12 10:10:00,2200,2205,2195,2205,203,2219.11,2308
2026-05-12 10:15:00,2200,2215,2200,2215,172,2218.66,2308
2026-05-12 10:20:00,2210,2220,2210,2210,125,2218.56,2308
2026-05-12 10:25:00,2210,2215,2200,2200,137,2218.31,2308
2026-05-12 10:30:00,2200,2205,2200,2200,47,2218.17,2308
2026-05-12 10:35:00,2200,2205,2200,2200,70,2217.96,2308
2026-05-12 10:40:00,2200,2205,2200,2200,67,2217.77,2308
2026-05-12 10:45:00,2200,2205,2200,2200,61,2217.61,2308
2026-05-12 10:50:00,2200,2215,2200,2210,267,2217.21,2308
2026-05-12 10:55:00,2210,2210,2200,2205,99,2217.04,2308
2026-05-12 11:00:00,2205,2215,2205,2215,103,2216.91,2308
2026-05-12 11:05:00,2215,2215,2210,2215,60,2216.87,2308
2026-05-12 11:10:00,2210,2215,2205,2210,139,2216.74,2308
2026-05-12 11:15:00,2210,2215,2205,2210,103,2216.64,2308
2026-05-12 11:20:00,2205,2210,2205,2205,53,2216.56,2308
2026-05-12 11:25:00,2205,2210,2200,2205,109,2216.38,2308
2026-05-12 11:30:00,2205,2210,2200,2205,100,2216.24,2308
2026-05-12 11:35:00,2205,2210,2205,2205,43,2216.18,2308
2026-05-12 11:40:00,2205,2210,2205,2205,59,2216.11,2308
2026-05-12 11:45:00,2205,2210,2205,2205,65,2216.03,2308
2026-05-12 11:50:00,2205,2210,2200,2205,136,2215.82,2308
2026-05-12 11:55:00,2200,2205,2200,2200,97,2215.64,2308
2026-05-12 12:00:00,2205,2205,2200,2200,78,2215.51,2308
2026-05-12 12:05:00,2205,2205,2200,2200,92,2215.35,2308
2026-05-12 12:10:00,2205,2205,2200,2200,108,2215.15,2308
2026-05-12 12:15:00,2205,2205,2200,2200,124,2214.93,2308
2026-05-12 12:20:00,2200,2205,2200,2200,102,2214.76,2308
2026-05-12 12:25:00,2200,2210,2200,2210,283,2214.46,2308
2026-05-12 12:30:00,2210,2210,2205,2205,81,2214.4,2308
2026-05-12 12:35:00,2210,2210,2200,2205,324,2214.04,2308
2026-05-12 12:40:00,2205,2210,2205,2205,88,2213.98,2308
2026-05-12 12:45:00,2210,2210,2205,2205,85,2213.92,2308
2026-05-12 12:50:00,2205,2210,2205,2210,115,2213.82,2308
2026-05-12 12:55:00,2210,2210,2200,2200,235,2213.55,2308
2026-05-12 13:00:00,2200,2205,2200,2205,292,2213.18,2308
2026-05-12 13:05:00,2200,2205,2195,2205,272,2212.82,2308
2026-05-12 13:10:00,2200,2205,2195,2195,206,2212.59,2308
2026-05-12 13:15:00,2200,2200,2195,2195,206,2212.28,2308
2026-05-12 13:20:00,2195,2205,2195,2195,370,2211.77,2308
2026-05-12 13:30:00,2195,2195,2195,2195,1499,2209.65,2308
2026-05-13 09:00:00,2160,2170,2150,2160,806,2160.07,2308
2026-05-13 09:05:00,2165,2165,2145,2150,528,2156.92,2308
2026-05-13 09:10:00,2150,2165,2150,2160,198,2157.12,2308
2026-05-13 09:15:00,2160,2165,2150,2155,208,2157.03,2308
2026-05-13 09:20:00,2150,2155,2150,2155,117,2156.68,2308
2026-05-13 09:25:00,2150,2155,2145,2150,189,2155.96,2308
2026-05-13 09:30:00,2155,2165,2155,2165,161,2156.17,2308
2026-05-13 09:35:00,2165,2175,2165,2175,138,2157.14,2308
2026-05-13 09:40:00,2175,2175,2165,2170,78,2157.56,2308
2026-05-13 09:45:00,2170,2175,2165,2175,156,2158.44,2308
2026-05-13 09:50:00,2175,2180,2170,2170,70,2158.89,2308
2026-05-13 09:55:00,2170,2170,2160,2160,76,2159.06,2308
2026-05-13 10:00:00,2160,2170,2160,2170,76,2159.23,2308
2026-05-13 10:05:00,2165,2170,2155,2155,101,2159.33,2308
2026-05-13 10:10:00,2155,2160,2150,2150,69,2159.26,2308
2026-05-13 10:15:00,2155,2155,2150,2155,77,2159.11,2308
2026-05-13 10:20:00,2150,2155,2150,2155,61,2158.98,2308
2026-05-13 10:25:00,2150,2155,2150,2150,60,2158.84,2308
2026-05-13 10:30:00,2155,2160,2150,2155,91,2158.73,2308
2026-05-13 10:35:00,2155,2160,2150,2150,78,2158.6,2308
2026-05-13 10:40:00,2150,2155,2145,2145,103,2158.3,2308
2026-05-13 10:45:00,2145,2155,2140,2150,346,2157.2,2308
2026-05-13 10:50:00,2150,2155,2150,2150,41,2157.12,2308
2026-05-13 10:55:00,2155,2155,2150,2150,41,2157.05,2308
2026-05-13 11:00:00,2150,2155,2145,2145,62,2156.91,2308
2026-05-13 11:05:00,2145,2150,2145,2145,79,2156.74,2308
2026-05-13 11:10:00,2150,2150,2145,2150,49,2156.64,2308
2026-05-13 11:15:00,2150,2160,2145,2155,168,2156.48,2308
2026-05-13 11:20:00,2155,2160,2150,2155,38,2156.47,2308
2026-05-13 11:25:00,2155,2165,2155,2160,85,2156.53,2308
2026-05-13 11:30:00,2160,2165,2155,2160,112,2156.6,2308
2026-05-13 11:35:00,2165,2165,2160,2160,32,2156.63,2308
2026-05-13 11:40:00,2160,2170,2160,2165,99,2156.8,2308
2026-05-13 11:45:00,2170,2170,2160,2160,53,2156.9,2308
2026-05-13 11:50:00,2160,2170,2160,2165,56,2156.98,2308
2026-05-13 11:55:00,2160,2165,2160,2160,28,2157.0,2308
2026-05-13 12:00:00,2160,2170,2160,2170,73,2157.11,2308
2026-05-13 12:05:00,2170,2170,2165,2165,21,2157.15,2308
2026-05-13 12:10:00,2165,2165,2160,2160,56,2157.22,2308
2026-05-13 12:15:00,2165,2165,2160,2160,42,2157.26,2308
2026-05-13 12:20:00,2165,2165,2160,2160,44,2157.3,2308
2026-05-13 12:25:00,2165,2170,2160,2160,96,2157.42,2308
2026-05-13 12:30:00,2165,2170,2160,2170,46,2157.5,2308
2026-05-13 12:35:00,2170,2170,2165,2165,33,2157.56,2308
2026-05-13 12:40:00,2170,2170,2160,2165,114,2157.73,2308
2026-05-13 12:45:00,2165,2170,2165,2165,56,2157.82,2308
2026-05-13 12:50:00,2170,2170,2165,2170,95,2157.98,2308
2026-05-13 12:55:00,2170,2175,2170,2175,141,2158.33,2308
2026-05-13 13:00:00,2175,2180,2170,2175,96,2158.6,2308
2026-05-13 13:05:00,2180,2185,2175,2180,155,2159.18,2308
2026-05-13 13:10:00,2180,2185,2175,2180,84,2159.47,2308
2026-05-13 13:15:00,2185,2185,2180,2185,70,2159.74,2308
2026-05-13 13:20:00,2180,2185,2175,2185,135,2160.22,2308
2026-05-13 13:30:00,2165,2165,2165,2165,811,2160.78,2308
2026-05-14 09:00:00,2210,2250,2210,2245,1030,2227.32,2308
2026-05-14 09:05:00,2250,2250,2235,2235,245,2229.85,2308
2026-05-14 09:10:00,2235,2240,2230,2240,152,2230.44,2308
2026-05-14 09:15:00,2235,2240,2215,2215,154,2230.07,2308
2026-05-14 09:20:00,2215,2225,2210,2215,195,2228.79,2308
2026-05-14 09:25:00,2215,2215,2210,2210,87,2228.07,2308
2026-05-14 09:30:00,2210,2215,2200,2200,174,2226.33,2308
2026-05-14 09:35:00,2205,2205,2190,2190,224,2223.46,2308
2026-05-14 09:40:00,2195,2200,2190,2190,123,2222.04,2308
2026-05-14 09:45:00,2190,2190,2175,2180,232,2218.36,2308
2026-05-14 09:50:00,2185,2185,2180,2185,74,2217.37,2308
2026-05-14 09:55:00,2185,2185,2175,2175,74,2216.35,2308
2026-05-14 10:00:00,2175,2180,2175,2180,62,2215.49,2308
2026-05-14 10:05:00,2175,2195,2175,2185,154,2213.91,2308
2026-05-14 10:10:00,2185,2190,2185,2190,38,2213.56,2308
2026-05-14 10:15:00,2185,2190,2180,2180,89,2212.72,2308
2026-05-14 10:20:00,2180,2185,2175,2185,96,2211.72,2308
2026-05-14 10:25:00,2185,2190,2180,2185,100,2210.91,2308
2026-05-14 10:30:00,2185,2185,2175,2180,81,2210.18,2308
2026-05-14 10:35:00,2180,2185,2175,2175,67,2209.57,2308
2026-05-14 10:40:00,2175,2180,2175,2175,39,2209.2,2308
2026-05-14 10:45:00,2175,2180,2170,2170,103,2208.22,2308
2026-05-14 10:50:00,2170,2180,2165,2175,160,2206.63,2308
2026-05-14 10:55:00,2175,2175,2165,2170,76,2205.92,2308
2026-05-14 11:00:00,2170,2175,2165,2175,77,2205.2,2308
2026-05-14 11:05:00,2165,2180,2165,2175,140,2204.08,2308
2026-05-14 11:10:00,2180,2180,2170,2170,117,2203.27,2308
2026-05-14 11:15:00,2175,2175,2165,2170,89,2202.57,2308
2026-05-14 11:20:00,2175,2175,2170,2170,32,2202.34,2308
2026-05-14 11:25:00,2170,2175,2170,2170,54,2201.96,2308
2026-05-14 11:30:00,2175,2175,2170,2170,42,2201.66,2308
2026-05-14 11:35:00,2170,2190,2170,2190,206,2200.74,2308
2026-05-14 11:40:00,2185,2190,2175,2180,142,2200.17,2308
2026-05-14 11:45:00,2180,2180,2170,2170,27,2200.02,2308
2026-05-14 11:50:00,2170,2175,2170,2170,47,2199.73,2308
2026-05-14 11:55:00,2170,2175,2170,2170,30,2199.55,2308
2026-05-14 12:00:00,2175,2180,2170,2170,38,2199.34,2308
2026-05-14 12:05:00,2170,2175,2170,2170,31,2199.17,2308
2026-05-14 12:10:00,2170,2180,2170,2175,39,2198.96,2308
2026-05-14 12:15:00,2175,2180,2170,2170,34,2198.79,2308
2026-05-14 12:20:00,2170,2180,2170,2175,46,2198.56,2308
2026-05-14 12:25:00,2180,2180,2175,2180,33,2198.41,2308
2026-05-14 12:30:00,2175,2180,2170,2175,42,2198.22,2308
2026-05-14 12:35:00,2180,2180,2175,2175,60,2197.95,2308
2026-05-14 12:40:00,2175,2180,2170,2170,101,2197.51,2308
2026-05-14 12:45:00,2170,2175,2170,2170,47,2197.29,2308
2026-05-14 12:50:00,2170,2175,2170,2170,33,2197.13,2308
2026-05-14 12:55:00,2170,2175,2170,2170,72,2196.79,2308
2026-05-14 13:00:00,2175,2175,2165,2170,217,2195.76,2308
2026-05-14 13:05:00,2165,2170,2165,2165,57,2195.46,2308
2026-05-14 13:10:00,2165,2170,2165,2165,76,2195.08,2308
2026-05-14 13:15:00,2170,2170,2160,2165,250,2193.77,2308
2026-05-14 13:20:00,2165,2165,2160,2165,213,2192.72,2308
2026-05-14 13:30:00,2155,2155,2155,2155,624,2189.28,2308
2026-05-15 09:00:00,2185,2195,2175,2185,484,2186.08,2308
2026-05-15 09:05:00,2180,2190,2155,2155,473,2177.62,2308
2026-05-15 09:10:00,2160,2170,2155,2170,149,2175.9,2308
2026-05-15 09:15:00,2170,2175,2160,2165,129,2175.2,2308
2026-05-15 09:20:00,2160,2165,2155,2160,129,2173.6,2308
2026-05-15 09:25:00,2160,2165,2150,2150,198,2171.5,2308
2026-05-15 09:30:00,2150,2155,2150,2155,131,2170.06,2308
2026-05-15 09:35:00,2155,2160,2150,2155,111,2169.17,2308
2026-05-15 09:40:00,2160,2160,2140,2145,204,2166.8,2308
2026-05-15 09:45:00,2140,2150,2130,2130,303,2163.57,2308
2026-05-15 09:50:00,2130,2135,2120,2125,248,2160.06,2308
2026-05-15 09:55:00,2130,2130,2110,2115,204,2157.07,2308
2026-05-15 10:00:00,2115,2120,2110,2115,150,2154.91,2308
2026-05-15 10:05:00,2115,2120,2110,2110,128,2153.21,2308
2026-05-15 10:10:00,2115,2120,2110,2120,194,2150.75,2308
2026-05-15 10:15:00,2120,2125,2115,2115,89,2149.86,2308
2026-05-15 10:20:00,2115,2125,2110,2120,115,2148.78,2308
2026-05-15 10:25:00,2125,2125,2115,2115,87,2148.07,2308
2026-05-15 10:30:00,2115,2120,2105,2105,238,2145.72,2308
2026-05-15 10:35:00,2105,2110,2100,2100,268,2142.98,2308
2026-05-15 10:40:00,2105,2120,2100,2115,127,2141.91,2308
2026-05-15 10:45:00,2120,2120,2110,2120,177,2140.81,2308
2026-05-15 10:50:00,2115,2125,2115,2120,58,2140.5,2308
2026-05-15 10:55:00,2120,2120,2115,2120,76,2140.08,2308
2026-05-15 11:00:00,2115,2115,2110,2110,112,2139.4,2308
2026-05-15 11:05:00,2110,2115,2105,2110,86,2138.84,2308
2026-05-15 11:10:00,2105,2110,2100,2100,190,2137.42,2308
2026-05-15 11:15:00,2100,2105,2095,2095,280,2135.33,2308
2026-05-15 11:20:00,2095,2100,2090,2090,147,2134.16,2308
2026-05-15 11:25:00,2095,2105,2090,2095,185,2132.9,2308
2026-05-15 11:30:00,2095,2100,2090,2095,190,2131.6,2308
2026-05-15 11:35:00,2095,2105,2090,2100,246,2130.18,2308
2026-05-15 11:40:00,2105,2110,2090,2110,500,2127.44,2308
2026-05-15 11:45:00,2110,2125,2110,2120,88,2127.31,2308
2026-05-15 11:50:00,2120,2125,2115,2115,80,2127.2,2308
2026-05-15 11:55:00,2120,2120,2110,2110,81,2127.04,2308
2026-05-15 12:00:00,2110,2115,2100,2105,101,2126.72,2308
2026-05-15 12:05:00,2105,2110,2100,2110,38,2126.59,2308
2026-05-15 12:10:00,2100,2105,2100,2100,68,2126.33,2308
2026-05-15 12:15:00,2100,2100,2095,2095,70,2126.06,2308
2026-05-15 12:20:00,2095,2105,2095,2105,148,2125.47,2308
2026-05-15 12:25:00,2105,2105,2095,2095,68,2125.23,2308
2026-05-15 12:30:00,2095,2100,2095,2095,47,2125.03,2308
2026-05-15 12:35:00,2095,2100,2095,2095,57,2124.81,2308
2026-05-15 12:40:00,2095,2100,2095,2095,70,2124.54,2308
2026-05-15 12:45:00,2095,2095,2090,2090,184,2123.76,2308
2026-05-15 12:50:00,2090,2095,2085,2090,245,2122.64,2308
2026-05-15 12:55:00,2085,2090,2080,2085,136,2121.98,2308
2026-05-15 13:00:00,2080,2085,2075,2075,383,2120.01,2308
2026-05-15 13:05:00,2075,2090,2075,2085,478,2117.91,2308
2026-05-15 13:10:00,2090,2095,2085,2095,246,2117.23,2308
2026-05-15 13:15:00,2090,2095,2085,2085,108,2116.88,2308
2026-05-15 13:20:00,2085,2090,2080,2080,230,2116.06,2308
2026-05-15 13:30:00,2075,2075,2075,2075,1077,2111.82,2308
2026-05-18 09:00:00,1985,2035,1985,2010,1118,2005.54,2308
2026-05-18 09:05:00,2010,2015,1990,2000,584,2004.66,2308
2026-05-18 09:10:00,2000,2010,1995,2000,290,2004.03,2308
2026-05-18 09:15:00,2000,2020,2000,2020,224,2004.59,2308
2026-05-18 09:20:00,2015,2020,2005,2010,144,2004.97,2308
2026-05-18 09:25:00,2010,2020,2005,2010,144,2005.35,2308
2026-05-18 09:30:00,2015,2015,2005,2010,92,2005.52,2308
2026-05-18 09:35:00,2015,2020,2005,2010,145,2005.88,2308
2026-05-18 09:40:00,2010,2020,2010,2020,78,2006.1,2308
2026-05-18 09:45:00,2020,2020,2005,2015,102,2006.31,2308
2026-05-18 09:50:00,2015,2020,2010,2015,129,2006.69,2308
2026-05-18 09:55:00,2010,2025,2010,2015,180,2007.35,2308
2026-05-18 10:00:00,2015,2015,2005,2010,124,2007.48,2308
2026-05-18 10:05:00,2005,2015,2005,2015,47,2007.54,2308
2026-05-18 10:10:00,2010,2015,2010,2010,64,2007.6,2308
2026-05-18 10:15:00,2015,2020,2010,2015,184,2007.97,2308
2026-05-18 10:20:00,2015,2015,2010,2015,74,2008.09,2308
2026-05-18 10:25:00,2015,2025,2015,2020,98,2008.43,2308
2026-05-18 10:30:00,2025,2025,2020,2025,88,2008.74,2308
2026-05-18 10:35:00,2025,2025,2015,2015,118,2009.02,2308
2026-05-18 10:40:00,2015,2025,2015,2015,115,2009.28,2308
2026-05-18 10:45:00,2020,2020,2015,2015,74,2009.39,2308
2026-05-18 10:50:00,2020,2020,2010,2010,76,2009.45,2308
2026-05-18 10:55:00,2010,2015,2010,2010,61,2009.47,2308
2026-05-18 11:00:00,2015,2015,2005,2005,87,2009.47,2308
2026-05-18 11:05:00,2010,2015,2005,2010,149,2009.49,2308
2026-05-18 11:10:00,2015,2015,2005,2005,92,2009.49,2308
2026-05-18 11:15:00,2010,2010,2005,2005,44,2009.48,2308
2026-05-18 11:20:00,2005,2010,2005,2005,60,2009.45,2308
2026-05-18 11:25:00,2005,2010,2005,2010,49,2009.44,2308
2026-05-18 11:30:00,2010,2010,2005,2005,90,2009.38,2308
2026-05-18 11:35:00,2010,2015,2005,2010,135,2009.39,2308
2026-05-18 11:40:00,2015,2015,2010,2015,114,2009.5,2308
2026-05-18 11:45:00,2015,2015,2010,2015,57,2009.55,2308
2026-05-18 11:50:00,2010,2015,2010,2015,48,2009.59,2308
2026-05-18 11:55:00,2015,2015,2010,2010,37,2009.61,2308
2026-05-18 12:00:00,2015,2015,2010,2010,46,2009.65,2308
2026-05-18 12:05:00,2010,2020,2010,2015,125,2009.76,2308
2026-05-18 12:10:00,2020,2025,2015,2025,139,2010.02,2308
2026-05-18 12:15:00,2025,2030,2020,2025,134,2010.39,2308
2026-05-18 12:20:00,2030,2030,2015,2015,136,2010.7,2308
2026-05-18 12:25:00,2020,2020,2010,2010,72,2010.73,2308
2026-05-18 12:30:00,2015,2025,2010,2025,164,2010.9,2308
2026-05-18 12:35:00,2025,2030,2020,2030,83,2011.09,2308
2026-05-18 12:40:00,2025,2035,2025,2035,198,2011.7,2308
2026-05-18 12:45:00,2035,2040,2025,2025,114,2012.09,2308
2026-05-18 12:50:00,2025,2030,2025,2030,44,2012.18,2308
2026-05-18 12:55:00,2025,2030,2020,2025,146,2012.45,2308
2026-05-18 13:00:00,2030,2030,2025,2025,77,2012.6,2308
2026-05-18 13:05:00,2025,2040,2025,2030,202,2013.14,2308
2026-05-18 13:10:00,2035,2035,2025,2025,143,2013.45,2308
2026-05-18 13:15:00,2025,2030,2025,2025,162,2013.71,2308
2026-05-18 13:20:00,2025,2035,2020,2025,327,2014.31,2308
2026-05-18 13:30:00,2020,2020,2020,2020,740,2014.81,2308
2026-05-19 09:00:00,2020,2025,2000,2010,528,2016.18,2308
2026-05-19 09:05:00,2010,2020,2005,2015,160,2015.6,2308
2026-05-19 09:10:00,2020,2020,2000,2015,303,2014.15,2308
2026-05-19 09:15:00,2010,2015,2005,2015,75,2013.83,2308
2026-05-19 09:20:00,2010,2010,1995,1995,384,2010.26,2308
2026-05-19 09:25:00,2000,2000,1995,2000,76,2009.61,2308
2026-05-19 09:30:00,2000,2005,1995,1995,190,2008.5,2308
2026-05-19 09:35:00,2000,2005,1995,2000,174,2007.79,2308
2026-05-19 09:40:00,2000,2005,1995,1995,108,2007.25,2308
2026-05-19 09:45:00,1995,2000,1985,1985,469,2004.31,2308
2026-05-19 09:50:00,1985,1990,1975,1975,408,2001.02,2308
2026-05-19 09:55:00,1975,1975,1965,1965,280,1998.37,2308
2026-05-19 10:00:00,1970,1970,1940,1950,682,1990.37,2308
2026-05-19 10:05:00,1950,1960,1950,1950,194,1988.71,2308
2026-05-19 10:10:00,1950,1960,1950,1950,223,1986.81,2308
2026-05-19 10:15:00,1950,1950,1940,1940,383,1983.58,2308
2026-05-19 10:20:00,1945,1950,1935,1935,377,1980.33,2308
2026-05-19 10:25:00,1935,1945,1935,1935,340,1977.66,2308
2026-05-19 10:30:00,1935,1940,1930,1935,290,1975.43,2308
2026-05-19 10:35:00,1935,1935,1925,1930,276,1973.31,2308
2026-05-19 10:40:00,1925,1935,1920,1930,363,1970.7,2308
2026-05-19 10:45:00,1930,1935,1925,1925,190,1969.49,2308
2026-05-19 10:50:00,1925,1935,1925,1930,106,1968.86,2308
2026-05-19 10:55:00,1930,1935,1920,1920,182,1967.69,2308
2026-05-19 11:00:00,1920,1925,1920,1920,247,1966.02,2308
2026-05-19 11:05:00,1920,1930,1920,1925,270,1964.51,2308
2026-05-19 11:10:00,1930,1935,1930,1930,110,1964.04,2308
2026-05-19 11:15:00,1930,1945,1930,1945,112,1963.65,2308
2026-05-19 11:20:00,1945,1945,1930,1935,142,1963.17,2308
2026-05-19 11:25:00,1935,1945,1930,1940,121,1962.79,2308
2026-05-19 11:30:00,1940,1950,1940,1945,189,1962.35,2308
2026-05-19 11:35:00,1940,1945,1935,1940,90,1962.1,2308
2026-05-19 11:40:00,1940,1950,1940,1950,120,1961.83,2308
2026-05-19 11:45:00,1945,1950,1940,1940,109,1961.6,2308
2026-05-19 11:50:00,1940,1945,1940,1940,52,1961.47,2308
2026-05-19 11:55:00,1945,1945,1935,1940,152,1961.06,2308
2026-05-19 12:00:00,1940,1940,1930,1930,154,1960.58,2308
2026-05-19 12:05:00,1930,1930,1925,1925,94,1960.23,2308
2026-05-19 12:10:00,1925,1930,1920,1925,311,1959.02,2308
2026-05-19 12:15:00,1925,1925,1925,1925,83,1958.71,2308
2026-05-19 12:20:00,1925,1930,1925,1925,96,1958.36,2308
2026-05-19 12:25:00,1930,1930,1920,1925,214,1957.59,2308
2026-05-19 12:30:00,1925,1935,1925,1930,218,1956.96,2308
2026-05-19 12:35:00,1925,1930,1925,1925,104,1956.64,2308
2026-05-19 12:40:00,1925,1930,1925,1925,84,1956.37,2308
2026-05-19 12:45:00,1925,1930,1925,1925,91,1956.09,2308
2026-05-19 12:50:00,1925,1930,1920,1920,246,1955.28,2308
2026-05-19 12:55:00,1920,1925,1915,1915,312,1954.22,2308
2026-05-19 13:00:00,1915,1920,1915,1915,176,1953.58,2308
2026-05-19 13:05:00,1915,1920,1910,1915,383,1952.24,2308
2026-05-19 13:10:00,1915,1925,1915,1920,455,1951.01,2308
2026-05-19 13:15:00,1920,1920,1910,1910,263,1950.22,2308
2026-05-19 13:20:00,1910,1920,1910,1915,484,1948.84,2308
2026-05-19 13:30:00,1915,1915,1915,1915,1308,1945.57,2308
2026-05-20 09:00:00,1880,1960,1880,1940,1497,1914.55,2308
2026-05-20 09:05:00,1935,1940,1910,1930,323,1915.95,2308
2026-05-20 09:10:00,1930,1940,1930,1935,223,1917.75,2308
2026-05-20 09:15:00,1935,1945,1935,1940,127,1918.94,2308
2026-05-20 09:20:00,1935,1945,1930,1930,201,1920.81,2308
2026-05-20 09:25:00,1930,1940,1925,1930,107,1921.29,2308
2026-05-20 09:30:00,1930,1935,1915,1920,316,1921.32,2308
2026-05-20 09:35:00,1920,1925,1920,1920,65,1921.31,2308
2026-05-20 09:40:00,1925,1925,1915,1915,84,1921.24,2308
2026-05-20 09:45:00,1915,1920,1910,1915,119,1920.99,2308
2026-05-20 09:50:00,1920,1930,1915,1930,117,1921.04,2308
2026-05-20 09:55:00,1930,1930,1925,1925,55,1921.14,2308
2026-05-20 10:00:00,1930,1930,1920,1920,87,1921.21,2308
2026-05-20 10:05:00,1920,1930,1920,1925,117,1921.33,2308
2026-05-20 10:10:00,1925,1930,1920,1920,69,1921.36,2308
2026-05-20 10:15:00,1920,1935,1920,1930,135,1921.61,2308
2026-05-20 10:20:00,1930,1935,1925,1930,91,1921.78,2308
2026-05-20 10:25:00,1935,1935,1915,1915,157,1921.81,2308
2026-05-20 10:30:00,1915,1920,1905,1905,319,1920.91,2308
2026-05-20 10:35:00,1905,1915,1905,1910,91,1920.68,2308
2026-05-20 10:40:00,1910,1910,1905,1910,97,1920.36,2308
2026-05-20 10:45:00,1905,1905,1900,1905,144,1919.81,2308
2026-05-20 10:50:00,1905,1910,1900,1900,197,1919.06,2308
2026-05-20 10:55:00,1895,1900,1895,1900,117,1918.55,2308
2026-05-20 11:00:00,1895,1900,1895,1895,102,1918.08,2308
2026-05-20 11:05:00,1895,1905,1895,1895,151,1917.54,2308
2026-05-20 11:10:00,1895,1900,1890,1895,100,1917.11,2308
2026-05-20 11:15:00,1890,1915,1890,1905,378,1916.19,2308
2026-05-20 11:20:00,1905,1905,1895,1895,82,1915.98,2308
2026-05-20 11:25:00,1895,1900,1890,1890,93,1915.63,2308
2026-05-20 11:30:00,1895,1905,1895,1895,92,1915.37,2308
2026-05-20 11:35:00,1895,1900,1895,1895,61,1915.17,2308
2026-05-20 11:40:00,1900,1900,1890,1900,106,1914.81,2308
2026-05-20 11:45:00,1895,1900,1895,1895,51,1914.65,2308
2026-05-20 11:50:00,1900,1905,1895,1895,184,1914.2,2308
2026-05-20 11:55:00,1900,1910,1895,1910,143,1913.92,2308
2026-05-20 12:00:00,1910,1910,1905,1910,51,1913.87,2308
2026-05-20 12:05:00,1905,1915,1905,1910,75,1913.82,2308
2026-05-20 12:10:00,1910,1920,1910,1915,122,1913.82,2308
2026-05-20 12:15:00,1915,1920,1915,1915,49,1913.84,2308
2026-05-20 12:20:00,1915,1920,1915,1915,98,1913.86,2308
2026-05-20 12:25:00,1915,1920,1915,1915,56,1913.88,2308
2026-05-20 12:30:00,1915,1920,1910,1910,211,1913.9,2308
2026-05-20 12:35:00,1915,1915,1905,1905,93,1913.86,2308
2026-05-20 12:40:00,1905,1910,1905,1905,64,1913.79,2308
2026-05-20 12:45:00,1905,1920,1905,1915,267,1913.73,2308
2026-05-20 12:50:00,1920,1920,1910,1910,100,1913.75,2308
2026-05-20 12:55:00,1910,1915,1905,1905,136,1913.69,2308
2026-05-20 13:00:00,1905,1920,1905,1915,390,1913.61,2308
2026-05-20 13:05:00,1915,1920,1915,1920,243,1913.75,2308
2026-05-20 13:10:00,1915,1925,1915,1920,170,1913.9,2308
2026-05-20 13:15:00,1925,1925,1915,1915,222,1914.07,2308
2026-05-20 13:20:00,1915,1920,1910,1920,288,1914.11,2308
2026-05-20 13:30:00,1915,1915,1915,1915,720,1914.17,2308
2026-05-21 09:00:00,2015,2035,2000,2010,1247,2015.29,2308
2026-05-21 09:05:00,2010,2015,1990,2015,370,2012.88,2308
2026-05-21 09:10:00,2015,2020,2000,2020,367,2012.22,2308
2026-05-21 09:15:00,2020,2040,2020,2025,767,2017.02,2308
2026-05-21 09:20:00,2020,2025,2015,2015,112,2017.11,2308
2026-05-21 09:25:00,2015,2025,2015,2020,128,2017.24,2308
2026-05-21 09:30:00,2020,2025,2010,2025,160,2017.36,2308
2026-05-21 09:35:00,2020,2025,2015,2015,72,2017.38,2308
2026-05-21 09:40:00,2015,2035,2015,2030,230,2018.11,2308
2026-05-21 09:45:00,2035,2050,2030,2045,522,2020.92,2308
2026-05-21 09:50:00,2045,2060,2040,2040,462,2024.03,2308
2026-05-21 09:55:00,2040,2040,2030,2035,148,2024.41,2308
2026-05-21 10:00:00,2040,2050,2040,2045,117,2024.87,2308
2026-05-21 10:05:00,2045,2055,2040,2040,198,2025.71,2308
2026-05-21 10:10:00,2035,2040,2030,2030,138,2026.0,2308
2026-05-21 10:15:00,2030,2040,2030,2040,122,2026.21,2308
2026-05-21 10:20:00,2040,2045,2035,2040,67,2026.38,2308
2026-05-21 10:25:00,2035,2040,2025,2025,159,2026.56,2308
2026-05-21 10:30:00,2025,2030,2025,2025,86,2026.59,2308
2026-05-21 10:35:00,2025,2030,2025,2030,72,2026.61,2308
2026-05-21 10:40:00,2025,2035,2025,2035,43,2026.66,2308
2026-05-21 10:45:00,2030,2040,2030,2030,59,2026.73,2308
2026-05-21 10:50:00,2030,2035,2030,2030,47,2026.78,2308
2026-05-21 10:55:00,2030,2040,2030,2035,81,2026.88,2308
2026-05-21 11:00:00,2030,2035,2020,2025,364,2027.01,2308
2026-05-21 11:05:00,2025,2030,2025,2025,48,2027.0,2308
2026-05-21 11:10:00,2025,2030,2025,2030,40,2027.0,2308
2026-05-21 11:15:00,2025,2030,2020,2030,101,2026.98,2308
2026-05-21 11:20:00,2025,2035,2025,2025,45,2027.0,2308
2026-05-21 11:25:00,2025,2035,2025,2030,74,2027.02,2308
2026-05-21 11:30:00,2025,2035,2025,2030,129,2027.1,2308
2026-05-21 11:35:00,2030,2035,2030,2035,31,2027.12,2308
2026-05-21 11:40:00,2030,2035,2030,2035,39,2027.16,2308
2026-05-21 11:45:00,2035,2035,2030,2035,64,2027.22,2308
2026-05-21 11:50:00,2030,2040,2030,2040,246,2027.49,2308
2026-05-21 11:55:00,2040,2040,2035,2040,30,2027.53,2308
2026-05-21 12:00:00,2035,2040,2035,2040,17,2027.56,2308
2026-05-21 12:05:00,2035,2045,2035,2040,167,2027.89,2308
2026-05-21 12:10:00,2040,2040,2035,2040,22,2027.92,2308
2026-05-21 12:15:00,2040,2045,2040,2045,73,2028.06,2308
2026-05-21 12:20:00,2045,2045,2035,2040,125,2028.27,2308
2026-05-21 12:25:00,2040,2045,2035,2040,64,2028.37,2308
2026-05-21 12:30:00,2040,2045,2040,2045,59,2028.5,2308
2026-05-21 12:35:00,2045,2050,2045,2050,100,2028.76,2308
2026-05-21 12:40:00,2050,2055,2045,2050,314,2029.63,2308
2026-05-21 12:45:00,2050,2055,2045,2055,123,2029.95,2308
2026-05-21 12:50:00,2050,2055,2050,2055,45,2030.07,2308
2026-05-21 12:55:00,2055,2060,2050,2055,236,2030.8,2308
2026-05-21 13:00:00,2060,2060,2050,2055,205,2031.39,2308
2026-05-21 13:05:00,2060,2060,2050,2050,199,2031.86,2308
2026-05-21 13:10:00,2050,2055,2050,2055,391,2032.76,2308
2026-05-21 13:15:00,2055,2060,2050,2055,255,2033.35,2308
2026-05-21 13:20:00,2055,2060,2045,2055,372,2034.11,2308
2026-05-21 13:30:00,2030,2030,2030,2030,884,2033.77,2308
2026-05-22 09:00:00,2125,2125,2080,2105,1321,2108.04,2308
2026-05-22 09:05:00,2105,2125,2100,2115,372,2109.22,2308
2026-05-22 09:10:00,2120,2120,2105,2105,238,2109.12,2308
2026-05-22 09:15:00,2105,2105,2090,2095,479,2106.63,2308
2026-05-22 09:20:00,2095,2095,2070,2070,257,2104.33,2308
2026-05-22 09:25:00,2070,2075,2065,2075,104,2103.09,2308
2026-05-22 09:30:00,2075,2085,2070,2080,192,2101.49,2308
2026-05-22 09:35:00,2080,2080,2070,2075,127,2100.33,2308
2026-05-22 09:40:00,2075,2080,2075,2080,47,2100.01,2308
2026-05-22 09:45:00,2080,2085,2065,2080,239,2098.18,2308
2026-05-22 09:50:00,2080,2080,2070,2075,103,2097.52,2308
2026-05-22 09:55:00,2070,2075,2060,2065,122,2096.48,2308
2026-05-22 10:00:00,2065,2070,2065,2070,29,2096.24,2308
2026-05-22 10:05:00,2065,2070,2060,2060,111,2095.27,2308
2026-05-22 10:10:00,2060,2070,2060,2070,97,2094.53,2308
2026-05-22 10:15:00,2070,2075,2065,2070,46,2094.24,2308
2026-05-22 10:20:00,2065,2075,2065,2070,81,2093.75,2308
2026-05-22 10:25:00,2070,2070,2065,2065,29,2093.54,2308
2026-05-22 10:30:00,2065,2075,2065,2070,87,2092.98,2308
2026-05-22 10:35:00,2070,2075,2070,2070,30,2092.82,2308
2026-05-22 10:40:00,2065,2065,2065,2065,13,2092.73,2308
2026-05-22 10:45:00,2070,2075,2065,2065,97,2092.21,2308
2026-05-22 10:50:00,2070,2070,2060,2065,80,2091.7,2308
2026-05-22 10:55:00,2060,2065,2060,2060,152,2090.66,2308
2026-05-22 11:00:00,2060,2065,2060,2060,32,2090.45,2308
2026-05-22 11:05:00,2060,2060,2050,2055,135,2089.45,2308
2026-05-22 11:10:00,2050,2055,2050,2055,38,2089.14,2308
2026-05-22 11:15:00,2050,2065,2050,2060,112,2088.39,2308
2026-05-22 11:20:00,2060,2065,2060,2065,17,2088.3,2308
2026-05-22 11:25:00,2065,2070,2060,2065,69,2087.98,2308
2026-05-22 11:30:00,2070,2075,2070,2075,65,2087.76,2308
2026-05-22 11:35:00,2075,2080,2070,2080,93,2087.51,2308
2026-05-22 11:40:00,2080,2080,2075,2075,84,2087.31,2308
2026-05-22 11:45:00,2075,2080,2075,2075,27,2087.25,2308
2026-05-22 11:50:00,2075,2090,2075,2090,181,2087.04,2308
2026-05-22 11:55:00,2090,2090,2085,2090,22,2087.04,2308
2026-05-22 12:00:00,2090,2100,2090,2100,267,2087.41,2308
2026-05-22 12:05:00,2100,2105,2095,2095,144,2087.71,2308
2026-05-22 12:10:00,2095,2095,2090,2095,9,2087.72,2308
2026-05-22 12:15:00,2095,2095,2090,2095,52,2087.77,2308
2026-05-22 12:20:00,2095,2095,2090,2095,25,2087.79,2308
2026-05-22 12:25:00,2095,2095,2090,2095,37,2087.84,2308
2026-05-22 12:30:00,2090,2100,2090,2095,47,2087.9,2308
2026-05-22 12:35:00,2100,2100,2085,2085,144,2088.0,2308
2026-05-22 12:40:00,2090,2095,2085,2095,121,2088.05,2308
2026-05-22 12:45:00,2095,2100,2090,2100,132,2088.24,2308
2026-05-22 12:50:00,2100,2100,2095,2095,45,2088.29,2308
2026-05-22 12:55:00,2100,2100,2095,2095,45,2088.36,2308
2026-05-22 13:00:00,2100,2100,2095,2100,130,2088.52,2308
2026-05-22 13:05:00,2095,2100,2090,2090,143,2088.66,2308
2026-05-22 13:10:00,2090,2095,2090,2090,77,2088.69,2308
2026-05-22 13:15:00,2090,2095,2090,2095,69,2088.73,2308
2026-05-22 13:20:00,2090,2100,2090,2095,200,2088.88,2308
2026-05-22 13:30:00,2095,2095,2095,2095,775,2089.49,2308
2026-05-25 09:00:00,2205,2245,2185,2240,1757,2217.01,2308
2026-05-25 09:05:00,2240,2280,2235,2270,1102,2233.97,2308
2026-05-25 09:10:00,2275,2275,2255,2255,397,2237.8,2308
2026-05-25 09:15:00,2260,2260,2245,2250,241,2238.93,2308
2026-05-25 09:20:00,2255,2255,2240,2245,183,2239.25,2308
2026-05-25 09:25:00,2250,2255,2245,2255,147,2239.69,2308
2026-05-25 09:30:00,2255,2255,2245,2245,104,2239.97,2308
2026-05-25 09:35:00,2245,2260,2245,2255,294,2240.89,2308
2026-05-25 09:40:00,2260,2260,2255,2255,90,2241.23,2308
2026-05-25 09:45:00,2255,2260,2255,2260,54,2241.43,2308
2026-05-25 09:50:00,2260,2260,2255,2255,51,2241.61,2308
2026-05-25 09:55:00,2255,2260,2255,2260,37,2241.74,2308
2026-05-25 10:00:00,2260,2260,2250,2250,104,2242.05,2308
2026-05-25 10:05:00,2250,2255,2250,2250,39,2242.14,2308
2026-05-25 10:10:00,2250,2270,2250,2270,452,2243.85,2308
2026-05-25 10:15:00,2270,2270,2265,2270,190,2244.78,2308
2026-05-25 10:20:00,2270,2270,2260,2265,125,2245.27,2308
2026-05-25 10:25:00,2265,2265,2260,2260,36,2245.38,2308
2026-05-25 10:30:00,2265,2265,2260,2265,120,2245.78,2308
2026-05-25 10:35:00,2265,2270,2260,2265,143,2246.26,2308
2026-05-25 10:40:00,2270,2270,2265,2270,94,2246.63,2308
2026-05-25 10:45:00,2265,2275,2265,2270,174,2247.29,2308
2026-05-25 10:50:00,2275,2275,2270,2275,156,2247.99,2308
2026-05-25 10:55:00,2275,2285,2270,2285,487,2250.26,2308
2026-05-25 11:00:00,2285,2290,2280,2290,139,2250.99,2308
2026-05-25 11:05:00,2290,2295,2285,2290,372,2253.13,2308
2026-05-25 11:10:00,2285,2290,2285,2285,211,2254.18,2308
2026-05-25 11:15:00,2290,2290,2275,2280,302,2255.28,2308
2026-05-25 11:20:00,2280,2280,2275,2275,95,2255.55,2308
2026-05-25 11:25:00,2280,2280,2275,2275,30,2255.63,2308
2026-05-25 11:30:00,2275,2280,2275,2275,19,2255.69,2308
2026-05-25 11:35:00,2280,2280,2275,2275,15,2255.73,2308
2026-05-25 11:40:00,2280,2280,2275,2275,27,2255.8,2308
2026-05-25 11:45:00,2280,2280,2275,2275,37,2255.9,2308
2026-05-25 11:50:00,2275,2280,2275,2280,29,2255.98,2308
2026-05-25 11:55:00,2275,2280,2275,2280,42,2256.1,2308
2026-05-25 12:00:00,2280,2285,2275,2285,102,2256.43,2308
2026-05-25 12:05:00,2285,2290,2285,2290,48,2256.62,2308
2026-05-25 12:10:00,2285,2295,2285,2295,171,2257.32,2308
2026-05-25 12:15:00,2290,2290,2285,2290,34,2257.45,2308
2026-05-25 12:20:00,2290,2290,2285,2285,23,2257.53,2308
2026-05-25 12:25:00,2290,2290,2285,2285,36,2257.67,2308
2026-05-25 12:30:00,2290,2290,2285,2290,112,2258.09,2308
2026-05-25 12:35:00,2290,2290,2285,2290,35,2258.21,2308
2026-05-25 12:40:00,2290,2295,2285,2295,122,2258.67,2308
2026-05-25 12:45:00,2290,2295,2290,2295,22,2258.75,2308
2026-05-25 12:50:00,2295,2295,2290,2290,61,2258.99,2308
2026-05-25 12:55:00,2290,2295,2290,2295,33,2259.12,2308
2026-05-25 13:00:00,2290,2295,2290,2290,48,2259.3,2308
2026-05-25 13:05:00,2295,2295,2290,2295,92,2259.65,2308
2026-05-25 13:10:00,2290,2300,2290,2300,479,2261.51,2308
2026-05-25 13:15:00,2300,2300,2295,2300,247,2262.43,2308
2026-05-25 13:20:00,2300,2300,2290,2295,160,2262.98,2308
2026-05-25 13:30:00,2290,2290,2290,2290,387,2264.01,2308
2026-05-26 09:00:00,2350,2395,2345,2390,1773,2366.82,2308
2026-05-26 09:05:00,2395,2410,2355,2360,1072,2376.51,2308
2026-05-26 09:10:00,2355,2370,2340,2360,568,2372.27,2308
2026-05-26 09:15:00,2360,2360,2330,2335,321,2369.73,2308
2026-05-26 09:20:00,2335,2350,2335,2345,227,2368.01,2308
2026-05-26 09:25:00,2345,2350,2320,2320,259,2365.82,2308
2026-05-26 09:30:00,2320,2335,2315,2325,149,2364.45,2308
2026-05-26 09:35:00,2320,2325,2300,2305,196,2362.09,2308
2026-05-26 09:40:00,2305,2310,2290,2310,336,2357.9,2308
2026-05-26 09:45:00,2305,2320,2305,2320,143,2356.65,2308
2026-05-26 09:50:00,2325,2340,2320,2340,153,2355.8,2308
2026-05-26 09:55:00,2340,2340,2325,2335,148,2355.13,2308
2026-05-26 10:00:00,2335,2335,2325,2330,83,2354.74,2308
2026-05-26 10:05:00,2330,2335,2330,2330,51,2354.53,2308
2026-05-26 10:10:00,2335,2335,2305,2330,285,2353.0,2308
2026-05-26 10:15:00,2330,2335,2330,2330,38,2352.86,2308
2026-05-26 10:20:00,2330,2335,2325,2325,87,2352.51,2308
2026-05-26 10:25:00,2320,2330,2315,2330,68,2352.16,2308
2026-05-26 10:30:00,2330,2340,2325,2335,88,2351.88,2308
2026-05-26 10:35:00,2340,2345,2335,2335,137,2351.6,2308
2026-05-26 10:40:00,2335,2350,2330,2345,132,2351.43,2308
2026-05-26 10:45:00,2345,2360,2345,2360,425,2351.57,2308
2026-05-26 10:50:00,2355,2370,2350,2365,234,2351.91,2308
2026-05-26 10:55:00,2365,2365,2345,2350,131,2351.94,2308
2026-05-26 11:00:00,2360,2365,2350,2360,164,2352.07,2308
2026-05-26 11:05:00,2360,2370,2360,2365,120,2352.3,2308
2026-05-26 11:10:00,2365,2380,2365,2370,202,2352.84,2308
2026-05-26 11:15:00,2370,2380,2370,2380,92,2353.13,2308
2026-05-26 11:20:00,2380,2390,2370,2375,295,2354.19,2308
2026-05-26 11:25:00,2375,2380,2370,2380,73,2354.4,2308
2026-05-26 11:30:00,2380,2385,2370,2380,93,2354.67,2308
2026-05-26 11:35:00,2375,2385,2370,2380,108,2355.0,2308
2026-05-26 11:40:00,2380,2380,2370,2375,43,2355.1,2308
2026-05-26 11:45:00,2370,2375,2365,2370,113,2355.3,2308
2026-05-26 11:50:00,2370,2375,2365,2370,119,2355.54,2308
2026-05-26 11:55:00,2370,2380,2370,2380,104,2355.8,2308
2026-05-26 12:00:00,2380,2385,2375,2385,124,2356.16,2308
2026-05-26 12:05:00,2385,2385,2380,2380,118,2356.51,2308
2026-05-26 12:10:00,2380,2385,2370,2375,109,2356.78,2308
2026-05-26 12:15:00,2375,2375,2370,2375,29,2356.83,2308
2026-05-26 12:20:00,2375,2375,2370,2375,26,2356.88,2308
2026-05-26 12:25:00,2375,2375,2370,2375,40,2356.95,2308
2026-05-26 12:30:00,2375,2375,2370,2375,44,2357.03,2308
2026-05-26 12:35:00,2375,2375,2370,2375,40,2357.11,2308
2026-05-26 12:40:00,2375,2375,2370,2375,57,2357.21,2308
2026-05-26 12:45:00,2375,2375,2360,2360,195,2357.47,2308
2026-05-26 12:50:00,2360,2365,2360,2360,34,2357.48,2308
2026-05-26 12:55:00,2360,2365,2360,2360,91,2357.51,2308
2026-05-26 13:00:00,2365,2365,2355,2355,137,2357.51,2308
2026-05-26 13:05:00,2355,2360,2355,2355,83,2357.49,2308
2026-05-26 13:10:00,2360,2360,2355,2355,114,2357.48,2308
2026-05-26 13:15:00,2355,2360,2350,2355,150,2357.44,2308
2026-05-26 13:20:00,2350,2355,2345,2345,181,2357.31,2308
2026-05-26 13:30:00,2350,2350,2350,2350,590,2356.91,2308
2026-05-27 09:00:00,2490,2575,2490,2570,2299,2516.04,2308
2026-05-27 09:05:00,2570,2585,2560,2585,2404,2550.51,2308
2026-05-27 09:10:00,2580,2585,2565,2585,604,2554.25,2308
2026-05-27 09:15:00,2585,2585,2575,2585,514,2556.89,2308
2026-05-27 09:20:00,2585,2585,2580,2585,533,2559.24,2308
2026-05-27 09:25:00,2585,2585,2570,2580,261,2560.02,2308
2026-05-27 09:30:00,2580,2585,2555,2555,198,2560.3,2308
2026-05-27 09:35:00,2555,2560,2535,2555,380,2559.77,2308
2026-05-27 09:40:00,2555,2570,2545,2550,296,2559.6,2308
2026-05-27 09:45:00,2550,2560,2550,2550,96,2559.52,2308
2026-05-27 09:50:00,2545,2545,2525,2525,171,2559.0,2308
2026-05-27 09:55:00,2530,2530,2510,2510,209,2557.98,2308
2026-05-27 10:00:00,2515,2550,2515,2545,163,2557.43,2308
2026-05-27 10:05:00,2545,2550,2540,2540,59,2557.34,2308
2026-05-27 10:10:00,2540,2555,2540,2555,146,2557.19,2308
2026-05-27 10:15:00,2555,2575,2555,2570,180,2557.4,2308
2026-05-27 10:20:00,2570,2570,2555,2560,78,2557.45,2308
2026-05-27 10:25:00,2560,2560,2545,2550,72,2557.42,2308
2026-05-27 10:30:00,2550,2555,2545,2550,61,2557.37,2308
2026-05-27 10:35:00,2550,2560,2545,2555,61,2557.34,2308
2026-05-27 10:40:00,2555,2560,2550,2555,56,2557.33,2308
2026-05-27 10:45:00,2555,2560,2555,2560,92,2557.34,2308
2026-05-27 10:50:00,2560,2565,2555,2560,52,2557.34,2308
2026-05-27 10:55:00,2560,2560,2555,2560,40,2557.35,2308
2026-05-27 11:00:00,2560,2560,2545,2550,127,2557.29,2308
2026-05-27 11:05:00,2550,2555,2540,2555,74,2557.21,2308
2026-05-27 11:10:00,2555,2560,2550,2550,27,2557.2,2308
2026-05-27 11:15:00,2555,2560,2555,2555,36,2557.2,2308
2026-05-27 11:20:00,2560,2560,2555,2555,44,2557.19,2308
2026-05-27 11:25:00,2555,2555,2550,2555,18,2557.18,2308
2026-05-27 11:30:00,2555,2555,2550,2555,23,2557.18,2308
2026-05-27 11:35:00,2550,2565,2550,2565,101,2557.18,2308
2026-05-27 11:40:00,2565,2570,2560,2565,102,2557.27,2308
2026-05-27 11:45:00,2560,2570,2555,2560,148,2557.33,2308
2026-05-27 11:50:00,2555,2570,2550,2570,125,2557.37,2308
2026-05-27 11:55:00,2570,2575,2570,2570,160,2557.61,2308
2026-05-27 12:00:00,2565,2575,2565,2575,67,2557.69,2308
2026-05-27 12:05:00,2570,2575,2560,2565,52,2557.74,2308
2026-05-27 12:10:00,2560,2565,2555,2560,56,2557.76,2308
2026-05-27 12:15:00,2555,2555,2530,2530,208,2557.46,2308
2026-05-27 12:20:00,2525,2535,2520,2525,103,2557.14,2308
2026-05-27 12:25:00,2525,2525,2510,2510,109,2556.75,2308
2026-05-27 12:30:00,2510,2530,2510,2530,152,2556.19,2308
2026-05-27 12:35:00,2530,2535,2525,2535,62,2556.03,2308
2026-05-27 12:40:00,2535,2540,2520,2530,105,2555.78,2308
2026-05-27 12:45:00,2530,2530,2520,2525,57,2555.62,2308
2026-05-27 12:50:00,2525,2530,2520,2530,91,2555.37,2308
2026-05-27 12:55:00,2530,2540,2530,2535,116,2555.14,2308
2026-05-27 13:00:00,2535,2535,2525,2530,78,2554.98,2308
2026-05-27 13:05:00,2530,2535,2525,2530,125,2554.68,2308
2026-05-27 13:10:00,2525,2540,2525,2540,59,2554.58,2308
2026-05-27 13:15:00,2540,2545,2535,2540,156,2554.4,2308
2026-05-27 13:20:00,2540,2540,2535,2540,129,2554.21,2308
2026-05-27 13:30:00,2520,2520,2520,2520,795,2552.04,2308
2026-05-28 09:00:00,2485,2515,2475,2510,1296,2490.14,2308
2026-05-28 09:05:00,2510,2515,2485,2500,266,2491.41,2308
2026-05-28 09:10:00,2500,2520,2490,2515,209,2493.05,2308
2026-05-28 09:15:00,2520,2520,2495,2500,278,2494.95,2308
2026-05-28 09:20:00,2505,2505,2495,2495,123,2495.25,2308
2026-05-28 09:25:00,2500,2500,2495,2500,106,2495.36,2308
2026-05-28 09:30:00,2500,2505,2485,2485,270,2495.05,2308
2026-05-28 09:35:00,2485,2490,2485,2490,73,2494.82,2308
2026-05-28 09:40:00,2490,2490,2470,2475,423,2492.63,2308
2026-05-28 09:45:00,2475,2485,2465,2485,264,2491.14,2308
2026-05-28 09:50:00,2485,2505,2480,2500,220,2491.37,2308
2026-05-28 09:55:00,2495,2515,2495,2510,110,2491.88,2308
2026-05-28 10:00:00,2510,2510,2500,2500,51,2492.02,2308
2026-05-28 10:05:00,2500,2500,2495,2500,40,2492.06,2308
2026-05-28 10:10:00,2495,2500,2480,2480,104,2491.93,2308
2026-05-28 10:15:00,2480,2485,2480,2480,45,2491.8,2308
2026-05-28 10:20:00,2480,2485,2470,2470,154,2491.19,2308
2026-05-28 10:25:00,2470,2475,2460,2460,135,2490.38,2308
2026-05-28 10:30:00,2460,2465,2455,2465,214,2488.93,2308
2026-05-28 10:35:00,2465,2475,2465,2465,90,2488.54,2308
2026-05-28 10:40:00,2470,2470,2460,2460,50,2488.25,2308
2026-05-28 10:45:00,2465,2470,2455,2465,109,2487.62,2308
2026-05-28 10:50:00,2465,2470,2465,2465,38,2487.46,2308
2026-05-28 10:55:00,2470,2475,2460,2460,112,2487.01,2308
2026-05-28 11:00:00,2465,2470,2460,2470,71,2486.7,2308
2026-05-28 11:05:00,2470,2475,2465,2470,68,2486.49,2308
2026-05-28 11:10:00,2475,2475,2460,2465,62,2486.24,2308
2026-05-28 11:15:00,2465,2470,2460,2465,61,2485.99,2308
2026-05-28 11:20:00,2465,2465,2455,2455,142,2485.22,2308
2026-05-28 11:25:00,2455,2460,2450,2450,268,2483.55,2308
2026-05-28 11:30:00,2450,2450,2425,2425,298,2481.08,2308
2026-05-28 11:35:00,2425,2430,2395,2395,300,2477.56,2308
2026-05-28 11:40:00,2395,2420,2395,2420,306,2474.04,2308
2026-05-28 11:45:00,2415,2435,2415,2435,98,2473.33,2308
2026-05-28 11:50:00,2435,2435,2420,2430,106,2472.57,2308
2026-05-28 11:55:00,2430,2430,2415,2415,103,2471.78,2308
2026-05-28 12:00:00,2410,2415,2400,2400,115,2470.67,2308
2026-05-28 12:05:00,2405,2415,2390,2410,329,2467.39,2308
2026-05-28 12:10:00,2415,2420,2400,2405,112,2466.48,2308
2026-05-28 12:15:00,2395,2400,2385,2385,122,2465.24,2308
2026-05-28 12:20:00,2385,2390,2380,2385,152,2463.59,2308
2026-05-28 12:25:00,2385,2390,2380,2390,83,2462.71,2308
2026-05-28 12:30:00,2390,2400,2385,2400,86,2461.95,2308
2026-05-28 12:35:00,2400,2410,2390,2390,143,2460.82,2308
2026-05-28 12:40:00,2390,2400,2390,2390,85,2460.1,2308
2026-05-28 12:45:00,2390,2390,2380,2380,121,2458.96,2308
2026-05-28 12:50:00,2380,2385,2380,2380,139,2457.62,2308
2026-05-28 12:55:00,2380,2380,2375,2375,92,2456.71,2308
2026-05-28 13:00:00,2380,2385,2370,2375,285,2454.0,2308
2026-05-28 13:05:00,2370,2395,2370,2395,282,2451.67,2308
2026-05-28 13:10:00,2390,2405,2390,2400,197,2450.53,2308
2026-05-28 13:15:00,2395,2400,2380,2385,154,2449.49,2308
2026-05-28 13:20:00,2385,2385,2370,2375,231,2447.77,2308
2026-05-28 13:30:00,2390,2390,2390,2390,801,2443.23,2308
2026-05-29 09:00:00,2470,2500,2445,2445,1125,2474.92,2308
2026-05-29 09:05:00,2450,2485,2450,2470,335,2474.29,2308
2026-05-29 09:10:00,2475,2480,2465,2470,216,2474.19,2308
2026-05-29 09:15:00,2470,2500,2465,2495,443,2477.35,2308
2026-05-29 09:20:00,2495,2500,2495,2495,170,2478.81,2308
2026-05-29 09:25:00,2495,2510,2490,2510,473,2482.33,2308
2026-05-29 09:30:00,2505,2520,2505,2515,336,2485.52,2308
2026-05-29 09:35:00,2510,2520,2505,2520,165,2487.13,2308
2026-05-29 09:40:00,2515,2525,2515,2520,334,2490.22,2308
2026-05-29 09:45:00,2520,2525,2510,2510,131,2491.24,2308
2026-05-29 09:50:00,2510,2510,2500,2505,156,2491.78,2308
2026-05-29 09:55:00,2505,2520,2505,2510,174,2492.66,2308
2026-05-29 10:00:00,2515,2515,2505,2510,70,2492.96,2308
2026-05-29 10:05:00,2515,2520,2510,2520,199,2494.09,2308
2026-05-29 10:10:00,2520,2520,2505,2505,70,2494.38,2308
2026-05-29 10:15:00,2510,2515,2500,2510,82,2494.63,2308
2026-05-29 10:20:00,2510,2515,2495,2495,96,2494.86,2308
2026-05-29 10:25:00,2495,2500,2485,2495,111,2494.79,2308
2026-05-29 10:30:00,2495,2495,2485,2490,39,2494.75,2308
2026-05-29 10:35:00,2490,2495,2490,2490,85,2494.69,2308
2026-05-29 10:40:00,2495,2495,2490,2490,57,2494.65,2308
2026-05-29 10:45:00,2490,2500,2490,2495,61,2494.65,2308
2026-05-29 10:50:00,2500,2505,2500,2500,116,2494.79,2308
2026-05-29 10:55:00,2505,2505,2495,2505,94,2494.88,2308
2026-05-29 11:00:00,2505,2505,2500,2500,83,2495.04,2308
2026-05-29 11:05:00,2500,2505,2500,2505,37,2495.1,2308
2026-05-29 11:10:00,2500,2500,2485,2485,140,2495.05,2308
2026-05-29 11:15:00,2490,2495,2485,2495,130,2494.94,2308
2026-05-29 11:20:00,2495,2495,2490,2495,23,2494.94,2308
2026-05-29 11:25:00,2495,2495,2490,2495,26,2494.93,2308
2026-05-29 11:30:00,2490,2495,2490,2495,39,2494.93,2308
2026-05-29 11:35:00,2495,2500,2495,2500,79,2494.96,2308
2026-05-29 11:40:00,2500,2505,2495,2495,95,2495.05,2308
2026-05-29 11:45:00,2500,2500,2490,2500,56,2495.08,2308
2026-05-29 11:50:00,2500,2500,2490,2495,49,2495.07,2308
2026-05-29 11:55:00,2490,2495,2490,2495,56,2495.05,2308
2026-05-29 12:00:00,2495,2500,2490,2500,82,2495.05,2308
2026-05-29 12:05:00,2500,2500,2490,2490,68,2495.06,2308
2026-05-29 12:10:00,2490,2495,2490,2495,43,2495.04,2308
2026-05-29 12:15:00,2495,2495,2490,2490,53,2495.03,2308
2026-05-29 12:20:00,2495,2505,2490,2505,214,2495.16,2308
2026-05-29 12:25:00,2500,2505,2495,2500,81,2495.22,2308
2026-05-29 12:30:00,2500,2500,2495,2500,43,2495.24,2308
2026-05-29 12:35:00,2500,2500,2495,2500,42,2495.25,2308
2026-05-29 12:40:00,2495,2500,2490,2490,124,2495.23,2308
2026-05-29 12:45:00,2495,2500,2490,2500,48,2495.24,2308
2026-05-29 12:50:00,2495,2500,2490,2495,93,2495.2,2308
2026-05-29 12:55:00,2490,2495,2485,2490,212,2495.04,2308
2026-05-29 13:00:00,2495,2495,2490,2490,61,2495.01,2308
2026-05-29 13:05:00,2495,2495,2485,2485,124,2494.93,2308
2026-05-29 13:10:00,2495,2495,2480,2490,232,2494.67,2308
2026-05-29 13:15:00,2490,2490,2480,2485,169,2494.46,2308
2026-05-29 13:20:00,2485,2495,2485,2485,181,2494.36,2308
2026-05-29 13:30:00,2445,2445,2445,2445,8689,2468.38,2308
2026-06-01 09:00:00,2450,2505,2450,2505,719,2468.09,2308
2026-06-01 09:05:00,2505,2520,2470,2470,314,2479.14,2308
2026-06-01 09:10:00,2470,2485,2470,2485,178,2479.12,2308
2026-06-01 09:15:00,2485,2485,2460,2465,212,2478.31,2308
2026-06-01 09:20:00,2465,2465,2460,2465,78,2477.5,2308
2026-06-01 09:25:00,2465,2465,2460,2465,92,2476.68,2308
2026-06-01 09:30:00,2465,2475,2455,2455,220,2475.01,2308
2026-06-01 09:35:00,2455,2460,2450,2450,120,2473.67,2308
2026-06-01 09:40:00,2450,2455,2450,2455,56,2473.09,2308
2026-06-01 09:45:00,2455,2460,2445,2455,345,2469.69,2308
2026-06-01 09:50:00,2455,2465,2445,2460,271,2467.88,2308
2026-06-01 09:55:00,2465,2470,2460,2465,57,2467.8,2308
2026-06-01 10:00:00,2465,2465,2455,2455,82,2467.53,2308
2026-06-01 10:05:00,2455,2460,2445,2455,124,2466.77,2308
2026-06-01 10:10:00,2450,2455,2450,2450,50,2466.53,2308
2026-06-01 10:15:00,2455,2470,2450,2470,140,2466.15,2308
2026-06-01 10:20:00,2465,2480,2465,2475,165,2466.54,2308
2026-06-01 10:25:00,2475,2485,2475,2485,142,2467.1,2308
2026-06-01 10:30:00,2485,2485,2465,2465,134,2467.36,2308
2026-06-01 10:35:00,2460,2460,2455,2455,70,2467.16,2308
2026-06-01 10:40:00,2455,2460,2450,2455,84,2466.86,2308
2026-06-01 10:45:00,2460,2460,2445,2445,153,2466.2,2308
2026-06-01 10:50:00,2450,2450,2425,2430,471,2463.27,2308
2026-06-01 10:55:00,2425,2435,2425,2425,230,2461.54,2308
2026-06-01 11:00:00,2435,2435,2420,2425,109,2460.71,2308
2026-06-01 11:05:00,2425,2425,2420,2425,103,2459.87,2308
2026-06-01 11:10:00,2425,2425,2410,2410,193,2458.13,2308
2026-06-01 11:15:00,2415,2425,2410,2420,78,2457.53,2308
2026-06-01 11:20:00,2425,2425,2415,2425,65,2457.04,2308
2026-06-01 11:25:00,2425,2425,2415,2420,76,2456.49,2308
2026-06-01 11:30:00,2420,2435,2420,2430,62,2456.17,2308
2026-06-01 11:35:00,2430,2430,2420,2420,57,2455.82,2308
2026-06-01 11:40:00,2420,2425,2415,2415,64,2455.39,2308
2026-06-01 11:45:00,2415,2430,2415,2430,112,2454.74,2308
2026-06-01 11:50:00,2430,2435,2420,2430,51,2454.5,2308
2026-06-01 11:55:00,2430,2435,2420,2425,37,2454.31,2308
2026-06-01 12:00:00,2430,2430,2420,2425,58,2454.02,2308
2026-06-01 12:05:00,2420,2430,2420,2420,39,2453.8,2308
2026-06-01 12:10:00,2425,2430,2420,2420,60,2453.49,2308
2026-06-01 12:15:00,2420,2425,2420,2420,64,2453.13,2308
2026-06-01 12:20:00,2415,2425,2415,2420,88,2452.63,2308
2026-06-01 12:25:00,2420,2435,2420,2430,92,2452.23,2308
2026-06-01 12:30:00,2430,2430,2420,2425,58,2451.97,2308
2026-06-01 12:35:00,2430,2435,2420,2430,107,2451.55,2308
2026-06-01 12:40:00,2430,2440,2425,2435,95,2451.26,2308
2026-06-01 12:45:00,2435,2440,2430,2430,59,2451.09,2308
2026-06-01 12:50:00,2435,2440,2430,2430,68,2450.89,2308
2026-06-01 12:55:00,2435,2435,2425,2430,82,2450.61,2308
2026-06-01 13:00:00,2430,2430,2425,2430,97,2450.24,2308
2026-06-01 13:05:00,2430,2430,2420,2420,174,2449.52,2308
2026-06-01 13:10:00,2425,2435,2420,2435,327,2448.5,2308
2026-06-01 13:15:00,2440,2450,2435,2445,205,2448.33,2308
2026-06-01 13:20:00,2445,2445,2430,2440,144,2448.12,2308
2026-06-01 13:30:00,2420,2420,2420,2420,703,2445.66,2308
2026-06-02 09:00:00,2430,2440,2385,2385,1693,2423.26,2308
2026-06-02 09:05:00,2390,2400,2380,2395,404,2416.26,2308
2026-06-02 09:10:00,2395,2440,2395,2420,548,2416.98,2308
2026-06-02 09:15:00,2420,2435,2415,2430,318,2417.74,2308
2026-06-02 09:20:00,2430,2455,2420,2420,465,2420.4,2308
2026-06-02 09:25:00,2420,2430,2400,2425,209,2419.96,2308
2026-06-02 09:30:00,2430,2430,2420,2425,85,2420.09,2308
2026-06-02 09:35:00,2430,2435,2425,2425,126,2420.38,2308
2026-06-02 09:40:00,2425,2425,2415,2420,198,2420.29,2308
2026-06-02 09:45:00,2415,2420,2395,2400,285,2419.41,2308
2026-06-02 09:50:00,2400,2420,2395,2415,320,2418.8,2308
2026-06-02 09:55:00,2415,2415,2390,2390,160,2418.15,2308
2026-06-02 10:00:00,2400,2400,2385,2400,182,2417.12,2308
2026-06-02 10:05:00,2395,2395,2380,2385,215,2415.79,2308
2026-06-02 10:10:00,2385,2390,2375,2380,238,2414.25,2308
2026-06-02 10:15:00,2375,2385,2375,2380,145,2413.36,2308
2026-06-02 10:20:00,2380,2385,2375,2375,90,2412.81,2308
2026-06-02 10:25:00,2375,2380,2365,2375,294,2410.78,2308
2026-06-02 10:30:00,2375,2385,2375,2385,70,2410.44,2308
2026-06-02 10:35:00,2380,2390,2380,2390,83,2410.11,2308
2026-06-02 10:40:00,2390,2390,2380,2385,91,2409.76,2308
2026-06-02 10:45:00,2380,2385,2375,2375,75,2409.41,2308
2026-06-02 10:50:00,2380,2385,2370,2375,86,2408.97,2308
2026-06-02 10:55:00,2370,2375,2370,2370,74,2408.54,2308
2026-06-02 11:00:00,2375,2385,2365,2380,234,2407.42,2308
2026-06-02 11:05:00,2380,2385,2370,2380,52,2407.2,2308
2026-06-02 11:10:00,2375,2380,2370,2375,42,2407.01,2308
2026-06-02 11:15:00,2380,2380,2355,2355,285,2405.25,2308
2026-06-02 11:20:00,2355,2360,2345,2345,281,2403.18,2308
2026-06-02 11:25:00,2345,2350,2335,2335,149,2401.9,2308
2026-06-02 11:30:00,2335,2360,2330,2340,236,2400.2,2308
2026-06-02 11:35:00,2345,2360,2345,2350,66,2399.77,2308
2026-06-02 11:40:00,2350,2355,2345,2345,57,2399.4,2308
2026-06-02 11:45:00,2345,2355,2345,2350,106,2398.73,2308
2026-06-02 11:50:00,2350,2355,2350,2350,43,2398.48,2308
2026-06-02 11:55:00,2350,2355,2345,2355,82,2397.98,2308
2026-06-02 12:00:00,2350,2355,2350,2350,39,2397.76,2308
2026-06-02 12:05:00,2350,2360,2345,2345,124,2397.09,2308
2026-06-02 12:10:00,2345,2355,2345,2355,87,2396.6,2308
2026-06-02 12:15:00,2350,2355,2345,2345,55,2396.29,2308
2026-06-02 12:20:00,2345,2350,2340,2340,124,2395.53,2308
2026-06-02 12:25:00,2340,2355,2340,2350,250,2394.18,2308
2026-06-02 12:30:00,2350,2355,2345,2345,74,2393.81,2308
2026-06-02 12:35:00,2345,2355,2345,2355,41,2393.61,2308
2026-06-02 12:40:00,2350,2360,2350,2355,79,2393.26,2308
2026-06-02 12:45:00,2355,2360,2355,2355,63,2393.0,2308
2026-06-02 12:50:00,2355,2360,2350,2350,86,2392.64,2308
2026-06-02 12:55:00,2350,2360,2350,2360,108,2392.21,2308
2026-06-02 13:00:00,2355,2360,2355,2355,125,2391.72,2308
2026-06-02 13:05:00,2355,2360,2355,2355,74,2391.44,2308
2026-06-02 13:10:00,2355,2360,2350,2350,255,2390.47,2308
2026-06-02 13:15:00,2350,2355,2345,2345,305,2389.2,2308
2026-06-02 13:20:00,2345,2360,2345,2350,335,2387.98,2308
2026-06-02 13:30:00,2360,2360,2360,2360,634,2386.36,2308
2026-06-03 09:00:00,2420,2455,2415,2430,1333,2432.81,2308
2026-06-03 09:05:00,2430,2450,2425,2445,514,2434.52,2308
2026-06-03 09:10:00,2445,2450,2440,2445,249,2435.67,2308
2026-06-03 09:15:00,2440,2445,2430,2440,179,2435.82,2308
2026-06-03 09:20:00,2440,2440,2420,2420,176,2435.28,2308
2026-06-03 09:25:00,2425,2435,2415,2435,261,2434.16,2308
2026-06-03 09:30:00,2435,2445,2430,2445,192,2434.43,2308
2026-06-03 09:35:00,2445,2455,2440,2440,604,2436.85,2308
2026-06-03 09:40:00,2440,2460,2440,2455,263,2438.02,2308
2026-06-03 09:45:00,2455,2455,2430,2430,153,2438.12,2308
2026-06-03 09:50:00,2430,2430,2420,2430,107,2437.81,2308
2026-06-03 09:55:00,2430,2460,2425,2455,514,2439.17,2308
2026-06-03 10:00:00,2455,2460,2440,2445,103,2439.38,2308
2026-06-03 10:05:00,2440,2450,2440,2440,77,2439.48,2308
2026-06-03 10:10:00,2440,2445,2435,2440,87,2439.47,2308
2026-06-03 10:15:00,2440,2440,2435,2440,40,2439.47,2308
2026-06-03 10:20:00,2440,2440,2425,2425,157,2439.22,2308
2026-06-03 10:25:00,2425,2430,2415,2415,156,2438.69,2308
2026-06-03 10:30:00,2415,2420,2410,2410,129,2438.12,2308
2026-06-03 10:35:00,2415,2420,2410,2420,85,2437.73,2308
2026-06-03 10:40:00,2420,2420,2415,2415,51,2437.53,2308
2026-06-03 10:45:00,2415,2420,2415,2415,45,2437.35,2308
2026-06-03 10:50:00,2415,2425,2415,2420,166,2436.8,2308
2026-06-03 10:55:00,2415,2425,2415,2420,38,2436.68,2308
2026-06-03 11:00:00,2425,2440,2420,2440,167,2436.49,2308
2026-06-03 11:05:00,2440,2450,2440,2445,126,2436.64,2308
2026-06-03 11:10:00,2440,2445,2430,2435,178,2436.66,2308
2026-06-03 11:15:00,2435,2435,2430,2435,30,2436.63,2308
2026-06-03 11:20:00,2435,2435,2430,2435,25,2436.62,2308
2026-06-03 11:25:00,2430,2435,2425,2430,125,2436.48,2308
2026-06-03 11:30:00,2430,2435,2425,2435,30,2436.45,2308
2026-06-03 11:35:00,2430,2435,2430,2430,42,2436.41,2308
2026-06-03 11:40:00,2430,2445,2430,2440,129,2436.41,2308
2026-06-03 11:45:00,2440,2445,2440,2440,25,2436.43,2308
2026-06-03 11:50:00,2440,2440,2435,2440,109,2436.48,2308
2026-06-03 11:55:00,2440,2445,2435,2445,71,2436.52,2308
2026-06-03 12:00:00,2445,2445,2440,2440,33,2436.55,2308
2026-06-03 12:05:00,2440,2445,2440,2440,99,2436.62,2308
2026-06-03 12:10:00,2440,2445,2440,2445,66,2436.67,2308
2026-06-03 12:15:00,2440,2440,2435,2435,95,2436.7,2308
2026-06-03 12:20:00,2435,2440,2430,2435,114,2436.68,2308
2026-06-03 12:25:00,2440,2440,2435,2440,58,2436.68,2308
2026-06-03 12:30:00,2435,2445,2435,2445,92,2436.74,2308
2026-06-03 12:35:00,2445,2445,2435,2440,130,2436.79,2308
2026-06-03 12:40:00,2435,2440,2435,2435,48,2436.79,2308
2026-06-03 12:45:00,2440,2440,2435,2440,55,2436.79,2308
2026-06-03 12:50:00,2440,2440,2435,2435,50,2436.79,2308
2026-06-03 12:55:00,2435,2440,2430,2435,169,2436.73,2308
2026-06-03 13:00:00,2430,2435,2425,2425,171,2436.59,2308
2026-06-03 13:05:00,2425,2440,2425,2435,257,2436.41,2308
2026-06-03 13:10:00,2435,2440,2435,2435,88,2436.42,2308
2026-06-03 13:15:00,2440,2440,2435,2435,171,2436.41,2308
2026-06-03 13:20:00,2435,2445,2430,2440,224,2436.42,2308
2026-06-03 13:30:00,2455,2455,2455,2455,902,2438.17,2308
2026-06-04 09:00:00,2440,2445,2405,2420,736,2427.72,2308
2026-06-04 09:05:00,2420,2430,2415,2425,139,2426.83,2308
2026-06-04 09:10:00,2425,2465,2425,2450,426,2435.53,2308
2026-06-04 09:15:00,2450,2460,2440,2445,202,2437.5,2308
2026-06-04 09:20:00,2445,2465,2430,2440,285,2440.05,2308
2026-06-04 09:25:00,2450,2450,2435,2450,109,2440.22,2308
2026-06-04 09:30:00,2450,2465,2450,2460,217,2441.9,2308
2026-06-04 09:35:00,2460,2465,2440,2440,119,2442.65,2308
2026-06-04 09:40:00,2445,2455,2440,2445,167,2442.96,2308
2026-06-04 09:45:00,2440,2450,2430,2450,179,2442.82,2308
2026-06-04 09:50:00,2455,2455,2430,2430,123,2442.76,2308
2026-06-04 09:55:00,2435,2440,2430,2435,39,2442.65,2308
2026-06-04 10:00:00,2430,2435,2415,2415,192,2441.25,2308
2026-06-04 10:05:00,2415,2435,2405,2430,228,2439.43,2308
2026-06-04 10:10:00,2430,2435,2420,2420,50,2439.24,2308
2026-06-04 10:15:00,2420,2420,2410,2420,60,2438.85,2308
2026-06-04 10:20:00,2420,2430,2420,2420,57,2438.58,2308
2026-06-04 10:25:00,2425,2445,2420,2440,124,2438.45,2308
2026-06-04 10:30:00,2435,2435,2420,2420,80,2438.18,2308
2026-06-04 10:35:00,2425,2425,2410,2415,98,2437.54,2308
2026-06-04 10:40:00,2425,2425,2415,2425,49,2437.3,2308
2026-06-04 10:45:00,2430,2435,2420,2430,69,2437.12,2308
2026-06-04 10:50:00,2425,2430,2420,2425,38,2437.0,2308
2026-06-04 10:55:00,2425,2425,2420,2420,16,2436.94,2308
2026-06-04 11:00:00,2425,2425,2420,2420,31,2436.82,2308
2026-06-04 11:05:00,2420,2430,2415,2430,88,2436.49,2308
2026-06-04 11:10:00,2430,2435,2425,2425,42,2436.42,2308
2026-06-04 11:15:00,2430,2435,2430,2430,29,2436.38,2308
2026-06-04 11:20:00,2430,2435,2425,2430,69,2436.27,2308
2026-06-04 11:25:00,2430,2430,2420,2425,71,2436.07,2308
2026-06-04 11:30:00,2430,2430,2425,2430,30,2436.01,2308
2026-06-04 11:35:00,2425,2430,2425,2430,67,2435.91,2308
2026-06-04 11:40:00,2425,2430,2420,2425,44,2435.8,2308
2026-06-04 11:45:00,2425,2430,2420,2430,83,2435.65,2308
2026-06-04 11:50:00,2430,2430,2425,2430,27,2435.59,2308
2026-06-04 11:55:00,2430,2455,2430,2450,304,2435.79,2308
2026-06-04 12:00:00,2450,2450,2440,2445,68,2435.94,2308
2026-06-04 12:05:00,2450,2460,2450,2455,227,2436.79,2308
2026-06-04 12:10:00,2455,2465,2455,2455,207,2437.7,2308
2026-06-04 12:15:00,2455,2460,2455,2455,93,2438.09,2308
2026-06-04 12:20:00,2455,2460,2455,2455,68,2438.32,2308
2026-06-04 12:25:00,2460,2460,2445,2450,93,2438.53,2308
2026-06-04 12:30:00,2445,2455,2445,2450,77,2438.69,2308
2026-06-04 12:35:00,2450,2455,2445,2445,82,2438.88,2308
2026-06-04 12:40:00,2445,2455,2445,2450,55,2439.01,2308
2026-06-04 12:45:00,2450,2455,2450,2450,118,2439.25,2308
2026-06-04 12:50:00,2450,2455,2450,2450,102,2439.51,2308
2026-06-04 12:55:00,2455,2455,2450,2455,49,2439.62,2308
2026-06-04 13:00:00,2450,2455,2445,2445,146,2439.86,2308
2026-06-04 13:05:00,2450,2450,2440,2445,100,2439.95,2308
2026-06-04 13:10:00,2445,2445,2435,2435,134,2439.95,2308
2026-06-04 13:15:00,2440,2450,2435,2440,256,2440.06,2308
2026-06-04 13:20:00,2445,2445,2435,2435,137,2439.99,2308
2026-06-04 13:30:00,2425,2425,2425,2425,748,2438.48,2308
2026-06-05 09:00:00,2380,2380,2340,2350,1209,2365.07,2308
2026-06-05 09:05:00,2350,2355,2310,2315,682,2354.1,2308
2026-06-05 09:10:00,2310,2335,2310,2325,322,2349.89,2308
2026-06-05 09:15:00,2325,2330,2310,2320,338,2345.61,2308
2026-06-05 09:20:00,2320,2320,2275,2280,724,2335.28,2308
2026-06-05 09:25:00,2280,2310,2275,2310,295,2331.24,2308
2026-06-05 09:30:00,2310,2330,2310,2325,185,2330.8,2308
2026-06-05 09:35:00,2325,2340,2325,2330,155,2330.9,2308
2026-06-05 09:40:00,2330,2335,2325,2330,84,2330.86,2308
2026-06-05 09:45:00,2325,2335,2320,2325,125,2330.71,2308
2026-06-05 09:50:00,2320,2340,2320,2340,161,2330.72,2308
2026-06-05 09:55:00,2335,2340,2330,2340,121,2330.87,2308
2026-06-05 10:00:00,2340,2345,2330,2335,113,2330.96,2308
2026-06-05 10:05:00,2335,2345,2330,2330,107,2331.1,2308
2026-06-05 10:10:00,2335,2350,2335,2340,220,2331.75,2308
2026-06-05 10:15:00,2340,2355,2335,2355,118,2332.15,2308
2026-06-05 10:20:00,2355,2355,2345,2350,85,2332.45,2308
2026-06-05 10:25:00,2350,2370,2350,2360,192,2333.46,2308
2026-06-05 10:30:00,2360,2365,2355,2360,119,2334.04,2308
2026-06-05 10:35:00,2360,2365,2345,2350,210,2334.92,2308
2026-06-05 10:40:00,2345,2360,2340,2350,128,2335.15,2308
2026-06-05 10:45:00,2350,2355,2345,2345,113,2335.42,2308
2026-06-05 10:50:00,2345,2350,2340,2345,159,2335.73,2308
2026-06-05 10:55:00,2345,2350,2340,2340,52,2335.8,2308
2026-06-05 11:00:00,2340,2345,2335,2340,99,2335.86,2308
2026-06-05 11:05:00,2335,2345,2335,2340,61,2335.89,2308
2026-06-05 11:10:00,2335,2345,2335,2335,69,2335.92,2308
2026-06-05 11:15:00,2335,2340,2330,2335,64,2335.91,2308
2026-06-05 11:20:00,2330,2335,2330,2330,93,2335.83,2308
2026-06-05 11:25:00,2330,2330,2320,2320,199,2335.52,2308
2026-06-05 11:30:00,2320,2325,2320,2320,75,2335.35,2308
2026-06-05 11:35:00,2320,2320,2310,2320,138,2334.95,2308
2026-06-05 11:40:00,2315,2315,2305,2315,180,2334.31,2308
2026-06-05 11:45:00,2305,2315,2300,2300,153,2333.73,2308
2026-06-05 11:50:00,2300,2305,2295,2295,210,2332.77,2308
2026-06-05 11:55:00,2295,2305,2295,2300,253,2331.68,2308
2026-06-05 12:00:00,2305,2310,2300,2300,83,2331.38,2308
2026-06-05 12:05:00,2300,2305,2295,2295,79,2331.05,2308
2026-06-05 12:10:00,2295,2300,2295,2295,91,2330.65,2308
2026-06-05 12:15:00,2295,2300,2295,2295,64,2330.36,2308
2026-06-05 12:20:00,2295,2300,2295,2295,90,2329.97,2308
2026-06-05 12:25:00,2295,2305,2295,2295,181,2329.31,2308
2026-06-05 12:30:00,2295,2305,2295,2300,99,2328.93,2308
2026-06-05 12:35:00,2300,2310,2295,2310,145,2328.44,2308
2026-06-05 12:40:00,2305,2315,2300,2305,141,2328.07,2308
2026-06-05 12:45:00,2300,2310,2300,2310,86,2327.82,2308
2026-06-05 12:50:00,2305,2310,2305,2305,69,2327.65,2308
2026-06-05 12:55:00,2305,2315,2305,2305,128,2327.37,2308
2026-06-05 13:00:00,2310,2310,2300,2300,154,2326.97,2308
2026-06-05 13:05:00,2300,2310,2300,2300,134,2326.64,2308
2026-06-05 13:10:00,2305,2305,2300,2300,132,2326.28,2308
2026-06-05 13:15:00,2300,2310,2300,2305,303,2325.54,2308
2026-06-05 13:20:00,2310,2310,2300,2305,163,2325.17,2308
2026-06-05 13:30:00,2300,2300,2300,2300,754,2323.36,2308
2026-06-08 09:00:00,2090,2160,2090,2160,3033,2102.78,2308
2026-06-08 09:05:00,2160,2215,2155,2215,991,2122.47,2308
2026-06-08 09:10:00,2210,2215,2190,2210,383,2129.47,2308
2026-06-08 09:15:00,2210,2210,2180,2180,483,2135.85,2308
2026-06-08 09:20:00,2185,2195,2175,2180,356,2139.14,2308
2026-06-08 09:25:00,2175,2185,2160,2160,307,2140.95,2308
2026-06-08 09:30:00,2160,2180,2160,2160,337,2142.41,2308
2026-06-08 09:35:00,2165,2165,2150,2165,433,2143.4,2308
2026-06-08 09:40:00,2165,2175,2155,2165,265,2144.25,2308
2026-06-08 09:45:00,2165,2180,2165,2165,140,2144.83,2308
2026-06-08 09:50:00,2170,2180,2160,2165,306,2145.98,2308
2026-06-08 09:55:00,2170,2170,2160,2165,189,2146.47,2308
2026-06-08 10:00:00,2160,2170,2155,2170,257,2147.06,2308
2026-06-08 10:05:00,2165,2175,2165,2175,183,2147.63,2308
2026-06-08 10:10:00,2170,2190,2165,2185,302,2148.91,2308
2026-06-08 10:15:00,2185,2185,2175,2180,189,2149.61,2308
2026-06-08 10:20:00,2180,2190,2175,2175,145,2150.13,2308
2026-06-08 10:25:00,2185,2200,2185,2200,126,2150.78,2308
2026-06-08 10:30:00,2195,2195,2180,2190,241,2151.8,2308
2026-06-08 10:35:00,2195,2195,2180,2185,203,2152.6,2308
2026-06-08 10:40:00,2185,2185,2170,2175,251,2153.29,2308
2026-06-08 10:45:00,2180,2200,2175,2195,101,2153.68,2308
2026-06-08 10:50:00,2190,2200,2180,2195,151,2154.27,2308
2026-06-08 10:55:00,2195,2205,2190,2200,195,2155.15,2308
2026-06-08 11:00:00,2200,2210,2200,2205,108,2155.7,2308
2026-06-08 11:05:00,2205,2215,2200,2215,128,2156.38,2308
2026-06-08 11:10:00,2210,2215,2195,2195,225,2157.46,2308
2026-06-08 11:15:00,2195,2205,2185,2195,159,2158.02,2308
2026-06-08 11:20:00,2190,2220,2190,2215,227,2159.09,2308
2026-06-08 11:25:00,2215,2220,2210,2210,76,2159.49,2308
2026-06-08 11:30:00,2215,2220,2210,2215,50,2159.75,2308
2026-06-08 11:35:00,2210,2220,2210,2215,75,2160.15,2308
2026-06-08 11:40:00,2215,2220,2210,2215,61,2160.45,2308
2026-06-08 11:45:00,2210,2220,2210,2220,73,2160.82,2308
2026-06-08 11:50:00,2215,2230,2215,2230,134,2161.56,2308
2026-06-08 11:55:00,2225,2230,2215,2220,81,2162.01,2308
2026-06-08 12:00:00,2215,2225,2215,2220,90,2162.5,2308
2026-06-08 12:05:00,2225,2225,2215,2225,185,2163.46,2308
2026-06-08 12:10:00,2220,2225,2215,2215,79,2163.85,2308
2026-06-08 12:15:00,2220,2225,2215,2220,117,2164.43,2308
2026-06-08 12:20:00,2215,2225,2210,2215,98,2164.88,2308
2026-06-08 12:25:00,2210,2225,2210,2225,104,2165.34,2308
2026-06-08 12:30:00,2220,2230,2220,2230,116,2165.93,2308
2026-06-08 12:35:00,2225,2235,2225,2235,115,2166.54,2308
2026-06-08 12:40:00,2230,2235,2215,2220,171,2167.36,2308
2026-06-08 12:45:00,2215,2230,2215,2220,116,2167.89,2308
2026-06-08 12:50:00,2220,2240,2220,2235,103,2168.44,2308
2026-06-08 12:55:00,2235,2235,2230,2230,73,2168.82,2308
2026-06-08 13:00:00,2230,2250,2230,2245,150,2169.7,2308
2026-06-08 13:05:00,2240,2250,2240,2245,100,2170.29,2308
2026-06-08 13:10:00,2245,2250,2235,2240,144,2171.1,2308
2026-06-08 13:15:00,2245,2255,2240,2250,115,2171.77,2308
2026-06-08 13:20:00,2250,2260,2245,2255,135,2172.59,2308
2026-06-08 13:30:00,2255,2255,2255,2255,571,2176.07,2308
2026-06-09 09:00:00,2265,2265,2215,2255,1856,2249.67,2308
2026-06-09 09:05:00,2255,2295,2250,2285,784,2259.02,2308
2026-06-09 09:10:00,2280,2295,2270,2275,292,2261.6,2308
2026-06-09 09:15:00,2275,2285,2265,2275,326,2262.64,2308
2026-06-09 09:20:00,2270,2330,2270,2330,593,2269.42,2308
2026-06-09 09:25:00,2330,2350,2320,2320,557,2278.09,2308
2026-06-09 09:30:00,2325,2340,2315,2340,216,2280.54,2308
2026-06-09 09:35:00,2335,2360,2335,2355,399,2286.04,2308
2026-06-09 09:40:00,2350,2360,2345,2355,459,2291.75,2308
2026-06-09 09:45:00,2355,2370,2350,2370,315,2295.46,2308
2026-06-09 09:50:00,2370,2370,2355,2360,269,2298.56,2308
2026-06-09 09:55:00,2360,2385,2355,2380,372,2302.87,2308
2026-06-09 10:00:00,2380,2385,2360,2365,237,2305.35,2308
2026-06-09 10:05:00,2360,2385,2360,2385,258,2307.86,2308
2026-06-09 10:10:00,2385,2410,2380,2405,637,2315.19,2308
2026-06-09 10:15:00,2400,2405,2375,2380,274,2317.85,2308
2026-06-09 10:20:00,2380,2395,2380,2390,212,2319.76,2308
2026-06-09 10:25:00,2390,2410,2385,2410,261,2322.27,2308
2026-06-09 10:30:00,2405,2415,2400,2410,365,2325.96,2308
2026-06-09 10:35:00,2410,2415,2395,2400,181,2327.6,2308
2026-06-09 10:40:00,2400,2405,2395,2400,98,2328.41,2308
2026-06-09 10:45:00,2400,2410,2390,2410,306,2330.84,2308
2026-06-09 10:50:00,2410,2410,2405,2410,93,2331.59,2308
2026-06-09 10:55:00,2405,2410,2390,2395,149,2332.68,2308
2026-06-09 11:00:00,2400,2405,2390,2400,145,2333.63,2308
2026-06-09 11:05:00,2400,2410,2400,2400,167,2334.83,2308
2026-06-09 11:10:00,2400,2405,2400,2405,178,2336.05,2308
2026-06-09 11:15:00,2400,2405,2400,2405,77,2336.57,2308
2026-06-09 11:20:00,2400,2420,2400,2415,385,2339.38,2308
2026-06-09 11:25:00,2415,2430,2410,2430,348,2342.04,2308
2026-06-09 11:30:00,2430,2435,2425,2435,218,2343.83,2308
2026-06-09 11:35:00,2435,2435,2420,2425,181,2345.17,2308
2026-06-09 11:40:00,2425,2425,2415,2420,124,2345.99,2308
2026-06-09 11:45:00,2415,2420,2415,2420,56,2346.35,2308
2026-06-09 11:50:00,2420,2420,2415,2420,116,2347.05,2308
2026-06-09 11:55:00,2420,2420,2410,2415,61,2347.41,2308
2026-06-09 12:00:00,2420,2420,2415,2415,87,2347.92,2308
2026-06-09 12:05:00,2415,2420,2415,2420,41,2348.17,2308
2026-06-09 12:10:00,2415,2420,2415,2420,62,2348.53,2308
2026-06-09 12:15:00,2415,2420,2415,2420,67,2348.92,2308
2026-06-09 12:20:00,2415,2420,2410,2420,236,2350.22,2308
2026-06-09 12:25:00,2415,2420,2415,2420,24,2350.36,2308
2026-06-09 12:30:00,2415,2420,2415,2420,79,2350.79,2308
2026-06-09 12:35:00,2415,2420,2415,2415,65,2351.14,2308
2026-06-09 12:40:00,2420,2420,2415,2415,120,2351.78,2308
2026-06-09 12:45:00,2415,2420,2415,2420,154,2352.6,2308
2026-06-09 12:50:00,2415,2420,2415,2415,39,2352.8,2308
2026-06-09 12:55:00,2420,2420,2415,2420,93,2353.28,2308
2026-06-09 13:00:00,2415,2420,2415,2420,109,2353.84,2308
2026-06-09 13:05:00,2420,2420,2415,2420,109,2354.39,2308
2026-06-09 13:10:00,2420,2430,2415,2430,342,2356.15,2308
2026-06-09 13:15:00,2425,2430,2420,2425,258,2357.44,2308
2026-06-09 13:20:00,2425,2425,2420,2425,224,2358.49,2308
2026-06-09 13:30:00,2415,2415,2415,2415,890,2361.94,2308
2026-06-10 09:00:00,2370,2410,2370,2375,1540,2379.31,2308
2026-06-10 09:05:00,2375,2385,2340,2340,696,2374.28,2308
2026-06-10 09:10:00,2340,2365,2340,2355,498,2369.69,2308
2026-06-10 09:15:00,2355,2355,2335,2350,533,2365.56,2308
2026-06-10 09:20:00,2345,2350,2340,2340,243,2363.99,2308
2026-06-10 09:25:00,2340,2350,2340,2345,211,2362.86,2308
2026-06-10 09:30:00,2340,2345,2325,2335,612,2358.71,2308
2026-06-10 09:35:00,2335,2335,2320,2325,309,2356.6,2308
2026-06-10 09:40:00,2320,2325,2315,2315,342,2354.03,2308
2026-06-10 09:45:00,2315,2315,2300,2315,403,2350.53,2308
2026-06-10 09:50:00,2310,2310,2295,2295,437,2346.71,2308
2026-06-10 09:55:00,2295,2305,2290,2295,300,2344.29,2308
2026-06-10 10:00:00,2290,2295,2285,2285,366,2341.14,2308
2026-06-10 10:05:00,2285,2285,2270,2270,436,2337.19,2308
2026-06-10 10:10:00,2270,2295,2265,2290,522,2332.61,2308
2026-06-10 10:15:00,2290,2290,2280,2280,151,2331.64,2308
2026-06-10 10:20:00,2285,2290,2280,2285,106,2330.97,2308
2026-06-10 10:25:00,2285,2295,2280,2295,148,2330.13,2308
2026-06-10 10:30:00,2290,2295,2285,2290,121,2329.53,2308
2026-06-10 10:35:00,2290,2295,2285,2285,99,2329.02,2308
2026-06-10 10:40:00,2285,2290,2280,2285,79,2328.6,2308
2026-06-10 10:45:00,2290,2290,2280,2280,122,2327.99,2308
2026-06-10 10:50:00,2280,2285,2265,2270,291,2326.13,2308
2026-06-10 10:55:00,2270,2275,2265,2270,204,2324.78,2308
2026-06-10 11:00:00,2270,2275,2270,2275,66,2324.39,2308
2026-06-10 11:05:00,2275,2290,2270,2285,145,2323.69,2308
2026-06-10 11:10:00,2285,2290,2280,2280,70,2323.39,2308
2026-06-10 11:15:00,2285,2290,2275,2280,162,2322.69,2308
2026-06-10 11:20:00,2275,2285,2275,2280,66,2322.38,2308
2026-06-10 11:25:00,2280,2280,2275,2280,141,2321.68,2308
2026-06-10 11:30:00,2275,2280,2275,2275,36,2321.51,2308
2026-06-10 11:35:00,2275,2280,2265,2265,218,2320.36,2308
2026-06-10 11:40:00,2265,2270,2260,2260,234,2319.04,2308
2026-06-10 11:45:00,2265,2265,2255,2255,228,2317.69,2308
2026-06-10 11:50:00,2255,2260,2255,2255,57,2317.35,2308
2026-06-10 11:55:00,2255,2260,2255,2255,74,2316.91,2308
2026-06-10 12:00:00,2260,2260,2250,2250,305,2315.1,2308
2026-06-10 12:05:00,2250,2255,2235,2235,431,2312.37,2308
2026-06-10 12:10:00,2240,2240,2225,2225,231,2310.7,2308
2026-06-10 12:15:00,2225,2240,2225,2235,193,2309.36,2308
2026-06-10 12:20:00,2240,2245,2230,2235,106,2308.7,2308
2026-06-10 12:25:00,2230,2235,2225,2225,103,2308.0,2308
2026-06-10 12:30:00,2225,2230,2215,2220,316,2305.69,2308
2026-06-10 12:35:00,2220,2220,2215,2220,106,2304.91,2308
2026-06-10 12:40:00,2215,2220,2210,2215,202,2303.4,2308
2026-06-10 12:45:00,2210,2220,2210,2215,256,2301.56,2308
2026-06-10 12:50:00,2220,2220,2210,2215,273,2299.72,2308
2026-06-10 12:55:00,2215,2220,2215,2220,132,2298.89,2308
2026-06-10 13:00:00,2220,2220,2210,2220,276,2297.13,2308
2026-06-10 13:05:00,2215,2220,2205,2205,404,2294.64,2308
2026-06-10 13:10:00,2205,2210,2205,2205,165,2293.6,2308
2026-06-10 13:15:00,2210,2210,2200,2205,394,2291.12,2308
2026-06-10 13:20:00,2205,2205,2190,2190,713,2286.64,2308
2026-06-10 13:30:00,2200,2200,2200,2200,995,2281.2,2308
2026-06-11 09:00:00,2170,2200,2165,2190,1452,2175.0,2308
2026-06-11 09:05:00,2190,2190,2170,2180,330,2175.74,2308
2026-06-11 09:10:00,2180,2215,2175,2215,540,2180.13,2308
2026-06-11 09:15:00,2215,2230,2195,2200,824,2188.93,2308
2026-06-11 09:20:00,2200,2200,2185,2190,233,2189.16,2308
2026-06-11 09:25:00,2190,2195,2185,2195,175,2189.2,2308
2026-06-11 09:30:00,2190,2195,2175,2175,379,2188.66,2308
2026-06-11 09:35:00,2175,2185,2170,2180,170,2188.13,2308
2026-06-11 09:40:00,2180,2185,2170,2170,174,2187.73,2308
2026-06-11 09:45:00,2175,2175,2165,2165,184,2186.93,2308
2026-06-11 09:50:00,2165,2165,2150,2155,390,2184.47,2308
2026-06-11 09:55:00,2155,2155,2130,2130,356,2181.64,2308
2026-06-11 10:00:00,2130,2150,2120,2140,282,2179.38,2308
2026-06-11 10:05:00,2135,2140,2125,2135,167,2177.92,2308
2026-06-11 10:10:00,2130,2130,2120,2125,147,2176.6,2308
2026-06-11 10:15:00,2125,2130,2110,2115,374,2173.24,2308
2026-06-11 10:20:00,2115,2120,2095,2100,472,2168.38,2308
2026-06-11 10:25:00,2100,2105,2090,2090,284,2165.45,2308
2026-06-11 10:30:00,2090,2105,2080,2085,476,2160.74,2308
2026-06-11 10:35:00,2090,2105,2085,2105,336,2157.97,2308
2026-06-11 10:40:00,2100,2125,2095,2125,310,2156.12,2308
2026-06-11 10:45:00,2125,2140,2120,2120,286,2155.23,2308
2026-06-11 10:50:00,2120,2135,2110,2130,174,2154.57,2308
2026-06-11 10:55:00,2130,2145,2125,2140,171,2154.2,2308
2026-06-11 11:00:00,2140,2145,2135,2140,128,2153.98,2308
2026-06-11 11:05:00,2145,2145,2135,2140,84,2153.84,2308
2026-06-11 11:10:00,2140,2145,2125,2125,113,2153.59,2308
2026-06-11 11:15:00,2125,2130,2120,2120,36,2153.47,2308
2026-06-11 11:20:00,2120,2125,2105,2120,238,2152.45,2308
2026-06-11 11:25:00,2115,2125,2110,2125,107,2152.04,2308
2026-06-11 11:30:00,2120,2145,2115,2145,190,2151.55,2308
2026-06-11 11:35:00,2140,2145,2125,2135,119,2151.35,2308
2026-06-11 11:40:00,2140,2145,2140,2140,45,2151.31,2308
2026-06-11 11:45:00,2140,2145,2135,2140,85,2151.19,2308
2026-06-11 11:50:00,2135,2155,2135,2150,247,2151.11,2308
2026-06-11 11:55:00,2150,2165,2145,2160,106,2151.15,2308
2026-06-11 12:00:00,2165,2165,2155,2160,178,2151.32,2308
2026-06-11 12:05:00,2155,2170,2155,2165,190,2151.51,2308
2026-06-11 12:10:00,2165,2165,2160,2165,65,2151.59,2308
2026-06-11 12:15:00,2165,2165,2150,2155,127,2151.66,2308
2026-06-11 12:20:00,2150,2160,2150,2160,105,2151.69,2308
2026-06-11 12:25:00,2160,2160,2150,2155,108,2151.73,2308
2026-06-11 12:30:00,2155,2160,2155,2155,73,2151.76,2308
2026-06-11 12:35:00,2160,2165,2150,2165,225,2151.9,2308
2026-06-11 12:40:00,2165,2170,2160,2165,123,2152.07,2308
2026-06-11 12:45:00,2170,2175,2165,2170,175,2152.33,2308
2026-06-11 12:50:00,2165,2175,2160,2175,160,2152.51,2308
2026-06-11 12:55:00,2175,2175,2165,2170,106,2152.67,2308
2026-06-11 13:00:00,2175,2175,2165,2175,128,2152.84,2308
2026-06-11 13:05:00,2170,2175,2165,2170,138,2153.03,2308
2026-06-11 13:10:00,2165,2175,2165,2170,162,2153.23,2308
2026-06-11 13:15:00,2170,2175,2165,2170,152,2153.44,2308
2026-06-11 13:20:00,2170,2170,2155,2160,456,2153.73,2308
2026-06-11 13:30:00,2160,2160,2160,2160,1005,2154.18,2308
2026-06-12 09:00:00,2260,2280,2235,2245,1679,2259.71,2308
2026-06-12 09:05:00,2245,2245,2215,2220,632,2251.15,2308
2026-06-12 09:10:00,2220,2235,2210,2230,348,2247.09,2308
2026-06-12 09:15:00,2230,2245,2220,2225,230,2246.09,2308
2026-06-12 09:20:00,2225,2230,2200,2215,248,2243.32,2308
2026-06-12 09:25:00,2210,2210,2185,2185,282,2239.45,2308
2026-06-12 09:30:00,2185,2195,2185,2190,130,2237.64,2308
2026-06-12 09:35:00,2185,2185,2170,2175,174,2234.88,2308
2026-06-12 09:40:00,2175,2190,2170,2175,110,2233.3,2308
2026-06-12 09:45:00,2185,2190,2170,2185,272,2229.46,2308
2026-06-12 09:50:00,2185,2200,2180,2185,225,2227.55,2308
2026-06-12 09:55:00,2185,2195,2185,2190,26,2227.32,2308
2026-06-12 10:00:00,2190,2205,2190,2200,169,2226.24,2308
2026-06-12 10:05:00,2200,2215,2195,2210,154,2225.55,2308
2026-06-12 10:10:00,2205,2210,2195,2195,184,2224.72,2308
2026-06-12 10:15:00,2195,2210,2195,2210,83,2224.32,2308
2026-06-12 10:20:00,2210,2215,2205,2210,134,2223.92,2308
2026-06-12 10:25:00,2205,2210,2200,2210,75,2223.68,2308
2026-06-12 10:30:00,2210,2220,2210,2215,102,2223.47,2308
2026-06-12 10:35:00,2215,2230,2215,2225,103,2223.45,2308
2026-06-12 10:40:00,2225,2230,2215,2220,97,2223.45,2308
2026-06-12 10:45:00,2215,2220,2215,2215,31,2223.41,2308
2026-06-12 10:50:00,2215,2220,2215,2220,62,2223.34,2308
2026-06-12 10:55:00,2220,2225,2215,2220,90,2223.3,2308
2026-06-12 11:00:00,2225,2225,2220,2220,23,2223.3,2308
2026-06-12 11:05:00,2220,2225,2210,2210,97,2223.21,2308
2026-06-12 11:10:00,2210,2220,2210,2220,86,2223.07,2308
2026-06-12 11:15:00,2220,2220,2210,2215,53,2222.98,2308
2026-06-12 11:20:00,2210,2215,2200,2200,93,2222.73,2308
2026-06-12 11:25:00,2205,2210,2200,2200,73,2222.51,2308
2026-06-12 11:30:00,2200,2210,2200,2210,97,2222.25,2308
2026-06-12 11:35:00,2210,2225,2210,2220,120,2222.2,2308
2026-06-12 11:40:00,2220,2225,2215,2215,131,2222.18,2308
2026-06-12 11:45:00,2215,2220,2215,2215,32,2222.15,2308
2026-06-12 11:50:00,2215,2225,2215,2220,104,2222.14,2308
2026-06-12 11:55:00,2220,2230,2220,2230,120,2222.23,2308
2026-06-12 12:00:00,2225,2230,2225,2230,42,2222.26,2308
2026-06-12 12:05:00,2230,2235,2225,2230,159,2222.45,2308
2026-06-12 12:10:00,2230,2235,2230,2230,67,2222.55,2308
2026-06-12 12:15:00,2235,2235,2225,2225,121,2222.69,2308
2026-06-12 12:20:00,2225,2235,2225,2235,89,2222.78,2308
2026-06-12 12:25:00,2230,2240,2230,2240,96,2222.93,2308
2026-06-12 12:30:00,2235,2240,2235,2235,54,2223.05,2308
2026-06-12 12:35:00,2235,2245,2235,2245,128,2223.35,2308
2026-06-12 12:40:00,2240,2250,2235,2240,293,2224.15,2308
2026-06-12 12:45:00,2240,2240,2225,2225,87,2224.24,2308
2026-06-12 12:50:00,2225,2230,2225,2230,53,2224.27,2308
2026-06-12 12:55:00,2230,2230,2225,2225,50,2224.29,2308
2026-06-12 13:00:00,2225,2230,2215,2220,202,2224.25,2308
2026-06-12 13:05:00,2220,2220,2215,2215,125,2224.11,2308
2026-06-12 13:10:00,2210,2215,2210,2210,76,2223.99,2308
2026-06-12 13:15:00,2210,2215,2210,2215,87,2223.86,2308
2026-06-12 13:20:00,2210,2215,2205,2210,168,2223.6,2308
2026-06-12 13:30:00,2215,2215,2215,2215,645,2223.0,2308
2026-06-15 09:00:00,2310,2320,2260,2295,1390,2299.71,2308
2026-06-15 09:05:00,2295,2295,2255,2255,361,2294.11,2308
2026-06-15 09:10:00,2255,2265,2240,2255,339,2287.36,2308
2026-06-15 09:15:00,2255,2265,2250,2255,271,2283.97,2308
2026-06-15 09:20:00,2250,2255,2240,2250,216,2280.91,2308
2026-06-15 09:25:00,2255,2265,2250,2260,181,2279.59,2308
2026-06-15 09:30:00,2260,2270,2250,2265,252,2278.1,2308
2026-06-15 09:35:00,2260,2270,2260,2260,154,2277.35,2308
2026-06-15 09:40:00,2260,2260,2255,2255,69,2276.89,2308
2026-06-15 09:45:00,2255,2260,2250,2255,84,2276.32,2308
2026-06-15 09:50:00,2255,2260,2250,2255,136,2275.49,2308
2026-06-15 09:55:00,2250,2255,2240,2245,193,2273.89,2308
2026-06-15 10:00:00,2245,2250,2240,2245,109,2273.04,2308
2026-06-15 10:05:00,2240,2240,2230,2240,227,2270.92,2308
2026-06-15 10:10:00,2235,2240,2230,2230,104,2269.98,2308
2026-06-15 10:15:00,2235,2235,2230,2230,104,2269.01,2308
2026-06-15 10:20:00,2230,2230,2220,2220,116,2267.82,2308
2026-06-15 10:25:00,2220,2225,2215,2220,242,2265.22,2308
2026-06-15 10:30:00,2220,2225,2200,2200,375,2261.33,2308
2026-06-15 10:35:00,2205,2205,2200,2205,103,2260.12,2308
2026-06-15 10:40:00,2200,2210,2200,2205,161,2258.43,2308
2026-06-15 10:45:00,2205,2220,2205,2215,105,2257.51,2308
2026-06-15 10:50:00,2215,2230,2215,2230,182,2256.33,2308
2026-06-15 10:55:00,2230,2240,2230,2235,108,2255.91,2308
2026-06-15 11:00:00,2230,2240,2230,2235,62,2255.68,2308
2026-06-15 11:05:00,2230,2235,2230,2230,35,2255.53,2308
2026-06-15 11:10:00,2230,2235,2220,2220,116,2255.01,2308
2026-06-15 11:15:00,2220,2235,2220,2230,90,2254.58,2308
2026-06-15 11:20:00,2235,2235,2230,2230,29,2254.47,2308
2026-06-15 11:25:00,2230,2235,2230,2235,33,2254.34,2308
2026-06-15 11:30:00,2235,2235,2230,2235,34,2254.21,2308
2026-06-15 11:35:00,2235,2235,2225,2225,106,2253.79,2308
2026-06-15 11:40:00,2225,2230,2220,2230,38,2253.62,2308
2026-06-15 11:45:00,2225,2230,2220,2225,76,2253.26,2308
2026-06-15 11:50:00,2225,2230,2225,2230,28,2253.14,2308
2026-06-15 11:55:00,2225,2230,2225,2225,29,2253.01,2308
2026-06-15 12:00:00,2225,2230,2220,2220,63,2252.73,2308
2026-06-15 12:05:00,2220,2225,2220,2220,35,2252.55,2308
2026-06-15 12:10:00,2220,2230,2220,2230,127,2252.04,2308
2026-06-15 12:15:00,2225,2230,2225,2225,31,2251.92,2308
2026-06-15 12:20:00,2225,2230,2225,2225,27,2251.82,2308
2026-06-15 12:25:00,2225,2230,2225,2230,40,2251.66,2308
2026-06-15 12:30:00,2230,2230,2225,2225,82,2251.34,2308
2026-06-15 12:35:00,2225,2225,2220,2220,106,2250.88,2308
2026-06-15 12:40:00,2220,2225,2215,2220,120,2250.34,2308
2026-06-15 12:45:00,2220,2225,2220,2225,24,2250.24,2308
2026-06-15 12:50:00,2220,2230,2220,2225,116,2249.82,2308
2026-06-15 12:55:00,2225,2230,2225,2230,82,2249.58,2308
2026-06-15 13:00:00,2230,2235,2225,2230,88,2249.34,2308
2026-06-15 13:05:00,2230,2235,2225,2225,126,2249.0,2308
2026-06-15 13:10:00,2225,2230,2225,2225,78,2248.75,2308
2026-06-15 13:15:00,2225,2230,2220,2220,159,2248.19,2308
2026-06-15 13:20:00,2225,2225,2215,2220,255,2247.33,2308
2026-06-15 13:30:00,2210,2210,2210,2210,902,2243.47,2308
2026-06-16 09:00:00,2265,2270,2250,2260,1402,2262.13,2308
2026-06-16 09:05:00,2260,2265,2245,2245,456,2260.55,2308
2026-06-16 09:10:00,2245,2260,2240,2255,285,2259.31,2308
2026-06-16 09:15:00,2255,2260,2250,2250,220,2258.78,2308
2026-06-16 09:20:00,2250,2255,2225,2225,200,2257.49,2308
2026-06-16 09:25:00,2225,2235,2220,2230,263,2254.48,2308
2026-06-16 09:30:00,2230,2240,2230,2235,82,2253.91,2308
2026-06-16 09:35:00,2235,2245,2235,2240,106,2253.42,2308
2026-06-16 09:40:00,2245,2250,2240,2250,73,2253.22,2308
2026-06-16 09:45:00,2250,2250,2245,2250,119,2253.08,2308
2026-06-16 09:50:00,2250,2250,2245,2245,40,2253.03,2308
2026-06-16 09:55:00,2245,2250,2240,2240,124,2252.76,2308
2026-06-16 10:00:00,2250,2250,2235,2235,124,2252.35,2308
2026-06-16 10:05:00,2240,2250,2235,2245,111,2252.11,2308
2026-06-16 10:10:00,2245,2250,2230,2230,150,2251.68,2308
2026-06-16 10:15:00,2235,2245,2230,2245,103,2251.31,2308
2026-06-16 10:20:00,2240,2245,2230,2230,65,2251.08,2308
2026-06-16 10:25:00,2230,2245,2230,2240,110,2250.69,2308
2026-06-16 10:30:00,2240,2250,2240,2245,93,2250.55,2308
2026-06-16 10:35:00,2245,2250,2245,2245,50,2250.51,2308
2026-06-16 10:40:00,2245,2250,2245,2245,76,2250.42,2308
2026-06-16 10:45:00,2245,2250,2245,2250,42,2250.37,2308
2026-06-16 10:50:00,2245,2250,2230,2230,124,2250.09,2308
2026-06-16 10:55:00,2230,2235,2230,2230,55,2249.85,2308
2026-06-16 11:00:00,2230,2245,2230,2235,169,2249.42,2308
2026-06-16 11:05:00,2235,2240,2235,2240,25,2249.35,2308
2026-06-16 11:10:00,2240,2240,2225,2225,94,2248.99,2308
2026-06-16 11:15:00,2225,2235,2225,2235,159,2248.35,2308
2026-06-16 11:20:00,2235,2235,2230,2230,35,2248.25,2308
2026-06-16 11:25:00,2235,2240,2230,2240,65,2248.07,2308
2026-06-16 11:30:00,2235,2240,2235,2240,43,2247.99,2308
2026-06-16 11:35:00,2240,2245,2235,2245,104,2247.84,2308
2026-06-16 11:40:00,2245,2245,2240,2245,87,2247.78,2308
2026-06-16 11:45:00,2240,2245,2240,2245,40,2247.75,2308
2026-06-16 11:50:00,2245,2245,2240,2245,52,2247.7,2308
2026-06-16 11:55:00,2245,2245,2240,2245,58,2247.66,2308
2026-06-16 12:00:00,2245,2245,2240,2240,233,2247.43,2308
2026-06-16 12:05:00,2245,2245,2235,2240,50,2247.34,2308
2026-06-16 12:10:00,2235,2240,2235,2235,41,2247.26,2308
2026-06-16 12:15:00,2235,2240,2235,2235,72,2247.11,2308
2026-06-16 12:20:00,2240,2240,2235,2235,68,2246.98,2308
2026-06-16 12:25:00,2235,2240,2230,2230,73,2246.83,2308
2026-06-16 12:30:00,2230,2235,2230,2235,88,2246.61,2308
2026-06-16 12:35:00,2230,2240,2230,2240,242,2246.15,2308
2026-06-16 12:40:00,2240,2240,2235,2235,81,2246.04,2308
2026-06-16 12:45:00,2240,2240,2230,2230,179,2245.68,2308
2026-06-16 12:50:00,2230,2235,2230,2230,83,2245.49,2308
2026-06-16 12:55:00,2225,2235,2225,2235,233,2244.99,2308
2026-06-16 13:00:00,2235,2235,2230,2230,84,2244.85,2308
2026-06-16 13:05:00,2230,2235,2225,2225,197,2244.46,2308
2026-06-16 13:10:00,2225,2240,2225,2230,382,2243.88,2308
2026-06-16 13:15:00,2230,2240,2230,2230,245,2243.63,2308
2026-06-16 13:20:00,2230,2235,2225,2225,173,2243.31,2308
2026-06-16 13:30:00,2230,2230,2230,2230,746,2242.16,2308
2026-06-17 09:00:00,2220,2220,2190,2200,618,2211.04,2308
2026-06-17 09:05:00,2200,2205,2190,2195,224,2208.05,2308
2026-06-17 09:10:00,2195,2200,2190,2200,121,2206.45,2308
2026-06-17 09:15:00,2195,2195,2190,2195,117,2205.08,2308
2026-06-17 09:20:00,2195,2200,2190,2200,53,2204.68,2308
2026-06-17 09:25:00,2195,2210,2195,2205,218,2204.61,2308
2026-06-17 09:30:00,2210,2210,2200,2200,98,2204.58,2308
2026-06-17 09:35:00,2200,2205,2190,2195,159,2203.82,2308
2026-06-17 09:40:00,2190,2195,2185,2185,211,2202.27,2308
2026-06-17 09:45:00,2190,2190,2185,2185,64,2201.7,2308
2026-06-17 09:50:00,2190,2190,2175,2180,325,2198.82,2308
2026-06-17 09:55:00,2185,2185,2180,2180,48,2198.45,2308
2026-06-17 10:00:00,2185,2185,2180,2185,71,2197.94,2308
2026-06-17 10:05:00,2180,2185,2175,2175,126,2197.06,2308
2026-06-17 10:10:00,2185,2185,2175,2175,55,2196.62,2308
2026-06-17 10:15:00,2175,2180,2175,2175,59,2196.14,2308
2026-06-17 10:20:00,2175,2180,2175,2175,78,2195.53,2308
2026-06-17 10:25:00,2175,2180,2170,2170,184,2194.18,2308
2026-06-17 10:30:00,2170,2175,2165,2165,167,2192.82,2308
2026-06-17 10:35:00,2165,2165,2160,2160,363,2189.45,2308
2026-06-17 10:40:00,2160,2165,2155,2155,177,2187.99,2308
2026-06-17 10:45:00,2155,2160,2150,2155,240,2185.93,2308
2026-06-17 10:50:00,2155,2165,2155,2155,274,2184.04,2308
2026-06-17 10:55:00,2160,2160,2155,2160,41,2183.77,2308
2026-06-17 11:00:00,2155,2165,2155,2165,109,2183.15,2308
2026-06-17 11:05:00,2160,2165,2155,2155,115,2182.53,2308
2026-06-17 11:10:00,2155,2160,2150,2155,224,2181.16,2308
2026-06-17 11:15:00,2150,2155,2145,2145,357,2178.84,2308
2026-06-17 11:20:00,2145,2150,2140,2140,140,2177.88,2308
2026-06-17 11:25:00,2140,2145,2140,2145,114,2177.05,2308
2026-06-17 11:30:00,2140,2150,2140,2145,216,2175.73,2308
2026-06-17 11:35:00,2145,2155,2145,2150,140,2175.05,2308
2026-06-17 11:40:00,2155,2160,2150,2155,139,2174.56,2308
2026-06-17 11:45:00,2155,2160,2150,2155,96,2174.22,2308
2026-06-17 11:50:00,2155,2165,2155,2160,183,2173.75,2308
2026-06-17 11:55:00,2160,2165,2155,2160,71,2173.59,2308
2026-06-17 12:00:00,2160,2165,2155,2155,61,2173.42,2308
2026-06-17 12:05:00,2155,2160,2155,2155,66,2173.22,2308
2026-06-17 12:10:00,2155,2165,2155,2160,126,2172.95,2308
2026-06-17 12:15:00,2165,2170,2155,2165,146,2172.71,2308
2026-06-17 12:20:00,2165,2175,2160,2170,151,2172.62,2308
2026-06-17 12:25:00,2175,2175,2165,2170,84,2172.59,2308
2026-06-17 12:30:00,2170,2175,2160,2160,118,2172.45,2308
2026-06-17 12:35:00,2160,2165,2160,2160,98,2172.28,2308
2026-06-17 12:40:00,2160,2165,2155,2155,114,2172.02,2308
2026-06-17 12:45:00,2155,2160,2155,2155,216,2171.59,2308
2026-06-17 12:50:00,2160,2160,2155,2155,80,2171.41,2308
2026-06-17 12:55:00,2155,2160,2155,2155,89,2171.22,2308
2026-06-17 13:00:00,2155,2165,2155,2160,285,2170.74,2308
2026-06-17 13:05:00,2160,2170,2160,2160,305,2170.49,2308
2026-06-17 13:10:00,2160,2165,2155,2160,195,2170.21,2308
2026-06-17 13:15:00,2155,2160,2155,2155,203,2169.91,2308
2026-06-17 13:20:00,2155,2170,2155,2160,203,2169.75,2308
2026-06-17 13:30:00,2155,2155,2155,2155,1089,2168.08,2308
2026-06-18 09:00:00,2190,2210,2185,2200,650,2195.61,2308
2026-06-18 09:05:00,2200,2200,2180,2185,262,2194.75,2308
2026-06-18 09:10:00,2185,2200,2180,2195,135,2194.07,2308
2026-06-18 09:15:00,2195,2195,2185,2190,115,2193.81,2308
2026-06-18 09:20:00,2190,2200,2190,2190,104,2193.88,2308
2026-06-18 09:25:00,2195,2200,2180,2185,210,2193.51,2308
2026-06-18 09:30:00,2185,2190,2180,2180,65,2193.15,2308
2026-06-18 09:35:00,2180,2195,2180,2195,69,2192.95,2308
2026-06-18 09:40:00,2190,2195,2190,2190,65,2192.86,2308
2026-06-18 09:45:00,2185,2190,2185,2190,79,2192.58,2308
2026-06-18 09:50:00,2185,2190,2185,2185,76,2192.3,2308
2026-06-18 09:55:00,2185,2190,2170,2185,282,2190.33,2308
2026-06-18 10:00:00,2180,2185,2175,2185,102,2189.75,2308
2026-06-18 10:05:00,2185,2185,2170,2175,100,2189.19,2308
2026-06-18 10:10:00,2175,2190,2170,2185,212,2188.57,2308
2026-06-18 10:15:00,2190,2200,2185,2190,342,2189.2,2308
2026-06-18 10:20:00,2190,2195,2185,2185,32,2189.2,2308
2026-06-18 10:25:00,2185,2185,2175,2175,102,2188.91,2308
2026-06-18 10:30:00,2180,2180,2175,2175,67,2188.62,2308
2026-06-18 10:35:00,2175,2180,2165,2170,247,2187.39,2308
2026-06-18 10:40:00,2170,2175,2170,2175,46,2187.17,2308
2026-06-18 10:45:00,2170,2175,2170,2170,37,2187.0,2308
2026-06-18 10:50:00,2175,2180,2170,2170,148,2186.5,2308
2026-06-18 10:55:00,2175,2175,2170,2170,27,2186.38,2308
2026-06-18 11:00:00,2170,2180,2170,2175,100,2186.05,2308
2026-06-18 11:05:00,2180,2180,2175,2180,45,2185.92,2308
2026-06-18 11:10:00,2175,2180,2175,2175,18,2185.87,2308
2026-06-18 11:15:00,2175,2180,2175,2180,32,2185.79,2308
2026-06-18 11:20:00,2175,2185,2175,2180,160,2185.61,2308
2026-06-18 11:25:00,2180,2180,2175,2180,46,2185.53,2308
2026-06-18 11:30:00,2185,2185,2180,2180,62,2185.46,2308
2026-06-18 11:35:00,2180,2185,2170,2170,106,2185.29,2308
2026-06-18 11:40:00,2175,2180,2170,2175,24,2185.24,2308
2026-06-18 11:45:00,2175,2180,2175,2175,18,2185.2,2308
2026-06-18 11:50:00,2175,2180,2175,2180,22,2185.15,2308
2026-06-18 11:55:00,2180,2180,2175,2175,61,2185.03,2308
2026-06-18 12:00:00,2175,2175,2170,2170,52,2184.9,2308
2026-06-18 12:05:00,2175,2175,2165,2165,97,2184.58,2308
2026-06-18 12:10:00,2165,2170,2160,2160,118,2184.04,2308
2026-06-18 12:15:00,2160,2165,2160,2160,84,2183.61,2308
2026-06-18 12:20:00,2160,2165,2160,2160,58,2183.33,2308
2026-06-18 12:25:00,2160,2165,2155,2155,132,2182.69,2308
2026-06-18 12:30:00,2155,2160,2155,2155,143,2181.9,2308
2026-06-18 12:35:00,2160,2160,2155,2155,67,2181.55,2308
2026-06-18 12:40:00,2155,2160,2155,2155,66,2181.22,2308
2026-06-18 12:45:00,2155,2165,2155,2165,117,2180.73,2308
2026-06-18 12:50:00,2165,2170,2160,2165,93,2180.43,2308
2026-06-18 12:55:00,2165,2170,2160,2160,64,2180.26,2308
2026-06-18 13:00:00,2160,2165,2160,2160,61,2180.04,2308
2026-06-18 13:05:00,2160,2170,2160,2165,212,2179.48,2308
2026-06-18 13:10:00,2165,2170,2155,2155,178,2178.95,2308
2026-06-18 13:15:00,2155,2160,2155,2160,133,2178.49,2308
2026-06-18 13:20:00,2155,2165,2155,2165,152,2178.04,2308
2026-06-18 13:30:00,2150,2150,2150,2150,4300,2166.44,2308
2026-06-22 09:00:00,2170,2185,2150,2185,1552,2168.6,2308
2026-06-22 09:05:00,2185,2195,2160,2165,408,2170.96,2308
2026-06-22 09:10:00,2165,2185,2160,2185,212,2171.11,2308
2026-06-22 09:15:00,2185,2185,2175,2185,167,2171.7,2308
2026-06-22 09:20:00,2185,2185,2165,2175,420,2172.26,2308
2026-06-22 09:25:00,2170,2180,2165,2165,248,2172.2,2308
2026-06-22 09:30:00,2170,2185,2165,2180,264,2172.4,2308
2026-06-22 09:35:00,2175,2180,2165,2165,174,2172.42,2308
2026-06-22 09:40:00,2170,2170,2145,2145,720,2169.53,2308
2026-06-22 09:45:00,2145,2150,2140,2150,408,2167.45,2308
2026-06-22 09:50:00,2150,2160,2145,2150,326,2166.26,2308
2026-06-22 09:55:00,2145,2165,2145,2155,252,2165.78,2308
2026-06-22 10:00:00,2155,2165,2150,2160,199,2165.43,2308
2026-06-22 10:05:00,2160,2170,2160,2170,195,2165.43,2308
2026-06-22 10:10:00,2165,2170,2155,2155,187,2165.33,2308
2026-06-22 10:15:00,2150,2160,2150,2150,205,2164.87,2308
2026-06-22 10:20:00,2150,2155,2145,2150,214,2164.33,2308
2026-06-22 10:25:00,2150,2155,2145,2150,311,2163.55,2308
2026-06-22 10:30:00,2150,2150,2140,2140,245,2162.9,2308
2026-06-22 10:35:00,2140,2145,2135,2135,457,2161.52,2308
2026-06-22 10:40:00,2135,2150,2135,2145,208,2160.94,2308
2026-06-22 10:45:00,2150,2160,2145,2155,155,2160.77,2308
2026-06-22 10:50:00,2160,2160,2150,2150,108,2160.68,2308
2026-06-22 10:55:00,2150,2160,2150,2155,169,2160.56,2308
2026-06-22 11:00:00,2155,2170,2150,2160,371,2160.46,2308
2026-06-22 11:05:00,2160,2165,2155,2165,145,2160.4,2308
2026-06-22 11:10:00,2160,2165,2155,2155,140,2160.4,2308
2026-06-22 11:15:00,2165,2170,2160,2160,119,2160.46,2308
2026-06-22 11:20:00,2165,2170,2150,2160,390,2160.41,2308
2026-06-22 11:25:00,2165,2165,2155,2160,155,2160.4,2308
2026-06-22 11:30:00,2160,2165,2155,2160,92,2160.4,2308
2026-06-22 11:35:00,2160,2165,2155,2155,99,2160.39,2308
2026-06-22 11:40:00,2160,2160,2155,2160,162,2160.38,2308
2026-06-22 11:45:00,2160,2165,2155,2160,92,2160.38,2308
2026-06-22 11:50:00,2160,2165,2155,2155,188,2160.36,2308
2026-06-22 11:55:00,2155,2160,2155,2155,39,2160.35,2308
2026-06-22 12:00:00,2155,2160,2150,2155,105,2160.28,2308
2026-06-22 12:05:00,2150,2155,2150,2150,79,2160.2,2308
2026-06-22 12:10:00,2155,2165,2150,2155,363,2160.15,2308
2026-06-22 12:15:00,2155,2160,2155,2155,111,2160.11,2308
2026-06-22 12:20:00,2155,2160,2150,2160,246,2160.02,2308
2026-06-22 12:25:00,2155,2165,2155,2155,135,2160.0,2308
2026-06-22 12:30:00,2160,2165,2155,2155,183,2159.97,2308
2026-06-22 12:35:00,2155,2165,2155,2160,145,2159.96,2308
2026-06-22 12:40:00,2160,2160,2155,2160,61,2159.96,2308
2026-06-22 12:45:00,2160,2160,2155,2160,58,2159.95,2308
2026-06-22 12:50:00,2155,2160,2145,2145,312,2159.75,2308
2026-06-22 12:55:00,2145,2150,2145,2150,80,2159.67,2308
2026-06-22 13:00:00,2150,2150,2145,2145,118,2159.56,2308
2026-06-22 13:05:00,2145,2150,2145,2150,143,2159.43,2308
2026-06-22 13:10:00,2145,2155,2145,2145,234,2159.24,2308
2026-06-22 13:15:00,2150,2150,2145,2150,131,2159.14,2308
2026-06-22 13:20:00,2145,2155,2145,2150,209,2159.01,2308
2026-06-22 13:30:00,2150,2150,2150,2150,923,2158.39,2308
2026-06-23 09:00:00,2170,2170,2115,2155,1554,2148.0,2308
2026-06-23 09:05:00,2155,2155,2130,2140,389,2146.58,2308
2026-06-23 09:10:00,2140,2160,2140,2145,441,2147.25,2308
2026-06-23 09:15:00,2140,2145,2130,2140,314,2145.97,2308
2026-06-23 09:20:00,2140,2140,2130,2130,218,2145.15,2308
2026-06-23 09:25:00,2130,2135,2125,2135,220,2144.06,2308
2026-06-23 09:30:00,2135,2135,2120,2120,338,2142.23,2308
2026-06-23 09:35:00,2120,2120,2110,2110,419,2139.18,2308
2026-06-23 09:40:00,2115,2120,2105,2110,316,2137.19,2308
2026-06-23 09:45:00,2105,2110,2085,2085,1000,2129.28,2308
2026-06-23 09:50:00,2090,2115,2085,2100,641,2126.12,2308
2026-06-23 09:55:00,2105,2120,2105,2115,239,2125.61,2308
2026-06-23 10:00:00,2115,2115,2105,2110,103,2125.36,2308
2026-06-23 10:05:00,2110,2115,2100,2100,246,2124.57,2308
2026-06-23 10:10:00,2100,2115,2095,2115,236,2123.8,2308
2026-06-23 10:15:00,2110,2115,2100,2105,159,2123.37,2308
2026-06-23 10:20:00,2105,2115,2105,2115,68,2123.26,2308
2026-06-23 10:25:00,2115,2120,2110,2115,132,2123.1,2308
2026-06-23 10:30:00,2115,2115,2105,2110,84,2122.95,2308
2026-06-23 10:35:00,2110,2120,2110,2115,128,2122.8,2308
2026-06-23 10:40:00,2115,2120,2115,2115,82,2122.74,2308
2026-06-23 10:45:00,2115,2125,2115,2115,119,2122.68,2308
2026-06-23 10:50:00,2115,2125,2115,2120,94,2122.62,2308
2026-06-23 10:55:00,2120,2125,2115,2115,61,2122.59,2308
2026-06-23 11:00:00,2115,2115,2110,2110,112,2122.42,2308
2026-06-23 11:05:00,2110,2115,2110,2110,37,2122.37,2308
2026-06-23 11:10:00,2110,2115,2110,2110,53,2122.29,2308
2026-06-23 11:15:00,2110,2115,2105,2110,51,2122.21,2308
2026-06-23 11:20:00,2110,2115,2105,2110,65,2122.09,2308
2026-06-23 11:25:00,2110,2115,2105,2110,149,2121.85,2308
2026-06-23 11:30:00,2105,2115,2100,2100,104,2121.64,2308
2026-06-23 11:35:00,2100,2105,2095,2095,263,2120.96,2308
2026-06-23 11:40:00,2100,2105,2095,2100,197,2120.45,2308
2026-06-23 11:45:00,2105,2105,2100,2100,83,2120.29,2308
2026-06-23 11:50:00,2105,2115,2105,2110,154,2120.07,2308
2026-06-23 11:55:00,2110,2120,2110,2120,181,2120.01,2308
2026-06-23 12:00:00,2115,2125,2115,2125,73,2120.0,2308
2026-06-23 12:05:00,2125,2125,2120,2125,30,2120.01,2308
2026-06-23 12:10:00,2120,2125,2100,2110,239,2119.78,2308
2026-06-23 12:15:00,2110,2115,2110,2110,21,2119.76,2308
2026-06-23 12:20:00,2110,2115,2105,2105,72,2119.68,2308
2026-06-23 12:25:00,2110,2115,2105,2110,138,2119.54,2308
2026-06-23 12:30:00,2110,2115,2110,2110,43,2119.5,2308
2026-06-23 12:35:00,2110,2115,2105,2105,73,2119.43,2308
2026-06-23 12:40:00,2105,2110,2105,2105,54,2119.36,2308
2026-06-23 12:45:00,2105,2110,2105,2105,59,2119.28,2308
2026-06-23 12:50:00,2105,2110,2100,2100,155,2119.02,2308
2026-06-23 12:55:00,2100,2105,2095,2095,164,2118.7,2308
2026-06-23 13:00:00,2095,2100,2090,2090,342,2117.87,2308
2026-06-23 13:05:00,2090,2095,2090,2090,105,2117.61,2308
2026-06-23 13:10:00,2095,2100,2090,2100,557,2116.36,2308
2026-06-23 13:15:00,2095,2100,2090,2090,175,2116.01,2308
2026-06-23 13:20:00,2090,2095,2090,2095,171,2115.66,2308
2026-06-23 13:30:00,2080,2080,2080,2080,1312,2112.01,2308
2026-06-24 09:00:00,2030,2050,2005,2010,1422,2028.52,2308
2026-06-24 09:05:00,2005,2025,2000,2005,542,2023.64,2308
2026-06-24 09:10:00,2005,2020,2000,2010,753,2019.3,2308
2026-06-24 09:15:00,2010,2010,1990,1990,793,2015.06,2308
2026-06-24 09:20:00,1990,2015,1985,2010,1243,2009.91,2308
2026-06-24 09:25:00,2005,2015,1985,1990,774,2008.14,2308
2026-06-24 09:30:00,1990,1995,1980,1985,685,2005.83,2308
2026-06-24 09:35:00,1985,1990,1980,1985,416,2004.61,2308
2026-06-24 09:40:00,1985,2005,1985,2000,402,2003.94,2308
2026-06-24 09:45:00,2000,2005,1995,2000,422,2003.7,2308
2026-06-24 09:50:00,2000,2005,1995,1995,526,2003.36,2308
2026-06-24 09:55:00,1995,2005,1990,1995,417,2003.07,2308
2026-06-24 10:00:00,1995,2005,1995,2000,356,2002.96,2308
2026-06-24 10:05:00,1995,2005,1995,2000,133,2002.91,2308
2026-06-24 10:10:00,1995,2005,1995,2000,296,2002.82,2308
2026-06-24 10:15:00,2000,2000,1995,1995,145,2002.75,2308
2026-06-24 10:20:00,1995,2000,1985,1985,512,2002.14,2308
2026-06-24 10:25:00,1985,2005,1985,2000,546,2001.71,2308
2026-06-24 10:30:00,2005,2005,2000,2005,136,2001.71,2308
2026-06-24 10:35:00,2005,2015,2000,2005,527,2002.07,2308
2026-06-24 10:40:00,2005,2005,1990,1995,235,2001.98,2308
2026-06-24 10:45:00,1995,1995,1985,1990,534,2001.42,2308
2026-06-24 10:50:00,1990,1995,1980,1980,470,2000.83,2308
2026-06-24 10:55:00,1980,1985,1980,1980,355,2000.26,2308
2026-06-24 11:00:00,1980,1985,1975,1975,1031,1998.64,2308
2026-06-24 11:05:00,1975,1980,1975,1975,514,1997.83,2308
2026-06-24 11:10:00,1975,1980,1970,1980,289,1997.39,2308
2026-06-24 11:15:00,1980,1980,1970,1970,228,1997.02,2308
2026-06-24 11:20:00,1970,1980,1970,1975,246,1996.65,2308
2026-06-24 11:25:00,1970,1985,1970,1980,315,1996.26,2308
2026-06-24 11:30:00,1975,1985,1975,1980,199,1996.05,2308
2026-06-24 11:35:00,1980,1985,1975,1980,289,1995.68,2308
2026-06-24 11:40:00,1980,1990,1975,1990,264,1995.51,2308
2026-06-24 11:45:00,1990,1990,1985,1985,68,1995.48,2308
2026-06-24 11:50:00,1990,1990,1985,1985,53,1995.45,2308
2026-06-24 11:55:00,1985,1990,1985,1990,148,1995.4,2308
2026-06-24 12:00:00,1995,1995,1980,1985,127,1995.32,2308
2026-06-24 12:05:00,1980,1990,1980,1985,62,1995.29,2308
2026-06-24 12:10:00,1985,1990,1980,1980,92,1995.23,2308
2026-06-24 12:15:00,1980,1985,1980,1985,64,1995.17,2308
2026-06-24 12:20:00,1980,1985,1980,1980,126,1995.07,2308
2026-06-24 12:25:00,1985,1995,1980,1995,274,1994.96,2308
2026-06-24 12:30:00,1995,1995,1990,1995,125,1994.95,2308
2026-06-24 12:35:00,1995,2000,1990,2000,96,1994.96,2308
2026-06-24 12:40:00,2000,2005,1995,2005,179,1995.02,2308
2026-06-24 12:45:00,2000,2010,2000,2005,202,1995.14,2308
2026-06-24 12:50:00,2010,2010,2000,2005,103,1995.2,2308
2026-06-24 12:55:00,2000,2005,2000,2000,94,1995.24,2308
2026-06-24 13:00:00,2000,2005,2000,2000,80,1995.27,2308
2026-06-24 13:05:00,2000,2015,2000,2010,351,1995.48,2308
2026-06-24 13:10:00,2010,2015,2010,2015,142,1995.63,2308
2026-06-24 13:15:00,2015,2020,2010,2015,156,1995.8,2308
2026-06-24 13:20:00,2015,2035,2015,2030,370,1996.32,2308
2026-06-24 13:30:00,2000,2000,2000,2000,1262,1996.55,2308
2026-06-25 09:00:00,2060,2060,2010,2015,1262,2047.49,2308
2026-06-25 09:05:00,2015,2030,2005,2015,389,2040.96,2308
2026-06-25 09:10:00,2015,2015,2000,2000,229,2036.64,2308
2026-06-25 09:15:00,2005,2030,2000,2020,424,2032.62,2308
2026-06-25 09:20:00,2015,2020,2000,2005,311,2029.64,2308
2026-06-25 09:25:00,2005,2015,1990,1995,499,2025.04,2308
2026-06-25 09:30:00,1995,2000,1995,1995,94,2024.18,2308
2026-06-25 09:35:00,1995,2005,1995,2005,223,2022.67,2308
2026-06-25 09:40:00,2000,2000,1995,1995,65,2022.22,2308
2026-06-25 09:45:00,2000,2000,1985,1990,539,2018.01,2308
2026-06-25 09:50:00,1995,2000,1990,2000,96,2017.46,2308
2026-06-25 09:55:00,1995,2000,1985,1985,211,2016.14,2308
2026-06-25 10:00:00,1985,1995,1985,1990,382,2014.09,2308
2026-06-25 10:05:00,1990,1995,1980,1980,243,2012.75,2308
2026-06-25 10:10:00,1980,1985,1975,1980,715,2008.49,2308
2026-06-25 10:15:00,1980,1980,1970,1975,340,2006.5,2308
2026-06-25 10:20:00,1975,1985,1975,1980,138,2005.91,2308
2026-06-25 10:25:00,1980,1985,1975,1985,124,2005.39,2308
2026-06-25 10:30:00,1985,1985,1975,1975,96,2005.0,2308
2026-06-25 10:35:00,1975,1980,1970,1975,124,2004.42,2308
2026-06-25 10:40:00,1975,1975,1965,1970,365,2002.51,2308
2026-06-25 10:45:00,1965,1975,1960,1970,307,2000.94,2308
2026-06-25 10:50:00,1970,1975,1970,1970,88,2000.58,2308
2026-06-25 10:55:00,1970,1985,1970,1980,162,2000.07,2308
2026-06-25 11:00:00,1980,1990,1980,1990,122,1999.82,2308
2026-06-25 11:05:00,1990,1990,1980,1980,78,1999.67,2308
2026-06-25 11:10:00,1980,1985,1975,1975,148,1999.28,2308
2026-06-25 11:15:00,1975,1990,1975,1985,194,1998.82,2308
2026-06-25 11:20:00,1985,1985,1980,1980,47,1998.73,2308
2026-06-25 11:25:00,1980,1985,1980,1980,47,1998.62,2308
2026-06-25 11:30:00,1980,1985,1980,1980,71,1998.48,2308
2026-06-25 11:35:00,1980,1985,1975,1975,81,1998.28,2308
2026-06-25 11:40:00,1975,1980,1975,1975,76,1998.07,2308
2026-06-25 11:45:00,1975,1980,1975,1975,79,1997.87,2308
2026-06-25 11:50:00,1975,1980,1975,1975,135,1997.57,2308
2026-06-25 11:55:00,1975,1980,1970,1980,201,1997.06,2308
2026-06-25 12:00:00,1975,1985,1975,1985,65,1996.92,2308
2026-06-25 12:05:00,1980,1985,1980,1980,37,1996.86,2308
2026-06-25 12:10:00,1980,1985,1980,1980,40,1996.79,2308
2026-06-25 12:15:00,1980,1990,1980,1980,232,1996.5,2308
2026-06-25 12:20:00,1985,1990,1985,1985,96,1996.4,2308
2026-06-25 12:25:00,1990,1990,1980,1980,171,1996.2,2308
2026-06-25 12:30:00,1985,1985,1980,1980,65,1996.1,2308
2026-06-25 12:35:00,1985,1985,1980,1980,66,1996.0,2308
2026-06-25 12:40:00,1980,1985,1980,1985,71,1995.88,2308
2026-06-25 12:45:00,1980,1990,1980,1990,184,1995.67,2308
2026-06-25 12:50:00,1990,1990,1985,1985,55,1995.62,2308
2026-06-25 12:55:00,1985,1990,1985,1990,75,1995.55,2308
2026-06-25 13:00:00,1985,1990,1985,1990,84,1995.47,2308
2026-06-25 13:05:00,1985,1990,1985,1985,220,1995.26,2308
2026-06-25 13:10:00,1985,1995,1985,1995,370,1995.07,2308
2026-06-25 13:15:00,1990,1995,1990,1990,109,1995.05,2308
2026-06-25 13:20:00,1990,1995,1990,1995,164,1995.0,2308
2026-06-25 13:30:00,1980,1980,1980,1980,1174,1993.53,2308
2026-06-26 09:00:00,1925,1935,1910,1925,1549,1923.52,2308
2026-06-26 09:05:00,1920,1920,1900,1910,651,1920.1,2308
2026-06-26 09:10:00,1910,1925,1910,1915,294,1920.03,2308
2026-06-26 09:15:00,1915,1925,1915,1925,209,1920.05,2308
2026-06-26 09:20:00,1920,1925,1905,1905,685,1918.26,2308
2026-06-26 09:25:00,1905,1910,1900,1905,683,1915.68,2308
2026-06-26 09:30:00,1905,1915,1890,1895,644,1913.77,2308
2026-06-26 09:35:00,1895,1900,1890,1895,522,1911.7,2308
2026-06-26 09:40:00,1895,1895,1880,1880,594,1908.99,2308
2026-06-26 09:45:00,1880,1885,1870,1870,953,1904.45,2308
2026-06-26 09:50:00,1870,1875,1855,1860,832,1900.14,2308
2026-06-26 09:55:00,1855,1865,1850,1855,767,1896.13,2308
2026-06-26 10:00:00,1855,1865,1845,1850,737,1892.69,2308
2026-06-26 10:05:00,1850,1875,1850,1870,337,1891.68,2308
2026-06-26 10:10:00,1870,1870,1855,1855,336,1890.7,2308
2026-06-26 10:15:00,1855,1860,1850,1850,154,1890.15,2308
2026-06-26 10:20:00,1850,1855,1835,1840,760,1886.85,2308
2026-06-26 10:25:00,1840,1860,1840,1860,261,1885.92,2308
2026-06-26 10:30:00,1855,1860,1835,1835,405,1884.36,2308
2026-06-26 10:35:00,1835,1845,1830,1835,355,1882.96,2308
2026-06-26 10:40:00,1835,1840,1825,1825,372,1881.36,2308
2026-06-26 10:45:00,1825,1830,1820,1825,440,1879.45,2308
2026-06-26 10:50:00,1820,1825,1815,1820,321,1877.98,2308
2026-06-26 10:55:00,1820,1825,1810,1815,400,1876.13,2308
2026-06-26 11:00:00,1815,1820,1805,1805,574,1873.39,2308
2026-06-26 11:05:00,1805,1810,1795,1795,745,1869.66,2308
2026-06-26 11:10:00,1800,1810,1790,1805,521,1867.17,2308
2026-06-26 11:15:00,1810,1815,1805,1815,225,1866.32,2308
2026-06-26 11:20:00,1815,1815,1795,1800,307,1865.07,2308
2026-06-26 11:25:00,1800,1815,1795,1805,229,1864.19,2308
2026-06-26 11:30:00,1805,1810,1800,1805,118,1863.73,2308
2026-06-26 11:35:00,1800,1805,1795,1800,203,1862.94,2308
2026-06-26 11:40:00,1800,1810,1800,1805,190,1862.24,2308
2026-06-26 11:45:00,1805,1810,1805,1805,141,1861.76,2308
2026-06-26 11:50:00,1800,1810,1800,1805,222,1861.0,2308
2026-06-26 11:55:00,1805,1825,1805,1825,219,1860.4,2308
2026-06-26 12:00:00,1820,1825,1820,1820,112,1860.14,2308
2026-06-26 12:05:00,1825,1825,1815,1820,240,1859.57,2308
2026-06-26 12:10:00,1820,1825,1820,1825,209,1859.12,2308
2026-06-26 12:15:00,1825,1830,1820,1825,114,1858.91,2308
2026-06-26 12:20:00,1820,1825,1820,1820,117,1858.66,2308
2026-06-26 12:25:00,1820,1825,1820,1820,95,1858.46,2308
2026-06-26 12:30:00,1825,1825,1820,1820,114,1858.22,2308
2026-06-26 12:35:00,1825,1825,1815,1815,303,1857.58,2308
2026-06-26 12:40:00,1815,1820,1810,1820,260,1856.99,2308
2026-06-26 12:45:00,1815,1820,1810,1815,150,1856.63,2308
2026-06-26 12:50:00,1815,1815,1805,1810,245,1856.04,2308
2026-06-26 12:55:00,1810,1815,1805,1805,259,1855.37,2308
2026-06-26 13:00:00,1805,1810,1800,1805,586,1853.81,2308
2026-06-26 13:05:00,1800,1805,1795,1800,459,1852.61,2308
2026-06-26 13:10:00,1800,1805,1800,1800,393,1851.63,2308
2026-06-26 13:15:00,1800,1805,1790,1790,593,1850.07,2308
2026-06-26 13:20:00,1790,1805,1790,1805,504,1848.84,2308
2026-06-26 13:30:00,1810,1810,1810,1810,1216,1846.78,2308
2026-06-29 09:00:00,1860,1890,1850,1890,1729,1869.74,2308
2026-06-29 09:05:00,1885,1935,1885,1915,1405,1890.54,2308
2026-06-29 09:10:00,1915,1925,1895,1900,646,1893.01,2308
2026-06-29 09:15:00,1900,1910,1885,1890,572,1893.37,2308
2026-06-29 09:20:00,1895,1915,1885,1915,378,1894.12,2308
2026-06-29 09:25:00,1915,1940,1915,1935,693,1898.49,2308
2026-06-29 09:30:00,1935,1945,1925,1930,404,1901.08,2308
2026-06-29 09:35:00,1930,1945,1925,1945,354,1903.38,2308
2026-06-29 09:40:00,1945,1965,1945,1960,547,1907.36,2308
2026-06-29 09:45:00,1960,1965,1950,1955,327,1909.66,2308
2026-06-29 09:50:00,1955,1965,1950,1960,337,1911.87,2308
2026-06-29 09:55:00,1960,1970,1955,1965,470,1914.85,2308
2026-06-29 10:00:00,1965,1965,1955,1960,392,1916.92,2308
2026-06-29 10:05:00,1955,1955,1930,1930,341,1917.96,2308
2026-06-29 10:10:00,1930,1935,1925,1930,305,1918.41,2308
2026-06-29 10:15:00,1930,1940,1930,1935,200,1918.77,2308
2026-06-29 10:20:00,1935,1955,1935,1955,215,1919.4,2308
2026-06-29 10:25:00,1950,1955,1940,1945,348,1920.38,2308
2026-06-29 10:30:00,1945,1950,1930,1930,129,1920.61,2308
2026-06-29 10:35:00,1930,1930,1925,1925,91,1920.67,2308
2026-06-29 10:40:00,1925,1935,1925,1930,225,1920.86,2308
2026-06-29 10:45:00,1925,1925,1920,1925,94,1920.87,2308
2026-06-29 10:50:00,1920,1925,1905,1910,179,1920.75,2308
2026-06-29 10:55:00,1910,1920,1910,1915,175,1920.63,2308
2026-06-29 11:00:00,1915,1925,1915,1925,99,1920.61,2308
2026-06-29 11:05:00,1920,1925,1915,1920,57,1920.6,2308
2026-06-29 11:10:00,1920,1920,1910,1915,66,1920.58,2308
2026-06-29 11:15:00,1915,1925,1910,1925,163,1920.57,2308
2026-06-29 11:20:00,1925,1935,1925,1925,104,1920.65,2308
2026-06-29 11:25:00,1925,1925,1915,1920,96,1920.64,2308
2026-06-29 11:30:00,1925,1925,1910,1910,74,1920.62,2308
2026-06-29 11:35:00,1910,1915,1910,1910,89,1920.54,2308
2026-06-29 11:40:00,1910,1910,1905,1910,93,1920.42,2308
2026-06-29 11:45:00,1905,1910,1900,1905,290,1920.03,2308
2026-06-29 11:50:00,1905,1920,1905,1920,151,1919.94,2308
2026-06-29 11:55:00,1920,1925,1910,1915,131,1919.9,2308
2026-06-29 12:00:00,1915,1920,1915,1915,19,1919.9,2308
2026-06-29 12:05:00,1915,1920,1910,1910,94,1919.87,2308
2026-06-29 12:10:00,1910,1915,1910,1910,57,1919.83,2308
2026-06-29 12:15:00,1910,1915,1910,1910,73,1919.78,2308
2026-06-29 12:20:00,1910,1915,1910,1915,74,1919.72,2308
2026-06-29 12:25:00,1910,1915,1905,1905,119,1919.63,2308
2026-06-29 12:30:00,1905,1925,1905,1915,302,1919.49,2308
2026-06-29 12:35:00,1915,1920,1915,1915,61,1919.48,2308
2026-06-29 12:40:00,1915,1915,1905,1915,93,1919.42,2308
2026-06-29 12:45:00,1905,1920,1905,1920,185,1919.33,2308
2026-06-29 12:50:00,1915,1920,1910,1910,161,1919.29,2308
2026-06-29 12:55:00,1915,1920,1910,1910,106,1919.23,2308
2026-06-29 13:00:00,1910,1915,1910,1915,168,1919.15,2308
2026-06-29 13:05:00,1910,1920,1910,1920,267,1919.05,2308
2026-06-29 13:10:00,1920,1920,1915,1920,145,1919.04,2308
2026-06-29 13:15:00,1915,1920,1915,1920,132,1919.02,2308
2026-06-29 13:20:00,1920,1920,1905,1905,398,1918.89,2308
2026-06-29 13:30:00,1905,1905,1905,1905,1008,1917.98,2308
2026-06-30 09:00:00,2010,2010,1965,2000,2153,1992.86,2308
2026-06-30 09:05:00,2000,2010,1990,2000,647,1995.05,2308
2026-06-30 09:10:00,2000,2015,1995,2015,737,1997.51,2308
2026-06-30 09:15:00,2010,2030,2010,2030,712,2001.45,2308
2026-06-30 09:20:00,2030,2030,2000,2015,362,2002.23,2308
2026-06-30 09:25:00,2010,2015,2005,2005,211,2002.62,2308
2026-06-30 09:30:00,2010,2010,2000,2005,157,2002.73,2308
2026-06-30 09:35:00,2005,2010,1995,2010,337,2002.64,2308
2026-06-30 09:40:00,2010,2010,2005,2005,77,2002.73,2308
2026-06-30 09:45:00,2010,2010,1995,2000,264,2002.66,2308
2026-06-30 09:50:00,2000,2010,2000,2000,85,2002.68,2308
2026-06-30 09:55:00,2005,2005,1990,1995,316,2002.37,2308
2026-06-30 10:00:00,1995,1995,1990,1995,111,2002.21,2308
2026-06-30 10:05:00,1995,1995,1985,1985,178,2001.87,2308
2026-06-30 10:10:00,1985,1985,1975,1980,250,2001.1,2308
2026-06-30 10:15:00,1980,1980,1970,1975,267,2000.08,2308
2026-06-30 10:20:00,1975,1990,1975,1985,192,1999.55,2308
2026-06-30 10:25:00,1990,1995,1985,1995,59,1999.46,2308
2026-06-30 10:30:00,1995,2000,1990,1995,166,1999.37,2308
2026-06-30 10:35:00,1995,2000,1990,1995,25,1999.36,2308
2026-06-30 10:40:00,1995,2000,1995,1995,28,1999.35,2308
2026-06-30 10:45:00,1995,2000,1995,1995,70,1999.35,2308
2026-06-30 10:50:00,2000,2005,1995,2005,127,1999.38,2308
2026-06-30 10:55:00,2005,2005,1995,1995,273,1999.41,2308
2026-06-30 11:00:00,1995,2000,1995,2000,125,1999.35,2308
2026-06-30 11:05:00,1995,2000,1995,1995,13,1999.34,2308
2026-06-30 11:10:00,2000,2000,1995,1995,24,1999.34,2308
2026-06-30 11:15:00,2000,2000,1995,1995,32,1999.33,2308
2026-06-30 11:20:00,2000,2000,1995,2000,27,1999.33,2308
2026-06-30 11:25:00,1995,2000,1990,1990,207,1999.21,2308
2026-06-30 11:30:00,1995,1995,1990,1990,34,1999.18,2308
2026-06-30 11:35:00,1995,1995,1990,1990,22,1999.16,2308
2026-06-30 11:40:00,1995,1995,1990,1990,36,1999.14,2308
2026-06-30 11:45:00,1995,1995,1985,1995,267,1998.86,2308
2026-06-30 11:50:00,1995,2000,1995,1995,21,1998.86,2308
2026-06-30 11:55:00,1995,2000,1990,1995,122,1998.82,2308
2026-06-30 12:00:00,1995,2005,1995,2000,89,1998.83,2308
2026-06-30 12:05:00,2005,2005,1995,2000,151,1998.83,2308
2026-06-30 12:10:00,2000,2000,1990,1990,99,1998.78,2308
2026-06-30 12:15:00,1995,1995,1990,1995,21,1998.77,2308
2026-06-30 12:20:00,1990,2000,1990,1995,98,1998.74,2308
2026-06-30 12:25:00,1995,2000,1995,2000,40,1998.74,2308
2026-06-30 12:30:00,1995,2000,1995,2000,59,1998.75,2308
2026-06-30 12:35:00,2000,2000,1995,2000,55,1998.75,2308
2026-06-30 12:40:00,2000,2000,1995,2000,83,1998.76,2308
2026-06-30 12:45:00,2000,2005,1995,2000,125,1998.78,2308
2026-06-30 12:50:00,2000,2005,1995,2000,102,1998.79,2308
2026-06-30 12:55:00,2000,2000,1995,2000,63,1998.79,2308
2026-06-30 13:00:00,2000,2000,1995,2000,39,1998.79,2308
2026-06-30 13:05:00,2000,2000,1995,2000,67,1998.79,2308
2026-06-30 13:10:00,2000,2000,1995,2000,89,1998.79,2308
2026-06-30 13:15:00,1995,2000,1995,2000,178,1998.81,2308
2026-06-30 13:20:00,2000,2000,1990,1995,415,1998.68,2308
2026-06-30 13:30:00,1950,1950,1950,1950,2706,1988.71,2308
2026-07-01 09:00:00,2020,2020,2000,2005,1347,2012.58,2308
2026-07-01 09:05:00,2005,2020,2000,2010,639,2012.59,2308
2026-07-01 09:10:00,2005,2005,1990,2000,328,2010.78,2308
2026-07-01 09:15:00,2005,2005,1990,2005,263,2009.51,2308
2026-07-01 09:20:00,2005,2010,1995,1995,144,2009.13,2308
2026-07-01 09:25:00,1995,2000,1990,1995,140,2008.43,2308
2026-07-01 09:30:00,1990,1995,1965,1975,322,2005.51,2308
2026-07-01 09:35:00,1970,1980,1970,1975,89,2004.64,2308
2026-07-01 09:40:00,1975,1975,1970,1975,58,2004.08,2308
2026-07-01 09:45:00,1975,1975,1965,1970,117,2002.95,2308
2026-07-01 09:50:00,1970,1985,1970,1985,72,2002.44,2308
2026-07-01 09:55:00,1985,2000,1985,1995,129,2002.12,2308
2026-07-01 10:00:00,1995,1995,1985,1990,55,2001.95,2308
2026-07-01 10:05:00,1985,1990,1980,1980,84,2001.55,2308
2026-07-01 10:10:00,1980,1990,1980,1990,70,2001.24,2308
2026-07-01 10:15:00,1990,1995,1990,1995,58,2001.09,2308
2026-07-01 10:20:00,1995,2000,1990,2000,84,2000.98,2308
2026-07-01 10:25:00,1995,2005,1995,1995,253,2000.93,2308
2026-07-01 10:30:00,2000,2005,1995,2000,69,2000.9,2308
2026-07-01 10:35:00,2000,2005,1995,2000,56,2000.9,2308
2026-07-01 10:40:00,2000,2005,2000,2005,79,2000.92,2308
2026-07-01 10:45:00,2005,2015,2000,2015,424,2001.74,2308
2026-07-01 10:50:00,2015,2015,2010,2010,76,2001.92,2308
2026-07-01 10:55:00,2010,2015,2005,2005,104,2002.09,2308
2026-07-01 11:00:00,2010,2015,2005,2015,51,2002.18,2308
2026-07-01 11:05:00,2015,2015,2010,2010,50,2002.28,2308
2026-07-01 11:10:00,2010,2015,2010,2015,87,2002.46,2308
2026-07-01 11:15:00,2010,2015,2005,2010,93,2002.58,2308
2026-07-01 11:20:00,2010,2015,2005,2015,42,2002.63,2308
2026-07-01 11:25:00,2015,2015,2010,2010,35,2002.7,2308
2026-07-01 11:30:00,2015,2015,2010,2015,35,2002.76,2308
2026-07-01 11:35:00,2015,2020,2010,2020,176,2003.17,2308
2026-07-01 11:40:00,2020,2020,2015,2015,102,2003.39,2308
2026-07-01 11:45:00,2015,2020,2010,2015,50,2003.49,2308
2026-07-01 11:50:00,2015,2020,2015,2015,82,2003.69,2308
2026-07-01 11:55:00,2015,2020,2015,2015,27,2003.75,2308
2026-07-01 12:00:00,2015,2020,2015,2015,16,2003.78,2308
2026-07-01 12:05:00,2015,2020,2015,2020,28,2003.84,2308
2026-07-01 12:10:00,2020,2020,2005,2005,125,2004.03,2308
2026-07-01 12:15:00,2005,2010,2005,2010,33,2004.05,2308
2026-07-01 12:20:00,2005,2010,2005,2010,38,2004.08,2308
2026-07-01 12:25:00,2005,2010,2005,2010,21,2004.09,2308
2026-07-01 12:30:00,2010,2010,2005,2010,94,2004.18,2308
2026-07-01 12:35:00,2010,2010,2005,2005,27,2004.2,2308
2026-07-01 12:40:00,2005,2010,2005,2005,39,2004.22,2308
2026-07-01 12:45:00,2005,2010,2005,2005,63,2004.24,2308
2026-07-01 12:50:00,2005,2010,2005,2010,53,2004.26,2308
2026-07-01 12:55:00,2005,2010,2005,2010,67,2004.3,2308
2026-07-01 13:00:00,2005,2010,2000,2000,154,2004.33,2308
2026-07-01 13:05:00,2000,2005,2000,2000,110,2004.28,2308
2026-07-01 13:10:00,2000,2010,2000,2000,205,2004.26,2308
2026-07-01 13:15:00,2000,2000,1990,1995,262,2003.99,2308
2026-07-01 13:20:00,1990,1995,1990,1990,165,2003.73,2308
2026-07-01 13:30:00,1990,1990,1990,1990,501,2002.86,2308
2026-07-02 09:00:00,1955,1955,1920,1930,776,1938.08,2308
2026-07-02 09:05:00,1935,1965,1930,1965,254,1940.99,2308
2026-07-02 09:10:00,1960,1970,1955,1965,170,1944.24,2308
2026-07-02 09:15:00,1970,2010,1960,2010,443,1955.27,2308
2026-07-02 09:20:00,2005,2010,1990,2000,216,1960.37,2308
2026-07-02 09:25:00,2000,2010,1990,1990,290,1965.85,2308
2026-07-02 09:30:00,1990,2000,1990,1995,86,1966.98,2308
2026-07-02 09:35:00,1995,2010,1995,2010,126,1968.89,2308
2026-07-02 09:40:00,2010,2010,2000,2005,104,1970.4,2308
2026-07-02 09:45:00,2005,2005,2000,2005,53,1971.04,2308
2026-07-02 09:50:00,2000,2010,2000,2005,160,1973.03,2308
2026-07-02 09:55:00,2000,2005,2000,2005,27,1973.33,2308
2026-07-02 10:00:00,2005,2005,1990,1995,153,1974.62,2308
2026-07-02 10:05:00,1995,2005,1995,2005,74,1975.21,2308
2026-07-02 10:10:00,2005,2005,2000,2000,23,1975.42,2308
2026-07-02 10:15:00,2000,2005,2000,2005,95,1976.28,2308
2026-07-02 10:20:00,2000,2005,1995,1995,128,1977.2,2308
2026-07-02 10:25:00,1995,2005,1995,2000,65,1977.64,2308
2026-07-02 10:30:00,2000,2000,1995,1995,62,1978.01,2308
2026-07-02 10:35:00,1995,2005,1995,2000,74,1978.47,2308
2026-07-02 10:40:00,2000,2005,2000,2000,45,1978.78,2308
2026-07-02 10:45:00,2000,2005,2000,2000,123,1979.67,2308
2026-07-02 10:50:00,2000,2005,2000,2000,18,1979.78,2308
2026-07-02 10:55:00,2000,2010,2000,2005,61,1980.21,2308
2026-07-02 11:00:00,2005,2010,1995,1995,83,1980.67,2308
2026-07-02 11:05:00,1995,2000,1990,1990,89,1981.0,2308
2026-07-02 11:10:00,1990,1995,1990,1990,33,1981.08,2308
2026-07-02 11:15:00,1990,1995,1985,1985,90,1981.27,2308
2026-07-02 11:20:00,1985,1985,1975,1980,108,1981.26,2308
2026-07-02 11:25:00,1980,1980,1975,1975,64,1981.22,2308
2026-07-02 11:30:00,1975,1990,1975,1985,52,1981.23,2308
2026-07-02 11:35:00,1985,1985,1975,1980,61,1981.22,2308
2026-07-02 11:40:00,1980,1980,1975,1975,20,1981.21,2308
2026-07-02 11:45:00,1975,1980,1975,1975,70,1981.11,2308
2026-07-02 11:50:00,1975,1985,1975,1980,57,1981.08,2308
2026-07-02 11:55:00,1980,1985,1980,1980,22,1981.08,2308
2026-07-02 12:00:00,1975,1985,1975,1980,45,1981.06,2308
2026-07-02 12:05:00,1980,1980,1970,1970,47,1981.0,2308
2026-07-02 12:10:00,1970,1980,1970,1975,84,1980.89,2308
2026-07-02 12:15:00,1975,1980,1975,1980,15,1980.88,2308
2026-07-02 12:20:00,1975,1980,1970,1975,131,1980.71,2308
2026-07-02 12:25:00,1975,1990,1975,1990,173,1980.78,2308
2026-07-02 12:30:00,1985,1985,1975,1980,34,1980.77,2308
2026-07-02 12:35:00,1980,1980,1975,1975,17,1980.76,2308
2026-07-02 12:40:00,1975,1980,1975,1980,30,1980.74,2308
2026-07-02 12:45:00,1980,1980,1975,1975,44,1980.71,2308
2026-07-02 12:50:00,1975,1980,1970,1975,68,1980.63,2308
2026-07-02 12:55:00,1970,1975,1970,1975,50,1980.57,2308
2026-07-02 13:00:00,1975,1980,1975,1975,30,1980.54,2308
2026-07-02 13:05:00,1975,1980,1975,1980,42,1980.52,2308
2026-07-02 13:10:00,1975,1985,1975,1980,183,1980.53,2308
2026-07-02 13:15:00,1980,1985,1980,1980,38,1980.54,2308
2026-07-02 13:20:00,1980,1990,1975,1985,192,1980.6,2308
2026-07-02 13:30:00,1970,1970,1970,1970,644,1979.51,2308
2026-07-03 09:00:00,1920,1925,1885,1910,1311,1907.36,2308
2026-07-03 09:05:00,1915,1930,1915,1925,343,1910.5,2308
2026-07-03 09:10:00,1925,1940,1925,1940,399,1914.48,2308
2026-07-03 09:15:00,1940,1955,1930,1955,415,1918.96,2308
2026-07-03 09:20:00,1955,1965,1950,1950,260,1922.64,2308
2026-07-03 09:25:00,1950,1955,1945,1950,103,1923.65,2308
2026-07-03 09:30:00,1950,1960,1945,1955,187,1925.28,2308
2026-07-03 09:35:00,1955,1975,1955,1975,280,1928.87,2308
2026-07-03 09:40:00,1975,1975,1960,1960,116,1930.24,2308
2026-07-03 09:45:00,1960,1970,1960,1965,123,1931.49,2308
2026-07-03 09:50:00,1960,1970,1960,1965,94,1932.44,2308
2026-07-03 09:55:00,1965,1985,1965,1975,324,1936.15,2308
2026-07-03 10:00:00,1980,2005,1975,2000,544,1943.25,2308
2026-07-03 10:05:00,1995,1995,1985,1985,130,1944.65,2308
2026-07-03 10:10:00,1985,1985,1975,1980,305,1946.89,2308
2026-07-03 10:15:00,1985,2000,1980,1995,115,1947.94,2308
2026-07-03 10:20:00,1995,2020,1995,2005,482,1953.25,2308
2026-07-03 10:25:00,2005,2010,1995,2005,126,1954.36,2308
2026-07-03 10:30:00,2010,2015,2005,2010,93,1955.27,2308
2026-07-03 10:35:00,2010,2010,2005,2010,101,1956.18,2308
2026-07-03 10:40:00,2010,2010,2005,2005,47,1956.6,2308
2026-07-03 10:45:00,2010,2010,2000,2000,155,1957.83,2308
2026-07-03 10:50:00,2000,2005,1995,1995,97,1958.46,2308
2026-07-03 10:55:00,2000,2000,1995,2000,157,1959.48,2308
2026-07-03 11:00:00,2000,2005,1990,2000,142,1960.31,2308
2026-07-03 11:05:00,2000,2005,2000,2005,115,1961.07,2308
2026-07-03 11:10:00,2010,2025,2010,2025,661,1966.1,2308
2026-07-03 11:15:00,2025,2035,2020,2020,453,1969.7,2308
2026-07-03 11:20:00,2020,2025,2015,2025,89,1970.28,2308
2026-07-03 11:25:00,2025,2045,2020,2045,350,1973.16,2308
2026-07-03 11:30:00,2045,2050,2040,2050,129,1974.32,2308
2026-07-03 11:35:00,2050,2050,2035,2045,235,1976.2,2308
2026-07-03 11:40:00,2045,2050,2040,2045,127,1977.21,2308
2026-07-03 11:45:00,2040,2040,2035,2040,176,1978.46,2308
2026-07-03 11:50:00,2040,2040,2035,2040,40,1978.74,2308
2026-07-03 11:55:00,2040,2050,2035,2045,160,1979.9,2308
2026-07-03 12:00:00,2045,2050,2040,2040,79,1980.46,2308
2026-07-03 12:05:00,2045,2050,2040,2045,111,1981.24,2308
2026-07-03 12:10:00,2050,2050,2040,2040,55,1981.62,2308
2026-07-03 12:15:00,2040,2045,2040,2045,109,1982.35,2308
2026-07-03 12:20:00,2045,2050,2040,2050,96,1983.01,2308
2026-07-03 12:25:00,2045,2055,2045,2055,324,1985.27,2308
2026-07-03 12:30:00,2055,2055,2050,2055,116,1986.07,2308
2026-07-03 12:35:00,2055,2060,2045,2055,285,1987.94,2308
2026-07-03 12:40:00,2050,2070,2050,2070,441,1990.96,2308
2026-07-03 12:45:00,2065,2075,2065,2070,245,1992.7,2308
2026-07-03 12:50:00,2070,2075,2065,2065,339,1995.04,2308
2026-07-03 12:55:00,2065,2065,2050,2060,297,1996.67,2308
2026-07-03 13:00:00,2060,2065,2055,2065,151,1997.51,2308
2026-07-03 13:05:00,2060,2070,2060,2065,244,1998.91,2308
2026-07-03 13:10:00,2065,2070,2055,2060,398,2000.97,2308
2026-07-03 13:15:00,2060,2065,2055,2065,203,2001.97,2308
2026-07-03 13:20:00,2070,2070,2050,2055,560,2004.48,2308
2026-07-03 13:30:00,2075,2075,2075,2075,1226,2010.54,2308
2026-07-06 09:00:00,2120,2135,2095,2110,1102,2119.32,2308
2026-07-06 09:05:00,2110,2125,2085,2085,429,2115.7,2308
2026-07-06 09:10:00,2085,2090,2065,2080,329,2108.91,2308
2026-07-06 09:15:00,2075,2095,2070,2075,290,2105.02,2308
2026-07-06 09:20:00,2080,2100,2075,2095,167,2104.07,2308
2026-07-06 09:25:00,2095,2095,2070,2075,177,2102.64,2308
2026-07-06 09:30:00,2075,2095,2075,2095,111,2101.94,2308
2026-07-06 09:35:00,2090,2095,2080,2090,122,2101.31,2308
2026-07-06 09:40:00,2085,2090,2075,2075,104,2100.63,2308
2026-07-06 09:45:00,2075,2085,2070,2075,143,2099.42,2308
2026-07-06 09:50:00,2080,2080,2055,2060,249,2096.91,2308
2026-07-06 09:55:00,2060,2070,2030,2035,334,2092.46,2308
2026-07-06 10:00:00,2040,2050,2035,2045,151,2090.45,2308
2026-07-06 10:05:00,2045,2045,2040,2045,42,2089.92,2308
2026-07-06 10:10:00,2050,2055,2035,2035,195,2087.62,2308
2026-07-06 10:15:00,2035,2040,2025,2030,181,2085.24,2308
2026-07-06 10:20:00,2025,2045,2025,2035,134,2083.77,2308
2026-07-06 10:25:00,2035,2040,2025,2030,129,2082.23,2308
2026-07-06 10:30:00,2025,2030,2020,2025,197,2079.67,2308
2026-07-06 10:35:00,2020,2030,2015,2025,123,2078.18,2308
2026-07-06 10:40:00,2020,2025,2010,2010,155,2076.17,2308
2026-07-06 10:45:00,2010,2015,2000,2000,165,2073.89,2308
2026-07-06 10:50:00,2000,2015,2000,2010,142,2072.06,2308
2026-07-06 10:55:00,2005,2015,2005,2015,65,2071.25,2308
2026-07-06 11:00:00,2015,2020,2010,2020,44,2070.77,2308
2026-07-06 11:05:00,2015,2020,2005,2010,78,2069.9,2308
2026-07-06 11:10:00,2010,2015,2005,2010,55,2069.29,2308
2026-07-06 11:15:00,2010,2015,2005,2015,71,2068.53,2308
2026-07-06 11:20:00,2010,2010,2000,2005,99,2067.42,2308
2026-07-06 11:25:00,2000,2010,2000,2010,88,2066.46,2308
2026-07-06 11:30:00,2010,2010,2005,2005,27,2066.17,2308
2026-07-06 11:35:00,2005,2015,2005,2015,50,2065.7,2308
2026-07-06 11:40:00,2010,2015,2005,2005,61,2065.12,2308
2026-07-06 11:45:00,2005,2010,2005,2005,28,2064.84,2308
2026-07-06 11:50:00,2005,2010,2005,2005,46,2064.39,2308
2026-07-06 11:55:00,2005,2015,2005,2015,59,2063.83,2308
2026-07-06 12:00:00,2010,2015,2005,2005,76,2063.15,2308
2026-07-06 12:05:00,2005,2010,2005,2005,33,2062.85,2308
2026-07-06 12:10:00,2005,2020,2005,2010,68,2062.3,2308
2026-07-06 12:15:00,2010,2020,2010,2020,36,2062.02,2308
2026-07-06 12:20:00,2015,2020,2015,2015,36,2061.76,2308
2026-07-06 12:25:00,2015,2020,2015,2015,27,2061.56,2308
2026-07-06 12:30:00,2020,2020,2015,2015,71,2061.05,2308
2026-07-06 12:35:00,2015,2020,2015,2015,34,2060.81,2308
2026-07-06 12:40:00,2015,2020,2015,2015,54,2060.44,2308
2026-07-06 12:45:00,2020,2020,2005,2010,107,2059.64,2308
2026-07-06 12:50:00,2010,2010,2005,2010,34,2059.37,2308
2026-07-06 12:55:00,2010,2010,2005,2005,31,2059.13,2308
2026-07-06 13:00:00,2005,2010,2000,2000,147,2057.95,2308
2026-07-06 13:05:00,2005,2005,2000,2000,85,2057.25,2308
2026-07-06 13:10:00,2000,2010,2000,2005,240,2055.46,2308
2026-07-06 13:15:00,2010,2010,2005,2005,108,2054.71,2308
2026-07-06 13:20:00,2005,2010,2000,2000,250,2052.98,2308
2026-07-06 13:30:00,1995,1995,1995,1995,734,2047.73,2308
2026-07-07 09:00:00,2015,2025,2000,2005,500,2013.84,2308
2026-07-07 09:05:00,2005,2025,2005,2025,146,2014.85,2308
2026-07-07 09:10:00,2020,2025,2010,2015,63,2015.06,2308
2026-07-07 09:15:00,2010,2010,2000,2005,119,2013.41,2308
2026-07-07 09:20:00,2005,2010,1970,1970,353,2006.27,2308
2026-07-07 09:25:00,1970,1995,1970,1985,127,2003.94,2308
2026-07-07 09:30:00,1985,1985,1970,1985,241,2000.14,2308
2026-07-07 09:35:00,1985,2000,1985,1995,92,1999.7,2308
2026-07-07 09:40:00,1995,2000,1995,2000,72,1999.7,2308
2026-07-07 09:45:00,2000,2010,2000,2005,59,1999.9,2308
2026-07-07 09:50:00,2005,2010,2000,2000,57,2000.05,2308
2026-07-07 09:55:00,2000,2000,1980,1985,142,1999.42,2308
2026-07-07 10:00:00,1990,1995,1990,1990,46,1999.21,2308
2026-07-07 10:05:00,1990,1990,1985,1985,50,1998.96,2308
2026-07-07 10:10:00,1990,1990,1980,1985,69,1998.49,2308
2026-07-07 10:15:00,1985,1985,1980,1980,87,1997.78,2308
2026-07-07 10:20:00,1975,1985,1975,1985,54,1997.31,2308
2026-07-07 10:25:00,1980,1980,1970,1970,108,1996.34,2308
2026-07-07 10:30:00,1970,1980,1970,1980,39,1995.99,2308
2026-07-07 10:35:00,1980,1980,1975,1975,31,1995.74,2308
2026-07-07 10:40:00,1975,1980,1975,1980,27,1995.54,2308
2026-07-07 10:45:00,1980,1980,1970,1970,92,1994.76,2308
2026-07-07 10:50:00,1975,1975,1970,1970,33,1994.47,2308
2026-07-07 10:55:00,1975,1975,1955,1955,330,1991.01,2308
2026-07-07 11:00:00,1955,1970,1955,1965,103,1990.03,2308
2026-07-07 11:05:00,1970,1975,1965,1970,28,1989.85,2308
2026-07-07 11:10:00,1970,1970,1960,1960,40,1989.55,2308
2026-07-07 11:15:00,1960,1960,1940,1945,329,1985.59,2308
2026-07-07 11:20:00,1945,1945,1935,1935,115,1984.14,2308
2026-07-07 11:25:00,1935,1935,1920,1920,369,1978.68,2308
2026-07-07 11:30:00,1920,1945,1920,1940,157,1976.85,2308
2026-07-07 11:35:00,1935,1940,1925,1930,147,1975.27,2308
2026-07-07 11:40:00,1930,1935,1920,1920,106,1974.16,2308
2026-07-07 11:45:00,1925,1925,1915,1920,141,1972.49,2308
2026-07-07 11:50:00,1920,1925,1915,1920,75,1971.66,2308
2026-07-07 11:55:00,1920,1920,1915,1920,68,1970.86,2308
2026-07-07 12:00:00,1920,1920,1915,1920,88,1969.88,2308
2026-07-07 12:05:00,1915,1925,1915,1920,52,1969.33,2308
2026-07-07 12:10:00,1915,1920,1905,1910,224,1966.77,2308
2026-07-07 12:15:00,1910,1915,1905,1905,129,1965.31,2308
2026-07-07 12:20:00,1910,1910,1900,1900,108,1964.03,2308
2026-07-07 12:25:00,1900,1905,1890,1900,423,1959.11,2308
2026-07-07 12:30:00,1910,1915,1905,1915,100,1958.25,2308
2026-07-07 12:35:00,1915,1920,1910,1915,78,1957.67,2308
2026-07-07 12:40:00,1910,1915,1905,1910,91,1956.91,2308
2026-07-07 12:45:00,1905,1910,1900,1900,48,1956.49,2308
2026-07-07 12:50:00,1900,1905,1900,1900,42,1956.1,2308
2026-07-07 12:55:00,1900,1905,1895,1895,207,1954.24,2308
2026-07-07 13:00:00,1895,1900,1890,1890,138,1952.95,2308
2026-07-07 13:05:00,1890,1895,1890,1890,126,1951.75,2308
2026-07-07 13:10:00,1890,1895,1890,1895,115,1950.69,2308
2026-07-07 13:15:00,1895,1895,1890,1895,195,1949.03,2308
2026-07-07 13:20:00,1895,1905,1890,1905,288,1946.89,2308
2026-07-07 13:30:00,1890,1890,1890,1890,660,1942.03,2308
2026-07-08 09:00:00,1925,1940,1915,1930,800,1926.38,2308
2026-07-08 09:05:00,1930,1935,1905,1910,350,1925.25,2308
2026-07-08 09:10:00,1915,1935,1915,1935,377,1924.77,2308
2026-07-08 09:15:00,1935,1950,1930,1940,394,1928.2,2308
2026-07-08 09:20:00,1935,1940,1930,1935,70,1928.44,2308
2026-07-08 09:25:00,1935,1935,1900,1905,227,1927.56,2308
2026-07-08 09:30:00,1905,1910,1890,1890,260,1924.49,2308
2026-07-08 09:35:00,1890,1890,1870,1885,528,1916.93,2308
2026-07-08 09:40:00,1890,1895,1875,1890,250,1914.49,2308
2026-07-08 09:45:00,1890,1895,1880,1885,122,1913.49,2308
2026-07-08 09:50:00,1885,1885,1860,1865,246,1910.8,2308
2026-07-08 09:55:00,1860,1865,1850,1860,438,1904.98,2308
2026-07-08 10:00:00,1860,1860,1840,1855,435,1899.74,2308
2026-07-08 10:05:00,1850,1855,1840,1850,143,1898.14,2308
2026-07-08 10:10:00,1850,1855,1845,1845,141,1896.69,2308
2026-07-08 10:15:00,1845,1855,1845,1850,177,1895.0,2308
2026-07-08 10:20:00,1850,1860,1850,1860,100,1894.23,2308
2026-07-08 10:25:00,1865,1875,1860,1870,148,1893.5,2308
2026-07-08 10:30:00,1870,1870,1855,1855,79,1893.04,2308
2026-07-08 10:35:00,1860,1860,1850,1860,99,1892.34,2308
2026-07-08 10:40:00,1860,1870,1855,1865,75,1891.92,2308
2026-07-08 10:45:00,1870,1880,1865,1880,104,1891.59,2308
2026-07-08 10:50:00,1880,1885,1870,1870,131,1891.32,2308
2026-07-08 10:55:00,1875,1880,1875,1875,59,1891.16,2308
2026-07-08 11:00:00,1875,1880,1875,1880,68,1891.01,2308
2026-07-08 11:05:00,1880,1885,1875,1880,37,1890.94,2308
2026-07-08 11:10:00,1880,1880,1875,1875,35,1890.85,2308
2026-07-08 11:15:00,1875,1880,1875,1875,31,1890.78,2308
2026-07-08 11:20:00,1875,1880,1875,1880,34,1890.7,2308
2026-07-08 11:25:00,1880,1890,1875,1890,129,1890.52,2308
2026-07-08 11:30:00,1885,1890,1880,1885,93,1890.44,2308
2026-07-08 11:35:00,1880,1885,1875,1875,58,1890.34,2308
2026-07-08 11:40:00,1875,1880,1875,1880,23,1890.3,2308
2026-07-08 11:45:00,1880,1880,1870,1870,106,1890.0,2308
2026-07-08 11:50:00,1875,1875,1870,1870,127,1889.62,2308
2026-07-08 11:55:00,1870,1875,1870,1870,39,1889.51,2308
2026-07-08 12:00:00,1875,1880,1865,1880,205,1888.97,2308
2026-07-08 12:05:00,1875,1880,1875,1875,38,1888.89,2308
2026-07-08 12:10:00,1880,1880,1870,1875,48,1888.78,2308
2026-07-08 12:15:00,1875,1875,1870,1870,35,1888.69,2308
2026-07-08 12:20:00,1870,1875,1870,1875,75,1888.53,2308
2026-07-08 12:25:00,1875,1875,1870,1870,59,1888.41,2308
2026-07-08 12:30:00,1875,1875,1870,1870,47,1888.3,2308
2026-07-08 12:35:00,1870,1875,1860,1860,150,1887.88,2308
2026-07-08 12:40:00,1865,1875,1860,1875,191,1887.36,2308
2026-07-08 12:45:00,1875,1880,1870,1870,115,1887.15,2308
2026-07-08 12:50:00,1875,1875,1870,1875,41,1887.07,2308
2026-07-08 12:55:00,1870,1875,1865,1870,186,1886.64,2308
2026-07-08 13:00:00,1870,1880,1870,1875,125,1886.47,2308
2026-07-08 13:05:00,1875,1890,1875,1885,259,1886.33,2308
2026-07-08 13:10:00,1890,1890,1885,1890,73,1886.35,2308
2026-07-08 13:15:00,1885,1890,1885,1890,108,1886.38,2308
2026-07-08 13:20:00,1885,1900,1885,1890,397,1886.65,2308
2026-07-08 13:30:00,1885,1885,1885,1885,1227,1886.44,2308
2026-07-09 09:00:00,1890,1895,1870,1885,1377,1885.76,2308
2026-07-09 09:05:00,1890,1895,1885,1890,260,1886.34,2308
2026-07-09 09:10:00,1895,1915,1890,1915,631,1890.19,2308
2026-07-09 09:15:00,1915,1920,1905,1915,242,1892.22,2308
2026-07-09 09:20:00,1915,1920,1915,1920,111,1893.34,2308
2026-07-09 09:25:00,1920,1920,1905,1910,230,1894.89,2308
2026-07-09 09:30:00,1915,1925,1910,1920,165,1896.2,2308
2026-07-09 09:35:00,1920,1930,1920,1930,149,1897.65,2308
2026-07-09 09:40:00,1925,1925,1920,1920,94,1898.41,2308
2026-07-09 09:45:00,1925,1935,1920,1925,304,1901.11,2308
2026-07-09 09:50:00,1925,1930,1910,1915,115,1901.75,2308
2026-07-09 09:55:00,1910,1915,1895,1895,216,1901.78,2308
2026-07-09 10:00:00,1900,1900,1890,1900,99,1901.63,2308
2026-07-09 10:05:00,1900,1905,1900,1905,75,1901.66,2308
2026-07-09 10:10:00,1900,1920,1900,1920,126,1901.86,2308
2026-07-09 10:15:00,1920,1925,1915,1920,116,1902.33,2308
2026-07-09 10:20:00,1920,1925,1915,1920,56,1902.56,2308
2026-07-09 10:25:00,1915,1915,1905,1910,66,1902.71,2308
2026-07-09 10:30:00,1910,1915,1905,1905,78,1902.81,2308
2026-07-09 10:35:00,1905,1905,1895,1905,137,1902.75,2308
2026-07-09 10:40:00,1905,1905,1895,1900,47,1902.74,2308
2026-07-09 10:45:00,1895,1900,1890,1895,103,1902.58,2308
2026-07-09 10:50:00,1895,1895,1885,1890,72,1902.39,2308
2026-07-09 10:55:00,1895,1895,1885,1890,61,1902.24,2308
2026-07-09 11:00:00,1890,1890,1880,1880,96,1901.91,2308
2026-07-09 11:05:00,1880,1890,1880,1885,115,1901.53,2308
2026-07-09 11:10:00,1880,1880,1875,1875,106,1901.06,2308
2026-07-09 11:15:00,1875,1880,1875,1880,28,1900.93,2308
2026-07-09 11:20:00,1880,1890,1880,1890,93,1900.62,2308
2026-07-09 11:25:00,1890,1895,1885,1890,42,1900.54,2308
2026-07-09 11:30:00,1890,1905,1890,1905,66,1900.54,2308
2026-07-09 11:35:00,1905,1905,1900,1905,33,1900.56,2308
2026-07-09 11:40:00,1905,1910,1900,1900,44,1900.6,2308
2026-07-09 11:45:00,1905,1910,1905,1905,21,1900.63,2308
2026-07-09 11:50:00,1910,1910,1905,1910,62,1900.7,2308
2026-07-09 11:55:00,1910,1910,1905,1910,28,1900.73,2308
2026-07-09 12:00:00,1910,1910,1905,1905,35,1900.77,2308
2026-07-09 12:05:00,1905,1910,1900,1900,70,1900.82,2308
2026-07-09 12:10:00,1900,1905,1900,1900,32,1900.82,2308
2026-07-09 12:15:00,1905,1905,1890,1890,84,1900.78,2308
2026-07-09 12:20:00,1890,1895,1890,1895,17,1900.75,2308
2026-07-09 12:25:00,1890,1895,1885,1885,54,1900.64,2308
2026-07-09 12:30:00,1885,1895,1885,1895,106,1900.48,2308
2026-07-09 12:35:00,1890,1895,1890,1890,13,1900.47,2308
2026-07-09 12:40:00,1895,1895,1890,1890,37,1900.41,2308
2026-07-09 12:45:00,1890,1895,1885,1885,66,1900.3,2308
2026-07-09 12:50:00,1885,1895,1885,1895,78,1900.19,2308
2026-07-09 12:55:00,1895,1895,1890,1895,53,1900.14,2308
2026-07-09 13:00:00,1890,1895,1890,1890,166,1899.94,2308
2026-07-09 13:05:00,1895,1895,1885,1885,113,1899.74,2308
2026-07-09 13:10:00,1890,1895,1885,1895,220,1899.49,2308
2026-07-09 13:15:00,1895,1895,1885,1885,141,1899.26,2308
2026-07-09 13:20:00,1890,1890,1880,1880,193,1898.8,2308
2026-07-09 13:30:00,1880,1880,1880,1880,679,1897.17,2308
2026-07-13 09:00:00,1970,1980,1950,1970,1931,1968.31,2308
2026-07-13 09:05:00,1975,1975,1960,1960,315,1968.23,2308
2026-07-13 09:10:00,1960,1975,1955,1965,454,1967.35,2308
2026-07-13 09:15:00,1965,1975,1950,1950,363,1966.6,2308
2026-07-13 09:20:00,1955,1960,1925,1930,293,1964.63,2308
2026-07-13 09:25:00,1930,1945,1925,1945,136,1963.69,2308
2026-07-13 09:30:00,1950,1950,1940,1940,172,1962.89,2308
2026-07-13 09:35:00,1940,1945,1935,1945,77,1962.4,2308
2026-07-13 09:40:00,1945,1945,1930,1930,139,1961.53,2308
2026-07-13 09:45:00,1930,1930,1925,1925,70,1960.92,2308
2026-07-13 09:50:00,1925,1925,1920,1925,114,1959.88,2308
2026-07-13 09:55:00,1925,1925,1915,1925,139,1958.58,2308
2026-07-13 10:00:00,1925,1925,1910,1915,220,1956.6,2308
2026-07-13 10:05:00,1920,1930,1920,1920,142,1955.59,2308
2026-07-13 10:10:00,1925,1930,1925,1925,72,1955.12,2308
2026-07-13 10:15:00,1930,1930,1920,1925,137,1954.26,2308
2026-07-13 10:20:00,1925,1930,1920,1925,137,1953.52,2308
2026-07-13 10:25:00,1930,1935,1925,1935,25,1953.42,2308
2026-07-13 10:30:00,1930,1935,1925,1925,161,1952.63,2308
2026-07-13 10:35:00,1925,1930,1920,1925,60,1952.31,2308
2026-07-13 10:40:00,1925,1925,1920,1925,42,1952.07,2308
2026-07-13 10:45:00,1925,1925,1920,1920,48,1951.79,2308
2026-07-13 10:50:00,1920,1925,1920,1920,23,1951.65,2308
2026-07-13 10:55:00,1920,1920,1915,1920,76,1951.2,2308
2026-07-13 11:00:00,1920,1920,1910,1915,97,1950.55,2308
2026-07-13 11:05:00,1915,1915,1910,1910,28,1950.34,2308
2026-07-13 11:10:00,1910,1915,1910,1915,19,1950.21,2308
2026-07-13 11:15:00,1910,1915,1910,1910,130,1949.29,2308
2026-07-13 11:20:00,1905,1910,1905,1905,45,1948.94,2308
2026-07-13 11:25:00,1910,1910,1905,1905,20,1948.79,2308
2026-07-13 11:30:00,1905,1910,1900,1905,133,1947.78,2308
2026-07-13 11:35:00,1905,1905,1900,1905,32,1947.52,2308
2026-07-13 11:40:00,1900,1905,1900,1905,30,1947.3,2308
2026-07-13 11:45:00,1905,1905,1890,1900,210,1945.63,2308
2026-07-13 11:50:00,1895,1900,1895,1900,34,1945.36,2308
2026-07-13 11:55:00,1900,1900,1895,1900,76,1944.8,2308
2026-07-13 12:00:00,1895,1895,1885,1885,123,1943.75,2308
2026-07-13 12:05:00,1885,1890,1885,1885,78,1943.03,2308
2026-07-13 12:10:00,1885,1890,1885,1890,24,1942.82,2308
2026-07-13 12:15:00,1885,1895,1885,1895,97,1942.05,2308
2026-07-13 12:20:00,1895,1900,1895,1900,37,1941.81,2308
2026-07-13 12:25:00,1900,1900,1890,1895,195,1940.5,2308
2026-07-13 12:30:00,1900,1900,1895,1895,33,1940.29,2308
2026-07-13 12:35:00,1895,1900,1895,1900,30,1940.1,2308
2026-07-13 12:40:00,1895,1895,1890,1890,94,1939.46,2308
2026-07-13 12:45:00,1895,1895,1890,1895,30,1939.25,2308
2026-07-13 12:50:00,1895,1895,1890,1895,54,1938.88,2308
2026-07-13 12:55:00,1895,1895,1890,1890,38,1938.63,2308
2026-07-13 13:00:00,1890,1900,1890,1895,202,1937.41,2308
2026-07-13 13:05:00,1890,1905,1890,1900,106,1936.83,2308
2026-07-13 13:10:00,1900,1910,1900,1905,145,1936.2,2308
2026-07-13 13:15:00,1905,1910,1900,1900,135,1935.63,2308
2026-07-13 13:20:00,1900,1905,1885,1895,278,1934.13,2308
2026-07-13 13:30:00,1890,1890,1890,1890,889,1929.67,2308
2026-07-14 09:00:00,1900,1905,1885,1890,627,1896.32,2308
2026-07-14 09:05:00,1890,1890,1870,1870,213,1893.24,2308
2026-07-14 09:10:00,1870,1875,1835,1835,394,1880.47,2308
2026-07-14 09:15:00,1835,1865,1830,1860,330,1873.02,2308
2026-07-14 09:20:00,1865,1865,1850,1860,130,1871.91,2308
2026-07-14 09:25:00,1860,1875,1860,1870,133,1871.8,2308
2026-07-14 09:30:00,1870,1875,1850,1850,191,1870.63,2308
2026-07-14 09:35:00,1850,1850,1840,1840,164,1868.87,2308
2026-07-14 09:40:00,1845,1845,1830,1845,234,1866.03,2308
2026-07-14 09:45:00,1845,1860,1840,1845,229,1864.51,2308
2026-07-14 09:50:00,1845,1845,1830,1835,181,1862.59,2308
2026-07-14 09:55:00,1835,1835,1820,1825,249,1859.54,2308
2026-07-14 10:00:00,1825,1840,1825,1830,98,1858.75,2308
2026-07-14 10:05:00,1835,1845,1835,1840,142,1857.95,2308
2026-07-14 10:10:00,1835,1840,1815,1815,160,1856.3,2308
2026-07-14 10:15:00,1815,1815,1800,1810,272,1852.9,2308
2026-07-14 10:20:00,1805,1815,1800,1800,153,1851.04,2308
2026-07-14 10:25:00,1805,1810,1795,1810,385,1846.5,2308
2026-07-14 10:30:00,1810,1815,1805,1805,60,1845.97,2308
2026-07-14 10:35:00,1800,1815,1800,1815,106,1845.09,2308
2026-07-14 10:40:00,1815,1830,1810,1820,243,1843.85,2308
2026-07-14 10:45:00,1820,1825,1810,1820,82,1843.41,2308
2026-07-14 10:50:00,1815,1815,1805,1805,36,1843.16,2308
2026-07-14 10:55:00,1805,1810,1800,1810,56,1842.72,2308
2026-07-14 11:00:00,1810,1810,1800,1800,56,1842.29,2308
2026-07-14 11:05:00,1800,1805,1795,1800,206,1840.58,2308
2026-07-14 11:10:00,1800,1800,1790,1790,190,1838.94,2308
2026-07-14 11:15:00,1790,1790,1785,1790,362,1835.76,2308
2026-07-14 11:20:00,1790,1790,1780,1790,140,1834.55,2308
2026-07-14 11:25:00,1790,1805,1785,1805,246,1833.14,2308
2026-07-14 11:30:00,1810,1815,1800,1800,141,1832.58,2308
2026-07-14 11:35:00,1800,1810,1800,1810,40,1832.41,2308
2026-07-14 11:40:00,1805,1810,1800,1810,96,1831.99,2308
2026-07-14 11:45:00,1810,1810,1805,1810,48,1831.81,2308
2026-07-14 11:50:00,1810,1820,1810,1815,73,1831.62,2308
2026-07-14 11:55:00,1820,1820,1815,1820,28,1831.55,2308
2026-07-14 12:00:00,1815,1830,1815,1820,171,1831.3,2308
2026-07-14 12:05:00,1820,1825,1815,1815,71,1831.16,2308
2026-07-14 12:10:00,1810,1815,1810,1810,64,1830.98,2308
2026-07-14 12:15:00,1815,1815,1810,1810,30,1830.89,2308
2026-07-14 12:20:00,1815,1820,1810,1815,59,1830.75,2308
2026-07-14 12:25:00,1815,1820,1815,1815,40,1830.67,2308
2026-07-14 12:30:00,1820,1835,1815,1825,166,1830.55,2308
2026-07-14 12:35:00,1830,1840,1830,1840,76,1830.6,2308
2026-07-14 12:40:00,1840,1840,1830,1835,134,1830.7,2308
2026-07-14 12:45:00,1830,1845,1830,1845,77,1830.79,2308
2026-07-14 12:50:00,1840,1845,1830,1840,124,1830.9,2308
2026-07-14 12:55:00,1840,1845,1835,1845,78,1831.0,2308
2026-07-14 13:00:00,1845,1845,1835,1845,159,1831.23,2308
2026-07-14 13:05:00,1840,1845,1840,1845,88,1831.38,2308
2026-07-14 13:10:00,1845,1855,1845,1850,188,1831.78,2308
2026-07-14 13:15:00,1850,1850,1840,1845,183,1832.1,2308
2026-07-14 13:20:00,1850,1855,1845,1850,245,1832.65,2308
2026-07-14 13:30:00,1855,1855,1855,1855,1057,1835.14,2308
2026-07-15 09:00:00,1930,1930,1870,1885,1201,1907.64,2308
2026-07-15 09:05:00,1880,1895,1870,1870,310,1901.52,2308
2026-07-15 09:10:00,1875,1890,1875,1880,223,1898.97,2308
2026-07-15 09:15:00,1885,1885,1875,1885,147,1897.63,2308
2026-07-15 09:20:00,1885,1895,1880,1895,137,1896.9,2308
2026-07-15 09:25:00,1895,1905,1890,1895,305,1897.24,2308
2026-07-15 09:30:00,1895,1900,1880,1885,129,1896.85,2308
2026-07-15 09:35:00,1890,1890,1880,1885,81,1896.41,2308
2026-07-15 09:40:00,1890,1890,1865,1870,295,1894.15,2308
2026-07-15 09:45:00,1870,1885,1870,1885,86,1893.64,2308
2026-07-15 09:50:00,1885,1890,1880,1885,125,1893.24,2308
2026-07-15 09:55:00,1890,1905,1890,1905,274,1893.6,2308
2026-07-15 10:00:00,1910,1910,1905,1905,174,1894.3,2308
2026-07-15 10:05:00,1905,1905,1895,1895,174,1894.58,2308
2026-07-15 10:10:00,1895,1910,1895,1900,206,1894.95,2308
2026-07-15 10:15:00,1905,1920,1905,1915,183,1895.76,2308
2026-07-15 10:20:00,1910,1910,1900,1910,66,1895.92,2308
2026-07-15 10:25:00,1905,1915,1900,1915,130,1896.36,2308
2026-07-15 10:30:00,1915,1915,1905,1910,59,1896.53,2308
2026-07-15 10:35:00,1910,1910,1905,1905,41,1896.63,2308
2026-07-15 10:40:00,1905,1910,1900,1910,52,1896.73,2308
2026-07-15 10:45:00,1905,1910,1900,1910,37,1896.8,2308
2026-07-15 10:50:00,1900,1905,1900,1900,39,1896.83,2308
2026-07-15 10:55:00,1900,1905,1900,1900,37,1896.86,2308
2026-07-15 11:00:00,1900,1905,1900,1905,86,1896.98,2308
2026-07-15 11:05:00,1905,1905,1895,1895,78,1897.04,2308
2026-07-15 11:10:00,1900,1900,1895,1900,60,1897.02,2308
2026-07-15 11:15:00,1895,1900,1895,1900,73,1897.02,2308
2026-07-15 11:20:00,1900,1900,1895,1900,63,1897.0,2308
2026-07-15 11:25:00,1895,1900,1890,1895,62,1896.97,2308
2026-07-15 11:30:00,1890,1895,1890,1890,39,1896.92,2308
2026-07-15 11:35:00,1895,1910,1890,1905,164,1897.05,2308
2026-07-15 11:40:00,1910,1920,1905,1915,143,1897.48,2308
2026-07-15 11:45:00,1915,1920,1915,1915,86,1897.81,2308
2026-07-15 11:50:00,1920,1920,1910,1915,108,1898.14,2308
2026-07-15 11:55:00,1915,1915,1905,1910,55,1898.25,2308
2026-07-15 12:00:00,1910,1920,1910,1915,101,1898.54,2308
2026-07-15 12:05:00,1915,1920,1910,1910,52,1898.69,2308
2026-07-15 12:10:00,1910,1915,1910,1910,33,1898.76,2308
2026-07-15 12:15:00,1915,1915,1910,1910,69,1898.9,2308
2026-07-15 12:20:00,1915,1920,1910,1920,73,1899.1,2308
2026-07-15 12:25:00,1920,1920,1900,1900,146,1899.39,2308
2026-07-15 12:30:00,1905,1905,1900,1905,96,1899.43,2308
2026-07-15 12:35:00,1900,1910,1900,1910,149,1899.54,2308
2026-07-15 12:40:00,1905,1910,1900,1905,91,1899.59,2308
2026-07-15 12:45:00,1900,1905,1895,1905,214,1899.61,2308
2026-07-15 12:50:00,1900,1905,1900,1900,94,1899.64,2308
2026-07-15 12:55:00,1900,1905,1900,1905,80,1899.66,2308
2026-07-15 13:00:00,1900,1905,1900,1905,180,1899.75,2308
2026-07-15 13:05:00,1900,1905,1900,1900,111,1899.79,2308
2026-07-15 13:10:00,1900,1905,1900,1905,131,1899.82,2308
2026-07-15 13:15:00,1900,1910,1900,1905,251,1900.02,2308
2026-07-15 13:20:00,1910,1910,1905,1905,195,1900.22,2308
2026-07-15 13:30:00,1890,1890,1890,1890,804,1899.24,2308
2026-07-16 09:00:00,1865,1865,1830,1850,1178,1852.07,2308
2026-07-16 09:05:00,1850,1855,1830,1830,469,1848.64,2308
2026-07-16 09:10:00,1835,1850,1825,1835,371,1846.27,2308
2026-07-16 09:15:00,1835,1845,1825,1835,195,1845.37,2308
2026-07-16 09:20:00,1835,1840,1820,1825,267,1843.47,2308
2026-07-16 09:25:00,1830,1835,1820,1825,107,1842.8,2308
2026-07-16 09:30:00,1830,1840,1825,1840,86,1842.47,2308
2026-07-16 09:35:00,1840,1850,1840,1840,182,1842.61,2308
2026-07-16 09:40:00,1845,1850,1840,1840,75,1842.69,2308
2026-07-16 09:45:00,1845,1855,1840,1855,204,1843.1,2308
2026-07-16 09:50:00,1855,1855,1845,1855,168,1843.56,2308
2026-07-16 09:55:00,1860,1870,1855,1860,177,1844.53,2308
2026-07-16 10:00:00,1860,1860,1850,1850,48,1844.63,2308
2026-07-16 10:05:00,1850,1860,1850,1860,77,1844.84,2308
2026-07-16 10:10:00,1855,1860,1855,1860,63,1845.04,2308
2026-07-16 10:15:00,1860,1870,1850,1870,153,1845.65,2308
2026-07-16 10:20:00,1870,1890,1860,1890,184,1846.94,2308
2026-07-16 10:25:00,1890,1890,1880,1885,126,1848.1,2308
2026-07-16 10:30:00,1885,1900,1885,1895,92,1849.06,2308
2026-07-16 10:35:00,1895,1895,1885,1895,100,1850.06,2308
2026-07-16 10:40:00,1900,1900,1895,1900,81,1850.95,2308
2026-07-16 10:45:00,1900,1905,1890,1895,71,1851.71,2308
2026-07-16 10:50:00,1895,1900,1890,1900,76,1852.41,2308
2026-07-16 10:55:00,1895,1905,1895,1905,58,1853.03,2308
2026-07-16 11:00:00,1905,1905,1895,1900,75,1853.79,2308
2026-07-16 11:05:00,1905,1910,1900,1910,62,1854.47,2308
2026-07-16 11:10:00,1910,1910,1905,1910,46,1855.0,2308
2026-07-16 11:15:00,1910,1910,1900,1900,72,1855.74,2308
2026-07-16 11:20:00,1900,1905,1900,1905,28,1856.01,2308
2026-07-16 11:25:00,1905,1905,1895,1895,52,1856.46,2308
2026-07-16 11:30:00,1900,1910,1895,1910,104,1857.41,2308
2026-07-16 11:35:00,1910,1910,1900,1905,40,1857.78,2308
2026-07-16 11:40:00,1905,1910,1900,1905,69,1858.42,2308
2026-07-16 11:45:00,1905,1910,1905,1910,38,1858.77,2308
2026-07-16 11:50:00,1905,1920,1905,1920,152,1860.3,2308
2026-07-16 11:55:00,1920,1935,1920,1935,278,1863.53,2308
2026-07-16 12:00:00,1935,1935,1920,1920,140,1865.11,2308
2026-07-16 12:05:00,1925,1925,1920,1920,65,1865.75,2308
2026-07-16 12:10:00,1920,1920,1915,1920,49,1866.19,2308
2026-07-16 12:15:00,1920,1920,1905,1910,155,1867.31,2308
2026-07-16 12:20:00,1905,1910,1905,1910,48,1867.63,2308
2026-07-16 12:25:00,1910,1910,1900,1905,68,1868.05,2308
2026-07-16 12:30:00,1905,1905,1895,1900,115,1868.65,2308
2026-07-16 12:35:00,1900,1900,1895,1895,52,1868.89,2308
2026-07-16 12:40:00,1900,1900,1895,1900,109,1869.34,2308
2026-07-16 12:45:00,1895,1900,1895,1895,90,1869.71,2308
2026-07-16 12:50:00,1895,1900,1895,1900,55,1869.96,2308
2026-07-16 12:55:00,1900,1905,1895,1905,108,1870.45,2308
2026-07-16 13:00:00,1905,1905,1895,1905,122,1871.0,2308
2026-07-16 13:05:00,1900,1905,1895,1900,94,1871.42,2308
2026-07-16 13:10:00,1900,1905,1895,1905,172,1872.11,2308
2026-07-16 13:15:00,1905,1910,1905,1910,92,1872.58,2308
2026-07-16 13:20:00,1905,1910,1895,1905,290,1873.76,2308
2026-07-16 13:30:00,1905,1905,1905,1905,800,1876.79,2308
2026-07-17 09:00:00,1820,1825,1790,1790,1193,1810.18,2308
2026-07-17 09:05:00,1790,1800,1780,1800,542,1803.92,2308
2026-07-17 09:10:00,1800,1820,1795,1820,376,1805.03,2308
2026-07-17 09:15:00,1820,1820,1805,1810,158,1805.67,2308
2026-07-17 09:20:00,1815,1820,1810,1820,149,1806.17,2308
2026-07-17 09:25:00,1820,1820,1805,1805,120,1806.39,2308
2026-07-17 09:30:00,1810,1810,1790,1790,478,1805.44,2308
2026-07-17 09:35:00,1795,1810,1790,1810,119,1805.36,2308
2026-07-17 09:40:00,1805,1815,1805,1805,103,1805.48,2308
2026-07-17 09:45:00,1805,1810,1795,1805,160,1805.3,2308
2026-07-17 09:50:00,1805,1805,1800,1805,91,1805.26,2308
2026-07-17 09:55:00,1805,1810,1800,1805,250,1805.38,2308
2026-07-17 10:00:00,1810,1810,1805,1805,46,1805.4,2308
2026-07-17 10:05:00,1810,1815,1805,1805,124,1805.54,2308
2026-07-17 10:10:00,1805,1805,1800,1800,39,1805.51,2308
2026-07-17 10:15:00,1800,1805,1800,1805,57,1805.46,2308
2026-07-17 10:20:00,1805,1805,1795,1795,193,1805.13,2308
2026-07-17 10:25:00,1800,1800,1790,1795,298,1804.57,2308
2026-07-17 10:30:00,1795,1795,1790,1795,63,1804.41,2308
2026-07-17 10:35:00,1795,1795,1785,1785,246,1803.64,2308
2026-07-17 10:40:00,1785,1795,1785,1790,158,1803.18,2308
2026-07-17 10:45:00,1790,1790,1780,1780,182,1802.54,2308
2026-07-17 10:50:00,1785,1785,1775,1775,507,1800.43,2308
2026-07-17 10:55:00,1775,1780,1775,1780,94,1800.04,2308
2026-07-17 11:00:00,1780,1780,1775,1775,66,1799.77,2308
2026-07-17 11:05:00,1775,1790,1775,1785,299,1798.99,2308
2026-07-17 11:10:00,1785,1785,1775,1775,94,1798.68,2308
2026-07-17 11:15:00,1780,1785,1780,1785,47,1798.55,2308
2026-07-17 11:20:00,1780,1790,1780,1790,91,1798.36,2308
2026-07-17 11:25:00,1790,1795,1785,1795,120,1798.22,2308
2026-07-17 11:30:00,1790,1790,1780,1785,114,1798.02,2308
2026-07-17 11:35:00,1785,1790,1780,1785,111,1797.81,2308
2026-07-17 11:40:00,1785,1790,1780,1785,43,1797.72,2308
2026-07-17 11:45:00,1785,1785,1775,1775,151,1797.33,2308
2026-07-17 11:50:00,1775,1780,1765,1765,349,1796.04,2308
2026-07-17 11:55:00,1765,1765,1760,1760,99,1795.57,2308
2026-07-17 12:00:00,1760,1765,1755,1755,160,1794.8,2308
2026-07-17 12:05:00,1755,1760,1755,1755,104,1794.27,2308
2026-07-17 12:10:00,1755,1765,1750,1760,217,1793.23,2308
2026-07-17 12:15:00,1760,1760,1755,1760,47,1793.01,2308
2026-07-17 12:20:00,1755,1760,1750,1750,158,1792.26,2308
2026-07-17 12:25:00,1750,1755,1745,1745,332,1790.52,2308
2026-07-17 12:30:00,1745,1750,1735,1740,269,1788.95,2308
2026-07-17 12:35:00,1740,1745,1735,1745,231,1787.65,2308
2026-07-17 12:40:00,1740,1750,1740,1750,169,1786.83,2308
2026-07-17 12:45:00,1750,1755,1745,1755,197,1786.03,2308
2026-07-17 12:50:00,1750,1760,1750,1760,78,1785.78,2308
2026-07-17 12:55:00,1760,1760,1745,1745,187,1785.15,2308
2026-07-17 13:00:00,1750,1750,1745,1745,128,1784.64,2308
2026-07-17 13:05:00,1745,1750,1740,1740,340,1783.28,2308
2026-07-17 13:10:00,1740,1745,1740,1745,313,1782.07,2308
2026-07-17 13:15:00,1745,1750,1740,1740,205,1781.35,2308
2026-07-17 13:20:00,1740,1745,1735,1745,393,1779.84,2308
2026-07-17 13:30:00,1740,1740,1740,1740,937,1776.68,2308
2026-07-20 09:00:00,1695,1785,1695,1745,1500,1731.04,2308
2026-07-20 09:05:00,1740,1770,1735,1765,575,1738.6,2308
2026-07-20 09:10:00,1760,1765,1715,1715,474,1738.52,2308
2026-07-20 09:15:00,1715,1725,1700,1705,472,1734.39,2308
2026-07-20 09:20:00,1700,1710,1670,1705,719,1725.84,2308
2026-07-20 09:25:00,1710,1710,1670,1670,347,1722.44,2308
2026-07-20 09:30:00,1670,1695,1665,1695,380,1718.8,2308
2026-07-20 09:35:00,1695,1705,1685,1705,245,1717.65,2308
2026-07-20 09:40:00,1700,1700,1675,1685,192,1716.45,2308
2026-07-20 09:45:00,1685,1710,1685,1710,150,1715.82,2308
2026-07-20 09:50:00,1710,1710,1690,1695,140,1715.41,2308
2026-07-20 09:55:00,1695,1700,1690,1695,75,1715.12,2308
2026-07-20 10:00:00,1700,1720,1695,1715,259,1714.84,2308
2026-07-20 10:05:00,1715,1730,1715,1720,207,1715.09,2308
2026-07-20 10:10:00,1720,1730,1710,1720,123,1715.2,2308
2026-07-20 10:15:00,1720,1720,1700,1700,178,1715.17,2308
2026-07-20 10:20:00,1705,1710,1690,1705,118,1714.88,2308
2026-07-20 10:25:00,1705,1705,1700,1700,69,1714.75,2308
2026-07-20 10:30:00,1700,1720,1700,1715,111,1714.68,2308
2026-07-20 10:35:00,1715,1725,1715,1720,88,1714.76,2308
2026-07-20 10:40:00,1715,1730,1715,1730,105,1714.88,2308
2026-07-20 10:45:00,1725,1735,1725,1730,170,1715.26,2308
2026-07-20 10:50:00,1730,1735,1730,1735,38,1715.35,2308
2026-07-20 10:55:00,1735,1740,1725,1730,230,1716.02,2308
2026-07-20 11:00:00,1730,1735,1725,1725,77,1716.18,2308
2026-07-20 11:05:00,1725,1730,1720,1725,111,1716.27,2308
2026-07-20 11:10:00,1730,1735,1720,1725,57,1716.36,2308
2026-07-20 11:15:00,1725,1735,1720,1720,60,1716.45,2308
2026-07-20 11:20:00,1725,1725,1715,1725,73,1716.47,2308
2026-07-20 11:25:00,1720,1725,1715,1715,37,1716.49,2308
2026-07-20 11:30:00,1715,1720,1715,1715,61,1716.51,2308
2026-07-20 11:35:00,1715,1720,1715,1715,44,1716.52,2308
2026-07-20 11:40:00,1715,1725,1715,1720,39,1716.54,2308
2026-07-20 11:45:00,1725,1735,1720,1730,83,1716.65,2308
2026-07-20 11:50:00,1730,1750,1725,1740,178,1717.14,2308
2026-07-20 11:55:00,1745,1745,1730,1735,97,1717.4,2308
2026-07-20 12:00:00,1735,1745,1735,1740,69,1717.59,2308
2026-07-20 12:05:00,1740,1745,1740,1745,34,1717.69,2308
2026-07-20 12:10:00,1740,1745,1735,1735,50,1717.83,2308
2026-07-20 12:15:00,1735,1740,1730,1730,69,1717.95,2308
2026-07-20 12:20:00,1730,1740,1730,1735,84,1718.12,2308
2026-07-20 12:25:00,1730,1750,1730,1745,135,1718.48,2308
2026-07-20 12:30:00,1740,1750,1740,1750,61,1718.68,2308
2026-07-20 12:35:00,1745,1755,1745,1755,127,1719.14,2308
2026-07-20 12:40:00,1755,1760,1745,1750,124,1719.63,2308
2026-07-20 12:45:00,1755,1755,1750,1750,51,1719.82,2308
2026-07-20 12:50:00,1755,1755,1745,1750,56,1720.0,2308
2026-07-20 12:55:00,1745,1750,1740,1740,61,1720.18,2308
2026-07-20 13:00:00,1745,1745,1725,1730,189,1720.52,2308
2026-07-20 13:05:00,1730,1735,1725,1725,114,1720.62,2308
2026-07-20 13:10:00,1730,1730,1720,1725,163,1720.67,2308
2026-07-20 13:15:00,1720,1730,1720,1725,192,1720.75,2308
2026-07-20 13:20:00,1725,1730,1715,1715,241,1720.74,2308
2026-07-20 13:30:00,1705,1705,1705,1705,952,1719.34,2308
2026-07-21 09:00:00,1735,1750,1720,1740,522,1735.42,2308
2026-07-21 09:05:00,1750,1775,1750,1775,561,1749.1,2308
2026-07-21 09:10:00,1775,1795,1770,1775,509,1758.79,2308
2026-07-21 09:15:00,1770,1780,1760,1765,199,1759.66,2308
2026-07-21 09:20:00,1770,1775,1760,1775,92,1760.08,2308
2026-07-21 09:25:00,1775,1775,1765,1770,51,1760.32,2308
2026-07-21 09:30:00,1770,1780,1765,1775,197,1761.54,2308
2026-07-21 09:35:00,1780,1795,1775,1780,379,1765.44,2308
2026-07-21 09:40:00,1780,1790,1775,1775,182,1766.78,2308
2026-07-21 09:45:00,1780,1805,1780,1800,575,1771.79,2308
2026-07-21 09:50:00,1795,1805,1795,1805,223,1773.63,2308
2026-07-21 09:55:00,1805,1805,1790,1795,242,1775.2,2308
2026-07-21 10:00:00,1795,1815,1795,1815,266,1777.17,2308
2026-07-21 10:05:00,1815,1820,1795,1800,363,1780.17,2308
2026-07-21 10:10:00,1800,1805,1790,1790,131,1780.63,2308
2026-07-21 10:15:00,1790,1790,1780,1790,200,1780.87,2308
2026-07-21 10:20:00,1785,1810,1785,1805,151,1781.41,2308
2026-07-21 10:25:00,1805,1805,1780,1780,184,1781.84,2308
2026-07-21 10:30:00,1785,1800,1785,1800,88,1781.99,2308
2026-07-21 10:35:00,1795,1805,1790,1805,72,1782.22,2308
2026-07-21 10:40:00,1805,1805,1790,1805,87,1782.49,2308
2026-07-21 10:45:00,1805,1810,1800,1805,78,1782.8,2308
2026-07-21 10:50:00,1800,1810,1795,1805,123,1783.18,2308
2026-07-21 10:55:00,1805,1805,1795,1795,93,1783.44,2308
2026-07-21 11:00:00,1795,1810,1795,1805,160,1783.98,2308
2026-07-21 11:05:00,1805,1805,1795,1800,79,1784.23,2308
2026-07-21 11:10:00,1805,1815,1805,1815,94,1784.65,2308
2026-07-21 11:15:00,1810,1815,1805,1810,73,1784.94,2308
2026-07-21 11:20:00,1805,1810,1805,1810,80,1785.26,2308
2026-07-21 11:25:00,1815,1815,1805,1810,131,1785.78,2308
2026-07-21 11:30:00,1810,1815,1810,1815,40,1785.96,2308
2026-07-21 11:35:00,1815,1825,1810,1825,244,1787.21,2308
2026-07-21 11:40:00,1820,1825,1815,1820,106,1787.75,2308
2026-07-21 11:45:00,1820,1825,1820,1820,77,1788.16,2308
2026-07-21 11:50:00,1825,1830,1820,1830,202,1789.15,2308
2026-07-21 11:55:00,1830,1840,1825,1830,323,1791.07,2308
2026-07-21 12:00:00,1825,1835,1825,1830,214,1792.21,2308
2026-07-21 12:05:00,1825,1835,1825,1825,88,1792.62,2308
2026-07-21 12:10:00,1820,1830,1820,1825,72,1792.95,2308
2026-07-21 12:15:00,1830,1835,1825,1835,76,1793.33,2308
2026-07-21 12:20:00,1835,1840,1830,1840,99,1793.89,2308
2026-07-21 12:25:00,1840,1845,1835,1840,183,1794.92,2308
2026-07-21 12:30:00,1840,1845,1835,1845,138,1795.71,2308
2026-07-21 12:35:00,1845,1850,1840,1850,126,1796.53,2308
2026-07-21 12:40:00,1850,1855,1840,1845,239,1797.99,2308
2026-07-21 12:45:00,1845,1845,1840,1845,54,1798.28,2308
2026-07-21 12:50:00,1845,1845,1835,1840,120,1798.87,2308
2026-07-21 12:55:00,1840,1845,1835,1840,85,1799.27,2308
2026-07-21 13:00:00,1835,1840,1835,1840,45,1799.47,2308
2026-07-21 13:05:00,1840,1845,1835,1845,84,1799.86,2308
2026-07-21 13:10:00,1835,1840,1835,1840,78,1800.2,2308
2026-07-21 13:15:00,1835,1840,1830,1835,170,1800.86,2308
2026-07-21 13:20:00,1835,1855,1830,1845,238,1801.94,2308
2026-07-21 13:30:00,1835,1835,1835,1835,802,1804.56,2308
2026-07-22 09:00:00,1920,1920,1900,1910,1224,1912.77,2308
2026-07-22 09:05:00,1910,1935,1905,1930,475,1914.99,2308
2026-07-22 09:10:00,1930,1930,1905,1915,249,1915.31,2308
2026-07-22 09:15:00,1915,1930,1915,1925,226,1916.12,2308
2026-07-22 09:20:00,1925,1925,1900,1900,289,1915.78,2308
2026-07-22 09:25:00,1900,1915,1900,1905,254,1915.0,2308
2026-07-22 09:30:00,1905,1915,1900,1900,340,1914.1,2308
2026-07-22 09:35:00,1900,1910,1895,1895,286,1912.93,2308
2026-07-22 09:40:00,1900,1915,1900,1905,168,1912.69,2308
2026-07-22 09:45:00,1910,1920,1905,1920,128,1912.73,2308
2026-07-22 09:50:00,1920,1930,1915,1925,199,1913.2,2308
2026-07-22 09:55:00,1930,1930,1920,1925,416,1914.57,2308
2026-07-22 10:00:00,1925,1925,1910,1915,186,1914.61,2308
2026-07-22 10:05:00,1920,1925,1915,1920,122,1914.75,2308
2026-07-22 10:10:00,1920,1940,1920,1940,409,1916.25,2308
2026-07-22 10:15:00,1935,1950,1935,1940,547,1919.09,2308
2026-07-22 10:20:00,1940,1945,1935,1940,99,1919.47,2308
2026-07-22 10:25:00,1940,1940,1930,1935,110,1919.72,2308
2026-07-22 10:30:00,1935,1935,1925,1930,114,1919.92,2308
2026-07-22 10:35:00,1925,1930,1925,1925,128,1920.05,2308
2026-07-22 10:40:00,1925,1935,1925,1935,93,1920.19,2308
2026-07-22 10:45:00,1930,1940,1930,1935,151,1920.55,2308
2026-07-22 10:50:00,1930,1935,1930,1930,142,1920.78,2308
2026-07-22 10:55:00,1925,1930,1920,1920,89,1920.84,2308
2026-07-22 11:00:00,1925,1930,1920,1930,78,1920.89,2308
2026-07-22 11:05:00,1930,1935,1925,1925,215,1921.11,2308
2026-07-22 11:10:00,1920,1925,1915,1915,99,1921.09,2308
2026-07-22 11:15:00,1915,1925,1915,1925,71,1921.07,2308
2026-07-22 11:20:00,1925,1925,1915,1920,192,1921.05,2308
2026-07-22 11:25:00,1920,1920,1915,1920,91,1921.02,2308
2026-07-22 11:30:00,1925,1925,1910,1915,145,1920.93,2308
2026-07-22 11:35:00,1910,1915,1910,1910,52,1920.86,2308
2026-07-22 11:40:00,1910,1910,1905,1910,132,1920.64,2308
2026-07-22 11:45:00,1910,1915,1910,1910,78,1920.56,2308
2026-07-22 11:50:00,1915,1915,1895,1895,226,1920.11,2308
2026-07-22 11:55:00,1900,1900,1890,1900,162,1919.58,2308
2026-07-22 12:00:00,1900,1905,1900,1900,68,1919.44,2308
2026-07-22 12:05:00,1905,1905,1900,1905,45,1919.36,2308
2026-07-22 12:10:00,1900,1905,1900,1900,49,1919.26,2308
2026-07-22 12:15:00,1900,1905,1895,1900,121,1918.97,2308
2026-07-22 12:20:00,1900,1910,1900,1910,90,1918.8,2308
2026-07-22 12:25:00,1910,1910,1905,1910,44,1918.75,2308
2026-07-22 12:30:00,1905,1910,1905,1905,122,1918.56,2308
2026-07-22 12:35:00,1910,1915,1905,1915,76,1918.49,2308
2026-07-22 12:40:00,1910,1915,1905,1905,109,1918.38,2308
2026-07-22 12:45:00,1910,1910,1900,1905,77,1918.27,2308
2026-07-22 12:50:00,1900,1905,1900,1905,68,1918.14,2308
2026-07-22 12:55:00,1905,1905,1895,1905,119,1917.9,2308
2026-07-22 13:00:00,1905,1905,1890,1890,158,1917.57,2308
2026-07-22 13:05:00,1895,1900,1890,1895,148,1917.2,2308
2026-07-22 13:10:00,1895,1895,1885,1885,311,1916.34,2308
2026-07-22 13:15:00,1885,1890,1875,1880,284,1915.33,2308
2026-07-22 13:20:00,1875,1880,1870,1875,210,1914.51,2308
2026-07-22 13:30:00,1880,1880,1880,1880,864,1911.79,2308
2026-07-23 09:00:00,1900,1910,1895,1900,313,1901.68,2308
2026-07-23 09:05:00,1900,1905,1895,1900,164,1901.56,2308
2026-07-23 09:10:00,1900,1900,1885,1885,100,1900.39,2308
2026-07-23 09:15:00,1890,1905,1885,1900,99,1899.98,2308
2026-07-23 09:20:00,1900,1910,1900,1910,103,1900.75,2308
2026-07-23 09:25:00,1910,1925,1905,1915,278,1905.02,2308
2026-07-23 09:30:00,1915,1935,1910,1935,219,1908.26,2308
2026-07-23 09:35:00,1935,1935,1925,1925,152,1910.58,2308
2026-07-23 09:40:00,1925,1930,1920,1925,60,1911.11,2308
2026-07-23 09:45:00,1925,1925,1920,1925,63,1911.59,2308
2026-07-23 09:50:00,1925,1940,1920,1935,200,1914.07,2308
2026-07-23 09:55:00,1940,1945,1920,1925,256,1917.07,2308
2026-07-23 10:00:00,1925,1925,1915,1925,85,1917.21,2308
2026-07-23 10:05:00,1925,1925,1915,1915,97,1917.22,2308
2026-07-23 10:10:00,1915,1915,1905,1905,147,1916.78,2308
2026-07-23 10:15:00,1905,1910,1895,1895,123,1916.03,2308
2026-07-23 10:20:00,1895,1900,1885,1890,133,1914.72,2308
2026-07-23 10:25:00,1890,1895,1875,1895,158,1912.78,2308
2026-07-23 10:30:00,1890,1895,1885,1890,44,1912.46,2308
2026-07-23 10:35:00,1890,1895,1880,1885,57,1912.01,2308
2026-07-23 10:40:00,1880,1885,1875,1875,90,1910.97,2308
2026-07-23 10:45:00,1880,1885,1875,1880,69,1910.29,2308
2026-07-23 10:50:00,1880,1885,1875,1885,32,1909.97,2308
2026-07-23 10:55:00,1885,1885,1880,1885,20,1909.8,2308
2026-07-23 11:00:00,1885,1885,1880,1885,30,1909.54,2308
2026-07-23 11:05:00,1880,1885,1875,1880,57,1909.01,2308
2026-07-23 11:10:00,1880,1880,1855,1870,221,1906.2,2308
2026-07-23 11:15:00,1870,1870,1865,1865,27,1905.9,2308
2026-07-23 11:20:00,1870,1880,1870,1875,45,1905.46,2308
2026-07-23 11:25:00,1875,1875,1870,1875,26,1905.23,2308
2026-07-23 11:30:00,1875,1880,1870,1870,50,1904.78,2308
2026-07-23 11:35:00,1870,1875,1865,1865,48,1904.27,2308
2026-07-23 11:40:00,1865,1870,1860,1870,51,1903.72,2308
2026-07-23 11:45:00,1870,1875,1865,1870,32,1903.43,2308
2026-07-23 11:50:00,1870,1875,1865,1875,32,1903.15,2308
2026-07-23 11:55:00,1870,1870,1860,1865,68,1902.49,2308
2026-07-23 12:00:00,1870,1870,1860,1860,41,1902.08,2308
2026-07-23 12:05:00,1860,1865,1850,1860,184,1899.99,2308
2026-07-23 12:10:00,1855,1865,1855,1860,36,1899.64,2308
2026-07-23 12:15:00,1860,1865,1850,1855,42,1899.19,2308
2026-07-23 12:20:00,1855,1870,1855,1865,121,1898.06,2308
2026-07-23 12:25:00,1870,1875,1860,1870,46,1897.75,2308
2026-07-23 12:30:00,1865,1870,1865,1870,43,1897.47,2308
2026-07-23 12:35:00,1875,1875,1870,1875,28,1897.31,2308
2026-07-23 12:40:00,1875,1880,1870,1880,85,1896.89,2308
2026-07-23 12:45:00,1880,1880,1875,1880,25,1896.78,2308
2026-07-23 12:50:00,1875,1880,1870,1870,55,1896.48,2308
2026-07-23 12:55:00,1875,1875,1870,1870,18,1896.38,2308
2026-07-23 13:00:00,1875,1875,1865,1865,66,1895.96,2308
2026-07-23 13:05:00,1865,1870,1860,1870,58,1895.57,2308
2026-07-23 13:10:00,1870,1875,1865,1865,91,1895.06,2308
2026-07-23 13:15:00,1865,1880,1865,1875,134,1894.44,2308
2026-07-23 13:20:00,1875,1880,1865,1865,134,1893.87,2308
2026-07-23 13:30:00,1880,1880,1880,1880,632,1892.3,2308
2026-07-24 09:00:00,1850,1850,1825,1845,464,1843.58,2308
2026-07-24 09:05:00,1845,1870,1840,1865,187,1846.71,2308
2026-07-24 09:10:00,1860,1870,1850,1855,141,1849.29,2308
2026-07-24 09:15:00,1855,1865,1855,1855,92,1850.32,2308
2026-07-24 09:20:00,1855,1865,1855,1865,58,1850.87,2308
2026-07-24 09:25:00,1865,1870,1860,1860,81,1851.94,2308
2026-07-24 09:30:00,1860,1870,1855,1870,40,1852.29,2308
2026-07-24 09:35:00,1870,1890,1870,1880,281,1858.71,2308
2026-07-24 09:40:00,1875,1885,1870,1875,46,1859.26,2308
2026-07-24 09:45:00,1880,1880,1870,1870,68,1859.92,2308
2026-07-24 09:50:00,1870,1870,1850,1860,254,1859.07,2308
2026-07-24 09:55:00,1860,1860,1850,1855,45,1858.95,2308
2026-07-24 10:00:00,1850,1855,1850,1855,21,1858.87,2308
2026-07-24 10:05:00,1850,1855,1840,1845,173,1857.78,2308
2026-07-24 10:10:00,1845,1855,1845,1850,40,1857.64,2308
2026-07-24 10:15:00,1855,1855,1840,1845,86,1857.18,2308
2026-07-24 10:20:00,1840,1845,1825,1830,238,1854.76,2308
2026-07-24 10:25:00,1830,1835,1830,1835,104,1853.74,2308
2026-07-24 10:30:00,1835,1835,1820,1830,195,1851.74,2308
2026-07-24 10:35:00,1825,1825,1815,1815,107,1850.48,2308
2026-07-24 10:40:00,1815,1820,1805,1815,153,1848.46,2308
2026-07-24 10:45:00,1820,1820,1810,1810,69,1847.69,2308
2026-07-24 10:50:00,1810,1815,1805,1810,62,1846.92,2308
2026-07-24 10:55:00,1810,1815,1805,1805,65,1846.15,2308
2026-07-24 11:00:00,1805,1815,1805,1815,40,1845.68,2308
2026-07-24 11:05:00,1815,1815,1810,1810,44,1845.2,2308
2026-07-24 11:10:00,1805,1820,1805,1815,36,1844.83,2308
2026-07-24 11:15:00,1820,1830,1815,1820,51,1844.47,2308
2026-07-24 11:20:00,1825,1825,1820,1820,23,1844.32,2308
2026-07-24 11:25:00,1820,1830,1820,1830,56,1843.99,2308
2026-07-24 11:30:00,1830,1830,1815,1815,82,1843.4,2308
2026-07-24 11:35:00,1815,1820,1810,1815,45,1843.02,2308
2026-07-24 11:40:00,1815,1820,1810,1810,25,1842.82,2308
2026-07-24 11:45:00,1815,1815,1810,1810,14,1842.7,2308
2026-07-24 11:50:00,1810,1815,1810,1815,35,1842.41,2308
2026-07-24 11:55:00,1810,1810,1805,1805,146,1841.01,2308
2026-07-24 12:00:00,1810,1810,1800,1805,79,1840.24,2308
2026-07-24 12:05:00,1800,1805,1800,1805,42,1839.83,2308
2026-07-24 12:10:00,1800,1805,1795,1800,183,1838.0,2308
2026-07-24 12:15:00,1795,1800,1790,1795,138,1836.55,2308
2026-07-24 12:20:00,1795,1805,1795,1800,106,1835.6,2308
2026-07-24 12:25:00,1800,1805,1800,1805,21,1835.43,2308
2026-07-24 12:30:00,1805,1810,1800,1805,49,1835.1,2308
2026-07-24 12:35:00,1810,1810,1800,1805,30,1834.88,2308
2026-07-24 12:40:00,1800,1805,1795,1800,75,1834.28,2308
2026-07-24 12:45:00,1805,1805,1800,1800,23,1834.11,2308
2026-07-24 12:50:00,1800,1800,1790,1790,104,1833.19,2308
2026-07-24 12:55:00,1790,1800,1785,1795,410,1829.57,2308
2026-07-24 13:00:00,1795,1800,1790,1795,82,1828.98,2308
2026-07-24 13:05:00,1790,1800,1785,1800,155,1827.88,2308
2026-07-24 13:10:00,1795,1800,1790,1790,90,1827.32,2308
2026-07-24 13:15:00,1790,1795,1790,1790,108,1826.59,2308
2026-07-24 13:20:00,1790,1800,1785,1795,231,1825.13,2308
2026-07-24 13:30:00,1785,1785,1785,1785,630,1821.07,2308
2026-07-27 09:00:00,1755,1785,1745,1750,884,1760.06,2308
2026-07-27 09:05:00,1745,1755,1740,1750,360,1756.6,2308
2026-07-27 09:10:00,1750,1755,1735,1740,332,1753.99,2308
2026-07-27 09:15:00,1740,1740,1715,1715,376,1748.08,2308
2026-07-27 09:20:00,1710,1720,1700,1705,392,1741.44,2308
2026-07-27 09:25:00,1710,1710,1695,1705,382,1735.98,2308
2026-07-27 09:30:00,1700,1730,1700,1730,281,1734.17,2308
2026-07-27 09:35:00,1730,1740,1710,1740,219,1733.68,2308
2026-07-27 09:40:00,1735,1740,1730,1735,128,1733.75,2308
2026-07-27 09:45:00,1730,1745,1730,1740,131,1733.95,2308
2026-07-27 09:50:00,1735,1740,1720,1725,246,1733.4,2308
2026-07-27 09:55:00,1725,1740,1725,1735,147,1733.26,2308
2026-07-27 10:00:00,1735,1750,1735,1735,133,1733.51,2308
2026-07-27 10:05:00,1735,1735,1730,1730,61,1733.5,2308
2026-07-27 10:10:00,1730,1740,1730,1730,74,1733.5,2308
2026-07-27 10:15:00,1730,1730,1720,1725,99,1733.33,2308
2026-07-27 10:20:00,1730,1735,1720,1735,116,1733.19,2308
2026-07-27 10:25:00,1730,1745,1725,1740,105,1733.27,2308
2026-07-27 10:30:00,1740,1740,1715,1720,226,1732.78,2308
2026-07-27 10:35:00,1720,1735,1720,1735,97,1732.72,2308
2026-07-27 10:40:00,1735,1745,1730,1730,94,1732.82,2308
2026-07-27 10:45:00,1730,1735,1725,1725,41,1732.78,2308
2026-07-27 10:50:00,1725,1730,1720,1730,99,1732.66,2308
2026-07-27 10:55:00,1730,1730,1720,1720,43,1732.61,2308
2026-07-27 11:00:00,1725,1730,1720,1720,60,1732.53,2308
2026-07-27 11:05:00,1720,1725,1720,1720,55,1732.42,2308
2026-07-27 11:10:00,1720,1725,1715,1715,65,1732.24,2308
2026-07-27 11:15:00,1720,1720,1715,1715,63,1732.05,2308
2026-07-27 11:20:00,1720,1720,1710,1710,173,1731.5,2308
2026-07-27 11:25:00,1710,1710,1700,1700,98,1731.03,2308
2026-07-27 11:30:00,1700,1710,1700,1700,172,1730.2,2308
2026-07-27 11:35:00,1705,1705,1695,1695,191,1729.2,2308
2026-07-27 11:40:00,1700,1705,1695,1695,123,1728.58,2308
2026-07-27 11:45:00,1695,1700,1695,1695,76,1728.17,2308
2026-07-27 11:50:00,1700,1705,1695,1700,82,1727.77,2308
2026-07-27 11:55:00,1700,1710,1700,1705,114,1727.35,2308
2026-07-27 12:00:00,1705,1710,1705,1705,154,1726.89,2308
2026-07-27 12:05:00,1705,1715,1705,1710,126,1726.54,2308
2026-07-27 12:10:00,1710,1710,1705,1705,49,1726.39,2308
2026-07-27 12:15:00,1705,1710,1705,1710,82,1726.19,2308
2026-07-27 12:20:00,1710,1720,1710,1710,121,1725.98,2308
2026-07-27 12:25:00,1710,1715,1710,1715,141,1725.73,2308
2026-07-27 12:30:00,1710,1715,1710,1710,68,1725.61,2308
2026-07-27 12:35:00,1720,1720,1710,1710,67,1725.5,2308
2026-07-27 12:40:00,1715,1720,1710,1720,67,1725.41,2308
2026-07-27 12:45:00,1720,1720,1715,1720,43,1725.37,2308
2026-07-27 12:50:00,1715,1725,1715,1720,167,1725.23,2308
2026-07-27 12:55:00,1725,1725,1720,1725,34,1725.22,2308
2026-07-27 13:00:00,1720,1730,1720,1725,154,1725.22,2308
2026-07-27 13:05:00,1730,1730,1725,1730,164,1725.3,2308
2026-07-27 13:10:00,1730,1740,1725,1740,209,1725.57,2308
2026-07-27 13:15:00,1735,1745,1735,1745,99,1725.76,2308
2026-07-27 13:20:00,1745,1750,1745,1750,221,1726.34,2308
2026-07-27 13:30:00,1755,1755,1755,1755,737,1728.67,2308
2026-07-28 09:00:00,1635,1655,1625,1655,1408,1638.24,2308
2026-07-28 09:05:00,1655,1655,1615,1635,709,1636.28,2308
2026-07-28 09:10:00,1635,1645,1610,1615,712,1633.73,2308
2026-07-28 09:15:00,1615,1620,1615,1615,223,1632.65,2308
2026-07-28 09:20:00,1615,1630,1615,1625,308,1631.57,2308
2026-07-28 09:25:00,1625,1650,1620,1630,596,1632.37,2308
2026-07-28 09:30:00,1635,1635,1625,1630,111,1632.28,2308
2026-07-28 09:35:00,1630,1635,1620,1620,279,1631.93,2308
2026-07-28 09:40:00,1620,1625,1615,1620,273,1631.16,2308
2026-07-28 09:45:00,1615,1620,1605,1610,428,1629.48,2308
2026-07-28 09:50:00,1610,1610,1590,1595,848,1625.29,2308
2026-07-28 09:55:00,1595,1595,1585,1595,782,1621.08,2308
2026-07-28 10:00:00,1600,1600,1585,1590,252,1619.97,2308
2026-07-28 10:05:00,1590,1595,1585,1590,249,1618.93,2308
2026-07-28 10:10:00,1590,1595,1590,1590,59,1618.7,2308
2026-07-28 10:15:00,1590,1600,1585,1600,279,1617.7,2308
2026-07-28 10:20:00,1595,1605,1590,1590,270,1617.11,2308
2026-07-28 10:25:00,1595,1600,1590,1595,207,1616.52,2308
2026-07-28 10:30:00,1590,1595,1585,1585,151,1616.0,2308
2026-07-28 10:35:00,1590,1590,1580,1585,401,1614.47,2308
2026-07-28 10:40:00,1580,1590,1580,1585,330,1613.28,2308
2026-07-28 10:45:00,1585,1590,1580,1585,259,1612.46,2308
2026-07-28 10:50:00,1585,1590,1580,1585,180,1611.92,2308
2026-07-28 10:55:00,1585,1590,1580,1580,111,1611.59,2308
2026-07-28 11:00:00,1585,1585,1580,1580,137,1611.15,2308
2026-07-28 11:05:00,1585,1585,1580,1580,1054,1608.11,2308
2026-07-28 11:10:00,1580,1585,1580,1580,334,1607.28,2308
2026-07-28 11:15:00,1580,1585,1580,1585,90,1607.06,2308
2026-07-28 11:20:00,1585,1590,1580,1580,249,1606.5,2308
2026-07-28 11:25:00,1580,1585,1580,1580,129,1606.2,2308
2026-07-28 11:30:00,1580,1580,1580,1580,50,1606.09,2308
2026-07-28 11:35:00,1580,1580,1580,1580,93,1605.88,2308
2026-07-28 11:40:00,1580,1580,1580,1580,63,1605.74,2308
2026-07-28 11:45:00,1580,1580,1580,1580,58,1605.61,2308
2026-07-28 11:50:00,1580,1580,1580,1580,52,1605.5,2308
2026-07-28 11:55:00,1580,1580,1580,1580,135,1605.21,2308
2026-07-28 12:00:00,1580,1580,1580,1580,86,1605.03,2308
2026-07-28 12:05:00,1580,1580,1580,1580,52,1604.92,2308
2026-07-28 12:10:00,1580,1580,1580,1580,50,1604.81,2308
2026-07-28 12:15:00,1580,1580,1580,1580,40,1604.73,2308
2026-07-28 12:20:00,1580,1580,1580,1580,53,1604.62,2308
2026-07-28 12:25:00,1580,1580,1580,1580,207,1604.21,2308
2026-07-28 12:30:00,1580,1580,1580,1580,209,1603.81,2308
2026-07-28 12:35:00,1580,1580,1580,1580,135,1603.56,2308
2026-07-28 12:40:00,1580,1580,1580,1580,69,1603.43,2308
2026-07-28 12:45:00,1580,1580,1580,1580,31,1603.37,2308
2026-07-28 12:50:00,1580,1580,1580,1580,46,1603.29,2308
2026-07-28 12:55:00,1580,1580,1580,1580,35,1603.23,2308
2026-07-28 13:00:00,1580,1580,1580,1580,60,1603.12,2308
2026-07-28 13:05:00,1580,1580,1580,1580,58,1603.01,2308
2026-07-28 13:10:00,1580,1580,1580,1580,40,1602.94,2308
2026-07-28 13:15:00,1580,1580,1580,1580,85,1602.8,2308
2026-07-28 13:20:00,1580,1580,1580,1580,77,1602.66,2308
2026-07-28 13:30:00,1580,1580,1580,1580,193,1602.34,2308
2026-07-29 09:00:00,1560,1595,1550,1575,1674,1570.5,2308
2026-07-29 09:05:00,1575,1575,1555,1555,533,1569.0,2308
2026-07-29 09:10:00,1555,1560,1515,1520,559,1562.88,2308
2026-07-29 09:15:00,1525,1535,1500,1535,649,1554.05,2308
2026-07-29 09:20:00,1535,1565,1525,1565,501,1552.73,2308
2026-07-29 09:25:00,1565,1565,1545,1550,341,1552.73,2308
2026-07-29 09:30:00,1550,1555,1540,1555,237,1552.5,2308
2026-07-29 09:35:00,1550,1555,1520,1520,211,1551.76,2308
2026-07-29 09:40:00,1520,1525,1500,1515,484,1548.14,2308
2026-07-29 09:45:00,1515,1520,1495,1505,603,1543.41,2308
2026-07-29 09:50:00,1505,1505,1485,1490,459,1539.9,2308
2026-07-29 09:55:00,1490,1495,1475,1475,428,1536.16,2308
2026-07-29 10:00:00,1475,1490,1470,1470,513,1531.97,2308
2026-07-29 10:05:00,1465,1475,1455,1465,457,1528.01,2308
2026-07-29 10:10:00,1465,1475,1460,1470,408,1524.89,2308
2026-07-29 10:15:00,1465,1470,1440,1445,873,1517.86,2308
2026-07-29 10:20:00,1445,1480,1435,1470,1127,1511.01,2308
2026-07-29 10:25:00,1470,1475,1460,1475,247,1510.0,2308
2026-07-29 10:30:00,1475,1485,1465,1470,280,1509.08,2308
2026-07-29 10:35:00,1470,1470,1445,1455,292,1507.64,2308
2026-07-29 10:40:00,1460,1460,1440,1445,423,1505.51,2308
2026-07-29 10:45:00,1445,1450,1435,1440,229,1504.28,2308
2026-07-29 10:50:00,1440,1445,1430,1440,575,1501.16,2308
2026-07-29 10:55:00,1440,1450,1430,1445,524,1498.65,2308
2026-07-29 11:00:00,1445,1450,1440,1445,120,1498.14,2308
2026-07-29 11:05:00,1445,1475,1445,1475,255,1497.35,2308
2026-07-29 11:10:00,1475,1475,1455,1460,124,1497.08,2308
2026-07-29 11:15:00,1455,1455,1445,1450,98,1496.73,2308
2026-07-29 11:20:00,1440,1450,1440,1445,88,1496.39,2308
2026-07-29 11:25:00,1445,1445,1435,1435,131,1495.84,2308
2026-07-29 11:30:00,1435,1440,1430,1435,234,1494.79,2308
2026-07-29 11:35:00,1435,1440,1430,1430,93,1494.39,2308
2026-07-29 11:40:00,1435,1440,1430,1435,103,1493.95,2308
2026-07-29 11:45:00,1435,1445,1435,1440,194,1493.19,2308
2026-07-29 11:50:00,1440,1445,1430,1430,173,1492.47,2308
2026-07-29 11:55:00,1430,1435,1425,1435,535,1490.16,2308
2026-07-29 12:00:00,1430,1435,1425,1425,98,1489.76,2308
2026-07-29 12:05:00,1425,1430,1425,1425,210,1488.87,2308
2026-07-29 12:10:00,1425,1440,1425,1435,221,1488.04,2308
2026-07-29 12:15:00,1435,1440,1430,1430,62,1487.81,2308
2026-07-29 12:20:00,1435,1445,1430,1435,168,1487.26,2308
2026-07-29 12:25:00,1440,1445,1425,1435,442,1485.8,2308
2026-07-29 12:30:00,1435,1445,1435,1440,63,1485.62,2308
2026-07-29 12:35:00,1445,1445,1435,1440,78,1485.4,2308
2026-07-29 12:40:00,1440,1440,1425,1425,152,1484.91,2308
2026-07-29 12:45:00,1425,1440,1425,1440,638,1482.9,2308
2026-07-29 12:50:00,1445,1470,1440,1470,454,1482.13,2308
2026-07-29 12:55:00,1470,1480,1465,1475,526,1481.7,2308
2026-07-29 13:00:00,1480,1485,1470,1480,361,1481.64,2308
2026-07-29 13:05:00,1480,1490,1475,1490,277,1481.66,2308
2026-07-29 13:10:00,1490,1515,1490,1515,698,1482.35,2308
2026-07-29 13:15:00,1515,1515,1490,1495,290,1482.62,2308
2026-07-29 13:20:00,1495,1495,1490,1495,227,1482.74,2308
2026-07-29 13:30:00,1495,1495,1495,1495,821,1483.23,2308
2026-07-30 09:00:00,1505,1515,1475,1505,2483,1497.71,2308
2026-07-30 09:05:00,1510,1565,1505,1545,1869,1516.44,2308
2026-07-30 09:10:00,1545,1550,1505,1505,932,1519.13,2308
2026-07-30 09:15:00,1505,1515,1490,1515,924,1516.53,2308
2026-07-30 09:20:00,1510,1520,1500,1515,502,1515.9,2308
2026-07-30 09:25:00,1520,1545,1515,1540,637,1516.9,2308
2026-07-30 09:30:00,1540,1590,1540,1590,962,1522.09,2308
2026-07-30 09:35:00,1585,1615,1580,1605,1152,1531.6,2308
2026-07-30 09:40:00,1605,1625,1580,1585,1114,1539.69,2308
2026-07-30 09:45:00,1585,1600,1570,1585,438,1541.49,2308
2026-07-30 09:50:00,1590,1590,1575,1585,286,1542.49,2308
2026-07-30 09:55:00,1580,1585,1575,1580,203,1543.17,2308
2026-07-30 10:00:00,1585,1595,1560,1560,463,1544.56,2308
2026-07-30 10:05:00,1560,1560,1550,1555,372,1544.84,2308
2026-07-30 10:10:00,1555,1565,1545,1545,274,1545.1,2308
2026-07-30 10:15:00,1550,1550,1530,1535,284,1545.02,2308
2026-07-30 10:20:00,1530,1545,1530,1540,390,1544.68,2308
2026-07-30 10:25:00,1545,1550,1525,1525,414,1544.46,2308
2026-07-30 10:30:00,1530,1535,1515,1530,293,1544.03,2308
2026-07-30 10:35:00,1530,1535,1525,1535,149,1543.86,2308
2026-07-30 10:40:00,1535,1550,1535,1545,206,1543.82,2308
2026-07-30 10:45:00,1550,1550,1540,1545,141,1543.86,2308
2026-07-30 10:50:00,1545,1555,1545,1550,175,1543.95,2308
2026-07-30 10:55:00,1545,1550,1530,1530,179,1543.9,2308
2026-07-30 11:00:00,1535,1540,1530,1535,109,1543.84,2308
2026-07-30 11:05:00,1535,1540,1530,1540,42,1543.82,2308
2026-07-30 11:10:00,1540,1545,1530,1545,208,1543.75,2308
2026-07-30 11:15:00,1545,1550,1530,1535,268,1543.67,2308
2026-07-30 11:20:00,1535,1540,1520,1520,263,1543.44,2308
2026-07-30 11:25:00,1520,1540,1520,1540,256,1543.23,2308
2026-07-30 11:30:00,1540,1550,1535,1545,204,1543.21,2308
2026-07-30 11:35:00,1550,1550,1530,1535,175,1543.16,2308
2026-07-30 11:40:00,1535,1545,1535,1540,124,1543.12,2308
2026-07-30 11:45:00,1540,1550,1535,1545,175,1543.12,2308
2026-07-30 11:50:00,1540,1545,1540,1545,119,1543.11,2308
2026-07-30 11:55:00,1545,1555,1540,1540,356,1543.2,2308
2026-07-30 12:00:00,1540,1545,1535,1545,118,1543.19,2308
2026-07-30 12:05:00,1545,1545,1530,1535,201,1543.13,2308
2026-07-30 12:10:00,1540,1540,1530,1530,96,1543.08,2308
2026-07-30 12:15:00,1535,1535,1515,1515,254,1542.83,2308
2026-07-30 12:20:00,1515,1530,1515,1530,175,1542.61,2308
2026-07-30 12:25:00,1530,1550,1525,1540,266,1542.59,2308
2026-07-30 12:30:00,1540,1550,1535,1545,149,1542.61,2308
2026-07-30 12:35:00,1545,1545,1530,1530,138,1542.57,2308
2026-07-30 12:40:00,1530,1535,1525,1530,76,1542.52,2308
2026-07-30 12:45:00,1530,1535,1530,1535,130,1542.44,2308
2026-07-30 12:50:00,1530,1535,1515,1520,203,1542.23,2308
2026-07-30 12:55:00,1515,1520,1500,1505,417,1541.47,2308
2026-07-30 13:00:00,1510,1520,1500,1505,185,1541.17,2308
2026-07-30 13:05:00,1505,1515,1500,1505,268,1540.73,2308
2026-07-30 13:10:00,1505,1520,1500,1520,234,1540.34,2308
2026-07-30 13:15:00,1520,1530,1515,1530,297,1540.12,2308
2026-07-30 13:20:00,1530,1535,1510,1515,350,1539.81,2308
2026-07-30 13:30:00,1530,1530,1530,1530,986,1539.36,2308
2026-07-31 09:00:00,1680,1680,1635,1660,7112,1671.21,2308
2026-07-31 09:05:00,1660,1680,1650,1670,1733,1670.66,2308
2026-07-31 09:10:00,1670,1670,1635,1645,1341,1668.1,2308
2026-07-31 09:15:00,1650,1660,1635,1640,1024,1665.91,2308
2026-07-31 09:20:00,1640,1655,1635,1640,658,1664.75,2308
2026-07-31 09:25:00,1645,1645,1610,1615,878,1662.16,2308
2026-07-31 09:30:00,1615,1625,1610,1625,677,1659.97,2308
2026-07-31 09:35:00,1625,1630,1620,1630,481,1658.72,2308
2026-07-31 09:40:00,1630,1630,1615,1620,302,1657.98,2308
2026-07-31 09:45:00,1625,1625,1610,1610,607,1656.27,2308
2026-07-31 09:50:00,1610,1610,1590,1600,873,1653.17,2308
2026-07-31 09:55:00,1600,1620,1600,1610,399,1652.09,2308
2026-07-31 10:00:00,1610,1625,1610,1620,337,1651.44,2308
2026-07-31 10:05:00,1620,1630,1615,1630,309,1650.92,2308
2026-07-31 10:10:00,1630,1630,1620,1625,248,1650.55,2308
2026-07-31 10:15:00,1625,1625,1610,1615,172,1650.21,2308
2026-07-31 10:20:00,1615,1625,1615,1620,157,1649.93,2308
2026-07-31 10:25:00,1620,1625,1615,1620,154,1649.65,2308
2026-07-31 10:30:00,1620,1625,1615,1620,132,1649.42,2308
2026-07-31 10:35:00,1620,1625,1615,1620,152,1649.18,2308
2026-07-31 10:40:00,1620,1625,1620,1620,138,1648.96,2308
2026-07-31 10:45:00,1620,1630,1620,1625,156,1648.75,2308
2026-07-31 10:50:00,1630,1630,1620,1625,237,1648.45,2308
2026-07-31 10:55:00,1625,1635,1620,1635,409,1648.05,2308
2026-07-31 11:00:00,1630,1635,1625,1635,201,1647.87,2308
2026-07-31 11:05:00,1635,1635,1635,1635,252,1647.7,2308
2026-07-31 11:10:00,1635,1635,1620,1625,458,1647.23,2308
2026-07-31 11:15:00,1625,1635,1620,1635,128,1647.12,2308
2026-07-31 11:20:00,1635,1635,1630,1635,118,1647.04,2308
2026-07-31 11:25:00,1635,1640,1630,1640,192,1646.94,2308
2026-07-31 11:30:00,1640,1640,1630,1630,288,1646.74,2308
2026-07-31 11:35:00,1630,1630,1620,1620,232,1646.51,2308
2026-07-31 11:40:00,1625,1625,1615,1620,210,1646.24,2308
2026-07-31 11:45:00,1615,1620,1615,1620,120,1646.08,2308
2026-07-31 11:50:00,1620,1630,1615,1630,193,1645.88,2308
2026-07-31 11:55:00,1625,1625,1620,1625,127,1645.75,2308
2026-07-31 12:00:00,1625,1625,1615,1625,208,1645.51,2308
2026-07-31 12:05:00,1625,1630,1620,1625,114,1645.4,2308
2026-07-31 12:10:00,1625,1635,1625,1635,404,1645.16,2308
2026-07-31 12:15:00,1635,1635,1625,1635,181,1645.04,2308
2026-07-31 12:20:00,1635,1640,1630,1640,214,1644.95,2308
2026-07-31 12:25:00,1640,1650,1635,1650,562,1644.89,2308
2026-07-31 12:30:00,1650,1680,1645,1675,1626,1646.19,2308
2026-07-31 12:35:00,1675,1675,1665,1665,442,1646.62,2308
2026-07-31 12:40:00,1670,1675,1660,1675,522,1647.05,2308
2026-07-31 12:45:00,1675,1680,1670,1675,587,1647.65,2308
2026-07-31 12:50:00,1675,1680,1670,1680,562,1648.27,2308
2026-07-31 12:55:00,1680,1680,1670,1675,469,1648.75,2308
2026-07-31 13:00:00,1675,1675,1650,1655,348,1648.9,2308
2026-07-31 13:05:00,1660,1660,1655,1660,151,1648.96,2308
2026-07-31 13:10:00,1660,1670,1660,1665,205,1649.07,2308
2026-07-31 13:15:00,1665,1665,1655,1655,290,1649.16,2308
2026-07-31 13:20:00,1660,1660,1650,1655,375,1649.24,2308
2026-07-31 13:30:00,1640,1640,1640,1640,1595,1648.75,2308
2026-08-03 09:00:00,1610,1610,1560,1590,1815,1583.2,2308
2026-08-03 09:05:00,1585,1615,1585,1615,1065,1590.25,2308
2026-08-03 09:10:00,1615,1635,1615,1625,549,1595.85,2308
2026-08-03 09:15:00,1625,1630,1600,1600,547,1598.19,2308
2026-08-03 09:20:00,1600,1630,1600,1625,489,1600.14,2308
2026-08-03 09:25:00,1625,1645,1625,1635,897,1606.28,2308
2026-08-03 09:30:00,1635,1645,1630,1630,437,1608.74,2308
2026-08-03 09:35:00,1635,1635,1615,1620,454,1609.92,2308
2026-08-03 09:40:00,1625,1625,1615,1615,258,1610.28,2308
2026-08-03 09:45:00,1615,1620,1605,1605,379,1610.31,2308
2026-08-03 09:50:00,1605,1620,1605,1610,314,1610.32,2308
2026-08-03 09:55:00,1610,1620,1610,1620,122,1610.41,2308
2026-08-03 10:00:00,1620,1620,1610,1615,159,1610.51,2308
2026-08-03 10:05:00,1615,1615,1610,1610,146,1610.55,2308
2026-08-03 10:10:00,1615,1625,1610,1625,272,1610.88,2308
2026-08-03 10:15:00,1620,1625,1615,1620,143,1611.07,2308
2026-08-03 10:20:00,1620,1625,1615,1615,181,1611.27,2308
2026-08-03 10:25:00,1615,1620,1605,1615,516,1611.34,2308
2026-08-03 10:30:00,1610,1615,1605,1605,125,1611.3,2308
2026-08-03 10:35:00,1605,1610,1605,1605,49,1611.27,2308
2026-08-03 10:40:00,1605,1610,1600,1600,251,1611.08,2308
2026-08-03 10:45:00,1600,1605,1595,1595,367,1610.58,2308
2026-08-03 10:50:00,1595,1605,1595,1600,302,1610.25,2308
2026-08-03 10:55:00,1600,1600,1595,1595,175,1610.06,2308
2026-08-03 11:00:00,1595,1600,1585,1585,489,1609.17,2308
2026-08-03 11:05:00,1585,1590,1585,1585,71,1609.02,2308
2026-08-03 11:10:00,1585,1590,1585,1585,106,1608.79,2308
2026-08-03 11:15:00,1585,1590,1585,1585,117,1608.54,2308
2026-08-03 11:20:00,1585,1590,1580,1585,184,1608.13,2308
2026-08-03 11:25:00,1585,1590,1585,1590,149,1607.83,2308
2026-08-03 11:30:00,1585,1590,1585,1585,42,1607.75,2308
2026-08-03 11:35:00,1585,1595,1585,1590,182,1607.47,2308
2026-08-03 11:40:00,1590,1595,1590,1590,57,1607.39,2308
2026-08-03 11:45:00,1595,1595,1590,1595,60,1607.31,2308
2026-08-03 11:50:00,1590,1600,1590,1595,183,1607.13,2308
2026-08-03 11:55:00,1600,1600,1595,1600,84,1607.07,2308
2026-08-03 12:00:00,1600,1600,1590,1590,235,1606.83,2308
2026-08-03 12:05:00,1590,1595,1590,1590,86,1606.72,2308
2026-08-03 12:10:00,1595,1595,1590,1590,57,1606.65,2308
2026-08-03 12:15:00,1590,1595,1590,1590,60,1606.57,2308
2026-08-03 12:20:00,1595,1595,1590,1590,81,1606.48,2308
2026-08-03 12:25:00,1595,1600,1590,1595,192,1606.31,2308
2026-08-03 12:30:00,1590,1595,1590,1595,66,1606.24,2308
2026-08-03 12:35:00,1590,1595,1590,1595,41,1606.19,2308
2026-08-03 12:40:00,1595,1595,1590,1590,69,1606.11,2308
2026-08-03 12:45:00,1590,1595,1585,1585,243,1605.79,2308
2026-08-03 12:50:00,1585,1590,1585,1585,121,1605.6,2308
2026-08-03 12:55:00,1585,1590,1580,1580,165,1605.33,2308
2026-08-03 13:00:00,1580,1585,1580,1580,104,1605.15,2308
2026-08-03 13:05:00,1580,1585,1575,1575,427,1604.37,2308
2026-08-03 13:10:00,1575,1580,1570,1575,392,1603.57,2308
2026-08-03 13:15:00,1570,1575,1570,1570,227,1603.05,2308
2026-08-03 13:20:00,1575,1580,1570,1575,369,1602.29,2308
2026-08-03 13:30:00,1580,1580,1580,1580,1041,1600.81,2308
2026-08-04 09:00:00,1530,1555,1520,1540,2143,1533.19,2308
2026-08-04 09:05:00,1540,1545,1525,1540,592,1533.91,2308
2026-08-04 09:10:00,1540,1565,1535,1560,767,1538.09,2308
2026-08-04 09:15:00,1555,1585,1555,1580,865,1544.09,2308
2026-08-04 09:20:00,1580,1595,1575,1580,840,1550.99,2308
2026-08-04 09:25:00,1580,1615,1580,1615,948,1558.33,2308
2026-08-04 09:30:00,1615,1640,1610,1635,896,1566.63,2308
2026-08-04 09:35:00,1635,1640,1620,1620,569,1571.32,2308
2026-08-04 09:40:00,1620,1665,1620,1655,892,1579.3,2308
2026-08-04 09:45:00,1655,1670,1650,1670,417,1583.03,2308
2026-08-04 09:50:00,1670,1680,1660,1670,539,1588.02,2308
2026-08-04 09:55:00,1665,1670,1655,1665,326,1590.5,2308
2026-08-04 10:00:00,1665,1670,1635,1635,353,1592.61,2308
2026-08-04 10:05:00,1640,1650,1635,1640,248,1593.76,2308
2026-08-04 10:10:00,1645,1645,1635,1640,242,1594.83,2308
2026-08-04 10:15:00,1645,1650,1630,1640,265,1595.89,2308
2026-08-04 10:20:00,1640,1650,1635,1640,178,1596.63,2308
2026-08-04 10:25:00,1640,1640,1630,1630,126,1597.04,2308
2026-08-04 10:30:00,1635,1645,1635,1640,169,1597.66,2308
2026-08-04 10:35:00,1645,1645,1630,1640,147,1598.17,2308
2026-08-04 10:40:00,1640,1645,1635,1635,104,1598.54,2308
2026-08-04 10:45:00,1635,1635,1625,1625,134,1598.91,2308
2026-08-04 10:50:00,1630,1635,1625,1625,141,1599.32,2308
2026-08-04 10:55:00,1625,1625,1610,1610,273,1599.75,2308
2026-08-04 11:00:00,1610,1620,1605,1605,879,1600.57,2308
2026-08-04 11:05:00,1610,1610,1600,1600,395,1600.74,2308
2026-08-04 11:10:00,1600,1610,1595,1595,287,1600.76,2308
2026-08-04 11:15:00,1600,1610,1595,1605,252,1600.74,2308
2026-08-04 11:20:00,1605,1615,1600,1615,179,1600.83,2308
2026-08-04 11:25:00,1610,1615,1605,1610,172,1600.95,2308
2026-08-04 11:30:00,1610,1615,1610,1610,63,1600.99,2308
2026-08-04 11:35:00,1610,1615,1605,1605,80,1601.04,2308
2026-08-04 11:40:00,1605,1605,1600,1605,131,1601.05,2308
2026-08-04 11:45:00,1600,1605,1595,1600,99,1601.04,2308
2026-08-04 11:50:00,1600,1605,1595,1600,181,1601.05,2308
2026-08-04 11:55:00,1605,1605,1600,1605,80,1601.06,2308
2026-08-04 12:00:00,1600,1605,1595,1595,70,1601.05,2308
2026-08-04 12:05:00,1595,1600,1595,1600,120,1601.03,2308
2026-08-04 12:10:00,1595,1600,1595,1595,71,1601.0,2308
2026-08-04 12:15:00,1590,1605,1590,1605,159,1600.98,2308
2026-08-04 12:20:00,1600,1605,1595,1600,125,1600.96,2308
2026-08-04 12:25:00,1600,1605,1595,1595,199,1600.93,2308
2026-08-04 12:30:00,1595,1600,1585,1585,244,1600.78,2308
2026-08-04 12:35:00,1585,1600,1585,1590,289,1600.62,2308
2026-08-04 12:40:00,1590,1595,1590,1590,119,1600.55,2308
2026-08-04 12:45:00,1590,1600,1590,1595,234,1600.45,2308
2026-08-04 12:50:00,1595,1600,1590,1595,137,1600.41,2308
2026-08-04 12:55:00,1595,1600,1590,1595,481,1600.29,2308
2026-08-04 13:00:00,1595,1600,1590,1595,198,1600.24,2308
2026-08-04 13:05:00,1600,1605,1595,1595,541,1600.21,2308
2026-08-04 13:10:00,1595,1605,1595,1600,330,1600.19,2308
2026-08-04 13:15:00,1600,1610,1595,1605,340,1600.28,2308
2026-08-04 13:20:00,1605,1615,1605,1610,251,1600.41,2308
2026-08-04 13:30:00,1620,1620,1620,1620,1230,1601.61,2308
2026-08-05 09:00:00,1705,1720,1680,1690,2619,1701.84,2308
2026-08-05 09:05:00,1690,1710,1680,1685,659,1700.59,2308
2026-08-05 09:10:00,1685,1690,1670,1670,442,1697.85,2308
2026-08-05 09:15:00,1670,1680,1665,1665,330,1695.8,2308
2026-08-05 09:20:00,1665,1680,1660,1675,322,1694.03,2308
2026-08-05 09:25:00,1675,1675,1665,1670,199,1693.06,2308
2026-08-05 09:30:00,1670,1680,1665,1675,186,1692.28,2308
2026-08-05 09:35:00,1675,1680,1670,1675,144,1691.77,2308
2026-08-05 09:40:00,1675,1675,1665,1670,211,1690.88,2308
2026-08-05 09:45:00,1670,1675,1670,1675,125,1690.39,2308
2026-08-05 09:50:00,1675,1680,1670,1675,210,1689.78,2308
2026-08-05 09:55:00,1675,1675,1670,1670,172,1689.22,2308
2026-08-05 10:00:00,1670,1675,1660,1660,354,1687.84,2308
2026-08-05 10:05:00,1665,1670,1660,1670,147,1687.32,2308
2026-08-05 10:10:00,1670,1675,1665,1675,268,1686.75,2308
2026-08-05 10:15:00,1670,1670,1660,1670,189,1686.18,2308
2026-08-05 10:20:00,1675,1675,1670,1670,32,1686.12,2308
2026-08-05 10:25:00,1670,1675,1665,1675,224,1685.7,2308
2026-08-05 10:30:00,1675,1675,1670,1675,126,1685.5,2308
2026-08-05 10:35:00,1675,1680,1670,1675,74,1685.39,2308
2026-08-05 10:40:00,1675,1685,1675,1680,358,1685.09,2308
2026-08-05 10:45:00,1680,1685,1675,1680,150,1684.99,2308
2026-08-05 10:50:00,1675,1690,1675,1685,199,1684.94,2308
2026-08-05 10:55:00,1685,1690,1680,1685,107,1684.93,2308
2026-08-05 11:00:00,1680,1685,1680,1685,69,1684.93,2308
2026-08-05 11:05:00,1685,1685,1680,1685,96,1684.91,2308
2026-08-05 11:10:00,1685,1685,1680,1680,87,1684.89,2308
2026-08-05 11:15:00,1685,1685,1670,1675,328,1684.58,2308
2026-08-05 11:20:00,1680,1680,1675,1680,52,1684.53,2308
2026-08-05 11:25:00,1680,1680,1665,1665,210,1684.21,2308
2026-08-05 11:30:00,1665,1670,1665,1670,83,1684.05,2308
2026-08-05 11:35:00,1665,1670,1665,1665,94,1683.87,2308
2026-08-05 11:40:00,1665,1675,1665,1675,133,1683.66,2308
2026-08-05 11:45:00,1675,1675,1665,1670,144,1683.46,2308
2026-08-05 11:50:00,1670,1670,1665,1670,83,1683.34,2308
2026-08-05 11:55:00,1670,1670,1665,1670,47,1683.27,2308
2026-08-05 12:00:00,1670,1670,1665,1665,117,1683.1,2308
2026-08-05 12:05:00,1670,1675,1665,1670,107,1682.95,2308
2026-08-05 12:10:00,1670,1670,1665,1670,56,1682.86,2308
2026-08-05 12:15:00,1670,1670,1665,1665,206,1682.5,2308
2026-08-05 12:20:00,1660,1670,1660,1665,116,1682.29,2308
2026-08-05 12:25:00,1665,1665,1655,1660,284,1681.68,2308
2026-08-05 12:30:00,1660,1665,1660,1665,129,1681.42,2308
2026-08-05 12:35:00,1660,1665,1660,1660,56,1681.33,2308
2026-08-05 12:40:00,1665,1670,1665,1670,178,1681.07,2308
2026-08-05 12:45:00,1665,1665,1660,1665,92,1680.92,2308
2026-08-05 12:50:00,1665,1665,1655,1660,219,1680.47,2308
2026-08-05 12:55:00,1660,1665,1655,1655,207,1680.09,2308
2026-08-05 13:00:00,1660,1660,1655,1660,55,1679.98,2308
2026-08-05 13:05:00,1660,1660,1650,1655,216,1679.53,2308
2026-08-05 13:10:00,1650,1660,1650,1655,296,1678.87,2308
2026-08-05 13:15:00,1655,1660,1650,1650,165,1678.51,2308
2026-08-05 13:20:00,1655,1655,1645,1650,330,1677.7,2308
2026-08-05 13:30:00,1650,1650,1650,1650,696,1676.19,2308
2026-08-06 09:00:00,1650,1665,1630,1665,732,1648.31,2308
2026-08-06 09:05:00,1665,1670,1645,1660,522,1653.21,2308
2026-08-06 09:10:00,1660,1665,1645,1655,217,1653.75,2308
2026-08-06 09:15:00,1660,1660,1635,1635,185,1652.81,2308
2026-08-06 09:20:00,1635,1640,1625,1635,287,1649.77,2308
2026-08-06 09:25:00,1635,1650,1630,1650,325,1648.18,2308
2026-08-06 09:30:00,1655,1670,1650,1655,427,1649.98,2308
2026-08-06 09:35:00,1655,1655,1645,1650,115,1650.01,2308
2026-08-06 09:40:00,1650,1655,1645,1645,78,1650.03,2308
2026-08-06 09:45:00,1645,1660,1645,1655,131,1650.16,2308
2026-08-06 09:50:00,1660,1670,1655,1665,236,1651.13,2308
2026-08-06 09:55:00,1670,1670,1655,1660,112,1651.49,2308
2026-08-06 10:00:00,1660,1670,1655,1660,204,1652.09,2308
2026-08-06 10:05:00,1660,1665,1655,1660,65,1652.22,2308
2026-08-06 10:10:00,1655,1660,1655,1660,56,1652.3,2308
2026-08-06 10:15:00,1655,1660,1645,1650,229,1652.33,2308
2026-08-06 10:20:00,1650,1665,1650,1665,162,1652.51,2308
2026-08-06 10:25:00,1660,1665,1655,1655,98,1652.66,2308
2026-08-06 10:30:00,1655,1670,1650,1665,223,1653.13,2308
2026-08-06 10:35:00,1665,1670,1660,1665,101,1653.39,2308
2026-08-06 10:40:00,1665,1680,1660,1680,387,1654.76,2308
2026-08-06 10:45:00,1680,1680,1670,1670,321,1656.12,2308
2026-08-06 10:50:00,1675,1680,1670,1680,99,1656.48,2308
2026-08-06 10:55:00,1680,1680,1675,1680,143,1657.06,2308
2026-08-06 11:00:00,1680,1700,1675,1700,444,1659.43,2308
2026-08-06 11:05:00,1700,1700,1680,1680,300,1660.73,2308
2026-08-06 11:10:00,1680,1690,1680,1685,156,1661.34,2308
2026-08-06 11:15:00,1690,1690,1680,1685,162,1661.97,2308
2026-08-06 11:20:00,1685,1690,1680,1690,140,1662.47,2308
2026-08-06 11:25:00,1690,1695,1675,1680,308,1663.39,2308
2026-08-06 11:30:00,1680,1685,1670,1675,134,1663.65,2308
2026-08-06 11:35:00,1675,1675,1670,1675,75,1663.76,2308
2026-08-06 11:40:00,1680,1680,1670,1675,105,1663.95,2308
2026-08-06 11:45:00,1670,1680,1670,1680,104,1664.14,2308
2026-08-06 11:50:00,1680,1680,1670,1680,100,1664.31,2308
2026-08-06 11:55:00,1680,1680,1675,1680,87,1664.46,2308
2026-08-06 12:00:00,1680,1680,1675,1675,74,1664.6,2308
2026-08-06 12:05:00,1680,1685,1680,1680,140,1664.92,2308
2026-08-06 12:10:00,1685,1685,1675,1675,88,1665.09,2308
2026-08-06 12:15:00,1675,1680,1675,1680,84,1665.22,2308
2026-08-06 12:20:00,1675,1680,1675,1680,52,1665.31,2308
2026-08-06 12:25:00,1680,1680,1675,1680,85,1665.43,2308
2026-08-06 12:30:00,1680,1680,1675,1680,86,1665.57,2308
2026-08-06 12:35:00,1680,1680,1670,1670,113,1665.7,2308
2026-08-06 12:40:00,1675,1680,1670,1675,184,1665.9,2308
2026-08-06 12:45:00,1675,1680,1670,1680,106,1666.01,2308
2026-08-06 12:50:00,1680,1680,1675,1675,72,1666.11,2308
2026-08-06 12:55:00,1675,1680,1675,1680,98,1666.24,2308
2026-08-06 13:00:00,1680,1690,1675,1690,250,1666.68,2308
2026-08-06 13:05:00,1690,1690,1680,1685,177,1667.03,2308
2026-08-06 13:10:00,1685,1685,1680,1680,84,1667.17,2308
2026-08-06 13:15:00,1685,1685,1675,1680,184,1667.45,2308
2026-08-06 13:20:00,1685,1685,1675,1680,180,1667.67,2308
2026-08-06 13:30:00,1680,1680,1680,1680,747,1668.55,2308
2026-08-07 09:00:00,1700,1715,1675,1680,1286,1699.94,2308
2026-08-07 09:05:00,1685,1690,1670,1670,425,1695.32,2308
2026-08-07 09:10:00,1670,1675,1650,1650,422,1689.0,2308
2026-08-07 09:15:00,1650,1660,1645,1655,395,1683.03,2308
2026-08-07 09:20:00,1655,1655,1645,1650,182,1680.78,2308
2026-08-07 09:25:00,1650,1660,1650,1655,115,1679.65,2308
2026-08-07 09:30:00,1655,1665,1655,1655,138,1678.71,2308
2026-08-07 09:35:00,1655,1660,1640,1645,465,1675.0,2308
2026-08-07 09:40:00,1640,1650,1640,1640,170,1673.47,2308
2026-08-07 09:45:00,1640,1650,1635,1650,256,1671.48,2308
2026-08-07 09:50:00,1650,1660,1650,1655,153,1670.94,2308
2026-08-07 09:55:00,1655,1655,1645,1650,55,1670.65,2308
2026-08-07 10:00:00,1650,1655,1640,1650,247,1669.38,2308
2026-08-07 10:05:00,1655,1660,1645,1645,100,1668.99,2308
2026-08-07 10:10:00,1650,1660,1640,1650,296,1667.8,2308
2026-08-07 10:15:00,1655,1660,1650,1650,65,1667.62,2308
2026-08-07 10:20:00,1655,1655,1645,1650,105,1667.24,2308
2026-08-07 10:25:00,1650,1650,1650,1650,32,1667.13,2308
2026-08-07 10:30:00,1650,1650,1645,1645,87,1666.76,2308
2026-08-07 10:35:00,1645,1655,1645,1650,175,1666.17,2308
2026-08-07 10:40:00,1650,1655,1650,1650,27,1666.1,2308
2026-08-07 10:45:00,1650,1655,1645,1655,255,1665.43,2308
2026-08-07 10:50:00,1655,1660,1650,1650,54,1665.34,2308
2026-08-07 10:55:00,1655,1655,1650,1655,50,1665.24,2308
2026-08-07 11:00:00,1655,1670,1655,1670,348,1665.16,2308
2026-08-07 11:05:00,1665,1670,1660,1665,111,1665.18,2308
2026-08-07 11:10:00,1670,1670,1665,1670,82,1665.23,2308
2026-08-07 11:15:00,1670,1670,1660,1660,106,1665.21,2308
2026-08-07 11:20:00,1660,1670,1655,1670,171,1665.15,2308
2026-08-07 11:25:00,1665,1670,1655,1660,220,1664.95,2308
2026-08-07 11:30:00,1660,1670,1655,1660,86,1664.92,2308
2026-08-07 11:35:00,1660,1665,1655,1665,46,1664.9,2308
2026-08-07 11:40:00,1665,1665,1655,1660,32,1664.87,2308
2026-08-07 11:45:00,1660,1665,1655,1665,54,1664.84,2308
2026-08-07 11:50:00,1665,1665,1655,1660,48,1664.8,2308
2026-08-07 11:55:00,1660,1660,1655,1660,35,1664.77,2308
2026-08-07 12:00:00,1655,1660,1650,1655,65,1664.7,2308
2026-08-07 12:05:00,1655,1655,1650,1655,43,1664.63,2308
2026-08-07 12:10:00,1650,1660,1650,1655,64,1664.54,2308
2026-08-07 12:15:00,1655,1655,1645,1650,107,1664.31,2308
2026-08-07 12:20:00,1645,1655,1645,1655,89,1664.14,2308
2026-08-07 12:25:00,1655,1655,1645,1650,86,1663.99,2308
2026-08-07 12:30:00,1645,1655,1645,1655,57,1663.9,2308
2026-08-07 12:35:00,1655,1655,1645,1650,73,1663.78,2308
2026-08-07 12:40:00,1650,1650,1640,1645,129,1663.45,2308
2026-08-07 12:45:00,1645,1645,1640,1640,64,1663.28,2308
2026-08-07 12:50:00,1640,1645,1635,1640,166,1662.75,2308
2026-08-07 12:55:00,1635,1645,1635,1645,169,1662.28,2308
2026-08-07 13:00:00,1640,1660,1640,1660,184,1662.02,2308
2026-08-07 13:05:00,1660,1660,1650,1655,108,1661.93,2308
2026-08-07 13:10:00,1650,1655,1650,1650,140,1661.75,2308
2026-08-07 13:15:00,1650,1655,1645,1645,204,1661.49,2308
2026-08-07 13:20:00,1650,1655,1645,1655,258,1661.14,2308
2026-08-07 13:30:00,1650,1650,1650,1650,693,1660.33,2308
2026-08-10 09:00:00,1695,1750,1690,1750,2081,1722.56,2308
2026-08-10 09:05:00,1745,1780,1740,1765,1538,1737.25,2308
2026-08-10 09:10:00,1770,1815,1755,1815,2280,1759.66,2308
2026-08-10 09:15:00,1815,1815,1805,1815,1280,1769.25,2308
2026-08-10 09:20:00,1815,1815,1815,1815,341,1771.33,2308
2026-08-10 09:25:00,1815,1815,1815,1815,345,1773.24,2308
2026-08-10 09:30:00,1815,1815,1815,1815,298,1774.77,2308
2026-08-10 09:35:00,1815,1815,1815,1815,61,1775.07,2308
2026-08-10 09:40:00,1815,1815,1815,1815,39,1775.25,2308
2026-08-10 09:45:00,1815,1815,1815,1815,31,1775.4,2308
2026-08-10 09:50:00,1815,1815,1815,1815,138,1776.05,2308
2026-08-10 09:55:00,1815,1815,1815,1815,237,1777.12,2308
2026-08-10 10:00:00,1815,1815,1815,1815,27,1777.23,2308
2026-08-10 10:05:00,1815,1815,1815,1815,26,1777.35,2308
2026-08-10 10:10:00,1815,1815,1815,1815,46,1777.54,2308
2026-08-10 10:15:00,1815,1815,1815,1815,71,1777.84,2308
2026-08-10 10:20:00,1815,1815,1815,1815,152,1778.47,2308
2026-08-10 10:25:00,1815,1815,1815,1815,27,1778.58,2308
2026-08-10 10:30:00,1815,1815,1815,1815,10,1778.62,2308
2026-08-10 10:35:00,1815,1815,1815,1815,10,1778.66,2308
2026-08-10 10:40:00,1815,1815,1815,1815,9,1778.7,2308
2026-08-10 10:45:00,1815,1815,1815,1815,10,1778.74,2308
2026-08-10 10:50:00,1815,1815,1815,1815,9,1778.77,2308
2026-08-10 10:55:00,1815,1815,1815,1815,7,1778.8,2308
2026-08-10 11:00:00,1815,1815,1815,1815,15,1778.86,2308
2026-08-10 11:05:00,1815,1815,1815,1815,7,1778.89,2308
2026-08-10 11:10:00,1815,1815,1815,1815,11,1778.93,2308
2026-08-10 11:15:00,1815,1815,1815,1815,6,1778.96,2308
2026-08-10 11:20:00,1815,1815,1815,1815,9,1778.99,2308
2026-08-10 11:25:00,1815,1815,1815,1815,16,1779.06,2308
2026-08-10 11:30:00,1815,1815,1815,1815,22,1779.14,2308
2026-08-10 11:35:00,1815,1815,1815,1815,9,1779.18,2308
2026-08-10 11:40:00,1815,1815,1815,1815,9,1779.21,2308
2026-08-10 11:45:00,1815,1815,1815,1815,5,1779.23,2308
2026-08-10 11:50:00,1815,1815,1815,1815,10,1779.27,2308
2026-08-10 11:55:00,1815,1815,1815,1815,11,1779.31,2308
2026-08-10 12:00:00,1815,1815,1815,1815,4,1779.33,2308
2026-08-10 12:05:00,1815,1815,1815,1815,6,1779.35,2308
2026-08-10 12:10:00,1815,1815,1815,1815,6,1779.38,2308
2026-08-10 12:15:00,1815,1815,1815,1815,13,1779.43,2308
2026-08-10 12:20:00,1815,1815,1815,1815,10,1779.46,2308
2026-08-10 12:25:00,1815,1815,1815,1815,6,1779.49,2308
2026-08-10 12:30:00,1815,1815,1815,1815,3,1779.5,2308
2026-08-10 12:35:00,1815,1815,1815,1815,8,1779.53,2308
2026-08-10 12:40:00,1815,1815,1815,1815,19,1779.6,2308
2026-08-10 12:45:00,1815,1815,1815,1815,1,1779.61,2308
2026-08-10 12:50:00,1815,1815,1815,1815,6,1779.63,2308
2026-08-10 12:55:00,1815,1815,1815,1815,21,1779.71,2308
2026-08-10 13:00:00,1815,1815,1815,1815,29,1779.82,2308
2026-08-10 13:05:00,1815,1815,1815,1815,14,1779.87,2308
2026-08-10 13:10:00,1815,1815,1815,1815,6,1779.89,2308
2026-08-10 13:15:00,1815,1815,1815,1815,13,1779.94,2308
2026-08-10 13:20:00,1815,1815,1815,1815,20,1780.02,2308
2026-08-10 13:30:00,1815,1815,1815,1815,29,1780.12,2308
2026-08-11 09:00:00,1835,1865,1805,1820,4296,1836.67,2308
2026-08-11 09:05:00,1820,1820,1785,1805,1332,1829.39,2308
2026-08-11 09:10:00,1805,1840,1805,1835,1007,1828.99,2308
2026-08-11 09:15:00,1835,1845,1820,1825,707,1829.57,2308
2026-08-11 09:20:00,1825,1830,1815,1830,411,1829.23,2308
2026-08-11 09:25:00,1830,1830,1810,1830,506,1828.58,2308
2026-08-11 09:30:00,1830,1830,1815,1815,377,1828.2,2308
2026-08-11 09:35:00,1815,1815,1795,1795,343,1827.31,2308
2026-08-11 09:40:00,1800,1815,1795,1805,288,1826.61,2308
2026-08-11 09:45:00,1805,1820,1800,1815,190,1826.3,2308
2026-08-11 09:50:00,1815,1820,1805,1810,241,1825.95,2308
2026-08-11 09:55:00,1810,1820,1805,1810,191,1825.69,2308
2026-08-11 10:00:00,1805,1810,1800,1805,395,1824.88,2308
2026-08-11 10:05:00,1805,1810,1795,1800,247,1824.35,2308
2026-08-11 10:10:00,1800,1805,1795,1800,149,1824.03,2308
2026-08-11 10:15:00,1805,1810,1800,1805,112,1823.84,2308
2026-08-11 10:20:00,1805,1810,1800,1810,111,1823.67,2308
2026-08-11 10:25:00,1810,1810,1800,1805,197,1823.35,2308
2026-08-11 10:30:00,1805,1820,1805,1820,173,1823.15,2308
2026-08-11 10:35:00,1820,1825,1820,1820,248,1823.13,2308
2026-08-11 10:40:00,1820,1830,1820,1825,194,1823.19,2308
2026-08-11 10:45:00,1825,1830,1820,1830,116,1823.2,2308
2026-08-11 10:50:00,1830,1830,1820,1825,207,1823.23,2308
2026-08-11 10:55:00,1825,1825,1810,1815,300,1823.11,2308
2026-08-11 11:00:00,1815,1820,1805,1815,194,1822.95,2308
2026-08-11 11:05:00,1820,1825,1815,1820,148,1822.91,2308
2026-08-11 11:10:00,1825,1825,1815,1825,88,1822.9,2308
2026-08-11 11:15:00,1820,1825,1820,1825,154,1822.92,2308
2026-08-11 11:20:00,1825,1825,1820,1825,139,1822.91,2308
2026-08-11 11:25:00,1825,1830,1825,1830,244,1823.02,2308
2026-08-11 11:30:00,1830,1830,1825,1830,164,1823.08,2308
2026-08-11 11:35:00,1825,1830,1820,1825,124,1823.1,2308
2026-08-11 11:40:00,1825,1825,1810,1820,315,1823.0,2308
2026-08-11 11:45:00,1820,1825,1810,1820,87,1822.98,2308
2026-08-11 11:50:00,1815,1825,1810,1815,182,1822.9,2308
2026-08-11 11:55:00,1815,1820,1805,1805,280,1822.68,2308
2026-08-11 12:00:00,1810,1815,1805,1815,99,1822.6,2308
2026-08-11 12:05:00,1815,1815,1810,1815,77,1822.55,2308
2026-08-11 12:10:00,1815,1815,1810,1815,78,1822.5,2308
2026-08-11 12:15:00,1810,1815,1805,1810,189,1822.32,2308
2026-08-11 12:20:00,1810,1815,1805,1810,128,1822.21,2308
2026-08-11 12:25:00,1810,1815,1805,1810,88,1822.14,2308
2026-08-11 12:30:00,1810,1810,1800,1805,245,1821.89,2308
2026-08-11 12:35:00,1805,1810,1800,1805,174,1821.7,2308
2026-08-11 12:40:00,1810,1810,1800,1810,124,1821.57,2308
2026-08-11 12:45:00,1810,1810,1805,1810,83,1821.5,2308
2026-08-11 12:50:00,1810,1810,1805,1810,108,1821.41,2308
2026-08-11 12:55:00,1810,1815,1805,1815,111,1821.34,2308
2026-08-11 13:00:00,1815,1815,1805,1810,232,1821.22,2308
2026-08-11 13:05:00,1810,1810,1805,1810,186,1821.08,2308
2026-08-11 13:10:00,1810,1810,1805,1810,177,1820.95,2308
2026-08-11 13:15:00,1805,1815,1805,1805,264,1820.78,2308
2026-08-11 13:20:00,1810,1810,1805,1805,268,1820.56,2308
2026-08-11 13:30:00,1805,1805,1805,1805,824,1819.85,2308
2026-08-12 09:00:00,1810,1830,1805,1820,891,1817.68,2308
2026-08-12 09:05:00,1820,1825,1790,1810,725,1811.84,2308
2026-08-12 09:10:00,1815,1820,1805,1810,221,1811.66,2308
2026-08-12 09:15:00,1810,1810,1800,1810,161,1811.12,2308
2026-08-12 09:20:00,1805,1810,1795,1795,166,1810.31,2308
2026-08-12 09:25:00,1795,1800,1785,1790,423,1807.13,2308
2026-08-12 09:30:00,1790,1795,1785,1790,197,1805.91,2308
2026-08-12 09:35:00,1790,1800,1790,1790,158,1805.3,2308
2026-08-12 09:40:00,1795,1795,1785,1795,155,1804.52,2308
2026-08-12 09:45:00,1795,1800,1790,1800,92,1804.29,2308
2026-08-12 09:50:00,1800,1800,1790,1795,110,1804.02,2308
2026-08-12 09:55:00,1795,1800,1795,1800,65,1803.87,2308
2026-08-12 10:00:00,1800,1800,1795,1795,43,1803.79,2308
2026-08-12 10:05:00,1800,1805,1795,1805,227,1803.38,2308
2026-08-12 10:10:00,1805,1805,1795,1800,72,1803.32,2308
2026-08-12 10:15:00,1800,1805,1795,1800,155,1803.14,2308
2026-08-12 10:20:00,1800,1805,1800,1805,30,1803.14,2308
2026-08-12 10:25:00,1805,1805,1800,1805,122,1803.19,2308
2026-08-12 10:30:00,1810,1810,1805,1805,158,1803.35,2308
2026-08-12 10:35:00,1800,1805,1795,1795,175,1803.19,2308
2026-08-12 10:40:00,1795,1805,1795,1805,69,1803.16,2308
2026-08-12 10:45:00,1805,1810,1805,1805,70,1803.2,2308
2026-08-12 10:50:00,1810,1810,1805,1810,32,1803.23,2308
2026-08-12 10:55:00,1810,1820,1805,1815,326,1803.99,2308
2026-08-12 11:00:00,1820,1820,1815,1820,47,1804.13,2308
2026-08-12 11:05:00,1815,1820,1815,1820,86,1804.34,2308
2026-08-12 11:10:00,1820,1820,1800,1810,499,1804.38,2308
2026-08-12 11:15:00,1810,1815,1805,1810,102,1804.48,2308
2026-08-12 11:20:00,1815,1815,1805,1810,89,1804.54,2308
2026-08-12 11:25:00,1810,1810,1800,1805,96,1804.55,2308
2026-08-12 11:30:00,1805,1805,1800,1800,48,1804.53,2308
2026-08-12 11:35:00,1805,1805,1795,1800,89,1804.47,2308
2026-08-12 11:40:00,1795,1800,1795,1795,90,1804.33,2308
2026-08-12 11:45:00,1795,1800,1795,1800,57,1804.28,2308
2026-08-12 11:50:00,1800,1800,1795,1795,55,1804.21,2308
2026-08-12 11:55:00,1800,1810,1795,1810,133,1804.16,2308
2026-08-12 12:00:00,1810,1810,1805,1810,105,1804.19,2308
2026-08-12 12:05:00,1810,1810,1805,1805,26,1804.21,2308
2026-08-12 12:10:00,1805,1810,1800,1805,62,1804.21,2308
2026-08-12 12:15:00,1800,1805,1800,1805,21,1804.2,2308
2026-08-12 12:20:00,1805,1805,1800,1800,43,1804.19,2308
2026-08-12 12:25:00,1805,1805,1800,1800,64,1804.19,2308
2026-08-12 12:30:00,1805,1805,1800,1805,49,1804.18,2308
2026-08-12 12:35:00,1805,1805,1800,1805,45,1804.18,2308
2026-08-12 12:40:00,1805,1805,1800,1805,59,1804.17,2308
2026-08-12 12:45:00,1805,1805,1800,1805,37,1804.16,2308
2026-08-12 12:50:00,1805,1805,1800,1805,89,1804.13,2308
2026-08-12 12:55:00,1805,1805,1800,1805,50,1804.11,2308
2026-08-12 13:00:00,1805,1805,1800,1805,78,1804.09,2308
2026-08-12 13:05:00,1805,1805,1800,1800,96,1804.09,2308
2026-08-12 13:10:00,1805,1805,1800,1800,118,1804.08,2308
2026-08-12 13:15:00,1805,1805,1800,1800,96,1804.04,2308
2026-08-12 13:20:00,1805,1805,1795,1800,261,1803.92,2308
2026-08-12 13:30:00,1790,1790,1790,1790,953,1802.36,2308
2026-08-13 09:00:00,1845,1890,1845,1880,1795,1863.18,2308
2026-08-13 09:05:00,1880,1885,1850,1855,499,1863.52,2308
2026-08-13 09:10:00,1855,1875,1850,1875,445,1863.1,2308
2026-08-13 09:15:00,1875,1880,1860,1880,388,1863.96,2308
2026-08-13 09:20:00,1880,1910,1875,1905,1138,1871.56,2308
2026-08-13 09:25:00,1910,1915,1895,1895,748,1876.68,2308
2026-08-13 09:30:00,1895,1910,1890,1905,394,1878.35,2308
2026-08-13 09:35:00,1910,1915,1900,1905,388,1880.37,2308
2026-08-13 09:40:00,1905,1905,1885,1890,359,1881.33,2308
2026-08-13 09:45:00,1890,1890,1880,1885,170,1881.41,2308
2026-08-13 09:50:00,1885,1895,1880,1895,192,1881.66,2308
2026-08-13 09:55:00,1895,1900,1890,1900,177,1882.05,2308
2026-08-13 10:00:00,1900,1900,1890,1895,150,1882.39,2308
2026-08-13 10:05:00,1890,1900,1890,1895,145,1882.65,2308
2026-08-13 10:10:00,1895,1895,1890,1890,130,1882.82,2308
2026-08-13 10:15:00,1895,1900,1885,1895,237,1883.15,2308
2026-08-13 10:20:00,1895,1895,1880,1880,302,1883.19,2308
2026-08-13 10:25:00,1880,1885,1875,1880,170,1883.13,2308
2026-08-13 10:30:00,1880,1880,1865,1870,259,1882.84,2308
2026-08-13 10:35:00,1865,1875,1860,1870,202,1882.43,2308
2026-08-13 10:40:00,1875,1880,1870,1880,130,1882.3,2308
2026-08-13 10:45:00,1880,1880,1875,1880,50,1882.28,2308
2026-08-13 10:50:00,1880,1885,1875,1885,118,1882.28,2308
2026-08-13 10:55:00,1885,1885,1880,1880,61,1882.3,2308
2026-08-13 11:00:00,1880,1890,1880,1890,83,1882.33,2308
2026-08-13 11:05:00,1890,1890,1885,1890,93,1882.41,2308
2026-08-13 11:10:00,1890,1895,1885,1895,129,1882.54,2308
2026-08-13 11:15:00,1895,1900,1895,1900,152,1882.8,2308
2026-08-13 11:20:00,1895,1900,1895,1900,102,1882.98,2308
2026-08-13 11:25:00,1900,1900,1890,1890,203,1883.25,2308
2026-08-13 11:30:00,1890,1890,1885,1890,57,1883.28,2308
2026-08-13 11:35:00,1890,1890,1885,1890,96,1883.35,2308
2026-08-13 11:40:00,1890,1890,1885,1890,108,1883.39,2308
2026-08-13 11:45:00,1885,1890,1885,1890,97,1883.43,2308
2026-08-13 11:50:00,1890,1895,1890,1890,66,1883.48,2308
2026-08-13 11:55:00,1885,1890,1885,1890,46,1883.5,2308
2026-08-13 12:00:00,1890,1890,1885,1890,69,1883.54,2308
2026-08-13 12:05:00,1890,1890,1885,1885,101,1883.59,2308
2026-08-13 12:10:00,1890,1890,1885,1890,56,1883.62,2308
2026-08-13 12:15:00,1890,1890,1880,1890,209,1883.68,2308
2026-08-13 12:20:00,1885,1890,1885,1890,50,1883.7,2308
2026-08-13 12:25:00,1885,1890,1885,1890,44,1883.73,2308
2026-08-13 12:30:00,1890,1895,1890,1890,131,1883.82,2308
2026-08-13 12:35:00,1890,1895,1885,1890,155,1883.92,2308
2026-08-13 12:40:00,1885,1890,1885,1890,61,1883.94,2308
2026-08-13 12:45:00,1885,1890,1885,1890,79,1883.97,2308
2026-08-13 12:50:00,1890,1890,1885,1890,66,1883.99,2308
2026-08-13 12:55:00,1890,1890,1885,1890,114,1884.02,2308
2026-08-13 13:00:00,1890,1890,1880,1880,330,1884.06,2308
2026-08-13 13:05:00,1880,1885,1870,1875,216,1883.91,2308
2026-08-13 13:10:00,1875,1880,1875,1880,143,1883.82,2308
2026-08-13 13:15:00,1875,1885,1875,1885,289,1883.71,2308
2026-08-13 13:20:00,1885,1890,1880,1880,341,1883.73,2308
2026-08-13 13:30:00,1885,1885,1885,1885,818,1883.8,2308
2026-08-14 09:00:00,1945,1975,1925,1960,2635,1951.45,2308
2026-08-14 09:05:00,1955,1965,1945,1950,744,1952.39,2308
2026-08-14 09:10:00,1950,1955,1915,1920,547,1949.75,2308
2026-08-14 09:15:00,1915,1920,1890,1910,623,1943.45,2308
2026-08-14 09:20:00,1910,1920,1905,1915,282,1941.55,2308
2026-08-14 09:25:00,1915,1920,1905,1915,193,1940.39,2308
2026-08-14 09:30:00,1920,1920,1885,1895,726,1935.21,2308
2026-08-14 09:35:00,1900,1900,1890,1895,169,1934.04,2308
2026-08-14 09:40:00,1895,1905,1890,1905,287,1932.38,2308
2026-08-14 09:45:00,1905,1910,1900,1910,190,1931.58,2308
2026-08-14 09:50:00,1910,1910,1900,1905,204,1930.8,2308
2026-08-14 09:55:00,1905,1905,1895,1900,145,1930.18,2308
2026-08-14 10:00:00,1895,1910,1895,1905,131,1929.65,2308
2026-08-14 10:05:00,1900,1910,1900,1905,106,1929.27,2308
2026-08-14 10:10:00,1905,1910,1900,1905,132,1928.82,2308
2026-08-14 10:15:00,1900,1905,1890,1895,227,1927.9,2308
2026-08-14 10:20:00,1890,1895,1885,1890,162,1927.08,2308
2026-08-14 10:25:00,1890,1895,1885,1890,126,1926.46,2308
2026-08-14 10:30:00,1890,1895,1885,1895,94,1926.04,2308
2026-08-14 10:35:00,1895,1895,1890,1895,55,1925.81,2308
2026-08-14 10:40:00,1895,1900,1890,1900,183,1925.15,2308
2026-08-14 10:45:00,1905,1905,1900,1900,86,1924.93,2308
2026-08-14 10:50:00,1900,1905,1900,1900,277,1924.11,2308
2026-08-14 10:55:00,1900,1900,1895,1895,40,1923.98,2308
2026-08-14 11:00:00,1900,1900,1895,1895,128,1923.57,2308
2026-08-14 11:05:00,1895,1895,1890,1895,97,1923.23,2308
2026-08-14 11:10:00,1895,1895,1890,1895,52,1923.05,2308
2026-08-14 11:15:00,1895,1900,1890,1900,91,1922.78,2308
2026-08-14 11:20:00,1895,1900,1895,1895,60,1922.62,2308
2026-08-14 11:25:00,1900,1900,1895,1900,94,1922.37,2308
2026-08-14 11:30:00,1895,1900,1890,1895,128,1922.01,2308
2026-08-14 11:35:00,1895,1895,1890,1890,54,1921.84,2308
2026-08-14 11:40:00,1895,1900,1890,1890,102,1921.53,2308
2026-08-14 11:45:00,1895,1895,1885,1885,197,1920.88,2308
2026-08-14 11:50:00,1890,1890,1885,1890,80,1920.61,2308
2026-08-14 11:55:00,1890,1890,1885,1885,64,1920.4,2308
2026-08-14 12:00:00,1890,1890,1885,1890,96,1920.09,2308
2026-08-14 12:05:00,1890,1890,1885,1885,89,1919.79,2308
2026-08-14 12:10:00,1890,1890,1885,1885,136,1919.34,2308
2026-08-14 12:15:00,1885,1890,1880,1885,161,1918.77,2308
2026-08-14 12:20:00,1885,1885,1880,1880,240,1917.88,2308
2026-08-14 12:25:00,1880,1880,1870,1870,210,1916.97,2308
2026-08-14 12:30:00,1870,1875,1870,1870,153,1916.3,2308
2026-08-14 12:35:00,1870,1875,1865,1875,168,1915.57,2308
2026-08-14 12:40:00,1875,1880,1870,1875,100,1915.21,2308
2026-08-14 12:45:00,1880,1880,1870,1870,103,1914.82,2308
2026-08-14 12:50:00,1875,1875,1865,1870,95,1914.44,2308
2026-08-14 12:55:00,1870,1880,1865,1880,168,1913.82,2308
2026-08-14 13:00:00,1880,1880,1870,1875,98,1913.48,2308
2026-08-14 13:05:00,1870,1875,1870,1870,145,1912.95,2308
2026-08-14 13:10:00,1870,1880,1865,1875,276,1912.0,2308
2026-08-14 13:15:00,1880,1885,1875,1880,127,1911.66,2308
2026-08-14 13:20:00,1880,1895,1875,1890,406,1910.78,2308
2026-08-14 13:30:00,1885,1885,1885,1885,730,1909.33,2308
2026-08-17 09:00:00,1950,2005,1950,1985,2895,1975.6,2308
2026-08-17 09:05:00,1985,1985,1970,1970,650,1975.79,2308
2026-08-17 09:10:00,1970,1970,1935,1935,681,1971.44,2308
2026-08-17 09:15:00,1935,1945,1920,1935,458,1967.57,2308
2026-08-17 09:20:00,1940,1945,1930,1940,303,1965.69,2308
2026-08-17 09:25:00,1940,1950,1935,1940,308,1964.39,2308
2026-08-17 09:30:00,1940,1940,1915,1915,560,1960.75,2308
2026-08-17 09:35:00,1915,1935,1915,1935,204,1959.49,2308
2026-08-17 09:40:00,1935,1935,1920,1925,128,1958.86,2308
2026-08-17 09:45:00,1920,1930,1915,1930,161,1957.92,2308
2026-08-17 09:50:00,1930,1930,1925,1930,95,1957.5,2308
2026-08-17 09:55:00,1935,1935,1920,1935,175,1956.72,2308
2026-08-17 10:00:00,1935,1935,1920,1920,129,1956.14,2308
2026-08-17 10:05:00,1925,1925,1915,1925,141,1955.42,2308
2026-08-17 10:10:00,1925,1930,1920,1930,122,1954.92,2308
2026-08-17 10:15:00,1930,1935,1925,1935,82,1954.63,2308
2026-08-17 10:20:00,1935,1935,1930,1930,53,1954.46,2308
2026-08-17 10:25:00,1935,1935,1930,1935,68,1954.28,2308
2026-08-17 10:30:00,1935,1935,1930,1935,42,1954.16,2308
2026-08-17 10:35:00,1935,1935,1930,1935,69,1953.98,2308
2026-08-17 10:40:00,1935,1940,1930,1935,127,1953.66,2308
2026-08-17 10:45:00,1935,1935,1930,1935,34,1953.57,2308
2026-08-17 10:50:00,1935,1935,1925,1925,164,1953.08,2308
2026-08-17 10:55:00,1925,1930,1925,1930,22,1953.01,2308
2026-08-17 11:00:00,1925,1930,1920,1920,140,1952.5,2308
2026-08-17 11:05:00,1920,1925,1915,1920,165,1951.83,2308
2026-08-17 11:10:00,1920,1925,1920,1925,76,1951.57,2308
2026-08-17 11:15:00,1925,1930,1920,1930,71,1951.35,2308
2026-08-17 11:20:00,1930,1930,1920,1925,51,1951.19,2308
2026-08-17 11:25:00,1925,1925,1920,1925,30,1951.09,2308
2026-08-17 11:30:00,1925,1925,1920,1920,53,1950.91,2308
2026-08-17 11:35:00,1920,1925,1920,1925,36,1950.79,2308
2026-08-17 11:40:00,1925,1925,1920,1925,32,1950.69,2308
2026-08-17 11:45:00,1920,1925,1920,1925,27,1950.61,2308
2026-08-17 11:50:00,1925,1925,1920,1925,26,1950.52,2308
2026-08-17 11:55:00,1925,1925,1920,1925,34,1950.42,2308
2026-08-17 12:00:00,1920,1925,1915,1915,228,1949.63,2308
2026-08-17 12:05:00,1920,1920,1915,1920,60,1949.42,2308
2026-08-17 12:10:00,1920,1920,1915,1920,36,1949.29,2308
2026-08-17 12:15:00,1920,1920,1915,1915,199,1948.56,2308
2026-08-17 12:20:00,1910,1920,1910,1920,155,1947.98,2308
2026-08-17 12:25:00,1920,1925,1915,1925,90,1947.72,2308
2026-08-17 12:30:00,1920,1925,1915,1920,78,1947.48,2308
2026-08-17 12:35:00,1920,1920,1915,1920,29,1947.39,2308
2026-08-17 12:40:00,1915,1920,1915,1915,55,1947.21,2308
2026-08-17 12:45:00,1915,1920,1900,1900,427,1945.59,2308
2026-08-17 12:50:00,1900,1905,1895,1895,309,1944.12,2308
2026-08-17 12:55:00,1895,1900,1885,1890,245,1942.9,2308
2026-08-17 13:00:00,1895,1900,1890,1895,205,1941.97,2308
2026-08-17 13:05:00,1895,1900,1890,1895,159,1941.27,2308
2026-08-17 13:10:00,1895,1905,1895,1895,263,1940.23,2308
2026-08-17 13:15:00,1895,1900,1890,1890,254,1939.17,2308
2026-08-17 13:20:00,1890,1900,1890,1890,500,1937.18,2308
2026-08-17 13:30:00,1885,1885,1885,1885,791,1933.87,2308
2026-08-18 09:00:00,1900,1905,1885,1895,820,1896.79,2308
2026-08-18 09:05:00,1895,1895,1875,1880,294,1894.21,2308
2026-08-18 09:10:00,1875,1880,1870,1875,214,1891.09,2308
2026-08-18 09:15:00,1875,1875,1855,1860,398,1884.67,2308
2026-08-18 09:20:00,1865,1875,1850,1875,381,1879.94,2308
2026-08-18 09:25:00,1875,1875,1860,1870,253,1878.9,2308
2026-08-18 09:30:00,1865,1870,1850,1850,275,1876.32,2308
2026-08-18 09:35:00,1850,1860,1850,1855,215,1874.69,2308
2026-08-18 09:40:00,1860,1860,1835,1835,338,1871.62,2308
2026-08-18 09:45:00,1835,1840,1830,1835,312,1868.23,2308
2026-08-18 09:50:00,1835,1840,1830,1835,99,1867.3,2308
2026-08-18 09:55:00,1830,1835,1825,1830,209,1865.21,2308
2026-08-18 10:00:00,1830,1845,1830,1840,96,1864.55,2308
2026-08-18 10:05:00,1845,1845,1835,1840,88,1864.02,2308
2026-08-18 10:10:00,1835,1845,1835,1835,132,1863.22,2308
2026-08-18 10:15:00,1840,1840,1825,1835,125,1862.29,2308
2026-08-18 10:20:00,1830,1835,1830,1830,66,1861.82,2308
2026-08-18 10:25:00,1830,1835,1825,1830,160,1860.63,2308
2026-08-18 10:30:00,1830,1835,1825,1830,68,1860.18,2308
2026-08-18 10:35:00,1835,1845,1830,1845,102,1859.73,2308
2026-08-18 10:40:00,1845,1850,1840,1845,90,1859.5,2308
2026-08-18 10:45:00,1845,1850,1840,1840,109,1859.17,2308
2026-08-18 10:50:00,1840,1850,1840,1845,76,1858.94,2308
2026-08-18 10:55:00,1845,1850,1845,1850,35,1858.86,2308
2026-08-18 11:00:00,1850,1850,1840,1840,79,1858.64,2308
2026-08-18 11:05:00,1845,1850,1840,1850,92,1858.41,2308
2026-08-18 11:10:00,1850,1850,1840,1845,30,1858.32,2308
2026-08-18 11:15:00,1840,1850,1840,1850,73,1858.13,2308
2026-08-18 11:20:00,1845,1845,1835,1835,63,1857.92,2308
2026-08-18 11:25:00,1835,1840,1835,1835,63,1857.66,2308
2026-08-18 11:30:00,1835,1835,1825,1825,213,1856.56,2308
2026-08-18 11:35:00,1825,1835,1825,1830,104,1856.06,2308
2026-08-18 11:40:00,1830,1840,1830,1835,76,1855.8,2308
2026-08-18 11:45:00,1835,1840,1825,1825,100,1855.37,2308
2026-08-18 11:50:00,1825,1835,1825,1830,55,1855.14,2308
2026-08-18 11:55:00,1830,1830,1825,1825,55,1854.89,2308
2026-08-18 12:00:00,1830,1830,1825,1830,57,1854.62,2308
2026-08-18 12:05:00,1830,1830,1825,1830,87,1854.22,2308
2026-08-18 12:10:00,1825,1830,1825,1825,79,1853.86,2308
2026-08-18 12:15:00,1825,1830,1825,1825,71,1853.54,2308
2026-08-18 12:20:00,1825,1830,1820,1820,86,1853.13,2308
2026-08-18 12:25:00,1820,1835,1820,1830,193,1852.35,2308
2026-08-18 12:30:00,1835,1835,1830,1830,80,1852.1,2308
2026-08-18 12:35:00,1830,1840,1830,1835,69,1851.92,2308
2026-08-18 12:40:00,1835,1840,1830,1830,120,1851.61,2308
2026-08-18 12:45:00,1835,1835,1825,1830,134,1851.22,2308
2026-08-18 12:50:00,1835,1835,1830,1830,53,1851.07,2308
2026-08-18 12:55:00,1830,1840,1830,1835,109,1850.83,2308
2026-08-18 13:00:00,1835,1840,1830,1830,116,1850.54,2308
2026-08-18 13:05:00,1830,1835,1825,1830,181,1850.04,2308
2026-08-18 13:10:00,1830,1835,1825,1835,151,1849.67,2308
2026-08-18 13:15:00,1835,1835,1825,1825,171,1849.27,2308
2026-08-18 13:20:00,1825,1830,1825,1830,181,1848.77,2308
2026-08-18 13:30:00,1820,1820,1820,1820,855,1845.96,2308
2026-08-19 09:00:00,1745,1780,1740,1780,2038,1751.97,2308
2026-08-19 09:05:00,1780,1780,1765,1770,433,1755.99,2308
2026-08-19 09:10:00,1775,1785,1765,1780,618,1759.41,2308
2026-08-19 09:15:00,1780,1795,1780,1790,259,1761.49,2308
2026-08-19 09:20:00,1795,1800,1790,1800,156,1763.0,2308
2026-08-19 09:25:00,1795,1800,1780,1780,271,1764.96,2308
2026-08-19 09:30:00,1780,1785,1770,1770,271,1765.71,2308
2026-08-19 09:35:00,1770,1775,1765,1775,318,1766.03,2308
2026-08-19 09:40:00,1770,1780,1770,1780,114,1766.31,2308
2026-08-19 09:45:00,1780,1780,1775,1775,63,1766.44,2308
2026-08-19 09:50:00,1775,1780,1770,1780,167,1766.83,2308
2026-08-19 09:55:00,1780,1780,1775,1780,66,1766.98,2308
2026-08-19 10:00:00,1775,1780,1770,1775,118,1767.15,2308
2026-08-19 10:05:00,1775,1780,1760,1760,377,1767.35,2308
2026-08-19 10:10:00,1760,1765,1760,1765,188,1767.13,2308
2026-08-19 10:15:00,1760,1770,1760,1765,232,1767.02,2308
2026-08-19 10:20:00,1765,1770,1760,1770,122,1767.03,2308
2026-08-19 10:25:00,1770,1775,1765,1775,73,1767.07,2308
2026-08-19 10:30:00,1775,1780,1770,1770,134,1767.17,2308
2026-08-19 10:35:00,1770,1770,1765,1770,67,1767.17,2308
2026-08-19 10:40:00,1770,1770,1760,1760,105,1767.13,2308
2026-08-19 10:45:00,1765,1770,1760,1765,132,1767.08,2308
2026-08-19 10:50:00,1770,1770,1760,1765,126,1767.03,2308
2026-08-19 10:55:00,1760,1770,1760,1770,109,1767.0,2308
2026-08-19 11:00:00,1770,1775,1765,1765,108,1767.05,2308
2026-08-19 11:05:00,1770,1770,1765,1770,56,1767.06,2308
2026-08-19 11:10:00,1770,1770,1765,1770,20,1767.06,2308
2026-08-19 11:15:00,1765,1775,1765,1775,130,1767.13,2308
2026-08-19 11:20:00,1775,1775,1765,1765,76,1767.16,2308
2026-08-19 11:25:00,1770,1770,1765,1770,33,1767.16,2308
2026-08-19 11:30:00,1770,1770,1765,1765,47,1767.16,2308
2026-08-19 11:35:00,1765,1770,1765,1765,40,1767.17,2308
2026-08-19 11:40:00,1765,1770,1765,1765,27,1767.17,2308
2026-08-19 11:45:00,1765,1770,1765,1765,50,1767.19,2308
2026-08-19 11:50:00,1770,1770,1765,1770,53,1767.2,2308
2026-08-19 11:55:00,1770,1770,1765,1765,62,1767.21,2308
2026-08-19 12:00:00,1770,1770,1765,1770,58,1767.23,2308
2026-08-19 12:05:00,1765,1770,1765,1765,67,1767.23,2308
2026-08-19 12:10:00,1770,1770,1760,1760,354,1767.09,2308
2026-08-19 12:15:00,1760,1765,1760,1760,90,1767.02,2308
2026-08-19 12:20:00,1760,1765,1760,1760,92,1766.95,2308
2026-08-19 12:25:00,1765,1765,1760,1765,109,1766.88,2308
2026-08-19 12:30:00,1760,1765,1750,1755,501,1766.3,2308
2026-08-19 12:35:00,1750,1760,1750,1760,223,1766.0,2308
2026-08-19 12:40:00,1755,1760,1755,1755,80,1765.93,2308
2026-08-19 12:45:00,1755,1760,1750,1750,230,1765.65,2308
2026-08-19 12:50:00,1750,1755,1750,1755,107,1765.49,2308
2026-08-19 12:55:00,1755,1765,1750,1760,324,1765.17,2308
2026-08-19 13:00:00,1760,1765,1760,1765,157,1765.11,2308
2026-08-19 13:05:00,1760,1765,1760,1765,115,1765.07,2308
2026-08-19 13:10:00,1765,1765,1760,1760,103,1765.04,2308
2026-08-19 13:15:00,1760,1765,1750,1750,424,1764.72,2308
2026-08-19 13:20:00,1750,1770,1750,1770,294,1764.44,2308
2026-08-19 13:30:00,1765,1765,1765,1765,794,1764.48,2308
2026-08-20 09:00:00,1770,1785,1750,1755,1504,1764.85,2308
2026-08-20 09:05:00,1755,1760,1745,1750,468,1761.07,2308
2026-08-20 09:10:00,1745,1750,1740,1745,214,1759.42,2308
2026-08-20 09:15:00,1745,1755,1740,1740,120,1758.81,2308
2026-08-20 09:20:00,1740,1740,1725,1725,452,1754.45,2308
2026-08-20 09:25:00,1725,1735,1725,1725,220,1752.61,2308
2026-08-20 09:30:00,1725,1725,1710,1715,465,1747.87,2308
2026-08-20 09:35:00,1715,1725,1705,1720,507,1743.63,2308
2026-08-20 09:40:00,1720,1735,1720,1720,203,1742.77,2308
2026-08-20 09:45:00,1725,1725,1715,1715,102,1742.21,2308
2026-08-20 09:50:00,1715,1725,1715,1720,157,1741.37,2308
2026-08-20 09:55:00,1720,1725,1715,1715,40,1741.17,2308
2026-08-20 10:00:00,1715,1730,1715,1725,172,1740.37,2308
2026-08-20 10:05:00,1725,1725,1720,1720,51,1740.17,2308
2026-08-20 10:10:00,1720,1725,1715,1720,106,1739.7,2308
2026-08-20 10:15:00,1715,1720,1715,1715,29,1739.56,2308
2026-08-20 10:20:00,1720,1720,1710,1710,137,1738.81,2308
2026-08-20 10:25:00,1710,1720,1710,1715,182,1737.94,2308
2026-08-20 10:30:00,1715,1725,1710,1720,119,1737.5,2308
2026-08-20 10:35:00,1720,1725,1715,1720,108,1737.14,2308
2026-08-20 10:40:00,1720,1725,1715,1720,48,1736.98,2308
2026-08-20 10:45:00,1715,1720,1715,1715,63,1736.72,2308
2026-08-20 10:50:00,1715,1715,1705,1710,178,1735.9,2308
2026-08-20 10:55:00,1710,1720,1710,1710,212,1735.09,2308
2026-08-20 11:00:00,1715,1720,1715,1715,59,1734.9,2308
2026-08-20 11:05:00,1715,1720,1710,1715,51,1734.71,2308
2026-08-20 11:10:00,1715,1715,1710,1715,76,1734.45,2308
2026-08-20 11:15:00,1720,1720,1710,1720,105,1734.18,2308
2026-08-20 11:20:00,1720,1720,1715,1715,65,1734.0,2308
2026-08-20 11:25:00,1715,1715,1710,1710,73,1733.77,2308
2026-08-20 11:30:00,1710,1710,1705,1710,101,1733.38,2308
2026-08-20 11:35:00,1710,1715,1705,1705,73,1733.11,2308
2026-08-20 11:40:00,1710,1715,1705,1710,91,1732.77,2308
2026-08-20 11:45:00,1710,1715,1710,1710,41,1732.64,2308
2026-08-20 11:50:00,1710,1710,1710,1710,58,1732.44,2308
2026-08-20 11:55:00,1710,1720,1710,1715,111,1732.14,2308
2026-08-20 12:00:00,1715,1725,1715,1725,119,1731.93,2308
2026-08-20 12:05:00,1725,1730,1720,1725,135,1731.81,2308
2026-08-20 12:10:00,1730,1735,1725,1735,179,1731.84,2308
2026-08-20 12:15:00,1735,1745,1735,1740,166,1732.02,2308
2026-08-20 12:20:00,1740,1745,1735,1740,76,1732.1,2308
2026-08-20 12:25:00,1740,1745,1740,1740,44,1732.17,2308
2026-08-20 12:30:00,1745,1745,1735,1735,77,1732.24,2308
2026-08-20 12:35:00,1735,1740,1730,1735,133,1732.33,2308
2026-08-20 12:40:00,1740,1740,1735,1740,45,1732.36,2308
2026-08-20 12:45:00,1735,1740,1735,1735,38,1732.38,2308
2026-08-20 12:50:00,1735,1740,1735,1735,47,1732.41,2308
2026-08-20 12:55:00,1735,1740,1735,1740,53,1732.44,2308
2026-08-20 13:00:00,1735,1745,1735,1745,104,1732.56,2308
2026-08-20 13:05:00,1745,1750,1740,1745,97,1732.71,2308
2026-08-20 13:10:00,1750,1750,1745,1745,62,1732.83,2308
2026-08-20 13:15:00,1750,1750,1745,1750,119,1733.06,2308
2026-08-20 13:20:00,1750,1755,1745,1745,182,1733.43,2308
2026-08-20 13:30:00,1745,1745,1745,1745,510,1734.09,2308
2026-08-21 09:00:00,1760,1760,1735,1740,531,1749.61,2308
2026-08-21 09:05:00,1735,1740,1720,1730,195,1744.46,2308
2026-08-21 09:10:00,1730,1740,1730,1735,73,1743.55,2308
2026-08-21 09:15:00,1735,1745,1735,1745,113,1743.24,2308
2026-08-21 09:20:00,1745,1750,1735,1740,98,1743.29,2308
2026-08-21 09:25:00,1740,1750,1740,1750,112,1743.32,2308
2026-08-21 09:30:00,1750,1755,1745,1750,163,1744.3,2308
2026-08-21 09:35:00,1745,1750,1745,1750,37,1744.45,2308
2026-08-21 09:40:00,1745,1750,1745,1750,28,1744.53,2308
2026-08-21 09:45:00,1745,1750,1745,1750,43,1744.66,2308
2026-08-21 09:50:00,1745,1750,1740,1740,120,1744.5,2308
2026-08-21 09:55:00,1740,1740,1730,1735,93,1743.96,2308
2026-08-21 10:00:00,1735,1735,1730,1730,41,1743.72,2308
2026-08-21 10:05:00,1735,1740,1730,1740,43,1743.46,2308
2026-08-21 10:10:00,1740,1745,1735,1740,20,1743.43,2308
2026-08-21 10:15:00,1745,1750,1740,1745,43,1743.48,2308
2026-08-21 10:20:00,1750,1750,1745,1750,16,1743.52,2308
2026-08-21 10:25:00,1750,1750,1745,1745,31,1743.6,2308
2026-08-21 10:30:00,1750,1755,1745,1755,83,1743.9,2308
2026-08-21 10:35:00,1755,1760,1750,1755,125,1744.59,2308
2026-08-21 10:40:00,1755,1755,1750,1750,17,1744.66,2308
2026-08-21 10:45:00,1755,1755,1750,1755,103,1745.15,2308
2026-08-21 10:50:00,1755,1760,1755,1760,85,1745.61,2308
2026-08-21 10:55:00,1760,1760,1750,1755,53,1745.85,2308
2026-08-21 11:00:00,1750,1755,1750,1755,38,1745.98,2308
2026-08-21 11:05:00,1755,1755,1750,1755,19,1746.04,2308
2026-08-21 11:10:00,1755,1755,1745,1745,77,1746.16,2308
2026-08-21 11:15:00,1745,1750,1745,1745,31,1746.15,2308
2026-08-21 11:20:00,1745,1750,1745,1745,15,1746.15,2308
2026-08-21 11:25:00,1745,1750,1745,1745,18,1746.15,2308
2026-08-21 11:30:00,1745,1750,1745,1745,27,1746.18,2308
2026-08-21 11:35:00,1750,1750,1745,1745,24,1746.21,2308
2026-08-21 11:40:00,1750,1750,1745,1745,34,1746.2,2308
2026-08-21 11:45:00,1745,1745,1740,1745,64,1746.1,2308
2026-08-21 11:50:00,1745,1745,1735,1735,33,1746.02,2308
2026-08-21 11:55:00,1735,1745,1735,1745,89,1745.87,2308
2026-08-21 12:00:00,1750,1750,1740,1745,58,1745.84,2308
2026-08-21 12:05:00,1745,1745,1740,1745,37,1745.83,2308
2026-08-21 12:10:00,1745,1745,1740,1740,20,1745.8,2308
2026-08-21 12:15:00,1740,1745,1740,1745,18,1745.77,2308
2026-08-21 12:20:00,1745,1745,1740,1740,18,1745.75,2308
2026-08-21 12:25:00,1740,1745,1740,1745,21,1745.73,2308
2026-08-21 12:30:00,1745,1745,1740,1745,19,1745.71,2308
2026-08-21 12:35:00,1745,1745,1740,1745,14,1745.7,2308
2026-08-21 12:40:00,1740,1745,1740,1745,25,1745.67,2308
2026-08-21 12:45:00,1740,1745,1740,1740,22,1745.65,2308
2026-08-21 12:50:00,1745,1745,1740,1745,24,1745.64,2308
2026-08-21 12:55:00,1745,1750,1740,1745,129,1745.61,2308
2026-08-21 13:00:00,1745,1750,1745,1750,35,1745.62,2308
2026-08-21 13:05:00,1750,1750,1745,1750,62,1745.63,2308
2026-08-21 13:10:00,1750,1750,1745,1745,52,1745.66,2308
2026-08-21 13:15:00,1750,1750,1745,1750,68,1745.69,2308
2026-08-21 13:20:00,1745,1750,1745,1745,162,1745.8,2308
2026-08-21 13:30:00,1750,1750,1750,1750,578,1746.39,2308
2026-08-24 09:00:00,1720,1740,1710,1740,809,1721.15,2308
2026-08-24 09:05:00,1740,1745,1735,1735,108,1723.46,2308
2026-08-24 09:10:00,1740,1760,1740,1760,221,1728.92,2308
2026-08-24 09:15:00,1765,1775,1755,1760,226,1735.17,2308
2026-08-24 09:20:00,1760,1760,1750,1750,105,1736.62,2308
2026-08-24 09:25:00,1755,1765,1755,1765,101,1738.03,2308
2026-08-24 09:30:00,1765,1765,1755,1755,113,1739.54,2308
2026-08-24 09:35:00,1760,1765,1755,1765,94,1740.75,2308
2026-08-24 09:40:00,1765,1770,1765,1765,50,1741.44,2308
2026-08-24 09:45:00,1765,1775,1765,1770,150,1743.71,2308
2026-08-24 09:50:00,1770,1775,1765,1765,81,1744.76,2308
2026-08-24 09:55:00,1765,1765,1745,1745,204,1745.51,2308
2026-08-24 10:00:00,1745,1745,1735,1745,104,1745.29,2308
2026-08-24 10:05:00,1745,1750,1735,1745,112,1745.17,2308
2026-08-24 10:10:00,1745,1755,1740,1755,42,1745.24,2308
2026-08-24 10:15:00,1750,1755,1745,1745,42,1745.32,2308
2026-08-24 10:20:00,1745,1745,1745,1745,22,1745.32,2308
2026-08-24 10:25:00,1745,1750,1745,1750,5,1745.32,2308
2026-08-24 10:30:00,1750,1750,1745,1750,15,1745.33,2308
2026-08-24 10:35:00,1745,1750,1740,1745,91,1745.32,2308
2026-08-24 10:40:00,1750,1755,1745,1755,30,1745.37,2308
2026-08-24 10:45:00,1755,1755,1755,1755,14,1745.42,2308
2026-08-24 10:50:00,1755,1755,1755,1755,13,1745.46,2308
2026-08-24 10:55:00,1750,1755,1750,1755,17,1745.51,2308
2026-08-24 11:00:00,1755,1755,1750,1755,6,1745.52,2308
2026-08-24 11:05:00,1755,1755,1745,1745,44,1745.6,2308
2026-08-24 11:10:00,1745,1750,1745,1745,8,1745.6,2308
2026-08-24 11:15:00,1745,1745,1745,1745,20,1745.6,2308
2026-08-24 11:20:00,1745,1750,1740,1740,65,1745.56,2308
2026-08-24 11:25:00,1745,1745,1740,1740,4,1745.56,2308
2026-08-24 11:30:00,1740,1745,1740,1740,10,1745.55,2308
2026-08-24 11:35:00,1740,1740,1740,1740,8,1745.53,2308
2026-08-24 11:40:00,1740,1740,1740,1740,15,1745.51,2308
2026-08-24 11:45:00,1740,1740,1735,1735,42,1745.42,2308
2026-08-24 11:50:00,1735,1740,1735,1735,12,1745.38,2308
2026-08-24 11:55:00,1735,1740,1735,1735,15,1745.33,2308
2026-08-24 12:00:00,1735,1735,1730,1730,58,1745.11,2308
2026-08-24 12:05:00,1730,1730,1730,1730,20,1745.01,2308
2026-08-24 12:10:00,1730,1735,1730,1730,37,1744.85,2308
2026-08-24 12:15:00,1730,1735,1730,1730,11,1744.8,2308
2026-08-24 12:20:00,1730,1735,1730,1735,62,1744.6,2308
2026-08-24 12:25:00,1740,1740,1735,1735,18,1744.55,2308
2026-08-24 12:30:00,1740,1740,1735,1735,9,1744.53,2308
2026-08-24 12:35:00,1740,1740,1735,1735,21,1744.49,2308
2026-08-24 12:40:00,1740,1740,1735,1740,20,1744.46,2308
2026-08-24 12:45:00,1740,1745,1735,1740,48,1744.4,2308
2026-08-24 12:50:00,1745,1745,1740,1740,70,1744.32,2308
2026-08-24 12:55:00,1740,1745,1740,1740,14,1744.31,2308
2026-08-24 13:00:00,1740,1745,1735,1735,63,1744.21,2308
2026-08-24 13:05:00,1740,1740,1735,1735,73,1744.07,2308
2026-08-24 13:10:00,1740,1740,1735,1735,34,1744.0,2308
2026-08-24 13:15:00,1735,1740,1730,1730,85,1743.79,2308
2026-08-24 13:20:00,1730,1740,1730,1730,152,1743.35,2308
2026-08-24 13:30:00,1735,1735,1735,1735,384,1742.58,2308
2026-08-25 09:00:00,1715,1715,1695,1695,570,1706.25,2308
2026-08-25 09:05:00,1695,1700,1680,1695,558,1696.61,2308
2026-08-25 09:10:00,1695,1695,1685,1695,183,1695.95,2308
2026-08-25 09:15:00,1695,1695,1685,1690,109,1695.49,2308
2026-08-25 09:20:00,1690,1690,1670,1675,322,1692.65,2308
2026-08-25 09:25:00,1675,1675,1665,1665,329,1689.18,2308
2026-08-25 09:30:00,1665,1675,1665,1675,291,1686.84,2308
2026-08-25 09:35:00,1670,1680,1670,1680,108,1686.31,2308
2026-08-25 09:40:00,1680,1685,1665,1670,173,1685.62,2308
2026-08-25 09:45:00,1670,1685,1665,1680,235,1684.6,2308
2026-08-25 09:50:00,1680,1685,1675,1680,65,1684.5,2308
2026-08-25 09:55:00,1685,1685,1675,1675,58,1684.41,2308
2026-08-25 10:00:00,1680,1680,1670,1670,76,1684.15,2308
2026-08-25 10:05:00,1670,1675,1665,1665,116,1683.6,2308
2026-08-25 10:10:00,1665,1670,1665,1670,95,1683.16,2308
2026-08-25 10:15:00,1670,1675,1665,1675,160,1682.56,2308
2026-08-25 10:20:00,1670,1675,1665,1670,115,1682.14,2308
2026-08-25 10:25:00,1670,1670,1665,1665,44,1681.98,2308
2026-08-25 10:30:00,1665,1670,1665,1665,98,1681.54,2308
2026-08-25 10:35:00,1665,1670,1665,1665,30,1681.41,2308
2026-08-25 10:40:00,1665,1675,1665,1670,219,1680.77,2308
2026-08-25 10:45:00,1665,1665,1660,1665,201,1679.98,2308
2026-08-25 10:50:00,1660,1665,1660,1660,58,1679.72,2308
2026-08-25 10:55:00,1660,1665,1660,1660,27,1679.6,2308
2026-08-25 11:00:00,1660,1670,1660,1665,203,1678.94,2308
2026-08-25 11:05:00,1670,1670,1665,1665,12,1678.91,2308
2026-08-25 11:10:00,1665,1670,1660,1665,58,1678.73,2308
2026-08-25 11:15:00,1660,1665,1660,1665,151,1678.27,2308
2026-08-25 11:20:00,1665,1665,1660,1665,41,1678.13,2308
2026-08-25 11:25:00,1660,1665,1660,1665,148,1677.73,2308
2026-08-25 11:30:00,1660,1670,1660,1670,83,1677.51,2308
2026-08-25 11:35:00,1670,1670,1665,1670,20,1677.48,2308
2026-08-25 11:40:00,1665,1670,1660,1665,237,1676.9,2308
2026-08-25 11:45:00,1660,1665,1660,1665,12,1676.87,2308
2026-08-25 11:50:00,1660,1665,1655,1660,325,1675.87,2308
2026-08-25 11:55:00,1660,1665,1660,1660,94,1675.61,2308
2026-08-25 12:00:00,1660,1665,1655,1665,153,1675.19,2308
2026-08-25 12:05:00,1665,1670,1665,1665,210,1674.88,2308
2026-08-25 12:10:00,1665,1670,1665,1670,30,1674.84,2308
2026-08-25 12:15:00,1670,1675,1665,1670,219,1674.66,2308
2026-08-25 12:20:00,1670,1670,1665,1665,35,1674.62,2308
2026-08-25 12:25:00,1670,1675,1665,1665,243,1674.46,2308
2026-08-25 12:30:00,1665,1675,1665,1675,160,1674.36,2308
2026-08-25 12:35:00,1675,1675,1670,1670,124,1674.36,2308
2026-08-25 12:40:00,1675,1685,1675,1680,414,1674.61,2308
2026-08-25 12:45:00,1680,1680,1675,1675,39,1674.63,2308
2026-08-25 12:50:00,1675,1680,1675,1680,49,1674.64,2308
2026-08-25 12:55:00,1675,1685,1675,1685,162,1674.77,2308
2026-08-25 13:00:00,1680,1690,1680,1690,460,1675.4,2308
2026-08-25 13:05:00,1690,1695,1685,1690,168,1675.7,2308
2026-08-25 13:10:00,1690,1695,1690,1695,86,1675.88,2308
2026-08-25 13:15:00,1690,1700,1690,1700,295,1676.54,2308
2026-08-25 13:20:00,1700,1710,1695,1705,224,1677.19,2308
2026-08-25 13:30:00,1710,1710,1710,1710,646,1679.46,2308
2026-08-26 09:00:00,1680,1700,1670,1700,1105,1681.29,2308
2026-08-26 09:05:00,1700,1700,1690,1695,229,1683.73,2308
2026-08-26 09:10:00,1695,1700,1690,1690,241,1685.47,2308
2026-08-26 09:15:00,1690,1690,1680,1690,348,1685.44,2308
2026-08-26 09:20:00,1690,1690,1680,1685,233,1685.42,2308
2026-08-26 09:25:00,1680,1700,1680,1700,244,1685.99,2308
2026-08-26 09:30:00,1700,1710,1695,1710,201,1687.28,2308
2026-08-26 09:35:00,1710,1715,1705,1715,251,1689.53,2308
2026-08-26 09:40:00,1715,1715,1705,1705,127,1690.46,2308
2026-08-26 09:45:00,1705,1715,1705,1710,226,1691.94,2308
2026-08-26 09:50:00,1705,1715,1705,1710,97,1692.48,2308
2026-08-26 09:55:00,1710,1720,1710,1715,144,1693.42,2308
2026-08-26 10:00:00,1720,1720,1705,1705,182,1694.4,2308
2026-08-26 10:05:00,1710,1710,1700,1705,185,1694.89,2308
2026-08-26 10:10:00,1700,1710,1700,1705,138,1695.22,2308
2026-08-26 10:15:00,1700,1715,1700,1715,251,1695.87,2308
2026-08-26 10:20:00,1710,1715,1705,1705,107,1696.23,2308
2026-08-26 10:25:00,1705,1720,1705,1715,220,1697.01,2308
2026-08-26 10:30:00,1715,1735,1715,1735,429,1699.39,2308
2026-08-26 10:35:00,1735,1735,1725,1730,148,1700.27,2308
2026-08-26 10:40:00,1725,1730,1725,1730,67,1700.62,2308
2026-08-26 10:45:00,1730,1735,1725,1730,179,1701.63,2308
2026-08-26 10:50:00,1730,1735,1725,1730,132,1702.31,2308
2026-08-26 10:55:00,1725,1740,1725,1735,242,1703.65,2308
2026-08-26 11:00:00,1735,1740,1730,1735,118,1704.28,2308
2026-08-26 11:05:00,1735,1755,1735,1750,398,1706.86,2308
2026-08-26 11:10:00,1750,1755,1740,1745,129,1707.65,2308
2026-08-26 11:15:00,1745,1755,1740,1755,174,1708.78,2308
2026-08-26 11:20:00,1755,1760,1750,1750,117,1709.58,2308
2026-08-26 11:25:00,1750,1750,1745,1745,106,1710.2,2308
2026-08-26 11:30:00,1745,1755,1745,1745,96,1710.75,2308
2026-08-26 11:35:00,1745,1760,1745,1755,119,1711.47,2308
2026-08-26 11:40:00,1755,1755,1750,1750,52,1711.77,2308
2026-08-26 11:45:00,1750,1755,1750,1755,99,1712.36,2308
2026-08-26 11:50:00,1750,1755,1750,1750,78,1712.82,2308
2026-08-26 11:55:00,1750,1755,1750,1755,83,1713.29,2308
2026-08-26 12:00:00,1755,1755,1750,1750,42,1713.52,2308
2026-08-26 12:05:00,1750,1755,1750,1750,61,1713.82,2308
2026-08-26 12:10:00,1750,1755,1750,1750,99,1714.31,2308
2026-08-26 12:15:00,1750,1755,1750,1750,81,1714.69,2308
2026-08-26 12:20:00,1750,1755,1745,1750,94,1715.12,2308
2026-08-26 12:25:00,1750,1750,1745,1750,46,1715.32,2308
2026-08-26 12:30:00,1745,1755,1745,1750,132,1715.89,2308
2026-08-26 12:35:00,1750,1750,1745,1750,28,1716.01,2308
2026-08-26 12:40:00,1745,1750,1745,1745,40,1716.16,2308
2026-08-26 12:45:00,1745,1750,1745,1745,111,1716.59,2308
2026-08-26 12:50:00,1745,1750,1745,1745,52,1716.78,2308
2026-08-26 12:55:00,1745,1750,1745,1745,104,1717.14,2308
2026-08-26 13:00:00,1745,1750,1740,1745,263,1718.11,2308
2026-08-26 13:05:00,1750,1755,1745,1750,111,1718.51,2308
2026-08-26 13:10:00,1745,1750,1745,1750,56,1718.7,2308
2026-08-26 13:15:00,1750,1755,1745,1750,150,1719.24,2308
2026-08-26 13:20:00,1750,1755,1750,1755,139,1719.76,2308
2026-08-26 13:30:00,1750,1750,1750,1750,517,1721.42,2308
2026-08-27 09:00:00,1780,1790,1770,1785,861,1779.06,2308
2026-08-27 09:05:00,1785,1820,1780,1795,919,1791.2,2308
2026-08-27 09:10:00,1795,1800,1775,1775,440,1790.09,2308
2026-08-27 09:15:00,1775,1790,1775,1785,182,1789.43,2308
2026-08-27 09:20:00,1790,1795,1785,1795,178,1789.5,2308
2026-08-27 09:25:00,1795,1795,1785,1790,125,1789.41,2308
2026-08-27 09:30:00,1785,1790,1785,1785,45,1789.37,2308
2026-08-27 09:35:00,1790,1800,1785,1795,210,1789.69,2308
2026-08-27 09:40:00,1795,1795,1785,1785,189,1789.8,2308
2026-08-27 09:45:00,1785,1800,1785,1800,114,1789.88,2308
2026-08-27 09:50:00,1795,1800,1790,1795,65,1789.98,2308
2026-08-27 09:55:00,1795,1795,1790,1790,65,1790.01,2308
2026-08-27 10:00:00,1790,1795,1785,1795,88,1790.01,2308
2026-08-27 10:05:00,1790,1795,1785,1785,118,1789.9,2308
2026-08-27 10:10:00,1790,1790,1785,1790,52,1789.88,2308
2026-08-27 10:15:00,1790,1795,1785,1795,153,1789.98,2308
2026-08-27 10:20:00,1790,1790,1785,1790,24,1789.97,2308
2026-08-27 10:25:00,1790,1800,1785,1800,198,1790.08,2308
2026-08-27 10:30:00,1800,1810,1800,1800,331,1791.02,2308
2026-08-27 10:35:00,1800,1805,1795,1800,120,1791.27,2308
2026-08-27 10:40:00,1800,1800,1790,1795,58,1791.31,2308
2026-08-27 10:45:00,1795,1795,1790,1795,77,1791.33,2308
2026-08-27 10:50:00,1795,1800,1790,1800,114,1791.41,2308
2026-08-27 10:55:00,1795,1800,1795,1795,46,1791.46,2308
2026-08-27 11:00:00,1795,1795,1790,1795,67,1791.49,2308
2026-08-27 11:05:00,1795,1800,1790,1795,115,1791.57,2308
2026-08-27 11:10:00,1795,1800,1790,1795,24,1791.59,2308
2026-08-27 11:15:00,1795,1795,1790,1795,27,1791.6,2308
2026-08-27 11:20:00,1795,1795,1790,1795,33,1791.62,2308
2026-08-27 11:25:00,1795,1795,1790,1795,57,1791.62,2308
2026-08-27 11:30:00,1790,1795,1790,1795,71,1791.61,2308
2026-08-27 11:35:00,1790,1795,1785,1795,74,1791.59,2308
2026-08-27 11:40:00,1790,1795,1790,1795,47,1791.59,2308
2026-08-27 11:45:00,1795,1795,1790,1795,45,1791.59,2308
2026-08-27 11:50:00,1795,1800,1790,1795,176,1791.71,2308
2026-08-27 11:55:00,1795,1800,1790,1800,100,1791.78,2308
2026-08-27 12:00:00,1800,1800,1795,1800,46,1791.83,2308
2026-08-27 12:05:00,1800,1800,1795,1800,46,1791.87,2308
2026-08-27 12:10:00,1795,1795,1795,1795,80,1791.91,2308
2026-08-27 12:15:00,1795,1795,1785,1795,218,1791.83,2308
2026-08-27 12:20:00,1795,1795,1785,1790,75,1791.82,2308
2026-08-27 12:25:00,1785,1790,1780,1780,193,1791.57,2308
2026-08-27 12:30:00,1780,1785,1780,1785,117,1791.38,2308
2026-08-27 12:35:00,1785,1785,1780,1785,131,1791.23,2308
2026-08-27 12:40:00,1785,1785,1775,1780,41,1791.15,2308
2026-08-27 12:45:00,1780,1780,1775,1780,31,1791.09,2308
2026-08-27 12:50:00,1780,1780,1775,1775,45,1790.99,2308
2026-08-27 12:55:00,1775,1780,1770,1770,290,1790.2,2308
2026-08-27 13:00:00,1770,1780,1770,1775,90,1790.0,2308
2026-08-27 13:05:00,1780,1780,1770,1770,87,1789.82,2308
2026-08-27 13:10:00,1775,1775,1760,1775,344,1788.8,2308
2026-08-27 13:15:00,1770,1775,1770,1770,73,1788.62,2308
2026-08-27 13:20:00,1765,1775,1765,1765,171,1788.17,2308
2026-08-27 13:30:00,1770,1770,1770,1770,580,1786.89,2308
2026-08-28 09:00:00,1800,1830,1790,1795,1946,1809.96,2308
2026-08-28 09:05:00,1790,1815,1790,1815,312,1809.09,2308
2026-08-28 09:10:00,1815,1815,1805,1810,271,1809.39,2308
2026-08-28 09:15:00,1805,1810,1795,1810,256,1808.49,2308
2026-08-28 09:20:00,1810,1810,1780,1795,384,1806.66,2308
2026-08-28 09:25:00,1790,1800,1785,1795,176,1805.94,2308
2026-08-28 09:30:00,1795,1810,1785,1805,344,1805.36,2308
2026-08-28 09:35:00,1805,1810,1795,1800,110,1805.32,2308
2026-08-28 09:40:00,1800,1800,1790,1800,136,1805.01,2308
2026-08-28 09:45:00,1800,1805,1795,1800,124,1804.79,2308
2026-08-28 09:50:00,1805,1815,1805,1810,431,1805.22,2308
2026-08-28 09:55:00,1810,1810,1800,1800,100,1805.21,2308
2026-08-28 10:00:00,1805,1805,1795,1795,74,1805.12,2308
2026-08-28 10:05:00,1800,1805,1795,1805,79,1805.03,2308
2026-08-28 10:10:00,1805,1810,1800,1810,112,1805.05,2308
2026-08-28 10:15:00,1810,1825,1805,1820,513,1806.15,2308
2026-08-28 10:20:00,1825,1825,1815,1820,126,1806.46,2308
2026-08-28 10:25:00,1815,1820,1810,1820,177,1806.78,2308
2026-08-28 10:30:00,1820,1820,1815,1820,27,1806.83,2308
2026-08-28 10:35:00,1815,1830,1815,1825,383,1807.91,2308
2026-08-28 10:40:00,1830,1830,1820,1825,164,1808.39,2308
2026-08-28 10:45:00,1825,1840,1825,1835,556,1810.25,2308
2026-08-28 10:50:00,1840,1860,1840,1855,944,1815.06,2308
2026-08-28 10:55:00,1855,1870,1850,1855,479,1817.73,2308
2026-08-28 11:00:00,1855,1855,1850,1850,260,1818.77,2308
2026-08-28 11:05:00,1855,1855,1850,1855,44,1818.95,2308
2026-08-28 11:10:00,1850,1850,1840,1845,277,1819.84,2308
2026-08-28 11:15:00,1845,1850,1840,1850,116,1820.16,2308
2026-08-28 11:20:00,1850,1855,1845,1850,117,1820.54,2308
2026-08-28 11:25:00,1850,1860,1850,1860,205,1821.33,2308
2026-08-28 11:30:00,1860,1860,1840,1845,272,1822.17,2308
2026-08-28 11:35:00,1840,1850,1840,1850,171,1822.55,2308
2026-08-28 11:40:00,1850,1855,1845,1850,63,1822.73,2308
2026-08-28 11:45:00,1850,1850,1845,1845,80,1822.92,2308
2026-08-28 11:50:00,1845,1850,1845,1845,79,1823.1,2308
2026-08-28 11:55:00,1845,1850,1840,1840,60,1823.24,2308
2026-08-28 12:00:00,1845,1845,1840,1840,100,1823.41,2308
2026-08-28 12:05:00,1840,1850,1840,1850,108,1823.65,2308
2026-08-28 12:10:00,1850,1860,1845,1855,135,1824.04,2308
2026-08-28 12:15:00,1855,1855,1845,1845,161,1824.43,2308
2026-08-28 12:20:00,1850,1850,1845,1850,59,1824.56,2308
2026-08-28 12:25:00,1850,1850,1840,1840,118,1824.77,2308
2026-08-28 12:30:00,1840,1845,1840,1840,93,1824.93,2308
2026-08-28 12:35:00,1840,1845,1840,1845,46,1825.0,2308
2026-08-28 12:40:00,1840,1845,1840,1840,83,1825.14,2308
2026-08-28 12:45:00,1845,1845,1830,1830,171,1825.33,2308
2026-08-28 12:50:00,1830,1835,1830,1835,61,1825.37,2308
2026-08-28 12:55:00,1830,1835,1825,1825,156,1825.45,2308
2026-08-28 13:00:00,1825,1830,1825,1830,86,1825.47,2308
2026-08-28 13:05:00,1835,1840,1830,1835,135,1825.62,2308
2026-08-28 13:10:00,1840,1840,1830,1835,126,1825.71,2308
2026-08-28 13:15:00,1835,1835,1830,1835,148,1825.82,2308
2026-08-28 13:20:00,1835,1835,1830,1830,125,1825.91,2308
2026-08-28 13:30:00,1830,1830,1830,1830,594,1826.1,2308
2026-08-31 09:00:00,1785,1815,1775,1815,1132,1789.51,2308
2026-08-31 09:05:00,1815,1830,1795,1815,514,1797.26,2308
2026-08-31 09:10:00,1815,1820,1795,1805,270,1798.7,2308
2026-08-31 09:15:00,1805,1820,1800,1810,174,1799.5,2308
2026-08-31 09:20:00,1815,1815,1800,1800,119,1799.79,2308
2026-08-31 09:25:00,1800,1820,1800,1815,113,1800.35,2308
2026-08-31 09:30:00,1820,1820,1805,1810,125,1801.03,2308
2026-08-31 09:35:00,1805,1805,1800,1805,82,1801.15,2308
2026-08-31 09:40:00,1810,1820,1810,1815,104,1801.67,2308
2026-08-31 09:45:00,1815,1815,1805,1810,66,1801.87,2308
2026-08-31 09:50:00,1810,1810,1805,1805,73,1801.96,2308
2026-08-31 09:55:00,1805,1805,1795,1800,129,1801.94,2308
2026-08-31 10:00:00,1800,1805,1795,1800,75,1801.9,2308
2026-08-31 10:05:00,1805,1810,1805,1810,34,1801.95,2308
2026-08-31 10:10:00,1810,1820,1810,1820,82,1802.29,2308
2026-08-31 10:15:00,1815,1820,1800,1800,93,1802.49,2308
2026-08-31 10:20:00,1805,1805,1785,1790,228,1801.95,2308
2026-08-31 10:25:00,1785,1795,1785,1790,108,1801.55,2308
2026-08-31 10:30:00,1790,1795,1785,1790,47,1801.4,2308
2026-08-31 10:35:00,1785,1790,1780,1790,112,1800.91,2308
2026-08-31 10:40:00,1790,1790,1785,1785,41,1800.74,2308
2026-08-31 10:45:00,1785,1795,1785,1795,79,1800.58,2308
2026-08-31 10:50:00,1795,1795,1785,1790,85,1800.35,2308
2026-08-31 10:55:00,1795,1800,1795,1795,13,1800.34,2308
2026-08-31 11:00:00,1800,1800,1795,1795,10,1800.33,2308
2026-08-31 11:05:00,1795,1800,1795,1795,25,1800.32,2308
2026-08-31 11:10:00,1800,1800,1795,1795,90,1800.22,2308
2026-08-31 11:15:00,1800,1800,1795,1795,9,1800.22,2308
2026-08-31 11:20:00,1800,1800,1795,1795,22,1800.21,2308
2026-08-31 11:25:00,1800,1810,1800,1805,78,1800.26,2308
2026-08-31 11:30:00,1805,1805,1800,1805,11,1800.26,2308
2026-08-31 11:35:00,1805,1805,1800,1800,78,1800.26,2308
2026-08-31 11:40:00,1800,1805,1800,1805,28,1800.26,2308
2026-08-31 11:45:00,1805,1805,1800,1800,4,1800.27,2308
2026-08-31 11:50:00,1805,1805,1790,1790,156,1800.22,2308
2026-08-31 11:55:00,1795,1795,1795,1795,7,1800.21,2308
2026-08-31 12:00:00,1795,1795,1795,1795,35,1800.17,2308
2026-08-31 12:05:00,1795,1800,1790,1790,35,1800.13,2308
2026-08-31 12:10:00,1790,1795,1790,1795,12,1800.11,2308
2026-08-31 12:15:00,1795,1800,1790,1795,14,1800.1,2308
2026-08-31 12:20:00,1800,1800,1795,1795,49,1800.05,2308
2026-08-31 12:25:00,1795,1795,1790,1790,12,1800.03,2308
2026-08-31 12:30:00,1795,1800,1795,1795,55,1799.98,2308
2026-08-31 12:35:00,1800,1800,1795,1800,19,1799.97,2308
2026-08-31 12:40:00,1800,1800,1795,1795,27,1799.96,2308
2026-08-31 12:45:00,1795,1800,1795,1795,23,1799.93,2308
2026-08-31 12:50:00,1800,1800,1795,1795,62,1799.9,2308
2026-08-31 12:55:00,1795,1810,1795,1810,143,1799.91,2308
2026-08-31 13:00:00,1810,1810,1800,1805,52,1799.95,2308
2026-08-31 13:05:00,1805,1810,1805,1805,67,1800.06,2308
2026-08-31 13:10:00,1810,1815,1805,1810,82,1800.22,2308
2026-08-31 13:15:00,1810,1820,1810,1815,162,1800.72,2308
2026-08-31 13:20:00,1820,1825,1810,1815,203,1801.44,2308
2026-08-31 13:30:00,1840,1840,1840,1840,2809,1814.52,2308
2026-09-01 09:00:00,1845,1845,1810,1845,787,1834.63,2308
2026-09-01 09:05:00,1845,1855,1830,1845,322,1837.32,2308
2026-09-01 09:10:00,1845,1845,1835,1840,161,1837.57,2308
2026-09-01 09:15:00,1840,1855,1835,1850,289,1839.4,2308
2026-09-01 09:20:00,1850,1860,1845,1850,219,1841.1,2308
2026-09-01 09:25:00,1850,1855,1845,1845,187,1841.96,2308
2026-09-01 09:30:00,1845,1850,1840,1840,99,1842.05,2308
2026-09-01 09:35:00,1845,1860,1840,1855,175,1842.88,2308
2026-09-01 09:40:00,1855,1855,1840,1845,194,1843.1,2308
2026-09-01 09:45:00,1850,1850,1840,1840,51,1843.12,2308
2026-09-01 09:50:00,1840,1845,1840,1840,89,1843.17,2308
2026-09-01 09:55:00,1840,1845,1835,1845,141,1843.02,2308
2026-09-01 10:00:00,1845,1850,1840,1850,66,1843.07,2308
2026-09-01 10:05:00,1850,1860,1845,1860,169,1843.61,2308
2026-09-01 10:10:00,1860,1860,1850,1855,110,1844.02,2308
2026-09-01 10:15:00,1855,1855,1850,1855,21,1844.09,2308
2026-09-01 10:20:00,1850,1855,1845,1855,108,1844.31,2308
2026-09-01 10:25:00,1855,1855,1845,1845,49,1844.38,2308
2026-09-01 10:30:00,1845,1855,1845,1850,66,1844.49,2308
2026-09-01 10:35:00,1850,1855,1845,1845,44,1844.55,2308
2026-09-01 10:40:00,1845,1845,1835,1845,275,1844.16,2308
2026-09-01 10:45:00,1845,1850,1845,1845,72,1844.18,2308
2026-09-01 10:50:00,1845,1850,1845,1850,59,1844.2,2308
2026-09-01 10:55:00,1845,1855,1845,1855,135,1844.36,2308
2026-09-01 11:00:00,1855,1855,1850,1855,45,1844.46,2308
2026-09-01 11:05:00,1850,1855,1850,1855,32,1844.52,2308
2026-09-01 11:10:00,1850,1855,1845,1850,98,1844.65,2308
2026-09-01 11:15:00,1855,1855,1850,1850,26,1844.7,2308
2026-09-01 11:20:00,1850,1855,1850,1855,25,1844.73,2308
2026-09-01 11:25:00,1850,1860,1850,1855,279,1845.38,2308
2026-09-01 11:30:00,1855,1860,1855,1855,26,1845.45,2308
2026-09-01 11:35:00,1855,1860,1850,1855,104,1845.68,2308
2026-09-01 11:40:00,1855,1855,1850,1855,16,1845.71,2308
2026-09-01 11:45:00,1855,1860,1850,1860,76,1845.86,2308
2026-09-01 11:50:00,1855,1865,1855,1865,276,1846.69,2308
2026-09-01 11:55:00,1865,1865,1855,1860,66,1846.87,2308
2026-09-01 12:00:00,1860,1860,1855,1860,27,1846.94,2308
2026-09-01 12:05:00,1860,1860,1855,1860,25,1847.0,2308
2026-09-01 12:10:00,1860,1860,1855,1855,30,1847.07,2308
2026-09-01 12:15:00,1855,1860,1855,1860,24,1847.13,2308
2026-09-01 12:20:00,1860,1860,1855,1855,18,1847.17,2308
2026-09-01 12:25:00,1855,1860,1855,1855,31,1847.22,2308
2026-09-01 12:30:00,1860,1860,1855,1855,26,1847.27,2308
2026-09-01 12:35:00,1855,1860,1855,1855,39,1847.34,2308
2026-09-01 12:40:00,1860,1860,1850,1850,101,1847.49,2308
2026-09-01 12:45:00,1850,1860,1850,1860,104,1847.63,2308
2026-09-01 12:50:00,1860,1860,1855,1855,23,1847.68,2308
2026-09-01 12:55:00,1855,1860,1855,1860,24,1847.73,2308
2026-09-01 13:00:00,1860,1860,1850,1855,167,1847.97,2308
2026-09-01 13:05:00,1850,1855,1850,1850,45,1848.01,2308
2026-09-01 13:10:00,1855,1855,1850,1855,44,1848.06,2308
2026-09-01 13:15:00,1850,1855,1850,1850,112,1848.18,2308
2026-09-01 13:20:00,1855,1855,1845,1845,178,1848.27,2308
2026-09-01 13:30:00,1865,1865,1865,1865,743,1850.12,2308
2026-09-02 09:00:00,1815,1815,1800,1810,1201,1810.07,2308
2026-09-02 09:05:00,1810,1810,1800,1805,224,1809.22,2308
2026-09-02 09:10:00,1805,1805,1790,1805,470,1806.64,2308
2026-09-02 09:15:00,1805,1805,1795,1795,196,1806.03,2308
2026-09-02 09:20:00,1795,1800,1785,1785,413,1803.74,2308
2026-09-02 09:25:00,1785,1790,1780,1780,602,1799.79,2308
2026-09-02 09:30:00,1785,1785,1770,1785,589,1796.08,2308
2026-09-02 09:35:00,1785,1785,1765,1765,492,1793.35,2308
2026-09-02 09:40:00,1765,1775,1765,1770,156,1792.51,2308
2026-09-02 09:45:00,1775,1775,1765,1770,181,1791.51,2308
2026-09-02 09:50:00,1770,1775,1765,1770,177,1790.68,2308
2026-09-02 09:55:00,1770,1770,1760,1765,320,1789.01,2308
2026-09-02 10:00:00,1765,1765,1750,1755,680,1785.29,2308
2026-09-02 10:05:00,1755,1760,1750,1750,139,1784.56,2308
2026-09-02 10:10:00,1750,1770,1750,1760,275,1783.39,2308
2026-09-02 10:15:00,1765,1765,1760,1765,122,1783.01,2308
2026-09-02 10:20:00,1765,1765,1760,1760,49,1782.85,2308
2026-09-02 10:25:00,1765,1765,1760,1760,82,1782.6,2308
2026-09-02 10:30:00,1765,1765,1760,1760,107,1782.24,2308
2026-09-02 10:35:00,1760,1765,1750,1750,476,1780.47,2308
2026-09-02 10:40:00,1750,1755,1750,1750,235,1779.57,2308
2026-09-02 10:45:00,1760,1760,1750,1755,45,1779.42,2308
2026-09-02 10:50:00,1755,1765,1755,1760,169,1778.97,2308
2026-09-02 10:55:00,1755,1760,1755,1755,91,1778.7,2308
2026-09-02 11:00:00,1760,1760,1755,1755,51,1778.55,2308
2026-09-02 11:05:00,1755,1760,1755,1755,65,1778.36,2308
2026-09-02 11:10:00,1755,1760,1755,1755,41,1778.24,2308
2026-09-02 11:15:00,1760,1760,1755,1755,70,1778.04,2308
2026-09-02 11:20:00,1760,1760,1750,1750,303,1777.11,2308
2026-09-02 11:25:00,1755,1755,1750,1755,55,1776.93,2308
2026-09-02 11:30:00,1755,1755,1750,1755,151,1776.51,2308
2026-09-02 11:35:00,1755,1755,1750,1750,70,1776.32,2308
2026-09-02 11:40:00,1750,1755,1750,1755,131,1775.96,2308
2026-09-02 11:45:00,1760,1760,1750,1760,68,1775.8,2308
2026-09-02 11:50:00,1755,1760,1755,1755,72,1775.65,2308
2026-09-02 11:55:00,1755,1760,1750,1755,240,1775.01,2308
2026-09-02 12:00:00,1755,1755,1750,1750,86,1774.78,2308
2026-09-02 12:05:00,1750,1755,1750,1750,56,1774.63,2308
2026-09-02 12:10:00,1750,1750,1745,1745,516,1773.19,2308
2026-09-02 12:15:00,1750,1750,1745,1750,140,1772.78,2308
2026-09-02 12:20:00,1745,1750,1740,1740,205,1772.17,2308
2026-09-02 12:25:00,1740,1745,1740,1745,140,1771.77,2308
2026-09-02 12:30:00,1745,1750,1740,1745,164,1771.34,2308
2026-09-02 12:35:00,1745,1750,1745,1745,59,1771.19,2308
2026-09-02 12:40:00,1745,1750,1745,1745,87,1770.98,2308
2026-09-02 12:45:00,1750,1750,1740,1740,266,1770.33,2308
2026-09-02 12:50:00,1740,1745,1740,1740,88,1770.08,2308
2026-09-02 12:55:00,1740,1745,1740,1740,200,1769.54,2308
2026-09-02 13:00:00,1740,1745,1740,1745,123,1769.22,2308
2026-09-02 13:05:00,1745,1745,1740,1740,136,1768.88,2308
2026-09-02 13:10:00,1740,1745,1740,1740,314,1768.1,2308
2026-09-02 13:15:00,1740,1745,1735,1740,549,1766.76,2308
2026-09-02 13:20:00,1740,1740,1735,1735,267,1766.1,2308
2026-09-02 13:30:00,1730,1730,1730,1730,1033,1763.29,2308
2026-09-03 09:00:00,1735,1750,1725,1745,971,1737.74,2308
2026-09-03 09:05:00,1745,1755,1745,1750,338,1740.7,2308
2026-09-03 09:10:00,1750,1755,1745,1755,295,1742.66,2308
2026-09-03 09:15:00,1755,1765,1750,1750,377,1745.62,2308
2026-09-03 09:20:00,1750,1755,1740,1740,143,1745.65,2308
2026-09-03 09:25:00,1740,1750,1735,1750,220,1745.22,2308
2026-09-03 09:30:00,1755,1760,1750,1755,105,1745.61,2308
2026-09-03 09:35:00,1755,1760,1745,1745,148,1745.99,2308
2026-09-03 09:40:00,1745,1755,1740,1750,108,1746.02,2308
2026-09-03 09:45:00,1750,1770,1745,1765,368,1747.71,2308
2026-09-03 09:50:00,1765,1775,1760,1765,342,1749.82,2308
2026-09-03 09:55:00,1765,1770,1750,1750,139,1750.22,2308
2026-09-03 10:00:00,1755,1760,1750,1755,105,1750.34,2308
2026-09-03 10:05:00,1760,1770,1755,1770,169,1750.85,2308
2026-09-03 10:10:00,1770,1780,1765,1770,345,1752.68,2308
2026-09-03 10:15:00,1770,1775,1765,1775,116,1753.15,2308
2026-09-03 10:20:00,1775,1775,1770,1775,62,1753.43,2308
2026-09-03 10:25:00,1775,1790,1770,1785,515,1756.39,2308
2026-09-03 10:30:00,1785,1785,1780,1785,183,1757.35,2308
2026-09-03 10:35:00,1785,1785,1775,1775,94,1757.73,2308
2026-09-03 10:40:00,1775,1790,1775,1785,265,1759.03,2308
2026-09-03 10:45:00,1785,1785,1775,1775,91,1759.38,2308
2026-09-03 10:50:00,1775,1785,1775,1780,89,1759.7,2308
2026-09-03 10:55:00,1780,1785,1775,1780,99,1760.05,2308
2026-09-03 11:00:00,1775,1790,1775,1785,247,1761.12,2308
2026-09-03 11:05:00,1785,1795,1785,1795,179,1761.96,2308
2026-09-03 11:10:00,1790,1810,1790,1810,636,1765.5,2308
2026-09-03 11:15:00,1810,1810,1795,1795,191,1766.55,2308
2026-09-03 11:20:00,1800,1800,1790,1790,92,1766.94,2308
2026-09-03 11:25:00,1795,1795,1790,1790,41,1767.11,2308
2026-09-03 11:30:00,1795,1795,1785,1785,58,1767.29,2308
2026-09-03 11:35:00,1785,1795,1785,1795,99,1767.57,2308
2026-09-03 11:40:00,1790,1795,1790,1790,23,1767.65,2308
2026-09-03 11:45:00,1795,1795,1790,1790,37,1767.77,2308
2026-09-03 11:50:00,1795,1795,1785,1790,30,1767.86,2308
2026-09-03 11:55:00,1785,1790,1785,1790,29,1767.94,2308
2026-09-03 12:00:00,1790,1795,1785,1785,73,1768.15,2308
2026-09-03 12:05:00,1785,1795,1785,1790,70,1768.34,2308
2026-09-03 12:10:00,1795,1795,1785,1785,23,1768.41,2308
2026-09-03 12:15:00,1785,1790,1780,1785,119,1768.67,2308
2026-09-03 12:20:00,1785,1785,1780,1785,43,1768.76,2308
2026-09-03 12:25:00,1785,1790,1785,1785,65,1768.9,2308
2026-09-03 12:30:00,1785,1795,1780,1790,101,1769.15,2308
2026-09-03 12:35:00,1785,1790,1785,1790,48,1769.25,2308
2026-09-03 12:40:00,1790,1795,1785,1785,77,1769.44,2308
2026-09-03 12:45:00,1785,1790,1785,1785,53,1769.55,2308
2026-09-03 12:50:00,1785,1785,1785,1785,46,1769.64,2308
2026-09-03 12:55:00,1785,1785,1780,1780,56,1769.74,2308
2026-09-03 13:00:00,1780,1785,1775,1780,128,1769.85,2308
2026-09-03 13:05:00,1780,1785,1775,1780,156,1770.04,2308
2026-09-03 13:10:00,1775,1780,1770,1775,107,1770.07,2308
2026-09-03 13:15:00,1770,1775,1765,1770,191,1770.11,2308
2026-09-03 13:20:00,1770,1770,1760,1765,213,1769.95,2308
2026-09-03 13:30:00,1760,1760,1760,1760,766,1769.16,2308
2026-09-04 09:00:00,1810,1850,1810,1825,1417,1830.98,2308
2026-09-04 09:05:00,1825,1825,1800,1800,417,1827.26,2308
2026-09-04 09:10:00,1800,1815,1800,1800,232,1825.03,2308
2026-09-04 09:15:00,1800,1805,1795,1805,203,1822.77,2308
2026-09-04 09:20:00,1805,1815,1800,1810,243,1821.32,2308
2026-09-04 09:25:00,1810,1820,1810,1820,311,1820.73,2308
2026-09-04 09:30:00,1825,1840,1820,1825,742,1822.69,2308
2026-09-04 09:35:00,1825,1825,1805,1810,220,1822.32,2308
2026-09-04 09:40:00,1810,1815,1800,1805,180,1821.64,2308
2026-09-04 09:45:00,1805,1810,1795,1800,201,1820.76,2308
2026-09-04 09:50:00,1795,1810,1795,1810,190,1819.99,2308
2026-09-04 09:55:00,1810,1830,1810,1825,321,1820.09,2308
2026-09-04 10:00:00,1825,1830,1810,1815,128,1820.09,2308
2026-09-04 10:05:00,1810,1820,1810,1820,75,1820.01,2308
2026-09-04 10:10:00,1820,1820,1805,1810,87,1819.87,2308
2026-09-04 10:15:00,1810,1820,1810,1815,70,1819.81,2308
2026-09-04 10:20:00,1815,1815,1810,1815,22,1819.78,2308
2026-09-04 10:25:00,1815,1820,1815,1815,59,1819.73,2308
2026-09-04 10:30:00,1820,1820,1810,1810,43,1819.71,2308
2026-09-04 10:35:00,1810,1810,1805,1810,24,1819.65,2308
2026-09-04 10:40:00,1810,1810,1810,1810,114,1819.44,2308
2026-09-04 10:45:00,1810,1810,1810,1810,26,1819.4,2308
2026-09-04 10:50:00,1810,1815,1810,1815,21,1819.37,2308
2026-09-04 10:55:00,1815,1815,1815,1815,23,1819.35,2308
2026-09-04 11:00:00,1815,1815,1810,1815,15,1819.33,2308
2026-09-04 11:05:00,1815,1815,1815,1815,28,1819.31,2308
2026-09-04 11:10:00,1815,1815,1810,1810,11,1819.3,2308
2026-09-04 11:15:00,1815,1820,1815,1820,207,1819.26,2308
2026-09-04 11:20:00,1820,1820,1815,1815,60,1819.24,2308
2026-09-04 11:25:00,1815,1815,1815,1815,9,1819.23,2308
2026-09-04 11:30:00,1810,1815,1810,1815,11,1819.22,2308
2026-09-04 11:35:00,1810,1815,1810,1810,51,1819.14,2308
2026-09-04 11:40:00,1810,1810,1805,1805,8,1819.12,2308
2026-09-04 11:45:00,1805,1810,1805,1810,17,1819.08,2308
2026-09-04 11:50:00,1810,1810,1805,1805,12,1819.06,2308
2026-09-04 11:55:00,1805,1805,1795,1795,223,1818.36,2308
2026-09-04 12:00:00,1795,1800,1790,1795,111,1817.93,2308
2026-09-04 12:05:00,1800,1810,1795,1805,93,1817.7,2308
2026-09-04 12:10:00,1805,1810,1805,1810,10,1817.68,2308
2026-09-04 12:15:00,1805,1810,1805,1810,56,1817.61,2308
2026-09-04 12:20:00,1810,1815,1810,1815,88,1817.52,2308
2026-09-04 12:25:00,1810,1815,1810,1810,26,1817.49,2308
2026-09-04 12:30:00,1815,1815,1805,1805,60,1817.42,2308
2026-09-04 12:35:00,1805,1810,1805,1810,20,1817.39,2308
2026-09-04 12:40:00,1810,1810,1805,1805,46,1817.32,2308
2026-09-04 12:45:00,1810,1810,1805,1810,44,1817.25,2308
2026-09-04 12:50:00,1805,1810,1805,1805,82,1817.12,2308
2026-09-04 12:55:00,1810,1815,1805,1805,239,1816.84,2308
2026-09-04 13:00:00,1805,1820,1805,1815,212,1816.75,2308
2026-09-04 13:05:00,1820,1820,1815,1820,94,1816.77,2308
2026-09-04 13:10:00,1820,1820,1810,1810,134,1816.74,2308
2026-09-04 13:15:00,1815,1820,1810,1815,373,1816.65,2308
2026-09-04 13:20:00,1820,1825,1815,1820,255,1816.78,2308
2026-09-04 13:30:00,1825,1825,1825,1825,550,1817.31,2308
2026-09-07 09:00:00,1845,1885,1840,1875,1399,1863.27,2308
2026-09-07 09:05:00,1875,1875,1860,1860,329,1864.32,2308
2026-09-07 09:10:00,1860,1860,1840,1840,427,1861.62,2308
2026-09-07 09:15:00,1845,1845,1830,1840,203,1859.65,2308
2026-09-07 09:20:00,1840,1840,1825,1830,260,1857.02,2308
2026-09-07 09:25:00,1830,1835,1830,1835,42,1856.64,2308
2026-09-07 09:30:00,1835,1840,1830,1840,206,1855.15,2308
2026-09-07 09:35:00,1840,1855,1840,1855,260,1854.46,2308
2026-09-07 09:40:00,1855,1860,1850,1850,153,1854.46,2308
2026-09-07 09:45:00,1855,1860,1850,1860,146,1854.5,2308
2026-09-07 09:50:00,1855,1865,1855,1860,266,1854.9,2308
2026-09-07 09:55:00,1855,1865,1850,1855,130,1855.0,2308
2026-09-07 10:00:00,1855,1855,1850,1850,82,1854.92,2308
2026-09-07 10:05:00,1850,1865,1850,1865,124,1855.01,2308
2026-09-07 10:10:00,1865,1865,1850,1850,55,1855.07,2308
2026-09-07 10:15:00,1855,1860,1855,1855,36,1855.09,2308
2026-09-07 10:20:00,1860,1860,1850,1855,73,1855.11,2308
2026-09-07 10:25:00,1855,1855,1850,1855,44,1855.1,2308
2026-09-07 10:30:00,1855,1855,1850,1855,44,1855.06,2308
2026-09-07 10:35:00,1855,1860,1850,1855,54,1855.06,2308
2026-09-07 10:40:00,1860,1865,1855,1865,145,1855.23,2308
2026-09-07 10:45:00,1865,1865,1855,1855,61,1855.3,2308
2026-09-07 10:50:00,1855,1860,1855,1860,27,1855.31,2308
2026-09-07 10:55:00,1860,1860,1855,1855,56,1855.35,2308
2026-09-07 11:00:00,1855,1860,1850,1850,61,1855.34,2308
2026-09-07 11:05:00,1855,1855,1850,1855,69,1855.33,2308
2026-09-07 11:10:00,1855,1860,1855,1855,18,1855.33,2308
2026-09-07 11:15:00,1855,1860,1855,1855,37,1855.33,2308
2026-09-07 11:20:00,1855,1860,1855,1855,32,1855.34,2308
2026-09-07 11:25:00,1855,1860,1855,1855,19,1855.34,2308
2026-09-07 11:30:00,1860,1860,1850,1850,109,1855.33,2308
2026-09-07 11:35:00,1855,1855,1850,1850,38,1855.3,2308
2026-09-07 11:40:00,1850,1855,1850,1850,94,1855.2,2308
2026-09-07 11:45:00,1850,1855,1845,1850,71,1855.12,2308
2026-09-07 11:50:00,1850,1855,1845,1850,31,1855.09,2308
2026-09-07 11:55:00,1850,1850,1845,1845,65,1854.97,2308
2026-09-07 12:00:00,1845,1850,1845,1850,11,1854.95,2308
2026-09-07 12:05:00,1845,1850,1845,1850,12,1854.94,2308
2026-09-07 12:10:00,1850,1850,1845,1850,17,1854.91,2308
2026-09-07 12:15:00,1845,1850,1845,1850,13,1854.89,2308
2026-09-07 12:20:00,1850,1850,1845,1845,28,1854.85,2308
2026-09-07 12:25:00,1845,1850,1840,1840,90,1854.68,2308
2026-09-07 12:30:00,1840,1845,1840,1840,33,1854.6,2308
2026-09-07 12:35:00,1840,1845,1840,1845,52,1854.49,2308
2026-09-07 12:40:00,1845,1845,1840,1840,22,1854.45,2308
2026-09-07 12:45:00,1840,1845,1840,1845,26,1854.4,2308
2026-09-07 12:50:00,1845,1845,1845,1845,122,1854.2,2308
2026-09-07 12:55:00,1845,1845,1840,1845,51,1854.11,2308
2026-09-07 13:00:00,1845,1845,1840,1845,68,1854.0,2308
2026-09-07 13:05:00,1845,1845,1840,1845,46,1853.93,2308
2026-09-07 13:10:00,1845,1845,1840,1845,183,1853.54,2308
2026-09-07 13:15:00,1845,1845,1840,1840,79,1853.42,2308
2026-09-07 13:20:00,1845,1845,1840,1845,167,1853.12,2308
2026-09-07 13:30:00,1850,1850,1850,1850,641,1852.83,2308
2026-09-08 09:00:00,1860,1860,1835,1835,641,1853.24,2308
2026-09-08 09:05:00,1835,1840,1825,1840,310,1845.76,2308
2026-09-08 09:10:00,1840,1840,1830,1830,98,1844.71,2308
2026-09-08 09:15:00,1835,1840,1825,1830,171,1842.96,2308
2026-09-08 09:20:00,1830,1835,1825,1830,104,1841.91,2308
2026-09-08 09:25:00,1825,1830,1825,1825,18,1841.72,2308
2026-09-08 09:30:00,1825,1830,1815,1815,215,1838.98,2308
2026-09-08 09:35:00,1815,1825,1815,1820,33,1838.61,2308
2026-09-08 09:40:00,1825,1825,1820,1825,114,1837.64,2308
2026-09-08 09:45:00,1820,1825,1820,1820,64,1837.05,2308
2026-09-08 09:50:00,1820,1825,1810,1820,265,1834.24,2308
2026-09-08 09:55:00,1820,1830,1820,1830,84,1833.91,2308
2026-09-08 10:00:00,1835,1840,1825,1835,101,1833.92,2308
2026-09-08 10:05:00,1830,1830,1825,1825,43,1833.81,2308
2026-09-08 10:10:00,1820,1835,1820,1835,50,1833.7,2308
2026-09-08 10:15:00,1835,1840,1830,1830,80,1833.75,2308
2026-09-08 10:20:00,1830,1830,1825,1825,28,1833.7,2308
2026-09-08 10:25:00,1825,1830,1815,1815,90,1833.28,2308
2026-09-08 10:30:00,1815,1820,1815,1815,59,1832.87,2308
2026-09-08 10:35:00,1820,1820,1815,1820,23,1832.73,2308
2026-09-08 10:40:00,1820,1820,1815,1820,54,1832.45,2308
2026-09-08 10:45:00,1820,1825,1815,1825,29,1832.33,2308
2026-09-08 10:50:00,1825,1825,1815,1815,58,1832.04,2308
2026-09-08 10:55:00,1815,1820,1810,1810,82,1831.54,2308
2026-09-08 11:00:00,1815,1815,1810,1815,39,1831.31,2308
2026-09-08 11:05:00,1815,1815,1810,1815,19,1831.19,2308
2026-09-08 11:10:00,1815,1820,1810,1815,40,1830.97,2308
2026-09-08 11:15:00,1815,1820,1810,1820,63,1830.68,2308
2026-09-08 11:20:00,1820,1820,1815,1815,13,1830.62,2308
2026-09-08 11:25:00,1815,1815,1815,1815,4,1830.6,2308
2026-09-08 11:30:00,1820,1820,1810,1810,72,1830.21,2308
2026-09-08 11:35:00,1810,1815,1805,1805,131,1829.35,2308
2026-09-08 11:40:00,1805,1810,1800,1805,249,1827.62,2308
2026-09-08 11:45:00,1805,1810,1800,1800,173,1826.45,2308
2026-09-08 11:50:00,1800,1805,1795,1795,196,1825.1,2308
2026-09-08 11:55:00,1795,1800,1795,1800,121,1824.26,2308
2026-09-08 12:00:00,1800,1810,1800,1810,135,1823.5,2308
2026-09-08 12:05:00,1805,1810,1805,1810,7,1823.47,2308
2026-09-08 12:10:00,1810,1810,1805,1810,20,1823.39,2308
2026-09-08 12:15:00,1805,1810,1800,1805,61,1823.11,2308
2026-09-08 12:20:00,1805,1810,1805,1805,40,1822.94,2308
2026-09-08 12:25:00,1805,1810,1800,1805,49,1822.73,2308
2026-09-08 12:30:00,1805,1810,1805,1805,11,1822.69,2308
2026-09-08 12:35:00,1805,1810,1805,1810,50,1822.53,2308
2026-09-08 12:40:00,1810,1815,1810,1815,24,1822.46,2308
2026-09-08 12:45:00,1815,1815,1805,1810,40,1822.35,2308
2026-09-08 12:50:00,1810,1810,1805,1810,9,1822.32,2308
2026-09-08 12:55:00,1810,1810,1805,1810,27,1822.23,2308
2026-09-08 13:00:00,1805,1810,1805,1810,30,1822.14,2308
2026-09-08 13:05:00,1805,1810,1795,1795,211,1821.23,2308
2026-09-08 13:10:00,1795,1805,1795,1800,117,1820.69,2308
2026-09-08 13:15:00,1800,1805,1800,1800,52,1820.5,2308
2026-09-08 13:20:00,1805,1805,1800,1800,204,1819.81,2308
2026-09-08 13:30:00,1805,1805,1805,1805,759,1817.86,2308
2026-09-09 09:00:00,1780,1795,1780,1790,635,1786.16,2308
2026-09-09 09:05:00,1795,1810,1790,1800,580,1793.85,2308
2026-09-09 09:10:00,1800,1820,1800,1820,198,1796.58,2308
2026-09-09 09:15:00,1820,1845,1820,1845,427,1805.32,2308
2026-09-09 09:20:00,1845,1845,1835,1835,245,1809.4,2308
2026-09-09 09:25:00,1835,1855,1835,1845,538,1817.06,2308
2026-09-09 09:30:00,1840,1855,1840,1845,184,1819.04,2308
2026-09-09 09:35:00,1845,1845,1830,1835,148,1819.97,2308
2026-09-09 09:40:00,1835,1850,1835,1840,119,1820.85,2308
2026-09-09 09:45:00,1840,1850,1840,1845,132,1821.81,2308
2026-09-09 09:50:00,1845,1850,1835,1835,89,1822.28,2308
2026-09-09 09:55:00,1835,1835,1830,1830,92,1822.56,2308
2026-09-09 10:00:00,1835,1840,1830,1835,152,1823.06,2308
2026-09-09 10:05:00,1835,1835,1830,1835,68,1823.25,2308
2026-09-09 10:10:00,1830,1845,1830,1840,165,1823.91,2308
2026-09-09 10:15:00,1840,1845,1835,1835,99,1824.3,2308
2026-09-09 10:20:00,1835,1840,1835,1835,45,1824.42,2308
2026-09-09 10:25:00,1835,1840,1830,1835,58,1824.57,2308
2026-09-09 10:30:00,1835,1835,1830,1830,42,1824.65,2308
2026-09-09 10:35:00,1830,1835,1825,1825,116,1824.71,2308
2026-09-09 10:40:00,1825,1835,1825,1835,171,1824.84,2308
2026-09-09 10:45:00,1830,1830,1825,1825,91,1824.92,2308
2026-09-09 10:50:00,1825,1830,1825,1825,59,1824.93,2308
2026-09-09 10:55:00,1820,1825,1820,1820,44,1824.89,2308
2026-09-09 11:00:00,1820,1825,1810,1810,241,1824.47,2308
2026-09-09 11:05:00,1810,1810,1800,1805,143,1823.9,2308
2026-09-09 11:10:00,1805,1805,1800,1800,53,1823.68,2308
2026-09-09 11:15:00,1805,1815,1800,1810,134,1823.26,2308
2026-09-09 11:20:00,1810,1815,1810,1810,25,1823.2,2308
2026-09-09 11:25:00,1810,1815,1810,1810,29,1823.13,2308
2026-09-09 11:30:00,1810,1815,1805,1805,42,1823.02,2308
2026-09-09 11:35:00,1805,1810,1805,1805,26,1822.93,2308
2026-09-09 11:40:00,1805,1810,1800,1805,75,1822.67,2308
2026-09-09 11:45:00,1805,1805,1800,1800,55,1822.45,2308
2026-09-09 11:50:00,1800,1805,1800,1800,43,1822.28,2308
2026-09-09 11:55:00,1800,1805,1800,1800,25,1822.18,2308
2026-09-09 12:00:00,1800,1805,1800,1800,35,1822.05,2308
2026-09-09 12:05:00,1800,1805,1795,1795,88,1821.69,2308
2026-09-09 12:10:00,1795,1800,1790,1790,139,1820.97,2308
2026-09-09 12:15:00,1790,1790,1785,1790,158,1820.1,2308
2026-09-09 12:20:00,1790,1795,1785,1795,140,1819.44,2308
2026-09-09 12:25:00,1800,1805,1795,1795,108,1819.1,2308
2026-09-09 12:30:00,1800,1800,1795,1795,38,1818.96,2308
2026-09-09 12:35:00,1795,1805,1795,1805,71,1818.75,2308
2026-09-09 12:40:00,1800,1805,1800,1800,41,1818.64,2308
2026-09-09 12:45:00,1805,1805,1800,1800,46,1818.51,2308
2026-09-09 12:50:00,1800,1805,1800,1805,39,1818.42,2308
2026-09-09 12:55:00,1800,1805,1800,1805,49,1818.28,2308
2026-09-09 13:00:00,1805,1805,1800,1800,67,1818.1,2308
2026-09-09 13:05:00,1805,1805,1800,1805,56,1817.97,2308
2026-09-09 13:10:00,1805,1805,1795,1800,133,1817.58,2308
2026-09-09 13:15:00,1795,1805,1795,1805,205,1817.06,2308
2026-09-09 13:20:00,1800,1805,1795,1800,206,1816.52,2308
2026-09-09 13:30:00,1795,1795,1795,1795,454,1815.21,2308
2026-09-10 09:00:00,1775,1775,1720,1730,1329,1746.85,2308
2026-09-10 09:05:00,1730,1730,1695,1700,1647,1727.03,2308
2026-09-10 09:10:00,1700,1710,1700,1705,736,1722.67,2308
2026-09-10 09:15:00,1705,1710,1700,1710,281,1721.45,2308
2026-09-10 09:20:00,1705,1710,1690,1695,1106,1716.79,2308
2026-09-10 09:25:00,1695,1700,1690,1695,515,1714.76,2308
2026-09-10 09:30:00,1695,1700,1685,1690,545,1712.69,2308
2026-09-10 09:35:00,1685,1690,1680,1690,469,1710.67,2308
2026-09-10 09:40:00,1685,1695,1685,1685,282,1709.77,2308
2026-09-10 09:45:00,1690,1700,1685,1695,267,1708.99,2308
2026-09-10 09:50:00,1700,1705,1695,1705,156,1708.81,2308
2026-09-10 09:55:00,1705,1705,1690,1695,336,1708.33,2308
2026-09-10 10:00:00,1695,1695,1690,1690,146,1708.02,2308
2026-09-10 10:05:00,1690,1695,1685,1685,398,1707.17,2308
2026-09-10 10:10:00,1690,1690,1685,1685,106,1706.91,2308
2026-09-10 10:15:00,1690,1690,1685,1685,219,1706.37,2308
2026-09-10 10:20:00,1690,1690,1685,1690,172,1706.02,2308
2026-09-10 10:25:00,1690,1695,1685,1685,161,1705.72,2308
2026-09-10 10:30:00,1685,1690,1685,1690,141,1705.46,2308
2026-09-10 10:35:00,1685,1695,1685,1695,92,1705.32,2308
2026-09-10 10:40:00,1690,1700,1690,1695,173,1705.1,2308
2026-09-10 10:45:00,1690,1695,1690,1695,87,1704.99,2308
2026-09-10 10:50:00,1695,1695,1685,1685,254,1704.58,2308
2026-09-10 10:55:00,1685,1690,1685,1685,72,1704.45,2308
2026-09-10 11:00:00,1690,1690,1685,1690,70,1704.32,2308
2026-09-10 11:05:00,1690,1690,1685,1690,79,1704.18,2308
2026-09-10 11:10:00,1685,1695,1685,1690,399,1703.63,2308
2026-09-10 11:15:00,1690,1695,1685,1690,210,1703.35,2308
2026-09-10 11:20:00,1690,1695,1685,1690,155,1703.15,2308
2026-09-10 11:25:00,1690,1690,1685,1685,53,1703.07,2308
2026-09-10 11:30:00,1685,1690,1685,1685,135,1702.86,2308
2026-09-10 11:35:00,1685,1690,1685,1690,83,1702.73,2308
2026-09-10 11:40:00,1685,1690,1685,1685,122,1702.54,2308
2026-09-10 11:45:00,1685,1690,1680,1680,367,1701.98,2308
2026-09-10 11:50:00,1680,1685,1680,1685,167,1701.71,2308
2026-09-10 11:55:00,1685,1690,1680,1685,263,1701.32,2308
2026-09-10 12:00:00,1685,1690,1680,1685,81,1701.21,2308
2026-09-10 12:05:00,1685,1690,1680,1685,188,1700.94,2308
2026-09-10 12:10:00,1685,1690,1680,1680,172,1700.71,2308
2026-09-10 12:15:00,1685,1690,1680,1680,377,1700.12,2308
2026-09-10 12:20:00,1680,1685,1680,1680,140,1699.94,2308
2026-09-10 12:25:00,1680,1685,1680,1685,125,1699.76,2308
2026-09-10 12:30:00,1680,1685,1680,1685,99,1699.63,2308
2026-09-10 12:35:00,1685,1685,1680,1680,553,1698.83,2308
2026-09-10 12:40:00,1680,1685,1680,1685,93,1698.72,2308
2026-09-10 12:45:00,1680,1685,1680,1680,109,1698.58,2308
2026-09-10 12:50:00,1680,1685,1680,1685,503,1698.08,2308
2026-09-10 12:55:00,1685,1690,1680,1685,124,1697.96,2308
2026-09-10 13:00:00,1680,1690,1680,1680,190,1697.79,2308
2026-09-10 13:05:00,1685,1685,1680,1685,113,1697.66,2308
2026-09-10 13:10:00,1685,1685,1680,1680,201,1697.44,2308
2026-09-10 13:15:00,1685,1685,1680,1680,334,1697.11,2308
2026-09-10 13:20:00,1685,1685,1675,1680,652,1696.42,2308
2026-09-10 13:30:00,1675,1675,1675,1675,1251,1694.85,2308
2026-09-11 09:00:00,1595,1620,1595,1615,2843,1603.1,2308
2026-09-11 09:05:00,1615,1620,1595,1600,981,1603.22,2308
2026-09-11 09:10:00,1600,1610,1600,1610,427,1603.47,2308
2026-09-11 09:15:00,1610,1610,1605,1605,134,1603.57,2308
2026-09-11 09:20:00,1610,1615,1605,1605,354,1604.03,2308
2026-09-11 09:25:00,1605,1610,1600,1605,374,1604.12,2308
2026-09-11 09:30:00,1605,1610,1600,1605,419,1604.16,2308
2026-09-11 09:35:00,1600,1615,1600,1615,398,1604.44,2308
2026-09-11 09:40:00,1610,1615,1605,1605,150,1604.49,2308
2026-09-11 09:45:00,1605,1610,1600,1600,262,1604.42,2308
2026-09-11 09:50:00,1605,1610,1600,1610,240,1604.4,2308
2026-09-11 09:55:00,1605,1610,1605,1610,111,1604.44,2308
2026-09-11 10:00:00,1605,1610,1600,1600,202,1604.4,2308
2026-09-11 10:05:00,1600,1605,1600,1605,212,1604.31,2308
2026-09-11 10:10:00,1600,1610,1600,1610,437,1604.18,2308
2026-09-11 10:15:00,1610,1615,1605,1605,168,1604.29,2308
2026-09-11 10:20:00,1605,1610,1600,1605,94,1604.28,2308
2026-09-11 10:25:00,1600,1605,1600,1605,89,1604.24,2308
2026-09-11 10:30:00,1605,1605,1600,1600,81,1604.21,2308
2026-09-11 10:35:00,1600,1610,1600,1605,247,1604.23,2308
2026-09-11 10:40:00,1605,1610,1600,1600,134,1604.22,2308
2026-09-11 10:45:00,1600,1605,1600,1600,92,1604.18,2308
2026-09-11 10:50:00,1600,1605,1600,1600,108,1604.13,2308
2026-09-11 10:55:00,1600,1605,1600,1600,161,1604.06,2308
2026-09-11 11:00:00,1600,1610,1600,1610,276,1604.06,2308
2026-09-11 11:05:00,1605,1610,1605,1605,54,1604.07,2308
2026-09-11 11:10:00,1605,1610,1600,1605,118,1604.07,2308
2026-09-11 11:15:00,1600,1610,1600,1610,214,1604.07,2308
2026-09-11 11:20:00,1605,1610,1605,1605,40,1604.08,2308
2026-09-11 11:25:00,1605,1615,1605,1610,217,1604.21,2308
2026-09-11 11:30:00,1615,1615,1610,1610,51,1604.24,2308
2026-09-11 11:35:00,1610,1620,1610,1615,264,1604.51,2308
2026-09-11 11:40:00,1615,1620,1615,1615,47,1604.57,2308
2026-09-11 11:45:00,1615,1620,1615,1620,143,1604.72,2308
2026-09-11 11:50:00,1615,1625,1610,1620,276,1605.09,2308
2026-09-11 11:55:00,1620,1625,1620,1625,44,1605.16,2308
2026-09-11 12:00:00,1620,1635,1620,1635,235,1605.64,2308
2026-09-11 12:05:00,1635,1635,1625,1625,102,1605.86,2308
2026-09-11 12:10:00,1625,1635,1625,1630,172,1606.22,2308
2026-09-11 12:15:00,1630,1635,1625,1630,72,1606.37,2308
2026-09-11 12:20:00,1625,1630,1625,1625,56,1606.47,2308
2026-09-11 12:25:00,1625,1635,1625,1630,156,1606.8,2308
2026-09-11 12:30:00,1630,1635,1625,1630,101,1607.0,2308
2026-09-11 12:35:00,1625,1630,1625,1625,75,1607.14,2308
2026-09-11 12:40:00,1625,1630,1625,1625,46,1607.22,2308
2026-09-11 12:45:00,1625,1630,1625,1630,84,1607.35,2308
2026-09-11 12:50:00,1630,1630,1625,1630,123,1607.54,2308
2026-09-11 12:55:00,1625,1630,1620,1620,211,1607.84,2308
2026-09-11 13:00:00,1625,1625,1620,1620,113,1607.96,2308
2026-09-11 13:05:00,1620,1625,1620,1620,183,1608.15,2308
2026-09-11 13:10:00,1620,1625,1620,1620,112,1608.27,2308
2026-09-11 13:15:00,1625,1630,1620,1625,290,1608.66,2308
2026-09-11 13:20:00,1630,1630,1620,1625,276,1609.01,2308
2026-09-11 13:30:00,1620,1620,1620,1620,901,1609.73,2308
2026-09-14 09:00:00,1560,1610,1560,1610,1390,1580.46,2308
2026-09-14 09:05:00,1615,1620,1595,1600,359,1586.07,2308
2026-09-14 09:10:00,1600,1615,1600,1600,189,1588.07,2308
2026-09-14 09:15:00,1605,1605,1590,1600,287,1589.44,2308
2026-09-14 09:20:00,1600,1600,1590,1595,85,1589.75,2308
2026-09-14 09:25:00,1595,1605,1595,1595,75,1590.08,2308
2026-09-14 09:30:00,1600,1605,1590,1600,489,1591.22,2308
2026-09-14 09:35:00,1600,1605,1595,1600,114,1591.54,2308
2026-09-14 09:40:00,1600,1605,1595,1600,112,1591.92,2308
2026-09-14 09:45:00,1600,1610,1600,1610,69,1592.21,2308
2026-09-14 09:50:00,1610,1610,1605,1610,48,1592.45,2308
2026-09-14 09:55:00,1605,1615,1605,1610,176,1593.4,2308
2026-09-14 10:00:00,1615,1615,1600,1610,386,1594.48,2308
2026-09-14 10:05:00,1610,1610,1605,1610,105,1594.89,2308
2026-09-14 10:10:00,1610,1615,1610,1610,37,1595.04,2308
2026-09-14 10:15:00,1615,1615,1605,1610,46,1595.21,2308
2026-09-14 10:20:00,1610,1625,1610,1615,214,1596.4,2308
2026-09-14 10:25:00,1615,1615,1605,1610,137,1596.84,2308
2026-09-14 10:30:00,1610,1615,1605,1610,60,1597.01,2308
2026-09-14 10:35:00,1610,1615,1610,1610,54,1597.17,2308
2026-09-14 10:40:00,1610,1610,1605,1605,58,1597.32,2308
2026-09-14 10:45:00,1605,1615,1605,1610,57,1597.46,2308
2026-09-14 10:50:00,1610,1615,1605,1605,50,1597.55,2308
2026-09-14 10:55:00,1610,1610,1605,1605,52,1597.65,2308
2026-09-14 11:00:00,1605,1615,1605,1610,71,1597.82,2308
2026-09-14 11:05:00,1610,1630,1610,1630,192,1598.68,2308
2026-09-14 11:10:00,1625,1630,1610,1620,345,1600.12,2308
2026-09-14 11:15:00,1620,1625,1615,1625,109,1600.57,2308
2026-09-14 11:20:00,1625,1625,1620,1620,74,1600.87,2308
2026-09-14 11:25:00,1620,1625,1615,1620,52,1601.06,2308
2026-09-14 11:30:00,1620,1625,1615,1620,87,1601.33,2308
2026-09-14 11:35:00,1620,1620,1620,1620,82,1601.6,2308
2026-09-14 11:40:00,1620,1625,1615,1620,107,1601.93,2308
2026-09-14 11:45:00,1625,1630,1620,1630,88,1602.25,2308
2026-09-14 11:50:00,1625,1625,1620,1625,91,1602.58,2308
2026-09-14 11:55:00,1625,1625,1620,1620,73,1602.8,2308
2026-09-14 12:00:00,1620,1625,1615,1625,98,1603.07,2308
2026-09-14 12:05:00,1620,1630,1620,1625,102,1603.42,2308
2026-09-14 12:10:00,1620,1625,1620,1625,30,1603.52,2308
2026-09-14 12:15:00,1625,1630,1620,1620,66,1603.74,2308
2026-09-14 12:20:00,1620,1630,1620,1620,81,1604.0,2308
2026-09-14 12:25:00,1620,1630,1620,1625,52,1604.18,2308
2026-09-14 12:30:00,1625,1630,1620,1620,61,1604.35,2308
2026-09-14 12:35:00,1625,1625,1620,1620,16,1604.4,2308
2026-09-14 12:40:00,1620,1630,1620,1620,150,1604.85,2308
2026-09-14 12:45:00,1620,1630,1620,1625,54,1605.01,2308
2026-09-14 12:50:00,1625,1630,1625,1625,64,1605.21,2308
2026-09-14 12:55:00,1625,1625,1620,1620,90,1605.46,2308
2026-09-14 13:00:00,1620,1625,1620,1625,69,1605.63,2308
2026-09-14 13:05:00,1620,1625,1620,1620,62,1605.77,2308
2026-09-14 13:10:00,1620,1625,1620,1625,69,1605.93,2308
2026-09-14 13:15:00,1620,1625,1615,1620,213,1606.34,2308
2026-09-14 13:20:00,1615,1625,1610,1610,176,1606.61,2308
2026-09-14 13:30:00,1620,1620,1620,1620,463,1607.39,2308
2026-09-15 09:00:00,1590,1645,1585,1645,1715,1604.28,2308
2026-09-15 09:05:00,1645,1685,1640,1680,1241,1628.77,2308
2026-09-15 09:10:00,1680,1715,1675,1700,1320,1650.96,2308
2026-09-15 09:15:00,1700,1710,1685,1690,639,1657.01,2308
2026-09-15 09:20:00,1690,1705,1685,1695,520,1660.82,2308
2026-09-15 09:25:00,1695,1715,1695,1710,553,1665.08,2308
2026-09-15 09:30:00,1705,1715,1690,1690,443,1667.76,2308
2026-09-15 09:35:00,1690,1705,1680,1705,392,1669.12,2308
2026-09-15 09:40:00,1700,1705,1685,1690,200,1669.76,2308
2026-09-15 09:45:00,1690,1705,1690,1700,280,1670.82,2308
2026-09-15 09:50:00,1700,1700,1690,1700,269,1671.78,2308
2026-09-15 09:55:00,1695,1700,1690,1695,210,1672.45,2308
2026-09-15 10:00:00,1695,1710,1690,1710,373,1673.76,2308
2026-09-15 10:05:00,1710,1710,1700,1705,220,1674.6,2308
2026-09-15 10:10:00,1700,1710,1700,1705,90,1674.95,2308
2026-09-15 10:15:00,1710,1710,1705,1705,164,1675.58,2308
2026-09-15 10:20:00,1705,1715,1700,1705,411,1677.16,2308
2026-09-15 10:25:00,1710,1710,1700,1700,117,1677.52,2308
2026-09-15 10:30:00,1700,1710,1700,1710,120,1677.87,2308
2026-09-15 10:35:00,1705,1710,1700,1700,162,1678.32,2308
2026-09-15 10:40:00,1700,1705,1695,1705,66,1678.48,2308
2026-09-15 10:45:00,1705,1705,1700,1705,54,1678.63,2308
2026-09-15 10:50:00,1705,1705,1700,1705,64,1678.79,2308
2026-09-15 10:55:00,1705,1710,1700,1710,179,1679.28,2308
2026-09-15 11:00:00,1710,1715,1705,1715,194,1679.88,2308
2026-09-15 11:05:00,1715,1715,1710,1710,75,1680.13,2308
2026-09-15 11:10:00,1710,1715,1710,1710,79,1680.37,2308
2026-09-15 11:15:00,1710,1710,1700,1710,217,1680.93,2308
2026-09-15 11:20:00,1710,1710,1695,1700,259,1681.42,2308
2026-09-15 11:25:00,1695,1705,1695,1695,68,1681.53,2308
2026-09-15 11:30:00,1700,1700,1695,1695,43,1681.6,2308
2026-09-15 11:35:00,1695,1700,1695,1695,45,1681.66,2308
2026-09-15 11:40:00,1700,1700,1695,1700,69,1681.77,2308
2026-09-15 11:45:00,1700,1700,1695,1695,106,1681.94,2308
2026-09-15 11:50:00,1700,1700,1695,1700,35,1682.0,2308
2026-09-15 11:55:00,1695,1700,1690,1695,306,1682.35,2308
2026-09-15 12:00:00,1695,1700,1690,1695,59,1682.42,2308
2026-09-15 12:05:00,1700,1700,1695,1700,34,1682.47,2308
2026-09-15 12:10:00,1700,1700,1695,1695,72,1682.56,2308
2026-09-15 12:15:00,1700,1700,1695,1695,83,1682.66,2308
2026-09-15 12:20:00,1700,1700,1690,1690,184,1682.84,2308
2026-09-15 12:25:00,1690,1695,1685,1695,126,1682.93,2308
2026-09-15 12:30:00,1695,1695,1690,1690,65,1682.98,2308
2026-09-15 12:35:00,1690,1695,1680,1685,199,1683.03,2308
2026-09-15 12:40:00,1680,1690,1680,1685,124,1683.05,2308
2026-09-15 12:45:00,1685,1695,1685,1695,105,1683.11,2308
2026-09-15 12:50:00,1690,1695,1685,1690,46,1683.14,2308
2026-09-15 12:55:00,1685,1690,1680,1680,93,1683.15,2308
2026-09-15 13:00:00,1680,1685,1675,1680,204,1683.11,2308
2026-09-15 13:05:00,1680,1685,1675,1675,74,1683.09,2308
2026-09-15 13:10:00,1675,1680,1675,1675,104,1683.03,2308
2026-09-15 13:15:00,1680,1680,1670,1675,242,1682.9,2308
2026-09-15 13:20:00,1675,1685,1675,1680,238,1682.84,2308
2026-09-15 13:30:00,1670,1670,1670,1670,670,1682.23,2308
