date,open,high,low,close,volume,average,stock_code
2026-04-24 09:00:00,295.5,300.5,295.5,299.5,2426,297.82,2327
2026-04-24 09:05:00,299.5,299.5,295.5,296.0,1049,297.74,2327
2026-04-24 09:10:00,295.5,295.5,292.0,295.0,1650,296.43,2327
2026-04-24 09:15:00,295.0,298.0,295.0,298.0,854,296.52,2327
2026-04-24 09:20:00,298.0,300.0,296.0,298.5,1007,296.77,2327
2026-04-24 09:25:00,299.0,299.0,296.5,298.0,713,296.85,2327
2026-04-24 09:30:00,297.5,299.0,296.5,299.0,464,296.89,2327
2026-04-24 09:35:00,299.0,301.0,298.0,298.0,1591,297.36,2327
2026-04-24 09:40:00,298.5,299.0,297.5,297.5,280,297.38,2327
2026-04-24 09:45:00,298.0,301.0,297.5,301.0,1022,297.58,2327
2026-04-24 09:50:00,300.5,301.0,300.0,300.5,379,297.67,2327
2026-04-24 09:55:00,300.5,300.5,298.5,300.0,426,297.74,2327
2026-04-24 10:00:00,300.0,300.5,299.0,299.0,512,297.82,2327
2026-04-24 10:05:00,299.0,299.0,298.0,298.5,446,297.85,2327
2026-04-24 10:10:00,298.0,299.0,297.5,297.5,481,297.86,2327
2026-04-24 10:15:00,297.5,297.5,296.0,296.0,389,297.83,2327
2026-04-24 10:20:00,296.0,296.0,293.0,293.0,898,297.64,2327
2026-04-24 10:25:00,293.0,293.5,292.0,292.5,661,297.42,2327
2026-04-24 10:30:00,293.0,295.0,292.5,293.5,445,297.32,2327
2026-04-24 10:35:00,293.5,293.5,290.5,290.5,1176,296.93,2327
2026-04-24 10:40:00,290.5,293.5,290.0,293.0,748,296.68,2327
2026-04-24 10:45:00,293.0,294.0,292.5,293.0,241,296.64,2327
2026-04-24 10:50:00,292.5,294.5,292.0,294.0,367,296.57,2327
2026-04-24 10:55:00,294.0,295.5,294.0,295.0,339,296.53,2327
2026-04-24 11:00:00,295.0,295.5,294.5,295.0,179,296.52,2327
2026-04-24 11:05:00,295.0,295.0,293.5,293.5,420,296.47,2327
2026-04-24 11:10:00,293.5,294.5,293.5,294.5,281,296.44,2327
2026-04-24 11:15:00,294.5,296.0,294.0,296.0,347,296.41,2327
2026-04-24 11:20:00,296.0,297.0,295.5,295.5,521,296.41,2327
2026-04-24 11:25:00,296.0,296.0,295.5,295.5,101,296.41,2327
2026-04-24 11:30:00,295.5,296.5,295.5,296.5,256,296.41,2327
2026-04-24 11:35:00,296.5,298.0,296.0,298.0,913,296.43,2327
2026-04-24 11:40:00,298.0,298.5,296.5,296.5,438,296.45,2327
2026-04-24 11:45:00,296.5,297.5,296.5,297.0,237,296.46,2327
2026-04-24 11:50:00,297.0,298.0,297.0,297.5,250,296.47,2327
2026-04-24 11:55:00,297.5,298.0,296.5,296.5,280,296.48,2327
2026-04-24 12:00:00,296.5,296.5,295.5,295.5,256,296.47,2327
2026-04-24 12:05:00,295.5,297.0,295.5,297.0,352,296.47,2327
2026-04-24 12:10:00,297.0,297.5,296.5,297.5,222,296.47,2327
2026-04-24 12:15:00,297.5,297.5,297.0,297.0,148,296.47,2327
2026-04-24 12:20:00,297.0,297.5,297.0,297.0,206,296.48,2327
2026-04-24 12:25:00,297.0,297.5,297.0,297.5,323,296.49,2327
2026-04-24 12:30:00,297.5,297.5,296.0,296.0,555,296.5,2327
2026-04-24 12:35:00,296.0,296.5,295.0,296.0,683,296.47,2327
2026-04-24 12:40:00,296.0,296.0,295.0,295.5,499,296.46,2327
2026-04-24 12:45:00,295.0,297.0,295.0,296.0,610,296.45,2327
2026-04-24 12:50:00,296.5,296.5,295.0,295.5,377,296.43,2327
2026-04-24 12:55:00,295.5,296.5,295.0,296.0,576,296.42,2327
2026-04-24 13:00:00,295.5,298.0,295.5,298.0,670,296.43,2327
2026-04-24 13:05:00,298.0,298.5,297.0,297.5,466,296.46,2327
2026-04-24 13:10:00,297.5,297.5,297.0,297.0,224,296.46,2327
2026-04-24 13:15:00,297.0,298.0,297.0,297.5,564,296.48,2327
2026-04-24 13:20:00,298.0,298.0,297.5,298.0,637,296.51,2327
2026-04-24 13:30:00,297.0,297.0,297.0,297.0,1396,296.53,2327
2026-04-27 09:00:00,300.0,304.0,297.5,298.5,3376,300.97,2327
2026-04-27 09:05:00,299.0,300.5,295.0,298.5,2080,299.59,2327
2026-04-27 09:10:00,298.5,299.0,294.0,295.0,1097,299.07,2327
2026-04-27 09:15:00,295.0,299.0,292.5,298.5,1266,298.46,2327
2026-04-27 09:20:00,298.5,301.0,298.0,299.5,997,298.58,2327
2026-04-27 09:25:00,299.5,303.5,298.5,303.0,1890,299.07,2327
2026-04-27 09:30:00,303.0,307.0,303.0,307.0,2825,300.39,2327
2026-04-27 09:35:00,306.5,310.0,305.5,305.5,2997,301.78,2327
2026-04-27 09:40:00,305.5,306.0,302.0,302.5,1021,301.89,2327
2026-04-27 09:45:00,302.0,306.0,302.0,306.0,984,302.03,2327
2026-04-27 09:50:00,306.5,306.5,304.5,305.5,362,302.1,2327
2026-04-27 09:55:00,305.5,305.5,303.5,305.0,298,302.13,2327
2026-04-27 10:00:00,305.5,307.5,305.0,307.0,612,302.27,2327
2026-04-27 10:05:00,307.0,307.5,304.5,307.0,488,302.36,2327
2026-04-27 10:10:00,307.0,308.5,306.5,308.5,643,302.53,2327
2026-04-27 10:15:00,308.5,309.0,307.0,307.0,594,302.69,2327
2026-04-27 10:20:00,307.0,307.5,306.5,306.5,217,302.74,2327
2026-04-27 10:25:00,307.0,307.5,306.0,307.0,216,302.78,2327
2026-04-27 10:30:00,307.0,307.0,305.5,305.5,180,302.8,2327
2026-04-27 10:35:00,306.0,306.0,305.0,305.5,282,302.84,2327
2026-04-27 10:40:00,305.5,306.0,304.0,304.0,474,302.89,2327
2026-04-27 10:45:00,304.5,306.0,304.0,305.5,235,302.91,2327
2026-04-27 10:50:00,306.0,306.5,305.0,305.0,214,302.93,2327
2026-04-27 10:55:00,305.5,305.5,304.5,304.5,205,302.95,2327
2026-04-27 11:00:00,304.5,304.5,303.5,304.5,180,302.96,2327
2026-04-27 11:05:00,304.5,305.5,304.0,305.0,239,302.98,2327
2026-04-27 11:10:00,305.5,305.5,305.0,305.5,86,302.99,2327
2026-04-27 11:15:00,305.5,306.0,305.0,305.5,120,303.0,2327
2026-04-27 11:20:00,305.5,306.0,305.0,305.0,134,303.02,2327
2026-04-27 11:25:00,305.5,306.0,304.0,304.5,345,303.05,2327
2026-04-27 11:30:00,304.0,305.0,304.0,305.0,104,303.05,2327
2026-04-27 11:35:00,305.0,305.5,304.5,305.5,68,303.06,2327
2026-04-27 11:40:00,305.5,305.5,305.0,305.5,205,303.08,2327
2026-04-27 11:45:00,305.5,306.0,304.5,305.0,255,303.1,2327
2026-04-27 11:50:00,304.5,305.5,304.5,305.0,87,303.11,2327
2026-04-27 11:55:00,305.0,305.5,305.0,305.5,37,303.11,2327
2026-04-27 12:00:00,305.0,305.5,304.5,305.0,260,303.13,2327
2026-04-27 12:05:00,305.0,305.0,304.5,304.5,54,303.13,2327
2026-04-27 12:10:00,305.0,305.0,304.5,305.0,90,303.14,2327
2026-04-27 12:15:00,305.0,305.0,304.5,304.5,305,303.15,2327
2026-04-27 12:20:00,305.0,305.0,303.5,303.5,449,303.17,2327
2026-04-27 12:25:00,304.0,304.5,303.5,304.0,168,303.17,2327
2026-04-27 12:30:00,304.0,304.5,304.0,304.0,84,303.18,2327
2026-04-27 12:35:00,304.0,305.0,304.0,304.5,349,303.19,2327
2026-04-27 12:40:00,304.5,305.0,304.5,304.5,107,303.2,2327
2026-04-27 12:45:00,304.5,305.5,304.5,305.5,131,303.21,2327
2026-04-27 12:50:00,305.5,305.5,304.5,304.5,223,303.22,2327
2026-04-27 12:55:00,304.5,304.5,304.0,304.0,221,303.23,2327
2026-04-27 13:00:00,304.5,304.5,303.5,303.5,321,303.24,2327
2026-04-27 13:05:00,303.5,306.0,303.0,305.5,1143,303.29,2327
2026-04-27 13:10:00,305.5,306.0,305.0,305.5,457,303.33,2327
2026-04-27 13:15:00,305.0,306.0,305.0,305.5,434,303.36,2327
2026-04-27 13:20:00,305.5,306.5,305.5,306.0,724,303.42,2327
2026-04-27 13:30:00,305.0,305.0,305.0,305.0,1381,303.48,2327
2026-04-28 09:00:00,310.0,313.5,307.0,313.0,3037,310.28,2327
2026-04-28 09:05:00,313.0,316.5,311.5,315.0,3662,312.64,2327
2026-04-28 09:10:00,315.0,321.0,314.5,320.0,5174,315.36,2327
2026-04-28 09:15:00,320.0,329.0,320.0,327.5,5828,318.63,2327
2026-04-28 09:20:00,327.5,328.5,326.5,327.0,2172,319.63,2327
2026-04-28 09:25:00,327.5,327.5,323.5,324.0,2082,320.12,2327
2026-04-28 09:30:00,324.0,324.0,320.0,322.5,1530,320.22,2327
2026-04-28 09:35:00,322.5,326.5,322.5,326.0,1876,320.59,2327
2026-04-28 09:40:00,326.5,326.5,324.0,325.0,1036,320.77,2327
2026-04-28 09:45:00,324.5,326.0,324.0,324.5,887,320.92,2327
2026-04-28 09:50:00,325.0,325.5,321.0,321.0,1018,320.97,2327
2026-04-28 09:55:00,321.5,322.5,320.5,320.5,518,320.98,2327
2026-04-28 10:00:00,320.5,322.0,319.5,322.0,911,320.96,2327
2026-04-28 10:05:00,322.0,323.0,321.5,322.5,304,320.97,2327
2026-04-28 10:10:00,322.5,323.5,322.0,323.0,377,321.0,2327
2026-04-28 10:15:00,323.0,323.5,322.0,322.0,286,321.01,2327
2026-04-28 10:20:00,322.0,323.0,322.0,322.0,207,321.02,2327
2026-04-28 10:25:00,321.5,322.0,320.5,321.0,254,321.02,2327
2026-04-28 10:30:00,321.5,323.5,321.0,323.5,494,321.04,2327
2026-04-28 10:35:00,323.5,324.5,323.0,323.5,633,321.09,2327
2026-04-28 10:40:00,323.5,324.5,322.5,324.5,274,321.11,2327
2026-04-28 10:45:00,324.5,325.5,324.5,324.5,955,321.23,2327
2026-04-28 10:50:00,324.5,328.0,324.5,326.5,1677,321.48,2327
2026-04-28 10:55:00,326.5,327.0,325.5,326.5,529,321.55,2327
2026-04-28 11:00:00,326.5,326.5,325.5,325.5,216,321.58,2327
2026-04-28 11:05:00,325.5,325.5,324.5,324.5,334,321.61,2327
2026-04-28 11:10:00,324.5,325.5,324.5,325.0,169,321.63,2327
2026-04-28 11:15:00,325.5,325.5,325.0,325.5,180,321.65,2327
2026-04-28 11:20:00,325.5,326.0,325.0,325.5,215,321.67,2327
2026-04-28 11:25:00,325.5,326.0,325.5,325.5,157,321.69,2327
2026-04-28 11:30:00,325.5,326.0,325.0,325.5,170,321.7,2327
2026-04-28 11:35:00,325.5,326.0,325.0,325.5,152,321.72,2327
2026-04-28 11:40:00,325.5,326.0,324.0,324.0,374,321.75,2327
2026-04-28 11:45:00,324.0,324.5,323.5,324.0,154,321.76,2327
2026-04-28 11:50:00,323.5,324.0,322.5,322.5,231,321.77,2327
2026-04-28 11:55:00,322.5,323.0,322.0,323.0,178,321.77,2327
2026-04-28 12:00:00,323.0,323.5,322.0,322.0,204,321.78,2327
2026-04-28 12:05:00,322.0,323.0,322.0,323.0,141,321.78,2327
2026-04-28 12:10:00,323.0,324.0,322.5,323.5,96,321.78,2327
2026-04-28 12:15:00,324.0,324.5,323.5,324.5,160,321.79,2327
2026-04-28 12:20:00,324.5,325.5,324.0,325.5,746,321.86,2327
2026-04-28 12:25:00,325.5,325.5,325.0,325.5,259,321.88,2327
2026-04-28 12:30:00,325.5,326.0,325.0,326.0,793,321.95,2327
2026-04-28 12:35:00,326.0,326.5,325.5,326.5,1632,322.11,2327
2026-04-28 12:40:00,326.0,326.0,323.5,325.0,624,322.15,2327
2026-04-28 12:45:00,324.5,327.0,324.0,327.0,957,322.23,2327
2026-04-28 12:50:00,327.0,327.5,326.5,326.5,1110,322.35,2327
2026-04-28 12:55:00,327.0,327.0,326.5,327.0,152,322.37,2327
2026-04-28 13:00:00,327.0,327.5,326.5,327.5,614,322.43,2327
2026-04-28 13:05:00,327.5,327.5,327.0,327.0,606,322.49,2327
2026-04-28 13:10:00,327.0,327.0,326.5,326.5,440,322.53,2327
2026-04-28 13:15:00,326.5,327.0,326.0,326.5,523,322.57,2327
2026-04-28 13:20:00,326.0,326.5,326.0,326.5,541,322.61,2327
2026-04-28 13:30:00,326.5,326.5,326.5,326.5,1827,322.76,2327
2026-04-29 09:00:00,325.0,325.5,321.0,322.5,3071,323.35,2327
2026-04-29 09:05:00,323.0,323.0,317.5,318.0,2048,321.92,2327
2026-04-29 09:10:00,318.0,323.5,318.0,322.5,1090,321.75,2327
2026-04-29 09:15:00,323.0,324.0,322.0,323.5,871,321.92,2327
2026-04-29 09:20:00,323.5,325.0,320.0,320.5,895,322.06,2327
2026-04-29 09:25:00,320.0,322.5,320.0,322.0,381,322.04,2327
2026-04-29 09:30:00,322.5,324.5,322.0,324.5,471,322.14,2327
2026-04-29 09:35:00,324.5,325.0,322.5,323.5,657,322.29,2327
2026-04-29 09:40:00,323.5,324.5,322.0,322.0,366,322.33,2327
2026-04-29 09:45:00,322.0,322.5,321.0,322.5,403,322.31,2327
2026-04-29 09:50:00,322.5,324.5,321.5,324.5,381,322.33,2327
2026-04-29 09:55:00,324.5,326.5,324.0,326.5,1713,322.78,2327
2026-04-29 10:00:00,327.0,328.5,325.5,326.0,1752,323.36,2327
2026-04-29 10:05:00,325.5,326.0,324.0,324.0,564,323.43,2327
2026-04-29 10:10:00,324.0,324.0,322.5,323.0,458,323.42,2327
2026-04-29 10:15:00,322.5,325.0,322.5,324.5,420,323.44,2327
2026-04-29 10:20:00,324.0,325.5,323.5,323.5,331,323.46,2327
2026-04-29 10:25:00,324.0,325.5,324.0,324.0,278,323.48,2327
2026-04-29 10:30:00,324.0,324.5,323.5,323.5,197,323.49,2327
2026-04-29 10:35:00,323.5,324.0,323.0,323.5,174,323.49,2327
2026-04-29 10:40:00,323.5,323.5,322.0,322.0,319,323.48,2327
2026-04-29 10:45:00,322.0,324.0,322.0,323.0,331,323.46,2327
2026-04-29 10:50:00,323.0,325.0,323.0,323.5,317,323.47,2327
2026-04-29 10:55:00,323.0,324.5,323.0,324.0,226,323.48,2327
2026-04-29 11:00:00,324.0,324.5,323.0,323.5,224,323.47,2327
2026-04-29 11:05:00,323.5,324.5,322.0,323.5,786,323.44,2327
2026-04-29 11:10:00,323.5,324.0,322.5,322.5,254,323.44,2327
2026-04-29 11:15:00,323.0,323.5,321.5,322.0,265,323.42,2327
2026-04-29 11:20:00,322.0,322.0,321.0,321.5,314,323.39,2327
2026-04-29 11:25:00,321.0,321.5,320.5,320.5,280,323.36,2327
2026-04-29 11:30:00,321.0,322.0,320.5,321.0,265,323.33,2327
2026-04-29 11:35:00,321.0,322.0,320.5,321.0,228,323.3,2327
2026-04-29 11:40:00,321.0,322.0,320.5,320.5,353,323.26,2327
2026-04-29 11:45:00,320.5,322.0,320.5,321.5,347,323.23,2327
2026-04-29 11:50:00,321.5,322.0,321.0,321.0,211,323.21,2327
2026-04-29 11:55:00,321.0,323.5,321.0,323.5,276,323.2,2327
2026-04-29 12:00:00,323.5,324.5,322.0,322.0,363,323.2,2327
2026-04-29 12:05:00,322.5,323.0,322.0,322.0,200,323.19,2327
2026-04-29 12:10:00,322.0,323.0,322.0,322.0,191,323.19,2327
2026-04-29 12:15:00,322.5,323.0,321.5,322.0,194,323.18,2327
2026-04-29 12:20:00,322.0,323.0,321.5,321.5,256,323.16,2327
2026-04-29 12:25:00,321.5,322.0,321.0,321.5,272,323.14,2327
2026-04-29 12:30:00,321.5,322.5,321.5,322.5,189,323.14,2327
2026-04-29 12:35:00,322.0,323.0,322.0,323.0,112,323.13,2327
2026-04-29 12:40:00,322.5,323.0,322.5,323.0,143,323.13,2327
2026-04-29 12:45:00,323.0,323.0,322.5,323.0,105,323.13,2327
2026-04-29 12:50:00,323.0,323.0,322.5,323.0,128,323.13,2327
2026-04-29 12:55:00,323.0,323.0,322.5,323.0,141,323.13,2327
2026-04-29 13:00:00,323.0,323.0,321.5,322.0,517,323.11,2327
2026-04-29 13:05:00,322.0,322.0,321.0,322.0,445,323.08,2327
2026-04-29 13:10:00,321.5,322.0,321.5,322.0,237,323.07,2327
2026-04-29 13:15:00,321.5,322.0,321.5,322.0,279,323.05,2327
2026-04-29 13:20:00,322.0,322.0,321.5,322.0,634,323.02,2327
2026-04-29 13:30:00,322.0,322.0,322.0,322.0,1523,322.96,2327
2026-04-30 09:00:00,323.0,325.0,321.0,322.0,2096,322.95,2327
2026-04-30 09:05:00,322.5,322.5,318.0,319.0,1363,321.79,2327
2026-04-30 09:10:00,319.0,323.0,318.5,322.5,593,321.73,2327
2026-04-30 09:15:00,323.0,323.5,322.0,322.0,396,321.83,2327
2026-04-30 09:20:00,322.5,326.5,322.0,326.0,1559,322.58,2327
2026-04-30 09:25:00,325.5,326.5,325.0,325.5,549,322.84,2327
2026-04-30 09:30:00,325.5,330.0,324.5,329.0,3553,324.71,2327
2026-04-30 09:35:00,329.0,329.5,325.5,327.0,1252,325.02,2327
2026-04-30 09:40:00,327.0,328.0,326.5,327.5,351,325.08,2327
2026-04-30 09:45:00,328.0,329.0,327.5,328.0,716,325.26,2327
2026-04-30 09:50:00,327.5,333.0,327.5,331.5,4162,326.61,2327
2026-04-30 09:55:00,331.5,333.0,330.0,330.0,1403,327.0,2327
2026-04-30 10:00:00,330.0,330.5,328.0,328.5,481,327.05,2327
2026-04-30 10:05:00,328.5,328.5,326.5,327.5,635,327.06,2327
2026-04-30 10:10:00,327.5,327.5,326.0,326.0,408,327.05,2327
2026-04-30 10:15:00,326.0,327.0,326.0,326.0,194,327.05,2327
2026-04-30 10:20:00,326.5,326.5,323.5,324.5,962,326.94,2327
2026-04-30 10:25:00,324.5,326.0,324.5,325.5,305,326.92,2327
2026-04-30 10:30:00,325.0,325.5,323.5,324.5,313,326.88,2327
2026-04-30 10:35:00,324.5,325.5,324.0,325.0,271,326.85,2327
2026-04-30 10:40:00,325.0,325.5,324.0,324.5,106,326.84,2327
2026-04-30 10:45:00,324.5,324.5,323.0,323.5,274,326.8,2327
2026-04-30 10:50:00,323.5,323.5,322.0,323.0,635,326.69,2327
2026-04-30 10:55:00,322.5,323.0,321.0,321.5,575,326.57,2327
2026-04-30 11:00:00,322.0,322.0,321.5,322.0,202,326.53,2327
2026-04-30 11:05:00,322.5,323.0,321.5,322.0,279,326.48,2327
2026-04-30 11:10:00,322.5,323.0,322.0,322.5,91,326.46,2327
2026-04-30 11:15:00,323.0,323.0,321.5,321.5,263,326.41,2327
2026-04-30 11:20:00,322.0,323.0,321.5,322.5,74,326.4,2327
2026-04-30 11:25:00,322.5,323.0,322.0,322.5,90,326.38,2327
2026-04-30 11:30:00,322.5,322.5,321.5,322.0,196,326.35,2327
2026-04-30 11:35:00,322.0,322.0,320.5,321.0,509,326.24,2327
2026-04-30 11:40:00,321.0,321.0,320.0,321.0,237,326.19,2327
2026-04-30 11:45:00,321.0,321.5,320.5,321.5,102,326.17,2327
2026-04-30 11:50:00,321.5,321.5,320.5,321.5,173,326.13,2327
2026-04-30 11:55:00,321.5,321.5,320.0,320.5,247,326.08,2327
2026-04-30 12:00:00,320.5,321.0,320.0,320.5,156,326.05,2327
2026-04-30 12:05:00,320.5,320.5,320.0,320.5,111,326.02,2327
2026-04-30 12:10:00,320.5,320.5,319.5,319.5,704,325.86,2327
2026-04-30 12:15:00,319.5,320.0,318.0,318.5,750,325.67,2327
2026-04-30 12:20:00,318.0,319.0,317.0,318.5,1166,325.35,2327
2026-04-30 12:25:00,318.5,319.0,318.0,318.0,240,325.29,2327
2026-04-30 12:30:00,318.5,318.5,317.0,317.5,444,325.17,2327
2026-04-30 12:35:00,317.5,318.0,317.0,318.0,304,325.1,2327
2026-04-30 12:40:00,318.0,318.5,317.5,318.5,313,325.02,2327
2026-04-30 12:45:00,318.0,319.0,318.0,319.0,126,324.99,2327
2026-04-30 12:50:00,318.5,319.5,318.5,319.5,133,324.97,2327
2026-04-30 12:55:00,319.5,319.5,318.5,318.5,185,324.93,2327
2026-04-30 13:00:00,318.5,319.5,318.0,318.0,348,324.86,2327
2026-04-30 13:05:00,318.0,320.0,318.0,319.5,673,324.73,2327
2026-04-30 13:10:00,320.0,321.0,319.5,321.0,337,324.68,2327
2026-04-30 13:15:00,321.0,321.0,319.5,319.5,334,324.63,2327
2026-04-30 13:20:00,319.5,320.0,318.0,318.0,509,324.54,2327
2026-04-30 13:30:00,317.0,317.0,317.0,317.0,2077,324.09,2327
2026-05-04 09:00:00,327.0,327.0,318.5,319.5,2972,324.22,2327
2026-05-04 09:05:00,319.5,320.5,314.0,320.5,2585,320.65,2327
2026-05-04 09:10:00,320.5,322.0,320.0,320.5,988,320.71,2327
2026-05-04 09:15:00,321.0,322.0,316.5,317.5,1159,320.37,2327
2026-05-04 09:20:00,317.5,320.0,317.0,320.0,505,320.23,2327
2026-05-04 09:25:00,319.5,324.5,319.5,323.5,1232,320.57,2327
2026-05-04 09:30:00,323.5,329.0,323.5,328.5,2575,321.82,2327
2026-05-04 09:35:00,329.0,339.0,328.5,338.5,8112,326.34,2327
2026-05-04 09:40:00,339.0,343.0,336.5,343.0,4855,328.94,2327
2026-05-04 09:45:00,342.5,345.0,339.0,344.0,3427,330.65,2327
2026-05-04 09:50:00,344.0,345.0,340.0,340.0,1604,331.29,2327
2026-05-04 09:55:00,340.5,342.0,339.5,340.5,1597,331.76,2327
2026-05-04 10:00:00,340.5,341.0,337.0,338.0,943,331.96,2327
2026-05-04 10:05:00,338.5,338.5,335.0,335.5,1225,332.14,2327
2026-05-04 10:10:00,336.0,336.5,334.0,336.5,860,332.22,2327
2026-05-04 10:15:00,336.0,340.0,336.0,339.0,1051,332.41,2327
2026-05-04 10:20:00,339.0,339.5,337.5,339.0,482,332.49,2327
2026-05-04 10:25:00,339.0,339.0,337.5,338.0,359,332.55,2327
2026-05-04 10:30:00,337.5,339.5,336.0,339.0,739,332.65,2327
2026-05-04 10:35:00,339.0,339.5,338.0,338.5,222,332.69,2327
2026-05-04 10:40:00,338.0,339.0,338.0,339.0,333,332.74,2327
2026-05-04 10:45:00,339.0,341.5,339.0,341.5,1491,333.01,2327
2026-05-04 10:50:00,341.5,342.0,340.0,340.5,547,333.12,2327
2026-05-04 10:55:00,340.5,341.5,338.5,340.5,560,333.22,2327
2026-05-04 11:00:00,340.5,340.5,338.5,340.0,152,333.24,2327
2026-05-04 11:05:00,339.5,340.0,339.0,339.0,202,333.27,2327
2026-05-04 11:10:00,339.0,340.0,338.5,339.5,138,333.29,2327
2026-05-04 11:15:00,339.5,340.0,338.0,338.5,265,333.33,2327
2026-05-04 11:20:00,338.5,339.0,337.5,338.0,235,333.36,2327
2026-05-04 11:25:00,338.0,338.0,337.5,337.5,151,333.37,2327
2026-05-04 11:30:00,338.0,338.0,337.5,337.5,125,333.39,2327
2026-05-04 11:35:00,337.5,338.5,337.5,338.5,181,333.4,2327
2026-05-04 11:40:00,338.0,339.5,338.0,338.5,268,333.44,2327
2026-05-04 11:45:00,338.5,340.0,337.5,339.0,462,333.5,2327
2026-05-04 11:50:00,339.0,340.0,339.0,339.0,237,333.53,2327
2026-05-04 11:55:00,339.0,340.0,339.0,339.0,189,333.56,2327
2026-05-04 12:00:00,339.5,340.0,338.5,339.5,222,333.59,2327
2026-05-04 12:05:00,339.0,339.5,338.0,338.5,171,333.61,2327
2026-05-04 12:10:00,338.5,339.5,338.5,339.0,116,333.62,2327
2026-05-04 12:15:00,339.5,339.5,339.0,339.0,137,333.64,2327
2026-05-04 12:20:00,339.0,339.5,338.5,338.5,224,333.67,2327
2026-05-04 12:25:00,338.5,339.0,338.5,339.0,129,333.68,2327
2026-05-04 12:30:00,338.5,339.5,338.0,339.0,312,333.72,2327
2026-05-04 12:35:00,339.5,339.5,339.0,339.0,136,333.73,2327
2026-05-04 12:40:00,339.0,339.5,339.0,339.0,186,333.76,2327
2026-05-04 12:45:00,339.0,341.5,339.0,340.5,1654,333.99,2327
2026-05-04 12:50:00,341.0,341.0,340.5,341.0,220,334.02,2327
2026-05-04 12:55:00,341.0,343.0,340.5,342.0,1262,334.23,2327
2026-05-04 13:00:00,342.0,342.5,341.5,342.0,435,334.3,2327
2026-05-04 13:05:00,342.0,343.0,342.0,343.0,763,334.43,2327
2026-05-04 13:10:00,343.0,343.0,342.0,342.5,915,334.58,2327
2026-05-04 13:15:00,342.5,343.0,342.0,342.0,533,334.66,2327
2026-05-04 13:20:00,342.0,343.0,342.0,343.0,1431,334.88,2327
2026-05-04 13:30:00,342.5,342.5,342.5,342.5,1358,335.07,2327
2026-05-05 09:00:00,344.5,356.5,341.0,354.0,7399,349.37,2327
2026-05-05 09:05:00,354.5,356.0,351.5,356.0,3659,350.91,2327
2026-05-05 09:10:00,355.5,357.5,350.5,351.0,4137,352.13,2327
2026-05-05 09:15:00,351.5,355.0,351.5,353.0,1110,352.2,2327
2026-05-05 09:20:00,353.0,356.5,352.0,354.5,1779,352.46,2327
2026-05-05 09:25:00,354.5,354.5,350.0,350.0,1442,352.4,2327
2026-05-05 09:30:00,350.0,350.5,347.0,349.5,2687,351.92,2327
2026-05-05 09:35:00,350.0,353.0,349.5,352.0,1078,351.91,2327
2026-05-05 09:40:00,352.0,352.5,350.0,351.0,620,351.88,2327
2026-05-05 09:45:00,351.5,352.0,349.5,350.0,404,351.86,2327
2026-05-05 09:50:00,350.5,351.0,349.5,350.5,326,351.84,2327
2026-05-05 09:55:00,350.5,350.5,348.5,349.5,852,351.76,2327
2026-05-05 10:00:00,350.0,350.0,349.5,350.0,155,351.75,2327
2026-05-05 10:05:00,349.5,350.5,349.0,349.0,338,351.73,2327
2026-05-05 10:10:00,349.0,349.5,348.5,348.5,253,351.7,2327
2026-05-05 10:15:00,348.5,349.5,348.0,349.0,320,351.66,2327
2026-05-05 10:20:00,349.0,350.5,349.0,350.0,303,351.64,2327
2026-05-05 10:25:00,350.0,351.0,350.0,350.5,254,351.63,2327
2026-05-05 10:30:00,350.5,351.0,350.0,350.0,161,351.63,2327
2026-05-05 10:35:00,350.5,350.5,348.5,348.5,428,351.6,2327
2026-05-05 10:40:00,348.5,349.0,348.5,348.5,275,351.57,2327
2026-05-05 10:45:00,348.5,349.0,347.0,348.5,565,351.49,2327
2026-05-05 10:50:00,348.5,348.5,348.0,348.0,220,351.47,2327
2026-05-05 10:55:00,348.0,348.5,347.0,347.0,184,351.45,2327
2026-05-05 11:00:00,347.0,347.5,346.5,346.5,259,351.41,2327
2026-05-05 11:05:00,346.5,347.0,345.0,345.5,776,351.26,2327
2026-05-05 11:10:00,345.5,347.5,345.5,347.0,392,351.19,2327
2026-05-05 11:15:00,347.0,347.5,346.5,347.0,183,351.17,2327
2026-05-05 11:20:00,347.0,348.5,346.5,348.0,207,351.14,2327
2026-05-05 11:25:00,348.0,348.5,347.5,348.0,115,351.13,2327
2026-05-05 11:30:00,348.5,348.5,348.0,348.0,172,351.12,2327
2026-05-05 11:35:00,348.0,348.5,347.5,348.5,97,351.11,2327
2026-05-05 11:40:00,348.0,349.0,348.0,348.5,311,351.08,2327
2026-05-05 11:45:00,348.0,348.0,347.5,347.5,190,351.06,2327
2026-05-05 11:50:00,348.0,348.0,347.0,347.5,192,351.04,2327
2026-05-05 11:55:00,347.5,348.0,347.0,348.0,150,351.02,2327
2026-05-05 12:00:00,348.0,348.5,347.5,348.5,96,351.02,2327
2026-05-05 12:05:00,348.5,348.5,348.0,348.5,38,351.01,2327
2026-05-05 12:10:00,348.0,348.0,347.5,347.5,158,351.0,2327
2026-05-05 12:15:00,348.0,348.5,347.5,348.0,109,350.99,2327
2026-05-05 12:20:00,348.0,348.5,348.0,348.0,85,350.98,2327
2026-05-05 12:25:00,348.5,348.5,347.5,348.0,221,350.96,2327
2026-05-05 12:30:00,347.5,348.5,347.5,348.5,281,350.94,2327
2026-05-05 12:35:00,348.5,349.0,348.0,349.0,283,350.92,2327
2026-05-05 12:40:00,349.5,349.5,348.5,349.0,224,350.9,2327
2026-05-05 12:45:00,348.5,351.0,348.5,351.0,928,350.88,2327
2026-05-05 12:50:00,351.0,351.0,350.5,351.0,314,350.88,2327
2026-05-05 12:55:00,350.5,351.0,350.5,351.0,194,350.88,2327
2026-05-05 13:00:00,350.5,351.0,350.0,350.5,308,350.87,2327
2026-05-05 13:05:00,350.0,350.5,349.5,349.5,396,350.86,2327
2026-05-05 13:10:00,350.0,350.0,349.0,349.0,498,350.84,2327
2026-05-05 13:15:00,349.0,349.5,349.0,349.5,272,350.83,2327
2026-05-05 13:20:00,349.0,349.5,348.0,349.0,864,350.78,2327
2026-05-05 13:30:00,348.5,348.5,348.5,348.5,1631,350.68,2327
2026-05-06 09:00:00,360.0,361.5,351.0,354.0,3887,357.09,2327
2026-05-06 09:05:00,354.0,357.0,352.5,353.5,1415,356.39,2327
2026-05-06 09:10:00,353.5,360.5,352.5,359.0,2347,356.8,2327
2026-05-06 09:15:00,359.0,359.0,357.0,357.0,971,356.97,2327
2026-05-06 09:20:00,357.5,359.0,355.5,355.5,887,357.01,2327
2026-05-06 09:25:00,355.5,357.5,353.0,356.0,1116,356.8,2327
2026-05-06 09:30:00,356.0,356.5,354.5,356.0,797,356.7,2327
2026-05-06 09:35:00,356.0,356.5,351.5,352.5,1364,356.36,2327
2026-05-06 09:40:00,353.0,353.0,349.0,349.0,2038,355.63,2327
2026-05-06 09:45:00,349.0,350.0,342.0,342.0,2645,354.09,2327
2026-05-06 09:50:00,342.0,344.5,335.0,337.0,3491,351.58,2327
2026-05-06 09:55:00,337.5,341.0,337.0,340.5,1770,350.61,2327
2026-05-06 10:00:00,340.0,341.0,334.0,334.5,1946,349.51,2327
2026-05-06 10:05:00,334.0,338.5,331.0,335.5,1861,348.45,2327
2026-05-06 10:10:00,335.5,341.0,335.5,338.0,855,348.14,2327
2026-05-06 10:15:00,338.0,339.5,337.0,339.5,470,347.97,2327
2026-05-06 10:20:00,339.5,339.5,337.5,337.5,387,347.84,2327
2026-05-06 10:25:00,338.0,338.0,335.0,336.0,709,347.55,2327
2026-05-06 10:30:00,336.0,338.0,334.0,337.0,596,347.32,2327
2026-05-06 10:35:00,337.0,337.0,334.5,335.5,457,347.14,2327
2026-05-06 10:40:00,336.0,336.0,334.0,335.0,421,346.97,2327
2026-05-06 10:45:00,335.5,339.0,335.0,339.0,390,346.84,2327
2026-05-06 10:50:00,338.5,338.5,336.5,337.0,289,346.75,2327
2026-05-06 10:55:00,336.5,337.5,335.5,336.0,376,346.63,2327
2026-05-06 11:00:00,336.0,336.0,334.5,335.5,333,346.51,2327
2026-05-06 11:05:00,335.5,339.0,335.5,339.0,392,346.4,2327
2026-05-06 11:10:00,338.5,339.5,338.0,338.5,218,346.35,2327
2026-05-06 11:15:00,339.0,341.0,338.5,341.0,703,346.22,2327
2026-05-06 11:20:00,341.0,341.0,338.5,339.5,453,346.14,2327
2026-05-06 11:25:00,339.5,341.0,339.0,341.0,208,346.1,2327
2026-05-06 11:30:00,341.0,341.5,339.5,340.0,289,346.05,2327
2026-05-06 11:35:00,340.0,340.5,339.5,340.0,150,346.02,2327
2026-05-06 11:40:00,340.0,340.0,337.5,338.0,392,345.94,2327
2026-05-06 11:45:00,338.0,340.5,338.0,339.5,205,345.9,2327
2026-05-06 11:50:00,340.0,340.5,339.0,340.0,170,345.87,2327
2026-05-06 11:55:00,340.0,340.5,339.0,339.5,240,345.83,2327
2026-05-06 12:00:00,339.0,339.5,338.0,338.5,197,345.79,2327
2026-05-06 12:05:00,338.5,339.5,338.0,339.5,215,345.75,2327
2026-05-06 12:10:00,339.0,339.5,338.5,339.0,119,345.72,2327
2026-05-06 12:15:00,339.0,340.5,339.0,340.0,228,345.69,2327
2026-05-06 12:20:00,340.0,340.5,338.5,339.0,319,345.63,2327
2026-05-06 12:25:00,339.0,340.0,338.5,339.5,136,345.61,2327
2026-05-06 12:30:00,339.5,340.0,339.0,340.0,179,345.58,2327
2026-05-06 12:35:00,340.0,340.0,339.0,339.5,159,345.56,2327
2026-05-06 12:40:00,340.0,340.0,339.0,339.0,222,345.52,2327
2026-05-06 12:45:00,339.5,340.0,339.0,339.5,182,345.49,2327
2026-05-06 12:50:00,339.5,340.0,339.5,339.5,183,345.46,2327
2026-05-06 12:55:00,339.5,340.0,339.5,339.5,176,345.44,2327
2026-05-06 13:00:00,340.0,340.0,338.5,339.5,1023,345.27,2327
2026-05-06 13:05:00,339.0,340.5,339.0,340.0,547,345.2,2327
2026-05-06 13:10:00,340.5,340.5,340.0,340.5,381,345.15,2327
2026-05-06 13:15:00,340.5,340.5,339.5,339.5,760,345.05,2327
2026-05-06 13:20:00,340.0,340.0,338.5,338.5,857,344.93,2327
2026-05-06 13:30:00,338.0,338.0,338.0,338.0,1962,344.62,2327
2026-05-07 09:00:00,345.5,345.5,338.0,338.5,2677,341.97,2327
2026-05-07 09:05:00,338.5,343.0,337.5,342.5,1274,341.46,2327
2026-05-07 09:10:00,342.5,350.0,341.5,349.5,2929,343.81,2327
2026-05-07 09:15:00,349.5,351.5,349.0,351.0,2646,345.68,2327
2026-05-07 09:20:00,351.0,358.0,350.5,357.5,4913,348.63,2327
2026-05-07 09:25:00,357.0,364.0,357.0,359.0,6461,352.42,2327
2026-05-07 09:30:00,359.0,362.0,355.5,360.5,2239,353.03,2327
2026-05-07 09:35:00,361.0,362.0,358.5,361.0,1927,353.57,2327
2026-05-07 09:40:00,361.0,367.0,361.0,366.5,4362,355.15,2327
2026-05-07 09:45:00,366.5,369.5,366.5,369.0,2928,356.33,2327
2026-05-07 09:50:00,369.0,371.5,367.5,371.5,11155,360.12,2327
2026-05-07 09:55:00,371.5,371.5,371.5,371.5,971,360.37,2327
2026-05-07 10:00:00,371.5,371.5,371.5,371.5,918,360.6,2327
2026-05-07 10:05:00,371.5,371.5,371.5,371.5,818,360.79,2327
2026-05-07 10:10:00,371.5,371.5,371.5,371.5,739,360.96,2327
2026-05-07 10:15:00,371.5,371.5,371.5,371.5,401,361.05,2327
2026-05-07 10:20:00,371.5,371.5,371.5,371.5,197,361.09,2327
2026-05-07 10:25:00,371.5,371.5,371.5,371.5,147,361.12,2327
2026-05-07 10:30:00,371.5,371.5,371.5,371.5,300,361.19,2327
2026-05-07 10:35:00,371.5,371.5,371.5,371.5,177,361.22,2327
2026-05-07 10:40:00,371.5,371.5,371.5,371.5,114,361.25,2327
2026-05-07 10:45:00,371.5,371.5,371.5,371.5,105,361.27,2327
2026-05-07 10:50:00,371.5,371.5,371.5,371.5,183,361.31,2327
2026-05-07 10:55:00,371.5,371.5,371.5,371.5,94,361.33,2327
2026-05-07 11:00:00,371.5,371.5,371.5,371.5,95,361.35,2327
2026-05-07 11:05:00,371.5,371.5,371.5,371.5,48,361.36,2327
2026-05-07 11:10:00,371.5,371.5,371.5,371.5,149,361.39,2327
2026-05-07 11:15:00,371.5,371.5,371.5,371.5,220,361.44,2327
2026-05-07 11:20:00,371.5,371.5,371.5,371.5,67,361.45,2327
2026-05-07 11:25:00,371.5,371.5,371.5,371.5,77,361.46,2327
2026-05-07 11:30:00,371.5,371.5,371.5,371.5,60,361.48,2327
2026-05-07 11:35:00,371.5,371.5,371.5,371.5,75,361.49,2327
2026-05-07 11:40:00,371.5,371.5,371.5,371.5,57,361.5,2327
2026-05-07 11:45:00,371.5,371.5,371.5,371.5,29,361.51,2327
2026-05-07 11:50:00,371.5,371.5,371.5,371.5,84,361.53,2327
2026-05-07 11:55:00,371.5,371.5,371.5,371.5,21,361.53,2327
2026-05-07 12:00:00,371.5,371.5,371.5,371.5,34,361.54,2327
2026-05-07 12:05:00,371.5,371.5,371.5,371.5,66,361.55,2327
2026-05-07 12:10:00,371.5,371.5,371.5,371.5,53,361.56,2327
2026-05-07 12:15:00,371.5,371.5,371.5,371.5,65,361.57,2327
2026-05-07 12:20:00,371.5,371.5,371.5,371.5,327,361.64,2327
2026-05-07 12:25:00,371.5,371.5,371.5,371.5,62,361.65,2327
2026-05-07 12:30:00,371.5,371.5,371.5,371.5,76,361.67,2327
2026-05-07 12:35:00,371.5,371.5,371.5,371.5,72,361.68,2327
2026-05-07 12:40:00,371.5,371.5,371.5,371.5,67,361.69,2327
2026-05-07 12:45:00,371.5,371.5,371.5,371.5,56,361.7,2327
2026-05-07 12:50:00,371.5,371.5,371.5,371.5,54,361.71,2327
2026-05-07 12:55:00,371.5,371.5,371.5,371.5,55,361.72,2327
2026-05-07 13:00:00,371.5,371.5,371.5,371.5,65,361.74,2327
2026-05-07 13:05:00,371.5,371.5,371.5,371.5,78,361.75,2327
2026-05-07 13:10:00,371.5,371.5,371.5,371.5,54,361.76,2327
2026-05-07 13:15:00,371.5,371.5,371.5,371.5,288,361.82,2327
2026-05-07 13:20:00,371.5,371.5,371.5,371.5,175,361.85,2327
2026-05-07 13:30:00,371.5,371.5,371.5,371.5,201,361.89,2327
2026-05-08 09:00:00,390.0,394.5,376.5,376.5,9393,385.69,2327
2026-05-08 09:05:00,377.0,379.5,369.5,377.0,5429,381.75,2327
2026-05-08 09:10:00,377.0,382.0,375.0,381.5,4113,381.17,2327
2026-05-08 09:15:00,381.5,387.5,381.0,384.5,3900,381.78,2327
2026-05-08 09:20:00,385.0,395.0,384.0,392.5,7171,383.97,2327
2026-05-08 09:25:00,392.0,392.5,386.0,389.5,3136,384.39,2327
2026-05-08 09:30:00,389.5,391.5,387.0,388.0,1827,384.66,2327
2026-05-08 09:35:00,388.0,390.5,386.5,390.5,1645,384.83,2327
2026-05-08 09:40:00,390.5,393.0,388.5,392.5,3209,385.36,2327
2026-05-08 09:45:00,392.0,397.0,390.5,395.0,3798,386.15,2327
2026-05-08 09:50:00,395.0,400.0,394.0,396.5,6618,387.7,2327
2026-05-08 09:55:00,396.0,398.0,389.0,390.5,3734,388.11,2327
2026-05-08 10:00:00,391.0,397.5,390.0,394.0,1837,388.32,2327
2026-05-08 10:05:00,394.0,396.5,391.5,392.5,1496,388.46,2327
2026-05-08 10:10:00,392.5,393.0,384.5,390.0,3788,388.43,2327
2026-05-08 10:15:00,390.0,390.0,380.0,381.0,3728,388.23,2327
2026-05-08 10:20:00,381.5,385.5,377.0,385.5,3667,387.84,2327
2026-05-08 10:25:00,385.0,388.0,381.5,387.0,1924,387.78,2327
2026-05-08 10:30:00,387.0,395.0,386.5,395.0,3182,387.89,2327
2026-05-08 10:35:00,395.0,395.0,389.0,389.5,1350,387.96,2327
2026-05-08 10:40:00,390.0,394.5,389.0,392.5,906,388.02,2327
2026-05-08 10:45:00,392.5,393.0,389.5,390.5,583,388.04,2327
2026-05-08 10:50:00,391.0,392.0,388.0,390.0,553,388.05,2327
2026-05-08 10:55:00,390.5,391.0,388.0,388.5,468,388.07,2327
2026-05-08 11:00:00,388.5,392.5,388.0,392.0,828,388.1,2327
2026-05-08 11:05:00,392.0,392.0,390.0,390.0,292,388.11,2327
2026-05-08 11:10:00,390.5,391.0,389.5,390.5,348,388.12,2327
2026-05-08 11:15:00,390.5,391.0,389.5,389.5,367,388.13,2327
2026-05-08 11:20:00,389.5,390.0,388.0,389.5,424,388.13,2327
2026-05-08 11:25:00,389.0,389.5,388.5,388.5,196,388.13,2327
2026-05-08 11:30:00,389.0,391.5,388.5,390.5,558,388.15,2327
2026-05-08 11:35:00,390.5,390.5,389.5,390.0,247,388.15,2327
2026-05-08 11:40:00,389.5,391.0,389.0,390.0,245,388.16,2327
2026-05-08 11:45:00,390.5,390.5,387.0,387.5,562,388.16,2327
2026-05-08 11:50:00,387.0,388.0,385.5,388.0,562,388.15,2327
2026-05-08 11:55:00,388.0,388.5,387.5,388.5,165,388.15,2327
2026-05-08 12:00:00,388.0,388.5,385.5,386.0,328,388.15,2327
2026-05-08 12:05:00,385.5,386.5,385.0,386.5,442,388.13,2327
2026-05-08 12:10:00,386.5,386.5,382.0,383.0,875,388.08,2327
2026-05-08 12:15:00,383.5,386.0,383.0,385.5,283,388.07,2327
2026-05-08 12:20:00,385.5,387.0,385.5,386.5,289,388.07,2327
2026-05-08 12:25:00,386.5,387.0,385.5,386.5,278,388.06,2327
2026-05-08 12:30:00,386.5,386.5,384.0,384.5,416,388.05,2327
2026-05-08 12:35:00,384.5,384.5,383.5,383.5,177,388.04,2327
2026-05-08 12:40:00,384.0,384.5,382.0,384.0,513,388.01,2327
2026-05-08 12:45:00,383.5,384.0,383.0,383.0,342,387.99,2327
2026-05-08 12:50:00,383.0,385.0,383.0,384.5,504,387.97,2327
2026-05-08 12:55:00,384.5,385.0,384.0,384.5,178,387.96,2327
2026-05-08 13:00:00,384.5,387.0,384.5,387.0,695,387.95,2327
2026-05-08 13:05:00,387.0,387.0,385.5,387.0,706,387.93,2327
2026-05-08 13:10:00,386.5,387.0,385.5,386.0,489,387.92,2327
2026-05-08 13:15:00,386.0,386.5,385.5,385.5,851,387.91,2327
2026-05-08 13:20:00,386.0,391.5,385.5,388.5,2309,387.92,2327
2026-05-08 13:30:00,389.0,389.0,389.0,389.0,2868,387.95,2327
2026-05-11 09:00:00,394.5,394.5,378.5,379.5,5408,386.27,2327
2026-05-11 09:05:00,379.5,383.0,370.0,374.0,4909,381.24,2327
2026-05-11 09:10:00,374.0,384.5,374.0,384.0,2912,380.92,2327
2026-05-11 09:15:00,384.0,386.0,378.5,386.0,2289,381.12,2327
2026-05-11 09:20:00,386.0,391.0,385.0,388.5,2954,382.24,2327
2026-05-11 09:25:00,388.0,396.0,388.0,393.0,4603,384.52,2327
2026-05-11 09:30:00,393.5,398.0,391.5,395.5,2872,385.66,2327
2026-05-11 09:35:00,395.0,396.0,392.0,393.0,1331,386.05,2327
2026-05-11 09:40:00,392.5,394.0,389.0,389.0,1721,386.34,2327
2026-05-11 09:45:00,389.5,394.0,387.0,391.5,922,386.46,2327
2026-05-11 09:50:00,392.0,395.0,390.5,394.5,762,386.62,2327
2026-05-11 09:55:00,395.0,397.0,394.5,395.5,1619,387.09,2327
2026-05-11 10:00:00,395.5,397.5,393.0,397.0,1050,387.35,2327
2026-05-11 10:05:00,397.0,397.5,395.0,396.0,575,387.5,2327
2026-05-11 10:10:00,396.0,397.0,395.0,396.5,538,387.64,2327
2026-05-11 10:15:00,396.5,397.0,395.0,395.0,517,387.77,2327
2026-05-11 10:20:00,395.0,395.0,393.0,394.5,855,387.92,2327
2026-05-11 10:25:00,394.5,397.0,394.5,396.5,422,388.01,2327
2026-05-11 10:30:00,396.0,396.5,394.5,394.5,316,388.07,2327
2026-05-11 10:35:00,394.5,396.0,393.5,396.0,383,388.14,2327
2026-05-11 10:40:00,395.5,396.0,394.5,394.5,220,388.18,2327
2026-05-11 10:45:00,394.5,396.0,394.0,395.0,329,388.24,2327
2026-05-11 10:50:00,394.5,395.5,394.5,395.0,199,388.28,2327
2026-05-11 10:55:00,395.5,397.5,395.0,397.5,919,388.48,2327
2026-05-11 11:00:00,397.0,398.5,395.5,395.5,1081,388.73,2327
2026-05-11 11:05:00,395.5,396.5,395.0,396.5,144,388.75,2327
2026-05-11 11:10:00,396.0,396.5,395.5,396.0,135,388.78,2327
2026-05-11 11:15:00,396.0,397.0,396.0,397.0,156,388.81,2327
2026-05-11 11:20:00,397.0,397.0,395.0,395.5,170,388.84,2327
2026-05-11 11:25:00,395.0,396.5,395.0,396.5,155,388.86,2327
2026-05-11 11:30:00,396.5,396.5,395.5,396.0,132,388.89,2327
2026-05-11 11:35:00,396.0,396.0,395.5,396.0,126,388.91,2327
2026-05-11 11:40:00,395.5,396.0,395.0,395.5,230,388.95,2327
2026-05-11 11:45:00,395.5,396.0,395.0,395.0,106,388.96,2327
2026-05-11 11:50:00,395.5,395.5,395.0,395.5,117,388.98,2327
2026-05-11 11:55:00,395.5,395.5,394.5,395.0,408,389.04,2327
2026-05-11 12:00:00,395.0,395.5,394.0,394.5,863,389.16,2327
2026-05-11 12:05:00,394.5,396.0,394.0,395.5,272,389.19,2327
2026-05-11 12:10:00,395.5,396.0,395.0,395.0,149,389.22,2327
2026-05-11 12:15:00,395.0,396.0,395.0,395.5,222,389.25,2327
2026-05-11 12:20:00,395.5,396.0,395.5,395.5,193,389.28,2327
2026-05-11 12:25:00,395.5,397.5,395.5,396.0,759,389.4,2327
2026-05-11 12:30:00,396.0,396.0,395.5,395.5,119,389.42,2327
2026-05-11 12:35:00,396.0,396.0,395.5,396.0,115,389.44,2327
2026-05-11 12:40:00,395.5,396.0,395.0,395.0,123,389.45,2327
2026-05-11 12:45:00,395.5,396.0,395.0,396.0,162,389.47,2327
2026-05-11 12:50:00,395.5,396.0,395.0,395.0,186,389.5,2327
2026-05-11 12:55:00,395.5,395.5,395.0,395.0,196,389.52,2327
2026-05-11 13:00:00,395.0,395.5,395.0,395.0,386,389.57,2327
2026-05-11 13:05:00,395.5,395.5,394.0,395.0,1021,389.68,2327
2026-05-11 13:10:00,395.5,395.5,394.5,395.0,822,389.78,2327
2026-05-11 13:15:00,395.5,395.5,395.0,395.5,348,389.82,2327
2026-05-11 13:20:00,395.5,395.5,393.5,393.5,1436,389.96,2327
2026-05-11 13:30:00,391.5,391.5,391.5,391.5,1568,390.0,2327
2026-05-12 09:00:00,399.0,399.0,392.0,392.5,3094,395.94,2327
2026-05-12 09:05:00,392.0,397.0,390.5,392.5,2035,394.83,2327
2026-05-12 09:10:00,392.5,400.0,391.5,400.0,2672,395.62,2327
2026-05-12 09:15:00,400.0,405.0,397.5,405.0,4465,397.79,2327
2026-05-12 09:20:00,405.0,409.5,404.5,405.5,3521,399.71,2327
2026-05-12 09:25:00,405.0,408.0,400.5,407.5,2111,400.28,2327
2026-05-12 09:30:00,407.0,407.5,398.5,399.0,1765,400.41,2327
2026-05-12 09:35:00,399.0,404.0,397.5,401.0,1387,400.43,2327
2026-05-12 09:40:00,401.5,406.0,399.0,406.0,1639,400.6,2327
2026-05-12 09:45:00,406.0,418.0,405.5,416.5,5987,403.05,2327
2026-05-12 09:50:00,416.5,423.0,415.5,422.0,4464,405.31,2327
2026-05-12 09:55:00,422.5,422.5,415.5,416.5,1756,406.02,2327
2026-05-12 10:00:00,416.5,419.0,412.0,414.0,1468,406.37,2327
2026-05-12 10:05:00,414.0,419.0,412.5,418.5,899,406.59,2327
2026-05-12 10:10:00,418.5,425.0,418.0,425.0,2572,407.62,2327
2026-05-12 10:15:00,425.0,425.0,422.0,424.0,1147,408.07,2327
2026-05-12 10:20:00,424.0,426.0,422.0,425.5,1558,408.67,2327
2026-05-12 10:25:00,425.5,425.5,423.0,424.5,630,408.9,2327
2026-05-12 10:30:00,425.0,425.5,424.0,425.0,451,409.07,2327
2026-05-12 10:35:00,425.0,425.0,422.5,422.5,456,409.22,2327
2026-05-12 10:40:00,422.5,426.0,421.0,426.0,868,409.5,2327
2026-05-12 10:45:00,426.0,426.0,423.5,425.0,441,409.65,2327
2026-05-12 10:50:00,424.5,426.0,424.0,426.0,665,409.88,2327
2026-05-12 10:55:00,425.5,430.0,425.0,427.5,2759,410.93,2327
2026-05-12 11:00:00,428.0,429.0,424.5,425.5,548,411.11,2327
2026-05-12 11:05:00,424.5,426.5,424.0,426.0,482,411.24,2327
2026-05-12 11:10:00,426.5,426.5,424.0,424.5,198,411.3,2327
2026-05-12 11:15:00,424.0,424.0,421.0,423.0,498,411.41,2327
2026-05-12 11:20:00,422.5,428.0,421.5,427.0,909,411.66,2327
2026-05-12 11:25:00,426.5,429.5,424.5,424.5,1199,412.03,2327
2026-05-12 11:30:00,424.0,425.5,423.0,424.0,232,412.09,2327
2026-05-12 11:35:00,424.0,425.5,424.0,425.5,81,412.11,2327
2026-05-12 11:40:00,425.5,427.0,424.0,424.0,277,412.18,2327
2026-05-12 11:45:00,425.0,426.0,422.5,424.0,295,412.24,2327
2026-05-12 11:50:00,423.5,424.0,422.0,422.5,317,412.3,2327
2026-05-12 11:55:00,423.0,424.0,422.5,423.0,136,412.33,2327
2026-05-12 12:00:00,423.0,424.0,422.5,423.5,115,412.35,2327
2026-05-12 12:05:00,424.0,424.0,422.0,422.5,164,412.39,2327
2026-05-12 12:10:00,422.5,423.0,420.5,422.0,372,412.45,2327
2026-05-12 12:15:00,422.0,424.0,421.5,423.5,131,412.47,2327
2026-05-12 12:20:00,423.5,425.0,423.5,424.5,312,412.54,2327
2026-05-12 12:25:00,424.5,424.5,423.5,424.0,154,412.57,2327
2026-05-12 12:30:00,423.5,425.0,423.5,425.0,207,412.62,2327
2026-05-12 12:35:00,424.5,425.0,422.5,423.0,189,412.66,2327
2026-05-12 12:40:00,423.0,423.0,420.5,420.5,311,412.71,2327
2026-05-12 12:45:00,421.0,422.5,420.5,421.0,265,412.75,2327
2026-05-12 12:50:00,421.5,421.5,420.0,421.5,352,412.8,2327
2026-05-12 12:55:00,421.0,422.0,419.5,420.5,524,412.87,2327
2026-05-12 13:00:00,421.5,423.0,420.0,422.5,461,412.94,2327
2026-05-12 13:05:00,422.0,423.0,421.5,423.0,386,413.0,2327
2026-05-12 13:10:00,423.0,424.0,422.0,423.0,567,413.1,2327
2026-05-12 13:15:00,422.5,423.0,421.0,422.0,579,413.19,2327
2026-05-12 13:20:00,422.5,422.5,421.0,421.0,699,413.29,2327
2026-05-12 13:30:00,419.5,419.5,419.5,419.5,2023,413.49,2327
2026-05-13 09:00:00,410.0,414.0,408.0,411.0,3915,410.45,2327
2026-05-13 09:05:00,411.0,414.5,404.0,411.0,3585,409.92,2327
2026-05-13 09:10:00,411.0,415.0,408.5,412.0,2700,410.7,2327
2026-05-13 09:15:00,412.0,416.0,408.0,415.5,2020,410.84,2327
2026-05-13 09:20:00,415.0,416.5,407.5,409.0,1684,411.0,2327
2026-05-13 09:25:00,409.0,411.0,404.0,410.5,2026,410.46,2327
2026-05-13 09:30:00,410.5,416.0,410.0,416.0,2110,410.81,2327
2026-05-13 09:35:00,416.0,416.5,412.0,413.5,1079,411.03,2327
2026-05-13 09:40:00,413.5,419.5,413.0,416.0,1911,411.59,2327
2026-05-13 09:45:00,415.5,422.0,414.0,422.0,2159,412.25,2327
2026-05-13 09:50:00,422.0,425.0,418.5,419.5,2828,413.32,2327
2026-05-13 09:55:00,420.0,425.0,417.5,425.0,1469,413.76,2327
2026-05-13 10:00:00,424.5,427.5,423.5,423.5,2764,414.88,2327
2026-05-13 10:05:00,424.0,424.5,418.5,419.5,1579,415.21,2327
2026-05-13 10:10:00,419.5,421.5,417.0,420.0,1236,415.37,2327
2026-05-13 10:15:00,421.0,422.0,417.0,419.0,848,415.47,2327
2026-05-13 10:20:00,419.0,423.0,419.0,421.5,963,415.64,2327
2026-05-13 10:25:00,421.5,423.0,420.5,423.0,691,415.76,2327
2026-05-13 10:30:00,423.0,423.0,419.0,420.0,823,415.86,2327
2026-05-13 10:35:00,420.0,420.5,419.0,419.0,403,415.9,2327
2026-05-13 10:40:00,419.5,419.5,417.0,417.0,691,415.94,2327
2026-05-13 10:45:00,417.5,418.0,413.5,417.0,1107,415.93,2327
2026-05-13 10:50:00,416.5,418.5,416.0,417.5,393,415.95,2327
2026-05-13 10:55:00,417.5,420.5,417.0,419.0,423,415.98,2327
2026-05-13 11:00:00,419.0,419.0,416.5,417.0,369,415.99,2327
2026-05-13 11:05:00,417.5,419.5,417.0,419.5,276,416.01,2327
2026-05-13 11:10:00,419.0,420.0,417.5,418.0,336,416.03,2327
2026-05-13 11:15:00,418.0,419.5,417.0,419.0,244,416.05,2327
2026-05-13 11:20:00,418.5,420.0,418.0,420.0,327,416.07,2327
2026-05-13 11:25:00,420.0,421.0,418.0,419.0,471,416.12,2327
2026-05-13 11:30:00,419.0,420.0,416.5,419.5,358,416.14,2327
2026-05-13 11:35:00,419.0,420.5,419.0,420.0,363,416.17,2327
2026-05-13 11:40:00,420.5,420.5,419.5,420.0,265,416.19,2327
2026-05-13 11:45:00,420.5,422.5,419.5,422.0,631,416.27,2327
2026-05-13 11:50:00,422.5,422.5,420.5,420.5,303,416.3,2327
2026-05-13 11:55:00,421.5,421.5,418.5,420.0,351,416.33,2327
2026-05-13 12:00:00,420.0,420.0,418.0,420.0,222,416.35,2327
2026-05-13 12:05:00,420.0,420.0,419.5,420.0,72,416.35,2327
2026-05-13 12:10:00,420.0,420.0,419.0,419.0,183,416.37,2327
2026-05-13 12:15:00,419.5,419.5,418.0,418.5,202,416.37,2327
2026-05-13 12:20:00,418.5,418.5,417.0,417.5,214,416.38,2327
2026-05-13 12:25:00,417.5,419.0,417.0,419.0,271,416.39,2327
2026-05-13 12:30:00,419.0,420.5,418.5,420.0,487,416.43,2327
2026-05-13 12:35:00,420.0,420.0,419.5,419.5,110,416.44,2327
2026-05-13 12:40:00,419.5,420.0,418.5,418.5,388,416.47,2327
2026-05-13 12:45:00,418.0,419.0,417.5,418.5,403,416.48,2327
2026-05-13 12:50:00,418.5,419.0,418.0,418.5,124,416.49,2327
2026-05-13 12:55:00,418.5,419.0,418.0,418.5,243,416.5,2327
2026-05-13 13:00:00,418.5,420.0,418.0,419.5,694,416.53,2327
2026-05-13 13:05:00,419.5,420.5,419.5,420.5,729,416.59,2327
2026-05-13 13:10:00,420.5,421.5,420.0,421.5,693,416.65,2327
2026-05-13 13:15:00,421.5,422.0,420.5,422.0,1155,416.76,2327
2026-05-13 13:20:00,421.5,422.0,421.0,421.5,784,416.83,2327
2026-05-13 13:30:00,420.0,420.0,420.0,420.0,1525,416.92,2327
2026-05-14 09:00:00,462.0,462.0,462.0,462.0,8378,462.0,2327
2026-05-14 09:05:00,462.0,462.0,462.0,462.0,729,462.0,2327
2026-05-14 09:10:00,462.0,462.0,462.0,462.0,500,462.0,2327
2026-05-14 09:15:00,462.0,462.0,462.0,462.0,428,462.0,2327
2026-05-14 09:20:00,462.0,462.0,462.0,462.0,299,462.0,2327
2026-05-14 09:25:00,462.0,462.0,462.0,462.0,187,462.0,2327
2026-05-14 09:30:00,462.0,462.0,462.0,462.0,306,462.0,2327
2026-05-14 09:35:00,462.0,462.0,462.0,462.0,142,462.0,2327
2026-05-14 09:40:00,462.0,462.0,462.0,462.0,181,462.0,2327
2026-05-14 09:45:00,462.0,462.0,462.0,462.0,768,462.0,2327
2026-05-14 09:50:00,462.0,462.0,462.0,462.0,382,462.0,2327
2026-05-14 09:55:00,462.0,462.0,462.0,462.0,536,462.0,2327
2026-05-14 10:00:00,462.0,462.0,462.0,462.0,396,462.0,2327
2026-05-14 10:05:00,462.0,462.0,462.0,462.0,284,462.0,2327
2026-05-14 10:10:00,462.0,462.0,462.0,462.0,86,462.0,2327
2026-05-14 10:15:00,462.0,462.0,462.0,462.0,107,462.0,2327
2026-05-14 10:20:00,462.0,462.0,462.0,462.0,89,462.0,2327
2026-05-14 10:25:00,462.0,462.0,462.0,462.0,40,462.0,2327
2026-05-14 10:30:00,462.0,462.0,462.0,462.0,60,462.0,2327
2026-05-14 10:35:00,462.0,462.0,462.0,462.0,73,462.0,2327
2026-05-14 10:40:00,462.0,462.0,462.0,462.0,129,462.0,2327
2026-05-14 10:45:00,462.0,462.0,462.0,462.0,60,462.0,2327
2026-05-14 10:50:00,462.0,462.0,462.0,462.0,36,462.0,2327
2026-05-14 10:55:00,462.0,462.0,462.0,462.0,61,462.0,2327
2026-05-14 11:00:00,462.0,462.0,462.0,462.0,47,462.0,2327
2026-05-14 11:05:00,462.0,462.0,462.0,462.0,121,462.0,2327
2026-05-14 11:10:00,462.0,462.0,462.0,462.0,117,462.0,2327
2026-05-14 11:15:00,462.0,462.0,462.0,462.0,378,462.0,2327
2026-05-14 11:20:00,462.0,462.0,462.0,462.0,27,462.0,2327
2026-05-14 11:25:00,462.0,462.0,462.0,462.0,13,462.0,2327
2026-05-14 11:30:00,462.0,462.0,462.0,462.0,21,462.0,2327
2026-05-14 11:35:00,462.0,462.0,462.0,462.0,26,462.0,2327
2026-05-14 11:40:00,462.0,462.0,462.0,462.0,29,462.0,2327
2026-05-14 11:45:00,462.0,462.0,462.0,462.0,32,462.0,2327
2026-05-14 11:50:00,462.0,462.0,462.0,462.0,19,462.0,2327
2026-05-14 11:55:00,462.0,462.0,462.0,462.0,19,462.0,2327
2026-05-14 12:00:00,462.0,462.0,462.0,462.0,26,462.0,2327
2026-05-14 12:05:00,462.0,462.0,462.0,462.0,48,462.0,2327
2026-05-14 12:10:00,462.0,462.0,462.0,462.0,31,462.0,2327
2026-05-14 12:15:00,462.0,462.0,462.0,462.0,37,462.0,2327
2026-05-14 12:20:00,462.0,462.0,462.0,462.0,44,462.0,2327
2026-05-14 12:25:00,462.0,462.0,462.0,462.0,33,462.0,2327
2026-05-14 12:30:00,462.0,462.0,462.0,462.0,218,462.0,2327
2026-05-14 12:35:00,462.0,462.0,462.0,462.0,50,462.0,2327
2026-05-14 12:40:00,462.0,462.0,462.0,462.0,96,462.0,2327
2026-05-14 12:45:00,462.0,462.0,462.0,462.0,22,462.0,2327
2026-05-14 12:50:00,462.0,462.0,462.0,462.0,20,462.0,2327
2026-05-14 12:55:00,462.0,462.0,462.0,462.0,46,462.0,2327
2026-05-14 13:00:00,462.0,462.0,462.0,462.0,17,462.0,2327
2026-05-14 13:05:00,462.0,462.0,462.0,462.0,38,462.0,2327
2026-05-14 13:10:00,462.0,462.0,462.0,462.0,47,462.0,2327
2026-05-14 13:15:00,462.0,462.0,462.0,462.0,37,462.0,2327
2026-05-14 13:20:00,462.0,462.0,462.0,462.0,263,462.0,2327
2026-05-14 13:30:00,462.0,462.0,462.0,462.0,183,462.0,2327
2026-05-15 09:00:00,462.0,472.0,456.0,472.0,16553,465.73,2327
2026-05-15 09:05:00,472.0,478.0,464.5,471.0,9461,467.89,2327
2026-05-15 09:10:00,471.0,487.5,470.5,487.0,10720,471.19,2327
2026-05-15 09:15:00,487.0,492.5,478.0,479.0,9274,474.09,2327
2026-05-15 09:20:00,479.5,485.0,478.0,484.0,3849,474.69,2327
2026-05-15 09:25:00,484.0,484.5,477.5,478.0,2396,474.97,2327
2026-05-15 09:30:00,477.5,478.0,470.5,475.0,3743,474.85,2327
2026-05-15 09:35:00,475.0,477.5,472.5,476.5,2032,474.87,2327
2026-05-15 09:40:00,476.5,476.5,470.5,471.5,1545,474.81,2327
2026-05-15 09:45:00,471.5,474.0,468.5,471.5,2286,474.66,2327
2026-05-15 09:50:00,471.5,477.0,469.5,469.5,1702,474.62,2327
2026-05-15 09:55:00,470.0,472.5,466.0,468.0,2545,474.38,2327
2026-05-15 10:00:00,468.5,475.5,467.5,475.5,2036,474.3,2327
2026-05-15 10:05:00,475.0,477.0,470.5,474.0,1755,474.3,2327
2026-05-15 10:10:00,474.0,479.5,472.0,478.5,2327,474.38,2327
2026-05-15 10:15:00,479.0,479.5,473.0,474.0,1455,474.43,2327
2026-05-15 10:20:00,474.0,476.0,472.0,476.0,511,474.43,2327
2026-05-15 10:25:00,476.0,476.0,470.5,471.5,679,474.41,2327
2026-05-15 10:30:00,471.5,472.0,470.5,471.5,466,474.39,2327
2026-05-15 10:35:00,471.5,471.5,468.0,469.5,1065,474.32,2327
2026-05-15 10:40:00,469.5,474.0,469.0,473.5,517,474.31,2327
2026-05-15 10:45:00,474.0,474.5,471.0,472.0,456,474.3,2327
2026-05-15 10:50:00,471.5,473.0,470.0,471.0,381,474.29,2327
2026-05-15 10:55:00,471.0,472.0,469.5,471.0,377,474.27,2327
2026-05-15 11:00:00,471.5,471.5,468.5,469.0,557,474.24,2327
2026-05-15 11:05:00,469.0,469.0,465.5,467.5,1313,474.12,2327
2026-05-15 11:10:00,467.0,467.5,465.5,467.0,574,474.06,2327
2026-05-15 11:15:00,467.5,467.5,463.0,464.0,1578,473.88,2327
2026-05-15 11:20:00,464.0,464.5,462.0,463.5,1464,473.7,2327
2026-05-15 11:25:00,463.5,464.0,460.0,462.0,1171,473.53,2327
2026-05-15 11:30:00,462.5,463.0,458.5,459.0,1374,473.32,2327
2026-05-15 11:35:00,459.0,465.0,458.5,464.5,1299,473.14,2327
2026-05-15 11:40:00,464.5,467.5,464.0,465.0,778,473.08,2327
2026-05-15 11:45:00,465.0,468.5,464.5,468.5,742,473.02,2327
2026-05-15 11:50:00,468.5,471.5,467.0,470.0,1241,472.98,2327
2026-05-15 11:55:00,469.0,470.0,466.5,466.5,480,472.95,2327
2026-05-15 12:00:00,467.5,468.0,465.5,468.0,473,472.92,2327
2026-05-15 12:05:00,468.0,468.5,466.5,467.5,343,472.9,2327
2026-05-15 12:10:00,467.0,467.5,465.5,466.0,277,472.88,2327
2026-05-15 12:15:00,465.5,467.0,462.5,463.0,604,472.83,2327
2026-05-15 12:20:00,463.0,465.0,462.0,465.0,404,472.79,2327
2026-05-15 12:25:00,465.0,465.5,463.0,464.5,486,472.74,2327
2026-05-15 12:30:00,464.5,464.5,462.0,463.5,415,472.7,2327
2026-05-15 12:35:00,463.5,465.5,463.0,463.5,497,472.66,2327
2026-05-15 12:40:00,464.0,464.0,463.0,463.5,307,472.63,2327
2026-05-15 12:45:00,463.0,463.5,460.0,460.5,1609,472.43,2327
2026-05-15 12:50:00,460.0,460.5,452.5,454.0,3693,471.86,2327
2026-05-15 12:55:00,454.0,456.0,450.5,451.5,1943,471.5,2327
2026-05-15 13:00:00,452.0,453.0,447.5,452.0,2800,470.93,2327
2026-05-15 13:05:00,452.0,454.5,450.0,454.0,1208,470.72,2327
2026-05-15 13:10:00,453.5,456.5,451.0,451.0,1254,470.52,2327
2026-05-15 13:15:00,451.5,452.0,449.0,450.0,1473,470.25,2327
2026-05-15 13:20:00,450.5,453.0,449.5,452.0,2550,469.82,2327
2026-05-15 13:30:00,455.5,455.5,455.5,455.5,3588,469.37,2327
2026-05-18 09:00:00,475.0,484.5,467.5,482.5,14200,476.76,2327
2026-05-18 09:05:00,483.0,483.5,469.0,470.0,5969,476.5,2327
2026-05-18 09:10:00,470.0,476.5,468.0,474.0,3248,475.94,2327
2026-05-18 09:15:00,474.0,479.5,470.5,478.5,3179,475.97,2327
2026-05-18 09:20:00,478.5,480.5,474.0,479.5,3580,476.31,2327
2026-05-18 09:25:00,479.5,482.5,479.0,482.0,3158,476.75,2327
2026-05-18 09:30:00,481.5,483.0,478.0,479.0,3026,477.1,2327
2026-05-18 09:35:00,478.5,480.0,475.5,479.5,1287,477.14,2327
2026-05-18 09:40:00,480.0,482.5,479.0,481.5,1682,477.32,2327
2026-05-18 09:45:00,482.0,482.0,480.5,482.0,798,477.4,2327
2026-05-18 09:50:00,482.0,497.0,481.5,492.5,7131,479.18,2327
2026-05-18 09:55:00,493.0,501.0,490.0,490.0,15952,484.0,2327
2026-05-18 10:00:00,490.0,493.0,485.0,493.0,4124,484.26,2327
2026-05-18 10:05:00,493.0,493.0,489.5,492.5,1573,484.42,2327
2026-05-18 10:10:00,492.5,493.0,491.0,493.0,939,484.53,2327
2026-05-18 10:15:00,493.0,495.5,493.0,494.5,682,484.62,2327
2026-05-18 10:20:00,494.0,494.5,492.0,493.0,432,484.68,2327
2026-05-18 10:25:00,493.0,495.0,493.0,494.5,397,484.73,2327
2026-05-18 10:30:00,494.5,495.0,494.0,495.0,437,484.79,2327
2026-05-18 10:35:00,494.5,499.0,494.5,497.0,1374,485.02,2327
2026-05-18 10:40:00,497.0,501.0,496.5,500.0,5711,486.13,2327
2026-05-18 10:45:00,500.0,500.0,497.0,497.5,731,486.25,2327
2026-05-18 10:50:00,497.0,498.5,495.0,496.0,749,486.35,2327
2026-05-18 10:55:00,497.0,499.5,495.5,498.0,685,486.44,2327
2026-05-18 11:00:00,498.0,501.0,498.0,501.0,5346,487.33,2327
2026-05-18 11:05:00,501.0,501.0,501.0,501.0,595,487.42,2327
2026-05-18 11:10:00,501.0,501.0,501.0,501.0,358,487.48,2327
2026-05-18 11:15:00,501.0,501.0,501.0,501.0,257,487.51,2327
2026-05-18 11:20:00,501.0,501.0,501.0,501.0,117,487.53,2327
2026-05-18 11:25:00,501.0,501.0,501.0,501.0,135,487.55,2327
2026-05-18 11:30:00,501.0,501.0,501.0,501.0,75,487.57,2327
2026-05-18 11:35:00,501.0,501.0,501.0,501.0,70,487.58,2327
2026-05-18 11:40:00,501.0,501.0,501.0,501.0,132,487.6,2327
2026-05-18 11:45:00,501.0,501.0,501.0,501.0,73,487.61,2327
2026-05-18 11:50:00,501.0,501.0,501.0,501.0,41,487.61,2327
2026-05-18 11:55:00,501.0,501.0,501.0,501.0,96,487.63,2327
2026-05-18 12:00:00,501.0,501.0,501.0,501.0,75,487.64,2327
2026-05-18 12:05:00,501.0,501.0,501.0,501.0,67,487.65,2327
2026-05-18 12:10:00,501.0,501.0,501.0,501.0,105,487.67,2327
2026-05-18 12:15:00,501.0,501.0,501.0,501.0,99,487.68,2327
2026-05-18 12:20:00,501.0,501.0,501.0,501.0,40,487.69,2327
2026-05-18 12:25:00,501.0,501.0,501.0,501.0,57,487.69,2327
2026-05-18 12:30:00,501.0,501.0,501.0,501.0,74,487.71,2327
2026-05-18 12:35:00,501.0,501.0,501.0,501.0,64,487.72,2327
2026-05-18 12:40:00,501.0,501.0,501.0,501.0,31,487.72,2327
2026-05-18 12:45:00,501.0,501.0,501.0,501.0,27,487.72,2327
2026-05-18 12:50:00,501.0,501.0,501.0,501.0,118,487.74,2327
2026-05-18 12:55:00,501.0,501.0,501.0,501.0,37,487.75,2327
2026-05-18 13:00:00,501.0,501.0,501.0,501.0,71,487.76,2327
2026-05-18 13:05:00,501.0,501.0,501.0,501.0,78,487.77,2327
2026-05-18 13:10:00,501.0,501.0,501.0,501.0,38,487.77,2327
2026-05-18 13:15:00,501.0,501.0,501.0,501.0,44,487.78,2327
2026-05-18 13:20:00,501.0,501.0,501.0,501.0,132,487.8,2327
2026-05-18 13:30:00,501.0,501.0,501.0,501.0,345,487.85,2327
2026-05-19 09:00:00,501.0,508.0,499.5,507.0,15557,503.52,2327
2026-05-19 09:05:00,506.0,516.0,504.0,508.0,8835,506.44,2327
2026-05-19 09:10:00,507.0,512.0,500.0,503.0,5400,506.42,2327
2026-05-19 09:15:00,502.0,504.0,488.5,489.5,5825,504.74,2327
2026-05-19 09:20:00,490.0,498.5,488.0,497.0,3501,503.76,2327
2026-05-19 09:25:00,497.0,498.5,491.0,495.0,1797,503.32,2327
2026-05-19 09:30:00,495.0,497.0,491.0,494.5,1419,503.0,2327
2026-05-19 09:35:00,495.0,496.0,492.0,493.5,867,502.82,2327
2026-05-19 09:40:00,494.0,501.0,491.5,501.0,2077,502.53,2327
2026-05-19 09:45:00,501.0,501.0,492.5,493.0,1487,502.37,2327
2026-05-19 09:50:00,492.5,495.0,489.0,489.0,2401,501.83,2327
2026-05-19 09:55:00,489.0,490.0,485.5,489.5,2810,501.06,2327
2026-05-19 10:00:00,490.0,494.0,486.0,494.0,1647,500.71,2327
2026-05-19 10:05:00,493.5,497.5,492.5,497.5,1254,500.58,2327
2026-05-19 10:10:00,497.5,504.0,496.0,503.0,3157,500.6,2327
2026-05-19 10:15:00,503.0,506.0,499.5,502.0,2222,500.7,2327
2026-05-19 10:20:00,502.0,503.0,494.5,496.5,1357,500.66,2327
2026-05-19 10:25:00,496.5,499.5,496.0,496.5,641,500.64,2327
2026-05-19 10:30:00,496.5,499.5,496.0,498.0,566,500.61,2327
2026-05-19 10:35:00,498.0,498.0,496.5,497.5,309,500.59,2327
2026-05-19 10:40:00,497.5,499.0,496.0,499.0,474,500.57,2327
2026-05-19 10:45:00,499.0,501.0,498.0,498.5,627,500.56,2327
2026-05-19 10:50:00,498.0,502.0,497.5,500.0,577,500.56,2327
2026-05-19 10:55:00,501.0,501.0,497.0,499.5,345,500.55,2327
2026-05-19 11:00:00,500.0,501.0,497.0,501.0,386,500.54,2327
2026-05-19 11:05:00,501.0,503.0,500.0,501.0,796,500.55,2327
2026-05-19 11:10:00,502.0,504.0,501.0,504.0,626,500.58,2327
2026-05-19 11:15:00,504.0,507.0,503.0,506.0,2174,500.71,2327
2026-05-19 11:20:00,506.0,506.0,500.0,504.0,595,500.74,2327
2026-05-19 11:25:00,504.0,505.0,503.0,505.0,358,500.76,2327
2026-05-19 11:30:00,505.0,505.0,503.0,504.0,253,500.77,2327
2026-05-19 11:35:00,504.0,504.0,501.0,501.0,406,500.78,2327
2026-05-19 11:40:00,501.0,501.0,499.0,501.0,410,500.77,2327
2026-05-19 11:45:00,501.0,501.0,496.0,499.5,654,500.75,2327
2026-05-19 11:50:00,499.5,500.0,497.0,499.0,288,500.74,2327
2026-05-19 11:55:00,499.0,499.0,495.0,496.0,559,500.71,2327
2026-05-19 12:00:00,497.0,497.0,492.5,494.5,721,500.64,2327
2026-05-19 12:05:00,495.0,495.5,491.0,491.5,485,500.6,2327
2026-05-19 12:10:00,492.0,495.0,491.0,493.5,526,500.54,2327
2026-05-19 12:15:00,493.0,493.5,491.0,492.0,446,500.49,2327
2026-05-19 12:20:00,492.0,496.5,491.5,495.0,408,500.46,2327
2026-05-19 12:25:00,495.0,496.5,495.0,496.0,249,500.44,2327
2026-05-19 12:30:00,496.5,498.5,495.5,498.0,307,500.43,2327
2026-05-19 12:35:00,498.5,499.5,497.5,498.5,348,500.42,2327
2026-05-19 12:40:00,498.5,499.0,496.5,497.0,288,500.41,2327
2026-05-19 12:45:00,498.0,498.0,496.0,496.5,313,500.4,2327
2026-05-19 12:50:00,496.5,497.0,496.0,496.5,317,500.38,2327
2026-05-19 12:55:00,497.0,497.0,495.5,496.5,591,500.35,2327
2026-05-19 13:00:00,496.5,498.0,495.0,495.5,872,500.31,2327
2026-05-19 13:05:00,496.0,496.5,494.0,496.5,1088,500.24,2327
2026-05-19 13:10:00,497.0,499.0,496.5,498.5,1151,500.21,2327
2026-05-19 13:15:00,499.0,499.0,496.5,497.5,1137,500.18,2327
2026-05-19 13:20:00,498.0,498.5,496.5,496.5,1970,500.12,2327
2026-05-19 13:30:00,497.0,497.0,497.0,497.0,3523,499.99,2327
2026-05-20 09:00:00,514.0,523.0,506.0,506.0,9540,514.86,2327
2026-05-20 09:05:00,506.0,516.0,503.0,515.0,4641,513.48,2327
2026-05-20 09:10:00,515.0,524.0,514.0,520.0,5640,515.42,2327
2026-05-20 09:15:00,520.0,533.0,520.0,533.0,6235,518.01,2327
2026-05-20 09:20:00,532.0,540.0,531.0,535.0,5270,520.91,2327
2026-05-20 09:25:00,534.0,540.0,533.0,537.0,2683,522.25,2327
2026-05-20 09:30:00,537.0,537.0,526.0,532.0,4098,523.23,2327
2026-05-20 09:35:00,532.0,538.0,529.0,537.0,1673,523.7,2327
2026-05-20 09:40:00,538.0,540.0,537.0,539.0,1767,524.34,2327
2026-05-20 09:45:00,539.0,545.0,538.0,539.0,4261,525.92,2327
2026-05-20 09:50:00,539.0,541.0,537.0,538.0,1017,526.21,2327
2026-05-20 09:55:00,537.0,538.0,535.0,536.0,776,526.37,2327
2026-05-20 10:00:00,537.0,537.0,530.0,533.0,1616,526.6,2327
2026-05-20 10:05:00,532.0,533.0,528.0,528.0,1240,526.69,2327
2026-05-20 10:10:00,529.0,535.0,528.0,534.0,830,526.78,2327
2026-05-20 10:15:00,534.0,538.0,534.0,535.0,686,526.9,2327
2026-05-20 10:20:00,535.0,535.0,532.0,533.0,503,526.96,2327
2026-05-20 10:25:00,533.0,536.0,531.0,534.0,576,527.04,2327
2026-05-20 10:30:00,534.0,534.0,529.0,533.0,838,527.1,2327
2026-05-20 10:35:00,533.0,534.0,531.0,531.0,405,527.14,2327
2026-05-20 10:40:00,532.0,533.0,529.0,530.0,649,527.18,2327
2026-05-20 10:45:00,530.0,534.0,529.0,534.0,409,527.22,2327
2026-05-20 10:50:00,534.0,534.0,531.0,533.0,378,527.25,2327
2026-05-20 10:55:00,533.0,533.0,529.0,529.0,656,527.3,2327
2026-05-20 11:00:00,529.0,530.0,527.0,529.0,926,527.31,2327
2026-05-20 11:05:00,529.0,532.0,529.0,529.0,487,527.34,2327
2026-05-20 11:10:00,529.0,529.0,524.0,525.0,1166,527.32,2327
2026-05-20 11:15:00,525.0,530.0,525.0,527.0,625,527.32,2327
2026-05-20 11:20:00,528.0,528.0,524.0,524.0,871,527.3,2327
2026-05-20 11:25:00,525.0,525.0,523.0,524.0,930,527.24,2327
2026-05-20 11:30:00,525.0,526.0,523.0,523.0,358,527.23,2327
2026-05-20 11:35:00,524.0,524.0,520.0,524.0,1819,527.06,2327
2026-05-20 11:40:00,524.0,527.0,522.0,527.0,749,527.03,2327
2026-05-20 11:45:00,527.0,529.0,525.0,527.0,917,527.04,2327
2026-05-20 11:50:00,527.0,532.0,527.0,531.0,1088,527.09,2327
2026-05-20 11:55:00,531.0,533.0,530.0,531.0,524,527.12,2327
2026-05-20 12:00:00,532.0,535.0,531.0,534.0,915,527.21,2327
2026-05-20 12:05:00,534.0,535.0,533.0,535.0,488,527.26,2327
2026-05-20 12:10:00,535.0,535.0,530.0,532.0,443,527.29,2327
2026-05-20 12:15:00,532.0,534.0,532.0,533.0,267,527.31,2327
2026-05-20 12:20:00,533.0,534.0,532.0,533.0,253,527.33,2327
2026-05-20 12:25:00,533.0,533.0,531.0,533.0,245,527.35,2327
2026-05-20 12:30:00,533.0,533.0,527.0,528.0,672,527.37,2327
2026-05-20 12:35:00,528.0,529.0,527.0,527.0,483,527.38,2327
2026-05-20 12:40:00,528.0,528.0,525.0,526.0,606,527.36,2327
2026-05-20 12:45:00,526.0,526.0,522.0,525.0,781,527.33,2327
2026-05-20 12:50:00,525.0,525.0,520.0,520.0,591,527.29,2327
2026-05-20 12:55:00,521.0,521.0,515.0,516.0,1314,527.12,2327
2026-05-20 13:00:00,515.0,518.0,514.0,518.0,1306,526.93,2327
2026-05-20 13:05:00,517.0,522.0,517.0,518.0,1142,526.82,2327
2026-05-20 13:10:00,518.0,521.0,518.0,520.0,1371,526.7,2327
2026-05-20 13:15:00,519.0,520.0,517.0,519.0,1018,526.59,2327
2026-05-20 13:20:00,518.0,522.0,517.0,520.0,1700,526.44,2327
2026-05-20 13:30:00,520.0,520.0,520.0,520.0,2782,526.22,2327
2026-05-21 09:00:00,561.0,568.0,560.0,566.0,9247,563.76,2327
2026-05-21 09:05:00,567.0,572.0,565.0,572.0,9311,567.41,2327
2026-05-21 09:10:00,572.0,572.0,572.0,572.0,430,567.52,2327
2026-05-21 09:15:00,572.0,572.0,572.0,572.0,583,567.65,2327
2026-05-21 09:20:00,572.0,572.0,572.0,572.0,580,567.77,2327
2026-05-21 09:25:00,572.0,572.0,572.0,572.0,163,567.81,2327
2026-05-21 09:30:00,572.0,572.0,572.0,572.0,135,567.84,2327
2026-05-21 09:35:00,572.0,572.0,572.0,572.0,126,567.86,2327
2026-05-21 09:40:00,572.0,572.0,572.0,572.0,141,567.89,2327
2026-05-21 09:45:00,572.0,572.0,572.0,572.0,81,567.91,2327
2026-05-21 09:50:00,572.0,572.0,572.0,572.0,72,567.92,2327
2026-05-21 09:55:00,572.0,572.0,572.0,572.0,57,567.93,2327
2026-05-21 10:00:00,572.0,572.0,572.0,572.0,55,567.94,2327
2026-05-21 10:05:00,572.0,572.0,572.0,572.0,41,567.95,2327
2026-05-21 10:10:00,572.0,572.0,572.0,572.0,108,567.97,2327
2026-05-21 10:15:00,572.0,572.0,572.0,572.0,51,567.98,2327
2026-05-21 10:20:00,572.0,572.0,572.0,572.0,63,567.99,2327
2026-05-21 10:25:00,572.0,572.0,572.0,572.0,101,568.01,2327
2026-05-21 10:30:00,572.0,572.0,572.0,572.0,47,568.02,2327
2026-05-21 10:35:00,572.0,572.0,572.0,572.0,19,568.02,2327
2026-05-21 10:40:00,572.0,572.0,572.0,572.0,44,568.03,2327
2026-05-21 10:45:00,572.0,572.0,572.0,572.0,33,568.04,2327
2026-05-21 10:50:00,572.0,572.0,572.0,572.0,31,568.04,2327
2026-05-21 10:55:00,572.0,572.0,572.0,572.0,40,568.05,2327
2026-05-21 11:00:00,572.0,572.0,572.0,572.0,35,568.06,2327
2026-05-21 11:05:00,572.0,572.0,572.0,572.0,36,568.06,2327
2026-05-21 11:10:00,572.0,572.0,572.0,572.0,26,568.07,2327
2026-05-21 11:15:00,572.0,572.0,572.0,572.0,53,568.08,2327
2026-05-21 11:20:00,572.0,572.0,572.0,572.0,21,568.08,2327
2026-05-21 11:25:00,572.0,572.0,572.0,572.0,22,568.09,2327
2026-05-21 11:30:00,572.0,572.0,572.0,572.0,164,568.12,2327
2026-05-21 11:35:00,572.0,572.0,572.0,572.0,78,568.13,2327
2026-05-21 11:40:00,572.0,572.0,572.0,572.0,17,568.13,2327
2026-05-21 11:45:00,572.0,572.0,572.0,572.0,87,568.15,2327
2026-05-21 11:50:00,572.0,572.0,572.0,572.0,19,568.15,2327
2026-05-21 11:55:00,572.0,572.0,572.0,572.0,14,568.15,2327
2026-05-21 12:00:00,572.0,572.0,572.0,572.0,14,568.16,2327
2026-05-21 12:05:00,572.0,572.0,572.0,572.0,15,568.16,2327
2026-05-21 12:10:00,572.0,572.0,572.0,572.0,49,568.17,2327
2026-05-21 12:15:00,572.0,572.0,572.0,572.0,26,568.17,2327
2026-05-21 12:20:00,572.0,572.0,572.0,572.0,28,568.18,2327
2026-05-21 12:25:00,572.0,572.0,572.0,572.0,50,568.18,2327
2026-05-21 12:30:00,572.0,572.0,572.0,572.0,29,568.19,2327
2026-05-21 12:35:00,572.0,572.0,572.0,572.0,21,568.19,2327
2026-05-21 12:40:00,572.0,572.0,572.0,572.0,53,568.2,2327
2026-05-21 12:45:00,572.0,572.0,572.0,572.0,45,568.21,2327
2026-05-21 12:50:00,572.0,572.0,572.0,572.0,28,568.21,2327
2026-05-21 12:55:00,572.0,572.0,572.0,572.0,19,568.22,2327
2026-05-21 13:00:00,572.0,572.0,572.0,572.0,943,568.37,2327
2026-05-21 13:05:00,572.0,572.0,572.0,572.0,163,568.39,2327
2026-05-21 13:10:00,572.0,572.0,572.0,572.0,68,568.4,2327
2026-05-21 13:15:00,572.0,572.0,572.0,572.0,36,568.41,2327
2026-05-21 13:20:00,572.0,572.0,572.0,572.0,197,568.44,2327
2026-05-21 13:30:00,572.0,572.0,572.0,572.0,151,568.46,2327
2026-05-22 09:00:00,605.0,618.0,604.0,610.0,15756,610.42,2327
2026-05-22 09:05:00,608.0,612.0,600.0,611.0,7455,609.1,2327
2026-05-22 09:10:00,611.0,612.0,604.0,611.0,3763,609.12,2327
2026-05-22 09:15:00,611.0,611.0,603.0,604.0,2588,608.92,2327
2026-05-22 09:20:00,603.0,611.0,603.0,611.0,2431,608.8,2327
2026-05-22 09:25:00,611.0,617.0,611.0,614.0,3947,609.41,2327
2026-05-22 09:30:00,614.0,622.0,613.0,614.0,3970,610.29,2327
2026-05-22 09:35:00,614.0,615.0,610.0,613.0,1169,610.35,2327
2026-05-22 09:40:00,613.0,616.0,609.0,614.0,915,610.37,2327
2026-05-22 09:45:00,614.0,615.0,613.0,615.0,525,610.42,2327
2026-05-22 09:50:00,615.0,617.0,611.0,615.0,994,610.51,2327
2026-05-22 09:55:00,615.0,616.0,611.0,613.0,594,610.55,2327
2026-05-22 10:00:00,612.0,613.0,609.0,612.0,838,610.55,2327
2026-05-22 10:05:00,611.0,613.0,610.0,611.0,383,610.56,2327
2026-05-22 10:10:00,611.0,614.0,610.0,613.0,377,610.57,2327
2026-05-22 10:15:00,613.0,613.0,612.0,613.0,259,610.59,2327
2026-05-22 10:20:00,613.0,615.0,612.0,615.0,340,610.61,2327
2026-05-22 10:25:00,615.0,618.0,614.0,615.0,1266,610.76,2327
2026-05-22 10:30:00,615.0,616.0,612.0,613.0,403,610.78,2327
2026-05-22 10:35:00,613.0,623.0,613.0,620.0,3520,611.38,2327
2026-05-22 10:40:00,621.0,621.0,616.0,617.0,935,611.51,2327
2026-05-22 10:45:00,617.0,618.0,617.0,618.0,295,611.55,2327
2026-05-22 10:50:00,618.0,618.0,614.0,614.0,566,611.59,2327
2026-05-22 10:55:00,614.0,617.0,614.0,616.0,348,611.61,2327
2026-05-22 11:00:00,616.0,617.0,614.0,614.0,388,611.64,2327
2026-05-22 11:05:00,614.0,615.0,611.0,614.0,741,611.66,2327
2026-05-22 11:10:00,613.0,619.0,612.0,618.0,1182,611.76,2327
2026-05-22 11:15:00,618.0,620.0,618.0,618.0,256,611.79,2327
2026-05-22 11:20:00,618.0,619.0,616.0,617.0,408,611.83,2327
2026-05-22 11:25:00,616.0,617.0,615.0,616.0,362,611.86,2327
2026-05-22 11:30:00,617.0,618.0,616.0,617.0,241,611.88,2327
2026-05-22 11:35:00,618.0,619.0,617.0,619.0,346,611.92,2327
2026-05-22 11:40:00,618.0,621.0,618.0,620.0,1059,612.06,2327
2026-05-22 11:45:00,619.0,620.0,617.0,618.0,388,612.1,2327
2026-05-22 11:50:00,617.0,618.0,617.0,618.0,57,612.11,2327
2026-05-22 11:55:00,618.0,618.0,617.0,618.0,180,612.12,2327
2026-05-22 12:00:00,618.0,622.0,618.0,622.0,909,612.25,2327
2026-05-22 12:05:00,622.0,623.0,621.0,622.0,583,612.34,2327
2026-05-22 12:10:00,623.0,629.0,622.0,629.0,7949,614.18,2327
2026-05-22 12:15:00,629.0,629.0,629.0,629.0,291,614.24,2327
2026-05-22 12:20:00,629.0,629.0,629.0,629.0,347,614.32,2327
2026-05-22 12:25:00,629.0,629.0,629.0,629.0,165,614.35,2327
2026-05-22 12:30:00,629.0,629.0,629.0,629.0,111,614.37,2327
2026-05-22 12:35:00,629.0,629.0,629.0,629.0,108,614.4,2327
2026-05-22 12:40:00,629.0,629.0,629.0,629.0,75,614.41,2327
2026-05-22 12:45:00,629.0,629.0,629.0,629.0,95,614.43,2327
2026-05-22 12:50:00,629.0,629.0,629.0,629.0,296,614.49,2327
2026-05-22 12:55:00,629.0,629.0,629.0,629.0,291,614.55,2327
2026-05-22 13:00:00,629.0,629.0,629.0,629.0,137,614.58,2327
2026-05-22 13:05:00,629.0,629.0,629.0,629.0,150,614.61,2327
2026-05-22 13:10:00,629.0,629.0,629.0,629.0,131,614.64,2327
2026-05-22 13:15:00,629.0,629.0,629.0,629.0,123,614.66,2327
2026-05-22 13:20:00,629.0,629.0,629.0,629.0,648,614.79,2327
2026-05-22 13:30:00,629.0,629.0,629.0,629.0,325,614.86,2327
2026-05-25 09:00:00,679.0,682.0,666.0,674.0,13701,677.71,2327
2026-05-25 09:05:00,674.0,675.0,662.0,664.0,5837,675.48,2327
2026-05-25 09:10:00,664.0,674.0,662.0,674.0,3453,674.47,2327
2026-05-25 09:15:00,674.0,675.0,670.0,671.0,2084,674.31,2327
2026-05-25 09:20:00,671.0,678.0,670.0,674.0,2636,674.3,2327
2026-05-25 09:25:00,675.0,678.0,670.0,673.0,1636,674.27,2327
2026-05-25 09:30:00,673.0,677.0,671.0,677.0,1536,674.23,2327
2026-05-25 09:35:00,677.0,690.0,676.0,683.0,5390,675.6,2327
2026-05-25 09:40:00,683.0,685.0,677.0,682.0,1716,675.85,2327
2026-05-25 09:45:00,682.0,684.0,679.0,681.0,1132,676.03,2327
2026-05-25 09:50:00,681.0,686.0,679.0,685.0,1095,676.21,2327
2026-05-25 09:55:00,684.0,684.0,681.0,682.0,670,676.31,2327
2026-05-25 10:00:00,682.0,683.0,680.0,681.0,918,676.43,2327
2026-05-25 10:05:00,681.0,682.0,678.0,681.0,630,676.48,2327
2026-05-25 10:10:00,681.0,681.0,678.0,681.0,541,676.52,2327
2026-05-25 10:15:00,681.0,682.0,676.0,681.0,993,676.58,2327
2026-05-25 10:20:00,682.0,686.0,680.0,683.0,1942,676.86,2327
2026-05-25 10:25:00,683.0,683.0,678.0,681.0,1602,676.98,2327
2026-05-25 10:30:00,680.0,686.0,680.0,686.0,1281,677.17,2327
2026-05-25 10:35:00,686.0,690.0,683.0,686.0,3408,677.9,2327
2026-05-25 10:40:00,686.0,686.0,683.0,684.0,417,677.95,2327
2026-05-25 10:45:00,684.0,684.0,681.0,682.0,386,677.98,2327
2026-05-25 10:50:00,682.0,684.0,679.0,679.0,549,678.02,2327
2026-05-25 10:55:00,680.0,683.0,679.0,682.0,189,678.03,2327
2026-05-25 11:00:00,682.0,683.0,681.0,683.0,222,678.04,2327
2026-05-25 11:05:00,683.0,686.0,682.0,686.0,370,678.09,2327
2026-05-25 11:10:00,685.0,688.0,685.0,687.0,550,678.18,2327
2026-05-25 11:15:00,687.0,688.0,685.0,687.0,324,678.23,2327
2026-05-25 11:20:00,687.0,688.0,686.0,688.0,442,678.3,2327
2026-05-25 11:25:00,687.0,690.0,687.0,690.0,652,678.43,2327
2026-05-25 11:30:00,689.0,690.0,689.0,690.0,398,678.51,2327
2026-05-25 11:35:00,689.0,691.0,688.0,691.0,5669,679.63,2327
2026-05-25 11:40:00,691.0,691.0,691.0,691.0,254,679.67,2327
2026-05-25 11:45:00,691.0,691.0,691.0,691.0,253,679.72,2327
2026-05-25 11:50:00,691.0,691.0,691.0,691.0,59,679.73,2327
2026-05-25 11:55:00,691.0,691.0,691.0,691.0,112,679.75,2327
2026-05-25 12:00:00,691.0,691.0,691.0,691.0,89,679.76,2327
2026-05-25 12:05:00,691.0,691.0,691.0,691.0,116,679.78,2327
2026-05-25 12:10:00,691.0,691.0,691.0,691.0,48,679.79,2327
2026-05-25 12:15:00,691.0,691.0,691.0,691.0,90,679.81,2327
2026-05-25 12:20:00,691.0,691.0,691.0,691.0,71,679.82,2327
2026-05-25 12:25:00,691.0,691.0,691.0,691.0,55,679.83,2327
2026-05-25 12:30:00,691.0,691.0,691.0,691.0,157,679.86,2327
2026-05-25 12:35:00,691.0,691.0,691.0,691.0,76,679.87,2327
2026-05-25 12:40:00,691.0,691.0,691.0,691.0,98,679.89,2327
2026-05-25 12:45:00,691.0,691.0,691.0,691.0,71,679.9,2327
2026-05-25 12:50:00,691.0,691.0,691.0,691.0,104,679.92,2327
2026-05-25 12:55:00,691.0,691.0,691.0,691.0,65,679.93,2327
2026-05-25 13:00:00,691.0,691.0,691.0,691.0,147,679.96,2327
2026-05-25 13:05:00,691.0,691.0,691.0,691.0,76,679.97,2327
2026-05-25 13:10:00,691.0,691.0,691.0,691.0,108,679.99,2327
2026-05-25 13:15:00,691.0,691.0,691.0,691.0,123,680.01,2327
2026-05-25 13:20:00,691.0,691.0,691.0,691.0,115,680.03,2327
2026-05-25 13:30:00,691.0,691.0,691.0,691.0,1033,680.2,2327
2026-05-26 09:00:00,674.0,674.0,674.0,674.0,1084,674.0,2327
2026-05-26 09:05:00,668.0,668.0,668.0,668.0,773,671.5,2327
2026-05-26 09:10:00,648.0,648.0,648.0,648.0,1039,663.07,2327
2026-05-26 09:15:00,631.0,631.0,631.0,631.0,2142,649.44,2327
2026-05-26 09:20:00,645.0,645.0,645.0,645.0,1072,648.66,2327
2026-05-26 09:25:00,653.0,653.0,653.0,653.0,1121,649.33,2327
2026-05-26 09:30:00,653.0,653.0,653.0,653.0,1157,649.84,2327
2026-05-26 09:35:00,652.0,652.0,652.0,652.0,507,649.96,2327
2026-05-26 09:40:00,644.0,644.0,644.0,644.0,918,649.4,2327
2026-05-26 09:45:00,650.0,650.0,650.0,650.0,1078,649.46,2327
2026-05-26 09:50:00,651.0,651.0,651.0,651.0,647,649.55,2327
2026-05-26 09:55:00,651.0,651.0,651.0,651.0,476,649.61,2327
2026-05-26 10:00:00,653.0,653.0,653.0,653.0,438,649.72,2327
2026-05-26 10:05:00,657.0,657.0,657.0,657.0,459,649.98,2327
2026-05-26 10:10:00,670.0,670.0,670.0,670.0,601,650.87,2327
2026-05-26 10:15:00,678.0,678.0,678.0,678.0,457,651.76,2327
2026-05-26 10:20:00,676.0,676.0,676.0,676.0,542,652.67,2327
2026-05-26 10:25:00,674.0,674.0,674.0,674.0,297,653.09,2327
2026-05-26 10:30:00,675.0,675.0,675.0,675.0,308,653.54,2327
2026-05-26 10:35:00,667.0,667.0,667.0,667.0,448,653.93,2327
2026-05-26 10:40:00,665.0,665.0,665.0,665.0,404,654.21,2327
2026-05-26 10:45:00,663.0,663.0,663.0,663.0,323,654.38,2327
2026-05-26 10:50:00,661.0,661.0,661.0,661.0,422,654.55,2327
2026-05-26 10:55:00,661.0,661.0,661.0,661.0,284,654.66,2327
2026-05-26 11:00:00,664.0,664.0,664.0,664.0,328,654.83,2327
2026-05-26 11:05:00,665.0,665.0,665.0,665.0,328,655.02,2327
2026-05-26 11:10:00,661.0,661.0,661.0,661.0,230,655.1,2327
2026-05-26 11:15:00,661.0,661.0,661.0,661.0,177,655.16,2327
2026-05-26 11:20:00,665.0,665.0,665.0,665.0,325,655.33,2327
2026-05-26 11:25:00,663.0,663.0,663.0,663.0,255,655.44,2327
2026-05-26 11:30:00,663.0,663.0,663.0,663.0,174,655.51,2327
2026-05-26 11:35:00,662.0,662.0,662.0,662.0,225,655.58,2327
2026-05-26 11:40:00,660.0,660.0,660.0,660.0,288,655.65,2327
2026-05-26 11:45:00,660.0,660.0,660.0,660.0,327,655.72,2327
2026-05-26 11:50:00,660.0,660.0,660.0,660.0,398,655.81,2327
2026-05-26 11:55:00,657.0,657.0,657.0,657.0,281,655.82,2327
2026-05-26 12:00:00,658.0,658.0,658.0,658.0,431,655.87,2327
2026-05-26 12:05:00,663.0,663.0,663.0,663.0,298,655.97,2327
2026-05-26 12:10:00,665.0,665.0,665.0,665.0,372,656.13,2327
2026-05-26 12:15:00,670.0,670.0,670.0,670.0,300,656.32,2327
2026-05-26 12:20:00,670.0,670.0,670.0,670.0,296,656.5,2327
2026-05-26 12:25:00,667.0,667.0,667.0,667.0,325,656.65,2327
2026-05-26 12:30:00,666.0,666.0,666.0,666.0,305,656.78,2327
2026-05-26 12:35:00,665.0,665.0,665.0,665.0,312,656.89,2327
2026-05-26 12:40:00,664.0,664.0,664.0,664.0,389,657.01,2327
2026-05-26 12:45:00,664.0,664.0,664.0,664.0,176,657.06,2327
2026-05-26 12:50:00,667.0,667.0,667.0,667.0,228,657.16,2327
2026-05-26 12:55:00,668.0,668.0,668.0,668.0,317,657.3,2327
2026-05-26 13:00:00,670.0,670.0,670.0,670.0,389,657.5,2327
2026-05-26 13:05:00,669.0,669.0,669.0,669.0,275,657.63,2327
2026-05-26 13:10:00,668.0,668.0,668.0,668.0,385,657.79,2327
2026-05-26 13:15:00,668.0,668.0,668.0,668.0,406,657.95,2327
2026-05-26 13:20:00,666.0,666.0,666.0,666.0,576,658.13,2327
2026-05-26 13:30:00,661.0,661.0,661.0,661.0,1312,658.27,2327
2026-05-27 09:00:00,683.0,683.0,683.0,683.0,1000,683.0,2327
2026-05-27 09:05:00,727.0,727.0,727.0,727.0,1465,709.15,2327
2026-05-27 09:10:00,725.0,725.0,725.0,725.0,747,712.84,2327
2026-05-27 09:15:00,716.0,716.0,716.0,716.0,474,713.24,2327
2026-05-27 09:20:00,725.0,725.0,725.0,725.0,992,715.74,2327
2026-05-27 09:25:00,710.0,710.0,710.0,710.0,885,714.82,2327
2026-05-27 09:30:00,700.0,700.0,700.0,700.0,879,712.8,2327
2026-05-27 09:35:00,698.0,698.0,698.0,698.0,596,711.55,2327
2026-05-27 09:40:00,706.0,706.0,706.0,706.0,505,711.18,2327
2026-05-27 09:45:00,700.0,700.0,700.0,700.0,412,710.6,2327
2026-05-27 09:50:00,700.0,700.0,700.0,700.0,563,709.9,2327
2026-05-27 09:55:00,692.0,692.0,692.0,692.0,512,708.88,2327
2026-05-27 10:00:00,693.0,693.0,693.0,693.0,347,708.29,2327
2026-05-27 10:05:00,700.0,700.0,700.0,700.0,289,708.05,2327
2026-05-27 10:10:00,709.0,709.0,709.0,709.0,398,708.08,2327
2026-05-27 10:15:00,710.0,710.0,710.0,710.0,452,708.17,2327
2026-05-27 10:20:00,702.0,702.0,702.0,702.0,410,707.94,2327
2026-05-27 10:25:00,710.0,710.0,710.0,710.0,435,708.01,2327
2026-05-27 10:30:00,710.0,710.0,710.0,710.0,268,708.06,2327
2026-05-27 10:35:00,708.0,708.0,708.0,708.0,255,708.06,2327
2026-05-27 10:40:00,716.0,716.0,716.0,716.0,243,708.22,2327
2026-05-27 10:45:00,718.0,718.0,718.0,718.0,249,708.41,2327
2026-05-27 10:50:00,720.0,720.0,720.0,720.0,569,708.92,2327
2026-05-27 10:55:00,724.0,724.0,724.0,724.0,276,709.24,2327
2026-05-27 11:00:00,723.0,723.0,723.0,723.0,304,709.55,2327
2026-05-27 11:05:00,724.0,724.0,724.0,724.0,168,709.73,2327
2026-05-27 11:10:00,725.0,725.0,725.0,725.0,297,710.05,2327
2026-05-27 11:15:00,726.0,726.0,726.0,726.0,388,710.48,2327
2026-05-27 11:20:00,726.0,726.0,726.0,726.0,322,710.82,2327
2026-05-27 11:25:00,724.0,724.0,724.0,724.0,201,711.0,2327
2026-05-27 11:30:00,725.0,725.0,725.0,725.0,156,711.14,2327
2026-05-27 11:35:00,726.0,726.0,726.0,726.0,277,711.41,2327
2026-05-27 11:40:00,726.0,726.0,726.0,726.0,247,711.64,2327
2026-05-27 11:45:00,726.0,726.0,726.0,726.0,192,711.82,2327
2026-05-27 11:50:00,726.0,726.0,726.0,726.0,141,711.94,2327
2026-05-27 11:55:00,726.0,726.0,726.0,726.0,156,712.08,2327
2026-05-27 12:00:00,725.0,725.0,725.0,725.0,173,712.22,2327
2026-05-27 12:05:00,720.0,720.0,720.0,720.0,230,712.33,2327
2026-05-27 12:10:00,723.0,723.0,723.0,723.0,191,712.45,2327
2026-05-27 12:15:00,716.0,716.0,716.0,716.0,293,712.51,2327
2026-05-27 12:20:00,705.0,705.0,705.0,705.0,433,712.32,2327
2026-05-27 12:25:00,705.0,705.0,705.0,705.0,570,712.09,2327
2026-05-27 12:30:00,700.0,700.0,700.0,700.0,508,711.76,2327
2026-05-27 12:35:00,708.0,708.0,708.0,708.0,517,711.66,2327
2026-05-27 12:40:00,705.0,705.0,705.0,705.0,242,711.57,2327
2026-05-27 12:45:00,704.0,704.0,704.0,704.0,341,711.44,2327
2026-05-27 12:50:00,705.0,705.0,705.0,705.0,296,711.34,2327
2026-05-27 12:55:00,712.0,712.0,712.0,712.0,259,711.35,2327
2026-05-27 13:00:00,710.0,710.0,710.0,710.0,270,711.33,2327
2026-05-27 13:05:00,706.0,706.0,706.0,706.0,240,711.27,2327
2026-05-27 13:10:00,709.0,709.0,709.0,709.0,339,711.24,2327
2026-05-27 13:15:00,708.0,708.0,708.0,708.0,421,711.17,2327
2026-05-27 13:20:00,708.0,708.0,708.0,708.0,343,711.12,2327
2026-05-27 13:30:00,701.0,701.0,701.0,701.0,1706,710.38,2327
2026-05-28 09:00:00,709.0,709.0,709.0,709.0,1757,709.0,2327
2026-05-28 09:05:00,723.0,723.0,723.0,723.0,685,712.93,2327
2026-05-28 09:10:00,735.0,735.0,735.0,735.0,820,718.48,2327
2026-05-28 09:15:00,745.0,745.0,745.0,745.0,848,723.95,2327
2026-05-28 09:20:00,752.0,752.0,752.0,752.0,789,728.47,2327
2026-05-28 09:25:00,750.0,750.0,750.0,750.0,530,730.57,2327
2026-05-28 09:30:00,743.0,743.0,743.0,743.0,401,731.42,2327
2026-05-28 09:35:00,736.0,736.0,736.0,736.0,463,731.76,2327
2026-05-28 09:40:00,740.0,740.0,740.0,740.0,388,732.24,2327
2026-05-28 09:45:00,750.0,750.0,750.0,750.0,462,733.39,2327
2026-05-28 09:50:00,749.0,749.0,749.0,749.0,346,734.11,2327
2026-05-28 09:55:00,750.0,750.0,750.0,750.0,469,735.05,2327
2026-05-28 10:00:00,750.0,750.0,750.0,750.0,532,735.98,2327
2026-05-28 10:05:00,750.0,750.0,750.0,750.0,659,736.99,2327
2026-05-28 10:10:00,745.0,745.0,745.0,745.0,704,737.56,2327
2026-05-28 10:15:00,745.0,745.0,745.0,745.0,219,737.73,2327
2026-05-28 10:20:00,744.0,744.0,744.0,744.0,225,737.86,2327
2026-05-28 10:25:00,745.0,745.0,745.0,745.0,183,737.99,2327
2026-05-28 10:30:00,748.0,748.0,748.0,748.0,230,738.2,2327
2026-05-28 10:35:00,745.0,745.0,745.0,745.0,233,738.35,2327
2026-05-28 10:40:00,748.0,748.0,748.0,748.0,143,738.47,2327
2026-05-28 10:45:00,749.0,749.0,749.0,749.0,168,738.63,2327
2026-05-28 10:50:00,750.0,750.0,750.0,750.0,401,739.02,2327
2026-05-28 10:55:00,762.0,762.0,762.0,762.0,540,740.04,2327
2026-05-28 11:00:00,764.0,764.0,764.0,764.0,556,741.08,2327
2026-05-28 11:05:00,767.0,767.0,767.0,767.0,288,741.66,2327
2026-05-28 11:10:00,769.0,769.0,769.0,769.0,289,742.25,2327
2026-05-28 11:15:00,767.0,767.0,767.0,767.0,374,742.92,2327
2026-05-28 11:20:00,766.0,766.0,766.0,766.0,244,743.33,2327
2026-05-28 11:25:00,753.0,753.0,753.0,753.0,393,743.59,2327
2026-05-28 11:30:00,745.0,745.0,745.0,745.0,324,743.62,2327
2026-05-28 11:35:00,740.0,740.0,740.0,740.0,491,743.51,2327
2026-05-28 11:40:00,730.0,730.0,730.0,730.0,611,742.98,2327
2026-05-28 11:45:00,745.0,745.0,745.0,745.0,464,743.04,2327
2026-05-28 11:50:00,753.0,753.0,753.0,753.0,341,743.25,2327
2026-05-28 11:55:00,752.0,752.0,752.0,752.0,210,743.36,2327
2026-05-28 12:00:00,747.0,747.0,747.0,747.0,158,743.39,2327
2026-05-28 12:05:00,734.0,734.0,734.0,734.0,276,743.24,2327
2026-05-28 12:10:00,735.0,735.0,735.0,735.0,457,743.03,2327
2026-05-28 12:15:00,728.0,728.0,728.0,728.0,487,742.62,2327
2026-05-28 12:20:00,722.0,722.0,722.0,722.0,420,742.16,2327
2026-05-28 12:25:00,715.0,715.0,715.0,715.0,431,741.54,2327
2026-05-28 12:30:00,727.0,727.0,727.0,727.0,321,741.3,2327
2026-05-28 12:35:00,721.0,721.0,721.0,721.0,279,741.01,2327
2026-05-28 12:40:00,733.0,733.0,733.0,733.0,240,740.91,2327
2026-05-28 12:45:00,730.0,730.0,730.0,730.0,290,740.76,2327
2026-05-28 12:50:00,731.0,731.0,731.0,731.0,276,740.62,2327
2026-05-28 12:55:00,735.0,735.0,735.0,735.0,208,740.57,2327
2026-05-28 13:00:00,738.0,738.0,738.0,738.0,243,740.54,2327
2026-05-28 13:05:00,730.0,730.0,730.0,730.0,333,740.37,2327
2026-05-28 13:10:00,735.0,735.0,735.0,735.0,408,740.27,2327
2026-05-28 13:15:00,743.0,743.0,743.0,743.0,338,740.31,2327
2026-05-28 13:20:00,749.0,749.0,749.0,749.0,355,740.45,2327
2026-05-28 13:30:00,742.0,742.0,742.0,742.0,1084,740.52,2327
2026-05-29 09:00:00,775.0,775.0,775.0,775.0,1467,775.0,2327
2026-05-29 09:05:00,784.0,784.0,784.0,784.0,849,778.3,2327
2026-05-29 09:10:00,769.0,769.0,769.0,769.0,844,775.82,2327
2026-05-29 09:15:00,771.0,771.0,771.0,771.0,396,775.28,2327
2026-05-29 09:20:00,771.0,771.0,771.0,771.0,303,774.94,2327
2026-05-29 09:25:00,752.0,752.0,752.0,752.0,862,770.75,2327
2026-05-29 09:30:00,750.0,750.0,750.0,750.0,436,769.0,2327
2026-05-29 09:35:00,750.0,750.0,750.0,750.0,375,767.71,2327
2026-05-29 09:40:00,746.0,746.0,746.0,746.0,383,766.31,2327
2026-05-29 09:45:00,742.0,742.0,742.0,742.0,589,764.1,2327
2026-05-29 09:50:00,740.0,740.0,740.0,740.0,525,762.3,2327
2026-05-29 09:55:00,735.0,735.0,735.0,735.0,533,760.38,2327
2026-05-29 10:00:00,744.0,744.0,744.0,744.0,390,759.58,2327
2026-05-29 10:05:00,750.0,750.0,750.0,750.0,214,759.33,2327
2026-05-29 10:10:00,753.0,753.0,753.0,753.0,182,759.19,2327
2026-05-29 10:15:00,755.0,755.0,755.0,755.0,214,759.08,2327
2026-05-29 10:20:00,754.0,754.0,754.0,754.0,172,758.98,2327
2026-05-29 10:25:00,755.0,755.0,755.0,755.0,211,758.89,2327
2026-05-29 10:30:00,753.0,753.0,753.0,753.0,207,758.76,2327
2026-05-29 10:35:00,750.0,750.0,750.0,750.0,248,758.52,2327
2026-05-29 10:40:00,748.0,748.0,748.0,748.0,247,758.26,2327
2026-05-29 10:45:00,748.0,748.0,748.0,748.0,141,758.11,2327
2026-05-29 10:50:00,748.0,748.0,748.0,748.0,105,758.0,2327
2026-05-29 10:55:00,745.0,745.0,745.0,745.0,198,757.75,2327
2026-05-29 11:00:00,744.0,744.0,744.0,744.0,185,757.5,2327
2026-05-29 11:05:00,747.0,747.0,747.0,747.0,220,757.28,2327
2026-05-29 11:10:00,747.0,747.0,747.0,747.0,228,757.06,2327
2026-05-29 11:15:00,745.0,745.0,745.0,745.0,170,756.87,2327
2026-05-29 11:20:00,747.0,747.0,747.0,747.0,143,756.74,2327
2026-05-29 11:25:00,750.0,750.0,750.0,750.0,321,756.55,2327
2026-05-29 11:30:00,751.0,751.0,751.0,751.0,298,756.41,2327
2026-05-29 11:35:00,755.0,755.0,755.0,755.0,179,756.39,2327
2026-05-29 11:40:00,755.0,755.0,755.0,755.0,505,756.33,2327
2026-05-29 11:45:00,758.0,758.0,758.0,758.0,165,756.35,2327
2026-05-29 11:50:00,758.0,758.0,758.0,758.0,250,756.39,2327
2026-05-29 11:55:00,760.0,760.0,760.0,760.0,146,756.43,2327
2026-05-29 12:00:00,763.0,763.0,763.0,763.0,192,756.52,2327
2026-05-29 12:05:00,768.0,768.0,768.0,768.0,416,756.88,2327
2026-05-29 12:10:00,770.0,770.0,770.0,770.0,227,757.09,2327
2026-05-29 12:15:00,773.0,773.0,773.0,773.0,374,757.52,2327
2026-05-29 12:20:00,775.0,775.0,775.0,775.0,258,757.83,2327
2026-05-29 12:25:00,772.0,772.0,772.0,772.0,333,758.15,2327
2026-05-29 12:30:00,758.0,758.0,758.0,758.0,580,758.14,2327
2026-05-29 12:35:00,758.0,758.0,758.0,758.0,198,758.14,2327
2026-05-29 12:40:00,761.0,761.0,761.0,761.0,172,758.17,2327
2026-05-29 12:45:00,762.0,762.0,762.0,762.0,182,758.22,2327
2026-05-29 12:50:00,764.0,764.0,764.0,764.0,251,758.31,2327
2026-05-29 12:55:00,763.0,763.0,763.0,763.0,221,758.37,2327
2026-05-29 13:00:00,760.0,760.0,760.0,760.0,217,758.39,2327
2026-05-29 13:05:00,752.0,752.0,752.0,752.0,376,758.25,2327
2026-05-29 13:10:00,750.0,750.0,750.0,750.0,504,758.01,2327
2026-05-29 13:15:00,755.0,755.0,755.0,755.0,271,757.97,2327
2026-05-29 13:20:00,758.0,758.0,758.0,758.0,482,757.97,2327
2026-05-29 13:30:00,738.0,738.0,738.0,738.0,9420,751.15,2327
2026-06-01 09:00:00,765.0,765.0,765.0,765.0,1354,765.0,2327
2026-06-01 09:05:00,784.0,784.0,784.0,784.0,1238,774.07,2327
2026-06-01 09:10:00,802.0,802.0,802.0,802.0,1331,783.55,2327
2026-06-01 09:15:00,800.0,800.0,800.0,800.0,820,786.39,2327
2026-06-01 09:20:00,802.0,802.0,802.0,802.0,568,788.06,2327
2026-06-01 09:25:00,810.0,810.0,810.0,810.0,1046,791.67,2327
2026-06-01 09:30:00,810.0,810.0,810.0,810.0,784,793.68,2327
2026-06-01 09:35:00,811.0,811.0,811.0,811.0,506,794.83,2327
2026-06-01 09:40:00,811.0,811.0,811.0,811.0,533,795.88,2327
2026-06-01 09:45:00,811.0,811.0,811.0,811.0,500,796.75,2327
2026-06-01 09:50:00,810.0,810.0,810.0,810.0,264,797.15,2327
2026-06-01 09:55:00,811.0,811.0,811.0,811.0,1104,798.67,2327
2026-06-01 10:00:00,811.0,811.0,811.0,811.0,1545,800.31,2327
2026-06-01 10:05:00,811.0,811.0,811.0,811.0,327,800.6,2327
2026-06-01 10:10:00,811.0,811.0,811.0,811.0,224,800.8,2327
2026-06-01 10:15:00,810.0,810.0,810.0,810.0,272,801.0,2327
2026-06-01 10:20:00,811.0,811.0,811.0,811.0,753,801.57,2327
2026-06-01 10:25:00,811.0,811.0,811.0,811.0,1499,802.53,2327
2026-06-01 10:30:00,811.0,811.0,811.0,811.0,657,802.9,2327
2026-06-01 10:35:00,811.0,811.0,811.0,811.0,227,803.01,2327
2026-06-01 10:40:00,808.0,808.0,808.0,808.0,407,803.14,2327
2026-06-01 10:45:00,796.0,796.0,796.0,796.0,553,802.9,2327
2026-06-01 10:50:00,798.0,798.0,798.0,798.0,339,802.8,2327
2026-06-01 10:55:00,794.0,794.0,794.0,794.0,626,802.49,2327
2026-06-01 11:00:00,783.0,783.0,783.0,783.0,630,801.81,2327
2026-06-01 11:05:00,780.0,780.0,780.0,780.0,864,800.82,2327
2026-06-01 11:10:00,790.0,790.0,790.0,790.0,250,800.68,2327
2026-06-01 11:15:00,797.0,797.0,797.0,797.0,220,800.63,2327
2026-06-01 11:20:00,784.0,784.0,784.0,784.0,485,800.23,2327
2026-06-01 11:25:00,796.0,796.0,796.0,796.0,251,800.18,2327
2026-06-01 11:30:00,796.0,796.0,796.0,796.0,372,800.1,2327
2026-06-01 11:35:00,789.0,789.0,789.0,789.0,328,799.93,2327
2026-06-01 11:40:00,788.0,788.0,788.0,788.0,268,799.78,2327
2026-06-01 11:45:00,782.0,782.0,782.0,782.0,313,799.52,2327
2026-06-01 11:50:00,799.0,799.0,799.0,799.0,232,799.51,2327
2026-06-01 11:55:00,800.0,800.0,800.0,800.0,264,799.52,2327
2026-06-01 12:00:00,787.0,787.0,787.0,787.0,367,799.31,2327
2026-06-01 12:05:00,785.0,785.0,785.0,785.0,340,799.1,2327
2026-06-01 12:10:00,784.0,784.0,784.0,784.0,426,798.82,2327
2026-06-01 12:15:00,780.0,780.0,780.0,780.0,647,798.31,2327
2026-06-01 12:20:00,775.0,775.0,775.0,775.0,452,797.87,2327
2026-06-01 12:25:00,770.0,770.0,770.0,770.0,566,797.23,2327
2026-06-01 12:30:00,773.0,773.0,773.0,773.0,581,796.68,2327
2026-06-01 12:35:00,775.0,775.0,775.0,775.0,435,796.31,2327
2026-06-01 12:40:00,777.0,777.0,777.0,777.0,340,796.06,2327
2026-06-01 12:45:00,777.0,777.0,777.0,777.0,346,795.81,2327
2026-06-01 12:50:00,771.0,771.0,771.0,771.0,457,795.39,2327
2026-06-01 12:55:00,774.0,774.0,774.0,774.0,317,795.14,2327
2026-06-01 13:00:00,775.0,775.0,775.0,775.0,395,794.85,2327
2026-06-01 13:05:00,771.0,771.0,771.0,771.0,503,794.43,2327
2026-06-01 13:10:00,770.0,770.0,770.0,770.0,575,793.94,2327
2026-06-01 13:15:00,770.0,770.0,770.0,770.0,427,793.58,2327
2026-06-01 13:20:00,775.0,775.0,775.0,775.0,349,793.36,2327
2026-06-01 13:30:00,790.0,790.0,790.0,790.0,1142,793.24,2327
2026-06-02 09:00:00,771.0,771.0,771.0,771.0,1299,771.0,2327
2026-06-02 09:05:00,772.0,772.0,772.0,772.0,591,771.31,2327
2026-06-02 09:10:00,772.0,772.0,772.0,772.0,765,771.51,2327
2026-06-02 09:15:00,772.0,772.0,772.0,772.0,613,771.6,2327
2026-06-02 09:20:00,770.0,770.0,770.0,770.0,1048,771.21,2327
2026-06-02 09:25:00,762.0,762.0,762.0,762.0,841,769.71,2327
2026-06-02 09:30:00,757.0,757.0,757.0,757.0,978,767.68,2327
2026-06-02 09:35:00,764.0,764.0,764.0,764.0,747,767.28,2327
2026-06-02 09:40:00,765.0,765.0,765.0,765.0,380,767.17,2327
2026-06-02 09:45:00,763.0,763.0,763.0,763.0,433,766.93,2327
2026-06-02 09:50:00,761.0,761.0,761.0,761.0,305,766.7,2327
2026-06-02 09:55:00,766.0,766.0,766.0,766.0,296,766.68,2327
2026-06-02 10:00:00,770.0,770.0,770.0,770.0,317,766.8,2327
2026-06-02 10:05:00,770.0,770.0,770.0,770.0,219,766.88,2327
2026-06-02 10:10:00,775.0,775.0,775.0,775.0,218,767.08,2327
2026-06-02 10:15:00,778.0,778.0,778.0,778.0,359,767.49,2327
2026-06-02 10:20:00,775.0,775.0,775.0,775.0,194,767.65,2327
2026-06-02 10:25:00,774.0,774.0,774.0,774.0,159,767.75,2327
2026-06-02 10:30:00,772.0,772.0,772.0,772.0,340,767.89,2327
2026-06-02 10:35:00,774.0,774.0,774.0,774.0,193,768.01,2327
2026-06-02 10:40:00,778.0,778.0,778.0,778.0,278,768.27,2327
2026-06-02 10:45:00,780.0,780.0,780.0,780.0,209,768.5,2327
2026-06-02 10:50:00,780.0,780.0,780.0,780.0,265,768.77,2327
2026-06-02 10:55:00,772.0,772.0,772.0,772.0,327,768.87,2327
2026-06-02 11:00:00,773.0,773.0,773.0,773.0,158,768.92,2327
2026-06-02 11:05:00,773.0,773.0,773.0,773.0,197,768.99,2327
2026-06-02 11:10:00,772.0,772.0,772.0,772.0,197,769.04,2327
2026-06-02 11:15:00,770.0,770.0,770.0,770.0,298,769.06,2327
2026-06-02 11:20:00,766.0,766.0,766.0,766.0,271,769.0,2327
2026-06-02 11:25:00,760.0,760.0,760.0,760.0,444,768.69,2327
2026-06-02 11:30:00,759.0,759.0,759.0,759.0,406,768.39,2327
2026-06-02 11:35:00,759.0,759.0,759.0,759.0,293,768.19,2327
2026-06-02 11:40:00,760.0,760.0,760.0,760.0,363,767.98,2327
2026-06-02 11:45:00,765.0,765.0,765.0,765.0,233,767.93,2327
2026-06-02 11:50:00,772.0,772.0,772.0,772.0,230,768.0,2327
2026-06-02 11:55:00,772.0,772.0,772.0,772.0,179,768.04,2327
2026-06-02 12:00:00,771.0,771.0,771.0,771.0,216,768.09,2327
2026-06-02 12:05:00,772.0,772.0,772.0,772.0,274,768.16,2327
2026-06-02 12:10:00,772.0,772.0,772.0,772.0,189,768.21,2327
2026-06-02 12:15:00,771.0,771.0,771.0,771.0,104,768.22,2327
2026-06-02 12:20:00,770.0,770.0,770.0,770.0,171,768.24,2327
2026-06-02 12:25:00,775.0,775.0,775.0,775.0,282,768.36,2327
2026-06-02 12:30:00,780.0,780.0,780.0,780.0,312,768.59,2327
2026-06-02 12:35:00,786.0,786.0,786.0,786.0,268,768.87,2327
2026-06-02 12:40:00,786.0,786.0,786.0,786.0,251,769.13,2327
2026-06-02 12:45:00,788.0,788.0,788.0,788.0,230,769.38,2327
2026-06-02 12:50:00,796.0,796.0,796.0,796.0,423,770.03,2327
2026-06-02 12:55:00,805.0,805.0,805.0,805.0,399,770.82,2327
2026-06-02 13:00:00,805.0,805.0,805.0,805.0,396,771.56,2327
2026-06-02 13:05:00,806.0,806.0,806.0,806.0,342,772.2,2327
2026-06-02 13:10:00,813.0,813.0,813.0,813.0,351,772.96,2327
2026-06-02 13:15:00,830.0,830.0,830.0,830.0,500,774.43,2327
2026-06-02 13:20:00,847.0,847.0,847.0,847.0,656,776.81,2327
2026-06-02 13:30:00,846.0,846.0,846.0,846.0,1530,781.73,2327
2026-06-03 09:00:00,810.0,810.0,810.0,810.0,1545,810.0,2327
2026-06-03 09:05:00,816.0,816.0,816.0,816.0,540,811.55,2327
2026-06-03 09:10:00,816.0,816.0,816.0,816.0,525,812.45,2327
2026-06-03 09:15:00,828.0,828.0,828.0,828.0,398,814.51,2327
2026-06-03 09:20:00,844.0,844.0,844.0,844.0,512,818.8,2327
2026-06-03 09:25:00,834.0,834.0,834.0,834.0,617,821.06,2327
2026-06-03 09:30:00,827.0,827.0,827.0,827.0,371,821.55,2327
2026-06-03 09:35:00,822.0,822.0,822.0,822.0,435,821.59,2327
2026-06-03 09:40:00,820.0,820.0,820.0,820.0,288,821.5,2327
2026-06-03 09:45:00,825.0,825.0,825.0,825.0,236,821.65,2327
2026-06-03 09:50:00,822.0,822.0,822.0,822.0,209,821.67,2327
2026-06-03 09:55:00,821.0,821.0,821.0,821.0,263,821.64,2327
2026-06-03 10:00:00,820.0,820.0,820.0,820.0,304,821.56,2327
2026-06-03 10:05:00,820.0,820.0,820.0,820.0,241,821.5,2327
2026-06-03 10:10:00,820.0,820.0,820.0,820.0,309,821.43,2327
2026-06-03 10:15:00,816.0,816.0,816.0,816.0,319,821.19,2327
2026-06-03 10:20:00,815.0,815.0,815.0,815.0,466,820.81,2327
2026-06-03 10:25:00,814.0,814.0,814.0,814.0,218,820.62,2327
2026-06-03 10:30:00,813.0,813.0,813.0,813.0,126,820.5,2327
2026-06-03 10:35:00,811.0,811.0,811.0,811.0,200,820.26,2327
2026-06-03 10:40:00,811.0,811.0,811.0,811.0,239,820.0,2327
2026-06-03 10:45:00,816.0,816.0,816.0,816.0,174,819.92,2327
2026-06-03 10:50:00,816.0,816.0,816.0,816.0,163,819.84,2327
2026-06-03 10:55:00,817.0,817.0,817.0,817.0,119,819.8,2327
2026-06-03 11:00:00,817.0,817.0,817.0,817.0,118,819.77,2327
2026-06-03 11:05:00,820.0,820.0,820.0,820.0,139,819.77,2327
2026-06-03 11:10:00,821.0,821.0,821.0,821.0,216,819.8,2327
2026-06-03 11:15:00,820.0,820.0,820.0,820.0,172,819.8,2327
2026-06-03 11:20:00,820.0,820.0,820.0,820.0,190,819.81,2327
2026-06-03 11:25:00,822.0,822.0,822.0,822.0,114,819.83,2327
2026-06-03 11:30:00,824.0,824.0,824.0,824.0,111,819.88,2327
2026-06-03 11:35:00,824.0,824.0,824.0,824.0,221,819.97,2327
2026-06-03 11:40:00,822.0,822.0,822.0,822.0,112,819.99,2327
2026-06-03 11:45:00,821.0,821.0,821.0,821.0,97,820.0,2327
2026-06-03 11:50:00,820.0,820.0,820.0,820.0,153,820.0,2327
2026-06-03 11:55:00,818.0,818.0,818.0,818.0,179,819.97,2327
2026-06-03 12:00:00,815.0,815.0,815.0,815.0,172,819.89,2327
2026-06-03 12:05:00,815.0,815.0,815.0,815.0,150,819.82,2327
2026-06-03 12:10:00,814.0,814.0,814.0,814.0,145,819.75,2327
2026-06-03 12:15:00,817.0,817.0,817.0,817.0,114,819.72,2327
2026-06-03 12:20:00,818.0,818.0,818.0,818.0,201,819.69,2327
2026-06-03 12:25:00,819.0,819.0,819.0,819.0,176,819.68,2327
2026-06-03 12:30:00,818.0,818.0,818.0,818.0,204,819.65,2327
2026-06-03 12:35:00,819.0,819.0,819.0,819.0,213,819.64,2327
2026-06-03 12:40:00,819.0,819.0,819.0,819.0,225,819.63,2327
2026-06-03 12:45:00,820.0,820.0,820.0,820.0,208,819.63,2327
2026-06-03 12:50:00,823.0,823.0,823.0,823.0,196,819.68,2327
2026-06-03 12:55:00,825.0,825.0,825.0,825.0,282,819.8,2327
2026-06-03 13:00:00,826.0,826.0,826.0,826.0,244,819.91,2327
2026-06-03 13:05:00,825.0,825.0,825.0,825.0,282,820.02,2327
2026-06-03 13:10:00,823.0,823.0,823.0,823.0,239,820.07,2327
2026-06-03 13:15:00,823.0,823.0,823.0,823.0,207,820.12,2327
2026-06-03 13:20:00,822.0,822.0,822.0,822.0,222,820.15,2327
2026-06-03 13:30:00,820.0,820.0,820.0,820.0,1049,820.14,2327
2026-06-04 09:00:00,775.0,775.0,775.0,775.0,1310,775.0,2327
2026-06-04 09:05:00,775.0,775.0,775.0,775.0,826,775.0,2327
2026-06-04 09:10:00,781.0,781.0,781.0,781.0,459,776.06,2327
2026-06-04 09:15:00,788.0,788.0,788.0,788.0,372,777.56,2327
2026-06-04 09:20:00,779.0,779.0,779.0,779.0,918,777.9,2327
2026-06-04 09:25:00,778.0,778.0,778.0,778.0,319,777.91,2327
2026-06-04 09:30:00,780.0,780.0,780.0,780.0,366,778.07,2327
2026-06-04 09:35:00,781.0,781.0,781.0,781.0,301,778.25,2327
2026-06-04 09:40:00,778.0,778.0,778.0,778.0,453,778.23,2327
2026-06-04 09:45:00,775.0,775.0,775.0,775.0,741,777.84,2327
2026-06-04 09:50:00,775.0,775.0,775.0,775.0,401,777.66,2327
2026-06-04 09:55:00,767.0,767.0,767.0,767.0,680,776.65,2327
2026-06-04 10:00:00,755.0,755.0,755.0,755.0,759,774.57,2327
2026-06-04 10:05:00,751.0,751.0,751.0,751.0,604,772.9,2327
2026-06-04 10:10:00,756.0,756.0,756.0,756.0,433,772.08,2327
2026-06-04 10:15:00,762.0,762.0,762.0,762.0,264,771.79,2327
2026-06-04 10:20:00,758.0,758.0,758.0,758.0,184,771.52,2327
2026-06-04 10:25:00,758.0,758.0,758.0,758.0,168,771.28,2327
2026-06-04 10:30:00,758.0,758.0,758.0,758.0,214,770.99,2327
2026-06-04 10:35:00,756.0,756.0,756.0,756.0,274,770.58,2327
2026-06-04 10:40:00,755.0,755.0,755.0,755.0,327,770.09,2327
2026-06-04 10:45:00,751.0,751.0,751.0,751.0,331,769.5,2327
2026-06-04 10:50:00,751.0,751.0,751.0,751.0,329,768.95,2327
2026-06-04 10:55:00,751.0,751.0,751.0,751.0,247,768.56,2327
2026-06-04 11:00:00,752.0,752.0,752.0,752.0,201,768.27,2327
2026-06-04 11:05:00,755.0,755.0,755.0,755.0,211,768.03,2327
2026-06-04 11:10:00,756.0,756.0,756.0,756.0,296,767.73,2327
2026-06-04 11:15:00,756.0,756.0,756.0,756.0,292,767.45,2327
2026-06-04 11:20:00,756.0,756.0,756.0,756.0,297,767.18,2327
2026-06-04 11:25:00,756.0,756.0,756.0,756.0,249,766.96,2327
2026-06-04 11:30:00,755.0,755.0,755.0,755.0,255,766.73,2327
2026-06-04 11:35:00,758.0,758.0,758.0,758.0,221,766.58,2327
2026-06-04 11:40:00,757.0,757.0,757.0,757.0,234,766.42,2327
2026-06-04 11:45:00,756.0,756.0,756.0,756.0,158,766.3,2327
2026-06-04 11:50:00,755.0,755.0,755.0,755.0,159,766.17,2327
2026-06-04 11:55:00,754.0,754.0,754.0,754.0,184,766.01,2327
2026-06-04 12:00:00,752.0,752.0,752.0,752.0,170,765.84,2327
2026-06-04 12:05:00,752.0,752.0,752.0,752.0,253,765.6,2327
2026-06-04 12:10:00,751.0,751.0,751.0,751.0,175,765.43,2327
2026-06-04 12:15:00,751.0,751.0,751.0,751.0,355,765.08,2327
2026-06-04 12:20:00,751.0,751.0,751.0,751.0,219,764.88,2327
2026-06-04 12:25:00,751.0,751.0,751.0,751.0,177,764.72,2327
2026-06-04 12:30:00,755.0,755.0,755.0,755.0,254,764.56,2327
2026-06-04 12:35:00,755.0,755.0,755.0,755.0,197,764.44,2327
2026-06-04 12:40:00,755.0,755.0,755.0,755.0,196,764.33,2327
2026-06-04 12:45:00,756.0,756.0,756.0,756.0,231,764.21,2327
2026-06-04 12:50:00,755.0,755.0,755.0,755.0,188,764.11,2327
2026-06-04 12:55:00,755.0,755.0,755.0,755.0,251,763.97,2327
2026-06-04 13:00:00,752.0,752.0,752.0,752.0,334,763.73,2327
2026-06-04 13:05:00,751.0,751.0,751.0,751.0,466,763.39,2327
2026-06-04 13:10:00,750.0,750.0,750.0,750.0,563,762.98,2327
2026-06-04 13:15:00,750.0,750.0,750.0,750.0,563,762.59,2327
2026-06-04 13:20:00,750.0,750.0,750.0,750.0,525,762.24,2327
2026-06-04 13:30:00,743.0,743.0,743.0,743.0,1583,760.77,2327
2026-06-05 09:00:00,708.0,708.0,708.0,708.0,1163,708.0,2327
2026-06-05 09:05:00,711.0,711.0,711.0,711.0,830,709.25,2327
2026-06-05 09:10:00,709.0,709.0,709.0,709.0,817,709.18,2327
2026-06-05 09:15:00,685.0,685.0,685.0,685.0,1472,700.87,2327
2026-06-05 09:20:00,670.0,670.0,670.0,670.0,3043,688.04,2327
2026-06-05 09:25:00,672.0,672.0,672.0,672.0,943,686.21,2327
2026-06-05 09:30:00,673.0,673.0,673.0,673.0,802,685.05,2327
2026-06-05 09:35:00,690.0,690.0,690.0,690.0,860,685.47,2327
2026-06-05 09:40:00,691.0,691.0,691.0,691.0,872,685.92,2327
2026-06-05 09:45:00,699.0,699.0,699.0,699.0,645,686.66,2327
2026-06-05 09:50:00,708.0,708.0,708.0,708.0,573,687.67,2327
2026-06-05 09:55:00,740.0,740.0,740.0,740.0,865,691.19,2327
2026-06-05 10:00:00,739.0,739.0,739.0,739.0,589,693.28,2327
2026-06-05 10:05:00,740.0,740.0,740.0,740.0,290,694.26,2327
2026-06-05 10:10:00,768.0,768.0,768.0,768.0,701,697.84,2327
2026-06-05 10:15:00,778.0,778.0,778.0,778.0,593,700.99,2327
2026-06-05 10:20:00,776.0,776.0,776.0,776.0,621,703.96,2327
2026-06-05 10:25:00,776.0,776.0,776.0,776.0,456,706.0,2327
2026-06-05 10:30:00,770.0,770.0,770.0,770.0,380,707.47,2327
2026-06-05 10:35:00,770.0,770.0,770.0,770.0,351,708.77,2327
2026-06-05 10:40:00,763.0,763.0,763.0,763.0,448,710.18,2327
2026-06-05 10:45:00,777.0,777.0,777.0,777.0,499,712.05,2327
2026-06-05 10:50:00,777.0,777.0,777.0,777.0,436,713.6,2327
2026-06-05 10:55:00,771.0,771.0,771.0,771.0,236,714.33,2327
2026-06-05 11:00:00,771.0,771.0,771.0,771.0,175,714.86,2327
2026-06-05 11:05:00,771.0,771.0,771.0,771.0,159,715.34,2327
2026-06-05 11:10:00,776.0,776.0,776.0,776.0,247,716.12,2327
2026-06-05 11:15:00,775.0,775.0,775.0,775.0,214,716.78,2327
2026-06-05 11:20:00,775.0,775.0,775.0,775.0,211,717.41,2327
2026-06-05 11:25:00,769.0,769.0,769.0,769.0,272,718.12,2327
2026-06-05 11:30:00,764.0,764.0,764.0,764.0,239,718.67,2327
2026-06-05 11:35:00,760.0,760.0,760.0,760.0,396,719.47,2327
2026-06-05 11:40:00,760.0,760.0,760.0,760.0,233,719.93,2327
2026-06-05 11:45:00,758.0,758.0,758.0,758.0,216,720.32,2327
2026-06-05 11:50:00,751.0,751.0,751.0,751.0,257,720.69,2327
2026-06-05 11:55:00,756.0,756.0,756.0,756.0,200,721.03,2327
2026-06-05 12:00:00,751.0,751.0,751.0,751.0,253,721.38,2327
2026-06-05 12:05:00,744.0,744.0,744.0,744.0,363,721.75,2327
2026-06-05 12:10:00,741.0,741.0,741.0,741.0,284,722.0,2327
2026-06-05 12:15:00,748.0,748.0,748.0,748.0,151,722.17,2327
2026-06-05 12:20:00,747.0,747.0,747.0,747.0,148,722.34,2327
2026-06-05 12:25:00,750.0,750.0,750.0,750.0,201,722.58,2327
2026-06-05 12:30:00,753.0,753.0,753.0,753.0,267,722.94,2327
2026-06-05 12:35:00,753.0,753.0,753.0,753.0,183,723.17,2327
2026-06-05 12:40:00,757.0,757.0,757.0,757.0,158,723.4,2327
2026-06-05 12:45:00,760.0,760.0,760.0,760.0,238,723.77,2327
2026-06-05 12:50:00,764.0,764.0,764.0,764.0,281,724.25,2327
2026-06-05 12:55:00,765.0,765.0,765.0,765.0,226,724.63,2327
2026-06-05 13:00:00,758.0,758.0,758.0,758.0,322,725.07,2327
2026-06-05 13:05:00,760.0,760.0,760.0,760.0,250,725.43,2327
2026-06-05 13:10:00,760.0,760.0,760.0,760.0,374,725.94,2327
2026-06-05 13:15:00,762.0,762.0,762.0,762.0,250,726.3,2327
2026-06-05 13:20:00,769.0,769.0,769.0,769.0,368,726.91,2327
2026-06-05 13:30:00,769.0,769.0,769.0,769.0,1185,728.77,2327
2026-06-08 09:00:00,693.0,693.0,693.0,693.0,5466,693.0,2327
2026-06-08 09:05:00,710.0,710.0,710.0,710.0,835,695.25,2327
2026-06-08 09:10:00,723.0,723.0,723.0,723.0,742,698.18,2327
2026-06-08 09:15:00,725.0,725.0,725.0,725.0,517,700.01,2327
2026-06-08 09:20:00,696.0,696.0,696.0,696.0,1444,699.37,2327
2026-06-08 09:25:00,700.0,700.0,700.0,700.0,423,699.4,2327
2026-06-08 09:30:00,699.0,699.0,699.0,699.0,526,699.37,2327
2026-06-08 09:35:00,700.0,700.0,700.0,700.0,387,699.4,2327
2026-06-08 09:40:00,705.0,705.0,705.0,705.0,201,699.5,2327
2026-06-08 09:45:00,704.0,704.0,704.0,704.0,421,699.68,2327
2026-06-08 09:50:00,705.0,705.0,705.0,705.0,447,699.89,2327
2026-06-08 09:55:00,705.0,705.0,705.0,705.0,356,700.04,2327
2026-06-08 10:00:00,710.0,710.0,710.0,710.0,371,700.35,2327
2026-06-08 10:05:00,720.0,720.0,720.0,720.0,362,700.91,2327
2026-06-08 10:10:00,725.0,725.0,725.0,725.0,420,701.7,2327
2026-06-08 10:15:00,730.0,730.0,730.0,730.0,459,702.67,2327
2026-06-08 10:20:00,734.0,734.0,734.0,734.0,389,703.55,2327
2026-06-08 10:25:00,742.0,742.0,742.0,742.0,338,704.48,2327
2026-06-08 10:30:00,744.0,744.0,744.0,744.0,325,705.37,2327
2026-06-08 10:35:00,747.0,747.0,747.0,747.0,281,706.16,2327
2026-06-08 10:40:00,742.0,742.0,742.0,742.0,318,706.92,2327
2026-06-08 10:45:00,739.0,739.0,739.0,739.0,253,707.45,2327
2026-06-08 10:50:00,739.0,739.0,739.0,739.0,150,707.76,2327
2026-06-08 10:55:00,739.0,739.0,739.0,739.0,156,708.07,2327
2026-06-08 11:00:00,740.0,740.0,740.0,740.0,144,708.36,2327
2026-06-08 11:05:00,743.0,743.0,743.0,743.0,198,708.79,2327
2026-06-08 11:10:00,740.0,740.0,740.0,740.0,190,709.16,2327
2026-06-08 11:15:00,738.0,738.0,738.0,738.0,308,709.7,2327
2026-06-08 11:20:00,731.0,731.0,731.0,731.0,274,710.05,2327
2026-06-08 11:25:00,740.0,740.0,740.0,740.0,271,710.53,2327
2026-06-08 11:30:00,743.0,743.0,743.0,743.0,159,710.83,2327
2026-06-08 11:35:00,750.0,750.0,750.0,750.0,365,711.65,2327
2026-06-08 11:40:00,744.0,744.0,744.0,744.0,179,711.98,2327
2026-06-08 11:45:00,747.0,747.0,747.0,747.0,168,712.3,2327
2026-06-08 11:50:00,748.0,748.0,748.0,748.0,233,712.77,2327
2026-06-08 11:55:00,744.0,744.0,744.0,744.0,212,713.13,2327
2026-06-08 12:00:00,741.0,741.0,741.0,741.0,199,713.43,2327
2026-06-08 12:05:00,740.0,740.0,740.0,740.0,302,713.85,2327
2026-06-08 12:10:00,735.0,735.0,735.0,735.0,241,714.12,2327
2026-06-08 12:15:00,735.0,735.0,735.0,735.0,160,714.3,2327
2026-06-08 12:20:00,735.0,735.0,735.0,735.0,242,714.55,2327
2026-06-08 12:25:00,730.0,730.0,730.0,730.0,349,714.83,2327
2026-06-08 12:30:00,730.0,730.0,730.0,730.0,155,714.94,2327
2026-06-08 12:35:00,730.0,730.0,730.0,730.0,220,715.11,2327
2026-06-08 12:40:00,730.0,730.0,730.0,730.0,182,715.24,2327
2026-06-08 12:45:00,725.0,725.0,725.0,725.0,365,715.41,2327
2026-06-08 12:50:00,726.0,726.0,726.0,726.0,184,715.51,2327
2026-06-08 12:55:00,730.0,730.0,730.0,730.0,262,715.69,2327
2026-06-08 13:00:00,735.0,735.0,735.0,735.0,199,715.87,2327
2026-06-08 13:05:00,749.0,749.0,749.0,749.0,297,716.32,2327
2026-06-08 13:10:00,750.0,750.0,750.0,750.0,337,716.84,2327
2026-06-08 13:15:00,748.0,748.0,748.0,748.0,350,717.33,2327
2026-06-08 13:20:00,750.0,750.0,750.0,750.0,373,717.86,2327
2026-06-08 13:30:00,751.0,751.0,751.0,751.0,1083,719.37,2327
2026-06-09 09:00:00,790.0,809.0,785.0,795.0,14687,797.14,2327
2026-06-09 09:05:00,796.0,797.0,772.0,786.0,5780,793.53,2327
2026-06-09 09:10:00,786.0,800.0,775.0,798.0,3960,792.5,2327
2026-06-09 09:15:00,797.0,798.0,780.0,781.0,2353,792.33,2327
2026-06-09 09:20:00,782.0,826.0,781.0,826.0,14060,800.43,2327
2026-06-09 09:25:00,826.0,826.0,826.0,826.0,3144,802.26,2327
2026-06-09 09:30:00,826.0,826.0,826.0,826.0,834,802.7,2327
2026-06-09 09:35:00,826.0,826.0,826.0,826.0,377,802.9,2327
2026-06-09 09:40:00,826.0,826.0,826.0,826.0,144,802.97,2327
2026-06-09 09:45:00,826.0,826.0,826.0,826.0,243,803.09,2327
2026-06-09 09:50:00,826.0,826.0,826.0,826.0,206,803.2,2327
2026-06-09 09:55:00,826.0,826.0,826.0,826.0,220,803.31,2327
2026-06-09 10:00:00,826.0,826.0,826.0,826.0,90,803.35,2327
2026-06-09 10:05:00,826.0,826.0,826.0,826.0,107,803.4,2327
2026-06-09 10:10:00,826.0,826.0,826.0,826.0,64,803.43,2327
2026-06-09 10:15:00,826.0,826.0,826.0,826.0,47,803.46,2327
2026-06-09 10:20:00,826.0,826.0,826.0,826.0,61,803.49,2327
2026-06-09 10:25:00,826.0,826.0,826.0,826.0,85,803.53,2327
2026-06-09 10:30:00,826.0,826.0,826.0,826.0,303,803.67,2327
2026-06-09 10:35:00,826.0,826.0,826.0,826.0,33,803.69,2327
2026-06-09 10:40:00,826.0,826.0,826.0,826.0,68,803.72,2327
2026-06-09 10:45:00,826.0,826.0,826.0,826.0,46,803.74,2327
2026-06-09 10:50:00,826.0,826.0,826.0,826.0,30,803.76,2327
2026-06-09 10:55:00,826.0,826.0,826.0,826.0,37,803.77,2327
2026-06-09 11:00:00,826.0,826.0,826.0,826.0,40,803.79,2327
2026-06-09 11:05:00,826.0,826.0,826.0,826.0,43,803.81,2327
2026-06-09 11:10:00,826.0,826.0,826.0,826.0,32,803.83,2327
2026-06-09 11:15:00,826.0,826.0,826.0,826.0,34,803.84,2327
2026-06-09 11:20:00,826.0,826.0,826.0,826.0,28,803.86,2327
2026-06-09 11:25:00,826.0,826.0,826.0,826.0,158,803.93,2327
2026-06-09 11:30:00,826.0,826.0,826.0,826.0,23,803.94,2327
2026-06-09 11:35:00,826.0,826.0,826.0,826.0,20,803.95,2327
2026-06-09 11:40:00,826.0,826.0,826.0,826.0,14,803.96,2327
2026-06-09 11:45:00,826.0,826.0,826.0,826.0,18,803.97,2327
2026-06-09 11:50:00,826.0,826.0,826.0,826.0,43,803.99,2327
2026-06-09 11:55:00,826.0,826.0,826.0,826.0,39,804.0,2327
2026-06-09 12:00:00,826.0,826.0,826.0,826.0,17,804.01,2327
2026-06-09 12:05:00,826.0,826.0,826.0,826.0,45,804.03,2327
2026-06-09 12:10:00,826.0,826.0,826.0,826.0,28,804.05,2327
2026-06-09 12:15:00,826.0,826.0,826.0,826.0,24,804.06,2327
2026-06-09 12:20:00,826.0,826.0,826.0,826.0,53,804.08,2327
2026-06-09 12:25:00,826.0,826.0,826.0,826.0,31,804.1,2327
2026-06-09 12:30:00,826.0,826.0,826.0,826.0,28,804.11,2327
2026-06-09 12:35:00,826.0,826.0,826.0,826.0,30,804.12,2327
2026-06-09 12:40:00,826.0,826.0,826.0,826.0,34,804.14,2327
2026-06-09 12:45:00,826.0,826.0,826.0,826.0,39,804.16,2327
2026-06-09 12:50:00,826.0,826.0,826.0,826.0,69,804.19,2327
2026-06-09 12:55:00,826.0,826.0,826.0,826.0,56,804.21,2327
2026-06-09 13:00:00,826.0,826.0,826.0,826.0,52,804.24,2327
2026-06-09 13:05:00,826.0,826.0,826.0,826.0,76,804.27,2327
2026-06-09 13:10:00,826.0,826.0,826.0,826.0,48,804.29,2327
2026-06-09 13:15:00,826.0,826.0,826.0,826.0,64,804.32,2327
2026-06-09 13:20:00,826.0,826.0,826.0,826.0,70,804.35,2327
2026-06-09 13:30:00,826.0,826.0,826.0,826.0,190,804.44,2327
2026-06-10 09:00:00,864.0,908.0,864.0,908.0,11847,888.62,2327
2026-06-10 09:05:00,908.0,908.0,908.0,908.0,1398,890.67,2327
2026-06-10 09:10:00,908.0,908.0,908.0,908.0,670,891.5,2327
2026-06-10 09:15:00,908.0,908.0,908.0,908.0,272,891.82,2327
2026-06-10 09:20:00,908.0,908.0,908.0,908.0,142,891.98,2327
2026-06-10 09:25:00,908.0,908.0,908.0,908.0,580,892.6,2327
2026-06-10 09:30:00,908.0,908.0,908.0,908.0,178,892.78,2327
2026-06-10 09:35:00,908.0,908.0,908.0,908.0,155,892.94,2327
2026-06-10 09:40:00,908.0,908.0,908.0,908.0,150,893.08,2327
2026-06-10 09:45:00,908.0,908.0,908.0,908.0,174,893.25,2327
2026-06-10 09:50:00,908.0,908.0,908.0,908.0,371,893.59,2327
2026-06-10 09:55:00,908.0,908.0,908.0,908.0,92,893.68,2327
2026-06-10 10:00:00,908.0,908.0,908.0,908.0,107,893.77,2327
2026-06-10 10:05:00,908.0,908.0,908.0,908.0,365,894.09,2327
2026-06-10 10:10:00,908.0,908.0,908.0,908.0,301,894.34,2327
2026-06-10 10:15:00,908.0,908.0,908.0,908.0,423,894.67,2327
2026-06-10 10:20:00,908.0,908.0,908.0,908.0,198,894.82,2327
2026-06-10 10:25:00,908.0,908.0,908.0,908.0,66,894.87,2327
2026-06-10 10:30:00,908.0,908.0,908.0,908.0,50,894.91,2327
2026-06-10 10:35:00,908.0,908.0,908.0,908.0,58,894.95,2327
2026-06-10 10:40:00,908.0,908.0,908.0,908.0,42,894.98,2327
2026-06-10 10:45:00,908.0,908.0,908.0,908.0,226,895.15,2327
2026-06-10 10:50:00,908.0,908.0,908.0,908.0,146,895.25,2327
2026-06-10 10:55:00,908.0,908.0,908.0,908.0,70,895.3,2327
2026-06-10 11:00:00,908.0,908.0,908.0,908.0,69,895.35,2327
2026-06-10 11:05:00,908.0,908.0,908.0,908.0,26,895.37,2327
2026-06-10 11:10:00,908.0,908.0,908.0,908.0,289,895.57,2327
2026-06-10 11:15:00,908.0,908.0,908.0,908.0,236,895.72,2327
2026-06-10 11:20:00,908.0,908.0,908.0,908.0,28,895.74,2327
2026-06-10 11:25:00,908.0,908.0,908.0,908.0,23,895.76,2327
2026-06-10 11:30:00,908.0,908.0,908.0,908.0,43,895.78,2327
2026-06-10 11:35:00,908.0,908.0,908.0,908.0,32,895.81,2327
2026-06-10 11:40:00,908.0,908.0,908.0,908.0,31,895.83,2327
2026-06-10 11:45:00,908.0,908.0,908.0,908.0,85,895.88,2327
2026-06-10 11:50:00,908.0,908.0,908.0,908.0,42,895.91,2327
2026-06-10 11:55:00,908.0,908.0,908.0,908.0,107,895.97,2327
2026-06-10 12:00:00,908.0,908.0,908.0,908.0,317,896.17,2327
2026-06-10 12:05:00,908.0,908.0,870.0,881.0,16709,897.67,2327
2026-06-10 12:10:00,880.0,884.0,840.0,861.0,9414,889.21,2327
2026-06-10 12:15:00,859.0,875.0,851.0,859.0,6021,886.12,2327
2026-06-10 12:20:00,860.0,861.0,832.0,854.0,5180,882.8,2327
2026-06-10 12:25:00,855.0,855.0,830.0,839.0,4072,879.9,2327
2026-06-10 12:30:00,839.0,843.0,822.0,842.0,5211,875.99,2327
2026-06-10 12:35:00,842.0,845.0,834.0,835.0,1757,875.06,2327
2026-06-10 12:40:00,835.0,836.0,803.0,835.0,4782,871.33,2327
2026-06-10 12:45:00,836.0,839.0,825.0,838.0,2340,870.16,2327
2026-06-10 12:50:00,838.0,839.0,820.0,829.0,1914,869.12,2327
2026-06-10 12:55:00,828.0,832.0,823.0,828.0,1392,868.38,2327
2026-06-10 13:00:00,828.0,836.0,825.0,835.0,1813,867.51,2327
2026-06-10 13:05:00,835.0,835.0,826.0,827.0,1478,866.85,2327
2026-06-10 13:10:00,826.0,831.0,824.0,828.0,1561,866.12,2327
2026-06-10 13:15:00,830.0,830.0,810.0,810.0,2562,864.74,2327
2026-06-10 13:20:00,810.0,814.0,806.0,807.0,3496,862.59,2327
2026-06-10 13:30:00,819.0,819.0,819.0,819.0,2605,861.35,2327
2026-06-11 09:00:00,850.0,861.0,830.0,831.0,13328,848.51,2327
2026-06-11 09:05:00,830.0,831.0,803.0,827.0,5919,838.4,2327
2026-06-11 09:10:00,827.0,849.0,824.0,843.0,4161,837.95,2327
2026-06-11 09:15:00,843.0,852.0,836.0,838.0,4543,839.24,2327
2026-06-11 09:20:00,838.0,851.0,838.0,847.0,3137,840.06,2327
2026-06-11 09:25:00,848.0,859.0,848.0,855.0,3682,841.54,2327
2026-06-11 09:30:00,855.0,857.0,824.0,829.0,2955,841.48,2327
2026-06-11 09:35:00,830.0,831.0,814.0,829.0,3548,839.94,2327
2026-06-11 09:40:00,828.0,832.0,820.0,822.0,1991,839.28,2327
2026-06-11 09:45:00,822.0,822.0,815.0,818.0,2045,838.35,2327
2026-06-11 09:50:00,818.0,824.0,814.0,816.0,1686,837.63,2327
2026-06-11 09:55:00,816.0,817.0,795.0,795.0,3996,835.11,2327
2026-06-11 10:00:00,795.0,813.0,793.0,813.0,2420,833.67,2327
2026-06-11 10:05:00,812.0,814.0,800.0,805.0,953,833.2,2327
2026-06-11 10:10:00,806.0,807.0,795.0,799.0,1465,832.34,2327
2026-06-11 10:15:00,799.0,801.0,791.0,797.0,1931,831.11,2327
2026-06-11 10:20:00,796.0,801.0,778.0,782.0,3575,828.46,2327
2026-06-11 10:25:00,783.0,787.0,772.0,772.0,2838,826.3,2327
2026-06-11 10:30:00,772.0,785.0,761.0,776.0,4470,822.76,2327
2026-06-11 10:35:00,777.0,795.0,775.0,795.0,1954,821.78,2327
2026-06-11 10:40:00,795.0,802.0,793.0,796.0,1691,821.22,2327
2026-06-11 10:45:00,797.0,800.0,786.0,792.0,1171,820.81,2327
2026-06-11 10:50:00,792.0,797.0,786.0,794.0,598,820.57,2327
2026-06-11 10:55:00,794.0,801.0,793.0,795.0,796,820.34,2327
2026-06-11 11:00:00,795.0,795.0,788.0,793.0,693,820.07,2327
2026-06-11 11:05:00,793.0,794.0,785.0,790.0,735,819.77,2327
2026-06-11 11:10:00,790.0,791.0,777.0,778.0,880,819.34,2327
2026-06-11 11:15:00,777.0,785.0,775.0,780.0,777,818.94,2327
2026-06-11 11:20:00,781.0,785.0,777.0,784.0,519,818.7,2327
2026-06-11 11:25:00,784.0,790.0,781.0,788.0,445,818.51,2327
2026-06-11 11:30:00,789.0,798.0,788.0,798.0,658,818.3,2327
2026-06-11 11:35:00,798.0,804.0,795.0,804.0,1570,817.93,2327
2026-06-11 11:40:00,804.0,806.0,800.0,803.0,826,817.78,2327
2026-06-11 11:45:00,803.0,811.0,801.0,806.0,1068,817.65,2327
2026-06-11 11:50:00,805.0,815.0,804.0,811.0,1331,817.55,2327
2026-06-11 11:55:00,810.0,825.0,809.0,825.0,1956,817.6,2327
2026-06-11 12:00:00,825.0,830.0,815.0,822.0,2006,817.76,2327
2026-06-11 12:05:00,822.0,827.0,821.0,824.0,946,817.82,2327
2026-06-11 12:10:00,824.0,824.0,814.0,822.0,820,817.84,2327
2026-06-11 12:15:00,821.0,822.0,816.0,821.0,671,817.85,2327
2026-06-11 12:20:00,820.0,831.0,820.0,828.0,1913,818.04,2327
2026-06-11 12:25:00,827.0,832.0,825.0,832.0,1090,818.16,2327
2026-06-11 12:30:00,832.0,835.0,827.0,834.0,1289,818.34,2327
2026-06-11 12:35:00,834.0,845.0,833.0,844.0,2026,818.76,2327
2026-06-11 12:40:00,844.0,852.0,842.0,845.0,2854,819.6,2327
2026-06-11 12:45:00,846.0,849.0,838.0,840.0,1347,819.92,2327
2026-06-11 12:50:00,841.0,841.0,833.0,841.0,991,820.09,2327
2026-06-11 12:55:00,841.0,842.0,837.0,839.0,740,820.23,2327
2026-06-11 13:00:00,839.0,845.0,836.0,842.0,1541,820.53,2327
2026-06-11 13:05:00,843.0,844.0,839.0,844.0,1180,820.77,2327
2026-06-11 13:10:00,844.0,849.0,843.0,844.0,1769,821.19,2327
2026-06-11 13:15:00,845.0,846.0,839.0,841.0,1095,821.41,2327
2026-06-11 13:20:00,840.0,842.0,839.0,840.0,2186,821.78,2327
2026-06-11 13:30:00,842.0,842.0,842.0,842.0,2831,822.28,2327
2026-06-12 09:00:00,919.0,919.0,903.0,910.0,14880,918.67,2327
2026-06-12 09:05:00,912.0,915.0,888.0,906.0,7190,911.61,2327
2026-06-12 09:10:00,905.0,907.0,890.0,899.0,3086,909.82,2327
2026-06-12 09:15:00,899.0,902.0,894.0,900.0,2100,908.95,2327
2026-06-12 09:20:00,901.0,905.0,895.0,895.0,1808,908.43,2327
2026-06-12 09:25:00,894.0,895.0,872.0,885.0,4510,904.95,2327
2026-06-12 09:30:00,883.0,896.0,881.0,894.0,2102,904.18,2327
2026-06-12 09:35:00,894.0,894.0,881.0,884.0,1521,903.4,2327
2026-06-12 09:40:00,884.0,887.0,878.0,886.0,1319,902.71,2327
2026-06-12 09:45:00,886.0,896.0,885.0,895.0,1819,902.22,2327
2026-06-12 09:50:00,896.0,910.0,895.0,903.0,3775,902.24,2327
2026-06-12 09:55:00,904.0,907.0,895.0,895.0,1370,902.26,2327
2026-06-12 10:00:00,895.0,905.0,895.0,902.0,545,902.25,2327
2026-06-12 10:05:00,903.0,905.0,900.0,900.0,781,902.25,2327
2026-06-12 10:10:00,902.0,906.0,900.0,903.0,1017,902.29,2327
2026-06-12 10:15:00,903.0,905.0,891.0,898.0,829,902.21,2327
2026-06-12 10:20:00,897.0,898.0,888.0,890.0,960,902.04,2327
2026-06-12 10:25:00,890.0,890.0,882.0,889.0,1182,901.66,2327
2026-06-12 10:30:00,889.0,891.0,886.0,888.0,572,901.51,2327
2026-06-12 10:35:00,887.0,888.0,883.0,888.0,655,901.31,2327
2026-06-12 10:40:00,887.0,888.0,884.0,887.0,510,901.17,2327
2026-06-12 10:45:00,887.0,888.0,881.0,887.0,769,900.92,2327
2026-06-12 10:50:00,887.0,887.0,883.0,884.0,375,900.81,2327
2026-06-12 10:55:00,883.0,885.0,882.0,883.0,478,900.65,2327
2026-06-12 11:00:00,883.0,885.0,881.0,883.0,491,900.5,2327
2026-06-12 11:05:00,884.0,884.0,878.0,880.0,1041,900.13,2327
2026-06-12 11:10:00,880.0,884.0,880.0,884.0,480,899.97,2327
2026-06-12 11:15:00,884.0,888.0,881.0,884.0,780,899.76,2327
2026-06-12 11:20:00,884.0,888.0,880.0,888.0,706,899.56,2327
2026-06-12 11:25:00,888.0,894.0,886.0,891.0,1240,899.37,2327
2026-06-12 11:30:00,892.0,894.0,884.0,886.0,601,899.27,2327
2026-06-12 11:35:00,886.0,888.0,884.0,887.0,405,899.18,2327
2026-06-12 11:40:00,887.0,887.0,868.0,868.0,2493,898.2,2327
2026-06-12 11:45:00,868.0,870.0,855.0,864.0,2167,896.95,2327
2026-06-12 11:50:00,864.0,880.0,863.0,879.0,1708,896.36,2327
2026-06-12 11:55:00,880.0,881.0,872.0,873.0,620,896.18,2327
2026-06-12 12:00:00,874.0,875.0,865.0,867.0,755,895.89,2327
2026-06-12 12:05:00,867.0,871.0,866.0,870.0,733,895.6,2327
2026-06-12 12:10:00,869.0,875.0,866.0,874.0,643,895.37,2327
2026-06-12 12:15:00,875.0,878.0,874.0,877.0,645,895.19,2327
2026-06-12 12:20:00,877.0,881.0,875.0,881.0,738,895.02,2327
2026-06-12 12:25:00,880.0,885.0,877.0,884.0,1072,894.8,2327
2026-06-12 12:30:00,883.0,883.0,879.0,880.0,501,894.7,2327
2026-06-12 12:35:00,880.0,882.0,878.0,878.0,452,894.62,2327
2026-06-12 12:40:00,879.0,879.0,868.0,869.0,716,894.41,2327
2026-06-12 12:45:00,869.0,874.0,868.0,870.0,407,894.28,2327
2026-06-12 12:50:00,871.0,871.0,864.0,865.0,828,893.98,2327
2026-06-12 12:55:00,866.0,869.0,858.0,858.0,1034,893.54,2327
2026-06-12 13:00:00,859.0,868.0,858.0,861.0,958,893.16,2327
2026-06-12 13:05:00,862.0,862.0,852.0,857.0,1671,892.36,2327
2026-06-12 13:10:00,857.0,862.0,853.0,855.0,1322,891.78,2327
2026-06-12 13:15:00,855.0,860.0,854.0,857.0,1406,891.16,2327
2026-06-12 13:20:00,858.0,859.0,852.0,852.0,2273,890.2,2327
2026-06-12 13:30:00,855.0,855.0,855.0,855.0,2790,889.06,2327
2026-06-15 09:00:00,921.0,940.0,921.0,935.0,14555,931.85,2327
2026-06-15 09:05:00,935.0,940.0,926.0,940.0,11154,934.57,2327
2026-06-15 09:10:00,940.0,940.0,940.0,940.0,2881,935.12,2327
2026-06-15 09:15:00,940.0,940.0,925.0,940.0,7148,935.47,2327
2026-06-15 09:20:00,940.0,940.0,940.0,940.0,422,935.52,2327
2026-06-15 09:25:00,940.0,940.0,940.0,940.0,338,935.56,2327
2026-06-15 09:30:00,940.0,940.0,940.0,940.0,215,935.59,2327
2026-06-15 09:35:00,940.0,940.0,940.0,940.0,256,935.62,2327
2026-06-15 09:40:00,940.0,940.0,940.0,940.0,672,935.69,2327
2026-06-15 09:45:00,940.0,940.0,940.0,940.0,105,935.71,2327
2026-06-15 09:50:00,940.0,940.0,940.0,940.0,103,935.72,2327
2026-06-15 09:55:00,940.0,940.0,940.0,940.0,83,935.73,2327
2026-06-15 10:00:00,940.0,940.0,940.0,940.0,64,935.74,2327
2026-06-15 10:05:00,940.0,940.0,940.0,940.0,39,935.74,2327
2026-06-15 10:10:00,940.0,940.0,940.0,940.0,48,935.74,2327
2026-06-15 10:15:00,940.0,940.0,940.0,940.0,49,935.75,2327
2026-06-15 10:20:00,940.0,940.0,940.0,940.0,44,935.76,2327
2026-06-15 10:25:00,940.0,940.0,940.0,940.0,64,935.76,2327
2026-06-15 10:30:00,940.0,940.0,940.0,940.0,55,935.77,2327
2026-06-15 10:35:00,940.0,940.0,940.0,940.0,62,935.78,2327
2026-06-15 10:40:00,940.0,940.0,940.0,940.0,58,935.78,2327
2026-06-15 10:45:00,940.0,940.0,940.0,940.0,97,935.79,2327
2026-06-15 10:50:00,940.0,940.0,940.0,940.0,18,935.79,2327
2026-06-15 10:55:00,940.0,940.0,940.0,940.0,101,935.81,2327
2026-06-15 11:00:00,940.0,940.0,940.0,940.0,92,935.82,2327
2026-06-15 11:05:00,940.0,940.0,940.0,940.0,27,935.82,2327
2026-06-15 11:10:00,940.0,940.0,940.0,940.0,58,935.82,2327
2026-06-15 11:15:00,940.0,940.0,940.0,940.0,18,935.83,2327
2026-06-15 11:20:00,940.0,940.0,940.0,940.0,9,935.83,2327
2026-06-15 11:25:00,940.0,940.0,940.0,940.0,25,935.83,2327
2026-06-15 11:30:00,940.0,940.0,940.0,940.0,74,935.84,2327
2026-06-15 11:35:00,940.0,940.0,940.0,940.0,20,935.84,2327
2026-06-15 11:40:00,940.0,940.0,940.0,940.0,43,935.84,2327
2026-06-15 11:45:00,940.0,940.0,940.0,940.0,9,935.85,2327
2026-06-15 11:50:00,940.0,940.0,940.0,940.0,21,935.85,2327
2026-06-15 11:55:00,940.0,940.0,940.0,940.0,20,935.85,2327
2026-06-15 12:00:00,940.0,940.0,940.0,940.0,17,935.85,2327
2026-06-15 12:05:00,940.0,940.0,940.0,940.0,33,935.86,2327
2026-06-15 12:10:00,940.0,940.0,940.0,940.0,19,935.86,2327
2026-06-15 12:15:00,940.0,940.0,940.0,940.0,17,935.86,2327
2026-06-15 12:20:00,940.0,940.0,940.0,940.0,31,935.86,2327
2026-06-15 12:25:00,940.0,940.0,940.0,940.0,39,935.87,2327
2026-06-15 12:30:00,940.0,940.0,940.0,940.0,26,935.87,2327
2026-06-15 12:35:00,940.0,940.0,940.0,940.0,8,935.87,2327
2026-06-15 12:40:00,940.0,940.0,940.0,940.0,35,935.87,2327
2026-06-15 12:45:00,940.0,940.0,940.0,940.0,33,935.88,2327
2026-06-15 12:50:00,940.0,940.0,940.0,940.0,44,935.88,2327
2026-06-15 12:55:00,940.0,940.0,940.0,940.0,25,935.88,2327
2026-06-15 13:00:00,940.0,940.0,940.0,940.0,33,935.89,2327
2026-06-15 13:05:00,940.0,940.0,940.0,940.0,40,935.89,2327
2026-06-15 13:10:00,940.0,940.0,940.0,940.0,24,935.89,2327
2026-06-15 13:15:00,940.0,940.0,940.0,940.0,29,935.9,2327
2026-06-15 13:20:00,940.0,940.0,940.0,940.0,74,935.91,2327
2026-06-15 13:30:00,940.0,940.0,940.0,940.0,115,935.92,2327
2026-06-16 09:00:00,970.0,1000.0,970.0,1000.0,14341,983.55,2327
2026-06-16 09:05:00,1000.0,1000.0,962.0,964.0,6749,983.44,2327
2026-06-16 09:10:00,962.0,978.0,962.0,972.0,4166,981.44,2327
2026-06-16 09:15:00,972.0,985.0,970.0,980.0,2941,981.08,2327
2026-06-16 09:20:00,980.0,984.0,971.0,972.0,1749,980.91,2327
2026-06-16 09:25:00,971.0,980.0,968.0,979.0,1873,980.47,2327
2026-06-16 09:30:00,980.0,994.0,978.0,993.0,3013,981.01,2327
2026-06-16 09:35:00,993.0,994.0,980.0,989.0,1419,981.23,2327
2026-06-16 09:40:00,988.0,992.0,982.0,990.0,957,981.44,2327
2026-06-16 09:45:00,990.0,996.0,983.0,993.0,2026,981.99,2327
2026-06-16 09:50:00,993.0,997.0,986.0,993.0,1158,982.29,2327
2026-06-16 09:55:00,993.0,996.0,988.0,991.0,918,982.53,2327
2026-06-16 10:00:00,991.0,992.0,984.0,984.0,693,982.62,2327
2026-06-16 10:05:00,984.0,989.0,982.0,983.0,627,982.66,2327
2026-06-16 10:10:00,983.0,984.0,961.0,965.0,3395,981.73,2327
2026-06-16 10:15:00,965.0,969.0,956.0,964.0,2205,980.86,2327
2026-06-16 10:20:00,963.0,964.0,952.0,957.0,1585,980.08,2327
2026-06-16 10:25:00,957.0,960.0,950.0,957.0,1156,979.52,2327
2026-06-16 10:30:00,957.0,968.0,956.0,967.0,1340,979.05,2327
2026-06-16 10:35:00,966.0,973.0,966.0,970.0,1306,978.82,2327
2026-06-16 10:40:00,971.0,975.0,968.0,975.0,594,978.74,2327
2026-06-16 10:45:00,974.0,980.0,970.0,979.0,968,978.67,2327
2026-06-16 10:50:00,979.0,980.0,973.0,974.0,358,978.66,2327
2026-06-16 10:55:00,974.0,974.0,966.0,969.0,520,978.59,2327
2026-06-16 11:00:00,970.0,972.0,968.0,970.0,473,978.51,2327
2026-06-16 11:05:00,971.0,972.0,966.0,967.0,495,978.44,2327
2026-06-16 11:10:00,966.0,967.0,955.0,955.0,1048,978.11,2327
2026-06-16 11:15:00,955.0,968.0,955.0,964.0,862,977.88,2327
2026-06-16 11:20:00,965.0,968.0,963.0,968.0,456,977.78,2327
2026-06-16 11:25:00,968.0,972.0,967.0,972.0,666,977.7,2327
2026-06-16 11:30:00,972.0,981.0,972.0,975.0,1745,977.69,2327
2026-06-16 11:35:00,975.0,975.0,967.0,974.0,589,977.63,2327
2026-06-16 11:40:00,974.0,975.0,966.0,971.0,316,977.6,2327
2026-06-16 11:45:00,970.0,971.0,969.0,970.0,245,977.57,2327
2026-06-16 11:50:00,970.0,973.0,966.0,973.0,356,977.52,2327
2026-06-16 11:55:00,973.0,973.0,971.0,972.0,198,977.5,2327
2026-06-16 12:00:00,971.0,971.0,967.0,968.0,309,977.46,2327
2026-06-16 12:05:00,968.0,969.0,963.0,965.0,503,977.38,2327
2026-06-16 12:10:00,966.0,970.0,964.0,970.0,290,977.33,2327
2026-06-16 12:15:00,970.0,970.0,963.0,963.0,281,977.28,2327
2026-06-16 12:20:00,964.0,964.0,961.0,964.0,365,977.2,2327
2026-06-16 12:25:00,964.0,965.0,961.0,962.0,331,977.13,2327
2026-06-16 12:30:00,961.0,962.0,957.0,961.0,612,976.97,2327
2026-06-16 12:35:00,961.0,962.0,959.0,960.0,215,976.91,2327
2026-06-16 12:40:00,961.0,968.0,960.0,963.0,659,976.78,2327
2026-06-16 12:45:00,964.0,966.0,961.0,963.0,386,976.71,2327
2026-06-16 12:50:00,963.0,965.0,962.0,962.0,229,976.66,2327
2026-06-16 12:55:00,963.0,963.0,959.0,960.0,448,976.56,2327
2026-06-16 13:00:00,959.0,960.0,955.0,958.0,851,976.33,2327
2026-06-16 13:05:00,958.0,963.0,957.0,958.0,897,976.12,2327
2026-06-16 13:10:00,959.0,959.0,952.0,955.0,1348,975.72,2327
2026-06-16 13:15:00,954.0,955.0,951.0,953.0,1413,975.28,2327
2026-06-16 13:20:00,953.0,955.0,950.0,951.0,1843,974.71,2327
2026-06-16 13:30:00,950.0,950.0,950.0,950.0,2516,973.91,2327
2026-06-17 09:00:00,936.0,953.0,936.0,946.0,3946,944.98,2327
2026-06-17 09:05:00,946.0,954.0,942.0,954.0,1602,946.01,2327
2026-06-17 09:10:00,953.0,954.0,936.0,937.0,1889,945.36,2327
2026-06-17 09:15:00,937.0,943.0,930.0,938.0,1360,944.03,2327
2026-06-17 09:20:00,938.0,963.0,937.0,958.0,2519,946.17,2327
2026-06-17 09:25:00,958.0,971.0,957.0,971.0,2750,949.83,2327
2026-06-17 09:30:00,970.0,971.0,955.0,957.0,1201,950.8,2327
2026-06-17 09:35:00,956.0,957.0,950.0,957.0,1118,950.98,2327
2026-06-17 09:40:00,958.0,964.0,957.0,960.0,1007,951.55,2327
2026-06-17 09:45:00,960.0,960.0,957.0,959.0,336,951.69,2327
2026-06-17 09:50:00,959.0,960.0,957.0,958.0,340,951.81,2327
2026-06-17 09:55:00,958.0,960.0,954.0,955.0,358,951.9,2327
2026-06-17 10:00:00,955.0,955.0,951.0,953.0,444,951.91,2327
2026-06-17 10:05:00,953.0,955.0,945.0,953.0,1017,951.83,2327
2026-06-17 10:10:00,953.0,959.0,949.0,955.0,511,951.92,2327
2026-06-17 10:15:00,955.0,959.0,952.0,959.0,377,951.99,2327
2026-06-17 10:20:00,958.0,964.0,958.0,964.0,1046,952.43,2327
2026-06-17 10:25:00,964.0,965.0,960.0,962.0,445,952.65,2327
2026-06-17 10:30:00,961.0,966.0,960.0,965.0,714,952.99,2327
2026-06-17 10:35:00,965.0,965.0,961.0,962.0,246,953.1,2327
2026-06-17 10:40:00,961.0,966.0,961.0,966.0,345,953.25,2327
2026-06-17 10:45:00,966.0,968.0,963.0,964.0,658,953.6,2327
2026-06-17 10:50:00,964.0,977.0,963.0,969.0,1833,954.83,2327
2026-06-17 10:55:00,969.0,972.0,967.0,968.0,494,955.1,2327
2026-06-17 11:00:00,968.0,969.0,966.0,969.0,201,955.19,2327
2026-06-17 11:05:00,969.0,970.0,962.0,962.0,337,955.32,2327
2026-06-17 11:10:00,962.0,965.0,957.0,959.0,643,955.45,2327
2026-06-17 11:15:00,958.0,960.0,952.0,960.0,529,955.45,2327
2026-06-17 11:20:00,960.0,960.0,953.0,955.0,514,955.47,2327
2026-06-17 11:25:00,956.0,960.0,953.0,959.0,237,955.47,2327
2026-06-17 11:30:00,959.0,964.0,959.0,964.0,315,955.54,2327
2026-06-17 11:35:00,964.0,982.0,964.0,981.0,2401,956.96,2327
2026-06-17 11:40:00,982.0,983.0,974.0,982.0,1340,957.89,2327
2026-06-17 11:45:00,982.0,994.0,982.0,987.0,2539,960.08,2327
2026-06-17 11:50:00,987.0,989.0,982.0,985.0,688,960.56,2327
2026-06-17 11:55:00,985.0,985.0,981.0,983.0,403,960.81,2327
2026-06-17 12:00:00,983.0,986.0,977.0,979.0,559,961.12,2327
2026-06-17 12:05:00,980.0,984.0,979.0,981.0,378,961.33,2327
2026-06-17 12:10:00,981.0,983.0,978.0,982.0,348,961.5,2327
2026-06-17 12:15:00,983.0,990.0,981.0,990.0,707,961.93,2327
2026-06-17 12:20:00,990.0,992.0,987.0,990.0,912,962.58,2327
2026-06-17 12:25:00,990.0,998.0,987.0,996.0,1504,963.71,2327
2026-06-17 12:30:00,995.0,997.0,978.0,980.0,1393,964.44,2327
2026-06-17 12:35:00,980.0,985.0,978.0,980.0,1028,964.84,2327
2026-06-17 12:40:00,980.0,982.0,973.0,974.0,1120,965.14,2327
2026-06-17 12:45:00,974.0,975.0,966.0,969.0,1237,965.28,2327
2026-06-17 12:50:00,970.0,976.0,962.0,975.0,1775,965.4,2327
2026-06-17 12:55:00,974.0,976.0,970.0,971.0,556,965.48,2327
2026-06-17 13:00:00,972.0,983.0,971.0,981.0,1089,965.78,2327
2026-06-17 13:05:00,981.0,983.0,975.0,977.0,651,965.96,2327
2026-06-17 13:10:00,977.0,979.0,970.0,975.0,782,966.08,2327
2026-06-17 13:15:00,976.0,980.0,974.0,976.0,591,966.21,2327
2026-06-17 13:20:00,978.0,978.0,976.0,976.0,907,966.4,2327
2026-06-17 13:30:00,984.0,984.0,984.0,984.0,2088,967.07,2327
2026-06-18 09:00:00,1015.0,1030.0,987.0,1000.0,8661,1006.26,2327
2026-06-18 09:05:00,999.0,1000.0,974.0,982.0,4994,998.89,2327
2026-06-18 09:10:00,982.0,985.0,977.0,981.0,2318,996.4,2327
2026-06-18 09:15:00,980.0,990.0,980.0,985.0,2043,995.09,2327
2026-06-18 09:20:00,986.0,994.0,981.0,994.0,1703,994.54,2327
2026-06-18 09:25:00,994.0,999.0,990.0,992.0,2296,994.57,2327
2026-06-18 09:30:00,992.0,1005.0,991.0,1000.0,2342,995.02,2327
2026-06-18 09:35:00,1000.0,1030.0,997.0,1030.0,4786,997.94,2327
2026-06-18 09:40:00,1025.0,1040.0,1020.0,1040.0,3918,1001.79,2327
2026-06-18 09:45:00,1035.0,1040.0,1020.0,1025.0,1709,1003.29,2327
2026-06-18 09:50:00,1020.0,1045.0,1020.0,1040.0,2315,1005.19,2327
2026-06-18 09:55:00,1040.0,1040.0,1030.0,1030.0,1140,1006.05,2327
2026-06-18 10:00:00,1030.0,1035.0,1030.0,1035.0,490,1006.4,2327
2026-06-18 10:05:00,1035.0,1050.0,1030.0,1045.0,1834,1008.0,2327
2026-06-18 10:10:00,1045.0,1055.0,1040.0,1055.0,1820,1009.77,2327
2026-06-18 10:15:00,1050.0,1075.0,1050.0,1075.0,4075,1014.62,2327
2026-06-18 10:20:00,1070.0,1080.0,1055.0,1070.0,14852,1030.02,2327
2026-06-18 10:25:00,1070.0,1080.0,1055.0,1070.0,1958,1031.28,2327
2026-06-18 10:30:00,1065.0,1075.0,1065.0,1075.0,712,1031.7,2327
2026-06-18 10:35:00,1075.0,1075.0,1065.0,1070.0,672,1032.11,2327
2026-06-18 10:40:00,1065.0,1070.0,1065.0,1070.0,393,1032.34,2327
2026-06-18 10:45:00,1070.0,1070.0,1065.0,1065.0,261,1032.48,2327
2026-06-18 10:50:00,1070.0,1070.0,1055.0,1060.0,1120,1032.97,2327
2026-06-18 10:55:00,1065.0,1070.0,1060.0,1065.0,307,1033.13,2327
2026-06-18 11:00:00,1070.0,1075.0,1065.0,1075.0,476,1033.39,2327
2026-06-18 11:05:00,1075.0,1080.0,1070.0,1080.0,4111,1036.04,2327
2026-06-18 11:10:00,1080.0,1080.0,1080.0,1080.0,195,1036.16,2327
2026-06-18 11:15:00,1080.0,1080.0,1080.0,1080.0,137,1036.24,2327
2026-06-18 11:20:00,1080.0,1080.0,1070.0,1075.0,4051,1038.53,2327
2026-06-18 11:25:00,1080.0,1080.0,1075.0,1080.0,493,1038.8,2327
2026-06-18 11:30:00,1080.0,1080.0,1075.0,1080.0,256,1038.94,2327
2026-06-18 11:35:00,1075.0,1080.0,1070.0,1075.0,679,1039.23,2327
2026-06-18 11:40:00,1075.0,1080.0,1070.0,1080.0,1248,1039.87,2327
2026-06-18 11:45:00,1080.0,1080.0,1080.0,1080.0,148,1039.95,2327
2026-06-18 11:50:00,1080.0,1080.0,1080.0,1080.0,104,1040.0,2327
2026-06-18 11:55:00,1080.0,1080.0,1080.0,1080.0,94,1040.05,2327
2026-06-18 12:00:00,1080.0,1080.0,1080.0,1080.0,237,1040.17,2327
2026-06-18 12:05:00,1080.0,1080.0,1080.0,1080.0,90,1040.21,2327
2026-06-18 12:10:00,1080.0,1080.0,1080.0,1080.0,44,1040.24,2327
2026-06-18 12:15:00,1080.0,1080.0,1080.0,1080.0,40,1040.26,2327
2026-06-18 12:20:00,1080.0,1080.0,1080.0,1080.0,78,1040.3,2327
2026-06-18 12:25:00,1080.0,1080.0,1080.0,1080.0,54,1040.32,2327
2026-06-18 12:30:00,1080.0,1080.0,1065.0,1075.0,7419,1043.61,2327
2026-06-18 12:35:00,1070.0,1080.0,1070.0,1080.0,1594,1044.25,2327
2026-06-18 12:40:00,1080.0,1080.0,1080.0,1080.0,187,1044.33,2327
2026-06-18 12:45:00,1080.0,1080.0,1080.0,1080.0,66,1044.35,2327
2026-06-18 12:50:00,1080.0,1080.0,1080.0,1080.0,97,1044.39,2327
2026-06-18 12:55:00,1080.0,1080.0,1080.0,1080.0,114,1044.44,2327
2026-06-18 13:00:00,1080.0,1080.0,1080.0,1080.0,49,1044.46,2327
2026-06-18 13:05:00,1080.0,1080.0,1080.0,1080.0,531,1044.67,2327
2026-06-18 13:10:00,1080.0,1080.0,1080.0,1080.0,441,1044.84,2327
2026-06-18 13:15:00,1080.0,1080.0,1080.0,1080.0,153,1044.9,2327
2026-06-18 13:20:00,1080.0,1080.0,1080.0,1080.0,144,1044.96,2327
2026-06-18 13:30:00,1080.0,1080.0,1080.0,1080.0,423,1045.12,2327
2026-06-22 09:00:00,1115.0,1120.0,1070.0,1075.0,9712,1100.93,2327
2026-06-22 09:05:00,1075.0,1095.0,1060.0,1065.0,5991,1093.56,2327
2026-06-22 09:10:00,1065.0,1070.0,1040.0,1060.0,3939,1085.55,2327
2026-06-22 09:15:00,1060.0,1075.0,1045.0,1055.0,3128,1082.06,2327
2026-06-22 09:20:00,1055.0,1060.0,1045.0,1055.0,1729,1079.89,2327
2026-06-22 09:25:00,1055.0,1070.0,1050.0,1060.0,1733,1078.55,2327
2026-06-22 09:30:00,1060.0,1065.0,1050.0,1050.0,1211,1077.55,2327
2026-06-22 09:35:00,1055.0,1060.0,1050.0,1055.0,1176,1076.64,2327
2026-06-22 09:40:00,1055.0,1060.0,1055.0,1060.0,852,1076.11,2327
2026-06-22 09:45:00,1055.0,1065.0,1050.0,1065.0,1013,1075.45,2327
2026-06-22 09:50:00,1065.0,1065.0,1055.0,1060.0,649,1075.15,2327
2026-06-22 09:55:00,1060.0,1060.0,1055.0,1060.0,367,1074.96,2327
2026-06-22 10:00:00,1060.0,1065.0,1055.0,1065.0,844,1074.62,2327
2026-06-22 10:05:00,1060.0,1080.0,1060.0,1070.0,1860,1074.38,2327
2026-06-22 10:10:00,1070.0,1075.0,1065.0,1070.0,546,1074.3,2327
2026-06-22 10:15:00,1070.0,1075.0,1060.0,1070.0,667,1074.15,2327
2026-06-22 10:20:00,1070.0,1070.0,1065.0,1070.0,314,1074.09,2327
2026-06-22 10:25:00,1065.0,1075.0,1060.0,1065.0,964,1073.96,2327
2026-06-22 10:30:00,1065.0,1085.0,1060.0,1085.0,1303,1074.03,2327
2026-06-22 10:35:00,1085.0,1095.0,1075.0,1080.0,2558,1074.88,2327
2026-06-22 10:40:00,1080.0,1080.0,1070.0,1075.0,362,1074.89,2327
2026-06-22 10:45:00,1075.0,1075.0,1070.0,1075.0,358,1074.89,2327
2026-06-22 10:50:00,1075.0,1080.0,1075.0,1075.0,298,1074.89,2327
2026-06-22 10:55:00,1080.0,1080.0,1075.0,1080.0,326,1074.93,2327
2026-06-22 11:00:00,1080.0,1080.0,1070.0,1075.0,454,1074.94,2327
2026-06-22 11:05:00,1075.0,1075.0,1070.0,1075.0,332,1074.93,2327
2026-06-22 11:10:00,1075.0,1080.0,1075.0,1080.0,228,1074.95,2327
2026-06-22 11:15:00,1080.0,1080.0,1075.0,1080.0,380,1074.99,2327
2026-06-22 11:20:00,1080.0,1080.0,1075.0,1080.0,225,1075.01,2327
2026-06-22 11:25:00,1080.0,1080.0,1070.0,1075.0,728,1075.03,2327
2026-06-22 11:30:00,1075.0,1075.0,1070.0,1075.0,164,1075.03,2327
2026-06-22 11:35:00,1075.0,1075.0,1070.0,1075.0,167,1075.02,2327
2026-06-22 11:40:00,1075.0,1075.0,1070.0,1075.0,148,1075.02,2327
2026-06-22 11:45:00,1070.0,1075.0,1070.0,1075.0,162,1075.02,2327
2026-06-22 11:50:00,1075.0,1075.0,1070.0,1075.0,167,1075.02,2327
2026-06-22 11:55:00,1075.0,1075.0,1070.0,1070.0,242,1075.01,2327
2026-06-22 12:00:00,1075.0,1075.0,1070.0,1075.0,434,1075.01,2327
2026-06-22 12:05:00,1075.0,1075.0,1070.0,1070.0,154,1075.01,2327
2026-06-22 12:10:00,1075.0,1075.0,1070.0,1070.0,179,1075.0,2327
2026-06-22 12:15:00,1075.0,1075.0,1060.0,1065.0,1356,1074.81,2327
2026-06-22 12:20:00,1065.0,1075.0,1065.0,1075.0,517,1074.76,2327
2026-06-22 12:25:00,1075.0,1075.0,1065.0,1070.0,296,1074.73,2327
2026-06-22 12:30:00,1070.0,1070.0,1065.0,1065.0,175,1074.7,2327
2026-06-22 12:35:00,1065.0,1070.0,1065.0,1070.0,175,1074.68,2327
2026-06-22 12:40:00,1070.0,1070.0,1065.0,1070.0,844,1074.53,2327
2026-06-22 12:45:00,1065.0,1070.0,1060.0,1065.0,530,1074.41,2327
2026-06-22 12:50:00,1060.0,1070.0,1060.0,1070.0,866,1074.24,2327
2026-06-22 12:55:00,1070.0,1070.0,1065.0,1070.0,303,1074.21,2327
2026-06-22 13:00:00,1065.0,1070.0,1065.0,1070.0,341,1074.16,2327
2026-06-22 13:05:00,1070.0,1070.0,1065.0,1065.0,1208,1073.97,2327
2026-06-22 13:10:00,1070.0,1070.0,1065.0,1065.0,978,1073.82,2327
2026-06-22 13:15:00,1070.0,1070.0,1065.0,1065.0,826,1073.7,2327
2026-06-22 13:20:00,1070.0,1075.0,1065.0,1065.0,2177,1073.54,2327
2026-06-22 13:30:00,1065.0,1065.0,1065.0,1065.0,2321,1073.2,2327
2026-06-23 09:00:00,1060.0,1075.0,1045.0,1045.0,4844,1060.75,2327
2026-06-23 09:05:00,1045.0,1055.0,1035.0,1035.0,2555,1055.03,2327
2026-06-23 09:10:00,1035.0,1085.0,1035.0,1065.0,2982,1058.13,2327
2026-06-23 09:15:00,1065.0,1065.0,1035.0,1045.0,2780,1055.25,2327
2026-06-23 09:20:00,1045.0,1045.0,1020.0,1025.0,2706,1051.22,2327
2026-06-23 09:25:00,1025.0,1045.0,1025.0,1045.0,1286,1049.89,2327
2026-06-23 09:30:00,1045.0,1045.0,1025.0,1025.0,860,1049.19,2327
2026-06-23 09:35:00,1025.0,1045.0,1025.0,1035.0,819,1048.52,2327
2026-06-23 09:40:00,1035.0,1040.0,1030.0,1035.0,625,1048.03,2327
2026-06-23 09:45:00,1035.0,1035.0,1020.0,1020.0,885,1047.16,2327
2026-06-23 09:50:00,1025.0,1040.0,1020.0,1030.0,787,1046.54,2327
2026-06-23 09:55:00,1030.0,1035.0,1025.0,1035.0,353,1046.28,2327
2026-06-23 10:00:00,1030.0,1035.0,1025.0,1030.0,588,1045.82,2327
2026-06-23 10:05:00,1030.0,1030.0,1020.0,1020.0,761,1045.1,2327
2026-06-23 10:10:00,1020.0,1030.0,1020.0,1030.0,417,1044.74,2327
2026-06-23 10:15:00,1030.0,1030.0,1020.0,1025.0,527,1044.3,2327
2026-06-23 10:20:00,1025.0,1025.0,1020.0,1025.0,248,1044.08,2327
2026-06-23 10:25:00,1025.0,1035.0,1020.0,1030.0,608,1043.65,2327
2026-06-23 10:30:00,1030.0,1035.0,1025.0,1030.0,211,1043.53,2327
2026-06-23 10:35:00,1030.0,1035.0,1025.0,1035.0,313,1043.37,2327
2026-06-23 10:40:00,1035.0,1050.0,1030.0,1050.0,986,1043.25,2327
2026-06-23 10:45:00,1050.0,1060.0,1045.0,1050.0,1318,1043.7,2327
2026-06-23 10:50:00,1050.0,1050.0,1045.0,1050.0,196,1043.74,2327
2026-06-23 10:55:00,1050.0,1050.0,1035.0,1035.0,574,1043.74,2327
2026-06-23 11:00:00,1035.0,1060.0,1030.0,1055.0,929,1043.84,2327
2026-06-23 11:05:00,1060.0,1060.0,1040.0,1040.0,347,1043.91,2327
2026-06-23 11:10:00,1040.0,1045.0,1040.0,1040.0,180,1043.9,2327
2026-06-23 11:15:00,1045.0,1045.0,1030.0,1040.0,493,1043.77,2327
2026-06-23 11:20:00,1040.0,1040.0,1030.0,1035.0,241,1043.69,2327
2026-06-23 11:25:00,1035.0,1040.0,1030.0,1035.0,263,1043.61,2327
2026-06-23 11:30:00,1040.0,1040.0,1025.0,1030.0,694,1043.35,2327
2026-06-23 11:35:00,1035.0,1035.0,1025.0,1030.0,410,1043.14,2327
2026-06-23 11:40:00,1025.0,1035.0,1025.0,1035.0,441,1042.97,2327
2026-06-23 11:45:00,1035.0,1040.0,1030.0,1035.0,423,1042.84,2327
2026-06-23 11:50:00,1040.0,1050.0,1035.0,1050.0,838,1042.92,2327
2026-06-23 11:55:00,1055.0,1055.0,1050.0,1050.0,541,1043.1,2327
2026-06-23 12:00:00,1055.0,1055.0,1045.0,1050.0,335,1043.18,2327
2026-06-23 12:05:00,1045.0,1050.0,1045.0,1050.0,186,1043.21,2327
2026-06-23 12:10:00,1050.0,1050.0,1040.0,1045.0,345,1043.22,2327
2026-06-23 12:15:00,1045.0,1045.0,1030.0,1035.0,389,1043.15,2327
2026-06-23 12:20:00,1035.0,1035.0,1025.0,1035.0,452,1043.0,2327
2026-06-23 12:25:00,1035.0,1040.0,1030.0,1040.0,320,1042.93,2327
2026-06-23 12:30:00,1040.0,1040.0,1030.0,1035.0,257,1042.87,2327
2026-06-23 12:35:00,1035.0,1035.0,1030.0,1035.0,193,1042.82,2327
2026-06-23 12:40:00,1035.0,1035.0,1030.0,1035.0,292,1042.73,2327
2026-06-23 12:45:00,1030.0,1035.0,1025.0,1035.0,547,1042.55,2327
2026-06-23 12:50:00,1035.0,1035.0,1030.0,1035.0,398,1042.44,2327
2026-06-23 12:55:00,1030.0,1035.0,1030.0,1030.0,391,1042.32,2327
2026-06-23 13:00:00,1035.0,1035.0,1025.0,1025.0,1126,1041.92,2327
2026-06-23 13:05:00,1030.0,1035.0,1025.0,1035.0,868,1041.62,2327
2026-06-23 13:10:00,1035.0,1035.0,1030.0,1035.0,344,1041.54,2327
2026-06-23 13:15:00,1030.0,1045.0,1030.0,1040.0,1224,1041.44,2327
2026-06-23 13:20:00,1045.0,1045.0,1025.0,1030.0,741,1041.31,2327
2026-06-23 13:30:00,1020.0,1020.0,1020.0,1020.0,1734,1040.47,2327
2026-06-24 09:00:00,1005.0,1020.0,985.0,988.0,5438,1004.49,2327
2026-06-24 09:05:00,988.0,1025.0,987.0,1005.0,2934,1005.25,2327
2026-06-24 09:10:00,1005.0,1010.0,1000.0,1000.0,1125,1005.1,2327
2026-06-24 09:15:00,1005.0,1015.0,1000.0,1005.0,809,1005.29,2327
2026-06-24 09:20:00,1010.0,1025.0,1005.0,1025.0,1261,1006.22,2327
2026-06-24 09:25:00,1025.0,1025.0,1010.0,1015.0,1315,1007.68,2327
2026-06-24 09:30:00,1015.0,1015.0,1010.0,1015.0,373,1007.82,2327
2026-06-24 09:35:00,1015.0,1015.0,1005.0,1005.0,604,1007.86,2327
2026-06-24 09:40:00,1010.0,1015.0,1005.0,1015.0,341,1007.96,2327
2026-06-24 09:45:00,1015.0,1025.0,1010.0,1025.0,636,1008.49,2327
2026-06-24 09:50:00,1025.0,1035.0,1020.0,1030.0,1285,1010.04,2327
2026-06-24 09:55:00,1030.0,1040.0,1025.0,1030.0,1350,1011.75,2327
2026-06-24 10:00:00,1030.0,1050.0,1030.0,1045.0,1750,1014.45,2327
2026-06-24 10:05:00,1050.0,1060.0,1035.0,1045.0,2098,1017.8,2327
2026-06-24 10:10:00,1045.0,1055.0,1040.0,1045.0,794,1018.91,2327
2026-06-24 10:15:00,1045.0,1055.0,1040.0,1050.0,928,1020.02,2327
2026-06-24 10:20:00,1045.0,1050.0,1035.0,1040.0,465,1020.44,2327
2026-06-24 10:25:00,1035.0,1075.0,1035.0,1070.0,2144,1023.61,2327
2026-06-24 10:30:00,1070.0,1075.0,1055.0,1055.0,1746,1026.25,2327
2026-06-24 10:35:00,1060.0,1060.0,1040.0,1040.0,930,1026.95,2327
2026-06-24 10:40:00,1035.0,1040.0,1030.0,1035.0,1151,1027.16,2327
2026-06-24 10:45:00,1035.0,1040.0,1020.0,1025.0,1253,1027.2,2327
2026-06-24 10:50:00,1025.0,1030.0,1020.0,1030.0,509,1027.14,2327
2026-06-24 10:55:00,1025.0,1030.0,1020.0,1025.0,534,1027.11,2327
2026-06-24 11:00:00,1025.0,1030.0,1015.0,1015.0,977,1026.97,2327
2026-06-24 11:05:00,1015.0,1030.0,1010.0,1030.0,936,1026.71,2327
2026-06-24 11:10:00,1025.0,1035.0,1025.0,1035.0,447,1026.76,2327
2026-06-24 11:15:00,1030.0,1035.0,1020.0,1025.0,319,1026.77,2327
2026-06-24 11:20:00,1025.0,1025.0,1020.0,1025.0,180,1026.76,2327
2026-06-24 11:25:00,1020.0,1030.0,1020.0,1025.0,279,1026.74,2327
2026-06-24 11:30:00,1025.0,1030.0,1020.0,1030.0,341,1026.73,2327
2026-06-24 11:35:00,1025.0,1030.0,1025.0,1030.0,395,1026.76,2327
2026-06-24 11:40:00,1030.0,1035.0,1025.0,1030.0,495,1026.81,2327
2026-06-24 11:45:00,1025.0,1035.0,1025.0,1030.0,265,1026.83,2327
2026-06-24 11:50:00,1035.0,1035.0,1030.0,1035.0,181,1026.87,2327
2026-06-24 11:55:00,1030.0,1035.0,1025.0,1035.0,356,1026.91,2327
2026-06-24 12:00:00,1035.0,1035.0,1025.0,1030.0,344,1026.95,2327
2026-06-24 12:05:00,1025.0,1030.0,1025.0,1030.0,171,1026.97,2327
2026-06-24 12:10:00,1030.0,1030.0,1025.0,1030.0,196,1026.98,2327
2026-06-24 12:15:00,1025.0,1030.0,1020.0,1025.0,473,1026.97,2327
2026-06-24 12:20:00,1025.0,1030.0,1020.0,1030.0,297,1026.96,2327
2026-06-24 12:25:00,1025.0,1030.0,1025.0,1030.0,163,1026.97,2327
2026-06-24 12:30:00,1030.0,1035.0,1030.0,1035.0,523,1027.04,2327
2026-06-24 12:35:00,1030.0,1045.0,1030.0,1045.0,598,1027.21,2327
2026-06-24 12:40:00,1045.0,1045.0,1035.0,1040.0,704,1027.49,2327
2026-06-24 12:45:00,1040.0,1050.0,1040.0,1045.0,367,1027.65,2327
2026-06-24 12:50:00,1045.0,1045.0,1040.0,1045.0,226,1027.74,2327
2026-06-24 12:55:00,1040.0,1055.0,1040.0,1055.0,1400,1028.42,2327
2026-06-24 13:00:00,1055.0,1060.0,1050.0,1055.0,551,1028.79,2327
2026-06-24 13:05:00,1060.0,1065.0,1055.0,1060.0,799,1029.35,2327
2026-06-24 13:10:00,1060.0,1060.0,1055.0,1060.0,370,1029.61,2327
2026-06-24 13:15:00,1060.0,1065.0,1055.0,1065.0,899,1030.28,2327
2026-06-24 13:20:00,1065.0,1070.0,1060.0,1060.0,760,1030.84,2327
2026-06-24 13:30:00,1050.0,1050.0,1050.0,1050.0,1839,1031.58,2327
2026-06-25 09:00:00,1070.0,1070.0,1045.0,1065.0,5170,1058.14,2327
2026-06-25 09:05:00,1060.0,1075.0,1040.0,1050.0,3426,1058.17,2327
2026-06-25 09:10:00,1050.0,1055.0,1045.0,1050.0,928,1057.38,2327
2026-06-25 09:15:00,1050.0,1075.0,1045.0,1075.0,1479,1058.16,2327
2026-06-25 09:20:00,1070.0,1080.0,1060.0,1070.0,1570,1059.92,2327
2026-06-25 09:25:00,1065.0,1070.0,1060.0,1065.0,441,1060.09,2327
2026-06-25 09:30:00,1065.0,1080.0,1060.0,1080.0,989,1060.83,2327
2026-06-25 09:35:00,1080.0,1110.0,1075.0,1095.0,5273,1069.79,2327
2026-06-25 09:40:00,1095.0,1110.0,1085.0,1085.0,1954,1072.4,2327
2026-06-25 09:45:00,1085.0,1090.0,1075.0,1090.0,1000,1072.91,2327
2026-06-25 09:50:00,1090.0,1105.0,1085.0,1105.0,1085,1074.08,2327
2026-06-25 09:55:00,1105.0,1105.0,1090.0,1095.0,967,1075.1,2327
2026-06-25 10:00:00,1095.0,1110.0,1095.0,1110.0,989,1076.18,2327
2026-06-25 10:05:00,1110.0,1110.0,1100.0,1105.0,908,1077.24,2327
2026-06-25 10:10:00,1100.0,1110.0,1080.0,1085.0,2029,1078.36,2327
2026-06-25 10:15:00,1085.0,1110.0,1080.0,1105.0,1493,1079.18,2327
2026-06-25 10:20:00,1110.0,1110.0,1095.0,1100.0,761,1079.8,2327
2026-06-25 10:25:00,1100.0,1105.0,1095.0,1100.0,412,1080.07,2327
2026-06-25 10:30:00,1100.0,1110.0,1095.0,1110.0,496,1080.46,2327
2026-06-25 10:35:00,1110.0,1110.0,1100.0,1105.0,705,1081.01,2327
2026-06-25 10:40:00,1105.0,1105.0,1090.0,1095.0,450,1081.24,2327
2026-06-25 10:45:00,1100.0,1105.0,1090.0,1100.0,425,1081.46,2327
2026-06-25 10:50:00,1100.0,1105.0,1095.0,1105.0,223,1081.59,2327
2026-06-25 10:55:00,1100.0,1105.0,1100.0,1100.0,165,1081.69,2327
2026-06-25 11:00:00,1105.0,1105.0,1090.0,1100.0,438,1081.9,2327
2026-06-25 11:05:00,1100.0,1105.0,1095.0,1105.0,263,1082.05,2327
2026-06-25 11:10:00,1100.0,1105.0,1090.0,1095.0,276,1082.17,2327
2026-06-25 11:15:00,1095.0,1095.0,1090.0,1090.0,123,1082.21,2327
2026-06-25 11:20:00,1095.0,1095.0,1090.0,1090.0,125,1082.26,2327
2026-06-25 11:25:00,1095.0,1095.0,1080.0,1085.0,687,1082.35,2327
2026-06-25 11:30:00,1085.0,1095.0,1085.0,1090.0,341,1082.44,2327
2026-06-25 11:35:00,1090.0,1090.0,1085.0,1090.0,334,1082.47,2327
2026-06-25 11:40:00,1090.0,1090.0,1085.0,1090.0,256,1082.52,2327
2026-06-25 11:45:00,1090.0,1090.0,1085.0,1090.0,160,1082.56,2327
2026-06-25 11:50:00,1090.0,1095.0,1090.0,1095.0,255,1082.63,2327
2026-06-25 11:55:00,1095.0,1100.0,1095.0,1100.0,160,1082.7,2327
2026-06-25 12:00:00,1100.0,1100.0,1095.0,1100.0,138,1082.76,2327
2026-06-25 12:05:00,1095.0,1100.0,1095.0,1095.0,164,1082.83,2327
2026-06-25 12:10:00,1100.0,1100.0,1090.0,1090.0,453,1082.99,2327
2026-06-25 12:15:00,1095.0,1100.0,1090.0,1095.0,368,1083.1,2327
2026-06-25 12:20:00,1095.0,1095.0,1090.0,1095.0,123,1083.14,2327
2026-06-25 12:25:00,1095.0,1095.0,1090.0,1095.0,330,1083.24,2327
2026-06-25 12:30:00,1095.0,1105.0,1090.0,1105.0,1335,1083.77,2327
2026-06-25 12:35:00,1100.0,1105.0,1095.0,1105.0,528,1083.99,2327
2026-06-25 12:40:00,1105.0,1120.0,1100.0,1120.0,2277,1085.44,2327
2026-06-25 12:45:00,1120.0,1125.0,1115.0,1120.0,1368,1086.53,2327
2026-06-25 12:50:00,1120.0,1120.0,1115.0,1120.0,446,1086.84,2327
2026-06-25 12:55:00,1120.0,1130.0,1115.0,1130.0,718,1087.44,2327
2026-06-25 13:00:00,1130.0,1155.0,1125.0,1150.0,5331,1093.38,2327
2026-06-25 13:05:00,1145.0,1155.0,1140.0,1145.0,4641,1098.36,2327
2026-06-25 13:10:00,1145.0,1150.0,1120.0,1125.0,1607,1099.28,2327
2026-06-25 13:15:00,1125.0,1130.0,1125.0,1130.0,332,1099.45,2327
2026-06-25 13:20:00,1130.0,1130.0,1125.0,1125.0,633,1099.77,2327
2026-06-25 13:30:00,1125.0,1125.0,1125.0,1125.0,1196,1100.28,2327
2026-06-26 09:00:00,1100.0,1100.0,1065.0,1070.0,4669,1084.66,2327
2026-06-26 09:05:00,1060.0,1075.0,1055.0,1065.0,2734,1076.85,2327
2026-06-26 09:10:00,1065.0,1085.0,1065.0,1080.0,2303,1076.5,2327
2026-06-26 09:15:00,1080.0,1095.0,1075.0,1090.0,1785,1078.16,2327
2026-06-26 09:20:00,1085.0,1095.0,1085.0,1090.0,867,1078.94,2327
2026-06-26 09:25:00,1085.0,1095.0,1080.0,1080.0,1355,1079.62,2327
2026-06-26 09:30:00,1080.0,1085.0,1070.0,1070.0,1231,1079.43,2327
2026-06-26 09:35:00,1070.0,1075.0,1065.0,1065.0,1223,1078.5,2327
2026-06-26 09:40:00,1065.0,1070.0,1055.0,1060.0,1401,1077.17,2327
2026-06-26 09:45:00,1055.0,1065.0,1050.0,1060.0,2121,1075.03,2327
2026-06-26 09:50:00,1060.0,1065.0,1050.0,1050.0,1415,1073.71,2327
2026-06-26 09:55:00,1050.0,1070.0,1045.0,1065.0,1191,1072.65,2327
2026-06-26 10:00:00,1065.0,1070.0,1060.0,1065.0,790,1072.39,2327
2026-06-26 10:05:00,1065.0,1065.0,1060.0,1065.0,157,1072.33,2327
2026-06-26 10:10:00,1060.0,1065.0,1055.0,1060.0,523,1072.03,2327
2026-06-26 10:15:00,1060.0,1060.0,1045.0,1050.0,614,1071.55,2327
2026-06-26 10:20:00,1045.0,1050.0,1025.0,1025.0,2657,1068.13,2327
2026-06-26 10:25:00,1025.0,1045.0,1025.0,1045.0,1856,1065.88,2327
2026-06-26 10:30:00,1045.0,1050.0,1030.0,1035.0,719,1065.28,2327
2026-06-26 10:35:00,1040.0,1040.0,1025.0,1035.0,1072,1064.02,2327
2026-06-26 10:40:00,1030.0,1035.0,1025.0,1030.0,764,1063.19,2327
2026-06-26 10:45:00,1035.0,1035.0,1020.0,1020.0,1616,1061.26,2327
2026-06-26 10:50:00,1020.0,1030.0,1020.0,1025.0,861,1060.32,2327
2026-06-26 10:55:00,1030.0,1030.0,1025.0,1025.0,301,1060.04,2327
2026-06-26 11:00:00,1030.0,1030.0,1020.0,1020.0,903,1059.08,2327
2026-06-26 11:05:00,1020.0,1025.0,1015.0,1025.0,2110,1056.72,2327
2026-06-26 11:10:00,1020.0,1020.0,1015.0,1020.0,846,1055.83,2327
2026-06-26 11:15:00,1020.0,1035.0,1015.0,1035.0,1115,1055.04,2327
2026-06-26 11:20:00,1035.0,1035.0,1020.0,1020.0,712,1054.53,2327
2026-06-26 11:25:00,1020.0,1030.0,1020.0,1030.0,333,1054.29,2327
2026-06-26 11:30:00,1030.0,1030.0,1020.0,1025.0,308,1054.08,2327
2026-06-26 11:35:00,1025.0,1025.0,1020.0,1025.0,239,1053.9,2327
2026-06-26 11:40:00,1025.0,1030.0,1020.0,1025.0,362,1053.64,2327
2026-06-26 11:45:00,1030.0,1035.0,1020.0,1025.0,947,1053.07,2327
2026-06-26 11:50:00,1025.0,1030.0,1020.0,1030.0,193,1052.95,2327
2026-06-26 11:55:00,1030.0,1035.0,1030.0,1035.0,400,1052.75,2327
2026-06-26 12:00:00,1035.0,1035.0,1030.0,1030.0,321,1052.62,2327
2026-06-26 12:05:00,1035.0,1035.0,1020.0,1025.0,1055,1052.0,2327
2026-06-26 12:10:00,1025.0,1030.0,1020.0,1030.0,138,1051.92,2327
2026-06-26 12:15:00,1025.0,1030.0,1025.0,1025.0,109,1051.86,2327
2026-06-26 12:20:00,1025.0,1030.0,1020.0,1025.0,521,1051.56,2327
2026-06-26 12:25:00,1025.0,1025.0,1020.0,1025.0,208,1051.42,2327
2026-06-26 12:30:00,1025.0,1025.0,1020.0,1025.0,257,1051.26,2327
2026-06-26 12:35:00,1020.0,1025.0,1015.0,1015.0,1150,1050.45,2327
2026-06-26 12:40:00,1020.0,1020.0,1015.0,1015.0,2283,1048.8,2327
2026-06-26 12:45:00,1015.0,1015.0,1015.0,1015.0,1469,1047.82,2327
2026-06-26 12:50:00,1015.0,1015.0,1015.0,1015.0,225,1047.67,2327
2026-06-26 12:55:00,1015.0,1015.0,1015.0,1015.0,197,1047.54,2327
2026-06-26 13:00:00,1015.0,1015.0,1015.0,1015.0,141,1047.45,2327
2026-06-26 13:05:00,1015.0,1015.0,1015.0,1015.0,352,1047.23,2327
2026-06-26 13:10:00,1015.0,1015.0,1015.0,1015.0,143,1047.14,2327
2026-06-26 13:15:00,1015.0,1015.0,1015.0,1015.0,144,1047.05,2327
2026-06-26 13:20:00,1015.0,1015.0,1015.0,1015.0,199,1046.92,2327
2026-06-26 13:30:00,1015.0,1015.0,1015.0,1015.0,276,1046.75,2327
2026-06-29 09:00:00,985.0,1010.0,979.0,1005.0,5468,989.91,2327
2026-06-29 09:05:00,1010.0,1030.0,1000.0,1010.0,2164,997.65,2327
2026-06-29 09:10:00,1010.0,1025.0,1005.0,1020.0,1155,1000.22,2327
2026-06-29 09:15:00,1015.0,1030.0,1010.0,1015.0,1232,1002.64,2327
2026-06-29 09:20:00,1020.0,1025.0,1015.0,1015.0,455,1003.39,2327
2026-06-29 09:25:00,1015.0,1025.0,1015.0,1020.0,390,1003.97,2327
2026-06-29 09:30:00,1020.0,1025.0,1015.0,1025.0,458,1004.65,2327
2026-06-29 09:35:00,1025.0,1035.0,1020.0,1035.0,1189,1006.88,2327
2026-06-29 09:40:00,1030.0,1050.0,1025.0,1045.0,1572,1010.24,2327
2026-06-29 09:45:00,1045.0,1050.0,1040.0,1045.0,1123,1012.87,2327
2026-06-29 09:50:00,1045.0,1060.0,1035.0,1055.0,2319,1017.35,2327
2026-06-29 09:55:00,1060.0,1065.0,1050.0,1055.0,1445,1020.32,2327
2026-06-29 10:00:00,1050.0,1060.0,1050.0,1050.0,624,1021.38,2327
2026-06-29 10:05:00,1055.0,1055.0,1035.0,1040.0,1470,1022.91,2327
2026-06-29 10:10:00,1045.0,1055.0,1040.0,1045.0,761,1023.76,2327
2026-06-29 10:15:00,1045.0,1050.0,1040.0,1050.0,626,1024.33,2327
2026-06-29 10:20:00,1050.0,1055.0,1050.0,1055.0,564,1025.01,2327
2026-06-29 10:25:00,1050.0,1060.0,1045.0,1055.0,931,1026.11,2327
2026-06-29 10:30:00,1055.0,1060.0,1050.0,1055.0,548,1026.76,2327
2026-06-29 10:35:00,1055.0,1055.0,1050.0,1055.0,170,1026.95,2327
2026-06-29 10:40:00,1055.0,1055.0,1050.0,1055.0,398,1027.39,2327
2026-06-29 10:45:00,1055.0,1055.0,1050.0,1055.0,202,1027.6,2327
2026-06-29 10:50:00,1055.0,1055.0,1045.0,1045.0,462,1028.0,2327
2026-06-29 10:55:00,1050.0,1060.0,1045.0,1055.0,781,1028.76,2327
2026-06-29 11:00:00,1055.0,1060.0,1050.0,1055.0,268,1029.04,2327
2026-06-29 11:05:00,1055.0,1060.0,1050.0,1055.0,244,1029.26,2327
2026-06-29 11:10:00,1055.0,1055.0,1045.0,1045.0,613,1029.78,2327
2026-06-29 11:15:00,1050.0,1055.0,1045.0,1050.0,184,1029.9,2327
2026-06-29 11:20:00,1050.0,1050.0,1045.0,1050.0,176,1030.02,2327
2026-06-29 11:25:00,1045.0,1050.0,1045.0,1050.0,178,1030.14,2327
2026-06-29 11:30:00,1045.0,1050.0,1035.0,1040.0,892,1030.54,2327
2026-06-29 11:35:00,1040.0,1045.0,1035.0,1040.0,504,1030.63,2327
2026-06-29 11:40:00,1035.0,1040.0,1030.0,1030.0,733,1030.66,2327
2026-06-29 11:45:00,1030.0,1040.0,1030.0,1035.0,682,1030.71,2327
2026-06-29 11:50:00,1035.0,1045.0,1035.0,1045.0,292,1030.8,2327
2026-06-29 11:55:00,1045.0,1050.0,1040.0,1050.0,329,1030.95,2327
2026-06-29 12:00:00,1045.0,1050.0,1035.0,1040.0,308,1031.04,2327
2026-06-29 12:05:00,1040.0,1045.0,1035.0,1045.0,232,1031.11,2327
2026-06-29 12:10:00,1045.0,1045.0,1035.0,1040.0,257,1031.18,2327
2026-06-29 12:15:00,1040.0,1040.0,1035.0,1040.0,167,1031.22,2327
2026-06-29 12:20:00,1040.0,1040.0,1035.0,1040.0,188,1031.27,2327
2026-06-29 12:25:00,1040.0,1040.0,1035.0,1040.0,169,1031.31,2327
2026-06-29 12:30:00,1040.0,1040.0,1030.0,1040.0,649,1031.39,2327
2026-06-29 12:35:00,1035.0,1040.0,1030.0,1035.0,331,1031.43,2327
2026-06-29 12:40:00,1035.0,1035.0,1030.0,1035.0,335,1031.46,2327
2026-06-29 12:45:00,1035.0,1040.0,1030.0,1040.0,458,1031.49,2327
2026-06-29 12:50:00,1040.0,1040.0,1035.0,1035.0,314,1031.53,2327
2026-06-29 12:55:00,1040.0,1040.0,1030.0,1035.0,209,1031.55,2327
2026-06-29 13:00:00,1035.0,1035.0,1030.0,1030.0,381,1031.56,2327
2026-06-29 13:05:00,1035.0,1040.0,1030.0,1035.0,907,1031.64,2327
2026-06-29 13:10:00,1040.0,1040.0,1035.0,1040.0,371,1031.7,2327
2026-06-29 13:15:00,1040.0,1045.0,1035.0,1040.0,735,1031.84,2327
2026-06-29 13:20:00,1045.0,1045.0,1040.0,1040.0,562,1031.99,2327
2026-06-29 13:30:00,1040.0,1040.0,1040.0,1040.0,1563,1032.3,2327
2026-06-30 09:00:00,1065.0,1075.0,1050.0,1070.0,5697,1064.49,2327
2026-06-30 09:05:00,1065.0,1080.0,1055.0,1060.0,3353,1066.38,2327
2026-06-30 09:10:00,1060.0,1065.0,1045.0,1045.0,1769,1064.44,2327
2026-06-30 09:15:00,1045.0,1060.0,1045.0,1060.0,1036,1063.35,2327
2026-06-30 09:20:00,1060.0,1075.0,1050.0,1070.0,2181,1063.67,2327
2026-06-30 09:25:00,1070.0,1090.0,1065.0,1085.0,2954,1066.02,2327
2026-06-30 09:30:00,1090.0,1110.0,1085.0,1090.0,4229,1072.52,2327
2026-06-30 09:35:00,1090.0,1105.0,1090.0,1105.0,1318,1074.09,2327
2026-06-30 09:40:00,1105.0,1125.0,1100.0,1120.0,2857,1078.52,2327
2026-06-30 09:45:00,1120.0,1120.0,1105.0,1105.0,833,1079.58,2327
2026-06-30 09:50:00,1110.0,1125.0,1105.0,1120.0,1214,1081.18,2327
2026-06-30 09:55:00,1115.0,1130.0,1115.0,1125.0,1369,1083.21,2327
2026-06-30 10:00:00,1125.0,1130.0,1115.0,1125.0,1014,1084.53,2327
2026-06-30 10:05:00,1125.0,1130.0,1120.0,1125.0,663,1085.41,2327
2026-06-30 10:10:00,1130.0,1130.0,1125.0,1130.0,332,1085.88,2327
2026-06-30 10:15:00,1125.0,1130.0,1115.0,1130.0,1158,1087.22,2327
2026-06-30 10:20:00,1130.0,1140.0,1125.0,1140.0,9786,1099.26,2327
2026-06-30 10:25:00,1140.0,1140.0,1140.0,1140.0,419,1099.66,2327
2026-06-30 10:30:00,1140.0,1140.0,1140.0,1140.0,220,1099.87,2327
2026-06-30 10:35:00,1140.0,1140.0,1140.0,1140.0,170,1100.03,2327
2026-06-30 10:40:00,1140.0,1140.0,1140.0,1140.0,82,1100.11,2327
2026-06-30 10:45:00,1140.0,1140.0,1140.0,1140.0,112,1100.21,2327
2026-06-30 10:50:00,1140.0,1140.0,1140.0,1140.0,89,1100.3,2327
2026-06-30 10:55:00,1140.0,1140.0,1135.0,1135.0,7774,1106.38,2327
2026-06-30 11:00:00,1135.0,1140.0,1125.0,1135.0,957,1106.88,2327
2026-06-30 11:05:00,1135.0,1140.0,1135.0,1140.0,1395,1107.74,2327
2026-06-30 11:10:00,1140.0,1140.0,1140.0,1140.0,299,1107.92,2327
2026-06-30 11:15:00,1140.0,1140.0,1140.0,1140.0,86,1107.97,2327
2026-06-30 11:20:00,1140.0,1140.0,1140.0,1140.0,46,1108.0,2327
2026-06-30 11:25:00,1140.0,1140.0,1140.0,1140.0,85,1108.05,2327
2026-06-30 11:30:00,1140.0,1140.0,1140.0,1140.0,86,1108.1,2327
2026-06-30 11:35:00,1140.0,1140.0,1140.0,1140.0,110,1108.16,2327
2026-06-30 11:40:00,1140.0,1140.0,1140.0,1140.0,34,1108.18,2327
2026-06-30 11:45:00,1140.0,1140.0,1140.0,1140.0,26,1108.2,2327
2026-06-30 11:50:00,1140.0,1140.0,1140.0,1140.0,237,1108.34,2327
2026-06-30 11:55:00,1140.0,1140.0,1140.0,1140.0,79,1108.39,2327
2026-06-30 12:00:00,1140.0,1140.0,1140.0,1140.0,39,1108.41,2327
2026-06-30 12:05:00,1140.0,1140.0,1140.0,1140.0,33,1108.43,2327
2026-06-30 12:10:00,1140.0,1140.0,1140.0,1140.0,90,1108.48,2327
2026-06-30 12:15:00,1140.0,1140.0,1140.0,1140.0,58,1108.51,2327
2026-06-30 12:20:00,1140.0,1140.0,1140.0,1140.0,38,1108.54,2327
2026-06-30 12:25:00,1140.0,1140.0,1140.0,1140.0,25,1108.55,2327
2026-06-30 12:30:00,1140.0,1140.0,1140.0,1140.0,30,1108.57,2327
2026-06-30 12:35:00,1140.0,1140.0,1140.0,1140.0,34,1108.59,2327
2026-06-30 12:40:00,1140.0,1140.0,1140.0,1140.0,30,1108.61,2327
2026-06-30 12:45:00,1140.0,1140.0,1140.0,1140.0,26,1108.62,2327
2026-06-30 12:50:00,1140.0,1140.0,1140.0,1140.0,18,1108.63,2327
2026-06-30 12:55:00,1140.0,1140.0,1140.0,1140.0,43,1108.66,2327
2026-06-30 13:00:00,1140.0,1140.0,1140.0,1140.0,57,1108.69,2327
2026-06-30 13:05:00,1140.0,1140.0,1140.0,1140.0,21,1108.7,2327
2026-06-30 13:10:00,1140.0,1140.0,1140.0,1140.0,54,1108.73,2327
2026-06-30 13:15:00,1140.0,1140.0,1140.0,1140.0,29,1108.75,2327
2026-06-30 13:20:00,1140.0,1140.0,1140.0,1140.0,70,1108.79,2327
2026-06-30 13:30:00,1140.0,1140.0,1140.0,1140.0,187,1108.89,2327
2026-07-01 09:00:00,1200.0,1220.0,1195.0,1215.0,10506,1207.8,2327
2026-07-01 09:05:00,1215.0,1215.0,1185.0,1195.0,4866,1206.62,2327
2026-07-01 09:10:00,1190.0,1200.0,1170.0,1170.0,3047,1203.32,2327
2026-07-01 09:15:00,1180.0,1190.0,1165.0,1185.0,2957,1199.84,2327
2026-07-01 09:20:00,1185.0,1200.0,1180.0,1190.0,2370,1199.03,2327
2026-07-01 09:25:00,1185.0,1205.0,1185.0,1200.0,2287,1198.96,2327
2026-07-01 09:30:00,1195.0,1200.0,1175.0,1185.0,1729,1198.06,2327
2026-07-01 09:35:00,1180.0,1200.0,1180.0,1200.0,1183,1197.77,2327
2026-07-01 09:40:00,1195.0,1200.0,1185.0,1190.0,591,1197.59,2327
2026-07-01 09:45:00,1190.0,1190.0,1175.0,1185.0,780,1197.19,2327
2026-07-01 09:50:00,1190.0,1195.0,1185.0,1195.0,539,1197.07,2327
2026-07-01 09:55:00,1195.0,1195.0,1185.0,1190.0,688,1196.97,2327
2026-07-01 10:00:00,1190.0,1190.0,1185.0,1190.0,470,1196.82,2327
2026-07-01 10:05:00,1185.0,1190.0,1180.0,1180.0,470,1196.64,2327
2026-07-01 10:10:00,1180.0,1190.0,1180.0,1190.0,232,1196.56,2327
2026-07-01 10:15:00,1185.0,1195.0,1185.0,1195.0,509,1196.46,2327
2026-07-01 10:20:00,1195.0,1200.0,1190.0,1200.0,1550,1196.52,2327
2026-07-01 10:25:00,1200.0,1200.0,1190.0,1190.0,1063,1196.51,2327
2026-07-01 10:30:00,1195.0,1200.0,1190.0,1195.0,487,1196.49,2327
2026-07-01 10:35:00,1200.0,1200.0,1190.0,1195.0,735,1196.46,2327
2026-07-01 10:40:00,1195.0,1200.0,1190.0,1200.0,585,1196.44,2327
2026-07-01 10:45:00,1200.0,1200.0,1190.0,1195.0,362,1196.43,2327
2026-07-01 10:50:00,1195.0,1195.0,1185.0,1185.0,433,1196.33,2327
2026-07-01 10:55:00,1190.0,1190.0,1175.0,1175.0,708,1196.09,2327
2026-07-01 11:00:00,1180.0,1180.0,1165.0,1165.0,988,1195.5,2327
2026-07-01 11:05:00,1170.0,1175.0,1165.0,1170.0,666,1195.09,2327
2026-07-01 11:10:00,1170.0,1175.0,1155.0,1160.0,807,1194.49,2327
2026-07-01 11:15:00,1155.0,1160.0,1135.0,1145.0,3222,1190.78,2327
2026-07-01 11:20:00,1145.0,1150.0,1130.0,1150.0,1444,1189.29,2327
2026-07-01 11:25:00,1150.0,1170.0,1150.0,1165.0,1634,1188.35,2327
2026-07-01 11:30:00,1165.0,1170.0,1155.0,1160.0,600,1187.99,2327
2026-07-01 11:35:00,1160.0,1175.0,1155.0,1170.0,868,1187.62,2327
2026-07-01 11:40:00,1170.0,1175.0,1165.0,1175.0,529,1187.45,2327
2026-07-01 11:45:00,1175.0,1180.0,1170.0,1180.0,425,1187.36,2327
2026-07-01 11:50:00,1175.0,1180.0,1175.0,1180.0,154,1187.33,2327
2026-07-01 11:55:00,1180.0,1180.0,1175.0,1180.0,204,1187.29,2327
2026-07-01 12:00:00,1180.0,1180.0,1165.0,1165.0,505,1187.15,2327
2026-07-01 12:05:00,1165.0,1170.0,1150.0,1155.0,776,1186.72,2327
2026-07-01 12:10:00,1150.0,1165.0,1150.0,1160.0,860,1186.22,2327
2026-07-01 12:15:00,1160.0,1165.0,1155.0,1155.0,555,1185.93,2327
2026-07-01 12:20:00,1160.0,1165.0,1155.0,1155.0,550,1185.66,2327
2026-07-01 12:25:00,1160.0,1160.0,1150.0,1155.0,696,1185.27,2327
2026-07-01 12:30:00,1155.0,1160.0,1150.0,1155.0,726,1184.88,2327
2026-07-01 12:35:00,1155.0,1160.0,1150.0,1150.0,754,1184.47,2327
2026-07-01 12:40:00,1155.0,1160.0,1150.0,1150.0,848,1184.0,2327
2026-07-01 12:45:00,1150.0,1155.0,1150.0,1150.0,533,1183.69,2327
2026-07-01 12:50:00,1150.0,1155.0,1140.0,1145.0,1427,1182.82,2327
2026-07-01 12:55:00,1150.0,1150.0,1145.0,1145.0,956,1182.25,2327
2026-07-01 13:00:00,1150.0,1150.0,1140.0,1145.0,1313,1181.43,2327
2026-07-01 13:05:00,1145.0,1150.0,1140.0,1145.0,1327,1180.63,2327
2026-07-01 13:10:00,1150.0,1150.0,1145.0,1145.0,1020,1180.09,2327
2026-07-01 13:15:00,1150.0,1150.0,1140.0,1140.0,1139,1179.47,2327
2026-07-01 13:20:00,1140.0,1150.0,1140.0,1150.0,1841,1178.45,2327
2026-07-01 13:30:00,1140.0,1140.0,1140.0,1140.0,3247,1176.66,2327
2026-07-02 09:00:00,1095.0,1125.0,1085.0,1095.0,6018,1103.69,2327
2026-07-02 09:05:00,1095.0,1105.0,1090.0,1100.0,2093,1102.44,2327
2026-07-02 09:10:00,1100.0,1110.0,1090.0,1095.0,2146,1101.71,2327
2026-07-02 09:15:00,1100.0,1105.0,1090.0,1100.0,950,1101.28,2327
2026-07-02 09:20:00,1100.0,1115.0,1095.0,1110.0,1436,1101.71,2327
2026-07-02 09:25:00,1110.0,1125.0,1110.0,1115.0,1938,1104.01,2327
2026-07-02 09:30:00,1115.0,1115.0,1105.0,1115.0,460,1104.22,2327
2026-07-02 09:35:00,1115.0,1120.0,1110.0,1115.0,287,1104.46,2327
2026-07-02 09:40:00,1120.0,1125.0,1115.0,1120.0,823,1105.16,2327
2026-07-02 09:45:00,1120.0,1120.0,1110.0,1120.0,476,1105.45,2327
2026-07-02 09:50:00,1120.0,1125.0,1110.0,1115.0,997,1106.14,2327
2026-07-02 09:55:00,1120.0,1120.0,1105.0,1110.0,490,1106.24,2327
2026-07-02 10:00:00,1105.0,1110.0,1095.0,1095.0,1182,1105.94,2327
2026-07-02 10:05:00,1095.0,1105.0,1090.0,1095.0,1437,1105.34,2327
2026-07-02 10:10:00,1095.0,1100.0,1090.0,1095.0,1122,1104.75,2327
2026-07-02 10:15:00,1095.0,1100.0,1090.0,1095.0,320,1104.62,2327
2026-07-02 10:20:00,1095.0,1100.0,1080.0,1080.0,1999,1103.23,2327
2026-07-02 10:25:00,1080.0,1085.0,1080.0,1085.0,808,1102.5,2327
2026-07-02 10:30:00,1085.0,1085.0,1075.0,1080.0,612,1101.99,2327
2026-07-02 10:35:00,1075.0,1090.0,1075.0,1090.0,754,1101.33,2327
2026-07-02 10:40:00,1090.0,1090.0,1085.0,1090.0,128,1101.27,2327
2026-07-02 10:45:00,1090.0,1095.0,1085.0,1090.0,678,1101.03,2327
2026-07-02 10:50:00,1090.0,1090.0,1080.0,1085.0,322,1100.85,2327
2026-07-02 10:55:00,1085.0,1090.0,1080.0,1085.0,187,1100.74,2327
2026-07-02 11:00:00,1085.0,1085.0,1075.0,1080.0,509,1100.38,2327
2026-07-02 11:05:00,1075.0,1080.0,1070.0,1070.0,670,1099.78,2327
2026-07-02 11:10:00,1075.0,1075.0,1060.0,1065.0,1404,1098.19,2327
2026-07-02 11:15:00,1065.0,1075.0,1065.0,1075.0,343,1097.88,2327
2026-07-02 11:20:00,1075.0,1075.0,1060.0,1065.0,412,1097.46,2327
2026-07-02 11:25:00,1065.0,1065.0,1055.0,1055.0,973,1096.28,2327
2026-07-02 11:30:00,1055.0,1065.0,1050.0,1060.0,871,1095.18,2327
2026-07-02 11:35:00,1060.0,1070.0,1060.0,1065.0,262,1094.95,2327
2026-07-02 11:40:00,1070.0,1070.0,1060.0,1060.0,201,1094.76,2327
2026-07-02 11:45:00,1065.0,1065.0,1050.0,1050.0,639,1094.0,2327
2026-07-02 11:50:00,1055.0,1055.0,1040.0,1050.0,1856,1091.52,2327
2026-07-02 11:55:00,1055.0,1055.0,1040.0,1045.0,507,1090.89,2327
2026-07-02 12:00:00,1045.0,1060.0,1040.0,1060.0,404,1090.46,2327
2026-07-02 12:05:00,1060.0,1060.0,1055.0,1060.0,265,1090.22,2327
2026-07-02 12:10:00,1060.0,1065.0,1055.0,1060.0,239,1090.03,2327
2026-07-02 12:15:00,1060.0,1065.0,1055.0,1055.0,201,1089.86,2327
2026-07-02 12:20:00,1060.0,1060.0,1050.0,1055.0,262,1089.62,2327
2026-07-02 12:25:00,1060.0,1060.0,1055.0,1060.0,101,1089.53,2327
2026-07-02 12:30:00,1055.0,1060.0,1055.0,1055.0,107,1089.44,2327
2026-07-02 12:35:00,1055.0,1060.0,1055.0,1055.0,121,1089.34,2327
2026-07-02 12:40:00,1060.0,1060.0,1050.0,1055.0,317,1089.05,2327
2026-07-02 12:45:00,1050.0,1060.0,1050.0,1055.0,511,1088.6,2327
2026-07-02 12:50:00,1055.0,1060.0,1055.0,1055.0,123,1088.5,2327
2026-07-02 12:55:00,1060.0,1060.0,1055.0,1055.0,158,1088.37,2327
2026-07-02 13:00:00,1060.0,1060.0,1055.0,1055.0,234,1088.2,2327
2026-07-02 13:05:00,1055.0,1060.0,1055.0,1055.0,318,1087.94,2327
2026-07-02 13:10:00,1060.0,1065.0,1055.0,1065.0,1125,1087.22,2327
2026-07-02 13:15:00,1065.0,1065.0,1060.0,1065.0,374,1087.01,2327
2026-07-02 13:20:00,1060.0,1065.0,1060.0,1060.0,787,1086.55,2327
2026-07-02 13:30:00,1055.0,1055.0,1055.0,1055.0,1406,1085.53,2327
2026-07-03 09:00:00,1010.0,1025.0,999.0,1010.0,4445,1007.11,2327
2026-07-03 09:05:00,1010.0,1015.0,1000.0,1010.0,1757,1007.81,2327
2026-07-03 09:10:00,1010.0,1025.0,1010.0,1015.0,1253,1009.43,2327
2026-07-03 09:15:00,1015.0,1015.0,1005.0,1010.0,582,1009.46,2327
2026-07-03 09:20:00,1010.0,1020.0,1005.0,1005.0,1103,1009.93,2327
2026-07-03 09:25:00,1005.0,1010.0,999.0,1000.0,2520,1008.05,2327
2026-07-03 09:30:00,1005.0,1025.0,1000.0,1020.0,2093,1008.35,2327
2026-07-03 09:35:00,1025.0,1050.0,1020.0,1045.0,2596,1012.49,2327
2026-07-03 09:40:00,1045.0,1060.0,1040.0,1045.0,2354,1017.3,2327
2026-07-03 09:45:00,1045.0,1065.0,1045.0,1045.0,1721,1020.42,2327
2026-07-03 09:50:00,1045.0,1050.0,1040.0,1045.0,462,1020.95,2327
2026-07-03 09:55:00,1045.0,1055.0,1040.0,1045.0,659,1021.84,2327
2026-07-03 10:00:00,1050.0,1075.0,1045.0,1075.0,1799,1025.1,2327
2026-07-03 10:05:00,1075.0,1075.0,1065.0,1070.0,1212,1027.31,2327
2026-07-03 10:10:00,1070.0,1070.0,1060.0,1060.0,388,1027.9,2327
2026-07-03 10:15:00,1060.0,1065.0,1060.0,1065.0,151,1028.11,2327
2026-07-03 10:20:00,1065.0,1065.0,1055.0,1055.0,376,1028.59,2327
2026-07-03 10:25:00,1055.0,1065.0,1055.0,1060.0,542,1029.2,2327
2026-07-03 10:30:00,1065.0,1070.0,1060.0,1065.0,375,1029.71,2327
2026-07-03 10:35:00,1060.0,1065.0,1060.0,1060.0,73,1029.8,2327
2026-07-03 10:40:00,1060.0,1065.0,1050.0,1050.0,440,1030.24,2327
2026-07-03 10:45:00,1050.0,1055.0,1050.0,1050.0,345,1030.49,2327
2026-07-03 10:50:00,1050.0,1055.0,1040.0,1045.0,876,1030.89,2327
2026-07-03 10:55:00,1045.0,1055.0,1045.0,1055.0,204,1031.04,2327
2026-07-03 11:00:00,1050.0,1055.0,1045.0,1050.0,177,1031.15,2327
2026-07-03 11:05:00,1050.0,1050.0,1045.0,1050.0,84,1031.2,2327
2026-07-03 11:10:00,1050.0,1055.0,1050.0,1055.0,165,1031.32,2327
2026-07-03 11:15:00,1055.0,1055.0,1045.0,1050.0,131,1031.4,2327
2026-07-03 11:20:00,1050.0,1050.0,1045.0,1045.0,44,1031.42,2327
2026-07-03 11:25:00,1045.0,1050.0,1045.0,1045.0,120,1031.48,2327
2026-07-03 11:30:00,1050.0,1055.0,1050.0,1050.0,259,1031.65,2327
2026-07-03 11:35:00,1050.0,1050.0,1040.0,1040.0,227,1031.77,2327
2026-07-03 11:40:00,1040.0,1045.0,1040.0,1040.0,174,1031.82,2327
2026-07-03 11:45:00,1040.0,1045.0,1035.0,1040.0,336,1031.92,2327
2026-07-03 11:50:00,1045.0,1045.0,1040.0,1045.0,67,1031.94,2327
2026-07-03 11:55:00,1045.0,1055.0,1040.0,1050.0,330,1032.12,2327
2026-07-03 12:00:00,1055.0,1055.0,1050.0,1050.0,78,1032.17,2327
2026-07-03 12:05:00,1055.0,1055.0,1050.0,1050.0,47,1032.2,2327
2026-07-03 12:10:00,1050.0,1055.0,1050.0,1055.0,75,1032.25,2327
2026-07-03 12:15:00,1055.0,1065.0,1050.0,1065.0,1053,1033.07,2327
2026-07-03 12:20:00,1065.0,1065.0,1055.0,1055.0,394,1033.39,2327
2026-07-03 12:25:00,1055.0,1055.0,1050.0,1055.0,156,1033.49,2327
2026-07-03 12:30:00,1055.0,1055.0,1050.0,1055.0,70,1033.53,2327
2026-07-03 12:35:00,1050.0,1055.0,1050.0,1050.0,69,1033.57,2327
2026-07-03 12:40:00,1050.0,1055.0,1050.0,1055.0,67,1033.61,2327
2026-07-03 12:45:00,1055.0,1055.0,1050.0,1050.0,85,1033.66,2327
2026-07-03 12:50:00,1055.0,1055.0,1050.0,1055.0,82,1033.71,2327
2026-07-03 12:55:00,1050.0,1055.0,1050.0,1050.0,146,1033.79,2327
2026-07-03 13:00:00,1055.0,1055.0,1050.0,1050.0,249,1033.92,2327
2026-07-03 13:05:00,1055.0,1055.0,1045.0,1050.0,733,1034.28,2327
2026-07-03 13:10:00,1050.0,1055.0,1045.0,1045.0,316,1034.41,2327
2026-07-03 13:15:00,1045.0,1050.0,1040.0,1045.0,685,1034.63,2327
2026-07-03 13:20:00,1045.0,1050.0,1040.0,1045.0,652,1034.83,2327
2026-07-03 13:30:00,1045.0,1045.0,1045.0,1045.0,1503,1035.24,2327
2026-07-06 09:00:00,1045.0,1055.0,1025.0,1030.0,4714,1041.73,2327
2026-07-06 09:05:00,1025.0,1045.0,1025.0,1035.0,1648,1039.71,2327
2026-07-06 09:10:00,1030.0,1035.0,1025.0,1030.0,571,1038.9,2327
2026-07-06 09:15:00,1030.0,1035.0,1020.0,1020.0,995,1037.58,2327
2026-07-06 09:20:00,1020.0,1025.0,1000.0,1005.0,2381,1031.6,2327
2026-07-06 09:25:00,1010.0,1010.0,989.0,989.0,4740,1021.21,2327
2026-07-06 09:30:00,989.0,1010.0,989.0,1005.0,1322,1019.38,2327
2026-07-06 09:35:00,1005.0,1020.0,1005.0,1020.0,1189,1018.81,2327
2026-07-06 09:40:00,1020.0,1020.0,1010.0,1010.0,387,1018.74,2327
2026-07-06 09:45:00,1010.0,1015.0,1005.0,1010.0,471,1018.5,2327
2026-07-06 09:50:00,1010.0,1010.0,1000.0,1005.0,261,1018.31,2327
2026-07-06 09:55:00,1005.0,1010.0,1000.0,1005.0,270,1018.13,2327
2026-07-06 10:00:00,1005.0,1015.0,1005.0,1015.0,443,1017.92,2327
2026-07-06 10:05:00,1015.0,1015.0,1005.0,1005.0,221,1017.8,2327
2026-07-06 10:10:00,1010.0,1010.0,995.0,998.0,1612,1016.38,2327
2026-07-06 10:15:00,999.0,1005.0,995.0,1000.0,750,1015.76,2327
2026-07-06 10:20:00,1000.0,1010.0,1000.0,1005.0,357,1015.57,2327
2026-07-06 10:25:00,1000.0,1005.0,1000.0,1000.0,261,1015.41,2327
2026-07-06 10:30:00,999.0,1000.0,996.0,997.0,421,1015.09,2327
2026-07-06 10:35:00,999.0,1005.0,996.0,998.0,408,1014.79,2327
2026-07-06 10:40:00,996.0,998.0,990.0,991.0,928,1013.96,2327
2026-07-06 10:45:00,991.0,995.0,985.0,985.0,1874,1012.13,2327
2026-07-06 10:50:00,986.0,997.0,985.0,995.0,731,1011.57,2327
2026-07-06 10:55:00,996.0,1000.0,991.0,999.0,355,1011.36,2327
2026-07-06 11:00:00,998.0,1000.0,997.0,999.0,251,1011.25,2327
2026-07-06 11:05:00,999.0,1000.0,991.0,994.0,286,1011.07,2327
2026-07-06 11:10:00,994.0,1000.0,993.0,997.0,228,1010.96,2327
2026-07-06 11:15:00,997.0,1000.0,996.0,999.0,187,1010.88,2327
2026-07-06 11:20:00,998.0,1005.0,997.0,1005.0,318,1010.75,2327
2026-07-06 11:25:00,1000.0,1005.0,1000.0,1000.0,128,1010.71,2327
2026-07-06 11:30:00,1000.0,1010.0,1000.0,1010.0,819,1010.54,2327
2026-07-06 11:35:00,1010.0,1015.0,1005.0,1010.0,584,1010.55,2327
2026-07-06 11:40:00,1015.0,1015.0,1010.0,1015.0,355,1010.55,2327
2026-07-06 11:45:00,1010.0,1015.0,1005.0,1010.0,271,1010.54,2327
2026-07-06 11:50:00,1010.0,1010.0,1005.0,1010.0,87,1010.54,2327
2026-07-06 11:55:00,1010.0,1015.0,1005.0,1015.0,317,1010.53,2327
2026-07-06 12:00:00,1015.0,1015.0,1010.0,1010.0,123,1010.54,2327
2026-07-06 12:05:00,1015.0,1015.0,1010.0,1010.0,151,1010.55,2327
2026-07-06 12:10:00,1010.0,1020.0,1010.0,1020.0,996,1010.69,2327
2026-07-06 12:15:00,1020.0,1025.0,1015.0,1025.0,703,1010.92,2327
2026-07-06 12:20:00,1025.0,1025.0,1020.0,1020.0,142,1010.97,2327
2026-07-06 12:25:00,1025.0,1025.0,1015.0,1020.0,396,1011.08,2327
2026-07-06 12:30:00,1020.0,1020.0,1015.0,1015.0,109,1011.1,2327
2026-07-06 12:35:00,1015.0,1020.0,1015.0,1015.0,181,1011.12,2327
2026-07-06 12:40:00,1020.0,1020.0,1010.0,1010.0,320,1011.15,2327
2026-07-06 12:45:00,1015.0,1015.0,1005.0,1005.0,251,1011.14,2327
2026-07-06 12:50:00,1005.0,1010.0,1005.0,1005.0,332,1011.08,2327
2026-07-06 12:55:00,1010.0,1015.0,1005.0,1005.0,338,1011.07,2327
2026-07-06 13:00:00,1005.0,1010.0,1005.0,1005.0,157,1011.05,2327
2026-07-06 13:05:00,1005.0,1010.0,1005.0,1005.0,518,1010.96,2327
2026-07-06 13:10:00,1005.0,1015.0,1005.0,1010.0,1132,1010.92,2327
2026-07-06 13:15:00,1010.0,1015.0,1010.0,1010.0,452,1010.91,2327
2026-07-06 13:20:00,1010.0,1010.0,1000.0,1010.0,733,1010.82,2327
2026-07-06 13:30:00,1005.0,1005.0,1005.0,1005.0,1364,1010.62,2327
2026-07-07 09:00:00,1000.0,1025.0,996.0,1010.0,3221,1010.9,2327
2026-07-07 09:05:00,1010.0,1015.0,1000.0,1005.0,1455,1009.53,2327
2026-07-07 09:10:00,1010.0,1010.0,1000.0,1010.0,701,1008.99,2327
2026-07-07 09:15:00,1010.0,1020.0,1005.0,1015.0,1453,1009.5,2327
2026-07-07 09:20:00,1015.0,1020.0,1000.0,1005.0,867,1009.33,2327
2026-07-07 09:25:00,1000.0,1005.0,995.0,1005.0,1520,1007.62,2327
2026-07-07 09:30:00,1005.0,1005.0,993.0,999.0,1169,1006.54,2327
2026-07-07 09:35:00,999.0,1010.0,997.0,1005.0,715,1006.22,2327
2026-07-07 09:40:00,1005.0,1010.0,1000.0,1010.0,380,1006.19,2327
2026-07-07 09:45:00,1010.0,1015.0,1005.0,1010.0,747,1006.44,2327
2026-07-07 09:50:00,1010.0,1015.0,1005.0,1005.0,516,1006.6,2327
2026-07-07 09:55:00,1010.0,1010.0,1000.0,1000.0,266,1006.58,2327
2026-07-07 10:00:00,1005.0,1010.0,1000.0,1005.0,183,1006.56,2327
2026-07-07 10:05:00,1005.0,1010.0,1005.0,1005.0,168,1006.55,2327
2026-07-07 10:10:00,1010.0,1010.0,1000.0,1005.0,382,1006.5,2327
2026-07-07 10:15:00,1005.0,1010.0,1005.0,1005.0,117,1006.49,2327
2026-07-07 10:20:00,1005.0,1005.0,997.0,997.0,842,1006.13,2327
2026-07-07 10:25:00,997.0,998.0,993.0,993.0,1139,1005.37,2327
2026-07-07 10:30:00,993.0,999.0,989.0,998.0,1081,1004.56,2327
2026-07-07 10:35:00,998.0,1000.0,994.0,997.0,549,1004.37,2327
2026-07-07 10:40:00,997.0,997.0,990.0,993.0,440,1004.1,2327
2026-07-07 10:45:00,993.0,996.0,992.0,992.0,371,1003.89,2327
2026-07-07 10:50:00,992.0,993.0,977.0,979.0,2063,1001.91,2327
2026-07-07 10:55:00,980.0,980.0,959.0,961.0,3419,996.96,2327
2026-07-07 11:00:00,962.0,973.0,960.0,972.0,2152,994.37,2327
2026-07-07 11:05:00,972.0,973.0,962.0,962.0,777,993.61,2327
2026-07-07 11:10:00,962.0,964.0,956.0,956.0,1885,991.34,2327
2026-07-07 11:15:00,957.0,958.0,931.0,942.0,5049,984.3,2327
2026-07-07 11:20:00,943.0,949.0,920.0,929.0,2719,980.62,2327
2026-07-07 11:25:00,931.0,932.0,915.0,921.0,4878,973.68,2327
2026-07-07 11:30:00,920.0,932.0,917.0,922.0,1590,971.88,2327
2026-07-07 11:35:00,922.0,927.0,916.0,921.0,1284,970.37,2327
2026-07-07 11:40:00,921.0,925.0,905.0,905.0,2992,966.7,2327
2026-07-07 11:45:00,908.0,916.0,905.0,911.0,3159,963.08,2327
2026-07-07 11:50:00,912.0,915.0,907.0,907.0,1057,962.01,2327
2026-07-07 11:55:00,907.0,914.0,906.0,914.0,1292,960.71,2327
2026-07-07 12:00:00,913.0,916.0,907.0,911.0,746,960.0,2327
2026-07-07 12:05:00,912.0,917.0,911.0,911.0,717,959.39,2327
2026-07-07 12:10:00,911.0,911.0,905.0,906.0,1621,957.86,2327
2026-07-07 12:15:00,907.0,907.0,905.0,905.0,2915,955.24,2327
2026-07-07 12:20:00,905.0,905.0,905.0,905.0,340,954.95,2327
2026-07-07 12:25:00,905.0,905.0,905.0,905.0,191,954.79,2327
2026-07-07 12:30:00,905.0,905.0,905.0,905.0,205,954.62,2327
2026-07-07 12:35:00,905.0,905.0,905.0,905.0,241,954.42,2327
2026-07-07 12:40:00,905.0,905.0,905.0,905.0,175,954.27,2327
2026-07-07 12:45:00,905.0,905.0,905.0,905.0,151,954.15,2327
2026-07-07 12:50:00,905.0,905.0,905.0,905.0,142,954.03,2327
2026-07-07 12:55:00,905.0,905.0,905.0,905.0,129,953.93,2327
2026-07-07 13:00:00,905.0,905.0,905.0,905.0,140,953.81,2327
2026-07-07 13:05:00,905.0,905.0,905.0,905.0,126,953.71,2327
2026-07-07 13:10:00,905.0,905.0,905.0,905.0,128,953.61,2327
2026-07-07 13:15:00,905.0,905.0,905.0,905.0,130,953.5,2327
2026-07-07 13:20:00,905.0,905.0,905.0,905.0,259,953.3,2327
2026-07-07 13:30:00,905.0,905.0,905.0,905.0,302,953.06,2327
2026-07-08 09:00:00,906.0,925.0,895.0,920.0,7680,909.63,2327
2026-07-08 09:05:00,918.0,923.0,902.0,910.0,2961,910.27,2327
2026-07-08 09:10:00,909.0,930.0,909.0,922.0,3215,912.74,2327
2026-07-08 09:15:00,923.0,923.0,910.0,914.0,1566,913.03,2327
2026-07-08 09:20:00,914.0,914.0,900.0,903.0,2171,912.19,2327
2026-07-08 09:25:00,903.0,909.0,880.0,885.0,2892,909.78,2327
2026-07-08 09:30:00,885.0,891.0,856.0,862.0,5870,901.05,2327
2026-07-08 09:35:00,864.0,876.0,857.0,875.0,4123,896.4,2327
2026-07-08 09:40:00,875.0,890.0,869.0,885.0,2677,895.14,2327
2026-07-08 09:45:00,885.0,902.0,884.0,899.0,2589,895.19,2327
2026-07-08 09:50:00,898.0,900.0,885.0,886.0,1260,895.12,2327
2026-07-08 09:55:00,886.0,899.0,883.0,895.0,1129,894.97,2327
2026-07-08 10:00:00,894.0,895.0,885.0,886.0,775,894.84,2327
2026-07-08 10:05:00,887.0,888.0,875.0,880.0,1289,894.37,2327
2026-07-08 10:10:00,881.0,888.0,878.0,881.0,687,894.18,2327
2026-07-08 10:15:00,881.0,889.0,878.0,888.0,845,893.95,2327
2026-07-08 10:20:00,888.0,917.0,887.0,914.0,3538,894.92,2327
2026-07-08 10:25:00,914.0,915.0,904.0,904.0,2052,895.64,2327
2026-07-08 10:30:00,904.0,906.0,900.0,903.0,792,895.74,2327
2026-07-08 10:35:00,902.0,905.0,897.0,903.0,576,895.81,2327
2026-07-08 10:40:00,903.0,913.0,900.0,911.0,685,895.96,2327
2026-07-08 10:45:00,911.0,913.0,907.0,911.0,732,896.17,2327
2026-07-08 10:50:00,911.0,911.0,903.0,905.0,615,896.3,2327
2026-07-08 10:55:00,905.0,910.0,904.0,909.0,321,896.37,2327
2026-07-08 11:00:00,909.0,912.0,907.0,908.0,510,896.5,2327
2026-07-08 11:05:00,909.0,910.0,906.0,906.0,213,896.55,2327
2026-07-08 11:10:00,907.0,912.0,906.0,907.0,366,896.64,2327
2026-07-08 11:15:00,907.0,909.0,905.0,908.0,378,896.71,2327
2026-07-08 11:20:00,907.0,910.0,906.0,909.0,390,896.8,2327
2026-07-08 11:25:00,908.0,909.0,900.0,902.0,652,896.89,2327
2026-07-08 11:30:00,901.0,903.0,898.0,900.0,497,896.92,2327
2026-07-08 11:35:00,900.0,901.0,888.0,889.0,937,896.87,2327
2026-07-08 11:40:00,889.0,892.0,885.0,892.0,564,896.78,2327
2026-07-08 11:45:00,892.0,893.0,888.0,890.0,285,896.75,2327
2026-07-08 11:50:00,890.0,891.0,885.0,886.0,388,896.68,2327
2026-07-08 11:55:00,885.0,887.0,881.0,881.0,398,896.6,2327
2026-07-08 12:00:00,882.0,887.0,881.0,886.0,407,896.51,2327
2026-07-08 12:05:00,886.0,888.0,885.0,888.0,265,896.47,2327
2026-07-08 12:10:00,889.0,890.0,888.0,889.0,148,896.45,2327
2026-07-08 12:15:00,889.0,893.0,888.0,890.0,302,896.41,2327
2026-07-08 12:20:00,889.0,895.0,887.0,895.0,425,896.38,2327
2026-07-08 12:25:00,894.0,895.0,892.0,894.0,236,896.37,2327
2026-07-08 12:30:00,894.0,895.0,888.0,888.0,251,896.34,2327
2026-07-08 12:35:00,888.0,890.0,884.0,885.0,780,896.21,2327
2026-07-08 12:40:00,884.0,887.0,882.0,886.0,522,896.1,2327
2026-07-08 12:45:00,886.0,889.0,884.0,885.0,434,896.03,2327
2026-07-08 12:50:00,886.0,886.0,881.0,882.0,400,895.95,2327
2026-07-08 12:55:00,882.0,888.0,880.0,887.0,621,895.82,2327
2026-07-08 13:00:00,886.0,893.0,885.0,892.0,873,895.74,2327
2026-07-08 13:05:00,893.0,904.0,893.0,901.0,1094,895.79,2327
2026-07-08 13:10:00,901.0,902.0,895.0,896.0,648,895.82,2327
2026-07-08 13:15:00,896.0,897.0,893.0,893.0,599,895.81,2327
2026-07-08 13:20:00,894.0,894.0,889.0,890.0,1342,895.71,2327
2026-07-08 13:30:00,891.0,891.0,891.0,891.0,1510,895.61,2327
2026-07-09 09:00:00,915.0,931.0,907.0,912.0,7601,919.09,2327
2026-07-09 09:05:00,913.0,928.0,904.0,927.0,2723,918.17,2327
2026-07-09 09:10:00,927.0,929.0,917.0,924.0,1767,918.88,2327
2026-07-09 09:15:00,923.0,928.0,919.0,928.0,1196,919.3,2327
2026-07-09 09:20:00,928.0,928.0,922.0,924.0,1027,919.76,2327
2026-07-09 09:25:00,924.0,927.0,919.0,923.0,528,919.84,2327
2026-07-09 09:30:00,922.0,924.0,916.0,924.0,890,919.84,2327
2026-07-09 09:35:00,924.0,927.0,923.0,925.0,556,920.03,2327
2026-07-09 09:40:00,925.0,930.0,924.0,928.0,1013,920.48,2327
2026-07-09 09:45:00,929.0,943.0,928.0,943.0,2593,922.31,2327
2026-07-09 09:50:00,942.0,948.0,934.0,934.0,2768,924.67,2327
2026-07-09 09:55:00,935.0,938.0,923.0,925.0,2013,925.17,2327
2026-07-09 10:00:00,925.0,925.0,918.0,923.0,959,925.06,2327
2026-07-09 10:05:00,923.0,926.0,921.0,925.0,351,925.03,2327
2026-07-09 10:10:00,924.0,927.0,924.0,926.0,443,925.05,2327
2026-07-09 10:15:00,926.0,934.0,926.0,932.0,632,925.16,2327
2026-07-09 10:20:00,932.0,940.0,931.0,939.0,1028,925.6,2327
2026-07-09 10:25:00,939.0,942.0,932.0,942.0,998,926.02,2327
2026-07-09 10:30:00,942.0,946.0,935.0,935.0,1272,926.73,2327
2026-07-09 10:35:00,935.0,937.0,931.0,937.0,495,926.83,2327
2026-07-09 10:40:00,937.0,937.0,927.0,927.0,475,926.9,2327
2026-07-09 10:45:00,928.0,929.0,920.0,925.0,968,926.82,2327
2026-07-09 10:50:00,924.0,924.0,914.0,921.0,1132,926.54,2327
2026-07-09 10:55:00,921.0,926.0,918.0,919.0,503,926.47,2327
2026-07-09 11:00:00,920.0,922.0,918.0,918.0,334,926.4,2327
2026-07-09 11:05:00,919.0,921.0,915.0,918.0,373,926.31,2327
2026-07-09 11:10:00,917.0,918.0,905.0,906.0,1218,925.78,2327
2026-07-09 11:15:00,905.0,913.0,905.0,913.0,731,925.44,2327
2026-07-09 11:20:00,912.0,921.0,912.0,920.0,723,925.28,2327
2026-07-09 11:25:00,920.0,923.0,919.0,922.0,419,925.23,2327
2026-07-09 11:30:00,923.0,924.0,920.0,923.0,389,925.21,2327
2026-07-09 11:35:00,923.0,927.0,922.0,926.0,510,925.21,2327
2026-07-09 11:40:00,925.0,926.0,920.0,925.0,281,925.2,2327
2026-07-09 11:45:00,925.0,934.0,924.0,927.0,924,925.31,2327
2026-07-09 11:50:00,927.0,928.0,924.0,928.0,243,925.32,2327
2026-07-09 11:55:00,928.0,930.0,923.0,923.0,249,925.33,2327
2026-07-09 12:00:00,924.0,927.0,923.0,925.0,215,925.32,2327
2026-07-09 12:05:00,925.0,927.0,921.0,923.0,301,925.31,2327
2026-07-09 12:10:00,923.0,924.0,918.0,919.0,343,925.27,2327
2026-07-09 12:15:00,919.0,919.0,916.0,917.0,253,925.22,2327
2026-07-09 12:20:00,917.0,918.0,912.0,912.0,467,925.11,2327
2026-07-09 12:25:00,912.0,914.0,908.0,911.0,507,924.94,2327
2026-07-09 12:30:00,912.0,920.0,911.0,917.0,289,924.89,2327
2026-07-09 12:35:00,917.0,919.0,915.0,915.0,201,924.85,2327
2026-07-09 12:40:00,916.0,916.0,910.0,911.0,238,924.78,2327
2026-07-09 12:45:00,911.0,912.0,908.0,909.0,402,924.65,2327
2026-07-09 12:50:00,909.0,914.0,909.0,910.0,451,924.51,2327
2026-07-09 12:55:00,909.0,910.0,906.0,907.0,428,924.35,2327
2026-07-09 13:00:00,907.0,909.0,901.0,902.0,856,923.98,2327
2026-07-09 13:05:00,902.0,907.0,902.0,903.0,461,923.78,2327
2026-07-09 13:10:00,903.0,911.0,903.0,906.0,715,923.52,2327
2026-07-09 13:15:00,906.0,907.0,902.0,902.0,642,923.25,2327
2026-07-09 13:20:00,903.0,905.0,900.0,900.0,1287,922.68,2327
2026-07-09 13:30:00,900.0,900.0,900.0,900.0,1335,922.07,2327
2026-07-13 09:00:00,921.0,921.0,889.0,889.0,4502,911.19,2327
2026-07-13 09:05:00,890.0,910.0,885.0,897.0,3081,905.52,2327
2026-07-13 09:10:00,897.0,905.0,891.0,894.0,1739,904.47,2327
2026-07-13 09:15:00,893.0,904.0,886.0,886.0,1881,902.74,2327
2026-07-13 09:20:00,886.0,895.0,870.0,870.0,2571,898.88,2327
2026-07-13 09:25:00,870.0,871.0,856.0,867.0,3333,891.82,2327
2026-07-13 09:30:00,867.0,873.0,856.0,862.0,2269,888.52,2327
2026-07-13 09:35:00,862.0,865.0,858.0,858.0,1079,887.07,2327
2026-07-13 09:40:00,859.0,859.0,817.0,818.0,7721,872.77,2327
2026-07-13 09:45:00,819.0,827.0,818.0,824.0,3749,866.94,2327
2026-07-13 09:50:00,823.0,824.0,813.0,821.0,3323,862.22,2327
2026-07-13 09:55:00,819.0,834.0,816.0,834.0,1822,860.39,2327
2026-07-13 10:00:00,833.0,838.0,822.0,824.0,1692,859.1,2327
2026-07-13 10:05:00,824.0,843.0,824.0,843.0,1399,858.26,2327
2026-07-13 10:10:00,842.0,842.0,828.0,832.0,1280,857.6,2327
2026-07-13 10:15:00,832.0,835.0,829.0,833.0,578,857.24,2327
2026-07-13 10:20:00,833.0,845.0,830.0,844.0,1046,856.76,2327
2026-07-13 10:25:00,844.0,850.0,844.0,845.0,1161,856.48,2327
2026-07-13 10:30:00,844.0,844.0,836.0,839.0,569,856.27,2327
2026-07-13 10:35:00,838.0,842.0,838.0,838.0,387,856.13,2327
2026-07-13 10:40:00,838.0,839.0,834.0,836.0,453,855.93,2327
2026-07-13 10:45:00,836.0,836.0,830.0,832.0,561,855.64,2327
2026-07-13 10:50:00,832.0,843.0,832.0,838.0,468,855.46,2327
2026-07-13 10:55:00,837.0,844.0,833.0,843.0,447,855.3,2327
2026-07-13 11:00:00,843.0,843.0,833.0,834.0,319,855.19,2327
2026-07-13 11:05:00,835.0,836.0,832.0,835.0,326,855.04,2327
2026-07-13 11:10:00,835.0,835.0,831.0,832.0,218,854.94,2327
2026-07-13 11:15:00,833.0,835.0,829.0,829.0,597,854.65,2327
2026-07-13 11:20:00,829.0,830.0,826.0,826.0,396,854.44,2327
2026-07-13 11:25:00,827.0,833.0,827.0,830.0,471,854.21,2327
2026-07-13 11:30:00,830.0,833.0,826.0,827.0,330,854.04,2327
2026-07-13 11:35:00,827.0,828.0,823.0,825.0,684,853.64,2327
2026-07-13 11:40:00,826.0,826.0,819.0,819.0,773,853.16,2327
2026-07-13 11:45:00,820.0,821.0,816.0,819.0,1228,852.36,2327
2026-07-13 11:50:00,819.0,820.0,815.0,816.0,734,851.87,2327
2026-07-13 11:55:00,817.0,818.0,811.0,814.0,1894,850.55,2327
2026-07-13 12:00:00,815.0,816.0,810.0,811.0,1512,849.52,2327
2026-07-13 12:05:00,811.0,816.0,810.0,812.0,1494,848.53,2327
2026-07-13 12:10:00,812.0,815.0,810.0,814.0,810,848.03,2327
2026-07-13 12:15:00,814.0,819.0,813.0,819.0,619,847.69,2327
2026-07-13 12:20:00,819.0,819.0,815.0,816.0,396,847.49,2327
2026-07-13 12:25:00,816.0,817.0,812.0,814.0,427,847.25,2327
2026-07-13 12:30:00,814.0,818.0,813.0,813.0,335,847.07,2327
2026-07-13 12:35:00,814.0,817.0,812.0,816.0,482,846.81,2327
2026-07-13 12:40:00,816.0,816.0,813.0,813.0,308,846.65,2327
2026-07-13 12:45:00,814.0,814.0,813.0,814.0,198,846.55,2327
2026-07-13 12:50:00,814.0,817.0,813.0,817.0,489,846.3,2327
2026-07-13 12:55:00,816.0,818.0,815.0,817.0,444,846.09,2327
2026-07-13 13:00:00,817.0,818.0,814.0,815.0,447,845.87,2327
2026-07-13 13:05:00,815.0,828.0,815.0,828.0,1101,845.43,2327
2026-07-13 13:10:00,828.0,829.0,826.0,828.0,604,845.26,2327
2026-07-13 13:15:00,828.0,829.0,821.0,822.0,601,845.08,2327
2026-07-13 13:20:00,821.0,822.0,816.0,817.0,1167,844.6,2327
2026-07-13 13:30:00,816.0,816.0,816.0,816.0,1282,844.06,2327
2026-07-14 09:00:00,798.0,823.0,797.0,817.0,7533,808.47,2327
2026-07-14 09:05:00,817.0,817.0,792.0,793.0,4871,805.77,2327
2026-07-14 09:10:00,794.0,797.0,771.0,774.0,5526,798.71,2327
2026-07-14 09:15:00,774.0,793.0,772.0,793.0,4181,795.58,2327
2026-07-14 09:20:00,793.0,799.0,785.0,789.0,2307,795.28,2327
2026-07-14 09:25:00,789.0,797.0,788.0,791.0,1449,795.21,2327
2026-07-14 09:30:00,791.0,793.0,777.0,777.0,1600,794.69,2327
2026-07-14 09:35:00,778.0,784.0,775.0,779.0,1814,793.71,2327
2026-07-14 09:40:00,780.0,788.0,776.0,785.0,1567,793.1,2327
2026-07-14 09:45:00,786.0,791.0,777.0,784.0,1357,792.76,2327
2026-07-14 09:50:00,785.0,785.0,776.0,776.0,940,792.38,2327
2026-07-14 09:55:00,777.0,779.0,772.0,779.0,1773,791.51,2327
2026-07-14 10:00:00,779.0,782.0,773.0,774.0,1113,791.1,2327
2026-07-14 10:05:00,774.0,777.0,772.0,775.0,876,790.7,2327
2026-07-14 10:10:00,775.0,775.0,760.0,761.0,2952,788.84,2327
2026-07-14 10:15:00,761.0,762.0,745.0,752.0,5427,784.37,2327
2026-07-14 10:20:00,753.0,765.0,751.0,754.0,2181,783.18,2327
2026-07-14 10:25:00,754.0,759.0,752.0,759.0,801,782.7,2327
2026-07-14 10:30:00,758.0,763.0,752.0,753.0,685,782.36,2327
2026-07-14 10:35:00,753.0,764.0,752.0,763.0,861,781.94,2327
2026-07-14 10:40:00,764.0,767.0,758.0,758.0,756,781.66,2327
2026-07-14 10:45:00,759.0,761.0,756.0,757.0,331,781.51,2327
2026-07-14 10:50:00,758.0,758.0,748.0,749.0,953,780.96,2327
2026-07-14 10:55:00,749.0,752.0,747.0,751.0,714,780.53,2327
2026-07-14 11:00:00,751.0,752.0,748.0,748.0,319,780.34,2327
2026-07-14 11:05:00,748.0,749.0,741.0,743.0,1924,779.08,2327
2026-07-14 11:10:00,743.0,744.0,737.0,740.0,2833,777.16,2327
2026-07-14 11:15:00,740.0,747.0,739.0,741.0,1206,776.43,2327
2026-07-14 11:20:00,741.0,745.0,737.0,740.0,850,775.91,2327
2026-07-14 11:25:00,739.0,751.0,738.0,749.0,885,775.47,2327
2026-07-14 11:30:00,749.0,751.0,741.0,744.0,414,775.27,2327
2026-07-14 11:35:00,743.0,748.0,743.0,748.0,381,775.08,2327
2026-07-14 11:40:00,748.0,750.0,744.0,745.0,378,774.9,2327
2026-07-14 11:45:00,746.0,753.0,745.0,753.0,462,774.71,2327
2026-07-14 11:50:00,753.0,760.0,752.0,760.0,600,774.53,2327
2026-07-14 11:55:00,759.0,764.0,758.0,761.0,838,774.35,2327
2026-07-14 12:00:00,761.0,770.0,761.0,769.0,1193,774.2,2327
2026-07-14 12:05:00,768.0,771.0,763.0,764.0,691,774.13,2327
2026-07-14 12:10:00,763.0,763.0,756.0,760.0,512,774.01,2327
2026-07-14 12:15:00,760.0,762.0,756.0,761.0,290,773.94,2327
2026-07-14 12:20:00,760.0,767.0,760.0,763.0,412,773.88,2327
2026-07-14 12:25:00,764.0,770.0,762.0,764.0,582,773.81,2327
2026-07-14 12:30:00,765.0,772.0,764.0,772.0,701,773.76,2327
2026-07-14 12:35:00,771.0,778.0,771.0,775.0,914,773.78,2327
2026-07-14 12:40:00,776.0,778.0,771.0,775.0,605,773.79,2327
2026-07-14 12:45:00,774.0,782.0,773.0,780.0,986,773.86,2327
2026-07-14 12:50:00,780.0,781.0,775.0,779.0,818,773.9,2327
2026-07-14 12:55:00,777.0,783.0,777.0,782.0,635,773.96,2327
2026-07-14 13:00:00,782.0,783.0,776.0,780.0,730,774.01,2327
2026-07-14 13:05:00,780.0,780.0,776.0,778.0,535,774.04,2327
2026-07-14 13:10:00,779.0,780.0,777.0,779.0,820,774.09,2327
2026-07-14 13:15:00,779.0,780.0,777.0,777.0,898,774.14,2327
2026-07-14 13:20:00,777.0,779.0,776.0,779.0,1155,774.2,2327
2026-07-14 13:30:00,778.0,778.0,778.0,778.0,1753,774.29,2327
2026-07-15 09:00:00,799.0,799.0,773.0,776.0,6200,788.38,2327
2026-07-15 09:05:00,776.0,789.0,775.0,782.0,2581,786.87,2327
2026-07-15 09:10:00,782.0,795.0,782.0,787.0,2516,787.39,2327
2026-07-15 09:15:00,787.0,795.0,787.0,795.0,1354,787.88,2327
2026-07-15 09:20:00,795.0,802.0,787.0,801.0,3205,789.6,2327
2026-07-15 09:25:00,800.0,813.0,799.0,807.0,3183,792.6,2327
2026-07-15 09:30:00,807.0,810.0,795.0,796.0,1807,793.46,2327
2026-07-15 09:35:00,795.0,800.0,793.0,799.0,1226,793.61,2327
2026-07-15 09:40:00,798.0,799.0,783.0,786.0,1685,793.35,2327
2026-07-15 09:45:00,786.0,794.0,785.0,793.0,932,793.22,2327
2026-07-15 09:50:00,792.0,794.0,786.0,789.0,659,793.12,2327
2026-07-15 09:55:00,790.0,796.0,789.0,795.0,496,793.12,2327
2026-07-15 10:00:00,795.0,798.0,794.0,795.0,612,793.19,2327
2026-07-15 10:05:00,795.0,800.0,794.0,800.0,549,793.27,2327
2026-07-15 10:10:00,800.0,802.0,798.0,800.0,851,793.48,2327
2026-07-15 10:15:00,800.0,807.0,797.0,804.0,1023,793.82,2327
2026-07-15 10:20:00,804.0,805.0,797.0,800.0,665,793.98,2327
2026-07-15 10:25:00,800.0,801.0,796.0,800.0,382,794.03,2327
2026-07-15 10:30:00,801.0,802.0,799.0,802.0,346,794.11,2327
2026-07-15 10:35:00,802.0,803.0,801.0,802.0,223,794.17,2327
2026-07-15 10:40:00,802.0,803.0,798.0,799.0,350,794.24,2327
2026-07-15 10:45:00,799.0,801.0,796.0,798.0,496,794.31,2327
2026-07-15 10:50:00,798.0,799.0,797.0,797.0,196,794.33,2327
2026-07-15 10:55:00,797.0,798.0,792.0,792.0,624,794.34,2327
2026-07-15 11:00:00,792.0,795.0,792.0,795.0,277,794.33,2327
2026-07-15 11:05:00,794.0,796.0,792.0,792.0,281,794.33,2327
2026-07-15 11:10:00,792.0,797.0,787.0,797.0,635,794.25,2327
2026-07-15 11:15:00,797.0,797.0,794.0,797.0,192,794.26,2327
2026-07-15 11:20:00,797.0,798.0,796.0,797.0,179,794.28,2327
2026-07-15 11:25:00,797.0,799.0,796.0,797.0,240,794.3,2327
2026-07-15 11:30:00,796.0,797.0,794.0,794.0,285,794.31,2327
2026-07-15 11:35:00,794.0,798.0,793.0,798.0,219,794.31,2327
2026-07-15 11:40:00,798.0,798.0,795.0,796.0,267,794.33,2327
2026-07-15 11:45:00,795.0,798.0,795.0,798.0,219,794.35,2327
2026-07-15 11:50:00,798.0,799.0,798.0,799.0,290,794.39,2327
2026-07-15 11:55:00,799.0,801.0,798.0,799.0,527,794.46,2327
2026-07-15 12:00:00,799.0,800.0,797.0,798.0,323,794.5,2327
2026-07-15 12:05:00,798.0,799.0,795.0,795.0,315,794.52,2327
2026-07-15 12:10:00,795.0,805.0,795.0,804.0,1202,794.75,2327
2026-07-15 12:15:00,805.0,811.0,804.0,806.0,1716,795.3,2327
2026-07-15 12:20:00,806.0,810.0,805.0,805.0,933,795.57,2327
2026-07-15 12:25:00,806.0,806.0,802.0,804.0,515,795.68,2327
2026-07-15 12:30:00,803.0,804.0,799.0,801.0,717,795.77,2327
2026-07-15 12:35:00,800.0,802.0,800.0,802.0,294,795.8,2327
2026-07-15 12:40:00,802.0,802.0,794.0,796.0,1233,795.84,2327
2026-07-15 12:45:00,795.0,798.0,795.0,796.0,424,795.85,2327
2026-07-15 12:50:00,795.0,798.0,794.0,798.0,678,795.85,2327
2026-07-15 12:55:00,797.0,799.0,795.0,797.0,544,795.87,2327
2026-07-15 13:00:00,796.0,797.0,795.0,795.0,444,795.88,2327
2026-07-15 13:05:00,795.0,797.0,794.0,797.0,919,795.87,2327
2026-07-15 13:10:00,797.0,799.0,796.0,798.0,671,795.89,2327
2026-07-15 13:15:00,798.0,799.0,797.0,798.0,937,795.94,2327
2026-07-15 13:20:00,799.0,799.0,797.0,797.0,948,795.97,2327
2026-07-15 13:30:00,798.0,798.0,798.0,798.0,1557,796.03,2327
2026-07-16 09:00:00,775.0,802.0,775.0,802.0,4271,787.43,2327
2026-07-16 09:05:00,802.0,804.0,792.0,793.0,2298,791.18,2327
2026-07-16 09:10:00,793.0,800.0,788.0,797.0,1820,791.6,2327
2026-07-16 09:15:00,797.0,807.0,794.0,802.0,2202,793.81,2327
2026-07-16 09:20:00,802.0,802.0,788.0,789.0,2238,793.81,2327
2026-07-16 09:25:00,790.0,793.0,782.0,787.0,1706,793.11,2327
2026-07-16 09:30:00,788.0,798.0,786.0,797.0,1142,793.12,2327
2026-07-16 09:35:00,796.0,802.0,795.0,797.0,1415,793.64,2327
2026-07-16 09:40:00,797.0,799.0,790.0,791.0,744,793.69,2327
2026-07-16 09:45:00,791.0,799.0,791.0,799.0,479,793.72,2327
2026-07-16 09:50:00,800.0,801.0,794.0,799.0,661,793.89,2327
2026-07-16 09:55:00,800.0,804.0,794.0,796.0,1155,794.22,2327
2026-07-16 10:00:00,796.0,797.0,791.0,792.0,588,794.21,2327
2026-07-16 10:05:00,792.0,793.0,790.0,791.0,887,794.1,2327
2026-07-16 10:10:00,791.0,793.0,790.0,792.0,560,794.04,2327
2026-07-16 10:15:00,792.0,795.0,792.0,793.0,325,794.02,2327
2026-07-16 10:20:00,794.0,794.0,788.0,789.0,682,793.92,2327
2026-07-16 10:25:00,789.0,794.0,789.0,793.0,384,793.89,2327
2026-07-16 10:30:00,793.0,799.0,793.0,795.0,856,793.98,2327
2026-07-16 10:35:00,795.0,799.0,793.0,795.0,668,794.05,2327
2026-07-16 10:40:00,794.0,795.0,793.0,794.0,240,794.06,2327
2026-07-16 10:45:00,795.0,797.0,793.0,796.0,191,794.06,2327
2026-07-16 10:50:00,796.0,797.0,794.0,795.0,205,794.07,2327
2026-07-16 10:55:00,796.0,796.0,794.0,795.0,311,794.08,2327
2026-07-16 11:00:00,795.0,795.0,789.0,789.0,825,793.99,2327
2026-07-16 11:05:00,789.0,795.0,789.0,795.0,351,793.97,2327
2026-07-16 11:10:00,795.0,795.0,794.0,794.0,212,793.98,2327
2026-07-16 11:15:00,794.0,795.0,789.0,789.0,438,793.94,2327
2026-07-16 11:20:00,789.0,792.0,788.0,788.0,419,793.88,2327
2026-07-16 11:25:00,788.0,789.0,782.0,783.0,1042,793.61,2327
2026-07-16 11:30:00,783.0,792.0,781.0,791.0,603,793.45,2327
2026-07-16 11:35:00,791.0,793.0,790.0,791.0,244,793.44,2327
2026-07-16 11:40:00,791.0,792.0,790.0,790.0,199,793.42,2327
2026-07-16 11:45:00,790.0,793.0,789.0,791.0,397,793.39,2327
2026-07-16 11:50:00,792.0,793.0,792.0,792.0,152,793.38,2327
2026-07-16 11:55:00,792.0,795.0,792.0,795.0,281,793.38,2327
2026-07-16 12:00:00,795.0,796.0,794.0,796.0,180,793.39,2327
2026-07-16 12:05:00,796.0,796.0,791.0,793.0,437,793.39,2327
2026-07-16 12:10:00,793.0,794.0,791.0,793.0,130,793.38,2327
2026-07-16 12:15:00,793.0,794.0,788.0,789.0,349,793.36,2327
2026-07-16 12:20:00,789.0,790.0,783.0,784.0,612,793.22,2327
2026-07-16 12:25:00,785.0,785.0,781.0,784.0,559,793.04,2327
2026-07-16 12:30:00,784.0,788.0,784.0,785.0,249,792.99,2327
2026-07-16 12:35:00,785.0,786.0,782.0,782.0,249,792.93,2327
2026-07-16 12:40:00,783.0,784.0,780.0,780.0,707,792.69,2327
2026-07-16 12:45:00,780.0,783.0,778.0,781.0,509,792.52,2327
2026-07-16 12:50:00,780.0,781.0,777.0,779.0,633,792.28,2327
2026-07-16 12:55:00,779.0,782.0,779.0,780.0,388,792.15,2327
2026-07-16 13:00:00,779.0,786.0,779.0,785.0,534,792.03,2327
2026-07-16 13:05:00,784.0,784.0,780.0,780.0,442,791.91,2327
2026-07-16 13:10:00,780.0,782.0,779.0,781.0,574,791.73,2327
2026-07-16 13:15:00,782.0,782.0,777.0,777.0,859,791.46,2327
2026-07-16 13:20:00,778.0,779.0,775.0,775.0,1579,790.89,2327
2026-07-16 13:30:00,776.0,776.0,776.0,776.0,1514,790.35,2327
2026-07-17 09:00:00,710.0,724.0,710.0,710.0,7836,714.21,2327
2026-07-17 09:05:00,710.0,710.0,699.0,707.0,5852,709.27,2327
2026-07-17 09:10:00,706.0,711.0,702.0,704.0,2303,708.97,2327
2026-07-17 09:15:00,704.0,706.0,701.0,705.0,1657,708.49,2327
2026-07-17 09:20:00,705.0,709.0,703.0,703.0,1386,708.29,2327
2026-07-17 09:25:00,703.0,705.0,699.0,700.0,3347,707.22,2327
2026-07-17 09:30:00,701.0,701.0,699.0,699.0,3831,706.04,2327
2026-07-17 09:35:00,699.0,699.0,699.0,699.0,358,705.95,2327
2026-07-17 09:40:00,699.0,699.0,699.0,699.0,520,705.81,2327
2026-07-17 09:45:00,699.0,699.0,699.0,699.0,274,705.74,2327
2026-07-17 09:50:00,699.0,699.0,699.0,699.0,203,705.69,2327
2026-07-17 09:55:00,699.0,699.0,699.0,699.0,348,705.61,2327
2026-07-17 10:00:00,699.0,699.0,699.0,699.0,117,705.58,2327
2026-07-17 10:05:00,699.0,699.0,699.0,699.0,156,705.55,2327
2026-07-17 10:10:00,699.0,699.0,699.0,699.0,190,705.5,2327
2026-07-17 10:15:00,699.0,699.0,699.0,699.0,76,705.49,2327
2026-07-17 10:20:00,699.0,699.0,699.0,699.0,44,705.48,2327
2026-07-17 10:25:00,699.0,699.0,699.0,699.0,111,705.45,2327
2026-07-17 10:30:00,699.0,699.0,699.0,699.0,69,705.43,2327
2026-07-17 10:35:00,699.0,699.0,699.0,699.0,50,705.42,2327
2026-07-17 10:40:00,699.0,699.0,699.0,699.0,56,705.41,2327
2026-07-17 10:45:00,699.0,699.0,699.0,699.0,74,705.39,2327
2026-07-17 10:50:00,699.0,699.0,699.0,699.0,57,705.38,2327
2026-07-17 10:55:00,699.0,699.0,699.0,699.0,46,705.37,2327
2026-07-17 11:00:00,699.0,699.0,699.0,699.0,95,705.35,2327
2026-07-17 11:05:00,699.0,699.0,699.0,699.0,90,705.33,2327
2026-07-17 11:10:00,699.0,699.0,699.0,699.0,36,705.32,2327
2026-07-17 11:15:00,699.0,699.0,699.0,699.0,47,705.31,2327
2026-07-17 11:20:00,699.0,699.0,699.0,699.0,51,705.3,2327
2026-07-17 11:25:00,699.0,699.0,699.0,699.0,442,705.21,2327
2026-07-17 11:30:00,699.0,699.0,699.0,699.0,92,705.19,2327
2026-07-17 11:35:00,699.0,699.0,699.0,699.0,25,705.18,2327
2026-07-17 11:40:00,699.0,699.0,699.0,699.0,25,705.18,2327
2026-07-17 11:45:00,699.0,699.0,699.0,699.0,43,705.17,2327
2026-07-17 11:50:00,699.0,699.0,699.0,699.0,348,705.1,2327
2026-07-17 11:55:00,699.0,699.0,699.0,699.0,35,705.09,2327
2026-07-17 12:00:00,699.0,699.0,699.0,699.0,31,705.09,2327
2026-07-17 12:05:00,699.0,699.0,699.0,699.0,29,705.08,2327
2026-07-17 12:10:00,699.0,699.0,699.0,699.0,32,705.07,2327
2026-07-17 12:15:00,699.0,699.0,699.0,699.0,55,705.06,2327
2026-07-17 12:20:00,699.0,699.0,699.0,699.0,84,705.05,2327
2026-07-17 12:25:00,699.0,699.0,699.0,699.0,46,705.04,2327
2026-07-17 12:30:00,699.0,699.0,699.0,699.0,43,705.03,2327
2026-07-17 12:35:00,699.0,699.0,699.0,699.0,113,705.01,2327
2026-07-17 12:40:00,699.0,699.0,699.0,699.0,152,704.98,2327
2026-07-17 12:45:00,699.0,699.0,699.0,699.0,62,704.96,2327
2026-07-17 12:50:00,699.0,699.0,699.0,699.0,46,704.96,2327
2026-07-17 12:55:00,699.0,699.0,699.0,699.0,47,704.95,2327
2026-07-17 13:00:00,699.0,699.0,699.0,699.0,31,704.94,2327
2026-07-17 13:05:00,699.0,699.0,699.0,699.0,61,704.93,2327
2026-07-17 13:10:00,699.0,699.0,699.0,699.0,80,704.91,2327
2026-07-17 13:15:00,699.0,699.0,699.0,699.0,40,704.91,2327
2026-07-17 13:20:00,699.0,699.0,699.0,699.0,84,704.89,2327
2026-07-17 13:30:00,699.0,699.0,699.0,699.0,87,704.87,2327
2026-07-20 09:00:00,663.0,665.0,647.0,652.0,8426,655.93,2327
2026-07-20 09:05:00,651.0,666.0,648.0,652.0,3628,656.61,2327
2026-07-20 09:10:00,652.0,657.0,630.0,630.0,9372,648.3,2327
2026-07-20 09:15:00,630.0,630.0,630.0,630.0,430,647.94,2327
2026-07-20 09:20:00,630.0,630.0,630.0,630.0,159,647.81,2327
2026-07-20 09:25:00,630.0,630.0,630.0,630.0,213,647.64,2327
2026-07-20 09:30:00,630.0,630.0,630.0,630.0,87,647.57,2327
2026-07-20 09:35:00,630.0,630.0,630.0,630.0,183,647.43,2327
2026-07-20 09:40:00,630.0,630.0,630.0,630.0,139,647.32,2327
2026-07-20 09:45:00,630.0,630.0,630.0,630.0,407,647.01,2327
2026-07-20 09:50:00,630.0,630.0,630.0,630.0,147,646.9,2327
2026-07-20 09:55:00,630.0,630.0,630.0,630.0,3864,644.49,2327
2026-07-20 10:00:00,630.0,630.0,630.0,630.0,131,644.42,2327
2026-07-20 10:05:00,630.0,630.0,630.0,630.0,145,644.34,2327
2026-07-20 10:10:00,630.0,630.0,630.0,630.0,344,644.17,2327
2026-07-20 10:15:00,630.0,630.0,630.0,630.0,53,644.14,2327
2026-07-20 10:20:00,630.0,630.0,630.0,630.0,47,644.11,2327
2026-07-20 10:25:00,630.0,630.0,630.0,630.0,544,643.84,2327
2026-07-20 10:30:00,630.0,630.0,630.0,630.0,298,643.7,2327
2026-07-20 10:35:00,630.0,630.0,630.0,630.0,222,643.59,2327
2026-07-20 10:40:00,630.0,630.0,630.0,630.0,58,643.57,2327
2026-07-20 10:45:00,630.0,630.0,630.0,630.0,51,643.54,2327
2026-07-20 10:50:00,630.0,630.0,630.0,630.0,65,643.51,2327
2026-07-20 10:55:00,630.0,630.0,630.0,630.0,256,643.39,2327
2026-07-20 11:00:00,630.0,630.0,630.0,630.0,30,643.38,2327
2026-07-20 11:05:00,630.0,630.0,630.0,630.0,31,643.37,2327
2026-07-20 11:10:00,630.0,630.0,630.0,630.0,49,643.34,2327
2026-07-20 11:15:00,630.0,630.0,630.0,630.0,32,643.33,2327
2026-07-20 11:20:00,630.0,630.0,630.0,630.0,40,643.31,2327
2026-07-20 11:25:00,630.0,630.0,630.0,630.0,18,643.3,2327
2026-07-20 11:30:00,630.0,630.0,630.0,630.0,19,643.29,2327
2026-07-20 11:35:00,630.0,630.0,630.0,630.0,25,643.28,2327
2026-07-20 11:40:00,630.0,630.0,630.0,630.0,35,643.27,2327
2026-07-20 11:45:00,630.0,630.0,630.0,630.0,67,643.24,2327
2026-07-20 11:50:00,630.0,630.0,630.0,630.0,29,643.22,2327
2026-07-20 11:55:00,630.0,630.0,630.0,630.0,41,643.21,2327
2026-07-20 12:00:00,630.0,630.0,630.0,630.0,27,643.19,2327
2026-07-20 12:05:00,630.0,630.0,630.0,630.0,33,643.18,2327
2026-07-20 12:10:00,630.0,630.0,630.0,630.0,31,643.17,2327
2026-07-20 12:15:00,630.0,630.0,630.0,630.0,42,643.15,2327
2026-07-20 12:20:00,630.0,630.0,630.0,630.0,98,643.1,2327
2026-07-20 12:25:00,630.0,630.0,630.0,630.0,30,643.09,2327
2026-07-20 12:30:00,630.0,630.0,630.0,630.0,109,643.04,2327
2026-07-20 12:35:00,630.0,630.0,630.0,630.0,53,643.02,2327
2026-07-20 12:40:00,630.0,630.0,630.0,630.0,67,642.99,2327
2026-07-20 12:45:00,630.0,630.0,630.0,630.0,52,642.97,2327
2026-07-20 12:50:00,630.0,630.0,630.0,630.0,32,642.96,2327
2026-07-20 12:55:00,630.0,630.0,630.0,630.0,20,642.95,2327
2026-07-20 13:00:00,630.0,630.0,630.0,630.0,62,642.92,2327
2026-07-20 13:05:00,630.0,630.0,630.0,630.0,50,642.9,2327
2026-07-20 13:10:00,630.0,630.0,630.0,630.0,54,642.88,2327
2026-07-20 13:15:00,630.0,630.0,630.0,630.0,37,642.86,2327
2026-07-20 13:20:00,630.0,630.0,630.0,630.0,65,642.83,2327
2026-07-20 13:30:00,630.0,630.0,630.0,630.0,140,642.78,2327
2026-07-21 09:00:00,621.0,642.0,608.0,642.0,12482,623.24,2327
2026-07-21 09:05:00,647.0,654.0,636.0,644.0,6960,631.93,2327
2026-07-21 09:10:00,644.0,654.0,643.0,653.0,3643,634.58,2327
2026-07-21 09:15:00,653.0,653.0,641.0,644.0,3168,636.05,2327
2026-07-21 09:20:00,645.0,648.0,637.0,641.0,3382,636.56,2327
2026-07-21 09:25:00,640.0,640.0,622.0,633.0,6249,635.34,2327
2026-07-21 09:30:00,633.0,644.0,631.0,643.0,2775,635.57,2327
2026-07-21 09:35:00,643.0,648.0,637.0,639.0,2071,635.96,2327
2026-07-21 09:40:00,639.0,641.0,633.0,634.0,1436,636.0,2327
2026-07-21 09:45:00,635.0,653.0,635.0,647.0,3443,636.8,2327
2026-07-21 09:50:00,648.0,659.0,647.0,653.0,2962,637.81,2327
2026-07-21 09:55:00,653.0,654.0,644.0,647.0,1783,638.19,2327
2026-07-21 10:00:00,648.0,659.0,647.0,657.0,2320,638.9,2327
2026-07-21 10:05:00,657.0,662.0,654.0,656.0,2643,639.86,2327
2026-07-21 10:10:00,655.0,656.0,650.0,652.0,1263,640.14,2327
2026-07-21 10:15:00,651.0,654.0,647.0,647.0,1354,640.37,2327
2026-07-21 10:20:00,647.0,649.0,643.0,649.0,1329,640.49,2327
2026-07-21 10:25:00,649.0,649.0,641.0,648.0,1043,640.56,2327
2026-07-21 10:30:00,647.0,649.0,645.0,647.0,475,640.62,2327
2026-07-21 10:35:00,648.0,651.0,644.0,647.0,699,640.7,2327
2026-07-21 10:40:00,647.0,650.0,643.0,648.0,640,640.76,2327
2026-07-21 10:45:00,649.0,650.0,645.0,646.0,508,640.82,2327
2026-07-21 10:50:00,646.0,651.0,644.0,651.0,792,640.91,2327
2026-07-21 10:55:00,651.0,653.0,648.0,649.0,1048,641.08,2327
2026-07-21 11:00:00,650.0,653.0,647.0,648.0,540,641.16,2327
2026-07-21 11:05:00,648.0,649.0,641.0,645.0,1449,641.22,2327
2026-07-21 11:10:00,645.0,649.0,645.0,645.0,502,641.26,2327
2026-07-21 11:15:00,645.0,648.0,643.0,648.0,386,641.29,2327
2026-07-21 11:20:00,648.0,656.0,647.0,652.0,1522,641.54,2327
2026-07-21 11:25:00,652.0,656.0,652.0,654.0,597,641.65,2327
2026-07-21 11:30:00,653.0,656.0,651.0,653.0,817,641.79,2327
2026-07-21 11:35:00,652.0,657.0,651.0,657.0,570,641.89,2327
2026-07-21 11:40:00,656.0,657.0,655.0,655.0,571,642.0,2327
2026-07-21 11:45:00,655.0,656.0,653.0,656.0,536,642.09,2327
2026-07-21 11:50:00,656.0,657.0,654.0,656.0,544,642.2,2327
2026-07-21 11:55:00,655.0,658.0,654.0,657.0,633,642.32,2327
2026-07-21 12:00:00,658.0,663.0,657.0,661.0,1904,642.78,2327
2026-07-21 12:05:00,661.0,662.0,657.0,659.0,750,642.94,2327
2026-07-21 12:10:00,658.0,665.0,658.0,665.0,1032,643.2,2327
2026-07-21 12:15:00,664.0,667.0,661.0,663.0,1305,643.56,2327
2026-07-21 12:20:00,663.0,667.0,662.0,665.0,835,643.79,2327
2026-07-21 12:25:00,665.0,667.0,662.0,666.0,804,644.0,2327
2026-07-21 12:30:00,666.0,666.0,660.0,661.0,721,644.17,2327
2026-07-21 12:35:00,662.0,674.0,661.0,673.0,1350,644.56,2327
2026-07-21 12:40:00,672.0,680.0,669.0,673.0,2197,645.36,2327
2026-07-21 12:45:00,672.0,673.0,668.0,670.0,675,645.56,2327
2026-07-21 12:50:00,670.0,672.0,667.0,672.0,865,645.79,2327
2026-07-21 12:55:00,672.0,673.0,669.0,672.0,587,645.97,2327
2026-07-21 13:00:00,672.0,676.0,670.0,675.0,1088,646.31,2327
2026-07-21 13:05:00,675.0,675.0,671.0,671.0,807,646.56,2327
2026-07-21 13:10:00,670.0,672.0,665.0,670.0,1007,646.8,2327
2026-07-21 13:15:00,670.0,671.0,667.0,668.0,942,647.04,2327
2026-07-21 13:20:00,668.0,669.0,667.0,668.0,1093,647.29,2327
2026-07-21 13:30:00,670.0,670.0,670.0,670.0,1431,647.64,2327
2026-07-22 09:00:00,713.0,728.0,710.0,725.0,8267,720.0,2327
2026-07-22 09:05:00,725.0,730.0,724.0,725.0,2517,721.46,2327
2026-07-22 09:10:00,724.0,725.0,715.0,719.0,3054,721.02,2327
2026-07-22 09:15:00,719.0,721.0,698.0,701.0,4037,718.21,2327
2026-07-22 09:20:00,701.0,702.0,680.0,681.0,4744,712.62,2327
2026-07-22 09:25:00,681.0,690.0,676.0,682.0,4434,707.79,2327
2026-07-22 09:30:00,683.0,690.0,678.0,684.0,1893,706.25,2327
2026-07-22 09:35:00,684.0,688.0,680.0,687.0,1290,705.33,2327
2026-07-22 09:40:00,687.0,691.0,679.0,690.0,1890,704.08,2327
2026-07-22 09:45:00,691.0,698.0,688.0,698.0,2163,703.35,2327
2026-07-22 09:50:00,697.0,698.0,693.0,694.0,1232,703.09,2327
2026-07-22 09:55:00,694.0,698.0,693.0,696.0,958,702.9,2327
2026-07-22 10:00:00,696.0,696.0,688.0,694.0,879,702.61,2327
2026-07-22 10:05:00,694.0,695.0,691.0,693.0,359,702.52,2327
2026-07-22 10:10:00,693.0,704.0,692.0,702.0,2308,702.38,2327
2026-07-22 10:15:00,702.0,702.0,697.0,702.0,687,702.34,2327
2026-07-22 10:20:00,702.0,702.0,698.0,699.0,656,702.31,2327
2026-07-22 10:25:00,699.0,709.0,699.0,709.0,1460,702.39,2327
2026-07-22 10:30:00,708.0,708.0,700.0,702.0,892,702.41,2327
2026-07-22 10:35:00,701.0,702.0,699.0,700.0,634,702.38,2327
2026-07-22 10:40:00,700.0,701.0,699.0,700.0,259,702.37,2327
2026-07-22 10:45:00,699.0,701.0,698.0,701.0,442,702.34,2327
2026-07-22 10:50:00,701.0,701.0,693.0,693.0,858,702.23,2327
2026-07-22 10:55:00,693.0,695.0,690.0,693.0,794,702.05,2327
2026-07-22 11:00:00,693.0,695.0,692.0,694.0,324,701.99,2327
2026-07-22 11:05:00,694.0,694.0,688.0,691.0,669,701.83,2327
2026-07-22 11:10:00,691.0,692.0,688.0,688.0,386,701.73,2327
2026-07-22 11:15:00,688.0,693.0,688.0,692.0,322,701.66,2327
2026-07-22 11:20:00,693.0,696.0,690.0,695.0,515,701.56,2327
2026-07-22 11:25:00,696.0,699.0,695.0,698.0,405,701.53,2327
2026-07-22 11:30:00,699.0,700.0,696.0,699.0,469,701.5,2327
2026-07-22 11:35:00,699.0,703.0,698.0,702.0,761,701.47,2327
2026-07-22 11:40:00,701.0,702.0,699.0,700.0,250,701.47,2327
2026-07-22 11:45:00,700.0,703.0,700.0,703.0,518,701.47,2327
2026-07-22 11:50:00,703.0,703.0,695.0,695.0,746,701.43,2327
2026-07-22 11:55:00,695.0,698.0,694.0,697.0,344,701.39,2327
2026-07-22 12:00:00,697.0,698.0,695.0,698.0,396,701.35,2327
2026-07-22 12:05:00,699.0,699.0,698.0,698.0,163,701.34,2327
2026-07-22 12:10:00,699.0,699.0,695.0,696.0,256,701.32,2327
2026-07-22 12:15:00,695.0,698.0,692.0,697.0,368,701.27,2327
2026-07-22 12:20:00,698.0,699.0,696.0,697.0,327,701.25,2327
2026-07-22 12:25:00,697.0,697.0,695.0,695.0,269,701.22,2327
2026-07-22 12:30:00,696.0,698.0,695.0,698.0,272,701.2,2327
2026-07-22 12:35:00,698.0,698.0,696.0,698.0,242,701.18,2327
2026-07-22 12:40:00,697.0,698.0,696.0,696.0,377,701.15,2327
2026-07-22 12:45:00,696.0,697.0,695.0,697.0,343,701.12,2327
2026-07-22 12:50:00,697.0,697.0,693.0,693.0,411,701.08,2327
2026-07-22 12:55:00,693.0,696.0,692.0,694.0,523,701.01,2327
2026-07-22 13:00:00,695.0,696.0,694.0,695.0,632,700.95,2327
2026-07-22 13:05:00,696.0,696.0,693.0,694.0,820,700.85,2327
2026-07-22 13:10:00,694.0,695.0,691.0,692.0,1282,700.67,2327
2026-07-22 13:15:00,693.0,697.0,692.0,695.0,1576,700.53,2327
2026-07-22 13:20:00,695.0,698.0,692.0,696.0,2467,700.32,2327
2026-07-22 13:30:00,703.0,703.0,703.0,703.0,3572,700.46,2327
2026-07-23 09:00:00,708.0,711.0,686.0,688.0,5674,698.5,2327
2026-07-23 09:05:00,689.0,695.0,681.0,695.0,3199,694.83,2327
2026-07-23 09:10:00,695.0,700.0,691.0,698.0,1779,695.09,2327
2026-07-23 09:15:00,698.0,706.0,696.0,705.0,2594,696.55,2327
2026-07-23 09:20:00,704.0,721.0,702.0,720.0,3557,699.68,2327
2026-07-23 09:25:00,720.0,732.0,713.0,726.0,4924,705.09,2327
2026-07-23 09:30:00,726.0,727.0,717.0,725.0,2225,706.65,2327
2026-07-23 09:35:00,725.0,725.0,715.0,715.0,1423,707.38,2327
2026-07-23 09:40:00,715.0,723.0,715.0,719.0,915,707.82,2327
2026-07-23 09:45:00,719.0,720.0,707.0,715.0,1774,708.14,2327
2026-07-23 09:50:00,715.0,719.0,711.0,711.0,827,708.34,2327
2026-07-23 09:55:00,711.0,714.0,709.0,709.0,912,708.41,2327
2026-07-23 10:00:00,709.0,713.0,707.0,712.0,847,708.45,2327
2026-07-23 10:05:00,713.0,715.0,710.0,711.0,461,708.5,2327
2026-07-23 10:10:00,711.0,711.0,705.0,707.0,959,708.47,2327
2026-07-23 10:15:00,706.0,707.0,694.0,698.0,2206,707.9,2327
2026-07-23 10:20:00,698.0,698.0,690.0,690.0,1321,707.33,2327
2026-07-23 10:25:00,690.0,692.0,683.0,692.0,2370,706.11,2327
2026-07-23 10:30:00,691.0,696.0,690.0,696.0,1103,705.75,2327
2026-07-23 10:35:00,696.0,697.0,684.0,685.0,1126,705.29,2327
2026-07-23 10:40:00,685.0,687.0,681.0,684.0,1455,704.52,2327
2026-07-23 10:45:00,684.0,691.0,684.0,685.0,597,704.29,2327
2026-07-23 10:50:00,685.0,690.0,684.0,689.0,383,704.13,2327
2026-07-23 10:55:00,689.0,690.0,686.0,690.0,414,703.97,2327
2026-07-23 11:00:00,690.0,691.0,688.0,688.0,408,703.84,2327
2026-07-23 11:05:00,689.0,691.0,687.0,689.0,460,703.69,2327
2026-07-23 11:10:00,689.0,692.0,687.0,692.0,416,703.55,2327
2026-07-23 11:15:00,692.0,693.0,688.0,690.0,346,703.45,2327
2026-07-23 11:20:00,689.0,693.0,689.0,691.0,269,703.38,2327
2026-07-23 11:25:00,691.0,693.0,690.0,693.0,181,703.33,2327
2026-07-23 11:30:00,693.0,693.0,688.0,689.0,458,703.2,2327
2026-07-23 11:35:00,689.0,692.0,688.0,691.0,362,703.1,2327
2026-07-23 11:40:00,691.0,692.0,688.0,692.0,306,703.02,2327
2026-07-23 11:45:00,692.0,692.0,689.0,690.0,211,702.96,2327
2026-07-23 11:50:00,690.0,692.0,690.0,691.0,121,702.93,2327
2026-07-23 11:55:00,692.0,692.0,689.0,690.0,346,702.84,2327
2026-07-23 12:00:00,690.0,691.0,688.0,689.0,427,702.72,2327
2026-07-23 12:05:00,688.0,689.0,683.0,684.0,1292,702.26,2327
2026-07-23 12:10:00,684.0,688.0,683.0,688.0,397,702.12,2327
2026-07-23 12:15:00,689.0,689.0,683.0,684.0,260,702.03,2327
2026-07-23 12:20:00,683.0,687.0,683.0,686.0,488,701.86,2327
2026-07-23 12:25:00,687.0,688.0,685.0,686.0,183,701.81,2327
2026-07-23 12:30:00,686.0,689.0,686.0,688.0,291,701.72,2327
2026-07-23 12:35:00,688.0,689.0,687.0,688.0,341,701.63,2327
2026-07-23 12:40:00,689.0,689.0,686.0,688.0,501,701.49,2327
2026-07-23 12:45:00,688.0,689.0,686.0,686.0,362,701.39,2327
2026-07-23 12:50:00,686.0,686.0,684.0,685.0,678,701.17,2327
2026-07-23 12:55:00,685.0,686.0,684.0,685.0,168,701.12,2327
2026-07-23 13:00:00,686.0,686.0,683.0,684.0,777,700.87,2327
2026-07-23 13:05:00,685.0,686.0,683.0,686.0,672,700.66,2327
2026-07-23 13:10:00,686.0,687.0,683.0,686.0,592,700.49,2327
2026-07-23 13:15:00,687.0,695.0,685.0,695.0,1140,700.26,2327
2026-07-23 13:20:00,694.0,698.0,689.0,693.0,1317,700.13,2327
2026-07-23 13:30:00,696.0,696.0,696.0,696.0,1619,700.02,2327
2026-07-24 09:00:00,679.0,682.0,658.0,668.0,4869,668.28,2327
2026-07-24 09:05:00,668.0,676.0,667.0,673.0,2217,669.31,2327
2026-07-24 09:10:00,673.0,675.0,666.0,669.0,1449,669.51,2327
2026-07-24 09:15:00,669.0,675.0,669.0,674.0,567,669.67,2327
2026-07-24 09:20:00,675.0,680.0,672.0,679.0,1421,670.7,2327
2026-07-24 09:25:00,680.0,684.0,677.0,678.0,1011,671.55,2327
2026-07-24 09:30:00,678.0,681.0,675.0,680.0,441,671.78,2327
2026-07-24 09:35:00,681.0,684.0,679.0,682.0,704,672.35,2327
2026-07-24 09:40:00,681.0,685.0,678.0,684.0,660,672.82,2327
2026-07-24 09:45:00,684.0,684.0,680.0,680.0,325,673.05,2327
2026-07-24 09:50:00,680.0,681.0,676.0,681.0,549,673.25,2327
2026-07-24 09:55:00,681.0,681.0,676.0,678.0,274,673.32,2327
2026-07-24 10:00:00,678.0,678.0,675.0,675.0,268,673.38,2327
2026-07-24 10:05:00,675.0,675.0,669.0,671.0,1271,673.23,2327
2026-07-24 10:10:00,672.0,674.0,671.0,673.0,261,673.23,2327
2026-07-24 10:15:00,674.0,675.0,669.0,669.0,330,673.19,2327
2026-07-24 10:20:00,669.0,670.0,656.0,659.0,2796,671.61,2327
2026-07-24 10:25:00,659.0,664.0,657.0,658.0,1236,670.94,2327
2026-07-24 10:30:00,658.0,660.0,653.0,653.0,1416,669.96,2327
2026-07-24 10:35:00,653.0,653.0,646.0,646.0,1966,668.28,2327
2026-07-24 10:40:00,647.0,650.0,639.0,650.0,2093,666.31,2327
2026-07-24 10:45:00,650.0,651.0,645.0,646.0,793,665.79,2327
2026-07-24 10:50:00,646.0,648.0,641.0,647.0,551,665.37,2327
2026-07-24 10:55:00,647.0,653.0,646.0,646.0,690,664.98,2327
2026-07-24 11:00:00,647.0,653.0,646.0,652.0,341,664.79,2327
2026-07-24 11:05:00,651.0,654.0,650.0,650.0,384,664.62,2327
2026-07-24 11:10:00,650.0,653.0,646.0,652.0,420,664.4,2327
2026-07-24 11:15:00,653.0,655.0,652.0,654.0,418,664.25,2327
2026-07-24 11:20:00,653.0,653.0,650.0,651.0,319,664.11,2327
2026-07-24 11:25:00,650.0,652.0,650.0,651.0,333,663.97,2327
2026-07-24 11:30:00,651.0,651.0,646.0,646.0,362,663.78,2327
2026-07-24 11:35:00,646.0,650.0,646.0,649.0,232,663.66,2327
2026-07-24 11:40:00,650.0,650.0,646.0,647.0,209,663.56,2327
2026-07-24 11:45:00,647.0,652.0,645.0,652.0,421,663.35,2327
2026-07-24 11:50:00,651.0,651.0,647.0,647.0,232,663.24,2327
2026-07-24 11:55:00,647.0,648.0,643.0,644.0,491,662.97,2327
2026-07-24 12:00:00,645.0,646.0,644.0,645.0,206,662.85,2327
2026-07-24 12:05:00,645.0,648.0,645.0,647.0,177,662.76,2327
2026-07-24 12:10:00,648.0,648.0,645.0,645.0,134,662.69,2327
2026-07-24 12:15:00,645.0,646.0,643.0,646.0,575,662.38,2327
2026-07-24 12:20:00,647.0,649.0,645.0,649.0,210,662.28,2327
2026-07-24 12:25:00,649.0,650.0,647.0,647.0,195,662.2,2327
2026-07-24 12:30:00,648.0,650.0,647.0,649.0,261,662.1,2327
2026-07-24 12:35:00,649.0,650.0,648.0,648.0,123,662.05,2327
2026-07-24 12:40:00,647.0,649.0,645.0,648.0,372,661.89,2327
2026-07-24 12:45:00,648.0,649.0,647.0,647.0,116,661.84,2327
2026-07-24 12:50:00,647.0,649.0,646.0,648.0,246,661.74,2327
2026-07-24 12:55:00,649.0,649.0,646.0,649.0,294,661.62,2327
2026-07-24 13:00:00,648.0,649.0,645.0,646.0,266,661.51,2327
2026-07-24 13:05:00,645.0,647.0,643.0,646.0,723,661.18,2327
2026-07-24 13:10:00,646.0,647.0,643.0,643.0,473,660.97,2327
2026-07-24 13:15:00,643.0,644.0,641.0,641.0,835,660.55,2327
2026-07-24 13:20:00,642.0,642.0,639.0,641.0,1302,659.88,2327
2026-07-24 13:30:00,642.0,642.0,642.0,642.0,1412,659.26,2327
2026-07-27 09:00:00,650.0,653.0,639.0,649.0,4121,646.73,2327
2026-07-27 09:05:00,648.0,655.0,644.0,653.0,1764,647.65,2327
2026-07-27 09:10:00,653.0,654.0,634.0,642.0,2173,646.35,2327
2026-07-27 09:15:00,642.0,643.0,624.0,624.0,2228,643.34,2327
2026-07-27 09:20:00,624.0,625.0,616.0,618.0,2487,638.9,2327
2026-07-27 09:25:00,618.0,620.0,610.0,616.0,2211,635.24,2327
2026-07-27 09:30:00,616.0,625.0,616.0,621.0,1364,634.09,2327
2026-07-27 09:35:00,622.0,628.0,616.0,628.0,878,633.48,2327
2026-07-27 09:40:00,628.0,628.0,621.0,625.0,963,633.05,2327
2026-07-27 09:45:00,625.0,628.0,622.0,625.0,419,632.88,2327
2026-07-27 09:50:00,624.0,625.0,617.0,619.0,706,632.41,2327
2026-07-27 09:55:00,619.0,626.0,616.0,625.0,715,631.99,2327
2026-07-27 10:00:00,625.0,625.0,620.0,621.0,287,631.86,2327
2026-07-27 10:05:00,621.0,622.0,618.0,620.0,255,631.72,2327
2026-07-27 10:10:00,620.0,624.0,618.0,622.0,324,631.54,2327
2026-07-27 10:15:00,621.0,622.0,616.0,621.0,495,631.24,2327
2026-07-27 10:20:00,621.0,621.0,616.0,619.0,428,630.98,2327
2026-07-27 10:25:00,618.0,621.0,616.0,617.0,623,630.63,2327
2026-07-27 10:30:00,617.0,618.0,608.0,612.0,2256,628.87,2327
2026-07-27 10:35:00,612.0,616.0,611.0,615.0,496,628.57,2327
2026-07-27 10:40:00,615.0,617.0,613.0,614.0,410,628.36,2327
2026-07-27 10:45:00,614.0,615.0,608.0,610.0,920,627.76,2327
2026-07-27 10:50:00,610.0,611.0,607.0,609.0,1457,626.79,2327
2026-07-27 10:55:00,609.0,610.0,607.0,607.0,476,626.48,2327
2026-07-27 11:00:00,607.0,610.0,605.0,605.0,813,625.95,2327
2026-07-27 11:05:00,605.0,607.0,599.0,599.0,2037,624.44,2327
2026-07-27 11:10:00,599.0,603.0,596.0,603.0,2409,622.61,2327
2026-07-27 11:15:00,603.0,604.0,597.0,601.0,645,622.2,2327
2026-07-27 11:20:00,601.0,602.0,597.0,597.0,484,621.89,2327
2026-07-27 11:25:00,598.0,598.0,593.0,593.0,1100,621.08,2327
2026-07-27 11:30:00,593.0,600.0,590.0,599.0,1368,620.07,2327
2026-07-27 11:35:00,598.0,599.0,593.0,594.0,370,619.83,2327
2026-07-27 11:40:00,595.0,600.0,594.0,596.0,881,619.34,2327
2026-07-27 11:45:00,596.0,598.0,595.0,597.0,240,619.19,2327
2026-07-27 11:50:00,596.0,598.0,596.0,598.0,241,619.06,2327
2026-07-27 11:55:00,598.0,604.0,596.0,600.0,1130,618.53,2327
2026-07-27 12:00:00,600.0,604.0,600.0,602.0,369,618.38,2327
2026-07-27 12:05:00,601.0,610.0,601.0,607.0,1109,618.07,2327
2026-07-27 12:10:00,607.0,608.0,604.0,604.0,375,617.96,2327
2026-07-27 12:15:00,604.0,613.0,603.0,611.0,1010,617.74,2327
2026-07-27 12:20:00,610.0,617.0,610.0,610.0,1143,617.64,2327
2026-07-27 12:25:00,610.0,614.0,609.0,614.0,400,617.58,2327
2026-07-27 12:30:00,614.0,614.0,612.0,613.0,285,617.55,2327
2026-07-27 12:35:00,614.0,614.0,609.0,612.0,365,617.5,2327
2026-07-27 12:40:00,611.0,614.0,610.0,613.0,323,617.47,2327
2026-07-27 12:45:00,613.0,616.0,611.0,614.0,488,617.43,2327
2026-07-27 12:50:00,614.0,616.0,611.0,616.0,534,617.4,2327
2026-07-27 12:55:00,617.0,623.0,615.0,619.0,2146,617.46,2327
2026-07-27 13:00:00,619.0,623.0,618.0,622.0,650,617.51,2327
2026-07-27 13:05:00,622.0,631.0,622.0,628.0,1197,617.74,2327
2026-07-27 13:10:00,628.0,630.0,627.0,629.0,489,617.85,2327
2026-07-27 13:15:00,629.0,631.0,628.0,630.0,638,617.99,2327
2026-07-27 13:20:00,629.0,631.0,625.0,626.0,1135,618.24,2327
2026-07-27 13:30:00,625.0,625.0,625.0,625.0,2302,618.52,2327
2026-07-28 09:00:00,575.0,582.0,570.0,580.0,6662,575.16,2327
2026-07-28 09:05:00,579.0,579.0,568.0,569.0,3479,574.23,2327
2026-07-28 09:10:00,569.0,570.0,563.0,563.0,6824,570.14,2327
2026-07-28 09:15:00,564.0,565.0,563.0,564.0,1428,569.63,2327
2026-07-28 09:20:00,565.0,569.0,563.0,569.0,1532,569.36,2327
2026-07-28 09:25:00,569.0,573.0,567.0,568.0,1403,569.37,2327
2026-07-28 09:30:00,568.0,568.0,565.0,565.0,913,569.24,2327
2026-07-28 09:35:00,566.0,568.0,565.0,567.0,549,569.18,2327
2026-07-28 09:40:00,567.0,569.0,564.0,567.0,682,569.1,2327
2026-07-28 09:45:00,567.0,568.0,564.0,566.0,631,569.01,2327
2026-07-28 09:50:00,566.0,566.0,563.0,563.0,2455,568.5,2327
2026-07-28 09:55:00,563.0,563.0,563.0,563.0,299,568.44,2327
2026-07-28 10:00:00,563.0,563.0,563.0,563.0,198,568.4,2327
2026-07-28 10:05:00,563.0,563.0,563.0,563.0,79,568.39,2327
2026-07-28 10:10:00,563.0,563.0,563.0,563.0,139,568.36,2327
2026-07-28 10:15:00,563.0,563.0,563.0,563.0,255,568.31,2327
2026-07-28 10:20:00,563.0,563.0,563.0,563.0,95,568.29,2327
2026-07-28 10:25:00,563.0,563.0,563.0,563.0,52,568.28,2327
2026-07-28 10:30:00,563.0,563.0,563.0,563.0,51,568.27,2327
2026-07-28 10:35:00,563.0,563.0,563.0,563.0,49,568.26,2327
2026-07-28 10:40:00,563.0,563.0,563.0,563.0,36,568.26,2327
2026-07-28 10:45:00,563.0,563.0,563.0,563.0,90,568.24,2327
2026-07-28 10:50:00,563.0,563.0,563.0,563.0,33,568.23,2327
2026-07-28 10:55:00,563.0,563.0,563.0,563.0,32,568.23,2327
2026-07-28 11:00:00,563.0,563.0,563.0,563.0,32,568.22,2327
2026-07-28 11:05:00,563.0,563.0,563.0,563.0,58,568.21,2327
2026-07-28 11:10:00,563.0,563.0,563.0,563.0,30,568.2,2327
2026-07-28 11:15:00,563.0,563.0,563.0,563.0,22,568.2,2327
2026-07-28 11:20:00,563.0,563.0,563.0,563.0,35,568.19,2327
2026-07-28 11:25:00,563.0,563.0,563.0,563.0,51,568.18,2327
2026-07-28 11:30:00,563.0,563.0,563.0,563.0,37,568.18,2327
2026-07-28 11:35:00,563.0,563.0,563.0,563.0,51,568.17,2327
2026-07-28 11:40:00,563.0,563.0,563.0,563.0,46,568.16,2327
2026-07-28 11:45:00,563.0,563.0,563.0,563.0,42,568.15,2327
2026-07-28 11:50:00,563.0,563.0,563.0,563.0,53,568.14,2327
2026-07-28 11:55:00,563.0,563.0,563.0,563.0,52,568.13,2327
2026-07-28 12:00:00,563.0,563.0,563.0,563.0,27,568.13,2327
2026-07-28 12:05:00,563.0,563.0,563.0,563.0,23,568.12,2327
2026-07-28 12:10:00,563.0,563.0,563.0,563.0,22,568.12,2327
2026-07-28 12:15:00,563.0,563.0,563.0,563.0,27,568.12,2327
2026-07-28 12:20:00,563.0,563.0,563.0,563.0,38,568.11,2327
2026-07-28 12:25:00,563.0,563.0,563.0,563.0,38,568.1,2327
2026-07-28 12:30:00,563.0,563.0,563.0,563.0,27,568.1,2327
2026-07-28 12:35:00,563.0,563.0,563.0,563.0,288,568.05,2327
2026-07-28 12:40:00,563.0,563.0,563.0,563.0,46,568.04,2327
2026-07-28 12:45:00,563.0,563.0,563.0,563.0,48,568.03,2327
2026-07-28 12:50:00,563.0,563.0,563.0,563.0,30,568.02,2327
2026-07-28 12:55:00,563.0,563.0,563.0,563.0,21,568.02,2327
2026-07-28 13:00:00,563.0,563.0,563.0,563.0,36,568.02,2327
2026-07-28 13:05:00,563.0,563.0,563.0,563.0,52,568.01,2327
2026-07-28 13:10:00,563.0,563.0,563.0,563.0,54,568.0,2327
2026-07-28 13:15:00,563.0,563.0,563.0,563.0,38,567.99,2327
2026-07-28 13:20:00,563.0,563.0,563.0,563.0,80,567.98,2327
2026-07-28 13:30:00,563.0,563.0,563.0,563.0,2702,567.56,2327
2026-07-29 09:00:00,539.0,545.0,524.0,536.0,11252,535.9,2327
2026-07-29 09:05:00,536.0,542.0,530.0,533.0,4098,535.86,2327
2026-07-29 09:10:00,533.0,534.0,516.0,519.0,5861,532.44,2327
2026-07-29 09:15:00,520.0,522.0,508.0,520.0,5757,528.56,2327
2026-07-29 09:20:00,520.0,527.0,518.0,526.0,3331,528.0,2327
2026-07-29 09:25:00,525.0,525.0,515.0,519.0,2459,527.34,2327
2026-07-29 09:30:00,520.0,522.0,513.0,522.0,2174,526.68,2327
2026-07-29 09:35:00,522.0,523.0,514.0,514.0,1433,526.35,2327
2026-07-29 09:40:00,514.0,516.0,508.0,513.0,2420,525.38,2327
2026-07-29 09:45:00,514.0,514.0,509.0,511.0,1477,524.86,2327
2026-07-29 09:50:00,510.0,511.0,507.0,507.0,4580,523.06,2327
2026-07-29 09:55:00,507.0,507.0,507.0,507.0,276,522.96,2327
2026-07-29 10:00:00,507.0,507.0,507.0,507.0,142,522.91,2327
2026-07-29 10:05:00,507.0,507.0,507.0,507.0,106,522.88,2327
2026-07-29 10:10:00,507.0,507.0,507.0,507.0,54,522.86,2327
2026-07-29 10:15:00,507.0,507.0,507.0,507.0,67,522.83,2327
2026-07-29 10:20:00,507.0,507.0,507.0,507.0,81,522.81,2327
2026-07-29 10:25:00,507.0,507.0,507.0,507.0,281,522.71,2327
2026-07-29 10:30:00,507.0,507.0,507.0,507.0,55,522.69,2327
2026-07-29 10:35:00,507.0,507.0,507.0,507.0,28,522.68,2327
2026-07-29 10:40:00,507.0,507.0,507.0,507.0,62,522.66,2327
2026-07-29 10:45:00,507.0,507.0,507.0,507.0,33,522.65,2327
2026-07-29 10:50:00,507.0,507.0,507.0,507.0,46,522.63,2327
2026-07-29 10:55:00,507.0,507.0,507.0,507.0,48,522.62,2327
2026-07-29 11:00:00,507.0,507.0,507.0,507.0,26,522.61,2327
2026-07-29 11:05:00,507.0,507.0,507.0,507.0,46,522.59,2327
2026-07-29 11:10:00,507.0,507.0,507.0,507.0,66,522.57,2327
2026-07-29 11:15:00,507.0,507.0,507.0,507.0,41,522.56,2327
2026-07-29 11:20:00,507.0,507.0,507.0,507.0,16,522.55,2327
2026-07-29 11:25:00,507.0,507.0,507.0,507.0,56,522.53,2327
2026-07-29 11:30:00,507.0,507.0,507.0,507.0,20,522.53,2327
2026-07-29 11:35:00,507.0,507.0,507.0,507.0,15,522.52,2327
2026-07-29 11:40:00,507.0,507.0,507.0,507.0,14,522.52,2327
2026-07-29 11:45:00,507.0,507.0,507.0,507.0,25,522.51,2327
2026-07-29 11:50:00,507.0,507.0,507.0,507.0,14,522.5,2327
2026-07-29 11:55:00,507.0,507.0,507.0,507.0,23,522.5,2327
2026-07-29 12:00:00,507.0,507.0,507.0,507.0,29,522.49,2327
2026-07-29 12:05:00,507.0,507.0,507.0,507.0,11,522.48,2327
2026-07-29 12:10:00,507.0,507.0,507.0,507.0,74,522.46,2327
2026-07-29 12:15:00,507.0,507.0,507.0,507.0,23,522.45,2327
2026-07-29 12:20:00,507.0,507.0,507.0,507.0,74,522.43,2327
2026-07-29 12:25:00,507.0,507.0,507.0,507.0,155,522.37,2327
2026-07-29 12:30:00,507.0,507.0,507.0,507.0,20,522.37,2327
2026-07-29 12:35:00,507.0,507.0,507.0,507.0,125,522.33,2327
2026-07-29 12:40:00,507.0,507.0,507.0,507.0,80,522.3,2327
2026-07-29 12:45:00,507.0,507.0,507.0,507.0,29,522.29,2327
2026-07-29 12:50:00,507.0,507.0,507.0,507.0,36,522.28,2327
2026-07-29 12:55:00,507.0,507.0,507.0,507.0,42,522.27,2327
2026-07-29 13:00:00,507.0,507.0,507.0,507.0,45,522.25,2327
2026-07-29 13:05:00,507.0,507.0,507.0,507.0,140,522.21,2327
2026-07-29 13:10:00,507.0,507.0,507.0,507.0,125,522.17,2327
2026-07-29 13:15:00,507.0,507.0,507.0,507.0,769,521.92,2327
2026-07-29 13:20:00,507.0,507.0,507.0,507.0,282,521.84,2327
2026-07-29 13:30:00,507.0,507.0,507.0,507.0,709,521.62,2327
2026-07-30 09:00:00,479.5,487.0,466.0,483.5,12457,476.41,2327
2026-07-30 09:05:00,484.0,508.0,482.0,500.0,4544,482.8,2327
2026-07-30 09:10:00,501.0,503.0,486.5,487.0,4045,485.14,2327
2026-07-30 09:15:00,487.5,490.0,479.0,490.0,4144,484.95,2327
2026-07-30 09:20:00,489.5,496.0,485.5,495.0,2548,485.42,2327
2026-07-30 09:25:00,495.0,498.5,490.5,495.5,1766,485.99,2327
2026-07-30 09:30:00,495.5,509.0,495.0,509.0,3213,487.69,2327
2026-07-30 09:35:00,509.0,514.0,503.0,509.0,4629,490.35,2327
2026-07-30 09:40:00,508.0,527.0,508.0,514.0,6022,494.3,2327
2026-07-30 09:45:00,514.0,518.0,507.0,512.0,2275,495.16,2327
2026-07-30 09:50:00,512.0,512.0,502.0,507.0,1902,495.63,2327
2026-07-30 09:55:00,507.0,513.0,507.0,513.0,1128,495.97,2327
2026-07-30 10:00:00,513.0,517.0,511.0,511.0,1383,496.48,2327
2026-07-30 10:05:00,511.0,514.0,506.0,513.0,1624,496.87,2327
2026-07-30 10:10:00,513.0,515.0,507.0,508.0,956,497.13,2327
2026-07-30 10:15:00,508.0,508.0,500.0,500.0,1555,497.35,2327
2026-07-30 10:20:00,500.0,505.0,498.0,499.5,1792,497.43,2327
2026-07-30 10:25:00,500.0,503.0,488.5,489.0,2041,497.33,2327
2026-07-30 10:30:00,489.5,496.0,488.0,492.5,1712,497.17,2327
2026-07-30 10:35:00,492.5,497.5,490.5,497.0,1045,497.12,2327
2026-07-30 10:40:00,496.5,503.0,496.0,503.0,983,497.15,2327
2026-07-30 10:45:00,503.0,504.0,497.0,499.0,841,497.19,2327
2026-07-30 10:50:00,499.0,503.0,498.0,500.0,495,497.22,2327
2026-07-30 10:55:00,500.0,501.0,492.5,493.5,737,497.19,2327
2026-07-30 11:00:00,493.5,496.5,491.0,492.0,584,497.16,2327
2026-07-30 11:05:00,493.0,495.5,490.0,490.0,1226,497.07,2327
2026-07-30 11:10:00,490.0,491.5,484.0,487.0,2459,496.72,2327
2026-07-30 11:15:00,486.5,486.5,478.0,482.0,2883,496.1,2327
2026-07-30 11:20:00,482.0,483.5,478.0,478.0,1016,495.88,2327
2026-07-30 11:25:00,478.0,484.5,478.0,482.0,980,495.68,2327
2026-07-30 11:30:00,482.0,486.0,479.5,486.0,834,495.54,2327
2026-07-30 11:35:00,486.0,486.5,481.5,481.5,581,495.45,2327
2026-07-30 11:40:00,481.5,485.0,481.0,483.0,487,495.37,2327
2026-07-30 11:45:00,483.5,484.5,480.0,483.0,832,495.22,2327
2026-07-30 11:50:00,483.0,487.0,481.5,485.0,774,495.12,2327
2026-07-30 11:55:00,485.0,486.5,480.0,482.0,687,495.01,2327
2026-07-30 12:00:00,481.0,485.0,481.0,482.0,497,494.93,2327
2026-07-30 12:05:00,482.5,482.5,478.5,479.5,1004,494.74,2327
2026-07-30 12:10:00,479.5,481.0,477.0,478.5,1067,494.53,2327
2026-07-30 12:15:00,478.5,479.0,471.5,472.0,2012,494.04,2327
2026-07-30 12:20:00,471.5,474.0,468.0,472.0,2744,493.29,2327
2026-07-30 12:25:00,472.0,481.5,472.0,477.5,1156,493.08,2327
2026-07-30 12:30:00,477.0,478.0,474.0,474.5,686,492.94,2327
2026-07-30 12:35:00,474.5,476.0,470.5,470.5,774,492.77,2327
2026-07-30 12:40:00,470.5,472.0,466.0,467.0,2271,492.14,2327
2026-07-30 12:45:00,467.0,468.0,462.0,462.0,2353,491.45,2327
2026-07-30 12:50:00,462.0,465.0,456.5,456.5,4096,490.09,2327
2026-07-30 12:55:00,456.5,458.0,456.5,456.5,4121,488.71,2327
2026-07-30 13:00:00,456.5,458.0,456.5,456.5,1677,488.18,2327
2026-07-30 13:05:00,456.5,456.5,456.5,456.5,235,488.11,2327
2026-07-30 13:10:00,456.5,456.5,456.5,456.5,264,488.03,2327
2026-07-30 13:15:00,456.5,456.5,456.5,456.5,386,487.91,2327
2026-07-30 13:20:00,456.5,456.5,456.5,456.5,440,487.78,2327
2026-07-30 13:30:00,456.5,456.5,456.5,456.5,806,487.53,2327
2026-07-31 09:00:00,502.0,502.0,502.0,502.0,2717,502.0,2327
2026-07-31 09:05:00,502.0,502.0,502.0,502.0,596,502.0,2327
2026-07-31 09:10:00,502.0,502.0,502.0,502.0,169,502.0,2327
2026-07-31 09:15:00,502.0,502.0,502.0,502.0,349,502.0,2327
2026-07-31 09:20:00,502.0,502.0,502.0,502.0,75,502.0,2327
2026-07-31 09:25:00,502.0,502.0,502.0,502.0,48,502.0,2327
2026-07-31 09:30:00,502.0,502.0,502.0,502.0,327,502.0,2327
2026-07-31 09:35:00,502.0,502.0,502.0,502.0,84,502.0,2327
2026-07-31 09:40:00,502.0,502.0,502.0,502.0,54,502.0,2327
2026-07-31 09:45:00,502.0,502.0,502.0,502.0,66,502.0,2327
2026-07-31 09:50:00,502.0,502.0,502.0,502.0,101,502.0,2327
2026-07-31 09:55:00,502.0,502.0,502.0,502.0,103,502.0,2327
2026-07-31 10:00:00,502.0,502.0,502.0,502.0,39,502.0,2327
2026-07-31 10:05:00,502.0,502.0,502.0,502.0,43,502.0,2327
2026-07-31 10:10:00,502.0,502.0,502.0,502.0,13,502.0,2327
2026-07-31 10:15:00,502.0,502.0,502.0,502.0,21,502.0,2327
2026-07-31 10:20:00,502.0,502.0,502.0,502.0,22,502.0,2327
2026-07-31 10:25:00,502.0,502.0,502.0,502.0,8,502.0,2327
2026-07-31 10:30:00,502.0,502.0,502.0,502.0,54,502.0,2327
2026-07-31 10:35:00,502.0,502.0,502.0,502.0,271,502.0,2327
2026-07-31 10:40:00,502.0,502.0,502.0,502.0,22,502.0,2327
2026-07-31 10:45:00,502.0,502.0,502.0,502.0,17,502.0,2327
2026-07-31 10:50:00,502.0,502.0,502.0,502.0,11,502.0,2327
2026-07-31 10:55:00,502.0,502.0,502.0,502.0,12,502.0,2327
2026-07-31 11:00:00,502.0,502.0,502.0,502.0,10,502.0,2327
2026-07-31 11:05:00,502.0,502.0,502.0,502.0,14,502.0,2327
2026-07-31 11:10:00,502.0,502.0,502.0,502.0,4,502.0,2327
2026-07-31 11:15:00,502.0,502.0,502.0,502.0,11,502.0,2327
2026-07-31 11:20:00,502.0,502.0,502.0,502.0,22,502.0,2327
2026-07-31 11:25:00,502.0,502.0,502.0,502.0,2,502.0,2327
2026-07-31 11:30:00,502.0,502.0,502.0,502.0,12,502.0,2327
2026-07-31 11:35:00,502.0,502.0,502.0,502.0,10,502.0,2327
2026-07-31 11:40:00,502.0,502.0,502.0,502.0,68,502.0,2327
2026-07-31 11:45:00,502.0,502.0,502.0,502.0,3,502.0,2327
2026-07-31 11:50:00,502.0,502.0,502.0,502.0,65,502.0,2327
2026-07-31 11:55:00,502.0,502.0,502.0,502.0,5,502.0,2327
2026-07-31 12:00:00,502.0,502.0,502.0,502.0,2,502.0,2327
2026-07-31 12:05:00,502.0,502.0,502.0,502.0,23,502.0,2327
2026-07-31 12:10:00,502.0,502.0,502.0,502.0,3,502.0,2327
2026-07-31 12:15:00,502.0,502.0,502.0,502.0,8,502.0,2327
2026-07-31 12:20:00,502.0,502.0,502.0,502.0,8,502.0,2327
2026-07-31 12:25:00,502.0,502.0,502.0,502.0,5,502.0,2327
2026-07-31 12:30:00,502.0,502.0,502.0,502.0,11,502.0,2327
2026-07-31 12:35:00,502.0,502.0,502.0,502.0,7,502.0,2327
2026-07-31 12:40:00,502.0,502.0,502.0,502.0,4,502.0,2327
2026-07-31 12:45:00,502.0,502.0,502.0,502.0,4,502.0,2327
2026-07-31 12:50:00,502.0,502.0,502.0,502.0,181,502.0,2327
2026-07-31 12:55:00,502.0,502.0,502.0,502.0,119,502.0,2327
2026-07-31 13:00:00,502.0,502.0,502.0,502.0,16,502.0,2327
2026-07-31 13:05:00,502.0,502.0,502.0,502.0,11,502.0,2327
2026-07-31 13:10:00,502.0,502.0,502.0,502.0,14,502.0,2327
2026-07-31 13:15:00,502.0,502.0,502.0,502.0,5,502.0,2327
2026-07-31 13:20:00,502.0,502.0,502.0,502.0,25,502.0,2327
2026-07-31 13:30:00,502.0,502.0,502.0,502.0,70,502.0,2327
2026-08-03 09:00:00,534.0,551.0,526.0,550.0,14412,536.46,2327
2026-08-03 09:05:00,550.0,552.0,548.0,552.0,3870,539.7,2327
2026-08-03 09:10:00,552.0,552.0,552.0,552.0,489,540.02,2327
2026-08-03 09:15:00,552.0,552.0,552.0,552.0,908,540.57,2327
2026-08-03 09:20:00,552.0,552.0,552.0,552.0,115,540.64,2327
2026-08-03 09:25:00,552.0,552.0,552.0,552.0,134,540.72,2327
2026-08-03 09:30:00,552.0,552.0,552.0,552.0,212,540.83,2327
2026-08-03 09:35:00,552.0,552.0,552.0,552.0,105,540.89,2327
2026-08-03 09:40:00,552.0,552.0,552.0,552.0,133,540.96,2327
2026-08-03 09:45:00,552.0,552.0,552.0,552.0,113,541.03,2327
2026-08-03 09:50:00,552.0,552.0,552.0,552.0,19,541.04,2327
2026-08-03 09:55:00,552.0,552.0,552.0,552.0,90,541.08,2327
2026-08-03 10:00:00,552.0,552.0,552.0,552.0,42,541.11,2327
2026-08-03 10:05:00,552.0,552.0,552.0,552.0,21,541.12,2327
2026-08-03 10:10:00,552.0,552.0,552.0,552.0,29,541.13,2327
2026-08-03 10:15:00,552.0,552.0,552.0,552.0,33,541.15,2327
2026-08-03 10:20:00,552.0,552.0,552.0,552.0,203,541.25,2327
2026-08-03 10:25:00,552.0,552.0,552.0,552.0,29,541.27,2327
2026-08-03 10:30:00,552.0,552.0,552.0,552.0,21,541.28,2327
2026-08-03 10:35:00,552.0,552.0,552.0,552.0,34,541.3,2327
2026-08-03 10:40:00,552.0,552.0,552.0,552.0,13,541.3,2327
2026-08-03 10:45:00,552.0,552.0,552.0,552.0,22,541.32,2327
2026-08-03 10:50:00,552.0,552.0,552.0,552.0,17,541.32,2327
2026-08-03 10:55:00,552.0,552.0,552.0,552.0,20,541.33,2327
2026-08-03 11:00:00,552.0,552.0,552.0,552.0,14,541.34,2327
2026-08-03 11:05:00,552.0,552.0,552.0,552.0,14,541.35,2327
2026-08-03 11:10:00,552.0,552.0,552.0,552.0,18,541.36,2327
2026-08-03 11:15:00,552.0,552.0,552.0,552.0,11,541.36,2327
2026-08-03 11:20:00,552.0,552.0,552.0,552.0,26,541.38,2327
2026-08-03 11:25:00,552.0,552.0,552.0,552.0,27,541.39,2327
2026-08-03 11:30:00,552.0,552.0,552.0,552.0,14,541.4,2327
2026-08-03 11:35:00,552.0,552.0,552.0,552.0,4,541.4,2327
2026-08-03 11:40:00,552.0,552.0,552.0,552.0,17,541.41,2327
2026-08-03 11:45:00,552.0,552.0,552.0,552.0,12,541.41,2327
2026-08-03 11:50:00,552.0,552.0,552.0,552.0,11,541.42,2327
2026-08-03 11:55:00,552.0,552.0,552.0,552.0,27,541.43,2327
2026-08-03 12:00:00,552.0,552.0,552.0,552.0,12,541.44,2327
2026-08-03 12:05:00,552.0,552.0,552.0,552.0,9,541.44,2327
2026-08-03 12:10:00,552.0,552.0,552.0,552.0,14,541.45,2327
2026-08-03 12:15:00,552.0,552.0,552.0,552.0,91,541.49,2327
2026-08-03 12:20:00,552.0,552.0,552.0,552.0,13,541.5,2327
2026-08-03 12:25:00,552.0,552.0,552.0,552.0,12,541.51,2327
2026-08-03 12:30:00,552.0,552.0,552.0,552.0,49,541.53,2327
2026-08-03 12:35:00,552.0,552.0,552.0,552.0,9,541.53,2327
2026-08-03 12:40:00,552.0,552.0,552.0,552.0,12,541.54,2327
2026-08-03 12:45:00,552.0,552.0,552.0,552.0,11,541.55,2327
2026-08-03 12:50:00,552.0,552.0,552.0,552.0,9,541.55,2327
2026-08-03 12:55:00,552.0,552.0,552.0,552.0,10,541.56,2327
2026-08-03 13:00:00,552.0,552.0,552.0,552.0,23,541.57,2327
2026-08-03 13:05:00,552.0,552.0,552.0,552.0,26,541.58,2327
2026-08-03 13:10:00,552.0,552.0,552.0,552.0,29,541.59,2327
2026-08-03 13:15:00,552.0,552.0,552.0,552.0,141,541.66,2327
2026-08-03 13:20:00,552.0,552.0,552.0,552.0,101,541.71,2327
2026-08-03 13:30:00,552.0,552.0,552.0,552.0,88,541.75,2327
2026-08-04 09:00:00,581.0,583.0,556.0,564.0,11026,573.86,2327
2026-08-04 09:05:00,563.0,564.0,550.0,559.0,5500,568.2,2327
2026-08-04 09:10:00,559.0,563.0,552.0,555.0,3085,566.46,2327
2026-08-04 09:15:00,554.0,558.0,545.0,553.0,5143,562.99,2327
2026-08-04 09:20:00,552.0,557.0,550.0,550.0,1785,562.37,2327
2026-08-04 09:25:00,551.0,555.0,546.0,553.0,1983,561.51,2327
2026-08-04 09:30:00,553.0,564.0,553.0,564.0,2827,561.25,2327
2026-08-04 09:35:00,564.0,567.0,556.0,560.0,3218,561.37,2327
2026-08-04 09:40:00,559.0,570.0,559.0,570.0,2165,561.62,2327
2026-08-04 09:45:00,570.0,575.0,569.0,574.0,3984,562.67,2327
2026-08-04 09:50:00,574.0,576.0,566.0,575.0,2109,563.09,2327
2026-08-04 09:55:00,576.0,579.0,573.0,577.0,2732,563.92,2327
2026-08-04 10:00:00,578.0,578.0,563.0,563.0,2483,564.22,2327
2026-08-04 10:05:00,563.0,572.0,562.0,567.0,1350,564.3,2327
2026-08-04 10:10:00,567.0,569.0,563.0,568.0,1182,564.34,2327
2026-08-04 10:15:00,568.0,568.0,558.0,564.0,2082,564.24,2327
2026-08-04 10:20:00,563.0,568.0,560.0,565.0,1184,564.25,2327
2026-08-04 10:25:00,565.0,565.0,558.0,560.0,970,564.19,2327
2026-08-04 10:30:00,560.0,566.0,560.0,561.0,501,564.19,2327
2026-08-04 10:35:00,562.0,562.0,559.0,560.0,665,564.14,2327
2026-08-04 10:40:00,561.0,561.0,555.0,558.0,1264,563.99,2327
2026-08-04 10:45:00,558.0,559.0,553.0,556.0,1176,563.81,2327
2026-08-04 10:50:00,556.0,560.0,555.0,559.0,504,563.76,2327
2026-08-04 10:55:00,559.0,559.0,552.0,553.0,772,563.64,2327
2026-08-04 11:00:00,554.0,557.0,552.0,554.0,702,563.54,2327
2026-08-04 11:05:00,553.0,554.0,550.0,550.0,1306,563.28,2327
2026-08-04 11:10:00,550.0,552.0,546.0,549.0,1549,562.93,2327
2026-08-04 11:15:00,549.0,555.0,548.0,555.0,722,562.81,2327
2026-08-04 11:20:00,555.0,556.0,552.0,555.0,418,562.75,2327
2026-08-04 11:25:00,555.0,556.0,554.0,556.0,501,562.7,2327
2026-08-04 11:30:00,556.0,559.0,555.0,559.0,553,562.66,2327
2026-08-04 11:35:00,559.0,559.0,555.0,555.0,421,562.62,2327
2026-08-04 11:40:00,556.0,556.0,552.0,554.0,459,562.56,2327
2026-08-04 11:45:00,554.0,557.0,553.0,556.0,303,562.52,2327
2026-08-04 11:50:00,555.0,557.0,554.0,555.0,317,562.49,2327
2026-08-04 11:55:00,556.0,556.0,554.0,555.0,448,562.44,2327
2026-08-04 12:00:00,556.0,557.0,554.0,556.0,430,562.4,2327
2026-08-04 12:05:00,556.0,559.0,554.0,557.0,618,562.35,2327
2026-08-04 12:10:00,557.0,558.0,555.0,555.0,291,562.32,2327
2026-08-04 12:15:00,555.0,562.0,554.0,561.0,1087,562.27,2327
2026-08-04 12:20:00,561.0,561.0,558.0,560.0,339,562.26,2327
2026-08-04 12:25:00,559.0,562.0,559.0,562.0,515,562.25,2327
2026-08-04 12:30:00,561.0,568.0,561.0,566.0,1950,562.34,2327
2026-08-04 12:35:00,566.0,568.0,564.0,566.0,836,562.38,2327
2026-08-04 12:40:00,566.0,569.0,565.0,567.0,978,562.45,2327
2026-08-04 12:45:00,568.0,570.0,565.0,568.0,1211,562.53,2327
2026-08-04 12:50:00,568.0,570.0,567.0,569.0,833,562.6,2327
2026-08-04 12:55:00,569.0,569.0,566.0,568.0,569,562.64,2327
2026-08-04 13:00:00,567.0,568.0,562.0,563.0,860,562.66,2327
2026-08-04 13:05:00,563.0,567.0,562.0,567.0,615,562.68,2327
2026-08-04 13:10:00,566.0,567.0,563.0,563.0,836,562.69,2327
2026-08-04 13:15:00,564.0,564.0,562.0,563.0,713,562.7,2327
2026-08-04 13:20:00,563.0,566.0,562.0,562.0,1772,562.72,2327
2026-08-04 13:30:00,566.0,566.0,566.0,566.0,1837,562.79,2327
2026-08-05 09:00:00,608.0,618.0,597.0,599.0,7838,606.82,2327
2026-08-05 09:05:00,600.0,604.0,594.0,597.0,3415,604.21,2327
2026-08-05 09:10:00,597.0,597.0,578.0,579.0,3837,599.92,2327
2026-08-05 09:15:00,578.0,585.0,575.0,577.0,3681,595.91,2327
2026-08-05 09:20:00,577.0,583.0,575.0,578.0,1656,594.62,2327
2026-08-05 09:25:00,578.0,578.0,568.0,573.0,3299,591.56,2327
2026-08-05 09:30:00,573.0,576.0,568.0,574.0,2310,589.79,2327
2026-08-05 09:35:00,573.0,581.0,573.0,580.0,1885,588.87,2327
2026-08-05 09:40:00,580.0,584.0,578.0,582.0,1967,588.34,2327
2026-08-05 09:45:00,583.0,586.0,580.0,585.0,1484,588.11,2327
2026-08-05 09:50:00,585.0,591.0,583.0,588.0,2286,588.01,2327
2026-08-05 09:55:00,587.0,588.0,582.0,583.0,1129,587.91,2327
2026-08-05 10:00:00,583.0,585.0,580.0,582.0,718,587.8,2327
2026-08-05 10:05:00,582.0,587.0,581.0,586.0,526,587.76,2327
2026-08-05 10:10:00,587.0,587.0,583.0,583.0,638,587.72,2327
2026-08-05 10:15:00,583.0,584.0,581.0,584.0,572,587.64,2327
2026-08-05 10:20:00,584.0,586.0,584.0,586.0,225,587.62,2327
2026-08-05 10:25:00,586.0,589.0,584.0,586.0,1240,587.61,2327
2026-08-05 10:30:00,586.0,587.0,583.0,585.0,725,587.56,2327
2026-08-05 10:35:00,584.0,589.0,584.0,586.0,621,587.55,2327
2026-08-05 10:40:00,586.0,592.0,585.0,591.0,1073,587.59,2327
2026-08-05 10:45:00,590.0,597.0,590.0,593.0,1774,587.85,2327
2026-08-05 10:50:00,594.0,595.0,590.0,594.0,754,587.93,2327
2026-08-05 10:55:00,594.0,594.0,591.0,593.0,451,587.98,2327
2026-08-05 11:00:00,593.0,593.0,590.0,591.0,408,588.02,2327
2026-08-05 11:05:00,592.0,593.0,590.0,591.0,316,588.04,2327
2026-08-05 11:10:00,591.0,592.0,586.0,587.0,757,588.05,2327
2026-08-05 11:15:00,587.0,588.0,585.0,587.0,374,588.04,2327
2026-08-05 11:20:00,587.0,590.0,586.0,588.0,335,588.04,2327
2026-08-05 11:25:00,588.0,589.0,586.0,586.0,384,588.04,2327
2026-08-05 11:30:00,586.0,587.0,582.0,584.0,1189,587.94,2327
2026-08-05 11:35:00,584.0,588.0,583.0,588.0,400,587.91,2327
2026-08-05 11:40:00,588.0,591.0,587.0,588.0,657,587.94,2327
2026-08-05 11:45:00,588.0,590.0,586.0,587.0,290,587.94,2327
2026-08-05 11:50:00,587.0,589.0,586.0,588.0,195,587.94,2327
2026-08-05 11:55:00,588.0,589.0,586.0,587.0,240,587.94,2327
2026-08-05 12:00:00,587.0,588.0,585.0,586.0,398,587.92,2327
2026-08-05 12:05:00,586.0,586.0,584.0,585.0,523,587.89,2327
2026-08-05 12:10:00,586.0,586.0,583.0,584.0,350,587.87,2327
2026-08-05 12:15:00,584.0,584.0,580.0,580.0,767,587.78,2327
2026-08-05 12:20:00,580.0,581.0,578.0,579.0,949,587.62,2327
2026-08-05 12:25:00,580.0,583.0,578.0,580.0,598,587.54,2327
2026-08-05 12:30:00,581.0,582.0,580.0,582.0,365,587.49,2327
2026-08-05 12:35:00,582.0,582.0,578.0,581.0,437,587.43,2327
2026-08-05 12:40:00,581.0,584.0,580.0,582.0,419,587.4,2327
2026-08-05 12:45:00,582.0,582.0,580.0,581.0,301,587.36,2327
2026-08-05 12:50:00,581.0,581.0,578.0,580.0,474,587.3,2327
2026-08-05 12:55:00,580.0,582.0,580.0,581.0,219,587.27,2327
2026-08-05 13:00:00,582.0,582.0,580.0,580.0,444,587.22,2327
2026-08-05 13:05:00,581.0,582.0,580.0,582.0,508,587.17,2327
2026-08-05 13:10:00,582.0,582.0,579.0,579.0,977,587.06,2327
2026-08-05 13:15:00,579.0,580.0,578.0,578.0,806,586.94,2327
2026-08-05 13:20:00,579.0,579.0,576.0,578.0,1355,586.73,2327
2026-08-05 13:30:00,578.0,578.0,578.0,578.0,1510,586.51,2327
2026-08-06 09:00:00,563.0,565.0,549.0,555.0,6410,556.54,2327
2026-08-06 09:05:00,556.0,558.0,552.0,555.0,2496,556.12,2327
2026-08-06 09:10:00,554.0,557.0,546.0,546.0,3748,554.43,2327
2026-08-06 09:15:00,547.0,547.0,541.0,543.0,2787,552.55,2327
2026-08-06 09:20:00,542.0,543.0,538.0,540.0,2421,550.9,2327
2026-08-06 09:25:00,541.0,544.0,536.0,543.0,2028,549.71,2327
2026-08-06 09:30:00,543.0,545.0,540.0,541.0,1146,549.32,2327
2026-08-06 09:35:00,541.0,546.0,541.0,546.0,812,549.11,2327
2026-08-06 09:40:00,546.0,547.0,543.0,543.0,525,549.01,2327
2026-08-06 09:45:00,544.0,548.0,543.0,547.0,561,548.94,2327
2026-08-06 09:50:00,548.0,549.0,545.0,546.0,506,548.9,2327
2026-08-06 09:55:00,546.0,546.0,542.0,545.0,568,548.77,2327
2026-08-06 10:00:00,545.0,552.0,544.0,549.0,1349,548.75,2327
2026-08-06 10:05:00,549.0,552.0,548.0,551.0,709,548.78,2327
2026-08-06 10:10:00,551.0,554.0,550.0,551.0,842,548.88,2327
2026-08-06 10:15:00,552.0,558.0,552.0,552.0,1535,549.2,2327
2026-08-06 10:20:00,552.0,564.0,552.0,561.0,2152,549.98,2327
2026-08-06 10:25:00,561.0,564.0,558.0,561.0,1119,550.35,2327
2026-08-06 10:30:00,561.0,570.0,559.0,567.0,1629,551.1,2327
2026-08-06 10:35:00,568.0,571.0,566.0,570.0,977,551.6,2327
2026-08-06 10:40:00,570.0,573.0,567.0,573.0,930,552.11,2327
2026-08-06 10:45:00,572.0,575.0,568.0,570.0,1023,552.65,2327
2026-08-06 10:50:00,570.0,575.0,569.0,575.0,710,553.02,2327
2026-08-06 10:55:00,575.0,575.0,569.0,570.0,509,553.27,2327
2026-08-06 11:00:00,569.0,571.0,569.0,570.0,346,553.42,2327
2026-08-06 11:05:00,570.0,570.0,563.0,565.0,1193,553.79,2327
2026-08-06 11:10:00,565.0,568.0,564.0,566.0,373,553.91,2327
2026-08-06 11:15:00,567.0,567.0,562.0,562.0,412,554.02,2327
2026-08-06 11:20:00,563.0,566.0,562.0,566.0,348,554.1,2327
2026-08-06 11:25:00,566.0,566.0,562.0,563.0,253,554.17,2327
2026-08-06 11:30:00,564.0,566.0,563.0,565.0,324,554.25,2327
2026-08-06 11:35:00,565.0,569.0,564.0,569.0,479,554.4,2327
2026-08-06 11:40:00,568.0,569.0,566.0,567.0,211,554.46,2327
2026-08-06 11:45:00,567.0,570.0,566.0,569.0,346,554.58,2327
2026-08-06 11:50:00,569.0,570.0,566.0,567.0,236,554.65,2327
2026-08-06 11:55:00,567.0,570.0,566.0,569.0,325,554.75,2327
2026-08-06 12:00:00,570.0,570.0,567.0,569.0,196,554.81,2327
2026-08-06 12:05:00,569.0,571.0,568.0,571.0,481,554.98,2327
2026-08-06 12:10:00,571.0,571.0,567.0,568.0,305,555.07,2327
2026-08-06 12:15:00,568.0,569.0,567.0,567.0,215,555.14,2327
2026-08-06 12:20:00,568.0,569.0,567.0,569.0,249,555.21,2327
2026-08-06 12:25:00,569.0,570.0,567.0,567.0,189,555.27,2327
2026-08-06 12:30:00,567.0,569.0,566.0,566.0,288,555.35,2327
2026-08-06 12:35:00,566.0,567.0,565.0,565.0,257,555.41,2327
2026-08-06 12:40:00,565.0,566.0,564.0,565.0,378,555.49,2327
2026-08-06 12:45:00,565.0,567.0,563.0,566.0,451,555.58,2327
2026-08-06 12:50:00,566.0,568.0,566.0,567.0,158,555.62,2327
2026-08-06 12:55:00,567.0,568.0,566.0,568.0,245,555.68,2327
2026-08-06 13:00:00,568.0,578.0,567.0,575.0,2105,556.43,2327
2026-08-06 13:05:00,575.0,575.0,572.0,574.0,637,556.65,2327
2026-08-06 13:10:00,575.0,576.0,572.0,574.0,635,556.88,2327
2026-08-06 13:15:00,573.0,575.0,573.0,573.0,407,557.02,2327
2026-08-06 13:20:00,573.0,574.0,572.0,573.0,732,557.25,2327
2026-08-06 13:30:00,570.0,570.0,570.0,570.0,1372,557.59,2327
2026-08-07 09:00:00,560.0,578.0,556.0,570.0,4366,567.78,2327
2026-08-07 09:05:00,569.0,572.0,564.0,564.0,1574,568.04,2327
2026-08-07 09:10:00,565.0,568.0,552.0,553.0,2807,565.02,2327
2026-08-07 09:15:00,553.0,560.0,550.0,555.0,2087,563.1,2327
2026-08-07 09:20:00,556.0,557.0,553.0,557.0,719,562.59,2327
2026-08-07 09:25:00,556.0,559.0,555.0,556.0,607,562.33,2327
2026-08-07 09:30:00,556.0,559.0,555.0,556.0,543,562.1,2327
2026-08-07 09:35:00,556.0,556.0,551.0,552.0,1099,561.42,2327
2026-08-07 09:40:00,551.0,554.0,548.0,552.0,1664,560.27,2327
2026-08-07 09:45:00,552.0,554.0,547.0,552.0,1369,559.41,2327
2026-08-07 09:50:00,551.0,552.0,548.0,549.0,607,559.08,2327
2026-08-07 09:55:00,550.0,551.0,548.0,549.0,524,558.8,2327
2026-08-07 10:00:00,549.0,552.0,549.0,551.0,378,558.62,2327
2026-08-07 10:05:00,551.0,551.0,548.0,549.0,644,558.33,2327
2026-08-07 10:10:00,548.0,554.0,547.0,553.0,848,557.97,2327
2026-08-07 10:15:00,553.0,554.0,552.0,552.0,400,557.88,2327
2026-08-07 10:20:00,553.0,554.0,552.0,552.0,209,557.83,2327
2026-08-07 10:25:00,553.0,553.0,549.0,550.0,397,557.69,2327
2026-08-07 10:30:00,550.0,551.0,549.0,550.0,193,557.62,2327
2026-08-07 10:35:00,550.0,551.0,548.0,549.0,400,557.47,2327
2026-08-07 10:40:00,548.0,550.0,547.0,549.0,482,557.27,2327
2026-08-07 10:45:00,549.0,552.0,547.0,551.0,396,557.12,2327
2026-08-07 10:50:00,550.0,551.0,548.0,548.0,156,557.07,2327
2026-08-07 10:55:00,549.0,550.0,548.0,549.0,251,556.98,2327
2026-08-07 11:00:00,548.0,550.0,548.0,549.0,295,556.87,2327
2026-08-07 11:05:00,549.0,550.0,546.0,548.0,800,556.56,2327
2026-08-07 11:10:00,547.0,549.0,547.0,547.0,227,556.48,2327
2026-08-07 11:15:00,548.0,548.0,543.0,544.0,1617,555.75,2327
2026-08-07 11:20:00,544.0,544.0,542.0,543.0,487,555.52,2327
2026-08-07 11:25:00,544.0,545.0,540.0,545.0,1004,555.02,2327
2026-08-07 11:30:00,544.0,549.0,544.0,546.0,447,554.89,2327
2026-08-07 11:35:00,547.0,548.0,546.0,546.0,340,554.79,2327
2026-08-07 11:40:00,546.0,547.0,544.0,545.0,223,554.71,2327
2026-08-07 11:45:00,546.0,547.0,544.0,545.0,171,554.66,2327
2026-08-07 11:50:00,546.0,546.0,543.0,543.0,132,554.61,2327
2026-08-07 11:55:00,544.0,544.0,542.0,542.0,219,554.52,2327
2026-08-07 12:00:00,542.0,544.0,540.0,540.0,323,554.38,2327
2026-08-07 12:05:00,541.0,543.0,540.0,543.0,689,554.07,2327
2026-08-07 12:10:00,542.0,544.0,541.0,542.0,240,553.97,2327
2026-08-07 12:15:00,542.0,542.0,538.0,538.0,855,553.57,2327
2026-08-07 12:20:00,539.0,541.0,538.0,540.0,650,553.27,2327
2026-08-07 12:25:00,540.0,541.0,539.0,539.0,213,553.18,2327
2026-08-07 12:30:00,540.0,541.0,539.0,540.0,321,553.05,2327
2026-08-07 12:35:00,541.0,541.0,537.0,537.0,426,552.87,2327
2026-08-07 12:40:00,538.0,538.0,536.0,536.0,547,552.6,2327
2026-08-07 12:45:00,537.0,537.0,533.0,535.0,1292,551.93,2327
2026-08-07 12:50:00,535.0,536.0,531.0,534.0,862,551.46,2327
2026-08-07 12:55:00,534.0,536.0,533.0,535.0,528,551.21,2327
2026-08-07 13:00:00,535.0,542.0,535.0,542.0,707,550.98,2327
2026-08-07 13:05:00,541.0,543.0,538.0,538.0,654,550.8,2327
2026-08-07 13:10:00,538.0,542.0,538.0,541.0,778,550.57,2327
2026-08-07 13:15:00,541.0,543.0,539.0,542.0,1092,550.3,2327
2026-08-07 13:20:00,542.0,547.0,541.0,543.0,1554,550.05,2327
2026-08-07 13:30:00,540.0,540.0,540.0,540.0,1509,549.69,2327
2026-08-10 09:00:00,558.0,575.0,557.0,568.0,6015,565.99,2327
2026-08-10 09:05:00,568.0,574.0,567.0,567.0,2180,567.07,2327
2026-08-10 09:10:00,567.0,568.0,561.0,565.0,1618,566.53,2327
2026-08-10 09:15:00,564.0,568.0,563.0,568.0,953,566.49,2327
2026-08-10 09:20:00,568.0,570.0,567.0,567.0,753,566.61,2327
2026-08-10 09:25:00,567.0,570.0,567.0,567.0,700,566.72,2327
2026-08-10 09:30:00,567.0,569.0,564.0,568.0,633,566.71,2327
2026-08-10 09:35:00,569.0,574.0,569.0,570.0,1969,567.3,2327
2026-08-10 09:40:00,571.0,571.0,567.0,569.0,492,567.34,2327
2026-08-10 09:45:00,569.0,573.0,569.0,570.0,693,567.49,2327
2026-08-10 09:50:00,570.0,572.0,570.0,570.0,339,567.56,2327
2026-08-10 09:55:00,570.0,571.0,567.0,568.0,512,567.59,2327
2026-08-10 10:00:00,568.0,575.0,567.0,574.0,1588,568.05,2327
2026-08-10 10:05:00,574.0,575.0,571.0,573.0,431,568.16,2327
2026-08-10 10:10:00,573.0,575.0,571.0,572.0,793,568.37,2327
2026-08-10 10:15:00,572.0,572.0,569.0,570.0,295,568.4,2327
2026-08-10 10:20:00,571.0,572.0,570.0,570.0,169,568.42,2327
2026-08-10 10:25:00,571.0,571.0,568.0,568.0,233,568.44,2327
2026-08-10 10:30:00,568.0,570.0,568.0,569.0,199,568.44,2327
2026-08-10 10:35:00,569.0,570.0,568.0,569.0,130,568.44,2327
2026-08-10 10:40:00,569.0,569.0,566.0,566.0,538,568.41,2327
2026-08-10 10:45:00,566.0,569.0,566.0,569.0,249,568.39,2327
2026-08-10 10:50:00,569.0,575.0,569.0,574.0,1239,568.6,2327
2026-08-10 10:55:00,574.0,578.0,573.0,573.0,1849,569.11,2327
2026-08-10 11:00:00,574.0,574.0,569.0,569.0,368,569.15,2327
2026-08-10 11:05:00,569.0,572.0,569.0,571.0,190,569.16,2327
2026-08-10 11:10:00,571.0,571.0,567.0,567.0,584,569.14,2327
2026-08-10 11:15:00,568.0,570.0,567.0,570.0,119,569.14,2327
2026-08-10 11:20:00,570.0,571.0,569.0,571.0,106,569.14,2327
2026-08-10 11:25:00,571.0,572.0,568.0,569.0,157,569.15,2327
2026-08-10 11:30:00,569.0,570.0,567.0,568.0,227,569.14,2327
2026-08-10 11:35:00,567.0,568.0,566.0,567.0,280,569.12,2327
2026-08-10 11:40:00,568.0,569.0,567.0,568.0,129,569.11,2327
2026-08-10 11:45:00,568.0,570.0,567.0,568.0,158,569.11,2327
2026-08-10 11:50:00,568.0,568.0,566.0,567.0,267,569.09,2327
2026-08-10 11:55:00,567.0,567.0,564.0,567.0,654,569.0,2327
2026-08-10 12:00:00,567.0,568.0,565.0,565.0,201,568.98,2327
2026-08-10 12:05:00,565.0,567.0,565.0,567.0,164,568.96,2327
2026-08-10 12:10:00,567.0,567.0,565.0,565.0,210,568.94,2327
2026-08-10 12:15:00,566.0,567.0,565.0,566.0,108,568.93,2327
2026-08-10 12:20:00,565.0,567.0,565.0,567.0,143,568.91,2327
2026-08-10 12:25:00,567.0,568.0,566.0,567.0,290,568.89,2327
2026-08-10 12:30:00,567.0,568.0,566.0,567.0,184,568.88,2327
2026-08-10 12:35:00,567.0,568.0,565.0,567.0,302,568.86,2327
2026-08-10 12:40:00,567.0,569.0,567.0,568.0,229,568.85,2327
2026-08-10 12:45:00,568.0,568.0,566.0,568.0,236,568.84,2327
2026-08-10 12:50:00,568.0,569.0,567.0,569.0,216,568.83,2327
2026-08-10 12:55:00,569.0,569.0,568.0,569.0,212,568.83,2327
2026-08-10 13:00:00,569.0,570.0,568.0,569.0,329,568.83,2327
2026-08-10 13:05:00,570.0,571.0,569.0,570.0,859,568.86,2327
2026-08-10 13:10:00,570.0,571.0,569.0,570.0,627,568.88,2327
2026-08-10 13:15:00,570.0,571.0,569.0,570.0,531,568.9,2327
2026-08-10 13:20:00,569.0,572.0,569.0,572.0,1073,568.95,2327
2026-08-10 13:30:00,573.0,573.0,573.0,573.0,1272,569.1,2327
2026-08-11 09:00:00,568.0,578.0,567.0,578.0,4207,572.11,2327
2026-08-11 09:05:00,578.0,599.0,577.0,598.0,6433,581.9,2327
2026-08-11 09:10:00,598.0,615.0,597.0,608.0,8595,592.97,2327
2026-08-11 09:15:00,609.0,612.0,594.0,595.0,3576,594.71,2327
2026-08-11 09:20:00,595.0,603.0,594.0,602.0,2872,595.08,2327
2026-08-11 09:25:00,602.0,604.0,597.0,603.0,1603,595.41,2327
2026-08-11 09:30:00,604.0,606.0,600.0,602.0,1482,595.84,2327
2026-08-11 09:35:00,602.0,604.0,592.0,592.0,1681,595.9,2327
2026-08-11 09:40:00,593.0,598.0,592.0,595.0,1175,595.86,2327
2026-08-11 09:45:00,595.0,597.0,590.0,596.0,1467,595.72,2327
2026-08-11 09:50:00,596.0,597.0,592.0,596.0,530,595.71,2327
2026-08-11 09:55:00,596.0,598.0,592.0,593.0,633,595.71,2327
2026-08-11 10:00:00,592.0,594.0,587.0,591.0,1258,595.51,2327
2026-08-11 10:05:00,591.0,593.0,586.0,587.0,801,595.35,2327
2026-08-11 10:10:00,586.0,590.0,585.0,588.0,730,595.19,2327
2026-08-11 10:15:00,588.0,591.0,587.0,590.0,621,595.09,2327
2026-08-11 10:20:00,591.0,594.0,590.0,594.0,539,595.06,2327
2026-08-11 10:25:00,594.0,596.0,590.0,594.0,599,595.04,2327
2026-08-11 10:30:00,594.0,600.0,592.0,599.0,946,595.09,2327
2026-08-11 10:35:00,599.0,605.0,597.0,604.0,1970,595.4,2327
2026-08-11 10:40:00,604.0,614.0,604.0,609.0,4914,596.88,2327
2026-08-11 10:45:00,609.0,615.0,608.0,613.0,2509,597.66,2327
2026-08-11 10:50:00,614.0,621.0,612.0,614.0,4115,599.13,2327
2026-08-11 10:55:00,615.0,616.0,607.0,610.0,2016,599.57,2327
2026-08-11 11:00:00,610.0,614.0,606.0,614.0,1200,599.77,2327
2026-08-11 11:05:00,614.0,614.0,608.0,613.0,726,599.92,2327
2026-08-11 11:10:00,613.0,614.0,610.0,613.0,495,600.02,2327
2026-08-11 11:15:00,613.0,623.0,613.0,620.0,3086,600.99,2327
2026-08-11 11:20:00,620.0,620.0,614.0,618.0,916,601.23,2327
2026-08-11 11:25:00,618.0,621.0,618.0,619.0,787,601.46,2327
2026-08-11 11:30:00,620.0,620.0,617.0,618.0,582,601.62,2327
2026-08-11 11:35:00,618.0,619.0,617.0,619.0,540,601.76,2327
2026-08-11 11:40:00,618.0,620.0,616.0,618.0,639,601.91,2327
2026-08-11 11:45:00,618.0,618.0,617.0,617.0,168,601.96,2327
2026-08-11 11:50:00,617.0,617.0,612.0,613.0,850,602.12,2327
2026-08-11 11:55:00,614.0,614.0,610.0,613.0,641,602.21,2327
2026-08-11 12:00:00,613.0,613.0,610.0,613.0,335,602.26,2327
2026-08-11 12:05:00,612.0,612.0,611.0,612.0,277,602.3,2327
2026-08-11 12:10:00,611.0,614.0,611.0,612.0,405,602.36,2327
2026-08-11 12:15:00,612.0,613.0,610.0,612.0,167,602.38,2327
2026-08-11 12:20:00,612.0,612.0,608.0,611.0,621,602.45,2327
2026-08-11 12:25:00,611.0,611.0,609.0,610.0,232,602.48,2327
2026-08-11 12:30:00,610.0,610.0,608.0,609.0,335,602.51,2327
2026-08-11 12:35:00,610.0,610.0,606.0,607.0,610,602.55,2327
2026-08-11 12:40:00,607.0,608.0,606.0,607.0,339,602.57,2327
2026-08-11 12:45:00,607.0,608.0,606.0,608.0,352,602.59,2327
2026-08-11 12:50:00,608.0,609.0,606.0,608.0,540,602.63,2327
2026-08-11 12:55:00,609.0,618.0,608.0,618.0,1886,602.95,2327
2026-08-11 13:00:00,619.0,622.0,615.0,615.0,2124,603.42,2327
2026-08-11 13:05:00,614.0,618.0,613.0,616.0,792,603.55,2327
2026-08-11 13:10:00,616.0,618.0,614.0,615.0,643,603.65,2327
2026-08-11 13:15:00,615.0,615.0,612.0,613.0,705,603.74,2327
2026-08-11 13:20:00,612.0,614.0,611.0,611.0,989,603.85,2327
2026-08-11 13:30:00,617.0,617.0,617.0,617.0,2154,604.21,2327
2026-08-12 09:00:00,607.0,620.0,602.0,618.0,7273,609.65,2327
2026-08-12 09:05:00,619.0,624.0,617.0,619.0,3632,613.15,2327
2026-08-12 09:10:00,619.0,621.0,610.0,612.0,2537,613.66,2327
2026-08-12 09:15:00,612.0,614.0,610.0,612.0,1140,613.54,2327
2026-08-12 09:20:00,612.0,614.0,605.0,612.0,2117,613.0,2327
2026-08-12 09:25:00,612.0,616.0,612.0,614.0,1048,613.08,2327
2026-08-12 09:30:00,615.0,617.0,613.0,617.0,647,613.16,2327
2026-08-12 09:35:00,616.0,617.0,614.0,614.0,571,613.23,2327
2026-08-12 09:40:00,614.0,619.0,613.0,619.0,836,613.39,2327
2026-08-12 09:45:00,619.0,620.0,615.0,620.0,1088,613.62,2327
2026-08-12 09:50:00,620.0,625.0,618.0,618.0,2425,614.47,2327
2026-08-12 09:55:00,619.0,619.0,615.0,618.0,682,614.55,2327
2026-08-12 10:00:00,618.0,618.0,612.0,615.0,1123,614.56,2327
2026-08-12 10:05:00,615.0,615.0,612.0,613.0,701,614.52,2327
2026-08-12 10:10:00,613.0,613.0,608.0,611.0,1475,614.31,2327
2026-08-12 10:15:00,611.0,613.0,608.0,613.0,537,614.24,2327
2026-08-12 10:20:00,613.0,613.0,610.0,612.0,371,614.2,2327
2026-08-12 10:25:00,612.0,616.0,611.0,615.0,416,614.2,2327
2026-08-12 10:30:00,615.0,624.0,615.0,623.0,2369,614.67,2327
2026-08-12 10:35:00,623.0,624.0,619.0,620.0,1491,614.98,2327
2026-08-12 10:40:00,620.0,625.0,619.0,623.0,1480,615.32,2327
2026-08-12 10:45:00,623.0,623.0,620.0,622.0,555,615.42,2327
2026-08-12 10:50:00,622.0,622.0,618.0,618.0,711,615.51,2327
2026-08-12 10:55:00,618.0,619.0,615.0,619.0,500,615.53,2327
2026-08-12 11:00:00,618.0,621.0,617.0,619.0,554,615.58,2327
2026-08-12 11:05:00,620.0,621.0,617.0,618.0,420,615.62,2327
2026-08-12 11:10:00,619.0,619.0,617.0,617.0,171,615.63,2327
2026-08-12 11:15:00,618.0,618.0,615.0,615.0,537,615.64,2327
2026-08-12 11:20:00,617.0,617.0,614.0,616.0,457,615.64,2327
2026-08-12 11:25:00,616.0,616.0,614.0,615.0,198,615.63,2327
2026-08-12 11:30:00,616.0,616.0,612.0,614.0,768,615.59,2327
2026-08-12 11:35:00,614.0,614.0,610.0,610.0,683,615.52,2327
2026-08-12 11:40:00,611.0,612.0,605.0,607.0,2324,615.09,2327
2026-08-12 11:45:00,608.0,610.0,607.0,610.0,393,615.03,2327
2026-08-12 11:50:00,610.0,610.0,607.0,608.0,417,614.96,2327
2026-08-12 11:55:00,609.0,609.0,608.0,609.0,139,614.94,2327
2026-08-12 12:00:00,609.0,609.0,605.0,607.0,800,614.8,2327
2026-08-12 12:05:00,607.0,608.0,605.0,607.0,586,614.68,2327
2026-08-12 12:10:00,607.0,607.0,605.0,606.0,233,614.63,2327
2026-08-12 12:15:00,606.0,606.0,603.0,605.0,702,614.47,2327
2026-08-12 12:20:00,606.0,606.0,605.0,606.0,212,614.43,2327
2026-08-12 12:25:00,605.0,608.0,605.0,607.0,304,614.38,2327
2026-08-12 12:30:00,607.0,609.0,606.0,607.0,257,614.34,2327
2026-08-12 12:35:00,607.0,608.0,606.0,608.0,124,614.32,2327
2026-08-12 12:40:00,608.0,608.0,606.0,607.0,276,614.28,2327
2026-08-12 12:45:00,608.0,608.0,606.0,606.0,213,614.24,2327
2026-08-12 12:50:00,606.0,607.0,604.0,605.0,805,614.08,2327
2026-08-12 12:55:00,604.0,605.0,603.0,603.0,420,613.99,2327
2026-08-12 13:00:00,604.0,604.0,603.0,603.0,454,613.89,2327
2026-08-12 13:05:00,604.0,604.0,602.0,604.0,1023,613.66,2327
2026-08-12 13:10:00,604.0,605.0,603.0,603.0,426,613.58,2327
2026-08-12 13:15:00,603.0,604.0,601.0,603.0,1382,613.27,2327
2026-08-12 13:20:00,603.0,603.0,600.0,602.0,1379,612.97,2327
2026-08-12 13:30:00,602.0,602.0,602.0,602.0,1643,612.63,2327
2026-08-13 09:00:00,631.0,640.0,626.0,633.0,7464,632.45,2327
2026-08-13 09:05:00,634.0,650.0,630.0,641.0,6091,636.68,2327
2026-08-13 09:10:00,641.0,646.0,636.0,645.0,3173,637.62,2327
2026-08-13 09:15:00,645.0,662.0,643.0,662.0,11891,645.17,2327
2026-08-13 09:20:00,662.0,662.0,662.0,662.0,2315,646.43,2327
2026-08-13 09:25:00,662.0,662.0,662.0,662.0,455,646.66,2327
2026-08-13 09:30:00,662.0,662.0,662.0,662.0,366,646.84,2327
2026-08-13 09:35:00,662.0,662.0,662.0,662.0,297,646.98,2327
2026-08-13 09:40:00,662.0,662.0,662.0,662.0,498,647.21,2327
2026-08-13 09:45:00,662.0,662.0,662.0,662.0,166,647.28,2327
2026-08-13 09:50:00,662.0,662.0,662.0,662.0,121,647.34,2327
2026-08-13 09:55:00,662.0,662.0,662.0,662.0,120,647.39,2327
2026-08-13 10:00:00,662.0,662.0,662.0,662.0,216,647.48,2327
2026-08-13 10:05:00,662.0,662.0,662.0,662.0,43,647.5,2327
2026-08-13 10:10:00,662.0,662.0,662.0,662.0,105,647.55,2327
2026-08-13 10:15:00,662.0,662.0,662.0,662.0,112,647.6,2327
2026-08-13 10:20:00,662.0,662.0,662.0,662.0,90,647.64,2327
2026-08-13 10:25:00,662.0,662.0,662.0,662.0,5831,649.76,2327
2026-08-13 10:30:00,662.0,662.0,662.0,662.0,957,650.05,2327
2026-08-13 10:35:00,662.0,662.0,662.0,662.0,253,650.13,2327
2026-08-13 10:40:00,662.0,662.0,662.0,662.0,81,650.15,2327
2026-08-13 10:45:00,662.0,662.0,662.0,662.0,69,650.17,2327
2026-08-13 10:50:00,662.0,662.0,662.0,662.0,44,650.19,2327
2026-08-13 10:55:00,662.0,662.0,662.0,662.0,52,650.2,2327
2026-08-13 11:00:00,662.0,662.0,662.0,662.0,37,650.21,2327
2026-08-13 11:05:00,662.0,662.0,662.0,662.0,49,650.23,2327
2026-08-13 11:10:00,662.0,662.0,662.0,662.0,66,650.24,2327
2026-08-13 11:15:00,662.0,662.0,662.0,662.0,13,650.25,2327
2026-08-13 11:20:00,662.0,662.0,662.0,662.0,49,650.26,2327
2026-08-13 11:25:00,662.0,662.0,662.0,662.0,19,650.27,2327
2026-08-13 11:30:00,662.0,662.0,662.0,662.0,22,650.27,2327
2026-08-13 11:35:00,662.0,662.0,662.0,662.0,40,650.29,2327
2026-08-13 11:40:00,662.0,662.0,662.0,662.0,33,650.3,2327
2026-08-13 11:45:00,662.0,662.0,662.0,662.0,26,650.3,2327
2026-08-13 11:50:00,662.0,662.0,662.0,662.0,33,650.31,2327
2026-08-13 11:55:00,662.0,662.0,662.0,662.0,32,650.32,2327
2026-08-13 12:00:00,662.0,662.0,662.0,662.0,20,650.33,2327
2026-08-13 12:05:00,662.0,662.0,662.0,662.0,33,650.34,2327
2026-08-13 12:10:00,662.0,662.0,662.0,662.0,27,650.34,2327
2026-08-13 12:15:00,662.0,662.0,662.0,662.0,33,650.35,2327
2026-08-13 12:20:00,662.0,662.0,662.0,662.0,30,650.36,2327
2026-08-13 12:25:00,662.0,662.0,662.0,662.0,12,650.36,2327
2026-08-13 12:30:00,662.0,662.0,662.0,662.0,25,650.37,2327
2026-08-13 12:35:00,662.0,662.0,662.0,662.0,22,650.38,2327
2026-08-13 12:40:00,662.0,662.0,662.0,662.0,25,650.38,2327
2026-08-13 12:45:00,662.0,662.0,662.0,662.0,65,650.4,2327
2026-08-13 12:50:00,662.0,662.0,662.0,662.0,145,650.44,2327
2026-08-13 12:55:00,662.0,662.0,662.0,662.0,26,650.45,2327
2026-08-13 13:00:00,662.0,662.0,662.0,662.0,2321,651.06,2327
2026-08-13 13:05:00,662.0,662.0,662.0,662.0,103,651.09,2327
2026-08-13 13:10:00,662.0,662.0,662.0,662.0,65,651.1,2327
2026-08-13 13:15:00,662.0,662.0,662.0,662.0,99,651.13,2327
2026-08-13 13:20:00,662.0,662.0,662.0,662.0,161,651.16,2327
2026-08-13 13:30:00,662.0,662.0,662.0,662.0,254,651.23,2327
2026-08-14 09:00:00,668.0,668.0,640.0,643.0,10796,656.58,2327
2026-08-14 09:05:00,643.0,652.0,639.0,648.0,6199,652.77,2327
2026-08-14 09:10:00,648.0,652.0,646.0,649.0,2728,652.28,2327
2026-08-14 09:15:00,648.0,649.0,643.0,646.0,2235,651.55,2327
2026-08-14 09:20:00,645.0,650.0,639.0,640.0,3193,650.38,2327
2026-08-14 09:25:00,641.0,645.0,639.0,644.0,1331,649.94,2327
2026-08-14 09:30:00,644.0,644.0,635.0,637.0,2792,648.87,2327
2026-08-14 09:35:00,637.0,644.0,637.0,643.0,826,648.66,2327
2026-08-14 09:40:00,644.0,649.0,643.0,646.0,1662,648.55,2327
2026-08-14 09:45:00,646.0,646.0,641.0,641.0,955,648.41,2327
2026-08-14 09:50:00,642.0,644.0,640.0,641.0,1038,648.21,2327
2026-08-14 09:55:00,640.0,641.0,637.0,639.0,1635,647.77,2327
2026-08-14 10:00:00,639.0,643.0,638.0,643.0,673,647.62,2327
2026-08-14 10:05:00,643.0,643.0,641.0,642.0,387,647.57,2327
2026-08-14 10:10:00,642.0,642.0,639.0,641.0,783,647.42,2327
2026-08-14 10:15:00,641.0,641.0,633.0,634.0,2490,646.7,2327
2026-08-14 10:20:00,634.0,637.0,633.0,637.0,684,646.5,2327
2026-08-14 10:25:00,636.0,637.0,634.0,635.0,615,646.35,2327
2026-08-14 10:30:00,634.0,636.0,634.0,635.0,450,646.22,2327
2026-08-14 10:35:00,634.0,634.0,632.0,632.0,1281,645.82,2327
2026-08-14 10:40:00,632.0,632.0,630.0,632.0,976,645.49,2327
2026-08-14 10:45:00,632.0,634.0,631.0,632.0,573,645.33,2327
2026-08-14 10:50:00,632.0,633.0,626.0,626.0,2432,644.51,2327
2026-08-14 10:55:00,626.0,627.0,624.0,626.0,1549,643.89,2327
2026-08-14 11:00:00,626.0,627.0,624.0,625.0,838,643.58,2327
2026-08-14 11:05:00,624.0,625.0,617.0,621.0,2334,642.53,2327
2026-08-14 11:10:00,621.0,624.0,619.0,624.0,928,642.13,2327
2026-08-14 11:15:00,624.0,631.0,623.0,630.0,1195,641.8,2327
2026-08-14 11:20:00,631.0,631.0,627.0,631.0,652,641.66,2327
2026-08-14 11:25:00,631.0,635.0,630.0,633.0,991,641.5,2327
2026-08-14 11:30:00,634.0,634.0,630.0,631.0,364,641.44,2327
2026-08-14 11:35:00,631.0,631.0,628.0,631.0,373,641.36,2327
2026-08-14 11:40:00,631.0,631.0,627.0,627.0,320,641.29,2327
2026-08-14 11:45:00,628.0,628.0,625.0,626.0,402,641.18,2327
2026-08-14 11:50:00,627.0,629.0,626.0,628.0,190,641.14,2327
2026-08-14 11:55:00,628.0,628.0,625.0,626.0,335,641.05,2327
2026-08-14 12:00:00,626.0,626.0,622.0,625.0,625,640.87,2327
2026-08-14 12:05:00,625.0,625.0,623.0,624.0,258,640.8,2327
2026-08-14 12:10:00,624.0,624.0,623.0,624.0,177,640.74,2327
2026-08-14 12:15:00,624.0,624.0,622.0,622.0,409,640.62,2327
2026-08-14 12:20:00,622.0,623.0,621.0,622.0,485,640.46,2327
2026-08-14 12:25:00,622.0,622.0,621.0,622.0,373,640.34,2327
2026-08-14 12:30:00,622.0,622.0,620.0,621.0,443,640.2,2327
2026-08-14 12:35:00,620.0,624.0,619.0,624.0,1062,639.86,2327
2026-08-14 12:40:00,624.0,626.0,622.0,623.0,601,639.71,2327
2026-08-14 12:45:00,623.0,624.0,622.0,623.0,309,639.62,2327
2026-08-14 12:50:00,623.0,624.0,622.0,623.0,450,639.5,2327
2026-08-14 12:55:00,624.0,625.0,622.0,625.0,411,639.4,2327
2026-08-14 13:00:00,625.0,625.0,621.0,621.0,737,639.21,2327
2026-08-14 13:05:00,622.0,622.0,620.0,620.0,837,638.97,2327
2026-08-14 13:10:00,621.0,625.0,621.0,625.0,1338,638.63,2327
2026-08-14 13:15:00,625.0,627.0,624.0,627.0,982,638.44,2327
2026-08-14 13:20:00,627.0,628.0,622.0,622.0,1718,638.08,2327
2026-08-14 13:30:00,622.0,622.0,622.0,622.0,2056,637.61,2327
2026-08-17 09:00:00,620.0,620.0,607.0,608.0,4043,613.31,2327
2026-08-17 09:05:00,608.0,613.0,606.0,607.0,2297,611.45,2327
2026-08-17 09:10:00,607.0,609.0,604.0,604.0,1968,610.2,2327
2026-08-17 09:15:00,605.0,605.0,596.0,603.0,3278,607.56,2327
2026-08-17 09:20:00,604.0,606.0,600.0,602.0,1083,607.15,2327
2026-08-17 09:25:00,602.0,607.0,601.0,606.0,1025,606.89,2327
2026-08-17 09:30:00,605.0,606.0,599.0,599.0,1122,606.49,2327
2026-08-17 09:35:00,600.0,606.0,599.0,606.0,996,606.2,2327
2026-08-17 09:40:00,606.0,606.0,602.0,603.0,379,606.13,2327
2026-08-17 09:45:00,603.0,605.0,603.0,603.0,306,606.08,2327
2026-08-17 09:50:00,603.0,603.0,600.0,601.0,529,605.92,2327
2026-08-17 09:55:00,600.0,609.0,600.0,609.0,1234,605.93,2327
2026-08-17 10:00:00,609.0,609.0,606.0,608.0,641,605.99,2327
2026-08-17 10:05:00,608.0,614.0,607.0,613.0,1495,606.34,2327
2026-08-17 10:10:00,613.0,614.0,611.0,613.0,677,606.54,2327
2026-08-17 10:15:00,613.0,613.0,610.0,611.0,331,606.62,2327
2026-08-17 10:20:00,610.0,615.0,610.0,615.0,498,606.76,2327
2026-08-17 10:25:00,615.0,622.0,614.0,617.0,1919,607.7,2327
2026-08-17 10:30:00,616.0,618.0,614.0,614.0,653,607.93,2327
2026-08-17 10:35:00,614.0,617.0,614.0,615.0,268,608.01,2327
2026-08-17 10:40:00,615.0,615.0,612.0,612.0,286,608.07,2327
2026-08-17 10:45:00,612.0,617.0,612.0,613.0,410,608.17,2327
2026-08-17 10:50:00,613.0,614.0,612.0,613.0,153,608.2,2327
2026-08-17 10:55:00,613.0,613.0,610.0,612.0,377,608.25,2327
2026-08-17 11:00:00,611.0,613.0,611.0,612.0,142,608.27,2327
2026-08-17 11:05:00,612.0,614.0,611.0,613.0,307,608.31,2327
2026-08-17 11:10:00,614.0,614.0,611.0,611.0,152,608.33,2327
2026-08-17 11:15:00,612.0,614.0,612.0,612.0,165,608.36,2327
2026-08-17 11:20:00,612.0,614.0,612.0,612.0,106,608.38,2327
2026-08-17 11:25:00,612.0,613.0,611.0,612.0,219,608.4,2327
2026-08-17 11:30:00,612.0,614.0,611.0,614.0,229,608.44,2327
2026-08-17 11:35:00,614.0,614.0,612.0,614.0,80,608.46,2327
2026-08-17 11:40:00,614.0,615.0,613.0,614.0,214,608.5,2327
2026-08-17 11:45:00,613.0,613.0,612.0,613.0,80,608.51,2327
2026-08-17 11:50:00,613.0,613.0,611.0,612.0,129,608.53,2327
2026-08-17 11:55:00,612.0,614.0,611.0,613.0,136,608.55,2327
2026-08-17 12:00:00,614.0,614.0,612.0,613.0,147,608.57,2327
2026-08-17 12:05:00,614.0,614.0,613.0,613.0,117,608.59,2327
2026-08-17 12:10:00,613.0,614.0,612.0,613.0,146,608.61,2327
2026-08-17 12:15:00,613.0,613.0,612.0,613.0,76,608.62,2327
2026-08-17 12:20:00,613.0,613.0,611.0,612.0,127,608.64,2327
2026-08-17 12:25:00,612.0,613.0,611.0,613.0,184,608.66,2327
2026-08-17 12:30:00,613.0,613.0,612.0,613.0,98,608.67,2327
2026-08-17 12:35:00,612.0,613.0,611.0,611.0,190,608.7,2327
2026-08-17 12:40:00,611.0,612.0,611.0,612.0,162,608.71,2327
2026-08-17 12:45:00,612.0,612.0,610.0,611.0,291,608.74,2327
2026-08-17 12:50:00,610.0,611.0,609.0,611.0,870,608.77,2327
2026-08-17 12:55:00,611.0,611.0,609.0,610.0,162,608.78,2327
2026-08-17 13:00:00,610.0,612.0,609.0,611.0,225,608.79,2327
2026-08-17 13:05:00,611.0,617.0,611.0,615.0,1163,608.98,2327
2026-08-17 13:10:00,614.0,615.0,613.0,613.0,362,609.03,2327
2026-08-17 13:15:00,613.0,613.0,610.0,610.0,535,609.07,2327
2026-08-17 13:20:00,610.0,612.0,609.0,610.0,880,609.1,2327
2026-08-17 13:30:00,608.0,608.0,608.0,608.0,1390,609.05,2327
2026-08-18 09:00:00,614.0,615.0,602.0,606.0,2678,609.73,2327
2026-08-18 09:05:00,606.0,610.0,602.0,602.0,1685,608.02,2327
2026-08-18 09:10:00,602.0,610.0,600.0,610.0,1176,607.13,2327
2026-08-18 09:15:00,610.0,610.0,601.0,603.0,998,606.82,2327
2026-08-18 09:20:00,603.0,607.0,599.0,605.0,1572,605.91,2327
2026-08-18 09:25:00,605.0,606.0,602.0,604.0,230,605.85,2327
2026-08-18 09:30:00,604.0,606.0,602.0,602.0,462,605.75,2327
2026-08-18 09:35:00,602.0,607.0,601.0,606.0,651,605.59,2327
2026-08-18 09:40:00,606.0,607.0,596.0,598.0,1858,604.71,2327
2026-08-18 09:45:00,597.0,600.0,597.0,599.0,779,604.31,2327
2026-08-18 09:50:00,599.0,599.0,594.0,594.0,1389,603.46,2327
2026-08-18 09:55:00,595.0,597.0,594.0,596.0,728,603.04,2327
2026-08-18 10:00:00,597.0,600.0,596.0,598.0,468,602.88,2327
2026-08-18 10:05:00,599.0,599.0,597.0,597.0,233,602.81,2327
2026-08-18 10:10:00,597.0,598.0,593.0,593.0,661,602.47,2327
2026-08-18 10:15:00,593.0,594.0,590.0,592.0,879,601.9,2327
2026-08-18 10:20:00,592.0,592.0,587.0,588.0,1231,601.04,2327
2026-08-18 10:25:00,588.0,591.0,587.0,589.0,955,600.4,2327
2026-08-18 10:30:00,589.0,591.0,588.0,589.0,332,600.21,2327
2026-08-18 10:35:00,589.0,592.0,588.0,592.0,422,599.99,2327
2026-08-18 10:40:00,592.0,592.0,590.0,590.0,233,599.89,2327
2026-08-18 10:45:00,591.0,591.0,588.0,588.0,377,599.68,2327
2026-08-18 10:50:00,588.0,589.0,587.0,587.0,427,599.44,2327
2026-08-18 10:55:00,587.0,588.0,585.0,587.0,586,599.07,2327
2026-08-18 11:00:00,587.0,588.0,586.0,587.0,189,598.96,2327
2026-08-18 11:05:00,586.0,587.0,586.0,587.0,176,598.86,2327
2026-08-18 11:10:00,587.0,587.0,586.0,586.0,164,598.76,2327
2026-08-18 11:15:00,586.0,588.0,586.0,588.0,191,598.66,2327
2026-08-18 11:20:00,588.0,589.0,587.0,587.0,250,598.53,2327
2026-08-18 11:25:00,588.0,589.0,587.0,588.0,149,598.46,2327
2026-08-18 11:30:00,588.0,589.0,585.0,586.0,521,598.18,2327
2026-08-18 11:35:00,586.0,588.0,585.0,586.0,173,598.09,2327
2026-08-18 11:40:00,587.0,589.0,586.0,588.0,197,598.0,2327
2026-08-18 11:45:00,588.0,588.0,586.0,587.0,134,597.94,2327
2026-08-18 11:50:00,586.0,587.0,583.0,583.0,652,597.58,2327
2026-08-18 11:55:00,584.0,586.0,583.0,583.0,307,597.41,2327
2026-08-18 12:00:00,583.0,585.0,582.0,582.0,330,597.22,2327
2026-08-18 12:05:00,583.0,584.0,581.0,582.0,508,596.91,2327
2026-08-18 12:10:00,582.0,582.0,580.0,580.0,432,596.64,2327
2026-08-18 12:15:00,580.0,582.0,580.0,582.0,363,596.42,2327
2026-08-18 12:20:00,582.0,582.0,579.0,579.0,676,596.01,2327
2026-08-18 12:25:00,579.0,586.0,578.0,586.0,878,595.52,2327
2026-08-18 12:30:00,586.0,586.0,582.0,584.0,240,595.42,2327
2026-08-18 12:35:00,584.0,588.0,583.0,586.0,290,595.33,2327
2026-08-18 12:40:00,586.0,587.0,584.0,584.0,178,595.26,2327
2026-08-18 12:45:00,584.0,585.0,582.0,582.0,173,595.19,2327
2026-08-18 12:50:00,582.0,583.0,582.0,583.0,171,595.11,2327
2026-08-18 12:55:00,583.0,583.0,581.0,582.0,211,595.01,2327
2026-08-18 13:00:00,583.0,583.0,578.0,579.0,630,594.69,2327
2026-08-18 13:05:00,579.0,580.0,577.0,578.0,976,594.17,2327
2026-08-18 13:10:00,579.0,579.0,577.0,577.0,540,593.89,2327
2026-08-18 13:15:00,578.0,578.0,576.0,577.0,865,593.43,2327
2026-08-18 13:20:00,577.0,578.0,574.0,575.0,1258,592.75,2327
2026-08-18 13:30:00,576.0,576.0,576.0,576.0,2084,591.75,2327
2026-08-19 09:00:00,547.0,571.0,547.0,569.0,4873,557.8,2327
2026-08-19 09:05:00,570.0,585.0,567.0,578.0,5089,567.56,2327
2026-08-19 09:10:00,577.0,589.0,577.0,586.0,4321,572.49,2327
2026-08-19 09:15:00,586.0,587.0,580.0,587.0,2002,573.9,2327
2026-08-19 09:20:00,586.0,590.0,583.0,584.0,2471,575.64,2327
2026-08-19 09:25:00,583.0,585.0,579.0,579.0,1717,576.15,2327
2026-08-19 09:30:00,579.0,582.0,573.0,574.0,1706,576.3,2327
2026-08-19 09:35:00,574.0,582.0,573.0,581.0,1334,576.38,2327
2026-08-19 09:40:00,581.0,584.0,579.0,583.0,735,576.53,2327
2026-08-19 09:45:00,583.0,584.0,580.0,582.0,552,576.66,2327
2026-08-19 09:50:00,582.0,584.0,579.0,580.0,476,576.76,2327
2026-08-19 09:55:00,580.0,584.0,579.0,583.0,745,576.91,2327
2026-08-19 10:00:00,583.0,585.0,577.0,580.0,1248,577.11,2327
2026-08-19 10:05:00,580.0,581.0,568.0,569.0,2712,576.68,2327
2026-08-19 10:10:00,569.0,573.0,567.0,568.0,1665,576.33,2327
2026-08-19 10:15:00,568.0,571.0,567.0,570.0,696,576.18,2327
2026-08-19 10:20:00,569.0,572.0,568.0,570.0,699,576.05,2327
2026-08-19 10:25:00,571.0,572.0,570.0,572.0,266,576.01,2327
2026-08-19 10:30:00,571.0,573.0,569.0,569.0,404,575.95,2327
2026-08-19 10:35:00,569.0,572.0,569.0,571.0,231,575.92,2327
2026-08-19 10:40:00,572.0,572.0,569.0,570.0,246,575.87,2327
2026-08-19 10:45:00,570.0,573.0,570.0,573.0,404,575.83,2327
2026-08-19 10:50:00,573.0,574.0,572.0,572.0,405,575.8,2327
2026-08-19 10:55:00,572.0,577.0,572.0,577.0,675,575.8,2327
2026-08-19 11:00:00,577.0,578.0,575.0,575.0,922,575.83,2327
2026-08-19 11:05:00,575.0,577.0,575.0,577.0,292,575.83,2327
2026-08-19 11:10:00,576.0,578.0,576.0,577.0,353,575.84,2327
2026-08-19 11:15:00,577.0,580.0,577.0,578.0,1037,575.92,2327
2026-08-19 11:20:00,578.0,579.0,576.0,577.0,323,575.93,2327
2026-08-19 11:25:00,577.0,577.0,576.0,576.0,184,575.94,2327
2026-08-19 11:30:00,577.0,578.0,576.0,578.0,268,575.94,2327
2026-08-19 11:35:00,578.0,578.0,577.0,578.0,353,575.96,2327
2026-08-19 11:40:00,578.0,579.0,577.0,579.0,214,575.97,2327
2026-08-19 11:45:00,578.0,579.0,578.0,579.0,144,575.98,2327
2026-08-19 11:50:00,578.0,580.0,578.0,578.0,429,576.01,2327
2026-08-19 11:55:00,578.0,579.0,578.0,578.0,190,576.02,2327
2026-08-19 12:00:00,578.0,579.0,576.0,576.0,239,576.03,2327
2026-08-19 12:05:00,576.0,577.0,574.0,576.0,441,576.02,2327
2026-08-19 12:10:00,575.0,576.0,574.0,575.0,356,576.01,2327
2026-08-19 12:15:00,574.0,576.0,574.0,575.0,271,576.0,2327
2026-08-19 12:20:00,575.0,576.0,575.0,575.0,133,576.0,2327
2026-08-19 12:25:00,575.0,576.0,571.0,571.0,658,575.96,2327
2026-08-19 12:30:00,571.0,572.0,568.0,569.0,1259,575.79,2327
2026-08-19 12:35:00,569.0,570.0,568.0,568.0,554,575.7,2327
2026-08-19 12:40:00,568.0,568.0,565.0,567.0,1156,575.47,2327
2026-08-19 12:45:00,567.0,568.0,565.0,565.0,598,575.35,2327
2026-08-19 12:50:00,565.0,568.0,564.0,568.0,1001,575.13,2327
2026-08-19 12:55:00,567.0,570.0,567.0,569.0,682,575.04,2327
2026-08-19 13:00:00,569.0,572.0,568.0,571.0,847,574.96,2327
2026-08-19 13:05:00,571.0,572.0,570.0,572.0,640,574.9,2327
2026-08-19 13:10:00,571.0,574.0,571.0,573.0,743,574.87,2327
2026-08-19 13:15:00,573.0,574.0,570.0,570.0,1080,574.8,2327
2026-08-19 13:20:00,570.0,572.0,569.0,572.0,1421,574.67,2327
2026-08-19 13:30:00,576.0,576.0,576.0,576.0,2096,574.73,2327
2026-08-20 09:00:00,583.0,583.0,573.0,579.0,5684,578.7,2327
2026-08-20 09:05:00,579.0,579.0,574.0,574.0,1689,578.03,2327
2026-08-20 09:10:00,574.0,574.0,568.0,569.0,2562,576.03,2327
2026-08-20 09:15:00,570.0,574.0,566.0,568.0,1597,575.08,2327
2026-08-20 09:20:00,567.0,568.0,563.0,564.0,1509,573.92,2327
2026-08-20 09:25:00,564.0,567.0,561.0,564.0,1496,572.84,2327
2026-08-20 09:30:00,564.0,564.0,557.0,561.0,2006,571.25,2327
2026-08-20 09:35:00,561.0,564.0,559.0,563.0,740,570.8,2327
2026-08-20 09:40:00,563.0,565.0,563.0,565.0,453,570.63,2327
2026-08-20 09:45:00,565.0,565.0,561.0,561.0,470,570.43,2327
2026-08-20 09:50:00,561.0,564.0,560.0,563.0,345,570.28,2327
2026-08-20 09:55:00,563.0,563.0,560.0,561.0,332,570.12,2327
2026-08-20 10:00:00,562.0,565.0,560.0,565.0,393,569.98,2327
2026-08-20 10:05:00,564.0,565.0,563.0,563.0,182,569.92,2327
2026-08-20 10:10:00,563.0,564.0,561.0,561.0,274,569.8,2327
2026-08-20 10:15:00,561.0,562.0,560.0,560.0,268,569.69,2327
2026-08-20 10:20:00,560.0,560.0,558.0,560.0,999,569.19,2327
2026-08-20 10:25:00,559.0,560.0,555.0,558.0,1651,568.27,2327
2026-08-20 10:30:00,558.0,560.0,557.0,558.0,315,568.13,2327
2026-08-20 10:35:00,559.0,560.0,556.0,556.0,395,567.95,2327
2026-08-20 10:40:00,557.0,558.0,556.0,557.0,344,567.78,2327
2026-08-20 10:45:00,557.0,557.0,552.0,553.0,1399,567.05,2327
2026-08-20 10:50:00,553.0,554.0,550.0,551.0,1772,566.01,2327
2026-08-20 10:55:00,552.0,555.0,551.0,553.0,614,565.7,2327
2026-08-20 11:00:00,552.0,557.0,552.0,555.0,346,565.56,2327
2026-08-20 11:05:00,555.0,556.0,553.0,553.0,240,565.47,2327
2026-08-20 11:10:00,553.0,555.0,553.0,555.0,176,565.4,2327
2026-08-20 11:15:00,555.0,556.0,554.0,555.0,106,565.36,2327
2026-08-20 11:20:00,555.0,556.0,554.0,555.0,188,565.29,2327
2026-08-20 11:25:00,555.0,555.0,554.0,554.0,94,565.25,2327
2026-08-20 11:30:00,554.0,554.0,552.0,552.0,400,565.08,2327
2026-08-20 11:35:00,552.0,552.0,550.0,551.0,921,564.64,2327
2026-08-20 11:40:00,550.0,554.0,550.0,553.0,298,564.52,2327
2026-08-20 11:45:00,553.0,556.0,553.0,553.0,330,564.41,2327
2026-08-20 11:50:00,552.0,554.0,552.0,554.0,112,564.37,2327
2026-08-20 11:55:00,554.0,554.0,553.0,554.0,51,564.35,2327
2026-08-20 12:00:00,553.0,555.0,553.0,554.0,155,564.3,2327
2026-08-20 12:05:00,554.0,557.0,554.0,557.0,411,564.18,2327
2026-08-20 12:10:00,557.0,560.0,556.0,560.0,473,564.09,2327
2026-08-20 12:15:00,560.0,561.0,559.0,560.0,584,564.03,2327
2026-08-20 12:20:00,561.0,562.0,560.0,561.0,477,563.97,2327
2026-08-20 12:25:00,561.0,562.0,561.0,561.0,201,563.96,2327
2026-08-20 12:30:00,562.0,562.0,560.0,561.0,345,563.93,2327
2026-08-20 12:35:00,561.0,562.0,560.0,560.0,352,563.9,2327
2026-08-20 12:40:00,561.0,562.0,560.0,561.0,365,563.86,2327
2026-08-20 12:45:00,561.0,562.0,560.0,561.0,227,563.85,2327
2026-08-20 12:50:00,561.0,562.0,560.0,560.0,145,563.83,2327
2026-08-20 12:55:00,560.0,561.0,559.0,561.0,396,563.79,2327
2026-08-20 13:00:00,560.0,561.0,559.0,559.0,485,563.74,2327
2026-08-20 13:05:00,560.0,562.0,559.0,561.0,901,563.66,2327
2026-08-20 13:10:00,560.0,561.0,560.0,560.0,335,563.63,2327
2026-08-20 13:15:00,560.0,562.0,559.0,561.0,1121,563.54,2327
2026-08-20 13:20:00,562.0,563.0,561.0,562.0,1173,563.49,2327
2026-08-20 13:30:00,562.0,562.0,562.0,562.0,2161,563.41,2327
2026-08-21 09:00:00,561.0,567.0,557.0,559.0,2785,561.92,2327
2026-08-21 09:05:00,559.0,559.0,554.0,556.0,1388,560.05,2327
2026-08-21 09:10:00,557.0,558.0,553.0,558.0,1219,559.07,2327
2026-08-21 09:15:00,558.0,561.0,556.0,560.0,844,559.09,2327
2026-08-21 09:20:00,560.0,562.0,555.0,556.0,750,559.07,2327
2026-08-21 09:25:00,556.0,559.0,556.0,558.0,260,559.01,2327
2026-08-21 09:30:00,558.0,562.0,557.0,562.0,566,559.11,2327
2026-08-21 09:35:00,562.0,564.0,559.0,562.0,669,559.32,2327
2026-08-21 09:40:00,562.0,562.0,561.0,562.0,216,559.38,2327
2026-08-21 09:45:00,562.0,565.0,562.0,565.0,672,559.63,2327
2026-08-21 09:50:00,565.0,565.0,561.0,562.0,386,559.77,2327
2026-08-21 09:55:00,561.0,561.0,556.0,558.0,625,559.7,2327
2026-08-21 10:00:00,559.0,559.0,556.0,556.0,243,559.66,2327
2026-08-21 10:05:00,556.0,557.0,555.0,557.0,482,559.49,2327
2026-08-21 10:10:00,557.0,558.0,556.0,558.0,292,559.42,2327
2026-08-21 10:15:00,558.0,559.0,557.0,559.0,64,559.41,2327
2026-08-21 10:20:00,559.0,560.0,559.0,559.0,77,559.41,2327
2026-08-21 10:25:00,560.0,560.0,559.0,560.0,89,559.42,2327
2026-08-21 10:30:00,560.0,560.0,558.0,559.0,88,559.42,2327
2026-08-21 10:35:00,559.0,559.0,555.0,555.0,360,559.34,2327
2026-08-21 10:40:00,555.0,557.0,555.0,556.0,208,559.28,2327
2026-08-21 10:45:00,556.0,562.0,556.0,562.0,439,559.3,2327
2026-08-21 10:50:00,562.0,562.0,559.0,560.0,203,559.32,2327
2026-08-21 10:55:00,560.0,561.0,560.0,560.0,65,559.33,2327
2026-08-21 11:00:00,560.0,561.0,559.0,559.0,69,559.33,2327
2026-08-21 11:05:00,559.0,559.0,558.0,559.0,52,559.33,2327
2026-08-21 11:10:00,559.0,559.0,557.0,557.0,148,559.31,2327
2026-08-21 11:15:00,557.0,557.0,556.0,557.0,73,559.29,2327
2026-08-21 11:20:00,556.0,558.0,556.0,557.0,71,559.28,2327
2026-08-21 11:25:00,557.0,558.0,557.0,558.0,54,559.28,2327
2026-08-21 11:30:00,558.0,560.0,558.0,559.0,136,559.28,2327
2026-08-21 11:35:00,560.0,561.0,558.0,558.0,123,559.28,2327
2026-08-21 11:40:00,558.0,559.0,557.0,557.0,66,559.27,2327
2026-08-21 11:45:00,557.0,558.0,557.0,557.0,124,559.26,2327
2026-08-21 11:50:00,557.0,557.0,556.0,556.0,97,559.24,2327
2026-08-21 11:55:00,556.0,558.0,555.0,557.0,452,559.14,2327
2026-08-21 12:00:00,557.0,557.0,556.0,557.0,57,559.13,2327
2026-08-21 12:05:00,557.0,558.0,557.0,558.0,32,559.12,2327
2026-08-21 12:10:00,557.0,558.0,557.0,558.0,36,559.12,2327
2026-08-21 12:15:00,558.0,558.0,557.0,557.0,50,559.11,2327
2026-08-21 12:20:00,557.0,558.0,556.0,557.0,106,559.1,2327
2026-08-21 12:25:00,556.0,557.0,556.0,556.0,54,559.09,2327
2026-08-21 12:30:00,556.0,557.0,556.0,557.0,63,559.08,2327
2026-08-21 12:35:00,556.0,557.0,556.0,557.0,64,559.06,2327
2026-08-21 12:40:00,557.0,557.0,556.0,556.0,137,559.04,2327
2026-08-21 12:45:00,556.0,558.0,556.0,558.0,255,559.0,2327
2026-08-21 12:50:00,558.0,558.0,556.0,556.0,141,558.99,2327
2026-08-21 12:55:00,557.0,557.0,556.0,557.0,87,558.97,2327
2026-08-21 13:00:00,556.0,558.0,556.0,557.0,286,558.94,2327
2026-08-21 13:05:00,557.0,558.0,556.0,556.0,353,558.9,2327
2026-08-21 13:10:00,557.0,557.0,555.0,555.0,737,558.75,2327
2026-08-21 13:15:00,556.0,557.0,555.0,556.0,450,558.66,2327
2026-08-21 13:20:00,557.0,557.0,554.0,555.0,618,558.55,2327
2026-08-21 13:30:00,554.0,554.0,554.0,554.0,1730,558.15,2327
2026-08-24 09:00:00,557.0,565.0,555.0,565.0,1814,559.96,2327
2026-08-24 09:05:00,565.0,570.0,563.0,568.0,1986,564.02,2327
2026-08-24 09:10:00,568.0,574.0,565.0,568.0,1685,566.01,2327
2026-08-24 09:15:00,568.0,571.0,567.0,569.0,499,566.24,2327
2026-08-24 09:20:00,569.0,570.0,567.0,568.0,281,566.33,2327
2026-08-24 09:25:00,568.0,570.0,567.0,568.0,350,566.47,2327
2026-08-24 09:30:00,569.0,569.0,565.0,567.0,454,566.46,2327
2026-08-24 09:35:00,567.0,572.0,566.0,571.0,1004,566.81,2327
2026-08-24 09:40:00,571.0,576.0,570.0,574.0,1755,568.02,2327
2026-08-24 09:45:00,574.0,576.0,573.0,576.0,900,568.59,2327
2026-08-24 09:50:00,575.0,580.0,572.0,573.0,1362,569.57,2327
2026-08-24 09:55:00,572.0,573.0,566.0,566.0,879,569.56,2327
2026-08-24 10:00:00,566.0,568.0,565.0,568.0,665,569.43,2327
2026-08-24 10:05:00,568.0,569.0,566.0,566.0,402,569.36,2327
2026-08-24 10:10:00,567.0,569.0,565.0,569.0,307,569.3,2327
2026-08-24 10:15:00,569.0,570.0,566.0,567.0,194,569.28,2327
2026-08-24 10:20:00,567.0,568.0,566.0,568.0,116,569.27,2327
2026-08-24 10:25:00,568.0,569.0,567.0,568.0,64,569.26,2327
2026-08-24 10:30:00,568.0,569.0,567.0,568.0,85,569.26,2327
2026-08-24 10:35:00,568.0,568.0,567.0,568.0,51,569.25,2327
2026-08-24 10:40:00,567.0,568.0,566.0,566.0,229,569.21,2327
2026-08-24 10:45:00,566.0,566.0,564.0,564.0,319,569.12,2327
2026-08-24 10:50:00,564.0,564.0,563.0,563.0,317,569.02,2327
2026-08-24 10:55:00,564.0,565.0,563.0,565.0,176,568.96,2327
2026-08-24 11:00:00,565.0,567.0,565.0,565.0,208,568.92,2327
2026-08-24 11:05:00,565.0,565.0,564.0,564.0,35,568.91,2327
2026-08-24 11:10:00,564.0,564.0,563.0,564.0,104,568.88,2327
2026-08-24 11:15:00,564.0,564.0,561.0,562.0,351,568.74,2327
2026-08-24 11:20:00,562.0,563.0,561.0,562.0,303,568.61,2327
2026-08-24 11:25:00,562.0,562.0,560.0,560.0,152,568.54,2327
2026-08-24 11:30:00,560.0,562.0,560.0,561.0,138,568.48,2327
2026-08-24 11:35:00,561.0,562.0,560.0,561.0,73,568.45,2327
2026-08-24 11:40:00,562.0,562.0,561.0,561.0,50,568.43,2327
2026-08-24 11:45:00,561.0,561.0,558.0,559.0,384,568.24,2327
2026-08-24 11:50:00,558.0,560.0,558.0,558.0,157,568.15,2327
2026-08-24 11:55:00,559.0,560.0,558.0,559.0,98,568.1,2327
2026-08-24 12:00:00,560.0,560.0,559.0,559.0,32,568.09,2327
2026-08-24 12:05:00,560.0,560.0,559.0,560.0,40,568.07,2327
2026-08-24 12:10:00,559.0,560.0,559.0,559.0,38,568.05,2327
2026-08-24 12:15:00,559.0,562.0,559.0,561.0,267,567.94,2327
2026-08-24 12:20:00,561.0,562.0,561.0,561.0,29,567.93,2327
2026-08-24 12:25:00,561.0,561.0,558.0,559.0,226,567.83,2327
2026-08-24 12:30:00,559.0,560.0,558.0,559.0,86,567.79,2327
2026-08-24 12:35:00,559.0,561.0,559.0,561.0,115,567.74,2327
2026-08-24 12:40:00,561.0,561.0,560.0,560.0,33,567.73,2327
2026-08-24 12:45:00,561.0,561.0,559.0,560.0,123,567.68,2327
2026-08-24 12:50:00,560.0,561.0,560.0,560.0,87,567.64,2327
2026-08-24 12:55:00,560.0,560.0,559.0,559.0,96,567.6,2327
2026-08-24 13:00:00,560.0,560.0,557.0,557.0,355,567.43,2327
2026-08-24 13:05:00,557.0,558.0,556.0,557.0,419,567.21,2327
2026-08-24 13:10:00,557.0,557.0,555.0,555.0,325,567.03,2327
2026-08-24 13:15:00,556.0,557.0,555.0,556.0,280,566.88,2327
2026-08-24 13:20:00,555.0,556.0,553.0,553.0,615,566.51,2327
2026-08-24 13:30:00,551.0,551.0,551.0,551.0,1231,565.66,2327
2026-08-25 09:00:00,547.0,548.0,534.0,535.0,2857,539.49,2327
2026-08-25 09:05:00,535.0,536.0,527.0,533.0,2052,536.07,2327
2026-08-25 09:10:00,533.0,534.0,528.0,532.0,1184,534.98,2327
2026-08-25 09:15:00,532.0,534.0,530.0,532.0,446,534.75,2327
2026-08-25 09:20:00,532.0,532.0,523.0,524.0,1847,532.91,2327
2026-08-25 09:25:00,523.0,526.0,521.0,523.0,1231,531.64,2327
2026-08-25 09:30:00,522.0,526.0,521.0,521.0,875,530.94,2327
2026-08-25 09:35:00,521.0,526.0,521.0,525.0,594,530.52,2327
2026-08-25 09:40:00,526.0,526.0,521.0,521.0,425,530.25,2327
2026-08-25 09:45:00,522.0,522.0,517.0,518.0,1550,529.04,2327
2026-08-25 09:50:00,518.0,520.0,515.0,519.0,1429,527.85,2327
2026-08-25 09:55:00,519.0,521.0,517.0,518.0,476,527.56,2327
2026-08-25 10:00:00,517.0,520.0,517.0,519.0,386,527.33,2327
2026-08-25 10:05:00,519.0,519.0,516.0,517.0,409,527.07,2327
2026-08-25 10:10:00,518.0,523.0,517.0,523.0,630,526.8,2327
2026-08-25 10:15:00,523.0,523.0,520.0,522.0,332,526.7,2327
2026-08-25 10:20:00,523.0,523.0,521.0,521.0,245,526.63,2327
2026-08-25 10:25:00,522.0,522.0,520.0,521.0,171,526.57,2327
2026-08-25 10:30:00,521.0,523.0,520.0,522.0,199,526.51,2327
2026-08-25 10:35:00,522.0,522.0,519.0,520.0,180,526.45,2327
2026-08-25 10:40:00,519.0,521.0,518.0,518.0,300,526.32,2327
2026-08-25 10:45:00,518.0,518.0,515.0,516.0,1350,525.62,2327
2026-08-25 10:50:00,515.0,517.0,515.0,516.0,431,525.4,2327
2026-08-25 10:55:00,516.0,517.0,515.0,515.0,261,525.28,2327
2026-08-25 11:00:00,515.0,517.0,515.0,515.0,364,525.11,2327
2026-08-25 11:05:00,515.0,518.0,515.0,518.0,353,524.95,2327
2026-08-25 11:10:00,518.0,519.0,515.0,516.0,220,524.86,2327
2026-08-25 11:15:00,516.0,519.0,515.0,517.0,240,524.77,2327
2026-08-25 11:20:00,517.0,518.0,517.0,517.0,109,524.73,2327
2026-08-25 11:25:00,517.0,521.0,517.0,521.0,562,524.57,2327
2026-08-25 11:30:00,521.0,523.0,519.0,523.0,379,524.52,2327
2026-08-25 11:35:00,522.0,523.0,520.0,520.0,312,524.48,2327
2026-08-25 11:40:00,520.0,525.0,520.0,524.0,572,524.44,2327
2026-08-25 11:45:00,524.0,524.0,522.0,523.0,148,524.44,2327
2026-08-25 11:50:00,523.0,523.0,521.0,523.0,134,524.43,2327
2026-08-25 11:55:00,523.0,525.0,522.0,524.0,304,524.41,2327
2026-08-25 12:00:00,524.0,525.0,523.0,524.0,186,524.41,2327
2026-08-25 12:05:00,524.0,528.0,524.0,527.0,1024,524.49,2327
2026-08-25 12:10:00,527.0,528.0,525.0,527.0,146,524.51,2327
2026-08-25 12:15:00,526.0,529.0,526.0,527.0,416,524.56,2327
2026-08-25 12:20:00,527.0,530.0,527.0,529.0,369,524.62,2327
2026-08-25 12:25:00,528.0,530.0,528.0,530.0,282,524.66,2327
2026-08-25 12:30:00,529.0,533.0,529.0,533.0,870,524.87,2327
2026-08-25 12:35:00,532.0,534.0,531.0,533.0,455,525.0,2327
2026-08-25 12:40:00,533.0,538.0,532.0,537.0,992,525.38,2327
2026-08-25 12:45:00,538.0,538.0,533.0,535.0,331,525.49,2327
2026-08-25 12:50:00,535.0,535.0,533.0,534.0,174,525.54,2327
2026-08-25 12:55:00,533.0,537.0,533.0,537.0,363,525.65,2327
2026-08-25 13:00:00,537.0,538.0,535.0,537.0,313,525.77,2327
2026-08-25 13:05:00,537.0,540.0,537.0,538.0,644,526.04,2327
2026-08-25 13:10:00,539.0,540.0,538.0,539.0,313,526.17,2327
2026-08-25 13:15:00,539.0,540.0,538.0,538.0,361,526.32,2327
2026-08-25 13:20:00,539.0,543.0,538.0,542.0,901,526.74,2327
2026-08-25 13:30:00,544.0,544.0,544.0,544.0,1187,527.36,2327
2026-08-26 09:00:00,535.0,537.0,530.0,537.0,2428,534.13,2327
2026-08-26 09:05:00,537.0,538.0,532.0,533.0,1132,534.42,2327
2026-08-26 09:10:00,533.0,535.0,531.0,534.0,557,534.19,2327
2026-08-26 09:15:00,534.0,536.0,532.0,534.0,416,534.17,2327
2026-08-26 09:20:00,534.0,534.0,529.0,530.0,1149,533.47,2327
2026-08-26 09:25:00,530.0,531.0,528.0,531.0,515,533.14,2327
2026-08-26 09:30:00,530.0,534.0,530.0,534.0,297,533.09,2327
2026-08-26 09:35:00,534.0,536.0,532.0,532.0,475,533.18,2327
2026-08-26 09:40:00,532.0,532.0,529.0,529.0,524,533.0,2327
2026-08-26 09:45:00,529.0,532.0,528.0,528.0,608,532.72,2327
2026-08-26 09:50:00,529.0,530.0,526.0,527.0,750,532.31,2327
2026-08-26 09:55:00,527.0,530.0,527.0,529.0,366,532.17,2327
2026-08-26 10:00:00,529.0,530.0,526.0,526.0,911,531.73,2327
2026-08-26 10:05:00,527.0,529.0,526.0,529.0,365,531.55,2327
2026-08-26 10:10:00,529.0,529.0,527.0,528.0,177,531.49,2327
2026-08-26 10:15:00,528.0,529.0,527.0,529.0,211,531.43,2327
2026-08-26 10:20:00,529.0,531.0,529.0,531.0,251,531.4,2327
2026-08-26 10:25:00,531.0,531.0,529.0,530.0,355,531.35,2327
2026-08-26 10:30:00,530.0,533.0,530.0,533.0,517,531.37,2327
2026-08-26 10:35:00,533.0,535.0,532.0,533.0,655,531.48,2327
2026-08-26 10:40:00,534.0,535.0,532.0,534.0,489,531.55,2327
2026-08-26 10:45:00,534.0,536.0,534.0,535.0,550,531.7,2327
2026-08-26 10:50:00,535.0,536.0,534.0,535.0,415,531.79,2327
2026-08-26 10:55:00,534.0,536.0,534.0,535.0,213,531.84,2327
2026-08-26 11:00:00,535.0,536.0,534.0,536.0,350,531.9,2327
2026-08-26 11:05:00,536.0,536.0,535.0,535.0,150,531.94,2327
2026-08-26 11:10:00,536.0,539.0,535.0,539.0,1167,532.31,2327
2026-08-26 11:15:00,539.0,540.0,536.0,538.0,628,532.54,2327
2026-08-26 11:20:00,538.0,539.0,536.0,537.0,327,532.63,2327
2026-08-26 11:25:00,537.0,537.0,535.0,535.0,231,532.69,2327
2026-08-26 11:30:00,536.0,537.0,534.0,536.0,332,532.73,2327
2026-08-26 11:35:00,536.0,537.0,535.0,536.0,630,532.84,2327
2026-08-26 11:40:00,536.0,537.0,535.0,535.0,92,532.85,2327
2026-08-26 11:45:00,535.0,536.0,534.0,536.0,222,532.88,2327
2026-08-26 11:50:00,536.0,536.0,535.0,536.0,80,532.89,2327
2026-08-26 11:55:00,536.0,537.0,536.0,536.0,184,532.92,2327
2026-08-26 12:00:00,536.0,537.0,535.0,536.0,196,532.95,2327
2026-08-26 12:05:00,537.0,538.0,536.0,537.0,286,533.01,2327
2026-08-26 12:10:00,537.0,538.0,536.0,538.0,281,533.07,2327
2026-08-26 12:15:00,538.0,539.0,538.0,538.0,589,533.22,2327
2026-08-26 12:20:00,538.0,539.0,538.0,538.0,169,533.27,2327
2026-08-26 12:25:00,538.0,538.0,536.0,536.0,386,533.35,2327
2026-08-26 12:30:00,537.0,538.0,536.0,537.0,264,533.4,2327
2026-08-26 12:35:00,536.0,537.0,535.0,536.0,222,533.42,2327
2026-08-26 12:40:00,536.0,537.0,536.0,536.0,222,533.45,2327
2026-08-26 12:45:00,537.0,538.0,536.0,537.0,267,533.5,2327
2026-08-26 12:50:00,537.0,538.0,537.0,537.0,176,533.53,2327
2026-08-26 12:55:00,537.0,538.0,537.0,537.0,379,533.59,2327
2026-08-26 13:00:00,537.0,538.0,536.0,538.0,280,533.64,2327
2026-08-26 13:05:00,537.0,539.0,537.0,539.0,633,533.76,2327
2026-08-26 13:10:00,539.0,539.0,537.0,537.0,594,533.86,2327
2026-08-26 13:15:00,537.0,538.0,536.0,536.0,464,533.91,2327
2026-08-26 13:20:00,536.0,537.0,535.0,536.0,775,533.98,2327
2026-08-26 13:30:00,537.0,537.0,537.0,537.0,1559,534.16,2327
2026-08-27 09:00:00,545.0,548.0,535.0,541.0,3965,540.86,2327
2026-08-27 09:05:00,541.0,542.0,532.0,532.0,2677,539.39,2327
2026-08-27 09:10:00,533.0,535.0,529.0,530.0,2010,537.49,2327
2026-08-27 09:15:00,530.0,536.0,529.0,535.0,774,537.04,2327
2026-08-27 09:20:00,535.0,540.0,535.0,539.0,1229,537.16,2327
2026-08-27 09:25:00,538.0,542.0,537.0,542.0,1339,537.45,2327
2026-08-27 09:30:00,542.0,560.0,541.0,553.0,5139,541.69,2327
2026-08-27 09:35:00,553.0,556.0,548.0,554.0,3021,543.31,2327
2026-08-27 09:40:00,554.0,554.0,547.0,547.0,1500,543.81,2327
2026-08-27 09:45:00,547.0,552.0,547.0,551.0,1028,544.06,2327
2026-08-27 09:50:00,551.0,552.0,550.0,551.0,467,544.21,2327
2026-08-27 09:55:00,551.0,553.0,548.0,548.0,852,544.44,2327
2026-08-27 10:00:00,548.0,560.0,548.0,559.0,2447,545.43,2327
2026-08-27 10:05:00,560.0,560.0,555.0,559.0,1870,546.27,2327
2026-08-27 10:10:00,560.0,560.0,554.0,555.0,780,546.54,2327
2026-08-27 10:15:00,556.0,557.0,553.0,554.0,464,546.68,2327
2026-08-27 10:20:00,554.0,554.0,551.0,552.0,575,546.78,2327
2026-08-27 10:25:00,552.0,553.0,552.0,552.0,250,546.83,2327
2026-08-27 10:30:00,553.0,554.0,553.0,554.0,301,546.89,2327
2026-08-27 10:35:00,553.0,554.0,550.0,552.0,512,546.97,2327
2026-08-27 10:40:00,551.0,552.0,549.0,549.0,489,547.02,2327
2026-08-27 10:45:00,550.0,553.0,549.0,551.0,359,547.07,2327
2026-08-27 10:50:00,552.0,552.0,550.0,551.0,199,547.09,2327
2026-08-27 10:55:00,552.0,552.0,550.0,551.0,132,547.11,2327
2026-08-27 11:00:00,551.0,551.0,549.0,550.0,234,547.13,2327
2026-08-27 11:05:00,550.0,553.0,550.0,552.0,449,547.18,2327
2026-08-27 11:10:00,552.0,553.0,551.0,551.0,155,547.2,2327
2026-08-27 11:15:00,552.0,554.0,551.0,554.0,325,547.25,2327
2026-08-27 11:20:00,554.0,555.0,551.0,553.0,633,547.37,2327
2026-08-27 11:25:00,553.0,553.0,552.0,552.0,82,547.38,2327
2026-08-27 11:30:00,553.0,554.0,552.0,553.0,240,547.42,2327
2026-08-27 11:35:00,554.0,554.0,553.0,554.0,122,547.44,2327
2026-08-27 11:40:00,554.0,557.0,553.0,556.0,804,547.61,2327
2026-08-27 11:45:00,557.0,557.0,555.0,556.0,512,547.73,2327
2026-08-27 11:50:00,556.0,557.0,552.0,552.0,575,547.83,2327
2026-08-27 11:55:00,553.0,554.0,552.0,554.0,143,547.85,2327
2026-08-27 12:00:00,554.0,555.0,553.0,553.0,288,547.9,2327
2026-08-27 12:05:00,554.0,554.0,552.0,552.0,177,547.93,2327
2026-08-27 12:10:00,553.0,553.0,551.0,552.0,283,547.96,2327
2026-08-27 12:15:00,553.0,554.0,552.0,553.0,286,548.0,2327
2026-08-27 12:20:00,553.0,554.0,552.0,553.0,206,548.02,2327
2026-08-27 12:25:00,553.0,553.0,551.0,551.0,203,548.04,2327
2026-08-27 12:30:00,551.0,552.0,550.0,552.0,256,548.06,2327
2026-08-27 12:35:00,552.0,552.0,550.0,550.0,219,548.08,2327
2026-08-27 12:40:00,550.0,550.0,548.0,548.0,712,548.09,2327
2026-08-27 12:45:00,548.0,551.0,548.0,548.0,642,548.11,2327
2026-08-27 12:50:00,549.0,550.0,548.0,550.0,289,548.12,2327
2026-08-27 12:55:00,549.0,552.0,549.0,551.0,448,548.14,2327
2026-08-27 13:00:00,551.0,552.0,550.0,552.0,466,548.17,2327
2026-08-27 13:05:00,552.0,559.0,551.0,558.0,2274,548.57,2327
2026-08-27 13:10:00,558.0,560.0,555.0,557.0,1662,548.94,2327
2026-08-27 13:15:00,557.0,557.0,553.0,553.0,633,549.02,2327
2026-08-27 13:20:00,554.0,555.0,552.0,555.0,1016,549.12,2327
2026-08-27 13:30:00,555.0,555.0,555.0,555.0,1496,549.3,2327
2026-08-28 09:00:00,581.0,604.0,580.0,595.0,9729,593.84,2327
2026-08-28 09:05:00,596.0,610.0,593.0,610.0,12971,601.1,2327
2026-08-28 09:10:00,610.0,610.0,610.0,610.0,1328,601.59,2327
2026-08-28 09:15:00,610.0,610.0,610.0,610.0,1114,601.96,2327
2026-08-28 09:20:00,610.0,610.0,610.0,610.0,1500,602.41,2327
2026-08-28 09:25:00,610.0,610.0,604.0,606.0,4209,603.42,2327
2026-08-28 09:30:00,604.0,604.0,595.0,597.0,2697,603.06,2327
2026-08-28 09:35:00,597.0,598.0,592.0,598.0,1843,602.66,2327
2026-08-28 09:40:00,598.0,598.0,592.0,594.0,1301,602.36,2327
2026-08-28 09:45:00,594.0,594.0,585.0,586.0,2811,601.35,2327
2026-08-28 09:50:00,587.0,592.0,586.0,588.0,1186,600.97,2327
2026-08-28 09:55:00,588.0,588.0,576.0,577.0,3066,599.55,2327
2026-08-28 10:00:00,577.0,584.0,577.0,584.0,1418,598.98,2327
2026-08-28 10:05:00,584.0,585.0,581.0,581.0,903,598.67,2327
2026-08-28 10:10:00,581.0,589.0,580.0,588.0,1548,598.26,2327
2026-08-28 10:15:00,589.0,598.0,588.0,597.0,2359,598.0,2327
2026-08-28 10:20:00,597.0,598.0,592.0,594.0,1309,597.93,2327
2026-08-28 10:25:00,594.0,596.0,591.0,591.0,576,597.88,2327
2026-08-28 10:30:00,592.0,593.0,591.0,592.0,329,597.85,2327
2026-08-28 10:35:00,592.0,597.0,591.0,597.0,903,597.8,2327
2026-08-28 10:40:00,597.0,603.0,595.0,596.0,1922,597.85,2327
2026-08-28 10:45:00,596.0,597.0,594.0,596.0,261,597.84,2327
2026-08-28 10:50:00,595.0,602.0,595.0,602.0,774,597.86,2327
2026-08-28 10:55:00,602.0,602.0,597.0,597.0,411,597.87,2327
2026-08-28 11:00:00,597.0,604.0,597.0,603.0,716,597.91,2327
2026-08-28 11:05:00,603.0,609.0,602.0,606.0,2230,598.2,2327
2026-08-28 11:10:00,607.0,607.0,602.0,602.0,758,598.28,2327
2026-08-28 11:15:00,602.0,604.0,602.0,603.0,311,598.31,2327
2026-08-28 11:20:00,603.0,606.0,602.0,604.0,503,598.36,2327
2026-08-28 11:25:00,604.0,607.0,603.0,603.0,468,598.42,2327
2026-08-28 11:30:00,604.0,604.0,603.0,604.0,148,598.43,2327
2026-08-28 11:35:00,604.0,604.0,600.0,600.0,400,598.45,2327
2026-08-28 11:40:00,600.0,602.0,599.0,600.0,266,598.46,2327
2026-08-28 11:45:00,600.0,600.0,597.0,598.0,445,598.46,2327
2026-08-28 11:50:00,598.0,600.0,598.0,599.0,174,598.46,2327
2026-08-28 11:55:00,599.0,600.0,598.0,599.0,159,598.47,2327
2026-08-28 12:00:00,600.0,600.0,598.0,599.0,369,598.47,2327
2026-08-28 12:05:00,599.0,599.0,597.0,599.0,377,598.47,2327
2026-08-28 12:10:00,599.0,602.0,599.0,601.0,301,598.48,2327
2026-08-28 12:15:00,601.0,602.0,601.0,601.0,143,598.48,2327
2026-08-28 12:20:00,601.0,603.0,600.0,601.0,296,598.5,2327
2026-08-28 12:25:00,602.0,603.0,601.0,601.0,243,598.51,2327
2026-08-28 12:30:00,602.0,602.0,599.0,600.0,564,598.53,2327
2026-08-28 12:35:00,600.0,601.0,599.0,600.0,235,598.53,2327
2026-08-28 12:40:00,600.0,601.0,599.0,599.0,152,598.54,2327
2026-08-28 12:45:00,599.0,600.0,598.0,599.0,424,598.54,2327
2026-08-28 12:50:00,599.0,600.0,598.0,599.0,410,598.54,2327
2026-08-28 12:55:00,599.0,600.0,594.0,595.0,1337,598.5,2327
2026-08-28 13:00:00,596.0,600.0,595.0,600.0,614,598.49,2327
2026-08-28 13:05:00,599.0,602.0,599.0,600.0,690,598.51,2327
2026-08-28 13:10:00,600.0,600.0,597.0,598.0,503,598.51,2327
2026-08-28 13:15:00,598.0,598.0,596.0,596.0,827,598.48,2327
2026-08-28 13:20:00,596.0,597.0,595.0,596.0,1183,598.43,2327
2026-08-28 13:30:00,597.0,597.0,597.0,597.0,1412,598.41,2327
2026-08-31 09:00:00,580.0,590.0,575.0,584.0,5759,581.74,2327
2026-08-31 09:05:00,585.0,587.0,578.0,578.0,2958,582.03,2327
2026-08-31 09:10:00,578.0,581.0,574.0,578.0,2559,580.85,2327
2026-08-31 09:15:00,579.0,579.0,571.0,572.0,1991,579.72,2327
2026-08-31 09:20:00,572.0,576.0,569.0,574.0,1740,578.79,2327
2026-08-31 09:25:00,575.0,575.0,571.0,574.0,744,578.52,2327
2026-08-31 09:30:00,573.0,575.0,572.0,572.0,707,578.31,2327
2026-08-31 09:35:00,573.0,574.0,571.0,571.0,718,578.05,2327
2026-08-31 09:40:00,572.0,575.0,566.0,567.0,2073,577.21,2327
2026-08-31 09:45:00,567.0,569.0,564.0,569.0,2853,575.84,2327
2026-08-31 09:50:00,569.0,571.0,567.0,571.0,573,575.67,2327
2026-08-31 09:55:00,570.0,571.0,563.0,564.0,843,575.35,2327
2026-08-31 10:00:00,564.0,565.0,559.0,561.0,2421,574.06,2327
2026-08-31 10:05:00,562.0,566.0,561.0,563.0,571,573.84,2327
2026-08-31 10:10:00,562.0,563.0,561.0,561.0,510,573.61,2327
2026-08-31 10:15:00,560.0,561.0,546.0,546.0,4106,570.88,2327
2026-08-31 10:20:00,547.0,548.0,538.0,541.0,7833,564.7,2327
2026-08-31 10:25:00,541.0,541.0,538.0,538.0,3791,562.36,2327
2026-08-31 10:30:00,538.0,538.0,538.0,538.0,1126,561.73,2327
2026-08-31 10:35:00,538.0,538.0,538.0,538.0,650,561.39,2327
2026-08-31 10:40:00,538.0,541.0,538.0,540.0,2993,559.93,2327
2026-08-31 10:45:00,540.0,545.0,540.0,541.0,1668,559.33,2327
2026-08-31 10:50:00,541.0,542.0,539.0,540.0,675,559.07,2327
2026-08-31 10:55:00,541.0,544.0,540.0,544.0,376,558.94,2327
2026-08-31 11:00:00,543.0,544.0,541.0,542.0,240,558.87,2327
2026-08-31 11:05:00,542.0,543.0,540.0,542.0,475,558.7,2327
2026-08-31 11:10:00,542.0,542.0,540.0,540.0,640,558.47,2327
2026-08-31 11:15:00,539.0,541.0,539.0,541.0,517,558.28,2327
2026-08-31 11:20:00,541.0,541.0,539.0,540.0,376,558.15,2327
2026-08-31 11:25:00,540.0,541.0,539.0,540.0,436,558.0,2327
2026-08-31 11:30:00,540.0,541.0,540.0,541.0,122,557.96,2327
2026-08-31 11:35:00,540.0,542.0,540.0,541.0,300,557.87,2327
2026-08-31 11:40:00,540.0,541.0,538.0,539.0,1431,557.37,2327
2026-08-31 11:45:00,538.0,540.0,538.0,540.0,247,557.29,2327
2026-08-31 11:50:00,540.0,540.0,539.0,540.0,212,557.22,2327
2026-08-31 11:55:00,539.0,541.0,539.0,540.0,177,557.17,2327
2026-08-31 12:00:00,539.0,541.0,539.0,540.0,308,557.07,2327
2026-08-31 12:05:00,540.0,541.0,540.0,541.0,97,557.04,2327
2026-08-31 12:10:00,540.0,540.0,539.0,540.0,282,556.96,2327
2026-08-31 12:15:00,540.0,540.0,538.0,539.0,985,556.65,2327
2026-08-31 12:20:00,539.0,539.0,538.0,539.0,400,556.52,2327
2026-08-31 12:25:00,539.0,539.0,538.0,539.0,346,556.42,2327
2026-08-31 12:30:00,539.0,540.0,538.0,540.0,234,556.35,2327
2026-08-31 12:35:00,540.0,540.0,539.0,540.0,302,556.26,2327
2026-08-31 12:40:00,540.0,541.0,539.0,540.0,250,556.19,2327
2026-08-31 12:45:00,540.0,540.0,538.0,539.0,1075,555.88,2327
2026-08-31 12:50:00,539.0,540.0,538.0,540.0,365,555.77,2327
2026-08-31 12:55:00,539.0,541.0,539.0,541.0,319,555.69,2327
2026-08-31 13:00:00,541.0,542.0,540.0,541.0,281,555.62,2327
2026-08-31 13:05:00,541.0,543.0,541.0,542.0,579,555.49,2327
2026-08-31 13:10:00,542.0,543.0,540.0,542.0,664,555.34,2327
2026-08-31 13:15:00,543.0,546.0,542.0,545.0,802,555.2,2327
2026-08-31 13:20:00,545.0,545.0,542.0,544.0,1184,554.98,2327
2026-08-31 13:30:00,545.0,545.0,545.0,545.0,3731,554.43,2327
2026-09-01 09:00:00,551.0,570.0,550.0,566.0,7180,562.17,2327
2026-09-01 09:05:00,566.0,576.0,565.0,573.0,4729,566.05,2327
2026-09-01 09:10:00,574.0,574.0,564.0,566.0,2390,566.13,2327
2026-09-01 09:15:00,566.0,571.0,564.0,566.0,1598,566.19,2327
2026-09-01 09:20:00,565.0,569.0,565.0,569.0,795,566.21,2327
2026-09-01 09:25:00,568.0,571.0,561.0,566.0,1864,566.21,2327
2026-09-01 09:30:00,566.0,569.0,563.0,565.0,579,566.2,2327
2026-09-01 09:35:00,565.0,566.0,562.0,565.0,565,566.15,2327
2026-09-01 09:40:00,565.0,567.0,561.0,562.0,701,566.05,2327
2026-09-01 09:45:00,562.0,563.0,559.0,559.0,937,565.82,2327
2026-09-01 09:50:00,559.0,561.0,558.0,560.0,1058,565.52,2327
2026-09-01 09:55:00,559.0,560.0,558.0,560.0,432,565.4,2327
2026-09-01 10:00:00,560.0,562.0,558.0,562.0,636,565.24,2327
2026-09-01 10:05:00,561.0,562.0,559.0,559.0,446,565.15,2327
2026-09-01 10:10:00,559.0,562.0,559.0,560.0,383,565.07,2327
2026-09-01 10:15:00,560.0,561.0,557.0,557.0,521,564.94,2327
2026-09-01 10:20:00,557.0,558.0,553.0,554.0,845,564.63,2327
2026-09-01 10:25:00,554.0,555.0,553.0,553.0,410,564.46,2327
2026-09-01 10:30:00,554.0,558.0,553.0,557.0,892,564.17,2327
2026-09-01 10:35:00,557.0,557.0,554.0,555.0,327,564.06,2327
2026-09-01 10:40:00,554.0,556.0,554.0,556.0,600,563.85,2327
2026-09-01 10:45:00,556.0,560.0,556.0,560.0,285,563.79,2327
2026-09-01 10:50:00,560.0,560.0,558.0,559.0,217,563.76,2327
2026-09-01 10:55:00,559.0,563.0,559.0,562.0,468,563.72,2327
2026-09-01 11:00:00,562.0,566.0,561.0,566.0,771,563.72,2327
2026-09-01 11:05:00,566.0,569.0,563.0,563.0,800,563.8,2327
2026-09-01 11:10:00,563.0,565.0,563.0,565.0,252,563.8,2327
2026-09-01 11:15:00,565.0,566.0,563.0,565.0,189,563.81,2327
2026-09-01 11:20:00,564.0,565.0,563.0,564.0,193,563.81,2327
2026-09-01 11:25:00,564.0,565.0,563.0,563.0,130,563.81,2327
2026-09-01 11:30:00,564.0,567.0,563.0,567.0,484,563.83,2327
2026-09-01 11:35:00,566.0,568.0,566.0,567.0,602,563.88,2327
2026-09-01 11:40:00,567.0,568.0,566.0,567.0,338,563.91,2327
2026-09-01 11:45:00,566.0,569.0,566.0,569.0,633,563.98,2327
2026-09-01 11:50:00,568.0,569.0,567.0,568.0,318,564.02,2327
2026-09-01 11:55:00,569.0,572.0,568.0,572.0,1566,564.29,2327
2026-09-01 12:00:00,573.0,573.0,570.0,570.0,539,564.4,2327
2026-09-01 12:05:00,570.0,571.0,568.0,568.0,231,564.43,2327
2026-09-01 12:10:00,569.0,569.0,568.0,568.0,178,564.45,2327
2026-09-01 12:15:00,568.0,569.0,567.0,568.0,164,564.46,2327
2026-09-01 12:20:00,568.0,569.0,568.0,568.0,339,564.5,2327
2026-09-01 12:25:00,569.0,570.0,567.0,569.0,232,564.52,2327
2026-09-01 12:30:00,569.0,570.0,568.0,569.0,253,564.55,2327
2026-09-01 12:35:00,569.0,569.0,568.0,568.0,156,564.57,2327
2026-09-01 12:40:00,568.0,569.0,567.0,568.0,129,564.58,2327
2026-09-01 12:45:00,567.0,569.0,567.0,568.0,290,564.6,2327
2026-09-01 12:50:00,568.0,569.0,567.0,568.0,202,564.62,2327
2026-09-01 12:55:00,568.0,568.0,567.0,567.0,125,564.63,2327
2026-09-01 13:00:00,567.0,568.0,566.0,567.0,401,564.66,2327
2026-09-01 13:05:00,566.0,572.0,566.0,570.0,1907,564.87,2327
2026-09-01 13:10:00,569.0,570.0,568.0,568.0,406,564.91,2327
2026-09-01 13:15:00,568.0,569.0,567.0,567.0,536,564.95,2327
2026-09-01 13:20:00,567.0,568.0,564.0,565.0,856,564.95,2327
2026-09-01 13:30:00,568.0,568.0,568.0,568.0,1263,565.04,2327
2026-09-02 09:00:00,552.0,552.0,545.0,548.0,3897,549.54,2327
2026-09-02 09:05:00,548.0,549.0,541.0,546.0,2331,547.65,2327
2026-09-02 09:10:00,546.0,548.0,543.0,546.0,839,547.41,2327
2026-09-02 09:15:00,547.0,547.0,544.0,546.0,723,547.25,2327
2026-09-02 09:20:00,546.0,547.0,543.0,545.0,1208,546.88,2327
2026-09-02 09:25:00,545.0,545.0,541.0,542.0,1636,546.22,2327
2026-09-02 09:30:00,542.0,543.0,539.0,541.0,2220,545.2,2327
2026-09-02 09:35:00,541.0,542.0,537.0,539.0,1792,544.41,2327
2026-09-02 09:40:00,539.0,540.0,537.0,538.0,900,544.08,2327
2026-09-02 09:45:00,539.0,541.0,538.0,541.0,399,543.97,2327
2026-09-02 09:50:00,541.0,541.0,538.0,541.0,803,543.78,2327
2026-09-02 09:55:00,540.0,543.0,540.0,542.0,438,543.73,2327
2026-09-02 10:00:00,542.0,543.0,541.0,542.0,459,543.69,2327
2026-09-02 10:05:00,542.0,543.0,539.0,540.0,707,543.57,2327
2026-09-02 10:10:00,539.0,543.0,539.0,543.0,192,543.54,2327
2026-09-02 10:15:00,542.0,543.0,541.0,542.0,235,543.53,2327
2026-09-02 10:20:00,542.0,543.0,540.0,541.0,242,543.5,2327
2026-09-02 10:25:00,541.0,541.0,540.0,540.0,326,543.44,2327
2026-09-02 10:30:00,540.0,540.0,539.0,540.0,419,543.37,2327
2026-09-02 10:35:00,540.0,541.0,539.0,540.0,221,543.33,2327
2026-09-02 10:40:00,539.0,541.0,539.0,541.0,195,543.29,2327
2026-09-02 10:45:00,541.0,541.0,540.0,540.0,139,543.27,2327
2026-09-02 10:50:00,541.0,541.0,540.0,541.0,224,543.25,2327
2026-09-02 10:55:00,541.0,542.0,540.0,540.0,180,543.23,2327
2026-09-02 11:00:00,540.0,541.0,539.0,540.0,529,543.15,2327
2026-09-02 11:05:00,540.0,540.0,539.0,540.0,279,543.1,2327
2026-09-02 11:10:00,540.0,541.0,539.0,540.0,165,543.08,2327
2026-09-02 11:15:00,540.0,541.0,540.0,541.0,241,543.05,2327
2026-09-02 11:20:00,540.0,541.0,540.0,540.0,134,543.03,2327
2026-09-02 11:25:00,541.0,541.0,540.0,540.0,86,543.02,2327
2026-09-02 11:30:00,540.0,541.0,539.0,540.0,382,542.97,2327
2026-09-02 11:35:00,540.0,541.0,539.0,540.0,165,542.94,2327
2026-09-02 11:40:00,541.0,542.0,540.0,542.0,231,542.92,2327
2026-09-02 11:45:00,542.0,542.0,541.0,541.0,117,542.92,2327
2026-09-02 11:50:00,541.0,542.0,540.0,541.0,232,542.9,2327
2026-09-02 11:55:00,541.0,541.0,540.0,541.0,149,542.88,2327
2026-09-02 12:00:00,541.0,541.0,540.0,541.0,118,542.87,2327
2026-09-02 12:05:00,541.0,541.0,540.0,541.0,144,542.86,2327
2026-09-02 12:10:00,540.0,541.0,539.0,539.0,700,542.77,2327
2026-09-02 12:15:00,539.0,540.0,539.0,540.0,196,542.75,2327
2026-09-02 12:20:00,540.0,541.0,540.0,540.0,106,542.74,2327
2026-09-02 12:25:00,541.0,541.0,540.0,540.0,116,542.73,2327
2026-09-02 12:30:00,540.0,541.0,540.0,540.0,164,542.71,2327
2026-09-02 12:35:00,541.0,541.0,540.0,541.0,100,542.7,2327
2026-09-02 12:40:00,540.0,541.0,540.0,540.0,125,542.69,2327
2026-09-02 12:45:00,541.0,541.0,540.0,541.0,230,542.67,2327
2026-09-02 12:50:00,541.0,542.0,540.0,540.0,453,542.64,2327
2026-09-02 12:55:00,541.0,541.0,539.0,539.0,1387,542.5,2327
2026-09-02 13:00:00,540.0,540.0,538.0,538.0,1185,542.35,2327
2026-09-02 13:05:00,538.0,539.0,538.0,539.0,387,542.3,2327
2026-09-02 13:10:00,538.0,539.0,538.0,538.0,503,542.23,2327
2026-09-02 13:15:00,538.0,539.0,538.0,538.0,621,542.15,2327
2026-09-02 13:20:00,539.0,540.0,538.0,539.0,1040,542.03,2327
2026-09-02 13:30:00,540.0,540.0,540.0,540.0,1931,541.92,2327
2026-09-03 09:00:00,545.0,545.0,537.0,541.0,3177,540.49,2327
2026-09-03 09:05:00,541.0,542.0,537.0,539.0,1214,540.25,2327
2026-09-03 09:10:00,538.0,541.0,537.0,541.0,717,539.97,2327
2026-09-03 09:15:00,540.0,545.0,540.0,540.0,695,540.3,2327
2026-09-03 09:20:00,541.0,541.0,535.0,535.0,1044,539.85,2327
2026-09-03 09:25:00,535.0,536.0,532.0,536.0,1225,538.91,2327
2026-09-03 09:30:00,536.0,536.0,530.0,534.0,1069,538.11,2327
2026-09-03 09:35:00,534.0,534.0,525.0,525.0,1945,536.32,2327
2026-09-03 09:40:00,525.0,530.0,522.0,528.0,1344,535.14,2327
2026-09-03 09:45:00,528.0,533.0,528.0,533.0,483,534.94,2327
2026-09-03 09:50:00,533.0,534.0,529.0,529.0,453,534.83,2327
2026-09-03 09:55:00,529.0,530.0,525.0,525.0,603,534.48,2327
2026-09-03 10:00:00,526.0,529.0,525.0,528.0,281,534.33,2327
2026-09-03 10:05:00,527.0,530.0,527.0,529.0,242,534.23,2327
2026-09-03 10:10:00,529.0,533.0,529.0,533.0,311,534.17,2327
2026-09-03 10:15:00,533.0,534.0,530.0,534.0,383,534.13,2327
2026-09-03 10:20:00,534.0,535.0,532.0,532.0,164,534.12,2327
2026-09-03 10:25:00,532.0,533.0,531.0,533.0,75,534.11,2327
2026-09-03 10:30:00,533.0,533.0,530.0,530.0,168,534.08,2327
2026-09-03 10:35:00,531.0,531.0,528.0,531.0,338,533.98,2327
2026-09-03 10:40:00,531.0,532.0,528.0,529.0,181,533.93,2327
2026-09-03 10:45:00,528.0,529.0,526.0,527.0,463,533.74,2327
2026-09-03 10:50:00,527.0,530.0,527.0,528.0,122,533.69,2327
2026-09-03 10:55:00,528.0,531.0,528.0,530.0,100,533.67,2327
2026-09-03 11:00:00,529.0,533.0,529.0,533.0,149,533.65,2327
2026-09-03 11:05:00,533.0,534.0,532.0,532.0,242,533.64,2327
2026-09-03 11:10:00,532.0,534.0,532.0,534.0,167,533.63,2327
2026-09-03 11:15:00,534.0,536.0,533.0,536.0,526,533.65,2327
2026-09-03 11:20:00,536.0,537.0,534.0,535.0,383,533.7,2327
2026-09-03 11:25:00,535.0,537.0,534.0,535.0,173,533.72,2327
2026-09-03 11:30:00,535.0,536.0,533.0,533.0,144,533.72,2327
2026-09-03 11:35:00,533.0,533.0,532.0,533.0,97,533.72,2327
2026-09-03 11:40:00,533.0,534.0,532.0,532.0,70,533.72,2327
2026-09-03 11:45:00,532.0,533.0,531.0,531.0,157,533.7,2327
2026-09-03 11:50:00,531.0,531.0,529.0,529.0,258,533.65,2327
2026-09-03 11:55:00,529.0,530.0,527.0,529.0,549,533.5,2327
2026-09-03 12:00:00,529.0,530.0,527.0,527.0,349,533.41,2327
2026-09-03 12:05:00,528.0,529.0,527.0,527.0,142,533.37,2327
2026-09-03 12:10:00,527.0,528.0,527.0,527.0,156,533.32,2327
2026-09-03 12:15:00,527.0,528.0,526.0,526.0,240,533.25,2327
2026-09-03 12:20:00,527.0,527.0,525.0,526.0,269,533.15,2327
2026-09-03 12:25:00,526.0,527.0,525.0,525.0,226,533.07,2327
2026-09-03 12:30:00,525.0,528.0,525.0,527.0,184,533.02,2327
2026-09-03 12:35:00,527.0,528.0,526.0,526.0,162,532.97,2327
2026-09-03 12:40:00,527.0,527.0,525.0,526.0,264,532.89,2327
2026-09-03 12:45:00,525.0,526.0,525.0,525.0,135,532.84,2327
2026-09-03 12:50:00,526.0,526.0,525.0,525.0,168,532.78,2327
2026-09-03 12:55:00,525.0,526.0,523.0,523.0,873,532.46,2327
2026-09-03 13:00:00,523.0,524.0,522.0,522.0,562,532.24,2327
2026-09-03 13:05:00,522.0,524.0,522.0,522.0,530,532.02,2327
2026-09-03 13:10:00,522.0,523.0,518.0,518.0,2168,531.04,2327
2026-09-03 13:15:00,518.0,519.0,516.0,516.0,934,530.57,2327
2026-09-03 13:20:00,516.0,517.0,512.0,513.0,1957,529.45,2327
2026-09-03 13:30:00,511.0,511.0,511.0,511.0,1695,528.43,2327
2026-09-04 09:00:00,535.0,553.0,532.0,550.0,8365,546.01,2327
2026-09-04 09:05:00,551.0,556.0,550.0,551.0,6862,549.52,2327
2026-09-04 09:10:00,551.0,551.0,543.0,544.0,3606,549.06,2327
2026-09-04 09:15:00,543.0,547.0,542.0,543.0,1571,548.7,2327
2026-09-04 09:20:00,544.0,545.0,541.0,541.0,844,548.47,2327
2026-09-04 09:25:00,541.0,547.0,540.0,544.0,1113,548.24,2327
2026-09-04 09:30:00,545.0,552.0,544.0,550.0,2628,548.34,2327
2026-09-04 09:35:00,550.0,550.0,546.0,548.0,672,548.34,2327
2026-09-04 09:40:00,548.0,551.0,547.0,548.0,1056,548.39,2327
2026-09-04 09:45:00,548.0,548.0,543.0,543.0,884,548.31,2327
2026-09-04 09:50:00,543.0,546.0,543.0,544.0,582,548.23,2327
2026-09-04 09:55:00,544.0,549.0,544.0,548.0,401,548.21,2327
2026-09-04 10:00:00,548.0,548.0,546.0,546.0,99,548.2,2327
2026-09-04 10:05:00,546.0,548.0,545.0,547.0,255,548.19,2327
2026-09-04 10:10:00,548.0,548.0,546.0,546.0,117,548.18,2327
2026-09-04 10:15:00,546.0,549.0,545.0,548.0,493,548.16,2327
2026-09-04 10:20:00,548.0,550.0,548.0,549.0,418,548.17,2327
2026-09-04 10:25:00,548.0,554.0,548.0,552.0,2042,548.38,2327
2026-09-04 10:30:00,553.0,554.0,552.0,552.0,534,548.46,2327
2026-09-04 10:35:00,552.0,554.0,551.0,552.0,507,548.52,2327
2026-09-04 10:40:00,552.0,554.0,551.0,551.0,332,548.56,2327
2026-09-04 10:45:00,551.0,552.0,551.0,551.0,102,548.57,2327
2026-09-04 10:50:00,551.0,553.0,550.0,552.0,301,548.59,2327
2026-09-04 10:55:00,553.0,561.0,552.0,558.0,4940,549.71,2327
2026-09-04 11:00:00,559.0,559.0,556.0,556.0,528,549.82,2327
2026-09-04 11:05:00,556.0,557.0,555.0,555.0,317,549.86,2327
2026-09-04 11:10:00,555.0,556.0,554.0,554.0,161,549.88,2327
2026-09-04 11:15:00,554.0,557.0,553.0,556.0,356,549.93,2327
2026-09-04 11:20:00,556.0,557.0,556.0,556.0,144,549.95,2327
2026-09-04 11:25:00,556.0,556.0,555.0,555.0,94,549.97,2327
2026-09-04 11:30:00,555.0,555.0,551.0,551.0,268,549.99,2327
2026-09-04 11:35:00,552.0,552.0,550.0,551.0,189,549.99,2327
2026-09-04 11:40:00,551.0,552.0,547.0,549.0,569,549.98,2327
2026-09-04 11:45:00,549.0,549.0,546.0,548.0,444,549.95,2327
2026-09-04 11:50:00,548.0,550.0,547.0,550.0,112,549.95,2327
2026-09-04 11:55:00,550.0,550.0,548.0,549.0,111,549.95,2327
2026-09-04 12:00:00,549.0,549.0,548.0,549.0,46,549.95,2327
2026-09-04 12:05:00,549.0,552.0,549.0,551.0,205,549.95,2327
2026-09-04 12:10:00,552.0,555.0,551.0,553.0,284,549.96,2327
2026-09-04 12:15:00,553.0,554.0,553.0,553.0,166,549.98,2327
2026-09-04 12:20:00,552.0,554.0,552.0,553.0,155,549.99,2327
2026-09-04 12:25:00,553.0,555.0,553.0,554.0,205,550.01,2327
2026-09-04 12:30:00,554.0,557.0,554.0,556.0,591,550.08,2327
2026-09-04 12:35:00,556.0,557.0,555.0,555.0,163,550.1,2327
2026-09-04 12:40:00,555.0,555.0,553.0,553.0,139,550.11,2327
2026-09-04 12:45:00,553.0,554.0,552.0,552.0,98,550.12,2327
2026-09-04 12:50:00,553.0,554.0,552.0,552.0,219,550.13,2327
2026-09-04 12:55:00,552.0,556.0,552.0,555.0,399,550.17,2327
2026-09-04 13:00:00,555.0,556.0,554.0,554.0,154,550.19,2327
2026-09-04 13:05:00,555.0,557.0,554.0,555.0,661,550.27,2327
2026-09-04 13:10:00,555.0,556.0,554.0,555.0,405,550.31,2327
2026-09-04 13:15:00,555.0,560.0,554.0,558.0,1742,550.57,2327
2026-09-04 13:20:00,557.0,562.0,557.0,562.0,6026,551.81,2327
2026-09-04 13:30:00,562.0,562.0,562.0,562.0,1041,552.0,2327
2026-09-07 09:00:00,575.0,593.0,570.0,590.0,11124,583.74,2327
2026-09-07 09:05:00,590.0,592.0,577.0,579.0,3859,583.58,2327
2026-09-07 09:10:00,578.0,584.0,577.0,582.0,1938,583.28,2327
2026-09-07 09:15:00,583.0,589.0,580.0,587.0,2245,583.46,2327
2026-09-07 09:20:00,587.0,588.0,582.0,586.0,1298,583.58,2327
2026-09-07 09:25:00,586.0,590.0,586.0,590.0,2398,584.12,2327
2026-09-07 09:30:00,590.0,590.0,585.0,586.0,1117,584.26,2327
2026-09-07 09:35:00,587.0,588.0,584.0,585.0,836,584.31,2327
2026-09-07 09:40:00,585.0,587.0,582.0,584.0,1073,584.32,2327
2026-09-07 09:45:00,584.0,585.0,583.0,584.0,391,584.31,2327
2026-09-07 09:50:00,584.0,584.0,582.0,584.0,576,584.29,2327
2026-09-07 09:55:00,583.0,585.0,579.0,580.0,1098,584.18,2327
2026-09-07 10:00:00,580.0,583.0,578.0,582.0,1476,583.93,2327
2026-09-07 10:05:00,581.0,587.0,580.0,587.0,1001,583.93,2327
2026-09-07 10:10:00,587.0,587.0,582.0,583.0,706,583.95,2327
2026-09-07 10:15:00,583.0,591.0,582.0,588.0,3493,584.45,2327
2026-09-07 10:20:00,588.0,596.0,588.0,591.0,3349,585.18,2327
2026-09-07 10:25:00,591.0,596.0,590.0,596.0,1666,585.54,2327
2026-09-07 10:30:00,595.0,601.0,595.0,600.0,3879,586.7,2327
2026-09-07 10:35:00,600.0,600.0,593.0,595.0,1064,586.93,2327
2026-09-07 10:40:00,595.0,601.0,593.0,600.0,2108,587.47,2327
2026-09-07 10:45:00,600.0,605.0,599.0,604.0,2652,588.29,2327
2026-09-07 10:50:00,604.0,605.0,597.0,597.0,1554,588.7,2327
2026-09-07 10:55:00,597.0,599.0,597.0,597.0,592,588.81,2327
2026-09-07 11:00:00,598.0,598.0,595.0,596.0,659,588.9,2327
2026-09-07 11:05:00,596.0,596.0,592.0,595.0,737,588.97,2327
2026-09-07 11:10:00,595.0,596.0,594.0,594.0,396,589.02,2327
2026-09-07 11:15:00,594.0,594.0,593.0,594.0,224,589.03,2327
2026-09-07 11:20:00,593.0,595.0,593.0,594.0,238,589.06,2327
2026-09-07 11:25:00,594.0,594.0,592.0,592.0,283,589.08,2327
2026-09-07 11:30:00,593.0,594.0,591.0,593.0,566,589.11,2327
2026-09-07 11:35:00,593.0,594.0,591.0,591.0,269,589.12,2327
2026-09-07 11:40:00,591.0,593.0,590.0,590.0,555,589.15,2327
2026-09-07 11:45:00,590.0,595.0,590.0,595.0,733,589.19,2327
2026-09-07 11:50:00,595.0,596.0,593.0,596.0,444,589.24,2327
2026-09-07 11:55:00,595.0,596.0,590.0,590.0,575,589.28,2327
2026-09-07 12:00:00,591.0,593.0,588.0,588.0,1066,589.29,2327
2026-09-07 12:05:00,588.0,590.0,587.0,587.0,436,589.28,2327
2026-09-07 12:10:00,587.0,593.0,587.0,592.0,647,589.29,2327
2026-09-07 12:15:00,591.0,592.0,589.0,591.0,251,589.29,2327
2026-09-07 12:20:00,591.0,591.0,590.0,591.0,121,589.29,2327
2026-09-07 12:25:00,591.0,591.0,588.0,589.0,333,589.29,2327
2026-09-07 12:30:00,588.0,589.0,585.0,586.0,639,589.27,2327
2026-09-07 12:35:00,586.0,586.0,583.0,584.0,752,589.21,2327
2026-09-07 12:40:00,583.0,585.0,583.0,585.0,313,589.18,2327
2026-09-07 12:45:00,585.0,586.0,584.0,586.0,290,589.16,2327
2026-09-07 12:50:00,586.0,587.0,584.0,584.0,424,589.14,2327
2026-09-07 12:55:00,584.0,587.0,583.0,587.0,340,589.11,2327
2026-09-07 13:00:00,587.0,588.0,584.0,584.0,521,589.09,2327
2026-09-07 13:05:00,584.0,586.0,584.0,586.0,264,589.07,2327
2026-09-07 13:10:00,585.0,586.0,584.0,584.0,605,589.04,2327
2026-09-07 13:15:00,585.0,590.0,584.0,590.0,1362,588.98,2327
2026-09-07 13:20:00,588.0,590.0,588.0,589.0,1058,588.98,2327
2026-09-07 13:30:00,589.0,589.0,589.0,589.0,1651,588.98,2327
2026-09-08 09:00:00,580.0,584.0,574.0,574.0,4668,578.43,2327
2026-09-08 09:05:00,574.0,579.0,570.0,577.0,2330,576.84,2327
2026-09-08 09:10:00,577.0,581.0,574.0,575.0,1090,576.95,2327
2026-09-08 09:15:00,575.0,578.0,574.0,575.0,615,576.85,2327
2026-09-08 09:20:00,575.0,576.0,572.0,573.0,721,576.6,2327
2026-09-08 09:25:00,573.0,573.0,568.0,570.0,1873,575.56,2327
2026-09-08 09:30:00,570.0,571.0,568.0,568.0,717,575.22,2327
2026-09-08 09:35:00,569.0,573.0,568.0,572.0,437,575.06,2327
2026-09-08 09:40:00,572.0,572.0,569.0,569.0,559,574.87,2327
2026-09-08 09:45:00,570.0,570.0,568.0,568.0,509,574.66,2327
2026-09-08 09:50:00,568.0,570.0,566.0,570.0,901,574.23,2327
2026-09-08 09:55:00,570.0,574.0,570.0,574.0,508,574.13,2327
2026-09-08 10:00:00,574.0,576.0,573.0,574.0,596,574.15,2327
2026-09-08 10:05:00,573.0,574.0,572.0,574.0,200,574.14,2327
2026-09-08 10:10:00,574.0,578.0,573.0,577.0,555,574.2,2327
2026-09-08 10:15:00,577.0,579.0,575.0,579.0,646,574.31,2327
2026-09-08 10:20:00,579.0,582.0,576.0,577.0,1097,574.65,2327
2026-09-08 10:25:00,577.0,578.0,575.0,576.0,237,574.67,2327
2026-09-08 10:30:00,576.0,577.0,576.0,576.0,144,574.69,2327
2026-09-08 10:35:00,576.0,577.0,572.0,573.0,1171,574.63,2327
2026-09-08 10:40:00,573.0,573.0,569.0,570.0,1014,574.41,2327
2026-09-08 10:45:00,571.0,572.0,569.0,570.0,423,574.33,2327
2026-09-08 10:50:00,571.0,571.0,568.0,569.0,540,574.2,2327
2026-09-08 10:55:00,570.0,570.0,568.0,569.0,295,574.13,2327
2026-09-08 11:00:00,569.0,569.0,568.0,568.0,365,574.03,2327
2026-09-08 11:05:00,569.0,569.0,568.0,568.0,261,573.96,2327
2026-09-08 11:10:00,568.0,570.0,567.0,567.0,408,573.87,2327
2026-09-08 11:15:00,567.0,568.0,566.0,566.0,967,573.57,2327
2026-09-08 11:20:00,566.0,567.0,565.0,566.0,563,573.4,2327
2026-09-08 11:25:00,567.0,571.0,566.0,570.0,399,573.32,2327
2026-09-08 11:30:00,570.0,577.0,570.0,573.0,1179,573.37,2327
2026-09-08 11:35:00,574.0,578.0,573.0,574.0,980,573.48,2327
2026-09-08 11:40:00,574.0,575.0,572.0,572.0,339,573.48,2327
2026-09-08 11:45:00,573.0,573.0,570.0,570.0,386,573.44,2327
2026-09-08 11:50:00,570.0,572.0,568.0,568.0,493,573.38,2327
2026-09-08 11:55:00,569.0,572.0,567.0,571.0,768,573.27,2327
2026-09-08 12:00:00,572.0,572.0,569.0,570.0,649,573.2,2327
2026-09-08 12:05:00,572.0,572.0,570.0,570.0,418,573.17,2327
2026-09-08 12:10:00,571.0,571.0,568.0,569.0,391,573.11,2327
2026-09-08 12:15:00,569.0,571.0,568.0,570.0,199,573.09,2327
2026-09-08 12:20:00,570.0,573.0,570.0,572.0,207,573.08,2327
2026-09-08 12:25:00,572.0,573.0,570.0,571.0,327,573.06,2327
2026-09-08 12:30:00,571.0,572.0,570.0,570.0,164,573.04,2327
2026-09-08 12:35:00,571.0,571.0,570.0,570.0,181,573.03,2327
2026-09-08 12:40:00,571.0,573.0,570.0,572.0,478,573.0,2327
2026-09-08 12:45:00,573.0,573.0,571.0,571.0,228,572.99,2327
2026-09-08 12:50:00,571.0,574.0,571.0,572.0,475,572.98,2327
2026-09-08 12:55:00,573.0,573.0,570.0,571.0,269,572.97,2327
2026-09-08 13:00:00,571.0,572.0,568.0,569.0,722,572.89,2327
2026-09-08 13:05:00,570.0,570.0,567.0,568.0,611,572.8,2327
2026-09-08 13:10:00,567.0,568.0,566.0,568.0,711,572.68,2327
2026-09-08 13:15:00,568.0,568.0,567.0,567.0,373,572.63,2327
2026-09-08 13:20:00,567.0,568.0,566.0,567.0,780,572.5,2327
2026-09-08 13:30:00,567.0,567.0,567.0,567.0,1641,572.26,2327
2026-09-09 09:00:00,574.0,585.0,570.0,572.0,4841,576.67,2327
2026-09-09 09:05:00,572.0,575.0,563.0,567.0,3353,573.27,2327
2026-09-09 09:10:00,567.0,575.0,565.0,575.0,1695,572.75,2327
2026-09-09 09:15:00,575.0,576.0,573.0,573.0,1017,572.9,2327
2026-09-09 09:20:00,573.0,573.0,570.0,571.0,554,572.83,2327
2026-09-09 09:25:00,571.0,574.0,570.0,572.0,527,572.79,2327
2026-09-09 09:30:00,572.0,574.0,571.0,572.0,341,572.77,2327
2026-09-09 09:35:00,572.0,572.0,570.0,571.0,214,572.73,2327
2026-09-09 09:40:00,571.0,571.0,568.0,568.0,388,572.63,2327
2026-09-09 09:45:00,568.0,571.0,567.0,571.0,788,572.37,2327
2026-09-09 09:50:00,571.0,573.0,570.0,573.0,441,572.36,2327
2026-09-09 09:55:00,573.0,573.0,569.0,569.0,148,572.34,2327
2026-09-09 10:00:00,569.0,571.0,569.0,571.0,132,572.32,2327
2026-09-09 10:05:00,571.0,571.0,570.0,571.0,60,572.32,2327
2026-09-09 10:10:00,571.0,571.0,570.0,570.0,107,572.3,2327
2026-09-09 10:15:00,571.0,572.0,570.0,571.0,132,572.29,2327
2026-09-09 10:20:00,571.0,571.0,570.0,570.0,106,572.28,2327
2026-09-09 10:25:00,570.0,570.0,568.0,568.0,201,572.24,2327
2026-09-09 10:30:00,568.0,570.0,568.0,570.0,133,572.21,2327
2026-09-09 10:35:00,570.0,570.0,569.0,570.0,75,572.2,2327
2026-09-09 10:40:00,570.0,571.0,569.0,571.0,80,572.19,2327
2026-09-09 10:45:00,570.0,571.0,570.0,570.0,92,572.18,2327
2026-09-09 10:50:00,569.0,570.0,569.0,570.0,91,572.16,2327
2026-09-09 10:55:00,569.0,570.0,568.0,569.0,200,572.12,2327
2026-09-09 11:00:00,569.0,569.0,568.0,568.0,252,572.06,2327
2026-09-09 11:05:00,568.0,568.0,567.0,567.0,170,572.0,2327
2026-09-09 11:10:00,567.0,567.0,566.0,566.0,412,571.87,2327
2026-09-09 11:15:00,567.0,569.0,566.0,569.0,295,571.79,2327
2026-09-09 11:20:00,569.0,569.0,568.0,568.0,49,571.78,2327
2026-09-09 11:25:00,568.0,569.0,567.0,568.0,155,571.75,2327
2026-09-09 11:30:00,568.0,569.0,568.0,568.0,51,571.74,2327
2026-09-09 11:35:00,568.0,572.0,568.0,571.0,564,571.69,2327
2026-09-09 11:40:00,570.0,571.0,570.0,570.0,118,571.68,2327
2026-09-09 11:45:00,570.0,571.0,569.0,569.0,68,571.67,2327
2026-09-09 11:50:00,569.0,569.0,567.0,567.0,282,571.62,2327
2026-09-09 11:55:00,567.0,570.0,567.0,570.0,147,571.59,2327
2026-09-09 12:00:00,571.0,571.0,569.0,569.0,56,571.59,2327
2026-09-09 12:05:00,569.0,569.0,567.0,568.0,208,571.55,2327
2026-09-09 12:10:00,567.0,568.0,566.0,566.0,318,571.47,2327
2026-09-09 12:15:00,566.0,567.0,566.0,566.0,173,571.42,2327
2026-09-09 12:20:00,567.0,567.0,566.0,567.0,306,571.35,2327
2026-09-09 12:25:00,567.0,568.0,567.0,567.0,113,571.33,2327
2026-09-09 12:30:00,567.0,572.0,567.0,571.0,536,571.29,2327
2026-09-09 12:35:00,572.0,574.0,570.0,573.0,951,571.33,2327
2026-09-09 12:40:00,573.0,574.0,571.0,571.0,345,571.35,2327
2026-09-09 12:45:00,571.0,572.0,569.0,571.0,293,571.34,2327
2026-09-09 12:50:00,571.0,572.0,570.0,571.0,282,571.34,2327
2026-09-09 12:55:00,572.0,573.0,571.0,571.0,425,571.35,2327
2026-09-09 13:00:00,571.0,572.0,570.0,570.0,206,571.35,2327
2026-09-09 13:05:00,570.0,570.0,569.0,569.0,260,571.32,2327
2026-09-09 13:10:00,570.0,571.0,569.0,570.0,564,571.29,2327
2026-09-09 13:15:00,569.0,570.0,567.0,567.0,773,571.2,2327
2026-09-09 13:20:00,567.0,568.0,566.0,567.0,854,571.05,2327
2026-09-09 13:30:00,565.0,565.0,565.0,565.0,1922,570.62,2327
2026-09-10 09:00:00,558.0,559.0,546.0,554.0,3856,551.62,2327
2026-09-10 09:05:00,554.0,554.0,551.0,552.0,734,551.74,2327
2026-09-10 09:10:00,552.0,553.0,548.0,549.0,815,551.48,2327
2026-09-10 09:15:00,549.0,552.0,548.0,550.0,629,551.31,2327
2026-09-10 09:20:00,550.0,550.0,546.0,547.0,1068,550.78,2327
2026-09-10 09:25:00,547.0,548.0,543.0,544.0,1894,549.54,2327
2026-09-10 09:30:00,544.0,547.0,544.0,546.0,435,549.33,2327
2026-09-10 09:35:00,546.0,548.0,543.0,548.0,581,549.09,2327
2026-09-10 09:40:00,548.0,555.0,548.0,552.0,1156,549.36,2327
2026-09-10 09:45:00,551.0,552.0,549.0,550.0,313,549.38,2327
2026-09-10 09:50:00,550.0,555.0,550.0,552.0,779,549.62,2327
2026-09-10 09:55:00,552.0,553.0,551.0,552.0,167,549.65,2327
2026-09-10 10:00:00,552.0,553.0,550.0,552.0,302,549.69,2327
2026-09-10 10:05:00,552.0,558.0,552.0,554.0,1376,550.21,2327
2026-09-10 10:10:00,554.0,555.0,553.0,554.0,140,550.25,2327
2026-09-10 10:15:00,553.0,554.0,550.0,551.0,398,550.26,2327
2026-09-10 10:20:00,552.0,552.0,551.0,552.0,92,550.27,2327
2026-09-10 10:25:00,552.0,553.0,551.0,551.0,71,550.28,2327
2026-09-10 10:30:00,551.0,556.0,551.0,555.0,359,550.36,2327
2026-09-10 10:35:00,555.0,556.0,553.0,553.0,131,550.4,2327
2026-09-10 10:40:00,554.0,555.0,553.0,554.0,76,550.42,2327
2026-09-10 10:45:00,554.0,555.0,552.0,552.0,103,550.43,2327
2026-09-10 10:50:00,552.0,553.0,551.0,552.0,72,550.44,2327
2026-09-10 10:55:00,552.0,553.0,551.0,551.0,80,550.45,2327
2026-09-10 11:00:00,552.0,552.0,551.0,551.0,82,550.45,2327
2026-09-10 11:05:00,551.0,552.0,551.0,551.0,90,550.46,2327
2026-09-10 11:10:00,551.0,553.0,551.0,552.0,90,550.47,2327
2026-09-10 11:15:00,552.0,552.0,551.0,551.0,119,550.47,2327
2026-09-10 11:20:00,551.0,551.0,549.0,549.0,351,550.46,2327
2026-09-10 11:25:00,549.0,550.0,549.0,549.0,155,550.45,2327
2026-09-10 11:30:00,549.0,549.0,548.0,548.0,129,550.43,2327
2026-09-10 11:35:00,548.0,548.0,547.0,547.0,344,550.37,2327
2026-09-10 11:40:00,547.0,548.0,547.0,547.0,93,550.36,2327
2026-09-10 11:45:00,547.0,547.0,546.0,547.0,385,550.28,2327
2026-09-10 11:50:00,547.0,549.0,547.0,549.0,129,550.26,2327
2026-09-10 11:55:00,549.0,550.0,549.0,549.0,228,550.24,2327
2026-09-10 12:00:00,549.0,550.0,549.0,550.0,67,550.24,2327
2026-09-10 12:05:00,549.0,551.0,549.0,549.0,756,550.24,2327
2026-09-10 12:10:00,549.0,550.0,549.0,549.0,41,550.23,2327
2026-09-10 12:15:00,549.0,550.0,548.0,549.0,177,550.22,2327
2026-09-10 12:20:00,549.0,552.0,548.0,551.0,418,550.22,2327
2026-09-10 12:25:00,551.0,553.0,551.0,552.0,298,550.24,2327
2026-09-10 12:30:00,552.0,558.0,552.0,558.0,1343,550.5,2327
2026-09-10 12:35:00,558.0,562.0,554.0,561.0,1372,550.98,2327
2026-09-10 12:40:00,561.0,561.0,558.0,561.0,751,551.26,2327
2026-09-10 12:45:00,561.0,571.0,559.0,564.0,2252,552.59,2327
2026-09-10 12:50:00,563.0,573.0,563.0,571.0,1598,553.59,2327
2026-09-10 12:55:00,570.0,572.0,568.0,570.0,605,553.96,2327
2026-09-10 13:00:00,570.0,582.0,569.0,580.0,3236,556.38,2327
2026-09-10 13:05:00,580.0,581.0,574.0,575.0,2116,557.77,2327
2026-09-10 13:10:00,576.0,576.0,572.0,573.0,706,558.11,2327
2026-09-10 13:15:00,573.0,576.0,572.0,573.0,672,558.42,2327
2026-09-10 13:20:00,572.0,573.0,571.0,572.0,839,558.74,2327
2026-09-10 13:30:00,572.0,572.0,572.0,572.0,1460,559.27,2327
