date,open,high,low,close,volume,average,stock_code
2026-04-27 09:00:00,89.8,92.7,89.8,91.9,21971,91.4,2344
2026-04-27 09:05:00,91.9,92.1,90.0,91.1,11816,91.28,2344
2026-04-27 09:10:00,91.0,91.3,89.6,90.0,7720,91.13,2344
2026-04-27 09:15:00,90.0,91.0,89.1,90.7,6970,90.97,2344
2026-04-27 09:20:00,90.6,91.1,89.9,90.9,4576,90.95,2344
2026-04-27 09:25:00,90.9,91.8,90.3,91.7,8656,90.98,2344
2026-04-27 09:30:00,91.6,91.8,91.0,91.5,4327,91.01,2344
2026-04-27 09:35:00,91.5,91.8,90.7,90.7,4613,91.03,2344
2026-04-27 09:40:00,90.8,91.2,90.5,90.6,2598,91.03,2344
2026-04-27 09:45:00,90.7,91.5,90.6,91.5,2364,91.03,2344
2026-04-27 09:50:00,91.4,92.6,91.1,92.4,13264,91.18,2344
2026-04-27 09:55:00,92.5,92.8,91.3,91.6,9120,91.28,2344
2026-04-27 10:00:00,91.6,93.4,91.3,93.3,12689,91.44,2344
2026-04-27 10:05:00,93.3,94.2,93.2,93.9,17475,91.76,2344
2026-04-27 10:10:00,93.9,93.9,93.1,93.3,9029,91.87,2344
2026-04-27 10:15:00,93.3,93.4,92.5,93.0,5510,91.91,2344
2026-04-27 10:20:00,92.9,93.7,92.8,93.5,3658,91.95,2344
2026-04-27 10:25:00,93.5,93.6,92.7,93.5,3050,91.97,2344
2026-04-27 10:30:00,93.5,94.8,93.4,94.7,14211,92.17,2344
2026-04-27 10:35:00,94.7,95.2,94.5,94.6,13589,92.38,2344
2026-04-27 10:40:00,94.6,95.2,94.5,95.1,7112,92.48,2344
2026-04-27 10:45:00,95.1,95.6,95.0,95.6,5928,92.56,2344
2026-04-27 10:50:00,95.6,95.6,95.0,95.1,3218,92.61,2344
2026-04-27 10:55:00,95.1,95.5,94.8,95.2,4884,92.67,2344
2026-04-27 11:00:00,95.2,95.2,94.3,94.6,4526,92.72,2344
2026-04-27 11:05:00,94.6,94.7,94.3,94.5,1730,92.73,2344
2026-04-27 11:10:00,94.4,94.7,93.9,94.2,2893,92.75,2344
2026-04-27 11:15:00,94.2,94.6,94.2,94.5,1204,92.76,2344
2026-04-27 11:20:00,94.5,94.6,94.0,94.1,1661,92.77,2344
2026-04-27 11:25:00,94.1,94.2,93.6,93.8,2363,92.79,2344
2026-04-27 11:30:00,93.8,94.0,93.8,94.0,724,92.79,2344
2026-04-27 11:35:00,94.0,94.0,93.7,93.7,1286,92.8,2344
2026-04-27 11:40:00,93.8,93.8,93.3,93.8,2792,92.81,2344
2026-04-27 11:45:00,93.8,93.8,93.3,93.4,1689,92.81,2344
2026-04-27 11:50:00,93.4,94.1,93.4,93.8,3797,92.83,2344
2026-04-27 11:55:00,93.8,93.9,93.6,93.7,885,92.83,2344
2026-04-27 12:00:00,93.6,93.6,93.3,93.6,1313,92.84,2344
2026-04-27 12:05:00,93.6,94.0,93.5,94.0,1030,92.84,2344
2026-04-27 12:10:00,94.0,94.0,93.5,93.9,1573,92.85,2344
2026-04-27 12:15:00,93.8,94.0,93.6,93.6,922,92.85,2344
2026-04-27 12:20:00,93.6,94.2,93.6,94.0,1707,92.86,2344
2026-04-27 12:25:00,94.0,94.3,93.9,94.1,1554,92.87,2344
2026-04-27 12:30:00,94.1,94.1,93.8,94.0,1328,92.88,2344
2026-04-27 12:35:00,93.9,94.0,93.8,93.9,866,92.88,2344
2026-04-27 12:40:00,93.9,94.3,93.9,94.3,1627,92.89,2344
2026-04-27 12:45:00,94.3,94.3,94.1,94.2,1110,92.89,2344
2026-04-27 12:50:00,94.2,94.3,94.0,94.0,1802,92.9,2344
2026-04-27 12:55:00,94.1,94.1,93.7,93.8,1837,92.91,2344
2026-04-27 13:00:00,93.9,94.2,93.8,94.1,2016,92.92,2344
2026-04-27 13:05:00,94.1,94.7,94.0,94.4,5638,92.95,2344
2026-04-27 13:10:00,94.4,94.7,94.3,94.5,3088,92.97,2344
2026-04-27 13:15:00,94.4,94.5,94.0,94.1,3434,92.99,2344
2026-04-27 13:20:00,94.0,94.2,93.9,93.9,4098,93.01,2344
2026-04-27 13:30:00,93.9,93.9,93.9,93.9,8512,93.04,2344
2026-04-28 09:00:00,95.3,95.9,93.5,95.9,23691,94.99,2344
2026-04-28 09:05:00,95.8,96.2,94.3,94.7,15752,95.17,2344
2026-04-28 09:10:00,94.7,95.5,93.8,94.2,10298,95.05,2344
2026-04-28 09:15:00,94.1,95.1,94.1,95.0,5588,95.02,2344
2026-04-28 09:20:00,94.9,95.3,94.4,95.2,4236,95.01,2344
2026-04-28 09:25:00,95.2,95.3,94.6,94.8,5215,95.01,2344
2026-04-28 09:30:00,94.9,95.0,94.1,94.1,4313,94.98,2344
2026-04-28 09:35:00,94.1,94.7,93.5,94.5,9894,94.86,2344
2026-04-28 09:40:00,94.6,94.8,94.1,94.2,2529,94.85,2344
2026-04-28 09:45:00,94.2,95.4,94.2,95.0,7266,94.86,2344
2026-04-28 09:50:00,95.0,95.2,94.3,94.3,2433,94.86,2344
2026-04-28 09:55:00,94.4,94.7,94.2,94.2,1612,94.85,2344
2026-04-28 10:00:00,94.2,94.5,93.8,94.3,4110,94.82,2344
2026-04-28 10:05:00,94.3,94.6,94.0,94.2,1626,94.81,2344
2026-04-28 10:10:00,94.2,94.8,94.2,94.6,1954,94.8,2344
2026-04-28 10:15:00,94.6,94.7,94.3,94.5,1215,94.8,2344
2026-04-28 10:20:00,94.5,95.1,94.5,94.7,4103,94.81,2344
2026-04-28 10:25:00,94.6,95.0,94.4,94.6,1382,94.81,2344
2026-04-28 10:30:00,94.7,95.0,94.5,94.9,1118,94.81,2344
2026-04-28 10:35:00,94.9,95.4,94.6,95.2,6264,94.83,2344
2026-04-28 10:40:00,95.2,95.3,94.4,94.5,1801,94.82,2344
2026-04-28 10:45:00,94.5,94.9,94.5,94.8,792,94.82,2344
2026-04-28 10:50:00,94.9,95.8,94.8,95.7,9602,94.87,2344
2026-04-28 10:55:00,95.7,96.2,95.4,96.1,9634,94.94,2344
2026-04-28 11:00:00,96.1,96.6,96.0,96.5,10404,95.05,2344
2026-04-28 11:05:00,96.6,96.8,95.9,96.4,5131,95.09,2344
2026-04-28 11:10:00,96.4,96.9,96.3,96.4,4150,95.13,2344
2026-04-28 11:15:00,96.5,96.8,96.4,96.7,2283,95.15,2344
2026-04-28 11:20:00,96.7,96.7,95.8,95.8,2490,95.17,2344
2026-04-28 11:25:00,95.8,96.0,95.6,95.9,1410,95.17,2344
2026-04-28 11:30:00,95.9,95.9,95.3,95.5,1836,95.18,2344
2026-04-28 11:35:00,95.5,95.7,95.1,95.6,1571,95.18,2344
2026-04-28 11:40:00,95.5,95.8,95.4,95.7,599,95.18,2344
2026-04-28 11:45:00,95.7,95.7,95.2,95.3,919,95.18,2344
2026-04-28 11:50:00,95.3,95.4,94.5,94.7,3563,95.18,2344
2026-04-28 11:55:00,94.6,95.2,94.6,95.1,1146,95.18,2344
2026-04-28 12:00:00,95.1,95.2,94.9,95.0,801,95.18,2344
2026-04-28 12:05:00,95.0,95.2,94.8,95.1,714,95.17,2344
2026-04-28 12:10:00,95.1,95.4,95.0,95.3,540,95.17,2344
2026-04-28 12:15:00,95.3,95.6,95.3,95.4,1159,95.18,2344
2026-04-28 12:20:00,95.4,95.7,95.3,95.7,1738,95.18,2344
2026-04-28 12:25:00,95.7,95.8,95.4,95.6,1235,95.18,2344
2026-04-28 12:30:00,95.5,96.3,95.5,95.9,4501,95.2,2344
2026-04-28 12:35:00,96.0,96.5,95.9,95.9,3723,95.22,2344
2026-04-28 12:40:00,96.0,96.1,95.7,95.9,1377,95.23,2344
2026-04-28 12:45:00,95.9,96.0,95.6,95.6,1794,95.23,2344
2026-04-28 12:50:00,95.6,95.7,95.5,95.6,1155,95.24,2344
2026-04-28 12:55:00,95.6,96.0,95.6,95.9,1617,95.24,2344
2026-04-28 13:00:00,96.0,96.2,95.8,96.1,2820,95.25,2344
2026-04-28 13:05:00,96.1,96.1,95.8,95.9,2622,95.26,2344
2026-04-28 13:10:00,95.9,95.9,95.6,95.8,2751,95.27,2344
2026-04-28 13:15:00,95.8,96.3,95.7,96.2,4780,95.29,2344
2026-04-28 13:20:00,96.3,96.3,95.7,95.7,3921,95.3,2344
2026-04-28 13:30:00,95.5,95.5,95.5,95.5,8547,95.31,2344
2026-04-29 09:00:00,94.5,95.5,93.9,95.3,10095,94.55,2344
2026-04-29 09:05:00,95.3,95.5,93.2,93.5,9315,94.4,2344
2026-04-29 09:10:00,93.5,94.9,93.4,94.6,4449,94.35,2344
2026-04-29 09:15:00,94.6,96.0,94.6,95.8,8455,94.63,2344
2026-04-29 09:20:00,95.7,95.9,94.6,94.6,4605,94.72,2344
2026-04-29 09:25:00,94.7,95.2,94.6,95.0,1869,94.73,2344
2026-04-29 09:30:00,95.0,95.4,94.8,94.9,1605,94.74,2344
2026-04-29 09:35:00,94.9,95.2,94.4,94.9,2662,94.74,2344
2026-04-29 09:40:00,94.8,94.8,94.0,94.1,2734,94.73,2344
2026-04-29 09:45:00,94.1,94.2,93.5,93.6,7040,94.61,2344
2026-04-29 09:50:00,93.6,94.1,93.5,93.9,2236,94.57,2344
2026-04-29 09:55:00,93.8,94.2,93.4,93.7,4201,94.51,2344
2026-04-29 10:00:00,93.8,94.2,93.7,94.0,1576,94.5,2344
2026-04-29 10:05:00,94.0,94.0,93.5,93.6,1369,94.48,2344
2026-04-29 10:10:00,93.6,93.8,93.4,93.7,1783,94.45,2344
2026-04-29 10:15:00,93.6,94.1,93.5,93.7,1177,94.44,2344
2026-04-29 10:20:00,93.7,93.8,93.6,93.6,1054,94.43,2344
2026-04-29 10:25:00,93.7,93.7,93.3,93.5,2610,94.39,2344
2026-04-29 10:30:00,93.5,93.5,93.0,93.4,3584,94.34,2344
2026-04-29 10:35:00,93.3,93.4,93.0,93.2,2527,94.3,2344
2026-04-29 10:40:00,93.2,93.2,92.3,92.3,6136,94.18,2344
2026-04-29 10:45:00,92.3,92.8,92.2,92.8,1760,94.14,2344
2026-04-29 10:50:00,92.7,93.2,92.6,92.7,1479,94.12,2344
2026-04-29 10:55:00,92.6,92.9,92.5,92.7,1031,94.1,2344
2026-04-29 11:00:00,92.7,93.0,92.7,93.0,615,94.09,2344
2026-04-29 11:05:00,93.0,93.5,93.0,93.1,1327,94.08,2344
2026-04-29 11:10:00,93.1,93.1,92.7,92.8,798,94.07,2344
2026-04-29 11:15:00,92.8,93.0,92.6,92.7,885,94.06,2344
2026-04-29 11:20:00,92.6,92.7,92.5,92.5,1015,94.04,2344
2026-04-29 11:25:00,92.5,92.9,92.5,92.7,743,94.03,2344
2026-04-29 11:30:00,92.7,92.8,92.5,92.6,486,94.02,2344
2026-04-29 11:35:00,92.6,92.8,92.4,92.7,1121,94.0,2344
2026-04-29 11:40:00,92.6,92.7,92.1,92.2,2629,93.96,2344
2026-04-29 11:45:00,92.2,92.7,92.2,92.7,733,93.95,2344
2026-04-29 11:50:00,92.7,93.2,92.6,93.0,1374,93.93,2344
2026-04-29 11:55:00,93.0,93.1,92.7,92.9,840,93.92,2344
2026-04-29 12:00:00,93.0,93.1,92.8,92.8,768,93.92,2344
2026-04-29 12:05:00,92.9,93.0,92.7,92.8,562,93.91,2344
2026-04-29 12:10:00,92.7,92.9,92.6,92.6,580,93.9,2344
2026-04-29 12:15:00,92.7,93.2,92.6,93.0,1564,93.89,2344
2026-04-29 12:20:00,93.0,93.0,92.6,92.7,974,93.88,2344
2026-04-29 12:25:00,92.7,93.2,92.6,92.9,1194,93.87,2344
2026-04-29 12:30:00,92.8,93.2,92.7,93.0,1013,93.86,2344
2026-04-29 12:35:00,93.0,93.2,92.8,92.9,727,93.85,2344
2026-04-29 12:40:00,92.9,93.0,92.7,92.7,466,93.85,2344
2026-04-29 12:45:00,92.7,92.9,92.7,92.7,855,93.84,2344
2026-04-29 12:50:00,92.8,92.9,92.6,92.7,939,93.83,2344
2026-04-29 12:55:00,92.7,92.8,92.5,92.6,1222,93.82,2344
2026-04-29 13:00:00,92.6,92.9,92.6,92.7,1296,93.8,2344
2026-04-29 13:05:00,92.6,92.7,92.4,92.6,2586,93.77,2344
2026-04-29 13:10:00,92.5,92.7,92.5,92.5,1638,93.76,2344
2026-04-29 13:15:00,92.6,92.8,92.4,92.8,3811,93.72,2344
2026-04-29 13:20:00,92.7,92.9,92.5,92.7,4089,93.68,2344
2026-04-29 13:30:00,92.7,92.7,92.7,92.7,6297,93.64,2344
2026-04-30 09:00:00,94.2,94.6,92.4,92.8,11077,93.79,2344
2026-04-30 09:05:00,92.8,93.2,91.7,92.3,6061,93.26,2344
2026-04-30 09:10:00,92.3,92.7,91.5,91.6,3839,93.03,2344
2026-04-30 09:15:00,91.5,92.1,91.3,91.7,3738,92.83,2344
2026-04-30 09:20:00,91.7,91.8,91.3,91.5,2783,92.69,2344
2026-04-30 09:25:00,91.6,91.7,91.1,91.2,3362,92.54,2344
2026-04-30 09:30:00,91.1,91.7,91.1,91.4,1970,92.48,2344
2026-04-30 09:35:00,91.3,91.6,90.6,91.2,4863,92.29,2344
2026-04-30 09:40:00,91.3,91.9,91.2,91.3,1893,92.25,2344
2026-04-30 09:45:00,91.3,91.5,90.8,91.0,1385,92.21,2344
2026-04-30 09:50:00,90.9,91.3,90.8,91.2,1279,92.18,2344
2026-04-30 09:55:00,91.2,91.5,90.8,91.4,1462,92.14,2344
2026-04-30 10:00:00,91.5,91.7,91.1,91.4,952,92.13,2344
2026-04-30 10:05:00,91.4,91.5,91.3,91.4,585,92.12,2344
2026-04-30 10:10:00,91.3,91.4,90.9,91.0,1271,92.09,2344
2026-04-30 10:15:00,91.0,91.3,90.9,91.2,772,92.07,2344
2026-04-30 10:20:00,91.2,91.3,90.7,91.0,1368,92.04,2344
2026-04-30 10:25:00,91.0,91.1,90.6,90.6,1735,92.0,2344
2026-04-30 10:30:00,90.6,90.7,90.4,90.4,2918,91.92,2344
2026-04-30 10:35:00,90.5,90.7,90.4,90.5,1186,91.89,2344
2026-04-30 10:40:00,90.5,90.9,90.4,90.9,785,91.87,2344
2026-04-30 10:45:00,90.8,90.9,90.4,90.5,964,91.85,2344
2026-04-30 10:50:00,90.5,90.5,90.0,90.2,3599,91.75,2344
2026-04-30 10:55:00,90.2,90.3,90.0,90.1,1728,91.7,2344
2026-04-30 11:00:00,90.0,90.1,89.6,89.7,4395,91.58,2344
2026-04-30 11:05:00,89.7,90.0,89.4,89.8,2933,91.5,2344
2026-04-30 11:10:00,89.8,90.2,89.8,89.9,1376,91.47,2344
2026-04-30 11:15:00,89.9,89.9,89.5,89.5,1095,91.44,2344
2026-04-30 11:20:00,89.6,89.9,89.5,89.6,775,91.43,2344
2026-04-30 11:25:00,89.6,89.7,89.5,89.7,661,91.41,2344
2026-04-30 11:30:00,89.7,89.9,89.6,89.9,471,91.4,2344
2026-04-30 11:35:00,89.8,89.9,89.7,89.8,590,91.39,2344
2026-04-30 11:40:00,89.7,90.0,89.6,90.0,837,91.37,2344
2026-04-30 11:45:00,89.9,90.3,89.9,90.3,1178,91.35,2344
2026-04-30 11:50:00,90.3,90.3,90.0,90.0,668,91.34,2344
2026-04-30 11:55:00,90.0,90.1,89.8,90.1,688,91.33,2344
2026-04-30 12:00:00,90.0,90.1,89.9,89.9,611,91.32,2344
2026-04-30 12:05:00,90.0,90.0,89.7,89.7,530,91.31,2344
2026-04-30 12:10:00,89.7,89.8,89.5,89.7,1257,91.28,2344
2026-04-30 12:15:00,89.7,89.7,89.5,89.6,960,91.26,2344
2026-04-30 12:20:00,89.6,89.6,89.4,89.5,2085,91.21,2344
2026-04-30 12:25:00,89.5,89.6,89.1,89.2,2176,91.17,2344
2026-04-30 12:30:00,89.2,89.2,88.8,89.0,3731,91.08,2344
2026-04-30 12:35:00,88.9,89.2,88.9,89.0,1115,91.05,2344
2026-04-30 12:40:00,89.0,89.3,88.9,89.3,1875,91.01,2344
2026-04-30 12:45:00,89.2,89.7,89.2,89.6,1018,90.99,2344
2026-04-30 12:50:00,89.6,89.9,89.6,89.8,1095,90.98,2344
2026-04-30 12:55:00,89.8,89.9,89.5,89.5,769,90.97,2344
2026-04-30 13:00:00,89.6,90.0,89.5,89.5,2228,90.94,2344
2026-04-30 13:05:00,89.5,89.9,89.3,89.9,1830,90.91,2344
2026-04-30 13:10:00,89.9,90.0,89.6,89.9,2373,90.89,2344
2026-04-30 13:15:00,90.0,90.0,89.7,89.7,1294,90.87,2344
2026-04-30 13:20:00,89.7,89.8,89.6,89.6,3534,90.84,2344
2026-04-30 13:30:00,89.8,89.8,89.8,89.8,8766,90.76,2344
2026-05-04 09:00:00,91.9,92.7,91.5,91.5,10252,92.18,2344
2026-05-04 09:05:00,91.5,92.0,91.1,91.7,4604,91.96,2344
2026-05-04 09:10:00,91.7,93.4,91.7,93.3,9542,92.25,2344
2026-05-04 09:15:00,93.4,93.8,93.1,93.3,5235,92.47,2344
2026-05-04 09:20:00,93.3,94.4,93.3,94.0,8770,92.82,2344
2026-05-04 09:25:00,94.1,94.8,94.0,94.4,7589,93.09,2344
2026-05-04 09:30:00,94.5,94.6,93.6,93.8,3707,93.16,2344
2026-05-04 09:35:00,93.9,94.1,93.3,93.5,2416,93.18,2344
2026-05-04 09:40:00,93.5,94.0,93.3,93.6,1546,93.2,2344
2026-05-04 09:45:00,93.6,93.9,93.2,93.2,2102,93.21,2344
2026-05-04 09:50:00,93.2,93.3,92.2,92.3,5592,93.16,2344
2026-05-04 09:55:00,92.3,93.0,92.2,93.0,3304,93.13,2344
2026-05-04 10:00:00,93.0,93.3,92.7,93.0,1908,93.12,2344
2026-05-04 10:05:00,93.0,93.6,93.0,93.6,1694,93.13,2344
2026-05-04 10:10:00,93.5,94.7,93.5,94.2,7082,93.23,2344
2026-05-04 10:15:00,94.2,94.8,93.9,94.2,4039,93.3,2344
2026-05-04 10:20:00,94.1,94.6,93.9,94.3,2400,93.32,2344
2026-05-04 10:25:00,94.2,94.8,94.1,94.3,3693,93.38,2344
2026-05-04 10:30:00,94.3,94.4,93.6,93.6,1823,93.39,2344
2026-05-04 10:35:00,93.7,93.8,93.5,93.8,1140,93.39,2344
2026-05-04 10:40:00,93.8,93.8,93.3,93.4,917,93.4,2344
2026-05-04 10:45:00,93.3,93.4,93.2,93.3,1180,93.39,2344
2026-05-04 10:50:00,93.2,93.8,93.1,93.6,1244,93.39,2344
2026-05-04 10:55:00,93.6,93.9,93.4,93.8,675,93.4,2344
2026-05-04 11:00:00,93.8,94.3,93.7,94.2,1635,93.41,2344
2026-05-04 11:05:00,94.3,95.3,94.2,95.3,13794,93.6,2344
2026-05-04 11:10:00,95.2,95.3,94.5,95.0,4194,93.65,2344
2026-05-04 11:15:00,95.1,95.1,94.4,94.7,1517,93.66,2344
2026-05-04 11:20:00,94.6,94.8,94.5,94.6,792,93.67,2344
2026-05-04 11:25:00,94.7,94.8,94.5,94.5,792,93.67,2344
2026-05-04 11:30:00,94.5,95.0,94.5,94.9,1607,93.69,2344
2026-05-04 11:35:00,94.9,96.9,94.9,96.8,17128,93.97,2344
2026-05-04 11:40:00,96.8,97.5,96.6,96.8,8604,94.16,2344
2026-05-04 11:45:00,96.8,97.4,96.7,97.1,3698,94.23,2344
2026-05-04 11:50:00,97.1,98.4,97.0,97.9,11846,94.49,2344
2026-05-04 11:55:00,98.0,98.0,96.8,96.9,3124,94.55,2344
2026-05-04 12:00:00,97.0,97.0,96.5,96.6,1900,94.57,2344
2026-05-04 12:05:00,96.5,96.7,96.1,96.3,2724,94.6,2344
2026-05-04 12:10:00,96.3,96.4,96.0,96.4,1805,94.62,2344
2026-05-04 12:15:00,96.4,96.5,95.9,96.0,1816,94.64,2344
2026-05-04 12:20:00,95.9,96.2,95.7,95.7,1424,94.65,2344
2026-05-04 12:25:00,95.7,96.1,95.5,95.7,1503,94.66,2344
2026-05-04 12:30:00,95.7,96.0,95.5,96.0,896,94.66,2344
2026-05-04 12:35:00,96.0,96.0,95.5,95.5,984,94.67,2344
2026-05-04 12:40:00,95.5,95.9,95.5,95.8,1063,94.68,2344
2026-05-04 12:45:00,95.7,95.9,95.5,95.5,833,94.68,2344
2026-05-04 12:50:00,95.6,95.6,95.2,95.6,2560,94.69,2344
2026-05-04 12:55:00,95.6,95.8,95.5,95.7,726,94.69,2344
2026-05-04 13:00:00,95.6,95.7,95.4,95.4,1076,94.7,2344
2026-05-04 13:05:00,95.4,96.0,95.4,95.8,1977,94.71,2344
2026-05-04 13:10:00,95.8,95.8,95.3,95.3,1185,94.71,2344
2026-05-04 13:15:00,95.5,95.9,95.3,95.8,2589,94.73,2344
2026-05-04 13:20:00,95.7,95.9,95.5,95.6,4119,94.75,2344
2026-05-04 13:30:00,95.4,95.4,95.4,95.4,6440,94.77,2344
2026-05-05 09:00:00,96.8,99.6,96.8,99.6,28471,97.98,2344
2026-05-05 09:05:00,99.5,100.5,98.8,99.7,20695,98.67,2344
2026-05-05 09:10:00,99.6,99.9,98.7,99.6,9570,98.78,2344
2026-05-05 09:15:00,99.6,99.7,98.7,98.9,5116,98.8,2344
2026-05-05 09:20:00,98.9,99.0,97.7,98.0,8227,98.75,2344
2026-05-05 09:25:00,98.0,98.6,96.8,96.9,10085,98.6,2344
2026-05-05 09:30:00,96.9,98.2,96.6,97.9,8284,98.48,2344
2026-05-05 09:35:00,97.8,98.8,97.5,98.0,5290,98.47,2344
2026-05-05 09:40:00,98.0,98.1,97.3,97.4,2403,98.45,2344
2026-05-05 09:45:00,97.4,97.6,97.1,97.2,2605,98.42,2344
2026-05-05 09:50:00,97.2,98.2,97.2,97.8,1900,98.41,2344
2026-05-05 09:55:00,97.8,98.1,97.6,98.0,1402,98.41,2344
2026-05-05 10:00:00,98.0,98.4,97.8,98.3,1700,98.4,2344
2026-05-05 10:05:00,98.3,98.6,98.2,98.3,2331,98.4,2344
2026-05-05 10:10:00,98.2,99.3,98.2,99.2,6312,98.43,2344
2026-05-05 10:15:00,99.3,99.3,98.6,99.2,3348,98.45,2344
2026-05-05 10:20:00,99.2,99.8,98.8,99.6,6075,98.5,2344
2026-05-05 10:25:00,99.7,99.8,98.6,98.7,3672,98.52,2344
2026-05-05 10:30:00,98.8,98.9,98.4,98.6,1759,98.52,2344
2026-05-05 10:35:00,98.6,99.2,98.5,99.2,1933,98.53,2344
2026-05-05 10:40:00,99.1,99.2,98.5,98.6,1419,98.53,2344
2026-05-05 10:45:00,98.6,98.7,98.4,98.6,993,98.53,2344
2026-05-05 10:50:00,98.6,98.9,98.4,98.4,790,98.53,2344
2026-05-05 10:55:00,98.4,98.6,98.4,98.5,613,98.53,2344
2026-05-05 11:00:00,98.5,98.6,98.4,98.6,411,98.53,2344
2026-05-05 11:05:00,98.6,98.6,98.0,98.5,2235,98.53,2344
2026-05-05 11:10:00,98.5,98.6,98.2,98.3,666,98.53,2344
2026-05-05 11:15:00,98.3,98.7,98.3,98.6,620,98.53,2344
2026-05-05 11:20:00,98.8,99.0,98.7,98.8,1446,98.53,2344
2026-05-05 11:25:00,98.8,99.2,98.7,98.8,2141,98.54,2344
2026-05-05 11:30:00,98.7,98.7,98.3,98.5,1244,98.54,2344
2026-05-05 11:35:00,98.5,98.5,98.2,98.4,771,98.54,2344
2026-05-05 11:40:00,98.4,98.8,98.4,98.7,601,98.54,2344
2026-05-05 11:45:00,98.8,99.3,98.5,99.3,3068,98.55,2344
2026-05-05 11:50:00,99.3,99.4,98.9,99.1,1006,98.55,2344
2026-05-05 11:55:00,99.1,99.1,98.8,98.9,810,98.55,2344
2026-05-05 12:00:00,99.0,99.1,98.8,99.0,1517,98.56,2344
2026-05-05 12:05:00,99.0,99.0,98.4,98.4,1333,98.56,2344
2026-05-05 12:10:00,98.5,99.0,98.4,98.7,1041,98.56,2344
2026-05-05 12:15:00,98.7,98.8,98.6,98.7,429,98.56,2344
2026-05-05 12:20:00,98.7,99.0,98.7,98.9,650,98.56,2344
2026-05-05 12:25:00,99.0,99.3,98.9,99.1,3970,98.58,2344
2026-05-05 12:30:00,99.0,99.4,99.0,99.2,2362,98.59,2344
2026-05-05 12:35:00,99.1,99.2,98.7,98.9,1775,98.59,2344
2026-05-05 12:40:00,98.9,99.0,98.8,98.9,985,98.59,2344
2026-05-05 12:45:00,99.0,99.0,98.5,99.0,1905,98.59,2344
2026-05-05 12:50:00,98.9,99.0,98.5,98.5,1630,98.59,2344
2026-05-05 12:55:00,98.5,98.6,98.3,98.5,2566,98.59,2344
2026-05-05 13:00:00,98.5,98.8,98.4,98.7,1707,98.59,2344
2026-05-05 13:05:00,98.7,98.8,98.6,98.7,2372,98.59,2344
2026-05-05 13:10:00,98.7,98.8,98.5,98.6,2675,98.6,2344
2026-05-05 13:15:00,98.6,98.7,98.4,98.4,3412,98.59,2344
2026-05-05 13:20:00,98.5,98.5,98.2,98.4,5572,98.59,2344
2026-05-05 13:30:00,98.8,98.8,98.8,98.8,8605,98.6,2344
2026-05-06 09:00:00,108.5,108.5,108.5,108.5,42758,108.5,2344
2026-05-06 09:05:00,108.5,108.5,108.5,108.5,4304,108.5,2344
2026-05-06 09:10:00,108.5,108.5,108.5,108.5,4468,108.5,2344
2026-05-06 09:15:00,108.5,108.5,108.5,108.5,1972,108.5,2344
2026-05-06 09:20:00,108.5,108.5,108.5,108.5,1049,108.5,2344
2026-05-06 09:25:00,108.5,108.5,108.5,108.5,30088,108.5,2344
2026-05-06 09:30:00,108.5,108.5,108.5,108.5,1045,108.5,2344
2026-05-06 09:35:00,108.5,108.5,108.5,108.5,652,108.5,2344
2026-05-06 09:40:00,108.5,108.5,108.5,108.5,873,108.5,2344
2026-05-06 09:45:00,108.5,108.5,108.5,108.5,1996,108.5,2344
2026-05-06 09:50:00,108.5,108.5,104.0,106.0,36138,108.23,2344
2026-05-06 09:55:00,106.0,108.5,105.5,108.5,26824,108.15,2344
2026-05-06 10:00:00,108.5,108.5,108.5,108.5,7650,108.16,2344
2026-05-06 10:05:00,108.5,108.5,105.0,107.0,17747,108.03,2344
2026-05-06 10:10:00,106.5,108.0,106.5,107.5,7569,108.0,2344
2026-05-06 10:15:00,107.5,108.0,106.5,107.5,5603,107.98,2344
2026-05-06 10:20:00,108.0,108.5,107.5,107.5,7353,107.98,2344
2026-05-06 10:25:00,107.5,108.0,106.5,107.0,3225,107.97,2344
2026-05-06 10:30:00,107.5,108.5,107.0,108.5,24805,108.01,2344
2026-05-06 10:35:00,108.5,108.5,108.5,108.5,1677,108.01,2344
2026-05-06 10:40:00,108.5,108.5,108.5,108.5,1512,108.02,2344
2026-05-06 10:45:00,108.5,108.5,108.5,108.5,997,108.02,2344
2026-05-06 10:50:00,108.5,108.5,108.5,108.5,475,108.02,2344
2026-05-06 10:55:00,108.5,108.5,108.5,108.5,497,108.02,2344
2026-05-06 11:00:00,108.5,108.5,108.5,108.5,819,108.02,2344
2026-05-06 11:05:00,108.5,108.5,108.5,108.5,508,108.02,2344
2026-05-06 11:10:00,108.5,108.5,108.5,108.5,297,108.02,2344
2026-05-06 11:15:00,108.5,108.5,108.5,108.5,337,108.03,2344
2026-05-06 11:20:00,108.5,108.5,108.5,108.5,176,108.03,2344
2026-05-06 11:25:00,108.5,108.5,108.5,108.5,205,108.03,2344
2026-05-06 11:30:00,108.5,108.5,108.5,108.5,114,108.03,2344
2026-05-06 11:35:00,108.5,108.5,108.5,108.5,364,108.03,2344
2026-05-06 11:40:00,108.5,108.5,108.5,108.5,175,108.03,2344
2026-05-06 11:45:00,108.5,108.5,108.5,108.5,143,108.03,2344
2026-05-06 11:50:00,108.5,108.5,108.5,108.5,133,108.03,2344
2026-05-06 11:55:00,108.5,108.5,108.5,108.5,214,108.03,2344
2026-05-06 12:00:00,108.5,108.5,108.5,108.5,169,108.03,2344
2026-05-06 12:05:00,108.5,108.5,108.5,108.5,726,108.03,2344
2026-05-06 12:10:00,108.5,108.5,108.5,108.5,141,108.03,2344
2026-05-06 12:15:00,108.5,108.5,108.5,108.5,183,108.03,2344
2026-05-06 12:20:00,108.5,108.5,108.5,108.5,90,108.03,2344
2026-05-06 12:25:00,108.5,108.5,108.5,108.5,165,108.03,2344
2026-05-06 12:30:00,108.5,108.5,108.5,108.5,118,108.03,2344
2026-05-06 12:35:00,108.5,108.5,108.5,108.5,143,108.03,2344
2026-05-06 12:40:00,108.5,108.5,108.5,108.5,119,108.03,2344
2026-05-06 12:45:00,108.5,108.5,108.5,108.5,168,108.03,2344
2026-05-06 12:50:00,108.5,108.5,108.5,108.5,160,108.03,2344
2026-05-06 12:55:00,108.5,108.5,108.5,108.5,102,108.03,2344
2026-05-06 13:00:00,108.5,108.5,108.5,108.5,155,108.03,2344
2026-05-06 13:05:00,108.5,108.5,108.5,108.5,164,108.03,2344
2026-05-06 13:10:00,108.5,108.5,108.5,108.5,174,108.03,2344
2026-05-06 13:15:00,108.5,108.5,108.5,108.5,137,108.03,2344
2026-05-06 13:20:00,108.5,108.5,108.5,108.5,179,108.03,2344
2026-05-06 13:30:00,108.5,108.5,108.5,108.5,326,108.03,2344
2026-05-07 09:00:00,113.0,113.5,107.0,108.5,41616,111.08,2344
2026-05-07 09:05:00,108.5,110.0,106.5,108.0,21842,110.17,2344
2026-05-07 09:10:00,108.5,112.0,108.0,112.0,15674,110.18,2344
2026-05-07 09:15:00,112.0,115.5,111.0,114.5,36807,111.31,2344
2026-05-07 09:20:00,115.0,116.5,112.5,113.5,28279,111.98,2344
2026-05-07 09:25:00,113.5,115.5,113.0,115.0,11993,112.15,2344
2026-05-07 09:30:00,115.5,116.0,113.0,115.0,15124,112.4,2344
2026-05-07 09:35:00,115.0,117.0,113.5,114.0,18189,112.7,2344
2026-05-07 09:40:00,114.0,116.5,114.0,115.5,8894,112.83,2344
2026-05-07 09:45:00,116.0,116.0,114.5,114.5,7876,112.93,2344
2026-05-07 09:50:00,114.5,115.0,114.0,114.5,5147,112.97,2344
2026-05-07 09:55:00,114.5,115.5,114.0,114.5,5287,113.01,2344
2026-05-07 10:00:00,114.5,115.0,114.0,114.5,2614,113.03,2344
2026-05-07 10:05:00,114.5,114.5,114.0,114.5,1288,113.03,2344
2026-05-07 10:10:00,114.0,114.5,113.0,113.5,5291,113.05,2344
2026-05-07 10:15:00,113.5,114.0,111.5,112.0,8777,113.04,2344
2026-05-07 10:20:00,112.5,113.0,110.5,111.5,7219,112.99,2344
2026-05-07 10:25:00,111.5,113.5,111.5,113.5,2870,112.99,2344
2026-05-07 10:30:00,113.5,114.0,113.0,113.5,3248,113.0,2344
2026-05-07 10:35:00,114.0,114.5,113.5,114.0,2887,113.01,2344
2026-05-07 10:40:00,114.0,114.0,113.5,114.0,626,113.01,2344
2026-05-07 10:45:00,114.0,114.0,112.0,113.0,4591,113.01,2344
2026-05-07 10:50:00,112.5,113.5,112.5,113.0,2820,113.01,2344
2026-05-07 10:55:00,113.0,113.5,113.0,113.5,510,113.01,2344
2026-05-07 11:00:00,113.5,114.0,113.5,113.5,2844,113.01,2344
2026-05-07 11:05:00,113.5,114.0,113.0,113.5,1648,113.02,2344
2026-05-07 11:10:00,113.5,114.0,113.0,113.5,2853,113.02,2344
2026-05-07 11:15:00,113.5,114.0,113.0,114.0,1530,113.03,2344
2026-05-07 11:20:00,114.0,114.0,113.5,114.0,735,113.03,2344
2026-05-07 11:25:00,113.5,114.0,113.0,114.0,1771,113.03,2344
2026-05-07 11:30:00,114.0,114.5,113.5,114.5,3538,113.04,2344
2026-05-07 11:35:00,114.5,114.5,113.5,113.5,2437,113.05,2344
2026-05-07 11:40:00,114.0,114.0,113.5,114.0,873,113.06,2344
2026-05-07 11:45:00,114.0,114.5,113.5,114.0,1964,113.06,2344
2026-05-07 11:50:00,114.0,114.0,113.5,114.0,810,113.07,2344
2026-05-07 11:55:00,114.0,114.0,113.0,113.0,2188,113.07,2344
2026-05-07 12:00:00,113.5,113.5,113.0,113.0,1024,113.07,2344
2026-05-07 12:05:00,113.0,113.5,113.0,113.5,963,113.07,2344
2026-05-07 12:10:00,113.5,113.5,112.5,112.5,2884,113.07,2344
2026-05-07 12:15:00,113.0,113.0,111.5,112.0,4200,113.06,2344
2026-05-07 12:20:00,112.5,113.0,112.0,112.5,1233,113.05,2344
2026-05-07 12:25:00,112.5,113.0,112.0,112.5,1589,113.05,2344
2026-05-07 12:30:00,112.0,112.5,112.0,112.5,1048,113.05,2344
2026-05-07 12:35:00,112.0,112.5,111.5,111.5,1787,113.04,2344
2026-05-07 12:40:00,112.0,112.0,111.5,112.0,984,113.04,2344
2026-05-07 12:45:00,112.0,113.0,111.5,112.5,4220,113.03,2344
2026-05-07 12:50:00,112.5,112.5,112.0,112.5,453,113.03,2344
2026-05-07 12:55:00,112.5,113.0,112.0,113.0,1514,113.02,2344
2026-05-07 13:00:00,113.0,114.0,112.5,113.5,5437,113.03,2344
2026-05-07 13:05:00,114.0,114.0,113.5,114.0,2393,113.03,2344
2026-05-07 13:10:00,114.0,114.0,113.0,114.0,3719,113.04,2344
2026-05-07 13:15:00,113.5,114.0,113.5,113.5,3142,113.05,2344
2026-05-07 13:20:00,113.5,114.0,113.0,113.5,5847,113.06,2344
2026-05-07 13:30:00,114.0,114.0,114.0,114.0,10488,113.09,2344
2026-05-08 09:00:00,111.0,112.5,110.0,112.0,17709,111.19,2344
2026-05-08 09:05:00,112.0,113.0,111.0,113.0,5750,111.45,2344
2026-05-08 09:10:00,113.0,115.0,112.5,114.0,12125,112.31,2344
2026-05-08 09:15:00,114.5,114.5,112.0,112.5,6501,112.42,2344
2026-05-08 09:20:00,112.5,113.0,111.5,111.5,4431,112.4,2344
2026-05-08 09:25:00,112.0,113.0,111.5,113.0,2703,112.4,2344
2026-05-08 09:30:00,113.0,113.5,112.0,112.5,3220,112.43,2344
2026-05-08 09:35:00,112.0,112.5,110.5,111.0,8619,112.25,2344
2026-05-08 09:40:00,110.5,111.0,108.5,108.5,11093,111.84,2344
2026-05-08 09:45:00,108.5,110.0,108.5,109.5,5560,111.64,2344
2026-05-08 09:50:00,109.5,110.0,108.5,109.0,3278,111.53,2344
2026-05-08 09:55:00,109.0,109.5,107.0,107.0,8107,111.21,2344
2026-05-08 10:00:00,107.0,108.0,106.5,108.0,5392,110.99,2344
2026-05-08 10:05:00,108.0,108.0,106.5,107.0,3789,110.84,2344
2026-05-08 10:10:00,107.0,107.5,106.0,106.5,3763,110.68,2344
2026-05-08 10:15:00,107.0,107.0,103.5,104.0,12993,110.03,2344
2026-05-08 10:20:00,104.0,106.0,103.5,106.0,6227,109.72,2344
2026-05-08 10:25:00,105.5,106.0,104.0,105.0,3245,109.59,2344
2026-05-08 10:30:00,104.5,105.5,104.5,105.5,1885,109.52,2344
2026-05-08 10:35:00,105.5,105.5,104.5,105.0,2501,109.44,2344
2026-05-08 10:40:00,104.5,106.0,104.5,106.0,1165,109.4,2344
2026-05-08 10:45:00,105.5,106.0,105.0,105.5,2805,109.32,2344
2026-05-08 10:50:00,105.0,106.0,105.0,105.5,1039,109.29,2344
2026-05-08 10:55:00,105.5,106.5,105.5,106.0,2089,109.24,2344
2026-05-08 11:00:00,106.0,106.5,105.5,106.0,1485,109.21,2344
2026-05-08 11:05:00,106.0,106.5,105.5,106.5,1124,109.18,2344
2026-05-08 11:10:00,106.5,107.0,106.0,106.5,1252,109.16,2344
2026-05-08 11:15:00,106.5,106.5,105.5,105.5,1586,109.12,2344
2026-05-08 11:20:00,106.0,106.5,105.5,105.5,813,109.1,2344
2026-05-08 11:25:00,106.0,106.5,105.5,106.5,673,109.09,2344
2026-05-08 11:30:00,106.5,107.0,106.5,107.0,575,109.08,2344
2026-05-08 11:35:00,107.0,107.0,106.5,107.0,353,109.08,2344
2026-05-08 11:40:00,107.0,107.0,106.5,107.0,395,109.07,2344
2026-05-08 11:45:00,107.0,107.0,106.0,106.5,1337,109.05,2344
2026-05-08 11:50:00,106.5,106.5,105.5,106.0,1748,109.01,2344
2026-05-08 11:55:00,106.5,106.5,106.0,106.5,319,109.01,2344
2026-05-08 12:00:00,106.5,107.5,106.0,107.5,1489,108.99,2344
2026-05-08 12:05:00,107.5,107.5,106.5,106.5,1299,108.97,2344
2026-05-08 12:10:00,107.0,107.0,106.0,106.5,531,108.96,2344
2026-05-08 12:15:00,106.5,107.0,106.0,106.5,514,108.95,2344
2026-05-08 12:20:00,107.0,107.0,106.5,107.0,285,108.95,2344
2026-05-08 12:25:00,107.0,107.0,106.5,107.0,426,108.94,2344
2026-05-08 12:30:00,107.0,107.0,106.5,107.0,488,108.93,2344
2026-05-08 12:35:00,107.0,107.0,106.5,107.0,551,108.93,2344
2026-05-08 12:40:00,107.0,107.0,106.5,106.5,1091,108.91,2344
2026-05-08 12:45:00,106.5,107.0,106.0,106.0,1546,108.89,2344
2026-05-08 12:50:00,106.0,107.0,106.0,107.0,1054,108.87,2344
2026-05-08 12:55:00,107.0,107.0,106.5,107.0,656,108.86,2344
2026-05-08 13:00:00,106.5,107.0,106.5,106.5,1116,108.85,2344
2026-05-08 13:05:00,107.0,107.0,106.5,106.5,958,108.83,2344
2026-05-08 13:10:00,106.5,107.0,106.0,106.5,2182,108.8,2344
2026-05-08 13:15:00,106.5,107.0,106.0,106.5,2946,108.76,2344
2026-05-08 13:20:00,106.5,107.0,106.0,106.5,2886,108.72,2344
2026-05-08 13:30:00,107.0,107.0,107.0,107.0,4375,108.68,2344
2026-05-11 09:00:00,115.0,116.5,113.5,114.0,30037,115.12,2344
2026-05-11 09:05:00,113.5,115.5,113.0,114.5,13144,114.88,2344
2026-05-11 09:10:00,114.5,115.0,113.5,114.0,4791,114.83,2344
2026-05-11 09:15:00,114.0,115.0,113.5,115.0,6152,114.78,2344
2026-05-11 09:20:00,115.0,115.5,114.5,115.5,6505,114.81,2344
2026-05-11 09:25:00,115.5,116.0,115.0,115.5,5813,114.88,2344
2026-05-11 09:30:00,115.5,115.5,114.0,115.0,4572,114.88,2344
2026-05-11 09:35:00,115.0,116.0,115.0,116.0,4309,114.91,2344
2026-05-11 09:40:00,115.5,116.5,115.5,116.0,10904,115.06,2344
2026-05-11 09:45:00,116.0,116.0,115.5,115.5,1396,115.07,2344
2026-05-11 09:50:00,115.5,117.0,115.5,117.0,7199,115.17,2344
2026-05-11 09:55:00,117.0,117.0,116.5,117.0,2285,115.21,2344
2026-05-11 10:00:00,117.0,117.5,116.5,117.0,12887,115.43,2344
2026-05-11 10:05:00,117.0,117.5,117.0,117.5,36750,115.95,2344
2026-05-11 10:10:00,117.5,117.5,117.5,117.5,1504,115.97,2344
2026-05-11 10:15:00,117.5,117.5,117.5,117.5,1396,115.98,2344
2026-05-11 10:20:00,117.5,117.5,117.5,117.5,675,115.99,2344
2026-05-11 10:25:00,117.5,117.5,117.5,117.5,611,115.99,2344
2026-05-11 10:30:00,117.5,117.5,117.5,117.5,576,116.0,2344
2026-05-11 10:35:00,117.5,117.5,117.5,117.5,404,116.0,2344
2026-05-11 10:40:00,117.5,117.5,117.5,117.5,383,116.01,2344
2026-05-11 10:45:00,117.5,117.5,117.5,117.5,268,116.01,2344
2026-05-11 10:50:00,117.5,117.5,117.5,117.5,303,116.01,2344
2026-05-11 10:55:00,117.5,117.5,117.5,117.5,334,116.02,2344
2026-05-11 11:00:00,117.5,117.5,117.5,117.5,352,116.02,2344
2026-05-11 11:05:00,117.5,117.5,117.5,117.5,191,116.02,2344
2026-05-11 11:10:00,117.5,117.5,117.5,117.5,285,116.02,2344
2026-05-11 11:15:00,117.5,117.5,117.5,117.5,202,116.03,2344
2026-05-11 11:20:00,117.5,117.5,117.5,117.5,188,116.03,2344
2026-05-11 11:25:00,117.5,117.5,117.5,117.5,180,116.03,2344
2026-05-11 11:30:00,117.5,117.5,117.5,117.5,187,116.03,2344
2026-05-11 11:35:00,117.5,117.5,117.5,117.5,158,116.03,2344
2026-05-11 11:40:00,117.5,117.5,117.5,117.5,141,116.03,2344
2026-05-11 11:45:00,117.5,117.5,117.5,117.5,654,116.04,2344
2026-05-11 11:50:00,117.5,117.5,117.5,117.5,160,116.04,2344
2026-05-11 11:55:00,117.5,117.5,117.5,117.5,145,116.04,2344
2026-05-11 12:00:00,117.5,117.5,117.5,117.5,171,116.05,2344
2026-05-11 12:05:00,117.5,117.5,117.5,117.5,375,116.05,2344
2026-05-11 12:10:00,117.5,117.5,117.5,117.5,282,116.05,2344
2026-05-11 12:15:00,117.5,117.5,117.5,117.5,703,116.06,2344
2026-05-11 12:20:00,117.5,117.5,117.5,117.5,136,116.06,2344
2026-05-11 12:25:00,117.5,117.5,117.5,117.5,139,116.06,2344
2026-05-11 12:30:00,117.5,117.5,117.5,117.5,122,116.06,2344
2026-05-11 12:35:00,117.5,117.5,117.5,117.5,166,116.06,2344
2026-05-11 12:40:00,117.5,117.5,117.5,117.5,216,116.06,2344
2026-05-11 12:45:00,117.5,117.5,117.5,117.5,139,116.07,2344
2026-05-11 12:50:00,117.5,117.5,117.5,117.5,170,116.07,2344
2026-05-11 12:55:00,117.5,117.5,117.5,117.5,179,116.07,2344
2026-05-11 13:00:00,117.5,117.5,117.5,117.5,173,116.07,2344
2026-05-11 13:05:00,117.5,117.5,117.5,117.5,210,116.07,2344
2026-05-11 13:10:00,117.5,117.5,117.5,117.5,107,116.07,2344
2026-05-11 13:15:00,117.5,117.5,117.5,117.5,191,116.08,2344
2026-05-11 13:20:00,117.5,117.5,117.5,117.5,193,116.08,2344
2026-05-11 13:30:00,117.5,117.5,117.5,117.5,371,116.08,2344
2026-05-12 09:00:00,118.5,119.5,117.5,118.5,37324,118.69,2344
2026-05-12 09:05:00,118.0,120.0,118.0,118.0,18294,118.73,2344
2026-05-12 09:10:00,118.5,119.0,117.5,119.0,7224,118.67,2344
2026-05-12 09:15:00,119.0,119.0,117.0,118.5,12343,118.5,2344
2026-05-12 09:20:00,118.5,122.0,118.0,122.0,27622,119.07,2344
2026-05-12 09:25:00,122.0,122.5,119.0,120.0,13193,119.23,2344
2026-05-12 09:30:00,120.0,120.5,118.5,119.0,7296,119.25,2344
2026-05-12 09:35:00,119.0,119.5,118.0,118.5,6891,119.23,2344
2026-05-12 09:40:00,118.5,119.5,117.5,119.5,7373,119.18,2344
2026-05-12 09:45:00,119.0,119.5,118.5,119.0,4003,119.18,2344
2026-05-12 09:50:00,119.0,119.0,118.5,118.5,1864,119.17,2344
2026-05-12 09:55:00,119.0,119.5,118.5,119.0,2885,119.17,2344
2026-05-12 10:00:00,118.5,119.0,117.0,118.0,5484,119.12,2344
2026-05-12 10:05:00,118.0,118.0,117.0,117.5,3918,119.08,2344
2026-05-12 10:10:00,118.0,119.0,117.5,118.5,3414,119.06,2344
2026-05-12 10:15:00,118.5,118.5,118.0,118.5,1622,119.05,2344
2026-05-12 10:20:00,118.5,119.0,118.0,119.0,1453,119.05,2344
2026-05-12 10:25:00,119.0,120.0,118.5,120.0,4625,119.06,2344
2026-05-12 10:30:00,120.0,120.0,119.0,119.0,2498,119.06,2344
2026-05-12 10:35:00,119.0,120.5,119.0,120.5,6565,119.1,2344
2026-05-12 10:40:00,120.5,122.0,119.5,121.5,13925,119.24,2344
2026-05-12 10:45:00,121.5,121.5,120.0,120.5,4148,119.27,2344
2026-05-12 10:50:00,120.5,121.5,120.5,121.0,5801,119.32,2344
2026-05-12 10:55:00,121.0,121.0,119.5,119.5,3160,119.34,2344
2026-05-12 11:00:00,119.5,120.0,118.5,118.5,2988,119.34,2344
2026-05-12 11:05:00,118.5,119.0,118.0,118.5,2781,119.32,2344
2026-05-12 11:10:00,118.5,119.0,117.0,117.5,8458,119.26,2344
2026-05-12 11:15:00,117.5,118.0,116.0,116.5,8657,119.16,2344
2026-05-12 11:20:00,117.0,117.5,116.5,117.5,2076,119.14,2344
2026-05-12 11:25:00,117.0,118.0,117.0,117.5,1276,119.13,2344
2026-05-12 11:30:00,118.0,118.0,117.5,118.0,1004,119.12,2344
2026-05-12 11:35:00,118.0,118.5,117.5,118.0,1225,119.12,2344
2026-05-12 11:40:00,118.5,118.5,118.0,118.0,466,119.12,2344
2026-05-12 11:45:00,118.5,119.5,118.0,119.0,4065,119.11,2344
2026-05-12 11:50:00,119.0,119.5,118.5,118.5,1679,119.11,2344
2026-05-12 11:55:00,118.5,119.5,118.5,119.0,1416,119.11,2344
2026-05-12 12:00:00,119.0,119.0,118.5,119.0,439,119.11,2344
2026-05-12 12:05:00,118.5,119.0,118.5,118.5,733,119.11,2344
2026-05-12 12:10:00,118.5,119.0,118.5,119.0,676,119.11,2344
2026-05-12 12:15:00,119.0,119.5,118.5,119.0,4527,119.11,2344
2026-05-12 12:20:00,119.0,120.0,119.0,120.0,4277,119.11,2344
2026-05-12 12:25:00,119.5,120.0,119.0,119.0,1964,119.12,2344
2026-05-12 12:30:00,119.5,119.5,119.0,119.5,773,119.12,2344
2026-05-12 12:35:00,119.5,119.5,119.0,119.0,607,119.12,2344
2026-05-12 12:40:00,119.0,119.5,118.5,119.5,3151,119.12,2344
2026-05-12 12:45:00,119.5,120.0,119.0,119.5,6164,119.13,2344
2026-05-12 12:50:00,119.5,120.0,119.0,119.5,1294,119.13,2344
2026-05-12 12:55:00,120.0,120.5,119.5,120.5,10225,119.16,2344
2026-05-12 13:00:00,120.5,123.0,120.0,122.5,16386,119.31,2344
2026-05-12 13:05:00,122.5,123.5,121.0,121.5,7784,119.39,2344
2026-05-12 13:10:00,121.5,122.0,121.0,121.0,1769,119.4,2344
2026-05-12 13:15:00,121.5,121.5,120.0,120.5,3792,119.42,2344
2026-05-12 13:20:00,121.0,121.0,120.5,121.0,3332,119.43,2344
2026-05-12 13:30:00,121.5,121.5,121.5,121.5,7657,119.48,2344
2026-05-13 09:00:00,117.0,118.0,115.0,117.5,15469,116.6,2344
2026-05-13 09:05:00,117.0,117.5,115.5,117.0,6642,116.59,2344
2026-05-13 09:10:00,117.0,117.5,116.5,117.0,3438,116.63,2344
2026-05-13 09:15:00,117.0,118.0,115.5,117.5,6228,116.61,2344
2026-05-13 09:20:00,117.5,118.0,116.5,116.5,3747,116.66,2344
2026-05-13 09:25:00,116.5,117.5,115.5,117.5,3675,116.62,2344
2026-05-13 09:30:00,117.0,118.0,117.0,117.5,4070,116.71,2344
2026-05-13 09:35:00,117.5,119.0,117.0,118.5,3873,116.82,2344
2026-05-13 09:40:00,118.5,119.5,118.0,118.0,4859,117.01,2344
2026-05-13 09:45:00,118.5,119.0,118.0,119.0,1135,117.04,2344
2026-05-13 09:50:00,119.0,121.0,118.5,120.5,9097,117.47,2344
2026-05-13 09:55:00,120.5,121.0,118.5,119.5,3534,117.59,2344
2026-05-13 10:00:00,119.5,120.5,119.0,120.0,2576,117.68,2344
2026-05-13 10:05:00,120.0,120.5,119.0,119.5,1949,117.74,2344
2026-05-13 10:10:00,119.5,119.5,119.0,119.0,1825,117.78,2344
2026-05-13 10:15:00,119.5,119.5,118.5,118.5,1083,117.8,2344
2026-05-13 10:20:00,119.0,119.5,118.5,118.5,1389,117.82,2344
2026-05-13 10:25:00,119.0,119.5,118.5,119.5,952,117.83,2344
2026-05-13 10:30:00,119.0,119.5,118.5,119.0,1190,117.85,2344
2026-05-13 10:35:00,119.0,119.0,118.0,118.5,1667,117.86,2344
2026-05-13 10:40:00,118.5,118.5,117.5,118.0,2227,117.87,2344
2026-05-13 10:45:00,118.0,118.5,117.5,118.0,1265,117.87,2344
2026-05-13 10:50:00,118.0,118.5,118.0,118.5,267,117.87,2344
2026-05-13 10:55:00,118.5,119.0,118.0,118.5,865,117.88,2344
2026-05-13 11:00:00,118.5,119.0,118.5,118.5,267,117.88,2344
2026-05-13 11:05:00,118.5,119.0,118.0,118.0,922,117.89,2344
2026-05-13 11:10:00,118.5,118.5,118.0,118.5,887,117.9,2344
2026-05-13 11:15:00,118.5,119.5,118.5,119.5,1599,117.92,2344
2026-05-13 11:20:00,119.5,119.5,119.0,119.0,606,117.93,2344
2026-05-13 11:25:00,119.5,119.5,119.0,119.5,638,117.94,2344
2026-05-13 11:30:00,119.5,119.5,119.0,119.5,691,117.95,2344
2026-05-13 11:35:00,119.5,119.5,119.0,119.5,826,117.96,2344
2026-05-13 11:40:00,119.5,119.5,119.0,119.5,1132,117.98,2344
2026-05-13 11:45:00,119.5,120.0,119.0,119.5,1172,118.0,2344
2026-05-13 11:50:00,119.5,119.5,118.5,118.5,1284,118.02,2344
2026-05-13 11:55:00,119.0,119.0,118.5,118.5,392,118.02,2344
2026-05-13 12:00:00,119.0,119.0,118.5,119.0,324,118.02,2344
2026-05-13 12:05:00,119.0,119.5,118.5,119.0,967,118.03,2344
2026-05-13 12:10:00,119.0,119.5,118.5,119.0,839,118.04,2344
2026-05-13 12:15:00,119.0,119.0,118.5,119.0,397,118.05,2344
2026-05-13 12:20:00,119.0,119.0,118.5,119.0,752,118.05,2344
2026-05-13 12:25:00,119.0,119.0,118.5,119.0,724,118.06,2344
2026-05-13 12:30:00,119.0,119.5,118.5,119.5,1322,118.07,2344
2026-05-13 12:35:00,119.5,119.5,118.5,119.0,932,118.08,2344
2026-05-13 12:40:00,119.0,119.0,118.5,118.5,704,118.09,2344
2026-05-13 12:45:00,119.0,119.0,118.5,118.5,788,118.09,2344
2026-05-13 12:50:00,119.0,119.0,118.5,118.5,676,118.1,2344
2026-05-13 12:55:00,119.0,119.0,118.5,119.0,642,118.1,2344
2026-05-13 13:00:00,119.0,119.0,118.0,118.5,2698,118.12,2344
2026-05-13 13:05:00,119.0,120.0,118.5,119.5,4257,118.16,2344
2026-05-13 13:10:00,119.5,120.0,119.0,120.0,1615,118.18,2344
2026-05-13 13:15:00,120.0,121.0,119.5,121.0,5563,118.28,2344
2026-05-13 13:20:00,120.5,122.0,120.5,121.5,8702,118.49,2344
2026-05-13 13:30:00,122.0,122.0,122.0,122.0,6287,118.66,2344
2026-05-14 09:00:00,127.0,128.0,124.5,127.0,34265,126.32,2344
2026-05-14 09:05:00,127.0,130.5,126.5,127.5,29546,127.43,2344
2026-05-14 09:10:00,127.5,131.0,127.0,130.5,28153,128.18,2344
2026-05-14 09:15:00,130.5,131.0,127.5,128.5,17261,128.34,2344
2026-05-14 09:20:00,129.0,131.5,128.5,131.0,17853,128.61,2344
2026-05-14 09:25:00,130.5,132.0,130.5,131.0,12054,128.84,2344
2026-05-14 09:30:00,131.5,131.5,129.5,130.5,9017,128.96,2344
2026-05-14 09:35:00,130.5,131.5,130.0,131.0,8550,129.07,2344
2026-05-14 09:40:00,131.5,131.5,129.5,129.5,9245,129.13,2344
2026-05-14 09:45:00,129.5,130.5,128.0,130.5,14671,129.13,2344
2026-05-14 09:50:00,130.0,131.0,128.5,129.0,5983,129.15,2344
2026-05-14 09:55:00,129.0,129.5,127.0,128.0,7861,129.1,2344
2026-05-14 10:00:00,128.0,129.0,127.0,128.5,5122,129.07,2344
2026-05-14 10:05:00,128.5,129.5,128.5,129.5,3185,129.07,2344
2026-05-14 10:10:00,129.0,129.5,128.0,128.5,3002,129.07,2344
2026-05-14 10:15:00,128.5,128.5,128.0,128.5,2868,129.05,2344
2026-05-14 10:20:00,128.0,128.5,126.5,126.5,5592,129.01,2344
2026-05-14 10:25:00,126.5,127.0,126.0,126.5,4341,128.96,2344
2026-05-14 10:30:00,127.0,128.5,126.5,128.5,3944,128.94,2344
2026-05-14 10:35:00,128.0,129.5,128.0,129.0,4921,128.93,2344
2026-05-14 10:40:00,129.0,129.5,128.0,128.0,1837,128.93,2344
2026-05-14 10:45:00,128.5,129.0,128.0,128.0,1483,128.93,2344
2026-05-14 10:50:00,128.5,129.5,128.0,129.0,3397,128.93,2344
2026-05-14 10:55:00,129.0,129.0,128.0,128.5,1886,128.92,2344
2026-05-14 11:00:00,128.5,129.0,128.0,128.5,1510,128.92,2344
2026-05-14 11:05:00,128.5,128.5,128.0,128.5,1341,128.92,2344
2026-05-14 11:10:00,128.5,129.5,128.0,129.5,3455,128.92,2344
2026-05-14 11:15:00,129.5,130.0,129.0,129.5,4500,128.93,2344
2026-05-14 11:20:00,129.5,130.0,129.0,129.5,1952,128.93,2344
2026-05-14 11:25:00,129.5,131.0,129.5,131.0,10898,128.99,2344
2026-05-14 11:30:00,130.5,132.5,130.0,132.5,21955,129.18,2344
2026-05-14 11:35:00,132.0,133.0,131.5,131.5,10951,129.31,2344
2026-05-14 11:40:00,131.5,133.0,131.5,132.5,5794,129.37,2344
2026-05-14 11:45:00,132.0,133.5,131.0,131.5,8784,129.46,2344
2026-05-14 11:50:00,131.0,131.5,130.5,131.5,3327,129.48,2344
2026-05-14 11:55:00,132.0,132.0,131.0,131.0,1966,129.49,2344
2026-05-14 12:00:00,131.0,131.5,129.5,130.5,2584,129.5,2344
2026-05-14 12:05:00,130.0,131.5,130.0,131.5,2544,129.51,2344
2026-05-14 12:10:00,131.0,132.0,131.0,132.0,2200,129.53,2344
2026-05-14 12:15:00,132.0,132.5,131.5,132.0,2187,129.54,2344
2026-05-14 12:20:00,132.5,133.0,132.0,133.0,2630,129.57,2344
2026-05-14 12:25:00,133.0,134.0,132.5,133.0,14114,129.73,2344
2026-05-14 12:30:00,133.5,133.5,132.5,133.0,4268,129.77,2344
2026-05-14 12:35:00,133.0,133.5,132.5,133.5,1914,129.79,2344
2026-05-14 12:40:00,133.5,134.0,133.0,134.0,5629,129.85,2344
2026-05-14 12:45:00,134.0,134.0,133.5,134.0,41431,130.29,2344
2026-05-14 12:50:00,134.0,134.0,134.0,134.0,2630,130.32,2344
2026-05-14 12:55:00,134.0,134.0,134.0,134.0,1326,130.33,2344
2026-05-14 13:00:00,134.0,134.0,134.0,134.0,1315,130.34,2344
2026-05-14 13:05:00,134.0,134.0,134.0,134.0,1021,130.35,2344
2026-05-14 13:10:00,134.0,134.0,134.0,134.0,935,130.36,2344
2026-05-14 13:15:00,134.0,134.0,134.0,134.0,11951,130.46,2344
2026-05-14 13:20:00,134.0,134.0,134.0,134.0,2311,130.48,2344
2026-05-14 13:30:00,134.0,134.0,134.0,134.0,1239,130.49,2344
2026-05-15 09:00:00,132.5,133.5,129.0,131.0,35910,131.54,2344
2026-05-15 09:05:00,131.0,132.0,128.0,129.5,18568,130.99,2344
2026-05-15 09:10:00,129.5,131.5,128.5,130.5,14161,130.76,2344
2026-05-15 09:15:00,130.5,132.5,130.0,132.0,14236,130.85,2344
2026-05-15 09:20:00,132.5,132.5,130.0,132.0,15164,130.92,2344
2026-05-15 09:25:00,132.0,132.0,130.0,130.0,5082,130.93,2344
2026-05-15 09:30:00,130.5,130.5,128.0,129.5,12617,130.71,2344
2026-05-15 09:35:00,130.0,131.0,129.5,130.0,3011,130.7,2344
2026-05-15 09:40:00,130.5,132.0,129.5,131.0,6781,130.69,2344
2026-05-15 09:45:00,130.5,132.0,129.0,129.5,4792,130.69,2344
2026-05-15 09:50:00,129.0,130.0,128.5,128.5,4256,130.63,2344
2026-05-15 09:55:00,129.0,129.5,127.5,127.5,12819,130.43,2344
2026-05-15 10:00:00,127.5,129.0,127.5,129.0,5272,130.36,2344
2026-05-15 10:05:00,129.0,129.5,127.5,127.5,3483,130.31,2344
2026-05-15 10:10:00,128.0,129.5,127.5,129.0,3187,130.28,2344
2026-05-15 10:15:00,129.5,131.0,129.0,130.5,5514,130.27,2344
2026-05-15 10:20:00,131.0,133.0,129.5,133.0,16558,130.39,2344
2026-05-15 10:25:00,132.5,133.5,130.5,130.5,6929,130.47,2344
2026-05-15 10:30:00,130.5,132.0,130.5,132.0,2651,130.48,2344
2026-05-15 10:35:00,131.5,134.0,131.5,133.0,7920,130.58,2344
2026-05-15 10:40:00,133.0,135.0,132.5,134.5,16855,130.86,2344
2026-05-15 10:45:00,134.5,136.5,134.0,135.0,14788,131.15,2344
2026-05-15 10:50:00,135.5,135.5,134.0,135.5,5373,131.23,2344
2026-05-15 10:55:00,135.5,135.5,134.0,134.5,3080,131.27,2344
2026-05-15 11:00:00,134.5,135.0,132.0,133.0,8495,131.33,2344
2026-05-15 11:05:00,132.5,133.5,131.5,132.0,3783,131.34,2344
2026-05-15 11:10:00,132.0,132.5,131.0,131.5,3789,131.35,2344
2026-05-15 11:15:00,131.5,131.5,130.5,130.5,2626,131.35,2344
2026-05-15 11:20:00,131.0,131.0,129.0,130.0,5825,131.31,2344
2026-05-15 11:25:00,130.5,131.0,130.0,130.5,1573,131.31,2344
2026-05-15 11:30:00,130.5,130.5,129.0,129.0,2530,131.29,2344
2026-05-15 11:35:00,129.5,130.0,129.0,130.0,1986,131.28,2344
2026-05-15 11:40:00,130.0,131.0,129.5,130.5,2489,131.27,2344
2026-05-15 11:45:00,130.0,131.0,130.0,131.0,1607,131.27,2344
2026-05-15 11:50:00,131.5,131.5,131.0,131.5,1300,131.27,2344
2026-05-15 11:55:00,131.5,132.5,131.0,132.5,2357,131.27,2344
2026-05-15 12:00:00,132.5,132.5,132.0,132.5,1611,131.28,2344
2026-05-15 12:05:00,132.5,133.0,132.0,132.0,2755,131.29,2344
2026-05-15 12:10:00,132.0,132.5,130.0,131.0,2759,131.29,2344
2026-05-15 12:15:00,131.0,131.0,130.0,130.5,1180,131.29,2344
2026-05-15 12:20:00,130.5,130.5,129.0,129.5,2281,131.27,2344
2026-05-15 12:25:00,129.0,129.5,128.0,128.0,6288,131.22,2344
2026-05-15 12:30:00,128.0,129.5,128.0,129.5,1700,131.2,2344
2026-05-15 12:35:00,129.5,129.5,128.5,129.5,2477,131.18,2344
2026-05-15 12:40:00,129.5,130.0,129.0,129.5,1832,131.17,2344
2026-05-15 12:45:00,129.5,129.5,128.0,128.5,3643,131.15,2344
2026-05-15 12:50:00,129.0,129.0,128.0,128.5,4129,131.11,2344
2026-05-15 12:55:00,128.5,129.0,127.5,129.0,6139,131.05,2344
2026-05-15 13:00:00,129.0,129.0,127.5,128.5,4899,131.01,2344
2026-05-15 13:05:00,129.0,129.5,128.0,129.0,4014,130.98,2344
2026-05-15 13:10:00,129.0,130.0,129.0,129.5,3938,130.96,2344
2026-05-15 13:15:00,129.5,130.0,129.0,129.5,3962,130.95,2344
2026-05-15 13:20:00,129.5,129.5,128.5,129.0,6702,130.91,2344
2026-05-15 13:30:00,129.5,129.5,129.5,129.5,7855,130.88,2344
2026-05-18 09:00:00,126.0,127.5,121.5,122.5,21012,123.73,2344
2026-05-18 09:05:00,122.5,123.0,119.0,120.5,17934,122.44,2344
2026-05-18 09:10:00,120.0,121.5,119.0,120.5,10156,121.99,2344
2026-05-18 09:15:00,120.5,123.0,120.0,122.5,4359,121.96,2344
2026-05-18 09:20:00,122.5,123.0,120.0,121.0,5591,121.9,2344
2026-05-18 09:25:00,121.0,121.5,120.5,121.5,2546,121.87,2344
2026-05-18 09:30:00,121.5,121.5,120.5,121.0,3734,121.82,2344
2026-05-18 09:35:00,120.5,121.5,120.0,121.0,3917,121.75,2344
2026-05-18 09:40:00,121.5,122.0,120.5,121.0,2088,121.74,2344
2026-05-18 09:45:00,121.0,121.5,119.5,120.0,7141,121.59,2344
2026-05-18 09:50:00,120.5,122.0,120.0,122.0,2228,121.58,2344
2026-05-18 09:55:00,122.0,122.5,121.5,122.0,2750,121.59,2344
2026-05-18 10:00:00,122.0,122.0,121.5,122.0,1071,121.6,2344
2026-05-18 10:05:00,122.0,122.0,121.0,122.0,1459,121.6,2344
2026-05-18 10:10:00,122.0,122.5,121.5,122.5,1566,121.6,2344
2026-05-18 10:15:00,122.5,123.0,122.0,122.0,2085,121.63,2344
2026-05-18 10:20:00,122.5,122.5,121.5,122.0,2070,121.64,2344
2026-05-18 10:25:00,122.0,123.5,122.0,123.0,2660,121.67,2344
2026-05-18 10:30:00,123.0,123.5,122.5,123.5,2561,121.71,2344
2026-05-18 10:35:00,123.5,124.0,122.5,123.0,3905,121.78,2344
2026-05-18 10:40:00,122.5,123.5,122.5,123.5,919,121.79,2344
2026-05-18 10:45:00,123.5,123.5,123.0,123.0,567,121.8,2344
2026-05-18 10:50:00,123.5,123.5,122.5,122.5,1164,121.81,2344
2026-05-18 10:55:00,122.5,123.0,122.5,122.5,414,121.81,2344
2026-05-18 11:00:00,123.0,124.0,122.5,124.0,2197,121.84,2344
2026-05-18 11:05:00,123.5,125.5,123.5,125.5,4460,121.95,2344
2026-05-18 11:10:00,125.5,125.5,123.5,124.0,3380,122.03,2344
2026-05-18 11:15:00,123.5,124.0,123.5,123.5,712,122.04,2344
2026-05-18 11:20:00,124.0,124.0,123.0,123.0,1015,122.06,2344
2026-05-18 11:25:00,123.5,123.5,123.0,123.5,370,122.06,2344
2026-05-18 11:30:00,123.5,124.5,123.0,124.5,907,122.07,2344
2026-05-18 11:35:00,124.5,125.0,124.0,124.5,1411,122.1,2344
2026-05-18 11:40:00,125.0,125.5,124.5,125.0,2169,122.16,2344
2026-05-18 11:45:00,125.5,125.5,124.5,124.5,1469,122.19,2344
2026-05-18 11:50:00,125.0,125.0,124.5,124.5,502,122.2,2344
2026-05-18 11:55:00,125.0,125.0,124.5,124.5,882,122.22,2344
2026-05-18 12:00:00,125.0,125.0,124.5,124.5,1159,122.24,2344
2026-05-18 12:05:00,124.5,125.0,124.5,125.0,531,122.25,2344
2026-05-18 12:10:00,125.0,125.5,124.5,125.5,2328,122.3,2344
2026-05-18 12:15:00,125.5,126.0,125.0,125.5,2258,122.36,2344
2026-05-18 12:20:00,125.5,125.5,125.0,125.5,559,122.37,2344
2026-05-18 12:25:00,125.0,125.5,124.5,124.5,2535,122.42,2344
2026-05-18 12:30:00,125.0,125.0,124.5,124.5,653,122.43,2344
2026-05-18 12:35:00,125.0,127.0,124.5,127.0,6534,122.59,2344
2026-05-18 12:40:00,127.0,130.0,127.0,129.5,10540,123.01,2344
2026-05-18 12:45:00,130.0,131.0,129.5,130.5,4884,123.24,2344
2026-05-18 12:50:00,131.0,132.0,130.0,131.5,4908,123.48,2344
2026-05-18 12:55:00,131.5,132.5,130.0,132.5,5786,123.75,2344
2026-05-18 13:00:00,132.5,134.0,131.5,131.5,6273,124.07,2344
2026-05-18 13:05:00,132.0,132.0,130.5,131.0,2321,124.17,2344
2026-05-18 13:10:00,131.0,131.0,129.5,130.5,4171,124.31,2344
2026-05-18 13:15:00,130.5,131.0,129.5,130.0,1619,124.36,2344
2026-05-18 13:20:00,130.0,131.5,129.5,131.0,5203,124.54,2344
2026-05-18 13:30:00,130.5,130.5,130.5,130.5,4779,124.69,2344
2026-05-19 09:00:00,125.0,126.0,123.0,125.5,19851,124.2,2344
2026-05-19 09:05:00,125.5,127.0,124.0,125.5,11243,124.72,2344
2026-05-19 09:10:00,126.0,126.5,124.5,126.5,6953,124.88,2344
2026-05-19 09:15:00,126.5,126.5,124.0,124.5,5399,124.88,2344
2026-05-19 09:20:00,124.0,124.5,123.0,123.5,9286,124.66,2344
2026-05-19 09:25:00,123.5,123.5,122.0,123.0,7590,124.42,2344
2026-05-19 09:30:00,123.0,123.5,121.5,123.0,7725,124.19,2344
2026-05-19 09:35:00,123.0,123.5,122.0,123.5,3210,124.13,2344
2026-05-19 09:40:00,123.5,123.5,122.0,123.0,1733,124.09,2344
2026-05-19 09:45:00,123.0,123.0,120.5,120.5,10943,123.74,2344
2026-05-19 09:50:00,120.5,121.0,119.5,119.5,9934,123.37,2344
2026-05-19 09:55:00,119.5,120.0,118.0,119.0,9186,122.96,2344
2026-05-19 10:00:00,119.0,120.0,118.5,120.0,3021,122.85,2344
2026-05-19 10:05:00,120.0,120.0,119.0,119.0,1838,122.79,2344
2026-05-19 10:10:00,119.0,120.0,119.0,120.0,1905,122.73,2344
2026-05-19 10:15:00,120.0,120.0,119.0,119.0,2132,122.67,2344
2026-05-19 10:20:00,119.5,119.5,118.0,118.0,3846,122.53,2344
2026-05-19 10:25:00,118.0,118.5,118.0,118.0,3542,122.4,2344
2026-05-19 10:30:00,118.0,119.5,118.0,119.5,3209,122.3,2344
2026-05-19 10:35:00,119.5,120.0,118.5,118.5,1698,122.26,2344
2026-05-19 10:40:00,118.5,119.0,118.5,118.5,1110,122.23,2344
2026-05-19 10:45:00,118.5,119.5,118.5,119.0,1702,122.19,2344
2026-05-19 10:50:00,119.0,119.5,118.5,119.0,712,122.17,2344
2026-05-19 10:55:00,119.0,119.0,118.0,118.0,1700,122.12,2344
2026-05-19 11:00:00,118.5,118.5,118.0,118.5,1038,122.09,2344
2026-05-19 11:05:00,118.5,119.0,118.0,119.0,1218,122.06,2344
2026-05-19 11:10:00,119.0,119.0,118.5,119.0,343,122.05,2344
2026-05-19 11:15:00,118.5,119.0,118.5,119.0,352,122.04,2344
2026-05-19 11:20:00,119.0,119.0,118.5,118.5,668,122.02,2344
2026-05-19 11:25:00,118.5,119.0,118.5,118.5,838,122.0,2344
2026-05-19 11:30:00,118.5,119.0,118.5,118.5,469,121.99,2344
2026-05-19 11:35:00,119.0,119.0,118.5,118.5,267,121.98,2344
2026-05-19 11:40:00,119.0,119.0,118.5,118.5,388,121.97,2344
2026-05-19 11:45:00,118.5,119.0,118.0,118.0,3051,121.89,2344
2026-05-19 11:50:00,118.0,118.5,117.5,117.5,7061,121.69,2344
2026-05-19 11:55:00,118.0,118.0,117.5,117.5,4568,121.56,2344
2026-05-19 12:00:00,117.5,118.0,117.5,117.5,10292,121.3,2344
2026-05-19 12:05:00,117.5,118.0,117.5,117.5,1373,121.27,2344
2026-05-19 12:10:00,117.5,118.0,117.5,117.5,1298,121.24,2344
2026-05-19 12:15:00,117.5,118.0,117.5,117.5,2433,121.19,2344
2026-05-19 12:20:00,117.5,118.5,117.5,118.0,2373,121.14,2344
2026-05-19 12:25:00,118.0,118.5,118.0,118.5,778,121.13,2344
2026-05-19 12:30:00,118.5,119.0,118.0,118.5,1501,121.1,2344
2026-05-19 12:35:00,118.0,118.5,117.5,117.5,1321,121.08,2344
2026-05-19 12:40:00,117.5,118.0,117.5,118.0,903,121.06,2344
2026-05-19 12:45:00,117.5,118.0,117.5,117.5,2025,121.02,2344
2026-05-19 12:50:00,117.5,118.0,117.5,117.5,4710,120.93,2344
2026-05-19 12:55:00,117.5,117.5,117.5,117.5,327,120.92,2344
2026-05-19 13:00:00,117.5,117.5,117.5,117.5,620,120.91,2344
2026-05-19 13:05:00,117.5,117.5,117.5,117.5,518,120.9,2344
2026-05-19 13:10:00,117.5,117.5,117.5,117.5,475,120.89,2344
2026-05-19 13:15:00,117.5,117.5,117.5,117.5,485,120.89,2344
2026-05-19 13:20:00,117.5,117.5,117.5,117.5,566,120.87,2344
2026-05-19 13:30:00,117.5,117.5,117.5,117.5,653,120.86,2344
2026-05-20 09:00:00,117.5,119.0,117.0,117.0,15505,118.16,2344
2026-05-20 09:05:00,117.0,118.0,115.0,118.0,9716,117.61,2344
2026-05-20 09:10:00,118.0,118.0,116.5,116.5,3384,117.58,2344
2026-05-20 09:15:00,116.5,117.5,116.0,116.0,2727,117.49,2344
2026-05-20 09:20:00,116.0,116.5,114.5,115.5,5389,117.18,2344
2026-05-20 09:25:00,115.5,116.0,113.0,113.0,6717,116.69,2344
2026-05-20 09:30:00,113.0,115.0,112.0,114.0,8456,116.13,2344
2026-05-20 09:35:00,114.0,117.0,114.0,115.0,4894,116.08,2344
2026-05-20 09:40:00,115.0,117.0,115.0,116.5,4548,116.1,2344
2026-05-20 09:45:00,116.0,117.0,115.5,115.5,2940,116.11,2344
2026-05-20 09:50:00,116.0,116.0,114.0,114.5,2354,116.06,2344
2026-05-20 09:55:00,114.5,115.5,114.5,115.0,2260,116.02,2344
2026-05-20 10:00:00,115.0,115.0,114.0,114.0,1196,116.0,2344
2026-05-20 10:05:00,114.0,114.5,113.5,113.5,2256,115.92,2344
2026-05-20 10:10:00,113.5,114.0,113.0,113.5,2123,115.86,2344
2026-05-20 10:15:00,113.5,115.0,113.5,114.5,2069,115.81,2344
2026-05-20 10:20:00,114.5,115.0,114.0,114.5,779,115.8,2344
2026-05-20 10:25:00,114.0,114.5,113.5,113.5,1367,115.77,2344
2026-05-20 10:30:00,113.5,115.5,112.5,115.5,4994,115.63,2344
2026-05-20 10:35:00,115.0,116.5,114.5,115.0,3873,115.64,2344
2026-05-20 10:40:00,115.0,115.0,114.0,114.5,554,115.64,2344
2026-05-20 10:45:00,114.5,117.5,114.0,117.5,4674,115.67,2344
2026-05-20 10:50:00,117.5,117.5,115.5,116.5,3695,115.71,2344
2026-05-20 10:55:00,116.5,116.5,114.5,114.5,2001,115.7,2344
2026-05-20 11:00:00,114.5,117.0,114.5,117.0,1852,115.7,2344
2026-05-20 11:05:00,117.0,117.0,115.5,115.5,2228,115.72,2344
2026-05-20 11:10:00,115.5,116.0,115.0,116.0,712,115.71,2344
2026-05-20 11:15:00,116.0,117.0,115.5,116.5,1333,115.72,2344
2026-05-20 11:20:00,116.5,116.5,115.5,115.5,918,115.72,2344
2026-05-20 11:25:00,115.5,116.0,115.0,115.0,982,115.72,2344
2026-05-20 11:30:00,115.0,115.5,115.0,115.0,512,115.72,2344
2026-05-20 11:35:00,115.0,115.5,114.5,115.0,1347,115.71,2344
2026-05-20 11:40:00,115.0,115.5,115.0,115.0,304,115.71,2344
2026-05-20 11:45:00,115.5,116.0,115.0,115.5,633,115.71,2344
2026-05-20 11:50:00,115.5,116.0,115.0,115.0,563,115.71,2344
2026-05-20 11:55:00,115.0,116.0,115.0,115.5,546,115.71,2344
2026-05-20 12:00:00,116.0,116.0,115.0,115.5,559,115.71,2344
2026-05-20 12:05:00,115.5,116.0,115.0,115.5,395,115.71,2344
2026-05-20 12:10:00,116.0,116.0,115.5,115.5,435,115.71,2344
2026-05-20 12:15:00,116.0,116.5,115.5,116.5,1593,115.71,2344
2026-05-20 12:20:00,116.5,116.5,116.0,116.0,570,115.71,2344
2026-05-20 12:25:00,116.0,116.5,115.0,115.5,1547,115.71,2344
2026-05-20 12:30:00,115.5,115.5,114.5,114.5,1622,115.7,2344
2026-05-20 12:35:00,115.0,115.0,114.0,114.0,1493,115.69,2344
2026-05-20 12:40:00,114.5,114.5,113.5,113.5,1610,115.66,2344
2026-05-20 12:45:00,113.5,114.0,113.0,113.5,2209,115.62,2344
2026-05-20 12:50:00,114.0,114.0,113.5,113.5,1119,115.6,2344
2026-05-20 12:55:00,114.0,114.5,113.0,114.0,3203,115.56,2344
2026-05-20 13:00:00,114.5,115.0,114.0,114.5,1930,115.54,2344
2026-05-20 13:05:00,115.0,116.0,114.5,115.5,4258,115.54,2344
2026-05-20 13:10:00,116.0,116.5,115.0,115.5,3071,115.54,2344
2026-05-20 13:15:00,115.5,116.5,115.0,115.5,3731,115.55,2344
2026-05-20 13:20:00,116.0,116.5,115.0,115.5,3224,115.56,2344
2026-05-20 13:30:00,115.5,115.5,115.5,115.5,6314,115.55,2344
2026-05-21 09:00:00,120.0,122.5,119.5,120.5,20911,120.6,2344
2026-05-21 09:05:00,120.5,121.0,118.0,118.5,11706,120.22,2344
2026-05-21 09:10:00,118.5,119.5,118.0,118.5,7241,119.92,2344
2026-05-21 09:15:00,118.5,119.0,117.0,117.0,8094,119.6,2344
2026-05-21 09:20:00,117.5,118.5,117.0,117.5,4058,119.45,2344
2026-05-21 09:25:00,118.0,118.0,117.0,118.0,2369,119.37,2344
2026-05-21 09:30:00,118.0,119.0,117.5,118.5,3728,119.3,2344
2026-05-21 09:35:00,119.0,119.5,118.0,118.5,4947,119.27,2344
2026-05-21 09:40:00,118.5,119.5,117.5,118.5,4380,119.22,2344
2026-05-21 09:45:00,119.0,119.0,117.5,118.0,3061,119.18,2344
2026-05-21 09:50:00,118.0,118.0,117.0,118.0,3616,119.1,2344
2026-05-21 09:55:00,118.0,118.5,117.5,118.5,2180,119.06,2344
2026-05-21 10:00:00,118.5,118.5,117.0,117.5,3149,119.01,2344
2026-05-21 10:05:00,117.5,117.5,117.0,117.5,2186,118.96,2344
2026-05-21 10:10:00,117.5,117.5,116.0,116.5,6966,118.78,2344
2026-05-21 10:15:00,116.5,117.5,116.0,117.5,5504,118.63,2344
2026-05-21 10:20:00,117.5,118.0,116.5,116.5,2623,118.59,2344
2026-05-21 10:25:00,116.5,117.0,113.5,114.5,11034,118.23,2344
2026-05-21 10:30:00,114.5,115.5,114.0,115.5,4229,118.1,2344
2026-05-21 10:35:00,115.0,115.5,114.5,115.0,2501,118.03,2344
2026-05-21 10:40:00,115.0,115.5,114.5,115.0,1133,118.0,2344
2026-05-21 10:45:00,115.5,115.5,115.0,115.5,645,117.99,2344
2026-05-21 10:50:00,115.5,115.5,114.5,115.0,2508,117.92,2344
2026-05-21 10:55:00,114.5,115.5,114.5,115.5,1542,117.89,2344
2026-05-21 11:00:00,115.5,115.5,115.0,115.5,1388,117.86,2344
2026-05-21 11:05:00,115.0,115.5,115.0,115.0,1663,117.82,2344
2026-05-21 11:10:00,115.5,115.5,115.0,115.0,1186,117.79,2344
2026-05-21 11:15:00,115.0,115.5,114.0,114.0,3608,117.7,2344
2026-05-21 11:20:00,114.5,115.0,114.0,114.5,2229,117.65,2344
2026-05-21 11:25:00,114.5,115.0,114.5,114.5,717,117.63,2344
2026-05-21 11:30:00,114.5,115.5,114.5,115.0,2920,117.57,2344
2026-05-21 11:35:00,115.0,115.5,114.0,114.5,2268,117.52,2344
2026-05-21 11:40:00,114.0,115.0,114.0,114.5,2422,117.47,2344
2026-05-21 11:45:00,114.5,115.5,114.5,115.5,2342,117.43,2344
2026-05-21 11:50:00,115.5,115.5,115.0,115.0,2509,117.39,2344
2026-05-21 11:55:00,115.0,116.0,115.0,115.0,4970,117.33,2344
2026-05-21 12:00:00,115.0,115.5,115.0,115.5,1667,117.3,2344
2026-05-21 12:05:00,115.0,115.5,115.0,115.0,1314,117.28,2344
2026-05-21 12:10:00,115.0,115.5,114.5,114.5,1116,117.27,2344
2026-05-21 12:15:00,114.5,115.0,114.5,115.0,1633,117.24,2344
2026-05-21 12:20:00,115.5,116.0,115.0,115.5,3584,117.21,2344
2026-05-21 12:25:00,116.0,116.5,115.5,116.0,1993,117.19,2344
2026-05-21 12:30:00,116.0,116.5,115.5,115.5,1242,117.18,2344
2026-05-21 12:35:00,115.5,116.5,115.5,116.5,2735,117.16,2344
2026-05-21 12:40:00,116.0,116.5,115.5,115.5,1940,117.15,2344
2026-05-21 12:45:00,115.5,116.0,115.0,115.5,2362,117.12,2344
2026-05-21 12:50:00,115.5,115.5,115.0,115.5,797,117.11,2344
2026-05-21 12:55:00,115.5,116.0,115.0,116.0,3980,117.08,2344
2026-05-21 13:00:00,116.0,116.0,114.5,114.5,4695,117.03,2344
2026-05-21 13:05:00,115.0,115.0,114.5,114.5,3835,116.98,2344
2026-05-21 13:10:00,114.5,115.0,114.0,114.5,3780,116.93,2344
2026-05-21 13:15:00,114.5,115.0,114.0,114.0,5200,116.86,2344
2026-05-21 13:20:00,114.0,114.5,113.5,114.0,8093,116.74,2344
2026-05-21 13:30:00,114.0,114.0,114.0,114.0,8924,116.63,2344
2026-05-22 09:00:00,116.5,119.0,115.5,118.5,18351,117.65,2344
2026-05-22 09:05:00,118.5,119.0,117.0,117.5,6667,117.73,2344
2026-05-22 09:10:00,118.0,120.5,117.5,119.5,20919,118.54,2344
2026-05-22 09:15:00,120.0,123.5,120.0,123.0,22870,119.61,2344
2026-05-22 09:20:00,123.0,124.0,122.0,123.5,13832,120.18,2344
2026-05-22 09:25:00,123.0,124.5,123.0,123.5,10429,120.55,2344
2026-05-22 09:30:00,123.5,125.0,123.0,125.0,34188,121.66,2344
2026-05-22 09:35:00,124.0,125.0,124.0,125.0,25133,122.2,2344
2026-05-22 09:40:00,125.0,125.0,125.0,125.0,3963,122.27,2344
2026-05-22 09:45:00,125.0,125.0,125.0,125.0,2343,122.31,2344
2026-05-22 09:50:00,125.0,125.0,125.0,125.0,1712,122.34,2344
2026-05-22 09:55:00,125.0,125.0,125.0,125.0,1178,122.36,2344
2026-05-22 10:00:00,125.0,125.0,125.0,125.0,775,122.37,2344
2026-05-22 10:05:00,125.0,125.0,125.0,125.0,775,122.38,2344
2026-05-22 10:10:00,125.0,125.0,125.0,125.0,11537,122.55,2344
2026-05-22 10:15:00,125.0,125.0,125.0,125.0,556,122.56,2344
2026-05-22 10:20:00,125.0,125.0,125.0,125.0,799,122.57,2344
2026-05-22 10:25:00,125.0,125.0,125.0,125.0,497,122.58,2344
2026-05-22 10:30:00,125.0,125.0,125.0,125.0,449,122.59,2344
2026-05-22 10:35:00,125.0,125.0,125.0,125.0,358,122.59,2344
2026-05-22 10:40:00,125.0,125.0,125.0,125.0,294,122.59,2344
2026-05-22 10:45:00,125.0,125.0,125.0,125.0,251,122.6,2344
2026-05-22 10:50:00,125.0,125.0,125.0,125.0,338,122.6,2344
2026-05-22 10:55:00,125.0,125.0,125.0,125.0,240,122.61,2344
2026-05-22 11:00:00,125.0,125.0,125.0,125.0,340,122.61,2344
2026-05-22 11:05:00,125.0,125.0,125.0,125.0,406,122.62,2344
2026-05-22 11:10:00,125.0,125.0,125.0,125.0,331,122.62,2344
2026-05-22 11:15:00,125.0,125.0,125.0,125.0,241,122.62,2344
2026-05-22 11:20:00,125.0,125.0,125.0,125.0,424,122.63,2344
2026-05-22 11:25:00,125.0,125.0,125.0,125.0,239,122.63,2344
2026-05-22 11:30:00,125.0,125.0,125.0,125.0,180,122.63,2344
2026-05-22 11:35:00,125.0,125.0,125.0,125.0,157,122.64,2344
2026-05-22 11:40:00,125.0,125.0,125.0,125.0,274,122.64,2344
2026-05-22 11:45:00,125.0,125.0,125.0,125.0,271,122.64,2344
2026-05-22 11:50:00,125.0,125.0,125.0,125.0,256,122.65,2344
2026-05-22 11:55:00,125.0,125.0,125.0,125.0,193,122.65,2344
2026-05-22 12:00:00,125.0,125.0,125.0,125.0,126,122.65,2344
2026-05-22 12:05:00,125.0,125.0,125.0,125.0,186,122.65,2344
2026-05-22 12:10:00,125.0,125.0,125.0,125.0,136,122.65,2344
2026-05-22 12:15:00,125.0,125.0,125.0,125.0,172,122.66,2344
2026-05-22 12:20:00,125.0,125.0,125.0,125.0,175,122.66,2344
2026-05-22 12:25:00,125.0,125.0,125.0,125.0,261,122.66,2344
2026-05-22 12:30:00,125.0,125.0,125.0,125.0,199,122.67,2344
2026-05-22 12:35:00,125.0,125.0,125.0,125.0,321,122.67,2344
2026-05-22 12:40:00,125.0,125.0,125.0,125.0,173,122.67,2344
2026-05-22 12:45:00,125.0,125.0,125.0,125.0,277,122.67,2344
2026-05-22 12:50:00,125.0,125.0,125.0,125.0,246,122.68,2344
2026-05-22 12:55:00,125.0,125.0,125.0,125.0,336,122.68,2344
2026-05-22 13:00:00,125.0,125.0,125.0,125.0,523,122.69,2344
2026-05-22 13:05:00,125.0,125.0,125.0,125.0,801,122.7,2344
2026-05-22 13:10:00,125.0,125.0,125.0,125.0,670,122.71,2344
2026-05-22 13:15:00,125.0,125.0,125.0,125.0,294,122.71,2344
2026-05-22 13:20:00,125.0,125.0,125.0,125.0,896,122.72,2344
2026-05-22 13:30:00,125.0,125.0,125.0,125.0,2704,122.75,2344
2026-05-25 09:00:00,120.5,122.0,119.0,120.0,33453,120.37,2344
2026-05-25 09:05:00,120.0,120.5,119.0,120.0,13447,120.22,2344
2026-05-25 09:10:00,119.5,121.0,119.5,121.0,7882,120.21,2344
2026-05-25 09:15:00,120.5,123.5,120.5,123.0,15517,120.68,2344
2026-05-25 09:20:00,122.5,126.5,121.5,125.0,20218,121.47,2344
2026-05-25 09:25:00,125.0,126.0,124.5,126.0,9686,121.84,2344
2026-05-25 09:30:00,125.5,126.0,124.5,124.5,9995,122.15,2344
2026-05-25 09:35:00,125.0,125.0,123.0,124.5,8461,122.28,2344
2026-05-25 09:40:00,124.5,124.5,122.5,123.5,8347,122.36,2344
2026-05-25 09:45:00,123.5,123.5,122.0,122.5,6195,122.37,2344
2026-05-25 09:50:00,122.5,124.0,122.5,123.0,5628,122.41,2344
2026-05-25 09:55:00,123.0,123.5,121.5,122.5,11521,122.39,2344
2026-05-25 10:00:00,123.0,123.5,122.0,123.0,7351,122.41,2344
2026-05-25 10:05:00,123.0,124.5,122.5,124.5,4316,122.43,2344
2026-05-25 10:10:00,124.5,124.5,123.5,124.0,3006,122.46,2344
2026-05-25 10:15:00,123.5,125.5,123.5,125.0,5781,122.53,2344
2026-05-25 10:20:00,125.5,125.5,123.5,124.0,5685,122.6,2344
2026-05-25 10:25:00,124.5,125.0,124.0,124.5,6131,122.66,2344
2026-05-25 10:30:00,124.5,129.5,124.5,129.0,22325,123.13,2344
2026-05-25 10:35:00,128.5,130.5,127.5,127.5,14945,123.52,2344
2026-05-25 10:40:00,127.5,128.0,126.5,127.0,4212,123.6,2344
2026-05-25 10:45:00,127.5,128.0,126.5,127.5,3598,123.65,2344
2026-05-25 10:50:00,128.0,129.0,127.0,127.0,4509,123.74,2344
2026-05-25 10:55:00,127.5,128.0,127.0,127.5,2002,123.77,2344
2026-05-25 11:00:00,127.5,129.5,127.0,128.0,5856,123.88,2344
2026-05-25 11:05:00,128.5,128.5,127.5,127.5,1364,123.91,2344
2026-05-25 11:10:00,127.5,129.0,127.5,129.0,2523,123.95,2344
2026-05-25 11:15:00,129.0,129.0,127.5,128.0,1993,123.99,2344
2026-05-25 11:20:00,128.0,129.0,128.0,128.5,2712,124.04,2344
2026-05-25 11:25:00,128.5,129.5,128.0,129.0,4327,124.12,2344
2026-05-25 11:30:00,128.5,130.0,128.5,129.5,5878,124.24,2344
2026-05-25 11:35:00,129.5,132.0,129.0,132.0,17591,124.66,2344
2026-05-25 11:40:00,132.0,132.0,130.5,130.5,3611,124.75,2344
2026-05-25 11:45:00,131.0,131.0,130.5,130.5,1374,124.77,2344
2026-05-25 11:50:00,130.5,131.0,130.0,130.0,2926,124.83,2344
2026-05-25 11:55:00,130.5,132.0,130.0,131.0,4011,124.92,2344
2026-05-25 12:00:00,131.0,131.5,130.0,131.0,3055,124.98,2344
2026-05-25 12:05:00,131.0,133.0,131.0,131.5,6867,125.14,2344
2026-05-25 12:10:00,131.5,131.5,130.5,130.5,1468,125.17,2344
2026-05-25 12:15:00,131.0,131.0,130.5,130.5,1650,125.2,2344
2026-05-25 12:20:00,130.5,131.5,130.0,131.5,2992,125.25,2344
2026-05-25 12:25:00,131.5,133.0,131.0,132.5,5185,125.37,2344
2026-05-25 12:30:00,133.0,133.0,131.0,131.5,3671,125.45,2344
2026-05-25 12:35:00,132.0,133.0,131.0,131.0,4111,125.53,2344
2026-05-25 12:40:00,131.0,131.5,130.0,130.0,3050,125.58,2344
2026-05-25 12:45:00,130.0,131.0,130.0,130.5,3335,125.63,2344
2026-05-25 12:50:00,130.5,131.0,129.0,129.0,2862,125.67,2344
2026-05-25 12:55:00,129.0,130.0,129.0,129.5,2346,125.69,2344
2026-05-25 13:00:00,129.0,129.5,128.5,128.5,3426,125.73,2344
2026-05-25 13:05:00,128.5,129.5,128.5,129.0,2451,125.75,2344
2026-05-25 13:10:00,129.0,129.5,129.0,129.0,3283,125.78,2344
2026-05-25 13:15:00,129.5,129.5,128.5,129.0,5080,125.83,2344
2026-05-25 13:20:00,129.5,129.5,128.5,128.5,5238,125.88,2344
2026-05-25 13:30:00,128.5,128.5,128.5,128.5,6238,125.92,2344
2026-05-26 09:00:00,133.5,139.5,133.0,137.5,30037,136.3,2344
2026-05-26 09:05:00,138.0,138.0,133.5,133.5,17248,135.9,2344
2026-05-26 09:10:00,133.5,136.5,133.0,136.0,14748,135.61,2344
2026-05-26 09:15:00,136.5,138.0,135.0,138.0,13804,135.79,2344
2026-05-26 09:20:00,137.5,138.5,136.5,138.5,13003,136.08,2344
2026-05-26 09:25:00,138.5,141.0,138.0,140.0,36690,137.28,2344
2026-05-26 09:30:00,139.5,141.0,139.5,141.0,35315,138.07,2344
2026-05-26 09:35:00,141.0,141.0,138.0,138.5,17857,138.31,2344
2026-05-26 09:40:00,138.5,139.0,136.5,139.0,21327,138.23,2344
2026-05-26 09:45:00,138.5,140.5,138.0,140.0,12246,138.31,2344
2026-05-26 09:50:00,140.0,140.5,139.0,139.0,3989,138.33,2344
2026-05-26 09:55:00,139.5,140.0,139.0,139.0,3132,138.35,2344
2026-05-26 10:00:00,139.5,140.0,138.5,139.0,2307,138.36,2344
2026-05-26 10:05:00,139.0,140.0,139.0,140.0,2772,138.37,2344
2026-05-26 10:10:00,139.5,140.0,139.5,140.0,1691,138.38,2344
2026-05-26 10:15:00,139.5,141.0,139.5,141.0,6952,138.44,2344
2026-05-26 10:20:00,140.5,141.0,140.0,140.5,4153,138.48,2344
2026-05-26 10:25:00,140.0,141.0,140.0,141.0,35998,138.81,2344
2026-05-26 10:30:00,141.0,141.0,141.0,141.0,2351,138.83,2344
2026-05-26 10:35:00,141.0,141.0,141.0,141.0,1915,138.84,2344
2026-05-26 10:40:00,141.0,141.0,141.0,141.0,535,138.85,2344
2026-05-26 10:45:00,141.0,141.0,141.0,141.0,1097,138.85,2344
2026-05-26 10:50:00,141.0,141.0,141.0,141.0,968,138.86,2344
2026-05-26 10:55:00,141.0,141.0,141.0,141.0,384,138.86,2344
2026-05-26 11:00:00,141.0,141.0,141.0,141.0,749,138.87,2344
2026-05-26 11:05:00,141.0,141.0,141.0,141.0,1438,138.88,2344
2026-05-26 11:10:00,141.0,141.0,141.0,141.0,6912,138.93,2344
2026-05-26 11:15:00,141.0,141.0,141.0,141.0,1291,138.94,2344
2026-05-26 11:20:00,141.0,141.0,141.0,141.0,351,138.94,2344
2026-05-26 11:25:00,141.0,141.0,141.0,141.0,403,138.95,2344
2026-05-26 11:30:00,141.0,141.0,141.0,141.0,467,138.95,2344
2026-05-26 11:35:00,141.0,141.0,141.0,141.0,271,138.95,2344
2026-05-26 11:40:00,141.0,141.0,141.0,141.0,478,138.95,2344
2026-05-26 11:45:00,141.0,141.0,141.0,141.0,904,138.96,2344
2026-05-26 11:50:00,141.0,141.0,139.0,139.5,10375,139.0,2344
2026-05-26 11:55:00,139.5,141.0,139.0,141.0,7270,139.04,2344
2026-05-26 12:00:00,141.0,141.0,140.0,140.5,8578,139.09,2344
2026-05-26 12:05:00,140.5,141.0,140.0,141.0,3187,139.11,2344
2026-05-26 12:10:00,141.0,141.0,141.0,141.0,488,139.11,2344
2026-05-26 12:15:00,141.0,141.0,141.0,141.0,493,139.11,2344
2026-05-26 12:20:00,141.0,141.0,141.0,141.0,1208,139.12,2344
2026-05-26 12:25:00,141.0,141.0,141.0,141.0,415,139.12,2344
2026-05-26 12:30:00,141.0,141.0,141.0,141.0,563,139.12,2344
2026-05-26 12:35:00,141.0,141.0,141.0,141.0,451,139.13,2344
2026-05-26 12:40:00,141.0,141.0,141.0,141.0,564,139.13,2344
2026-05-26 12:45:00,141.0,141.0,141.0,141.0,394,139.13,2344
2026-05-26 12:50:00,141.0,141.0,141.0,141.0,411,139.14,2344
2026-05-26 12:55:00,141.0,141.0,141.0,141.0,322,139.14,2344
2026-05-26 13:00:00,141.0,141.0,141.0,141.0,288,139.14,2344
2026-05-26 13:05:00,141.0,141.0,141.0,141.0,330,139.14,2344
2026-05-26 13:10:00,141.0,141.0,141.0,141.0,404,139.14,2344
2026-05-26 13:15:00,141.0,141.0,141.0,141.0,430,139.15,2344
2026-05-26 13:20:00,141.0,141.0,141.0,141.0,868,139.15,2344
2026-05-26 13:30:00,141.0,141.0,141.0,141.0,529,139.15,2344
2026-05-27 09:00:00,155.0,155.0,155.0,155.0,20364,155.0,2344
2026-05-27 09:05:00,155.0,155.0,155.0,155.0,5612,155.0,2344
2026-05-27 09:10:00,155.0,155.0,155.0,155.0,3754,155.0,2344
2026-05-27 09:15:00,155.0,155.0,155.0,155.0,1318,155.0,2344
2026-05-27 09:20:00,155.0,155.0,150.5,153.0,90015,154.61,2344
2026-05-27 09:25:00,153.0,154.5,150.5,152.0,20402,154.29,2344
2026-05-27 09:30:00,152.0,152.0,146.0,148.0,26543,153.45,2344
2026-05-27 09:35:00,148.0,152.5,147.5,152.0,18934,153.13,2344
2026-05-27 09:40:00,152.0,154.0,151.5,151.5,11236,153.13,2344
2026-05-27 09:45:00,151.5,153.5,151.0,152.5,5512,153.11,2344
2026-05-27 09:50:00,152.5,153.5,152.0,152.5,3104,153.1,2344
2026-05-27 09:55:00,153.0,153.0,150.5,151.5,4539,153.07,2344
2026-05-27 10:00:00,151.0,153.5,151.0,152.5,4927,153.06,2344
2026-05-27 10:05:00,152.5,152.5,151.5,152.5,2694,153.04,2344
2026-05-27 10:10:00,152.5,154.5,152.0,154.0,8644,153.06,2344
2026-05-27 10:15:00,153.5,154.0,153.0,153.0,1948,153.07,2344
2026-05-27 10:20:00,153.5,154.0,153.0,154.0,1510,153.07,2344
2026-05-27 10:25:00,153.5,155.0,153.5,155.0,31090,153.28,2344
2026-05-27 10:30:00,155.0,155.0,155.0,155.0,1404,153.29,2344
2026-05-27 10:35:00,155.0,155.0,155.0,155.0,1491,153.3,2344
2026-05-27 10:40:00,155.0,155.0,155.0,155.0,1617,153.31,2344
2026-05-27 10:45:00,155.0,155.0,155.0,155.0,1407,153.32,2344
2026-05-27 10:50:00,155.0,155.0,155.0,155.0,730,153.33,2344
2026-05-27 10:55:00,155.0,155.0,155.0,155.0,1151,153.33,2344
2026-05-27 11:00:00,155.0,155.0,149.5,150.5,30406,153.28,2344
2026-05-27 11:05:00,150.5,152.5,149.5,152.5,12730,153.18,2344
2026-05-27 11:10:00,152.5,154.5,152.0,154.0,4943,153.18,2344
2026-05-27 11:15:00,154.0,154.5,153.0,154.0,2221,153.19,2344
2026-05-27 11:20:00,154.0,154.0,153.5,154.0,717,153.19,2344
2026-05-27 11:25:00,154.0,154.5,153.5,154.5,2808,153.19,2344
2026-05-27 11:30:00,154.0,155.0,154.0,154.5,3400,153.21,2344
2026-05-27 11:35:00,155.0,155.0,154.0,155.0,26329,153.34,2344
2026-05-27 11:40:00,155.0,155.0,155.0,155.0,2620,153.35,2344
2026-05-27 11:45:00,155.0,155.0,154.0,154.0,4249,153.37,2344
2026-05-27 11:50:00,154.0,155.0,154.0,154.0,1268,153.37,2344
2026-05-27 11:55:00,154.0,155.0,153.5,154.5,2442,153.38,2344
2026-05-27 12:00:00,154.5,155.0,154.0,155.0,2016,153.39,2344
2026-05-27 12:05:00,155.0,155.0,154.0,154.5,1713,153.39,2344
2026-05-27 12:10:00,155.0,155.0,153.5,153.5,2098,153.4,2344
2026-05-27 12:15:00,154.0,154.0,152.0,152.0,3913,153.4,2344
2026-05-27 12:20:00,152.5,153.0,150.5,151.5,5724,153.37,2344
2026-05-27 12:25:00,151.5,152.0,150.5,152.0,4375,153.34,2344
2026-05-27 12:30:00,152.0,153.5,150.0,153.0,5213,153.32,2344
2026-05-27 12:35:00,153.0,153.5,152.0,153.0,3155,153.32,2344
2026-05-27 12:40:00,153.0,153.5,151.0,151.5,2732,153.31,2344
2026-05-27 12:45:00,151.5,152.0,151.0,151.5,2232,153.3,2344
2026-05-27 12:50:00,152.0,153.5,151.5,152.5,2496,153.3,2344
2026-05-27 12:55:00,153.0,154.0,152.5,153.0,4635,153.3,2344
2026-05-27 13:00:00,153.0,153.5,151.5,151.5,2348,153.29,2344
2026-05-27 13:05:00,152.0,153.0,151.5,152.5,3679,153.28,2344
2026-05-27 13:10:00,153.0,155.0,152.5,155.0,18689,153.33,2344
2026-05-27 13:15:00,155.0,155.0,155.0,155.0,1569,153.34,2344
2026-05-27 13:20:00,155.0,155.0,155.0,155.0,908,153.34,2344
2026-05-27 13:30:00,155.0,155.0,155.0,155.0,3384,153.36,2344
2026-05-28 09:00:00,151.0,152.0,147.0,151.5,29612,150.13,2344
2026-05-28 09:05:00,151.5,154.5,151.0,153.5,17889,151.19,2344
2026-05-28 09:10:00,153.5,156.0,153.0,155.0,24430,152.49,2344
2026-05-28 09:15:00,154.5,155.0,152.0,152.0,9534,152.62,2344
2026-05-28 09:20:00,152.5,154.5,152.0,153.5,8804,152.66,2344
2026-05-28 09:25:00,153.5,154.0,151.5,153.0,7743,152.65,2344
2026-05-28 09:30:00,153.0,154.0,151.5,153.5,7182,152.67,2344
2026-05-28 09:35:00,153.5,154.0,152.0,152.5,4407,152.68,2344
2026-05-28 09:40:00,152.0,153.0,151.0,152.0,5450,152.64,2344
2026-05-28 09:45:00,152.0,152.5,151.0,152.5,2565,152.62,2344
2026-05-28 09:50:00,152.0,152.5,151.5,152.0,3402,152.61,2344
2026-05-28 09:55:00,152.0,154.5,152.0,154.0,7812,152.66,2344
2026-05-28 10:00:00,154.0,154.5,153.0,153.5,4106,152.69,2344
2026-05-28 10:05:00,153.5,155.5,153.5,155.0,10081,152.84,2344
2026-05-28 10:10:00,155.0,156.5,154.5,155.5,15347,153.12,2344
2026-05-28 10:15:00,155.5,155.5,154.0,154.5,4039,153.16,2344
2026-05-28 10:20:00,154.5,156.0,153.0,153.5,7658,153.23,2344
2026-05-28 10:25:00,154.0,154.0,152.5,152.5,3289,153.23,2344
2026-05-28 10:30:00,153.0,153.5,152.0,153.5,5021,153.21,2344
2026-05-28 10:35:00,153.5,153.5,152.5,153.5,1788,153.21,2344
2026-05-28 10:40:00,153.5,153.5,153.0,153.5,1128,153.21,2344
2026-05-28 10:45:00,153.5,154.5,153.0,154.5,2623,153.22,2344
2026-05-28 10:50:00,153.5,154.5,153.5,154.0,1557,153.23,2344
2026-05-28 10:55:00,154.5,155.5,154.0,155.0,5899,153.28,2344
2026-05-28 11:00:00,155.0,155.5,154.0,154.5,4222,153.31,2344
2026-05-28 11:05:00,154.0,154.5,154.0,154.0,786,153.32,2344
2026-05-28 11:10:00,154.0,154.5,152.5,153.5,6435,153.32,2344
2026-05-28 11:15:00,153.5,153.5,151.0,151.0,7217,153.27,2344
2026-05-28 11:20:00,151.0,151.5,148.5,149.0,16426,153.04,2344
2026-05-28 11:25:00,149.0,150.0,148.0,148.5,8774,152.89,2344
2026-05-28 11:30:00,148.5,149.0,146.0,146.0,11963,152.63,2344
2026-05-28 11:35:00,146.0,146.5,143.0,144.0,15242,152.17,2344
2026-05-28 11:40:00,144.0,147.0,143.5,146.0,10358,151.91,2344
2026-05-28 11:45:00,146.0,148.5,145.0,148.5,6703,151.8,2344
2026-05-28 11:50:00,148.5,149.0,147.0,147.5,3337,151.75,2344
2026-05-28 11:55:00,147.5,148.0,146.0,146.0,2994,151.7,2344
2026-05-28 12:00:00,146.0,147.0,145.5,145.5,2602,151.65,2344
2026-05-28 12:05:00,145.5,147.0,145.0,147.0,3647,151.58,2344
2026-05-28 12:10:00,147.0,147.0,145.0,146.0,2681,151.53,2344
2026-05-28 12:15:00,146.0,146.0,143.5,144.5,4912,151.41,2344
2026-05-28 12:20:00,144.0,145.0,144.0,144.5,2503,151.35,2344
2026-05-28 12:25:00,144.5,145.0,144.0,145.0,2681,151.29,2344
2026-05-28 12:30:00,145.0,145.5,144.5,145.5,2566,151.24,2344
2026-05-28 12:35:00,145.5,145.5,145.0,145.5,999,151.22,2344
2026-05-28 12:40:00,145.5,146.0,144.5,144.5,2965,151.17,2344
2026-05-28 12:45:00,145.0,145.0,142.5,143.0,7556,150.98,2344
2026-05-28 12:50:00,143.0,143.5,142.5,142.5,3119,150.9,2344
2026-05-28 12:55:00,142.5,143.5,142.0,143.0,4551,150.79,2344
2026-05-28 13:00:00,143.5,143.5,142.5,143.0,2688,150.72,2344
2026-05-28 13:05:00,143.0,145.0,142.5,145.0,5141,150.62,2344
2026-05-28 13:10:00,145.0,145.5,144.5,145.5,2889,150.57,2344
2026-05-28 13:15:00,145.5,145.5,144.0,144.0,3674,150.51,2344
2026-05-28 13:20:00,144.0,144.5,143.5,143.5,7200,150.37,2344
2026-05-28 13:30:00,144.0,144.0,144.0,144.0,6510,150.25,2344
2026-05-29 09:00:00,155.0,155.5,151.0,153.0,30761,153.82,2344
2026-05-29 09:05:00,153.0,156.0,152.5,155.0,24333,154.24,2344
2026-05-29 09:10:00,155.5,157.5,154.0,157.0,20281,154.73,2344
2026-05-29 09:15:00,157.0,158.0,156.0,158.0,50656,156.0,2344
2026-05-29 09:20:00,158.0,158.0,158.0,158.0,8763,156.13,2344
2026-05-29 09:25:00,158.0,158.0,158.0,158.0,3415,156.17,2344
2026-05-29 09:30:00,158.0,158.0,158.0,158.0,8135,156.27,2344
2026-05-29 09:35:00,158.0,158.0,156.0,157.5,24387,156.47,2344
2026-05-29 09:40:00,157.0,157.5,155.0,155.5,10123,156.45,2344
2026-05-29 09:45:00,155.5,156.5,155.5,155.5,3172,156.44,2344
2026-05-29 09:50:00,155.5,155.5,153.0,155.5,9928,156.34,2344
2026-05-29 09:55:00,155.5,157.0,155.0,157.0,3269,156.34,2344
2026-05-29 10:00:00,156.5,157.5,156.5,157.5,2949,156.35,2344
2026-05-29 10:05:00,157.5,157.5,156.5,156.5,2885,156.36,2344
2026-05-29 10:10:00,156.5,157.5,156.5,157.0,1875,156.36,2344
2026-05-29 10:15:00,156.5,158.0,156.5,157.5,4024,156.38,2344
2026-05-29 10:20:00,158.0,158.0,157.5,158.0,21199,156.53,2344
2026-05-29 10:25:00,158.0,158.0,158.0,158.0,1767,156.54,2344
2026-05-29 10:30:00,158.0,158.0,158.0,158.0,1741,156.55,2344
2026-05-29 10:35:00,158.0,158.0,158.0,158.0,532,156.56,2344
2026-05-29 10:40:00,158.0,158.0,158.0,158.0,640,156.56,2344
2026-05-29 10:45:00,158.0,158.0,158.0,158.0,1372,156.57,2344
2026-05-29 10:50:00,158.0,158.0,158.0,158.0,463,156.57,2344
2026-05-29 10:55:00,158.0,158.0,158.0,158.0,352,156.58,2344
2026-05-29 11:00:00,158.0,158.0,158.0,158.0,478,156.58,2344
2026-05-29 11:05:00,158.0,158.0,158.0,158.0,262,156.58,2344
2026-05-29 11:10:00,158.0,158.0,158.0,158.0,279,156.58,2344
2026-05-29 11:15:00,158.0,158.0,158.0,158.0,238,156.58,2344
2026-05-29 11:20:00,158.0,158.0,158.0,158.0,507,156.59,2344
2026-05-29 11:25:00,158.0,158.0,158.0,158.0,780,156.59,2344
2026-05-29 11:30:00,158.0,158.0,158.0,158.0,636,156.59,2344
2026-05-29 11:35:00,158.0,158.0,158.0,158.0,216,156.6,2344
2026-05-29 11:40:00,158.0,158.0,158.0,158.0,150,156.6,2344
2026-05-29 11:45:00,158.0,158.0,158.0,158.0,188,156.6,2344
2026-05-29 11:50:00,158.0,158.0,158.0,158.0,148,156.6,2344
2026-05-29 11:55:00,158.0,158.0,158.0,158.0,184,156.6,2344
2026-05-29 12:00:00,158.0,158.0,158.0,158.0,323,156.6,2344
2026-05-29 12:05:00,158.0,158.0,158.0,158.0,546,156.6,2344
2026-05-29 12:10:00,158.0,158.0,158.0,158.0,180,156.61,2344
2026-05-29 12:15:00,158.0,158.0,158.0,158.0,193,156.61,2344
2026-05-29 12:20:00,158.0,158.0,158.0,158.0,220,156.61,2344
2026-05-29 12:25:00,158.0,158.0,158.0,158.0,278,156.61,2344
2026-05-29 12:30:00,158.0,158.0,158.0,158.0,321,156.61,2344
2026-05-29 12:35:00,158.0,158.0,158.0,158.0,702,156.62,2344
2026-05-29 12:40:00,158.0,158.0,158.0,158.0,205,156.62,2344
2026-05-29 12:45:00,158.0,158.0,158.0,158.0,170,156.62,2344
2026-05-29 12:50:00,158.0,158.0,158.0,158.0,139,156.62,2344
2026-05-29 12:55:00,158.0,158.0,158.0,158.0,168,156.62,2344
2026-05-29 13:00:00,158.0,158.0,158.0,158.0,201,156.62,2344
2026-05-29 13:05:00,158.0,158.0,158.0,158.0,242,156.62,2344
2026-05-29 13:10:00,158.0,158.0,158.0,158.0,203,156.62,2344
2026-05-29 13:15:00,158.0,158.0,158.0,158.0,290,156.62,2344
2026-05-29 13:20:00,158.0,158.0,158.0,158.0,269,156.63,2344
2026-05-29 13:30:00,158.0,158.0,158.0,158.0,930,156.63,2344
2026-06-01 09:00:00,168.0,171.5,166.0,171.5,40995,168.86,2344
2026-06-01 09:05:00,171.5,172.0,168.0,169.5,18949,169.29,2344
2026-06-01 09:10:00,169.5,169.5,166.0,168.5,15066,168.93,2344
2026-06-01 09:15:00,168.5,168.5,166.0,167.0,9107,168.74,2344
2026-06-01 09:20:00,167.0,168.0,166.0,167.5,6807,168.61,2344
2026-06-01 09:25:00,167.5,168.5,167.0,167.5,7726,168.56,2344
2026-06-01 09:30:00,167.5,169.0,166.5,169.0,7443,168.5,2344
2026-06-01 09:35:00,169.0,171.5,167.5,171.5,11350,168.62,2344
2026-06-01 09:40:00,171.0,171.5,169.0,171.5,5623,168.71,2344
2026-06-01 09:45:00,171.5,173.5,171.0,173.5,43211,169.89,2344
2026-06-01 09:50:00,173.5,173.5,171.5,172.5,9433,170.05,2344
2026-06-01 09:55:00,172.5,173.5,172.0,173.5,9893,170.23,2344
2026-06-01 10:00:00,173.5,173.5,171.5,172.0,3273,170.28,2344
2026-06-01 10:05:00,171.5,172.0,171.0,172.0,3943,170.3,2344
2026-06-01 10:10:00,172.0,173.0,171.5,172.5,2650,170.33,2344
2026-06-01 10:15:00,172.5,173.0,171.0,171.5,4028,170.36,2344
2026-06-01 10:20:00,171.5,173.0,171.0,173.0,1860,170.37,2344
2026-06-01 10:25:00,172.5,173.0,172.0,172.5,1456,170.39,2344
2026-06-01 10:30:00,172.0,172.5,171.0,172.5,3017,170.41,2344
2026-06-01 10:35:00,172.5,173.0,172.0,173.0,842,170.42,2344
2026-06-01 10:40:00,173.0,173.0,171.5,172.0,1468,170.43,2344
2026-06-01 10:45:00,172.0,173.0,171.5,172.0,1576,170.44,2344
2026-06-01 10:50:00,172.0,173.0,169.0,170.0,10989,170.43,2344
2026-06-01 10:55:00,170.0,171.0,169.0,170.5,3081,170.42,2344
2026-06-01 11:00:00,170.0,172.5,170.0,172.0,1641,170.43,2344
2026-06-01 11:05:00,171.5,172.0,171.0,171.5,863,170.44,2344
2026-06-01 11:10:00,172.0,172.5,171.5,172.0,718,170.44,2344
2026-06-01 11:15:00,172.0,172.5,171.5,171.5,985,170.45,2344
2026-06-01 11:20:00,172.0,172.0,171.5,171.5,380,170.45,2344
2026-06-01 11:25:00,172.0,172.0,170.0,171.0,1506,170.46,2344
2026-06-01 11:30:00,171.0,171.0,168.0,168.5,3985,170.44,2344
2026-06-01 11:35:00,169.0,169.0,167.5,168.5,3947,170.39,2344
2026-06-01 11:40:00,168.0,168.5,166.5,167.0,4517,170.34,2344
2026-06-01 11:45:00,167.0,169.5,166.0,169.5,5824,170.27,2344
2026-06-01 11:50:00,169.5,169.5,168.0,168.5,2637,170.26,2344
2026-06-01 11:55:00,168.5,169.0,168.0,168.0,1589,170.24,2344
2026-06-01 12:00:00,168.0,169.0,168.0,169.0,777,170.24,2344
2026-06-01 12:05:00,169.0,169.5,168.0,168.5,1867,170.23,2344
2026-06-01 12:10:00,168.5,169.0,168.0,169.0,561,170.22,2344
2026-06-01 12:15:00,169.0,169.0,168.0,168.5,1031,170.22,2344
2026-06-01 12:20:00,168.5,168.5,167.0,167.5,2710,170.19,2344
2026-06-01 12:25:00,167.5,168.0,167.0,167.0,2497,170.16,2344
2026-06-01 12:30:00,167.0,167.5,166.5,167.0,2118,170.13,2344
2026-06-01 12:35:00,167.0,168.5,166.5,168.0,1754,170.12,2344
2026-06-01 12:40:00,168.0,168.5,166.5,167.0,2235,170.09,2344
2026-06-01 12:45:00,167.0,167.5,166.5,167.0,2156,170.07,2344
2026-06-01 12:50:00,167.0,168.0,166.5,167.5,1509,170.05,2344
2026-06-01 12:55:00,167.5,167.5,166.0,166.0,2659,170.02,2344
2026-06-01 13:00:00,166.0,167.0,166.0,166.5,1669,170.0,2344
2026-06-01 13:05:00,167.0,167.0,166.5,166.5,960,169.99,2344
2026-06-01 13:10:00,167.0,167.5,166.5,167.0,2136,169.96,2344
2026-06-01 13:15:00,167.0,167.0,166.5,166.5,2118,169.94,2344
2026-06-01 13:20:00,166.5,167.5,166.5,167.5,4266,169.89,2344
2026-06-01 13:30:00,168.0,168.0,168.0,168.0,6077,169.85,2344
2026-06-02 09:00:00,174.0,180.0,171.5,178.0,34285,176.15,2344
2026-06-02 09:05:00,177.5,179.5,176.0,177.5,20760,176.75,2344
2026-06-02 09:10:00,177.5,184.5,177.0,184.5,47189,179.54,2344
2026-06-02 09:15:00,184.5,184.5,184.5,184.5,9967,179.98,2344
2026-06-02 09:20:00,184.5,184.5,184.5,184.5,3559,180.12,2344
2026-06-02 09:25:00,184.5,184.5,179.0,184.5,54726,181.31,2344
2026-06-02 09:30:00,184.5,184.5,184.5,184.5,3375,181.38,2344
2026-06-02 09:35:00,184.5,184.5,184.5,184.5,674,181.39,2344
2026-06-02 09:40:00,184.5,184.5,184.5,184.5,1029,181.41,2344
2026-06-02 09:45:00,184.5,184.5,184.5,184.5,619,181.42,2344
2026-06-02 09:50:00,184.5,184.5,184.5,184.5,1016,181.44,2344
2026-06-02 09:55:00,184.5,184.5,184.5,184.5,5657,181.53,2344
2026-06-02 10:00:00,184.5,184.5,184.5,184.5,747,181.54,2344
2026-06-02 10:05:00,184.5,184.5,184.5,184.5,345,181.55,2344
2026-06-02 10:10:00,184.5,184.5,184.5,184.5,298,181.55,2344
2026-06-02 10:15:00,184.5,184.5,184.5,184.5,340,181.56,2344
2026-06-02 10:20:00,184.5,184.5,184.5,184.5,208,181.56,2344
2026-06-02 10:25:00,184.5,184.5,184.5,184.5,188,181.56,2344
2026-06-02 10:30:00,184.5,184.5,184.5,184.5,230,181.57,2344
2026-06-02 10:35:00,184.5,184.5,184.5,184.5,182,181.57,2344
2026-06-02 10:40:00,184.5,184.5,184.5,184.5,173,181.57,2344
2026-06-02 10:45:00,184.5,184.5,184.5,184.5,110,181.58,2344
2026-06-02 10:50:00,184.5,184.5,184.5,184.5,149,181.58,2344
2026-06-02 10:55:00,184.5,184.5,184.5,184.5,185,181.58,2344
2026-06-02 11:00:00,184.5,184.5,184.5,184.5,3617,181.64,2344
2026-06-02 11:05:00,184.5,184.5,184.5,184.5,1441,181.66,2344
2026-06-02 11:10:00,184.5,184.5,184.5,184.5,292,181.66,2344
2026-06-02 11:15:00,184.5,184.5,181.5,184.0,31314,182.01,2344
2026-06-02 11:20:00,184.0,184.5,181.5,183.0,10814,182.07,2344
2026-06-02 11:25:00,183.0,183.5,180.5,182.5,10662,182.07,2344
2026-06-02 11:30:00,183.0,184.5,182.5,184.5,11916,182.17,2344
2026-06-02 11:35:00,184.5,184.5,183.0,184.5,5479,182.22,2344
2026-06-02 11:40:00,184.5,184.5,184.5,184.5,776,182.22,2344
2026-06-02 11:45:00,184.5,184.5,184.5,184.5,271,182.23,2344
2026-06-02 11:50:00,184.5,184.5,184.5,184.5,412,182.23,2344
2026-06-02 11:55:00,184.5,184.5,184.5,184.5,569,182.23,2344
2026-06-02 12:00:00,184.5,184.5,184.5,184.5,173,182.24,2344
2026-06-02 12:05:00,184.5,184.5,184.5,184.5,364,182.24,2344
2026-06-02 12:10:00,184.5,184.5,184.5,184.5,264,182.24,2344
2026-06-02 12:15:00,184.5,184.5,184.5,184.5,120,182.24,2344
2026-06-02 12:20:00,184.5,184.5,184.5,184.5,263,182.24,2344
2026-06-02 12:25:00,184.5,184.5,184.5,184.5,209,182.25,2344
2026-06-02 12:30:00,184.5,184.5,184.5,184.5,330,182.25,2344
2026-06-02 12:35:00,184.5,184.5,184.5,184.5,491,182.25,2344
2026-06-02 12:40:00,184.5,184.5,184.5,184.5,684,182.26,2344
2026-06-02 12:45:00,184.5,184.5,184.5,184.5,143,182.26,2344
2026-06-02 12:50:00,184.5,184.5,184.5,184.5,158,182.26,2344
2026-06-02 12:55:00,184.5,184.5,184.5,184.5,82,182.26,2344
2026-06-02 13:00:00,184.5,184.5,184.5,184.5,93,182.26,2344
2026-06-02 13:05:00,184.5,184.5,184.5,184.5,78,182.26,2344
2026-06-02 13:10:00,184.5,184.5,184.5,184.5,71,182.26,2344
2026-06-02 13:15:00,184.5,184.5,184.5,184.5,100,182.26,2344
2026-06-02 13:20:00,184.5,184.5,184.5,184.5,300,182.27,2344
2026-06-02 13:30:00,184.5,184.5,184.5,184.5,228,182.27,2344
2026-06-03 09:00:00,188.0,189.5,182.5,183.0,54555,187.12,2344
2026-06-03 09:05:00,183.5,188.0,181.5,187.0,29326,186.45,2344
2026-06-03 09:10:00,187.0,189.5,187.0,188.0,17160,186.76,2344
2026-06-03 09:15:00,187.5,189.5,187.0,188.0,11869,186.95,2344
2026-06-03 09:20:00,188.5,192.0,187.5,191.5,17410,187.37,2344
2026-06-03 09:25:00,191.5,193.0,188.5,189.0,12338,187.7,2344
2026-06-03 09:30:00,189.5,189.5,185.0,185.5,11372,187.65,2344
2026-06-03 09:35:00,185.5,186.5,183.0,183.5,15588,187.36,2344
2026-06-03 09:40:00,183.0,184.0,180.0,181.0,13329,187.0,2344
2026-06-03 09:45:00,181.0,181.0,178.5,180.5,16986,186.38,2344
2026-06-03 09:50:00,180.5,182.5,180.0,181.0,5524,186.25,2344
2026-06-03 09:55:00,181.0,184.0,181.0,183.0,5302,186.17,2344
2026-06-03 10:00:00,183.0,184.5,182.5,184.0,2887,186.13,2344
2026-06-03 10:05:00,184.0,184.5,182.0,182.0,5457,186.07,2344
2026-06-03 10:10:00,182.0,183.5,181.0,182.0,2700,186.01,2344
2026-06-03 10:15:00,182.0,182.5,181.0,181.5,2794,185.96,2344
2026-06-03 10:20:00,181.5,181.5,180.0,180.5,2524,185.9,2344
2026-06-03 10:25:00,180.0,181.5,180.0,181.0,2907,185.84,2344
2026-06-03 10:30:00,180.5,182.0,180.5,181.0,1394,185.81,2344
2026-06-03 10:35:00,181.0,182.0,180.5,182.0,1142,185.79,2344
2026-06-03 10:40:00,182.0,182.0,181.0,181.5,1344,185.76,2344
2026-06-03 10:45:00,182.0,182.5,181.0,182.5,2225,185.72,2344
2026-06-03 10:50:00,182.0,183.0,182.0,182.5,1500,185.7,2344
2026-06-03 10:55:00,182.5,184.0,182.5,183.5,1538,185.69,2344
2026-06-03 11:00:00,184.0,185.0,183.5,184.5,4664,185.66,2344
2026-06-03 11:05:00,184.5,185.0,183.0,183.0,3115,185.64,2344
2026-06-03 11:10:00,183.0,184.5,182.0,182.5,2481,185.62,2344
2026-06-03 11:15:00,182.5,184.0,182.5,184.0,784,185.61,2344
2026-06-03 11:20:00,184.0,184.0,182.0,182.5,1409,185.6,2344
2026-06-03 11:25:00,182.5,182.5,182.0,182.0,776,185.59,2344
2026-06-03 11:30:00,182.5,183.0,182.0,182.5,1089,185.57,2344
2026-06-03 11:35:00,182.5,183.0,182.0,182.5,942,185.56,2344
2026-06-03 11:40:00,182.0,182.5,182.0,182.5,401,185.56,2344
2026-06-03 11:45:00,182.5,183.0,181.0,181.5,2364,185.52,2344
2026-06-03 11:50:00,181.0,181.5,180.5,180.5,3049,185.47,2344
2026-06-03 11:55:00,181.0,181.0,180.0,180.5,1803,185.43,2344
2026-06-03 12:00:00,180.0,181.0,179.5,179.5,5553,185.32,2344
2026-06-03 12:05:00,179.5,180.0,179.0,179.0,1667,185.29,2344
2026-06-03 12:10:00,179.0,180.0,179.0,180.0,1499,185.25,2344
2026-06-03 12:15:00,180.0,180.0,179.0,179.5,2133,185.21,2344
2026-06-03 12:20:00,179.0,179.5,179.0,179.0,1725,185.17,2344
2026-06-03 12:25:00,179.0,179.5,179.0,179.5,1299,185.14,2344
2026-06-03 12:30:00,179.5,179.5,178.0,178.0,6170,185.0,2344
2026-06-03 12:35:00,178.0,179.0,177.5,179.0,5947,184.86,2344
2026-06-03 12:40:00,179.0,179.0,178.0,178.5,1739,184.82,2344
2026-06-03 12:45:00,178.0,178.5,177.5,177.5,2293,184.77,2344
2026-06-03 12:50:00,178.0,178.5,177.0,178.5,4384,184.66,2344
2026-06-03 12:55:00,178.5,178.5,177.5,178.0,1885,184.62,2344
2026-06-03 13:00:00,178.0,178.5,177.5,177.5,1620,184.58,2344
2026-06-03 13:05:00,177.5,178.5,177.5,177.5,2939,184.52,2344
2026-06-03 13:10:00,177.5,178.5,177.0,178.0,6818,184.37,2344
2026-06-03 13:15:00,177.5,178.5,177.5,178.0,4001,184.29,2344
2026-06-03 13:20:00,178.5,178.5,177.5,177.5,5516,184.18,2344
2026-06-03 13:30:00,177.5,177.5,177.5,177.5,7104,184.04,2344
2026-06-04 09:00:00,175.0,182.0,175.0,182.0,17116,178.83,2344
2026-06-04 09:05:00,182.0,182.5,177.0,179.5,16733,179.56,2344
2026-06-04 09:10:00,179.5,181.5,178.5,179.0,8052,179.65,2344
2026-06-04 09:15:00,179.0,179.5,177.5,179.0,6697,179.47,2344
2026-06-04 09:20:00,179.0,181.5,177.0,181.5,7354,179.45,2344
2026-06-04 09:25:00,181.5,185.0,180.5,184.0,19785,180.41,2344
2026-06-04 09:30:00,184.0,186.0,183.0,185.0,14943,181.12,2344
2026-06-04 09:35:00,185.0,188.0,184.5,186.0,15741,181.94,2344
2026-06-04 09:40:00,186.0,186.5,183.5,184.0,8655,182.16,2344
2026-06-04 09:45:00,183.5,184.5,182.0,183.0,8203,182.22,2344
2026-06-04 09:50:00,183.0,183.5,181.5,181.5,4137,182.22,2344
2026-06-04 09:55:00,181.5,182.0,179.5,181.0,8144,182.12,2344
2026-06-04 10:00:00,181.0,181.5,179.0,181.0,5254,182.04,2344
2026-06-04 10:05:00,181.0,182.5,180.0,180.5,4355,182.02,2344
2026-06-04 10:10:00,180.5,183.5,180.5,182.0,4265,182.04,2344
2026-06-04 10:15:00,181.5,183.5,181.0,183.5,2212,182.04,2344
2026-06-04 10:20:00,183.0,184.0,182.5,183.0,3172,182.07,2344
2026-06-04 10:25:00,183.0,185.0,183.0,183.0,4972,182.14,2344
2026-06-04 10:30:00,183.0,183.5,181.0,181.5,2281,182.14,2344
2026-06-04 10:35:00,181.0,182.0,180.5,181.0,2365,182.12,2344
2026-06-04 10:40:00,180.5,182.5,180.5,182.5,1295,182.12,2344
2026-06-04 10:45:00,182.5,183.0,182.0,182.5,946,182.12,2344
2026-06-04 10:50:00,182.5,182.5,181.5,181.5,929,182.12,2344
2026-06-04 10:55:00,181.5,182.0,181.5,181.5,438,182.12,2344
2026-06-04 11:00:00,182.0,183.0,181.5,182.0,2177,182.12,2344
2026-06-04 11:05:00,182.0,182.5,181.5,182.0,442,182.12,2344
2026-06-04 11:10:00,181.5,182.0,181.5,181.5,497,182.12,2344
2026-06-04 11:15:00,182.0,182.5,181.5,182.5,1645,182.12,2344
2026-06-04 11:20:00,182.5,183.0,182.0,182.5,1332,182.12,2344
2026-06-04 11:25:00,182.5,183.0,181.5,183.0,1298,182.12,2344
2026-06-04 11:30:00,183.0,183.0,182.5,182.5,326,182.12,2344
2026-06-04 11:35:00,182.5,183.0,182.0,182.5,1323,182.13,2344
2026-06-04 11:40:00,182.5,183.0,182.0,182.5,966,182.13,2344
2026-06-04 11:45:00,183.0,183.0,182.0,182.5,995,182.13,2344
2026-06-04 11:50:00,182.5,182.5,182.0,182.0,350,182.13,2344
2026-06-04 11:55:00,182.0,183.5,182.0,183.0,3170,182.14,2344
2026-06-04 12:00:00,183.0,183.0,181.5,181.5,1424,182.14,2344
2026-06-04 12:05:00,181.5,182.0,181.5,181.5,1194,182.14,2344
2026-06-04 12:10:00,181.5,182.0,181.5,181.5,711,182.14,2344
2026-06-04 12:15:00,181.5,182.5,181.5,182.0,1466,182.14,2344
2026-06-04 12:20:00,182.5,182.5,181.5,181.5,852,182.14,2344
2026-06-04 12:25:00,181.5,182.0,181.0,181.0,1376,182.13,2344
2026-06-04 12:30:00,181.0,181.5,181.0,181.5,550,182.13,2344
2026-06-04 12:35:00,181.0,181.5,181.0,181.0,856,182.12,2344
2026-06-04 12:40:00,181.0,181.5,180.5,180.5,2741,182.1,2344
2026-06-04 12:45:00,180.5,181.0,180.0,180.0,1324,182.09,2344
2026-06-04 12:50:00,180.0,180.5,179.0,179.5,4080,182.04,2344
2026-06-04 12:55:00,180.0,180.5,179.5,180.5,1601,182.02,2344
2026-06-04 13:00:00,180.5,181.5,180.0,181.0,1925,182.01,2344
2026-06-04 13:05:00,181.0,181.5,180.0,180.0,1919,182.0,2344
2026-06-04 13:10:00,180.0,180.5,179.0,179.5,3044,181.96,2344
2026-06-04 13:15:00,179.5,180.5,179.5,180.0,3966,181.92,2344
2026-06-04 13:20:00,180.5,180.5,179.0,179.0,4517,181.88,2344
2026-06-04 13:30:00,179.5,179.5,179.5,179.5,8787,181.78,2344
2026-06-05 09:00:00,169.0,172.5,167.0,170.0,26489,169.65,2344
2026-06-05 09:05:00,170.0,170.5,165.0,165.5,17690,168.82,2344
2026-06-05 09:10:00,165.5,166.0,163.5,163.5,15753,167.71,2344
2026-06-05 09:15:00,164.0,164.0,162.0,162.5,16367,166.64,2344
2026-06-05 09:20:00,162.0,163.0,162.0,162.0,22755,165.58,2344
2026-06-05 09:25:00,162.0,163.0,162.0,162.0,16744,165.07,2344
2026-06-05 09:30:00,162.5,163.5,162.0,163.0,7167,164.94,2344
2026-06-05 09:35:00,163.0,163.5,162.0,162.5,7196,164.81,2344
2026-06-05 09:40:00,162.5,163.0,162.0,162.5,3663,164.74,2344
2026-06-05 09:45:00,162.5,163.0,162.0,162.5,3668,164.68,2344
2026-06-05 09:50:00,162.5,163.5,162.0,163.0,5611,164.61,2344
2026-06-05 09:55:00,163.0,164.0,162.5,163.5,4365,164.57,2344
2026-06-05 10:00:00,163.0,164.0,163.0,163.5,4065,164.53,2344
2026-06-05 10:05:00,163.5,164.5,163.0,163.5,5009,164.5,2344
2026-06-05 10:10:00,163.0,164.0,163.0,163.0,3355,164.48,2344
2026-06-05 10:15:00,163.5,164.0,163.0,164.0,1633,164.47,2344
2026-06-05 10:20:00,164.0,164.0,162.5,162.5,4623,164.44,2344
2026-06-05 10:25:00,162.5,164.0,162.5,164.0,2949,164.42,2344
2026-06-05 10:30:00,164.0,164.0,163.0,163.0,2812,164.4,2344
2026-06-05 10:35:00,163.0,163.5,162.5,162.5,4231,164.36,2344
2026-06-05 10:40:00,162.5,163.0,162.0,162.0,7434,164.27,2344
2026-06-05 10:45:00,162.0,162.5,162.0,162.5,1878,164.25,2344
2026-06-05 10:50:00,162.0,162.5,162.0,162.5,2138,164.23,2344
2026-06-05 10:55:00,162.5,163.0,162.0,162.5,2908,164.2,2344
2026-06-05 11:00:00,162.0,163.0,162.0,162.5,1985,164.18,2344
2026-06-05 11:05:00,162.5,163.0,162.0,162.5,2061,164.16,2344
2026-06-05 11:10:00,162.5,162.5,162.0,162.5,1837,164.14,2344
2026-06-05 11:15:00,162.5,162.5,162.0,162.5,2160,164.12,2344
2026-06-05 11:20:00,162.5,162.5,162.0,162.0,10833,164.01,2344
2026-06-05 11:25:00,162.0,162.0,162.0,162.0,705,164.01,2344
2026-06-05 11:30:00,162.0,162.0,162.0,162.0,578,164.0,2344
2026-06-05 11:35:00,162.0,162.0,162.0,162.0,561,164.0,2344
2026-06-05 11:40:00,162.0,162.0,162.0,162.0,493,163.99,2344
2026-06-05 11:45:00,162.0,162.0,162.0,162.0,407,163.99,2344
2026-06-05 11:50:00,162.0,162.0,162.0,162.0,344,163.98,2344
2026-06-05 11:55:00,162.0,162.0,162.0,162.0,284,163.98,2344
2026-06-05 12:00:00,162.0,162.0,162.0,162.0,395,163.98,2344
2026-06-05 12:05:00,162.0,162.0,162.0,162.0,378,163.97,2344
2026-06-05 12:10:00,162.0,162.0,162.0,162.0,307,163.97,2344
2026-06-05 12:15:00,162.0,162.0,162.0,162.0,327,163.97,2344
2026-06-05 12:20:00,162.0,162.0,162.0,162.0,336,163.97,2344
2026-06-05 12:25:00,162.0,162.0,162.0,162.0,402,163.96,2344
2026-06-05 12:30:00,162.0,162.0,162.0,162.0,380,163.96,2344
2026-06-05 12:35:00,162.0,162.0,162.0,162.0,408,163.96,2344
2026-06-05 12:40:00,162.0,162.0,162.0,162.0,547,163.95,2344
2026-06-05 12:45:00,162.0,162.0,162.0,162.0,521,163.95,2344
2026-06-05 12:50:00,162.0,162.0,162.0,162.0,422,163.94,2344
2026-06-05 12:55:00,162.0,162.0,162.0,162.0,466,163.94,2344
2026-06-05 13:00:00,162.0,162.0,162.0,162.0,418,163.93,2344
2026-06-05 13:05:00,162.0,162.0,162.0,162.0,826,163.93,2344
2026-06-05 13:10:00,162.0,162.0,162.0,162.0,757,163.92,2344
2026-06-05 13:15:00,162.0,162.0,162.0,162.0,754,163.91,2344
2026-06-05 13:20:00,162.0,162.0,162.0,162.0,1098,163.9,2344
2026-06-05 13:30:00,162.0,162.0,162.0,162.0,1819,163.89,2344
2026-06-08 09:00:00,146.0,146.0,146.0,146.0,9948,146.0,2344
2026-06-08 09:05:00,146.0,150.0,146.0,148.0,25682,146.65,2344
2026-06-08 09:10:00,148.0,150.5,147.0,150.0,21787,147.19,2344
2026-06-08 09:15:00,150.0,150.0,147.5,148.0,7536,147.35,2344
2026-06-08 09:20:00,147.5,149.0,147.5,148.0,3270,147.39,2344
2026-06-08 09:25:00,148.0,148.5,146.5,146.5,4710,147.39,2344
2026-06-08 09:30:00,147.0,148.5,146.5,147.5,4859,147.41,2344
2026-06-08 09:35:00,147.5,149.0,147.5,148.0,2659,147.43,2344
2026-06-08 09:40:00,148.0,150.0,148.0,149.5,4827,147.51,2344
2026-06-08 09:45:00,149.5,150.0,149.0,150.0,2408,147.57,2344
2026-06-08 09:50:00,149.5,152.0,149.0,151.5,6785,147.79,2344
2026-06-08 09:55:00,151.5,153.0,151.0,151.5,4963,148.01,2344
2026-06-08 10:00:00,152.0,153.0,151.5,153.0,2544,148.11,2344
2026-06-08 10:05:00,153.0,153.5,151.5,152.0,4889,148.32,2344
2026-06-08 10:10:00,151.5,152.5,151.5,152.5,1780,148.38,2344
2026-06-08 10:15:00,152.5,152.5,151.5,151.5,1996,148.44,2344
2026-06-08 10:20:00,151.5,152.5,151.0,152.5,1415,148.49,2344
2026-06-08 10:25:00,152.5,155.0,152.0,155.0,5752,148.74,2344
2026-06-08 10:30:00,155.0,155.0,153.5,154.5,3288,148.89,2344
2026-06-08 10:35:00,155.0,155.5,153.0,153.5,2867,149.01,2344
2026-06-08 10:40:00,153.0,153.5,152.5,153.5,1796,149.07,2344
2026-06-08 10:45:00,153.5,154.5,153.0,154.5,1290,149.12,2344
2026-06-08 10:50:00,154.5,155.0,154.0,154.5,791,149.15,2344
2026-06-08 10:55:00,155.0,155.0,154.0,154.0,1026,149.2,2344
2026-06-08 11:00:00,154.5,155.0,153.5,154.5,2499,149.29,2344
2026-06-08 11:05:00,154.5,155.0,153.5,155.0,1447,149.35,2344
2026-06-08 11:10:00,155.0,155.5,153.5,153.5,2001,149.43,2344
2026-06-08 11:15:00,154.0,155.0,153.0,154.0,1962,149.49,2344
2026-06-08 11:20:00,154.0,155.0,153.5,155.0,1180,149.53,2344
2026-06-08 11:25:00,155.0,155.0,154.5,155.0,632,149.55,2344
2026-06-08 11:30:00,155.0,155.5,153.5,154.0,2474,149.64,2344
2026-06-08 11:35:00,154.5,155.0,154.0,154.5,467,149.66,2344
2026-06-08 11:40:00,154.5,156.0,154.5,155.5,2240,149.75,2344
2026-06-08 11:45:00,155.5,155.5,155.0,155.0,901,149.78,2344
2026-06-08 11:50:00,155.0,155.0,154.5,154.5,334,149.79,2344
2026-06-08 11:55:00,155.0,155.5,154.5,155.0,846,149.82,2344
2026-06-08 12:00:00,155.0,156.0,154.5,155.5,1590,149.88,2344
2026-06-08 12:05:00,156.0,156.0,155.0,155.0,1114,149.92,2344
2026-06-08 12:10:00,155.5,155.5,155.0,155.5,1489,149.97,2344
2026-06-08 12:15:00,155.5,157.0,155.0,155.0,2260,150.06,2344
2026-06-08 12:20:00,155.0,155.0,153.5,154.5,3799,150.17,2344
2026-06-08 12:25:00,154.5,155.0,154.0,154.5,846,150.19,2344
2026-06-08 12:30:00,154.5,155.0,154.0,154.0,850,150.21,2344
2026-06-08 12:35:00,154.5,154.5,153.5,154.0,1562,150.25,2344
2026-06-08 12:40:00,154.0,154.5,153.0,154.0,1833,150.29,2344
2026-06-08 12:45:00,153.5,154.0,153.0,153.5,1176,150.31,2344
2026-06-08 12:50:00,153.5,154.5,153.5,154.0,805,150.33,2344
2026-06-08 12:55:00,154.5,154.5,154.0,154.0,501,150.34,2344
2026-06-08 13:00:00,154.0,155.0,154.0,155.0,1172,150.37,2344
2026-06-08 13:05:00,155.0,155.5,154.5,154.5,1502,150.41,2344
2026-06-08 13:10:00,155.0,155.0,154.0,154.0,1794,150.45,2344
2026-06-08 13:15:00,154.0,154.5,153.5,154.0,1631,150.49,2344
2026-06-08 13:20:00,154.0,155.0,153.5,154.0,3633,150.56,2344
2026-06-08 13:30:00,154.0,154.0,154.0,154.0,3925,150.64,2344
2026-06-09 09:00:00,160.5,161.0,155.0,155.0,28099,158.24,2344
2026-06-09 09:05:00,156.0,157.5,154.0,156.5,22156,157.17,2344
2026-06-09 09:10:00,157.0,159.0,156.0,158.0,10771,157.25,2344
2026-06-09 09:15:00,158.0,158.5,155.0,155.5,8841,157.14,2344
2026-06-09 09:20:00,156.0,157.0,155.0,157.0,5236,157.06,2344
2026-06-09 09:25:00,157.0,158.0,156.0,157.5,5692,157.09,2344
2026-06-09 09:30:00,157.5,158.5,156.5,158.5,3875,157.11,2344
2026-06-09 09:35:00,158.5,159.0,157.5,158.0,5798,157.2,2344
2026-06-09 09:40:00,158.5,159.0,157.5,158.0,3172,157.24,2344
2026-06-09 09:45:00,158.0,159.0,158.0,158.5,1418,157.26,2344
2026-06-09 09:50:00,159.0,159.0,156.5,157.0,4598,157.27,2344
2026-06-09 09:55:00,157.0,157.5,156.0,157.5,2789,157.26,2344
2026-06-09 10:00:00,157.5,157.5,156.5,157.0,1628,157.25,2344
2026-06-09 10:05:00,156.5,157.5,156.5,157.5,701,157.25,2344
2026-06-09 10:10:00,157.0,157.5,156.5,157.0,1288,157.25,2344
2026-06-09 10:15:00,157.0,158.5,157.0,158.5,2439,157.26,2344
2026-06-09 10:20:00,158.0,158.5,156.5,157.0,3296,157.27,2344
2026-06-09 10:25:00,157.0,158.5,156.5,158.5,1670,157.28,2344
2026-06-09 10:30:00,158.5,159.0,158.0,158.5,3184,157.31,2344
2026-06-09 10:35:00,158.5,159.0,157.5,158.0,1569,157.32,2344
2026-06-09 10:40:00,158.0,158.5,157.5,158.0,751,157.33,2344
2026-06-09 10:45:00,158.0,158.0,157.5,157.5,1356,157.33,2344
2026-06-09 10:50:00,157.5,158.0,157.0,157.0,621,157.33,2344
2026-06-09 10:55:00,157.0,158.0,157.0,158.0,644,157.33,2344
2026-06-09 11:00:00,158.0,158.0,157.0,157.5,734,157.33,2344
2026-06-09 11:05:00,157.0,157.5,157.0,157.5,841,157.33,2344
2026-06-09 11:10:00,157.0,157.5,156.5,157.0,2891,157.32,2344
2026-06-09 11:15:00,157.0,157.0,156.5,156.5,2001,157.31,2344
2026-06-09 11:20:00,157.0,157.0,156.0,156.0,2031,157.29,2344
2026-06-09 11:25:00,156.0,156.5,154.0,154.5,8602,157.16,2344
2026-06-09 11:30:00,154.5,155.5,153.5,155.5,6575,157.02,2344
2026-06-09 11:35:00,155.5,155.5,154.5,155.5,1415,157.01,2344
2026-06-09 11:40:00,155.5,155.5,155.0,155.0,1014,156.99,2344
2026-06-09 11:45:00,155.0,155.5,155.0,155.5,575,156.99,2344
2026-06-09 11:50:00,155.5,156.0,155.0,155.5,1004,156.98,2344
2026-06-09 11:55:00,156.0,156.0,155.0,155.0,1211,156.96,2344
2026-06-09 12:00:00,155.5,155.5,155.0,155.0,444,156.96,2344
2026-06-09 12:05:00,155.5,155.5,155.0,155.5,361,156.96,2344
2026-06-09 12:10:00,155.5,155.5,155.0,155.5,426,156.95,2344
2026-06-09 12:15:00,155.5,155.5,155.0,155.5,418,156.95,2344
2026-06-09 12:20:00,155.5,155.5,155.0,155.0,506,156.94,2344
2026-06-09 12:25:00,155.0,155.5,155.0,155.5,805,156.93,2344
2026-06-09 12:30:00,155.5,155.5,155.0,155.5,502,156.93,2344
2026-06-09 12:35:00,155.0,157.0,155.0,157.0,4134,156.9,2344
2026-06-09 12:40:00,157.0,157.5,156.0,156.0,6213,156.91,2344
2026-06-09 12:45:00,156.5,156.5,155.5,156.0,1476,156.9,2344
2026-06-09 12:50:00,156.0,156.0,155.5,156.0,805,156.89,2344
2026-06-09 12:55:00,155.5,157.0,155.5,156.5,5171,156.88,2344
2026-06-09 13:00:00,156.5,157.0,156.0,156.5,1713,156.88,2344
2026-06-09 13:05:00,156.5,157.0,156.0,156.5,4517,156.87,2344
2026-06-09 13:10:00,156.0,156.5,155.5,156.0,3766,156.85,2344
2026-06-09 13:15:00,156.0,157.5,156.0,157.0,7630,156.85,2344
2026-06-09 13:20:00,157.5,157.5,156.5,157.0,4660,156.85,2344
2026-06-09 13:30:00,156.5,156.5,156.5,156.5,6799,156.84,2344
2026-06-10 09:00:00,152.0,157.0,150.0,157.0,12441,152.64,2344
2026-06-10 09:05:00,157.0,159.5,155.5,158.5,12463,154.95,2344
2026-06-10 09:10:00,159.0,163.5,157.5,160.5,17493,157.41,2344
2026-06-10 09:15:00,160.5,162.0,160.0,160.0,7295,157.9,2344
2026-06-10 09:20:00,160.5,160.5,158.5,160.5,5760,158.08,2344
2026-06-10 09:25:00,160.5,161.5,159.5,160.0,5059,158.28,2344
2026-06-10 09:30:00,160.0,160.5,158.5,160.0,3633,158.33,2344
2026-06-10 09:35:00,160.0,161.5,159.5,161.5,4692,158.5,2344
2026-06-10 09:40:00,161.0,161.5,160.0,160.0,2591,158.59,2344
2026-06-10 09:45:00,160.0,160.5,159.0,160.0,2985,158.64,2344
2026-06-10 09:50:00,160.0,160.0,158.5,159.0,3811,158.66,2344
2026-06-10 09:55:00,159.0,159.5,157.5,158.0,2968,158.65,2344
2026-06-10 10:00:00,158.0,158.5,156.5,157.0,3058,158.6,2344
2026-06-10 10:05:00,156.5,157.5,156.0,156.5,4200,158.52,2344
2026-06-10 10:10:00,156.5,157.5,155.0,157.0,4303,158.42,2344
2026-06-10 10:15:00,157.0,157.5,156.5,157.5,1251,158.4,2344
2026-06-10 10:20:00,157.5,157.5,156.5,156.5,1097,158.38,2344
2026-06-10 10:25:00,157.0,158.0,156.5,157.5,3789,158.33,2344
2026-06-10 10:30:00,158.0,160.0,157.0,160.0,4343,158.34,2344
2026-06-10 10:35:00,160.0,160.0,158.5,159.0,3940,158.39,2344
2026-06-10 10:40:00,159.5,160.0,158.5,159.5,1542,158.4,2344
2026-06-10 10:45:00,159.5,160.0,158.5,158.5,807,158.4,2344
2026-06-10 10:50:00,158.5,159.0,157.5,157.5,976,158.4,2344
2026-06-10 10:55:00,158.0,158.0,157.0,157.5,944,158.39,2344
2026-06-10 11:00:00,157.5,158.5,157.5,158.5,589,158.39,2344
2026-06-10 11:05:00,158.0,159.5,158.0,159.0,1340,158.4,2344
2026-06-10 11:10:00,158.5,159.0,158.0,158.5,371,158.4,2344
2026-06-10 11:15:00,158.0,159.0,158.0,158.5,943,158.4,2344
2026-06-10 11:20:00,159.0,159.0,158.0,158.5,691,158.4,2344
2026-06-10 11:25:00,159.0,159.0,158.0,158.0,401,158.4,2344
2026-06-10 11:30:00,158.5,158.5,158.0,158.0,278,158.4,2344
2026-06-10 11:35:00,158.5,158.5,157.5,157.5,910,158.39,2344
2026-06-10 11:40:00,157.5,158.0,157.5,157.5,482,158.39,2344
2026-06-10 11:45:00,157.5,158.0,157.0,157.5,860,158.38,2344
2026-06-10 11:50:00,157.5,158.0,157.0,157.5,516,158.38,2344
2026-06-10 11:55:00,157.5,158.0,157.0,157.5,847,158.37,2344
2026-06-10 12:00:00,157.0,157.5,157.0,157.0,420,158.36,2344
2026-06-10 12:05:00,157.0,157.5,155.5,156.5,3384,158.31,2344
2026-06-10 12:10:00,156.0,156.5,155.5,156.0,1902,158.27,2344
2026-06-10 12:15:00,155.5,156.5,155.0,155.5,2834,158.21,2344
2026-06-10 12:20:00,155.5,156.0,155.0,155.0,885,158.19,2344
2026-06-10 12:25:00,155.0,155.5,152.5,152.5,6175,157.99,2344
2026-06-10 12:30:00,152.5,154.0,152.0,153.5,3717,157.85,2344
2026-06-10 12:35:00,153.5,154.5,152.5,152.5,2279,157.78,2344
2026-06-10 12:40:00,153.0,153.0,150.0,151.0,8768,157.4,2344
2026-06-10 12:45:00,151.5,152.5,150.5,151.5,2483,157.31,2344
2026-06-10 12:50:00,151.5,152.0,150.0,151.5,3393,157.17,2344
2026-06-10 12:55:00,151.5,152.0,151.0,151.5,1440,157.12,2344
2026-06-10 13:00:00,152.0,152.0,150.5,151.0,2938,157.01,2344
2026-06-10 13:05:00,151.0,152.0,150.5,150.5,2547,156.92,2344
2026-06-10 13:10:00,151.0,151.0,150.0,150.5,3000,156.8,2344
2026-06-10 13:15:00,150.5,151.0,148.5,150.0,7052,156.52,2344
2026-06-10 13:20:00,149.5,150.0,148.0,148.5,4197,156.34,2344
2026-06-10 13:30:00,149.0,149.0,149.0,149.0,6190,156.1,2344
2026-06-11 09:00:00,154.0,158.0,151.5,156.0,20537,154.61,2344
2026-06-11 09:05:00,155.5,156.5,154.0,156.0,11975,154.91,2344
2026-06-11 09:10:00,156.0,159.0,155.5,158.5,12052,155.58,2344
2026-06-11 09:15:00,158.5,160.5,158.5,160.0,12107,156.39,2344
2026-06-11 09:20:00,159.5,162.5,159.5,160.5,15456,157.49,2344
2026-06-11 09:25:00,160.5,161.5,158.5,161.0,6819,157.7,2344
2026-06-11 09:30:00,160.5,161.0,158.0,158.5,4886,157.79,2344
2026-06-11 09:35:00,158.0,158.5,156.5,157.5,6894,157.78,2344
2026-06-11 09:40:00,157.5,159.0,157.0,158.0,4199,157.8,2344
2026-06-11 09:45:00,158.0,159.0,157.0,159.0,2776,157.81,2344
2026-06-11 09:50:00,158.5,159.0,157.0,157.0,2144,157.8,2344
2026-06-11 09:55:00,157.0,157.5,155.0,155.0,7187,157.69,2344
2026-06-11 10:00:00,155.0,156.5,155.0,156.0,4534,157.62,2344
2026-06-11 10:05:00,156.0,156.5,155.0,155.5,2180,157.58,2344
2026-06-11 10:10:00,155.5,156.0,154.5,154.5,3681,157.51,2344
2026-06-11 10:15:00,154.5,155.0,154.0,154.0,4565,157.39,2344
2026-06-11 10:20:00,154.0,154.5,150.5,151.5,10901,156.97,2344
2026-06-11 10:25:00,151.5,152.0,150.0,150.0,6677,156.69,2344
2026-06-11 10:30:00,150.0,151.5,149.0,150.5,6534,156.39,2344
2026-06-11 10:35:00,150.5,151.5,149.5,150.0,5295,156.18,2344
2026-06-11 10:40:00,150.5,153.0,149.5,152.5,6925,155.98,2344
2026-06-11 10:45:00,152.5,153.5,151.5,152.0,4525,155.89,2344
2026-06-11 10:50:00,151.5,154.0,151.5,153.5,3386,155.83,2344
2026-06-11 10:55:00,153.5,155.0,153.0,154.5,5096,155.78,2344
2026-06-11 11:00:00,154.5,154.5,153.5,154.5,2342,155.76,2344
2026-06-11 11:05:00,154.5,155.0,153.5,154.5,1972,155.74,2344
2026-06-11 11:10:00,154.5,155.0,152.5,152.5,2289,155.72,2344
2026-06-11 11:15:00,153.0,154.0,152.5,153.5,1168,155.7,2344
2026-06-11 11:20:00,153.5,154.0,152.5,153.0,1384,155.68,2344
2026-06-11 11:25:00,153.0,154.5,153.0,154.0,1635,155.66,2344
2026-06-11 11:30:00,154.5,155.0,153.5,155.0,1551,155.65,2344
2026-06-11 11:35:00,155.0,155.5,154.0,155.5,3750,155.64,2344
2026-06-11 11:40:00,155.5,156.0,155.0,155.5,1078,155.64,2344
2026-06-11 11:45:00,155.0,155.5,154.5,155.0,2098,155.63,2344
2026-06-11 11:50:00,154.5,156.0,154.5,155.5,1724,155.63,2344
2026-06-11 11:55:00,155.0,157.0,155.0,156.0,4035,155.64,2344
2026-06-11 12:00:00,156.5,156.5,155.5,156.0,2196,155.65,2344
2026-06-11 12:05:00,156.5,156.5,155.5,156.0,974,155.65,2344
2026-06-11 12:10:00,156.0,156.5,155.5,156.0,1332,155.65,2344
2026-06-11 12:15:00,155.5,156.0,155.0,155.0,967,155.65,2344
2026-06-11 12:20:00,155.5,156.5,155.0,156.5,1885,155.66,2344
2026-06-11 12:25:00,156.5,157.0,156.0,156.5,1604,155.66,2344
2026-06-11 12:30:00,156.5,158.0,156.0,156.5,4443,155.69,2344
2026-06-11 12:35:00,156.5,156.5,155.5,156.5,2361,155.7,2344
2026-06-11 12:40:00,156.0,157.5,156.0,156.5,1362,155.7,2344
2026-06-11 12:45:00,157.0,157.5,156.5,156.5,2006,155.71,2344
2026-06-11 12:50:00,157.0,157.0,156.0,156.5,1102,155.72,2344
2026-06-11 12:55:00,156.5,157.0,156.5,157.0,981,155.72,2344
2026-06-11 13:00:00,157.0,157.5,156.5,157.5,1727,155.73,2344
2026-06-11 13:05:00,157.5,157.5,156.5,156.5,1576,155.74,2344
2026-06-11 13:10:00,156.5,157.5,156.5,157.0,2732,155.76,2344
2026-06-11 13:15:00,157.0,157.5,156.5,156.5,2420,155.77,2344
2026-06-11 13:20:00,156.5,157.0,156.0,156.5,2968,155.78,2344
2026-06-11 13:30:00,156.5,156.5,156.5,156.5,6416,155.8,2344
2026-06-12 09:00:00,169.5,169.5,166.0,169.0,27762,168.14,2344
2026-06-12 09:05:00,169.0,169.5,167.0,169.0,11650,168.24,2344
2026-06-12 09:10:00,169.0,172.0,167.5,172.0,46437,169.93,2344
2026-06-12 09:15:00,172.0,172.0,172.0,172.0,7920,170.11,2344
2026-06-12 09:20:00,172.0,172.0,172.0,172.0,3694,170.18,2344
2026-06-12 09:25:00,172.0,172.0,169.0,169.0,17994,170.32,2344
2026-06-12 09:30:00,169.5,172.0,169.0,170.5,8875,170.35,2344
2026-06-12 09:35:00,170.5,171.0,169.0,169.5,5364,170.33,2344
2026-06-12 09:40:00,169.5,171.0,169.0,170.0,3585,170.32,2344
2026-06-12 09:45:00,170.0,170.5,168.5,170.0,3977,170.29,2344
2026-06-12 09:50:00,170.0,171.0,169.5,170.0,2458,170.3,2344
2026-06-12 09:55:00,170.5,171.5,170.0,171.5,1966,170.31,2344
2026-06-12 10:00:00,171.0,171.5,170.5,170.5,2795,170.32,2344
2026-06-12 10:05:00,171.0,171.0,169.0,169.5,3002,170.32,2344
2026-06-12 10:10:00,169.5,170.0,168.5,169.5,3446,170.29,2344
2026-06-12 10:15:00,169.0,170.0,169.0,169.5,758,170.28,2344
2026-06-12 10:20:00,170.0,170.0,168.5,169.0,1981,170.27,2344
2026-06-12 10:25:00,169.0,169.0,168.0,168.5,2393,170.24,2344
2026-06-12 10:30:00,168.5,169.5,168.5,169.0,678,170.24,2344
2026-06-12 10:35:00,169.0,171.5,168.5,171.0,5419,170.25,2344
2026-06-12 10:40:00,171.5,171.5,170.5,171.0,1549,170.26,2344
2026-06-12 10:45:00,171.0,171.5,170.5,171.0,1816,170.27,2344
2026-06-12 10:50:00,171.0,172.0,171.0,171.5,4499,170.3,2344
2026-06-12 10:55:00,171.5,172.0,171.0,172.0,1886,170.32,2344
2026-06-12 11:00:00,172.0,172.0,171.5,171.5,1755,170.33,2344
2026-06-12 11:05:00,172.0,172.0,171.5,172.0,1045,170.34,2344
2026-06-12 11:10:00,171.5,172.0,171.5,172.0,828,170.34,2344
2026-06-12 11:15:00,171.5,172.0,171.5,171.5,855,170.35,2344
2026-06-12 11:20:00,171.5,172.0,171.0,171.0,919,170.36,2344
2026-06-12 11:25:00,171.0,171.5,171.0,171.0,574,170.36,2344
2026-06-12 11:30:00,171.0,171.5,170.5,171.0,1257,170.36,2344
2026-06-12 11:35:00,171.0,171.5,170.5,171.0,1114,170.37,2344
2026-06-12 11:40:00,171.5,171.5,171.0,171.0,352,170.37,2344
2026-06-12 11:45:00,171.5,171.5,170.0,170.0,1123,170.37,2344
2026-06-12 11:50:00,170.5,171.5,170.0,171.0,1286,170.38,2344
2026-06-12 11:55:00,171.0,171.5,171.0,171.0,703,170.38,2344
2026-06-12 12:00:00,171.0,172.0,171.0,171.5,3901,170.41,2344
2026-06-12 12:05:00,171.5,172.0,171.5,172.0,15929,170.53,2344
2026-06-12 12:10:00,172.0,172.0,172.0,172.0,395,170.53,2344
2026-06-12 12:15:00,172.0,172.0,172.0,172.0,338,170.54,2344
2026-06-12 12:20:00,172.0,172.0,172.0,172.0,397,170.54,2344
2026-06-12 12:25:00,172.0,172.0,172.0,172.0,216,170.54,2344
2026-06-12 12:30:00,172.0,172.0,172.0,172.0,361,170.54,2344
2026-06-12 12:35:00,172.0,172.0,172.0,172.0,519,170.55,2344
2026-06-12 12:40:00,172.0,172.0,172.0,172.0,192,170.55,2344
2026-06-12 12:45:00,172.0,172.0,172.0,172.0,300,170.55,2344
2026-06-12 12:50:00,172.0,172.0,172.0,172.0,326,170.55,2344
2026-06-12 12:55:00,172.0,172.0,172.0,172.0,269,170.55,2344
2026-06-12 13:00:00,172.0,172.0,172.0,172.0,271,170.56,2344
2026-06-12 13:05:00,172.0,172.0,172.0,172.0,811,170.56,2344
2026-06-12 13:10:00,172.0,172.0,172.0,172.0,501,170.57,2344
2026-06-12 13:15:00,172.0,172.0,172.0,172.0,488,170.57,2344
2026-06-12 13:20:00,172.0,172.0,172.0,172.0,533,170.57,2344
2026-06-12 13:30:00,172.0,172.0,172.0,172.0,573,170.58,2344
2026-06-15 09:00:00,179.5,180.0,176.0,176.5,33781,178.42,2344
2026-06-15 09:05:00,176.5,179.5,175.0,179.5,14113,178.0,2344
2026-06-15 09:10:00,179.0,181.5,178.5,181.0,19680,178.57,2344
2026-06-15 09:15:00,181.5,184.0,181.0,182.5,19213,179.5,2344
2026-06-15 09:20:00,182.0,183.0,180.5,183.0,9031,179.68,2344
2026-06-15 09:25:00,182.5,186.5,182.5,185.5,18690,180.5,2344
2026-06-15 09:30:00,186.0,188.0,185.5,185.5,15723,181.24,2344
2026-06-15 09:35:00,186.0,187.0,185.5,186.5,5072,181.44,2344
2026-06-15 09:40:00,186.5,187.0,185.5,186.5,4914,181.62,2344
2026-06-15 09:45:00,186.5,188.5,185.5,188.5,13331,182.14,2344
2026-06-15 09:50:00,188.0,189.0,187.5,188.0,9865,182.53,2344
2026-06-15 09:55:00,188.5,188.5,187.0,188.0,4763,182.68,2344
2026-06-15 10:00:00,188.0,188.5,187.5,188.0,2049,182.75,2344
2026-06-15 10:05:00,188.5,188.5,187.5,188.0,4454,182.89,2344
2026-06-15 10:10:00,188.0,188.5,188.0,188.5,1606,182.94,2344
2026-06-15 10:15:00,188.0,188.5,187.5,187.5,1558,182.99,2344
2026-06-15 10:20:00,187.5,189.0,187.0,189.0,35655,183.97,2344
2026-06-15 10:25:00,189.0,189.0,189.0,189.0,2296,184.02,2344
2026-06-15 10:30:00,189.0,189.0,189.0,189.0,850,184.04,2344
2026-06-15 10:35:00,189.0,189.0,189.0,189.0,668,184.06,2344
2026-06-15 10:40:00,189.0,189.0,189.0,189.0,526,184.07,2344
2026-06-15 10:45:00,189.0,189.0,189.0,189.0,424,184.08,2344
2026-06-15 10:50:00,189.0,189.0,189.0,189.0,312,184.09,2344
2026-06-15 10:55:00,189.0,189.0,189.0,189.0,256,184.09,2344
2026-06-15 11:00:00,189.0,189.0,189.0,189.0,295,184.1,2344
2026-06-15 11:05:00,189.0,189.0,189.0,189.0,271,184.11,2344
2026-06-15 11:10:00,189.0,189.0,189.0,189.0,635,184.12,2344
2026-06-15 11:15:00,189.0,189.0,189.0,189.0,248,184.13,2344
2026-06-15 11:20:00,189.0,189.0,189.0,189.0,185,184.13,2344
2026-06-15 11:25:00,189.0,189.0,189.0,189.0,209,184.13,2344
2026-06-15 11:30:00,189.0,189.0,189.0,189.0,212,184.14,2344
2026-06-15 11:35:00,189.0,189.0,189.0,189.0,326,184.15,2344
2026-06-15 11:40:00,189.0,189.0,189.0,189.0,670,184.16,2344
2026-06-15 11:45:00,189.0,189.0,189.0,189.0,135,184.16,2344
2026-06-15 11:50:00,189.0,189.0,189.0,189.0,394,184.17,2344
2026-06-15 11:55:00,189.0,189.0,189.0,189.0,272,184.18,2344
2026-06-15 12:00:00,189.0,189.0,189.0,189.0,173,184.18,2344
2026-06-15 12:05:00,189.0,189.0,189.0,189.0,457,184.19,2344
2026-06-15 12:10:00,189.0,189.0,189.0,189.0,246,184.2,2344
2026-06-15 12:15:00,189.0,189.0,189.0,189.0,134,184.2,2344
2026-06-15 12:20:00,189.0,189.0,189.0,189.0,268,184.21,2344
2026-06-15 12:25:00,189.0,189.0,189.0,189.0,280,184.21,2344
2026-06-15 12:30:00,189.0,189.0,189.0,189.0,166,184.22,2344
2026-06-15 12:35:00,189.0,189.0,189.0,189.0,181,184.22,2344
2026-06-15 12:40:00,189.0,189.0,189.0,189.0,198,184.22,2344
2026-06-15 12:45:00,189.0,189.0,189.0,189.0,132,184.23,2344
2026-06-15 12:50:00,189.0,189.0,189.0,189.0,143,184.23,2344
2026-06-15 12:55:00,189.0,189.0,189.0,189.0,168,184.23,2344
2026-06-15 13:00:00,189.0,189.0,189.0,189.0,146,184.24,2344
2026-06-15 13:05:00,189.0,189.0,189.0,189.0,190,184.24,2344
2026-06-15 13:10:00,189.0,189.0,189.0,189.0,152,184.24,2344
2026-06-15 13:15:00,189.0,189.0,189.0,189.0,165,184.25,2344
2026-06-15 13:20:00,189.0,189.0,189.0,189.0,208,184.25,2344
2026-06-15 13:30:00,189.0,189.0,189.0,189.0,269,184.26,2344
2026-06-16 09:00:00,198.5,201.0,195.5,196.0,51734,198.54,2344
2026-06-16 09:05:00,196.0,197.0,191.5,192.0,26171,197.08,2344
2026-06-16 09:10:00,192.0,195.0,191.5,193.5,18316,196.34,2344
2026-06-16 09:15:00,193.0,194.5,192.5,193.5,8311,196.14,2344
2026-06-16 09:20:00,193.0,196.0,193.0,195.5,13715,196.01,2344
2026-06-16 09:25:00,195.5,196.5,195.0,195.0,9628,196.01,2344
2026-06-16 09:30:00,195.0,195.5,194.5,195.0,5617,195.96,2344
2026-06-16 09:35:00,195.0,196.0,193.5,195.5,7991,195.9,2344
2026-06-16 09:40:00,195.5,195.5,193.0,194.5,7788,195.79,2344
2026-06-16 09:45:00,194.0,195.0,193.5,194.5,3760,195.75,2344
2026-06-16 09:50:00,195.0,195.5,194.5,195.5,5370,195.73,2344
2026-06-16 09:55:00,195.5,196.5,195.0,196.0,7480,195.75,2344
2026-06-16 10:00:00,195.5,197.0,195.5,196.0,4086,195.76,2344
2026-06-16 10:05:00,196.5,198.0,195.0,197.0,9183,195.81,2344
2026-06-16 10:10:00,197.0,197.5,194.5,196.5,6435,195.81,2344
2026-06-16 10:15:00,197.0,199.0,196.0,197.0,13134,195.95,2344
2026-06-16 10:20:00,197.0,198.0,196.0,197.0,3017,195.97,2344
2026-06-16 10:25:00,197.5,199.5,196.5,199.5,11466,196.11,2344
2026-06-16 10:30:00,199.5,200.5,198.0,198.5,15622,196.36,2344
2026-06-16 10:35:00,198.5,200.0,198.0,199.0,5524,196.43,2344
2026-06-16 10:40:00,199.0,200.0,198.0,199.5,3519,196.47,2344
2026-06-16 10:45:00,200.0,200.5,199.0,199.5,6669,196.56,2344
2026-06-16 10:50:00,199.5,199.5,198.0,198.5,2474,196.58,2344
2026-06-16 10:55:00,198.5,199.0,197.5,198.0,3699,196.61,2344
2026-06-16 11:00:00,198.5,199.0,198.0,199.0,1307,196.62,2344
2026-06-16 11:05:00,199.0,199.0,198.0,199.0,2139,196.63,2344
2026-06-16 11:10:00,199.0,199.0,197.5,197.5,2940,196.65,2344
2026-06-16 11:15:00,198.0,198.5,197.0,197.5,2859,196.66,2344
2026-06-16 11:20:00,198.0,198.0,197.5,198.0,1617,196.67,2344
2026-06-16 11:25:00,198.0,198.0,197.5,197.5,1081,196.68,2344
2026-06-16 11:30:00,198.0,200.0,197.5,200.0,11521,196.79,2344
2026-06-16 11:35:00,200.0,200.5,198.0,198.0,5446,196.84,2344
2026-06-16 11:40:00,198.5,199.0,197.5,198.0,2344,196.85,2344
2026-06-16 11:45:00,198.0,198.0,197.0,197.5,2111,196.85,2344
2026-06-16 11:50:00,197.5,198.5,196.0,198.5,4545,196.86,2344
2026-06-16 11:55:00,198.5,199.5,198.0,199.0,3513,196.88,2344
2026-06-16 12:00:00,199.0,199.0,198.0,198.5,996,196.89,2344
2026-06-16 12:05:00,198.5,198.5,197.5,198.0,1303,196.89,2344
2026-06-16 12:10:00,198.0,198.5,197.5,198.0,1486,196.9,2344
2026-06-16 12:15:00,198.0,198.0,197.0,197.0,1536,196.9,2344
2026-06-16 12:20:00,197.5,197.5,197.0,197.5,1226,196.91,2344
2026-06-16 12:25:00,197.5,197.5,195.5,195.5,3941,196.9,2344
2026-06-16 12:30:00,195.5,196.0,195.0,196.0,3696,196.88,2344
2026-06-16 12:35:00,196.0,196.5,195.0,196.0,3559,196.87,2344
2026-06-16 12:40:00,196.0,196.5,195.5,196.0,2256,196.87,2344
2026-06-16 12:45:00,196.0,196.5,195.5,196.0,1696,196.86,2344
2026-06-16 12:50:00,195.5,196.5,195.0,196.5,4158,196.85,2344
2026-06-16 12:55:00,196.5,196.5,196.0,196.0,1129,196.85,2344
2026-06-16 13:00:00,196.0,196.5,195.5,196.0,4136,196.84,2344
2026-06-16 13:05:00,196.5,197.5,196.0,197.0,4163,196.84,2344
2026-06-16 13:10:00,197.5,197.5,197.0,197.0,3917,196.84,2344
2026-06-16 13:15:00,197.5,197.5,196.0,196.5,5774,196.84,2344
2026-06-16 13:20:00,197.0,197.5,196.5,196.5,6029,196.85,2344
2026-06-16 13:30:00,197.0,197.0,197.0,197.0,8263,196.85,2344
2026-06-17 09:00:00,195.0,196.5,192.0,194.0,20621,194.36,2344
2026-06-17 09:05:00,194.5,198.0,194.0,196.5,9935,195.01,2344
2026-06-17 09:10:00,196.0,196.5,191.5,192.5,12192,194.54,2344
2026-06-17 09:15:00,192.5,192.5,189.0,190.5,14345,193.54,2344
2026-06-17 09:20:00,190.0,190.5,186.5,189.5,15960,192.39,2344
2026-06-17 09:25:00,189.5,191.0,188.0,190.5,6603,192.16,2344
2026-06-17 09:30:00,190.5,192.5,190.0,191.0,6874,192.12,2344
2026-06-17 09:35:00,191.0,192.5,191.0,192.0,4836,192.1,2344
2026-06-17 09:40:00,192.0,193.0,192.0,192.0,2410,192.11,2344
2026-06-17 09:45:00,192.0,194.5,192.0,194.5,5184,192.18,2344
2026-06-17 09:50:00,194.0,195.0,193.0,194.5,4717,192.27,2344
2026-06-17 09:55:00,195.0,196.5,193.5,194.0,8191,192.5,2344
2026-06-17 10:00:00,194.0,194.0,192.0,192.5,3115,192.51,2344
2026-06-17 10:05:00,193.0,193.5,191.5,193.0,2812,192.51,2344
2026-06-17 10:10:00,192.5,194.0,191.5,193.5,1952,192.51,2344
2026-06-17 10:15:00,193.5,193.5,191.5,192.5,1542,192.51,2344
2026-06-17 10:20:00,192.5,193.5,192.0,193.0,1057,192.51,2344
2026-06-17 10:25:00,193.0,194.0,193.0,193.0,1835,192.52,2344
2026-06-17 10:30:00,193.5,195.0,193.0,194.0,3112,192.57,2344
2026-06-17 10:35:00,194.0,194.5,192.0,192.5,3236,192.58,2344
2026-06-17 10:40:00,192.5,193.5,192.0,193.5,2280,192.58,2344
2026-06-17 10:45:00,193.5,194.0,192.5,193.0,2216,192.6,2344
2026-06-17 10:50:00,193.0,194.0,192.5,193.5,1118,192.6,2344
2026-06-17 10:55:00,193.5,195.0,193.5,194.5,2733,192.63,2344
2026-06-17 11:00:00,194.5,195.0,194.0,194.5,1563,192.66,2344
2026-06-17 11:05:00,194.0,194.5,193.0,193.0,1115,192.66,2344
2026-06-17 11:10:00,193.5,193.5,192.0,193.0,2251,192.66,2344
2026-06-17 11:15:00,193.0,193.0,191.0,192.0,5118,192.62,2344
2026-06-17 11:20:00,192.0,192.0,190.5,191.0,2086,192.6,2344
2026-06-17 11:25:00,191.5,191.5,190.5,191.0,1473,192.59,2344
2026-06-17 11:30:00,191.0,192.0,190.5,191.5,703,192.58,2344
2026-06-17 11:35:00,192.0,192.0,191.0,192.0,837,192.58,2344
2026-06-17 11:40:00,192.0,192.0,191.0,192.0,1227,192.57,2344
2026-06-17 11:45:00,192.0,192.0,191.0,191.5,947,192.56,2344
2026-06-17 11:50:00,191.5,191.5,190.5,191.0,1519,192.55,2344
2026-06-17 11:55:00,191.0,191.5,190.5,191.5,969,192.54,2344
2026-06-17 12:00:00,191.5,192.0,191.0,192.0,791,192.53,2344
2026-06-17 12:05:00,191.5,193.0,191.0,193.0,1826,192.53,2344
2026-06-17 12:10:00,192.5,195.5,192.5,194.0,9107,192.63,2344
2026-06-17 12:15:00,194.5,195.0,193.0,193.5,2086,192.64,2344
2026-06-17 12:20:00,193.5,195.0,193.5,193.5,2052,192.66,2344
2026-06-17 12:25:00,194.0,196.0,193.5,194.0,4541,192.72,2344
2026-06-17 12:30:00,194.5,194.5,192.0,192.5,3514,192.72,2344
2026-06-17 12:35:00,192.5,193.5,192.0,193.0,1606,192.73,2344
2026-06-17 12:40:00,192.5,193.5,192.5,192.5,938,192.73,2344
2026-06-17 12:45:00,192.5,193.5,192.0,193.0,2668,192.73,2344
2026-06-17 12:50:00,193.0,193.5,192.5,193.5,974,192.73,2344
2026-06-17 12:55:00,193.5,193.5,193.0,193.0,1010,192.73,2344
2026-06-17 13:00:00,193.5,194.0,193.0,194.0,1746,192.74,2344
2026-06-17 13:05:00,194.0,195.5,193.5,194.5,5867,192.8,2344
2026-06-17 13:10:00,195.0,197.0,194.5,196.0,6794,192.91,2344
2026-06-17 13:15:00,196.0,198.0,196.0,197.0,5900,193.02,2344
2026-06-17 13:20:00,197.5,198.0,197.0,197.5,5906,193.15,2344
2026-06-17 13:30:00,199.0,199.0,199.0,199.0,6978,193.33,2344
2026-06-18 09:00:00,203.5,206.5,202.0,203.0,24055,203.78,2344
2026-06-18 09:05:00,203.0,206.5,202.0,206.0,15168,204.03,2344
2026-06-18 09:10:00,206.0,212.0,204.0,212.0,22357,205.45,2344
2026-06-18 09:15:00,212.0,214.0,210.5,212.0,19353,207.06,2344
2026-06-18 09:20:00,212.5,214.5,211.0,214.5,9689,207.72,2344
2026-06-18 09:25:00,214.5,216.0,212.5,214.5,13149,208.57,2344
2026-06-18 09:30:00,214.5,214.5,211.0,211.5,6844,208.84,2344
2026-06-18 09:35:00,211.5,213.5,210.0,212.0,5600,208.97,2344
2026-06-18 09:40:00,211.5,213.0,210.5,210.5,4159,209.06,2344
2026-06-18 09:45:00,210.5,211.0,209.0,209.5,8727,209.1,2344
2026-06-18 09:50:00,209.0,210.0,206.5,206.5,7530,209.03,2344
2026-06-18 09:55:00,206.5,206.5,201.5,203.0,17173,208.44,2344
2026-06-18 10:00:00,203.5,206.0,202.5,205.5,8434,208.21,2344
2026-06-18 10:05:00,205.5,207.5,204.5,207.5,7275,208.11,2344
2026-06-18 10:10:00,207.5,208.5,206.0,208.5,5331,208.09,2344
2026-06-18 10:15:00,208.5,209.0,207.5,208.0,4749,208.1,2344
2026-06-18 10:20:00,208.0,209.5,206.5,207.0,4346,208.11,2344
2026-06-18 10:25:00,206.5,207.5,205.5,207.0,2668,208.08,2344
2026-06-18 10:30:00,207.0,207.0,204.5,206.0,3453,208.04,2344
2026-06-18 10:35:00,206.0,207.0,205.0,207.0,1473,208.02,2344
2026-06-18 10:40:00,207.0,208.0,206.5,208.0,1863,208.02,2344
2026-06-18 10:45:00,208.0,208.0,206.5,207.5,1665,208.01,2344
2026-06-18 10:50:00,207.0,208.5,206.0,206.5,2454,208.0,2344
2026-06-18 10:55:00,206.5,207.0,205.5,206.0,1250,207.99,2344
2026-06-18 11:00:00,206.0,206.5,205.5,206.5,1016,207.98,2344
2026-06-18 11:05:00,206.0,206.5,205.0,206.5,1669,207.97,2344
2026-06-18 11:10:00,206.5,206.5,205.0,206.5,1159,207.95,2344
2026-06-18 11:15:00,206.0,206.5,206.0,206.5,738,207.95,2344
2026-06-18 11:20:00,206.5,207.5,206.5,207.5,1066,207.94,2344
2026-06-18 11:25:00,207.5,207.5,206.0,206.0,1292,207.94,2344
2026-06-18 11:30:00,206.5,207.5,206.0,207.5,927,207.93,2344
2026-06-18 11:35:00,207.5,208.0,206.5,207.5,2274,207.93,2344
2026-06-18 11:40:00,207.5,208.0,206.5,208.0,1391,207.92,2344
2026-06-18 11:45:00,208.0,208.5,207.5,208.0,2438,207.93,2344
2026-06-18 11:50:00,207.5,209.0,207.5,208.5,1712,207.93,2344
2026-06-18 11:55:00,208.5,210.0,208.0,209.0,6320,207.97,2344
2026-06-18 12:00:00,209.0,213.0,209.0,212.0,9660,208.11,2344
2026-06-18 12:05:00,212.0,213.5,211.5,212.5,5696,208.22,2344
2026-06-18 12:10:00,212.5,215.5,212.0,215.5,13427,208.55,2344
2026-06-18 12:15:00,215.5,216.0,214.0,214.5,3552,208.64,2344
2026-06-18 12:20:00,214.5,215.0,212.0,212.0,3758,208.71,2344
2026-06-18 12:25:00,212.0,215.0,212.0,214.5,3244,208.77,2344
2026-06-18 12:30:00,214.5,218.0,214.0,217.5,12778,209.13,2344
2026-06-18 12:35:00,218.0,218.0,216.5,218.0,5534,209.29,2344
2026-06-18 12:40:00,217.5,218.5,217.5,218.5,37754,210.39,2344
2026-06-18 12:45:00,218.5,218.5,218.5,218.5,2382,210.45,2344
2026-06-18 12:50:00,218.5,218.5,218.5,218.5,1317,210.48,2344
2026-06-18 12:55:00,218.5,218.5,218.5,218.5,854,210.5,2344
2026-06-18 13:00:00,218.5,218.5,218.5,218.5,1128,210.53,2344
2026-06-18 13:05:00,218.5,218.5,218.5,218.5,874,210.55,2344
2026-06-18 13:10:00,218.5,218.5,218.5,218.5,902,210.57,2344
2026-06-18 13:15:00,218.5,218.5,218.5,218.5,646,210.59,2344
2026-06-18 13:20:00,218.5,218.5,218.5,218.5,985,210.61,2344
2026-06-18 13:30:00,218.5,218.5,218.5,218.5,8756,210.82,2344
2026-06-22 09:00:00,229.5,233.5,223.5,226.5,49427,228.66,2344
2026-06-22 09:05:00,226.5,227.0,224.0,224.5,19091,227.82,2344
2026-06-22 09:10:00,224.5,230.5,223.0,230.0,21202,227.67,2344
2026-06-22 09:15:00,230.5,233.0,227.0,227.0,24837,228.31,2344
2026-06-22 09:20:00,227.5,230.0,226.5,229.5,13206,228.3,2344
2026-06-22 09:25:00,230.0,232.0,229.0,230.5,16685,228.56,2344
2026-06-22 09:30:00,230.5,230.5,227.0,228.5,13318,228.56,2344
2026-06-22 09:35:00,228.5,228.5,226.0,228.5,11323,228.47,2344
2026-06-22 09:40:00,228.5,229.0,225.5,225.5,12208,228.35,2344
2026-06-22 09:45:00,226.0,226.5,224.0,225.0,10859,228.16,2344
2026-06-22 09:50:00,225.0,226.5,223.0,224.0,9680,227.99,2344
2026-06-22 09:55:00,224.0,226.0,223.5,224.0,4122,227.93,2344
2026-06-22 10:00:00,224.0,226.0,224.0,226.0,2902,227.89,2344
2026-06-22 10:05:00,225.5,226.0,224.5,225.0,3007,227.85,2344
2026-06-22 10:10:00,224.5,226.0,224.0,225.0,3255,227.81,2344
2026-06-22 10:15:00,225.5,227.5,225.0,226.5,4359,227.79,2344
2026-06-22 10:20:00,227.0,227.0,226.0,226.5,1546,227.78,2344
2026-06-22 10:25:00,226.5,227.0,226.0,226.5,3087,227.76,2344
2026-06-22 10:30:00,226.5,226.5,225.5,226.5,1524,227.75,2344
2026-06-22 10:35:00,226.5,227.0,226.0,226.0,1346,227.74,2344
2026-06-22 10:40:00,226.5,227.0,225.0,227.0,2905,227.72,2344
2026-06-22 10:45:00,227.0,228.5,226.5,228.0,7863,227.72,2344
2026-06-22 10:50:00,228.0,228.0,227.0,227.5,3031,227.72,2344
2026-06-22 10:55:00,227.5,228.0,227.0,227.5,1451,227.72,2344
2026-06-22 11:00:00,227.5,227.5,226.0,226.5,1785,227.71,2344
2026-06-22 11:05:00,226.5,226.5,225.5,225.5,2313,227.7,2344
2026-06-22 11:10:00,225.5,226.0,225.0,225.5,1809,227.68,2344
2026-06-22 11:15:00,225.5,226.0,225.0,225.5,1802,227.67,2344
2026-06-22 11:20:00,225.5,226.5,225.0,226.5,1061,227.66,2344
2026-06-22 11:25:00,226.5,229.5,226.0,227.5,13979,227.7,2344
2026-06-22 11:30:00,227.5,229.5,227.0,229.5,4350,227.72,2344
2026-06-22 11:35:00,229.0,231.0,229.0,231.0,12868,227.83,2344
2026-06-22 11:40:00,231.0,231.0,228.5,230.0,6420,227.87,2344
2026-06-22 11:45:00,230.0,230.0,228.5,228.5,2709,227.89,2344
2026-06-22 11:50:00,229.0,229.0,227.5,228.0,3444,227.89,2344
2026-06-22 11:55:00,228.0,228.0,227.5,228.0,1944,227.89,2344
2026-06-22 12:00:00,228.0,228.0,227.0,228.0,1901,227.89,2344
2026-06-22 12:05:00,227.5,228.0,227.0,227.5,1569,227.89,2344
2026-06-22 12:10:00,227.5,228.0,227.0,227.5,1209,227.89,2344
2026-06-22 12:15:00,227.5,227.5,226.0,226.5,3230,227.88,2344
2026-06-22 12:20:00,226.0,227.5,226.0,227.5,1596,227.87,2344
2026-06-22 12:25:00,227.5,228.0,226.5,227.0,1902,227.87,2344
2026-06-22 12:30:00,226.5,227.0,225.5,226.5,3292,227.85,2344
2026-06-22 12:35:00,226.5,227.0,226.0,226.5,1819,227.85,2344
2026-06-22 12:40:00,226.5,226.5,225.5,226.0,2549,227.83,2344
2026-06-22 12:45:00,225.5,226.0,225.0,225.0,3068,227.81,2344
2026-06-22 12:50:00,225.0,225.5,224.0,225.0,5217,227.76,2344
2026-06-22 12:55:00,225.0,226.0,224.5,226.0,2178,227.74,2344
2026-06-22 13:00:00,226.0,226.0,224.0,224.0,4071,227.71,2344
2026-06-22 13:05:00,224.5,225.0,224.0,224.0,3613,227.67,2344
2026-06-22 13:10:00,224.0,224.5,220.5,220.5,13097,227.47,2344
2026-06-22 13:15:00,221.0,223.5,220.5,221.0,8808,227.33,2344
2026-06-22 13:20:00,221.0,221.0,219.0,220.0,14915,227.04,2344
2026-06-22 13:30:00,222.0,222.0,222.0,222.0,27274,226.7,2344
2026-06-23 09:00:00,219.0,222.0,216.5,219.0,21829,219.56,2344
2026-06-23 09:05:00,219.0,221.5,215.0,217.0,15025,218.97,2344
2026-06-23 09:10:00,217.0,218.5,216.0,216.5,6110,218.68,2344
2026-06-23 09:15:00,216.0,216.5,211.5,214.0,14399,217.4,2344
2026-06-23 09:20:00,214.0,215.0,209.5,210.0,13257,216.27,2344
2026-06-23 09:25:00,210.0,213.5,210.0,212.5,6989,215.9,2344
2026-06-23 09:30:00,213.0,216.0,213.0,215.5,7329,215.78,2344
2026-06-23 09:35:00,215.5,218.0,215.0,215.0,7641,215.82,2344
2026-06-23 09:40:00,215.0,217.5,214.5,214.5,3417,215.84,2344
2026-06-23 09:45:00,214.5,214.5,210.5,210.5,5084,215.66,2344
2026-06-23 09:50:00,210.5,214.0,210.5,213.5,4464,215.52,2344
2026-06-23 09:55:00,213.5,217.0,213.0,216.0,4147,215.52,2344
2026-06-23 10:00:00,216.0,218.5,216.0,218.0,7308,215.64,2344
2026-06-23 10:05:00,218.5,218.5,214.0,214.0,3762,215.67,2344
2026-06-23 10:10:00,214.5,217.5,214.5,217.0,2144,215.68,2344
2026-06-23 10:15:00,217.0,218.0,216.5,217.0,2059,215.71,2344
2026-06-23 10:20:00,217.0,217.5,216.0,217.0,1391,215.72,2344
2026-06-23 10:25:00,217.0,218.5,216.0,217.5,4072,215.78,2344
2026-06-23 10:30:00,217.0,217.5,215.5,216.0,2346,215.79,2344
2026-06-23 10:35:00,216.0,216.0,214.5,215.0,2273,215.78,2344
2026-06-23 10:40:00,215.0,215.5,214.0,214.5,2025,215.76,2344
2026-06-23 10:45:00,214.5,215.5,214.0,214.5,1655,215.75,2344
2026-06-23 10:50:00,215.0,215.5,214.5,214.5,1123,215.74,2344
2026-06-23 10:55:00,215.0,215.0,213.0,213.0,2651,215.71,2344
2026-06-23 11:00:00,213.0,215.0,212.0,214.5,2962,215.65,2344
2026-06-23 11:05:00,214.5,214.5,212.5,212.5,1422,215.63,2344
2026-06-23 11:10:00,212.5,213.5,212.5,213.5,1407,215.61,2344
2026-06-23 11:15:00,213.5,213.5,211.5,211.5,2877,215.54,2344
2026-06-23 11:20:00,211.5,212.0,211.0,212.0,2869,215.47,2344
2026-06-23 11:25:00,211.5,212.5,211.0,211.5,2346,215.41,2344
2026-06-23 11:30:00,211.5,211.5,208.0,208.5,10168,215.07,2344
2026-06-23 11:35:00,208.0,209.5,206.0,206.5,8463,214.71,2344
2026-06-23 11:40:00,206.5,208.0,205.5,207.5,6613,214.42,2344
2026-06-23 11:45:00,207.5,209.0,206.5,209.0,2718,214.32,2344
2026-06-23 11:50:00,209.0,211.0,208.5,211.0,3286,214.24,2344
2026-06-23 11:55:00,211.0,211.5,210.0,210.5,2700,214.19,2344
2026-06-23 12:00:00,211.0,211.0,209.5,210.5,1439,214.16,2344
2026-06-23 12:05:00,210.5,210.5,209.5,209.5,1329,214.13,2344
2026-06-23 12:10:00,210.0,210.0,209.0,209.5,1278,214.1,2344
2026-06-23 12:15:00,209.5,209.5,208.5,209.0,1647,214.06,2344
2026-06-23 12:20:00,209.0,209.5,207.5,209.0,2454,213.99,2344
2026-06-23 12:25:00,209.5,209.5,208.0,209.0,1648,213.95,2344
2026-06-23 12:30:00,209.0,209.5,208.0,209.0,1395,213.92,2344
2026-06-23 12:35:00,209.0,209.5,208.5,209.5,1918,213.87,2344
2026-06-23 12:40:00,209.0,209.5,208.0,208.0,1643,213.83,2344
2026-06-23 12:45:00,208.5,208.5,207.5,208.0,1852,213.78,2344
2026-06-23 12:50:00,208.0,209.5,207.0,209.0,4402,213.66,2344
2026-06-23 12:55:00,209.0,209.0,207.5,208.0,1888,213.62,2344
2026-06-23 13:00:00,208.0,208.5,207.0,207.5,4144,213.5,2344
2026-06-23 13:05:00,207.0,208.5,206.5,208.0,6060,213.34,2344
2026-06-23 13:10:00,208.5,210.0,208.0,210.0,3817,213.26,2344
2026-06-23 13:15:00,210.0,210.5,209.0,209.0,3186,213.22,2344
2026-06-23 13:20:00,209.0,209.5,208.0,209.5,4777,213.12,2344
2026-06-23 13:30:00,211.5,211.5,211.5,211.5,23010,212.98,2344
2026-06-24 09:00:00,208.5,212.5,206.0,207.0,28281,209.22,2344
2026-06-24 09:05:00,207.0,209.0,205.0,206.0,9241,208.66,2344
2026-06-24 09:10:00,206.0,206.5,204.0,204.0,8945,208.03,2344
2026-06-24 09:15:00,204.0,205.0,203.0,204.0,5961,207.59,2344
2026-06-24 09:20:00,204.0,205.5,201.0,205.5,10741,206.84,2344
2026-06-24 09:25:00,205.5,205.5,203.0,203.5,3762,206.69,2344
2026-06-24 09:30:00,203.5,207.0,203.5,207.0,6002,206.64,2344
2026-06-24 09:35:00,207.0,208.0,206.0,207.0,3234,206.65,2344
2026-06-24 09:40:00,207.0,211.0,206.5,210.0,8198,206.89,2344
2026-06-24 09:45:00,210.0,214.0,210.0,214.0,8306,207.38,2344
2026-06-24 09:50:00,214.0,216.0,213.0,215.5,9307,208.01,2344
2026-06-24 09:55:00,215.5,217.0,215.0,215.5,8917,208.64,2344
2026-06-24 10:00:00,215.0,216.0,213.5,214.0,4919,208.9,2344
2026-06-24 10:05:00,213.5,214.0,210.0,210.0,7018,209.08,2344
2026-06-24 10:10:00,210.5,211.5,210.0,210.5,3066,209.12,2344
2026-06-24 10:15:00,211.0,211.0,207.0,209.5,5232,209.1,2344
2026-06-24 10:20:00,209.5,210.0,207.5,208.5,2086,209.1,2344
2026-06-24 10:25:00,208.5,211.5,208.5,210.5,1825,209.12,2344
2026-06-24 10:30:00,211.0,211.5,209.5,210.0,1470,209.13,2344
2026-06-24 10:35:00,209.5,210.0,209.0,210.0,693,209.13,2344
2026-06-24 10:40:00,209.5,210.0,208.0,208.5,1821,209.13,2344
2026-06-24 10:45:00,209.0,209.5,207.5,208.0,2092,209.12,2344
2026-06-24 10:50:00,208.0,208.5,207.0,208.0,1690,209.1,2344
2026-06-24 10:55:00,208.0,208.5,207.0,208.0,1323,209.09,2344
2026-06-24 11:00:00,207.5,208.0,205.5,205.5,3229,209.03,2344
2026-06-24 11:05:00,205.5,207.5,205.0,207.0,2430,208.98,2344
2026-06-24 11:10:00,207.5,208.0,206.5,207.5,1878,208.96,2344
2026-06-24 11:15:00,207.5,207.5,205.5,206.5,1342,208.93,2344
2026-06-24 11:20:00,206.0,206.5,204.5,205.0,3712,208.85,2344
2026-06-24 11:25:00,206.0,206.5,204.0,205.0,1929,208.8,2344
2026-06-24 11:30:00,205.0,205.0,203.0,203.5,3679,208.69,2344
2026-06-24 11:35:00,203.5,204.0,202.0,203.5,4569,208.54,2344
2026-06-24 11:40:00,203.5,204.0,202.5,203.0,2124,208.47,2344
2026-06-24 11:45:00,203.5,204.0,202.5,204.0,2201,208.4,2344
2026-06-24 11:50:00,203.5,204.0,203.0,203.0,1164,208.37,2344
2026-06-24 11:55:00,203.0,204.5,203.0,204.0,1588,208.33,2344
2026-06-24 12:00:00,204.0,204.0,202.5,203.0,3084,208.23,2344
2026-06-24 12:05:00,203.0,203.5,202.0,203.5,1520,208.19,2344
2026-06-24 12:10:00,203.5,203.5,202.5,202.5,1393,208.15,2344
2026-06-24 12:15:00,202.5,203.5,202.0,202.5,1480,208.1,2344
2026-06-24 12:20:00,202.5,204.0,202.5,203.5,2847,208.03,2344
2026-06-24 12:25:00,204.0,204.5,203.5,204.0,1604,208.0,2344
2026-06-24 12:30:00,204.5,205.5,204.0,205.5,2230,207.96,2344
2026-06-24 12:35:00,205.5,205.5,205.0,205.5,1597,207.94,2344
2026-06-24 12:40:00,205.5,206.0,205.0,206.0,2299,207.92,2344
2026-06-24 12:45:00,206.0,206.0,204.0,205.0,2877,207.88,2344
2026-06-24 12:50:00,205.0,205.0,204.0,204.0,1105,207.86,2344
2026-06-24 12:55:00,204.5,204.5,204.0,204.5,1766,207.83,2344
2026-06-24 13:00:00,204.5,205.0,204.0,205.0,2081,207.79,2344
2026-06-24 13:05:00,205.0,205.5,204.5,204.5,3156,207.75,2344
2026-06-24 13:10:00,204.5,205.5,204.0,205.0,4630,207.68,2344
2026-06-24 13:15:00,205.0,206.5,204.5,206.5,5356,207.63,2344
2026-06-24 13:20:00,206.5,207.0,206.0,206.5,4501,207.61,2344
2026-06-24 13:30:00,205.0,205.0,205.0,205.0,28226,207.31,2344
2026-06-25 09:00:00,219.5,220.0,215.0,216.0,26835,218.07,2344
2026-06-25 09:05:00,216.5,222.5,215.5,218.5,20320,218.78,2344
2026-06-25 09:10:00,218.5,220.5,216.5,218.0,7316,218.75,2344
2026-06-25 09:15:00,218.5,219.5,216.0,219.0,6548,218.65,2344
2026-06-25 09:20:00,219.5,220.0,217.5,218.5,6044,218.68,2344
2026-06-25 09:25:00,218.5,220.0,218.0,218.5,3895,218.7,2344
2026-06-25 09:30:00,218.0,219.0,217.0,217.5,2835,218.67,2344
2026-06-25 09:35:00,218.0,219.0,217.0,218.0,2338,218.65,2344
2026-06-25 09:40:00,218.0,218.5,213.5,214.0,8428,218.34,2344
2026-06-25 09:45:00,214.5,215.0,211.0,214.5,9850,217.76,2344
2026-06-25 09:50:00,214.5,216.5,213.5,216.5,3450,217.66,2344
2026-06-25 09:55:00,216.5,217.5,215.5,215.5,3811,217.62,2344
2026-06-25 10:00:00,215.5,220.0,215.5,219.5,9955,217.7,2344
2026-06-25 10:05:00,219.5,220.0,218.0,218.0,5035,217.76,2344
2026-06-25 10:10:00,218.0,218.5,213.5,214.5,6312,217.63,2344
2026-06-25 10:15:00,215.0,216.5,213.5,216.0,3708,217.56,2344
2026-06-25 10:20:00,216.5,218.0,215.5,217.0,2946,217.54,2344
2026-06-25 10:25:00,217.0,219.0,217.0,218.0,3965,217.56,2344
2026-06-25 10:30:00,218.0,219.5,217.5,218.5,3505,217.59,2344
2026-06-25 10:35:00,218.5,219.0,216.0,216.5,1991,217.59,2344
2026-06-25 10:40:00,216.5,217.0,215.5,217.0,2052,217.57,2344
2026-06-25 10:45:00,216.5,217.5,215.0,216.5,1878,217.55,2344
2026-06-25 10:50:00,216.5,217.0,215.0,217.0,1248,217.54,2344
2026-06-25 10:55:00,217.0,218.0,215.5,218.0,1223,217.53,2344
2026-06-25 11:00:00,218.0,218.0,215.5,216.0,1643,217.53,2344
2026-06-25 11:05:00,216.5,218.0,216.0,217.0,1272,217.52,2344
2026-06-25 11:10:00,217.0,217.5,215.5,216.0,1334,217.51,2344
2026-06-25 11:15:00,216.0,217.5,215.5,216.5,1041,217.5,2344
2026-06-25 11:20:00,216.5,217.0,215.5,217.0,1500,217.49,2344
2026-06-25 11:25:00,217.0,217.0,216.0,216.5,1170,217.49,2344
2026-06-25 11:30:00,216.5,218.5,216.5,218.0,2741,217.49,2344
2026-06-25 11:35:00,218.0,218.0,216.0,216.5,1330,217.49,2344
2026-06-25 11:40:00,216.5,217.0,215.0,216.0,3094,217.46,2344
2026-06-25 11:45:00,216.5,217.0,215.5,216.5,1449,217.45,2344
2026-06-25 11:50:00,216.5,217.5,216.0,217.0,1332,217.44,2344
2026-06-25 11:55:00,216.5,219.0,216.5,218.0,3711,217.46,2344
2026-06-25 12:00:00,218.0,218.0,216.0,218.0,1202,217.45,2344
2026-06-25 12:05:00,217.5,218.0,216.0,217.0,1453,217.45,2344
2026-06-25 12:10:00,217.0,218.0,216.5,217.0,1145,217.45,2344
2026-06-25 12:15:00,216.5,218.0,216.0,217.0,1458,217.44,2344
2026-06-25 12:20:00,216.5,217.0,216.0,217.0,1454,217.44,2344
2026-06-25 12:25:00,217.0,217.0,215.5,217.0,2125,217.42,2344
2026-06-25 12:30:00,217.0,217.0,216.0,216.5,1500,217.42,2344
2026-06-25 12:35:00,216.5,217.5,216.0,217.0,1370,217.41,2344
2026-06-25 12:40:00,217.5,217.5,216.5,217.0,1125,217.41,2344
2026-06-25 12:45:00,217.5,217.5,216.5,217.0,1253,217.41,2344
2026-06-25 12:50:00,217.0,218.0,217.0,218.0,1948,217.41,2344
2026-06-25 12:55:00,217.5,218.0,217.0,217.5,1896,217.41,2344
2026-06-25 13:00:00,217.0,218.5,217.0,218.5,2874,217.42,2344
2026-06-25 13:05:00,218.0,219.0,218.0,218.0,3536,217.44,2344
2026-06-25 13:10:00,218.5,218.5,217.5,218.0,2123,217.45,2344
2026-06-25 13:15:00,217.5,219.0,217.5,218.5,4470,217.47,2344
2026-06-25 13:20:00,218.0,218.5,217.0,217.0,3652,217.47,2344
2026-06-25 13:30:00,219.5,219.5,219.5,219.5,22934,217.68,2344
2026-06-26 09:00:00,220.0,221.0,216.0,216.5,19631,218.65,2344
2026-06-26 09:05:00,216.5,217.0,214.0,214.5,10981,217.43,2344
2026-06-26 09:10:00,214.5,219.5,214.5,219.5,6693,217.44,2344
2026-06-26 09:15:00,219.5,225.0,219.0,223.5,21904,219.13,2344
2026-06-26 09:20:00,223.5,223.5,220.0,220.0,11228,219.64,2344
2026-06-26 09:25:00,220.0,221.5,219.0,220.0,6821,219.68,2344
2026-06-26 09:30:00,220.0,220.5,216.5,219.0,9950,219.55,2344
2026-06-26 09:35:00,219.0,219.0,216.5,217.0,3387,219.49,2344
2026-06-26 09:40:00,217.0,217.5,215.5,216.0,5196,219.32,2344
2026-06-26 09:45:00,216.5,217.5,214.5,215.5,6783,219.08,2344
2026-06-26 09:50:00,215.5,217.0,215.5,216.5,3220,219.0,2344
2026-06-26 09:55:00,216.5,218.0,216.5,218.0,1980,218.97,2344
2026-06-26 10:00:00,217.5,219.0,216.5,217.0,3531,218.94,2344
2026-06-26 10:05:00,217.0,219.5,216.5,219.0,2835,218.93,2344
2026-06-26 10:10:00,218.5,220.0,218.5,220.0,2929,218.94,2344
2026-06-26 10:15:00,220.0,220.0,218.0,218.5,1276,218.94,2344
2026-06-26 10:20:00,218.0,218.0,217.0,217.0,1103,218.93,2344
2026-06-26 10:25:00,217.5,220.5,216.5,219.5,5082,218.93,2344
2026-06-26 10:30:00,219.0,219.5,218.0,218.0,925,218.93,2344
2026-06-26 10:35:00,218.5,219.0,216.5,217.5,2099,218.91,2344
2026-06-26 10:40:00,218.0,218.5,217.0,217.0,1255,218.89,2344
2026-06-26 10:45:00,217.0,217.5,215.0,215.0,4342,218.79,2344
2026-06-26 10:50:00,215.0,216.0,213.5,214.5,5512,218.62,2344
2026-06-26 10:55:00,214.5,215.0,213.0,213.0,3585,218.5,2344
2026-06-26 11:00:00,213.5,213.5,209.0,209.0,7382,218.13,2344
2026-06-26 11:05:00,209.0,210.0,206.5,207.5,8492,217.59,2344
2026-06-26 11:10:00,207.0,209.0,205.5,209.0,5390,217.24,2344
2026-06-26 11:15:00,209.0,211.0,208.5,210.0,3920,217.07,2344
2026-06-26 11:20:00,210.5,210.5,207.5,208.0,1682,216.98,2344
2026-06-26 11:25:00,208.5,210.5,208.0,210.0,1408,216.92,2344
2026-06-26 11:30:00,210.0,210.5,207.0,207.5,2772,216.78,2344
2026-06-26 11:35:00,207.5,208.0,206.5,206.5,2051,216.67,2344
2026-06-26 11:40:00,207.0,209.5,206.5,209.5,2042,216.57,2344
2026-06-26 11:45:00,209.0,209.5,208.0,208.0,1290,216.52,2344
2026-06-26 11:50:00,208.0,210.5,208.0,210.5,1313,216.47,2344
2026-06-26 11:55:00,210.5,212.5,210.5,212.5,2270,216.41,2344
2026-06-26 12:00:00,212.5,212.5,210.5,210.5,2204,216.35,2344
2026-06-26 12:05:00,210.5,211.0,209.5,210.0,1303,216.31,2344
2026-06-26 12:10:00,210.0,211.5,209.5,211.5,1237,216.27,2344
2026-06-26 12:15:00,211.5,211.5,210.0,210.5,897,216.24,2344
2026-06-26 12:20:00,210.0,211.0,210.0,210.5,895,216.22,2344
2026-06-26 12:25:00,210.5,210.5,209.0,209.5,1276,216.17,2344
2026-06-26 12:30:00,209.5,211.5,209.0,210.0,2690,216.09,2344
2026-06-26 12:35:00,210.5,211.5,209.5,209.5,1757,216.04,2344
2026-06-26 12:40:00,209.5,210.5,209.0,209.5,1883,215.98,2344
2026-06-26 12:45:00,209.5,210.0,209.0,209.0,1426,215.93,2344
2026-06-26 12:50:00,209.5,209.5,208.0,208.5,2887,215.83,2344
2026-06-26 12:55:00,208.0,208.5,205.0,207.0,13563,215.25,2344
2026-06-26 13:00:00,207.0,207.5,205.0,206.0,5695,215.02,2344
2026-06-26 13:05:00,206.5,207.5,205.0,205.0,3909,214.86,2344
2026-06-26 13:10:00,205.0,206.5,205.0,205.5,4246,214.69,2344
2026-06-26 13:15:00,205.5,206.0,203.0,203.0,7615,214.36,2344
2026-06-26 13:20:00,203.5,204.5,203.0,204.0,6930,214.06,2344
2026-06-26 13:30:00,206.5,206.5,206.5,206.5,7844,213.82,2344
2026-06-29 09:00:00,209.0,209.0,202.5,204.5,15870,205.38,2344
2026-06-29 09:05:00,205.0,206.5,203.5,204.5,8776,205.33,2344
2026-06-29 09:10:00,204.5,209.0,204.5,209.0,7449,205.84,2344
2026-06-29 09:15:00,208.5,211.0,208.5,209.5,8700,206.72,2344
2026-06-29 09:20:00,209.5,210.0,207.5,208.0,3729,206.88,2344
2026-06-29 09:25:00,208.0,209.5,207.0,207.5,2863,206.96,2344
2026-06-29 09:30:00,207.5,209.5,207.0,208.5,2190,207.02,2344
2026-06-29 09:35:00,209.0,210.5,208.5,210.5,3282,207.2,2344
2026-06-29 09:40:00,210.0,212.0,210.0,212.0,4388,207.48,2344
2026-06-29 09:45:00,212.0,212.0,210.5,211.5,2920,207.67,2344
2026-06-29 09:50:00,211.0,211.5,210.0,210.5,1578,207.74,2344
2026-06-29 09:55:00,210.5,211.5,210.0,211.0,1512,207.81,2344
2026-06-29 10:00:00,211.0,212.5,210.0,211.0,4170,208.04,2344
2026-06-29 10:05:00,211.0,211.0,209.0,209.0,2358,208.11,2344
2026-06-29 10:10:00,209.0,209.5,207.0,207.5,3137,208.11,2344
2026-06-29 10:15:00,207.0,210.0,206.5,210.0,3161,208.08,2344
2026-06-29 10:20:00,210.0,210.0,209.0,209.5,1226,208.11,2344
2026-06-29 10:25:00,209.5,210.0,209.0,209.5,754,208.12,2344
2026-06-29 10:30:00,209.5,210.0,209.0,209.5,1226,208.15,2344
2026-06-29 10:35:00,209.5,209.5,209.0,209.0,865,208.16,2344
2026-06-29 10:40:00,208.5,209.0,208.5,209.0,842,208.16,2344
2026-06-29 10:45:00,209.0,209.0,208.0,208.5,873,208.17,2344
2026-06-29 10:50:00,208.0,208.5,207.5,207.5,1070,208.17,2344
2026-06-29 10:55:00,207.5,209.5,207.5,209.5,1477,208.18,2344
2026-06-29 11:00:00,209.0,210.5,209.0,209.0,1394,208.2,2344
2026-06-29 11:05:00,209.5,209.5,208.0,208.5,938,208.21,2344
2026-06-29 11:10:00,209.0,209.0,208.0,208.5,757,208.21,2344
2026-06-29 11:15:00,208.0,209.0,207.5,208.5,1019,208.21,2344
2026-06-29 11:20:00,208.5,209.0,207.5,208.5,1200,208.21,2344
2026-06-29 11:25:00,208.5,209.0,208.0,209.0,515,208.22,2344
2026-06-29 11:30:00,209.0,209.0,207.0,207.0,1883,208.21,2344
2026-06-29 11:35:00,207.0,207.5,206.5,206.5,2028,208.18,2344
2026-06-29 11:40:00,207.0,207.0,203.0,204.5,6630,207.95,2344
2026-06-29 11:45:00,204.0,205.5,204.0,205.5,1899,207.9,2344
2026-06-29 11:50:00,205.5,207.0,205.5,207.0,1239,207.87,2344
2026-06-29 11:55:00,207.0,207.0,206.0,206.5,1094,207.86,2344
2026-06-29 12:00:00,206.5,206.5,205.0,205.5,1053,207.84,2344
2026-06-29 12:05:00,205.0,206.0,204.5,206.0,1068,207.81,2344
2026-06-29 12:10:00,206.0,206.0,204.5,205.0,1114,207.78,2344
2026-06-29 12:15:00,204.5,205.0,204.0,204.5,1544,207.74,2344
2026-06-29 12:20:00,204.0,205.0,204.0,205.0,1120,207.7,2344
2026-06-29 12:25:00,204.5,205.0,203.5,203.5,1801,207.65,2344
2026-06-29 12:30:00,204.0,204.5,202.5,203.0,4344,207.48,2344
2026-06-29 12:35:00,203.5,204.5,201.0,203.5,4330,207.31,2344
2026-06-29 12:40:00,204.0,204.0,202.5,203.5,1647,207.25,2344
2026-06-29 12:45:00,203.5,204.5,202.5,204.5,1848,207.2,2344
2026-06-29 12:50:00,204.5,205.5,204.0,205.5,1636,207.17,2344
2026-06-29 12:55:00,205.5,205.5,204.0,205.0,1515,207.15,2344
2026-06-29 13:00:00,205.0,205.0,203.5,203.5,1637,207.11,2344
2026-06-29 13:05:00,204.0,205.0,203.5,204.0,2365,207.06,2344
2026-06-29 13:10:00,204.5,205.5,204.0,204.0,3174,207.01,2344
2026-06-29 13:15:00,204.0,205.5,204.0,205.0,3223,206.96,2344
2026-06-29 13:20:00,205.0,205.5,203.5,204.0,3241,206.9,2344
2026-06-29 13:30:00,203.0,203.0,203.0,203.0,6340,206.74,2344
2026-06-30 09:00:00,209.0,210.5,203.0,204.0,21162,206.79,2344
2026-06-30 09:05:00,204.0,204.5,200.5,201.5,17450,204.97,2344
2026-06-30 09:10:00,201.5,204.5,201.0,204.0,6646,204.67,2344
2026-06-30 09:15:00,204.0,205.0,202.0,204.0,4212,204.58,2344
2026-06-30 09:20:00,204.0,204.5,200.5,201.0,8764,204.19,2344
2026-06-30 09:25:00,200.5,201.0,197.5,201.0,13501,203.26,2344
2026-06-30 09:30:00,201.0,201.5,199.5,200.0,3316,203.15,2344
2026-06-30 09:35:00,199.5,200.5,198.5,199.5,4346,202.94,2344
2026-06-30 09:40:00,199.5,199.5,198.0,199.0,4881,202.7,2344
2026-06-30 09:45:00,199.0,200.0,198.0,200.0,3546,202.55,2344
2026-06-30 09:50:00,199.5,200.0,198.5,199.0,3924,202.42,2344
2026-06-30 09:55:00,199.0,200.5,199.0,200.0,2483,202.35,2344
2026-06-30 10:00:00,200.0,200.0,199.0,200.0,1544,202.3,2344
2026-06-30 10:05:00,199.5,200.5,199.0,200.5,2598,202.24,2344
2026-06-30 10:10:00,200.5,201.0,200.0,200.5,3236,202.19,2344
2026-06-30 10:15:00,200.0,201.5,200.0,201.0,2691,202.15,2344
2026-06-30 10:20:00,201.0,201.5,200.5,201.5,1268,202.13,2344
2026-06-30 10:25:00,201.0,202.0,201.0,201.0,2279,202.12,2344
2026-06-30 10:30:00,201.5,202.5,201.0,202.5,2150,202.11,2344
2026-06-30 10:35:00,202.0,202.5,201.0,201.5,2799,202.11,2344
2026-06-30 10:40:00,201.5,202.0,201.0,202.0,853,202.11,2344
2026-06-30 10:45:00,201.5,202.5,201.5,202.5,1340,202.11,2344
2026-06-30 10:50:00,202.0,202.5,202.0,202.5,878,202.11,2344
2026-06-30 10:55:00,202.0,203.0,202.0,202.5,2414,202.11,2344
2026-06-30 11:00:00,202.5,202.5,201.5,202.0,1644,202.11,2344
2026-06-30 11:05:00,201.5,204.0,201.0,204.0,7489,202.15,2344
2026-06-30 11:10:00,204.0,204.0,203.0,203.5,2425,202.18,2344
2026-06-30 11:15:00,203.0,203.5,202.0,203.0,2121,202.19,2344
2026-06-30 11:20:00,203.0,203.0,202.0,202.5,936,202.19,2344
2026-06-30 11:25:00,202.5,204.5,202.0,204.0,4003,202.24,2344
2026-06-30 11:30:00,204.5,206.0,203.5,205.5,7594,202.37,2344
2026-06-30 11:35:00,205.5,206.5,205.0,206.5,5936,202.51,2344
2026-06-30 11:40:00,206.5,207.5,206.0,206.5,6276,202.69,2344
2026-06-30 11:45:00,207.0,207.0,206.0,207.0,2219,202.75,2344
2026-06-30 11:50:00,207.0,207.5,206.0,206.0,2498,202.81,2344
2026-06-30 11:55:00,206.5,207.0,206.0,206.0,1572,202.85,2344
2026-06-30 12:00:00,206.5,207.5,206.0,207.0,2643,202.91,2344
2026-06-30 12:05:00,207.0,208.0,207.0,207.5,3383,203.0,2344
2026-06-30 12:10:00,207.5,207.5,206.5,207.0,1412,203.03,2344
2026-06-30 12:15:00,207.0,209.0,206.5,208.5,4913,203.17,2344
2026-06-30 12:20:00,208.5,210.0,207.5,210.0,5074,203.34,2344
2026-06-30 12:25:00,210.0,210.5,208.5,209.0,4629,203.49,2344
2026-06-30 12:30:00,209.0,209.0,207.0,208.0,2604,203.56,2344
2026-06-30 12:35:00,207.5,209.0,207.5,209.0,1266,203.59,2344
2026-06-30 12:40:00,209.0,209.5,208.0,209.5,1621,203.63,2344
2026-06-30 12:45:00,209.0,210.0,208.5,209.0,2008,203.69,2344
2026-06-30 12:50:00,208.5,209.5,208.5,208.5,1299,203.73,2344
2026-06-30 12:55:00,209.0,209.0,208.5,208.5,951,203.75,2344
2026-06-30 13:00:00,209.0,209.0,208.0,208.5,2188,203.8,2344
2026-06-30 13:05:00,208.5,209.0,208.0,209.0,1671,203.84,2344
2026-06-30 13:10:00,209.0,209.0,208.5,208.5,2582,203.91,2344
2026-06-30 13:15:00,209.0,209.0,207.0,207.0,3236,203.97,2344
2026-06-30 13:20:00,207.0,208.5,206.5,208.0,3258,204.03,2344
2026-06-30 13:30:00,207.5,207.5,207.5,207.5,6678,204.14,2344
2026-07-01 09:00:00,207.0,207.5,203.0,204.0,17357,205.25,2344
2026-07-01 09:05:00,204.0,207.0,203.0,203.0,10670,205.1,2344
2026-07-01 09:10:00,203.0,204.0,199.0,200.0,18158,203.57,2344
2026-07-01 09:15:00,200.0,200.5,198.5,200.0,9878,202.84,2344
2026-07-01 09:20:00,200.0,200.5,196.5,196.5,12639,202.05,2344
2026-07-01 09:25:00,196.5,198.0,195.5,197.5,9564,201.39,2344
2026-07-01 09:30:00,197.5,197.5,190.5,191.0,17378,199.97,2344
2026-07-01 09:35:00,191.0,191.5,188.5,188.5,16457,198.51,2344
2026-07-01 09:40:00,188.5,192.0,188.0,191.5,12172,197.66,2344
2026-07-01 09:45:00,191.5,193.5,190.0,193.5,6633,197.36,2344
2026-07-01 09:50:00,193.5,194.0,192.0,193.0,7130,197.13,2344
2026-07-01 09:55:00,193.0,193.0,191.5,192.5,3787,197.01,2344
2026-07-01 10:00:00,192.5,193.0,192.0,193.0,1686,196.96,2344
2026-07-01 10:05:00,193.0,193.0,192.0,192.5,1771,196.9,2344
2026-07-01 10:10:00,192.5,194.5,192.0,193.5,3138,196.83,2344
2026-07-01 10:15:00,193.5,195.0,193.0,194.0,3358,196.77,2344
2026-07-01 10:20:00,194.0,194.5,192.5,193.0,1837,196.73,2344
2026-07-01 10:25:00,193.0,193.5,192.5,193.0,1028,196.71,2344
2026-07-01 10:30:00,193.0,193.0,192.5,192.5,966,196.68,2344
2026-07-01 10:35:00,192.5,193.5,192.5,193.0,1220,196.65,2344
2026-07-01 10:40:00,193.0,194.0,192.5,194.0,956,196.63,2344
2026-07-01 10:45:00,194.0,194.0,193.0,194.0,1086,196.61,2344
2026-07-01 10:50:00,194.0,194.0,193.0,193.0,733,196.6,2344
2026-07-01 10:55:00,193.0,193.5,192.5,192.5,1933,196.55,2344
2026-07-01 11:00:00,192.5,193.0,192.0,192.0,1939,196.5,2344
2026-07-01 11:05:00,192.0,192.5,191.5,191.5,1519,196.46,2344
2026-07-01 11:10:00,191.5,192.0,191.0,191.5,1149,196.43,2344
2026-07-01 11:15:00,191.5,191.5,191.0,191.5,1125,196.39,2344
2026-07-01 11:20:00,191.5,192.0,191.0,192.0,1058,196.36,2344
2026-07-01 11:25:00,191.5,192.5,191.5,191.5,787,196.34,2344
2026-07-01 11:30:00,192.0,192.0,191.5,191.5,441,196.33,2344
2026-07-01 11:35:00,192.0,192.0,191.5,191.5,339,196.32,2344
2026-07-01 11:40:00,191.5,192.0,190.5,190.5,2246,196.25,2344
2026-07-01 11:45:00,191.0,191.0,189.5,190.0,6966,196.01,2344
2026-07-01 11:50:00,190.5,191.0,190.0,191.0,968,195.98,2344
2026-07-01 11:55:00,191.0,192.0,190.5,191.5,1203,195.95,2344
2026-07-01 12:00:00,192.0,192.0,191.0,191.5,981,195.93,2344
2026-07-01 12:05:00,192.0,193.0,191.5,192.5,2152,195.89,2344
2026-07-01 12:10:00,192.5,192.5,191.5,192.0,768,195.87,2344
2026-07-01 12:15:00,192.0,192.5,191.5,192.0,1918,195.83,2344
2026-07-01 12:20:00,192.0,193.0,192.0,192.5,1027,195.81,2344
2026-07-01 12:25:00,193.0,193.0,192.0,192.0,680,195.8,2344
2026-07-01 12:30:00,192.5,193.0,192.0,192.5,1196,195.78,2344
2026-07-01 12:35:00,192.5,192.5,192.0,192.0,1253,195.76,2344
2026-07-01 12:40:00,192.0,192.5,191.5,192.0,1733,195.72,2344
2026-07-01 12:45:00,192.0,194.0,192.0,193.0,5001,195.65,2344
2026-07-01 12:50:00,193.0,193.5,192.5,192.5,1034,195.64,2344
2026-07-01 12:55:00,193.0,193.0,192.0,192.0,1330,195.62,2344
2026-07-01 13:00:00,192.0,193.0,192.0,192.0,1887,195.59,2344
2026-07-01 13:05:00,192.0,192.5,191.5,191.5,2932,195.54,2344
2026-07-01 13:10:00,191.5,192.5,191.0,191.5,4293,195.46,2344
2026-07-01 13:15:00,192.0,192.0,190.5,191.0,5682,195.34,2344
2026-07-01 13:20:00,191.5,191.5,190.0,190.0,4884,195.23,2344
2026-07-01 13:30:00,190.0,190.0,190.0,190.0,6014,195.1,2344
2026-07-02 09:00:00,176.0,182.0,176.0,179.0,26025,178.91,2344
2026-07-02 09:05:00,179.5,186.0,179.0,185.5,14371,180.21,2344
2026-07-02 09:10:00,185.5,185.5,182.0,183.0,7254,180.74,2344
2026-07-02 09:15:00,183.0,185.0,182.0,183.0,4153,180.97,2344
2026-07-02 09:20:00,183.0,183.5,180.5,181.5,6512,181.03,2344
2026-07-02 09:25:00,181.5,183.0,181.0,182.5,3163,181.07,2344
2026-07-02 09:30:00,182.5,184.0,182.0,182.5,3477,181.18,2344
2026-07-02 09:35:00,182.5,183.5,182.0,183.0,1981,181.22,2344
2026-07-02 09:40:00,183.0,183.0,181.5,181.5,2146,181.25,2344
2026-07-02 09:45:00,182.0,184.0,181.0,183.0,3427,181.31,2344
2026-07-02 09:50:00,183.0,184.0,182.5,182.5,1599,181.35,2344
2026-07-02 09:55:00,182.5,183.5,182.0,182.5,1304,181.38,2344
2026-07-02 10:00:00,183.0,183.5,182.5,183.5,2691,181.43,2344
2026-07-02 10:05:00,183.0,184.0,183.0,183.5,2759,181.51,2344
2026-07-02 10:10:00,183.0,184.0,182.5,183.5,1871,181.55,2344
2026-07-02 10:15:00,184.0,184.0,183.0,183.0,1413,181.59,2344
2026-07-02 10:20:00,183.0,184.5,182.5,183.0,3371,181.66,2344
2026-07-02 10:25:00,183.0,183.5,182.5,182.5,1688,181.69,2344
2026-07-02 10:30:00,183.0,183.0,182.0,182.0,1430,181.7,2344
2026-07-02 10:35:00,182.0,184.0,181.5,183.5,3107,181.73,2344
2026-07-02 10:40:00,183.5,184.0,183.0,183.5,1366,181.75,2344
2026-07-02 10:45:00,183.5,184.0,183.0,183.5,1750,181.79,2344
2026-07-02 10:50:00,183.5,183.5,182.5,183.0,1397,181.8,2344
2026-07-02 10:55:00,183.0,184.5,183.0,183.5,1857,181.84,2344
2026-07-02 11:00:00,183.5,184.0,183.5,183.5,560,181.85,2344
2026-07-02 11:05:00,184.0,184.0,183.0,183.0,1124,181.87,2344
2026-07-02 11:10:00,183.0,184.0,182.5,183.5,2018,181.9,2344
2026-07-02 11:15:00,183.5,185.0,183.5,184.0,3948,181.99,2344
2026-07-02 11:20:00,184.5,184.5,182.0,182.0,1995,182.01,2344
2026-07-02 11:25:00,182.0,183.0,182.0,182.0,1968,182.01,2344
2026-07-02 11:30:00,182.5,184.0,182.0,183.0,1761,182.02,2344
2026-07-02 11:35:00,183.0,183.5,182.5,182.5,992,182.03,2344
2026-07-02 11:40:00,183.0,183.0,182.0,182.5,1046,182.04,2344
2026-07-02 11:45:00,182.5,183.0,181.5,182.0,2419,182.04,2344
2026-07-02 11:50:00,182.0,182.5,181.5,182.0,2028,182.04,2344
2026-07-02 11:55:00,182.0,182.5,181.5,181.5,1465,182.04,2344
2026-07-02 12:00:00,182.0,182.0,181.5,181.5,1360,182.03,2344
2026-07-02 12:05:00,181.5,182.0,181.5,182.0,1133,182.03,2344
2026-07-02 12:10:00,181.5,183.0,181.0,182.0,2089,182.03,2344
2026-07-02 12:15:00,182.0,182.5,181.5,181.5,921,182.03,2344
2026-07-02 12:20:00,181.5,182.0,181.0,181.0,2644,182.01,2344
2026-07-02 12:25:00,181.5,182.0,181.0,181.0,2102,182.0,2344
2026-07-02 12:30:00,181.5,181.5,181.0,181.0,928,182.0,2344
2026-07-02 12:35:00,181.0,182.0,181.0,181.5,3627,181.98,2344
2026-07-02 12:40:00,181.5,182.0,181.0,181.0,1089,181.97,2344
2026-07-02 12:45:00,181.0,181.5,181.0,181.0,1612,181.97,2344
2026-07-02 12:50:00,181.0,182.0,181.0,181.5,1376,181.96,2344
2026-07-02 12:55:00,181.5,183.0,181.5,182.0,3222,181.96,2344
2026-07-02 13:00:00,182.0,183.0,182.0,182.5,1326,181.97,2344
2026-07-02 13:05:00,182.5,183.0,182.5,182.5,1923,181.98,2344
2026-07-02 13:10:00,183.0,183.0,182.5,183.0,1357,181.98,2344
2026-07-02 13:15:00,183.0,183.0,182.5,183.0,2655,182.0,2344
2026-07-02 13:20:00,183.0,184.0,183.0,184.0,4658,182.04,2344
2026-07-02 13:30:00,183.5,183.5,183.5,183.5,5173,182.09,2344
2026-07-03 09:00:00,180.5,185.0,177.0,183.5,12496,180.13,2344
2026-07-03 09:05:00,183.5,186.0,181.5,186.0,7503,181.32,2344
2026-07-03 09:10:00,186.0,188.0,185.0,185.5,13629,183.49,2344
2026-07-03 09:15:00,185.5,186.5,184.0,186.0,4840,183.71,2344
2026-07-03 09:20:00,185.5,187.0,185.5,185.5,4525,183.96,2344
2026-07-03 09:25:00,185.0,186.0,183.5,185.5,4297,184.0,2344
2026-07-03 09:30:00,185.5,185.5,183.5,183.5,2874,184.03,2344
2026-07-03 09:35:00,183.5,184.0,182.5,183.5,4930,183.96,2344
2026-07-03 09:40:00,183.5,184.5,182.5,183.0,3666,183.92,2344
2026-07-03 09:45:00,183.0,185.0,183.0,184.0,2412,183.93,2344
2026-07-03 09:50:00,184.0,184.5,183.0,183.0,2166,183.91,2344
2026-07-03 09:55:00,183.0,184.5,183.0,183.0,1261,183.91,2344
2026-07-03 10:00:00,183.0,184.5,183.0,184.0,770,183.91,2344
2026-07-03 10:05:00,184.0,185.0,184.0,185.0,1473,183.92,2344
2026-07-03 10:10:00,184.5,185.5,184.0,184.0,2837,183.95,2344
2026-07-03 10:15:00,184.0,185.0,184.0,185.0,1318,183.96,2344
2026-07-03 10:20:00,184.5,186.5,184.5,185.5,4034,184.05,2344
2026-07-03 10:25:00,185.5,188.0,185.0,188.0,5051,184.22,2344
2026-07-03 10:30:00,187.5,188.0,186.0,186.5,3527,184.34,2344
2026-07-03 10:35:00,187.0,187.0,186.0,187.0,1242,184.37,2344
2026-07-03 10:40:00,187.0,187.0,185.0,185.5,2507,184.43,2344
2026-07-03 10:45:00,185.5,186.0,184.5,185.5,1311,184.44,2344
2026-07-03 10:50:00,186.0,186.0,185.0,185.5,943,184.45,2344
2026-07-03 10:55:00,185.5,186.0,185.0,186.0,495,184.45,2344
2026-07-03 11:00:00,186.0,186.0,184.5,184.5,1211,184.46,2344
2026-07-03 11:05:00,184.5,185.0,183.5,183.5,3584,184.45,2344
2026-07-03 11:10:00,183.5,184.0,183.5,184.0,1117,184.44,2344
2026-07-03 11:15:00,184.0,184.5,183.5,184.0,776,184.44,2344
2026-07-03 11:20:00,184.0,184.0,183.5,184.0,354,184.44,2344
2026-07-03 11:25:00,183.5,184.0,183.5,184.0,277,184.43,2344
2026-07-03 11:30:00,183.5,185.0,183.5,184.5,1206,184.43,2344
2026-07-03 11:35:00,184.5,184.5,183.5,183.5,864,184.43,2344
2026-07-03 11:40:00,183.5,184.0,182.5,182.5,3855,184.38,2344
2026-07-03 11:45:00,182.5,183.5,182.5,183.0,1402,184.36,2344
2026-07-03 11:50:00,183.0,183.5,182.5,183.5,440,184.35,2344
2026-07-03 11:55:00,183.5,184.0,183.0,184.0,1155,184.35,2344
2026-07-03 12:00:00,184.0,184.5,183.0,183.0,1062,184.34,2344
2026-07-03 12:05:00,183.5,183.5,182.0,182.5,3928,184.27,2344
2026-07-03 12:10:00,182.5,183.0,182.0,183.0,779,184.26,2344
2026-07-03 12:15:00,182.5,183.0,182.5,182.5,650,184.25,2344
2026-07-03 12:20:00,183.0,184.0,182.5,183.5,1479,184.24,2344
2026-07-03 12:25:00,183.5,183.5,183.0,183.5,438,184.24,2344
2026-07-03 12:30:00,183.5,183.5,183.0,183.5,474,184.23,2344
2026-07-03 12:35:00,183.5,183.5,183.0,183.5,705,184.23,2344
2026-07-03 12:40:00,183.5,184.0,183.0,184.0,1605,184.22,2344
2026-07-03 12:45:00,183.5,184.0,182.5,183.0,2447,184.19,2344
2026-07-03 12:50:00,183.0,183.5,182.5,182.5,1170,184.18,2344
2026-07-03 12:55:00,183.0,183.0,182.5,182.5,1686,184.16,2344
2026-07-03 13:00:00,182.5,183.0,182.5,182.5,884,184.15,2344
2026-07-03 13:05:00,183.0,183.0,182.0,182.0,2174,184.12,2344
2026-07-03 13:10:00,182.5,183.5,181.5,183.0,4473,184.06,2344
2026-07-03 13:15:00,183.5,183.5,183.0,183.0,1339,184.05,2344
2026-07-03 13:20:00,183.0,184.0,183.0,184.0,3456,184.04,2344
2026-07-03 13:30:00,184.5,184.5,184.5,184.5,4305,184.05,2344
2026-07-06 09:00:00,191.0,194.0,190.0,190.5,17407,192.13,2344
2026-07-06 09:05:00,191.0,198.0,190.5,198.0,13322,193.1,2344
2026-07-06 09:10:00,198.0,199.0,197.0,198.0,9808,194.3,2344
2026-07-06 09:15:00,197.5,200.0,197.5,199.0,7339,195.03,2344
2026-07-06 09:20:00,199.0,200.0,196.0,196.5,4806,195.28,2344
2026-07-06 09:25:00,196.0,197.0,195.0,195.5,4874,195.34,2344
2026-07-06 09:30:00,195.0,197.5,195.0,196.0,2274,195.38,2344
2026-07-06 09:35:00,196.0,196.0,194.0,195.0,4048,195.36,2344
2026-07-06 09:40:00,195.0,196.0,193.5,194.0,4360,195.33,2344
2026-07-06 09:45:00,194.0,194.5,192.0,193.0,5276,195.18,2344
2026-07-06 09:50:00,193.0,193.0,191.5,192.5,3531,195.04,2344
2026-07-06 09:55:00,192.5,193.5,192.0,192.5,2600,194.95,2344
2026-07-06 10:00:00,192.0,193.5,192.0,193.0,1106,194.93,2344
2026-07-06 10:05:00,193.5,194.5,193.0,194.0,1472,194.91,2344
2026-07-06 10:10:00,193.5,193.5,190.0,190.0,6082,194.67,2344
2026-07-06 10:15:00,190.0,192.0,190.0,190.5,2763,194.55,2344
2026-07-06 10:20:00,191.0,192.0,190.5,191.5,1300,194.51,2344
2026-07-06 10:25:00,191.5,191.5,190.0,190.5,1475,194.45,2344
2026-07-06 10:30:00,190.0,190.5,188.5,189.0,4124,194.24,2344
2026-07-06 10:35:00,189.0,189.5,188.0,188.5,3414,194.05,2344
2026-07-06 10:40:00,188.0,188.5,186.5,186.5,2981,193.86,2344
2026-07-06 10:45:00,186.5,187.0,184.5,186.0,5170,193.48,2344
2026-07-06 10:50:00,185.5,187.5,185.0,187.5,2871,193.29,2344
2026-07-06 10:55:00,187.5,188.0,187.0,187.0,1609,193.21,2344
2026-07-06 11:00:00,187.0,188.5,186.5,188.0,1620,193.13,2344
2026-07-06 11:05:00,187.5,188.0,186.5,186.5,940,193.08,2344
2026-07-06 11:10:00,186.5,188.0,186.5,187.5,972,193.04,2344
2026-07-06 11:15:00,187.5,188.0,187.0,187.5,848,193.0,2344
2026-07-06 11:20:00,187.0,187.5,187.0,187.0,505,192.97,2344
2026-07-06 11:25:00,187.5,188.0,187.0,187.5,838,192.94,2344
2026-07-06 11:30:00,187.0,188.0,187.0,188.0,532,192.91,2344
2026-07-06 11:35:00,188.0,188.5,187.5,188.0,1659,192.85,2344
2026-07-06 11:40:00,187.5,188.0,187.0,187.0,755,192.82,2344
2026-07-06 11:45:00,187.0,187.5,187.0,187.0,876,192.77,2344
2026-07-06 11:50:00,187.0,187.5,186.5,187.0,740,192.74,2344
2026-07-06 11:55:00,186.5,187.5,186.5,187.5,429,192.72,2344
2026-07-06 12:00:00,187.0,187.5,186.5,186.5,492,192.7,2344
2026-07-06 12:05:00,187.0,187.0,186.5,187.0,601,192.67,2344
2026-07-06 12:10:00,187.0,187.5,186.5,187.0,591,192.64,2344
2026-07-06 12:15:00,187.5,187.5,187.0,187.0,123,192.64,2344
2026-07-06 12:20:00,187.5,187.5,187.0,187.5,278,192.63,2344
2026-07-06 12:25:00,187.5,187.5,186.5,187.0,911,192.59,2344
2026-07-06 12:30:00,187.0,187.5,186.5,187.0,524,192.56,2344
2026-07-06 12:35:00,187.0,187.5,186.5,187.0,956,192.52,2344
2026-07-06 12:40:00,187.0,187.0,186.5,186.5,285,192.51,2344
2026-07-06 12:45:00,187.0,187.0,186.0,186.0,1680,192.43,2344
2026-07-06 12:50:00,186.0,186.5,185.5,186.0,1652,192.35,2344
2026-07-06 12:55:00,186.0,186.5,185.0,185.5,2311,192.24,2344
2026-07-06 13:00:00,185.0,186.0,185.0,185.5,1120,192.18,2344
2026-07-06 13:05:00,185.5,186.5,185.5,185.5,2575,192.07,2344
2026-07-06 13:10:00,185.5,186.0,185.5,185.5,2601,191.95,2344
2026-07-06 13:15:00,185.5,186.0,185.0,185.5,2185,191.85,2344
2026-07-06 13:20:00,185.5,185.5,184.0,184.0,6557,191.53,2344
2026-07-06 13:30:00,183.0,183.0,183.0,183.0,10750,190.96,2344
2026-07-07 09:00:00,184.0,184.0,180.0,181.5,13353,182.41,2344
2026-07-07 09:05:00,181.5,183.5,180.0,183.0,5985,182.23,2344
2026-07-07 09:10:00,183.5,185.0,182.0,184.0,7934,182.73,2344
2026-07-07 09:15:00,184.0,185.5,183.0,184.0,4690,182.99,2344
2026-07-07 09:20:00,184.0,184.5,182.0,182.5,2596,183.01,2344
2026-07-07 09:25:00,182.5,184.0,181.5,184.0,2511,182.99,2344
2026-07-07 09:30:00,183.5,184.0,182.5,183.0,1857,183.0,2344
2026-07-07 09:35:00,183.5,184.5,183.0,184.0,1453,183.04,2344
2026-07-07 09:40:00,184.0,184.5,183.5,184.0,940,183.05,2344
2026-07-07 09:45:00,184.0,186.0,184.0,185.5,6161,183.35,2344
2026-07-07 09:50:00,185.5,185.5,183.5,184.5,1784,183.38,2344
2026-07-07 09:55:00,184.5,184.5,183.0,183.5,1019,183.39,2344
2026-07-07 10:00:00,184.0,184.5,183.5,184.5,735,183.4,2344
2026-07-07 10:05:00,184.0,185.5,183.5,185.0,1635,183.44,2344
2026-07-07 10:10:00,184.5,185.0,183.5,184.0,803,183.45,2344
2026-07-07 10:15:00,183.5,184.0,183.0,183.5,1093,183.45,2344
2026-07-07 10:20:00,183.5,184.0,183.0,183.0,508,183.45,2344
2026-07-07 10:25:00,183.0,183.5,182.5,182.5,2835,183.42,2344
2026-07-07 10:30:00,182.5,183.0,182.0,182.5,925,183.41,2344
2026-07-07 10:35:00,182.5,183.0,182.0,182.0,954,183.39,2344
2026-07-07 10:40:00,182.0,183.0,181.5,181.5,1761,183.35,2344
2026-07-07 10:45:00,181.5,182.0,181.0,181.0,1735,183.3,2344
2026-07-07 10:50:00,181.0,181.5,180.0,181.0,2769,183.19,2344
2026-07-07 10:55:00,181.0,181.5,180.0,180.0,1425,183.13,2344
2026-07-07 11:00:00,180.5,181.5,180.0,181.0,1811,183.06,2344
2026-07-07 11:05:00,181.0,181.5,180.0,180.5,1118,183.02,2344
2026-07-07 11:10:00,180.0,180.5,178.5,179.0,5515,182.76,2344
2026-07-07 11:15:00,179.0,179.5,177.0,177.5,4760,182.46,2344
2026-07-07 11:20:00,177.5,178.0,175.5,175.5,4058,182.19,2344
2026-07-07 11:25:00,176.0,176.0,174.0,174.5,4843,181.81,2344
2026-07-07 11:30:00,175.0,177.5,174.0,176.5,3579,181.58,2344
2026-07-07 11:35:00,177.0,177.5,176.5,177.5,1273,181.52,2344
2026-07-07 11:40:00,177.0,177.5,176.0,176.0,898,181.47,2344
2026-07-07 11:45:00,176.0,176.5,175.0,176.0,1821,181.36,2344
2026-07-07 11:50:00,176.0,176.5,175.0,175.5,754,181.32,2344
2026-07-07 11:55:00,175.0,176.5,174.5,176.0,1792,181.21,2344
2026-07-07 12:00:00,176.5,176.5,174.5,175.5,1592,181.11,2344
2026-07-07 12:05:00,175.5,176.5,174.5,174.5,1252,181.05,2344
2026-07-07 12:10:00,174.5,175.0,174.0,174.0,1231,180.97,2344
2026-07-07 12:15:00,174.0,174.5,174.0,174.0,2884,180.78,2344
2026-07-07 12:20:00,174.0,174.5,172.5,173.0,3907,180.52,2344
2026-07-07 12:25:00,173.0,174.0,172.0,173.5,3148,180.31,2344
2026-07-07 12:30:00,173.5,175.0,173.5,174.5,1999,180.21,2344
2026-07-07 12:35:00,174.5,175.5,174.0,175.0,1439,180.14,2344
2026-07-07 12:40:00,175.0,175.0,174.0,174.0,1001,180.09,2344
2026-07-07 12:45:00,174.0,174.5,173.5,174.0,948,180.04,2344
2026-07-07 12:50:00,174.0,175.0,173.5,173.5,1327,179.98,2344
2026-07-07 12:55:00,173.5,175.0,173.0,174.5,1725,179.89,2344
2026-07-07 13:00:00,174.0,174.5,173.0,174.0,2005,179.79,2344
2026-07-07 13:05:00,173.5,174.5,173.5,173.5,2123,179.69,2344
2026-07-07 13:10:00,173.5,174.5,173.0,174.0,2897,179.56,2344
2026-07-07 13:15:00,173.5,174.5,173.0,173.5,2762,179.44,2344
2026-07-07 13:20:00,174.0,175.0,173.5,174.5,2544,179.35,2344
2026-07-07 13:30:00,174.0,174.0,174.0,174.0,4564,179.17,2344
2026-07-08 09:00:00,177.5,181.5,175.0,175.5,14026,178.24,2344
2026-07-08 09:05:00,175.5,175.5,173.0,173.5,8093,176.63,2344
2026-07-08 09:10:00,173.5,175.5,173.5,174.0,4922,176.29,2344
2026-07-08 09:15:00,174.0,174.5,173.0,173.0,3238,176.02,2344
2026-07-08 09:20:00,173.0,173.5,172.0,173.5,3751,175.66,2344
2026-07-08 09:25:00,173.0,173.5,168.5,169.5,7656,174.74,2344
2026-07-08 09:30:00,169.0,170.0,167.0,167.5,6747,173.83,2344
2026-07-08 09:35:00,167.5,168.0,165.5,167.5,6972,172.92,2344
2026-07-08 09:40:00,168.0,168.5,167.0,168.0,3356,172.63,2344
2026-07-08 09:45:00,168.0,169.0,167.5,168.0,3828,172.36,2344
2026-07-08 09:50:00,168.5,169.0,168.0,168.5,1214,172.29,2344
2026-07-08 09:55:00,168.0,168.5,166.5,167.0,2078,172.13,2344
2026-07-08 10:00:00,167.0,167.5,166.0,166.5,2639,171.92,2344
2026-07-08 10:05:00,166.0,166.5,165.5,165.5,3634,171.61,2344
2026-07-08 10:10:00,165.5,167.0,165.5,166.5,1386,171.51,2344
2026-07-08 10:15:00,166.5,167.5,166.5,167.5,1080,171.44,2344
2026-07-08 10:20:00,167.5,169.0,167.0,169.0,2016,171.35,2344
2026-07-08 10:25:00,168.5,169.5,168.0,168.5,2954,171.27,2344
2026-07-08 10:30:00,168.5,168.5,167.5,167.5,1152,171.22,2344
2026-07-08 10:35:00,167.5,168.0,167.0,168.0,1095,171.17,2344
2026-07-08 10:40:00,168.0,168.5,167.0,168.5,1048,171.12,2344
2026-07-08 10:45:00,168.5,169.5,168.0,169.0,1440,171.08,2344
2026-07-08 10:50:00,169.0,169.0,166.0,166.0,3213,170.93,2344
2026-07-08 10:55:00,166.5,167.5,166.0,166.5,1491,170.87,2344
2026-07-08 11:00:00,166.5,167.5,166.5,167.5,1092,170.82,2344
2026-07-08 11:05:00,167.0,167.5,167.0,167.0,475,170.8,2344
2026-07-08 11:10:00,167.0,167.5,167.0,167.0,969,170.76,2344
2026-07-08 11:15:00,167.0,168.0,167.0,168.0,1222,170.72,2344
2026-07-08 11:20:00,168.0,169.0,167.5,169.0,1792,170.67,2344
2026-07-08 11:25:00,169.0,169.0,168.5,169.0,1757,170.64,2344
2026-07-08 11:30:00,168.5,169.0,167.5,167.5,1613,170.6,2344
2026-07-08 11:35:00,167.5,168.0,167.0,167.5,873,170.57,2344
2026-07-08 11:40:00,167.5,168.0,167.0,167.0,590,170.55,2344
2026-07-08 11:45:00,167.0,167.5,166.5,166.5,2340,170.47,2344
2026-07-08 11:50:00,167.0,167.5,166.5,167.0,1130,170.43,2344
2026-07-08 11:55:00,167.0,167.0,166.0,166.5,1152,170.39,2344
2026-07-08 12:00:00,166.0,166.5,166.0,166.0,2648,170.28,2344
2026-07-08 12:05:00,166.0,167.0,166.0,167.0,1222,170.24,2344
2026-07-08 12:10:00,166.5,167.0,165.5,166.0,971,170.2,2344
2026-07-08 12:15:00,165.5,166.5,165.0,166.0,2792,170.09,2344
2026-07-08 12:20:00,166.0,167.5,166.0,167.0,2269,170.02,2344
2026-07-08 12:25:00,167.0,168.0,167.0,167.5,1748,169.98,2344
2026-07-08 12:30:00,167.5,168.0,167.0,167.0,885,169.96,2344
2026-07-08 12:35:00,167.0,167.5,166.5,167.0,1404,169.93,2344
2026-07-08 12:40:00,167.0,167.5,167.0,167.5,1852,169.89,2344
2026-07-08 12:45:00,167.5,168.0,167.0,168.0,1242,169.86,2344
2026-07-08 12:50:00,168.0,168.0,167.0,167.5,1246,169.84,2344
2026-07-08 12:55:00,167.5,168.0,166.5,167.5,2444,169.79,2344
2026-07-08 13:00:00,167.5,169.0,167.5,168.5,4219,169.74,2344
2026-07-08 13:05:00,168.5,170.5,168.5,169.0,4190,169.73,2344
2026-07-08 13:10:00,169.5,170.0,168.5,169.0,1883,169.73,2344
2026-07-08 13:15:00,169.0,170.0,168.5,169.0,1790,169.72,2344
2026-07-08 13:20:00,169.0,169.5,168.5,168.5,2487,169.7,2344
2026-07-08 13:30:00,168.5,168.5,168.5,168.5,4465,169.67,2344
2026-07-09 09:00:00,173.5,174.0,170.0,170.5,12880,171.89,2344
2026-07-09 09:05:00,170.5,173.5,170.0,173.0,6506,172.04,2344
2026-07-09 09:10:00,173.5,174.5,172.5,174.0,5159,172.39,2344
2026-07-09 09:15:00,174.5,177.5,172.5,177.0,7954,173.1,2344
2026-07-09 09:20:00,177.0,180.0,175.5,178.0,12353,174.43,2344
2026-07-09 09:25:00,178.5,182.5,178.0,182.5,16381,176.02,2344
2026-07-09 09:30:00,182.5,184.0,181.5,182.0,12862,177.19,2344
2026-07-09 09:35:00,181.5,182.5,181.0,181.0,2923,177.37,2344
2026-07-09 09:40:00,181.0,182.0,180.5,182.0,3376,177.53,2344
2026-07-09 09:45:00,182.0,182.5,181.5,182.0,2041,177.64,2344
2026-07-09 09:50:00,182.5,182.5,180.0,180.0,2646,177.75,2344
2026-07-09 09:55:00,180.0,180.5,179.0,179.0,4981,177.86,2344
2026-07-09 10:00:00,179.0,180.0,178.5,179.5,3712,177.92,2344
2026-07-09 10:05:00,179.5,181.5,179.0,181.5,2294,177.98,2344
2026-07-09 10:10:00,181.5,182.0,180.5,181.0,2041,178.06,2344
2026-07-09 10:15:00,181.5,181.5,180.5,181.5,715,178.08,2344
2026-07-09 10:20:00,181.5,182.5,181.5,181.5,2682,178.18,2344
2026-07-09 10:25:00,181.5,182.0,181.0,181.5,919,178.21,2344
2026-07-09 10:30:00,181.5,182.5,181.0,181.5,1471,178.27,2344
2026-07-09 10:35:00,181.0,181.5,180.5,181.0,1038,178.29,2344
2026-07-09 10:40:00,181.0,181.5,180.0,180.5,1028,178.32,2344
2026-07-09 10:45:00,180.5,181.0,179.0,179.5,3294,178.36,2344
2026-07-09 10:50:00,179.5,179.5,178.5,179.0,1117,178.37,2344
2026-07-09 10:55:00,179.5,180.0,178.5,179.5,1359,178.38,2344
2026-07-09 11:00:00,179.5,179.5,178.0,178.5,1715,178.38,2344
2026-07-09 11:05:00,178.5,179.0,178.5,179.0,766,178.39,2344
2026-07-09 11:10:00,178.5,179.0,176.5,176.5,5435,178.33,2344
2026-07-09 11:15:00,176.5,178.0,176.5,177.0,3989,178.29,2344
2026-07-09 11:20:00,177.0,179.5,177.0,179.5,1725,178.29,2344
2026-07-09 11:25:00,179.5,179.5,178.5,179.0,745,178.29,2344
2026-07-09 11:30:00,179.0,179.5,178.5,179.5,808,178.3,2344
2026-07-09 11:35:00,179.0,179.5,179.0,179.5,737,178.31,2344
2026-07-09 11:40:00,179.5,179.5,179.0,179.5,424,178.31,2344
2026-07-09 11:45:00,179.5,180.0,179.0,180.0,567,178.32,2344
2026-07-09 11:50:00,180.0,180.0,179.5,179.5,678,178.32,2344
2026-07-09 11:55:00,180.0,180.0,179.0,179.5,1066,178.33,2344
2026-07-09 12:00:00,179.5,180.0,179.0,180.0,371,178.34,2344
2026-07-09 12:05:00,179.5,180.0,179.5,179.5,258,178.34,2344
2026-07-09 12:10:00,179.5,180.0,179.0,179.0,899,178.35,2344
2026-07-09 12:15:00,179.5,179.5,179.0,179.0,279,178.35,2344
2026-07-09 12:20:00,179.0,179.5,178.5,179.0,1312,178.36,2344
2026-07-09 12:25:00,179.0,179.0,178.5,178.5,793,178.36,2344
2026-07-09 12:30:00,179.0,180.0,178.5,180.0,1197,178.37,2344
2026-07-09 12:35:00,180.0,180.0,179.5,179.5,354,178.37,2344
2026-07-09 12:40:00,180.0,180.0,179.0,179.0,796,178.38,2344
2026-07-09 12:45:00,179.0,179.5,178.5,179.0,1170,178.38,2344
2026-07-09 12:50:00,179.0,180.0,179.0,179.5,1039,178.39,2344
2026-07-09 12:55:00,179.0,180.0,179.0,179.0,758,178.4,2344
2026-07-09 13:00:00,179.0,179.5,178.0,178.0,1630,178.4,2344
2026-07-09 13:05:00,178.5,178.5,178.0,178.5,1122,178.4,2344
2026-07-09 13:10:00,178.0,179.0,177.5,179.0,2607,178.4,2344
2026-07-09 13:15:00,178.5,179.0,177.5,177.5,2297,178.39,2344
2026-07-09 13:20:00,177.5,178.0,176.5,177.0,3699,178.36,2344
2026-07-09 13:30:00,176.5,176.5,176.5,176.5,6256,178.29,2344
2026-07-13 09:00:00,181.5,182.5,179.5,181.0,18951,180.8,2344
2026-07-13 09:05:00,181.0,183.0,178.5,180.5,9855,180.85,2344
2026-07-13 09:10:00,181.0,181.0,178.5,178.5,4869,180.71,2344
2026-07-13 09:15:00,178.5,180.0,177.0,178.0,6068,180.38,2344
2026-07-13 09:20:00,178.0,180.0,177.5,177.5,3217,180.24,2344
2026-07-13 09:25:00,178.0,178.0,176.0,178.0,5091,179.9,2344
2026-07-13 09:30:00,178.0,178.0,175.0,176.0,5351,179.56,2344
2026-07-13 09:35:00,176.0,177.0,175.5,175.5,2326,179.42,2344
2026-07-13 09:40:00,175.5,176.0,173.0,173.5,5486,178.95,2344
2026-07-13 09:45:00,173.5,174.0,172.0,173.5,4416,178.56,2344
2026-07-13 09:50:00,173.5,173.5,171.5,172.5,2619,178.32,2344
2026-07-13 09:55:00,172.5,173.0,172.0,173.0,1986,178.16,2344
2026-07-13 10:00:00,173.0,173.5,171.0,171.0,2832,177.92,2344
2026-07-13 10:05:00,171.0,172.0,171.0,172.0,1626,177.78,2344
2026-07-13 10:10:00,171.5,173.5,171.5,173.0,1516,177.68,2344
2026-07-13 10:15:00,173.0,173.0,172.0,173.0,827,177.62,2344
2026-07-13 10:20:00,173.0,174.0,172.5,174.0,828,177.58,2344
2026-07-13 10:25:00,174.0,174.5,173.5,174.0,1551,177.51,2344
2026-07-13 10:30:00,174.0,174.0,172.5,173.0,875,177.46,2344
2026-07-13 10:35:00,173.0,173.0,172.0,172.5,1067,177.4,2344
2026-07-13 10:40:00,172.5,173.0,172.5,172.5,467,177.37,2344
2026-07-13 10:45:00,173.0,173.0,172.0,172.0,1044,177.3,2344
2026-07-13 10:50:00,172.0,172.5,172.0,172.0,579,177.27,2344
2026-07-13 10:55:00,172.5,173.0,172.0,172.5,681,177.23,2344
2026-07-13 11:00:00,172.5,172.5,170.0,170.0,3801,176.97,2344
2026-07-13 11:05:00,170.5,171.0,169.5,170.5,4903,176.61,2344
2026-07-13 11:10:00,170.5,171.0,170.0,170.0,739,176.56,2344
2026-07-13 11:15:00,170.5,170.5,169.0,169.5,2227,176.4,2344
2026-07-13 11:20:00,169.5,171.0,169.5,170.5,1163,176.33,2344
2026-07-13 11:25:00,170.5,171.0,170.5,171.0,276,176.31,2344
2026-07-13 11:30:00,170.5,171.0,169.5,169.5,771,176.26,2344
2026-07-13 11:35:00,169.5,170.0,169.5,170.0,1198,176.18,2344
2026-07-13 11:40:00,170.0,170.5,169.5,170.0,761,176.13,2344
2026-07-13 11:45:00,169.5,170.0,169.0,169.0,900,176.07,2344
2026-07-13 11:50:00,169.0,170.0,168.5,169.0,3266,175.85,2344
2026-07-13 11:55:00,169.0,169.5,168.0,168.0,1280,175.76,2344
2026-07-13 12:00:00,168.0,168.5,166.5,167.0,5164,175.38,2344
2026-07-13 12:05:00,167.0,167.5,166.0,167.0,3750,175.09,2344
2026-07-13 12:10:00,167.0,167.5,166.5,167.0,1308,175.0,2344
2026-07-13 12:15:00,167.5,169.0,167.5,169.0,1514,174.91,2344
2026-07-13 12:20:00,169.0,169.5,168.5,168.5,893,174.86,2344
2026-07-13 12:25:00,168.5,169.0,168.0,168.5,644,174.83,2344
2026-07-13 12:30:00,168.5,169.0,167.5,167.5,931,174.78,2344
2026-07-13 12:35:00,167.5,169.0,167.5,168.0,1423,174.7,2344
2026-07-13 12:40:00,168.5,168.5,167.5,167.5,702,174.66,2344
2026-07-13 12:45:00,167.5,168.0,167.0,167.5,1722,174.56,2344
2026-07-13 12:50:00,167.5,168.5,167.0,168.5,1713,174.47,2344
2026-07-13 12:55:00,168.0,169.0,168.0,168.5,1399,174.4,2344
2026-07-13 13:00:00,168.5,169.0,168.0,168.5,1662,174.32,2344
2026-07-13 13:05:00,168.0,169.5,168.0,169.5,4140,174.14,2344
2026-07-13 13:10:00,169.5,169.5,169.0,169.0,1009,174.1,2344
2026-07-13 13:15:00,169.0,170.0,168.5,170.0,3778,173.97,2344
2026-07-13 13:20:00,170.0,170.0,167.5,167.5,3734,173.83,2344
2026-07-13 13:30:00,167.0,167.0,167.0,167.0,6182,173.54,2344
2026-07-14 09:00:00,170.0,172.5,168.5,170.5,12190,170.64,2344
2026-07-14 09:05:00,171.0,171.5,168.0,169.5,7757,170.39,2344
2026-07-14 09:10:00,169.5,170.0,166.0,166.5,7151,169.71,2344
2026-07-14 09:15:00,166.5,168.0,165.5,167.0,5613,169.23,2344
2026-07-14 09:20:00,167.0,167.5,165.0,166.5,4833,168.79,2344
2026-07-14 09:25:00,166.5,169.5,166.0,168.0,4211,168.71,2344
2026-07-14 09:30:00,168.0,168.5,166.0,166.0,2472,168.63,2344
2026-07-14 09:35:00,166.0,167.0,165.0,166.0,2927,168.46,2344
2026-07-14 09:40:00,166.5,167.0,165.0,167.0,2478,168.33,2344
2026-07-14 09:45:00,166.5,167.0,165.5,166.5,1226,168.28,2344
2026-07-14 09:50:00,166.0,166.5,165.0,165.5,2280,168.16,2344
2026-07-14 09:55:00,165.5,165.5,163.5,164.0,3405,167.93,2344
2026-07-14 10:00:00,164.0,165.0,163.5,163.5,2820,167.75,2344
2026-07-14 10:05:00,163.0,164.0,163.0,163.5,2212,167.59,2344
2026-07-14 10:10:00,163.5,163.5,160.5,161.0,4570,167.2,2344
2026-07-14 10:15:00,161.0,161.0,158.0,158.0,6240,166.52,2344
2026-07-14 10:20:00,158.0,160.0,158.0,158.5,4112,166.12,2344
2026-07-14 10:25:00,158.5,159.0,156.0,158.5,4463,165.64,2344
2026-07-14 10:30:00,158.5,159.5,157.5,158.5,1890,165.48,2344
2026-07-14 10:35:00,159.0,161.0,158.5,160.5,2937,165.28,2344
2026-07-14 10:40:00,160.5,160.5,159.0,159.0,1810,165.17,2344
2026-07-14 10:45:00,159.0,160.0,159.0,159.5,819,165.12,2344
2026-07-14 10:50:00,159.5,160.0,158.0,158.5,931,165.05,2344
2026-07-14 10:55:00,158.5,159.0,158.0,158.5,1191,164.96,2344
2026-07-14 11:00:00,158.5,159.0,158.0,158.5,933,164.9,2344
2026-07-14 11:05:00,158.5,159.0,157.5,158.0,1088,164.82,2344
2026-07-14 11:10:00,158.0,158.5,157.5,157.5,917,164.75,2344
2026-07-14 11:15:00,157.5,158.0,156.0,157.0,2593,164.53,2344
2026-07-14 11:20:00,157.0,157.5,156.0,156.5,1158,164.44,2344
2026-07-14 11:25:00,156.5,157.5,156.5,157.5,1153,164.35,2344
2026-07-14 11:30:00,157.5,158.0,157.0,157.5,702,164.31,2344
2026-07-14 11:35:00,157.5,158.0,157.5,157.5,319,164.28,2344
2026-07-14 11:40:00,157.5,158.5,157.5,158.5,1279,164.2,2344
2026-07-14 11:45:00,158.5,159.5,157.5,159.5,1368,164.13,2344
2026-07-14 11:50:00,159.5,160.0,159.0,160.0,1387,164.07,2344
2026-07-14 11:55:00,160.0,161.0,159.5,160.5,2435,163.98,2344
2026-07-14 12:00:00,160.5,161.0,159.5,160.5,1325,163.93,2344
2026-07-14 12:05:00,160.5,160.5,159.0,159.5,789,163.9,2344
2026-07-14 12:10:00,159.5,159.5,158.5,158.5,836,163.86,2344
2026-07-14 12:15:00,158.5,159.0,158.0,158.5,627,163.83,2344
2026-07-14 12:20:00,158.5,159.5,158.5,158.5,711,163.8,2344
2026-07-14 12:25:00,158.5,159.5,158.5,159.5,460,163.78,2344
2026-07-14 12:30:00,159.0,160.0,159.0,160.0,697,163.76,2344
2026-07-14 12:35:00,160.0,161.0,159.5,161.0,929,163.73,2344
2026-07-14 12:40:00,161.0,162.0,160.5,162.0,1020,163.71,2344
2026-07-14 12:45:00,161.5,163.5,161.5,163.0,2674,163.69,2344
2026-07-14 12:50:00,163.0,163.0,161.5,162.0,1571,163.67,2344
2026-07-14 12:55:00,162.0,163.0,162.0,162.5,690,163.66,2344
2026-07-14 13:00:00,162.5,163.0,161.5,162.5,1730,163.64,2344
2026-07-14 13:05:00,163.0,164.0,162.5,164.0,1595,163.63,2344
2026-07-14 13:10:00,164.0,165.0,163.5,164.5,2246,163.64,2344
2026-07-14 13:15:00,164.5,165.0,163.5,164.0,2382,163.65,2344
2026-07-14 13:20:00,164.0,164.5,163.5,163.5,2952,163.66,2344
2026-07-14 13:30:00,164.5,164.5,164.5,164.5,4430,163.69,2344
2026-07-15 09:00:00,175.5,180.5,173.5,180.5,37966,178.47,2344
2026-07-15 09:05:00,180.5,180.5,179.0,179.5,24166,179.21,2344
2026-07-15 09:10:00,179.5,180.5,179.0,179.5,15587,179.4,2344
2026-07-15 09:15:00,180.0,180.5,179.5,180.5,7865,179.49,2344
2026-07-15 09:20:00,180.5,180.5,180.5,180.5,1071,179.5,2344
2026-07-15 09:25:00,180.5,180.5,180.5,180.5,1239,179.51,2344
2026-07-15 09:30:00,180.5,180.5,180.5,180.5,355,179.52,2344
2026-07-15 09:35:00,180.5,180.5,180.5,180.5,262,179.52,2344
2026-07-15 09:40:00,180.5,180.5,180.5,180.5,316,179.52,2344
2026-07-15 09:45:00,180.5,180.5,180.5,180.5,323,179.53,2344
2026-07-15 09:50:00,180.5,180.5,180.5,180.5,290,179.53,2344
2026-07-15 09:55:00,180.5,180.5,180.5,180.5,186,179.53,2344
2026-07-15 10:00:00,180.5,180.5,180.5,180.5,210,179.54,2344
2026-07-15 10:05:00,180.5,180.5,180.5,180.5,232,179.54,2344
2026-07-15 10:10:00,180.5,180.5,180.5,180.5,235,179.54,2344
2026-07-15 10:15:00,180.5,180.5,180.5,180.5,142,179.54,2344
2026-07-15 10:20:00,180.5,180.5,180.5,180.5,190,179.54,2344
2026-07-15 10:25:00,180.5,180.5,180.5,180.5,435,179.55,2344
2026-07-15 10:30:00,180.5,180.5,180.5,180.5,63,179.55,2344
2026-07-15 10:35:00,180.5,180.5,180.5,180.5,51,179.55,2344
2026-07-15 10:40:00,180.5,180.5,180.5,180.5,84,179.55,2344
2026-07-15 10:45:00,180.5,180.5,180.5,180.5,97,179.55,2344
2026-07-15 10:50:00,180.5,180.5,180.5,180.5,33,179.55,2344
2026-07-15 10:55:00,180.5,180.5,180.5,180.5,61,179.55,2344
2026-07-15 11:00:00,180.5,180.5,180.5,180.5,78,179.55,2344
2026-07-15 11:05:00,180.5,180.5,180.5,180.5,43,179.55,2344
2026-07-15 11:10:00,180.5,180.5,180.5,180.5,73,179.55,2344
2026-07-15 11:15:00,180.5,180.5,180.5,180.5,41,179.55,2344
2026-07-15 11:20:00,180.5,180.5,180.5,180.5,51,179.56,2344
2026-07-15 11:25:00,180.5,180.5,180.5,180.5,24,179.56,2344
2026-07-15 11:30:00,180.5,180.5,180.5,180.5,28,179.56,2344
2026-07-15 11:35:00,180.5,180.5,180.5,180.5,34,179.56,2344
2026-07-15 11:40:00,180.5,180.5,180.5,180.5,22,179.56,2344
2026-07-15 11:45:00,180.5,180.5,180.5,180.5,43,179.56,2344
2026-07-15 11:50:00,180.5,180.5,180.5,180.5,28,179.56,2344
2026-07-15 11:55:00,180.5,180.5,180.5,180.5,39,179.56,2344
2026-07-15 12:00:00,180.5,180.5,180.5,180.5,41,179.56,2344
2026-07-15 12:05:00,180.5,180.5,180.5,180.5,52,179.56,2344
2026-07-15 12:10:00,180.5,180.5,180.5,180.5,48,179.56,2344
2026-07-15 12:15:00,180.5,180.5,180.5,180.5,36,179.56,2344
2026-07-15 12:20:00,180.5,180.5,180.5,180.5,89,179.56,2344
2026-07-15 12:25:00,180.5,180.5,180.5,180.5,51,179.56,2344
2026-07-15 12:30:00,180.5,180.5,180.5,180.5,37,179.56,2344
2026-07-15 12:35:00,180.5,180.5,180.5,180.5,48,179.56,2344
2026-07-15 12:40:00,180.5,180.5,180.5,180.5,244,179.56,2344
2026-07-15 12:45:00,180.5,180.5,180.5,180.5,77,179.57,2344
2026-07-15 12:50:00,180.5,180.5,180.5,180.5,32,179.57,2344
2026-07-15 12:55:00,180.5,180.5,180.5,180.5,77,179.57,2344
2026-07-15 13:00:00,180.5,180.5,180.5,180.5,56,179.57,2344
2026-07-15 13:05:00,180.5,180.5,180.5,180.5,101,179.57,2344
2026-07-15 13:10:00,180.5,180.5,180.5,180.5,58,179.57,2344
2026-07-15 13:15:00,180.5,180.5,180.5,180.5,168,179.57,2344
2026-07-15 13:20:00,180.5,180.5,180.5,180.5,514,179.58,2344
2026-07-15 13:30:00,180.5,180.5,180.5,180.5,190,179.58,2344
2026-07-16 09:00:00,176.0,180.5,176.0,180.0,27266,178.38,2344
2026-07-16 09:05:00,180.0,180.5,176.0,176.0,8956,178.33,2344
2026-07-16 09:10:00,176.0,178.0,173.0,174.5,10023,177.67,2344
2026-07-16 09:15:00,174.5,175.0,173.5,174.0,5021,177.33,2344
2026-07-16 09:20:00,174.0,174.0,172.0,172.0,7174,176.81,2344
2026-07-16 09:25:00,172.0,173.0,171.5,172.0,5069,176.44,2344
2026-07-16 09:30:00,172.5,173.0,171.0,171.5,4585,176.14,2344
2026-07-16 09:35:00,172.0,174.0,171.5,173.5,2349,176.04,2344
2026-07-16 09:40:00,173.0,174.0,172.5,173.0,1953,175.97,2344
2026-07-16 09:45:00,173.0,175.5,172.5,175.0,2582,175.91,2344
2026-07-16 09:50:00,175.0,176.0,174.5,175.0,2649,175.89,2344
2026-07-16 09:55:00,174.5,176.0,173.5,174.0,3022,175.85,2344
2026-07-16 10:00:00,174.5,174.5,172.5,173.0,1791,175.79,2344
2026-07-16 10:05:00,173.0,174.0,173.0,173.5,1475,175.75,2344
2026-07-16 10:10:00,173.5,174.5,172.5,174.5,1214,175.72,2344
2026-07-16 10:15:00,174.0,175.0,174.0,174.5,570,175.71,2344
2026-07-16 10:20:00,175.0,175.5,174.5,175.5,1150,175.7,2344
2026-07-16 10:25:00,175.5,175.5,174.0,175.0,1519,175.69,2344
2026-07-16 10:30:00,174.5,175.5,174.0,175.5,931,175.68,2344
2026-07-16 10:35:00,175.5,176.5,175.0,175.5,3602,175.69,2344
2026-07-16 10:40:00,175.5,176.0,175.0,175.5,871,175.69,2344
2026-07-16 10:45:00,175.5,176.0,175.0,175.5,469,175.69,2344
2026-07-16 10:50:00,175.5,175.5,174.5,175.0,901,175.68,2344
2026-07-16 10:55:00,175.0,177.0,175.0,176.0,1884,175.69,2344
2026-07-16 11:00:00,176.0,176.0,175.0,175.0,577,175.69,2344
2026-07-16 11:05:00,175.5,176.0,175.0,176.0,560,175.69,2344
2026-07-16 11:10:00,176.0,176.5,175.5,176.0,888,175.69,2344
2026-07-16 11:15:00,175.5,176.0,174.0,174.0,2185,175.68,2344
2026-07-16 11:20:00,174.0,174.5,172.5,172.5,3890,175.59,2344
2026-07-16 11:25:00,173.0,173.0,171.5,172.0,4835,175.45,2344
2026-07-16 11:30:00,172.0,173.0,171.5,173.0,1373,175.41,2344
2026-07-16 11:35:00,172.5,173.0,172.0,172.5,1815,175.36,2344
2026-07-16 11:40:00,172.5,173.0,172.0,172.0,832,175.33,2344
2026-07-16 11:45:00,172.5,173.0,172.0,172.0,768,175.31,2344
2026-07-16 11:50:00,172.0,173.0,172.0,173.0,942,175.29,2344
2026-07-16 11:55:00,172.5,173.5,172.5,173.5,849,175.28,2344
2026-07-16 12:00:00,173.0,174.0,173.0,173.5,1474,175.26,2344
2026-07-16 12:05:00,173.5,174.0,173.0,173.5,848,175.24,2344
2026-07-16 12:10:00,173.0,174.0,173.0,174.0,372,175.24,2344
2026-07-16 12:15:00,174.0,174.0,173.0,173.5,730,175.23,2344
2026-07-16 12:20:00,173.0,173.5,172.0,172.5,2869,175.17,2344
2026-07-16 12:25:00,172.5,173.0,172.0,172.5,931,175.15,2344
2026-07-16 12:30:00,173.0,173.5,172.5,173.5,676,175.14,2344
2026-07-16 12:35:00,173.5,173.5,172.5,173.0,612,175.13,2344
2026-07-16 12:40:00,173.0,173.0,171.5,172.0,2161,175.08,2344
2026-07-16 12:45:00,172.0,173.0,171.5,172.5,2676,175.02,2344
2026-07-16 12:50:00,172.0,173.0,172.0,172.0,943,175.0,2344
2026-07-16 12:55:00,172.0,173.0,171.5,172.0,1745,174.96,2344
2026-07-16 13:00:00,172.0,173.0,172.0,172.5,2555,174.91,2344
2026-07-16 13:05:00,172.5,173.0,172.0,172.5,812,174.9,2344
2026-07-16 13:10:00,172.0,172.5,172.0,172.5,1068,174.88,2344
2026-07-16 13:15:00,172.0,172.5,171.5,171.5,2459,174.83,2344
2026-07-16 13:20:00,172.0,172.5,171.0,172.5,3804,174.74,2344
2026-07-16 13:30:00,172.0,172.0,172.0,172.0,5375,174.64,2344
2026-07-17 09:00:00,159.5,162.5,157.5,157.5,12472,159.2,2344
2026-07-17 09:05:00,158.0,159.0,156.5,159.0,5397,158.74,2344
2026-07-17 09:10:00,159.0,160.5,159.0,160.0,3996,158.92,2344
2026-07-17 09:15:00,160.0,161.0,159.5,160.5,2052,159.04,2344
2026-07-17 09:20:00,161.0,161.0,160.0,160.0,2628,159.21,2344
2026-07-17 09:25:00,160.5,161.0,160.0,160.5,861,159.24,2344
2026-07-17 09:30:00,160.0,160.5,158.0,158.0,3494,159.27,2344
2026-07-17 09:35:00,158.0,159.5,158.0,158.5,2537,159.21,2344
2026-07-17 09:40:00,158.5,159.0,158.0,158.0,1010,159.19,2344
2026-07-17 09:45:00,158.5,158.5,157.5,157.5,2109,159.11,2344
2026-07-17 09:50:00,157.5,158.0,157.0,157.5,2017,159.02,2344
2026-07-17 09:55:00,157.5,158.0,157.0,157.5,1467,158.97,2344
2026-07-17 10:00:00,157.5,157.5,156.5,157.0,3200,158.81,2344
2026-07-17 10:05:00,156.5,157.0,156.0,156.0,1644,158.72,2344
2026-07-17 10:10:00,156.0,156.5,155.0,155.5,9975,158.15,2344
2026-07-17 10:15:00,155.5,156.0,155.0,155.5,3138,157.99,2344
2026-07-17 10:20:00,156.0,156.0,155.5,156.0,714,157.96,2344
2026-07-17 10:25:00,155.5,156.0,155.0,155.5,2208,157.87,2344
2026-07-17 10:30:00,155.5,156.0,155.0,155.5,1163,157.83,2344
2026-07-17 10:35:00,155.0,155.5,155.0,155.0,10514,157.42,2344
2026-07-17 10:40:00,155.0,155.0,155.0,155.0,825,157.39,2344
2026-07-17 10:45:00,155.0,155.5,155.0,155.0,1539,157.34,2344
2026-07-17 10:50:00,155.5,155.5,155.0,155.0,2605,157.27,2344
2026-07-17 10:55:00,155.0,155.0,155.0,155.0,503,157.25,2344
2026-07-17 11:00:00,155.0,156.0,155.0,155.5,1877,157.2,2344
2026-07-17 11:05:00,156.0,156.0,155.0,155.0,1988,157.17,2344
2026-07-17 11:10:00,155.5,155.5,155.0,155.5,838,157.15,2344
2026-07-17 11:15:00,155.5,155.5,155.0,155.5,869,157.13,2344
2026-07-17 11:20:00,155.5,156.0,155.0,156.0,1279,157.1,2344
2026-07-17 11:25:00,155.5,156.5,155.5,156.5,1430,157.08,2344
2026-07-17 11:30:00,156.0,156.5,155.0,155.0,1366,157.06,2344
2026-07-17 11:35:00,155.5,156.0,155.0,155.5,1168,157.03,2344
2026-07-17 11:40:00,155.5,155.5,155.0,155.0,487,157.02,2344
2026-07-17 11:45:00,155.5,155.5,155.0,155.5,675,157.01,2344
2026-07-17 11:50:00,155.5,155.5,155.0,155.0,1094,156.99,2344
2026-07-17 11:55:00,155.5,155.5,155.0,155.0,874,156.97,2344
2026-07-17 12:00:00,155.5,155.5,155.0,155.5,897,156.95,2344
2026-07-17 12:05:00,155.0,155.5,155.0,155.0,1519,156.92,2344
2026-07-17 12:10:00,155.0,155.5,155.0,155.5,1196,156.9,2344
2026-07-17 12:15:00,155.0,155.5,155.0,155.0,876,156.88,2344
2026-07-17 12:20:00,155.0,155.5,155.0,155.0,2833,156.83,2344
2026-07-17 12:25:00,155.0,155.0,155.0,155.0,617,156.82,2344
2026-07-17 12:30:00,155.0,155.0,155.0,155.0,257,156.81,2344
2026-07-17 12:35:00,155.0,155.0,155.0,155.0,331,156.81,2344
2026-07-17 12:40:00,155.0,155.0,155.0,155.0,424,156.8,2344
2026-07-17 12:45:00,155.0,155.0,155.0,155.0,343,156.79,2344
2026-07-17 12:50:00,155.0,155.0,155.0,155.0,267,156.79,2344
2026-07-17 12:55:00,155.0,155.0,155.0,155.0,348,156.78,2344
2026-07-17 13:00:00,155.0,155.0,155.0,155.0,337,156.78,2344
2026-07-17 13:05:00,155.0,155.0,155.0,155.0,309,156.77,2344
2026-07-17 13:10:00,155.0,155.0,155.0,155.0,800,156.76,2344
2026-07-17 13:15:00,155.0,155.0,155.0,155.0,1387,156.73,2344
2026-07-17 13:20:00,155.0,155.0,155.0,155.0,827,156.72,2344
2026-07-17 13:30:00,155.0,155.0,155.0,155.0,1615,156.7,2344
2026-07-20 09:00:00,155.0,155.0,151.0,153.0,8802,153.41,2344
2026-07-20 09:05:00,153.0,157.0,153.0,156.0,6367,154.37,2344
2026-07-20 09:10:00,155.5,157.0,152.0,152.5,5198,154.43,2344
2026-07-20 09:15:00,152.5,153.0,148.5,148.5,6793,153.56,2344
2026-07-20 09:20:00,148.5,150.5,146.5,149.5,6413,152.57,2344
2026-07-20 09:25:00,149.5,150.5,146.0,146.5,4352,152.09,2344
2026-07-20 09:30:00,146.5,150.0,146.0,149.0,4300,151.64,2344
2026-07-20 09:35:00,149.5,153.0,148.0,152.0,5171,151.56,2344
2026-07-20 09:40:00,152.0,152.0,150.0,150.5,3287,151.52,2344
2026-07-20 09:45:00,151.0,155.0,150.5,155.0,3254,151.61,2344
2026-07-20 09:50:00,155.0,155.0,152.0,153.0,1807,151.65,2344
2026-07-20 09:55:00,152.5,153.5,152.0,152.0,1407,151.68,2344
2026-07-20 10:00:00,152.5,154.5,152.0,154.0,1270,151.72,2344
2026-07-20 10:05:00,154.0,155.0,153.5,153.5,1504,151.78,2344
2026-07-20 10:10:00,153.5,154.0,152.5,153.0,805,151.8,2344
2026-07-20 10:15:00,152.5,153.0,150.5,150.5,1861,151.79,2344
2026-07-20 10:20:00,150.5,151.5,149.5,151.0,2093,151.75,2344
2026-07-20 10:25:00,151.0,152.0,150.5,151.5,770,151.74,2344
2026-07-20 10:30:00,152.0,153.0,151.5,153.0,991,151.75,2344
2026-07-20 10:35:00,153.0,153.0,152.0,152.0,520,151.75,2344
2026-07-20 10:40:00,152.0,154.5,152.0,154.5,1814,151.8,2344
2026-07-20 10:45:00,154.5,154.5,153.5,154.5,1425,151.85,2344
2026-07-20 10:50:00,154.5,155.0,153.5,153.5,981,151.89,2344
2026-07-20 10:55:00,153.5,155.0,153.5,153.5,927,151.92,2344
2026-07-20 11:00:00,154.0,155.0,153.5,153.5,814,151.94,2344
2026-07-20 11:05:00,154.0,154.0,153.0,153.5,867,151.96,2344
2026-07-20 11:10:00,153.5,154.5,153.5,154.0,456,151.97,2344
2026-07-20 11:15:00,154.0,154.5,153.5,153.5,325,151.98,2344
2026-07-20 11:20:00,153.5,154.0,153.5,154.0,729,152.0,2344
2026-07-20 11:25:00,154.0,154.5,153.0,153.0,393,152.01,2344
2026-07-20 11:30:00,153.0,154.5,153.0,153.5,483,152.02,2344
2026-07-20 11:35:00,153.5,154.5,153.5,154.0,311,152.03,2344
2026-07-20 11:40:00,154.0,155.0,154.0,154.5,866,152.05,2344
2026-07-20 11:45:00,155.0,155.5,154.0,155.5,3002,152.16,2344
2026-07-20 11:50:00,155.5,156.0,154.0,154.5,1860,152.23,2344
2026-07-20 11:55:00,154.5,155.0,154.0,155.0,864,152.25,2344
2026-07-20 12:00:00,154.5,155.5,154.5,155.5,635,152.27,2344
2026-07-20 12:05:00,155.5,155.5,154.5,154.5,656,152.29,2344
2026-07-20 12:10:00,154.5,155.0,154.0,154.0,1002,152.32,2344
2026-07-20 12:15:00,154.5,154.5,153.0,153.5,942,152.33,2344
2026-07-20 12:20:00,153.5,154.0,153.0,153.5,496,152.34,2344
2026-07-20 12:25:00,153.5,155.0,153.5,154.0,739,152.35,2344
2026-07-20 12:30:00,154.0,155.0,154.0,154.5,439,152.36,2344
2026-07-20 12:35:00,154.5,155.5,154.5,155.0,847,152.39,2344
2026-07-20 12:40:00,155.5,155.5,154.0,154.5,1133,152.42,2344
2026-07-20 12:45:00,154.5,155.0,154.5,155.0,315,152.43,2344
2026-07-20 12:50:00,154.5,155.0,154.0,154.0,671,152.44,2344
2026-07-20 12:55:00,154.0,154.5,154.0,154.0,454,152.45,2344
2026-07-20 13:00:00,154.0,154.5,153.5,153.5,952,152.46,2344
2026-07-20 13:05:00,153.5,153.5,152.0,152.5,1984,152.47,2344
2026-07-20 13:10:00,152.5,153.0,151.5,152.5,2142,152.47,2344
2026-07-20 13:15:00,152.5,153.5,152.5,153.5,1211,152.48,2344
2026-07-20 13:20:00,153.5,154.0,151.0,152.0,2907,152.46,2344
2026-07-20 13:30:00,151.0,151.0,151.0,151.0,4365,152.4,2344
2026-07-21 09:00:00,156.0,157.5,153.0,157.0,9687,155.17,2344
2026-07-21 09:05:00,157.0,158.0,155.0,156.0,6483,155.85,2344
2026-07-21 09:10:00,156.0,156.5,155.0,155.5,2882,155.84,2344
2026-07-21 09:15:00,155.5,157.5,155.0,156.5,3280,155.92,2344
2026-07-21 09:20:00,157.0,157.5,154.5,155.5,4308,155.82,2344
2026-07-21 09:25:00,155.5,156.5,154.0,156.5,2199,155.78,2344
2026-07-21 09:30:00,156.0,157.0,155.5,156.0,1549,155.81,2344
2026-07-21 09:35:00,156.5,156.5,155.0,155.5,1221,155.8,2344
2026-07-21 09:40:00,155.0,156.0,154.5,154.5,2543,155.73,2344
2026-07-21 09:45:00,154.5,155.0,153.5,154.0,2418,155.63,2344
2026-07-21 09:50:00,154.0,154.5,153.0,154.5,1608,155.54,2344
2026-07-21 09:55:00,154.5,154.5,152.5,153.0,2582,155.4,2344
2026-07-21 10:00:00,153.0,153.5,152.0,153.5,2826,155.24,2344
2026-07-21 10:05:00,153.5,154.0,153.0,153.5,1688,155.18,2344
2026-07-21 10:10:00,153.5,155.0,153.0,154.0,1723,155.14,2344
2026-07-21 10:15:00,154.5,155.0,153.0,153.5,1223,155.11,2344
2026-07-21 10:20:00,153.5,154.0,153.0,154.0,513,155.09,2344
2026-07-21 10:25:00,153.5,154.5,153.5,154.0,726,155.08,2344
2026-07-21 10:30:00,154.0,155.5,153.5,154.0,1897,155.06,2344
2026-07-21 10:35:00,154.5,155.0,154.0,154.5,951,155.05,2344
2026-07-21 10:40:00,154.5,155.0,154.0,154.5,610,155.04,2344
2026-07-21 10:45:00,154.5,155.0,153.5,154.0,878,155.03,2344
2026-07-21 10:50:00,153.5,154.0,153.0,153.5,738,155.01,2344
2026-07-21 10:55:00,153.0,153.5,153.0,153.5,373,155.0,2344
2026-07-21 11:00:00,153.5,154.0,153.0,153.5,717,154.98,2344
2026-07-21 11:05:00,153.5,153.5,153.0,153.0,270,154.97,2344
2026-07-21 11:10:00,153.0,154.0,153.0,154.0,564,154.95,2344
2026-07-21 11:15:00,153.5,154.0,153.5,154.0,184,154.95,2344
2026-07-21 11:20:00,153.5,154.0,153.5,154.0,314,154.94,2344
2026-07-21 11:25:00,154.0,154.0,153.5,154.0,493,154.93,2344
2026-07-21 11:30:00,154.0,154.5,154.0,154.0,687,154.92,2344
2026-07-21 11:35:00,154.5,155.5,154.0,155.5,2515,154.92,2344
2026-07-21 11:40:00,155.0,158.0,155.0,157.5,8882,155.15,2344
2026-07-21 11:45:00,157.5,158.0,156.5,157.0,3146,155.24,2344
2026-07-21 11:50:00,157.0,157.0,156.0,156.5,1717,155.27,2344
2026-07-21 11:55:00,156.5,157.0,156.0,156.0,1003,155.28,2344
2026-07-21 12:00:00,156.0,156.5,155.5,155.5,1009,155.29,2344
2026-07-21 12:05:00,156.0,156.0,155.0,155.0,844,155.29,2344
2026-07-21 12:10:00,155.5,157.0,155.0,156.5,2804,155.31,2344
2026-07-21 12:15:00,156.5,157.0,156.0,156.0,1111,155.33,2344
2026-07-21 12:20:00,156.5,156.5,155.5,155.5,1336,155.34,2344
2026-07-21 12:25:00,155.5,157.5,155.5,157.5,2200,155.37,2344
2026-07-21 12:30:00,157.5,157.5,156.5,156.5,651,155.38,2344
2026-07-21 12:35:00,157.0,157.0,156.5,156.5,485,155.39,2344
2026-07-21 12:40:00,156.5,157.0,156.5,157.0,548,155.4,2344
2026-07-21 12:45:00,157.0,157.0,156.5,157.0,561,155.4,2344
2026-07-21 12:50:00,157.0,157.0,156.0,156.0,1043,155.41,2344
2026-07-21 12:55:00,156.0,156.5,156.0,156.5,863,155.42,2344
2026-07-21 13:00:00,156.0,157.5,156.0,156.5,2931,155.46,2344
2026-07-21 13:05:00,157.0,157.0,156.5,157.0,401,155.47,2344
2026-07-21 13:10:00,156.5,157.0,155.5,155.5,1641,155.48,2344
2026-07-21 13:15:00,156.0,156.0,155.0,155.5,2679,155.47,2344
2026-07-21 13:20:00,155.0,155.5,154.5,155.0,2793,155.46,2344
2026-07-21 13:30:00,155.5,155.5,155.5,155.5,4103,155.46,2344
2026-07-22 09:00:00,165.0,167.0,164.5,166.5,15616,165.25,2344
2026-07-22 09:05:00,166.5,170.5,166.0,168.5,14478,166.96,2344
2026-07-22 09:10:00,168.5,171.0,168.5,171.0,20012,168.47,2344
2026-07-22 09:15:00,171.0,171.0,171.0,171.0,2237,168.58,2344
2026-07-22 09:20:00,171.0,171.0,171.0,171.0,1795,168.66,2344
2026-07-22 09:25:00,171.0,171.0,168.5,168.5,10870,168.97,2344
2026-07-22 09:30:00,168.5,169.5,168.0,169.0,4100,168.96,2344
2026-07-22 09:35:00,168.5,170.0,168.0,170.0,2716,168.97,2344
2026-07-22 09:40:00,170.0,170.5,168.0,169.0,2551,168.98,2344
2026-07-22 09:45:00,169.0,171.0,169.0,171.0,8894,169.18,2344
2026-07-22 09:50:00,171.0,171.0,171.0,171.0,551,169.19,2344
2026-07-22 09:55:00,171.0,171.0,171.0,171.0,320,169.2,2344
2026-07-22 10:00:00,171.0,171.0,171.0,171.0,1320,169.23,2344
2026-07-22 10:05:00,171.0,171.0,171.0,171.0,397,169.23,2344
2026-07-22 10:10:00,171.0,171.0,171.0,171.0,260,169.24,2344
2026-07-22 10:15:00,171.0,171.0,171.0,171.0,188,169.24,2344
2026-07-22 10:20:00,171.0,171.0,171.0,171.0,110,169.25,2344
2026-07-22 10:25:00,171.0,171.0,171.0,171.0,145,169.25,2344
2026-07-22 10:30:00,171.0,171.0,171.0,171.0,158,169.25,2344
2026-07-22 10:35:00,171.0,171.0,171.0,171.0,119,169.25,2344
2026-07-22 10:40:00,171.0,171.0,171.0,171.0,150,169.26,2344
2026-07-22 10:45:00,171.0,171.0,171.0,171.0,93,169.26,2344
2026-07-22 10:50:00,171.0,171.0,171.0,171.0,1571,169.29,2344
2026-07-22 10:55:00,171.0,171.0,171.0,171.0,183,169.29,2344
2026-07-22 11:00:00,171.0,171.0,171.0,171.0,314,169.3,2344
2026-07-22 11:05:00,171.0,171.0,171.0,171.0,100,169.3,2344
2026-07-22 11:10:00,171.0,171.0,171.0,171.0,89,169.3,2344
2026-07-22 11:15:00,171.0,171.0,171.0,171.0,88,169.3,2344
2026-07-22 11:20:00,171.0,171.0,171.0,171.0,95,169.31,2344
2026-07-22 11:25:00,171.0,171.0,171.0,171.0,43,169.31,2344
2026-07-22 11:30:00,171.0,171.0,171.0,171.0,48,169.31,2344
2026-07-22 11:35:00,171.0,171.0,171.0,171.0,54,169.31,2344
2026-07-22 11:40:00,171.0,171.0,171.0,171.0,76,169.31,2344
2026-07-22 11:45:00,171.0,171.0,171.0,171.0,54,169.31,2344
2026-07-22 11:50:00,171.0,171.0,171.0,171.0,189,169.31,2344
2026-07-22 11:55:00,171.0,171.0,171.0,171.0,790,169.33,2344
2026-07-22 12:00:00,171.0,171.0,171.0,171.0,51,169.33,2344
2026-07-22 12:05:00,171.0,171.0,171.0,171.0,38,169.33,2344
2026-07-22 12:10:00,171.0,171.0,171.0,171.0,42,169.33,2344
2026-07-22 12:15:00,171.0,171.0,171.0,171.0,45,169.33,2344
2026-07-22 12:20:00,171.0,171.0,171.0,171.0,46,169.33,2344
2026-07-22 12:25:00,171.0,171.0,171.0,171.0,122,169.34,2344
2026-07-22 12:30:00,171.0,171.0,171.0,171.0,77,169.34,2344
2026-07-22 12:35:00,171.0,171.0,171.0,171.0,64,169.34,2344
2026-07-22 12:40:00,171.0,171.0,171.0,171.0,74,169.34,2344
2026-07-22 12:45:00,171.0,171.0,171.0,171.0,92,169.34,2344
2026-07-22 12:50:00,171.0,171.0,171.0,171.0,66,169.34,2344
2026-07-22 12:55:00,171.0,171.0,171.0,171.0,323,169.35,2344
2026-07-22 13:00:00,171.0,171.0,171.0,171.0,80,169.35,2344
2026-07-22 13:05:00,171.0,171.0,171.0,171.0,141,169.35,2344
2026-07-22 13:10:00,171.0,171.0,171.0,171.0,352,169.36,2344
2026-07-22 13:15:00,171.0,171.0,171.0,171.0,1094,169.38,2344
2026-07-22 13:20:00,171.0,171.0,171.0,171.0,345,169.38,2344
2026-07-22 13:30:00,171.0,171.0,171.0,171.0,402,169.39,2344
2026-07-23 09:00:00,172.0,172.0,168.0,168.5,17766,170.75,2344
2026-07-23 09:05:00,168.5,170.5,167.5,168.5,6607,170.16,2344
2026-07-23 09:10:00,168.5,170.5,168.5,169.0,4488,170.06,2344
2026-07-23 09:15:00,169.5,171.0,168.5,170.0,3528,170.05,2344
2026-07-23 09:20:00,169.5,171.0,169.0,170.0,3144,170.07,2344
2026-07-23 09:25:00,169.5,170.0,169.0,169.0,1822,170.04,2344
2026-07-23 09:30:00,169.0,170.5,169.0,170.0,2423,170.02,2344
2026-07-23 09:35:00,170.5,170.5,169.5,170.0,1040,170.02,2344
2026-07-23 09:40:00,170.0,170.5,169.0,169.5,1109,170.01,2344
2026-07-23 09:45:00,169.0,169.5,167.5,167.5,4361,169.85,2344
2026-07-23 09:50:00,167.5,168.5,166.5,167.5,4934,169.63,2344
2026-07-23 09:55:00,167.5,167.5,166.0,166.0,2260,169.51,2344
2026-07-23 10:00:00,166.5,167.0,165.5,166.5,2981,169.34,2344
2026-07-23 10:05:00,166.5,167.0,166.0,166.0,1243,169.28,2344
2026-07-23 10:10:00,166.0,166.5,165.5,166.0,1070,169.22,2344
2026-07-23 10:15:00,165.5,166.0,164.5,164.5,8371,168.73,2344
2026-07-23 10:20:00,164.5,165.0,162.0,162.0,7179,168.21,2344
2026-07-23 10:25:00,162.5,164.0,161.0,164.0,4888,167.84,2344
2026-07-23 10:30:00,164.0,164.0,162.5,163.5,2321,167.71,2344
2026-07-23 10:35:00,163.5,163.5,161.5,162.0,6418,167.32,2344
2026-07-23 10:40:00,162.0,162.5,161.0,162.0,4289,167.06,2344
2026-07-23 10:45:00,162.0,163.0,161.5,162.0,2173,166.94,2344
2026-07-23 10:50:00,162.5,163.0,162.0,162.5,980,166.9,2344
2026-07-23 10:55:00,162.5,162.5,161.5,162.5,915,166.85,2344
2026-07-23 11:00:00,162.5,163.0,162.0,163.0,510,166.83,2344
2026-07-23 11:05:00,162.5,163.0,160.5,161.0,6623,166.5,2344
2026-07-23 11:10:00,161.0,162.0,160.5,161.0,3171,166.33,2344
2026-07-23 11:15:00,161.0,161.5,160.0,160.5,1944,166.23,2344
2026-07-23 11:20:00,161.0,161.5,160.5,161.5,727,166.2,2344
2026-07-23 11:25:00,161.5,161.5,160.5,161.0,1125,166.14,2344
2026-07-23 11:30:00,161.5,161.5,160.0,160.0,2130,166.04,2344
2026-07-23 11:35:00,160.5,161.0,160.0,160.5,2318,165.92,2344
2026-07-23 11:40:00,160.5,161.0,160.5,161.0,1301,165.86,2344
2026-07-23 11:45:00,161.0,161.5,159.5,159.5,1171,165.81,2344
2026-07-23 11:50:00,160.0,160.0,159.5,160.0,1755,165.72,2344
2026-07-23 11:55:00,160.0,160.0,158.5,159.0,3450,165.53,2344
2026-07-23 12:00:00,159.0,159.5,158.5,158.5,1054,165.47,2344
2026-07-23 12:05:00,158.5,159.0,157.5,158.5,4405,165.21,2344
2026-07-23 12:10:00,158.5,158.5,157.0,158.5,1913,165.11,2344
2026-07-23 12:15:00,158.5,158.5,157.5,157.5,689,165.07,2344
2026-07-23 12:20:00,158.0,159.0,157.5,158.5,1128,165.01,2344
2026-07-23 12:25:00,159.0,160.5,158.5,159.5,2079,164.93,2344
2026-07-23 12:30:00,160.0,160.5,159.5,160.5,1334,164.88,2344
2026-07-23 12:35:00,160.5,160.5,159.5,159.5,1209,164.83,2344
2026-07-23 12:40:00,159.5,160.0,159.5,160.0,550,164.81,2344
2026-07-23 12:45:00,160.0,160.5,159.5,160.0,1184,164.77,2344
2026-07-23 12:50:00,160.0,160.5,159.5,159.5,980,164.74,2344
2026-07-23 12:55:00,159.5,160.0,159.0,159.5,1507,164.68,2344
2026-07-23 13:00:00,159.0,159.5,158.5,158.5,1300,164.63,2344
2026-07-23 13:05:00,158.5,159.0,158.5,158.5,808,164.59,2344
2026-07-23 13:10:00,159.0,159.5,158.5,159.0,1511,164.53,2344
2026-07-23 13:15:00,159.5,160.5,159.0,160.5,2128,164.46,2344
2026-07-23 13:20:00,160.5,162.0,160.0,161.0,3244,164.39,2344
2026-07-23 13:30:00,161.0,161.0,161.0,161.0,6546,164.25,2344
2026-07-24 09:00:00,158.5,160.5,157.5,160.5,11418,159.34,2344
2026-07-24 09:05:00,160.0,163.0,159.5,161.0,6624,160.0,2344
2026-07-24 09:10:00,160.5,161.5,159.5,159.5,4384,160.13,2344
2026-07-24 09:15:00,159.5,160.5,159.0,160.0,2947,160.1,2344
2026-07-24 09:20:00,159.5,160.5,158.0,159.5,4821,159.91,2344
2026-07-24 09:25:00,159.5,161.5,159.0,161.0,2819,159.98,2344
2026-07-24 09:30:00,161.0,163.5,160.5,163.0,6069,160.34,2344
2026-07-24 09:35:00,163.0,163.5,162.0,163.5,3284,160.53,2344
2026-07-24 09:40:00,163.0,164.0,162.0,163.5,3238,160.71,2344
2026-07-24 09:45:00,163.5,164.0,162.5,162.5,2233,160.84,2344
2026-07-24 09:50:00,162.5,163.0,161.0,162.5,2878,160.89,2344
2026-07-24 09:55:00,162.5,162.5,161.0,161.5,1225,160.91,2344
2026-07-24 10:00:00,161.5,162.0,161.0,161.5,2305,160.93,2344
2026-07-24 10:05:00,162.0,162.0,160.5,161.5,2645,160.92,2344
2026-07-24 10:10:00,161.0,162.0,161.0,161.5,1719,160.94,2344
2026-07-24 10:15:00,162.0,162.0,160.5,161.5,1600,160.95,2344
2026-07-24 10:20:00,161.0,161.0,159.5,159.5,3048,160.91,2344
2026-07-24 10:25:00,159.5,161.0,159.5,160.0,1286,160.89,2344
2026-07-24 10:30:00,160.0,160.5,159.0,159.0,1494,160.86,2344
2026-07-24 10:35:00,159.0,159.5,158.0,158.5,2914,160.77,2344
2026-07-24 10:40:00,158.5,159.0,157.5,159.0,3545,160.63,2344
2026-07-24 10:45:00,158.5,159.0,158.0,158.5,1705,160.59,2344
2026-07-24 10:50:00,158.0,158.5,157.5,158.0,1713,160.53,2344
2026-07-24 10:55:00,158.0,159.0,157.0,157.0,2122,160.46,2344
2026-07-24 11:00:00,157.0,158.5,157.0,158.5,1081,160.42,2344
2026-07-24 11:05:00,158.5,158.5,157.0,157.5,1224,160.38,2344
2026-07-24 11:10:00,157.5,158.5,156.5,158.5,2238,160.29,2344
2026-07-24 11:15:00,158.0,158.5,157.5,158.0,911,160.27,2344
2026-07-24 11:20:00,158.0,158.0,157.0,157.0,985,160.23,2344
2026-07-24 11:25:00,157.0,158.5,156.5,157.5,1070,160.2,2344
2026-07-24 11:30:00,158.0,158.0,157.0,157.5,1063,160.16,2344
2026-07-24 11:35:00,157.5,158.0,156.5,157.5,2517,160.08,2344
2026-07-24 11:40:00,157.5,158.0,157.0,157.5,552,160.06,2344
2026-07-24 11:45:00,157.5,157.5,157.0,157.0,618,160.04,2344
2026-07-24 11:50:00,157.0,157.5,155.5,155.5,4715,159.84,2344
2026-07-24 11:55:00,156.0,156.0,154.5,155.0,3908,159.66,2344
2026-07-24 12:00:00,155.0,155.5,155.0,155.0,933,159.62,2344
2026-07-24 12:05:00,155.0,156.0,155.0,155.0,1271,159.57,2344
2026-07-24 12:10:00,155.0,156.0,154.5,154.5,1673,159.49,2344
2026-07-24 12:15:00,154.5,155.5,154.0,155.5,2045,159.4,2344
2026-07-24 12:20:00,155.5,155.5,155.0,155.0,890,159.37,2344
2026-07-24 12:25:00,155.5,156.0,155.0,156.0,959,159.33,2344
2026-07-24 12:30:00,156.0,156.0,155.0,155.0,2023,159.26,2344
2026-07-24 12:35:00,155.0,155.5,154.5,155.0,1387,159.2,2344
2026-07-24 12:40:00,154.5,155.0,154.5,154.5,961,159.17,2344
2026-07-24 12:45:00,155.0,155.5,154.0,154.0,1991,159.09,2344
2026-07-24 12:50:00,154.0,154.5,154.0,154.5,2330,158.99,2344
2026-07-24 12:55:00,154.0,155.0,154.0,155.0,2174,158.9,2344
2026-07-24 13:00:00,154.5,155.0,154.0,154.0,2410,158.81,2344
2026-07-24 13:05:00,154.5,155.0,153.5,155.0,2192,158.73,2344
2026-07-24 13:10:00,154.5,155.0,154.5,154.5,1463,158.68,2344
2026-07-24 13:15:00,155.0,155.0,154.5,154.5,1219,158.64,2344
2026-07-24 13:20:00,154.5,155.5,154.5,155.0,3470,158.54,2344
2026-07-24 13:30:00,154.5,154.5,154.5,154.5,5440,158.38,2344
2026-07-27 09:00:00,155.0,157.5,153.5,156.0,8280,155.67,2344
2026-07-27 09:05:00,156.0,158.0,154.0,157.0,5720,155.97,2344
2026-07-27 09:10:00,157.0,157.5,155.5,156.0,3611,156.06,2344
2026-07-27 09:15:00,156.0,157.0,154.5,154.5,3634,156.04,2344
2026-07-27 09:20:00,154.5,155.0,153.0,154.0,4980,155.67,2344
2026-07-27 09:25:00,154.0,154.5,152.0,153.0,4129,155.31,2344
2026-07-27 09:30:00,153.0,155.5,153.0,155.0,3608,155.25,2344
2026-07-27 09:35:00,155.0,155.0,153.5,155.0,1889,155.21,2344
2026-07-27 09:40:00,155.0,155.0,153.5,154.0,2670,155.16,2344
2026-07-27 09:45:00,154.0,154.5,153.0,154.0,1420,155.12,2344
2026-07-27 09:50:00,154.0,154.0,153.0,153.5,1266,155.07,2344
2026-07-27 09:55:00,154.0,155.0,153.5,154.5,1218,155.04,2344
2026-07-27 10:00:00,155.0,155.0,154.0,154.5,1010,155.03,2344
2026-07-27 10:05:00,154.5,154.5,154.0,154.5,279,155.03,2344
2026-07-27 10:10:00,154.5,155.5,154.5,155.0,1100,155.03,2344
2026-07-27 10:15:00,155.0,155.0,154.0,154.5,1012,155.02,2344
2026-07-27 10:20:00,155.0,155.0,154.0,155.0,485,155.01,2344
2026-07-27 10:25:00,154.5,155.5,154.5,155.5,891,155.01,2344
2026-07-27 10:30:00,155.5,155.5,154.5,154.5,485,155.01,2344
2026-07-27 10:35:00,154.5,155.0,154.0,155.0,906,155.0,2344
2026-07-27 10:40:00,154.5,155.5,154.5,154.5,696,155.0,2344
2026-07-27 10:45:00,155.0,155.5,154.5,155.0,731,155.0,2344
2026-07-27 10:50:00,155.0,155.0,154.0,154.5,866,155.0,2344
2026-07-27 10:55:00,154.5,155.0,154.5,154.5,193,154.99,2344
2026-07-27 11:00:00,154.5,155.0,153.5,154.0,1920,154.96,2344
2026-07-27 11:05:00,153.5,154.0,153.0,153.0,1344,154.93,2344
2026-07-27 11:10:00,153.0,153.5,153.0,153.5,1882,154.86,2344
2026-07-27 11:15:00,153.5,154.0,152.5,152.5,1481,154.82,2344
2026-07-27 11:20:00,152.5,153.0,152.0,152.0,1795,154.75,2344
2026-07-27 11:25:00,152.0,152.0,150.5,150.5,3027,154.59,2344
2026-07-27 11:30:00,150.5,152.0,150.0,152.0,1736,154.49,2344
2026-07-27 11:35:00,152.0,152.0,151.0,151.5,619,154.46,2344
2026-07-27 11:40:00,151.0,152.0,151.0,152.0,521,154.44,2344
2026-07-27 11:45:00,151.5,152.0,151.0,151.5,357,154.42,2344
2026-07-27 11:50:00,151.5,151.5,151.0,151.5,346,154.4,2344
2026-07-27 11:55:00,151.5,152.5,151.0,151.5,835,154.37,2344
2026-07-27 12:00:00,151.5,152.0,151.0,151.5,564,154.35,2344
2026-07-27 12:05:00,151.5,152.5,151.0,152.0,685,154.32,2344
2026-07-27 12:10:00,152.0,152.0,151.5,152.0,164,154.31,2344
2026-07-27 12:15:00,151.5,153.0,151.5,152.5,1071,154.28,2344
2026-07-27 12:20:00,152.5,153.0,152.0,153.0,402,154.28,2344
2026-07-27 12:25:00,153.0,154.0,152.5,154.0,1749,154.25,2344
2026-07-27 12:30:00,154.0,155.0,153.5,155.0,1677,154.25,2344
2026-07-27 12:35:00,155.0,155.5,154.5,155.5,1825,154.27,2344
2026-07-27 12:40:00,155.5,157.0,155.0,155.5,4110,154.36,2344
2026-07-27 12:45:00,155.0,157.0,155.0,156.5,1855,154.39,2344
2026-07-27 12:50:00,157.0,158.0,156.0,157.5,3802,154.52,2344
2026-07-27 12:55:00,157.5,158.0,156.5,157.5,2221,154.59,2344
2026-07-27 13:00:00,157.5,159.0,157.5,158.0,4702,154.78,2344
2026-07-27 13:05:00,158.0,159.0,157.5,158.5,2215,154.86,2344
2026-07-27 13:10:00,158.5,159.0,157.5,158.0,2717,154.96,2344
2026-07-27 13:15:00,157.5,159.5,157.5,159.5,1828,155.03,2344
2026-07-27 13:20:00,159.0,161.0,158.5,159.5,6345,155.32,2344
2026-07-27 13:30:00,160.0,160.0,160.0,160.0,4527,155.51,2344
2026-07-28 09:00:00,144.0,147.0,144.0,145.5,15905,144.75,2344
2026-07-28 09:05:00,146.0,146.0,144.0,144.0,16630,144.47,2344
2026-07-28 09:10:00,144.0,144.0,144.0,144.0,1491,144.45,2344
2026-07-28 09:15:00,144.0,144.0,144.0,144.0,954,144.44,2344
2026-07-28 09:20:00,144.0,145.0,144.0,144.5,10565,144.34,2344
2026-07-28 09:25:00,144.0,145.0,144.0,144.5,6439,144.33,2344
2026-07-28 09:30:00,144.0,144.5,144.0,144.0,1597,144.32,2344
2026-07-28 09:35:00,144.0,144.0,144.0,144.0,952,144.31,2344
2026-07-28 09:40:00,144.0,144.0,144.0,144.0,407,144.31,2344
2026-07-28 09:45:00,144.0,144.0,144.0,144.0,511,144.3,2344
2026-07-28 09:50:00,144.0,144.5,144.0,144.0,5005,144.28,2344
2026-07-28 09:55:00,144.0,144.0,144.0,144.0,330,144.28,2344
2026-07-28 10:00:00,144.0,144.0,144.0,144.0,194,144.28,2344
2026-07-28 10:05:00,144.0,144.0,144.0,144.0,239,144.28,2344
2026-07-28 10:10:00,144.0,144.0,144.0,144.0,259,144.28,2344
2026-07-28 10:15:00,144.0,144.0,144.0,144.0,149,144.28,2344
2026-07-28 10:20:00,144.0,144.0,144.0,144.0,171,144.28,2344
2026-07-28 10:25:00,144.0,144.0,144.0,144.0,185,144.28,2344
2026-07-28 10:30:00,144.0,144.0,144.0,144.0,163,144.28,2344
2026-07-28 10:35:00,144.0,144.0,144.0,144.0,86,144.28,2344
2026-07-28 10:40:00,144.0,144.0,144.0,144.0,91,144.28,2344
2026-07-28 10:45:00,144.0,144.0,144.0,144.0,138,144.28,2344
2026-07-28 10:50:00,144.0,144.0,144.0,144.0,148,144.27,2344
2026-07-28 10:55:00,144.0,144.0,144.0,144.0,104,144.27,2344
2026-07-28 11:00:00,144.0,144.0,144.0,144.0,70,144.27,2344
2026-07-28 11:05:00,144.0,144.0,144.0,144.0,99,144.27,2344
2026-07-28 11:10:00,144.0,144.0,144.0,144.0,114,144.27,2344
2026-07-28 11:15:00,144.0,144.0,144.0,144.0,198,144.27,2344
2026-07-28 11:20:00,144.0,144.0,144.0,144.0,58,144.27,2344
2026-07-28 11:25:00,144.0,144.0,144.0,144.0,78,144.27,2344
2026-07-28 11:30:00,144.0,144.0,144.0,144.0,185,144.27,2344
2026-07-28 11:35:00,144.0,144.0,144.0,144.0,77,144.27,2344
2026-07-28 11:40:00,144.0,144.0,144.0,144.0,154,144.27,2344
2026-07-28 11:45:00,144.0,144.0,144.0,144.0,93,144.27,2344
2026-07-28 11:50:00,144.0,144.0,144.0,144.0,106,144.27,2344
2026-07-28 11:55:00,144.0,144.0,144.0,144.0,88,144.27,2344
2026-07-28 12:00:00,144.0,144.0,144.0,144.0,113,144.27,2344
2026-07-28 12:05:00,144.0,144.0,144.0,144.0,94,144.27,2344
2026-07-28 12:10:00,144.0,144.0,144.0,144.0,133,144.27,2344
2026-07-28 12:15:00,144.0,144.0,144.0,144.0,76,144.27,2344
2026-07-28 12:20:00,144.0,144.0,144.0,144.0,115,144.27,2344
2026-07-28 12:25:00,144.0,144.0,144.0,144.0,91,144.27,2344
2026-07-28 12:30:00,144.0,144.0,144.0,144.0,141,144.27,2344
2026-07-28 12:35:00,144.0,144.0,144.0,144.0,286,144.26,2344
2026-07-28 12:40:00,144.0,144.0,144.0,144.0,124,144.26,2344
2026-07-28 12:45:00,144.0,144.0,144.0,144.0,155,144.26,2344
2026-07-28 12:50:00,144.0,144.0,144.0,144.0,201,144.26,2344
2026-07-28 12:55:00,144.0,144.0,144.0,144.0,80,144.26,2344
2026-07-28 13:00:00,144.0,144.0,144.0,144.0,104,144.26,2344
2026-07-28 13:05:00,144.0,144.0,144.0,144.0,88,144.26,2344
2026-07-28 13:10:00,144.0,144.0,144.0,144.0,162,144.26,2344
2026-07-28 13:15:00,144.0,144.0,144.0,144.0,217,144.26,2344
2026-07-28 13:20:00,144.0,144.0,144.0,144.0,244,144.26,2344
2026-07-28 13:30:00,144.0,144.0,144.0,144.0,452,144.26,2344
2026-07-29 09:00:00,137.0,137.5,131.5,131.5,19800,133.86,2344
2026-07-29 09:05:00,131.5,132.0,130.0,130.0,21079,132.32,2344
2026-07-29 09:10:00,130.0,130.0,130.0,130.0,2134,132.21,2344
2026-07-29 09:15:00,130.0,130.0,130.0,130.0,753,132.17,2344
2026-07-29 09:20:00,130.0,132.0,130.0,131.5,21639,131.56,2344
2026-07-29 09:25:00,131.5,131.5,130.0,130.0,7724,131.44,2344
2026-07-29 09:30:00,130.0,130.0,130.0,130.0,524,131.43,2344
2026-07-29 09:35:00,130.0,130.0,130.0,130.0,855,131.42,2344
2026-07-29 09:40:00,130.0,130.0,130.0,130.0,320,131.41,2344
2026-07-29 09:45:00,130.0,130.0,130.0,130.0,213,131.41,2344
2026-07-29 09:50:00,130.0,130.0,130.0,130.0,132,131.4,2344
2026-07-29 09:55:00,130.0,130.0,130.0,130.0,147,131.4,2344
2026-07-29 10:00:00,130.0,130.0,130.0,130.0,130,131.4,2344
2026-07-29 10:05:00,130.0,130.0,130.0,130.0,159,131.4,2344
2026-07-29 10:10:00,130.0,130.0,130.0,130.0,84,131.39,2344
2026-07-29 10:15:00,130.0,130.0,130.0,130.0,95,131.39,2344
2026-07-29 10:20:00,130.0,130.0,130.0,130.0,87,131.39,2344
2026-07-29 10:25:00,130.0,130.0,130.0,130.0,88,131.39,2344
2026-07-29 10:30:00,130.0,130.0,130.0,130.0,181,131.39,2344
2026-07-29 10:35:00,130.0,130.0,130.0,130.0,144,131.38,2344
2026-07-29 10:40:00,130.0,130.0,130.0,130.0,80,131.38,2344
2026-07-29 10:45:00,130.0,130.0,130.0,130.0,52,131.38,2344
2026-07-29 10:50:00,130.0,130.0,130.0,130.0,51,131.38,2344
2026-07-29 10:55:00,130.0,130.0,130.0,130.0,80,131.38,2344
2026-07-29 11:00:00,130.0,130.0,130.0,130.0,62,131.38,2344
2026-07-29 11:05:00,130.0,130.0,130.0,130.0,53,131.38,2344
2026-07-29 11:10:00,130.0,130.0,130.0,130.0,118,131.37,2344
2026-07-29 11:15:00,130.0,130.0,130.0,130.0,82,131.37,2344
2026-07-29 11:20:00,130.0,130.0,130.0,130.0,58,131.37,2344
2026-07-29 11:25:00,130.0,130.0,130.0,130.0,59,131.37,2344
2026-07-29 11:30:00,130.0,130.0,130.0,130.0,80,131.37,2344
2026-07-29 11:35:00,130.0,130.0,130.0,130.0,105,131.37,2344
2026-07-29 11:40:00,130.0,130.0,130.0,130.0,46,131.37,2344
2026-07-29 11:45:00,130.0,130.0,130.0,130.0,98,131.37,2344
2026-07-29 11:50:00,130.0,130.0,130.0,130.0,67,131.36,2344
2026-07-29 11:55:00,130.0,130.0,130.0,130.0,52,131.36,2344
2026-07-29 12:00:00,130.0,130.0,130.0,130.0,64,131.36,2344
2026-07-29 12:05:00,130.0,130.0,130.0,130.0,186,131.36,2344
2026-07-29 12:10:00,130.0,130.0,130.0,130.0,82,131.36,2344
2026-07-29 12:15:00,130.0,130.0,130.0,130.0,55,131.36,2344
2026-07-29 12:20:00,130.0,130.0,130.0,130.0,150,131.35,2344
2026-07-29 12:25:00,130.0,130.0,130.0,130.0,349,131.35,2344
2026-07-29 12:30:00,130.0,130.0,130.0,130.0,93,131.35,2344
2026-07-29 12:35:00,130.0,130.0,130.0,130.0,250,131.34,2344
2026-07-29 12:40:00,130.0,130.0,130.0,130.0,84,131.34,2344
2026-07-29 12:45:00,130.0,130.0,130.0,130.0,68,131.34,2344
2026-07-29 12:50:00,130.0,130.0,130.0,130.0,55,131.34,2344
2026-07-29 12:55:00,130.0,130.0,130.0,130.0,136,131.34,2344
2026-07-29 13:00:00,130.0,130.0,130.0,130.0,365,131.33,2344
2026-07-29 13:05:00,130.0,130.0,130.0,130.0,150,131.33,2344
2026-07-29 13:10:00,130.0,130.0,130.0,130.0,222,131.32,2344
2026-07-29 13:15:00,130.0,130.0,130.0,130.0,301,131.32,2344
2026-07-29 13:20:00,130.0,130.0,130.0,130.0,412,131.31,2344
2026-07-29 13:30:00,130.0,130.0,130.0,130.0,468,131.3,2344
2026-07-30 09:00:00,123.5,125.0,120.0,123.5,23363,122.36,2344
2026-07-30 09:05:00,123.5,130.0,123.5,127.0,11260,124.07,2344
2026-07-30 09:10:00,127.0,129.0,124.0,124.5,7644,124.59,2344
2026-07-30 09:15:00,124.5,126.0,123.0,125.5,8622,124.55,2344
2026-07-30 09:20:00,125.5,127.5,125.0,127.5,5567,124.72,2344
2026-07-30 09:25:00,127.5,128.5,127.0,128.0,3260,124.88,2344
2026-07-30 09:30:00,128.0,130.5,127.5,130.5,6800,125.34,2344
2026-07-30 09:35:00,130.5,132.5,129.5,131.0,9967,126.11,2344
2026-07-30 09:40:00,130.5,133.0,130.0,130.5,7522,126.63,2344
2026-07-30 09:45:00,130.0,131.5,128.5,131.0,6498,126.87,2344
2026-07-30 09:50:00,131.0,131.5,129.5,130.5,2867,126.98,2344
2026-07-30 09:55:00,130.5,131.5,129.5,130.0,3266,127.1,2344
2026-07-30 10:00:00,130.5,132.0,130.0,130.0,3601,127.24,2344
2026-07-30 10:05:00,130.0,130.5,129.0,129.0,4185,127.33,2344
2026-07-30 10:10:00,129.0,130.0,128.5,128.5,2951,127.38,2344
2026-07-30 10:15:00,128.5,129.0,127.0,127.0,3956,127.41,2344
2026-07-30 10:20:00,127.0,128.5,125.5,126.0,3457,127.39,2344
2026-07-30 10:25:00,126.0,127.5,124.5,124.5,4263,127.33,2344
2026-07-30 10:30:00,124.5,126.0,124.0,125.5,3651,127.26,2344
2026-07-30 10:35:00,125.5,126.0,124.5,125.0,1842,127.23,2344
2026-07-30 10:40:00,125.0,127.0,125.0,127.0,2644,127.2,2344
2026-07-30 10:45:00,126.5,127.5,126.0,127.0,2596,127.19,2344
2026-07-30 10:50:00,127.0,127.0,126.0,126.5,1049,127.18,2344
2026-07-30 10:55:00,126.5,127.0,125.0,125.0,1478,127.16,2344
2026-07-30 11:00:00,125.0,126.0,124.5,125.5,1527,127.14,2344
2026-07-30 11:05:00,125.5,126.5,125.0,125.5,838,127.13,2344
2026-07-30 11:10:00,125.0,125.5,124.0,124.5,2434,127.09,2344
2026-07-30 11:15:00,124.5,125.0,123.0,123.5,2029,127.05,2344
2026-07-30 11:20:00,123.5,124.0,122.5,122.5,2481,126.98,2344
2026-07-30 11:25:00,122.5,124.5,122.5,123.5,2457,126.92,2344
2026-07-30 11:30:00,123.5,125.0,123.0,124.5,1406,126.89,2344
2026-07-30 11:35:00,124.0,124.5,123.0,123.0,1166,126.86,2344
2026-07-30 11:40:00,123.5,125.0,123.0,124.0,1306,126.84,2344
2026-07-30 11:45:00,124.0,125.0,124.0,124.5,997,126.82,2344
2026-07-30 11:50:00,124.5,125.0,124.0,124.5,716,126.81,2344
2026-07-30 11:55:00,125.0,125.5,124.0,124.0,1302,126.79,2344
2026-07-30 12:00:00,124.0,125.5,124.0,124.5,1294,126.77,2344
2026-07-30 12:05:00,124.5,125.0,124.0,124.0,1192,126.75,2344
2026-07-30 12:10:00,124.0,125.0,123.5,123.5,1302,126.73,2344
2026-07-30 12:15:00,123.5,124.0,122.5,123.0,1470,126.7,2344
2026-07-30 12:20:00,122.5,123.5,122.5,123.0,1276,126.67,2344
2026-07-30 12:25:00,123.5,124.5,123.0,123.5,1393,126.64,2344
2026-07-30 12:30:00,123.5,124.5,123.5,124.5,1026,126.62,2344
2026-07-30 12:35:00,124.5,124.5,123.0,123.0,558,126.61,2344
2026-07-30 12:40:00,123.5,123.5,122.5,122.5,1621,126.57,2344
2026-07-30 12:45:00,123.0,123.5,122.0,122.0,2073,126.53,2344
2026-07-30 12:50:00,122.0,122.5,120.5,120.5,3691,126.41,2344
2026-07-30 12:55:00,121.0,121.0,117.5,120.0,13165,125.85,2344
2026-07-30 13:00:00,120.0,120.0,117.0,117.5,3872,125.7,2344
2026-07-30 13:05:00,117.5,119.0,117.0,118.0,4585,125.51,2344
2026-07-30 13:10:00,117.5,119.5,117.0,119.0,4330,125.33,2344
2026-07-30 13:15:00,119.0,120.0,118.5,119.5,4332,125.21,2344
2026-07-30 13:20:00,120.0,120.0,118.0,119.0,2066,125.14,2344
2026-07-30 13:30:00,118.5,118.5,118.5,118.5,5985,124.95,2344
2026-07-31 09:00:00,130.0,130.0,130.0,130.0,9803,130.0,2344
2026-07-31 09:05:00,130.0,130.0,130.0,130.0,462,130.0,2344
2026-07-31 09:10:00,130.0,130.0,130.0,130.0,285,130.0,2344
2026-07-31 09:15:00,130.0,130.0,130.0,130.0,184,130.0,2344
2026-07-31 09:20:00,130.0,130.0,130.0,130.0,120,130.0,2344
2026-07-31 09:25:00,130.0,130.0,130.0,130.0,201,130.0,2344
2026-07-31 09:30:00,130.0,130.0,130.0,130.0,118,130.0,2344
2026-07-31 09:35:00,130.0,130.0,130.0,130.0,185,130.0,2344
2026-07-31 09:40:00,130.0,130.0,130.0,130.0,78,130.0,2344
2026-07-31 09:45:00,130.0,130.0,130.0,130.0,598,130.0,2344
2026-07-31 09:50:00,130.0,130.0,130.0,130.0,139,130.0,2344
2026-07-31 09:55:00,130.0,130.0,130.0,130.0,63,130.0,2344
2026-07-31 10:00:00,130.0,130.0,130.0,130.0,54,130.0,2344
2026-07-31 10:05:00,130.0,130.0,130.0,130.0,94,130.0,2344
2026-07-31 10:10:00,130.0,130.0,130.0,130.0,188,130.0,2344
2026-07-31 10:15:00,130.0,130.0,130.0,130.0,20,130.0,2344
2026-07-31 10:20:00,130.0,130.0,130.0,130.0,35,130.0,2344
2026-07-31 10:25:00,130.0,130.0,130.0,130.0,21,130.0,2344
2026-07-31 10:30:00,130.0,130.0,130.0,130.0,23,130.0,2344
2026-07-31 10:35:00,130.0,130.0,130.0,130.0,16,130.0,2344
2026-07-31 10:40:00,130.0,130.0,130.0,130.0,23,130.0,2344
2026-07-31 10:45:00,130.0,130.0,130.0,130.0,20,130.0,2344
2026-07-31 10:50:00,130.0,130.0,130.0,130.0,58,130.0,2344
2026-07-31 10:55:00,130.0,130.0,130.0,130.0,35,130.0,2344
2026-07-31 11:00:00,130.0,130.0,130.0,130.0,44,130.0,2344
2026-07-31 11:05:00,130.0,130.0,130.0,130.0,123,130.0,2344
2026-07-31 11:10:00,130.0,130.0,130.0,130.0,35,130.0,2344
2026-07-31 11:15:00,130.0,130.0,130.0,130.0,82,130.0,2344
2026-07-31 11:20:00,130.0,130.0,130.0,130.0,30,130.0,2344
2026-07-31 11:25:00,130.0,130.0,130.0,130.0,27,130.0,2344
2026-07-31 11:30:00,130.0,130.0,130.0,130.0,24,130.0,2344
2026-07-31 11:35:00,130.0,130.0,130.0,130.0,56,130.0,2344
2026-07-31 11:40:00,130.0,130.0,130.0,130.0,65,130.0,2344
2026-07-31 11:45:00,130.0,130.0,130.0,130.0,295,130.0,2344
2026-07-31 11:50:00,130.0,130.0,130.0,130.0,23,130.0,2344
2026-07-31 11:55:00,130.0,130.0,130.0,130.0,18,130.0,2344
2026-07-31 12:00:00,130.0,130.0,130.0,130.0,82,130.0,2344
2026-07-31 12:05:00,130.0,130.0,130.0,130.0,21,130.0,2344
2026-07-31 12:10:00,130.0,130.0,130.0,130.0,168,130.0,2344
2026-07-31 12:15:00,130.0,130.0,130.0,130.0,170,130.0,2344
2026-07-31 12:20:00,130.0,130.0,130.0,130.0,185,130.0,2344
2026-07-31 12:25:00,130.0,130.0,130.0,130.0,179,130.0,2344
2026-07-31 12:30:00,130.0,130.0,130.0,130.0,221,130.0,2344
2026-07-31 12:35:00,130.0,130.0,130.0,130.0,1571,130.0,2344
2026-07-31 12:40:00,130.0,130.0,130.0,130.0,197,130.0,2344
2026-07-31 12:45:00,130.0,130.0,130.0,130.0,151,130.0,2344
2026-07-31 12:50:00,130.0,130.0,130.0,130.0,147,130.0,2344
2026-07-31 12:55:00,130.0,130.0,130.0,130.0,162,130.0,2344
2026-07-31 13:00:00,130.0,130.0,130.0,130.0,29,130.0,2344
2026-07-31 13:05:00,130.0,130.0,130.0,130.0,19,130.0,2344
2026-07-31 13:10:00,130.0,130.0,130.0,130.0,14,130.0,2344
2026-07-31 13:15:00,130.0,130.0,130.0,130.0,117,130.0,2344
2026-07-31 13:20:00,130.0,130.0,130.0,130.0,38,130.0,2344
2026-07-31 13:30:00,130.0,130.0,130.0,130.0,403,130.0,2344
2026-08-03 09:00:00,134.0,139.5,133.5,138.0,32902,136.53,2344
2026-08-03 09:05:00,138.5,143.0,138.0,143.0,22119,138.58,2344
2026-08-03 09:10:00,143.0,143.0,143.0,143.0,1608,138.7,2344
2026-08-03 09:15:00,143.0,143.0,141.5,142.5,11304,139.41,2344
2026-08-03 09:20:00,143.0,143.0,142.5,143.0,3472,139.59,2344
2026-08-03 09:25:00,143.0,143.0,143.0,143.0,355,139.6,2344
2026-08-03 09:30:00,143.0,143.0,143.0,143.0,559,139.63,2344
2026-08-03 09:35:00,143.0,143.0,143.0,143.0,334,139.65,2344
2026-08-03 09:40:00,143.0,143.0,143.0,143.0,235,139.66,2344
2026-08-03 09:45:00,143.0,143.0,143.0,143.0,148,139.66,2344
2026-08-03 09:50:00,143.0,143.0,143.0,143.0,66,139.67,2344
2026-08-03 09:55:00,143.0,143.0,143.0,143.0,70,139.67,2344
2026-08-03 10:00:00,143.0,143.0,143.0,143.0,78,139.67,2344
2026-08-03 10:05:00,143.0,143.0,143.0,143.0,41,139.67,2344
2026-08-03 10:10:00,143.0,143.0,143.0,143.0,66,139.68,2344
2026-08-03 10:15:00,143.0,143.0,143.0,143.0,39,139.68,2344
2026-08-03 10:20:00,143.0,143.0,143.0,143.0,16,139.68,2344
2026-08-03 10:25:00,143.0,143.0,143.0,143.0,469,139.7,2344
2026-08-03 10:30:00,143.0,143.0,143.0,143.0,69,139.7,2344
2026-08-03 10:35:00,143.0,143.0,143.0,143.0,52,139.71,2344
2026-08-03 10:40:00,143.0,143.0,143.0,143.0,42,139.71,2344
2026-08-03 10:45:00,143.0,143.0,143.0,143.0,51,139.71,2344
2026-08-03 10:50:00,143.0,143.0,143.0,143.0,31,139.71,2344
2026-08-03 10:55:00,143.0,143.0,143.0,143.0,22,139.71,2344
2026-08-03 11:00:00,143.0,143.0,143.0,143.0,261,139.72,2344
2026-08-03 11:05:00,143.0,143.0,143.0,143.0,28,139.73,2344
2026-08-03 11:10:00,143.0,143.0,143.0,143.0,14,139.73,2344
2026-08-03 11:15:00,143.0,143.0,143.0,143.0,47,139.73,2344
2026-08-03 11:20:00,143.0,143.0,143.0,143.0,319,139.74,2344
2026-08-03 11:25:00,143.0,143.0,143.0,143.0,77,139.75,2344
2026-08-03 11:30:00,143.0,143.0,143.0,143.0,30,139.75,2344
2026-08-03 11:35:00,143.0,143.0,143.0,143.0,144,139.75,2344
2026-08-03 11:40:00,143.0,143.0,143.0,143.0,33,139.75,2344
2026-08-03 11:45:00,143.0,143.0,143.0,143.0,39,139.76,2344
2026-08-03 11:50:00,143.0,143.0,143.0,143.0,22,139.76,2344
2026-08-03 11:55:00,143.0,143.0,143.0,143.0,34,139.76,2344
2026-08-03 12:00:00,143.0,143.0,143.0,143.0,27,139.76,2344
2026-08-03 12:05:00,143.0,143.0,143.0,143.0,76,139.76,2344
2026-08-03 12:10:00,143.0,143.0,143.0,143.0,13,139.76,2344
2026-08-03 12:15:00,143.0,143.0,143.0,143.0,22,139.76,2344
2026-08-03 12:20:00,143.0,143.0,143.0,143.0,20,139.77,2344
2026-08-03 12:25:00,143.0,143.0,143.0,143.0,15,139.77,2344
2026-08-03 12:30:00,143.0,143.0,143.0,143.0,21,139.77,2344
2026-08-03 12:35:00,143.0,143.0,143.0,143.0,23,139.77,2344
2026-08-03 12:40:00,143.0,143.0,143.0,143.0,25,139.77,2344
2026-08-03 12:45:00,143.0,143.0,143.0,143.0,27,139.77,2344
2026-08-03 12:50:00,143.0,143.0,143.0,143.0,36,139.77,2344
2026-08-03 12:55:00,143.0,143.0,143.0,143.0,47,139.77,2344
2026-08-03 13:00:00,143.0,143.0,143.0,143.0,48,139.78,2344
2026-08-03 13:05:00,143.0,143.0,143.0,143.0,420,139.79,2344
2026-08-03 13:10:00,143.0,143.0,143.0,143.0,245,139.8,2344
2026-08-03 13:15:00,143.0,143.0,143.0,143.0,188,139.81,2344
2026-08-03 13:20:00,143.0,143.0,143.0,143.0,270,139.82,2344
2026-08-03 13:30:00,143.0,143.0,143.0,143.0,150,139.83,2344
2026-08-04 09:00:00,145.0,150.0,144.0,147.5,27859,146.69,2344
2026-08-04 09:05:00,147.5,149.5,147.0,148.5,9859,147.08,2344
2026-08-04 09:10:00,148.0,152.5,147.5,150.5,11928,147.82,2344
2026-08-04 09:15:00,150.5,153.0,149.5,151.5,10254,148.35,2344
2026-08-04 09:20:00,151.0,155.5,151.0,155.0,13046,149.32,2344
2026-08-04 09:25:00,154.5,155.0,153.0,154.0,5381,149.65,2344
2026-08-04 09:30:00,154.0,156.0,154.0,155.5,4483,149.96,2344
2026-08-04 09:35:00,156.0,157.0,155.0,156.5,14786,150.95,2344
2026-08-04 09:40:00,157.0,157.0,156.5,157.0,9230,151.47,2344
2026-08-04 09:45:00,157.0,157.0,157.0,157.0,651,151.5,2344
2026-08-04 09:50:00,157.0,157.0,157.0,157.0,414,151.52,2344
2026-08-04 09:55:00,157.0,157.0,157.0,157.0,361,151.54,2344
2026-08-04 10:00:00,157.0,157.0,157.0,157.0,328,151.56,2344
2026-08-04 10:05:00,157.0,157.0,157.0,157.0,238,151.57,2344
2026-08-04 10:10:00,157.0,157.0,157.0,157.0,245,151.58,2344
2026-08-04 10:15:00,157.0,157.0,157.0,157.0,324,151.6,2344
2026-08-04 10:20:00,157.0,157.0,157.0,157.0,209,151.61,2344
2026-08-04 10:25:00,157.0,157.0,157.0,157.0,140,151.62,2344
2026-08-04 10:30:00,157.0,157.0,157.0,157.0,108,151.62,2344
2026-08-04 10:35:00,157.0,157.0,157.0,157.0,146,151.63,2344
2026-08-04 10:40:00,157.0,157.0,157.0,157.0,121,151.63,2344
2026-08-04 10:45:00,157.0,157.0,157.0,157.0,123,151.64,2344
2026-08-04 10:50:00,157.0,157.0,157.0,157.0,480,151.66,2344
2026-08-04 10:55:00,157.0,157.0,157.0,157.0,112,151.67,2344
2026-08-04 11:00:00,157.0,157.0,157.0,157.0,317,151.68,2344
2026-08-04 11:05:00,157.0,157.0,157.0,157.0,266,151.7,2344
2026-08-04 11:10:00,157.0,157.0,157.0,157.0,689,151.73,2344
2026-08-04 11:15:00,157.0,157.0,157.0,157.0,672,151.76,2344
2026-08-04 11:20:00,157.0,157.0,157.0,157.0,105,151.77,2344
2026-08-04 11:25:00,157.0,157.0,157.0,157.0,4574,151.97,2344
2026-08-04 11:30:00,157.0,157.0,157.0,157.0,162,151.98,2344
2026-08-04 11:35:00,157.0,157.0,157.0,157.0,123,151.98,2344
2026-08-04 11:40:00,157.0,157.0,157.0,157.0,158,151.99,2344
2026-08-04 11:45:00,157.0,157.0,157.0,157.0,161,152.0,2344
2026-08-04 11:50:00,157.0,157.0,157.0,157.0,222,152.01,2344
2026-08-04 11:55:00,157.0,157.0,157.0,157.0,92,152.01,2344
2026-08-04 12:00:00,157.0,157.0,157.0,157.0,118,152.01,2344
2026-08-04 12:05:00,157.0,157.0,157.0,157.0,123,152.02,2344
2026-08-04 12:10:00,157.0,157.0,157.0,157.0,88,152.02,2344
2026-08-04 12:15:00,157.0,157.0,157.0,157.0,123,152.03,2344
2026-08-04 12:20:00,157.0,157.0,157.0,157.0,408,152.05,2344
2026-08-04 12:25:00,157.0,157.0,157.0,157.0,74,152.05,2344
2026-08-04 12:30:00,157.0,157.0,157.0,157.0,62,152.05,2344
2026-08-04 12:35:00,157.0,157.0,157.0,157.0,103,152.05,2344
2026-08-04 12:40:00,157.0,157.0,157.0,157.0,54,152.06,2344
2026-08-04 12:45:00,157.0,157.0,157.0,157.0,61,152.06,2344
2026-08-04 12:50:00,157.0,157.0,157.0,157.0,63,152.06,2344
2026-08-04 12:55:00,157.0,157.0,157.0,157.0,37,152.06,2344
2026-08-04 13:00:00,157.0,157.0,157.0,157.0,83,152.07,2344
2026-08-04 13:05:00,157.0,157.0,157.0,157.0,99,152.07,2344
2026-08-04 13:10:00,157.0,157.0,157.0,157.0,260,152.08,2344
2026-08-04 13:15:00,157.0,157.0,157.0,157.0,118,152.09,2344
2026-08-04 13:20:00,157.0,157.0,157.0,157.0,80,152.09,2344
2026-08-04 13:30:00,157.0,157.0,157.0,157.0,119,152.09,2344
2026-08-05 09:00:00,167.0,168.5,164.5,166.5,35914,166.82,2344
2026-08-05 09:05:00,166.0,169.5,165.5,167.0,14350,167.03,2344
2026-08-05 09:10:00,167.0,167.5,164.5,166.5,10232,166.82,2344
2026-08-05 09:15:00,166.0,167.5,165.5,165.5,5427,166.79,2344
2026-08-05 09:20:00,165.5,169.0,165.5,167.0,7197,166.84,2344
2026-08-05 09:25:00,167.0,170.0,166.0,169.5,10378,167.05,2344
2026-08-05 09:30:00,169.5,172.0,168.5,170.5,12519,167.54,2344
2026-08-05 09:35:00,170.0,170.5,169.0,169.5,3479,167.61,2344
2026-08-05 09:40:00,169.0,169.5,168.0,168.5,1485,167.63,2344
2026-08-05 09:45:00,169.0,172.0,168.5,172.0,6262,167.81,2344
2026-08-05 09:50:00,172.0,172.0,170.5,171.0,3232,167.92,2344
2026-08-05 09:55:00,171.0,171.5,171.0,171.0,1518,167.96,2344
2026-08-05 10:00:00,171.0,172.5,171.0,171.5,32244,168.93,2344
2026-08-05 10:05:00,172.0,172.5,171.5,172.5,10690,169.17,2344
2026-08-05 10:10:00,172.5,172.5,172.5,172.5,873,169.19,2344
2026-08-05 10:15:00,172.5,172.5,172.5,172.5,660,169.21,2344
2026-08-05 10:20:00,172.5,172.5,172.5,172.5,443,169.22,2344
2026-08-05 10:25:00,172.5,172.5,172.5,172.5,331,169.22,2344
2026-08-05 10:30:00,172.5,172.5,172.5,172.5,391,169.23,2344
2026-08-05 10:35:00,172.5,172.5,172.5,172.5,297,169.24,2344
2026-08-05 10:40:00,172.5,172.5,172.5,172.5,469,169.25,2344
2026-08-05 10:45:00,172.5,172.5,172.5,172.5,247,169.25,2344
2026-08-05 10:50:00,172.5,172.5,172.5,172.5,250,169.26,2344
2026-08-05 10:55:00,172.5,172.5,172.5,172.5,548,169.27,2344
2026-08-05 11:00:00,172.5,172.5,172.5,172.5,217,169.27,2344
2026-08-05 11:05:00,172.5,172.5,172.5,172.5,526,169.28,2344
2026-08-05 11:10:00,172.5,172.5,172.5,172.5,637,169.3,2344
2026-08-05 11:15:00,172.5,172.5,172.5,172.5,694,169.31,2344
2026-08-05 11:20:00,172.5,172.5,172.5,172.5,901,169.33,2344
2026-08-05 11:25:00,172.5,172.5,169.5,170.0,16660,169.56,2344
2026-08-05 11:30:00,170.5,171.0,168.5,171.0,5440,169.57,2344
2026-08-05 11:35:00,170.5,171.5,170.5,171.0,1501,169.58,2344
2026-08-05 11:40:00,171.0,172.0,171.0,172.0,2215,169.61,2344
2026-08-05 11:45:00,172.0,172.0,170.5,171.0,1888,169.62,2344
2026-08-05 11:50:00,171.0,171.5,170.5,171.0,1048,169.63,2344
2026-08-05 11:55:00,171.0,172.0,171.0,171.0,1157,169.64,2344
2026-08-05 12:00:00,171.0,171.5,170.0,170.0,1674,169.65,2344
2026-08-05 12:05:00,170.0,171.0,169.5,170.0,3552,169.66,2344
2026-08-05 12:10:00,170.0,170.5,170.0,170.5,828,169.66,2344
2026-08-05 12:15:00,170.5,170.5,169.0,169.0,1734,169.67,2344
2026-08-05 12:20:00,169.5,170.0,169.0,169.0,1525,169.66,2344
2026-08-05 12:25:00,169.0,170.0,168.5,169.0,2881,169.66,2344
2026-08-05 12:30:00,169.5,170.0,168.0,170.0,1783,169.65,2344
2026-08-05 12:35:00,170.0,170.0,168.5,169.5,1532,169.65,2344
2026-08-05 12:40:00,170.0,170.5,169.0,169.0,1602,169.65,2344
2026-08-05 12:45:00,169.0,169.5,168.5,169.0,1203,169.65,2344
2026-08-05 12:50:00,169.0,169.5,168.0,169.5,1793,169.64,2344
2026-08-05 12:55:00,169.5,170.0,169.0,169.5,763,169.64,2344
2026-08-05 13:00:00,170.0,170.0,168.5,169.0,1322,169.64,2344
2026-08-05 13:05:00,169.0,169.5,168.5,169.0,1603,169.63,2344
2026-08-05 13:10:00,169.0,169.0,168.5,168.5,1329,169.63,2344
2026-08-05 13:15:00,168.5,169.0,168.5,168.5,1482,169.62,2344
2026-08-05 13:20:00,169.0,169.0,167.5,168.5,4086,169.6,2344
2026-08-05 13:30:00,169.0,169.0,169.0,169.0,2851,169.59,2344
2026-08-06 09:00:00,165.5,169.5,164.0,169.5,21745,167.17,2344
2026-08-06 09:05:00,169.5,170.0,167.0,169.0,10806,167.69,2344
2026-08-06 09:10:00,168.5,169.0,166.0,167.0,6764,167.68,2344
2026-08-06 09:15:00,167.0,167.5,164.5,164.5,6336,167.37,2344
2026-08-06 09:20:00,165.0,165.5,163.0,165.5,8415,166.84,2344
2026-08-06 09:25:00,165.5,167.0,165.0,167.0,4002,166.77,2344
2026-08-06 09:30:00,167.0,168.0,165.0,165.5,5167,166.76,2344
2026-08-06 09:35:00,165.5,165.5,163.0,164.5,4755,166.58,2344
2026-08-06 09:40:00,164.5,164.5,162.0,163.0,6071,166.3,2344
2026-08-06 09:45:00,163.0,165.0,163.0,164.5,2165,166.23,2344
2026-08-06 09:50:00,164.5,165.5,164.0,164.5,2770,166.17,2344
2026-08-06 09:55:00,164.5,165.0,163.0,163.5,1759,166.12,2344
2026-08-06 10:00:00,163.5,165.0,163.0,165.0,1486,166.09,2344
2026-08-06 10:05:00,165.0,165.5,164.0,164.5,1440,166.07,2344
2026-08-06 10:10:00,164.5,165.5,164.0,165.0,1627,166.05,2344
2026-08-06 10:15:00,165.0,166.0,165.0,165.5,1523,166.04,2344
2026-08-06 10:20:00,165.5,167.5,165.0,167.5,4145,166.06,2344
2026-08-06 10:25:00,167.5,167.5,166.5,167.0,2101,166.08,2344
2026-08-06 10:30:00,166.5,169.5,166.0,169.0,6964,166.23,2344
2026-08-06 10:35:00,169.5,170.5,168.5,168.5,9010,166.5,2344
2026-08-06 10:40:00,169.0,170.0,168.5,169.5,3150,166.58,2344
2026-08-06 10:45:00,169.5,170.5,169.0,169.5,4477,166.71,2344
2026-08-06 10:50:00,169.0,169.5,168.5,169.5,2498,166.76,2344
2026-08-06 10:55:00,169.5,169.5,168.5,168.5,866,166.77,2344
2026-08-06 11:00:00,168.5,169.5,168.5,169.0,1120,166.79,2344
2026-08-06 11:05:00,169.0,169.5,167.5,167.5,2562,166.82,2344
2026-08-06 11:10:00,167.5,168.5,167.5,168.0,1346,166.83,2344
2026-08-06 11:15:00,168.0,168.5,167.5,168.0,785,166.84,2344
2026-08-06 11:20:00,168.0,169.5,168.0,169.5,1203,166.86,2344
2026-08-06 11:25:00,169.5,169.5,168.5,168.5,1173,166.88,2344
2026-08-06 11:30:00,169.0,170.5,168.5,169.5,5330,167.0,2344
2026-08-06 11:35:00,169.5,169.5,169.0,169.5,363,167.0,2344
2026-08-06 11:40:00,169.5,169.5,169.0,169.0,419,167.01,2344
2026-08-06 11:45:00,169.5,170.5,169.0,170.0,2352,167.06,2344
2026-08-06 11:50:00,170.0,170.0,169.0,169.0,1646,167.09,2344
2026-08-06 11:55:00,169.0,169.5,168.5,168.5,885,167.1,2344
2026-08-06 12:00:00,168.5,169.0,168.0,168.5,864,167.11,2344
2026-08-06 12:05:00,168.5,169.0,168.5,169.0,177,167.11,2344
2026-08-06 12:10:00,168.5,169.0,168.0,168.5,665,167.11,2344
2026-08-06 12:15:00,168.0,169.0,168.0,169.0,738,167.12,2344
2026-08-06 12:20:00,169.0,169.5,168.5,169.5,914,167.13,2344
2026-08-06 12:25:00,169.5,171.5,169.0,170.5,8543,167.32,2344
2026-08-06 12:30:00,170.5,172.0,170.0,170.5,3450,167.41,2344
2026-08-06 12:35:00,170.5,171.0,170.0,170.0,972,167.43,2344
2026-08-06 12:40:00,170.5,170.5,169.5,170.0,910,167.44,2344
2026-08-06 12:45:00,170.0,170.0,169.0,170.0,1358,167.46,2344
2026-08-06 12:50:00,170.0,171.0,169.5,170.0,2011,167.49,2344
2026-08-06 12:55:00,170.0,171.0,170.0,170.5,1741,167.53,2344
2026-08-06 13:00:00,170.5,173.0,170.5,172.0,8532,167.74,2344
2026-08-06 13:05:00,172.0,172.0,171.0,172.0,2090,167.79,2344
2026-08-06 13:10:00,172.0,172.0,171.0,171.5,1912,167.83,2344
2026-08-06 13:15:00,171.0,171.5,170.5,171.0,2338,167.87,2344
2026-08-06 13:20:00,171.0,171.0,170.0,170.5,2861,167.91,2344
2026-08-06 13:30:00,171.0,171.0,171.0,171.0,4289,167.98,2344
2026-08-07 09:00:00,170.0,170.5,162.0,165.0,26942,166.28,2344
2026-08-07 09:05:00,165.0,167.0,163.5,165.5,14316,165.89,2344
2026-08-07 09:10:00,165.5,166.5,164.0,164.5,8002,165.77,2344
2026-08-07 09:15:00,164.5,166.0,163.5,164.5,5604,165.65,2344
2026-08-07 09:20:00,164.5,165.0,163.0,164.5,5065,165.49,2344
2026-08-07 09:25:00,164.5,165.5,163.5,164.0,3514,165.43,2344
2026-08-07 09:30:00,164.5,165.0,164.0,164.0,2834,165.39,2344
2026-08-07 09:35:00,164.0,164.5,162.0,162.5,7569,165.15,2344
2026-08-07 09:40:00,162.0,163.5,162.0,163.0,3337,165.04,2344
2026-08-07 09:45:00,163.5,164.5,163.0,164.5,1586,165.02,2344
2026-08-07 09:50:00,164.5,164.5,163.5,164.0,1194,165.0,2344
2026-08-07 09:55:00,164.0,164.0,163.0,164.0,983,164.98,2344
2026-08-07 10:00:00,163.5,164.5,163.5,164.5,1202,164.97,2344
2026-08-07 10:05:00,164.5,165.0,162.5,163.0,4721,164.9,2344
2026-08-07 10:10:00,163.5,165.5,163.0,164.5,3781,164.89,2344
2026-08-07 10:15:00,164.5,165.0,164.0,164.5,2772,164.88,2344
2026-08-07 10:20:00,164.5,165.0,164.0,164.5,1772,164.88,2344
2026-08-07 10:25:00,164.5,164.5,163.5,164.0,1789,164.86,2344
2026-08-07 10:30:00,163.5,164.0,163.0,163.5,1067,164.84,2344
2026-08-07 10:35:00,163.0,163.5,163.0,163.5,1195,164.82,2344
2026-08-07 10:40:00,163.0,163.5,162.5,162.5,2952,164.77,2344
2026-08-07 10:45:00,162.5,163.0,162.0,163.0,4426,164.66,2344
2026-08-07 10:50:00,163.0,163.0,162.5,162.5,1709,164.63,2344
2026-08-07 10:55:00,162.5,162.5,162.0,162.0,741,164.61,2344
2026-08-07 11:00:00,162.0,163.5,162.0,163.5,1224,164.6,2344
2026-08-07 11:05:00,163.5,163.5,163.0,163.5,655,164.59,2344
2026-08-07 11:10:00,163.5,163.5,162.5,162.5,1611,164.57,2344
2026-08-07 11:15:00,162.5,163.0,162.0,162.0,1361,164.54,2344
2026-08-07 11:20:00,162.0,162.5,161.0,161.0,3358,164.46,2344
2026-08-07 11:25:00,161.5,161.5,160.5,161.0,3494,164.36,2344
2026-08-07 11:30:00,161.0,162.5,161.0,162.0,1768,164.33,2344
2026-08-07 11:35:00,162.5,162.5,162.0,162.0,187,164.33,2344
2026-08-07 11:40:00,162.0,162.5,162.0,162.0,643,164.31,2344
2026-08-07 11:45:00,162.0,163.0,162.0,163.0,926,164.3,2344
2026-08-07 11:50:00,163.0,163.0,162.5,162.5,678,164.29,2344
2026-08-07 11:55:00,162.5,164.0,162.5,163.5,1829,164.28,2344
2026-08-07 12:00:00,163.5,165.0,163.5,164.0,5391,164.28,2344
2026-08-07 12:05:00,164.0,165.5,164.0,165.5,5056,164.3,2344
2026-08-07 12:10:00,165.5,166.5,165.0,165.5,6523,164.38,2344
2026-08-07 12:15:00,165.5,166.0,164.0,164.5,1843,164.39,2344
2026-08-07 12:20:00,164.0,165.5,164.0,165.0,1479,164.39,2344
2026-08-07 12:25:00,165.0,165.5,164.5,164.5,681,164.4,2344
2026-08-07 12:30:00,164.5,165.5,164.5,164.5,629,164.4,2344
2026-08-07 12:35:00,165.0,165.0,163.5,164.0,756,164.4,2344
2026-08-07 12:40:00,164.0,164.0,162.5,163.0,1866,164.38,2344
2026-08-07 12:45:00,163.0,163.5,162.0,163.0,1650,164.36,2344
2026-08-07 12:50:00,163.0,163.0,161.5,162.0,2694,164.32,2344
2026-08-07 12:55:00,162.5,163.0,161.5,162.5,1353,164.3,2344
2026-08-07 13:00:00,163.0,164.0,162.5,164.0,793,164.3,2344
2026-08-07 13:05:00,164.0,164.5,163.0,163.5,2286,164.29,2344
2026-08-07 13:10:00,163.5,164.5,163.0,163.5,2633,164.29,2344
2026-08-07 13:15:00,164.0,164.0,163.5,163.5,1493,164.28,2344
2026-08-07 13:20:00,163.5,164.0,163.0,163.5,4898,164.26,2344
2026-08-07 13:30:00,163.5,163.5,163.5,163.5,5113,164.23,2344
2026-08-10 09:00:00,169.0,176.5,168.5,172.5,25077,172.88,2344
2026-08-10 09:05:00,172.5,173.5,168.5,169.5,12711,172.22,2344
2026-08-10 09:10:00,170.0,171.0,169.0,170.0,8260,171.82,2344
2026-08-10 09:15:00,170.0,174.5,169.5,173.5,12080,172.05,2344
2026-08-10 09:20:00,173.0,176.0,173.0,175.0,14513,172.61,2344
2026-08-10 09:25:00,175.0,179.0,175.0,177.5,18417,173.55,2344
2026-08-10 09:30:00,178.0,178.5,175.5,177.0,6845,173.8,2344
2026-08-10 09:35:00,177.0,179.5,177.0,179.5,36418,175.27,2344
2026-08-10 09:40:00,179.5,179.5,179.5,179.5,5112,175.42,2344
2026-08-10 09:45:00,179.5,179.5,179.5,179.5,2170,175.48,2344
2026-08-10 09:50:00,179.5,179.5,179.5,179.5,976,175.51,2344
2026-08-10 09:55:00,179.5,179.5,179.5,179.5,802,175.53,2344
2026-08-10 10:00:00,179.5,179.5,179.5,179.5,610,175.55,2344
2026-08-10 10:05:00,179.5,179.5,179.5,179.5,427,175.56,2344
2026-08-10 10:10:00,179.5,179.5,179.5,179.5,612,175.58,2344
2026-08-10 10:15:00,179.5,179.5,179.5,179.5,327,175.59,2344
2026-08-10 10:20:00,179.5,179.5,179.5,179.5,274,175.59,2344
2026-08-10 10:25:00,179.5,179.5,179.5,179.5,232,175.6,2344
2026-08-10 10:30:00,179.5,179.5,179.5,179.5,256,175.61,2344
2026-08-10 10:35:00,179.5,179.5,179.5,179.5,339,175.62,2344
2026-08-10 10:40:00,179.5,179.5,179.5,179.5,287,175.62,2344
2026-08-10 10:45:00,179.5,179.5,179.5,179.5,161,175.63,2344
2026-08-10 10:50:00,179.5,179.5,179.5,179.5,128,175.63,2344
2026-08-10 10:55:00,179.5,179.5,179.5,179.5,111,175.63,2344
2026-08-10 11:00:00,179.5,179.5,179.5,179.5,140,175.64,2344
2026-08-10 11:05:00,179.5,179.5,179.5,179.5,116,175.64,2344
2026-08-10 11:10:00,179.5,179.5,179.5,179.5,167,175.65,2344
2026-08-10 11:15:00,179.5,179.5,179.5,179.5,328,175.65,2344
2026-08-10 11:20:00,179.5,179.5,179.5,179.5,164,175.66,2344
2026-08-10 11:25:00,179.5,179.5,179.5,179.5,123,175.66,2344
2026-08-10 11:30:00,179.5,179.5,179.5,179.5,171,175.67,2344
2026-08-10 11:35:00,179.5,179.5,179.5,179.5,171,175.67,2344
2026-08-10 11:40:00,179.5,179.5,179.5,179.5,127,175.67,2344
2026-08-10 11:45:00,179.5,179.5,179.5,179.5,182,175.68,2344
2026-08-10 11:50:00,179.5,179.5,179.5,179.5,259,175.69,2344
2026-08-10 11:55:00,179.5,179.5,179.5,179.5,131,175.69,2344
2026-08-10 12:00:00,179.5,179.5,179.5,179.5,103,175.69,2344
2026-08-10 12:05:00,179.5,179.5,179.5,179.5,147,175.7,2344
2026-08-10 12:10:00,179.5,179.5,179.5,179.5,233,175.7,2344
2026-08-10 12:15:00,179.5,179.5,179.5,179.5,190,175.71,2344
2026-08-10 12:20:00,179.5,179.5,179.5,179.5,227,175.71,2344
2026-08-10 12:25:00,179.5,179.5,179.5,179.5,153,175.72,2344
2026-08-10 12:30:00,179.5,179.5,179.5,179.5,111,175.72,2344
2026-08-10 12:35:00,179.5,179.5,179.5,179.5,215,175.72,2344
2026-08-10 12:40:00,179.5,179.5,179.5,179.5,140,175.73,2344
2026-08-10 12:45:00,179.5,179.5,179.5,179.5,120,175.73,2344
2026-08-10 12:50:00,179.5,179.5,179.5,179.5,113,175.73,2344
2026-08-10 12:55:00,179.5,179.5,179.5,179.5,130,175.74,2344
2026-08-10 13:00:00,179.5,179.5,179.5,179.5,118,175.74,2344
2026-08-10 13:05:00,179.5,179.5,179.5,179.5,118,175.74,2344
2026-08-10 13:10:00,179.5,179.5,179.5,179.5,202,175.75,2344
2026-08-10 13:15:00,179.5,179.5,179.5,179.5,133,175.75,2344
2026-08-10 13:20:00,179.5,179.5,179.5,179.5,200,175.76,2344
2026-08-10 13:30:00,179.5,179.5,179.5,179.5,364,175.76,2344
2026-08-11 09:00:00,178.0,179.5,175.5,176.0,24630,177.55,2344
2026-08-11 09:05:00,176.5,181.0,175.0,178.5,21323,178.3,2344
2026-08-11 09:10:00,178.0,180.0,177.0,178.0,8046,178.33,2344
2026-08-11 09:15:00,178.0,178.5,175.5,176.0,10884,178.11,2344
2026-08-11 09:20:00,176.0,178.5,175.5,177.5,8489,177.95,2344
2026-08-11 09:25:00,177.5,178.0,176.5,177.5,2542,177.93,2344
2026-08-11 09:30:00,177.5,178.0,174.0,175.0,8819,177.68,2344
2026-08-11 09:35:00,175.0,175.5,173.0,173.0,6181,177.42,2344
2026-08-11 09:40:00,173.0,175.0,173.0,174.0,3716,177.28,2344
2026-08-11 09:45:00,174.0,175.0,173.0,175.0,2506,177.19,2344
2026-08-11 09:50:00,174.5,176.0,174.0,175.0,2969,177.13,2344
2026-08-11 09:55:00,175.0,175.0,173.0,173.0,2497,177.05,2344
2026-08-11 10:00:00,173.5,173.5,172.5,173.0,2671,176.95,2344
2026-08-11 10:05:00,173.0,174.0,173.0,173.5,1378,176.9,2344
2026-08-11 10:10:00,173.5,174.5,173.5,174.5,1082,176.87,2344
2026-08-11 10:15:00,174.0,174.5,173.5,174.0,1181,176.84,2344
2026-08-11 10:20:00,174.0,176.0,174.0,176.0,2353,176.8,2344
2026-08-11 10:25:00,176.0,176.0,175.0,175.5,2246,176.78,2344
2026-08-11 10:30:00,175.5,177.5,175.0,177.0,5288,176.76,2344
2026-08-11 10:35:00,177.0,177.0,175.0,175.5,1716,176.75,2344
2026-08-11 10:40:00,175.5,176.5,175.5,176.0,840,176.74,2344
2026-08-11 10:45:00,176.5,178.0,176.0,178.0,6515,176.77,2344
2026-08-11 10:50:00,177.5,178.5,175.5,175.5,4870,176.78,2344
2026-08-11 10:55:00,175.5,177.0,175.5,176.5,1804,176.77,2344
2026-08-11 11:00:00,177.0,177.5,176.0,177.5,1622,176.78,2344
2026-08-11 11:05:00,177.5,177.5,176.0,176.0,1134,176.78,2344
2026-08-11 11:10:00,176.5,177.0,176.0,176.5,795,176.77,2344
2026-08-11 11:15:00,176.5,177.5,176.5,177.5,1658,176.78,2344
2026-08-11 11:20:00,177.5,178.0,177.0,178.0,2523,176.79,2344
2026-08-11 11:25:00,178.0,179.0,177.5,179.0,5063,176.85,2344
2026-08-11 11:30:00,179.0,179.0,178.0,178.0,3068,176.88,2344
2026-08-11 11:35:00,178.0,178.5,178.0,178.0,774,176.89,2344
2026-08-11 11:40:00,178.0,179.0,178.0,178.5,1546,176.9,2344
2026-08-11 11:45:00,178.5,179.0,178.5,179.0,948,176.92,2344
2026-08-11 11:50:00,179.0,179.0,177.5,178.5,3853,176.95,2344
2026-08-11 11:55:00,178.5,178.5,177.0,177.5,1422,176.96,2344
2026-08-11 12:00:00,177.5,178.0,177.5,178.0,367,176.96,2344
2026-08-11 12:05:00,178.0,178.5,177.0,177.5,2083,176.97,2344
2026-08-11 12:10:00,177.5,178.0,177.0,178.0,423,176.98,2344
2026-08-11 12:15:00,177.5,178.0,177.0,177.5,1244,176.98,2344
2026-08-11 12:20:00,177.5,178.0,177.0,177.5,1487,176.98,2344
2026-08-11 12:25:00,177.5,178.0,177.5,178.0,399,176.98,2344
2026-08-11 12:30:00,178.0,178.0,177.0,177.0,622,176.99,2344
2026-08-11 12:35:00,177.0,177.5,176.5,177.0,1505,176.99,2344
2026-08-11 12:40:00,177.0,177.5,176.5,177.0,1350,176.99,2344
2026-08-11 12:45:00,177.0,177.5,176.5,177.5,1980,176.99,2344
2026-08-11 12:50:00,177.0,177.5,177.0,177.0,740,176.99,2344
2026-08-11 12:55:00,177.0,177.5,176.5,177.0,1552,176.99,2344
2026-08-11 13:00:00,177.0,178.0,177.0,177.0,2922,177.0,2344
2026-08-11 13:05:00,177.5,178.0,176.5,177.0,3010,177.0,2344
2026-08-11 13:10:00,177.0,177.5,176.5,176.5,1957,177.0,2344
2026-08-11 13:15:00,176.5,177.0,176.5,177.0,1661,177.0,2344
2026-08-11 13:20:00,176.5,177.5,176.0,177.0,5955,176.98,2344
2026-08-11 13:30:00,178.0,178.0,178.0,178.0,4752,177.01,2344
2026-08-12 09:00:00,186.5,193.0,186.0,187.5,28164,188.56,2344
2026-08-12 09:05:00,187.5,189.5,187.0,187.0,10972,188.52,2344
2026-08-12 09:10:00,187.0,187.5,184.5,185.0,11390,188.03,2344
2026-08-12 09:15:00,184.5,186.0,184.0,186.0,6781,187.68,2344
2026-08-12 09:20:00,186.5,187.0,183.0,184.0,6820,187.36,2344
2026-08-12 09:25:00,184.0,184.5,183.0,184.5,5683,187.06,2344
2026-08-12 09:30:00,184.5,184.5,181.5,182.0,8092,186.62,2344
2026-08-12 09:35:00,182.0,184.5,181.0,184.0,6650,186.31,2344
2026-08-12 09:40:00,184.0,185.5,183.0,185.5,3988,186.21,2344
2026-08-12 09:45:00,185.5,185.5,183.5,183.5,2622,186.16,2344
2026-08-12 09:50:00,183.5,184.0,182.0,182.5,3611,186.03,2344
2026-08-12 09:55:00,182.5,183.5,182.0,183.0,1945,185.96,2344
2026-08-12 10:00:00,183.0,183.0,180.5,181.0,5417,185.72,2344
2026-08-12 10:05:00,180.5,181.5,180.0,180.5,3657,185.55,2344
2026-08-12 10:10:00,180.5,181.0,178.5,181.0,6013,185.24,2344
2026-08-12 10:15:00,180.5,181.0,179.0,179.5,2687,185.11,2344
2026-08-12 10:20:00,179.5,180.0,178.5,179.0,3824,184.91,2344
2026-08-12 10:25:00,179.0,180.0,178.5,179.5,2944,184.77,2344
2026-08-12 10:30:00,179.5,180.0,179.0,179.5,1941,184.69,2344
2026-08-12 10:35:00,179.5,179.5,178.5,179.0,1582,184.62,2344
2026-08-12 10:40:00,178.5,179.0,178.5,179.0,1649,184.55,2344
2026-08-12 10:45:00,178.5,180.0,178.5,180.0,1658,184.47,2344
2026-08-12 10:50:00,179.5,180.0,178.5,179.0,1233,184.42,2344
2026-08-12 10:55:00,179.0,179.0,177.0,178.5,5502,184.16,2344
2026-08-12 11:00:00,178.5,179.0,178.0,179.0,871,184.12,2344
2026-08-12 11:05:00,179.0,179.5,178.5,179.0,1556,184.06,2344
2026-08-12 11:10:00,179.5,180.0,178.5,179.0,1572,184.01,2344
2026-08-12 11:15:00,179.0,179.5,178.5,179.5,539,183.99,2344
2026-08-12 11:20:00,179.5,179.5,178.5,179.0,438,183.97,2344
2026-08-12 11:25:00,179.0,179.0,177.5,178.0,2070,183.89,2344
2026-08-12 11:30:00,177.5,178.0,177.5,178.0,572,183.86,2344
2026-08-12 11:35:00,177.5,178.0,175.5,175.5,5382,183.6,2344
2026-08-12 11:40:00,175.5,176.5,175.0,175.5,3387,183.43,2344
2026-08-12 11:45:00,176.0,177.5,175.5,177.0,2263,183.33,2344
2026-08-12 11:50:00,177.5,178.0,176.0,176.0,1213,183.28,2344
2026-08-12 11:55:00,176.0,177.5,176.0,177.0,1061,183.24,2344
2026-08-12 12:00:00,177.0,177.5,176.5,177.0,1476,183.17,2344
2026-08-12 12:05:00,176.5,177.0,176.0,177.0,1278,183.12,2344
2026-08-12 12:10:00,176.5,177.5,176.5,177.0,1803,183.05,2344
2026-08-12 12:15:00,177.0,177.5,176.0,176.0,1468,182.99,2344
2026-08-12 12:20:00,176.0,176.5,176.0,176.0,1531,182.93,2344
2026-08-12 12:25:00,176.0,176.5,176.0,176.0,2188,182.83,2344
2026-08-12 12:30:00,176.0,177.5,176.0,176.5,1902,182.77,2344
2026-08-12 12:35:00,177.0,177.0,176.0,176.5,1205,182.72,2344
2026-08-12 12:40:00,176.5,177.0,176.0,176.0,730,182.7,2344
2026-08-12 12:45:00,176.5,176.5,176.0,176.0,975,182.66,2344
2026-08-12 12:50:00,176.0,176.5,175.0,175.0,2464,182.56,2344
2026-08-12 12:55:00,175.0,176.0,175.0,175.5,2044,182.47,2344
2026-08-12 13:00:00,175.5,176.0,175.0,175.0,2146,182.39,2344
2026-08-12 13:05:00,175.0,175.5,174.5,175.0,5063,182.18,2344
2026-08-12 13:10:00,175.5,178.5,174.5,178.5,8024,181.95,2344
2026-08-12 13:15:00,178.5,178.5,177.0,177.0,3546,181.87,2344
2026-08-12 13:20:00,177.5,178.0,176.5,176.5,4247,181.77,2344
2026-08-12 13:30:00,177.0,177.0,177.0,177.0,6904,181.61,2344
2026-08-13 09:00:00,183.0,183.5,179.5,181.0,23531,181.34,2344
2026-08-13 09:05:00,180.5,182.0,179.0,180.5,9168,181.13,2344
2026-08-13 09:10:00,180.0,181.0,179.0,179.5,5694,180.93,2344
2026-08-13 09:15:00,179.0,179.5,177.5,179.0,6861,180.56,2344
2026-08-13 09:20:00,179.0,181.5,178.5,180.5,7061,180.56,2344
2026-08-13 09:25:00,180.5,182.5,180.0,181.0,8654,180.71,2344
2026-08-13 09:30:00,180.5,181.0,179.5,180.0,3142,180.68,2344
2026-08-13 09:35:00,179.5,182.5,179.5,181.0,8086,180.77,2344
2026-08-13 09:40:00,181.0,182.5,180.5,182.5,5001,180.81,2344
2026-08-13 09:45:00,182.5,183.0,181.0,182.0,10335,180.98,2344
2026-08-13 09:50:00,182.0,185.0,181.5,185.0,13205,181.25,2344
2026-08-13 09:55:00,184.5,185.0,182.0,183.5,13705,181.56,2344
2026-08-13 10:00:00,184.0,184.0,181.5,183.0,5511,181.59,2344
2026-08-13 10:05:00,183.0,184.0,182.0,182.0,4914,181.65,2344
2026-08-13 10:10:00,182.5,183.0,181.5,182.5,2379,181.66,2344
2026-08-13 10:15:00,182.5,184.0,182.5,182.5,4936,181.72,2344
2026-08-13 10:20:00,183.0,183.0,181.5,181.5,2734,181.73,2344
2026-08-13 10:25:00,181.5,182.0,180.0,180.0,5663,181.7,2344
2026-08-13 10:30:00,180.0,180.5,178.5,178.5,6554,181.6,2344
2026-08-13 10:35:00,178.5,180.0,178.0,179.5,4110,181.52,2344
2026-08-13 10:40:00,180.0,180.0,179.0,179.5,2380,181.49,2344
2026-08-13 10:45:00,179.5,179.5,178.5,179.0,2099,181.46,2344
2026-08-13 10:50:00,179.0,180.0,178.5,179.0,1117,181.44,2344
2026-08-13 10:55:00,179.0,180.5,179.0,180.5,1816,181.42,2344
2026-08-13 11:00:00,180.0,180.5,179.0,179.5,1674,181.4,2344
2026-08-13 11:05:00,179.5,180.5,179.0,180.0,1448,181.39,2344
2026-08-13 11:10:00,180.0,180.5,179.5,180.0,1366,181.38,2344
2026-08-13 11:15:00,179.5,181.5,179.5,181.0,3294,181.37,2344
2026-08-13 11:20:00,181.0,182.5,181.0,181.0,5160,181.38,2344
2026-08-13 11:25:00,181.0,181.5,180.0,180.0,1356,181.37,2344
2026-08-13 11:30:00,180.0,180.5,179.5,179.5,1128,181.36,2344
2026-08-13 11:35:00,179.5,181.0,179.5,180.5,1185,181.36,2344
2026-08-13 11:40:00,180.5,181.0,180.0,180.0,711,181.35,2344
2026-08-13 11:45:00,180.0,180.5,179.5,179.5,824,181.34,2344
2026-08-13 11:50:00,179.5,180.0,179.0,179.5,987,181.33,2344
2026-08-13 11:55:00,179.0,179.5,178.5,179.0,2404,181.3,2344
2026-08-13 12:00:00,179.5,180.5,179.0,180.0,1261,181.29,2344
2026-08-13 12:05:00,180.0,180.5,179.5,179.5,688,181.29,2344
2026-08-13 12:10:00,179.5,181.0,179.5,180.5,1800,181.28,2344
2026-08-13 12:15:00,180.5,180.5,179.5,180.0,779,181.27,2344
2026-08-13 12:20:00,180.0,180.0,179.0,179.5,978,181.26,2344
2026-08-13 12:25:00,179.5,180.0,179.5,179.5,789,181.26,2344
2026-08-13 12:30:00,180.0,180.5,179.5,180.0,1695,181.25,2344
2026-08-13 12:35:00,180.0,180.5,179.0,179.0,1045,181.24,2344
2026-08-13 12:40:00,179.0,180.0,179.0,179.5,1223,181.23,2344
2026-08-13 12:45:00,179.5,180.0,179.0,179.0,1157,181.21,2344
2026-08-13 12:50:00,179.0,179.5,178.5,179.0,2539,181.18,2344
2026-08-13 12:55:00,179.0,180.0,179.0,179.0,1488,181.17,2344
2026-08-13 13:00:00,179.0,179.5,178.0,178.0,2822,181.13,2344
2026-08-13 13:05:00,178.0,179.0,178.0,178.5,3550,181.09,2344
2026-08-13 13:10:00,178.5,179.0,178.0,178.0,3729,181.04,2344
2026-08-13 13:15:00,178.0,178.5,177.5,177.5,6266,180.95,2344
2026-08-13 13:20:00,178.0,178.0,177.0,177.5,5500,180.86,2344
2026-08-13 13:30:00,177.0,177.0,177.0,177.0,7512,180.73,2344
2026-08-14 09:00:00,183.0,189.0,183.0,185.0,34610,186.68,2344
2026-08-14 09:05:00,185.0,189.0,184.5,188.5,20693,186.95,2344
2026-08-14 09:10:00,189.0,191.0,188.0,189.5,25843,187.78,2344
2026-08-14 09:15:00,189.5,190.0,186.0,187.5,10419,187.79,2344
2026-08-14 09:20:00,187.0,189.0,187.0,187.0,6414,187.81,2344
2026-08-14 09:25:00,187.5,189.5,187.5,189.0,8007,187.87,2344
2026-08-14 09:30:00,188.5,189.0,185.5,186.0,8953,187.81,2344
2026-08-14 09:35:00,186.0,188.0,185.5,187.5,5889,187.77,2344
2026-08-14 09:40:00,187.5,188.5,187.0,187.5,3602,187.78,2344
2026-08-14 09:45:00,188.0,188.5,186.5,187.0,3735,187.77,2344
2026-08-14 09:50:00,187.5,188.5,187.0,187.5,5038,187.78,2344
2026-08-14 09:55:00,187.5,188.0,186.5,186.5,2115,187.77,2344
2026-08-14 10:00:00,186.5,187.5,186.5,187.0,2083,187.76,2344
2026-08-14 10:05:00,187.0,187.5,186.0,186.5,1974,187.74,2344
2026-08-14 10:10:00,186.0,186.0,185.0,185.5,5238,187.67,2344
2026-08-14 10:15:00,185.5,185.5,183.5,183.5,5625,187.54,2344
2026-08-14 10:20:00,183.5,185.0,183.0,185.0,5206,187.42,2344
2026-08-14 10:25:00,185.0,185.5,184.5,185.0,1732,187.39,2344
2026-08-14 10:30:00,185.0,185.5,184.0,185.0,2411,187.35,2344
2026-08-14 10:35:00,185.0,186.5,185.0,185.5,2731,187.32,2344
2026-08-14 10:40:00,185.5,186.0,184.5,185.5,1231,187.3,2344
2026-08-14 10:45:00,186.0,186.0,185.5,186.0,918,187.3,2344
2026-08-14 10:50:00,185.5,186.0,184.5,185.0,1022,187.28,2344
2026-08-14 10:55:00,184.5,185.0,184.5,184.5,508,187.28,2344
2026-08-14 11:00:00,185.0,185.0,182.0,182.5,8064,187.08,2344
2026-08-14 11:05:00,182.0,183.5,181.5,182.5,3379,186.99,2344
2026-08-14 11:10:00,182.5,183.0,182.0,182.0,1649,186.95,2344
2026-08-14 11:15:00,182.0,183.5,182.0,183.5,2111,186.91,2344
2026-08-14 11:20:00,183.5,184.0,182.5,183.0,1345,186.88,2344
2026-08-14 11:25:00,183.0,183.5,182.5,183.0,732,186.86,2344
2026-08-14 11:30:00,183.0,183.5,182.0,182.0,1322,186.83,2344
2026-08-14 11:35:00,182.5,183.0,182.0,182.5,1181,186.8,2344
2026-08-14 11:40:00,182.0,183.0,182.0,183.0,2450,186.74,2344
2026-08-14 11:45:00,182.5,183.0,181.5,182.0,1142,186.72,2344
2026-08-14 11:50:00,182.0,182.5,181.5,182.0,967,186.69,2344
2026-08-14 11:55:00,182.0,182.0,180.5,180.5,3860,186.58,2344
2026-08-14 12:00:00,180.5,181.5,180.5,181.0,1426,186.54,2344
2026-08-14 12:05:00,181.5,181.5,180.5,181.5,1137,186.51,2344
2026-08-14 12:10:00,181.5,181.5,181.0,181.5,464,186.49,2344
2026-08-14 12:15:00,181.5,181.5,181.0,181.0,451,186.48,2344
2026-08-14 12:20:00,181.0,181.5,181.0,181.5,600,186.47,2344
2026-08-14 12:25:00,181.0,182.0,180.5,181.5,3152,186.39,2344
2026-08-14 12:30:00,181.5,181.5,181.0,181.0,1018,186.36,2344
2026-08-14 12:35:00,181.0,182.5,180.5,182.5,4645,186.24,2344
2026-08-14 12:40:00,182.5,182.5,182.0,182.5,823,186.23,2344
2026-08-14 12:45:00,182.5,182.5,182.0,182.5,540,186.22,2344
2026-08-14 12:50:00,182.0,183.0,181.5,182.5,3022,186.16,2344
2026-08-14 12:55:00,183.0,185.5,183.0,184.5,7035,186.1,2344
2026-08-14 13:00:00,184.0,184.5,183.0,183.0,1655,186.09,2344
2026-08-14 13:05:00,183.5,183.5,182.5,183.0,1395,186.07,2344
2026-08-14 13:10:00,183.0,184.5,182.5,184.5,2972,186.03,2344
2026-08-14 13:15:00,184.5,185.0,184.0,184.5,2128,186.02,2344
2026-08-14 13:20:00,184.5,185.0,183.5,184.0,2964,186.0,2344
2026-08-14 13:30:00,183.5,183.5,183.5,183.5,5446,185.94,2344
2026-08-17 09:00:00,185.5,188.0,182.0,188.0,17876,184.63,2344
2026-08-17 09:05:00,188.0,190.0,186.0,187.5,13740,186.19,2344
2026-08-17 09:10:00,187.0,187.5,184.0,184.0,8198,186.08,2344
2026-08-17 09:15:00,184.5,185.5,183.0,185.5,7188,185.79,2344
2026-08-17 09:20:00,185.5,186.5,184.0,186.0,6427,185.75,2344
2026-08-17 09:25:00,186.5,187.0,186.0,186.0,3437,185.81,2344
2026-08-17 09:30:00,186.0,186.5,184.0,184.0,3045,185.77,2344
2026-08-17 09:35:00,184.0,185.5,184.0,185.0,2000,185.74,2344
2026-08-17 09:40:00,185.0,185.0,183.0,183.5,4282,185.6,2344
2026-08-17 09:45:00,183.0,185.0,183.0,184.5,2636,185.54,2344
2026-08-17 09:50:00,184.5,185.0,184.0,184.5,727,185.53,2344
2026-08-17 09:55:00,184.5,185.0,183.5,183.5,1762,185.49,2344
2026-08-17 10:00:00,184.0,184.0,182.5,184.0,3319,185.4,2344
2026-08-17 10:05:00,184.0,184.5,183.5,184.5,920,185.38,2344
2026-08-17 10:10:00,184.5,185.0,184.0,184.5,1009,185.36,2344
2026-08-17 10:15:00,184.0,185.0,184.0,185.0,765,185.35,2344
2026-08-17 10:20:00,185.0,185.0,184.0,185.0,1137,185.34,2344
2026-08-17 10:25:00,184.5,185.0,184.0,184.5,769,185.33,2344
2026-08-17 10:30:00,184.5,185.0,184.0,184.5,760,185.33,2344
2026-08-17 10:35:00,184.0,184.5,183.5,184.0,958,185.31,2344
2026-08-17 10:40:00,184.0,184.5,183.5,184.0,276,185.31,2344
2026-08-17 10:45:00,184.0,185.0,184.0,184.5,764,185.3,2344
2026-08-17 10:50:00,185.0,185.5,184.5,185.0,2643,185.29,2344
2026-08-17 10:55:00,185.0,185.0,184.5,184.5,199,185.29,2344
2026-08-17 11:00:00,184.5,185.0,184.5,184.5,229,185.29,2344
2026-08-17 11:05:00,184.5,185.0,184.5,184.5,488,185.28,2344
2026-08-17 11:10:00,185.0,185.0,184.5,184.5,355,185.28,2344
2026-08-17 11:15:00,184.5,185.0,184.0,184.5,370,185.28,2344
2026-08-17 11:20:00,185.0,185.0,184.0,184.0,293,185.27,2344
2026-08-17 11:25:00,184.0,185.0,184.0,184.5,657,185.27,2344
2026-08-17 11:30:00,184.0,184.5,184.0,184.0,330,185.27,2344
2026-08-17 11:35:00,184.5,184.5,184.0,184.5,214,185.26,2344
2026-08-17 11:40:00,184.5,185.0,184.0,184.5,570,185.26,2344
2026-08-17 11:45:00,184.5,184.5,184.0,184.0,148,185.26,2344
2026-08-17 11:50:00,184.0,184.5,184.0,184.0,464,185.25,2344
2026-08-17 11:55:00,184.0,185.0,184.0,185.0,859,185.24,2344
2026-08-17 12:00:00,185.0,185.0,184.5,184.5,122,185.24,2344
2026-08-17 12:05:00,184.5,185.0,184.5,184.5,281,185.24,2344
2026-08-17 12:10:00,184.5,185.0,184.5,184.5,624,185.24,2344
2026-08-17 12:15:00,184.5,185.0,184.0,184.5,392,185.23,2344
2026-08-17 12:20:00,184.5,184.5,182.5,183.0,4805,185.13,2344
2026-08-17 12:25:00,182.5,183.0,182.5,182.5,1369,185.1,2344
2026-08-17 12:30:00,183.0,183.0,182.0,182.5,2070,185.04,2344
2026-08-17 12:35:00,182.0,183.0,181.5,182.0,3523,184.94,2344
2026-08-17 12:40:00,181.5,182.0,181.5,181.5,1599,184.89,2344
2026-08-17 12:45:00,181.5,182.5,181.5,181.5,2170,184.83,2344
2026-08-17 12:50:00,182.0,183.0,181.5,182.0,1371,184.8,2344
2026-08-17 12:55:00,182.0,182.5,181.5,182.0,1246,184.77,2344
2026-08-17 13:00:00,181.5,182.5,181.5,182.0,1906,184.72,2344
2026-08-17 13:05:00,182.0,183.5,181.5,183.0,2698,184.66,2344
2026-08-17 13:10:00,183.5,183.5,183.0,183.0,1515,184.64,2344
2026-08-17 13:15:00,183.5,183.5,182.0,182.0,2768,184.59,2344
2026-08-17 13:20:00,182.0,183.0,182.0,182.0,3603,184.53,2344
2026-08-17 13:30:00,181.5,181.5,181.5,181.5,5234,184.4,2344
2026-08-18 09:00:00,186.0,192.0,185.0,188.5,36389,188.8,2344
2026-08-18 09:05:00,188.5,190.5,187.0,187.0,12000,188.8,2344
2026-08-18 09:10:00,187.0,189.0,186.5,187.5,7271,188.65,2344
2026-08-18 09:15:00,187.5,188.0,186.0,187.5,4424,188.51,2344
2026-08-18 09:20:00,187.5,188.5,186.0,187.0,6818,188.39,2344
2026-08-18 09:25:00,187.0,189.0,186.0,188.0,6682,188.35,2344
2026-08-18 09:30:00,188.0,189.0,187.0,187.5,2805,188.34,2344
2026-08-18 09:35:00,188.0,188.0,187.0,187.0,1318,188.32,2344
2026-08-18 09:40:00,187.5,187.5,185.0,185.5,4757,188.19,2344
2026-08-18 09:45:00,185.5,185.5,184.0,184.5,6135,187.96,2344
2026-08-18 09:50:00,185.0,185.0,183.5,184.0,4187,187.79,2344
2026-08-18 09:55:00,184.0,185.0,183.0,185.0,3046,187.67,2344
2026-08-18 10:00:00,184.5,185.5,184.0,184.5,1780,187.62,2344
2026-08-18 10:05:00,184.5,184.5,183.5,184.0,1245,187.57,2344
2026-08-18 10:10:00,184.0,184.5,182.5,183.0,3421,187.43,2344
2026-08-18 10:15:00,182.5,183.0,181.5,181.5,4408,187.21,2344
2026-08-18 10:20:00,181.5,182.0,180.5,180.5,5674,186.91,2344
2026-08-18 10:25:00,180.5,181.5,180.0,181.0,4170,186.69,2344
2026-08-18 10:30:00,180.5,182.0,180.5,181.0,2356,186.58,2344
2026-08-18 10:35:00,181.0,182.0,181.0,181.5,2096,186.5,2344
2026-08-18 10:40:00,181.5,181.5,180.5,181.0,2302,186.4,2344
2026-08-18 10:45:00,181.0,181.0,178.5,179.0,6257,186.07,2344
2026-08-18 10:50:00,179.5,179.5,178.5,179.0,2795,185.92,2344
2026-08-18 10:55:00,179.0,180.0,178.5,180.0,1056,185.87,2344
2026-08-18 11:00:00,180.0,180.5,179.0,179.5,1113,185.82,2344
2026-08-18 11:05:00,179.5,180.0,179.0,179.5,1181,185.76,2344
2026-08-18 11:10:00,179.5,180.0,179.0,179.0,841,185.72,2344
2026-08-18 11:15:00,179.5,180.0,179.0,179.5,929,185.68,2344
2026-08-18 11:20:00,179.5,180.0,179.0,179.0,622,185.65,2344
2026-08-18 11:25:00,179.0,180.0,179.0,179.0,1034,185.6,2344
2026-08-18 11:30:00,179.0,179.5,178.5,178.5,2446,185.49,2344
2026-08-18 11:35:00,178.5,179.5,178.5,178.5,1463,185.42,2344
2026-08-18 11:40:00,178.5,179.0,178.5,178.5,798,185.38,2344
2026-08-18 11:45:00,179.0,179.0,178.5,179.0,607,185.35,2344
2026-08-18 11:50:00,179.0,179.0,178.5,178.5,686,185.32,2344
2026-08-18 11:55:00,178.5,178.5,178.0,178.0,987,185.27,2344
2026-08-18 12:00:00,178.0,178.5,177.5,177.5,2688,185.13,2344
2026-08-18 12:05:00,177.5,178.0,177.0,177.5,1376,185.06,2344
2026-08-18 12:10:00,177.5,178.0,177.0,177.5,1079,185.01,2344
2026-08-18 12:15:00,177.5,178.5,177.5,178.5,1270,184.95,2344
2026-08-18 12:20:00,178.5,178.5,177.5,178.0,705,184.92,2344
2026-08-18 12:25:00,178.0,179.5,177.5,179.5,1567,184.85,2344
2026-08-18 12:30:00,179.5,180.0,179.0,179.0,806,184.83,2344
2026-08-18 12:35:00,179.5,181.0,179.0,180.0,2400,184.76,2344
2026-08-18 12:40:00,180.0,180.5,179.0,179.0,1043,184.72,2344
2026-08-18 12:45:00,179.5,179.5,178.0,179.0,993,184.69,2344
2026-08-18 12:50:00,179.0,179.0,178.5,179.0,544,184.67,2344
2026-08-18 12:55:00,178.5,179.0,178.5,179.0,357,184.65,2344
2026-08-18 13:00:00,179.0,179.0,177.5,178.0,3083,184.53,2344
2026-08-18 13:05:00,178.0,178.5,178.0,178.0,1272,184.48,2344
2026-08-18 13:10:00,178.5,178.5,177.0,177.5,2481,184.38,2344
2026-08-18 13:15:00,177.5,177.5,177.0,177.5,1612,184.31,2344
2026-08-18 13:20:00,177.5,177.5,176.0,176.5,5349,184.08,2344
2026-08-18 13:30:00,176.5,176.5,176.5,176.5,6104,183.83,2344
2026-08-19 09:00:00,167.0,169.5,165.5,166.5,13656,166.92,2344
2026-08-19 09:05:00,166.5,168.5,165.5,167.5,7436,167.04,2344
2026-08-19 09:10:00,167.5,168.5,167.0,168.0,3045,167.14,2344
2026-08-19 09:15:00,168.0,168.5,165.5,167.0,6924,167.03,2344
2026-08-19 09:20:00,167.0,168.0,166.5,167.5,3585,167.06,2344
2026-08-19 09:25:00,167.0,169.0,167.0,169.0,3837,167.15,2344
2026-08-19 09:30:00,168.5,169.0,167.0,167.0,4338,167.24,2344
2026-08-19 09:35:00,167.0,168.0,166.0,167.5,4784,167.21,2344
2026-08-19 09:40:00,167.5,168.5,167.0,168.5,2624,167.24,2344
2026-08-19 09:45:00,168.5,169.0,167.5,168.0,2969,167.3,2344
2026-08-19 09:50:00,167.5,168.0,167.0,168.0,1037,167.3,2344
2026-08-19 09:55:00,168.0,168.0,167.0,167.0,982,167.3,2344
2026-08-19 10:00:00,167.0,168.0,166.5,166.5,1945,167.3,2344
2026-08-19 10:05:00,166.5,167.0,165.5,165.5,6017,167.17,2344
2026-08-19 10:10:00,165.5,166.5,165.5,165.5,1908,167.13,2344
2026-08-19 10:15:00,165.5,166.0,165.0,165.5,2211,167.08,2344
2026-08-19 10:20:00,165.0,166.5,165.0,166.5,2887,167.01,2344
2026-08-19 10:25:00,166.0,167.0,166.0,167.0,744,167.01,2344
2026-08-19 10:30:00,166.5,167.0,166.0,166.0,1082,166.99,2344
2026-08-19 10:35:00,166.0,167.0,166.0,166.5,1216,166.98,2344
2026-08-19 10:40:00,166.5,167.0,166.0,166.5,658,166.98,2344
2026-08-19 10:45:00,166.0,168.0,166.0,167.5,2103,166.98,2344
2026-08-19 10:50:00,167.0,167.5,167.0,167.5,324,166.98,2344
2026-08-19 10:55:00,167.0,167.5,167.0,167.0,377,166.99,2344
2026-08-19 11:00:00,167.0,168.0,167.0,168.0,656,166.99,2344
2026-08-19 11:05:00,168.0,168.0,167.0,167.0,674,167.0,2344
2026-08-19 11:10:00,167.0,167.5,167.0,167.0,272,167.0,2344
2026-08-19 11:15:00,167.5,168.0,167.0,168.0,1084,167.0,2344
2026-08-19 11:20:00,168.0,168.0,167.0,167.5,717,167.01,2344
2026-08-19 11:25:00,167.5,168.0,167.5,167.5,315,167.01,2344
2026-08-19 11:30:00,168.0,168.5,167.5,168.0,2034,167.03,2344
2026-08-19 11:35:00,168.0,169.0,167.5,168.5,1968,167.06,2344
2026-08-19 11:40:00,168.0,168.5,168.0,168.0,335,167.07,2344
2026-08-19 11:45:00,168.5,168.5,168.0,168.5,591,167.08,2344
2026-08-19 11:50:00,168.0,168.5,168.0,168.0,903,167.09,2344
2026-08-19 11:55:00,168.5,168.5,167.5,168.0,1210,167.1,2344
2026-08-19 12:00:00,167.5,168.5,167.0,168.0,1088,167.11,2344
2026-08-19 12:05:00,167.5,168.0,167.5,168.0,237,167.11,2344
2026-08-19 12:10:00,168.0,168.0,167.0,167.5,539,167.12,2344
2026-08-19 12:15:00,167.0,168.0,167.0,167.5,526,167.12,2344
2026-08-19 12:20:00,167.5,168.0,167.0,167.0,588,167.12,2344
2026-08-19 12:25:00,167.0,167.5,167.0,167.5,421,167.12,2344
2026-08-19 12:30:00,167.5,167.5,166.5,166.5,2420,167.12,2344
2026-08-19 12:35:00,166.5,167.0,166.5,167.0,599,167.11,2344
2026-08-19 12:40:00,166.5,167.0,166.5,166.5,627,167.11,2344
2026-08-19 12:45:00,166.5,167.0,166.5,167.0,611,167.11,2344
2026-08-19 12:50:00,166.5,167.0,166.5,167.0,696,167.1,2344
2026-08-19 12:55:00,167.0,168.0,166.5,168.0,2095,167.1,2344
2026-08-19 13:00:00,167.5,168.0,167.5,167.5,635,167.11,2344
2026-08-19 13:05:00,168.0,168.0,167.5,167.5,998,167.11,2344
2026-08-19 13:10:00,167.5,168.0,167.5,167.5,1666,167.12,2344
2026-08-19 13:15:00,167.5,168.0,167.0,167.5,1970,167.13,2344
2026-08-19 13:20:00,167.5,167.5,167.0,167.5,2115,167.13,2344
2026-08-19 13:30:00,168.0,168.0,168.0,168.0,3328,167.16,2344
2026-08-20 09:00:00,174.0,180.0,174.0,179.0,21861,177.01,2344
2026-08-20 09:05:00,179.0,180.5,178.0,178.5,12030,177.88,2344
2026-08-20 09:10:00,178.5,180.0,177.0,177.5,7947,177.98,2344
2026-08-20 09:15:00,177.5,179.5,177.0,178.0,6906,178.01,2344
2026-08-20 09:20:00,178.0,179.5,178.0,179.0,5671,178.07,2344
2026-08-20 09:25:00,179.0,179.0,177.0,177.5,4208,178.06,2344
2026-08-20 09:30:00,178.0,178.0,175.5,176.5,5892,177.92,2344
2026-08-20 09:35:00,176.5,178.0,176.5,177.5,2905,177.89,2344
2026-08-20 09:40:00,177.5,179.0,177.5,178.0,3519,177.91,2344
2026-08-20 09:45:00,178.0,178.5,176.5,176.5,1785,177.89,2344
2026-08-20 09:50:00,176.5,177.0,175.0,175.5,3619,177.8,2344
2026-08-20 09:55:00,176.0,176.0,174.0,174.5,5187,177.6,2344
2026-08-20 10:00:00,174.5,175.5,173.0,175.0,5696,177.39,2344
2026-08-20 10:05:00,175.0,176.0,174.5,175.5,2301,177.33,2344
2026-08-20 10:10:00,175.5,176.5,175.0,176.0,2782,177.28,2344
2026-08-20 10:15:00,175.5,176.0,174.5,175.0,1185,177.25,2344
2026-08-20 10:20:00,175.0,175.0,173.5,174.0,2466,177.17,2344
2026-08-20 10:25:00,174.0,174.5,173.5,174.5,1665,177.12,2344
2026-08-20 10:30:00,174.5,176.5,174.0,176.0,2740,177.07,2344
2026-08-20 10:35:00,176.0,176.0,174.5,174.5,563,177.06,2344
2026-08-20 10:40:00,175.0,176.0,174.5,176.0,444,177.06,2344
2026-08-20 10:45:00,176.0,176.0,174.5,175.0,424,177.05,2344
2026-08-20 10:50:00,174.5,175.0,173.5,174.0,2232,176.98,2344
2026-08-20 10:55:00,174.5,175.0,174.0,174.5,525,176.97,2344
2026-08-20 11:00:00,174.5,176.0,174.5,175.5,1182,176.95,2344
2026-08-20 11:05:00,175.5,175.5,175.0,175.5,179,176.95,2344
2026-08-20 11:10:00,175.0,175.5,174.5,175.0,613,176.94,2344
2026-08-20 11:15:00,175.0,175.5,174.5,175.0,371,176.93,2344
2026-08-20 11:20:00,175.0,175.0,174.0,174.5,620,176.92,2344
2026-08-20 11:25:00,174.5,174.5,174.0,174.5,347,176.91,2344
2026-08-20 11:30:00,174.5,174.5,173.0,173.0,2330,176.84,2344
2026-08-20 11:35:00,173.5,173.5,172.0,172.0,3360,176.72,2344
2026-08-20 11:40:00,172.5,173.0,172.0,172.5,1436,176.67,2344
2026-08-20 11:45:00,172.5,173.0,172.0,172.5,790,176.64,2344
2026-08-20 11:50:00,172.5,173.0,172.0,172.5,656,176.61,2344
2026-08-20 11:55:00,172.5,172.5,172.0,172.0,507,176.59,2344
2026-08-20 12:00:00,172.0,173.0,172.0,172.5,785,176.57,2344
2026-08-20 12:05:00,172.5,174.5,172.5,174.5,1968,176.51,2344
2026-08-20 12:10:00,174.5,176.0,174.0,175.5,3249,176.47,2344
2026-08-20 12:15:00,175.5,176.5,175.5,176.0,4040,176.46,2344
2026-08-20 12:20:00,176.5,177.0,175.5,176.0,3117,176.45,2344
2026-08-20 12:25:00,176.0,176.5,175.5,176.0,584,176.45,2344
2026-08-20 12:30:00,176.0,176.5,175.5,176.0,1037,176.45,2344
2026-08-20 12:35:00,176.0,176.5,175.5,175.5,921,176.44,2344
2026-08-20 12:40:00,176.0,176.0,175.5,176.0,259,176.44,2344
2026-08-20 12:45:00,176.0,176.0,175.5,175.5,371,176.44,2344
2026-08-20 12:50:00,175.5,176.0,175.0,175.0,730,176.44,2344
2026-08-20 12:55:00,175.0,175.5,175.0,175.5,315,176.43,2344
2026-08-20 13:00:00,175.5,175.5,175.0,175.0,445,176.43,2344
2026-08-20 13:05:00,175.5,176.0,175.0,175.5,3196,176.41,2344
2026-08-20 13:10:00,175.5,176.0,175.0,175.5,773,176.4,2344
2026-08-20 13:15:00,175.5,176.0,175.5,175.5,2404,176.39,2344
2026-08-20 13:20:00,176.0,177.0,175.5,176.5,2987,176.39,2344
2026-08-20 13:30:00,176.5,176.5,176.5,176.5,4273,176.4,2344
2026-08-21 09:00:00,176.0,178.5,174.5,176.5,12728,176.79,2344
2026-08-21 09:05:00,177.0,177.0,175.0,177.0,5199,176.53,2344
2026-08-21 09:10:00,176.5,177.5,175.5,177.0,4304,176.54,2344
2026-08-21 09:15:00,177.0,181.0,176.5,181.0,12231,177.37,2344
2026-08-21 09:20:00,180.5,182.0,178.5,179.0,8025,177.94,2344
2026-08-21 09:25:00,179.0,180.5,178.5,179.0,3789,178.06,2344
2026-08-21 09:30:00,178.5,179.0,177.5,178.0,2496,178.06,2344
2026-08-21 09:35:00,178.0,178.5,177.0,177.5,2192,178.05,2344
2026-08-21 09:40:00,177.5,179.0,177.5,179.0,1483,178.06,2344
2026-08-21 09:45:00,179.0,179.0,178.0,178.5,1060,178.07,2344
2026-08-21 09:50:00,179.0,179.0,178.0,178.5,748,178.07,2344
2026-08-21 09:55:00,178.5,178.5,177.0,177.0,2657,178.05,2344
2026-08-21 10:00:00,177.0,178.0,176.0,176.0,3219,177.98,2344
2026-08-21 10:05:00,176.0,177.5,176.0,177.5,1789,177.94,2344
2026-08-21 10:10:00,177.5,178.0,176.5,177.0,917,177.93,2344
2026-08-21 10:15:00,177.5,177.5,176.5,177.0,998,177.92,2344
2026-08-21 10:20:00,177.0,177.5,176.5,177.0,575,177.91,2344
2026-08-21 10:25:00,177.0,177.5,177.0,177.5,420,177.9,2344
2026-08-21 10:30:00,177.0,177.5,177.0,177.5,236,177.9,2344
2026-08-21 10:35:00,177.0,177.5,176.5,176.5,831,177.89,2344
2026-08-21 10:40:00,176.5,177.0,176.5,177.0,1108,177.87,2344
2026-08-21 10:45:00,177.0,177.5,176.5,177.5,762,177.86,2344
2026-08-21 10:50:00,178.0,178.5,177.5,178.0,1175,177.87,2344
2026-08-21 10:55:00,178.0,179.5,178.0,179.0,4388,177.93,2344
2026-08-21 11:00:00,179.0,179.5,178.5,179.0,335,177.94,2344
2026-08-21 11:05:00,179.0,179.0,178.0,178.5,627,177.94,2344
2026-08-21 11:10:00,178.5,178.5,177.5,177.5,615,177.94,2344
2026-08-21 11:15:00,177.5,178.0,177.5,177.5,682,177.94,2344
2026-08-21 11:20:00,178.0,178.5,177.5,178.0,295,177.94,2344
2026-08-21 11:25:00,178.5,178.5,178.0,178.0,215,177.94,2344
2026-08-21 11:30:00,178.0,179.5,178.0,179.0,2618,177.97,2344
2026-08-21 11:35:00,179.5,179.5,178.5,178.5,423,177.98,2344
2026-08-21 11:40:00,179.0,179.0,178.0,178.5,609,177.98,2344
2026-08-21 11:45:00,178.5,179.5,178.0,179.0,1152,177.99,2344
2026-08-21 11:50:00,179.0,180.0,179.0,179.0,2046,178.03,2344
2026-08-21 11:55:00,179.0,179.5,178.5,179.0,756,178.04,2344
2026-08-21 12:00:00,179.0,179.5,178.5,179.0,535,178.04,2344
2026-08-21 12:05:00,179.0,179.5,179.0,179.5,471,178.05,2344
2026-08-21 12:10:00,179.5,180.0,179.0,179.5,2397,178.09,2344
2026-08-21 12:15:00,180.0,180.0,179.0,179.0,940,178.11,2344
2026-08-21 12:20:00,179.0,179.5,179.0,179.0,144,178.11,2344
2026-08-21 12:25:00,179.0,179.5,179.0,179.5,394,178.12,2344
2026-08-21 12:30:00,179.5,180.0,179.0,179.5,976,178.13,2344
2026-08-21 12:35:00,179.5,180.0,179.0,179.0,872,178.14,2344
2026-08-21 12:40:00,179.0,179.5,179.0,179.5,213,178.15,2344
2026-08-21 12:45:00,179.0,180.5,179.0,180.5,3938,178.22,2344
2026-08-21 12:50:00,180.5,180.5,179.5,179.5,1199,178.24,2344
2026-08-21 12:55:00,180.0,180.0,179.0,179.5,1287,178.26,2344
2026-08-21 13:00:00,179.5,180.0,179.0,180.0,740,178.27,2344
2026-08-21 13:05:00,180.0,180.0,179.5,179.5,886,178.28,2344
2026-08-21 13:10:00,180.0,181.0,179.5,181.0,3778,178.35,2344
2026-08-21 13:15:00,180.5,181.0,180.0,180.5,2466,178.41,2344
2026-08-21 13:20:00,181.0,181.0,180.0,180.5,2907,178.46,2344
2026-08-21 13:30:00,181.0,181.0,181.0,181.0,4907,178.57,2344
2026-08-24 09:00:00,179.5,182.0,175.5,181.5,15590,178.96,2344
2026-08-24 09:05:00,182.0,183.0,179.5,180.0,8847,179.82,2344
2026-08-24 09:10:00,180.0,182.5,179.5,182.0,4291,180.02,2344
2026-08-24 09:15:00,182.5,184.5,181.5,184.5,6739,180.6,2344
2026-08-24 09:20:00,184.0,184.0,181.5,181.5,4354,180.83,2344
2026-08-24 09:25:00,182.0,183.0,181.5,182.0,1737,180.89,2344
2026-08-24 09:30:00,182.5,182.5,181.0,181.5,2769,180.94,2344
2026-08-24 09:35:00,182.0,182.5,181.0,181.5,1940,180.97,2344
2026-08-24 09:40:00,181.5,182.5,181.5,181.5,1497,181.0,2344
2026-08-24 09:45:00,182.0,182.5,181.5,182.0,808,181.02,2344
2026-08-24 09:50:00,182.0,183.5,182.0,182.5,3588,181.15,2344
2026-08-24 09:55:00,182.5,183.0,180.5,180.5,2602,181.16,2344
2026-08-24 10:00:00,180.5,181.5,180.5,181.5,2228,181.15,2344
2026-08-24 10:05:00,181.5,182.0,180.5,181.0,1093,181.15,2344
2026-08-24 10:10:00,181.0,182.5,181.0,182.0,950,181.16,2344
2026-08-24 10:15:00,182.5,182.5,181.0,181.5,517,181.17,2344
2026-08-24 10:20:00,181.5,182.0,181.0,181.5,417,181.17,2344
2026-08-24 10:25:00,181.0,181.5,181.0,181.5,386,181.17,2344
2026-08-24 10:30:00,181.5,182.0,181.0,181.5,310,181.18,2344
2026-08-24 10:35:00,182.0,182.0,181.0,181.5,474,181.18,2344
2026-08-24 10:40:00,181.5,181.5,181.0,181.5,185,181.18,2344
2026-08-24 10:45:00,181.5,181.5,180.0,180.0,2212,181.16,2344
2026-08-24 10:50:00,180.5,180.5,180.0,180.0,1336,181.14,2344
2026-08-24 10:55:00,180.0,180.5,179.5,180.0,1107,181.12,2344
2026-08-24 11:00:00,180.0,180.5,179.5,180.0,874,181.11,2344
2026-08-24 11:05:00,180.0,180.0,179.0,179.5,1160,181.08,2344
2026-08-24 11:10:00,179.0,179.5,179.0,179.0,228,181.07,2344
2026-08-24 11:15:00,179.5,180.0,179.0,179.5,1142,181.04,2344
2026-08-24 11:20:00,179.5,179.5,179.0,179.5,652,181.03,2344
2026-08-24 11:25:00,179.5,179.5,179.0,179.5,302,181.02,2344
2026-08-24 11:30:00,179.5,180.0,179.0,179.0,442,181.01,2344
2026-08-24 11:35:00,179.5,179.5,179.0,179.0,216,181.0,2344
2026-08-24 11:40:00,179.5,180.0,179.0,179.5,708,180.99,2344
2026-08-24 11:45:00,179.0,179.5,178.5,178.5,1101,180.96,2344
2026-08-24 11:50:00,178.5,179.0,178.5,179.0,279,180.95,2344
2026-08-24 11:55:00,179.0,179.0,177.5,178.0,2578,180.85,2344
2026-08-24 12:00:00,178.0,178.0,177.0,177.0,1916,180.77,2344
2026-08-24 12:05:00,177.0,178.5,177.0,178.0,1819,180.69,2344
2026-08-24 12:10:00,178.0,178.0,177.5,178.0,278,180.68,2344
2026-08-24 12:15:00,178.0,178.5,177.5,178.0,349,180.67,2344
2026-08-24 12:20:00,178.0,178.5,177.5,177.5,582,180.65,2344
2026-08-24 12:25:00,178.0,178.0,177.0,177.0,793,180.62,2344
2026-08-24 12:30:00,177.0,177.5,177.0,177.5,329,180.6,2344
2026-08-24 12:35:00,177.0,178.0,177.0,177.5,967,180.57,2344
2026-08-24 12:40:00,177.5,178.0,177.5,178.0,172,180.56,2344
2026-08-24 12:45:00,178.0,178.0,177.5,178.0,257,180.56,2344
2026-08-24 12:50:00,178.0,178.0,177.5,178.0,348,180.54,2344
2026-08-24 12:55:00,178.0,178.0,176.5,177.0,2468,180.45,2344
2026-08-24 13:00:00,177.0,177.0,176.5,177.0,520,180.43,2344
2026-08-24 13:05:00,176.5,177.5,176.5,177.0,1680,180.36,2344
2026-08-24 13:10:00,177.5,177.5,177.0,177.0,661,180.34,2344
2026-08-24 13:15:00,177.5,177.5,176.0,176.0,2759,180.23,2344
2026-08-24 13:20:00,176.5,177.0,176.0,176.5,2287,180.14,2344
2026-08-24 13:30:00,177.0,177.0,177.0,177.0,4113,180.01,2344
2026-08-25 09:00:00,172.0,173.5,170.5,172.5,12258,172.15,2344
2026-08-25 09:05:00,172.5,174.0,171.0,173.5,6130,172.23,2344
2026-08-25 09:10:00,173.5,173.5,172.0,172.5,1903,172.28,2344
2026-08-25 09:15:00,172.5,173.0,171.0,171.5,2900,172.22,2344
2026-08-25 09:20:00,171.5,172.0,170.0,170.0,4558,171.98,2344
2026-08-25 09:25:00,170.5,171.5,170.0,170.5,2481,171.86,2344
2026-08-25 09:30:00,170.5,171.5,170.5,171.0,1141,171.83,2344
2026-08-25 09:35:00,171.0,172.5,171.0,172.0,1268,171.83,2344
2026-08-25 09:40:00,172.0,172.0,169.0,169.5,5500,171.61,2344
2026-08-25 09:45:00,170.0,170.0,169.0,170.0,1540,171.53,2344
2026-08-25 09:50:00,170.0,170.5,169.0,170.0,1567,171.46,2344
2026-08-25 09:55:00,170.0,170.5,169.5,170.0,947,171.43,2344
2026-08-25 10:00:00,169.5,170.0,169.0,169.0,3309,171.27,2344
2026-08-25 10:05:00,169.0,169.0,168.5,168.5,1620,171.17,2344
2026-08-25 10:10:00,168.5,170.0,168.5,169.5,1161,171.12,2344
2026-08-25 10:15:00,170.0,170.5,169.0,170.5,1266,171.09,2344
2026-08-25 10:20:00,170.5,172.0,169.5,172.0,2357,171.08,2344
2026-08-25 10:25:00,172.0,172.0,171.0,171.5,991,171.09,2344
2026-08-25 10:30:00,171.5,172.0,171.0,171.5,776,171.1,2344
2026-08-25 10:35:00,171.5,171.5,170.5,170.5,546,171.1,2344
2026-08-25 10:40:00,170.5,171.0,170.0,171.0,393,171.09,2344
2026-08-25 10:45:00,170.5,170.5,169.5,169.5,1015,171.07,2344
2026-08-25 10:50:00,169.5,169.5,169.0,169.5,1106,171.04,2344
2026-08-25 10:55:00,169.5,170.0,169.0,169.0,578,171.02,2344
2026-08-25 11:00:00,169.0,170.0,169.0,169.5,454,171.01,2344
2026-08-25 11:05:00,169.5,170.0,169.5,170.0,199,171.0,2344
2026-08-25 11:10:00,170.0,170.0,169.5,170.0,273,171.0,2344
2026-08-25 11:15:00,169.5,170.0,169.5,170.0,223,171.0,2344
2026-08-25 11:20:00,170.0,170.0,169.5,170.0,408,170.99,2344
2026-08-25 11:25:00,170.0,170.5,169.5,170.5,564,170.98,2344
2026-08-25 11:30:00,170.5,171.0,170.0,171.0,443,170.98,2344
2026-08-25 11:35:00,171.0,171.5,170.5,171.0,893,170.98,2344
2026-08-25 11:40:00,171.0,172.0,170.5,171.5,1161,170.99,2344
2026-08-25 11:45:00,172.0,172.0,171.0,171.5,342,170.99,2344
2026-08-25 11:50:00,171.5,171.5,171.0,171.5,112,170.99,2344
2026-08-25 11:55:00,171.0,172.0,171.0,172.0,678,171.0,2344
2026-08-25 12:00:00,171.5,173.0,171.5,172.5,2385,171.04,2344
2026-08-25 12:05:00,172.5,174.0,172.5,173.5,2882,171.14,2344
2026-08-25 12:10:00,173.5,175.0,173.0,175.0,2166,171.23,2344
2026-08-25 12:15:00,175.0,175.0,173.5,173.5,1205,171.28,2344
2026-08-25 12:20:00,173.5,174.5,173.5,174.5,556,171.3,2344
2026-08-25 12:25:00,174.5,175.0,174.0,174.5,663,171.33,2344
2026-08-25 12:30:00,174.5,175.0,174.0,175.0,866,171.37,2344
2026-08-25 12:35:00,175.0,175.5,174.5,175.5,1490,171.44,2344
2026-08-25 12:40:00,175.5,176.5,175.0,175.5,1679,171.54,2344
2026-08-25 12:45:00,176.0,176.5,175.0,175.0,1117,171.6,2344
2026-08-25 12:50:00,175.0,175.5,174.5,174.5,517,171.62,2344
2026-08-25 12:55:00,174.5,175.5,174.5,175.5,1250,171.67,2344
2026-08-25 13:00:00,175.5,176.5,175.0,176.0,1112,171.73,2344
2026-08-25 13:05:00,176.5,177.0,176.0,176.5,1299,171.8,2344
2026-08-25 13:10:00,176.0,177.0,176.0,177.0,1104,171.87,2344
2026-08-25 13:15:00,176.5,178.0,176.5,177.5,2252,172.01,2344
2026-08-25 13:20:00,177.5,178.5,177.0,178.0,2362,172.17,2344
2026-08-25 13:30:00,179.0,179.0,179.0,179.0,3937,172.46,2344
2026-08-26 09:00:00,179.5,182.5,178.5,181.0,15609,180.33,2344
2026-08-26 09:05:00,181.0,181.5,179.0,179.5,5073,180.32,2344
2026-08-26 09:10:00,179.0,181.5,179.0,180.0,2899,180.32,2344
2026-08-26 09:15:00,180.0,180.5,179.5,180.0,1245,180.31,2344
2026-08-26 09:20:00,180.0,180.0,179.0,179.0,2274,180.24,2344
2026-08-26 09:25:00,179.5,180.5,179.0,180.5,1865,180.21,2344
2026-08-26 09:30:00,180.5,180.5,179.5,180.5,1564,180.2,2344
2026-08-26 09:35:00,180.5,181.0,179.5,180.0,2294,180.22,2344
2026-08-26 09:40:00,180.0,180.0,178.5,179.0,2502,180.15,2344
2026-08-26 09:45:00,179.0,179.5,178.5,179.0,890,180.12,2344
2026-08-26 09:50:00,179.0,179.5,178.5,179.0,1507,180.07,2344
2026-08-26 09:55:00,179.0,180.0,179.0,180.0,821,180.06,2344
2026-08-26 10:00:00,180.0,180.0,178.0,178.5,2391,179.99,2344
2026-08-26 10:05:00,178.0,179.0,178.0,179.0,548,179.97,2344
2026-08-26 10:10:00,179.0,179.5,178.5,179.5,369,179.97,2344
2026-08-26 10:15:00,179.5,179.5,178.5,179.0,1374,179.94,2344
2026-08-26 10:20:00,179.5,180.0,179.0,179.0,638,179.93,2344
2026-08-26 10:25:00,179.0,179.5,179.0,179.5,277,179.93,2344
2026-08-26 10:30:00,179.5,180.5,179.0,180.5,1553,179.93,2344
2026-08-26 10:35:00,180.5,180.5,179.5,180.0,1185,179.93,2344
2026-08-26 10:40:00,180.0,180.5,179.5,180.5,534,179.93,2344
2026-08-26 10:45:00,180.5,180.5,180.0,180.5,420,179.93,2344
2026-08-26 10:50:00,180.0,181.0,180.0,180.5,2179,179.95,2344
2026-08-26 10:55:00,181.0,181.5,180.0,181.5,3304,180.02,2344
2026-08-26 11:00:00,181.5,182.0,181.0,182.0,3405,180.1,2344
2026-08-26 11:05:00,182.0,182.0,181.0,181.5,1032,180.13,2344
2026-08-26 11:10:00,181.5,181.5,180.5,181.0,922,180.14,2344
2026-08-26 11:15:00,181.0,181.5,180.5,180.5,484,180.15,2344
2026-08-26 11:20:00,180.5,181.5,180.5,181.0,787,180.16,2344
2026-08-26 11:25:00,181.0,181.5,180.5,180.5,447,180.17,2344
2026-08-26 11:30:00,181.0,181.0,180.5,180.5,221,180.17,2344
2026-08-26 11:35:00,180.5,181.0,180.5,180.5,200,180.17,2344
2026-08-26 11:40:00,180.5,181.0,180.0,180.0,429,180.17,2344
2026-08-26 11:45:00,180.0,181.0,180.0,180.5,573,180.18,2344
2026-08-26 11:50:00,180.5,181.0,180.5,180.5,254,180.18,2344
2026-08-26 11:55:00,180.5,181.0,180.5,180.5,184,180.18,2344
2026-08-26 12:00:00,181.0,181.0,180.0,180.5,417,180.18,2344
2026-08-26 12:05:00,180.0,180.5,180.0,180.0,171,180.18,2344
2026-08-26 12:10:00,180.0,180.5,180.0,180.5,216,180.18,2344
2026-08-26 12:15:00,180.5,181.0,180.0,181.0,861,180.19,2344
2026-08-26 12:20:00,181.0,181.0,180.0,180.5,692,180.19,2344
2026-08-26 12:25:00,180.5,180.5,180.0,180.0,942,180.19,2344
2026-08-26 12:30:00,180.0,181.0,180.0,181.0,945,180.19,2344
2026-08-26 12:35:00,180.5,181.0,180.5,181.0,222,180.19,2344
2026-08-26 12:40:00,180.5,181.5,180.5,181.0,2678,180.22,2344
2026-08-26 12:45:00,181.0,181.5,181.0,181.0,784,180.23,2344
2026-08-26 12:50:00,181.0,181.0,180.5,180.5,225,180.23,2344
2026-08-26 12:55:00,181.0,181.0,180.5,181.0,788,180.24,2344
2026-08-26 13:00:00,180.5,181.5,180.5,181.0,1353,180.26,2344
2026-08-26 13:05:00,181.5,181.5,181.0,181.5,2458,180.3,2344
2026-08-26 13:10:00,181.5,182.0,181.5,181.5,1828,180.33,2344
2026-08-26 13:15:00,181.5,182.0,181.0,181.0,1761,180.35,2344
2026-08-26 13:20:00,181.5,181.5,181.0,181.5,2076,180.38,2344
2026-08-26 13:30:00,181.5,181.5,181.5,181.5,3902,180.43,2344
2026-08-27 09:00:00,184.0,187.0,183.0,186.5,15737,184.9,2344
2026-08-27 09:05:00,186.5,189.0,186.0,187.5,16308,186.4,2344
2026-08-27 09:10:00,187.5,187.5,186.0,186.0,7439,186.48,2344
2026-08-27 09:15:00,186.0,187.0,185.5,186.5,3998,186.46,2344
2026-08-27 09:20:00,186.5,187.5,186.0,187.5,4410,186.49,2344
2026-08-27 09:25:00,187.5,188.5,187.0,188.5,6319,186.64,2344
2026-08-27 09:30:00,188.0,189.0,187.5,189.0,8106,186.88,2344
2026-08-27 09:35:00,189.0,190.0,188.5,190.0,11461,187.34,2344
2026-08-27 09:40:00,190.0,190.0,187.5,187.5,5071,187.43,2344
2026-08-27 09:45:00,187.5,188.5,187.5,188.5,1914,187.45,2344
2026-08-27 09:50:00,188.5,189.0,187.5,188.0,1615,187.47,2344
2026-08-27 09:55:00,187.5,188.0,187.0,187.0,1868,187.47,2344
2026-08-27 10:00:00,187.0,189.0,187.0,188.5,2246,187.48,2344
2026-08-27 10:05:00,188.5,189.0,188.0,188.5,1210,187.49,2344
2026-08-27 10:10:00,188.5,189.0,188.0,188.5,1174,187.5,2344
2026-08-27 10:15:00,188.5,188.5,187.5,188.0,1116,187.51,2344
2026-08-27 10:20:00,187.5,188.0,187.5,187.5,344,187.51,2344
2026-08-27 10:25:00,188.0,188.0,187.5,187.5,419,187.51,2344
2026-08-27 10:30:00,188.0,188.0,187.5,187.5,1362,187.52,2344
2026-08-27 10:35:00,187.5,188.0,187.5,187.5,551,187.52,2344
2026-08-27 10:40:00,187.5,188.0,186.5,186.5,2070,187.5,2344
2026-08-27 10:45:00,186.5,187.0,186.0,186.5,1578,187.49,2344
2026-08-27 10:50:00,186.0,186.5,186.0,186.0,649,187.48,2344
2026-08-27 10:55:00,186.0,186.5,186.0,186.0,608,187.47,2344
2026-08-27 11:00:00,186.0,187.5,185.5,187.5,3798,187.43,2344
2026-08-27 11:05:00,187.5,187.5,186.5,187.5,637,187.43,2344
2026-08-27 11:10:00,187.5,187.5,187.0,187.0,271,187.43,2344
2026-08-27 11:15:00,187.5,188.0,187.0,188.0,1353,187.43,2344
2026-08-27 11:20:00,187.5,188.0,187.5,188.0,2125,187.44,2344
2026-08-27 11:25:00,188.0,188.0,187.5,187.5,593,187.44,2344
2026-08-27 11:30:00,188.0,188.0,187.0,187.5,991,187.44,2344
2026-08-27 11:35:00,187.5,188.0,187.0,187.0,706,187.44,2344
2026-08-27 11:40:00,187.0,187.5,186.5,186.5,505,187.44,2344
2026-08-27 11:45:00,187.0,187.0,186.5,187.0,352,187.44,2344
2026-08-27 11:50:00,187.0,187.0,186.5,186.5,250,187.44,2344
2026-08-27 11:55:00,187.0,188.0,186.5,187.5,1323,187.44,2344
2026-08-27 12:00:00,188.0,188.0,187.5,187.5,449,187.44,2344
2026-08-27 12:05:00,187.5,188.0,187.0,187.0,823,187.44,2344
2026-08-27 12:10:00,187.0,187.5,186.5,186.5,548,187.43,2344
2026-08-27 12:15:00,186.5,187.0,186.5,187.0,315,187.43,2344
2026-08-27 12:20:00,187.0,187.0,186.0,186.5,1080,187.42,2344
2026-08-27 12:25:00,186.0,186.5,186.0,186.0,433,187.42,2344
2026-08-27 12:30:00,186.5,186.5,186.0,186.5,428,187.41,2344
2026-08-27 12:35:00,186.0,186.5,186.0,186.5,950,187.4,2344
2026-08-27 12:40:00,186.5,186.5,185.5,186.0,2497,187.37,2344
2026-08-27 12:45:00,186.0,186.5,185.5,186.0,2025,187.35,2344
2026-08-27 12:50:00,185.5,186.0,185.0,185.0,1790,187.32,2344
2026-08-27 12:55:00,185.0,185.5,184.5,185.0,2688,187.27,2344
2026-08-27 13:00:00,185.5,186.0,185.0,186.0,1156,187.25,2344
2026-08-27 13:05:00,186.0,186.5,185.5,186.0,1349,187.24,2344
2026-08-27 13:10:00,186.0,186.0,185.5,186.0,580,187.23,2344
2026-08-27 13:15:00,185.5,186.0,184.5,184.5,2293,187.19,2344
2026-08-27 13:20:00,185.0,185.0,184.5,185.0,2305,187.15,2344
2026-08-27 13:30:00,186.0,186.0,186.0,186.0,4652,187.11,2344
2026-08-28 09:00:00,188.5,191.5,185.5,190.5,25287,188.53,2344
2026-08-28 09:05:00,191.0,192.0,189.5,190.0,11240,189.18,2344
2026-08-28 09:10:00,190.0,191.0,188.5,189.5,6207,189.25,2344
2026-08-28 09:15:00,190.0,190.0,187.5,187.5,5657,189.19,2344
2026-08-28 09:20:00,188.0,189.0,187.0,187.5,4478,189.07,2344
2026-08-28 09:25:00,187.5,188.0,186.0,186.5,4712,188.9,2344
2026-08-28 09:30:00,186.5,186.5,184.5,185.0,8809,188.43,2344
2026-08-28 09:35:00,185.0,185.5,184.5,185.5,3974,188.22,2344
2026-08-28 09:40:00,185.0,186.5,185.0,185.5,2936,188.12,2344
2026-08-28 09:45:00,185.5,185.5,184.5,184.5,2061,188.03,2344
2026-08-28 09:50:00,184.5,185.0,183.0,183.5,5449,187.75,2344
2026-08-28 09:55:00,183.5,183.5,181.0,181.5,6474,187.36,2344
2026-08-28 10:00:00,181.0,183.0,180.5,182.5,4789,187.05,2344
2026-08-28 10:05:00,182.5,182.5,181.0,182.0,1563,186.96,2344
2026-08-28 10:10:00,181.5,182.5,181.5,182.5,924,186.92,2344
2026-08-28 10:15:00,182.5,183.5,182.0,183.0,1577,186.85,2344
2026-08-28 10:20:00,183.0,183.5,182.0,183.5,2174,186.76,2344
2026-08-28 10:25:00,183.5,184.5,183.0,184.5,1601,186.71,2344
2026-08-28 10:30:00,184.5,184.5,183.5,184.0,2545,186.65,2344
2026-08-28 10:35:00,184.0,184.0,183.5,184.0,396,186.64,2344
2026-08-28 10:40:00,184.0,184.0,183.0,183.0,884,186.61,2344
2026-08-28 10:45:00,183.0,183.5,182.5,182.5,771,186.58,2344
2026-08-28 10:50:00,182.5,183.5,182.5,183.0,643,186.56,2344
2026-08-28 10:55:00,183.0,183.5,183.0,183.5,470,186.55,2344
2026-08-28 11:00:00,183.5,184.0,183.0,184.0,493,186.53,2344
2026-08-28 11:05:00,184.0,184.0,183.0,183.0,701,186.51,2344
2026-08-28 11:10:00,183.5,184.0,183.0,183.5,663,186.49,2344
2026-08-28 11:15:00,183.5,183.5,183.0,183.0,237,186.49,2344
2026-08-28 11:20:00,183.5,183.5,183.0,183.5,352,186.48,2344
2026-08-28 11:25:00,183.0,183.5,182.5,182.5,1158,186.44,2344
2026-08-28 11:30:00,182.5,183.0,182.0,183.0,1998,186.37,2344
2026-08-28 11:35:00,182.5,183.5,182.5,183.0,931,186.34,2344
2026-08-28 11:40:00,183.0,183.5,182.5,183.5,278,186.33,2344
2026-08-28 11:45:00,183.0,184.0,183.0,184.0,912,186.31,2344
2026-08-28 11:50:00,183.5,184.0,183.5,184.0,1589,186.28,2344
2026-08-28 11:55:00,184.0,185.0,183.5,184.5,1918,186.25,2344
2026-08-28 12:00:00,184.0,184.5,183.5,183.5,958,186.23,2344
2026-08-28 12:05:00,183.5,184.0,183.5,184.0,402,186.22,2344
2026-08-28 12:10:00,183.5,184.0,183.0,183.0,1407,186.19,2344
2026-08-28 12:15:00,183.0,183.5,183.0,183.5,478,186.18,2344
2026-08-28 12:20:00,183.5,184.0,183.0,183.5,436,186.17,2344
2026-08-28 12:25:00,183.5,184.0,183.0,183.5,1137,186.14,2344
2026-08-28 12:30:00,183.5,183.5,183.0,183.5,244,186.14,2344
2026-08-28 12:35:00,183.0,183.5,183.0,183.0,522,186.12,2344
2026-08-28 12:40:00,183.0,183.5,182.0,182.0,2860,186.05,2344
2026-08-28 12:45:00,182.0,182.5,182.0,182.0,742,186.02,2344
2026-08-28 12:50:00,182.0,183.0,182.0,182.5,2013,185.97,2344
2026-08-28 12:55:00,182.5,182.5,181.5,181.5,3123,185.87,2344
2026-08-28 13:00:00,182.0,182.0,181.0,181.0,2294,185.8,2344
2026-08-28 13:05:00,181.5,182.5,181.0,182.0,3297,185.7,2344
2026-08-28 13:10:00,182.0,182.0,181.0,181.5,1939,185.64,2344
2026-08-28 13:15:00,181.0,181.5,181.0,181.0,1546,185.59,2344
2026-08-28 13:20:00,181.5,182.0,181.0,181.5,4871,185.45,2344
2026-08-28 13:30:00,181.5,181.5,181.5,181.5,6187,185.29,2344
2026-08-31 09:00:00,179.5,182.5,176.0,182.5,13520,179.15,2344
2026-08-31 09:05:00,182.0,183.0,180.5,180.5,5776,179.85,2344
2026-08-31 09:10:00,180.5,182.5,180.0,182.5,3859,180.07,2344
2026-08-31 09:15:00,182.5,183.0,181.5,182.5,4302,180.4,2344
2026-08-31 09:20:00,182.5,183.0,181.5,182.5,2559,180.56,2344
2026-08-31 09:25:00,182.5,183.0,181.5,182.0,1241,180.62,2344
2026-08-31 09:30:00,182.0,182.0,181.0,181.5,1240,180.66,2344
2026-08-31 09:35:00,181.5,182.5,181.5,182.0,1724,180.73,2344
2026-08-31 09:40:00,182.5,184.5,182.0,183.5,5935,181.14,2344
2026-08-31 09:45:00,184.0,184.0,182.5,182.5,1293,181.2,2344
2026-08-31 09:50:00,182.5,183.0,181.5,182.0,1522,181.23,2344
2026-08-31 09:55:00,182.0,182.5,181.0,181.0,1657,181.25,2344
2026-08-31 10:00:00,181.0,181.5,180.0,180.5,3338,181.2,2344
2026-08-31 10:05:00,180.5,181.5,180.5,181.5,496,181.2,2344
2026-08-31 10:10:00,181.5,181.5,180.5,181.0,962,181.19,2344
2026-08-31 10:15:00,181.0,181.5,180.0,180.0,1105,181.18,2344
2026-08-31 10:20:00,180.0,180.5,178.0,178.0,3330,181.05,2344
2026-08-31 10:25:00,178.0,179.0,177.5,178.5,3701,180.86,2344
2026-08-31 10:30:00,178.0,178.5,177.5,177.5,1856,180.77,2344
2026-08-31 10:35:00,178.0,178.5,177.5,178.5,531,180.75,2344
2026-08-31 10:40:00,178.5,179.0,178.0,178.5,695,180.72,2344
2026-08-31 10:45:00,178.5,179.5,178.0,179.5,887,180.7,2344
2026-08-31 10:50:00,179.5,180.5,179.0,180.5,1003,180.68,2344
2026-08-31 10:55:00,180.5,181.0,180.0,181.0,582,180.68,2344
2026-08-31 11:00:00,181.0,181.5,180.5,181.5,1367,180.69,2344
2026-08-31 11:05:00,181.5,182.0,181.0,182.0,943,180.7,2344
2026-08-31 11:10:00,182.0,182.0,181.0,181.5,511,180.71,2344
2026-08-31 11:15:00,181.5,181.5,179.5,179.5,1155,180.7,2344
2026-08-31 11:20:00,179.5,180.5,179.5,180.5,328,180.7,2344
2026-08-31 11:25:00,180.5,181.0,180.5,180.5,293,180.7,2344
2026-08-31 11:30:00,181.0,181.0,180.5,181.0,240,180.7,2344
2026-08-31 11:35:00,181.0,181.0,180.5,180.5,307,180.69,2344
2026-08-31 11:40:00,180.0,180.5,180.0,180.5,258,180.69,2344
2026-08-31 11:45:00,180.5,180.5,180.0,180.5,212,180.69,2344
2026-08-31 11:50:00,180.5,181.0,180.5,181.0,411,180.69,2344
2026-08-31 11:55:00,181.0,182.0,180.5,182.0,1017,180.7,2344
2026-08-31 12:00:00,182.0,182.5,181.5,182.5,1693,180.73,2344
2026-08-31 12:05:00,182.5,182.5,182.0,182.5,726,180.75,2344
2026-08-31 12:10:00,182.5,183.0,182.0,183.0,1473,180.79,2344
2026-08-31 12:15:00,183.0,183.5,182.5,183.0,1621,180.84,2344
2026-08-31 12:20:00,183.5,184.0,182.5,182.5,2190,180.91,2344
2026-08-31 12:25:00,183.0,183.5,182.5,183.0,857,180.94,2344
2026-08-31 12:30:00,183.0,183.5,183.0,183.0,439,180.95,2344
2026-08-31 12:35:00,183.5,184.0,183.0,184.0,1920,181.01,2344
2026-08-31 12:40:00,183.5,185.0,183.5,184.5,4028,181.16,2344
2026-08-31 12:45:00,185.0,185.0,183.0,183.5,2366,181.25,2344
2026-08-31 12:50:00,183.0,184.5,183.0,184.5,1247,181.28,2344
2026-08-31 12:55:00,184.5,186.0,184.0,185.0,6559,181.55,2344
2026-08-31 13:00:00,185.0,185.5,184.5,185.0,1822,181.61,2344
2026-08-31 13:05:00,185.0,185.5,185.0,185.0,760,181.64,2344
2026-08-31 13:10:00,185.0,185.5,184.5,184.5,1352,181.68,2344
2026-08-31 13:15:00,184.5,185.5,184.5,185.5,1964,181.75,2344
2026-08-31 13:20:00,185.0,185.5,184.5,185.0,2511,181.83,2344
2026-08-31 13:30:00,182.5,182.5,182.5,182.5,234992,182.3,2344
2026-09-01 09:00:00,183.5,184.0,178.5,179.5,19816,181.17,2344
2026-09-01 09:05:00,179.5,179.5,176.0,177.5,16020,179.52,2344
2026-09-01 09:10:00,177.0,179.0,177.0,179.0,6240,179.28,2344
2026-09-01 09:15:00,179.0,179.5,178.0,178.0,4020,179.25,2344
2026-09-01 09:20:00,178.0,179.0,177.5,178.0,3313,179.17,2344
2026-09-01 09:25:00,178.0,178.5,176.5,177.0,7572,178.89,2344
2026-09-01 09:30:00,176.5,177.5,176.0,177.0,3528,178.76,2344
2026-09-01 09:35:00,177.0,177.5,176.5,177.5,1597,178.72,2344
2026-09-01 09:40:00,177.5,178.0,176.5,177.0,3270,178.63,2344
2026-09-01 09:45:00,177.0,177.5,176.5,177.5,882,178.62,2344
2026-09-01 09:50:00,177.5,178.0,176.5,177.0,2373,178.57,2344
2026-09-01 09:55:00,177.0,177.5,176.5,177.0,1449,178.53,2344
2026-09-01 10:00:00,177.0,177.5,176.5,177.5,798,178.51,2344
2026-09-01 10:05:00,177.5,177.5,177.0,177.0,653,178.5,2344
2026-09-01 10:10:00,177.5,177.5,177.0,177.5,793,178.49,2344
2026-09-01 10:15:00,177.5,178.0,177.0,178.0,710,178.48,2344
2026-09-01 10:20:00,178.0,178.0,177.0,177.5,1499,178.46,2344
2026-09-01 10:25:00,177.5,178.0,177.0,177.0,679,178.45,2344
2026-09-01 10:30:00,177.5,177.5,177.0,177.0,2117,178.42,2344
2026-09-01 10:35:00,177.0,177.5,176.0,176.0,4296,178.32,2344
2026-09-01 10:40:00,176.0,176.5,175.5,175.5,8677,178.08,2344
2026-09-01 10:45:00,176.0,176.5,175.5,176.5,1483,178.04,2344
2026-09-01 10:50:00,176.5,177.0,176.0,176.5,852,178.03,2344
2026-09-01 10:55:00,176.5,177.0,176.0,177.0,738,178.02,2344
2026-09-01 11:00:00,177.0,177.0,176.5,177.0,915,178.01,2344
2026-09-01 11:05:00,177.0,177.0,176.5,177.0,397,178.0,2344
2026-09-01 11:10:00,177.0,177.0,176.5,177.0,352,178.0,2344
2026-09-01 11:15:00,177.0,177.0,176.0,176.5,1450,177.98,2344
2026-09-01 11:20:00,176.0,176.5,176.0,176.5,624,177.97,2344
2026-09-01 11:25:00,176.5,176.5,176.0,176.5,510,177.96,2344
2026-09-01 11:30:00,176.5,177.0,176.0,176.0,752,177.95,2344
2026-09-01 11:35:00,176.5,177.0,176.5,176.5,363,177.94,2344
2026-09-01 11:40:00,177.0,177.0,176.5,177.0,314,177.94,2344
2026-09-01 11:45:00,177.0,177.5,176.5,177.0,1460,177.92,2344
2026-09-01 11:50:00,177.0,177.5,177.0,177.5,293,177.92,2344
2026-09-01 11:55:00,177.5,177.5,176.5,177.0,999,177.91,2344
2026-09-01 12:00:00,177.0,177.5,176.5,177.0,833,177.9,2344
2026-09-01 12:05:00,177.0,177.5,177.0,177.0,490,177.9,2344
2026-09-01 12:10:00,177.0,177.5,176.5,176.5,959,177.89,2344
2026-09-01 12:15:00,177.0,177.0,176.5,177.0,291,177.89,2344
2026-09-01 12:20:00,177.0,177.0,176.5,176.5,273,177.89,2344
2026-09-01 12:25:00,177.0,177.0,176.5,177.0,540,177.88,2344
2026-09-01 12:30:00,177.0,177.0,176.5,176.5,2635,177.85,2344
2026-09-01 12:35:00,177.0,177.0,176.0,176.5,1378,177.83,2344
2026-09-01 12:40:00,176.5,176.5,176.0,176.5,924,177.81,2344
2026-09-01 12:45:00,176.5,176.5,176.0,176.5,756,177.8,2344
2026-09-01 12:50:00,176.5,176.5,176.0,176.5,908,177.79,2344
2026-09-01 12:55:00,176.0,176.5,176.0,176.0,744,177.78,2344
2026-09-01 13:00:00,176.5,176.5,176.0,176.5,1000,177.77,2344
2026-09-01 13:05:00,176.5,176.5,176.0,176.0,2084,177.74,2344
2026-09-01 13:10:00,176.0,176.5,176.0,176.5,1251,177.73,2344
2026-09-01 13:15:00,176.0,176.5,176.0,176.0,2710,177.69,2344
2026-09-01 13:20:00,176.0,176.5,176.0,176.0,3699,177.65,2344
2026-09-01 13:30:00,176.0,176.0,176.0,176.0,9086,177.53,2344
2026-09-02 09:00:00,173.5,174.0,171.5,173.0,8598,172.87,2344
2026-09-02 09:05:00,173.0,173.5,172.0,172.5,2948,172.78,2344
2026-09-02 09:10:00,173.0,175.0,172.5,173.5,3050,173.01,2344
2026-09-02 09:15:00,173.5,175.5,173.5,173.5,3075,173.29,2344
2026-09-02 09:20:00,174.0,174.0,173.0,173.0,1572,173.29,2344
2026-09-02 09:25:00,173.5,173.5,173.0,173.5,734,173.29,2344
2026-09-02 09:30:00,173.5,173.5,172.5,173.0,2090,173.27,2344
2026-09-02 09:35:00,173.5,174.5,173.0,174.0,1949,173.3,2344
2026-09-02 09:40:00,174.0,174.5,173.5,173.5,1394,173.33,2344
2026-09-02 09:45:00,173.5,174.0,172.5,174.0,2018,173.32,2344
2026-09-02 09:50:00,174.0,174.0,173.5,174.0,450,173.32,2344
2026-09-02 09:55:00,174.0,174.5,173.5,174.0,1260,173.35,2344
2026-09-02 10:00:00,174.0,174.5,173.5,174.0,580,173.36,2344
2026-09-02 10:05:00,174.0,174.5,173.5,174.0,659,173.38,2344
2026-09-02 10:10:00,173.5,174.5,173.5,174.5,525,173.39,2344
2026-09-02 10:15:00,174.5,175.0,174.0,175.0,975,173.43,2344
2026-09-02 10:20:00,175.0,175.5,174.0,175.5,1903,173.51,2344
2026-09-02 10:25:00,175.5,176.0,175.0,175.5,1808,173.61,2344
2026-09-02 10:30:00,175.5,176.0,175.0,175.5,550,173.64,2344
2026-09-02 10:35:00,175.0,175.5,174.0,174.0,683,173.66,2344
2026-09-02 10:40:00,174.0,175.0,174.0,174.5,336,173.67,2344
2026-09-02 10:45:00,174.5,175.5,174.5,175.0,541,173.69,2344
2026-09-02 10:50:00,175.0,175.5,174.5,175.0,259,173.7,2344
2026-09-02 10:55:00,175.0,175.5,174.5,174.5,328,173.71,2344
2026-09-02 11:00:00,174.5,175.0,174.0,174.0,512,173.72,2344
2026-09-02 11:05:00,174.0,174.5,174.0,174.5,200,173.72,2344
2026-09-02 11:10:00,174.0,175.0,174.0,174.5,372,173.73,2344
2026-09-02 11:15:00,174.5,175.0,174.0,174.5,208,173.73,2344
2026-09-02 11:20:00,174.0,174.5,174.0,174.5,133,173.73,2344
2026-09-02 11:25:00,174.5,174.5,174.0,174.0,173,173.73,2344
2026-09-02 11:30:00,174.0,174.5,174.0,174.0,115,173.74,2344
2026-09-02 11:35:00,174.5,176.0,174.0,175.5,1815,173.8,2344
2026-09-02 11:40:00,176.0,178.5,175.5,178.5,6296,174.26,2344
2026-09-02 11:45:00,178.5,179.0,177.0,177.5,2796,174.47,2344
2026-09-02 11:50:00,177.5,178.0,176.5,177.0,944,174.52,2344
2026-09-02 11:55:00,177.5,178.0,176.5,178.0,1381,174.59,2344
2026-09-02 12:00:00,178.0,178.0,177.5,178.0,395,174.62,2344
2026-09-02 12:05:00,178.0,178.5,177.5,177.5,1496,174.71,2344
2026-09-02 12:10:00,177.5,178.5,177.5,178.5,982,174.77,2344
2026-09-02 12:15:00,178.0,179.0,178.0,179.0,2241,174.92,2344
2026-09-02 12:20:00,178.5,180.0,178.5,179.0,5041,175.27,2344
2026-09-02 12:25:00,179.0,179.5,178.0,178.5,985,175.32,2344
2026-09-02 12:30:00,178.0,179.0,178.0,178.0,639,175.35,2344
2026-09-02 12:35:00,178.0,178.5,178.0,178.5,145,175.36,2344
2026-09-02 12:40:00,178.0,179.0,178.0,178.5,887,175.4,2344
2026-09-02 12:45:00,178.5,179.5,178.5,179.5,1753,175.49,2344
2026-09-02 12:50:00,179.0,180.0,179.0,179.0,2840,175.66,2344
2026-09-02 12:55:00,179.0,179.5,178.5,179.0,674,175.69,2344
2026-09-02 13:00:00,178.5,179.0,178.5,179.0,347,175.7,2344
2026-09-02 13:05:00,178.5,179.0,178.5,178.5,691,175.73,2344
2026-09-02 13:10:00,178.5,179.0,178.5,178.5,1580,175.79,2344
2026-09-02 13:15:00,178.5,179.5,178.5,179.5,1612,175.86,2344
2026-09-02 13:20:00,179.0,179.5,178.5,178.5,2200,175.95,2344
2026-09-02 13:30:00,179.0,179.0,179.0,179.0,4682,176.13,2344
2026-09-03 09:00:00,181.5,185.5,181.0,183.5,18617,183.62,2344
2026-09-03 09:05:00,184.0,185.5,183.5,184.5,9828,183.94,2344
2026-09-03 09:10:00,184.5,185.0,183.0,184.0,5096,183.92,2344
2026-09-03 09:15:00,184.0,184.0,180.0,182.0,8530,183.48,2344
2026-09-03 09:20:00,181.5,182.0,179.5,179.5,4881,183.21,2344
2026-09-03 09:25:00,179.5,180.0,177.5,178.5,6423,182.64,2344
2026-09-03 09:30:00,178.5,179.0,176.5,179.0,4784,182.24,2344
2026-09-03 09:35:00,179.0,179.0,176.0,177.0,4060,181.9,2344
2026-09-03 09:40:00,176.5,177.5,176.0,177.0,3416,181.62,2344
2026-09-03 09:45:00,177.0,178.5,176.5,178.5,1664,181.52,2344
2026-09-03 09:50:00,178.5,178.5,176.5,176.5,1598,181.42,2344
2026-09-03 09:55:00,177.0,177.0,175.0,175.0,4024,181.12,2344
2026-09-03 10:00:00,175.0,176.5,175.0,175.5,2999,180.91,2344
2026-09-03 10:05:00,175.0,176.0,175.0,176.0,747,180.85,2344
2026-09-03 10:10:00,176.0,176.5,176.0,176.5,1142,180.79,2344
2026-09-03 10:15:00,176.5,176.5,175.5,176.5,1656,180.68,2344
2026-09-03 10:20:00,176.5,176.5,175.5,175.5,1495,180.6,2344
2026-09-03 10:25:00,175.0,176.0,175.0,175.5,1446,180.5,2344
2026-09-03 10:30:00,175.5,175.5,173.5,174.0,4917,180.16,2344
2026-09-03 10:35:00,173.5,174.5,173.5,174.0,2126,180.02,2344
2026-09-03 10:40:00,174.0,174.5,173.0,173.0,1824,179.89,2344
2026-09-03 10:45:00,173.0,173.5,172.0,173.0,3340,179.64,2344
2026-09-03 10:50:00,172.5,173.0,172.0,173.0,2420,179.47,2344
2026-09-03 10:55:00,173.0,174.0,172.5,173.5,845,179.41,2344
2026-09-03 11:00:00,173.5,175.0,173.0,174.5,1277,179.35,2344
2026-09-03 11:05:00,175.0,175.0,173.5,173.5,943,179.3,2344
2026-09-03 11:10:00,174.0,174.5,173.5,174.5,509,179.27,2344
2026-09-03 11:15:00,174.5,175.5,174.0,175.5,1486,179.21,2344
2026-09-03 11:20:00,175.5,175.5,174.5,174.5,1719,179.14,2344
2026-09-03 11:25:00,174.5,175.0,174.0,174.0,463,179.12,2344
2026-09-03 11:30:00,174.0,174.5,173.0,173.5,1609,179.04,2344
2026-09-03 11:35:00,173.5,173.5,173.0,173.5,491,179.01,2344
2026-09-03 11:40:00,173.5,174.0,173.0,173.5,568,178.99,2344
2026-09-03 11:45:00,174.0,174.0,173.5,173.5,421,178.96,2344
2026-09-03 11:50:00,173.5,173.5,172.5,173.0,2553,178.83,2344
2026-09-03 11:55:00,173.0,173.0,172.5,173.0,889,178.78,2344
2026-09-03 12:00:00,172.5,173.0,172.5,172.5,542,178.75,2344
2026-09-03 12:05:00,173.0,173.0,171.0,171.5,6982,178.35,2344
2026-09-03 12:10:00,171.0,171.5,171.0,171.5,963,178.29,2344
2026-09-03 12:15:00,171.5,171.5,171.0,171.5,1066,178.23,2344
2026-09-03 12:20:00,171.5,171.5,170.5,170.5,2278,178.09,2344
2026-09-03 12:25:00,170.5,171.5,170.5,171.5,3115,177.91,2344
2026-09-03 12:30:00,171.0,172.0,171.0,172.0,838,177.87,2344
2026-09-03 12:35:00,172.0,172.0,171.0,171.5,941,177.82,2344
2026-09-03 12:40:00,171.5,171.5,170.5,171.0,2331,177.69,2344
2026-09-03 12:45:00,171.0,171.5,170.5,171.5,1046,177.64,2344
2026-09-03 12:50:00,171.0,171.5,171.0,171.0,540,177.61,2344
2026-09-03 12:55:00,171.0,171.5,171.0,171.0,555,177.59,2344
2026-09-03 13:00:00,171.0,171.5,170.5,170.5,2746,177.45,2344
2026-09-03 13:05:00,171.0,171.0,170.0,170.5,2458,177.33,2344
2026-09-03 13:10:00,170.5,171.0,170.0,170.5,3889,177.13,2344
2026-09-03 13:15:00,170.5,170.5,169.0,169.0,4394,176.9,2344
2026-09-03 13:20:00,169.0,169.5,168.0,168.5,4079,176.68,2344
2026-09-03 13:30:00,169.0,169.0,169.0,169.0,7979,176.29,2344
2026-09-04 09:00:00,174.0,176.0,171.0,171.5,11338,173.56,2344
2026-09-04 09:05:00,171.5,172.5,170.5,170.5,4971,172.88,2344
2026-09-04 09:10:00,170.5,171.5,170.0,171.5,1935,172.67,2344
2026-09-04 09:15:00,171.5,172.0,170.5,170.5,2661,172.48,2344
2026-09-04 09:20:00,171.0,171.0,169.5,169.5,3857,172.11,2344
2026-09-04 09:25:00,169.5,170.0,167.5,168.5,5694,171.48,2344
2026-09-04 09:30:00,168.5,169.5,168.5,168.5,1834,171.35,2344
2026-09-04 09:35:00,168.5,169.0,167.5,168.0,3061,171.06,2344
2026-09-04 09:40:00,168.0,169.0,167.0,168.0,2617,170.84,2344
2026-09-04 09:45:00,168.0,168.0,165.5,167.0,4471,170.4,2344
2026-09-04 09:50:00,166.5,167.5,166.5,167.0,1564,170.28,2344
2026-09-04 09:55:00,167.0,168.5,167.0,167.5,1606,170.19,2344
2026-09-04 10:00:00,168.0,168.5,167.0,168.0,1672,170.11,2344
2026-09-04 10:05:00,167.5,168.5,167.5,168.0,515,170.09,2344
2026-09-04 10:10:00,168.5,169.0,168.0,168.5,1045,170.05,2344
2026-09-04 10:15:00,168.5,168.5,168.0,168.5,265,170.04,2344
2026-09-04 10:20:00,168.0,169.0,168.0,168.5,1105,170.01,2344
2026-09-04 10:25:00,168.5,170.5,168.5,170.5,4221,169.99,2344
2026-09-04 10:30:00,170.5,170.5,169.5,170.0,1714,170.0,2344
2026-09-04 10:35:00,170.0,170.5,169.5,170.0,1212,170.0,2344
2026-09-04 10:40:00,170.0,171.0,170.0,170.5,832,170.01,2344
2026-09-04 10:45:00,171.0,171.0,170.5,170.5,547,170.01,2344
2026-09-04 10:50:00,170.5,171.5,170.0,171.5,1429,170.03,2344
2026-09-04 10:55:00,171.5,172.0,171.5,171.5,1999,170.08,2344
2026-09-04 11:00:00,171.5,172.5,171.5,172.0,1918,170.14,2344
2026-09-04 11:05:00,171.5,172.5,171.0,172.5,1752,170.18,2344
2026-09-04 11:10:00,172.0,172.5,171.5,171.5,1035,170.21,2344
2026-09-04 11:15:00,172.0,172.5,171.5,172.5,841,170.23,2344
2026-09-04 11:20:00,172.0,173.5,172.0,173.0,3654,170.37,2344
2026-09-04 11:25:00,172.5,173.0,171.5,171.5,1007,170.39,2344
2026-09-04 11:30:00,171.5,172.0,171.5,171.5,188,170.39,2344
2026-09-04 11:35:00,171.5,172.5,171.5,171.5,725,170.41,2344
2026-09-04 11:40:00,171.5,172.0,170.5,170.5,1410,170.42,2344
2026-09-04 11:45:00,171.0,171.0,170.0,170.5,879,170.42,2344
2026-09-04 11:50:00,170.5,171.5,170.5,171.0,427,170.42,2344
2026-09-04 11:55:00,171.0,171.5,170.5,171.0,502,170.43,2344
2026-09-04 12:00:00,171.0,171.5,171.0,171.0,343,170.43,2344
2026-09-04 12:05:00,171.0,172.5,171.0,172.0,1240,170.45,2344
2026-09-04 12:10:00,172.0,172.5,172.0,172.0,365,170.46,2344
2026-09-04 12:15:00,172.0,172.5,171.5,171.5,510,170.47,2344
2026-09-04 12:20:00,171.5,172.5,171.5,171.5,600,170.48,2344
2026-09-04 12:25:00,171.5,172.5,171.5,172.0,457,170.49,2344
2026-09-04 12:30:00,172.0,172.5,172.0,172.5,269,170.5,2344
2026-09-04 12:35:00,172.0,172.5,172.0,172.0,707,170.51,2344
2026-09-04 12:40:00,172.0,172.5,172.0,172.5,837,170.53,2344
2026-09-04 12:45:00,172.0,172.5,172.0,172.0,574,170.54,2344
2026-09-04 12:50:00,172.0,173.0,172.0,173.0,2326,170.59,2344
2026-09-04 12:55:00,173.0,173.0,172.5,172.5,272,170.6,2344
2026-09-04 13:00:00,172.5,174.0,172.5,173.5,3127,170.7,2344
2026-09-04 13:05:00,174.0,174.0,173.0,173.5,974,170.73,2344
2026-09-04 13:10:00,173.5,173.5,173.0,173.0,773,170.75,2344
2026-09-04 13:15:00,173.0,174.0,173.0,173.5,1945,170.81,2344
2026-09-04 13:20:00,174.0,174.0,173.5,174.0,1663,170.86,2344
2026-09-04 13:30:00,174.0,174.0,174.0,174.0,5699,171.04,2344
2026-09-07 09:00:00,181.0,183.5,180.0,180.5,23463,181.54,2344
2026-09-07 09:05:00,180.5,181.0,179.5,180.5,8680,181.18,2344
2026-09-07 09:10:00,180.0,180.5,179.0,179.5,2749,181.07,2344
2026-09-07 09:15:00,179.5,180.5,179.0,179.5,3956,180.94,2344
2026-09-07 09:20:00,179.5,180.5,179.5,180.0,2971,180.86,2344
2026-09-07 09:25:00,179.5,181.0,179.5,180.0,4163,180.82,2344
2026-09-07 09:30:00,180.0,180.5,179.5,180.0,1169,180.8,2344
2026-09-07 09:35:00,179.5,180.5,179.0,179.5,2546,180.74,2344
2026-09-07 09:40:00,179.0,180.0,178.0,178.5,2749,180.64,2344
2026-09-07 09:45:00,178.0,179.0,178.0,179.0,1437,180.59,2344
2026-09-07 09:50:00,179.0,182.0,178.5,181.5,9515,180.63,2344
2026-09-07 09:55:00,181.5,182.5,181.0,181.5,7117,180.75,2344
2026-09-07 10:00:00,181.5,182.0,181.0,181.5,1902,180.77,2344
2026-09-07 10:05:00,181.0,182.5,180.5,182.5,3887,180.81,2344
2026-09-07 10:10:00,182.0,182.5,181.5,182.0,2150,180.85,2344
2026-09-07 10:15:00,182.0,182.0,181.5,181.5,871,180.86,2344
2026-09-07 10:20:00,181.5,182.0,181.0,181.0,655,180.87,2344
2026-09-07 10:25:00,181.5,181.5,180.5,180.5,491,180.87,2344
2026-09-07 10:30:00,180.5,181.5,180.5,181.0,457,180.87,2344
2026-09-07 10:35:00,181.0,181.5,180.5,180.5,475,180.87,2344
2026-09-07 10:40:00,180.5,181.5,180.5,181.5,953,180.87,2344
2026-09-07 10:45:00,181.0,182.0,181.0,181.5,961,180.88,2344
2026-09-07 10:50:00,181.5,182.0,181.0,181.5,1033,180.89,2344
2026-09-07 10:55:00,181.5,182.5,181.5,182.0,3921,180.94,2344
2026-09-07 11:00:00,182.0,182.5,181.5,181.5,598,180.95,2344
2026-09-07 11:05:00,181.5,181.5,181.0,181.0,543,180.95,2344
2026-09-07 11:10:00,181.0,181.5,180.5,181.0,737,180.95,2344
2026-09-07 11:15:00,181.0,181.5,181.0,181.0,427,180.95,2344
2026-09-07 11:20:00,181.0,181.5,180.5,180.5,339,180.95,2344
2026-09-07 11:25:00,180.5,181.0,180.5,180.5,245,180.95,2344
2026-09-07 11:30:00,180.5,181.0,180.5,180.5,164,180.95,2344
2026-09-07 11:35:00,180.5,181.0,180.5,181.0,188,180.95,2344
2026-09-07 11:40:00,180.5,181.0,180.5,180.5,205,180.95,2344
2026-09-07 11:45:00,180.5,181.0,180.5,180.5,230,180.95,2344
2026-09-07 11:50:00,180.5,181.5,180.5,181.0,1093,180.95,2344
2026-09-07 11:55:00,181.0,181.5,180.5,180.5,408,180.95,2344
2026-09-07 12:00:00,180.5,181.0,180.0,180.0,788,180.94,2344
2026-09-07 12:05:00,180.5,180.5,180.0,180.0,747,180.94,2344
2026-09-07 12:10:00,180.0,181.0,180.0,180.5,802,180.93,2344
2026-09-07 12:15:00,180.5,181.0,180.0,180.0,509,180.93,2344
2026-09-07 12:20:00,180.0,180.5,180.0,180.0,300,180.93,2344
2026-09-07 12:25:00,180.0,181.0,180.0,181.0,950,180.92,2344
2026-09-07 12:30:00,180.5,181.0,180.0,180.0,541,180.92,2344
2026-09-07 12:35:00,180.0,180.5,179.5,179.5,1329,180.91,2344
2026-09-07 12:40:00,179.5,180.0,179.5,179.5,873,180.9,2344
2026-09-07 12:45:00,180.0,180.5,179.5,180.5,786,180.89,2344
2026-09-07 12:50:00,180.0,181.0,180.0,180.5,1016,180.88,2344
2026-09-07 12:55:00,180.5,180.5,180.0,180.0,394,180.88,2344
2026-09-07 13:00:00,180.0,181.0,180.0,180.5,922,180.88,2344
2026-09-07 13:05:00,180.5,181.0,180.5,180.5,1127,180.88,2344
2026-09-07 13:10:00,180.5,181.0,180.5,180.5,820,180.87,2344
2026-09-07 13:15:00,180.5,181.5,180.5,181.0,4089,180.87,2344
2026-09-07 13:20:00,181.0,181.5,181.0,181.0,1607,180.88,2344
2026-09-07 13:30:00,180.0,180.0,180.0,180.0,5479,180.84,2344
2026-09-08 09:00:00,185.0,187.0,183.5,184.0,22283,185.24,2344
2026-09-08 09:05:00,184.0,188.0,184.0,187.5,20966,185.86,2344
2026-09-08 09:10:00,187.5,189.0,186.5,188.5,18187,186.48,2344
2026-09-08 09:15:00,189.0,190.0,187.0,190.0,15455,186.96,2344
2026-09-08 09:20:00,190.0,191.0,189.0,189.0,19727,187.61,2344
2026-09-08 09:25:00,189.0,189.5,188.0,188.5,5585,187.68,2344
2026-09-08 09:30:00,188.5,190.5,188.0,189.5,10354,187.84,2344
2026-09-08 09:35:00,190.0,190.5,189.5,190.0,5150,187.94,2344
2026-09-08 09:40:00,190.0,191.5,190.0,191.5,9603,188.16,2344
2026-09-08 09:45:00,191.5,191.5,190.0,190.5,3890,188.24,2344
2026-09-08 09:50:00,191.0,191.0,189.5,190.0,4455,188.3,2344
2026-09-08 09:55:00,190.0,190.5,189.5,190.0,1903,188.33,2344
2026-09-08 10:00:00,190.0,192.0,190.0,191.0,12326,188.58,2344
2026-09-08 10:05:00,191.0,191.5,189.0,189.0,3523,188.62,2344
2026-09-08 10:10:00,189.0,189.5,188.5,189.0,2280,188.62,2344
2026-09-08 10:15:00,189.0,189.5,188.0,189.5,2481,188.62,2344
2026-09-08 10:20:00,189.0,190.0,189.0,189.0,1313,188.63,2344
2026-09-08 10:25:00,189.5,189.5,188.5,189.0,989,188.63,2344
2026-09-08 10:30:00,189.0,189.0,188.5,189.0,719,188.63,2344
2026-09-08 10:35:00,189.0,189.5,188.5,189.0,1175,188.64,2344
2026-09-08 10:40:00,189.5,189.5,188.5,188.5,889,188.64,2344
2026-09-08 10:45:00,189.0,189.0,188.0,188.5,1358,188.64,2344
2026-09-08 10:50:00,188.5,188.5,187.5,187.5,2000,188.63,2344
2026-09-08 10:55:00,188.0,189.0,187.5,188.5,1941,188.62,2344
2026-09-08 11:00:00,188.5,189.0,188.5,189.0,740,188.62,2344
2026-09-08 11:05:00,189.0,189.0,188.5,189.0,504,188.62,2344
2026-09-08 11:10:00,189.0,189.0,188.5,188.5,369,188.63,2344
2026-09-08 11:15:00,189.0,189.0,188.5,189.0,441,188.63,2344
2026-09-08 11:20:00,189.0,189.0,188.0,188.0,1420,188.62,2344
2026-09-08 11:25:00,188.0,188.5,187.5,187.5,700,188.62,2344
2026-09-08 11:30:00,187.5,188.0,186.5,187.0,2732,188.6,2344
2026-09-08 11:35:00,186.5,188.0,186.5,187.5,1223,188.59,2344
2026-09-08 11:40:00,187.5,188.0,187.5,187.5,236,188.59,2344
2026-09-08 11:45:00,187.5,188.0,187.5,187.5,431,188.59,2344
2026-09-08 11:50:00,187.5,188.0,187.0,187.0,890,188.58,2344
2026-09-08 11:55:00,187.0,188.5,187.0,188.5,2286,188.57,2344
2026-09-08 12:00:00,188.5,189.0,188.0,188.5,868,188.57,2344
2026-09-08 12:05:00,188.5,189.0,188.5,189.0,475,188.57,2344
2026-09-08 12:10:00,189.0,189.0,188.5,189.0,491,188.57,2344
2026-09-08 12:15:00,189.0,189.0,188.5,189.0,875,188.57,2344
2026-09-08 12:20:00,188.5,190.0,188.5,189.5,4292,188.59,2344
2026-09-08 12:25:00,190.0,190.5,189.5,190.5,4479,188.63,2344
2026-09-08 12:30:00,190.0,190.5,189.5,190.0,2494,188.65,2344
2026-09-08 12:35:00,189.5,190.0,189.0,189.5,1171,188.65,2344
2026-09-08 12:40:00,189.0,190.0,189.0,190.0,1021,188.65,2344
2026-09-08 12:45:00,190.0,190.0,189.0,189.0,1041,188.66,2344
2026-09-08 12:50:00,189.0,189.5,189.0,189.5,879,188.66,2344
2026-09-08 12:55:00,189.0,189.5,189.0,189.0,622,188.66,2344
2026-09-08 13:00:00,189.5,189.5,188.5,188.5,1821,188.67,2344
2026-09-08 13:05:00,189.0,189.0,188.0,188.0,1840,188.66,2344
2026-09-08 13:10:00,188.0,189.0,188.0,188.5,3123,188.66,2344
2026-09-08 13:15:00,189.0,189.0,188.5,188.5,1515,188.66,2344
2026-09-08 13:20:00,188.5,189.0,187.5,188.0,3623,188.65,2344
2026-09-08 13:30:00,188.0,188.0,188.0,188.0,5919,188.64,2344
2026-09-09 09:00:00,190.5,190.5,185.0,186.0,17677,187.69,2344
2026-09-09 09:05:00,185.5,186.0,184.0,185.5,7479,186.89,2344
2026-09-09 09:10:00,185.5,187.0,185.0,187.0,3434,186.76,2344
2026-09-09 09:15:00,187.0,188.0,186.0,187.0,5766,186.85,2344
2026-09-09 09:20:00,187.0,187.5,185.5,186.0,4325,186.81,2344
2026-09-09 09:25:00,185.5,186.0,184.0,185.0,7046,186.53,2344
2026-09-09 09:30:00,184.5,185.0,183.5,185.0,6782,186.23,2344
2026-09-09 09:35:00,185.0,185.0,184.0,184.5,2107,186.16,2344
2026-09-09 09:40:00,184.5,185.0,184.0,184.5,1689,186.11,2344
2026-09-09 09:45:00,184.5,185.5,184.0,185.5,2069,186.07,2344
2026-09-09 09:50:00,185.5,185.5,184.0,184.5,2468,186.01,2344
2026-09-09 09:55:00,184.5,184.5,183.0,183.5,4493,185.85,2344
2026-09-09 10:00:00,183.5,184.0,183.0,184.0,2465,185.76,2344
2026-09-09 10:05:00,184.0,184.0,183.5,183.5,1350,185.72,2344
2026-09-09 10:10:00,183.5,184.0,183.0,183.5,2211,185.65,2344
2026-09-09 10:15:00,183.5,184.0,183.0,184.0,676,185.63,2344
2026-09-09 10:20:00,183.5,184.0,183.5,184.0,987,185.61,2344
2026-09-09 10:25:00,184.0,184.0,183.0,183.5,2015,185.56,2344
2026-09-09 10:30:00,183.5,184.5,183.0,184.0,691,185.54,2344
2026-09-09 10:35:00,184.0,184.5,183.5,184.0,502,185.53,2344
2026-09-09 10:40:00,184.0,184.5,184.0,184.5,767,185.52,2344
2026-09-09 10:45:00,184.5,185.0,184.0,184.5,1142,185.5,2344
2026-09-09 10:50:00,184.5,184.5,183.5,184.0,1364,185.48,2344
2026-09-09 10:55:00,183.5,184.5,183.5,184.0,532,185.47,2344
2026-09-09 11:00:00,184.0,184.0,182.5,182.5,6405,185.3,2344
2026-09-09 11:05:00,182.5,183.0,182.0,182.5,3033,185.2,2344
2026-09-09 11:10:00,182.5,183.0,182.0,182.0,1649,185.15,2344
2026-09-09 11:15:00,182.5,183.0,182.0,183.0,1066,185.12,2344
2026-09-09 11:20:00,183.0,183.5,182.5,183.0,832,185.1,2344
2026-09-09 11:25:00,183.0,183.5,182.5,183.5,473,185.09,2344
2026-09-09 11:30:00,183.5,183.5,182.5,183.5,828,185.07,2344
2026-09-09 11:35:00,183.0,183.5,183.0,183.0,309,185.07,2344
2026-09-09 11:40:00,183.5,184.0,183.0,184.0,993,185.05,2344
2026-09-09 11:45:00,184.0,184.0,183.5,183.5,572,185.04,2344
2026-09-09 11:50:00,183.5,184.0,183.0,183.0,866,185.03,2344
2026-09-09 11:55:00,183.0,183.5,183.0,183.0,226,185.02,2344
2026-09-09 12:00:00,183.0,183.5,183.0,183.5,266,185.02,2344
2026-09-09 12:05:00,183.0,183.5,182.0,182.5,2804,184.95,2344
2026-09-09 12:10:00,182.0,182.5,181.5,181.5,2997,184.87,2344
2026-09-09 12:15:00,182.0,182.5,181.5,182.5,2908,184.78,2344
2026-09-09 12:20:00,182.5,182.5,182.0,182.0,375,184.77,2344
2026-09-09 12:25:00,182.5,182.5,182.0,182.0,379,184.76,2344
2026-09-09 12:30:00,182.5,182.5,181.5,182.0,1577,184.72,2344
2026-09-09 12:35:00,182.0,182.5,181.0,181.5,3475,184.63,2344
2026-09-09 12:40:00,181.5,182.0,180.5,180.5,4533,184.5,2344
2026-09-09 12:45:00,180.5,182.0,180.5,182.0,2200,184.44,2344
2026-09-09 12:50:00,182.0,182.0,181.5,182.0,528,184.43,2344
2026-09-09 12:55:00,182.0,182.5,181.5,182.0,1428,184.4,2344
2026-09-09 13:00:00,181.5,182.5,181.5,182.5,1295,184.38,2344
2026-09-09 13:05:00,182.5,182.5,181.5,182.0,2049,184.34,2344
2026-09-09 13:10:00,182.0,182.0,181.5,181.5,904,184.32,2344
2026-09-09 13:15:00,182.0,182.0,181.5,182.0,1699,184.29,2344
2026-09-09 13:20:00,182.0,182.5,181.5,182.5,3895,184.21,2344
2026-09-09 13:30:00,183.0,183.0,183.0,183.0,7191,184.15,2344
2026-09-10 09:00:00,181.0,182.5,179.5,180.5,10401,180.83,2344
2026-09-10 09:05:00,180.5,182.5,179.5,182.0,4357,180.85,2344
2026-09-10 09:10:00,182.0,182.0,180.5,180.5,1741,180.87,2344
2026-09-10 09:15:00,181.0,181.0,180.0,181.0,1311,180.85,2344
2026-09-10 09:20:00,181.0,181.0,179.0,179.0,3808,180.66,2344
2026-09-10 09:25:00,179.5,180.0,178.5,179.0,3047,180.46,2344
2026-09-10 09:30:00,179.0,179.5,178.0,178.5,2042,180.33,2344
2026-09-10 09:35:00,178.5,179.5,178.0,179.5,1811,180.22,2344
2026-09-10 09:40:00,179.0,181.0,179.0,181.0,1652,180.22,2344
2026-09-10 09:45:00,180.5,182.5,180.5,181.0,3355,180.35,2344
2026-09-10 09:50:00,181.5,182.0,181.0,181.5,1345,180.4,2344
2026-09-10 09:55:00,181.5,182.0,180.5,181.0,466,180.41,2344
2026-09-10 10:00:00,181.0,182.0,181.0,181.5,653,180.42,2344
2026-09-10 10:05:00,181.5,182.5,181.5,181.5,1820,180.51,2344
2026-09-10 10:10:00,181.5,182.0,181.0,181.0,286,180.52,2344
2026-09-10 10:15:00,181.5,181.5,180.5,180.5,558,180.52,2344
2026-09-10 10:20:00,180.5,181.0,180.5,181.0,209,180.52,2344
2026-09-10 10:25:00,181.0,181.0,180.0,180.0,698,180.52,2344
2026-09-10 10:30:00,180.0,180.5,180.0,180.5,282,180.52,2344
2026-09-10 10:35:00,180.0,181.0,180.0,180.5,620,180.52,2344
2026-09-10 10:40:00,180.5,181.0,180.5,181.0,138,180.52,2344
2026-09-10 10:45:00,181.0,181.0,180.5,181.0,78,180.52,2344
2026-09-10 10:50:00,180.5,181.0,180.5,181.0,245,180.52,2344
2026-09-10 10:55:00,181.0,181.0,180.5,181.0,108,180.52,2344
2026-09-10 11:00:00,181.0,181.0,180.5,181.0,127,180.53,2344
2026-09-10 11:05:00,181.0,181.0,180.5,180.5,108,180.53,2344
2026-09-10 11:10:00,180.5,181.0,180.0,180.0,609,180.53,2344
2026-09-10 11:15:00,180.0,180.5,180.0,180.0,260,180.52,2344
2026-09-10 11:20:00,180.0,181.0,180.0,180.0,1083,180.52,2344
2026-09-10 11:25:00,180.0,180.5,180.0,180.5,97,180.52,2344
2026-09-10 11:30:00,180.5,180.5,180.0,180.0,354,180.51,2344
2026-09-10 11:35:00,180.0,180.5,180.0,180.5,118,180.51,2344
2026-09-10 11:40:00,180.5,180.5,180.0,180.0,110,180.51,2344
2026-09-10 11:45:00,180.0,180.5,180.0,180.0,134,180.51,2344
2026-09-10 11:50:00,180.5,180.5,180.0,180.0,122,180.51,2344
2026-09-10 11:55:00,180.0,181.0,180.0,181.0,604,180.51,2344
2026-09-10 12:00:00,181.0,181.0,180.0,180.0,718,180.51,2344
2026-09-10 12:05:00,180.5,181.0,180.0,180.5,442,180.51,2344
2026-09-10 12:10:00,180.5,180.5,180.0,180.5,282,180.51,2344
2026-09-10 12:15:00,180.5,180.5,180.0,180.0,310,180.51,2344
2026-09-10 12:20:00,180.0,180.5,180.0,180.0,140,180.51,2344
2026-09-10 12:25:00,180.0,180.5,180.0,180.5,145,180.51,2344
2026-09-10 12:30:00,180.5,180.5,180.0,180.5,170,180.5,2344
2026-09-10 12:35:00,180.5,180.5,180.0,180.0,251,180.5,2344
2026-09-10 12:40:00,180.5,180.5,180.0,180.0,272,180.5,2344
2026-09-10 12:45:00,180.5,180.5,180.0,180.5,498,180.5,2344
2026-09-10 12:50:00,180.5,181.5,180.0,181.0,3389,180.52,2344
2026-09-10 12:55:00,181.0,181.0,180.5,181.0,441,180.52,2344
2026-09-10 13:00:00,180.5,181.0,180.5,181.0,562,180.52,2344
2026-09-10 13:05:00,180.5,181.0,180.5,180.5,997,180.53,2344
2026-09-10 13:10:00,181.0,181.0,180.0,180.5,3397,180.52,2344
2026-09-10 13:15:00,180.0,180.5,180.0,180.0,1563,180.51,2344
2026-09-10 13:20:00,180.0,180.5,179.5,179.5,2731,180.49,2344
2026-09-10 13:30:00,179.5,179.5,179.5,179.5,5838,180.4,2344
2026-09-11 09:00:00,173.0,173.5,170.5,173.5,11690,172.04,2344
2026-09-11 09:05:00,173.5,173.5,172.0,173.0,5012,172.24,2344
2026-09-11 09:10:00,173.0,173.0,172.0,172.5,2391,172.29,2344
2026-09-11 09:15:00,172.0,173.0,172.0,173.0,1608,172.3,2344
2026-09-11 09:20:00,173.0,173.0,172.0,172.5,1702,172.32,2344
2026-09-11 09:25:00,172.5,172.5,172.0,172.0,1416,172.31,2344
2026-09-11 09:30:00,172.0,172.5,171.5,172.0,3277,172.27,2344
2026-09-11 09:35:00,172.0,172.5,172.0,172.5,660,172.27,2344
2026-09-11 09:40:00,172.0,172.5,172.0,172.0,597,172.27,2344
2026-09-11 09:45:00,172.0,172.5,171.5,171.5,1951,172.24,2344
2026-09-11 09:50:00,172.0,173.0,171.5,173.0,1431,172.24,2344
2026-09-11 09:55:00,173.0,173.5,172.5,173.0,1021,172.26,2344
2026-09-11 10:00:00,173.0,173.5,172.5,172.5,770,172.28,2344
2026-09-11 10:05:00,172.5,173.0,172.5,172.5,390,172.29,2344
2026-09-11 10:10:00,172.5,173.5,172.5,173.5,584,172.3,2344
2026-09-11 10:15:00,173.5,173.5,173.0,173.5,435,172.31,2344
2026-09-11 10:20:00,173.5,173.5,172.5,172.5,1220,172.34,2344
2026-09-11 10:25:00,172.5,173.0,172.5,172.5,337,172.34,2344
2026-09-11 10:30:00,172.5,173.0,172.5,173.0,410,172.34,2344
2026-09-11 10:35:00,173.0,173.0,172.5,173.0,379,172.34,2344
2026-09-11 10:40:00,172.5,173.0,172.0,172.0,1660,172.34,2344
2026-09-11 10:45:00,172.0,172.5,172.0,172.0,551,172.34,2344
2026-09-11 10:50:00,172.0,172.5,172.0,172.0,382,172.33,2344
2026-09-11 10:55:00,172.0,172.5,172.0,172.0,1024,172.33,2344
2026-09-11 11:00:00,172.0,172.5,172.0,172.0,334,172.32,2344
2026-09-11 11:05:00,172.0,172.5,171.5,172.0,1263,172.31,2344
2026-09-11 11:10:00,172.0,172.0,171.5,171.5,1567,172.29,2344
2026-09-11 11:15:00,171.5,172.0,171.5,171.5,533,172.28,2344
2026-09-11 11:20:00,172.0,172.0,171.5,172.0,406,172.27,2344
2026-09-11 11:25:00,172.0,172.5,171.5,172.5,978,172.27,2344
2026-09-11 11:30:00,172.0,172.5,172.0,172.0,254,172.27,2344
2026-09-11 11:35:00,172.5,172.5,172.0,172.0,302,172.27,2344
2026-09-11 11:40:00,172.5,172.5,172.0,172.5,297,172.27,2344
2026-09-11 11:45:00,172.5,172.5,172.0,172.0,321,172.27,2344
2026-09-11 11:50:00,172.0,172.5,171.5,172.5,1819,172.26,2344
2026-09-11 11:55:00,172.5,172.5,172.0,172.5,281,172.26,2344
2026-09-11 12:00:00,172.0,173.0,172.0,173.0,512,172.26,2344
2026-09-11 12:05:00,173.0,173.0,172.5,172.5,213,172.26,2344
2026-09-11 12:10:00,172.5,173.0,172.0,172.5,774,172.26,2344
2026-09-11 12:15:00,172.5,173.0,172.0,172.5,672,172.27,2344
2026-09-11 12:20:00,173.0,173.0,172.5,173.0,307,172.27,2344
2026-09-11 12:25:00,173.0,173.0,172.5,173.0,433,172.27,2344
2026-09-11 12:30:00,172.5,173.0,172.5,172.5,295,172.28,2344
2026-09-11 12:35:00,173.0,173.0,172.5,172.5,337,172.28,2344
2026-09-11 12:40:00,172.5,173.0,172.0,172.5,1504,172.29,2344
2026-09-11 12:45:00,172.0,172.5,172.0,172.0,426,172.29,2344
2026-09-11 12:50:00,172.0,172.5,172.0,172.5,654,172.28,2344
2026-09-11 12:55:00,172.0,172.5,171.5,171.5,3748,172.26,2344
2026-09-11 13:00:00,171.5,172.0,171.0,171.0,2369,172.23,2344
2026-09-11 13:05:00,171.0,171.5,171.0,171.5,832,172.22,2344
2026-09-11 13:10:00,171.5,171.5,171.0,171.5,1368,172.2,2344
2026-09-11 13:15:00,171.5,172.0,171.0,171.5,968,172.19,2344
2026-09-11 13:20:00,171.5,172.0,171.5,172.0,2079,172.18,2344
2026-09-11 13:30:00,171.5,171.5,171.5,171.5,5369,172.13,2344
