date,open,high,low,close,volume,average,stock_code
2026-04-27 09:00:00,95.1,95.1,94.0,94.2,826,94.67,2377
2026-04-27 09:05:00,94.2,94.3,93.4,93.6,479,94.36,2377
2026-04-27 09:10:00,93.6,94.2,93.5,94.2,255,94.27,2377
2026-04-27 09:15:00,94.2,94.9,94.0,94.9,210,94.29,2377
2026-04-27 09:20:00,94.8,94.8,93.6,93.6,224,94.25,2377
2026-04-27 09:25:00,93.6,93.8,93.2,93.6,400,94.13,2377
2026-04-27 09:30:00,93.6,94.2,93.3,94.1,165,94.1,2377
2026-04-27 09:35:00,94.1,94.1,93.9,94.0,130,94.09,2377
2026-04-27 09:40:00,93.9,94.0,93.5,93.7,137,94.07,2377
2026-04-27 09:45:00,93.6,93.8,93.4,93.6,140,94.05,2377
2026-04-27 09:50:00,93.6,93.8,93.5,93.8,122,94.03,2377
2026-04-27 09:55:00,93.8,94.0,93.4,94.0,144,94.01,2377
2026-04-27 10:00:00,94.0,94.3,94.0,94.1,127,94.02,2377
2026-04-27 10:05:00,94.1,94.1,94.0,94.0,95,94.02,2377
2026-04-27 10:10:00,94.0,94.1,93.8,93.8,61,94.02,2377
2026-04-27 10:15:00,93.7,94.0,93.7,93.9,89,94.01,2377
2026-04-27 10:20:00,93.9,94.1,93.6,94.1,128,94.0,2377
2026-04-27 10:25:00,94.1,94.6,94.1,94.4,223,94.02,2377
2026-04-27 10:30:00,94.4,94.5,94.2,94.3,19,94.03,2377
2026-04-27 10:35:00,94.2,94.5,93.8,93.9,161,94.03,2377
2026-04-27 10:40:00,93.9,94.0,93.8,93.9,89,94.03,2377
2026-04-27 10:45:00,93.9,93.9,93.8,93.8,24,94.03,2377
2026-04-27 10:50:00,93.8,93.9,93.7,93.7,62,94.03,2377
2026-04-27 10:55:00,93.8,94.2,93.7,94.2,138,94.02,2377
2026-04-27 11:00:00,94.2,94.2,93.9,93.9,69,94.02,2377
2026-04-27 11:05:00,93.9,93.9,93.8,93.9,46,94.02,2377
2026-04-27 11:10:00,93.8,93.9,93.8,93.9,19,94.02,2377
2026-04-27 11:15:00,93.8,93.8,93.6,93.8,224,94.01,2377
2026-04-27 11:20:00,93.8,93.8,93.7,93.7,51,94.0,2377
2026-04-27 11:25:00,93.7,93.7,93.6,93.7,26,94.0,2377
2026-04-27 11:30:00,93.6,93.7,93.6,93.6,39,94.0,2377
2026-04-27 11:35:00,93.6,93.6,93.4,93.4,205,93.98,2377
2026-04-27 11:40:00,93.4,93.5,93.4,93.5,50,93.97,2377
2026-04-27 11:45:00,93.4,93.5,93.4,93.4,35,93.97,2377
2026-04-27 11:50:00,93.4,93.5,93.4,93.5,25,93.96,2377
2026-04-27 11:55:00,93.4,93.5,93.4,93.4,32,93.96,2377
2026-04-27 12:00:00,93.4,93.5,93.4,93.5,37,93.96,2377
2026-04-27 12:05:00,93.5,93.6,93.5,93.5,167,93.94,2377
2026-04-27 12:10:00,93.6,93.6,93.5,93.5,22,93.94,2377
2026-04-27 12:15:00,93.6,93.6,93.5,93.6,12,93.94,2377
2026-04-27 12:20:00,93.5,93.6,93.5,93.5,39,93.94,2377
2026-04-27 12:25:00,93.5,93.6,93.5,93.5,71,93.93,2377
2026-04-27 12:30:00,93.5,93.6,93.4,93.6,135,93.92,2377
2026-04-27 12:35:00,93.6,93.7,93.5,93.6,158,93.91,2377
2026-04-27 12:40:00,93.7,93.7,93.6,93.6,16,93.91,2377
2026-04-27 12:45:00,93.6,93.6,93.5,93.5,78,93.91,2377
2026-04-27 12:50:00,93.5,93.6,93.5,93.5,158,93.9,2377
2026-04-27 12:55:00,93.5,93.6,93.5,93.6,130,93.89,2377
2026-04-27 13:00:00,93.6,93.6,93.5,93.6,101,93.89,2377
2026-04-27 13:05:00,93.6,93.9,93.4,93.9,189,93.88,2377
2026-04-27 13:10:00,93.9,93.9,93.6,93.7,70,93.88,2377
2026-04-27 13:15:00,93.6,93.7,93.5,93.6,121,93.87,2377
2026-04-27 13:20:00,93.5,93.8,93.4,93.4,363,93.85,2377
2026-04-27 13:30:00,93.4,93.4,93.4,93.4,533,93.82,2377
2026-04-28 09:00:00,93.4,93.5,92.7,93.0,658,93.06,2377
2026-04-28 09:05:00,93.1,93.4,92.9,92.9,306,93.08,2377
2026-04-28 09:10:00,92.9,92.9,92.7,92.8,183,93.04,2377
2026-04-28 09:15:00,92.8,93.8,92.8,93.7,298,93.12,2377
2026-04-28 09:20:00,93.7,93.7,93.3,93.4,136,93.15,2377
2026-04-28 09:25:00,93.3,93.3,93.1,93.3,68,93.15,2377
2026-04-28 09:30:00,93.3,93.3,93.2,93.2,32,93.15,2377
2026-04-28 09:35:00,93.1,93.1,93.0,93.0,72,93.15,2377
2026-04-28 09:40:00,93.0,93.2,93.0,93.2,41,93.15,2377
2026-04-28 09:45:00,93.2,93.2,91.3,92.0,2117,92.56,2377
2026-04-28 09:50:00,92.0,92.2,91.3,92.0,1470,92.31,2377
2026-04-28 09:55:00,92.0,92.5,92.0,92.4,156,92.31,2377
2026-04-28 10:00:00,92.4,92.4,92.1,92.1,258,92.3,2377
2026-04-28 10:05:00,92.1,92.2,92.0,92.2,94,92.3,2377
2026-04-28 10:10:00,92.2,92.4,92.2,92.4,94,92.3,2377
2026-04-28 10:15:00,92.4,92.4,92.2,92.2,96,92.3,2377
2026-04-28 10:20:00,92.3,92.4,92.2,92.4,65,92.3,2377
2026-04-28 10:25:00,92.3,92.4,92.2,92.2,88,92.3,2377
2026-04-28 10:30:00,92.2,92.2,92.0,92.2,73,92.3,2377
2026-04-28 10:35:00,92.2,92.2,91.9,92.2,151,92.29,2377
2026-04-28 10:40:00,92.3,92.4,92.3,92.4,29,92.29,2377
2026-04-28 10:45:00,92.4,92.4,92.1,92.1,51,92.29,2377
2026-04-28 10:50:00,92.1,92.3,92.1,92.3,111,92.29,2377
2026-04-28 10:55:00,92.3,92.3,92.2,92.2,12,92.29,2377
2026-04-28 11:00:00,92.2,92.3,92.2,92.2,54,92.29,2377
2026-04-28 11:05:00,92.2,92.3,92.2,92.2,41,92.29,2377
2026-04-28 11:10:00,92.2,92.3,92.2,92.2,47,92.29,2377
2026-04-28 11:15:00,92.3,92.3,92.2,92.2,34,92.29,2377
2026-04-28 11:20:00,92.3,92.3,92.2,92.2,24,92.29,2377
2026-04-28 11:25:00,92.2,92.3,92.2,92.3,55,92.29,2377
2026-04-28 11:30:00,92.3,92.3,92.1,92.1,108,92.28,2377
2026-04-28 11:35:00,92.1,92.2,92.1,92.1,16,92.28,2377
2026-04-28 11:40:00,92.2,92.2,92.1,92.2,28,92.28,2377
2026-04-28 11:45:00,92.1,92.2,92.1,92.1,34,92.28,2377
2026-04-28 11:50:00,92.1,92.2,92.0,92.0,92,92.28,2377
2026-04-28 11:55:00,92.0,93.8,92.0,93.5,474,92.32,2377
2026-04-28 12:00:00,93.5,94.9,93.5,94.9,594,92.46,2377
2026-04-28 12:05:00,94.9,95.0,94.6,94.7,421,92.58,2377
2026-04-28 12:10:00,94.6,95.5,94.6,95.0,771,92.78,2377
2026-04-28 12:15:00,95.1,95.4,94.9,95.4,334,92.86,2377
2026-04-28 12:20:00,95.3,96.4,95.3,96.1,737,93.06,2377
2026-04-28 12:25:00,96.2,96.3,95.8,95.8,330,93.15,2377
2026-04-28 12:30:00,95.8,96.5,95.8,96.2,631,93.32,2377
2026-04-28 12:35:00,96.2,96.2,96.0,96.1,204,93.37,2377
2026-04-28 12:40:00,96.1,96.9,96.0,96.9,478,93.49,2377
2026-04-28 12:45:00,96.9,97.0,96.5,96.9,470,93.61,2377
2026-04-28 12:50:00,96.9,97.0,96.5,96.6,258,93.68,2377
2026-04-28 12:55:00,96.7,96.8,96.5,96.7,210,93.72,2377
2026-04-28 13:00:00,96.8,97.8,96.7,97.8,615,93.88,2377
2026-04-28 13:05:00,97.7,99.2,97.6,97.8,1335,94.27,2377
2026-04-28 13:10:00,97.7,98.1,97.5,98.1,535,94.4,2377
2026-04-28 13:15:00,98.0,98.5,97.8,97.8,452,94.5,2377
2026-04-28 13:20:00,97.8,97.8,97.3,97.8,401,94.58,2377
2026-04-28 13:30:00,97.4,97.4,97.4,97.4,574,94.67,2377
2026-04-29 09:00:00,98.3,98.8,97.2,97.6,1260,97.98,2377
2026-04-29 09:05:00,97.6,97.6,95.8,96.2,530,97.53,2377
2026-04-29 09:10:00,96.3,99.3,96.3,98.8,1130,97.81,2377
2026-04-29 09:15:00,99.0,99.8,98.7,99.2,1136,98.21,2377
2026-04-29 09:20:00,99.3,99.3,98.2,98.6,440,98.28,2377
2026-04-29 09:25:00,98.5,99.8,98.1,99.7,686,98.39,2377
2026-04-29 09:30:00,99.7,100.5,99.3,100.0,1445,98.73,2377
2026-04-29 09:35:00,100.5,101.5,100.0,101.5,994,98.97,2377
2026-04-29 09:40:00,101.5,101.5,100.0,100.5,807,99.13,2377
2026-04-29 09:45:00,100.5,100.5,99.9,100.0,732,99.2,2377
2026-04-29 09:50:00,100.0,100.5,99.9,100.0,362,99.23,2377
2026-04-29 09:55:00,100.0,100.5,99.4,99.9,601,99.26,2377
2026-04-29 10:00:00,99.9,100.5,99.9,100.0,226,99.28,2377
2026-04-29 10:05:00,99.9,99.9,99.2,99.2,232,99.28,2377
2026-04-29 10:10:00,99.2,99.9,99.0,99.9,375,99.29,2377
2026-04-29 10:15:00,99.8,99.9,99.5,99.6,225,99.3,2377
2026-04-29 10:20:00,99.6,99.7,99.4,99.4,99,99.3,2377
2026-04-29 10:25:00,99.4,99.8,99.4,99.5,92,99.3,2377
2026-04-29 10:30:00,99.6,99.9,99.4,99.6,125,99.31,2377
2026-04-29 10:35:00,99.6,99.6,99.3,99.6,94,99.31,2377
2026-04-29 10:40:00,99.5,99.7,99.3,99.4,100,99.31,2377
2026-04-29 10:45:00,99.4,99.5,99.2,99.2,102,99.31,2377
2026-04-29 10:50:00,99.2,99.3,98.7,99.2,510,99.3,2377
2026-04-29 10:55:00,99.3,99.9,99.3,99.8,275,99.31,2377
2026-04-29 11:00:00,99.8,100.0,99.4,100.0,278,99.32,2377
2026-04-29 11:05:00,100.0,100.0,99.8,99.8,76,99.32,2377
2026-04-29 11:10:00,99.8,100.0,99.7,100.0,137,99.33,2377
2026-04-29 11:15:00,100.0,100.5,99.9,100.0,509,99.35,2377
2026-04-29 11:20:00,100.0,100.5,99.9,100.0,238,99.37,2377
2026-04-29 11:25:00,100.0,100.5,100.0,100.0,306,99.38,2377
2026-04-29 11:30:00,100.0,100.5,99.9,100.0,117,99.39,2377
2026-04-29 11:35:00,100.0,100.5,100.0,100.0,46,99.39,2377
2026-04-29 11:40:00,100.0,100.5,100.0,100.0,92,99.39,2377
2026-04-29 11:45:00,100.0,100.5,100.0,100.0,104,99.4,2377
2026-04-29 11:50:00,100.0,100.5,99.9,100.0,326,99.41,2377
2026-04-29 11:55:00,100.0,100.0,100.0,100.0,133,99.42,2377
2026-04-29 12:00:00,100.0,101.0,100.0,101.0,596,99.45,2377
2026-04-29 12:05:00,101.0,101.0,100.5,101.0,136,99.47,2377
2026-04-29 12:10:00,101.0,101.0,100.5,100.5,160,99.48,2377
2026-04-29 12:15:00,101.0,101.0,100.5,100.5,168,99.49,2377
2026-04-29 12:20:00,100.5,101.0,100.0,100.0,486,99.51,2377
2026-04-29 12:25:00,100.0,100.5,100.0,100.0,64,99.52,2377
2026-04-29 12:30:00,100.5,100.5,100.0,100.0,175,99.52,2377
2026-04-29 12:35:00,100.5,101.0,100.0,100.5,329,99.54,2377
2026-04-29 12:40:00,100.5,101.0,100.5,100.5,66,99.55,2377
2026-04-29 12:45:00,100.5,101.0,100.5,100.5,107,99.55,2377
2026-04-29 12:50:00,100.5,100.5,100.0,100.0,275,99.57,2377
2026-04-29 12:55:00,100.0,100.5,100.0,100.5,60,99.57,2377
2026-04-29 13:00:00,100.5,100.5,100.0,100.5,77,99.57,2377
2026-04-29 13:05:00,100.0,100.5,100.0,100.5,132,99.58,2377
2026-04-29 13:10:00,100.5,100.5,100.0,100.5,218,99.58,2377
2026-04-29 13:15:00,100.5,100.5,100.0,100.5,238,99.59,2377
2026-04-29 13:20:00,100.0,100.5,99.8,100.5,654,99.61,2377
2026-04-29 13:30:00,100.0,100.0,100.0,100.0,687,99.62,2377
2026-04-30 09:00:00,100.5,101.0,99.7,100.0,1037,100.29,2377
2026-04-30 09:05:00,100.5,101.0,100.5,101.0,542,100.43,2377
2026-04-30 09:10:00,101.0,101.0,99.7,99.8,510,100.37,2377
2026-04-30 09:15:00,99.8,100.0,99.4,99.9,396,100.26,2377
2026-04-30 09:20:00,99.9,100.5,99.9,100.0,220,100.24,2377
2026-04-30 09:25:00,100.0,100.5,99.7,99.9,275,100.22,2377
2026-04-30 09:30:00,99.7,99.9,99.4,99.9,212,100.18,2377
2026-04-30 09:35:00,99.9,100.0,99.6,99.6,204,100.16,2377
2026-04-30 09:40:00,99.7,100.5,99.7,100.0,202,100.14,2377
2026-04-30 09:45:00,100.0,100.5,99.8,100.0,281,100.14,2377
2026-04-30 09:50:00,99.9,100.5,99.7,100.0,132,100.13,2377
2026-04-30 09:55:00,100.0,100.5,100.0,100.0,134,100.13,2377
2026-04-30 10:00:00,100.0,100.0,99.4,99.5,449,100.08,2377
2026-04-30 10:05:00,99.5,99.7,98.5,99.5,1115,99.91,2377
2026-04-30 10:10:00,99.5,99.6,99.0,99.1,406,99.87,2377
2026-04-30 10:15:00,99.1,99.2,98.8,98.8,297,99.83,2377
2026-04-30 10:20:00,98.8,99.0,98.7,98.9,221,99.8,2377
2026-04-30 10:25:00,98.8,98.8,98.5,98.7,256,99.75,2377
2026-04-30 10:30:00,98.6,98.7,98.2,98.7,498,99.67,2377
2026-04-30 10:35:00,98.6,98.7,98.3,98.3,140,99.64,2377
2026-04-30 10:40:00,98.3,98.5,98.2,98.4,189,99.61,2377
2026-04-30 10:45:00,98.4,98.4,98.2,98.2,101,99.59,2377
2026-04-30 10:50:00,98.2,98.2,97.8,98.1,493,99.5,2377
2026-04-30 10:55:00,98.0,98.1,97.8,97.9,139,99.48,2377
2026-04-30 11:00:00,97.9,97.9,97.5,97.5,276,99.42,2377
2026-04-30 11:05:00,97.5,97.6,97.3,97.6,258,99.36,2377
2026-04-30 11:10:00,97.6,97.7,97.3,97.4,253,99.31,2377
2026-04-30 11:15:00,97.5,97.5,97.4,97.5,143,99.29,2377
2026-04-30 11:20:00,97.4,97.5,97.3,97.4,136,99.26,2377
2026-04-30 11:25:00,97.5,97.5,97.1,97.1,218,99.21,2377
2026-04-30 11:30:00,97.1,98.7,97.1,98.7,448,99.16,2377
2026-04-30 11:35:00,98.6,98.9,98.2,98.8,309,99.14,2377
2026-04-30 11:40:00,98.8,99.1,98.7,98.9,314,99.13,2377
2026-04-30 11:45:00,98.9,99.0,98.5,98.8,237,99.13,2377
2026-04-30 11:50:00,98.7,99.1,98.7,99.1,165,99.12,2377
2026-04-30 11:55:00,99.0,99.1,98.6,98.6,208,99.12,2377
2026-04-30 12:00:00,98.5,99.0,98.5,98.9,133,99.12,2377
2026-04-30 12:05:00,98.9,99.0,98.8,98.9,223,99.11,2377
2026-04-30 12:10:00,98.9,99.0,98.7,98.7,202,99.11,2377
2026-04-30 12:15:00,98.8,98.9,98.4,98.4,301,99.1,2377
2026-04-30 12:20:00,98.4,98.8,98.3,98.8,134,99.09,2377
2026-04-30 12:25:00,98.7,98.9,98.5,98.6,188,99.08,2377
2026-04-30 12:30:00,98.5,98.5,97.6,98.0,332,99.06,2377
2026-04-30 12:35:00,98.0,98.1,97.6,97.7,167,99.04,2377
2026-04-30 12:40:00,97.7,98.1,97.6,98.0,357,99.01,2377
2026-04-30 12:45:00,98.0,98.2,97.7,98.1,258,98.99,2377
2026-04-30 12:50:00,98.1,98.4,98.0,98.0,241,98.98,2377
2026-04-30 12:55:00,98.2,98.2,97.7,97.9,173,98.97,2377
2026-04-30 13:00:00,97.9,98.0,97.7,97.9,165,98.95,2377
2026-04-30 13:05:00,97.9,98.0,97.7,97.9,165,98.94,2377
2026-04-30 13:10:00,98.0,98.1,97.9,98.0,155,98.93,2377
2026-04-30 13:15:00,98.0,98.0,97.8,97.9,157,98.92,2377
2026-04-30 13:20:00,97.8,97.9,97.5,97.7,350,98.89,2377
2026-04-30 13:30:00,97.7,97.7,97.7,97.7,641,98.84,2377
2026-05-04 09:00:00,97.7,98.1,97.2,97.6,550,97.59,2377
2026-05-04 09:05:00,97.6,98.0,97.5,97.9,146,97.62,2377
2026-05-04 09:10:00,97.8,97.8,97.2,97.3,352,97.58,2377
2026-05-04 09:15:00,97.3,97.3,96.2,96.5,920,97.14,2377
2026-05-04 09:20:00,96.5,96.8,96.1,96.7,503,96.99,2377
2026-05-04 09:25:00,96.8,97.0,96.7,96.8,112,96.98,2377
2026-05-04 09:30:00,96.8,97.2,96.5,96.8,408,96.94,2377
2026-05-04 09:35:00,96.8,96.8,96.4,96.7,222,96.91,2377
2026-05-04 09:40:00,96.5,96.6,96.4,96.4,144,96.9,2377
2026-05-04 09:45:00,96.5,96.5,95.9,96.2,684,96.76,2377
2026-05-04 09:50:00,96.1,96.3,95.9,96.2,171,96.73,2377
2026-05-04 09:55:00,96.2,96.3,95.9,95.9,220,96.7,2377
2026-05-04 10:00:00,96.0,96.0,95.6,95.8,334,96.64,2377
2026-05-04 10:05:00,95.8,95.8,95.4,95.6,464,96.54,2377
2026-05-04 10:10:00,95.6,95.9,95.6,95.8,120,96.53,2377
2026-05-04 10:15:00,95.8,95.8,95.5,95.8,185,96.5,2377
2026-05-04 10:20:00,95.7,95.8,95.6,95.8,50,96.49,2377
2026-05-04 10:25:00,95.8,95.8,95.4,95.6,211,96.46,2377
2026-05-04 10:30:00,95.7,96.0,95.6,95.9,96,96.45,2377
2026-05-04 10:35:00,95.8,95.9,95.7,95.7,50,96.44,2377
2026-05-04 10:40:00,95.8,95.9,95.8,95.9,41,96.44,2377
2026-05-04 10:45:00,95.9,95.9,95.7,95.8,31,96.43,2377
2026-05-04 10:50:00,95.8,95.9,95.7,95.8,59,96.43,2377
2026-05-04 10:55:00,95.8,96.0,95.8,96.0,41,96.42,2377
2026-05-04 11:00:00,96.1,96.5,96.1,96.4,102,96.42,2377
2026-05-04 11:05:00,96.4,96.4,95.7,95.7,290,96.4,2377
2026-05-04 11:10:00,95.8,95.9,95.7,95.9,113,96.39,2377
2026-05-04 11:15:00,95.9,95.9,95.7,95.7,34,96.39,2377
2026-05-04 11:20:00,95.7,95.9,95.7,95.9,48,96.38,2377
2026-05-04 11:25:00,95.9,96.0,95.9,96.0,49,96.38,2377
2026-05-04 11:30:00,96.0,96.0,95.8,95.9,55,96.38,2377
2026-05-04 11:35:00,95.9,95.9,95.8,95.9,15,96.37,2377
2026-05-04 11:40:00,95.8,95.9,95.5,95.6,230,96.35,2377
2026-05-04 11:45:00,95.7,95.7,95.6,95.6,81,96.34,2377
2026-05-04 11:50:00,95.7,95.8,95.6,95.8,69,96.34,2377
2026-05-04 11:55:00,95.7,95.7,95.6,95.6,96,96.33,2377
2026-05-04 12:00:00,95.6,95.6,95.5,95.5,127,96.31,2377
2026-05-04 12:05:00,95.6,95.6,95.5,95.6,93,96.31,2377
2026-05-04 12:10:00,95.6,95.7,95.6,95.7,41,96.3,2377
2026-05-04 12:15:00,95.7,95.7,95.5,95.6,101,96.29,2377
2026-05-04 12:20:00,95.6,95.7,95.6,95.6,40,96.29,2377
2026-05-04 12:25:00,95.6,95.7,95.2,95.3,585,96.23,2377
2026-05-04 12:30:00,95.3,95.4,95.2,95.4,201,96.21,2377
2026-05-04 12:35:00,95.4,95.5,95.3,95.5,145,96.19,2377
2026-05-04 12:40:00,95.5,95.6,95.4,95.5,97,96.19,2377
2026-05-04 12:45:00,95.5,95.6,95.4,95.4,66,96.18,2377
2026-05-04 12:50:00,95.5,95.5,95.4,95.5,73,96.17,2377
2026-05-04 12:55:00,95.4,95.4,95.3,95.3,49,96.17,2377
2026-05-04 13:00:00,95.4,95.4,95.2,95.2,201,96.15,2377
2026-05-04 13:05:00,95.3,95.3,95.2,95.2,240,96.13,2377
2026-05-04 13:10:00,95.2,95.2,95.1,95.2,263,96.1,2377
2026-05-04 13:15:00,95.1,95.2,95.0,95.1,322,96.07,2377
2026-05-04 13:20:00,95.0,95.1,95.0,95.0,567,96.01,2377
2026-05-04 13:30:00,95.1,95.1,95.1,95.1,652,95.96,2377
2026-05-05 09:00:00,95.3,95.3,94.7,95.0,391,95.01,2377
2026-05-05 09:05:00,95.0,95.0,94.5,94.7,214,94.91,2377
2026-05-05 09:10:00,94.7,95.8,94.7,95.7,289,95.07,2377
2026-05-05 09:15:00,95.7,96.0,95.4,95.5,206,95.18,2377
2026-05-05 09:20:00,95.5,95.6,95.2,95.6,112,95.2,2377
2026-05-05 09:25:00,95.6,95.9,95.6,95.7,74,95.23,2377
2026-05-05 09:30:00,95.6,96.0,95.4,96.0,241,95.32,2377
2026-05-05 09:35:00,96.0,96.0,95.8,95.9,110,95.36,2377
2026-05-05 09:40:00,95.9,95.9,95.4,95.4,75,95.37,2377
2026-05-05 09:45:00,95.4,95.6,95.4,95.6,25,95.37,2377
2026-05-05 09:50:00,95.5,95.6,95.5,95.6,26,95.38,2377
2026-05-05 09:55:00,95.5,95.6,95.4,95.5,63,95.38,2377
2026-05-05 10:00:00,95.4,95.5,95.4,95.4,38,95.38,2377
2026-05-05 10:05:00,95.4,95.4,95.1,95.2,168,95.37,2377
2026-05-05 10:10:00,95.2,95.4,95.2,95.4,26,95.37,2377
2026-05-05 10:15:00,95.4,95.7,95.3,95.6,64,95.37,2377
2026-05-05 10:20:00,95.5,95.5,95.3,95.4,21,95.37,2377
2026-05-05 10:25:00,95.3,95.3,95.2,95.3,45,95.37,2377
2026-05-05 10:30:00,95.3,95.3,95.1,95.1,61,95.37,2377
2026-05-05 10:35:00,95.2,95.2,95.1,95.2,39,95.36,2377
2026-05-05 10:40:00,95.2,95.3,95.1,95.3,122,95.36,2377
2026-05-05 10:45:00,95.3,95.3,95.2,95.2,16,95.36,2377
2026-05-05 10:50:00,95.2,95.3,95.2,95.2,18,95.35,2377
2026-05-05 10:55:00,95.3,95.4,95.2,95.4,45,95.35,2377
2026-05-05 11:00:00,95.4,95.7,95.4,95.6,45,95.36,2377
2026-05-05 11:05:00,95.6,95.7,95.6,95.6,26,95.36,2377
2026-05-05 11:10:00,95.6,95.6,95.4,95.5,29,95.36,2377
2026-05-05 11:15:00,95.4,95.5,95.4,95.4,13,95.36,2377
2026-05-05 11:20:00,95.4,95.4,95.4,95.4,15,95.36,2377
2026-05-05 11:25:00,95.4,95.4,95.3,95.3,15,95.36,2377
2026-05-05 11:30:00,95.3,95.4,95.3,95.3,54,95.36,2377
2026-05-05 11:35:00,95.3,95.4,95.3,95.3,24,95.36,2377
2026-05-05 11:40:00,95.3,95.3,95.3,95.3,11,95.36,2377
2026-05-05 11:45:00,95.3,95.4,95.3,95.4,25,95.36,2377
2026-05-05 11:50:00,95.4,95.4,95.3,95.3,50,95.36,2377
2026-05-05 11:55:00,95.3,95.4,95.3,95.4,16,95.36,2377
2026-05-05 12:00:00,95.3,95.7,95.3,95.6,80,95.36,2377
2026-05-05 12:05:00,95.6,95.7,95.5,95.6,44,95.37,2377
2026-05-05 12:10:00,95.7,96.0,95.6,95.9,168,95.4,2377
2026-05-05 12:15:00,95.9,96.0,95.8,95.9,50,95.4,2377
2026-05-05 12:20:00,95.9,95.9,95.7,95.7,25,95.41,2377
2026-05-05 12:25:00,95.7,95.9,95.7,95.9,30,95.41,2377
2026-05-05 12:30:00,95.9,95.9,95.7,95.7,22,95.41,2377
2026-05-05 12:35:00,95.7,95.7,95.6,95.6,72,95.42,2377
2026-05-05 12:40:00,95.6,95.8,95.5,95.7,67,95.42,2377
2026-05-05 12:45:00,95.7,95.7,95.5,95.5,41,95.43,2377
2026-05-05 12:50:00,95.5,95.6,95.5,95.6,42,95.43,2377
2026-05-05 12:55:00,95.6,95.6,95.5,95.5,35,95.43,2377
2026-05-05 13:00:00,95.5,95.6,95.5,95.6,24,95.43,2377
2026-05-05 13:05:00,95.5,95.6,95.4,95.4,223,95.43,2377
2026-05-05 13:10:00,95.4,95.8,95.4,95.5,172,95.44,2377
2026-05-05 13:15:00,95.5,95.6,95.4,95.5,150,95.44,2377
2026-05-05 13:20:00,95.6,95.6,95.4,95.4,147,95.44,2377
2026-05-05 13:30:00,95.7,95.7,95.7,95.7,323,95.46,2377
2026-05-06 09:00:00,96.4,96.5,95.5,96.1,711,96.08,2377
2026-05-06 09:05:00,96.1,96.9,96.1,96.8,443,96.28,2377
2026-05-06 09:10:00,96.8,97.3,96.7,97.0,563,96.54,2377
2026-05-06 09:15:00,97.1,97.2,96.8,97.2,377,96.61,2377
2026-05-06 09:20:00,97.2,97.3,96.7,96.7,187,96.65,2377
2026-05-06 09:25:00,96.7,97.6,96.7,97.3,425,96.75,2377
2026-05-06 09:30:00,97.2,98.0,97.2,97.9,378,96.86,2377
2026-05-06 09:35:00,98.0,98.5,97.9,98.3,708,97.11,2377
2026-05-06 09:40:00,98.2,99.0,98.2,98.3,828,97.4,2377
2026-05-06 09:45:00,98.4,98.7,98.0,98.0,429,97.47,2377
2026-05-06 09:50:00,98.1,98.1,97.3,97.5,579,97.49,2377
2026-05-06 09:55:00,97.6,98.2,97.6,98.1,288,97.51,2377
2026-05-06 10:00:00,98.1,98.1,97.5,97.6,222,97.52,2377
2026-05-06 10:05:00,97.6,97.8,97.0,97.7,534,97.5,2377
2026-05-06 10:10:00,97.7,98.1,97.7,97.9,227,97.51,2377
2026-05-06 10:15:00,97.9,97.9,97.6,97.9,132,97.52,2377
2026-05-06 10:20:00,97.8,98.0,97.7,97.8,112,97.52,2377
2026-05-06 10:25:00,97.8,97.9,97.6,97.8,136,97.53,2377
2026-05-06 10:30:00,97.8,97.9,97.6,97.9,109,97.53,2377
2026-05-06 10:35:00,97.9,98.3,97.7,98.0,260,97.55,2377
2026-05-06 10:40:00,98.0,98.2,98.0,98.2,104,97.55,2377
2026-05-06 10:45:00,98.2,98.3,98.1,98.3,179,97.57,2377
2026-05-06 10:50:00,98.3,98.6,98.2,98.3,276,97.6,2377
2026-05-06 10:55:00,98.3,98.3,98.1,98.1,75,97.6,2377
2026-05-06 11:00:00,98.2,98.3,98.1,98.1,94,97.61,2377
2026-05-06 11:05:00,98.1,98.3,98.1,98.2,108,97.62,2377
2026-05-06 11:10:00,98.2,98.6,98.2,98.6,291,97.65,2377
2026-05-06 11:15:00,98.6,99.5,98.5,99.2,929,97.79,2377
2026-05-06 11:20:00,99.2,99.6,99.0,99.4,396,97.85,2377
2026-05-06 11:25:00,99.4,99.8,99.3,99.7,443,97.92,2377
2026-05-06 11:30:00,99.6,99.7,99.2,99.3,510,97.99,2377
2026-05-06 11:35:00,99.3,99.4,99.0,99.2,282,98.02,2377
2026-05-06 11:40:00,99.2,99.3,99.1,99.3,155,98.03,2377
2026-05-06 11:45:00,99.1,99.5,99.1,99.1,261,98.06,2377
2026-05-06 11:50:00,99.0,99.3,99.0,99.0,182,98.08,2377
2026-05-06 11:55:00,99.0,99.2,98.7,98.8,144,98.09,2377
2026-05-06 12:00:00,98.8,99.0,98.7,99.0,99,98.09,2377
2026-05-06 12:05:00,98.9,99.0,98.8,99.0,97,98.1,2377
2026-05-06 12:10:00,98.9,98.9,98.7,98.8,128,98.11,2377
2026-05-06 12:15:00,98.8,98.8,98.5,98.7,132,98.11,2377
2026-05-06 12:20:00,98.8,99.2,98.8,99.2,163,98.13,2377
2026-05-06 12:25:00,99.2,99.3,99.0,99.2,175,98.14,2377
2026-05-06 12:30:00,99.2,99.2,99.0,99.2,142,98.15,2377
2026-05-06 12:35:00,99.2,99.3,99.1,99.1,214,98.17,2377
2026-05-06 12:40:00,99.1,99.2,99.1,99.1,168,98.18,2377
2026-05-06 12:45:00,99.1,99.2,99.0,99.0,257,98.2,2377
2026-05-06 12:50:00,99.0,99.6,99.0,99.5,396,98.23,2377
2026-05-06 12:55:00,99.6,100.5,99.5,100.0,1505,98.39,2377
2026-05-06 13:00:00,100.0,100.5,99.9,100.0,594,98.45,2377
2026-05-06 13:05:00,100.0,100.5,100.0,100.0,414,98.49,2377
2026-05-06 13:10:00,100.0,100.5,100.0,100.5,251,98.52,2377
2026-05-06 13:15:00,100.5,100.5,100.0,100.0,214,98.54,2377
2026-05-06 13:20:00,100.5,100.5,100.0,100.5,509,98.59,2377
2026-05-06 13:30:00,100.0,100.0,100.0,100.0,682,98.64,2377
2026-05-07 09:00:00,101.5,102.0,100.0,100.0,1742,100.92,2377
2026-05-07 09:05:00,100.5,100.5,99.1,99.3,715,100.55,2377
2026-05-07 09:10:00,99.3,101.5,99.2,101.5,573,100.51,2377
2026-05-07 09:15:00,101.5,103.5,101.0,103.0,2192,101.28,2377
2026-05-07 09:20:00,103.0,103.0,102.0,102.0,457,101.37,2377
2026-05-07 09:25:00,102.0,102.0,101.5,101.5,300,101.38,2377
2026-05-07 09:30:00,101.5,102.0,101.0,101.5,312,101.38,2377
2026-05-07 09:35:00,101.5,102.5,101.5,102.5,392,101.42,2377
2026-05-07 09:40:00,102.5,103.0,102.0,102.5,659,101.52,2377
2026-05-07 09:45:00,102.5,102.5,102.0,102.5,140,101.53,2377
2026-05-07 09:50:00,102.5,102.5,101.5,101.5,319,101.56,2377
2026-05-07 09:55:00,101.5,102.0,101.5,101.5,387,101.57,2377
2026-05-07 10:00:00,101.5,102.5,101.5,102.0,292,101.58,2377
2026-05-07 10:05:00,102.0,102.5,102.0,102.0,102,101.59,2377
2026-05-07 10:10:00,102.0,102.5,101.5,101.5,127,101.59,2377
2026-05-07 10:15:00,101.5,102.0,101.0,102.0,566,101.6,2377
2026-05-07 10:20:00,102.5,102.5,101.5,102.0,1080,101.64,2377
2026-05-07 10:25:00,102.0,102.0,101.5,102.0,263,101.65,2377
2026-05-07 10:30:00,102.0,102.0,101.0,101.5,341,101.64,2377
2026-05-07 10:35:00,101.5,101.5,101.0,101.5,159,101.64,2377
2026-05-07 10:40:00,101.0,101.5,101.0,101.5,115,101.64,2377
2026-05-07 10:45:00,101.5,101.5,101.0,101.0,72,101.64,2377
2026-05-07 10:50:00,101.0,101.5,101.0,101.5,37,101.64,2377
2026-05-07 10:55:00,101.5,101.5,101.0,101.0,63,101.63,2377
2026-05-07 11:00:00,101.0,101.5,101.0,101.5,66,101.63,2377
2026-05-07 11:05:00,101.5,101.5,101.0,101.5,69,101.63,2377
2026-05-07 11:10:00,101.5,101.5,101.0,101.5,48,101.63,2377
2026-05-07 11:15:00,101.5,101.5,101.0,101.5,54,101.63,2377
2026-05-07 11:20:00,101.5,101.5,101.0,101.0,58,101.63,2377
2026-05-07 11:25:00,101.0,101.5,101.0,101.5,67,101.62,2377
2026-05-07 11:30:00,101.5,101.5,101.0,101.5,70,101.62,2377
2026-05-07 11:35:00,101.0,102.0,101.0,102.0,257,101.62,2377
2026-05-07 11:40:00,102.0,102.0,101.5,101.5,133,101.63,2377
2026-05-07 11:45:00,102.0,102.0,101.5,101.5,37,101.63,2377
2026-05-07 11:50:00,101.5,102.0,101.5,102.0,46,101.63,2377
2026-05-07 11:55:00,102.0,102.0,101.5,101.5,40,101.63,2377
2026-05-07 12:00:00,101.5,102.0,101.5,101.5,50,101.63,2377
2026-05-07 12:05:00,101.5,102.0,101.5,101.5,94,101.63,2377
2026-05-07 12:10:00,102.0,102.0,101.5,101.5,160,101.63,2377
2026-05-07 12:15:00,101.5,102.0,101.5,101.5,134,101.62,2377
2026-05-07 12:20:00,101.5,101.5,101.5,101.5,415,101.62,2377
2026-05-07 12:25:00,101.5,102.0,101.5,101.5,130,101.62,2377
2026-05-07 12:30:00,101.5,102.0,101.5,101.5,107,101.62,2377
2026-05-07 12:35:00,101.5,101.5,101.5,101.5,147,101.62,2377
2026-05-07 12:40:00,101.5,102.0,101.5,101.5,112,101.62,2377
2026-05-07 12:45:00,101.5,102.0,101.5,101.5,144,101.62,2377
2026-05-07 12:50:00,101.5,102.0,101.5,101.5,57,101.61,2377
2026-05-07 12:55:00,101.5,102.0,101.5,101.5,83,101.61,2377
2026-05-07 13:00:00,101.5,102.0,101.5,101.5,85,101.61,2377
2026-05-07 13:05:00,101.5,102.0,101.5,101.5,225,101.61,2377
2026-05-07 13:10:00,101.5,102.0,101.5,101.5,245,101.61,2377
2026-05-07 13:15:00,102.0,102.0,101.5,101.5,441,101.61,2377
2026-05-07 13:20:00,102.0,102.0,101.0,101.5,516,101.61,2377
2026-05-07 13:30:00,101.0,101.0,101.0,101.0,1205,101.57,2377
2026-05-08 09:00:00,100.5,103.0,100.0,102.0,1060,101.73,2377
2026-05-08 09:05:00,101.5,103.5,101.5,103.0,1773,102.41,2377
2026-05-08 09:10:00,103.0,103.5,102.0,102.5,487,102.44,2377
2026-05-08 09:15:00,102.5,103.0,102.0,103.0,439,102.44,2377
2026-05-08 09:20:00,103.0,103.0,102.0,102.5,329,102.45,2377
2026-05-08 09:25:00,102.5,103.0,102.0,102.5,160,102.45,2377
2026-05-08 09:30:00,102.5,102.5,102.0,102.5,141,102.45,2377
2026-05-08 09:35:00,102.5,102.5,102.0,102.0,260,102.42,2377
2026-05-08 09:40:00,102.0,102.5,101.5,101.5,276,102.39,2377
2026-05-08 09:45:00,101.5,102.0,101.0,101.5,592,102.29,2377
2026-05-08 09:50:00,101.5,102.5,101.5,102.5,310,102.28,2377
2026-05-08 09:55:00,102.0,102.0,101.0,101.5,191,102.26,2377
2026-05-08 10:00:00,101.5,101.5,101.0,101.0,193,102.23,2377
2026-05-08 10:05:00,101.5,101.5,101.0,101.0,118,102.21,2377
2026-05-08 10:10:00,101.0,101.5,100.5,100.5,378,102.13,2377
2026-05-08 10:15:00,100.5,100.5,100.0,100.0,569,101.98,2377
2026-05-08 10:20:00,100.0,100.5,98.9,99.6,1361,101.58,2377
2026-05-08 10:25:00,99.7,99.8,99.3,99.6,149,101.54,2377
2026-05-08 10:30:00,99.5,100.0,99.4,100.0,225,101.5,2377
2026-05-08 10:35:00,100.5,100.5,100.0,100.0,53,101.49,2377
2026-05-08 10:40:00,100.0,100.5,100.0,100.0,62,101.48,2377
2026-05-08 10:45:00,100.0,100.5,100.0,100.0,40,101.47,2377
2026-05-08 10:50:00,100.0,100.5,100.0,100.0,119,101.45,2377
2026-05-08 10:55:00,100.5,100.5,99.7,99.8,217,101.42,2377
2026-05-08 11:00:00,99.7,100.0,99.7,99.9,73,101.4,2377
2026-05-08 11:05:00,99.8,100.5,99.8,100.0,107,101.39,2377
2026-05-08 11:10:00,100.0,100.5,100.0,100.5,26,101.39,2377
2026-05-08 11:15:00,100.5,100.5,100.0,100.5,45,101.38,2377
2026-05-08 11:20:00,100.5,100.5,100.0,100.0,65,101.38,2377
2026-05-08 11:25:00,100.5,100.5,100.0,100.5,33,101.37,2377
2026-05-08 11:30:00,100.5,100.5,100.0,100.5,36,101.37,2377
2026-05-08 11:35:00,100.5,100.5,100.0,100.5,97,101.36,2377
2026-05-08 11:40:00,100.5,100.5,100.0,100.5,46,101.36,2377
2026-05-08 11:45:00,100.5,100.5,100.0,100.5,42,101.35,2377
2026-05-08 11:50:00,100.5,100.5,100.0,100.5,43,101.35,2377
2026-05-08 11:55:00,100.5,100.5,100.0,100.0,41,101.34,2377
2026-05-08 12:00:00,100.5,100.5,100.0,100.5,77,101.34,2377
2026-05-08 12:05:00,100.5,100.5,100.0,100.5,48,101.33,2377
2026-05-08 12:10:00,100.5,100.5,100.0,100.5,70,101.33,2377
2026-05-08 12:15:00,100.5,100.5,99.7,100.0,402,101.28,2377
2026-05-08 12:20:00,100.0,100.5,100.0,100.0,33,101.27,2377
2026-05-08 12:25:00,100.0,100.5,100.0,100.0,24,101.27,2377
2026-05-08 12:30:00,100.5,100.5,99.9,100.0,93,101.26,2377
2026-05-08 12:35:00,100.0,100.0,99.8,99.8,129,101.24,2377
2026-05-08 12:40:00,99.7,100.0,99.7,100.0,151,101.23,2377
2026-05-08 12:45:00,100.0,100.5,100.0,100.5,36,101.22,2377
2026-05-08 12:50:00,100.5,100.5,100.0,100.0,93,101.21,2377
2026-05-08 12:55:00,100.0,100.5,100.0,100.5,54,101.21,2377
2026-05-08 13:00:00,100.5,100.5,99.9,100.0,178,101.19,2377
2026-05-08 13:05:00,100.0,100.0,99.9,100.0,118,101.18,2377
2026-05-08 13:10:00,100.0,100.5,99.9,100.0,130,101.16,2377
2026-05-08 13:15:00,100.0,100.5,100.0,100.0,75,101.16,2377
2026-05-08 13:20:00,100.5,100.5,100.0,100.0,181,101.14,2377
2026-05-08 13:30:00,100.0,100.0,100.0,100.0,782,101.07,2377
2026-05-11 09:00:00,99.5,99.5,97.0,98.0,2010,98.29,2377
2026-05-11 09:05:00,98.0,98.5,97.4,97.9,782,98.19,2377
2026-05-11 09:10:00,97.9,98.5,97.5,97.6,429,98.17,2377
2026-05-11 09:15:00,97.7,102.0,97.6,101.5,986,98.54,2377
2026-05-11 09:20:00,101.5,102.0,100.0,100.5,794,98.92,2377
2026-05-11 09:25:00,100.5,101.5,100.5,100.5,418,99.08,2377
2026-05-11 09:30:00,101.0,101.5,100.0,101.0,419,99.2,2377
2026-05-11 09:35:00,101.5,102.0,101.0,101.5,599,99.42,2377
2026-05-11 09:40:00,101.5,101.5,100.5,100.5,205,99.47,2377
2026-05-11 09:45:00,100.5,101.0,100.5,100.5,45,99.48,2377
2026-05-11 09:50:00,100.5,100.5,100.5,100.5,56,99.49,2377
2026-05-11 09:55:00,100.5,100.5,100.0,100.0,105,99.5,2377
2026-05-11 10:00:00,100.0,100.5,100.0,100.0,74,99.51,2377
2026-05-11 10:05:00,100.5,100.5,100.0,100.0,52,99.51,2377
2026-05-11 10:10:00,100.0,100.0,99.5,99.7,367,99.53,2377
2026-05-11 10:15:00,99.8,100.0,99.6,99.6,126,99.54,2377
2026-05-11 10:20:00,99.5,100.5,99.5,100.5,187,99.55,2377
2026-05-11 10:25:00,100.5,100.5,100.0,100.0,30,99.55,2377
2026-05-11 10:30:00,100.0,100.5,100.0,100.5,41,99.56,2377
2026-05-11 10:35:00,100.0,100.5,99.8,99.8,167,99.57,2377
2026-05-11 10:40:00,99.8,99.9,99.6,99.8,116,99.57,2377
2026-05-11 10:45:00,99.8,99.9,99.5,99.5,78,99.57,2377
2026-05-11 10:50:00,99.5,99.9,99.3,99.9,161,99.57,2377
2026-05-11 10:55:00,99.9,100.0,99.9,99.9,100,99.57,2377
2026-05-11 11:00:00,100.0,100.0,99.9,99.9,27,99.57,2377
2026-05-11 11:05:00,99.9,100.0,99.9,99.9,54,99.58,2377
2026-05-11 11:10:00,99.9,100.0,99.9,100.0,136,99.58,2377
2026-05-11 11:15:00,100.0,100.5,100.0,100.0,66,99.59,2377
2026-05-11 11:20:00,100.5,101.0,100.5,101.0,452,99.63,2377
2026-05-11 11:25:00,101.0,101.5,100.5,101.5,353,99.69,2377
2026-05-11 11:30:00,101.0,101.5,101.0,101.0,242,99.72,2377
2026-05-11 11:35:00,101.0,102.0,101.0,102.0,703,99.84,2377
2026-05-11 11:40:00,101.5,102.0,101.5,102.0,68,99.86,2377
2026-05-11 11:45:00,101.5,102.0,101.5,102.0,113,99.87,2377
2026-05-11 11:50:00,101.5,106.5,101.5,105.0,5931,101.4,2377
2026-05-11 11:55:00,105.0,105.5,104.0,104.0,701,101.52,2377
2026-05-11 12:00:00,104.0,104.5,103.5,103.5,328,101.57,2377
2026-05-11 12:05:00,104.0,104.0,103.5,104.0,578,101.64,2377
2026-05-11 12:10:00,104.0,105.5,104.0,105.0,1093,101.82,2377
2026-05-11 12:15:00,105.0,105.5,105.0,105.0,590,101.91,2377
2026-05-11 12:20:00,105.0,107.0,105.0,106.5,2904,102.47,2377
2026-05-11 12:25:00,106.5,107.5,106.0,106.0,1768,102.79,2377
2026-05-11 12:30:00,106.5,106.5,105.5,106.0,555,102.86,2377
2026-05-11 12:35:00,106.0,106.5,106.0,106.0,226,102.89,2377
2026-05-11 12:40:00,106.0,106.5,105.5,106.5,706,102.98,2377
2026-05-11 12:45:00,106.5,107.0,105.5,106.0,750,103.07,2377
2026-05-11 12:50:00,106.0,107.5,106.0,107.0,1465,103.26,2377
2026-05-11 12:55:00,107.0,108.0,106.5,108.0,1597,103.49,2377
2026-05-11 13:00:00,108.0,109.5,107.5,108.5,2520,103.89,2377
2026-05-11 13:05:00,108.5,109.0,108.0,108.5,729,103.99,2377
2026-05-11 13:10:00,108.5,108.5,107.0,107.5,679,104.07,2377
2026-05-11 13:15:00,107.5,108.0,107.0,107.5,272,104.1,2377
2026-05-11 13:20:00,108.0,108.0,107.5,107.5,531,104.15,2377
2026-05-11 13:30:00,107.5,107.5,107.5,107.5,1526,104.29,2377
2026-05-12 09:00:00,114.0,118.0,113.5,118.0,15789,116.84,2377
2026-05-12 09:05:00,118.0,118.0,112.0,113.0,5755,116.44,2377
2026-05-12 09:10:00,113.0,113.5,110.5,111.5,3714,115.81,2377
2026-05-12 09:15:00,111.0,111.5,108.5,109.5,3638,115.07,2377
2026-05-12 09:20:00,109.5,110.5,109.0,109.5,1915,114.73,2377
2026-05-12 09:25:00,109.0,110.0,108.5,109.5,1471,114.49,2377
2026-05-12 09:30:00,110.0,110.0,107.0,107.0,2467,114.04,2377
2026-05-12 09:35:00,107.0,108.0,106.0,106.5,1788,113.71,2377
2026-05-12 09:40:00,106.0,108.0,106.0,108.0,1578,113.41,2377
2026-05-12 09:45:00,108.0,112.0,108.0,111.0,3623,113.12,2377
2026-05-12 09:50:00,111.0,111.5,109.0,109.5,1478,113.03,2377
2026-05-12 09:55:00,109.5,110.5,109.0,109.0,597,112.99,2377
2026-05-12 10:00:00,109.0,110.0,108.0,108.5,726,112.92,2377
2026-05-12 10:05:00,109.0,110.0,108.5,110.0,586,112.87,2377
2026-05-12 10:10:00,110.0,110.0,109.5,110.0,251,112.85,2377
2026-05-12 10:15:00,109.5,110.0,109.0,110.0,433,112.82,2377
2026-05-12 10:20:00,110.0,110.0,109.0,109.5,540,112.79,2377
2026-05-12 10:25:00,110.0,111.0,110.0,110.5,515,112.76,2377
2026-05-12 10:30:00,110.5,110.5,108.5,109.0,626,112.72,2377
2026-05-12 10:35:00,109.0,109.5,108.5,109.5,232,112.7,2377
2026-05-12 10:40:00,109.5,109.5,108.5,109.0,377,112.67,2377
2026-05-12 10:45:00,109.0,109.5,108.5,108.5,329,112.64,2377
2026-05-12 10:50:00,109.0,109.5,108.5,109.0,129,112.63,2377
2026-05-12 10:55:00,109.0,109.0,108.0,108.0,447,112.6,2377
2026-05-12 11:00:00,108.0,108.5,107.0,107.5,722,112.53,2377
2026-05-12 11:05:00,107.5,107.5,107.0,107.0,561,112.47,2377
2026-05-12 11:10:00,107.5,107.5,107.0,107.0,210,112.45,2377
2026-05-12 11:15:00,107.0,108.0,107.0,108.0,417,112.41,2377
2026-05-12 11:20:00,108.0,108.0,107.5,108.0,194,112.39,2377
2026-05-12 11:25:00,108.0,108.0,107.0,107.5,380,112.36,2377
2026-05-12 11:30:00,107.5,107.5,107.0,107.5,140,112.34,2377
2026-05-12 11:35:00,107.0,108.0,107.0,107.0,266,112.32,2377
2026-05-12 11:40:00,107.5,108.0,107.0,107.5,220,112.3,2377
2026-05-12 11:45:00,107.5,107.5,106.0,106.0,1075,112.19,2377
2026-05-12 11:50:00,106.0,107.0,106.0,106.5,359,112.15,2377
2026-05-12 11:55:00,106.5,107.0,106.0,106.0,598,112.08,2377
2026-05-12 12:00:00,106.0,106.5,105.5,106.5,936,111.98,2377
2026-05-12 12:05:00,106.5,106.5,105.0,105.5,662,111.9,2377
2026-05-12 12:10:00,105.0,105.5,105.0,105.5,221,111.88,2377
2026-05-12 12:15:00,105.5,105.5,104.5,104.5,1262,111.73,2377
2026-05-12 12:20:00,105.0,105.0,104.0,105.0,729,111.64,2377
2026-05-12 12:25:00,104.5,105.0,104.5,105.0,94,111.63,2377
2026-05-12 12:30:00,105.0,105.0,104.5,105.0,551,111.56,2377
2026-05-12 12:35:00,105.0,105.0,104.5,105.0,135,111.55,2377
2026-05-12 12:40:00,105.0,105.0,104.5,105.0,85,111.54,2377
2026-05-12 12:45:00,105.0,105.0,104.5,105.0,307,111.5,2377
2026-05-12 12:50:00,105.0,105.0,104.0,104.0,1660,111.3,2377
2026-05-12 12:55:00,104.5,104.5,104.0,104.0,185,111.28,2377
2026-05-12 13:00:00,104.0,104.5,104.0,104.0,612,111.21,2377
2026-05-12 13:05:00,104.0,104.5,103.5,104.0,638,111.14,2377
2026-05-12 13:10:00,104.5,104.5,104.0,104.0,309,111.1,2377
2026-05-12 13:15:00,104.5,104.5,103.5,104.0,993,110.99,2377
2026-05-12 13:20:00,104.0,104.5,103.5,104.5,832,110.9,2377
2026-05-12 13:30:00,105.0,105.0,105.0,105.0,2364,110.69,2377
2026-05-13 09:00:00,108.0,109.0,105.0,109.0,19252,107.42,2377
2026-05-13 09:05:00,109.0,109.5,106.0,106.5,4885,107.39,2377
2026-05-13 09:10:00,106.0,109.5,105.5,109.0,4608,107.51,2377
2026-05-13 09:15:00,109.0,111.5,108.5,111.0,5841,107.95,2377
2026-05-13 09:20:00,111.0,111.0,108.0,109.0,2614,108.06,2377
2026-05-13 09:25:00,109.0,110.0,107.5,110.0,2653,108.08,2377
2026-05-13 09:30:00,110.0,111.5,109.0,111.5,3657,108.27,2377
2026-05-13 09:35:00,111.5,114.0,111.0,113.5,5746,108.78,2377
2026-05-13 09:40:00,113.5,114.5,112.0,112.5,3615,109.09,2377
2026-05-13 09:45:00,113.0,113.5,112.0,112.5,1881,109.22,2377
2026-05-13 09:50:00,112.5,113.5,112.0,113.0,1397,109.32,2377
2026-05-13 09:55:00,113.0,114.0,112.0,114.0,2864,109.5,2377
2026-05-13 10:00:00,114.0,114.0,113.0,114.0,752,109.55,2377
2026-05-13 10:05:00,113.5,114.0,111.5,112.5,2405,109.67,2377
2026-05-13 10:10:00,112.0,113.0,111.5,112.5,996,109.71,2377
2026-05-13 10:15:00,112.0,113.0,112.0,112.0,538,109.73,2377
2026-05-13 10:20:00,112.0,112.0,110.5,110.5,1383,109.76,2377
2026-05-13 10:25:00,110.5,111.5,110.0,110.0,1408,109.78,2377
2026-05-13 10:30:00,110.5,111.0,110.0,110.5,777,109.79,2377
2026-05-13 10:35:00,110.5,111.0,110.0,111.0,673,109.8,2377
2026-05-13 10:40:00,111.0,112.5,110.5,112.0,1175,109.83,2377
2026-05-13 10:45:00,112.5,113.0,112.0,112.5,894,109.86,2377
2026-05-13 10:50:00,112.5,115.0,112.0,115.0,4029,110.08,2377
2026-05-13 10:55:00,115.0,115.5,114.5,115.0,5372,110.42,2377
2026-05-13 11:00:00,115.0,115.5,114.5,115.0,12725,111.11,2377
2026-05-13 11:05:00,115.5,115.5,115.0,115.5,1776,111.19,2377
2026-05-13 11:10:00,115.5,115.5,115.5,115.5,320,111.21,2377
2026-05-13 11:15:00,115.5,115.5,115.5,115.5,303,111.22,2377
2026-05-13 11:20:00,115.5,115.5,115.0,115.0,2045,111.31,2377
2026-05-13 11:25:00,115.0,115.5,115.0,115.5,1170,111.36,2377
2026-05-13 11:30:00,115.5,115.5,115.5,115.5,233,111.37,2377
2026-05-13 11:35:00,115.5,115.5,115.5,115.5,382,111.39,2377
2026-05-13 11:40:00,115.5,115.5,115.5,115.5,93,111.39,2377
2026-05-13 11:45:00,115.5,115.5,115.5,115.5,62,111.39,2377
2026-05-13 11:50:00,115.5,115.5,115.5,115.5,1279,111.45,2377
2026-05-13 11:55:00,115.5,115.5,115.5,115.5,81,111.45,2377
2026-05-13 12:00:00,115.5,115.5,115.5,115.5,103,111.45,2377
2026-05-13 12:05:00,115.5,115.5,115.5,115.5,99,111.46,2377
2026-05-13 12:10:00,115.5,115.5,115.5,115.5,83,111.46,2377
2026-05-13 12:15:00,115.5,115.5,115.5,115.5,84,111.46,2377
2026-05-13 12:20:00,115.5,115.5,115.5,115.5,69,111.47,2377
2026-05-13 12:25:00,115.5,115.5,115.5,115.5,65,111.47,2377
2026-05-13 12:30:00,115.5,115.5,115.5,115.5,111,111.47,2377
2026-05-13 12:35:00,115.5,115.5,115.5,115.5,147,111.48,2377
2026-05-13 12:40:00,115.5,115.5,115.5,115.5,33,111.48,2377
2026-05-13 12:45:00,115.5,115.5,115.5,115.5,66,111.48,2377
2026-05-13 12:50:00,115.5,115.5,115.5,115.5,75,111.49,2377
2026-05-13 12:55:00,115.5,115.5,115.5,115.5,76,111.49,2377
2026-05-13 13:00:00,115.5,115.5,115.5,115.5,81,111.49,2377
2026-05-13 13:05:00,115.5,115.5,115.5,115.5,48,111.49,2377
2026-05-13 13:10:00,115.5,115.5,115.5,115.5,61,111.5,2377
2026-05-13 13:15:00,115.5,115.5,115.5,115.5,425,111.51,2377
2026-05-13 13:20:00,115.5,115.5,115.5,115.5,78,111.52,2377
2026-05-13 13:30:00,115.5,115.5,115.5,115.5,142,111.52,2377
2026-05-14 09:00:00,121.0,122.0,118.0,120.0,19287,120.28,2377
2026-05-14 09:05:00,120.0,121.0,119.0,119.5,5283,120.24,2377
2026-05-14 09:10:00,119.5,124.0,119.0,122.0,9103,120.72,2377
2026-05-14 09:15:00,121.5,123.5,120.0,121.0,5226,120.85,2377
2026-05-14 09:20:00,120.5,122.0,120.0,122.0,2456,120.87,2377
2026-05-14 09:25:00,121.5,122.5,119.0,120.0,5211,120.8,2377
2026-05-14 09:30:00,120.5,120.5,119.0,119.5,2032,120.76,2377
2026-05-14 09:35:00,119.5,122.0,119.0,121.5,2469,120.77,2377
2026-05-14 09:40:00,121.5,121.5,120.0,120.0,751,120.76,2377
2026-05-14 09:45:00,120.5,122.0,119.0,121.5,2909,120.75,2377
2026-05-14 09:50:00,121.5,123.0,121.0,121.5,2852,120.81,2377
2026-05-14 09:55:00,122.0,122.0,119.5,120.5,1268,120.81,2377
2026-05-14 10:00:00,120.0,120.5,119.0,120.0,1678,120.78,2377
2026-05-14 10:05:00,119.5,120.0,119.0,119.5,2045,120.72,2377
2026-05-14 10:10:00,119.5,119.5,118.0,118.5,2836,120.63,2377
2026-05-14 10:15:00,118.5,119.5,118.0,118.5,1654,120.59,2377
2026-05-14 10:20:00,119.0,119.5,118.5,118.5,994,120.56,2377
2026-05-14 10:25:00,119.0,119.0,116.5,116.5,3707,120.42,2377
2026-05-14 10:30:00,116.5,118.0,116.5,117.0,2397,120.31,2377
2026-05-14 10:35:00,116.5,117.0,116.5,116.5,1316,120.24,2377
2026-05-14 10:40:00,116.5,118.5,116.5,117.5,1178,120.21,2377
2026-05-14 10:45:00,118.0,118.5,117.0,117.0,887,120.18,2377
2026-05-14 10:50:00,117.5,118.0,116.5,117.5,943,120.14,2377
2026-05-14 10:55:00,117.5,118.5,117.5,118.0,336,120.13,2377
2026-05-14 11:00:00,118.0,118.5,117.5,118.0,372,120.12,2377
2026-05-14 11:05:00,118.0,118.5,117.5,118.0,312,120.11,2377
2026-05-14 11:10:00,118.0,118.0,117.5,118.0,161,120.11,2377
2026-05-14 11:15:00,118.0,118.0,117.0,117.0,646,120.09,2377
2026-05-14 11:20:00,117.5,118.0,117.0,117.5,325,120.08,2377
2026-05-14 11:25:00,117.5,118.0,117.0,118.0,308,120.07,2377
2026-05-14 11:30:00,118.0,118.0,117.5,118.0,277,120.06,2377
2026-05-14 11:35:00,118.0,118.0,117.0,117.5,342,120.05,2377
2026-05-14 11:40:00,117.5,118.0,117.0,117.5,271,120.04,2377
2026-05-14 11:45:00,117.5,118.0,117.0,117.5,347,120.03,2377
2026-05-14 11:50:00,117.5,118.0,117.0,118.0,166,120.03,2377
2026-05-14 11:55:00,118.0,118.0,117.5,118.0,148,120.02,2377
2026-05-14 12:00:00,118.0,118.0,117.0,117.5,498,120.01,2377
2026-05-14 12:05:00,117.0,118.0,117.0,117.5,571,119.99,2377
2026-05-14 12:10:00,117.5,118.0,117.0,118.0,468,119.98,2377
2026-05-14 12:15:00,118.0,118.0,117.0,118.0,897,119.95,2377
2026-05-14 12:20:00,117.5,119.5,117.5,119.0,1391,119.93,2377
2026-05-14 12:25:00,119.0,119.0,118.5,119.0,585,119.92,2377
2026-05-14 12:30:00,119.0,119.5,118.5,119.5,568,119.91,2377
2026-05-14 12:35:00,119.5,119.5,118.5,119.0,494,119.91,2377
2026-05-14 12:40:00,119.0,119.0,118.0,118.5,662,119.9,2377
2026-05-14 12:45:00,118.0,118.5,118.0,118.0,379,119.89,2377
2026-05-14 12:50:00,118.0,118.5,117.5,118.5,817,119.87,2377
2026-05-14 12:55:00,118.0,118.5,118.0,118.5,296,119.87,2377
2026-05-14 13:00:00,118.5,118.5,118.0,118.5,465,119.86,2377
2026-05-14 13:05:00,118.5,118.5,117.5,117.5,1205,119.83,2377
2026-05-14 13:10:00,117.5,118.0,117.5,117.5,921,119.81,2377
2026-05-14 13:15:00,118.0,118.0,117.0,117.0,1021,119.79,2377
2026-05-14 13:20:00,117.0,117.5,117.0,117.0,1545,119.74,2377
2026-05-14 13:30:00,117.0,117.0,117.0,117.0,2453,119.67,2377
2026-05-15 09:00:00,115.0,115.0,112.5,114.0,7505,113.87,2377
2026-05-15 09:05:00,114.0,114.0,113.0,113.5,1512,113.79,2377
2026-05-15 09:10:00,113.5,114.0,113.0,114.0,1036,113.76,2377
2026-05-15 09:15:00,114.0,115.0,113.5,115.0,1457,113.82,2377
2026-05-15 09:20:00,115.0,115.5,114.5,114.5,1186,113.92,2377
2026-05-15 09:25:00,114.5,117.0,114.5,116.0,1866,114.18,2377
2026-05-15 09:30:00,116.0,116.0,114.5,114.5,791,114.23,2377
2026-05-15 09:35:00,114.5,116.0,114.5,115.5,574,114.26,2377
2026-05-15 09:40:00,116.0,116.5,115.0,116.0,766,114.33,2377
2026-05-15 09:45:00,116.5,117.5,115.5,116.0,2339,114.64,2377
2026-05-15 09:50:00,115.5,116.5,115.5,115.5,529,114.66,2377
2026-05-15 09:55:00,115.5,116.0,115.0,115.0,825,114.69,2377
2026-05-15 10:00:00,115.0,116.0,114.5,116.0,689,114.71,2377
2026-05-15 10:05:00,116.0,116.0,114.5,114.5,412,114.72,2377
2026-05-15 10:10:00,114.5,115.0,114.5,114.5,480,114.71,2377
2026-05-15 10:15:00,114.5,115.0,113.5,114.0,1170,114.68,2377
2026-05-15 10:20:00,114.0,114.5,113.5,114.0,248,114.68,2377
2026-05-15 10:25:00,114.0,114.5,113.5,113.5,674,114.66,2377
2026-05-15 10:30:00,113.5,114.0,113.0,113.0,1143,114.6,2377
2026-05-15 10:35:00,113.5,113.5,112.5,113.0,1744,114.5,2377
2026-05-15 10:40:00,113.0,113.5,112.5,113.5,591,114.46,2377
2026-05-15 10:45:00,113.5,114.0,113.0,113.5,664,114.44,2377
2026-05-15 10:50:00,113.5,113.5,113.0,113.5,251,114.44,2377
2026-05-15 10:55:00,113.5,113.5,113.0,113.5,225,114.43,2377
2026-05-15 11:00:00,113.5,114.0,113.0,113.5,409,114.41,2377
2026-05-15 11:05:00,114.0,114.0,113.0,113.0,249,114.41,2377
2026-05-15 11:10:00,113.5,113.5,112.5,112.5,697,114.37,2377
2026-05-15 11:15:00,112.5,113.0,112.0,112.0,987,114.31,2377
2026-05-15 11:20:00,112.0,112.5,112.0,112.0,875,114.25,2377
2026-05-15 11:25:00,112.0,112.5,112.0,112.0,334,114.23,2377
2026-05-15 11:30:00,112.0,112.5,111.5,112.0,483,114.19,2377
2026-05-15 11:35:00,112.0,112.5,111.5,112.0,670,114.15,2377
2026-05-15 11:40:00,112.0,112.5,112.0,112.5,173,114.14,2377
2026-05-15 11:45:00,112.5,112.5,112.0,112.0,195,114.13,2377
2026-05-15 11:50:00,112.0,112.5,112.0,112.5,127,114.12,2377
2026-05-15 11:55:00,112.0,112.5,112.0,112.5,178,114.11,2377
2026-05-15 12:00:00,112.5,112.5,112.0,112.0,554,114.07,2377
2026-05-15 12:05:00,112.0,112.0,111.5,111.5,320,114.05,2377
2026-05-15 12:10:00,112.0,112.0,111.5,111.5,544,114.02,2377
2026-05-15 12:15:00,111.5,112.0,111.5,111.5,140,114.01,2377
2026-05-15 12:20:00,112.0,112.0,111.5,112.0,202,113.99,2377
2026-05-15 12:25:00,111.5,112.0,111.0,111.5,588,113.95,2377
2026-05-15 12:30:00,111.5,111.5,111.0,111.0,563,113.9,2377
2026-05-15 12:35:00,111.0,111.5,111.0,111.0,304,113.88,2377
2026-05-15 12:40:00,111.0,111.5,110.5,110.5,545,113.84,2377
2026-05-15 12:45:00,110.5,111.5,110.5,110.5,824,113.77,2377
2026-05-15 12:50:00,110.5,111.0,110.5,110.5,239,113.75,2377
2026-05-15 12:55:00,111.0,111.0,110.5,110.5,239,113.73,2377
2026-05-15 13:00:00,110.5,111.0,110.0,110.5,634,113.68,2377
2026-05-15 13:05:00,110.5,111.0,110.5,110.5,226,113.66,2377
2026-05-15 13:10:00,110.5,111.5,110.5,111.5,926,113.61,2377
2026-05-15 13:15:00,111.0,111.5,111.0,111.5,377,113.59,2377
2026-05-15 13:20:00,111.0,112.0,111.0,111.5,772,113.55,2377
2026-05-15 13:30:00,112.0,112.0,112.0,112.0,1199,113.5,2377
2026-05-18 09:00:00,110.5,112.0,110.0,111.5,1583,110.78,2377
2026-05-18 09:05:00,111.5,112.5,109.5,110.5,2220,110.96,2377
2026-05-18 09:10:00,110.5,111.0,108.0,110.0,1500,110.45,2377
2026-05-18 09:15:00,110.0,111.5,109.5,111.5,691,110.44,2377
2026-05-18 09:20:00,111.0,113.0,111.0,113.0,1280,110.72,2377
2026-05-18 09:25:00,113.0,113.5,112.0,112.5,983,110.94,2377
2026-05-18 09:30:00,112.5,112.5,112.0,112.5,441,111.02,2377
2026-05-18 09:35:00,112.5,113.0,112.0,112.5,676,111.14,2377
2026-05-18 09:40:00,112.5,114.0,112.5,113.5,1080,111.38,2377
2026-05-18 09:45:00,113.5,114.5,113.0,114.0,1142,111.63,2377
2026-05-18 09:50:00,114.5,115.0,113.5,114.0,1314,111.9,2377
2026-05-18 09:55:00,114.0,114.0,113.5,114.0,200,111.93,2377
2026-05-18 10:00:00,114.0,114.0,113.0,113.0,390,111.97,2377
2026-05-18 10:05:00,113.0,115.0,113.0,115.0,801,112.08,2377
2026-05-18 10:10:00,115.0,115.0,113.5,113.5,434,112.14,2377
2026-05-18 10:15:00,114.0,114.0,111.5,112.0,1520,112.18,2377
2026-05-18 10:20:00,112.0,112.5,111.5,112.0,320,112.18,2377
2026-05-18 10:25:00,112.0,113.0,112.0,113.0,326,112.19,2377
2026-05-18 10:30:00,113.0,113.0,112.5,113.0,187,112.19,2377
2026-05-18 10:35:00,113.0,113.0,112.5,113.0,189,112.2,2377
2026-05-18 10:40:00,113.0,113.5,112.5,113.5,914,112.25,2377
2026-05-18 10:45:00,113.5,114.0,113.5,113.5,168,112.27,2377
2026-05-18 10:50:00,113.5,113.5,112.5,113.0,397,112.29,2377
2026-05-18 10:55:00,113.0,113.0,112.5,112.5,121,112.29,2377
2026-05-18 11:00:00,113.0,113.0,112.5,113.0,122,112.3,2377
2026-05-18 11:05:00,113.0,113.0,112.5,113.0,91,112.3,2377
2026-05-18 11:10:00,113.0,113.0,112.5,113.0,205,112.31,2377
2026-05-18 11:15:00,112.5,113.0,112.5,113.0,82,112.31,2377
2026-05-18 11:20:00,113.0,113.0,112.5,112.5,355,112.31,2377
2026-05-18 11:25:00,112.5,112.5,112.0,112.5,106,112.31,2377
2026-05-18 11:30:00,112.5,112.5,112.0,112.5,106,112.31,2377
2026-05-18 11:35:00,112.5,113.5,112.0,113.5,750,112.34,2377
2026-05-18 11:40:00,113.5,114.0,113.0,114.0,182,112.35,2377
2026-05-18 11:45:00,114.0,114.0,113.5,114.0,167,112.36,2377
2026-05-18 11:50:00,113.5,114.0,113.5,114.0,159,112.37,2377
2026-05-18 11:55:00,114.0,114.0,113.5,114.0,80,112.38,2377
2026-05-18 12:00:00,114.0,114.0,113.5,113.5,84,112.38,2377
2026-05-18 12:05:00,113.5,114.0,113.5,113.5,83,112.39,2377
2026-05-18 12:10:00,113.5,114.0,113.5,113.5,133,112.4,2377
2026-05-18 12:15:00,113.5,114.0,113.0,113.5,346,112.41,2377
2026-05-18 12:20:00,113.5,113.5,113.0,113.5,90,112.42,2377
2026-05-18 12:25:00,113.5,113.5,113.0,113.0,121,112.42,2377
2026-05-18 12:30:00,113.5,113.5,112.5,113.0,492,112.43,2377
2026-05-18 12:35:00,113.0,113.0,113.0,113.0,151,112.44,2377
2026-05-18 12:40:00,113.0,113.0,112.5,113.0,121,112.44,2377
2026-05-18 12:45:00,112.5,113.5,112.5,113.5,233,112.45,2377
2026-05-18 12:50:00,113.0,113.0,112.5,113.0,255,112.45,2377
2026-05-18 12:55:00,112.5,113.0,112.5,113.0,330,112.46,2377
2026-05-18 13:00:00,113.0,113.5,112.5,113.5,362,112.47,2377
2026-05-18 13:05:00,113.5,113.5,112.5,113.0,390,112.48,2377
2026-05-18 13:10:00,113.0,113.5,113.0,113.5,187,112.48,2377
2026-05-18 13:15:00,113.5,113.5,113.0,113.0,164,112.49,2377
2026-05-18 13:20:00,113.5,113.5,113.0,113.5,652,112.51,2377
2026-05-18 13:30:00,113.0,113.0,113.0,113.0,926,112.53,2377
2026-05-19 09:00:00,113.0,114.0,112.5,113.5,1704,113.24,2377
2026-05-19 09:05:00,113.5,114.0,113.0,114.0,625,113.33,2377
2026-05-19 09:10:00,114.0,114.0,113.0,114.0,452,113.37,2377
2026-05-19 09:15:00,114.0,114.0,113.5,114.0,141,113.39,2377
2026-05-19 09:20:00,113.5,114.5,113.5,114.5,568,113.48,2377
2026-05-19 09:25:00,114.5,115.5,114.0,115.5,1052,113.81,2377
2026-05-19 09:30:00,115.5,115.5,114.5,114.5,872,114.04,2377
2026-05-19 09:35:00,114.5,115.0,114.0,115.0,321,114.07,2377
2026-05-19 09:40:00,114.5,115.0,114.5,115.0,114,114.08,2377
2026-05-19 09:45:00,115.0,115.0,113.5,113.5,906,114.09,2377
2026-05-19 09:50:00,113.5,114.0,112.5,112.5,1229,113.94,2377
2026-05-19 09:55:00,113.0,113.5,112.0,113.5,1200,113.77,2377
2026-05-19 10:00:00,113.5,113.5,112.5,112.5,305,113.74,2377
2026-05-19 10:05:00,113.0,113.0,112.5,113.0,326,113.72,2377
2026-05-19 10:10:00,113.0,113.5,112.5,113.5,507,113.68,2377
2026-05-19 10:15:00,113.5,113.5,113.0,113.5,335,113.67,2377
2026-05-19 10:20:00,113.5,114.0,113.0,113.0,561,113.67,2377
2026-05-19 10:25:00,113.5,113.5,112.5,112.5,355,113.64,2377
2026-05-19 10:30:00,113.0,113.0,112.0,112.5,757,113.57,2377
2026-05-19 10:35:00,112.5,112.5,112.0,112.5,256,113.55,2377
2026-05-19 10:40:00,112.5,113.0,112.0,112.5,204,113.53,2377
2026-05-19 10:45:00,113.0,113.5,112.5,113.0,510,113.52,2377
2026-05-19 10:50:00,113.0,113.5,112.5,113.0,527,113.5,2377
2026-05-19 10:55:00,113.0,113.5,112.5,113.5,244,113.49,2377
2026-05-19 11:00:00,113.5,113.5,113.0,113.0,248,113.48,2377
2026-05-19 11:05:00,113.0,114.0,113.0,113.5,558,113.48,2377
2026-05-19 11:10:00,113.5,114.0,113.5,113.5,166,113.48,2377
2026-05-19 11:15:00,113.5,114.0,113.5,114.0,188,113.48,2377
2026-05-19 11:20:00,114.0,114.0,113.0,113.0,212,113.48,2377
2026-05-19 11:25:00,113.0,113.5,113.0,113.0,139,113.48,2377
2026-05-19 11:30:00,113.0,113.5,113.0,113.5,143,113.48,2377
2026-05-19 11:35:00,113.0,113.5,113.0,113.0,150,113.47,2377
2026-05-19 11:40:00,113.5,113.5,113.0,113.0,133,113.47,2377
2026-05-19 11:45:00,113.0,113.5,113.0,113.0,251,113.47,2377
2026-05-19 11:50:00,113.0,113.5,112.5,113.0,160,113.46,2377
2026-05-19 11:55:00,113.0,113.0,112.0,112.5,803,113.41,2377
2026-05-19 12:00:00,112.0,112.5,112.0,112.0,186,113.4,2377
2026-05-19 12:05:00,112.0,112.5,112.0,112.0,320,113.37,2377
2026-05-19 12:10:00,112.0,112.5,112.0,112.0,274,113.35,2377
2026-05-19 12:15:00,112.0,112.5,111.5,111.5,330,113.33,2377
2026-05-19 12:20:00,111.5,112.0,111.5,112.0,183,113.31,2377
2026-05-19 12:25:00,111.5,112.0,111.5,111.5,178,113.29,2377
2026-05-19 12:30:00,112.0,112.0,111.5,111.5,206,113.28,2377
2026-05-19 12:35:00,112.0,112.0,111.5,111.5,182,113.26,2377
2026-05-19 12:40:00,111.5,112.0,111.5,111.5,195,113.24,2377
2026-05-19 12:45:00,111.5,112.5,111.5,112.0,354,113.22,2377
2026-05-19 12:50:00,112.5,112.5,112.0,112.0,92,113.22,2377
2026-05-19 12:55:00,112.0,112.5,111.5,111.5,305,113.2,2377
2026-05-19 13:00:00,112.0,112.0,111.5,111.5,184,113.18,2377
2026-05-19 13:05:00,111.5,112.0,111.5,111.5,210,113.17,2377
2026-05-19 13:10:00,111.5,112.0,111.5,111.5,1055,113.09,2377
2026-05-19 13:15:00,111.5,112.0,111.5,111.5,496,113.05,2377
2026-05-19 13:20:00,112.0,112.0,111.5,112.0,424,113.03,2377
2026-05-19 13:30:00,111.5,111.5,111.5,111.5,1012,112.96,2377
2026-05-20 09:00:00,112.0,112.5,111.0,112.0,1263,111.87,2377
2026-05-20 09:05:00,112.0,112.0,110.5,111.0,897,111.47,2377
2026-05-20 09:10:00,111.5,112.0,111.0,112.0,256,111.47,2377
2026-05-20 09:15:00,112.0,112.0,111.0,111.5,563,111.47,2377
2026-05-20 09:20:00,111.5,111.5,111.0,111.5,143,111.46,2377
2026-05-20 09:25:00,111.5,111.5,111.0,111.5,172,111.46,2377
2026-05-20 09:30:00,111.5,112.0,111.0,111.5,434,111.45,2377
2026-05-20 09:35:00,111.5,112.0,111.5,111.5,132,111.46,2377
2026-05-20 09:40:00,111.5,112.0,111.5,112.0,58,111.46,2377
2026-05-20 09:45:00,112.0,112.5,112.0,112.5,663,111.58,2377
2026-05-20 09:50:00,112.5,112.5,112.0,112.0,202,111.62,2377
2026-05-20 09:55:00,112.5,112.5,112.0,112.5,95,111.63,2377
2026-05-20 10:00:00,112.0,112.0,110.5,111.0,1356,111.58,2377
2026-05-20 10:05:00,110.5,111.5,110.5,111.5,271,111.56,2377
2026-05-20 10:10:00,111.0,111.5,111.0,111.0,251,111.54,2377
2026-05-20 10:15:00,111.5,111.5,111.0,111.0,232,111.52,2377
2026-05-20 10:20:00,111.5,111.5,111.0,111.0,165,111.51,2377
2026-05-20 10:25:00,111.5,111.5,111.0,111.5,203,111.5,2377
2026-05-20 10:30:00,111.0,111.5,110.5,111.0,270,111.48,2377
2026-05-20 10:35:00,111.0,111.0,110.5,110.5,179,111.46,2377
2026-05-20 10:40:00,110.5,111.0,110.0,110.0,818,111.35,2377
2026-05-20 10:45:00,110.0,110.5,109.5,110.0,679,111.25,2377
2026-05-20 10:50:00,110.5,110.5,109.5,110.0,487,111.19,2377
2026-05-20 10:55:00,110.0,110.5,110.0,110.0,126,111.18,2377
2026-05-20 11:00:00,110.0,110.5,109.5,110.5,503,111.12,2377
2026-05-20 11:05:00,110.5,110.5,110.0,110.5,61,111.12,2377
2026-05-20 11:10:00,110.0,110.5,110.0,110.0,120,111.11,2377
2026-05-20 11:15:00,110.0,110.5,109.5,109.5,223,111.08,2377
2026-05-20 11:20:00,110.0,110.0,109.5,110.0,125,111.07,2377
2026-05-20 11:25:00,110.0,110.0,109.5,110.0,116,111.06,2377
2026-05-20 11:30:00,110.0,110.0,109.5,109.5,66,111.05,2377
2026-05-20 11:35:00,110.0,110.0,109.0,109.5,577,110.97,2377
2026-05-20 11:40:00,109.5,109.5,109.0,109.5,136,110.95,2377
2026-05-20 11:45:00,109.5,109.5,109.0,109.5,169,110.93,2377
2026-05-20 11:50:00,109.5,110.0,109.0,110.0,354,110.89,2377
2026-05-20 11:55:00,109.5,110.0,109.5,110.0,99,110.88,2377
2026-05-20 12:00:00,110.0,110.0,109.5,109.5,138,110.87,2377
2026-05-20 12:05:00,109.5,110.0,109.5,110.0,131,110.86,2377
2026-05-20 12:10:00,109.5,110.0,109.5,110.0,59,110.85,2377
2026-05-20 12:15:00,110.0,110.0,109.5,109.5,104,110.85,2377
2026-05-20 12:20:00,109.5,110.0,109.5,109.5,92,110.84,2377
2026-05-20 12:25:00,110.0,110.0,109.5,110.0,90,110.83,2377
2026-05-20 12:30:00,109.5,110.0,109.5,110.0,108,110.82,2377
2026-05-20 12:35:00,109.5,110.0,109.5,109.5,164,110.81,2377
2026-05-20 12:40:00,109.5,110.0,109.5,109.5,295,110.78,2377
2026-05-20 12:45:00,109.5,110.0,109.5,109.5,186,110.76,2377
2026-05-20 12:50:00,109.5,110.0,109.0,109.5,230,110.74,2377
2026-05-20 12:55:00,109.5,110.0,109.5,109.5,224,110.73,2377
2026-05-20 13:00:00,110.0,110.0,109.5,109.5,231,110.71,2377
2026-05-20 13:05:00,109.5,110.0,109.5,109.5,257,110.69,2377
2026-05-20 13:10:00,110.0,110.0,109.5,109.5,210,110.68,2377
2026-05-20 13:15:00,109.5,110.0,109.5,109.5,434,110.64,2377
2026-05-20 13:20:00,110.0,110.0,109.5,109.5,272,110.63,2377
2026-05-20 13:30:00,109.5,109.5,109.5,109.5,1066,110.55,2377
2026-05-21 09:00:00,112.0,113.5,112.0,112.5,1969,112.57,2377
2026-05-21 09:05:00,112.5,113.0,112.0,113.0,506,112.57,2377
2026-05-21 09:10:00,113.0,113.5,112.5,113.0,857,112.69,2377
2026-05-21 09:15:00,113.0,113.5,112.5,113.5,659,112.8,2377
2026-05-21 09:20:00,113.5,113.5,113.0,113.0,130,112.81,2377
2026-05-21 09:25:00,113.0,113.5,113.0,113.5,219,112.84,2377
2026-05-21 09:30:00,113.5,113.5,112.5,113.0,656,112.87,2377
2026-05-21 09:35:00,113.0,114.0,112.5,113.5,1272,113.0,2377
2026-05-21 09:40:00,113.5,113.5,113.0,113.5,112,113.01,2377
2026-05-21 09:45:00,113.5,113.5,113.0,113.0,98,113.02,2377
2026-05-21 09:50:00,113.5,113.5,113.0,113.5,86,113.02,2377
2026-05-21 09:55:00,113.5,113.5,113.0,113.5,99,113.03,2377
2026-05-21 10:00:00,113.5,113.5,113.0,113.0,144,113.03,2377
2026-05-21 10:05:00,113.5,113.5,112.5,112.5,391,113.03,2377
2026-05-21 10:10:00,112.5,113.5,112.5,113.0,690,113.02,2377
2026-05-21 10:15:00,113.0,113.5,112.5,113.0,204,113.02,2377
2026-05-21 10:20:00,112.5,113.0,112.5,113.0,110,113.02,2377
2026-05-21 10:25:00,113.0,113.0,112.5,113.0,41,113.02,2377
2026-05-21 10:30:00,113.0,113.0,112.5,112.5,175,113.01,2377
2026-05-21 10:35:00,112.5,113.0,112.5,113.0,427,112.99,2377
2026-05-21 10:40:00,113.0,113.0,112.5,113.0,169,112.99,2377
2026-05-21 10:45:00,113.0,113.0,112.5,113.0,73,112.99,2377
2026-05-21 10:50:00,113.0,113.0,112.5,112.5,104,112.99,2377
2026-05-21 10:55:00,112.5,113.0,112.5,112.5,175,112.98,2377
2026-05-21 11:00:00,112.5,113.0,112.5,112.5,187,112.97,2377
2026-05-21 11:05:00,113.0,113.0,112.5,112.5,84,112.97,2377
2026-05-21 11:10:00,113.0,113.0,112.5,113.0,75,112.97,2377
2026-05-21 11:15:00,113.0,114.0,112.5,114.0,2341,113.01,2377
2026-05-21 11:20:00,114.0,114.0,113.5,114.0,843,113.07,2377
2026-05-21 11:25:00,114.0,114.0,113.5,114.0,187,113.08,2377
2026-05-21 11:30:00,114.0,114.5,114.0,114.5,219,113.1,2377
2026-05-21 11:35:00,114.5,114.5,113.5,114.0,252,113.12,2377
2026-05-21 11:40:00,114.0,114.0,113.5,114.0,71,113.12,2377
2026-05-21 11:45:00,114.0,114.0,113.5,114.0,87,113.13,2377
2026-05-21 11:50:00,114.0,114.0,113.5,114.0,120,113.13,2377
2026-05-21 11:55:00,114.0,114.0,113.5,113.5,237,113.14,2377
2026-05-21 12:00:00,114.0,114.0,113.0,113.5,564,113.16,2377
2026-05-21 12:05:00,113.5,114.0,113.0,113.5,122,113.16,2377
2026-05-21 12:10:00,113.0,113.5,113.0,113.5,73,113.16,2377
2026-05-21 12:15:00,113.5,114.0,113.0,114.0,200,113.16,2377
2026-05-21 12:20:00,114.0,114.0,113.5,114.0,41,113.17,2377
2026-05-21 12:25:00,113.5,114.0,113.5,114.0,49,113.17,2377
2026-05-21 12:30:00,113.5,114.0,113.5,114.0,49,113.17,2377
2026-05-21 12:35:00,114.0,114.0,113.5,114.0,606,113.18,2377
2026-05-21 12:40:00,114.0,114.0,113.5,113.5,195,113.19,2377
2026-05-21 12:45:00,113.5,114.5,113.5,114.5,877,113.23,2377
2026-05-21 12:50:00,114.0,114.5,113.5,114.0,217,113.24,2377
2026-05-21 12:55:00,114.0,114.5,113.5,113.5,570,113.26,2377
2026-05-21 13:00:00,113.5,114.0,113.0,113.5,448,113.26,2377
2026-05-21 13:05:00,113.5,114.0,113.0,113.5,347,113.27,2377
2026-05-21 13:10:00,113.5,113.5,113.0,113.5,96,113.27,2377
2026-05-21 13:15:00,113.5,114.0,113.0,113.5,352,113.27,2377
2026-05-21 13:20:00,114.0,114.0,113.5,114.0,243,113.28,2377
2026-05-21 13:30:00,113.0,113.0,113.0,113.0,842,113.27,2377
2026-05-22 09:00:00,114.5,115.0,113.5,115.0,2001,114.43,2377
2026-05-22 09:05:00,115.0,117.0,114.5,117.0,1934,114.95,2377
2026-05-22 09:10:00,117.0,119.0,116.5,118.0,4119,116.38,2377
2026-05-22 09:15:00,118.0,119.5,117.5,119.0,2474,116.84,2377
2026-05-22 09:20:00,119.0,120.0,118.5,119.5,2065,117.26,2377
2026-05-22 09:25:00,119.5,119.5,118.5,119.0,1205,117.43,2377
2026-05-22 09:30:00,119.0,120.0,118.5,120.0,1419,117.58,2377
2026-05-22 09:35:00,120.0,120.5,119.5,120.0,2715,117.96,2377
2026-05-22 09:40:00,120.0,121.0,120.0,121.0,1001,118.09,2377
2026-05-22 09:45:00,120.5,121.5,120.0,121.0,1699,118.32,2377
2026-05-22 09:50:00,121.5,121.5,120.5,121.0,934,118.44,2377
2026-05-22 09:55:00,121.0,122.5,121.0,122.0,1601,118.67,2377
2026-05-22 10:00:00,122.0,123.0,121.5,122.0,1878,118.93,2377
2026-05-22 10:05:00,122.0,122.5,121.0,122.0,899,119.03,2377
2026-05-22 10:10:00,122.0,122.5,121.5,122.0,587,119.1,2377
2026-05-22 10:15:00,122.5,123.0,122.0,123.0,876,119.22,2377
2026-05-22 10:20:00,122.5,124.0,122.5,123.5,4494,119.84,2377
2026-05-22 10:25:00,123.5,124.0,123.0,123.5,9671,120.8,2377
2026-05-22 10:30:00,124.0,124.0,123.5,124.0,2143,120.96,2377
2026-05-22 10:35:00,124.0,124.0,123.5,124.0,1214,121.04,2377
2026-05-22 10:40:00,124.0,124.0,124.0,124.0,458,121.07,2377
2026-05-22 10:45:00,124.0,124.0,123.5,123.5,1149,121.14,2377
2026-05-22 10:50:00,123.5,124.0,123.5,124.0,514,121.17,2377
2026-05-22 10:55:00,123.5,124.0,123.5,124.0,407,121.19,2377
2026-05-22 11:00:00,124.0,124.0,123.0,123.5,595,121.22,2377
2026-05-22 11:05:00,124.0,124.0,123.5,124.0,2588,121.36,2377
2026-05-22 11:10:00,124.0,124.0,124.0,124.0,515,121.39,2377
2026-05-22 11:15:00,124.0,124.0,124.0,124.0,300,121.4,2377
2026-05-22 11:20:00,124.0,124.0,124.0,124.0,183,121.41,2377
2026-05-22 11:25:00,124.0,124.0,124.0,124.0,79,121.42,2377
2026-05-22 11:30:00,124.0,124.0,124.0,124.0,48,121.42,2377
2026-05-22 11:35:00,124.0,124.0,124.0,124.0,43,121.42,2377
2026-05-22 11:40:00,124.0,124.0,124.0,124.0,118,121.43,2377
2026-05-22 11:45:00,124.0,124.0,124.0,124.0,55,121.43,2377
2026-05-22 11:50:00,124.0,124.0,124.0,124.0,34,121.43,2377
2026-05-22 11:55:00,124.0,124.0,124.0,124.0,77,121.44,2377
2026-05-22 12:00:00,124.0,124.0,124.0,124.0,119,121.44,2377
2026-05-22 12:05:00,124.0,124.0,124.0,124.0,35,121.44,2377
2026-05-22 12:10:00,124.0,124.0,124.0,124.0,22,121.44,2377
2026-05-22 12:15:00,124.0,124.0,124.0,124.0,74,121.45,2377
2026-05-22 12:20:00,124.0,124.0,124.0,124.0,60,121.45,2377
2026-05-22 12:25:00,124.0,124.0,124.0,124.0,60,121.45,2377
2026-05-22 12:30:00,124.0,124.0,124.0,124.0,60,121.46,2377
2026-05-22 12:35:00,124.0,124.0,124.0,124.0,59,121.46,2377
2026-05-22 12:40:00,124.0,124.0,124.0,124.0,31,121.46,2377
2026-05-22 12:45:00,124.0,124.0,124.0,124.0,114,121.47,2377
2026-05-22 12:50:00,124.0,124.0,124.0,124.0,34,121.47,2377
2026-05-22 12:55:00,124.0,124.0,124.0,124.0,43,121.47,2377
2026-05-22 13:00:00,124.0,124.0,124.0,124.0,97,121.47,2377
2026-05-22 13:05:00,124.0,124.0,124.0,124.0,50,121.48,2377
2026-05-22 13:10:00,124.0,124.0,124.0,124.0,55,121.48,2377
2026-05-22 13:15:00,124.0,124.0,124.0,124.0,34,121.48,2377
2026-05-22 13:20:00,124.0,124.0,124.0,124.0,132,121.49,2377
2026-05-22 13:30:00,124.0,124.0,124.0,124.0,258,121.5,2377
2026-05-25 09:00:00,131.5,136.0,131.5,136.0,20014,134.81,2377
2026-05-25 09:05:00,136.0,136.0,132.5,132.5,7686,134.58,2377
2026-05-25 09:10:00,133.0,135.0,132.5,134.0,3151,134.5,2377
2026-05-25 09:15:00,134.0,134.5,132.5,133.0,2912,134.37,2377
2026-05-25 09:20:00,133.0,135.0,132.0,133.5,2233,134.33,2377
2026-05-25 09:25:00,133.5,134.0,133.0,134.0,747,134.32,2377
2026-05-25 09:30:00,134.0,134.0,132.5,133.0,1690,134.27,2377
2026-05-25 09:35:00,132.5,132.5,132.0,132.0,1746,134.18,2377
2026-05-25 09:40:00,132.0,133.0,131.5,131.5,1764,134.09,2377
2026-05-25 09:45:00,132.0,132.5,131.5,131.5,1328,134.02,2377
2026-05-25 09:50:00,131.5,132.0,130.0,132.0,2270,133.87,2377
2026-05-25 09:55:00,132.0,132.0,131.5,132.0,472,133.85,2377
2026-05-25 10:00:00,132.0,132.0,131.5,132.0,392,133.83,2377
2026-05-25 10:05:00,132.0,132.0,130.5,131.0,1884,133.73,2377
2026-05-25 10:10:00,130.5,131.0,130.5,131.0,488,133.7,2377
2026-05-25 10:15:00,130.5,131.0,130.0,130.5,1383,133.61,2377
2026-05-25 10:20:00,130.5,131.0,130.0,130.5,1113,133.54,2377
2026-05-25 10:25:00,130.5,131.0,130.0,130.5,608,133.5,2377
2026-05-25 10:30:00,130.5,130.5,130.0,130.5,1589,133.4,2377
2026-05-25 10:35:00,130.0,130.5,130.0,130.0,288,133.38,2377
2026-05-25 10:40:00,130.5,131.0,130.0,130.5,1309,133.31,2377
2026-05-25 10:45:00,130.5,130.5,128.5,129.0,3454,133.09,2377
2026-05-25 10:50:00,129.0,129.0,128.5,129.0,890,133.03,2377
2026-05-25 10:55:00,129.0,129.5,128.5,129.0,671,132.98,2377
2026-05-25 11:00:00,129.0,129.0,128.0,128.0,1418,132.87,2377
2026-05-25 11:05:00,128.0,129.0,127.5,129.0,1475,132.76,2377
2026-05-25 11:10:00,129.0,129.0,128.0,128.5,525,132.72,2377
2026-05-25 11:15:00,128.5,128.5,127.0,128.0,957,132.65,2377
2026-05-25 11:20:00,128.0,129.0,127.5,129.0,500,132.62,2377
2026-05-25 11:25:00,129.0,129.5,128.5,129.5,707,132.58,2377
2026-05-25 11:30:00,129.5,130.0,129.0,130.0,1138,132.53,2377
2026-05-25 11:35:00,130.0,130.0,129.5,130.0,412,132.52,2377
2026-05-25 11:40:00,130.0,130.5,129.5,129.5,523,132.49,2377
2026-05-25 11:45:00,129.5,129.5,129.0,129.5,115,132.49,2377
2026-05-25 11:50:00,129.5,130.0,129.0,129.5,302,132.48,2377
2026-05-25 11:55:00,129.5,129.5,129.0,129.0,128,132.47,2377
2026-05-25 12:00:00,129.5,129.5,129.0,129.5,278,132.46,2377
2026-05-25 12:05:00,129.5,129.5,129.0,129.5,257,132.44,2377
2026-05-25 12:10:00,129.0,129.5,129.0,129.5,199,132.44,2377
2026-05-25 12:15:00,129.5,129.5,129.0,129.5,123,132.43,2377
2026-05-25 12:20:00,129.5,129.5,129.0,129.5,113,132.42,2377
2026-05-25 12:25:00,129.0,129.5,129.0,129.5,232,132.41,2377
2026-05-25 12:30:00,129.0,129.5,128.5,128.5,841,132.37,2377
2026-05-25 12:35:00,128.5,129.0,128.0,128.5,695,132.34,2377
2026-05-25 12:40:00,129.0,129.5,128.5,129.0,332,132.32,2377
2026-05-25 12:45:00,129.0,129.0,128.0,128.0,461,132.3,2377
2026-05-25 12:50:00,128.5,129.0,128.0,128.5,289,132.28,2377
2026-05-25 12:55:00,128.5,129.0,128.5,129.0,209,132.27,2377
2026-05-25 13:00:00,129.0,129.0,128.0,128.5,847,132.23,2377
2026-05-25 13:05:00,128.5,128.5,128.0,128.0,589,132.2,2377
2026-05-25 13:10:00,128.0,128.5,127.5,127.5,1336,132.12,2377
2026-05-25 13:15:00,128.0,128.0,127.0,127.0,1295,132.04,2377
2026-05-25 13:20:00,127.0,127.5,127.0,127.5,1290,131.96,2377
2026-05-25 13:30:00,127.0,127.0,127.0,127.0,1283,131.88,2377
2026-05-26 09:00:00,128.0,128.5,126.0,126.5,4611,127.33,2377
2026-05-26 09:05:00,126.0,126.5,123.5,123.5,3770,126.17,2377
2026-05-26 09:10:00,123.5,124.5,123.5,124.5,1689,125.79,2377
2026-05-26 09:15:00,124.5,124.5,123.5,124.5,1313,125.58,2377
2026-05-26 09:20:00,124.0,125.0,124.0,125.0,811,125.51,2377
2026-05-26 09:25:00,125.0,125.5,124.5,125.0,835,125.49,2377
2026-05-26 09:30:00,125.5,126.5,125.0,126.0,849,125.51,2377
2026-05-26 09:35:00,126.0,126.0,124.0,124.0,1036,125.47,2377
2026-05-26 09:40:00,124.0,125.0,124.0,124.5,806,125.4,2377
2026-05-26 09:45:00,124.5,125.5,124.5,125.5,367,125.39,2377
2026-05-26 09:50:00,125.5,125.5,124.5,125.0,439,125.38,2377
2026-05-26 09:55:00,125.0,125.0,124.5,125.0,248,125.37,2377
2026-05-26 10:00:00,125.0,125.5,124.5,125.0,251,125.37,2377
2026-05-26 10:05:00,125.0,125.0,124.5,125.0,162,125.36,2377
2026-05-26 10:10:00,125.0,125.0,124.5,124.5,303,125.35,2377
2026-05-26 10:15:00,125.0,125.0,124.5,125.0,151,125.34,2377
2026-05-26 10:20:00,125.0,125.5,124.5,125.5,492,125.34,2377
2026-05-26 10:25:00,125.0,125.0,124.5,125.0,170,125.33,2377
2026-05-26 10:30:00,125.0,125.5,124.5,125.5,176,125.33,2377
2026-05-26 10:35:00,125.5,125.5,125.0,125.0,291,125.33,2377
2026-05-26 10:40:00,125.0,125.5,125.0,125.0,129,125.32,2377
2026-05-26 10:45:00,125.0,125.5,124.5,124.5,184,125.32,2377
2026-05-26 10:50:00,125.0,125.0,124.5,124.5,131,125.32,2377
2026-05-26 10:55:00,124.5,125.0,124.5,125.0,167,125.31,2377
2026-05-26 11:00:00,125.0,125.0,124.5,124.5,92,125.31,2377
2026-05-26 11:05:00,125.0,125.0,124.5,124.5,118,125.31,2377
2026-05-26 11:10:00,125.0,125.0,124.5,125.0,229,125.3,2377
2026-05-26 11:15:00,124.5,125.0,124.5,125.0,110,125.3,2377
2026-05-26 11:20:00,125.0,125.0,124.5,125.0,75,125.3,2377
2026-05-26 11:25:00,125.0,125.0,124.5,125.0,74,125.3,2377
2026-05-26 11:30:00,125.0,125.5,124.5,125.0,549,125.29,2377
2026-05-26 11:35:00,125.0,125.0,124.5,124.5,97,125.29,2377
2026-05-26 11:40:00,125.0,125.0,124.5,124.5,72,125.28,2377
2026-05-26 11:45:00,125.0,125.0,124.0,124.0,942,125.24,2377
2026-05-26 11:50:00,124.0,124.5,124.0,124.0,131,125.24,2377
2026-05-26 11:55:00,124.0,124.5,124.0,124.0,129,125.23,2377
2026-05-26 12:00:00,124.5,124.5,124.0,124.5,82,125.23,2377
2026-05-26 12:05:00,124.0,124.5,124.0,124.0,110,125.22,2377
2026-05-26 12:10:00,124.0,124.5,124.0,124.0,161,125.21,2377
2026-05-26 12:15:00,124.0,124.5,124.0,124.5,106,125.21,2377
2026-05-26 12:20:00,124.5,125.0,124.0,124.5,822,125.18,2377
2026-05-26 12:25:00,124.5,125.0,124.5,124.5,79,125.18,2377
2026-05-26 12:30:00,125.0,125.0,124.5,124.5,213,125.18,2377
2026-05-26 12:35:00,124.5,125.0,124.5,124.5,291,125.17,2377
2026-05-26 12:40:00,124.5,125.0,124.5,124.5,127,125.17,2377
2026-05-26 12:45:00,124.5,125.0,124.5,124.5,148,125.16,2377
2026-05-26 12:50:00,125.0,125.0,124.5,124.5,294,125.16,2377
2026-05-26 12:55:00,124.5,125.0,124.0,124.5,307,125.15,2377
2026-05-26 13:00:00,124.5,125.0,124.5,124.5,250,125.15,2377
2026-05-26 13:05:00,125.0,126.0,124.5,126.0,1399,125.17,2377
2026-05-26 13:10:00,126.0,126.5,125.5,126.0,334,125.18,2377
2026-05-26 13:15:00,126.5,126.5,125.5,126.0,621,125.2,2377
2026-05-26 13:20:00,126.0,126.5,125.5,126.5,423,125.21,2377
2026-05-26 13:30:00,126.0,126.0,126.0,126.0,857,125.23,2377
2026-05-27 09:00:00,127.5,129.0,126.5,128.5,2579,127.86,2377
2026-05-27 09:05:00,129.0,131.0,128.5,130.0,2589,128.95,2377
2026-05-27 09:10:00,130.5,131.5,129.5,130.5,2690,129.51,2377
2026-05-27 09:15:00,130.5,132.0,130.0,131.5,1696,129.8,2377
2026-05-27 09:20:00,131.5,132.0,130.0,130.5,1879,130.04,2377
2026-05-27 09:25:00,130.0,130.5,128.5,128.5,1382,129.97,2377
2026-05-27 09:30:00,129.0,129.0,127.5,128.0,1151,129.82,2377
2026-05-27 09:35:00,128.0,128.0,127.5,128.0,546,129.74,2377
2026-05-27 09:40:00,128.0,129.0,127.5,128.5,728,129.67,2377
2026-05-27 09:45:00,128.5,128.5,127.5,128.0,535,129.62,2377
2026-05-27 09:50:00,127.5,128.5,127.5,128.5,271,129.59,2377
2026-05-27 09:55:00,128.5,128.5,128.0,128.0,271,129.57,2377
2026-05-27 10:00:00,128.0,128.5,128.0,128.0,105,129.56,2377
2026-05-27 10:05:00,128.0,128.5,128.0,128.0,301,129.53,2377
2026-05-27 10:10:00,128.0,129.0,128.0,128.5,503,129.5,2377
2026-05-27 10:15:00,128.5,128.5,127.5,128.5,411,129.47,2377
2026-05-27 10:20:00,128.5,129.0,128.0,129.0,267,129.45,2377
2026-05-27 10:25:00,129.0,129.5,128.5,129.5,328,129.44,2377
2026-05-27 10:30:00,129.0,129.5,128.5,128.5,288,129.44,2377
2026-05-27 10:35:00,128.5,129.0,128.5,128.5,270,129.42,2377
2026-05-27 10:40:00,128.5,129.0,128.0,128.5,113,129.42,2377
2026-05-27 10:45:00,128.5,129.0,128.0,128.0,367,129.4,2377
2026-05-27 10:50:00,128.5,128.5,128.0,128.5,60,129.4,2377
2026-05-27 10:55:00,128.5,128.5,128.0,128.0,96,129.39,2377
2026-05-27 11:00:00,128.0,128.5,128.0,128.5,315,129.38,2377
2026-05-27 11:05:00,128.5,128.5,128.0,128.5,96,129.37,2377
2026-05-27 11:10:00,128.5,128.5,127.5,128.0,640,129.33,2377
2026-05-27 11:15:00,128.0,129.0,127.5,128.5,568,129.3,2377
2026-05-27 11:20:00,129.0,129.0,128.5,129.0,132,129.3,2377
2026-05-27 11:25:00,128.5,129.0,128.0,128.0,239,129.29,2377
2026-05-27 11:30:00,128.5,128.5,128.0,128.0,80,129.29,2377
2026-05-27 11:35:00,128.0,128.5,128.0,128.0,62,129.28,2377
2026-05-27 11:40:00,128.5,128.5,128.0,128.0,43,129.28,2377
2026-05-27 11:45:00,128.5,128.5,127.5,127.5,604,129.24,2377
2026-05-27 11:50:00,127.5,128.0,127.5,127.5,338,129.22,2377
2026-05-27 11:55:00,127.5,127.5,127.0,127.5,161,129.2,2377
2026-05-27 12:00:00,127.5,127.5,127.0,127.0,74,129.2,2377
2026-05-27 12:05:00,127.0,127.5,127.0,127.5,155,129.18,2377
2026-05-27 12:10:00,127.5,127.5,127.0,127.0,73,129.18,2377
2026-05-27 12:15:00,127.0,127.5,126.5,127.0,1027,129.08,2377
2026-05-27 12:20:00,126.5,127.0,126.0,126.5,902,128.99,2377
2026-05-27 12:25:00,126.5,126.5,126.0,126.0,386,128.94,2377
2026-05-27 12:30:00,126.0,126.5,125.5,126.0,1442,128.78,2377
2026-05-27 12:35:00,126.0,126.5,126.0,126.5,169,128.76,2377
2026-05-27 12:40:00,126.5,126.5,126.0,126.5,157,128.75,2377
2026-05-27 12:45:00,126.0,126.5,126.0,126.0,140,128.74,2377
2026-05-27 12:50:00,126.0,126.5,126.0,126.5,125,128.72,2377
2026-05-27 12:55:00,126.0,126.5,126.0,126.5,165,128.71,2377
2026-05-27 13:00:00,126.5,126.5,126.0,126.0,322,128.68,2377
2026-05-27 13:05:00,126.5,126.5,126.0,126.5,323,128.66,2377
2026-05-27 13:10:00,126.5,127.0,126.5,126.5,184,128.64,2377
2026-05-27 13:15:00,126.5,127.0,126.0,126.5,481,128.61,2377
2026-05-27 13:20:00,126.0,127.0,126.0,126.5,707,128.56,2377
2026-05-27 13:30:00,126.5,126.5,126.5,126.5,1233,128.48,2377
2026-05-28 09:00:00,127.5,129.0,126.5,129.0,1698,127.78,2377
2026-05-28 09:05:00,129.0,129.0,128.0,128.0,955,128.03,2377
2026-05-28 09:10:00,128.0,128.5,127.0,127.5,624,127.92,2377
2026-05-28 09:15:00,127.5,127.5,126.5,127.0,557,127.8,2377
2026-05-28 09:20:00,127.5,128.0,127.0,128.0,310,127.78,2377
2026-05-28 09:25:00,128.0,128.0,127.5,127.5,237,127.78,2377
2026-05-28 09:30:00,127.5,127.5,127.0,127.0,251,127.75,2377
2026-05-28 09:35:00,127.5,128.0,127.0,127.5,313,127.74,2377
2026-05-28 09:40:00,128.0,128.0,127.0,127.5,367,127.72,2377
2026-05-28 09:45:00,127.5,128.0,127.5,127.5,295,127.71,2377
2026-05-28 09:50:00,128.0,128.0,127.0,127.5,249,127.71,2377
2026-05-28 09:55:00,127.5,128.0,127.5,128.0,150,127.7,2377
2026-05-28 10:00:00,128.0,128.0,127.5,127.5,188,127.7,2377
2026-05-28 10:05:00,128.0,128.0,127.0,127.0,254,127.69,2377
2026-05-28 10:10:00,127.5,127.5,127.0,127.0,87,127.68,2377
2026-05-28 10:15:00,127.0,127.5,126.5,126.5,748,127.6,2377
2026-05-28 10:20:00,126.5,127.0,126.5,126.5,144,127.58,2377
2026-05-28 10:25:00,126.5,127.0,126.5,126.5,535,127.51,2377
2026-05-28 10:30:00,126.0,128.0,126.0,128.0,1245,127.45,2377
2026-05-28 10:35:00,128.0,128.0,127.0,127.5,771,127.47,2377
2026-05-28 10:40:00,127.5,128.0,127.5,127.5,157,127.48,2377
2026-05-28 10:45:00,127.5,128.0,127.5,128.0,120,127.48,2377
2026-05-28 10:50:00,127.5,128.0,127.5,128.0,91,127.48,2377
2026-05-28 10:55:00,127.5,128.0,127.0,127.0,417,127.48,2377
2026-05-28 11:00:00,127.0,127.5,127.0,127.0,144,127.48,2377
2026-05-28 11:05:00,127.0,127.0,126.5,126.5,534,127.45,2377
2026-05-28 11:10:00,126.5,127.0,126.5,126.5,192,127.44,2377
2026-05-28 11:15:00,127.0,127.0,126.5,127.0,104,127.43,2377
2026-05-28 11:20:00,127.0,127.0,126.0,126.0,1171,127.34,2377
2026-05-28 11:25:00,126.5,126.5,125.5,125.5,981,127.24,2377
2026-05-28 11:30:00,125.5,126.0,125.0,125.0,692,127.16,2377
2026-05-28 11:35:00,125.0,125.5,123.5,123.5,1834,126.86,2377
2026-05-28 11:40:00,123.5,124.5,123.5,124.0,806,126.72,2377
2026-05-28 11:45:00,124.0,125.0,124.0,125.0,633,126.65,2377
2026-05-28 11:50:00,125.0,125.0,124.5,125.0,156,126.63,2377
2026-05-28 11:55:00,125.0,125.0,123.5,123.5,459,126.57,2377
2026-05-28 12:00:00,124.0,124.0,123.5,123.5,440,126.5,2377
2026-05-28 12:05:00,123.5,124.5,123.0,124.5,641,126.41,2377
2026-05-28 12:10:00,124.5,124.5,123.5,123.5,217,126.38,2377
2026-05-28 12:15:00,123.5,123.5,123.0,123.0,767,126.26,2377
2026-05-28 12:20:00,123.0,123.5,122.5,123.0,782,126.14,2377
2026-05-28 12:25:00,123.5,123.5,122.5,123.5,342,126.09,2377
2026-05-28 12:30:00,123.5,124.0,123.0,124.0,243,126.06,2377
2026-05-28 12:35:00,124.0,124.0,123.0,123.5,328,126.02,2377
2026-05-28 12:40:00,123.5,123.5,123.0,123.5,276,125.99,2377
2026-05-28 12:45:00,123.5,123.5,122.5,123.0,446,125.93,2377
2026-05-28 12:50:00,123.0,123.0,122.5,122.5,199,125.9,2377
2026-05-28 12:55:00,122.5,123.0,122.0,123.0,893,125.77,2377
2026-05-28 13:00:00,123.0,123.0,122.5,122.5,377,125.73,2377
2026-05-28 13:05:00,122.5,123.5,122.0,123.5,753,125.64,2377
2026-05-28 13:10:00,123.0,124.0,123.0,124.0,357,125.61,2377
2026-05-28 13:15:00,123.5,124.0,123.5,124.0,399,125.58,2377
2026-05-28 13:20:00,123.5,124.0,123.0,123.5,545,125.53,2377
2026-05-28 13:30:00,123.5,123.5,123.5,123.5,835,125.47,2377
2026-05-29 09:00:00,126.0,128.5,126.0,127.5,2814,127.26,2377
2026-05-29 09:05:00,127.5,130.5,127.5,130.5,4403,128.51,2377
2026-05-29 09:10:00,130.0,132.0,130.0,131.0,3081,129.25,2377
2026-05-29 09:15:00,130.5,131.5,130.0,131.0,1877,129.48,2377
2026-05-29 09:20:00,131.0,131.0,130.0,130.5,981,129.56,2377
2026-05-29 09:25:00,130.5,131.0,128.5,128.5,1293,129.55,2377
2026-05-29 09:30:00,128.5,130.0,128.5,130.0,663,129.55,2377
2026-05-29 09:35:00,130.0,130.0,128.5,128.5,569,129.54,2377
2026-05-29 09:40:00,128.5,129.5,128.5,128.5,564,129.52,2377
2026-05-29 09:45:00,128.5,129.0,128.5,128.5,232,129.51,2377
2026-05-29 09:50:00,129.0,129.0,128.0,129.0,655,129.46,2377
2026-05-29 09:55:00,129.0,129.0,128.5,129.0,169,129.46,2377
2026-05-29 10:00:00,129.0,129.0,128.5,129.0,149,129.45,2377
2026-05-29 10:05:00,128.5,129.5,128.5,129.5,366,129.44,2377
2026-05-29 10:10:00,129.5,129.5,128.5,129.0,276,129.44,2377
2026-05-29 10:15:00,129.0,130.0,128.5,130.0,637,129.44,2377
2026-05-29 10:20:00,129.5,130.0,129.0,129.0,204,129.44,2377
2026-05-29 10:25:00,129.5,129.5,129.0,129.5,96,129.44,2377
2026-05-29 10:30:00,129.5,129.5,129.0,129.0,114,129.44,2377
2026-05-29 10:35:00,129.0,129.5,129.0,129.0,143,129.43,2377
2026-05-29 10:40:00,129.0,129.5,129.0,129.0,133,129.43,2377
2026-05-29 10:45:00,129.0,129.5,129.0,129.0,221,129.43,2377
2026-05-29 10:50:00,129.0,129.5,128.5,129.0,200,129.42,2377
2026-05-29 10:55:00,128.5,129.0,128.5,128.5,90,129.42,2377
2026-05-29 11:00:00,129.0,130.0,128.5,129.5,675,129.41,2377
2026-05-29 11:05:00,129.5,130.5,129.5,130.0,955,129.44,2377
2026-05-29 11:10:00,130.0,131.0,130.0,130.5,1321,129.51,2377
2026-05-29 11:15:00,130.5,130.5,129.5,129.5,511,129.52,2377
2026-05-29 11:20:00,130.0,131.0,129.5,130.5,565,129.54,2377
2026-05-29 11:25:00,130.5,131.0,130.0,130.5,207,129.55,2377
2026-05-29 11:30:00,130.5,131.0,130.0,130.5,323,129.56,2377
2026-05-29 11:35:00,131.0,133.0,130.5,132.0,6613,130.09,2377
2026-05-29 11:40:00,132.0,132.0,131.0,131.5,592,130.11,2377
2026-05-29 11:45:00,131.5,131.5,131.0,131.0,298,130.12,2377
2026-05-29 11:50:00,131.0,131.5,130.5,130.5,310,130.13,2377
2026-05-29 11:55:00,130.5,131.0,130.5,130.5,116,130.13,2377
2026-05-29 12:00:00,131.0,131.0,130.5,130.5,176,130.14,2377
2026-05-29 12:05:00,131.0,131.0,130.0,130.5,567,130.14,2377
2026-05-29 12:10:00,130.5,130.5,130.0,130.0,292,130.14,2377
2026-05-29 12:15:00,130.0,131.0,130.0,130.5,333,130.15,2377
2026-05-29 12:20:00,130.5,131.0,130.0,131.0,196,130.15,2377
2026-05-29 12:25:00,131.0,131.0,130.0,130.5,257,130.15,2377
2026-05-29 12:30:00,130.0,130.5,130.0,130.5,130,130.15,2377
2026-05-29 12:35:00,130.5,131.0,130.5,130.5,176,130.16,2377
2026-05-29 12:40:00,130.5,131.0,130.5,130.5,136,130.16,2377
2026-05-29 12:45:00,130.5,131.0,130.0,130.0,430,130.16,2377
2026-05-29 12:50:00,130.0,130.5,129.5,129.5,413,130.16,2377
2026-05-29 12:55:00,129.5,131.0,129.5,131.0,762,130.16,2377
2026-05-29 13:00:00,130.5,131.0,130.0,130.0,554,130.16,2377
2026-05-29 13:05:00,130.5,131.0,130.0,131.0,242,130.17,2377
2026-05-29 13:10:00,130.5,131.0,130.5,130.5,389,130.17,2377
2026-05-29 13:15:00,130.5,131.0,130.0,130.5,389,130.17,2377
2026-05-29 13:20:00,130.0,130.5,130.0,130.0,510,130.17,2377
2026-05-29 13:30:00,131.0,131.0,131.0,131.0,2270,130.22,2377
2026-06-01 09:00:00,136.0,140.5,136.0,137.0,8707,138.26,2377
2026-06-01 09:05:00,136.5,138.0,135.5,135.5,2475,137.93,2377
2026-06-01 09:10:00,135.5,138.5,134.5,137.5,3154,137.56,2377
2026-06-01 09:15:00,137.5,141.0,137.0,140.5,4509,138.08,2377
2026-06-01 09:20:00,140.0,140.0,138.5,138.5,1928,138.21,2377
2026-06-01 09:25:00,138.5,139.0,136.5,137.0,1306,138.18,2377
2026-06-01 09:30:00,137.0,138.0,136.5,138.0,892,138.15,2377
2026-06-01 09:35:00,138.0,139.0,137.5,138.0,785,138.15,2377
2026-06-01 09:40:00,138.0,138.5,137.0,137.5,734,138.14,2377
2026-06-01 09:45:00,137.5,138.0,137.0,137.0,807,138.12,2377
2026-06-01 09:50:00,137.5,138.0,137.0,137.5,611,138.11,2377
2026-06-01 09:55:00,137.5,137.5,137.0,137.5,816,138.08,2377
2026-06-01 10:00:00,137.0,137.5,136.0,137.0,1139,138.02,2377
2026-06-01 10:05:00,137.5,137.5,137.0,137.0,328,138.01,2377
2026-06-01 10:10:00,137.0,137.0,136.0,137.0,557,137.98,2377
2026-06-01 10:15:00,137.0,138.5,137.0,137.5,891,137.97,2377
2026-06-01 10:20:00,137.5,138.5,137.5,137.5,460,137.97,2377
2026-06-01 10:25:00,137.5,138.5,137.5,137.5,380,137.97,2377
2026-06-01 10:30:00,137.5,137.5,136.5,137.5,532,137.95,2377
2026-06-01 10:35:00,137.5,138.0,137.0,137.0,496,137.95,2377
2026-06-01 10:40:00,137.5,138.0,137.0,137.0,221,137.94,2377
2026-06-01 10:45:00,137.0,137.5,136.5,137.0,586,137.92,2377
2026-06-01 10:50:00,137.0,137.0,136.0,136.0,493,137.9,2377
2026-06-01 10:55:00,136.0,136.5,135.5,135.5,1228,137.82,2377
2026-06-01 11:00:00,135.5,137.5,135.5,137.5,606,137.8,2377
2026-06-01 11:05:00,137.5,137.5,136.5,137.0,238,137.79,2377
2026-06-01 11:10:00,137.0,137.0,136.5,137.0,88,137.79,2377
2026-06-01 11:15:00,137.0,137.0,136.5,136.5,177,137.78,2377
2026-06-01 11:20:00,136.5,137.0,136.0,136.5,139,137.78,2377
2026-06-01 11:25:00,136.0,136.5,136.0,136.5,244,137.77,2377
2026-06-01 11:30:00,136.0,136.5,136.0,136.0,154,137.76,2377
2026-06-01 11:35:00,136.0,136.5,135.0,135.0,821,137.71,2377
2026-06-01 11:40:00,135.0,136.0,135.0,135.5,606,137.67,2377
2026-06-01 11:45:00,135.0,136.5,135.0,136.5,509,137.64,2377
2026-06-01 11:50:00,136.5,137.0,136.0,136.5,243,137.64,2377
2026-06-01 11:55:00,136.5,136.5,136.0,136.0,159,137.63,2377
2026-06-01 12:00:00,136.0,136.5,136.0,136.5,93,137.63,2377
2026-06-01 12:05:00,136.5,136.5,136.0,136.5,151,137.62,2377
2026-06-01 12:10:00,136.0,136.5,136.0,136.5,179,137.62,2377
2026-06-01 12:15:00,136.5,137.0,136.5,137.0,88,137.62,2377
2026-06-01 12:20:00,137.0,137.0,136.5,136.5,144,137.61,2377
2026-06-01 12:25:00,137.0,137.0,136.5,137.0,176,137.61,2377
2026-06-01 12:30:00,136.5,143.0,136.5,142.5,7925,138.04,2377
2026-06-01 12:35:00,142.5,144.0,142.0,144.0,12128,139.22,2377
2026-06-01 12:40:00,144.0,144.0,144.0,144.0,525,139.26,2377
2026-06-01 12:45:00,144.0,144.0,143.5,144.0,6724,139.74,2377
2026-06-01 12:50:00,144.0,144.0,142.0,142.0,3722,139.96,2377
2026-06-01 12:55:00,142.0,142.5,141.0,142.0,2251,140.01,2377
2026-06-01 13:00:00,141.5,143.0,141.0,142.0,1534,140.06,2377
2026-06-01 13:05:00,142.0,142.5,141.0,142.0,1121,140.08,2377
2026-06-01 13:10:00,142.0,142.5,141.5,142.0,745,140.1,2377
2026-06-01 13:15:00,142.0,142.5,141.5,141.5,732,140.12,2377
2026-06-01 13:20:00,141.5,142.5,141.5,142.0,1222,140.14,2377
2026-06-01 13:30:00,141.5,141.5,141.5,141.5,1163,140.16,2377
2026-06-02 09:00:00,145.0,147.5,142.0,145.5,15066,145.09,2377
2026-06-02 09:05:00,145.5,148.0,145.0,146.0,7008,145.56,2377
2026-06-02 09:10:00,145.5,148.0,145.0,147.5,4609,145.72,2377
2026-06-02 09:15:00,147.5,152.5,147.0,150.5,13289,147.28,2377
2026-06-02 09:20:00,150.0,151.0,147.0,148.0,5120,147.44,2377
2026-06-02 09:25:00,148.0,148.0,145.0,148.0,4202,147.36,2377
2026-06-02 09:30:00,148.0,150.0,147.0,148.0,2759,147.42,2377
2026-06-02 09:35:00,148.0,149.5,147.5,148.0,1773,147.46,2377
2026-06-02 09:40:00,148.0,148.5,147.0,147.5,1228,147.47,2377
2026-06-02 09:45:00,148.0,148.0,146.5,147.5,1653,147.46,2377
2026-06-02 09:50:00,147.0,148.0,146.5,147.5,1044,147.46,2377
2026-06-02 09:55:00,147.0,147.5,145.5,145.5,2198,147.41,2377
2026-06-02 10:00:00,146.0,147.0,145.5,146.0,1554,147.37,2377
2026-06-02 10:05:00,146.0,147.5,146.0,147.5,1028,147.36,2377
2026-06-02 10:10:00,147.5,147.5,146.5,146.5,660,147.36,2377
2026-06-02 10:15:00,147.0,148.0,146.5,147.5,779,147.36,2377
2026-06-02 10:20:00,147.5,148.5,147.5,147.5,993,147.37,2377
2026-06-02 10:25:00,147.5,148.5,147.5,148.5,612,147.38,2377
2026-06-02 10:30:00,148.5,151.5,148.0,151.0,5532,147.6,2377
2026-06-02 10:35:00,151.0,152.0,150.0,150.5,2052,147.7,2377
2026-06-02 10:40:00,150.5,151.0,149.0,150.0,1304,147.75,2377
2026-06-02 10:45:00,149.5,150.5,149.0,149.5,881,147.77,2377
2026-06-02 10:50:00,149.5,150.5,149.0,149.0,504,147.78,2377
2026-06-02 10:55:00,149.0,149.5,148.5,149.0,515,147.79,2377
2026-06-02 11:00:00,149.0,149.5,148.5,148.5,491,147.8,2377
2026-06-02 11:05:00,148.5,149.0,148.5,149.0,299,147.8,2377
2026-06-02 11:10:00,148.5,149.5,148.5,149.5,484,147.81,2377
2026-06-02 11:15:00,149.5,149.5,147.0,147.5,1298,147.82,2377
2026-06-02 11:20:00,147.5,148.5,146.5,147.0,1346,147.81,2377
2026-06-02 11:25:00,147.0,147.0,145.5,146.0,2364,147.76,2377
2026-06-02 11:30:00,146.0,147.5,146.0,147.0,1157,147.75,2377
2026-06-02 11:35:00,147.0,147.5,146.5,147.5,436,147.75,2377
2026-06-02 11:40:00,147.5,147.5,146.5,147.5,281,147.75,2377
2026-06-02 11:45:00,147.5,148.0,147.0,148.0,252,147.75,2377
2026-06-02 11:50:00,148.0,149.5,147.5,148.5,873,147.76,2377
2026-06-02 11:55:00,148.5,148.5,147.5,147.5,298,147.76,2377
2026-06-02 12:00:00,148.0,148.0,147.5,148.0,215,147.76,2377
2026-06-02 12:05:00,148.0,148.5,147.5,148.0,463,147.76,2377
2026-06-02 12:10:00,147.5,148.0,147.5,148.0,151,147.76,2377
2026-06-02 12:15:00,148.0,148.0,147.5,147.5,354,147.76,2377
2026-06-02 12:20:00,147.5,148.0,147.5,147.5,277,147.76,2377
2026-06-02 12:25:00,148.0,148.5,147.5,148.5,520,147.76,2377
2026-06-02 12:30:00,148.5,148.5,148.0,148.5,147,147.76,2377
2026-06-02 12:35:00,148.0,148.0,147.5,148.0,422,147.76,2377
2026-06-02 12:40:00,148.0,148.0,147.5,147.5,323,147.76,2377
2026-06-02 12:45:00,147.5,148.5,147.5,148.5,739,147.76,2377
2026-06-02 12:50:00,148.5,148.5,148.0,148.5,206,147.77,2377
2026-06-02 12:55:00,148.5,149.0,148.0,149.0,1094,147.78,2377
2026-06-02 13:00:00,149.0,149.0,148.5,149.0,348,147.78,2377
2026-06-02 13:05:00,149.0,149.0,148.5,149.0,439,147.78,2377
2026-06-02 13:10:00,149.0,149.0,148.5,148.5,887,147.79,2377
2026-06-02 13:15:00,148.5,149.0,148.5,148.5,1197,147.81,2377
2026-06-02 13:20:00,149.0,149.0,148.5,149.0,1380,147.82,2377
2026-06-02 13:30:00,149.0,149.0,149.0,149.0,1903,147.84,2377
2026-06-03 09:00:00,151.5,152.0,148.0,149.0,7771,150.16,2377
2026-06-03 09:05:00,148.5,150.0,147.0,148.0,2904,149.67,2377
2026-06-03 09:10:00,148.0,150.5,148.0,148.5,1798,149.65,2377
2026-06-03 09:15:00,148.5,151.0,148.0,150.0,2565,149.69,2377
2026-06-03 09:20:00,150.0,150.5,149.0,149.5,950,149.7,2377
2026-06-03 09:25:00,150.0,150.0,149.0,149.0,796,149.69,2377
2026-06-03 09:30:00,149.0,150.5,149.0,149.5,1297,149.7,2377
2026-06-03 09:35:00,149.5,149.5,147.5,148.0,2498,149.54,2377
2026-06-03 09:40:00,148.5,148.5,147.0,147.0,1152,149.44,2377
2026-06-03 09:45:00,147.0,147.5,146.0,146.5,1985,149.21,2377
2026-06-03 09:50:00,146.5,148.0,146.5,148.0,1242,149.11,2377
2026-06-03 09:55:00,147.5,148.0,147.0,147.0,397,149.08,2377
2026-06-03 10:00:00,147.5,147.5,146.5,147.0,533,149.03,2377
2026-06-03 10:05:00,146.5,147.5,146.5,147.5,341,149.01,2377
2026-06-03 10:10:00,147.0,148.0,147.0,147.5,346,148.99,2377
2026-06-03 10:15:00,148.0,148.0,147.0,148.0,347,148.97,2377
2026-06-03 10:20:00,148.0,148.0,147.0,147.0,442,148.95,2377
2026-06-03 10:25:00,147.0,147.5,147.0,147.0,195,148.93,2377
2026-06-03 10:30:00,147.0,147.5,146.5,146.5,671,148.89,2377
2026-06-03 10:35:00,146.5,147.5,146.5,147.0,1111,148.81,2377
2026-06-03 10:40:00,147.5,148.0,147.0,147.0,683,148.78,2377
2026-06-03 10:45:00,147.5,148.0,147.0,147.5,229,148.77,2377
2026-06-03 10:50:00,147.5,148.0,147.0,147.5,164,148.76,2377
2026-06-03 10:55:00,147.5,148.5,147.0,148.0,498,148.75,2377
2026-06-03 11:00:00,148.5,148.5,147.5,147.5,428,148.74,2377
2026-06-03 11:05:00,148.0,148.5,147.5,148.0,348,148.73,2377
2026-06-03 11:10:00,148.0,148.5,148.0,148.5,201,148.73,2377
2026-06-03 11:15:00,148.0,148.5,148.0,148.0,226,148.72,2377
2026-06-03 11:20:00,148.0,148.5,147.0,147.0,427,148.71,2377
2026-06-03 11:25:00,147.0,147.5,147.0,147.5,168,148.7,2377
2026-06-03 11:30:00,147.5,148.0,147.0,148.0,185,148.69,2377
2026-06-03 11:35:00,147.5,148.0,147.0,147.0,230,148.68,2377
2026-06-03 11:40:00,147.0,148.0,147.0,147.5,283,148.67,2377
2026-06-03 11:45:00,147.5,148.0,147.5,147.5,170,148.67,2377
2026-06-03 11:50:00,148.0,148.0,147.0,147.0,103,148.66,2377
2026-06-03 11:55:00,147.0,147.5,147.0,147.0,104,148.66,2377
2026-06-03 12:00:00,147.0,147.5,147.0,147.5,171,148.65,2377
2026-06-03 12:05:00,147.0,147.5,146.5,146.5,832,148.61,2377
2026-06-03 12:10:00,146.5,147.5,146.5,147.5,435,148.59,2377
2026-06-03 12:15:00,147.5,147.5,146.5,147.0,452,148.57,2377
2026-06-03 12:20:00,147.0,147.0,146.5,146.5,190,148.56,2377
2026-06-03 12:25:00,147.0,147.0,146.5,146.5,667,148.52,2377
2026-06-03 12:30:00,146.5,147.0,146.5,146.5,428,148.5,2377
2026-06-03 12:35:00,146.5,147.0,146.5,146.5,497,148.47,2377
2026-06-03 12:40:00,147.0,148.0,146.5,148.0,1025,148.44,2377
2026-06-03 12:45:00,148.0,148.0,147.5,148.0,485,148.43,2377
2026-06-03 12:50:00,147.5,148.5,147.5,148.0,506,148.43,2377
2026-06-03 12:55:00,148.0,148.5,147.5,147.5,679,148.42,2377
2026-06-03 13:00:00,147.5,148.0,147.0,147.0,442,148.41,2377
2026-06-03 13:05:00,147.0,147.5,147.0,147.5,306,148.4,2377
2026-06-03 13:10:00,147.5,147.5,147.0,147.0,794,148.38,2377
2026-06-03 13:15:00,147.0,147.5,146.5,147.0,1075,148.34,2377
2026-06-03 13:20:00,147.5,147.5,146.5,147.0,957,148.31,2377
2026-06-03 13:30:00,146.5,146.5,146.5,146.5,2286,148.22,2377
2026-06-04 09:00:00,145.0,147.5,143.0,143.5,3385,144.98,2377
2026-06-04 09:05:00,144.0,144.5,142.5,143.0,1608,144.44,2377
2026-06-04 09:10:00,143.0,144.5,142.5,144.0,1218,144.24,2377
2026-06-04 09:15:00,143.5,144.5,143.0,143.5,824,144.18,2377
2026-06-04 09:20:00,143.5,143.5,142.5,142.5,963,144.04,2377
2026-06-04 09:25:00,143.0,143.0,142.0,142.5,654,143.92,2377
2026-06-04 09:30:00,143.0,143.5,142.5,143.0,534,143.85,2377
2026-06-04 09:35:00,143.0,143.5,142.0,142.5,642,143.78,2377
2026-06-04 09:40:00,142.0,143.0,142.0,142.0,425,143.72,2377
2026-06-04 09:45:00,142.5,142.5,141.0,141.5,2991,143.18,2377
2026-06-04 09:50:00,141.5,141.5,140.5,140.5,798,143.05,2377
2026-06-04 09:55:00,140.5,141.0,140.0,141.0,920,142.88,2377
2026-06-04 10:00:00,140.5,141.0,140.5,140.5,324,142.83,2377
2026-06-04 10:05:00,141.0,141.5,140.0,140.5,680,142.75,2377
2026-06-04 10:10:00,140.5,141.0,140.0,141.0,291,142.71,2377
2026-06-04 10:15:00,140.5,141.0,140.5,140.5,268,142.67,2377
2026-06-04 10:20:00,141.0,141.5,140.5,141.0,434,142.63,2377
2026-06-04 10:25:00,140.5,141.5,140.5,141.5,229,142.61,2377
2026-06-04 10:30:00,141.0,142.0,141.0,141.5,254,142.59,2377
2026-06-04 10:35:00,141.0,141.5,140.5,141.0,356,142.56,2377
2026-06-04 10:40:00,140.5,141.5,140.5,140.5,433,142.52,2377
2026-06-04 10:45:00,140.5,141.5,140.5,141.5,156,142.51,2377
2026-06-04 10:50:00,141.0,141.5,141.0,141.5,72,142.51,2377
2026-06-04 10:55:00,141.0,141.5,140.5,141.5,291,142.48,2377
2026-06-04 11:00:00,141.0,142.0,141.0,142.0,207,142.47,2377
2026-06-04 11:05:00,142.0,142.0,141.5,142.0,139,142.47,2377
2026-06-04 11:10:00,141.5,142.0,141.5,142.0,173,142.46,2377
2026-06-04 11:15:00,141.5,142.5,141.5,142.5,210,142.46,2377
2026-06-04 11:20:00,142.0,142.5,141.5,142.0,254,142.45,2377
2026-06-04 11:25:00,141.5,142.5,141.5,142.0,177,142.45,2377
2026-06-04 11:30:00,142.0,143.0,142.0,143.0,208,142.45,2377
2026-06-04 11:35:00,142.5,143.0,142.0,142.5,259,142.45,2377
2026-06-04 11:40:00,142.0,142.5,142.0,142.0,111,142.45,2377
2026-06-04 11:45:00,142.0,142.5,142.0,142.0,162,142.44,2377
2026-06-04 11:50:00,142.0,142.5,141.5,141.5,263,142.44,2377
2026-06-04 11:55:00,141.5,142.0,141.5,142.0,147,142.43,2377
2026-06-04 12:00:00,141.5,142.5,141.5,142.5,151,142.43,2377
2026-06-04 12:05:00,142.0,142.5,142.0,142.0,155,142.43,2377
2026-06-04 12:10:00,142.0,142.5,142.0,142.0,130,142.43,2377
2026-06-04 12:15:00,141.5,142.0,141.5,141.5,91,142.42,2377
2026-06-04 12:20:00,141.5,142.5,141.5,142.0,176,142.42,2377
2026-06-04 12:25:00,142.0,142.5,142.0,142.0,92,142.42,2377
2026-06-04 12:30:00,142.5,142.5,142.0,142.5,175,142.42,2377
2026-06-04 12:35:00,142.0,142.5,142.0,142.5,121,142.42,2377
2026-06-04 12:40:00,142.0,142.5,142.0,142.5,133,142.42,2377
2026-06-04 12:45:00,142.0,142.5,142.0,142.0,122,142.42,2377
2026-06-04 12:50:00,142.0,142.5,142.0,142.5,218,142.42,2377
2026-06-04 12:55:00,142.0,142.5,142.0,142.5,192,142.41,2377
2026-06-04 13:00:00,142.0,142.5,141.0,141.0,734,142.39,2377
2026-06-04 13:05:00,141.5,141.5,141.0,141.0,325,142.37,2377
2026-06-04 13:10:00,141.0,141.5,140.5,141.0,652,142.33,2377
2026-06-04 13:15:00,140.5,141.0,140.5,140.5,355,142.31,2377
2026-06-04 13:20:00,141.0,141.0,140.0,140.5,765,142.25,2377
2026-06-04 13:30:00,140.0,140.0,140.0,140.0,986,142.17,2377
2026-06-05 09:00:00,138.5,141.5,138.5,139.0,2366,139.81,2377
2026-06-05 09:05:00,139.0,139.5,137.0,137.5,1573,139.21,2377
2026-06-05 09:10:00,137.5,137.5,136.0,136.0,2378,138.26,2377
2026-06-05 09:15:00,136.0,139.0,135.5,138.5,2102,138.07,2377
2026-06-05 09:20:00,138.5,139.0,136.5,137.0,1437,138.02,2377
2026-06-05 09:25:00,137.0,139.0,136.0,138.5,1533,137.99,2377
2026-06-05 09:30:00,138.5,140.0,138.0,139.0,1108,138.09,2377
2026-06-05 09:35:00,139.5,140.0,139.0,139.5,348,138.13,2377
2026-06-05 09:40:00,139.5,141.5,139.0,141.5,2043,138.45,2377
2026-06-05 09:45:00,141.5,141.5,140.0,141.0,998,138.61,2377
2026-06-05 09:50:00,141.0,141.5,140.0,141.0,771,138.71,2377
2026-06-05 09:55:00,141.0,142.5,140.5,142.0,734,138.84,2377
2026-06-05 10:00:00,141.5,142.0,141.5,142.0,517,138.93,2377
2026-06-05 10:05:00,142.0,142.0,141.0,141.5,430,138.99,2377
2026-06-05 10:10:00,142.0,142.0,141.5,141.5,179,139.02,2377
2026-06-05 10:15:00,141.5,142.0,141.5,142.0,294,139.06,2377
2026-06-05 10:20:00,141.5,142.0,141.5,141.5,375,139.11,2377
2026-06-05 10:25:00,141.0,142.0,141.0,142.0,184,139.14,2377
2026-06-05 10:30:00,142.0,142.0,141.0,142.0,199,139.16,2377
2026-06-05 10:35:00,141.5,142.0,141.0,141.0,453,139.21,2377
2026-06-05 10:40:00,140.5,141.0,140.5,141.0,633,139.25,2377
2026-06-05 10:45:00,141.0,141.0,140.5,141.0,100,139.26,2377
2026-06-05 10:50:00,140.5,141.0,140.0,140.5,206,139.27,2377
2026-06-05 10:55:00,140.0,140.5,140.0,140.5,181,139.28,2377
2026-06-05 11:00:00,140.5,141.0,140.0,140.5,214,139.29,2377
2026-06-05 11:05:00,140.5,141.0,139.5,140.0,541,139.31,2377
2026-06-05 11:10:00,139.5,140.0,139.5,140.0,65,139.31,2377
2026-06-05 11:15:00,139.5,140.5,139.5,140.0,374,139.32,2377
2026-06-05 11:20:00,140.5,141.0,140.0,140.5,134,139.33,2377
2026-06-05 11:25:00,140.5,140.5,140.0,140.0,259,139.34,2377
2026-06-05 11:30:00,140.5,140.5,139.5,140.5,138,139.34,2377
2026-06-05 11:35:00,140.0,140.5,140.0,140.5,229,139.35,2377
2026-06-05 11:40:00,140.5,140.5,140.0,140.5,92,139.35,2377
2026-06-05 11:45:00,140.5,140.5,140.0,140.5,152,139.36,2377
2026-06-05 11:50:00,140.0,140.0,139.5,139.5,337,139.37,2377
2026-06-05 11:55:00,140.0,140.5,139.5,140.0,352,139.38,2377
2026-06-05 12:00:00,140.5,140.5,139.5,140.0,240,139.39,2377
2026-06-05 12:05:00,140.0,140.5,139.5,140.0,119,139.39,2377
2026-06-05 12:10:00,140.5,140.5,140.0,140.0,78,139.39,2377
2026-06-05 12:15:00,140.0,140.5,140.0,140.5,145,139.4,2377
2026-06-05 12:20:00,140.5,140.5,140.0,140.0,122,139.4,2377
2026-06-05 12:25:00,140.0,140.5,140.0,140.5,138,139.41,2377
2026-06-05 12:30:00,140.0,140.5,140.0,140.0,117,139.41,2377
2026-06-05 12:35:00,140.0,140.5,140.0,140.5,221,139.42,2377
2026-06-05 12:40:00,140.5,140.5,140.0,140.5,110,139.42,2377
2026-06-05 12:45:00,140.5,140.5,140.0,140.5,124,139.43,2377
2026-06-05 12:50:00,140.5,141.0,140.0,140.5,232,139.44,2377
2026-06-05 12:55:00,141.0,141.0,140.5,140.5,194,139.45,2377
2026-06-05 13:00:00,141.0,141.0,140.0,140.5,353,139.46,2377
2026-06-05 13:05:00,140.5,141.0,140.0,140.5,526,139.48,2377
2026-06-05 13:10:00,140.5,141.0,140.5,141.0,254,139.5,2377
2026-06-05 13:15:00,141.0,141.5,140.5,141.5,521,139.52,2377
2026-06-05 13:20:00,141.5,142.0,141.0,141.5,727,139.57,2377
2026-06-05 13:30:00,141.5,141.5,141.5,141.5,1167,139.65,2377
2026-06-08 09:00:00,128.0,132.0,128.0,130.5,5275,129.62,2377
2026-06-08 09:05:00,131.0,131.0,129.0,129.5,1930,129.64,2377
2026-06-08 09:10:00,129.5,130.5,129.5,130.5,821,129.68,2377
2026-06-08 09:15:00,130.5,130.5,128.5,128.5,1409,129.6,2377
2026-06-08 09:20:00,129.0,130.5,128.5,129.0,608,129.59,2377
2026-06-08 09:25:00,129.0,129.5,128.0,128.0,926,129.51,2377
2026-06-08 09:30:00,128.0,129.0,128.0,128.5,775,129.43,2377
2026-06-08 09:35:00,128.0,128.5,128.0,128.0,306,129.4,2377
2026-06-08 09:40:00,128.5,129.0,128.0,128.5,347,129.38,2377
2026-06-08 09:45:00,128.5,129.5,128.5,129.5,276,129.38,2377
2026-06-08 09:50:00,129.0,129.5,128.5,129.5,285,129.37,2377
2026-06-08 09:55:00,129.5,130.0,129.0,129.5,328,129.37,2377
2026-06-08 10:00:00,129.5,130.0,129.0,130.0,318,129.38,2377
2026-06-08 10:05:00,130.0,130.0,129.5,130.0,319,129.39,2377
2026-06-08 10:10:00,130.0,130.5,129.0,130.5,495,129.4,2377
2026-06-08 10:15:00,130.5,130.5,129.5,130.0,309,129.41,2377
2026-06-08 10:20:00,129.5,130.0,129.5,129.5,112,129.42,2377
2026-06-08 10:25:00,129.5,130.0,129.5,130.0,127,129.42,2377
2026-06-08 10:30:00,130.0,130.0,129.0,130.0,583,129.42,2377
2026-06-08 10:35:00,130.0,130.0,129.5,130.0,156,129.43,2377
2026-06-08 10:40:00,129.5,130.0,129.5,129.5,87,129.43,2377
2026-06-08 10:45:00,130.0,131.0,129.5,131.0,819,129.47,2377
2026-06-08 10:50:00,131.0,131.0,130.0,130.0,203,129.48,2377
2026-06-08 10:55:00,130.5,130.5,130.0,130.5,78,129.49,2377
2026-06-08 11:00:00,130.5,130.5,130.0,130.5,167,129.5,2377
2026-06-08 11:05:00,130.5,130.5,130.0,130.5,102,129.5,2377
2026-06-08 11:10:00,130.5,130.5,129.5,130.0,708,129.52,2377
2026-06-08 11:15:00,130.0,130.0,129.5,129.5,765,129.52,2377
2026-06-08 11:20:00,130.0,130.5,129.5,130.5,398,129.53,2377
2026-06-08 11:25:00,130.5,130.5,130.0,130.5,230,129.54,2377
2026-06-08 11:30:00,130.5,131.0,130.5,130.5,300,129.55,2377
2026-06-08 11:35:00,131.0,131.0,130.5,131.0,207,129.57,2377
2026-06-08 11:40:00,131.0,131.5,130.5,131.5,542,129.61,2377
2026-06-08 11:45:00,131.5,131.5,131.0,131.0,323,129.64,2377
2026-06-08 11:50:00,131.0,131.5,131.0,131.5,216,129.65,2377
2026-06-08 11:55:00,131.5,131.5,130.5,131.0,407,129.68,2377
2026-06-08 12:00:00,131.0,131.5,130.5,130.5,294,129.7,2377
2026-06-08 12:05:00,130.5,131.0,130.5,130.5,172,129.71,2377
2026-06-08 12:10:00,130.5,131.0,130.5,130.5,227,129.71,2377
2026-06-08 12:15:00,130.5,131.0,130.5,131.0,351,129.73,2377
2026-06-08 12:20:00,130.5,131.0,130.0,131.0,172,129.74,2377
2026-06-08 12:25:00,130.5,131.0,130.5,130.5,262,129.75,2377
2026-06-08 12:30:00,131.0,131.5,130.5,131.0,404,129.77,2377
2026-06-08 12:35:00,131.0,131.5,130.5,131.0,285,129.78,2377
2026-06-08 12:40:00,131.0,131.0,130.5,130.5,222,129.79,2377
2026-06-08 12:45:00,130.5,131.5,130.5,131.0,479,129.82,2377
2026-06-08 12:50:00,131.5,131.5,131.0,131.5,146,129.83,2377
2026-06-08 12:55:00,131.0,131.5,131.0,131.5,434,129.85,2377
2026-06-08 13:00:00,131.5,132.5,131.0,132.0,1076,129.92,2377
2026-06-08 13:05:00,132.0,132.5,131.5,132.5,206,129.94,2377
2026-06-08 13:10:00,132.5,132.5,131.0,132.0,588,129.98,2377
2026-06-08 13:15:00,132.0,132.5,131.0,131.5,673,130.03,2377
2026-06-08 13:20:00,132.0,132.5,131.5,131.5,566,130.07,2377
2026-06-08 13:30:00,132.0,132.0,132.0,132.0,503,130.1,2377
2026-06-09 09:00:00,133.5,134.5,132.5,133.5,2847,133.5,2377
2026-06-09 09:05:00,133.0,136.0,133.0,135.0,1372,133.9,2377
2026-06-09 09:10:00,135.0,136.0,134.0,135.5,807,134.01,2377
2026-06-09 09:15:00,136.0,136.0,134.0,135.0,1016,134.2,2377
2026-06-09 09:20:00,134.5,136.0,134.5,135.5,763,134.33,2377
2026-06-09 09:25:00,135.5,135.5,134.5,134.5,440,134.37,2377
2026-06-09 09:30:00,134.5,135.5,134.0,135.0,399,134.4,2377
2026-06-09 09:35:00,135.0,135.5,134.5,135.5,231,134.42,2377
2026-06-09 09:40:00,135.5,136.0,135.0,135.5,449,134.48,2377
2026-06-09 09:45:00,135.5,136.0,135.5,136.0,147,134.5,2377
2026-06-09 09:50:00,136.0,136.0,135.0,135.0,456,134.55,2377
2026-06-09 09:55:00,135.0,135.0,134.5,134.5,261,134.56,2377
2026-06-09 10:00:00,134.5,135.0,134.5,135.0,276,134.56,2377
2026-06-09 10:05:00,135.0,135.0,134.5,135.0,60,134.56,2377
2026-06-09 10:10:00,135.0,135.0,134.5,135.0,190,134.57,2377
2026-06-09 10:15:00,135.0,135.0,134.5,135.0,273,134.57,2377
2026-06-09 10:20:00,134.5,135.0,134.5,135.0,84,134.58,2377
2026-06-09 10:25:00,135.0,135.0,134.0,135.0,422,134.57,2377
2026-06-09 10:30:00,135.0,135.0,134.5,135.0,68,134.58,2377
2026-06-09 10:35:00,135.0,135.5,134.5,135.5,477,134.61,2377
2026-06-09 10:40:00,135.5,135.5,135.0,135.5,70,134.62,2377
2026-06-09 10:45:00,135.5,135.5,135.0,135.5,208,134.63,2377
2026-06-09 10:50:00,135.5,135.5,135.0,135.5,105,134.64,2377
2026-06-09 10:55:00,135.0,135.5,135.0,135.5,85,134.64,2377
2026-06-09 11:00:00,135.5,135.5,135.0,135.5,98,134.65,2377
2026-06-09 11:05:00,135.0,136.0,135.0,136.0,181,134.66,2377
2026-06-09 11:10:00,135.5,136.0,135.5,136.0,122,134.67,2377
2026-06-09 11:15:00,136.0,137.0,135.5,136.5,687,134.76,2377
2026-06-09 11:20:00,136.5,137.0,136.0,136.5,231,134.79,2377
2026-06-09 11:25:00,136.5,136.5,136.0,136.5,51,134.8,2377
2026-06-09 11:30:00,136.5,136.5,136.0,136.5,79,134.81,2377
2026-06-09 11:35:00,136.0,136.5,136.0,136.5,30,134.81,2377
2026-06-09 11:40:00,136.5,136.5,136.0,136.0,161,134.83,2377
2026-06-09 11:45:00,136.0,137.0,136.0,137.0,172,134.85,2377
2026-06-09 11:50:00,137.0,137.0,136.0,136.5,226,134.88,2377
2026-06-09 11:55:00,136.0,136.5,135.5,136.0,258,134.9,2377
2026-06-09 12:00:00,136.0,136.0,135.5,136.0,52,134.9,2377
2026-06-09 12:05:00,136.0,136.0,135.5,136.0,45,134.91,2377
2026-06-09 12:10:00,135.5,136.0,135.5,135.5,68,134.91,2377
2026-06-09 12:15:00,135.5,136.5,135.5,136.5,218,134.93,2377
2026-06-09 12:20:00,136.5,136.5,136.0,136.0,112,134.94,2377
2026-06-09 12:25:00,136.5,136.5,136.0,136.0,82,134.95,2377
2026-06-09 12:30:00,136.5,136.5,136.0,136.5,113,134.96,2377
2026-06-09 12:35:00,136.0,137.0,136.0,137.0,371,135.0,2377
2026-06-09 12:40:00,137.0,138.0,136.5,137.0,712,135.11,2377
2026-06-09 12:45:00,137.0,137.5,137.0,137.5,96,135.12,2377
2026-06-09 12:50:00,137.5,137.5,137.0,137.0,206,135.15,2377
2026-06-09 12:55:00,137.0,138.5,137.0,138.5,749,135.27,2377
2026-06-09 13:00:00,138.5,140.5,138.5,139.0,1383,135.59,2377
2026-06-09 13:05:00,139.0,140.0,139.0,139.0,281,135.65,2377
2026-06-09 13:10:00,139.5,139.5,139.0,139.5,418,135.73,2377
2026-06-09 13:15:00,139.5,140.0,139.0,139.5,508,135.83,2377
2026-06-09 13:20:00,140.0,140.0,139.0,139.5,345,135.89,2377
2026-06-09 13:30:00,139.5,139.5,139.5,139.5,711,136.02,2377
2026-06-10 09:00:00,135.0,136.0,134.0,136.0,2465,135.14,2377
2026-06-10 09:05:00,136.0,136.0,135.5,136.0,761,135.32,2377
2026-06-10 09:10:00,136.0,139.0,135.5,138.5,1533,136.01,2377
2026-06-10 09:15:00,138.5,140.5,138.5,138.5,1819,136.99,2377
2026-06-10 09:20:00,139.0,139.0,138.0,139.0,514,137.1,2377
2026-06-10 09:25:00,139.0,139.0,138.5,138.5,570,137.22,2377
2026-06-10 09:30:00,138.5,138.5,137.5,138.5,936,137.3,2377
2026-06-10 09:35:00,138.5,139.0,138.5,138.5,207,137.33,2377
2026-06-10 09:40:00,138.5,139.5,138.0,138.0,436,137.4,2377
2026-06-10 09:45:00,138.0,138.5,137.5,138.5,390,137.42,2377
2026-06-10 09:50:00,138.0,138.0,137.0,137.5,349,137.43,2377
2026-06-10 09:55:00,137.5,138.0,137.5,137.5,134,137.43,2377
2026-06-10 10:00:00,137.5,137.5,136.5,137.0,412,137.42,2377
2026-06-10 10:05:00,137.0,137.5,137.0,137.0,275,137.41,2377
2026-06-10 10:10:00,137.0,137.5,136.5,137.0,616,137.37,2377
2026-06-10 10:15:00,137.5,137.5,137.0,137.5,274,137.37,2377
2026-06-10 10:20:00,137.0,137.5,137.0,137.0,93,137.37,2377
2026-06-10 10:25:00,137.0,137.0,136.5,137.0,375,137.35,2377
2026-06-10 10:30:00,137.0,137.5,136.5,136.5,134,137.35,2377
2026-06-10 10:35:00,136.5,137.0,136.5,136.5,139,137.34,2377
2026-06-10 10:40:00,136.5,137.0,136.5,137.0,29,137.34,2377
2026-06-10 10:45:00,137.0,137.0,136.0,136.5,290,137.32,2377
2026-06-10 10:50:00,136.5,136.5,135.5,136.0,570,137.26,2377
2026-06-10 10:55:00,136.0,136.0,135.5,135.5,357,137.22,2377
2026-06-10 11:00:00,135.5,136.0,135.5,135.5,208,137.19,2377
2026-06-10 11:05:00,136.0,136.5,135.5,136.0,203,137.17,2377
2026-06-10 11:10:00,136.0,136.5,136.0,136.5,35,137.17,2377
2026-06-10 11:15:00,136.0,136.5,136.0,136.0,87,137.16,2377
2026-06-10 11:20:00,136.0,136.5,135.5,136.0,174,137.15,2377
2026-06-10 11:25:00,136.0,136.0,135.5,135.5,94,137.14,2377
2026-06-10 11:30:00,135.5,136.0,135.5,136.0,125,137.13,2377
2026-06-10 11:35:00,136.0,136.5,135.5,135.5,389,137.1,2377
2026-06-10 11:40:00,136.0,136.0,135.5,136.0,77,137.09,2377
2026-06-10 11:45:00,136.0,136.0,135.5,136.0,103,137.08,2377
2026-06-10 11:50:00,136.0,136.0,135.5,135.5,113,137.07,2377
2026-06-10 11:55:00,136.0,136.0,135.5,135.5,143,137.06,2377
2026-06-10 12:00:00,136.0,136.0,135.0,135.0,439,137.02,2377
2026-06-10 12:05:00,135.0,135.5,134.5,134.5,1238,136.87,2377
2026-06-10 12:10:00,134.5,135.0,134.5,134.5,601,136.79,2377
2026-06-10 12:15:00,134.5,135.0,134.5,134.5,476,136.73,2377
2026-06-10 12:20:00,134.5,135.0,134.0,134.0,454,136.67,2377
2026-06-10 12:25:00,134.0,134.5,134.0,134.0,462,136.6,2377
2026-06-10 12:30:00,134.5,134.5,133.0,133.5,878,136.47,2377
2026-06-10 12:35:00,133.5,134.0,133.5,133.5,160,136.45,2377
2026-06-10 12:40:00,133.5,134.0,133.0,133.0,515,136.37,2377
2026-06-10 12:45:00,133.0,134.0,133.0,133.0,422,136.31,2377
2026-06-10 12:50:00,133.5,134.0,133.0,133.0,278,136.27,2377
2026-06-10 12:55:00,133.5,133.5,133.0,133.0,510,136.19,2377
2026-06-10 13:00:00,133.5,134.0,133.0,133.0,393,136.14,2377
2026-06-10 13:05:00,133.5,133.5,133.0,133.0,340,136.1,2377
2026-06-10 13:10:00,133.0,133.5,132.5,132.5,471,136.04,2377
2026-06-10 13:15:00,133.0,133.0,132.5,132.5,558,135.96,2377
2026-06-10 13:20:00,132.5,133.0,132.0,132.0,883,135.83,2377
2026-06-10 13:30:00,132.0,132.0,132.0,132.0,915,135.69,2377
2026-06-11 09:00:00,130.5,132.5,130.5,131.5,1113,131.58,2377
2026-06-11 09:05:00,131.5,132.5,130.5,132.5,804,131.46,2377
2026-06-11 09:10:00,132.5,134.0,132.0,134.0,648,131.88,2377
2026-06-11 09:15:00,134.0,134.5,133.5,133.5,811,132.4,2377
2026-06-11 09:20:00,134.0,134.5,133.0,133.5,324,132.51,2377
2026-06-11 09:25:00,133.5,134.0,133.5,134.0,180,132.56,2377
2026-06-11 09:30:00,133.5,133.5,132.5,132.5,345,132.61,2377
2026-06-11 09:35:00,132.5,133.0,131.5,132.5,653,132.53,2377
2026-06-11 09:40:00,132.5,133.0,132.5,132.5,87,132.53,2377
2026-06-11 09:45:00,132.5,133.0,132.0,133.0,299,132.52,2377
2026-06-11 09:50:00,133.0,133.5,132.0,133.0,225,132.52,2377
2026-06-11 09:55:00,132.5,133.0,132.0,132.0,204,132.51,2377
2026-06-11 10:00:00,131.5,132.5,131.5,132.5,314,132.49,2377
2026-06-11 10:05:00,132.5,133.0,131.5,132.0,233,132.48,2377
2026-06-11 10:10:00,132.5,132.5,131.5,132.0,192,132.46,2377
2026-06-11 10:15:00,132.0,132.0,131.5,131.5,166,132.44,2377
2026-06-11 10:20:00,131.5,132.0,130.5,131.0,665,132.32,2377
2026-06-11 10:25:00,131.0,131.5,130.0,130.5,719,132.16,2377
2026-06-11 10:30:00,130.5,131.0,129.5,130.0,897,131.95,2377
2026-06-11 10:35:00,130.0,131.0,130.0,130.5,221,131.91,2377
2026-06-11 10:40:00,131.0,131.5,130.5,131.0,198,131.89,2377
2026-06-11 10:45:00,131.0,132.0,130.5,131.0,273,131.88,2377
2026-06-11 10:50:00,131.0,131.5,130.5,131.0,106,131.87,2377
2026-06-11 10:55:00,131.5,132.0,131.0,131.5,95,131.86,2377
2026-06-11 11:00:00,131.5,132.0,131.5,132.0,53,131.86,2377
2026-06-11 11:05:00,132.0,132.0,131.5,132.0,220,131.86,2377
2026-06-11 11:10:00,132.0,132.0,131.0,131.5,93,131.86,2377
2026-06-11 11:15:00,131.0,131.5,131.0,131.5,46,131.85,2377
2026-06-11 11:20:00,131.5,131.5,130.5,131.5,242,131.83,2377
2026-06-11 11:25:00,131.5,131.5,130.5,131.5,151,131.82,2377
2026-06-11 11:30:00,131.5,132.0,131.0,132.0,90,131.82,2377
2026-06-11 11:35:00,132.0,132.0,131.0,132.0,102,131.82,2377
2026-06-11 11:40:00,132.0,132.5,131.5,132.0,254,131.82,2377
2026-06-11 11:45:00,132.0,132.0,131.5,132.0,53,131.82,2377
2026-06-11 11:50:00,132.0,132.0,131.5,132.0,229,131.82,2377
2026-06-11 11:55:00,132.0,132.5,131.5,132.5,93,131.83,2377
2026-06-11 12:00:00,132.5,132.5,132.0,132.5,148,131.83,2377
2026-06-11 12:05:00,132.5,132.5,132.0,132.5,77,131.84,2377
2026-06-11 12:10:00,132.0,132.5,132.0,132.0,96,131.84,2377
2026-06-11 12:15:00,132.0,132.5,131.5,131.5,121,131.84,2377
2026-06-11 12:20:00,131.5,132.0,131.5,132.0,28,131.84,2377
2026-06-11 12:25:00,132.0,132.0,131.5,131.5,34,131.84,2377
2026-06-11 12:30:00,132.0,132.0,131.5,132.0,72,131.84,2377
2026-06-11 12:35:00,132.0,132.5,131.5,132.5,208,131.84,2377
2026-06-11 12:40:00,132.0,132.5,132.0,132.5,100,131.85,2377
2026-06-11 12:45:00,132.5,133.0,132.5,133.0,377,131.88,2377
2026-06-11 12:50:00,133.0,133.0,132.5,133.0,237,131.89,2377
2026-06-11 12:55:00,133.0,133.5,132.5,133.5,211,131.91,2377
2026-06-11 13:00:00,133.5,133.5,133.0,133.5,90,131.92,2377
2026-06-11 13:05:00,133.0,133.5,133.0,133.0,252,131.94,2377
2026-06-11 13:10:00,133.0,133.5,133.0,133.0,130,131.95,2377
2026-06-11 13:15:00,133.0,133.5,133.0,133.0,96,131.96,2377
2026-06-11 13:20:00,133.5,133.5,133.0,133.0,226,131.98,2377
2026-06-11 13:30:00,133.5,133.5,133.5,133.5,704,132.05,2377
2026-06-12 09:00:00,139.5,141.0,138.0,140.0,3992,139.34,2377
2026-06-12 09:05:00,139.5,142.5,139.0,141.5,2343,139.78,2377
2026-06-12 09:10:00,141.5,143.0,140.5,142.5,1861,140.22,2377
2026-06-12 09:15:00,142.0,143.5,141.5,141.5,1976,140.68,2377
2026-06-12 09:20:00,141.5,142.5,141.0,141.0,884,140.77,2377
2026-06-12 09:25:00,141.0,141.5,139.5,139.5,1054,140.7,2377
2026-06-12 09:30:00,139.5,140.5,139.0,139.5,611,140.66,2377
2026-06-12 09:35:00,140.0,140.0,139.5,139.5,305,140.63,2377
2026-06-12 09:40:00,139.0,140.0,139.0,139.5,272,140.61,2377
2026-06-12 09:45:00,140.0,140.0,139.5,140.0,83,140.6,2377
2026-06-12 09:50:00,139.5,140.0,139.0,139.5,447,140.57,2377
2026-06-12 09:55:00,139.5,140.0,139.5,140.0,126,140.56,2377
2026-06-12 10:00:00,139.5,140.0,139.0,139.5,313,140.54,2377
2026-06-12 10:05:00,139.0,140.0,139.0,140.0,96,140.53,2377
2026-06-12 10:10:00,140.0,140.0,139.0,139.0,145,140.52,2377
2026-06-12 10:15:00,139.5,139.5,139.0,139.0,103,140.51,2377
2026-06-12 10:20:00,139.0,139.5,139.0,139.5,44,140.51,2377
2026-06-12 10:25:00,139.5,139.5,139.0,139.5,69,140.5,2377
2026-06-12 10:30:00,139.0,139.5,139.0,139.0,91,140.49,2377
2026-06-12 10:35:00,139.5,140.0,139.0,139.5,326,140.47,2377
2026-06-12 10:40:00,139.5,140.0,139.0,139.0,150,140.46,2377
2026-06-12 10:45:00,139.5,139.5,139.0,139.0,263,140.44,2377
2026-06-12 10:50:00,139.0,139.5,138.5,138.5,223,140.42,2377
2026-06-12 10:55:00,138.5,139.0,138.5,138.5,46,140.41,2377
2026-06-12 11:00:00,138.5,139.0,138.5,139.0,73,140.4,2377
2026-06-12 11:05:00,138.5,139.0,138.5,138.5,57,140.4,2377
2026-06-12 11:10:00,138.5,139.0,138.5,139.0,210,140.38,2377
2026-06-12 11:15:00,139.0,139.5,138.5,139.0,211,140.36,2377
2026-06-12 11:20:00,139.0,139.0,138.5,138.5,44,140.36,2377
2026-06-12 11:25:00,138.5,139.0,138.0,138.0,337,140.32,2377
2026-06-12 11:30:00,138.0,138.5,138.0,138.5,200,140.29,2377
2026-06-12 11:35:00,138.0,138.5,138.0,138.0,67,140.28,2377
2026-06-12 11:40:00,138.0,139.0,138.0,138.5,313,140.25,2377
2026-06-12 11:45:00,138.5,139.0,138.5,138.5,156,140.24,2377
2026-06-12 11:50:00,138.5,139.0,138.5,139.0,88,140.23,2377
2026-06-12 11:55:00,138.5,139.0,138.5,138.5,42,140.23,2377
2026-06-12 12:00:00,138.5,139.0,138.5,138.5,46,140.22,2377
2026-06-12 12:05:00,138.5,139.0,138.5,138.5,97,140.21,2377
2026-06-12 12:10:00,138.5,139.0,138.5,138.5,65,140.21,2377
2026-06-12 12:15:00,138.5,138.5,138.0,138.0,117,140.2,2377
2026-06-12 12:20:00,138.0,138.5,138.0,138.0,120,140.18,2377
2026-06-12 12:25:00,138.0,138.5,138.0,138.0,107,140.17,2377
2026-06-12 12:30:00,138.5,138.5,138.0,138.0,75,140.16,2377
2026-06-12 12:35:00,138.0,138.5,138.0,138.0,151,140.14,2377
2026-06-12 12:40:00,138.0,138.5,137.5,137.5,377,140.1,2377
2026-06-12 12:45:00,137.5,138.5,137.5,138.0,276,140.07,2377
2026-06-12 12:50:00,138.0,138.5,138.0,138.0,139,140.06,2377
2026-06-12 12:55:00,138.0,138.5,137.5,138.0,354,140.02,2377
2026-06-12 13:00:00,138.0,138.5,138.0,138.0,192,140.0,2377
2026-06-12 13:05:00,138.0,138.5,137.5,137.5,246,139.97,2377
2026-06-12 13:10:00,137.5,138.0,137.0,137.5,481,139.91,2377
2026-06-12 13:15:00,137.0,137.5,137.0,137.0,352,139.86,2377
2026-06-12 13:20:00,137.5,137.5,136.5,137.5,709,139.77,2377
2026-06-12 13:30:00,136.5,136.5,136.5,136.5,954,139.63,2377
2026-06-15 09:00:00,141.0,142.5,140.0,140.0,1500,141.06,2377
2026-06-15 09:05:00,139.5,140.0,139.0,139.0,680,140.63,2377
2026-06-15 09:10:00,139.5,139.5,138.5,139.0,539,140.25,2377
2026-06-15 09:15:00,139.0,139.5,138.5,139.0,265,140.13,2377
2026-06-15 09:20:00,139.0,140.5,139.0,140.5,1157,140.01,2377
2026-06-15 09:25:00,140.5,141.0,140.0,140.5,407,140.04,2377
2026-06-15 09:30:00,140.0,140.5,139.5,139.5,340,140.04,2377
2026-06-15 09:35:00,139.5,140.5,139.5,140.5,283,140.03,2377
2026-06-15 09:40:00,140.0,140.5,140.0,140.0,150,140.03,2377
2026-06-15 09:45:00,140.0,140.5,139.5,139.5,236,140.02,2377
2026-06-15 09:50:00,139.5,140.0,139.5,139.5,104,140.01,2377
2026-06-15 09:55:00,139.5,139.5,139.0,139.0,167,140.0,2377
2026-06-15 10:00:00,139.0,140.0,139.0,139.5,265,139.98,2377
2026-06-15 10:05:00,140.0,140.0,139.0,139.0,146,139.96,2377
2026-06-15 10:10:00,139.5,140.0,139.0,139.5,152,139.95,2377
2026-06-15 10:15:00,139.5,140.0,139.5,139.5,212,139.94,2377
2026-06-15 10:20:00,139.5,139.5,139.0,139.0,188,139.92,2377
2026-06-15 10:25:00,139.0,139.5,138.5,139.0,204,139.89,2377
2026-06-15 10:30:00,139.0,139.5,139.0,139.0,106,139.88,2377
2026-06-15 10:35:00,139.5,139.5,139.0,139.0,297,139.84,2377
2026-06-15 10:40:00,139.0,139.0,138.5,139.0,51,139.84,2377
2026-06-15 10:45:00,138.5,139.0,138.5,138.5,103,139.82,2377
2026-06-15 10:50:00,138.5,139.0,138.5,138.5,118,139.8,2377
2026-06-15 10:55:00,138.5,139.5,138.5,139.0,260,139.78,2377
2026-06-15 11:00:00,139.0,139.5,139.0,139.0,514,139.73,2377
2026-06-15 11:05:00,139.0,139.5,139.0,139.0,91,139.72,2377
2026-06-15 11:10:00,139.0,139.5,138.5,138.5,143,139.71,2377
2026-06-15 11:15:00,138.5,139.0,138.5,139.0,96,139.7,2377
2026-06-15 11:20:00,138.5,139.0,138.5,138.5,69,139.69,2377
2026-06-15 11:25:00,138.5,139.0,138.5,138.5,94,139.68,2377
2026-06-15 11:30:00,138.5,139.0,138.5,138.5,96,139.67,2377
2026-06-15 11:35:00,138.5,139.0,138.5,138.5,104,139.65,2377
2026-06-15 11:40:00,138.5,139.0,138.0,138.0,200,139.63,2377
2026-06-15 11:45:00,138.0,138.5,138.0,138.0,150,139.6,2377
2026-06-15 11:50:00,138.0,138.5,137.5,137.5,245,139.56,2377
2026-06-15 11:55:00,137.5,138.0,137.5,137.5,107,139.54,2377
2026-06-15 12:00:00,137.5,138.0,136.5,137.0,617,139.4,2377
2026-06-15 12:05:00,137.0,137.5,136.5,137.0,133,139.37,2377
2026-06-15 12:10:00,137.0,137.5,137.0,137.0,116,139.34,2377
2026-06-15 12:15:00,137.0,137.5,136.5,137.0,251,139.29,2377
2026-06-15 12:20:00,137.0,137.5,137.0,137.0,139,139.26,2377
2026-06-15 12:25:00,137.0,138.0,137.0,138.0,147,139.24,2377
2026-06-15 12:30:00,138.0,138.0,137.0,137.0,227,139.21,2377
2026-06-15 12:35:00,137.0,137.5,137.0,137.0,88,139.19,2377
2026-06-15 12:40:00,137.0,137.5,137.0,137.5,111,139.17,2377
2026-06-15 12:45:00,137.0,137.5,137.0,137.5,88,139.15,2377
2026-06-15 12:50:00,137.0,137.5,137.0,137.0,84,139.14,2377
2026-06-15 12:55:00,137.0,137.5,137.0,137.0,148,139.11,2377
2026-06-15 13:00:00,137.0,137.5,137.0,137.0,216,139.08,2377
2026-06-15 13:05:00,137.0,137.5,136.5,136.5,511,138.99,2377
2026-06-15 13:10:00,136.5,139.5,136.5,138.5,1937,138.9,2377
2026-06-15 13:15:00,138.5,140.0,138.5,139.5,661,138.92,2377
2026-06-15 13:20:00,139.5,140.0,139.0,139.5,585,138.95,2377
2026-06-15 13:30:00,140.0,140.0,140.0,140.0,1184,139.02,2377
2026-06-16 09:00:00,142.5,142.5,139.0,139.5,3572,141.19,2377
2026-06-16 09:05:00,139.5,140.0,135.5,136.5,2410,139.77,2377
2026-06-16 09:10:00,136.5,137.0,136.0,137.0,1025,139.33,2377
2026-06-16 09:15:00,136.5,137.0,136.0,136.5,904,138.99,2377
2026-06-16 09:20:00,136.0,137.5,136.0,137.0,394,138.9,2377
2026-06-16 09:25:00,137.0,137.0,136.0,136.5,639,138.72,2377
2026-06-16 09:30:00,136.5,137.0,136.0,137.0,403,138.62,2377
2026-06-16 09:35:00,136.5,137.0,136.5,137.0,131,138.6,2377
2026-06-16 09:40:00,137.0,137.0,136.5,136.5,276,138.55,2377
2026-06-16 09:45:00,137.0,137.5,136.5,137.5,271,138.51,2377
2026-06-16 09:50:00,137.5,137.5,136.5,137.0,289,138.46,2377
2026-06-16 09:55:00,136.5,137.0,136.5,136.5,211,138.43,2377
2026-06-16 10:00:00,137.0,137.5,136.5,137.0,296,138.39,2377
2026-06-16 10:05:00,137.5,138.0,137.0,137.5,289,138.37,2377
2026-06-16 10:10:00,137.5,138.0,137.0,137.5,338,138.35,2377
2026-06-16 10:15:00,138.0,138.0,137.5,138.0,88,138.34,2377
2026-06-16 10:20:00,138.0,138.0,137.0,138.0,119,138.33,2377
2026-06-16 10:25:00,137.5,138.0,137.5,138.0,138,138.32,2377
2026-06-16 10:30:00,138.0,138.0,137.5,138.0,80,138.32,2377
2026-06-16 10:35:00,137.5,138.0,137.5,137.5,73,138.31,2377
2026-06-16 10:40:00,138.0,138.0,137.0,137.5,83,138.31,2377
2026-06-16 10:45:00,137.5,137.5,137.0,137.5,37,138.3,2377
2026-06-16 10:50:00,137.5,137.5,137.0,137.5,50,138.3,2377
2026-06-16 10:55:00,137.5,137.5,136.5,136.5,264,138.27,2377
2026-06-16 11:00:00,136.5,137.0,136.5,136.5,234,138.24,2377
2026-06-16 11:05:00,137.0,137.0,136.5,136.5,67,138.23,2377
2026-06-16 11:10:00,136.5,137.0,136.5,136.5,86,138.22,2377
2026-06-16 11:15:00,136.5,137.0,136.5,137.0,54,138.22,2377
2026-06-16 11:20:00,136.5,137.0,136.5,136.5,49,138.21,2377
2026-06-16 11:25:00,137.0,137.0,136.5,137.0,60,138.2,2377
2026-06-16 11:30:00,137.0,137.0,136.5,136.5,76,138.2,2377
2026-06-16 11:35:00,136.5,137.5,136.5,137.5,238,138.17,2377
2026-06-16 11:40:00,137.0,137.5,137.0,137.5,56,138.17,2377
2026-06-16 11:45:00,137.5,137.5,137.0,137.5,33,138.17,2377
2026-06-16 11:50:00,137.5,137.5,136.5,137.0,287,138.14,2377
2026-06-16 11:55:00,136.5,137.5,136.5,137.5,123,138.13,2377
2026-06-16 12:00:00,137.5,137.5,137.0,137.0,101,138.13,2377
2026-06-16 12:05:00,137.0,137.5,136.5,137.0,93,138.12,2377
2026-06-16 12:10:00,136.5,137.0,136.5,137.0,71,138.11,2377
2026-06-16 12:15:00,136.5,137.0,136.5,136.5,52,138.11,2377
2026-06-16 12:20:00,137.0,137.0,136.5,137.0,49,138.1,2377
2026-06-16 12:25:00,137.0,137.0,136.5,136.5,69,138.1,2377
2026-06-16 12:30:00,137.0,137.0,136.5,136.5,63,138.09,2377
2026-06-16 12:35:00,136.5,137.0,136.5,136.5,72,138.08,2377
2026-06-16 12:40:00,137.0,137.0,136.5,137.0,100,138.07,2377
2026-06-16 12:45:00,136.5,137.0,136.5,136.5,116,138.06,2377
2026-06-16 12:50:00,137.0,137.0,136.5,136.5,157,138.05,2377
2026-06-16 12:55:00,136.5,137.0,136.5,136.5,405,138.01,2377
2026-06-16 13:00:00,136.5,137.0,136.5,136.5,177,137.99,2377
2026-06-16 13:05:00,136.5,137.0,136.0,136.5,206,137.97,2377
2026-06-16 13:10:00,136.5,137.0,136.0,136.5,333,137.94,2377
2026-06-16 13:15:00,136.5,137.0,136.5,137.0,253,137.92,2377
2026-06-16 13:20:00,137.0,137.0,136.0,136.5,433,137.88,2377
2026-06-16 13:30:00,136.5,136.5,136.5,136.5,972,137.81,2377
2026-06-17 09:00:00,135.5,135.5,134.0,134.5,737,134.67,2377
2026-06-17 09:05:00,134.5,135.0,134.5,135.0,138,134.68,2377
2026-06-17 09:10:00,135.0,135.0,134.0,134.0,378,134.61,2377
2026-06-17 09:15:00,134.0,134.5,134.0,134.0,505,134.44,2377
2026-06-17 09:20:00,134.0,134.5,133.5,134.0,298,134.38,2377
2026-06-17 09:25:00,134.0,135.0,134.0,135.0,192,134.39,2377
2026-06-17 09:30:00,134.5,135.0,134.0,134.5,160,134.4,2377
2026-06-17 09:35:00,134.5,134.5,134.0,134.0,55,134.39,2377
2026-06-17 09:40:00,134.5,134.5,133.5,134.0,494,134.33,2377
2026-06-17 09:45:00,134.0,134.5,133.5,134.0,184,134.31,2377
2026-06-17 09:50:00,134.0,135.0,134.0,135.0,178,134.32,2377
2026-06-17 09:55:00,134.5,135.0,134.5,135.0,49,134.33,2377
2026-06-17 10:00:00,135.0,135.0,134.5,135.0,77,134.34,2377
2026-06-17 10:05:00,135.0,135.0,134.5,135.0,122,134.35,2377
2026-06-17 10:10:00,135.0,135.5,134.5,135.5,470,134.46,2377
2026-06-17 10:15:00,135.5,135.5,135.0,135.0,178,134.48,2377
2026-06-17 10:20:00,135.0,135.5,135.0,135.0,48,134.49,2377
2026-06-17 10:25:00,135.0,136.0,135.0,136.0,178,134.54,2377
2026-06-17 10:30:00,136.0,136.0,135.5,135.5,48,134.55,2377
2026-06-17 10:35:00,136.0,136.0,135.5,136.0,70,134.57,2377
2026-06-17 10:40:00,136.0,136.0,135.5,136.0,36,134.58,2377
2026-06-17 10:45:00,136.0,136.0,135.0,135.0,182,134.62,2377
2026-06-17 10:50:00,135.0,135.5,135.0,135.5,54,134.62,2377
2026-06-17 10:55:00,135.5,135.5,135.0,135.5,74,134.64,2377
2026-06-17 11:00:00,135.5,135.5,135.0,135.0,55,134.64,2377
2026-06-17 11:05:00,135.5,135.5,135.0,135.0,211,134.66,2377
2026-06-17 11:10:00,135.0,135.0,134.5,134.5,103,134.66,2377
2026-06-17 11:15:00,135.0,135.0,134.0,134.5,214,134.66,2377
2026-06-17 11:20:00,134.5,134.5,134.0,134.0,81,134.65,2377
2026-06-17 11:25:00,134.0,134.5,134.0,134.5,169,134.63,2377
2026-06-17 11:30:00,134.5,135.0,134.0,134.5,91,134.63,2377
2026-06-17 11:35:00,135.0,135.0,134.5,134.5,57,134.63,2377
2026-06-17 11:40:00,134.5,135.0,134.0,134.5,114,134.63,2377
2026-06-17 11:45:00,134.5,135.0,134.5,135.0,55,134.63,2377
2026-06-17 11:50:00,134.5,135.0,134.5,134.5,49,134.63,2377
2026-06-17 11:55:00,135.0,135.0,134.5,135.0,34,134.64,2377
2026-06-17 12:00:00,134.5,135.0,134.5,134.5,111,134.63,2377
2026-06-17 12:05:00,134.5,135.0,134.5,134.5,41,134.64,2377
2026-06-17 12:10:00,134.5,135.0,134.5,134.5,55,134.64,2377
2026-06-17 12:15:00,134.5,135.0,134.5,134.5,43,134.64,2377
2026-06-17 12:20:00,134.5,135.0,134.5,135.0,64,134.64,2377
2026-06-17 12:25:00,135.0,135.0,134.5,135.0,84,134.64,2377
2026-06-17 12:30:00,135.0,135.0,134.5,135.0,82,134.65,2377
2026-06-17 12:35:00,135.0,135.5,134.5,135.5,220,134.66,2377
2026-06-17 12:40:00,135.5,135.5,135.0,135.0,107,134.67,2377
2026-06-17 12:45:00,135.0,135.5,135.0,135.5,150,134.68,2377
2026-06-17 12:50:00,135.5,135.5,135.0,135.5,125,134.7,2377
2026-06-17 12:55:00,135.5,135.5,135.0,135.5,120,134.71,2377
2026-06-17 13:00:00,135.5,136.0,135.5,136.0,105,134.72,2377
2026-06-17 13:05:00,136.0,136.0,135.5,135.5,213,134.76,2377
2026-06-17 13:10:00,136.0,136.5,135.5,136.5,237,134.8,2377
2026-06-17 13:15:00,136.5,136.5,136.0,136.5,396,134.86,2377
2026-06-17 13:20:00,136.5,137.0,136.0,136.5,433,134.95,2377
2026-06-17 13:30:00,137.0,137.0,137.0,137.0,507,135.06,2377
2026-06-18 09:00:00,137.0,138.0,136.5,137.0,736,136.94,2377
2026-06-18 09:05:00,136.5,137.0,136.5,137.0,206,136.88,2377
2026-06-18 09:10:00,137.0,137.0,136.5,137.0,140,136.86,2377
2026-06-18 09:15:00,137.0,138.0,136.5,138.0,535,136.96,2377
2026-06-18 09:20:00,138.0,139.0,137.5,137.5,685,137.36,2377
2026-06-18 09:25:00,138.0,138.5,137.5,138.0,217,137.42,2377
2026-06-18 09:30:00,138.0,138.5,137.5,138.0,146,137.45,2377
2026-06-18 09:35:00,138.0,138.0,137.0,137.5,277,137.46,2377
2026-06-18 09:40:00,137.5,137.5,137.0,137.5,212,137.46,2377
2026-06-18 09:45:00,137.5,137.5,136.5,137.0,640,137.39,2377
2026-06-18 09:50:00,137.0,137.5,136.5,137.0,77,137.38,2377
2026-06-18 09:55:00,137.0,137.5,136.5,137.0,149,137.37,2377
2026-06-18 10:00:00,136.5,137.0,136.5,137.0,56,137.36,2377
2026-06-18 10:05:00,137.0,137.0,136.5,136.5,80,137.35,2377
2026-06-18 10:10:00,137.0,137.5,136.5,137.5,83,137.35,2377
2026-06-18 10:15:00,137.5,138.0,137.0,138.0,164,137.35,2377
2026-06-18 10:20:00,138.0,138.0,137.5,137.5,82,137.36,2377
2026-06-18 10:25:00,137.5,137.5,137.0,137.5,171,137.36,2377
2026-06-18 10:30:00,137.5,137.5,137.0,137.0,35,137.36,2377
2026-06-18 10:35:00,137.0,137.5,137.0,137.5,108,137.36,2377
2026-06-18 10:40:00,137.5,137.5,137.0,137.5,51,137.36,2377
2026-06-18 10:45:00,137.5,137.5,137.0,137.5,96,137.36,2377
2026-06-18 10:50:00,137.0,137.5,137.0,137.5,75,137.36,2377
2026-06-18 10:55:00,137.5,137.5,137.0,137.0,58,137.36,2377
2026-06-18 11:00:00,137.0,137.5,137.0,137.5,69,137.35,2377
2026-06-18 11:05:00,137.0,137.5,137.0,137.5,56,137.35,2377
2026-06-18 11:10:00,137.0,137.5,136.5,137.0,260,137.34,2377
2026-06-18 11:15:00,137.0,137.5,136.5,137.5,175,137.33,2377
2026-06-18 11:20:00,137.5,137.5,137.0,137.0,68,137.33,2377
2026-06-18 11:25:00,137.0,137.5,137.0,137.0,53,137.33,2377
2026-06-18 11:30:00,137.5,137.5,137.0,137.0,47,137.33,2377
2026-06-18 11:35:00,137.5,137.5,137.0,137.5,64,137.32,2377
2026-06-18 11:40:00,137.5,137.5,137.0,137.0,56,137.32,2377
2026-06-18 11:45:00,137.0,137.5,137.0,137.5,77,137.32,2377
2026-06-18 11:50:00,137.0,137.5,137.0,137.5,75,137.32,2377
2026-06-18 11:55:00,137.5,137.5,137.0,137.0,49,137.32,2377
2026-06-18 12:00:00,137.5,137.5,137.0,137.0,100,137.32,2377
2026-06-18 12:05:00,137.0,137.5,137.0,137.5,67,137.32,2377
2026-06-18 12:10:00,137.0,137.5,137.0,137.5,123,137.31,2377
2026-06-18 12:15:00,137.0,137.5,137.0,137.0,111,137.31,2377
2026-06-18 12:20:00,137.5,137.5,137.0,137.0,94,137.31,2377
2026-06-18 12:25:00,137.0,137.5,137.0,137.0,190,137.3,2377
2026-06-18 12:30:00,137.0,137.5,137.0,137.5,76,137.3,2377
2026-06-18 12:35:00,137.0,137.5,137.0,137.0,92,137.3,2377
2026-06-18 12:40:00,137.5,137.5,137.0,137.5,76,137.29,2377
2026-06-18 12:45:00,137.0,137.5,137.0,137.5,78,137.29,2377
2026-06-18 12:50:00,137.5,137.5,137.0,137.5,81,137.29,2377
2026-06-18 12:55:00,137.0,137.5,137.0,137.5,195,137.29,2377
2026-06-18 13:00:00,137.0,137.5,137.0,137.5,181,137.29,2377
2026-06-18 13:05:00,137.0,137.5,137.0,137.0,172,137.29,2377
2026-06-18 13:10:00,137.0,137.5,137.0,137.0,167,137.29,2377
2026-06-18 13:15:00,137.5,138.0,137.5,138.0,440,137.31,2377
2026-06-18 13:20:00,138.0,138.0,137.5,138.0,322,137.33,2377
2026-06-18 13:30:00,138.5,138.5,138.5,138.5,2457,137.58,2377
2026-06-22 09:00:00,140.0,140.5,138.0,138.5,1148,139.63,2377
2026-06-22 09:05:00,138.0,140.0,138.0,139.5,551,139.41,2377
2026-06-22 09:10:00,139.5,140.0,139.0,139.5,383,139.43,2377
2026-06-22 09:15:00,139.5,140.0,139.0,139.5,232,139.42,2377
2026-06-22 09:20:00,139.5,139.5,139.0,139.0,161,139.4,2377
2026-06-22 09:25:00,139.0,139.5,139.0,139.5,233,139.4,2377
2026-06-22 09:30:00,139.0,139.5,139.0,139.0,119,139.39,2377
2026-06-22 09:35:00,139.0,139.5,139.0,139.0,175,139.37,2377
2026-06-22 09:40:00,139.0,139.5,139.0,139.0,134,139.35,2377
2026-06-22 09:45:00,139.0,139.5,138.5,139.0,368,139.3,2377
2026-06-22 09:50:00,139.0,139.0,138.5,138.5,207,139.26,2377
2026-06-22 09:55:00,138.5,139.0,138.5,138.5,172,139.24,2377
2026-06-22 10:00:00,139.0,139.5,138.5,139.5,522,139.21,2377
2026-06-22 10:05:00,139.0,139.5,139.0,139.0,123,139.21,2377
2026-06-22 10:10:00,139.0,139.5,139.0,139.5,112,139.21,2377
2026-06-22 10:15:00,139.5,140.0,139.0,139.5,570,139.25,2377
2026-06-22 10:20:00,139.5,140.0,139.5,139.5,154,139.27,2377
2026-06-22 10:25:00,140.0,140.0,139.5,139.5,99,139.28,2377
2026-06-22 10:30:00,139.5,139.5,139.0,139.0,425,139.27,2377
2026-06-22 10:35:00,139.0,139.5,139.0,139.0,84,139.27,2377
2026-06-22 10:40:00,139.0,139.5,139.0,139.0,52,139.27,2377
2026-06-22 10:45:00,139.5,139.5,139.0,139.0,148,139.27,2377
2026-06-22 10:50:00,139.0,139.5,138.5,139.0,331,139.26,2377
2026-06-22 10:55:00,139.5,139.5,139.0,139.5,137,139.25,2377
2026-06-22 11:00:00,139.0,139.5,139.0,139.5,106,139.25,2377
2026-06-22 11:05:00,139.5,139.5,139.0,139.0,172,139.25,2377
2026-06-22 11:10:00,139.0,139.5,138.5,138.5,109,139.24,2377
2026-06-22 11:15:00,138.5,139.0,138.5,139.0,65,139.24,2377
2026-06-22 11:20:00,139.0,139.0,138.5,139.0,56,139.24,2377
2026-06-22 11:25:00,139.0,139.0,138.5,139.0,79,139.23,2377
2026-06-22 11:30:00,139.0,139.0,138.5,139.0,72,139.23,2377
2026-06-22 11:35:00,138.5,139.0,138.5,138.5,87,139.22,2377
2026-06-22 11:40:00,138.5,139.0,138.5,139.0,55,139.22,2377
2026-06-22 11:45:00,138.5,139.0,138.5,138.5,102,139.21,2377
2026-06-22 11:50:00,139.0,139.0,138.5,139.0,55,139.21,2377
2026-06-22 11:55:00,138.5,139.0,138.5,139.0,69,139.21,2377
2026-06-22 12:00:00,139.0,139.0,138.5,139.0,72,139.2,2377
2026-06-22 12:05:00,139.0,139.0,138.0,138.0,456,139.16,2377
2026-06-22 12:10:00,138.5,138.5,138.0,138.5,76,139.16,2377
2026-06-22 12:15:00,138.5,139.0,138.0,138.5,369,139.13,2377
2026-06-22 12:20:00,138.5,138.5,137.5,138.0,711,139.04,2377
2026-06-22 12:25:00,138.0,138.0,137.5,137.5,124,139.02,2377
2026-06-22 12:30:00,137.5,138.0,137.5,137.5,296,138.98,2377
2026-06-22 12:35:00,137.0,137.5,137.0,137.5,131,138.95,2377
2026-06-22 12:40:00,137.5,137.5,137.0,137.0,314,138.9,2377
2026-06-22 12:45:00,137.0,137.5,137.0,137.5,179,138.87,2377
2026-06-22 12:50:00,137.5,137.5,136.5,137.5,355,138.81,2377
2026-06-22 12:55:00,137.0,137.5,137.0,137.0,170,138.78,2377
2026-06-22 13:00:00,137.5,137.5,137.0,137.0,184,138.75,2377
2026-06-22 13:05:00,137.5,137.5,137.0,137.5,93,138.74,2377
2026-06-22 13:10:00,137.5,137.5,137.0,137.0,338,138.69,2377
2026-06-22 13:15:00,137.5,137.5,137.0,137.5,243,138.66,2377
2026-06-22 13:20:00,137.5,137.5,137.0,137.0,304,138.62,2377
2026-06-22 13:30:00,137.0,137.0,137.0,137.0,642,138.54,2377
2026-06-23 09:00:00,137.0,137.5,136.0,137.0,638,136.76,2377
2026-06-23 09:05:00,137.0,137.0,136.0,136.0,263,136.7,2377
2026-06-23 09:10:00,136.5,136.5,135.5,135.5,504,136.39,2377
2026-06-23 09:15:00,135.5,135.5,134.0,134.5,660,135.87,2377
2026-06-23 09:20:00,134.5,135.0,133.5,133.5,829,135.4,2377
2026-06-23 09:25:00,133.5,135.0,133.5,134.5,414,135.25,2377
2026-06-23 09:30:00,134.5,134.5,133.5,133.5,420,135.1,2377
2026-06-23 09:35:00,133.5,133.5,132.5,132.5,544,134.85,2377
2026-06-23 09:40:00,133.0,133.0,132.5,132.5,272,134.72,2377
2026-06-23 09:45:00,132.5,133.0,132.5,132.5,283,134.59,2377
2026-06-23 09:50:00,132.5,133.5,132.5,133.5,752,134.35,2377
2026-06-23 09:55:00,133.5,133.5,133.0,133.0,72,134.33,2377
2026-06-23 10:00:00,133.0,133.5,133.0,133.5,108,134.31,2377
2026-06-23 10:05:00,133.5,133.5,132.5,133.0,404,134.23,2377
2026-06-23 10:10:00,133.0,133.5,132.5,133.5,247,134.18,2377
2026-06-23 10:15:00,133.5,133.5,132.5,133.5,255,134.13,2377
2026-06-23 10:20:00,133.0,133.5,132.5,133.0,168,134.1,2377
2026-06-23 10:25:00,133.0,133.5,132.5,133.0,116,134.09,2377
2026-06-23 10:30:00,133.0,133.5,133.0,133.0,112,134.07,2377
2026-06-23 10:35:00,133.5,133.5,133.0,133.5,177,134.06,2377
2026-06-23 10:40:00,133.5,134.0,133.0,133.5,182,134.04,2377
2026-06-23 10:45:00,134.0,134.0,133.5,134.0,93,134.04,2377
2026-06-23 10:50:00,134.0,134.0,133.5,134.0,97,134.04,2377
2026-06-23 10:55:00,133.5,136.0,133.5,135.0,840,134.11,2377
2026-06-23 11:00:00,134.5,135.0,134.0,134.5,98,134.11,2377
2026-06-23 11:05:00,134.5,135.0,134.0,134.5,152,134.12,2377
2026-06-23 11:10:00,134.5,135.0,134.0,134.5,130,134.12,2377
2026-06-23 11:15:00,134.5,134.5,134.0,134.0,132,134.12,2377
2026-06-23 11:20:00,134.5,134.5,134.0,134.5,105,134.12,2377
2026-06-23 11:25:00,134.0,134.5,134.0,134.0,155,134.12,2377
2026-06-23 11:30:00,134.0,134.5,133.5,134.5,170,134.12,2377
2026-06-23 11:35:00,134.0,134.5,133.5,133.5,170,134.11,2377
2026-06-23 11:40:00,133.5,134.0,133.5,134.0,161,134.1,2377
2026-06-23 11:45:00,134.0,134.0,133.5,133.5,115,134.1,2377
2026-06-23 11:50:00,134.0,134.5,133.5,134.5,210,134.09,2377
2026-06-23 11:55:00,134.5,134.5,134.0,134.0,127,134.1,2377
2026-06-23 12:00:00,134.5,134.5,134.0,134.5,55,134.1,2377
2026-06-23 12:05:00,134.5,134.5,134.0,134.0,119,134.1,2377
2026-06-23 12:10:00,134.5,134.5,134.0,134.5,56,134.1,2377
2026-06-23 12:15:00,134.5,134.5,133.5,133.5,458,134.1,2377
2026-06-23 12:20:00,133.5,134.0,133.5,133.5,233,134.09,2377
2026-06-23 12:25:00,134.0,134.0,133.5,133.5,50,134.08,2377
2026-06-23 12:30:00,133.5,134.0,133.5,134.0,50,134.08,2377
2026-06-23 12:35:00,134.0,134.0,133.5,134.0,120,134.08,2377
2026-06-23 12:40:00,133.5,134.0,133.5,134.0,50,134.07,2377
2026-06-23 12:45:00,133.5,134.0,133.5,133.5,154,134.07,2377
2026-06-23 12:50:00,133.5,134.0,133.5,133.5,199,134.06,2377
2026-06-23 12:55:00,133.5,134.0,133.0,133.5,141,134.05,2377
2026-06-23 13:00:00,133.5,134.0,133.5,133.5,188,134.05,2377
2026-06-23 13:05:00,133.5,134.0,133.5,133.5,245,134.04,2377
2026-06-23 13:10:00,133.5,134.0,133.0,133.0,204,134.02,2377
2026-06-23 13:15:00,133.5,133.5,133.0,133.5,147,134.01,2377
2026-06-23 13:20:00,133.5,133.5,133.0,133.0,426,133.98,2377
2026-06-23 13:30:00,133.5,133.5,133.5,133.5,892,133.95,2377
2026-06-24 09:00:00,132.0,133.0,131.0,131.5,1163,132.0,2377
2026-06-24 09:05:00,132.0,132.5,131.0,131.5,518,131.89,2377
2026-06-24 09:10:00,131.5,132.0,131.0,132.0,278,131.84,2377
2026-06-24 09:15:00,132.0,132.5,132.0,132.0,241,131.86,2377
2026-06-24 09:20:00,132.0,133.0,132.0,132.5,389,131.94,2377
2026-06-24 09:25:00,132.5,134.0,132.5,133.5,486,132.17,2377
2026-06-24 09:30:00,133.5,134.0,133.0,134.0,209,132.26,2377
2026-06-24 09:35:00,134.0,134.5,133.5,134.5,142,132.33,2377
2026-06-24 09:40:00,134.5,135.0,134.0,134.5,235,132.48,2377
2026-06-24 09:45:00,134.5,135.0,134.0,135.0,192,132.58,2377
2026-06-24 09:50:00,134.5,135.0,134.5,135.0,109,132.64,2377
2026-06-24 09:55:00,135.0,136.0,134.5,135.5,347,132.86,2377
2026-06-24 10:00:00,135.5,135.5,135.0,135.5,125,132.92,2377
2026-06-24 10:05:00,135.5,135.5,135.0,135.5,64,132.95,2377
2026-06-24 10:10:00,135.5,135.5,134.5,135.0,141,133.02,2377
2026-06-24 10:15:00,135.0,135.0,134.0,134.5,373,133.11,2377
2026-06-24 10:20:00,134.0,134.5,133.5,133.5,188,133.14,2377
2026-06-24 10:25:00,134.0,135.0,134.0,135.0,140,133.17,2377
2026-06-24 10:30:00,135.0,135.0,134.0,134.0,40,133.18,2377
2026-06-24 10:35:00,134.5,134.5,134.0,134.5,43,133.19,2377
2026-06-24 10:40:00,134.5,134.5,133.5,134.0,116,133.2,2377
2026-06-24 10:45:00,133.5,134.0,133.5,133.5,130,133.21,2377
2026-06-24 10:50:00,133.5,134.0,133.0,133.5,238,133.22,2377
2026-06-24 10:55:00,133.5,133.5,133.0,133.5,58,133.22,2377
2026-06-24 11:00:00,133.5,133.5,133.0,133.0,85,133.22,2377
2026-06-24 11:05:00,133.5,133.5,133.0,133.5,85,133.22,2377
2026-06-24 11:10:00,133.0,134.0,133.0,134.0,114,133.23,2377
2026-06-24 11:15:00,134.0,134.0,133.5,134.0,43,133.23,2377
2026-06-24 11:20:00,134.0,134.0,133.5,133.5,117,133.24,2377
2026-06-24 11:25:00,133.5,133.5,133.0,133.5,37,133.24,2377
2026-06-24 11:30:00,133.5,133.5,133.0,133.5,41,133.24,2377
2026-06-24 11:35:00,133.5,133.5,133.0,133.5,63,133.24,2377
2026-06-24 11:40:00,133.5,134.0,133.0,133.5,34,133.24,2377
2026-06-24 11:45:00,133.0,133.5,133.0,133.0,41,133.24,2377
2026-06-24 11:50:00,133.5,133.5,133.0,133.5,29,133.24,2377
2026-06-24 11:55:00,133.5,133.5,133.0,133.5,55,133.25,2377
2026-06-24 12:00:00,133.0,133.5,132.5,132.5,238,133.24,2377
2026-06-24 12:05:00,133.0,133.0,132.5,133.0,38,133.24,2377
2026-06-24 12:10:00,132.5,133.0,132.5,133.0,36,133.23,2377
2026-06-24 12:15:00,133.0,133.0,132.5,133.0,32,133.23,2377
2026-06-24 12:20:00,133.0,133.0,132.5,133.0,46,133.23,2377
2026-06-24 12:25:00,133.0,133.0,132.5,133.0,50,133.23,2377
2026-06-24 12:30:00,132.5,133.0,132.5,133.0,48,133.23,2377
2026-06-24 12:35:00,133.0,133.5,132.5,133.0,76,133.22,2377
2026-06-24 12:40:00,133.0,134.0,133.0,133.5,117,133.23,2377
2026-06-24 12:45:00,134.0,134.0,133.5,133.5,60,133.23,2377
2026-06-24 12:50:00,134.0,134.0,133.5,133.5,47,133.23,2377
2026-06-24 12:55:00,134.0,134.0,133.5,134.0,152,133.24,2377
2026-06-24 13:00:00,133.5,134.0,133.5,134.0,62,133.25,2377
2026-06-24 13:05:00,134.0,134.0,133.5,134.0,134,133.26,2377
2026-06-24 13:10:00,134.0,134.0,133.5,133.5,115,133.27,2377
2026-06-24 13:15:00,134.0,134.0,133.5,133.5,231,133.28,2377
2026-06-24 13:20:00,134.0,134.5,133.5,134.0,177,133.29,2377
2026-06-24 13:30:00,133.5,133.5,133.5,133.5,640,133.31,2377
2026-06-25 09:00:00,135.0,135.5,133.5,134.0,440,134.66,2377
2026-06-25 09:05:00,133.5,134.5,133.5,134.0,177,134.44,2377
2026-06-25 09:10:00,133.5,134.0,133.0,133.5,193,134.22,2377
2026-06-25 09:15:00,133.5,134.0,132.5,133.5,499,133.77,2377
2026-06-25 09:20:00,134.0,134.0,133.0,133.0,95,133.75,2377
2026-06-25 09:25:00,133.0,133.5,133.0,133.0,63,133.72,2377
2026-06-25 09:30:00,133.5,133.5,133.0,133.5,49,133.7,2377
2026-06-25 09:35:00,133.0,134.0,133.0,134.0,297,133.66,2377
2026-06-25 09:40:00,134.0,134.0,133.0,133.5,214,133.64,2377
2026-06-25 09:45:00,133.5,133.5,133.0,133.5,73,133.63,2377
2026-06-25 09:50:00,133.5,134.0,133.5,133.5,122,133.63,2377
2026-06-25 09:55:00,133.5,134.0,133.5,134.0,31,133.63,2377
2026-06-25 10:00:00,134.0,134.0,133.5,134.0,46,133.63,2377
2026-06-25 10:05:00,134.0,134.0,133.5,133.5,91,133.64,2377
2026-06-25 10:10:00,134.0,134.0,132.5,132.5,552,133.5,2377
2026-06-25 10:15:00,132.5,133.0,132.0,133.0,230,133.43,2377
2026-06-25 10:20:00,133.0,133.5,133.0,133.0,133,133.42,2377
2026-06-25 10:25:00,133.5,133.5,133.0,133.5,59,133.41,2377
2026-06-25 10:30:00,133.5,133.5,133.0,133.0,44,133.41,2377
2026-06-25 10:35:00,133.5,133.5,133.0,133.5,77,133.41,2377
2026-06-25 10:40:00,133.0,133.5,133.0,133.5,48,133.41,2377
2026-06-25 10:45:00,133.0,133.5,133.0,133.5,70,133.4,2377
2026-06-25 10:50:00,133.0,133.5,133.0,133.5,113,133.39,2377
2026-06-25 10:55:00,133.5,134.0,133.0,134.0,307,133.4,2377
2026-06-25 11:00:00,134.0,134.0,133.5,134.0,42,133.4,2377
2026-06-25 11:05:00,134.0,134.0,133.5,134.0,46,133.41,2377
2026-06-25 11:10:00,133.5,134.5,133.5,134.5,292,133.45,2377
2026-06-25 11:15:00,134.5,134.5,134.0,134.5,89,133.47,2377
2026-06-25 11:20:00,134.5,134.5,134.0,134.5,60,133.48,2377
2026-06-25 11:25:00,134.5,134.5,134.0,134.5,58,133.5,2377
2026-06-25 11:30:00,134.0,134.5,134.0,134.5,60,133.51,2377
2026-06-25 11:35:00,134.5,134.5,134.0,134.0,84,133.52,2377
2026-06-25 11:40:00,134.0,134.5,133.5,134.0,163,133.53,2377
2026-06-25 11:45:00,134.0,134.0,133.5,133.5,41,133.54,2377
2026-06-25 11:50:00,134.0,134.0,133.5,134.0,31,133.54,2377
2026-06-25 11:55:00,134.0,134.5,133.5,134.0,256,133.56,2377
2026-06-25 12:00:00,134.5,134.5,134.0,134.5,68,133.57,2377
2026-06-25 12:05:00,134.0,134.5,133.5,134.0,80,133.58,2377
2026-06-25 12:10:00,134.0,134.0,133.5,134.0,39,133.58,2377
2026-06-25 12:15:00,134.0,134.0,133.5,134.0,34,133.58,2377
2026-06-25 12:20:00,134.0,134.0,133.5,133.5,42,133.59,2377
2026-06-25 12:25:00,133.5,134.0,133.5,133.5,41,133.59,2377
2026-06-25 12:30:00,134.0,134.0,133.5,133.5,52,133.59,2377
2026-06-25 12:35:00,133.5,134.0,133.5,134.0,63,133.59,2377
2026-06-25 12:40:00,134.0,134.0,133.5,134.0,57,133.6,2377
2026-06-25 12:45:00,134.0,134.0,133.5,133.5,64,133.6,2377
2026-06-25 12:50:00,134.0,134.0,133.5,133.5,89,133.6,2377
2026-06-25 12:55:00,134.0,134.0,133.5,133.5,81,133.61,2377
2026-06-25 13:00:00,133.5,134.0,133.5,134.0,77,133.61,2377
2026-06-25 13:05:00,133.5,134.0,133.5,134.0,162,133.61,2377
2026-06-25 13:10:00,133.5,134.0,133.5,133.5,133,133.61,2377
2026-06-25 13:15:00,133.5,134.0,133.0,133.5,259,133.61,2377
2026-06-25 13:20:00,134.0,134.0,133.5,134.0,206,133.61,2377
2026-06-25 13:30:00,133.5,133.5,133.5,133.5,503,133.6,2377
2026-06-26 09:00:00,133.0,133.0,131.5,132.0,426,132.18,2377
2026-06-26 09:05:00,132.0,133.0,131.5,132.0,242,132.16,2377
2026-06-26 09:10:00,132.0,132.5,132.0,132.0,83,132.15,2377
2026-06-26 09:15:00,132.0,133.0,132.0,132.5,167,132.19,2377
2026-06-26 09:20:00,132.5,133.5,132.5,133.5,113,132.28,2377
2026-06-26 09:25:00,133.0,133.5,133.0,133.0,133,132.36,2377
2026-06-26 09:30:00,132.5,133.0,132.5,132.5,53,132.38,2377
2026-06-26 09:35:00,133.0,133.5,132.5,133.5,209,132.5,2377
2026-06-26 09:40:00,133.5,133.5,132.5,133.0,273,132.59,2377
2026-06-26 09:45:00,132.5,133.0,132.5,132.5,151,132.6,2377
2026-06-26 09:50:00,132.5,133.0,132.5,133.0,74,132.61,2377
2026-06-26 09:55:00,133.0,133.5,132.5,133.5,256,132.66,2377
2026-06-26 10:00:00,133.5,134.5,133.5,134.5,429,132.88,2377
2026-06-26 10:05:00,134.5,134.5,133.5,134.0,271,132.99,2377
2026-06-26 10:10:00,134.0,134.0,133.5,134.0,90,133.02,2377
2026-06-26 10:15:00,133.5,134.5,133.5,134.5,192,133.08,2377
2026-06-26 10:20:00,134.5,135.0,134.0,135.0,348,133.22,2377
2026-06-26 10:25:00,135.0,135.5,134.5,135.5,477,133.46,2377
2026-06-26 10:30:00,135.5,135.5,135.0,135.0,254,133.57,2377
2026-06-26 10:35:00,135.0,135.5,134.5,135.0,532,133.74,2377
2026-06-26 10:40:00,135.0,135.5,134.5,135.5,324,133.82,2377
2026-06-26 10:45:00,135.5,135.5,134.5,135.0,364,133.9,2377
2026-06-26 10:50:00,135.0,135.5,134.5,135.0,383,133.97,2377
2026-06-26 10:55:00,135.0,135.5,135.0,135.5,255,134.02,2377
2026-06-26 11:00:00,135.5,135.5,134.5,134.5,255,134.05,2377
2026-06-26 11:05:00,134.0,134.5,133.5,133.5,393,134.04,2377
2026-06-26 11:10:00,133.5,134.5,133.5,134.0,517,134.03,2377
2026-06-26 11:15:00,134.5,135.0,134.0,135.0,369,134.06,2377
2026-06-26 11:20:00,135.0,135.0,134.5,134.5,164,134.07,2377
2026-06-26 11:25:00,134.5,135.0,134.0,134.0,199,134.08,2377
2026-06-26 11:30:00,134.5,134.5,134.0,134.0,127,134.08,2377
2026-06-26 11:35:00,134.0,134.5,133.5,134.0,209,134.08,2377
2026-06-26 11:40:00,134.0,134.0,133.5,134.0,118,134.08,2377
2026-06-26 11:45:00,134.0,134.0,133.5,134.0,158,134.08,2377
2026-06-26 11:50:00,134.0,134.5,133.5,134.5,174,134.08,2377
2026-06-26 11:55:00,134.5,135.0,134.0,135.0,339,134.09,2377
2026-06-26 12:00:00,135.0,135.0,134.5,135.0,139,134.11,2377
2026-06-26 12:05:00,134.5,135.0,134.5,134.5,134,134.12,2377
2026-06-26 12:10:00,134.5,135.5,134.5,135.0,399,134.16,2377
2026-06-26 12:15:00,135.5,135.5,135.0,135.5,144,134.17,2377
2026-06-26 12:20:00,135.0,135.5,135.0,135.5,150,134.19,2377
2026-06-26 12:25:00,135.5,135.5,134.0,134.5,374,134.22,2377
2026-06-26 12:30:00,134.5,134.5,134.0,134.5,121,134.22,2377
2026-06-26 12:35:00,134.5,134.5,134.0,134.0,377,134.22,2377
2026-06-26 12:40:00,134.0,134.0,133.5,133.5,123,134.21,2377
2026-06-26 12:45:00,134.0,134.0,133.5,134.0,122,134.21,2377
2026-06-26 12:50:00,134.0,134.0,133.5,133.5,173,134.2,2377
2026-06-26 12:55:00,133.5,134.0,133.0,133.5,477,134.17,2377
2026-06-26 13:00:00,133.0,133.5,132.5,133.0,378,134.14,2377
2026-06-26 13:05:00,133.0,133.0,132.5,133.0,226,134.12,2377
2026-06-26 13:10:00,132.5,133.0,132.5,133.0,231,134.09,2377
2026-06-26 13:15:00,132.5,133.0,132.0,132.0,533,134.03,2377
2026-06-26 13:20:00,132.5,132.5,131.5,131.5,566,133.94,2377
2026-06-26 13:30:00,131.5,131.5,131.5,131.5,902,133.79,2377
2026-06-29 09:00:00,134.0,136.0,134.0,134.5,1205,134.83,2377
2026-06-29 09:05:00,134.5,135.0,133.5,134.0,510,134.66,2377
2026-06-29 09:10:00,134.0,134.5,133.5,134.0,281,134.57,2377
2026-06-29 09:15:00,134.0,139.0,134.0,138.0,2122,135.69,2377
2026-06-29 09:20:00,138.5,140.0,138.0,140.0,2346,136.98,2377
2026-06-29 09:25:00,140.0,141.0,138.5,139.0,1211,137.42,2377
2026-06-29 09:30:00,138.5,139.0,138.5,139.0,389,137.48,2377
2026-06-29 09:35:00,138.5,139.0,138.0,138.5,442,137.54,2377
2026-06-29 09:40:00,138.0,138.5,137.0,137.5,510,137.55,2377
2026-06-29 09:45:00,137.5,138.5,137.0,138.5,356,137.56,2377
2026-06-29 09:50:00,138.5,139.0,138.0,139.0,607,137.62,2377
2026-06-29 09:55:00,139.5,139.5,138.5,138.5,344,137.68,2377
2026-06-29 10:00:00,139.0,139.5,138.5,139.0,552,137.74,2377
2026-06-29 10:05:00,139.0,139.5,138.0,139.0,450,137.79,2377
2026-06-29 10:10:00,139.0,139.5,138.5,138.5,315,137.82,2377
2026-06-29 10:15:00,139.0,139.5,138.5,139.5,374,137.85,2377
2026-06-29 10:20:00,139.5,140.0,139.0,139.5,739,137.96,2377
2026-06-29 10:25:00,139.5,139.5,139.0,139.0,362,137.99,2377
2026-06-29 10:30:00,139.5,139.5,139.0,139.5,365,138.02,2377
2026-06-29 10:35:00,139.5,139.5,139.0,139.5,131,138.04,2377
2026-06-29 10:40:00,139.5,139.5,139.0,139.5,153,138.05,2377
2026-06-29 10:45:00,139.5,139.5,139.0,139.5,202,138.07,2377
2026-06-29 10:50:00,139.0,139.5,139.0,139.5,168,138.09,2377
2026-06-29 10:55:00,139.0,139.5,138.0,139.0,709,138.12,2377
2026-06-29 11:00:00,139.5,139.5,138.5,139.0,197,138.14,2377
2026-06-29 11:05:00,139.0,139.5,138.5,139.5,118,138.14,2377
2026-06-29 11:10:00,139.5,139.5,139.0,139.0,88,138.15,2377
2026-06-29 11:15:00,139.5,139.5,139.0,139.5,147,138.16,2377
2026-06-29 11:20:00,139.5,139.5,138.5,139.0,455,138.19,2377
2026-06-29 11:25:00,139.0,139.0,138.5,139.0,251,138.19,2377
2026-06-29 11:30:00,139.0,139.0,138.5,139.0,180,138.2,2377
2026-06-29 11:35:00,138.5,139.0,137.5,137.5,287,138.2,2377
2026-06-29 11:40:00,137.5,138.0,137.5,138.0,111,138.2,2377
2026-06-29 11:45:00,137.5,138.5,137.5,138.5,426,138.2,2377
2026-06-29 11:50:00,138.5,139.0,138.0,139.0,327,138.2,2377
2026-06-29 11:55:00,139.0,139.5,138.5,139.5,279,138.22,2377
2026-06-29 12:00:00,139.5,139.5,139.0,139.5,107,138.22,2377
2026-06-29 12:05:00,139.0,139.5,139.0,139.5,84,138.23,2377
2026-06-29 12:10:00,139.5,139.5,139.0,139.0,123,138.24,2377
2026-06-29 12:15:00,139.5,139.5,138.5,138.5,393,138.25,2377
2026-06-29 12:20:00,139.0,139.0,138.5,139.0,93,138.26,2377
2026-06-29 12:25:00,138.5,139.5,138.5,139.0,514,138.28,2377
2026-06-29 12:30:00,138.5,139.0,138.5,138.5,82,138.28,2377
2026-06-29 12:35:00,139.0,139.0,138.5,138.5,79,138.28,2377
2026-06-29 12:40:00,139.0,139.0,138.5,138.5,99,138.29,2377
2026-06-29 12:45:00,139.0,139.0,138.5,138.5,156,138.29,2377
2026-06-29 12:50:00,139.0,139.0,138.5,138.5,161,138.29,2377
2026-06-29 12:55:00,138.5,139.0,138.5,139.0,386,138.3,2377
2026-06-29 13:00:00,139.0,139.0,138.0,138.5,339,138.3,2377
2026-06-29 13:05:00,138.5,138.5,138.0,138.5,209,138.3,2377
2026-06-29 13:10:00,138.5,139.0,138.0,138.5,399,138.31,2377
2026-06-29 13:15:00,139.0,139.0,138.5,139.0,199,138.31,2377
2026-06-29 13:20:00,139.0,139.0,138.5,139.0,630,138.33,2377
2026-06-29 13:30:00,139.0,139.0,139.0,139.0,1039,138.36,2377
2026-06-30 09:00:00,142.0,142.0,139.5,142.0,3827,141.21,2377
2026-06-30 09:05:00,141.5,143.0,140.5,142.5,2319,141.48,2377
2026-06-30 09:10:00,142.5,143.0,140.0,140.0,1459,141.54,2377
2026-06-30 09:15:00,140.5,141.5,140.0,141.0,944,141.45,2377
2026-06-30 09:20:00,141.0,141.5,140.0,140.0,536,141.4,2377
2026-06-30 09:25:00,140.0,141.0,139.5,141.0,924,141.28,2377
2026-06-30 09:30:00,141.0,142.0,140.5,142.0,692,141.28,2377
2026-06-30 09:35:00,142.0,142.0,141.5,141.5,413,141.3,2377
2026-06-30 09:40:00,141.5,142.0,140.5,141.0,501,141.3,2377
2026-06-30 09:45:00,140.5,141.0,140.5,141.0,221,141.29,2377
2026-06-30 09:50:00,141.0,141.0,140.0,140.5,571,141.25,2377
2026-06-30 09:55:00,140.5,141.0,140.5,141.0,266,141.24,2377
2026-06-30 10:00:00,141.0,141.5,140.5,141.0,179,141.24,2377
2026-06-30 10:05:00,141.0,141.0,140.5,140.5,137,141.23,2377
2026-06-30 10:10:00,141.0,141.0,140.5,140.5,146,141.23,2377
2026-06-30 10:15:00,141.0,141.0,140.5,141.0,172,141.23,2377
2026-06-30 10:20:00,140.5,141.5,140.5,141.0,350,141.22,2377
2026-06-30 10:25:00,141.5,141.5,140.5,141.0,378,141.22,2377
2026-06-30 10:30:00,141.0,141.0,140.5,141.0,189,141.21,2377
2026-06-30 10:35:00,140.5,141.5,140.5,141.0,172,141.21,2377
2026-06-30 10:40:00,141.5,141.5,141.0,141.5,117,141.21,2377
2026-06-30 10:45:00,141.5,141.5,141.0,141.0,164,141.22,2377
2026-06-30 10:50:00,141.0,141.5,140.5,141.0,328,141.21,2377
2026-06-30 10:55:00,141.0,141.0,140.5,140.5,137,141.21,2377
2026-06-30 11:00:00,141.0,141.0,140.5,140.5,357,141.2,2377
2026-06-30 11:05:00,141.0,143.0,141.0,142.5,2931,141.36,2377
2026-06-30 11:10:00,142.5,143.0,142.5,142.5,515,141.4,2377
2026-06-30 11:15:00,143.0,143.0,142.5,142.5,339,141.42,2377
2026-06-30 11:20:00,142.5,143.0,142.0,142.5,658,141.46,2377
2026-06-30 11:25:00,142.0,143.0,141.5,142.5,652,141.49,2377
2026-06-30 11:30:00,143.0,143.0,142.5,143.0,319,141.51,2377
2026-06-30 11:35:00,143.0,144.0,142.5,144.0,1300,141.62,2377
2026-06-30 11:40:00,144.0,144.5,143.5,144.5,1011,141.72,2377
2026-06-30 11:45:00,144.0,144.5,144.0,144.5,566,141.78,2377
2026-06-30 11:50:00,144.0,144.5,143.5,144.0,560,141.84,2377
2026-06-30 11:55:00,144.0,144.0,143.5,144.0,358,141.87,2377
2026-06-30 12:00:00,144.0,144.5,143.5,144.5,667,141.93,2377
2026-06-30 12:05:00,144.5,144.5,144.0,144.5,373,141.97,2377
2026-06-30 12:10:00,144.5,145.0,144.0,145.0,1267,142.1,2377
2026-06-30 12:15:00,145.0,146.0,144.5,145.5,1298,142.26,2377
2026-06-30 12:20:00,145.0,146.0,145.0,145.5,702,142.34,2377
2026-06-30 12:25:00,145.5,146.0,145.0,145.5,676,142.41,2377
2026-06-30 12:30:00,145.5,146.0,145.0,146.0,602,142.47,2377
2026-06-30 12:35:00,146.0,146.0,145.5,146.0,521,142.53,2377
2026-06-30 12:40:00,145.5,146.0,145.5,145.5,431,142.58,2377
2026-06-30 12:45:00,145.5,146.0,145.0,146.0,702,142.64,2377
2026-06-30 12:50:00,145.5,146.0,145.0,145.0,495,142.69,2377
2026-06-30 12:55:00,145.5,146.0,145.0,145.5,388,142.72,2377
2026-06-30 13:00:00,145.5,146.0,144.5,145.0,886,142.78,2377
2026-06-30 13:05:00,145.5,145.5,145.0,145.5,350,142.81,2377
2026-06-30 13:10:00,145.5,145.5,145.0,145.5,476,142.85,2377
2026-06-30 13:15:00,145.5,146.0,145.0,145.5,930,142.92,2377
2026-06-30 13:20:00,145.5,146.0,145.0,145.5,621,142.96,2377
2026-06-30 13:30:00,146.0,146.0,146.0,146.0,3413,143.22,2377
2026-07-01 09:00:00,147.0,147.0,144.5,145.0,3329,145.93,2377
2026-07-01 09:05:00,145.0,145.5,144.0,144.5,1017,145.61,2377
2026-07-01 09:10:00,144.5,144.5,143.0,143.0,1200,145.18,2377
2026-07-01 09:15:00,143.0,143.5,142.0,143.0,1287,144.73,2377
2026-07-01 09:20:00,143.5,144.5,143.0,144.5,701,144.62,2377
2026-07-01 09:25:00,144.5,144.5,142.5,142.5,512,144.55,2377
2026-07-01 09:30:00,143.0,143.0,141.0,141.0,1157,144.24,2377
2026-07-01 09:35:00,141.0,142.0,140.5,140.5,856,143.96,2377
2026-07-01 09:40:00,140.5,141.5,140.0,141.5,692,143.75,2377
2026-07-01 09:45:00,141.5,141.5,139.5,140.5,1241,143.38,2377
2026-07-01 09:50:00,140.5,141.5,140.0,141.5,346,143.31,2377
2026-07-01 09:55:00,141.5,141.5,141.0,141.5,344,143.26,2377
2026-07-01 10:00:00,141.5,141.5,140.5,140.5,401,143.19,2377
2026-07-01 10:05:00,140.5,140.5,140.0,140.0,233,143.14,2377
2026-07-01 10:10:00,140.5,140.5,139.5,139.5,489,143.02,2377
2026-07-01 10:15:00,140.0,141.0,139.5,140.5,340,142.96,2377
2026-07-01 10:20:00,140.5,141.0,140.0,140.5,313,142.9,2377
2026-07-01 10:25:00,141.0,141.0,140.0,140.5,347,142.84,2377
2026-07-01 10:30:00,140.5,141.0,140.0,141.0,155,142.82,2377
2026-07-01 10:35:00,141.0,141.0,140.0,141.0,175,142.79,2377
2026-07-01 10:40:00,141.0,141.0,140.5,140.5,98,142.78,2377
2026-07-01 10:45:00,141.0,141.5,140.5,141.5,222,142.75,2377
2026-07-01 10:50:00,141.5,141.5,141.0,141.5,130,142.74,2377
2026-07-01 10:55:00,141.5,144.0,141.0,143.5,1725,142.76,2377
2026-07-01 11:00:00,143.5,144.5,143.5,143.5,647,142.8,2377
2026-07-01 11:05:00,144.0,144.0,143.5,144.0,396,142.83,2377
2026-07-01 11:10:00,144.0,144.5,143.5,144.0,402,142.85,2377
2026-07-01 11:15:00,144.0,144.0,143.0,143.0,493,142.87,2377
2026-07-01 11:20:00,143.5,144.0,143.0,144.0,424,142.89,2377
2026-07-01 11:25:00,144.0,144.5,143.5,144.5,387,142.92,2377
2026-07-01 11:30:00,144.5,144.5,144.0,144.5,505,142.95,2377
2026-07-01 11:35:00,144.5,145.0,144.0,144.5,352,142.98,2377
2026-07-01 11:40:00,144.5,145.0,144.0,144.5,390,143.01,2377
2026-07-01 11:45:00,144.5,145.0,143.5,143.5,465,143.04,2377
2026-07-01 11:50:00,144.0,144.5,143.5,144.5,366,143.05,2377
2026-07-01 11:55:00,144.0,144.5,143.5,144.5,433,143.08,2377
2026-07-01 12:00:00,144.5,144.5,143.5,144.5,452,143.1,2377
2026-07-01 12:05:00,144.5,144.5,144.0,144.5,386,143.12,2377
2026-07-01 12:10:00,144.5,144.5,143.0,143.5,541,143.14,2377
2026-07-01 12:15:00,143.5,144.0,143.0,144.0,344,143.15,2377
2026-07-01 12:20:00,144.0,144.0,143.0,144.0,417,143.16,2377
2026-07-01 12:25:00,143.5,144.0,143.0,144.0,388,143.17,2377
2026-07-01 12:30:00,144.0,144.5,143.5,144.5,361,143.18,2377
2026-07-01 12:35:00,144.5,144.5,143.5,144.5,430,143.2,2377
2026-07-01 12:40:00,144.5,144.5,144.0,144.0,351,143.22,2377
2026-07-01 12:45:00,144.5,144.5,144.0,144.0,408,143.23,2377
2026-07-01 12:50:00,144.5,145.0,144.0,144.5,378,143.25,2377
2026-07-01 12:55:00,144.5,144.5,143.5,144.0,542,143.27,2377
2026-07-01 13:00:00,144.0,144.0,143.0,143.5,487,143.28,2377
2026-07-01 13:05:00,144.0,144.0,143.5,143.5,409,143.28,2377
2026-07-01 13:10:00,144.0,144.5,143.5,143.5,673,143.3,2377
2026-07-01 13:15:00,143.5,144.0,143.5,143.5,419,143.31,2377
2026-07-01 13:20:00,143.5,144.0,142.5,143.5,737,143.31,2377
2026-07-01 13:30:00,145.5,145.5,145.5,145.5,2380,143.47,2377
2026-07-02 09:00:00,142.5,142.5,141.0,142.0,1223,142.04,2377
2026-07-02 09:05:00,142.0,145.0,142.0,144.5,666,142.65,2377
2026-07-02 09:10:00,145.0,146.0,144.0,145.0,882,143.43,2377
2026-07-02 09:15:00,145.5,147.0,145.0,146.0,1174,144.23,2377
2026-07-02 09:20:00,146.0,146.0,145.0,145.5,471,144.38,2377
2026-07-02 09:25:00,145.5,146.0,145.0,145.0,308,144.45,2377
2026-07-02 09:30:00,145.0,145.5,144.0,145.0,523,144.48,2377
2026-07-02 09:35:00,144.5,145.0,144.0,144.0,320,144.47,2377
2026-07-02 09:40:00,144.0,144.5,144.0,144.5,248,144.46,2377
2026-07-02 09:45:00,144.0,144.5,144.0,144.5,125,144.46,2377
2026-07-02 09:50:00,144.5,145.0,144.0,144.0,242,144.46,2377
2026-07-02 09:55:00,144.0,144.5,144.0,144.5,115,144.46,2377
2026-07-02 10:00:00,144.5,145.0,144.5,145.0,164,144.47,2377
2026-07-02 10:05:00,144.5,145.0,144.5,145.0,122,144.47,2377
2026-07-02 10:10:00,145.0,145.0,144.0,144.5,263,144.47,2377
2026-07-02 10:15:00,144.5,145.0,144.0,144.5,213,144.47,2377
2026-07-02 10:20:00,144.0,144.5,144.0,144.5,105,144.47,2377
2026-07-02 10:25:00,144.0,144.5,144.0,144.5,157,144.46,2377
2026-07-02 10:30:00,144.0,144.5,144.0,144.5,108,144.46,2377
2026-07-02 10:35:00,144.5,144.5,144.0,144.5,101,144.46,2377
2026-07-02 10:40:00,144.5,144.5,144.0,144.5,139,144.45,2377
2026-07-02 10:45:00,144.5,145.0,144.0,145.0,218,144.47,2377
2026-07-02 10:50:00,145.0,145.5,144.5,145.0,193,144.48,2377
2026-07-02 10:55:00,145.0,145.5,144.5,145.0,131,144.49,2377
2026-07-02 11:00:00,145.0,145.5,144.5,145.0,160,144.49,2377
2026-07-02 11:05:00,144.5,145.0,144.5,145.0,134,144.5,2377
2026-07-02 11:10:00,145.0,145.0,144.0,144.5,320,144.5,2377
2026-07-02 11:15:00,144.5,144.5,144.0,144.5,96,144.5,2377
2026-07-02 11:20:00,144.0,144.5,144.0,144.5,76,144.5,2377
2026-07-02 11:25:00,144.5,144.5,144.0,144.5,129,144.5,2377
2026-07-02 11:30:00,144.5,145.0,144.0,144.5,154,144.49,2377
2026-07-02 11:35:00,145.0,145.0,144.5,145.0,108,144.5,2377
2026-07-02 11:40:00,145.0,145.0,144.5,145.0,120,144.5,2377
2026-07-02 11:45:00,145.0,145.0,144.0,144.5,134,144.5,2377
2026-07-02 11:50:00,144.5,144.5,144.0,144.5,49,144.5,2377
2026-07-02 11:55:00,144.5,144.5,144.0,144.0,59,144.5,2377
2026-07-02 12:00:00,144.0,144.5,144.0,144.5,201,144.49,2377
2026-07-02 12:05:00,144.5,144.5,144.0,144.0,98,144.49,2377
2026-07-02 12:10:00,144.0,144.5,144.0,144.5,101,144.49,2377
2026-07-02 12:15:00,144.0,144.5,143.5,143.5,194,144.48,2377
2026-07-02 12:20:00,143.5,144.0,143.5,144.0,123,144.47,2377
2026-07-02 12:25:00,143.5,144.0,143.5,143.5,68,144.46,2377
2026-07-02 12:30:00,144.0,144.0,143.5,144.0,84,144.46,2377
2026-07-02 12:35:00,144.0,144.0,143.5,144.0,80,144.45,2377
2026-07-02 12:40:00,144.0,144.0,143.5,144.0,103,144.44,2377
2026-07-02 12:45:00,144.0,144.0,143.5,144.0,101,144.44,2377
2026-07-02 12:50:00,143.5,144.0,143.5,144.0,73,144.43,2377
2026-07-02 12:55:00,144.0,144.0,143.5,144.0,122,144.43,2377
2026-07-02 13:00:00,144.0,144.0,143.5,144.0,128,144.42,2377
2026-07-02 13:05:00,143.5,144.0,143.5,143.5,139,144.41,2377
2026-07-02 13:10:00,143.5,144.0,143.5,144.0,223,144.39,2377
2026-07-02 13:15:00,144.0,144.0,143.5,143.5,317,144.38,2377
2026-07-02 13:20:00,144.0,144.0,143.0,143.5,396,144.35,2377
2026-07-02 13:30:00,143.0,143.0,143.0,143.0,1017,144.25,2377
2026-07-03 09:00:00,142.5,143.0,142.0,142.0,578,142.52,2377
2026-07-03 09:05:00,142.0,142.5,141.5,142.5,325,142.35,2377
2026-07-03 09:10:00,142.5,143.5,142.5,142.5,324,142.53,2377
2026-07-03 09:15:00,143.0,143.0,141.5,142.0,416,142.43,2377
2026-07-03 09:20:00,142.5,142.5,142.0,142.5,124,142.43,2377
2026-07-03 09:25:00,142.5,144.0,142.0,144.0,540,142.54,2377
2026-07-03 09:30:00,144.0,144.5,143.0,144.0,378,142.72,2377
2026-07-03 09:35:00,144.0,144.0,143.5,143.5,190,142.79,2377
2026-07-03 09:40:00,144.0,144.5,143.5,144.5,208,142.87,2377
2026-07-03 09:45:00,144.5,144.5,144.0,144.0,171,142.95,2377
2026-07-03 09:50:00,144.5,144.5,144.0,144.0,173,143.02,2377
2026-07-03 09:55:00,144.5,144.5,144.0,144.5,152,143.08,2377
2026-07-03 10:00:00,144.5,144.5,144.0,144.5,140,143.13,2377
2026-07-03 10:05:00,144.0,144.5,143.5,144.0,261,143.19,2377
2026-07-03 10:10:00,144.0,144.0,143.5,144.0,119,143.21,2377
2026-07-03 10:15:00,144.0,144.0,143.5,144.0,108,143.23,2377
2026-07-03 10:20:00,144.0,144.0,143.5,144.0,112,143.25,2377
2026-07-03 10:25:00,144.0,144.5,143.5,144.0,160,143.28,2377
2026-07-03 10:30:00,144.0,144.0,143.5,144.0,100,143.3,2377
2026-07-03 10:35:00,144.0,144.0,143.5,143.5,155,143.32,2377
2026-07-03 10:40:00,144.0,144.0,143.5,143.5,125,143.33,2377
2026-07-03 10:45:00,144.0,144.0,143.5,144.0,79,143.34,2377
2026-07-03 10:50:00,144.0,144.0,143.5,144.0,132,143.35,2377
2026-07-03 10:55:00,144.0,144.0,143.5,144.0,102,143.37,2377
2026-07-03 11:00:00,143.5,144.0,143.5,144.0,83,143.37,2377
2026-07-03 11:05:00,144.0,144.0,143.5,144.0,74,143.38,2377
2026-07-03 11:10:00,144.0,144.0,143.5,144.0,92,143.39,2377
2026-07-03 11:15:00,144.0,144.0,143.5,144.0,147,143.41,2377
2026-07-03 11:20:00,144.0,144.0,143.5,144.0,61,143.41,2377
2026-07-03 11:25:00,144.0,144.0,143.5,143.5,63,143.42,2377
2026-07-03 11:30:00,144.0,144.0,143.5,144.0,82,143.43,2377
2026-07-03 11:35:00,144.0,144.0,143.5,144.0,73,143.43,2377
2026-07-03 11:40:00,143.5,144.0,143.5,143.5,151,143.44,2377
2026-07-03 11:45:00,144.0,144.0,143.5,143.5,151,143.45,2377
2026-07-03 11:50:00,143.5,144.0,143.0,143.5,174,143.45,2377
2026-07-03 11:55:00,143.5,144.0,143.5,144.0,77,143.45,2377
2026-07-03 12:00:00,144.0,144.0,143.5,144.0,94,143.46,2377
2026-07-03 12:05:00,143.5,144.0,143.5,144.0,77,143.47,2377
2026-07-03 12:10:00,143.5,144.0,143.5,143.5,79,143.47,2377
2026-07-03 12:15:00,144.0,144.0,143.5,144.0,111,143.48,2377
2026-07-03 12:20:00,144.0,144.5,144.0,144.5,116,143.49,2377
2026-07-03 12:25:00,144.5,144.5,144.0,144.5,79,143.5,2377
2026-07-03 12:30:00,144.5,144.5,143.5,144.0,133,143.51,2377
2026-07-03 12:35:00,144.0,144.5,143.5,144.0,141,143.53,2377
2026-07-03 12:40:00,144.5,144.5,144.0,144.0,106,143.54,2377
2026-07-03 12:45:00,144.5,144.5,144.0,144.5,120,143.55,2377
2026-07-03 12:50:00,144.0,144.5,144.0,144.0,107,143.56,2377
2026-07-03 12:55:00,144.5,144.5,144.0,144.0,103,143.57,2377
2026-07-03 13:00:00,144.5,144.5,144.0,144.5,144,143.58,2377
2026-07-03 13:05:00,144.0,144.5,144.0,144.5,107,143.59,2377
2026-07-03 13:10:00,144.0,144.5,144.0,144.0,133,143.6,2377
2026-07-03 13:15:00,144.5,144.5,144.0,144.0,249,143.62,2377
2026-07-03 13:20:00,144.0,144.5,143.5,144.0,250,143.63,2377
2026-07-03 13:30:00,143.0,143.0,143.0,143.0,709,143.58,2377
2026-07-06 09:00:00,144.5,145.0,143.5,143.5,409,144.26,2377
2026-07-06 09:05:00,143.5,144.0,143.0,144.0,201,144.02,2377
2026-07-06 09:10:00,143.5,144.5,143.5,144.0,291,144.02,2377
2026-07-06 09:15:00,144.0,145.5,143.5,145.5,735,144.36,2377
2026-07-06 09:20:00,145.5,146.0,145.0,145.0,603,144.7,2377
2026-07-06 09:25:00,145.0,145.5,144.5,145.0,290,144.72,2377
2026-07-06 09:30:00,144.5,145.0,144.5,145.0,181,144.74,2377
2026-07-06 09:35:00,145.0,145.0,144.5,144.5,157,144.74,2377
2026-07-06 09:40:00,144.5,145.0,144.5,145.0,161,144.74,2377
2026-07-06 09:45:00,145.0,145.0,144.5,144.5,137,144.74,2377
2026-07-06 09:50:00,144.5,145.0,144.0,144.5,199,144.73,2377
2026-07-06 09:55:00,144.0,144.5,144.0,144.0,177,144.7,2377
2026-07-06 10:00:00,144.0,144.5,143.5,144.0,255,144.66,2377
2026-07-06 10:05:00,144.0,144.5,144.0,144.5,131,144.65,2377
2026-07-06 10:10:00,144.5,144.5,143.5,143.5,240,144.62,2377
2026-07-06 10:15:00,143.5,144.0,143.0,143.0,308,144.54,2377
2026-07-06 10:20:00,143.0,144.0,143.0,144.0,150,144.51,2377
2026-07-06 10:25:00,143.5,144.0,143.5,143.5,162,144.48,2377
2026-07-06 10:30:00,143.5,143.5,143.0,143.0,93,144.46,2377
2026-07-06 10:35:00,143.5,143.5,143.0,143.0,97,144.44,2377
2026-07-06 10:40:00,143.0,143.5,142.5,142.5,413,144.34,2377
2026-07-06 10:45:00,143.0,143.0,142.0,143.0,251,144.26,2377
2026-07-06 10:50:00,142.5,143.5,142.5,143.5,373,144.17,2377
2026-07-06 10:55:00,143.5,143.5,143.0,143.5,110,144.16,2377
2026-07-06 11:00:00,143.0,143.5,143.0,143.5,75,144.15,2377
2026-07-06 11:05:00,143.5,144.0,143.0,143.0,80,144.14,2377
2026-07-06 11:10:00,143.5,144.0,143.0,143.5,81,144.13,2377
2026-07-06 11:15:00,143.0,143.5,143.0,143.5,62,144.12,2377
2026-07-06 11:20:00,143.5,144.0,143.5,144.0,97,144.12,2377
2026-07-06 11:25:00,144.0,144.0,143.5,144.0,83,144.11,2377
2026-07-06 11:30:00,144.0,144.0,143.5,144.0,67,144.11,2377
2026-07-06 11:35:00,144.0,144.5,143.5,144.0,174,144.11,2377
2026-07-06 11:40:00,144.0,144.0,143.5,144.0,83,144.11,2377
2026-07-06 11:45:00,144.0,144.5,144.0,144.0,60,144.11,2377
2026-07-06 11:50:00,144.0,144.5,143.5,144.0,87,144.11,2377
2026-07-06 11:55:00,144.0,144.5,144.0,144.5,69,144.11,2377
2026-07-06 12:00:00,143.5,144.5,143.5,144.5,119,144.11,2377
2026-07-06 12:05:00,144.5,144.5,143.5,144.0,87,144.11,2377
2026-07-06 12:10:00,144.0,144.5,143.5,144.0,86,144.11,2377
2026-07-06 12:15:00,144.5,144.5,143.5,144.5,157,144.11,2377
2026-07-06 12:20:00,144.5,144.5,143.5,144.5,103,144.11,2377
2026-07-06 12:25:00,144.5,144.5,143.5,143.5,56,144.11,2377
2026-07-06 12:30:00,144.0,144.5,143.5,144.0,106,144.11,2377
2026-07-06 12:35:00,144.0,144.0,143.5,143.5,100,144.11,2377
2026-07-06 12:40:00,144.0,144.0,143.5,144.0,105,144.11,2377
2026-07-06 12:45:00,144.0,144.0,143.5,143.5,77,144.11,2377
2026-07-06 12:50:00,144.0,144.0,143.5,144.0,100,144.1,2377
2026-07-06 12:55:00,144.0,144.0,143.0,143.0,239,144.09,2377
2026-07-06 13:00:00,143.5,143.5,143.0,143.5,117,144.08,2377
2026-07-06 13:05:00,143.5,144.0,143.0,143.5,351,144.06,2377
2026-07-06 13:10:00,143.5,143.5,143.0,143.5,191,144.04,2377
2026-07-06 13:15:00,143.0,143.5,143.0,143.5,170,144.02,2377
2026-07-06 13:20:00,143.5,144.0,143.0,143.5,299,144.0,2377
2026-07-06 13:30:00,142.5,142.5,142.5,142.5,630,143.91,2377
2026-07-07 09:00:00,143.0,143.5,142.5,143.0,285,143.01,2377
2026-07-07 09:05:00,143.0,143.0,142.0,142.5,296,142.84,2377
2026-07-07 09:10:00,142.5,143.5,142.5,143.0,235,142.93,2377
2026-07-07 09:15:00,143.0,143.5,141.5,142.0,367,142.74,2377
2026-07-07 09:20:00,142.0,142.5,141.5,141.5,203,142.65,2377
2026-07-07 09:25:00,142.0,142.5,141.5,142.0,185,142.59,2377
2026-07-07 09:30:00,142.0,142.5,142.0,142.0,179,142.57,2377
2026-07-07 09:35:00,142.5,143.0,142.0,142.5,98,142.57,2377
2026-07-07 09:40:00,143.0,143.0,142.5,143.0,101,142.59,2377
2026-07-07 09:45:00,143.0,143.0,142.5,143.0,116,142.61,2377
2026-07-07 09:50:00,142.5,143.0,142.5,143.0,79,142.62,2377
2026-07-07 09:55:00,143.0,143.0,142.5,142.5,109,142.63,2377
2026-07-07 10:00:00,142.5,143.0,142.5,143.0,96,142.64,2377
2026-07-07 10:05:00,142.5,143.0,142.5,142.5,84,142.65,2377
2026-07-07 10:10:00,143.0,143.0,142.5,142.5,105,142.66,2377
2026-07-07 10:15:00,142.5,143.0,142.5,143.0,340,142.69,2377
2026-07-07 10:20:00,143.0,143.5,142.0,142.0,349,142.7,2377
2026-07-07 10:25:00,142.5,143.0,142.0,142.5,194,142.7,2377
2026-07-07 10:30:00,142.5,143.0,142.5,142.5,188,142.69,2377
2026-07-07 10:35:00,143.0,143.0,142.5,143.0,68,142.7,2377
2026-07-07 10:40:00,143.0,143.0,142.5,142.5,97,142.7,2377
2026-07-07 10:45:00,142.5,143.0,142.0,142.0,189,142.69,2377
2026-07-07 10:50:00,142.5,142.5,142.0,142.5,96,142.69,2377
2026-07-07 10:55:00,142.5,142.5,141.5,141.5,288,142.64,2377
2026-07-07 11:00:00,141.5,142.0,141.5,141.5,123,142.61,2377
2026-07-07 11:05:00,141.5,142.5,141.5,142.5,152,142.6,2377
2026-07-07 11:10:00,142.0,142.5,141.5,141.5,83,142.58,2377
2026-07-07 11:15:00,142.0,142.0,141.0,141.0,202,142.53,2377
2026-07-07 11:20:00,141.0,141.5,140.0,140.0,472,142.35,2377
2026-07-07 11:25:00,140.0,140.5,139.5,139.5,338,142.2,2377
2026-07-07 11:30:00,139.5,140.0,139.0,139.5,242,142.1,2377
2026-07-07 11:35:00,139.5,140.0,139.5,140.0,84,142.06,2377
2026-07-07 11:40:00,140.0,140.0,139.0,139.0,179,141.99,2377
2026-07-07 11:45:00,139.0,139.5,138.5,139.5,312,141.84,2377
2026-07-07 11:50:00,139.0,139.5,139.0,139.5,66,141.82,2377
2026-07-07 11:55:00,139.0,139.5,138.5,139.0,133,141.76,2377
2026-07-07 12:00:00,139.5,139.5,139.0,139.0,73,141.74,2377
2026-07-07 12:05:00,139.0,139.5,138.5,138.5,117,141.69,2377
2026-07-07 12:10:00,138.5,139.0,137.5,137.5,505,141.45,2377
2026-07-07 12:15:00,137.5,138.0,137.5,138.0,262,141.32,2377
2026-07-07 12:20:00,137.5,138.0,137.0,137.0,308,141.17,2377
2026-07-07 12:25:00,137.5,138.0,137.0,138.0,412,140.98,2377
2026-07-07 12:30:00,137.5,138.5,137.5,138.0,164,140.92,2377
2026-07-07 12:35:00,137.5,138.5,137.5,138.5,166,140.87,2377
2026-07-07 12:40:00,138.0,138.5,137.5,138.0,149,140.82,2377
2026-07-07 12:45:00,138.0,138.0,137.0,137.0,236,140.73,2377
2026-07-07 12:50:00,137.0,137.5,137.0,137.5,287,140.62,2377
2026-07-07 12:55:00,137.0,137.5,137.0,137.5,106,140.58,2377
2026-07-07 13:00:00,137.5,138.0,137.0,137.0,209,140.52,2377
2026-07-07 13:05:00,137.5,137.5,136.5,136.5,254,140.42,2377
2026-07-07 13:10:00,136.5,137.0,136.0,136.5,491,140.24,2377
2026-07-07 13:15:00,136.5,137.0,136.0,136.5,273,140.14,2377
2026-07-07 13:20:00,136.5,137.0,136.5,136.5,222,140.07,2377
2026-07-07 13:30:00,137.0,137.0,137.0,137.0,544,139.92,2377
2026-07-08 09:00:00,138.5,146.0,138.5,144.0,2931,142.93,2377
2026-07-08 09:05:00,144.0,145.5,143.5,144.0,2369,143.57,2377
2026-07-08 09:10:00,144.0,147.0,144.0,145.0,3699,144.37,2377
2026-07-08 09:15:00,145.5,146.0,145.0,145.0,665,144.44,2377
2026-07-08 09:20:00,145.5,146.5,145.0,146.5,1979,144.68,2377
2026-07-08 09:25:00,146.5,146.5,144.0,144.5,1082,144.77,2377
2026-07-08 09:30:00,144.0,144.5,142.5,143.0,1037,144.67,2377
2026-07-08 09:35:00,143.0,144.0,143.0,143.5,453,144.62,2377
2026-07-08 09:40:00,144.0,144.5,143.5,143.5,464,144.6,2377
2026-07-08 09:45:00,143.5,144.5,143.5,144.5,177,144.59,2377
2026-07-08 09:50:00,144.5,144.5,143.0,143.0,495,144.57,2377
2026-07-08 09:55:00,143.0,143.5,142.5,143.0,306,144.54,2377
2026-07-08 10:00:00,143.0,143.0,142.0,143.0,544,144.46,2377
2026-07-08 10:05:00,142.5,142.5,142.0,142.0,298,144.42,2377
2026-07-08 10:10:00,142.0,143.0,142.0,143.0,169,144.4,2377
2026-07-08 10:15:00,143.0,143.5,142.5,143.0,162,144.39,2377
2026-07-08 10:20:00,143.0,143.5,143.0,143.0,66,144.39,2377
2026-07-08 10:25:00,143.5,143.5,143.0,143.5,69,144.38,2377
2026-07-08 10:30:00,143.0,143.0,142.5,143.0,166,144.37,2377
2026-07-08 10:35:00,143.0,143.0,142.5,143.0,54,144.36,2377
2026-07-08 10:40:00,143.0,143.0,142.5,143.0,55,144.36,2377
2026-07-08 10:45:00,143.0,143.0,142.5,143.0,143,144.35,2377
2026-07-08 10:50:00,143.0,143.0,142.5,142.5,181,144.33,2377
2026-07-08 10:55:00,142.5,142.5,142.0,142.5,73,144.32,2377
2026-07-08 11:00:00,142.0,143.0,142.0,143.0,92,144.31,2377
2026-07-08 11:05:00,143.0,143.0,142.5,143.0,53,144.31,2377
2026-07-08 11:10:00,143.0,143.0,142.0,142.5,99,144.3,2377
2026-07-08 11:15:00,142.5,143.0,142.0,143.0,63,144.29,2377
2026-07-08 11:20:00,143.0,143.0,142.5,142.5,54,144.29,2377
2026-07-08 11:25:00,143.0,143.0,142.5,142.5,37,144.28,2377
2026-07-08 11:30:00,142.5,143.0,142.5,142.5,65,144.28,2377
2026-07-08 11:35:00,142.5,143.0,142.5,143.0,67,144.27,2377
2026-07-08 11:40:00,143.0,143.0,142.0,142.5,165,144.25,2377
2026-07-08 11:45:00,142.5,142.5,141.5,142.0,498,144.2,2377
2026-07-08 11:50:00,142.0,142.0,141.5,141.5,66,144.19,2377
2026-07-08 11:55:00,142.0,142.0,141.5,141.5,30,144.19,2377
2026-07-08 12:00:00,141.5,142.0,141.5,142.0,62,144.18,2377
2026-07-08 12:05:00,142.0,142.0,141.0,141.5,205,144.15,2377
2026-07-08 12:10:00,141.0,141.5,141.0,141.0,55,144.14,2377
2026-07-08 12:15:00,141.0,141.5,141.0,141.5,74,144.13,2377
2026-07-08 12:20:00,141.0,142.0,141.0,142.0,185,144.11,2377
2026-07-08 12:25:00,142.0,142.5,142.0,142.5,195,144.09,2377
2026-07-08 12:30:00,142.5,142.5,142.0,142.0,51,144.08,2377
2026-07-08 12:35:00,142.0,142.5,141.5,141.5,159,144.07,2377
2026-07-08 12:40:00,142.0,142.0,141.5,141.5,44,144.06,2377
2026-07-08 12:45:00,141.5,142.0,141.5,141.5,43,144.06,2377
2026-07-08 12:50:00,141.5,142.5,141.5,142.5,262,144.03,2377
2026-07-08 12:55:00,142.0,142.0,141.5,141.5,196,144.01,2377
2026-07-08 13:00:00,141.5,142.0,141.0,141.5,253,143.98,2377
2026-07-08 13:05:00,142.0,142.5,141.5,142.5,352,143.94,2377
2026-07-08 13:10:00,142.5,142.5,142.0,142.5,67,143.94,2377
2026-07-08 13:15:00,142.0,142.5,142.0,142.5,285,143.91,2377
2026-07-08 13:20:00,142.5,143.0,142.0,142.0,648,143.87,2377
2026-07-08 13:30:00,142.0,142.0,142.0,142.0,1006,143.79,2377
2026-07-09 09:00:00,143.5,145.5,141.5,144.0,1769,143.84,2377
2026-07-09 09:05:00,144.0,146.0,144.0,145.5,1254,144.54,2377
2026-07-09 09:10:00,145.5,146.0,145.0,145.0,702,144.72,2377
2026-07-09 09:15:00,145.0,146.0,144.5,145.0,732,144.8,2377
2026-07-09 09:20:00,145.0,147.0,144.5,147.0,1757,145.15,2377
2026-07-09 09:25:00,146.5,147.0,145.5,146.0,913,145.32,2377
2026-07-09 09:30:00,146.0,146.0,145.5,146.0,188,145.33,2377
2026-07-09 09:35:00,146.0,147.0,146.0,147.0,597,145.41,2377
2026-07-09 09:40:00,147.0,147.0,146.0,146.5,650,145.49,2377
2026-07-09 09:45:00,146.5,147.0,146.5,146.5,193,145.52,2377
2026-07-09 09:50:00,146.5,147.5,146.5,146.5,2192,145.83,2377
2026-07-09 09:55:00,146.5,147.0,145.5,145.5,395,145.84,2377
2026-07-09 10:00:00,146.0,146.5,145.5,145.5,393,145.84,2377
2026-07-09 10:05:00,145.5,146.0,145.5,145.5,66,145.84,2377
2026-07-09 10:10:00,146.0,146.0,145.0,145.5,275,145.83,2377
2026-07-09 10:15:00,145.0,146.0,145.0,145.5,151,145.82,2377
2026-07-09 10:20:00,146.0,146.0,145.0,145.5,220,145.82,2377
2026-07-09 10:25:00,146.0,146.0,145.0,145.5,97,145.81,2377
2026-07-09 10:30:00,145.0,145.5,144.5,144.5,417,145.79,2377
2026-07-09 10:35:00,144.5,145.0,144.5,145.0,131,145.78,2377
2026-07-09 10:40:00,145.0,145.0,144.5,144.5,78,145.77,2377
2026-07-09 10:45:00,144.5,145.0,144.0,144.0,795,145.7,2377
2026-07-09 10:50:00,144.0,144.5,144.0,144.5,323,145.66,2377
2026-07-09 10:55:00,144.0,144.5,144.0,144.5,81,145.66,2377
2026-07-09 11:00:00,144.0,144.5,144.0,144.0,45,145.65,2377
2026-07-09 11:05:00,144.0,144.5,144.0,144.5,30,145.65,2377
2026-07-09 11:10:00,144.5,144.5,144.0,144.5,71,145.64,2377
2026-07-09 11:15:00,144.0,144.0,143.5,143.5,770,145.55,2377
2026-07-09 11:20:00,143.5,144.5,143.5,144.5,255,145.52,2377
2026-07-09 11:25:00,144.5,145.0,144.5,145.0,108,145.51,2377
2026-07-09 11:30:00,145.0,145.0,144.5,145.0,33,145.51,2377
2026-07-09 11:35:00,145.0,145.0,144.5,145.0,34,145.51,2377
2026-07-09 11:40:00,144.5,145.0,144.5,144.5,47,145.51,2377
2026-07-09 11:45:00,145.0,145.0,144.5,145.0,112,145.5,2377
2026-07-09 11:50:00,145.0,145.0,144.5,145.0,121,145.5,2377
2026-07-09 11:55:00,145.0,145.0,144.5,145.0,137,145.49,2377
2026-07-09 12:00:00,145.0,145.0,144.5,145.0,69,145.49,2377
2026-07-09 12:05:00,145.0,145.0,144.5,145.0,120,145.49,2377
2026-07-09 12:10:00,145.0,145.0,144.5,144.5,65,145.49,2377
2026-07-09 12:15:00,145.0,145.0,144.0,144.5,408,145.46,2377
2026-07-09 12:20:00,144.5,144.5,144.0,144.5,69,145.46,2377
2026-07-09 12:25:00,144.5,144.5,143.5,144.0,259,145.44,2377
2026-07-09 12:30:00,144.0,144.5,143.5,144.0,126,145.43,2377
2026-07-09 12:35:00,144.0,144.5,144.0,144.5,92,145.42,2377
2026-07-09 12:40:00,144.5,144.5,144.0,144.5,37,145.41,2377
2026-07-09 12:45:00,144.5,144.5,144.0,144.5,79,145.41,2377
2026-07-09 12:50:00,144.0,144.5,144.0,144.0,51,145.41,2377
2026-07-09 12:55:00,144.0,144.5,144.0,144.5,72,145.4,2377
2026-07-09 13:00:00,144.5,144.5,144.0,144.5,68,145.4,2377
2026-07-09 13:05:00,144.5,144.5,144.0,144.0,348,145.37,2377
2026-07-09 13:10:00,144.5,144.5,144.0,144.0,164,145.36,2377
2026-07-09 13:15:00,144.0,144.5,144.0,144.0,252,145.34,2377
2026-07-09 13:20:00,144.5,145.0,144.0,144.5,482,145.32,2377
2026-07-09 13:30:00,145.0,145.0,145.0,145.0,719,145.31,2377
2026-07-13 09:00:00,146.0,149.5,144.5,149.0,3133,147.14,2377
2026-07-13 09:05:00,149.0,149.5,147.5,148.0,1343,147.58,2377
2026-07-13 09:10:00,148.0,149.0,147.5,149.0,818,147.68,2377
2026-07-13 09:15:00,148.5,153.0,148.5,152.5,6396,149.53,2377
2026-07-13 09:20:00,152.5,153.0,149.0,149.5,2009,149.8,2377
2026-07-13 09:25:00,149.5,150.0,148.5,149.0,528,149.77,2377
2026-07-13 09:30:00,149.5,150.0,148.5,149.0,928,149.73,2377
2026-07-13 09:35:00,149.0,149.5,148.5,149.0,319,149.72,2377
2026-07-13 09:40:00,149.0,149.5,148.0,148.0,521,149.68,2377
2026-07-13 09:45:00,148.0,148.5,148.0,148.5,475,149.63,2377
2026-07-13 09:50:00,148.5,148.5,147.5,147.5,460,149.58,2377
2026-07-13 09:55:00,147.5,148.5,147.5,148.5,259,149.56,2377
2026-07-13 10:00:00,148.5,149.0,148.0,148.0,588,149.53,2377
2026-07-13 10:05:00,148.5,148.5,148.0,148.5,118,149.52,2377
2026-07-13 10:10:00,148.5,148.5,148.0,148.5,181,149.51,2377
2026-07-13 10:15:00,148.5,148.5,147.5,148.0,496,149.47,2377
2026-07-13 10:20:00,148.0,148.5,148.0,148.5,137,149.46,2377
2026-07-13 10:25:00,148.5,149.0,148.5,149.0,204,149.46,2377
2026-07-13 10:30:00,149.0,149.5,148.5,149.0,333,149.45,2377
2026-07-13 10:35:00,148.5,149.5,148.5,149.0,156,149.44,2377
2026-07-13 10:40:00,149.0,149.5,148.5,149.0,152,149.44,2377
2026-07-13 10:45:00,149.0,149.5,148.5,149.0,168,149.44,2377
2026-07-13 10:50:00,149.0,149.5,148.5,149.0,253,149.43,2377
2026-07-13 10:55:00,149.0,149.5,148.5,149.0,253,149.43,2377
2026-07-13 11:00:00,149.0,149.5,148.0,148.5,364,149.42,2377
2026-07-13 11:05:00,148.5,148.5,148.0,148.5,90,149.41,2377
2026-07-13 11:10:00,148.5,149.0,148.0,148.5,215,149.4,2377
2026-07-13 11:15:00,149.0,149.0,148.0,148.5,285,149.39,2377
2026-07-13 11:20:00,148.0,148.5,148.0,148.5,85,149.38,2377
2026-07-13 11:25:00,148.5,148.5,148.0,148.5,63,149.38,2377
2026-07-13 11:30:00,148.5,148.5,147.5,148.0,413,149.36,2377
2026-07-13 11:35:00,148.5,148.5,147.5,148.0,145,149.35,2377
2026-07-13 11:40:00,148.0,148.0,147.5,147.5,43,149.35,2377
2026-07-13 11:45:00,148.0,148.0,147.5,148.0,99,149.34,2377
2026-07-13 11:50:00,148.0,148.0,147.5,147.5,165,149.33,2377
2026-07-13 11:55:00,147.5,148.0,147.5,148.0,129,149.32,2377
2026-07-13 12:00:00,148.0,148.0,147.0,147.0,408,149.28,2377
2026-07-13 12:05:00,147.0,147.5,146.5,146.5,351,149.24,2377
2026-07-13 12:10:00,146.5,147.0,146.5,146.5,424,149.19,2377
2026-07-13 12:15:00,146.5,147.0,146.5,147.0,120,149.18,2377
2026-07-13 12:20:00,147.0,148.0,146.5,147.0,305,149.16,2377
2026-07-13 12:25:00,147.5,147.5,147.0,147.5,122,149.15,2377
2026-07-13 12:30:00,147.5,147.5,147.0,147.5,126,149.14,2377
2026-07-13 12:35:00,147.5,147.5,147.0,147.5,132,149.13,2377
2026-07-13 12:40:00,147.5,148.0,147.0,147.5,174,149.12,2377
2026-07-13 12:45:00,148.0,148.0,147.0,147.0,80,149.11,2377
2026-07-13 12:50:00,147.0,147.5,147.0,147.0,139,149.1,2377
2026-07-13 12:55:00,147.0,147.5,147.0,147.5,104,149.09,2377
2026-07-13 13:00:00,147.5,148.0,147.0,147.5,220,149.08,2377
2026-07-13 13:05:00,147.5,148.0,147.5,147.5,100,149.07,2377
2026-07-13 13:10:00,148.0,149.0,147.5,149.0,723,149.05,2377
2026-07-13 13:15:00,149.0,149.0,148.5,149.0,498,149.04,2377
2026-07-13 13:20:00,149.0,149.5,148.5,149.0,1375,149.04,2377
2026-07-13 13:30:00,149.5,149.5,149.5,149.5,1666,149.06,2377
2026-07-14 09:00:00,148.0,148.0,146.5,146.5,1075,147.37,2377
2026-07-14 09:05:00,147.0,147.0,145.0,145.5,829,146.67,2377
2026-07-14 09:10:00,145.5,145.5,143.0,143.5,1333,145.6,2377
2026-07-14 09:15:00,143.0,145.5,143.0,145.0,914,145.26,2377
2026-07-14 09:20:00,145.0,145.5,144.0,144.5,257,145.21,2377
2026-07-14 09:25:00,144.5,145.0,144.0,144.5,306,145.16,2377
2026-07-14 09:30:00,144.0,144.0,143.5,143.5,293,145.09,2377
2026-07-14 09:35:00,144.0,144.5,143.5,144.5,175,145.05,2377
2026-07-14 09:40:00,144.0,144.5,143.5,144.0,261,144.99,2377
2026-07-14 09:45:00,144.0,144.0,143.5,143.5,100,144.97,2377
2026-07-14 09:50:00,143.5,143.5,143.0,143.5,385,144.87,2377
2026-07-14 09:55:00,143.5,143.5,142.0,142.5,781,144.63,2377
2026-07-14 10:00:00,142.5,143.5,142.0,143.5,210,144.57,2377
2026-07-14 10:05:00,143.0,143.5,143.0,143.0,123,144.54,2377
2026-07-14 10:10:00,143.0,143.5,142.0,142.5,299,144.47,2377
2026-07-14 10:15:00,142.0,142.5,141.5,141.5,574,144.28,2377
2026-07-14 10:20:00,141.5,143.0,141.5,142.5,213,144.22,2377
2026-07-14 10:25:00,142.0,142.5,142.0,142.5,135,144.19,2377
2026-07-14 10:30:00,142.0,143.0,142.0,143.0,177,144.15,2377
2026-07-14 10:35:00,142.5,143.0,142.5,143.0,51,144.15,2377
2026-07-14 10:40:00,143.0,143.0,142.5,143.0,75,144.13,2377
2026-07-14 10:45:00,143.0,143.5,142.5,143.0,132,144.12,2377
2026-07-14 10:50:00,142.5,143.0,142.0,142.5,112,144.1,2377
2026-07-14 10:55:00,142.5,143.0,142.0,142.5,106,144.08,2377
2026-07-14 11:00:00,142.0,142.5,141.5,141.5,210,144.03,2377
2026-07-14 11:05:00,142.0,142.0,141.5,142.0,87,144.01,2377
2026-07-14 11:10:00,142.0,142.0,141.0,141.0,270,143.94,2377
2026-07-14 11:15:00,141.0,141.5,140.5,141.0,379,143.82,2377
2026-07-14 11:20:00,141.0,141.5,140.5,141.0,221,143.76,2377
2026-07-14 11:25:00,141.0,142.0,141.0,142.0,67,143.74,2377
2026-07-14 11:30:00,142.0,142.0,141.5,142.0,31,143.73,2377
2026-07-14 11:35:00,142.0,142.0,141.5,141.5,56,143.72,2377
2026-07-14 11:40:00,142.0,142.5,141.5,142.0,153,143.7,2377
2026-07-14 11:45:00,142.5,142.5,142.0,142.0,33,143.69,2377
2026-07-14 11:50:00,142.5,143.0,142.0,143.0,145,143.68,2377
2026-07-14 11:55:00,143.0,143.5,143.0,143.5,199,143.67,2377
2026-07-14 12:00:00,143.5,143.5,143.0,143.5,34,143.67,2377
2026-07-14 12:05:00,143.5,143.5,142.5,143.0,165,143.66,2377
2026-07-14 12:10:00,143.0,143.0,142.5,143.0,19,143.66,2377
2026-07-14 12:15:00,143.0,143.0,142.5,143.0,32,143.65,2377
2026-07-14 12:20:00,142.5,143.0,142.5,143.0,24,143.65,2377
2026-07-14 12:25:00,143.0,143.0,142.5,143.0,31,143.65,2377
2026-07-14 12:30:00,143.0,143.5,142.5,143.5,106,143.64,2377
2026-07-14 12:35:00,143.5,143.5,143.0,143.5,44,143.64,2377
2026-07-14 12:40:00,143.5,143.5,143.0,143.0,176,143.64,2377
2026-07-14 12:45:00,143.5,144.0,143.5,144.0,264,143.64,2377
2026-07-14 12:50:00,144.0,144.5,143.5,143.5,252,143.65,2377
2026-07-14 12:55:00,143.5,144.0,143.5,144.0,62,143.65,2377
2026-07-14 13:00:00,143.5,144.5,143.5,144.5,203,143.66,2377
2026-07-14 13:05:00,144.5,145.0,144.0,144.5,298,143.68,2377
2026-07-14 13:10:00,145.0,145.0,144.5,145.0,138,143.69,2377
2026-07-14 13:15:00,145.0,145.0,144.5,145.0,309,143.72,2377
2026-07-14 13:20:00,145.0,146.0,145.0,146.0,541,143.79,2377
2026-07-14 13:30:00,147.0,147.0,147.0,147.0,763,143.96,2377
2026-07-15 09:00:00,149.0,149.5,147.0,148.0,1170,148.58,2377
2026-07-15 09:05:00,148.0,148.0,146.0,146.0,504,148.05,2377
2026-07-15 09:10:00,146.0,147.0,146.0,146.5,320,147.79,2377
2026-07-15 09:15:00,146.5,147.0,146.5,147.0,162,147.7,2377
2026-07-15 09:20:00,146.5,147.0,146.0,146.5,175,147.61,2377
2026-07-15 09:25:00,147.0,147.0,146.0,146.0,166,147.53,2377
2026-07-15 09:30:00,146.5,146.5,145.5,146.0,326,147.35,2377
2026-07-15 09:35:00,145.5,146.0,145.0,145.5,337,147.14,2377
2026-07-15 09:40:00,145.5,146.0,144.5,145.0,383,146.92,2377
2026-07-15 09:45:00,144.5,145.0,144.0,145.0,314,146.72,2377
2026-07-15 09:50:00,144.5,145.0,144.5,145.0,221,146.6,2377
2026-07-15 09:55:00,145.0,145.5,144.5,145.0,138,146.55,2377
2026-07-15 10:00:00,145.0,145.5,144.5,145.0,132,146.5,2377
2026-07-15 10:05:00,145.0,146.0,145.0,145.5,126,146.47,2377
2026-07-15 10:10:00,145.5,146.0,145.5,145.5,149,146.45,2377
2026-07-15 10:15:00,145.5,146.0,145.5,145.5,64,146.44,2377
2026-07-15 10:20:00,146.0,146.0,145.0,145.0,66,146.43,2377
2026-07-15 10:25:00,145.5,145.5,145.0,145.0,68,146.41,2377
2026-07-15 10:30:00,145.0,145.5,145.0,145.5,64,146.4,2377
2026-07-15 10:35:00,145.5,145.5,145.0,145.5,82,146.38,2377
2026-07-15 10:40:00,145.5,145.5,145.0,145.5,52,146.37,2377
2026-07-15 10:45:00,145.5,146.0,145.5,146.0,68,146.36,2377
2026-07-15 10:50:00,145.5,146.0,145.5,146.0,53,146.35,2377
2026-07-15 10:55:00,146.0,146.0,145.5,146.0,58,146.35,2377
2026-07-15 11:00:00,145.5,146.0,145.5,145.5,87,146.33,2377
2026-07-15 11:05:00,145.5,146.0,145.0,145.5,98,146.32,2377
2026-07-15 11:10:00,145.0,145.5,145.0,145.5,47,146.31,2377
2026-07-15 11:15:00,145.0,145.5,144.5,145.0,261,146.25,2377
2026-07-15 11:20:00,145.0,145.5,144.5,145.5,122,146.22,2377
2026-07-15 11:25:00,145.5,145.5,145.0,145.0,67,146.21,2377
2026-07-15 11:30:00,145.5,145.5,145.0,145.5,46,146.2,2377
2026-07-15 11:35:00,145.0,145.5,145.0,145.0,71,146.19,2377
2026-07-15 11:40:00,145.0,145.5,145.0,145.5,49,146.18,2377
2026-07-15 11:45:00,145.0,145.5,145.0,145.5,31,146.18,2377
2026-07-15 11:50:00,145.0,145.5,145.0,145.0,173,146.14,2377
2026-07-15 11:55:00,145.0,145.5,145.0,145.0,50,146.14,2377
2026-07-15 12:00:00,145.5,145.5,145.0,145.0,26,146.13,2377
2026-07-15 12:05:00,145.5,145.5,145.0,145.0,63,146.12,2377
2026-07-15 12:10:00,145.0,145.5,145.0,145.0,112,146.1,2377
2026-07-15 12:15:00,145.0,145.5,145.0,145.0,70,146.09,2377
2026-07-15 12:20:00,145.0,145.5,145.0,145.0,36,146.09,2377
2026-07-15 12:25:00,145.5,145.5,145.0,145.0,45,146.08,2377
2026-07-15 12:30:00,145.5,147.5,145.0,147.5,1011,146.11,2377
2026-07-15 12:35:00,147.5,147.5,147.0,147.5,281,146.16,2377
2026-07-15 12:40:00,147.5,148.5,147.0,148.5,575,146.28,2377
2026-07-15 12:45:00,148.5,148.5,148.0,148.5,447,146.39,2377
2026-07-15 12:50:00,148.5,148.5,148.0,148.5,244,146.44,2377
2026-07-15 12:55:00,148.5,148.5,148.0,148.5,249,146.5,2377
2026-07-15 13:00:00,148.5,149.0,148.0,149.0,377,146.58,2377
2026-07-15 13:05:00,149.0,149.0,148.5,149.0,323,146.65,2377
2026-07-15 13:10:00,149.0,149.0,148.5,149.0,366,146.73,2377
2026-07-15 13:15:00,149.0,149.0,148.0,148.5,608,146.84,2377
2026-07-15 13:20:00,148.5,148.5,148.0,148.5,297,146.88,2377
2026-07-15 13:30:00,148.5,148.5,148.5,148.5,533,146.95,2377
2026-07-16 09:00:00,148.0,148.0,146.0,147.0,714,147.08,2377
2026-07-16 09:05:00,147.0,147.0,145.5,146.5,501,146.69,2377
2026-07-16 09:10:00,146.5,147.0,145.5,146.0,285,146.58,2377
2026-07-16 09:15:00,146.5,146.5,146.0,146.0,123,146.54,2377
2026-07-16 09:20:00,146.5,146.5,146.0,146.0,98,146.51,2377
2026-07-16 09:25:00,146.0,146.5,145.5,146.0,251,146.44,2377
2026-07-16 09:30:00,146.0,146.5,146.0,146.0,96,146.43,2377
2026-07-16 09:35:00,146.0,146.5,146.0,146.0,125,146.43,2377
2026-07-16 09:40:00,146.5,147.0,146.0,146.5,158,146.43,2377
2026-07-16 09:45:00,146.5,147.0,146.0,146.5,71,146.43,2377
2026-07-16 09:50:00,146.5,147.0,146.5,147.0,123,146.44,2377
2026-07-16 09:55:00,147.0,147.0,146.0,146.5,152,146.45,2377
2026-07-16 10:00:00,146.0,146.5,145.5,145.5,294,146.4,2377
2026-07-16 10:05:00,146.0,146.0,145.0,145.5,288,146.33,2377
2026-07-16 10:10:00,145.0,145.5,145.0,145.5,82,146.3,2377
2026-07-16 10:15:00,145.5,146.0,145.0,146.0,71,146.28,2377
2026-07-16 10:20:00,145.5,146.0,145.5,146.0,45,146.28,2377
2026-07-16 10:25:00,146.0,146.5,145.5,146.5,89,146.27,2377
2026-07-16 10:30:00,146.0,146.5,146.0,146.0,45,146.27,2377
2026-07-16 10:35:00,146.5,146.5,146.0,146.5,46,146.27,2377
2026-07-16 10:40:00,146.5,146.5,146.0,146.5,54,146.27,2377
2026-07-16 10:45:00,146.5,146.5,146.0,146.5,37,146.27,2377
2026-07-16 10:50:00,146.5,146.5,146.0,146.5,53,146.27,2377
2026-07-16 10:55:00,146.5,147.5,146.0,147.5,403,146.35,2377
2026-07-16 11:00:00,147.5,147.5,147.0,147.5,60,146.37,2377
2026-07-16 11:05:00,147.5,147.5,147.0,147.5,32,146.37,2377
2026-07-16 11:10:00,147.5,147.5,147.0,147.5,100,146.4,2377
2026-07-16 11:15:00,147.0,147.5,146.5,146.5,196,146.43,2377
2026-07-16 11:20:00,147.0,147.0,146.5,147.0,82,146.43,2377
2026-07-16 11:25:00,146.5,147.0,146.5,146.5,55,146.43,2377
2026-07-16 11:30:00,146.5,147.0,146.5,147.0,72,146.44,2377
2026-07-16 11:35:00,147.0,147.0,146.5,146.5,46,146.44,2377
2026-07-16 11:40:00,146.5,147.0,146.5,147.0,27,146.45,2377
2026-07-16 11:45:00,146.5,147.0,146.5,146.5,23,146.45,2377
2026-07-16 11:50:00,147.0,147.0,146.5,147.0,29,146.45,2377
2026-07-16 11:55:00,147.0,147.0,146.5,147.0,47,146.45,2377
2026-07-16 12:00:00,146.5,147.0,146.5,147.0,33,146.46,2377
2026-07-16 12:05:00,147.0,147.5,146.5,147.0,115,146.47,2377
2026-07-16 12:10:00,147.0,147.5,147.0,147.5,101,146.49,2377
2026-07-16 12:15:00,147.0,147.5,146.5,146.5,100,146.49,2377
2026-07-16 12:20:00,147.0,147.0,146.5,146.5,122,146.5,2377
2026-07-16 12:25:00,147.0,147.0,146.5,146.5,54,146.5,2377
2026-07-16 12:30:00,146.5,147.0,146.5,146.5,75,146.5,2377
2026-07-16 12:35:00,146.5,146.5,146.0,146.0,50,146.5,2377
2026-07-16 12:40:00,146.0,146.5,146.0,146.0,63,146.49,2377
2026-07-16 12:45:00,146.0,146.0,145.5,145.5,273,146.47,2377
2026-07-16 12:50:00,145.5,146.0,145.5,146.0,57,146.46,2377
2026-07-16 12:55:00,146.0,146.0,145.5,145.5,151,146.44,2377
2026-07-16 13:00:00,145.5,146.0,145.5,145.5,81,146.43,2377
2026-07-16 13:05:00,145.5,145.5,145.0,145.5,240,146.39,2377
2026-07-16 13:10:00,145.5,146.0,145.0,145.5,287,146.36,2377
2026-07-16 13:15:00,145.5,146.0,145.5,145.5,187,146.34,2377
2026-07-16 13:20:00,146.0,146.0,145.0,146.0,457,146.29,2377
2026-07-16 13:30:00,145.0,145.0,145.0,145.0,1091,146.13,2377
2026-07-17 09:00:00,142.0,143.0,141.0,142.0,890,141.93,2377
2026-07-17 09:05:00,142.0,143.0,141.5,143.0,469,142.13,2377
2026-07-17 09:10:00,143.0,145.0,143.0,144.5,684,142.77,2377
2026-07-17 09:15:00,144.5,145.5,144.5,145.0,681,143.34,2377
2026-07-17 09:20:00,145.0,146.0,144.5,146.0,405,143.62,2377
2026-07-17 09:25:00,146.0,146.5,145.5,145.5,519,143.93,2377
2026-07-17 09:30:00,145.5,145.5,144.0,144.0,370,144.0,2377
2026-07-17 09:35:00,144.0,144.5,143.5,144.0,322,144.0,2377
2026-07-17 09:40:00,144.0,144.0,143.5,144.0,152,144.0,2377
2026-07-17 09:45:00,144.0,144.0,143.0,144.0,351,143.96,2377
2026-07-17 09:50:00,144.0,144.0,143.5,144.0,96,143.96,2377
2026-07-17 09:55:00,144.0,145.0,144.0,145.0,229,143.99,2377
2026-07-17 10:00:00,145.0,145.0,144.0,144.0,106,144.0,2377
2026-07-17 10:05:00,144.5,144.5,143.5,144.0,142,144.0,2377
2026-07-17 10:10:00,144.0,144.0,143.0,143.0,210,143.98,2377
2026-07-17 10:15:00,143.0,143.5,142.5,142.5,481,143.88,2377
2026-07-17 10:20:00,143.0,143.0,142.0,142.5,209,143.84,2377
2026-07-17 10:25:00,142.0,142.5,141.5,142.0,323,143.75,2377
2026-07-17 10:30:00,142.0,142.0,141.5,141.5,156,143.7,2377
2026-07-17 10:35:00,142.0,142.0,141.5,142.0,147,143.66,2377
2026-07-17 10:40:00,141.5,142.5,141.5,142.5,112,143.64,2377
2026-07-17 10:45:00,142.5,143.0,142.0,142.5,151,143.61,2377
2026-07-17 10:50:00,142.5,142.5,141.5,142.5,319,143.55,2377
2026-07-17 10:55:00,142.0,142.5,141.5,142.5,108,143.52,2377
2026-07-17 11:00:00,142.5,143.0,142.0,142.5,100,143.51,2377
2026-07-17 11:05:00,143.0,143.0,142.5,142.5,97,143.5,2377
2026-07-17 11:10:00,143.0,143.0,142.0,142.5,192,143.48,2377
2026-07-17 11:15:00,142.0,142.5,142.0,142.5,94,143.46,2377
2026-07-17 11:20:00,142.5,143.0,142.0,143.0,73,143.45,2377
2026-07-17 11:25:00,143.0,143.0,142.5,143.0,72,143.45,2377
2026-07-17 11:30:00,143.0,143.0,142.5,142.5,165,143.43,2377
2026-07-17 11:35:00,142.5,142.5,142.0,142.5,62,143.42,2377
2026-07-17 11:40:00,142.0,142.5,141.5,142.0,220,143.39,2377
2026-07-17 11:45:00,142.0,142.0,141.0,141.5,243,143.34,2377
2026-07-17 11:50:00,141.0,141.5,141.0,141.0,142,143.3,2377
2026-07-17 11:55:00,141.0,141.5,140.5,140.5,586,143.15,2377
2026-07-17 12:00:00,140.5,141.0,140.5,140.5,188,143.1,2377
2026-07-17 12:05:00,140.5,140.5,140.0,140.0,171,143.05,2377
2026-07-17 12:10:00,140.0,140.5,140.0,140.5,238,142.99,2377
2026-07-17 12:15:00,140.5,140.5,140.0,140.5,133,142.95,2377
2026-07-17 12:20:00,140.0,140.5,139.0,139.0,413,142.82,2377
2026-07-17 12:25:00,139.0,139.5,138.5,139.0,311,142.72,2377
2026-07-17 12:30:00,139.5,139.5,139.0,139.5,131,142.68,2377
2026-07-17 12:35:00,139.5,140.0,139.0,139.0,203,142.62,2377
2026-07-17 12:40:00,139.0,139.5,138.5,139.0,415,142.49,2377
2026-07-17 12:45:00,139.0,139.5,139.0,139.0,92,142.46,2377
2026-07-17 12:50:00,139.0,139.5,139.0,139.0,117,142.43,2377
2026-07-17 12:55:00,139.0,139.5,139.0,139.0,286,142.35,2377
2026-07-17 13:00:00,139.0,139.0,137.5,138.0,581,142.17,2377
2026-07-17 13:05:00,138.0,138.5,137.5,138.5,318,142.07,2377
2026-07-17 13:10:00,138.0,139.0,138.0,139.0,237,142.0,2377
2026-07-17 13:15:00,138.5,139.5,138.5,139.0,242,141.95,2377
2026-07-17 13:20:00,139.0,139.5,138.5,139.0,547,141.84,2377
2026-07-17 13:30:00,141.5,141.5,141.5,141.5,1312,141.81,2377
2026-07-20 09:00:00,142.0,142.5,140.0,140.0,634,141.63,2377
2026-07-20 09:05:00,140.0,141.0,140.0,140.5,338,141.29,2377
2026-07-20 09:10:00,140.5,141.0,138.0,138.0,604,140.47,2377
2026-07-20 09:15:00,138.0,138.0,135.0,135.0,1044,138.98,2377
2026-07-20 09:20:00,135.0,136.0,133.5,135.0,773,138.0,2377
2026-07-20 09:25:00,135.5,135.5,131.5,132.5,889,137.04,2377
2026-07-20 09:30:00,132.5,133.5,131.5,133.0,675,136.38,2377
2026-07-20 09:35:00,133.0,134.5,132.5,134.5,375,136.18,2377
2026-07-20 09:40:00,134.0,134.0,132.5,133.5,344,136.01,2377
2026-07-20 09:45:00,133.5,136.0,133.5,136.0,281,135.96,2377
2026-07-20 09:50:00,136.0,136.0,135.0,135.0,136,135.95,2377
2026-07-20 09:55:00,135.0,136.0,135.0,136.0,90,135.95,2377
2026-07-20 10:00:00,135.5,137.5,135.5,137.5,296,135.99,2377
2026-07-20 10:05:00,137.5,137.5,136.5,137.0,161,136.02,2377
2026-07-20 10:10:00,137.0,137.0,136.5,136.5,47,136.02,2377
2026-07-20 10:15:00,136.5,136.5,135.5,135.5,141,136.02,2377
2026-07-20 10:20:00,135.5,135.5,135.0,135.0,110,136.01,2377
2026-07-20 10:25:00,135.0,135.5,135.0,135.5,65,136.0,2377
2026-07-20 10:30:00,135.0,136.5,135.0,136.0,77,136.0,2377
2026-07-20 10:35:00,136.5,136.5,136.0,136.5,29,136.0,2377
2026-07-20 10:40:00,136.0,137.0,136.0,137.0,90,136.0,2377
2026-07-20 10:45:00,137.0,137.0,136.5,136.5,39,136.01,2377
2026-07-20 10:50:00,136.5,137.5,136.5,137.5,185,136.03,2377
2026-07-20 10:55:00,137.5,138.0,137.0,137.0,185,136.07,2377
2026-07-20 11:00:00,137.0,138.0,137.0,138.0,182,136.1,2377
2026-07-20 11:05:00,137.0,137.5,137.0,137.5,66,136.11,2377
2026-07-20 11:10:00,137.5,138.5,137.5,138.0,289,136.18,2377
2026-07-20 11:15:00,138.5,139.0,138.0,139.0,219,136.25,2377
2026-07-20 11:20:00,139.0,139.5,138.5,139.5,196,136.32,2377
2026-07-20 11:25:00,139.0,139.5,139.0,139.5,127,136.36,2377
2026-07-20 11:30:00,139.5,140.0,139.5,139.5,137,136.42,2377
2026-07-20 11:35:00,139.5,140.0,139.0,139.0,181,136.48,2377
2026-07-20 11:40:00,139.5,139.5,139.0,139.5,67,136.5,2377
2026-07-20 11:45:00,139.5,140.0,139.0,140.0,133,136.54,2377
2026-07-20 11:50:00,139.5,140.0,139.5,140.0,88,136.58,2377
2026-07-20 11:55:00,140.0,140.0,139.5,139.5,114,136.62,2377
2026-07-20 12:00:00,140.0,140.0,139.5,140.0,113,136.66,2377
2026-07-20 12:05:00,140.0,140.5,139.5,139.5,206,136.73,2377
2026-07-20 12:10:00,140.0,140.5,139.5,139.5,99,136.76,2377
2026-07-20 12:15:00,139.5,139.5,139.0,139.5,180,136.81,2377
2026-07-20 12:20:00,139.0,139.5,139.0,139.5,87,136.83,2377
2026-07-20 12:25:00,139.5,140.0,139.0,140.0,86,136.85,2377
2026-07-20 12:30:00,140.0,140.0,139.5,139.5,82,136.88,2377
2026-07-20 12:35:00,140.0,140.5,140.0,140.0,121,136.92,2377
2026-07-20 12:40:00,140.0,140.5,140.0,140.5,129,136.96,2377
2026-07-20 12:45:00,140.5,140.5,140.0,140.5,85,136.99,2377
2026-07-20 12:50:00,140.5,140.5,140.0,140.5,148,137.03,2377
2026-07-20 12:55:00,140.0,140.5,140.0,140.5,113,137.07,2377
2026-07-20 13:00:00,140.5,140.5,139.5,139.5,337,137.15,2377
2026-07-20 13:05:00,139.5,139.5,139.0,139.5,133,137.18,2377
2026-07-20 13:10:00,139.5,139.5,139.0,139.0,189,137.21,2377
2026-07-20 13:15:00,139.0,140.0,139.0,140.0,109,137.23,2377
2026-07-20 13:20:00,140.0,140.0,138.5,138.5,224,137.27,2377
2026-07-20 13:30:00,141.5,141.5,141.5,141.5,1320,137.69,2377
2026-07-21 09:00:00,143.0,143.0,141.5,141.5,652,142.18,2377
2026-07-21 09:05:00,141.5,143.0,141.5,142.5,238,142.22,2377
2026-07-21 09:10:00,142.5,142.5,142.0,142.5,119,142.23,2377
2026-07-21 09:15:00,142.5,143.0,141.5,142.0,306,142.26,2377
2026-07-21 09:20:00,142.0,143.0,142.0,143.0,142,142.27,2377
2026-07-21 09:25:00,143.0,143.5,143.0,143.5,294,142.44,2377
2026-07-21 09:30:00,143.5,144.0,143.0,144.0,287,142.61,2377
2026-07-21 09:35:00,144.0,144.5,143.5,143.5,318,142.79,2377
2026-07-21 09:40:00,144.0,144.5,143.5,144.5,294,142.93,2377
2026-07-21 09:45:00,144.5,144.5,144.0,144.5,132,142.99,2377
2026-07-21 09:50:00,144.0,146.0,144.0,146.0,722,143.38,2377
2026-07-21 09:55:00,146.0,146.0,145.0,145.5,202,143.5,2377
2026-07-21 10:00:00,145.0,146.0,145.0,145.5,376,143.7,2377
2026-07-21 10:05:00,146.0,146.0,145.5,145.5,169,143.78,2377
2026-07-21 10:10:00,145.5,146.0,145.0,145.5,142,143.83,2377
2026-07-21 10:15:00,145.5,145.5,145.0,145.0,104,143.87,2377
2026-07-21 10:20:00,145.0,145.5,145.0,145.5,156,143.91,2377
2026-07-21 10:25:00,145.5,145.5,145.0,145.5,52,143.92,2377
2026-07-21 10:30:00,145.5,145.5,145.0,145.5,43,143.93,2377
2026-07-21 10:35:00,145.0,145.5,145.0,145.0,50,143.95,2377
2026-07-21 10:40:00,145.5,145.5,145.0,145.5,60,143.97,2377
2026-07-21 10:45:00,145.0,145.5,145.0,145.0,80,143.98,2377
2026-07-21 10:50:00,145.0,145.5,145.0,145.0,79,144.0,2377
2026-07-21 10:55:00,145.0,145.5,144.5,145.0,130,144.03,2377
2026-07-21 11:00:00,144.5,145.0,144.5,145.0,58,144.04,2377
2026-07-21 11:05:00,144.5,145.0,144.5,145.0,48,144.04,2377
2026-07-21 11:10:00,144.5,145.0,144.5,144.5,39,144.05,2377
2026-07-21 11:15:00,145.0,145.0,144.0,144.0,128,144.06,2377
2026-07-21 11:20:00,144.0,144.5,144.0,144.5,63,144.06,2377
2026-07-21 11:25:00,144.5,144.5,144.0,144.5,89,144.07,2377
2026-07-21 11:30:00,144.0,144.5,144.0,144.0,71,144.07,2377
2026-07-21 11:35:00,144.0,145.0,144.0,144.5,73,144.07,2377
2026-07-21 11:40:00,144.5,144.5,144.0,144.5,56,144.08,2377
2026-07-21 11:45:00,144.5,145.0,144.5,145.0,66,144.08,2377
2026-07-21 11:50:00,144.5,145.0,144.5,145.0,72,144.09,2377
2026-07-21 11:55:00,145.0,145.0,144.0,144.0,101,144.1,2377
2026-07-21 12:00:00,144.0,144.5,144.0,144.5,47,144.1,2377
2026-07-21 12:05:00,144.0,144.5,144.0,144.0,66,144.1,2377
2026-07-21 12:10:00,144.0,144.5,144.0,144.0,38,144.1,2377
2026-07-21 12:15:00,144.0,144.5,144.0,144.0,140,144.1,2377
2026-07-21 12:20:00,144.0,144.5,144.0,144.0,71,144.1,2377
2026-07-21 12:25:00,144.5,144.5,144.0,144.0,37,144.11,2377
2026-07-21 12:30:00,144.5,145.0,144.0,145.0,182,144.12,2377
2026-07-21 12:35:00,144.5,145.5,144.5,145.5,286,144.16,2377
2026-07-21 12:40:00,145.5,146.0,145.0,146.0,384,144.23,2377
2026-07-21 12:45:00,146.0,146.0,145.5,145.5,91,144.25,2377
2026-07-21 12:50:00,146.0,146.0,145.0,145.0,169,144.27,2377
2026-07-21 12:55:00,145.0,145.5,145.0,145.0,91,144.29,2377
2026-07-21 13:00:00,145.0,145.5,145.0,145.0,151,144.31,2377
2026-07-21 13:05:00,145.5,146.0,145.0,145.5,239,144.34,2377
2026-07-21 13:10:00,146.0,146.0,145.0,145.0,107,144.36,2377
2026-07-21 13:15:00,145.0,146.0,145.0,145.5,188,144.38,2377
2026-07-21 13:20:00,145.0,145.5,145.0,145.5,184,144.4,2377
2026-07-21 13:30:00,146.0,146.0,146.0,146.0,1006,144.57,2377
2026-07-22 09:00:00,149.0,151.0,148.0,151.0,1878,149.3,2377
2026-07-22 09:05:00,151.0,151.5,150.0,150.5,1405,149.94,2377
2026-07-22 09:10:00,150.5,153.0,150.5,152.5,3742,151.09,2377
2026-07-22 09:15:00,153.0,154.5,151.5,153.5,3053,151.73,2377
2026-07-22 09:20:00,153.5,154.0,150.5,151.5,1234,151.77,2377
2026-07-22 09:25:00,151.5,152.5,150.5,150.5,792,151.76,2377
2026-07-22 09:30:00,150.5,151.5,150.0,150.5,555,151.71,2377
2026-07-22 09:35:00,150.5,151.0,150.0,150.5,411,151.67,2377
2026-07-22 09:40:00,150.0,151.0,150.0,151.0,267,151.64,2377
2026-07-22 09:45:00,151.0,151.5,150.5,151.0,447,151.62,2377
2026-07-22 09:50:00,151.5,151.5,150.0,150.0,478,151.59,2377
2026-07-22 09:55:00,150.0,150.5,150.0,150.0,124,151.58,2377
2026-07-22 10:00:00,150.5,151.0,149.5,150.5,688,151.51,2377
2026-07-22 10:05:00,151.0,151.0,150.5,151.0,203,151.49,2377
2026-07-22 10:10:00,150.5,151.5,150.5,151.5,510,151.49,2377
2026-07-22 10:15:00,151.5,151.5,151.0,151.5,129,151.49,2377
2026-07-22 10:20:00,151.5,151.5,151.0,151.5,421,151.48,2377
2026-07-22 10:25:00,151.5,152.5,151.0,152.5,647,151.5,2377
2026-07-22 10:30:00,152.5,153.0,152.0,153.0,819,151.54,2377
2026-07-22 10:35:00,152.5,153.0,152.5,152.5,482,151.57,2377
2026-07-22 10:40:00,152.5,153.5,152.0,153.0,1008,151.65,2377
2026-07-22 10:45:00,153.0,154.0,152.5,153.5,1240,151.75,2377
2026-07-22 10:50:00,154.0,155.0,153.0,155.0,2397,152.0,2377
2026-07-22 10:55:00,155.0,156.0,154.5,155.5,2806,152.34,2377
2026-07-22 11:00:00,156.0,157.0,155.5,156.5,1708,152.58,2377
2026-07-22 11:05:00,156.5,157.0,154.0,154.0,846,152.67,2377
2026-07-22 11:10:00,154.5,154.5,153.0,154.0,479,152.69,2377
2026-07-22 11:15:00,154.0,154.5,153.5,154.5,232,152.7,2377
2026-07-22 11:20:00,154.0,155.0,154.0,154.5,158,152.71,2377
2026-07-22 11:25:00,155.0,156.0,154.5,156.0,466,152.75,2377
2026-07-22 11:30:00,155.5,156.0,155.0,155.5,283,152.78,2377
2026-07-22 11:35:00,155.5,155.5,154.5,154.5,181,152.79,2377
2026-07-22 11:40:00,154.5,155.0,154.0,154.5,220,152.81,2377
2026-07-22 11:45:00,154.5,155.0,154.5,154.5,148,152.82,2377
2026-07-22 11:50:00,155.0,155.0,154.0,155.0,221,152.83,2377
2026-07-22 11:55:00,155.0,155.0,154.5,154.5,133,152.84,2377
2026-07-22 12:00:00,155.0,156.0,154.5,156.0,564,152.88,2377
2026-07-22 12:05:00,156.0,157.0,156.0,156.5,787,152.97,2377
2026-07-22 12:10:00,156.5,157.5,156.0,157.0,1338,153.13,2377
2026-07-22 12:15:00,156.5,156.5,155.5,155.5,434,153.17,2377
2026-07-22 12:20:00,155.5,157.0,155.5,156.5,410,153.2,2377
2026-07-22 12:25:00,156.5,157.0,156.0,156.5,227,153.22,2377
2026-07-22 12:30:00,156.5,157.0,156.0,156.5,292,153.25,2377
2026-07-22 12:35:00,156.5,157.0,156.0,156.0,300,153.28,2377
2026-07-22 12:40:00,156.0,156.5,156.0,156.5,169,153.29,2377
2026-07-22 12:45:00,156.5,156.5,156.0,156.0,178,153.31,2377
2026-07-22 12:50:00,156.0,156.5,156.0,156.5,138,153.32,2377
2026-07-22 12:55:00,156.5,156.5,155.5,156.0,524,153.36,2377
2026-07-22 13:00:00,156.0,156.0,155.0,155.0,232,153.37,2377
2026-07-22 13:05:00,155.5,155.5,155.0,155.0,246,153.38,2377
2026-07-22 13:10:00,155.0,155.5,153.5,154.0,1151,153.41,2377
2026-07-22 13:15:00,154.0,154.5,154.0,154.5,359,153.42,2377
2026-07-22 13:20:00,154.0,154.5,154.0,154.5,361,153.43,2377
2026-07-22 13:30:00,155.0,155.0,155.0,155.0,1538,153.49,2377
2026-07-23 09:00:00,157.5,158.0,154.5,155.0,3092,156.38,2377
2026-07-23 09:05:00,155.0,155.0,154.0,154.0,779,156.0,2377
2026-07-23 09:10:00,154.0,154.5,153.0,153.0,564,155.73,2377
2026-07-23 09:15:00,153.0,155.0,153.0,155.0,578,155.54,2377
2026-07-23 09:20:00,155.0,155.0,153.5,154.5,543,155.42,2377
2026-07-23 09:25:00,154.5,154.5,152.5,154.0,683,155.2,2377
2026-07-23 09:30:00,154.0,154.0,152.5,153.5,595,155.01,2377
2026-07-23 09:35:00,153.5,154.0,153.0,154.0,188,154.98,2377
2026-07-23 09:40:00,154.0,155.0,153.5,155.0,359,154.94,2377
2026-07-23 09:45:00,155.0,155.0,153.5,154.5,351,154.91,2377
2026-07-23 09:50:00,154.5,155.0,154.0,154.0,302,154.9,2377
2026-07-23 09:55:00,154.5,154.5,153.5,153.5,259,154.87,2377
2026-07-23 10:00:00,153.5,153.5,152.5,153.0,502,154.76,2377
2026-07-23 10:05:00,153.5,153.5,152.5,153.0,248,154.72,2377
2026-07-23 10:10:00,152.5,153.0,152.5,153.0,325,154.65,2377
2026-07-23 10:15:00,153.0,153.0,151.5,151.5,553,154.5,2377
2026-07-23 10:20:00,151.5,151.5,150.5,151.0,891,154.2,2377
2026-07-23 10:25:00,151.0,151.0,150.0,151.0,373,154.08,2377
2026-07-23 10:30:00,151.0,151.5,150.5,151.5,314,154.0,2377
2026-07-23 10:35:00,151.0,151.5,150.5,151.0,529,153.86,2377
2026-07-23 10:40:00,150.5,151.0,150.5,150.5,98,153.84,2377
2026-07-23 10:45:00,151.0,152.0,150.5,151.5,176,153.8,2377
2026-07-23 10:50:00,151.0,151.5,150.5,151.0,172,153.76,2377
2026-07-23 10:55:00,151.0,151.5,150.5,151.0,215,153.71,2377
2026-07-23 11:00:00,151.0,151.5,150.5,151.5,144,153.68,2377
2026-07-23 11:05:00,151.0,151.5,150.5,151.0,182,153.64,2377
2026-07-23 11:10:00,150.5,151.0,149.0,150.5,753,153.43,2377
2026-07-23 11:15:00,150.5,150.5,150.0,150.5,92,153.41,2377
2026-07-23 11:20:00,150.5,151.0,150.5,151.0,49,153.4,2377
2026-07-23 11:25:00,151.0,151.5,150.5,151.0,116,153.38,2377
2026-07-23 11:30:00,151.5,151.5,150.5,151.0,131,153.36,2377
2026-07-23 11:35:00,151.0,151.0,150.5,151.0,86,153.35,2377
2026-07-23 11:40:00,151.0,151.5,150.5,151.0,41,153.34,2377
2026-07-23 11:45:00,150.5,151.0,150.5,150.5,170,153.31,2377
2026-07-23 11:50:00,150.5,151.0,150.5,150.5,66,153.3,2377
2026-07-23 11:55:00,151.0,151.0,150.0,150.0,159,153.27,2377
2026-07-23 12:00:00,150.5,150.5,149.5,149.5,215,153.22,2377
2026-07-23 12:05:00,149.5,150.0,149.0,149.5,329,153.14,2377
2026-07-23 12:10:00,149.5,150.0,149.0,149.5,176,153.1,2377
2026-07-23 12:15:00,150.0,150.5,149.5,149.5,153,153.07,2377
2026-07-23 12:20:00,149.5,150.0,149.5,149.5,88,153.05,2377
2026-07-23 12:25:00,150.0,150.5,149.5,150.0,243,153.0,2377
2026-07-23 12:30:00,150.5,150.5,150.0,150.0,65,152.99,2377
2026-07-23 12:35:00,150.5,150.5,150.0,150.5,113,152.97,2377
2026-07-23 12:40:00,150.5,150.5,150.0,150.0,93,152.95,2377
2026-07-23 12:45:00,150.5,150.5,150.0,150.0,89,152.94,2377
2026-07-23 12:50:00,150.5,150.5,150.0,150.0,330,152.88,2377
2026-07-23 12:55:00,150.0,151.0,150.0,151.0,377,152.82,2377
2026-07-23 13:00:00,150.5,151.0,150.5,150.5,106,152.81,2377
2026-07-23 13:05:00,150.5,151.0,150.5,150.5,204,152.79,2377
2026-07-23 13:10:00,150.5,151.0,150.0,151.0,426,152.73,2377
2026-07-23 13:15:00,150.5,151.0,150.5,151.0,246,152.7,2377
2026-07-23 13:20:00,151.0,151.5,150.5,151.0,633,152.64,2377
2026-07-23 13:30:00,152.0,152.0,152.0,152.0,1520,152.59,2377
2026-07-24 09:00:00,149.0,149.5,147.5,149.5,803,148.48,2377
2026-07-24 09:05:00,149.5,151.0,149.0,149.5,527,149.05,2377
2026-07-24 09:10:00,149.5,149.5,148.5,148.5,298,149.0,2377
2026-07-24 09:15:00,148.5,149.5,148.5,149.0,281,148.97,2377
2026-07-24 09:20:00,149.0,149.5,148.0,148.5,249,148.93,2377
2026-07-24 09:25:00,149.0,149.5,149.0,149.0,124,148.94,2377
2026-07-24 09:30:00,149.0,150.0,149.0,149.5,99,148.96,2377
2026-07-24 09:35:00,150.0,150.0,149.0,149.5,132,149.0,2377
2026-07-24 09:40:00,149.5,149.5,149.0,149.5,112,149.0,2377
2026-07-24 09:45:00,149.0,149.5,148.5,149.0,161,149.0,2377
2026-07-24 09:50:00,148.5,148.5,148.0,148.5,300,148.94,2377
2026-07-24 09:55:00,148.5,148.5,147.5,147.5,480,148.82,2377
2026-07-24 10:00:00,147.5,148.0,147.5,148.0,122,148.77,2377
2026-07-24 10:05:00,148.0,148.0,147.0,148.0,809,148.51,2377
2026-07-24 10:10:00,148.0,148.5,148.0,148.0,53,148.51,2377
2026-07-24 10:15:00,148.0,148.0,147.5,147.5,117,148.49,2377
2026-07-24 10:20:00,147.5,147.5,146.5,147.0,295,148.4,2377
2026-07-24 10:25:00,147.0,147.0,146.0,146.0,522,148.22,2377
2026-07-24 10:30:00,146.5,146.5,145.5,145.5,648,147.98,2377
2026-07-24 10:35:00,146.0,146.0,145.0,145.0,454,147.8,2377
2026-07-24 10:40:00,145.0,146.0,144.5,145.5,616,147.55,2377
2026-07-24 10:45:00,145.0,145.5,144.5,145.0,334,147.44,2377
2026-07-24 10:50:00,145.0,146.0,145.0,146.0,98,147.41,2377
2026-07-24 10:55:00,145.5,146.0,145.0,145.0,114,147.38,2377
2026-07-24 11:00:00,145.0,146.0,145.0,145.5,77,147.37,2377
2026-07-24 11:05:00,146.0,146.0,145.5,145.5,65,147.35,2377
2026-07-24 11:10:00,145.5,146.5,145.5,146.5,187,147.32,2377
2026-07-24 11:15:00,146.0,146.5,146.0,146.5,91,147.31,2377
2026-07-24 11:20:00,146.5,146.5,146.0,146.0,44,147.3,2377
2026-07-24 11:25:00,146.0,146.5,146.0,146.5,68,147.29,2377
2026-07-24 11:30:00,146.5,146.5,146.0,146.5,83,147.28,2377
2026-07-24 11:35:00,146.5,146.5,145.5,146.0,179,147.26,2377
2026-07-24 11:40:00,145.5,146.0,145.5,145.5,107,147.24,2377
2026-07-24 11:45:00,145.5,146.5,145.5,146.0,117,147.22,2377
2026-07-24 11:50:00,146.0,146.0,145.5,145.5,63,147.2,2377
2026-07-24 11:55:00,146.0,146.0,145.0,145.5,148,147.18,2377
2026-07-24 12:00:00,145.0,145.5,145.0,145.5,87,147.16,2377
2026-07-24 12:05:00,145.5,146.5,145.0,146.0,112,147.14,2377
2026-07-24 12:10:00,146.0,146.5,146.0,146.0,124,147.13,2377
2026-07-24 12:15:00,146.0,147.0,146.0,147.0,162,147.12,2377
2026-07-24 12:20:00,147.0,147.5,147.0,147.0,125,147.11,2377
2026-07-24 12:25:00,147.0,147.0,147.0,147.0,48,147.11,2377
2026-07-24 12:30:00,147.0,147.0,146.5,147.0,45,147.11,2377
2026-07-24 12:35:00,147.0,147.0,146.5,146.5,110,147.11,2377
2026-07-24 12:40:00,147.0,147.0,146.5,147.0,73,147.11,2377
2026-07-24 12:45:00,147.0,147.5,146.5,147.0,142,147.11,2377
2026-07-24 12:50:00,147.0,147.5,146.0,147.0,258,147.1,2377
2026-07-24 12:55:00,147.0,147.5,146.5,147.0,175,147.1,2377
2026-07-24 13:00:00,147.0,147.5,147.0,147.0,73,147.1,2377
2026-07-24 13:05:00,147.0,147.5,147.0,147.0,127,147.1,2377
2026-07-24 13:10:00,147.0,147.5,147.0,147.0,136,147.11,2377
2026-07-24 13:15:00,147.5,147.5,146.5,147.0,332,147.1,2377
2026-07-24 13:20:00,146.5,147.0,146.0,147.0,574,147.06,2377
2026-07-24 13:30:00,146.5,146.5,146.5,146.5,735,147.03,2377
2026-07-27 09:00:00,146.5,147.0,143.0,143.5,823,145.0,2377
2026-07-27 09:05:00,143.5,145.5,143.5,145.0,304,144.83,2377
2026-07-27 09:10:00,145.0,145.5,143.5,143.5,210,144.79,2377
2026-07-27 09:15:00,144.0,144.5,143.5,143.5,420,144.53,2377
2026-07-27 09:20:00,143.5,144.0,142.0,143.5,532,144.2,2377
2026-07-27 09:25:00,143.5,143.5,142.5,143.5,285,144.08,2377
2026-07-27 09:30:00,143.5,144.5,143.5,144.5,112,144.08,2377
2026-07-27 09:35:00,144.0,144.5,143.5,144.5,175,144.06,2377
2026-07-27 09:40:00,144.5,144.5,143.0,143.0,196,144.03,2377
2026-07-27 09:45:00,143.0,143.5,143.0,143.5,75,144.02,2377
2026-07-27 09:50:00,143.0,143.5,142.5,143.0,201,143.95,2377
2026-07-27 09:55:00,143.0,143.0,142.5,143.0,89,143.93,2377
2026-07-27 10:00:00,143.0,143.5,142.5,142.5,160,143.89,2377
2026-07-27 10:05:00,143.0,143.0,142.5,142.5,51,143.88,2377
2026-07-27 10:10:00,142.5,142.5,142.0,142.5,366,143.74,2377
2026-07-27 10:15:00,142.5,143.0,142.0,142.5,139,143.7,2377
2026-07-27 10:20:00,142.5,143.0,142.0,142.5,101,143.67,2377
2026-07-27 10:25:00,142.5,143.0,142.5,143.0,39,143.66,2377
2026-07-27 10:30:00,143.0,143.0,142.0,142.5,257,143.6,2377
2026-07-27 10:35:00,142.5,143.0,142.0,142.5,70,143.58,2377
2026-07-27 10:40:00,142.5,143.0,142.0,142.0,100,143.56,2377
2026-07-27 10:45:00,142.5,142.5,142.0,142.0,68,143.54,2377
2026-07-27 10:50:00,142.0,142.5,141.0,141.5,678,143.32,2377
2026-07-27 10:55:00,141.5,142.0,141.0,141.5,121,143.28,2377
2026-07-27 11:00:00,141.5,142.0,141.0,141.5,147,143.24,2377
2026-07-27 11:05:00,141.5,142.0,141.0,141.0,72,143.21,2377
2026-07-27 11:10:00,141.0,141.5,140.0,140.5,763,142.93,2377
2026-07-27 11:15:00,140.5,141.0,140.5,141.0,26,142.92,2377
2026-07-27 11:20:00,141.0,141.0,140.0,140.0,160,142.86,2377
2026-07-27 11:25:00,140.0,140.0,138.5,139.0,936,142.42,2377
2026-07-27 11:30:00,139.0,139.0,138.5,138.5,271,142.29,2377
2026-07-27 11:35:00,138.5,138.5,137.5,138.0,498,142.03,2377
2026-07-27 11:40:00,138.0,138.0,137.5,138.0,208,141.93,2377
2026-07-27 11:45:00,138.0,138.0,137.5,138.0,165,141.85,2377
2026-07-27 11:50:00,137.5,138.0,137.5,137.5,101,141.81,2377
2026-07-27 11:55:00,138.0,139.0,137.5,138.5,159,141.74,2377
2026-07-27 12:00:00,139.0,139.0,138.5,139.0,40,141.73,2377
2026-07-27 12:05:00,138.5,139.5,138.5,139.5,51,141.72,2377
2026-07-27 12:10:00,139.5,139.5,139.0,139.5,50,141.7,2377
2026-07-27 12:15:00,139.5,139.5,139.0,139.0,34,141.69,2377
2026-07-27 12:20:00,139.0,140.0,139.0,140.0,185,141.65,2377
2026-07-27 12:25:00,140.0,140.5,139.5,140.5,91,141.64,2377
2026-07-27 12:30:00,140.5,141.5,140.0,141.5,218,141.62,2377
2026-07-27 12:35:00,141.5,142.5,141.0,142.0,370,141.64,2377
2026-07-27 12:40:00,142.5,143.0,142.0,143.0,236,141.66,2377
2026-07-27 12:45:00,142.5,143.0,142.5,143.0,102,141.67,2377
2026-07-27 12:50:00,143.0,144.0,143.0,143.5,544,141.76,2377
2026-07-27 12:55:00,143.5,144.0,143.5,144.0,91,141.77,2377
2026-07-27 13:00:00,143.5,145.0,143.5,145.0,522,141.89,2377
2026-07-27 13:05:00,145.0,145.5,144.5,145.5,426,142.01,2377
2026-07-27 13:10:00,145.5,145.5,145.0,145.5,151,142.05,2377
2026-07-27 13:15:00,145.5,146.0,145.0,145.5,278,142.13,2377
2026-07-27 13:20:00,145.5,146.0,145.0,146.0,572,142.28,2377
2026-07-27 13:30:00,146.5,146.5,146.5,146.5,940,142.57,2377
2026-07-28 09:00:00,140.0,144.0,140.0,144.0,1515,141.72,2377
2026-07-28 09:05:00,143.5,144.0,142.5,143.0,483,142.14,2377
2026-07-28 09:10:00,143.0,143.5,141.0,141.5,596,142.15,2377
2026-07-28 09:15:00,141.5,143.5,141.0,143.5,463,142.16,2377
2026-07-28 09:20:00,143.5,144.5,142.5,144.5,394,142.31,2377
2026-07-28 09:25:00,144.5,144.5,144.0,144.5,175,142.4,2377
2026-07-28 09:30:00,144.5,144.5,143.5,143.5,185,142.46,2377
2026-07-28 09:35:00,143.5,144.0,143.5,143.5,247,142.54,2377
2026-07-28 09:40:00,143.5,143.5,143.0,143.0,130,142.55,2377
2026-07-28 09:45:00,143.0,143.5,143.0,143.0,41,142.56,2377
2026-07-28 09:50:00,143.0,143.5,143.0,143.0,47,142.57,2377
2026-07-28 09:55:00,143.0,143.5,142.5,142.5,137,142.58,2377
2026-07-28 10:00:00,142.5,142.5,141.5,141.5,397,142.54,2377
2026-07-28 10:05:00,141.5,142.0,141.5,142.0,82,142.52,2377
2026-07-28 10:10:00,142.0,142.5,141.5,141.5,129,142.51,2377
2026-07-28 10:15:00,142.0,142.0,141.5,142.0,51,142.5,2377
2026-07-28 10:20:00,142.0,142.5,142.0,142.5,67,142.5,2377
2026-07-28 10:25:00,142.5,142.5,141.0,141.5,337,142.45,2377
2026-07-28 10:30:00,141.5,141.5,140.0,141.0,620,142.28,2377
2026-07-28 10:35:00,140.5,141.0,140.5,140.5,118,142.24,2377
2026-07-28 10:40:00,140.5,141.5,140.5,141.0,130,142.22,2377
2026-07-28 10:45:00,141.0,141.0,140.5,141.0,88,142.2,2377
2026-07-28 10:50:00,141.5,142.0,141.0,142.0,109,142.19,2377
2026-07-28 10:55:00,142.0,142.0,141.0,141.0,159,142.17,2377
2026-07-28 11:00:00,141.5,141.5,140.5,140.5,119,142.14,2377
2026-07-28 11:05:00,140.5,141.0,140.0,140.0,289,142.07,2377
2026-07-28 11:10:00,140.0,140.5,139.5,140.0,450,141.94,2377
2026-07-28 11:15:00,140.5,141.0,140.0,141.0,124,141.92,2377
2026-07-28 11:20:00,141.0,141.5,140.5,141.5,130,141.91,2377
2026-07-28 11:25:00,141.5,141.5,140.5,140.5,111,141.89,2377
2026-07-28 11:30:00,140.5,141.0,140.0,140.5,169,141.86,2377
2026-07-28 11:35:00,140.5,141.5,140.5,141.5,86,141.86,2377
2026-07-28 11:40:00,141.5,142.0,141.0,142.0,112,141.85,2377
2026-07-28 11:45:00,142.0,142.0,141.5,142.0,44,141.85,2377
2026-07-28 11:50:00,142.0,142.0,141.0,141.5,91,141.85,2377
2026-07-28 11:55:00,141.0,141.5,141.0,141.5,34,141.85,2377
2026-07-28 12:00:00,141.5,141.5,141.0,141.5,36,141.84,2377
2026-07-28 12:05:00,141.5,141.5,141.0,141.5,80,141.84,2377
2026-07-28 12:10:00,141.5,141.5,140.5,140.5,245,141.82,2377
2026-07-28 12:15:00,140.5,141.0,140.5,140.5,70,141.81,2377
2026-07-28 12:20:00,141.0,141.5,140.5,140.5,75,141.8,2377
2026-07-28 12:25:00,140.5,141.0,140.5,141.0,43,141.79,2377
2026-07-28 12:30:00,141.0,141.0,140.5,141.0,144,141.78,2377
2026-07-28 12:35:00,140.5,140.5,140.0,140.5,126,141.76,2377
2026-07-28 12:40:00,140.0,140.5,140.0,140.5,103,141.74,2377
2026-07-28 12:45:00,140.0,141.0,140.0,141.0,116,141.73,2377
2026-07-28 12:50:00,140.5,141.0,140.0,140.0,115,141.71,2377
2026-07-28 12:55:00,140.5,140.5,140.0,140.0,139,141.69,2377
2026-07-28 13:00:00,140.0,140.5,140.0,140.0,211,141.66,2377
2026-07-28 13:05:00,140.0,140.5,139.5,139.5,539,141.56,2377
2026-07-28 13:10:00,139.5,140.0,139.0,139.5,161,141.52,2377
2026-07-28 13:15:00,139.0,139.5,139.0,139.0,227,141.47,2377
2026-07-28 13:20:00,139.5,139.5,138.5,139.0,542,141.36,2377
2026-07-28 13:30:00,139.0,139.0,139.0,139.0,723,141.22,2377
2026-07-29 09:00:00,140.5,144.5,140.5,143.5,1530,142.53,2377
2026-07-29 09:05:00,143.5,144.0,141.0,141.5,699,142.54,2377
2026-07-29 09:10:00,141.5,141.5,139.5,140.0,866,141.87,2377
2026-07-29 09:15:00,140.0,140.5,138.0,140.5,916,141.29,2377
2026-07-29 09:20:00,140.5,142.0,140.0,142.0,478,141.25,2377
2026-07-29 09:25:00,142.0,142.0,140.5,141.0,415,141.26,2377
2026-07-29 09:30:00,141.0,141.5,140.0,141.5,233,141.24,2377
2026-07-29 09:35:00,141.5,141.5,140.5,140.5,96,141.23,2377
2026-07-29 09:40:00,140.5,141.0,139.5,140.5,234,141.19,2377
2026-07-29 09:45:00,140.5,140.5,139.0,139.0,153,141.14,2377
2026-07-29 09:50:00,139.5,139.5,139.0,139.0,276,141.05,2377
2026-07-29 09:55:00,139.0,139.0,138.0,138.5,260,140.95,2377
2026-07-29 10:00:00,138.0,139.5,138.0,138.0,389,140.82,2377
2026-07-29 10:05:00,138.0,138.5,137.0,137.0,388,140.65,2377
2026-07-29 10:10:00,137.0,138.0,136.5,138.0,392,140.47,2377
2026-07-29 10:15:00,138.0,138.0,135.5,136.0,673,140.11,2377
2026-07-29 10:20:00,136.0,138.0,136.0,137.5,257,140.02,2377
2026-07-29 10:25:00,137.5,138.0,137.0,137.0,117,139.98,2377
2026-07-29 10:30:00,137.0,138.5,137.0,137.0,107,139.95,2377
2026-07-29 10:35:00,137.5,137.5,136.0,136.5,237,139.86,2377
2026-07-29 10:40:00,136.5,137.0,136.0,136.0,109,139.82,2377
2026-07-29 10:45:00,136.0,136.5,135.5,135.5,190,139.74,2377
2026-07-29 10:50:00,136.0,136.5,135.5,135.5,269,139.62,2377
2026-07-29 10:55:00,135.5,136.0,135.0,136.0,235,139.52,2377
2026-07-29 11:00:00,136.0,136.0,135.0,135.5,166,139.45,2377
2026-07-29 11:05:00,135.5,137.5,135.5,137.5,322,139.36,2377
2026-07-29 11:10:00,137.5,137.5,136.5,136.5,214,139.32,2377
2026-07-29 11:15:00,137.0,137.0,136.0,136.5,134,139.28,2377
2026-07-29 11:20:00,136.5,136.5,135.5,135.5,271,139.2,2377
2026-07-29 11:25:00,135.5,136.0,135.0,135.0,232,139.11,2377
2026-07-29 11:30:00,135.5,135.5,134.5,134.5,621,138.88,2377
2026-07-29 11:35:00,135.0,135.0,134.5,135.0,166,138.83,2377
2026-07-29 11:40:00,135.0,135.5,134.5,135.5,65,138.81,2377
2026-07-29 11:45:00,135.5,135.5,135.0,135.5,34,138.8,2377
2026-07-29 11:50:00,135.0,135.5,134.0,134.0,405,138.66,2377
2026-07-29 11:55:00,134.0,135.0,134.0,134.5,151,138.61,2377
2026-07-29 12:00:00,134.5,135.0,134.0,134.0,417,138.46,2377
2026-07-29 12:05:00,134.0,134.5,134.0,134.0,98,138.43,2377
2026-07-29 12:10:00,134.0,135.0,134.0,135.0,66,138.41,2377
2026-07-29 12:15:00,135.0,135.5,134.5,135.0,156,138.37,2377
2026-07-29 12:20:00,135.0,135.5,134.5,135.5,102,138.34,2377
2026-07-29 12:25:00,135.5,136.0,135.0,136.0,99,138.32,2377
2026-07-29 12:30:00,135.5,136.0,134.5,135.0,199,138.27,2377
2026-07-29 12:35:00,135.0,135.0,134.5,135.0,24,138.27,2377
2026-07-29 12:40:00,135.0,135.0,133.5,133.5,425,138.14,2377
2026-07-29 12:45:00,133.5,135.0,133.0,134.5,371,138.03,2377
2026-07-29 12:50:00,134.5,136.0,134.5,136.0,257,137.98,2377
2026-07-29 12:55:00,136.0,136.5,135.5,136.5,271,137.95,2377
2026-07-29 13:00:00,136.0,137.0,136.0,137.0,212,137.93,2377
2026-07-29 13:05:00,137.0,137.0,136.0,136.5,281,137.9,2377
2026-07-29 13:10:00,137.0,138.5,137.0,138.5,630,137.91,2377
2026-07-29 13:15:00,138.0,138.5,136.5,137.0,398,137.9,2377
2026-07-29 13:20:00,137.5,137.5,136.5,137.0,284,137.88,2377
2026-07-29 13:30:00,137.5,137.5,137.5,137.5,754,137.87,2377
2026-07-30 09:00:00,137.0,137.0,134.0,135.5,757,135.48,2377
2026-07-30 09:05:00,135.5,137.5,135.5,136.5,605,136.0,2377
2026-07-30 09:10:00,136.5,137.0,135.0,135.0,258,136.0,2377
2026-07-30 09:15:00,135.0,135.5,134.0,135.0,556,135.61,2377
2026-07-30 09:20:00,135.0,135.5,134.0,135.0,405,135.47,2377
2026-07-30 09:25:00,135.0,135.5,134.5,135.5,154,135.44,2377
2026-07-30 09:30:00,135.5,136.0,135.0,135.5,163,135.45,2377
2026-07-30 09:35:00,135.5,137.0,135.5,136.0,379,135.55,2377
2026-07-30 09:40:00,136.5,138.0,136.0,136.5,422,135.72,2377
2026-07-30 09:45:00,136.0,137.0,135.5,137.0,169,135.74,2377
2026-07-30 09:50:00,137.0,137.5,136.5,136.5,117,135.77,2377
2026-07-30 09:55:00,136.5,137.0,136.0,136.0,82,135.79,2377
2026-07-30 10:00:00,136.0,137.0,136.0,136.5,139,135.81,2377
2026-07-30 10:05:00,136.5,136.5,135.5,136.0,180,135.82,2377
2026-07-30 10:10:00,136.0,136.0,135.5,135.5,78,135.82,2377
2026-07-30 10:15:00,136.0,136.0,135.0,135.0,107,135.81,2377
2026-07-30 10:20:00,135.0,135.5,134.5,134.5,400,135.73,2377
2026-07-30 10:25:00,134.5,134.5,134.0,134.0,227,135.68,2377
2026-07-30 10:30:00,134.0,134.5,134.0,134.5,101,135.65,2377
2026-07-30 10:35:00,134.5,134.5,134.0,134.5,165,135.61,2377
2026-07-30 10:40:00,134.5,135.0,134.5,135.0,111,135.59,2377
2026-07-30 10:45:00,135.5,135.5,135.0,135.0,73,135.58,2377
2026-07-30 10:50:00,135.5,135.5,135.0,135.5,24,135.58,2377
2026-07-30 10:55:00,135.0,135.5,135.0,135.0,25,135.58,2377
2026-07-30 11:00:00,135.0,135.5,135.0,135.0,26,135.58,2377
2026-07-30 11:05:00,135.5,135.5,135.0,135.0,31,135.57,2377
2026-07-30 11:10:00,135.0,135.0,134.5,134.5,195,135.55,2377
2026-07-30 11:15:00,134.5,135.0,134.5,135.0,21,135.54,2377
2026-07-30 11:20:00,135.0,135.0,134.5,135.0,42,135.54,2377
2026-07-30 11:25:00,135.0,136.0,134.5,135.5,164,135.53,2377
2026-07-30 11:30:00,135.5,136.5,135.0,136.5,178,135.54,2377
2026-07-30 11:35:00,136.5,136.5,136.0,136.5,29,135.54,2377
2026-07-30 11:40:00,136.0,136.0,135.5,136.0,130,135.55,2377
2026-07-30 11:45:00,136.0,137.0,136.0,136.5,160,135.57,2377
2026-07-30 11:50:00,136.5,137.5,136.5,137.5,201,135.61,2377
2026-07-30 11:55:00,137.5,138.0,136.5,136.5,236,135.67,2377
2026-07-30 12:00:00,137.0,137.0,136.5,137.0,26,135.67,2377
2026-07-30 12:05:00,136.5,137.0,136.5,137.0,20,135.68,2377
2026-07-30 12:10:00,137.0,137.0,136.0,136.5,114,135.69,2377
2026-07-30 12:15:00,136.5,136.5,135.5,135.5,88,135.69,2377
2026-07-30 12:20:00,135.5,136.0,135.5,135.5,86,135.69,2377
2026-07-30 12:25:00,135.5,137.0,135.5,137.0,152,135.7,2377
2026-07-30 12:30:00,136.5,137.0,136.5,136.5,29,135.7,2377
2026-07-30 12:35:00,137.0,137.0,136.5,137.0,99,135.72,2377
2026-07-30 12:40:00,137.0,137.0,136.0,136.5,176,135.74,2377
2026-07-30 12:45:00,136.5,136.5,136.0,136.5,39,135.74,2377
2026-07-30 12:50:00,136.5,136.5,135.5,135.5,179,135.74,2377
2026-07-30 12:55:00,135.5,135.5,134.5,135.0,193,135.72,2377
2026-07-30 13:00:00,134.5,135.5,134.5,134.5,248,135.7,2377
2026-07-30 13:05:00,134.5,135.0,134.5,134.5,243,135.66,2377
2026-07-30 13:10:00,134.5,135.0,134.5,135.0,155,135.65,2377
2026-07-30 13:15:00,135.0,136.0,135.0,135.5,193,135.64,2377
2026-07-30 13:20:00,135.5,136.0,134.5,135.0,254,135.63,2377
2026-07-30 13:30:00,136.0,136.0,136.0,136.0,641,135.65,2377
2026-07-31 09:00:00,143.5,148.0,143.5,145.5,3638,146.02,2377
2026-07-31 09:05:00,145.5,146.5,145.0,145.5,1094,145.96,2377
2026-07-31 09:10:00,145.5,146.5,144.0,144.5,849,145.88,2377
2026-07-31 09:15:00,144.5,144.5,143.5,144.0,535,145.72,2377
2026-07-31 09:20:00,144.0,144.5,143.0,143.5,652,145.52,2377
2026-07-31 09:25:00,143.5,144.0,142.5,142.5,526,145.33,2377
2026-07-31 09:30:00,142.5,143.0,140.5,141.5,893,144.93,2377
2026-07-31 09:35:00,141.5,142.0,140.5,140.5,434,144.74,2377
2026-07-31 09:40:00,140.5,142.0,140.5,142.0,254,144.64,2377
2026-07-31 09:45:00,142.0,142.0,141.0,141.0,213,144.57,2377
2026-07-31 09:50:00,141.5,142.0,140.5,142.0,311,144.46,2377
2026-07-31 09:55:00,142.0,142.0,141.5,142.0,94,144.43,2377
2026-07-31 10:00:00,142.0,142.5,141.5,142.0,200,144.38,2377
2026-07-31 10:05:00,142.0,142.0,141.5,142.0,28,144.38,2377
2026-07-31 10:10:00,141.5,142.0,141.0,141.5,104,144.34,2377
2026-07-31 10:15:00,141.0,141.5,140.5,141.0,323,144.24,2377
2026-07-31 10:20:00,141.0,141.0,140.0,140.0,363,144.11,2377
2026-07-31 10:25:00,140.5,140.5,139.5,140.0,427,143.94,2377
2026-07-31 10:30:00,140.0,141.5,139.5,140.5,303,143.85,2377
2026-07-31 10:35:00,140.5,141.0,140.0,141.0,78,143.83,2377
2026-07-31 10:40:00,140.5,141.0,140.5,140.5,39,143.82,2377
2026-07-31 10:45:00,141.0,141.5,140.5,141.5,136,143.78,2377
2026-07-31 10:50:00,141.5,141.5,141.0,141.5,101,143.76,2377
2026-07-31 10:55:00,141.5,141.5,141.0,141.5,118,143.74,2377
2026-07-31 11:00:00,141.5,142.0,141.0,142.0,103,143.72,2377
2026-07-31 11:05:00,142.0,142.0,141.5,141.5,102,143.71,2377
2026-07-31 11:10:00,142.0,142.0,141.5,141.5,76,143.69,2377
2026-07-31 11:15:00,141.5,142.5,141.5,142.5,436,143.64,2377
2026-07-31 11:20:00,142.5,143.0,142.5,142.5,314,143.61,2377
2026-07-31 11:25:00,142.5,143.0,142.5,143.0,38,143.61,2377
2026-07-31 11:30:00,143.0,143.0,142.5,143.0,59,143.61,2377
2026-07-31 11:35:00,143.0,143.0,142.5,142.5,73,143.6,2377
2026-07-31 11:40:00,142.5,143.0,142.0,143.0,165,143.59,2377
2026-07-31 11:45:00,143.0,143.0,142.0,142.5,56,143.58,2377
2026-07-31 11:50:00,142.5,143.0,142.0,142.5,117,143.57,2377
2026-07-31 11:55:00,142.5,143.0,142.5,142.5,26,143.57,2377
2026-07-31 12:00:00,142.5,142.5,142.0,142.5,66,143.57,2377
2026-07-31 12:05:00,142.5,142.5,142.0,142.0,26,143.56,2377
2026-07-31 12:10:00,142.0,142.5,141.0,141.0,368,143.51,2377
2026-07-31 12:15:00,141.0,141.5,140.5,141.0,150,143.48,2377
2026-07-31 12:20:00,141.0,141.5,140.5,141.0,90,143.47,2377
2026-07-31 12:25:00,141.0,141.5,141.0,141.0,99,143.45,2377
2026-07-31 12:30:00,141.0,142.0,140.5,141.5,177,143.42,2377
2026-07-31 12:35:00,141.5,143.0,141.5,143.0,366,143.39,2377
2026-07-31 12:40:00,142.5,143.0,142.0,142.0,248,143.38,2377
2026-07-31 12:45:00,142.0,142.5,141.5,142.0,152,143.36,2377
2026-07-31 12:50:00,142.5,142.5,141.5,141.5,257,143.34,2377
2026-07-31 12:55:00,141.5,142.0,141.5,141.5,146,143.32,2377
2026-07-31 13:00:00,141.5,142.5,141.5,142.5,286,143.3,2377
2026-07-31 13:05:00,142.5,142.5,141.5,142.0,233,143.28,2377
2026-07-31 13:10:00,142.0,142.0,141.5,141.5,211,143.26,2377
2026-07-31 13:15:00,141.5,142.0,141.0,141.5,470,143.2,2377
2026-07-31 13:20:00,141.5,142.0,141.5,142.0,392,143.17,2377
2026-07-31 13:30:00,142.0,142.0,142.0,142.0,1568,143.07,2377
2026-08-03 09:00:00,140.5,142.0,139.5,141.5,881,140.49,2377
2026-08-03 09:05:00,142.0,143.0,141.0,142.5,532,141.19,2377
2026-08-03 09:10:00,142.5,143.5,142.0,142.0,365,141.55,2377
2026-08-03 09:15:00,142.0,142.5,142.0,142.0,107,141.58,2377
2026-08-03 09:20:00,142.0,143.5,142.0,143.5,235,141.72,2377
2026-08-03 09:25:00,143.5,143.5,143.0,143.5,199,141.83,2377
2026-08-03 09:30:00,143.0,143.5,143.0,143.0,95,141.88,2377
2026-08-03 09:35:00,143.0,143.5,142.0,142.0,172,141.94,2377
2026-08-03 09:40:00,142.0,143.0,142.0,143.0,234,142.02,2377
2026-08-03 09:45:00,143.0,144.0,143.0,143.5,553,142.25,2377
2026-08-03 09:50:00,143.5,144.0,143.0,143.5,176,142.32,2377
2026-08-03 09:55:00,144.0,145.5,143.5,145.0,952,142.84,2377
2026-08-03 10:00:00,145.0,145.5,144.5,145.5,246,142.96,2377
2026-08-03 10:05:00,145.5,145.5,144.0,144.0,193,143.03,2377
2026-08-03 10:10:00,144.0,146.0,144.0,146.0,412,143.21,2377
2026-08-03 10:15:00,146.0,147.5,145.5,146.5,1393,143.91,2377
2026-08-03 10:20:00,146.5,147.0,145.5,145.5,223,143.98,2377
2026-08-03 10:25:00,145.5,146.0,144.5,145.5,194,144.01,2377
2026-08-03 10:30:00,145.0,145.5,144.5,145.0,163,144.03,2377
2026-08-03 10:35:00,144.5,145.0,144.5,144.5,80,144.04,2377
2026-08-03 10:40:00,144.5,145.0,144.0,144.5,231,144.05,2377
2026-08-03 10:45:00,144.5,145.0,144.0,144.5,96,144.06,2377
2026-08-03 10:50:00,144.0,144.5,144.0,144.0,76,144.06,2377
2026-08-03 10:55:00,144.0,145.0,144.0,144.5,75,144.06,2377
2026-08-03 11:00:00,144.5,145.0,144.5,144.5,46,144.06,2377
2026-08-03 11:05:00,144.5,144.5,144.0,144.0,277,144.07,2377
2026-08-03 11:10:00,144.0,144.5,143.5,144.0,103,144.06,2377
2026-08-03 11:15:00,144.0,144.5,144.0,144.0,55,144.06,2377
2026-08-03 11:20:00,144.5,144.5,143.5,143.5,99,144.06,2377
2026-08-03 11:25:00,143.5,144.0,143.5,143.5,31,144.06,2377
2026-08-03 11:30:00,143.5,144.0,143.5,144.0,78,144.06,2377
2026-08-03 11:35:00,144.0,144.0,143.5,143.5,98,144.06,2377
2026-08-03 11:40:00,144.0,144.0,143.5,144.0,34,144.06,2377
2026-08-03 11:45:00,144.0,144.0,143.5,144.0,83,144.05,2377
2026-08-03 11:50:00,144.0,144.0,143.5,143.5,105,144.05,2377
2026-08-03 11:55:00,143.5,143.5,142.5,142.5,395,144.02,2377
2026-08-03 12:00:00,142.5,143.0,142.5,143.0,34,144.01,2377
2026-08-03 12:05:00,143.0,143.0,142.5,143.0,167,143.99,2377
2026-08-03 12:10:00,143.0,143.0,142.5,143.0,47,143.99,2377
2026-08-03 12:15:00,143.0,143.0,142.5,142.5,27,143.99,2377
2026-08-03 12:20:00,142.5,143.0,142.5,142.5,36,143.98,2377
2026-08-03 12:25:00,143.0,143.0,142.5,143.0,75,143.97,2377
2026-08-03 12:30:00,143.0,143.5,142.5,143.0,142,143.96,2377
2026-08-03 12:35:00,143.0,143.5,142.5,143.0,302,143.93,2377
2026-08-03 12:40:00,143.0,143.5,143.0,143.0,82,143.92,2377
2026-08-03 12:45:00,143.0,143.5,143.0,143.5,126,143.91,2377
2026-08-03 12:50:00,143.5,144.0,143.5,143.5,34,143.91,2377
2026-08-03 12:55:00,143.5,144.0,143.5,143.5,52,143.91,2377
2026-08-03 13:00:00,143.5,143.5,143.0,143.0,141,143.9,2377
2026-08-03 13:05:00,143.0,143.0,142.5,142.5,106,143.89,2377
2026-08-03 13:10:00,142.5,143.0,142.5,142.5,82,143.88,2377
2026-08-03 13:15:00,142.5,143.0,142.0,142.0,350,143.83,2377
2026-08-03 13:20:00,142.0,142.5,142.0,142.0,300,143.79,2377
2026-08-03 13:30:00,143.0,143.0,143.0,143.0,608,143.75,2377
2026-08-04 09:00:00,141.5,141.5,139.5,140.0,1369,140.64,2377
2026-08-04 09:05:00,139.5,142.0,139.5,142.0,362,140.67,2377
2026-08-04 09:10:00,142.0,142.5,141.5,141.5,251,140.86,2377
2026-08-04 09:15:00,142.0,143.5,141.5,143.5,461,141.19,2377
2026-08-04 09:20:00,143.5,144.5,143.0,144.0,346,141.55,2377
2026-08-04 09:25:00,144.5,146.0,144.0,145.0,784,142.31,2377
2026-08-04 09:30:00,145.0,147.0,145.0,147.0,754,142.97,2377
2026-08-04 09:35:00,147.0,149.0,146.5,148.5,2141,144.5,2377
2026-08-04 09:40:00,149.0,149.0,148.0,148.5,631,144.86,2377
2026-08-04 09:45:00,148.0,148.5,147.0,147.5,448,145.03,2377
2026-08-04 09:50:00,147.5,148.0,147.5,147.5,254,145.11,2377
2026-08-04 09:55:00,147.5,149.0,147.5,148.5,461,145.29,2377
2026-08-04 10:00:00,148.5,149.0,148.0,148.0,433,145.45,2377
2026-08-04 10:05:00,148.0,148.5,148.0,148.5,401,145.57,2377
2026-08-04 10:10:00,148.5,149.0,148.0,148.5,439,145.7,2377
2026-08-04 10:15:00,148.5,149.0,147.5,148.5,594,145.85,2377
2026-08-04 10:20:00,148.5,149.0,148.0,148.5,222,145.91,2377
2026-08-04 10:25:00,148.5,149.5,148.5,149.0,1223,146.24,2377
2026-08-04 10:30:00,148.5,149.5,148.5,149.0,367,146.33,2377
2026-08-04 10:35:00,149.0,150.0,149.0,150.0,471,146.45,2377
2026-08-04 10:40:00,150.0,151.0,149.5,150.5,1120,146.75,2377
2026-08-04 10:45:00,150.5,150.5,149.0,149.0,323,146.82,2377
2026-08-04 10:50:00,149.0,150.0,149.0,150.0,207,146.86,2377
2026-08-04 10:55:00,150.0,150.5,149.5,149.5,319,146.93,2377
2026-08-04 11:00:00,150.0,150.0,149.0,149.0,160,146.96,2377
2026-08-04 11:05:00,149.5,149.5,148.0,148.0,291,146.99,2377
2026-08-04 11:10:00,148.0,148.5,147.0,147.5,328,147.01,2377
2026-08-04 11:15:00,147.5,148.5,147.5,148.0,208,147.02,2377
2026-08-04 11:20:00,148.0,149.0,148.0,148.5,89,147.03,2377
2026-08-04 11:25:00,149.0,149.0,148.0,148.0,94,147.04,2377
2026-08-04 11:30:00,148.5,148.5,148.0,148.0,38,147.04,2377
2026-08-04 11:35:00,148.0,148.5,148.0,148.0,105,147.05,2377
2026-08-04 11:40:00,148.0,148.5,147.5,148.0,119,147.06,2377
2026-08-04 11:45:00,148.0,148.0,147.5,148.0,46,147.06,2377
2026-08-04 11:50:00,148.0,148.5,147.5,148.0,75,147.06,2377
2026-08-04 11:55:00,148.0,148.5,148.0,148.0,38,147.07,2377
2026-08-04 12:00:00,148.0,148.5,148.0,148.0,59,147.07,2377
2026-08-04 12:05:00,148.0,148.5,148.0,148.5,105,147.08,2377
2026-08-04 12:10:00,148.0,148.5,147.5,148.0,59,147.08,2377
2026-08-04 12:15:00,148.0,149.0,147.5,148.5,187,147.09,2377
2026-08-04 12:20:00,149.0,149.0,148.5,149.0,44,147.1,2377
2026-08-04 12:25:00,149.0,149.0,148.5,148.5,38,147.1,2377
2026-08-04 12:30:00,148.5,149.0,148.0,148.5,145,147.12,2377
2026-08-04 12:35:00,148.0,148.5,148.0,148.0,35,147.12,2377
2026-08-04 12:40:00,148.5,148.5,148.0,148.0,59,147.12,2377
2026-08-04 12:45:00,148.0,148.5,148.0,148.0,268,147.14,2377
2026-08-04 12:50:00,148.5,148.5,148.0,148.0,104,147.15,2377
2026-08-04 12:55:00,148.5,148.5,148.0,148.5,76,147.15,2377
2026-08-04 13:00:00,148.0,148.5,148.0,148.0,73,147.16,2377
2026-08-04 13:05:00,148.0,148.5,148.0,148.0,84,147.16,2377
2026-08-04 13:10:00,148.5,149.0,148.0,148.5,515,147.2,2377
2026-08-04 13:15:00,148.5,149.0,148.0,148.0,97,147.21,2377
2026-08-04 13:20:00,148.0,149.0,148.0,149.0,268,147.23,2377
2026-08-04 13:30:00,149.5,149.5,149.5,149.5,1033,147.35,2377
2026-08-05 09:00:00,152.5,154.5,152.0,152.5,2021,153.2,2377
2026-08-05 09:05:00,152.5,154.0,152.5,154.0,1272,153.18,2377
2026-08-05 09:10:00,154.0,154.0,150.5,150.5,859,152.98,2377
2026-08-05 09:15:00,150.5,151.5,150.5,150.5,602,152.71,2377
2026-08-05 09:20:00,150.5,151.5,150.5,151.0,238,152.63,2377
2026-08-05 09:25:00,151.0,151.5,150.0,150.5,431,152.46,2377
2026-08-05 09:30:00,150.5,151.0,150.0,151.0,298,152.36,2377
2026-08-05 09:35:00,151.0,152.0,150.5,151.5,288,152.31,2377
2026-08-05 09:40:00,152.0,153.0,151.0,152.5,624,152.29,2377
2026-08-05 09:45:00,152.5,153.5,152.5,152.5,669,152.36,2377
2026-08-05 09:50:00,153.0,153.0,152.0,152.5,159,152.36,2377
2026-08-05 09:55:00,152.0,153.5,152.0,153.5,566,152.4,2377
2026-08-05 10:00:00,153.5,154.0,153.0,153.0,632,152.49,2377
2026-08-05 10:05:00,153.0,153.5,152.5,153.0,406,152.5,2377
2026-08-05 10:10:00,153.0,153.0,152.0,152.0,236,152.5,2377
2026-08-05 10:15:00,152.0,152.5,152.0,152.5,384,152.49,2377
2026-08-05 10:20:00,152.5,153.0,152.5,152.5,164,152.49,2377
2026-08-05 10:25:00,152.5,153.0,152.5,153.0,139,152.49,2377
2026-08-05 10:30:00,152.5,153.0,152.0,152.5,134,152.49,2377
2026-08-05 10:35:00,152.5,153.0,152.0,152.5,143,152.49,2377
2026-08-05 10:40:00,152.5,153.0,152.0,152.5,97,152.49,2377
2026-08-05 10:45:00,152.5,154.0,152.5,154.0,782,152.54,2377
2026-08-05 10:50:00,153.5,154.5,153.5,154.0,1802,152.77,2377
2026-08-05 10:55:00,154.0,154.5,153.0,153.0,213,152.79,2377
2026-08-05 11:00:00,153.5,153.5,153.0,153.5,75,152.79,2377
2026-08-05 11:05:00,153.5,153.5,153.0,153.5,40,152.79,2377
2026-08-05 11:10:00,153.5,153.5,152.5,153.0,160,152.79,2377
2026-08-05 11:15:00,153.0,153.0,152.5,153.0,82,152.79,2377
2026-08-05 11:20:00,152.5,153.0,152.5,153.0,90,152.79,2377
2026-08-05 11:25:00,153.0,153.0,151.5,151.5,310,152.78,2377
2026-08-05 11:30:00,151.5,152.0,151.0,151.5,624,152.72,2377
2026-08-05 11:35:00,151.5,152.5,151.5,152.0,145,152.71,2377
2026-08-05 11:40:00,152.0,153.0,152.0,153.0,134,152.71,2377
2026-08-05 11:45:00,152.5,153.0,152.0,152.0,104,152.71,2377
2026-08-05 11:50:00,152.5,152.5,152.0,152.0,66,152.71,2377
2026-08-05 11:55:00,152.0,153.0,152.0,152.5,165,152.7,2377
2026-08-05 12:00:00,152.0,152.5,152.0,152.5,26,152.7,2377
2026-08-05 12:05:00,152.5,152.5,152.0,152.5,43,152.7,2377
2026-08-05 12:10:00,152.0,152.5,152.0,152.5,45,152.7,2377
2026-08-05 12:15:00,152.0,152.5,152.0,152.0,103,152.7,2377
2026-08-05 12:20:00,152.0,152.5,151.0,151.0,201,152.68,2377
2026-08-05 12:25:00,151.0,151.5,150.5,151.0,178,152.66,2377
2026-08-05 12:30:00,151.0,151.5,150.5,151.5,256,152.64,2377
2026-08-05 12:35:00,151.0,151.0,150.5,150.5,65,152.63,2377
2026-08-05 12:40:00,150.5,151.0,150.5,150.5,107,152.62,2377
2026-08-05 12:45:00,150.5,151.0,150.5,150.5,203,152.59,2377
2026-08-05 12:50:00,150.5,151.5,150.5,151.5,338,152.56,2377
2026-08-05 12:55:00,151.5,151.5,151.0,151.5,68,152.56,2377
2026-08-05 13:00:00,151.0,151.5,151.0,151.5,60,152.55,2377
2026-08-05 13:05:00,151.0,151.5,151.0,151.5,350,152.52,2377
2026-08-05 13:10:00,151.5,151.5,151.0,151.0,307,152.5,2377
2026-08-05 13:15:00,151.0,152.0,151.0,151.5,562,152.46,2377
2026-08-05 13:20:00,151.5,152.0,151.0,151.5,294,152.44,2377
2026-08-05 13:30:00,151.0,151.0,151.0,151.0,630,152.39,2377
2026-08-06 09:00:00,151.0,156.0,151.0,156.0,1918,154.1,2377
2026-08-06 09:05:00,156.0,158.0,154.0,155.5,2290,155.19,2377
2026-08-06 09:10:00,155.5,155.5,153.0,153.0,561,155.07,2377
2026-08-06 09:15:00,153.5,153.5,152.0,152.5,554,154.83,2377
2026-08-06 09:20:00,152.5,152.5,151.5,152.0,580,154.55,2377
2026-08-06 09:25:00,152.0,154.0,152.0,154.0,610,154.4,2377
2026-08-06 09:30:00,154.0,154.5,153.5,154.0,458,154.38,2377
2026-08-06 09:35:00,153.5,154.0,153.0,153.0,155,154.36,2377
2026-08-06 09:40:00,153.0,154.5,153.0,154.0,524,154.33,2377
2026-08-06 09:45:00,154.0,154.0,153.0,153.0,178,154.32,2377
2026-08-06 09:50:00,153.5,153.5,152.5,153.0,229,154.28,2377
2026-08-06 09:55:00,153.0,153.0,152.0,152.0,152,154.25,2377
2026-08-06 10:00:00,152.5,153.0,152.5,152.5,212,154.21,2377
2026-08-06 10:05:00,152.5,153.0,152.5,153.0,190,154.18,2377
2026-08-06 10:10:00,153.0,154.0,153.0,154.0,96,154.17,2377
2026-08-06 10:15:00,153.5,154.0,153.5,154.0,143,154.17,2377
2026-08-06 10:20:00,153.5,155.0,153.5,154.0,584,154.18,2377
2026-08-06 10:25:00,154.5,156.0,154.0,155.5,1118,154.28,2377
2026-08-06 10:30:00,155.0,156.0,155.0,156.0,391,154.33,2377
2026-08-06 10:35:00,156.0,156.0,155.0,155.5,253,154.35,2377
2026-08-06 10:40:00,155.5,155.5,155.0,155.0,85,154.36,2377
2026-08-06 10:45:00,155.0,156.0,154.5,154.5,304,154.39,2377
2026-08-06 10:50:00,155.0,155.0,154.5,155.0,68,154.39,2377
2026-08-06 10:55:00,154.5,155.0,154.5,155.0,60,154.39,2377
2026-08-06 11:00:00,154.5,155.0,154.0,154.5,115,154.39,2377
2026-08-06 11:05:00,154.0,154.5,153.5,153.5,194,154.38,2377
2026-08-06 11:10:00,153.5,154.0,153.5,154.0,65,154.38,2377
2026-08-06 11:15:00,154.0,154.0,153.5,154.0,75,154.37,2377
2026-08-06 11:20:00,153.5,154.0,153.5,154.0,48,154.37,2377
2026-08-06 11:25:00,154.0,154.0,153.0,153.0,207,154.36,2377
2026-08-06 11:30:00,153.5,153.5,152.5,153.0,326,154.32,2377
2026-08-06 11:35:00,152.5,153.0,152.5,152.5,100,154.31,2377
2026-08-06 11:40:00,152.5,153.0,152.5,153.0,140,154.3,2377
2026-08-06 11:45:00,153.0,154.0,153.0,154.0,162,154.28,2377
2026-08-06 11:50:00,154.0,154.0,153.5,153.5,93,154.28,2377
2026-08-06 11:55:00,153.5,154.0,153.5,154.0,144,154.28,2377
2026-08-06 12:00:00,154.5,154.5,153.5,153.5,92,154.27,2377
2026-08-06 12:05:00,153.5,154.0,153.5,154.0,22,154.27,2377
2026-08-06 12:10:00,154.0,154.0,153.5,154.0,27,154.27,2377
2026-08-06 12:15:00,154.0,154.0,153.0,153.0,155,154.26,2377
2026-08-06 12:20:00,153.0,153.5,153.0,153.5,63,154.26,2377
2026-08-06 12:25:00,153.5,153.5,153.0,153.5,89,154.25,2377
2026-08-06 12:30:00,153.5,153.5,153.0,153.5,67,154.25,2377
2026-08-06 12:35:00,153.0,153.5,153.0,153.0,56,154.24,2377
2026-08-06 12:40:00,153.5,153.5,153.0,153.5,82,154.24,2377
2026-08-06 12:45:00,153.5,153.5,153.0,153.0,119,154.23,2377
2026-08-06 12:50:00,153.0,154.0,153.0,154.0,254,154.22,2377
2026-08-06 12:55:00,154.0,154.0,153.5,153.5,68,154.21,2377
2026-08-06 13:00:00,154.0,154.5,153.5,154.0,328,154.21,2377
2026-08-06 13:05:00,154.5,154.5,154.0,154.5,175,154.21,2377
2026-08-06 13:10:00,154.5,154.5,154.0,154.5,175,154.21,2377
2026-08-06 13:15:00,154.5,154.5,154.0,154.0,203,154.21,2377
2026-08-06 13:20:00,154.5,154.5,153.5,154.5,414,154.21,2377
2026-08-06 13:30:00,154.0,154.0,154.0,154.0,756,154.2,2377
2026-08-07 09:00:00,154.0,154.5,153.0,154.0,729,153.8,2377
2026-08-07 09:05:00,154.0,155.0,154.0,154.0,414,153.99,2377
2026-08-07 09:10:00,153.5,153.5,152.5,152.5,174,153.87,2377
2026-08-07 09:15:00,152.5,153.0,152.5,153.0,246,153.69,2377
2026-08-07 09:20:00,153.0,153.5,152.5,153.0,124,153.63,2377
2026-08-07 09:25:00,153.5,154.0,153.0,153.5,117,153.63,2377
2026-08-07 09:30:00,153.5,155.5,153.5,155.0,719,153.89,2377
2026-08-07 09:35:00,155.0,155.0,153.5,153.5,296,153.96,2377
2026-08-07 09:40:00,153.5,154.5,153.5,153.5,137,153.96,2377
2026-08-07 09:45:00,154.0,154.0,153.5,154.0,45,153.96,2377
2026-08-07 09:50:00,153.5,155.0,153.5,154.5,203,153.98,2377
2026-08-07 09:55:00,154.0,154.0,153.5,154.0,73,153.97,2377
2026-08-07 10:00:00,154.0,154.0,153.5,154.0,38,153.97,2377
2026-08-07 10:05:00,154.0,154.0,153.5,153.5,140,153.95,2377
2026-08-07 10:10:00,153.0,154.0,153.0,153.5,39,153.95,2377
2026-08-07 10:15:00,153.5,154.0,153.5,154.0,18,153.95,2377
2026-08-07 10:20:00,154.0,154.0,153.0,153.0,65,153.94,2377
2026-08-07 10:25:00,153.5,153.5,153.0,153.5,33,153.94,2377
2026-08-07 10:30:00,153.5,153.5,152.5,152.5,288,153.86,2377
2026-08-07 10:35:00,153.0,153.0,152.5,152.5,28,153.85,2377
2026-08-07 10:40:00,152.5,153.0,152.5,152.5,42,153.84,2377
2026-08-07 10:45:00,153.0,153.0,152.0,153.0,247,153.76,2377
2026-08-07 10:50:00,153.0,153.0,152.0,152.0,71,153.74,2377
2026-08-07 10:55:00,152.0,152.5,152.0,152.0,56,153.72,2377
2026-08-07 11:00:00,152.0,152.5,152.0,152.5,35,153.71,2377
2026-08-07 11:05:00,152.5,153.0,152.5,153.0,63,153.69,2377
2026-08-07 11:10:00,153.0,153.0,152.5,152.5,48,153.68,2377
2026-08-07 11:15:00,152.5,152.5,151.0,151.5,423,153.5,2377
2026-08-07 11:20:00,151.5,151.5,151.0,151.5,232,153.4,2377
2026-08-07 11:25:00,151.5,151.5,151.0,151.0,148,153.33,2377
2026-08-07 11:30:00,151.0,152.0,151.0,151.5,64,153.31,2377
2026-08-07 11:35:00,151.5,152.0,151.5,151.5,19,153.3,2377
2026-08-07 11:40:00,152.0,152.0,151.5,152.0,21,153.29,2377
2026-08-07 11:45:00,152.0,152.0,151.5,152.0,9,153.29,2377
2026-08-07 11:50:00,152.0,152.0,151.5,151.5,39,153.28,2377
2026-08-07 11:55:00,151.5,151.5,151.0,151.5,180,153.22,2377
2026-08-07 12:00:00,151.0,151.5,151.0,151.5,31,153.21,2377
2026-08-07 12:05:00,151.5,151.5,151.0,151.0,84,153.18,2377
2026-08-07 12:10:00,151.0,151.5,151.0,151.5,82,153.15,2377
2026-08-07 12:15:00,152.0,152.0,151.0,151.5,94,153.13,2377
2026-08-07 12:20:00,151.0,152.0,151.0,152.0,78,153.11,2377
2026-08-07 12:25:00,152.0,152.0,151.5,151.5,27,153.1,2377
2026-08-07 12:30:00,151.5,152.0,151.5,151.5,26,153.09,2377
2026-08-07 12:35:00,151.5,152.0,151.5,151.5,79,153.07,2377
2026-08-07 12:40:00,151.5,152.0,151.0,151.0,220,153.01,2377
2026-08-07 12:45:00,151.0,151.0,151.0,151.0,153,152.97,2377
2026-08-07 12:50:00,151.0,151.0,150.5,150.5,203,152.9,2377
2026-08-07 12:55:00,150.5,151.0,150.5,151.0,194,152.84,2377
2026-08-07 13:00:00,151.5,152.0,151.0,151.5,137,152.81,2377
2026-08-07 13:05:00,151.5,152.0,151.0,151.0,85,152.8,2377
2026-08-07 13:10:00,151.0,151.5,151.0,151.0,74,152.78,2377
2026-08-07 13:15:00,151.0,152.5,151.0,152.5,520,152.71,2377
2026-08-07 13:20:00,152.5,152.5,152.0,152.0,269,152.69,2377
2026-08-07 13:30:00,153.0,153.0,153.0,153.0,679,152.71,2377
2026-08-10 09:00:00,154.5,155.5,154.0,154.5,1108,154.78,2377
2026-08-10 09:05:00,154.0,155.0,154.0,154.5,223,154.75,2377
2026-08-10 09:10:00,154.5,155.0,154.5,154.5,157,154.73,2377
2026-08-10 09:15:00,154.5,155.0,154.0,154.5,146,154.72,2377
2026-08-10 09:20:00,155.0,155.5,155.0,155.0,577,154.84,2377
2026-08-10 09:25:00,155.5,156.5,155.0,156.5,1121,155.17,2377
2026-08-10 09:30:00,156.0,156.0,155.0,155.0,355,155.23,2377
2026-08-10 09:35:00,155.5,156.0,155.0,155.5,798,155.23,2377
2026-08-10 09:40:00,156.0,156.0,155.0,155.0,117,155.23,2377
2026-08-10 09:45:00,155.0,156.5,155.0,156.5,509,155.3,2377
2026-08-10 09:50:00,156.5,156.5,156.0,156.0,251,155.34,2377
2026-08-10 09:55:00,156.0,156.0,155.5,155.5,93,155.35,2377
2026-08-10 10:00:00,156.0,156.0,155.5,155.5,77,155.35,2377
2026-08-10 10:05:00,156.0,156.0,155.5,156.0,93,155.36,2377
2026-08-10 10:10:00,155.5,156.0,155.5,156.0,76,155.36,2377
2026-08-10 10:15:00,155.5,156.0,155.5,155.5,163,155.36,2377
2026-08-10 10:20:00,155.5,156.0,155.0,155.5,101,155.37,2377
2026-08-10 10:25:00,155.5,156.0,155.0,155.0,126,155.37,2377
2026-08-10 10:30:00,155.5,156.0,155.0,155.5,99,155.37,2377
2026-08-10 10:35:00,155.5,156.0,155.0,155.0,107,155.37,2377
2026-08-10 10:40:00,155.0,155.5,155.0,155.0,56,155.36,2377
2026-08-10 10:45:00,155.0,155.5,155.0,155.0,93,155.36,2377
2026-08-10 10:50:00,155.0,156.0,155.0,155.5,330,155.38,2377
2026-08-10 10:55:00,155.5,156.0,155.5,155.5,97,155.38,2377
2026-08-10 11:00:00,155.5,156.0,155.0,155.0,139,155.38,2377
2026-08-10 11:05:00,155.5,155.5,155.0,155.0,62,155.38,2377
2026-08-10 11:10:00,155.0,155.5,155.0,155.0,59,155.38,2377
2026-08-10 11:15:00,155.0,155.5,155.0,155.0,63,155.38,2377
2026-08-10 11:20:00,155.0,155.5,155.0,155.0,95,155.38,2377
2026-08-10 11:25:00,155.5,155.5,155.0,155.0,137,155.37,2377
2026-08-10 11:30:00,155.0,155.5,155.0,155.5,91,155.37,2377
2026-08-10 11:35:00,155.0,155.5,155.0,155.0,138,155.36,2377
2026-08-10 11:40:00,155.0,155.5,154.5,155.5,122,155.36,2377
2026-08-10 11:45:00,155.5,155.5,155.0,155.5,170,155.36,2377
2026-08-10 11:50:00,155.0,156.0,155.0,156.0,424,155.36,2377
2026-08-10 11:55:00,155.5,156.0,155.5,155.5,96,155.36,2377
2026-08-10 12:00:00,155.5,156.0,155.5,156.0,85,155.37,2377
2026-08-10 12:05:00,155.5,156.0,155.0,156.0,127,155.37,2377
2026-08-10 12:10:00,155.5,156.0,155.0,156.0,66,155.37,2377
2026-08-10 12:15:00,155.5,156.0,155.0,155.5,81,155.38,2377
2026-08-10 12:20:00,156.0,156.0,155.5,155.5,104,155.38,2377
2026-08-10 12:25:00,155.5,155.5,155.0,155.0,34,155.38,2377
2026-08-10 12:30:00,155.5,155.5,155.0,155.0,92,155.37,2377
2026-08-10 12:35:00,155.0,155.5,155.0,155.0,74,155.37,2377
2026-08-10 12:40:00,155.0,155.5,154.5,155.0,158,155.37,2377
2026-08-10 12:45:00,155.0,155.0,154.5,155.0,27,155.36,2377
2026-08-10 12:50:00,155.0,155.0,154.5,154.5,40,155.36,2377
2026-08-10 12:55:00,154.5,155.0,154.5,154.5,40,155.36,2377
2026-08-10 13:00:00,154.5,155.0,154.5,155.0,110,155.35,2377
2026-08-10 13:05:00,155.0,155.5,155.0,155.0,468,155.34,2377
2026-08-10 13:10:00,155.0,155.5,155.0,155.0,66,155.34,2377
2026-08-10 13:15:00,155.5,155.5,155.0,155.5,119,155.33,2377
2026-08-10 13:20:00,155.5,155.5,154.5,154.5,352,155.32,2377
2026-08-10 13:30:00,155.0,155.0,155.0,155.0,654,155.31,2377
2026-08-11 09:00:00,155.0,155.5,153.5,154.0,393,154.34,2377
2026-08-11 09:05:00,154.0,155.5,153.5,154.0,622,154.44,2377
2026-08-11 09:10:00,154.0,155.0,154.0,154.5,166,154.43,2377
2026-08-11 09:15:00,154.5,155.0,154.0,154.5,92,154.44,2377
2026-08-11 09:20:00,154.0,154.0,152.5,154.0,536,154.13,2377
2026-08-11 09:25:00,153.5,154.0,153.5,154.0,81,154.11,2377
2026-08-11 09:30:00,154.0,154.5,153.5,153.5,46,154.11,2377
2026-08-11 09:35:00,154.0,154.0,153.5,153.5,149,154.07,2377
2026-08-11 09:40:00,153.5,155.0,153.5,154.5,291,154.09,2377
2026-08-11 09:45:00,154.5,154.5,154.0,154.5,113,154.11,2377
2026-08-11 09:50:00,154.5,155.0,154.5,154.5,40,154.11,2377
2026-08-11 09:55:00,154.5,154.5,154.0,154.0,63,154.12,2377
2026-08-11 10:00:00,154.0,154.0,153.5,153.5,52,154.12,2377
2026-08-11 10:05:00,153.5,154.0,153.5,153.5,18,154.11,2377
2026-08-11 10:10:00,153.5,154.0,153.5,154.0,18,154.11,2377
2026-08-11 10:15:00,153.5,154.0,153.5,153.5,38,154.11,2377
2026-08-11 10:20:00,153.5,154.0,153.0,153.5,167,154.07,2377
2026-08-11 10:25:00,153.5,153.5,153.0,153.5,78,154.06,2377
2026-08-11 10:30:00,153.5,154.0,153.0,154.0,85,154.04,2377
2026-08-11 10:35:00,154.0,154.0,153.5,153.5,17,154.04,2377
2026-08-11 10:40:00,154.0,154.0,153.5,154.0,6,154.04,2377
2026-08-11 10:45:00,154.0,154.0,154.0,154.0,8,154.04,2377
2026-08-11 10:50:00,153.5,154.0,153.5,153.5,128,154.02,2377
2026-08-11 10:55:00,153.0,153.0,152.5,152.5,328,153.92,2377
2026-08-11 11:00:00,152.5,153.0,152.5,153.0,25,153.91,2377
2026-08-11 11:05:00,153.0,153.0,152.5,153.0,105,153.88,2377
2026-08-11 11:10:00,153.0,153.5,153.0,153.5,16,153.88,2377
2026-08-11 11:15:00,153.0,153.5,153.0,153.5,6,153.88,2377
2026-08-11 11:20:00,153.5,153.5,153.0,153.5,76,153.87,2377
2026-08-11 11:25:00,154.0,154.0,153.5,154.0,12,153.87,2377
2026-08-11 11:30:00,154.0,154.0,153.5,153.5,62,153.87,2377
2026-08-11 11:35:00,153.5,153.5,153.0,153.0,35,153.86,2377
2026-08-11 11:40:00,153.0,153.5,153.0,153.5,18,153.86,2377
2026-08-11 11:45:00,153.0,153.5,153.0,153.0,20,153.86,2377
2026-08-11 11:50:00,153.5,153.5,153.5,153.5,64,153.85,2377
2026-08-11 11:55:00,153.5,153.5,153.0,153.5,21,153.85,2377
2026-08-11 12:00:00,153.5,153.5,153.0,153.5,8,153.85,2377
2026-08-11 12:05:00,153.5,153.5,153.0,153.0,24,153.84,2377
2026-08-11 12:10:00,153.0,153.5,153.0,153.0,226,153.8,2377
2026-08-11 12:15:00,153.0,153.5,153.0,153.0,90,153.78,2377
2026-08-11 12:20:00,153.0,153.5,153.0,153.0,47,153.77,2377
2026-08-11 12:25:00,153.0,153.5,153.0,153.5,28,153.77,2377
2026-08-11 12:30:00,153.5,153.5,153.0,153.5,23,153.77,2377
2026-08-11 12:35:00,153.5,153.5,153.0,153.0,25,153.76,2377
2026-08-11 12:40:00,153.0,154.0,153.0,153.5,242,153.75,2377
2026-08-11 12:45:00,153.0,153.5,153.0,153.5,44,153.75,2377
2026-08-11 12:50:00,153.5,153.5,153.0,153.5,101,153.74,2377
2026-08-11 12:55:00,153.5,153.5,153.0,153.0,81,153.73,2377
2026-08-11 13:00:00,153.0,153.5,153.0,153.5,155,153.73,2377
2026-08-11 13:05:00,153.5,154.0,153.5,153.5,37,153.72,2377
2026-08-11 13:10:00,153.5,153.5,153.0,153.5,87,153.72,2377
2026-08-11 13:15:00,153.0,153.5,153.0,153.0,79,153.71,2377
2026-08-11 13:20:00,153.5,153.5,153.0,153.0,192,153.7,2377
2026-08-11 13:30:00,154.0,154.0,154.0,154.0,375,153.72,2377
2026-08-12 09:00:00,157.0,162.0,152.0,162.0,6315,157.78,2377
2026-08-12 09:05:00,162.0,165.0,161.5,164.5,3463,159.56,2377
2026-08-12 09:10:00,164.5,168.0,162.0,167.0,3386,160.93,2377
2026-08-12 09:15:00,167.0,168.0,166.0,167.0,1879,161.72,2377
2026-08-12 09:20:00,167.0,169.0,166.5,167.5,2338,162.59,2377
2026-08-12 09:25:00,167.5,169.0,167.5,168.5,16957,165.71,2377
2026-08-12 09:30:00,168.0,168.5,166.5,168.0,1073,165.77,2377
2026-08-12 09:35:00,167.5,168.5,167.0,168.0,1026,165.82,2377
2026-08-12 09:40:00,168.0,168.5,167.0,168.0,657,165.86,2377
2026-08-12 09:45:00,168.0,169.0,167.5,168.5,991,165.93,2377
2026-08-12 09:50:00,169.0,169.0,169.0,169.0,3175,166.16,2377
2026-08-12 09:55:00,169.0,169.0,169.0,169.0,1197,166.24,2377
2026-08-12 10:00:00,169.0,169.0,169.0,169.0,224,166.26,2377
2026-08-12 10:05:00,169.0,169.0,169.0,169.0,213,166.27,2377
2026-08-12 10:10:00,169.0,169.0,169.0,169.0,198,166.28,2377
2026-08-12 10:15:00,169.0,169.0,169.0,169.0,133,166.29,2377
2026-08-12 10:20:00,169.0,169.0,169.0,169.0,145,166.3,2377
2026-08-12 10:25:00,169.0,169.0,169.0,169.0,82,166.31,2377
2026-08-12 10:30:00,169.0,169.0,169.0,169.0,254,166.32,2377
2026-08-12 10:35:00,169.0,169.0,169.0,169.0,55,166.32,2377
2026-08-12 10:40:00,169.0,169.0,169.0,169.0,43,166.33,2377
2026-08-12 10:45:00,169.0,169.0,169.0,169.0,55,166.33,2377
2026-08-12 10:50:00,169.0,169.0,169.0,169.0,76,166.34,2377
2026-08-12 10:55:00,169.0,169.0,169.0,169.0,53,166.34,2377
2026-08-12 11:00:00,169.0,169.0,169.0,169.0,44,166.34,2377
2026-08-12 11:05:00,169.0,169.0,169.0,169.0,31,166.34,2377
2026-08-12 11:10:00,169.0,169.0,169.0,169.0,42,166.35,2377
2026-08-12 11:15:00,169.0,169.0,169.0,169.0,56,166.35,2377
2026-08-12 11:20:00,169.0,169.0,169.0,169.0,25,166.35,2377
2026-08-12 11:25:00,169.0,169.0,169.0,169.0,29,166.35,2377
2026-08-12 11:30:00,169.0,169.0,169.0,169.0,26,166.35,2377
2026-08-12 11:35:00,169.0,169.0,169.0,169.0,38,166.36,2377
2026-08-12 11:40:00,169.0,169.0,169.0,169.0,21,166.36,2377
2026-08-12 11:45:00,169.0,169.0,169.0,169.0,54,166.36,2377
2026-08-12 11:50:00,169.0,169.0,169.0,169.0,77,166.36,2377
2026-08-12 11:55:00,169.0,169.0,169.0,169.0,69,166.37,2377
2026-08-12 12:00:00,169.0,169.0,169.0,169.0,20,166.37,2377
2026-08-12 12:05:00,169.0,169.0,169.0,169.0,68,166.37,2377
2026-08-12 12:10:00,169.0,169.0,169.0,169.0,34,166.38,2377
2026-08-12 12:15:00,169.0,169.0,169.0,169.0,23,166.38,2377
2026-08-12 12:20:00,169.0,169.0,169.0,169.0,55,166.38,2377
2026-08-12 12:25:00,169.0,169.0,169.0,169.0,94,166.39,2377
2026-08-12 12:30:00,169.0,169.0,169.0,169.0,25,166.39,2377
2026-08-12 12:35:00,169.0,169.0,169.0,169.0,68,166.39,2377
2026-08-12 12:40:00,169.0,169.0,169.0,169.0,74,166.4,2377
2026-08-12 12:45:00,169.0,169.0,169.0,169.0,172,166.41,2377
2026-08-12 12:50:00,169.0,169.0,169.0,169.0,71,166.41,2377
2026-08-12 12:55:00,169.0,169.0,169.0,169.0,34,166.41,2377
2026-08-12 13:00:00,169.0,169.0,169.0,169.0,36,166.41,2377
2026-08-12 13:05:00,169.0,169.0,169.0,169.0,37,166.42,2377
2026-08-12 13:10:00,169.0,169.0,169.0,169.0,37,166.42,2377
2026-08-12 13:15:00,169.0,169.0,169.0,169.0,36,166.42,2377
2026-08-12 13:20:00,169.0,169.0,169.0,169.0,36,166.42,2377
2026-08-12 13:30:00,169.0,169.0,169.0,169.0,36,166.42,2377
2026-08-13 09:00:00,171.0,171.5,167.5,170.0,8244,169.71,2377
2026-08-13 09:05:00,170.0,170.0,167.0,167.5,2785,169.49,2377
2026-08-13 09:10:00,167.0,167.5,162.5,166.0,3382,168.45,2377
2026-08-13 09:15:00,166.0,168.0,165.5,167.5,1701,168.27,2377
2026-08-13 09:20:00,167.0,168.0,166.0,167.0,1091,168.2,2377
2026-08-13 09:25:00,167.0,170.5,167.0,169.0,3769,168.38,2377
2026-08-13 09:30:00,169.0,169.5,167.5,168.0,897,168.39,2377
2026-08-13 09:35:00,168.0,169.0,167.0,169.0,968,168.37,2377
2026-08-13 09:40:00,169.0,170.0,168.5,169.5,1660,168.45,2377
2026-08-13 09:45:00,169.5,171.0,169.0,170.0,1595,168.55,2377
2026-08-13 09:50:00,170.5,172.0,170.0,170.5,2578,168.76,2377
2026-08-13 09:55:00,170.0,171.0,169.5,170.5,823,168.8,2377
2026-08-13 10:00:00,170.5,171.0,169.5,170.0,785,168.84,2377
2026-08-13 10:05:00,169.5,172.0,169.5,171.5,1309,168.93,2377
2026-08-13 10:10:00,171.5,172.0,170.5,171.0,1048,169.01,2377
2026-08-13 10:15:00,171.5,171.5,170.0,170.5,786,169.05,2377
2026-08-13 10:20:00,171.0,173.5,170.5,171.5,3139,169.33,2377
2026-08-13 10:25:00,171.0,171.5,169.0,169.5,764,169.34,2377
2026-08-13 10:30:00,169.5,170.0,168.5,168.5,776,169.34,2377
2026-08-13 10:35:00,168.5,169.0,168.0,168.5,463,169.33,2377
2026-08-13 10:40:00,169.0,169.5,168.5,169.0,322,169.33,2377
2026-08-13 10:45:00,169.5,169.5,169.0,169.0,304,169.33,2377
2026-08-13 10:50:00,169.0,170.5,169.0,170.5,590,169.34,2377
2026-08-13 10:55:00,170.5,171.5,170.0,171.5,540,169.36,2377
2026-08-13 11:00:00,171.0,171.5,170.0,170.5,153,169.36,2377
2026-08-13 11:05:00,170.0,170.5,169.0,170.0,250,169.36,2377
2026-08-13 11:10:00,170.0,171.0,170.0,170.5,419,169.37,2377
2026-08-13 11:15:00,170.5,171.0,170.5,170.5,160,169.38,2377
2026-08-13 11:20:00,170.5,172.5,170.5,172.0,1480,169.46,2377
2026-08-13 11:25:00,172.0,172.0,171.5,171.5,186,169.47,2377
2026-08-13 11:30:00,172.0,172.0,171.5,171.5,166,169.47,2377
2026-08-13 11:35:00,171.5,172.0,171.0,171.5,379,169.49,2377
2026-08-13 11:40:00,172.0,172.0,171.0,171.0,121,169.5,2377
2026-08-13 11:45:00,171.5,171.5,171.0,171.5,217,169.5,2377
2026-08-13 11:50:00,171.5,172.0,171.0,171.5,138,169.51,2377
2026-08-13 11:55:00,171.5,171.5,170.0,170.0,363,169.52,2377
2026-08-13 12:00:00,170.0,171.0,170.0,171.0,365,169.53,2377
2026-08-13 12:05:00,170.5,171.0,170.5,170.5,134,169.53,2377
2026-08-13 12:10:00,170.5,171.0,170.0,170.5,100,169.53,2377
2026-08-13 12:15:00,170.5,171.0,170.5,170.5,108,169.54,2377
2026-08-13 12:20:00,170.5,171.0,170.0,170.0,120,169.54,2377
2026-08-13 12:25:00,170.0,170.5,170.0,170.0,131,169.54,2377
2026-08-13 12:30:00,170.5,170.5,170.0,170.0,123,169.54,2377
2026-08-13 12:35:00,170.5,170.5,169.5,169.5,217,169.54,2377
2026-08-13 12:40:00,169.5,170.0,169.0,169.5,338,169.54,2377
2026-08-13 12:45:00,169.0,169.5,169.0,169.5,85,169.54,2377
2026-08-13 12:50:00,169.5,169.5,169.0,169.0,92,169.54,2377
2026-08-13 12:55:00,169.5,169.5,169.0,169.0,148,169.54,2377
2026-08-13 13:00:00,169.0,169.5,169.0,169.0,243,169.54,2377
2026-08-13 13:05:00,169.5,169.5,168.0,168.5,771,169.52,2377
2026-08-13 13:10:00,169.0,169.0,168.0,169.0,411,169.52,2377
2026-08-13 13:15:00,168.5,169.0,168.0,168.5,510,169.51,2377
2026-08-13 13:20:00,168.5,169.0,167.5,168.0,857,169.48,2377
2026-08-13 13:30:00,168.0,168.0,168.0,168.0,1642,169.43,2377
2026-08-14 09:00:00,170.5,171.0,167.5,170.0,1709,169.22,2377
2026-08-14 09:05:00,169.5,170.5,168.0,169.0,708,169.32,2377
2026-08-14 09:10:00,168.5,168.5,166.0,166.5,1016,168.62,2377
2026-08-14 09:15:00,166.5,166.5,164.5,166.5,1150,167.82,2377
2026-08-14 09:20:00,166.5,167.0,166.0,166.5,283,167.77,2377
2026-08-14 09:25:00,166.5,166.5,165.5,165.5,333,167.65,2377
2026-08-14 09:30:00,166.0,166.0,164.5,165.0,494,167.42,2377
2026-08-14 09:35:00,164.5,165.5,164.5,165.5,435,167.24,2377
2026-08-14 09:40:00,165.5,165.5,165.0,165.5,115,167.2,2377
2026-08-14 09:45:00,165.5,165.5,165.0,165.5,83,167.18,2377
2026-08-14 09:50:00,165.5,165.5,164.5,164.5,376,167.05,2377
2026-08-14 09:55:00,164.5,164.5,163.0,163.5,947,166.65,2377
2026-08-14 10:00:00,163.0,164.0,162.5,164.0,923,166.27,2377
2026-08-14 10:05:00,164.0,164.5,163.0,163.5,615,166.1,2377
2026-08-14 10:10:00,163.5,164.5,163.5,164.5,126,166.07,2377
2026-08-14 10:15:00,164.5,164.5,163.5,163.5,166,166.04,2377
2026-08-14 10:20:00,163.5,165.0,163.5,164.0,271,165.98,2377
2026-08-14 10:25:00,164.0,164.5,164.0,164.5,35,165.98,2377
2026-08-14 10:30:00,164.5,166.0,164.0,165.0,354,165.95,2377
2026-08-14 10:35:00,165.5,166.0,164.5,165.5,387,165.92,2377
2026-08-14 10:40:00,165.0,166.0,165.0,165.5,138,165.91,2377
2026-08-14 10:45:00,166.0,166.0,165.0,165.0,149,165.91,2377
2026-08-14 10:50:00,165.5,165.5,164.0,164.5,147,165.89,2377
2026-08-14 10:55:00,164.5,164.5,163.0,163.0,387,165.82,2377
2026-08-14 11:00:00,163.0,163.5,162.5,163.0,757,165.63,2377
2026-08-14 11:05:00,163.0,163.0,161.0,161.0,1535,165.21,2377
2026-08-14 11:10:00,161.0,162.0,161.0,161.5,450,165.09,2377
2026-08-14 11:15:00,161.5,162.5,161.0,161.5,385,165.0,2377
2026-08-14 11:20:00,161.5,162.0,161.0,161.5,177,164.96,2377
2026-08-14 11:25:00,162.0,162.0,161.5,162.0,101,164.94,2377
2026-08-14 11:30:00,161.5,162.0,161.0,161.5,389,164.85,2377
2026-08-14 11:35:00,161.5,162.0,161.0,162.0,162,164.82,2377
2026-08-14 11:40:00,161.5,162.0,161.5,162.0,93,164.8,2377
2026-08-14 11:45:00,162.0,162.5,161.5,162.0,155,164.77,2377
2026-08-14 11:50:00,162.0,162.5,162.0,162.0,61,164.76,2377
2026-08-14 11:55:00,162.0,162.5,162.0,162.0,136,164.74,2377
2026-08-14 12:00:00,162.0,162.5,162.0,162.0,80,164.73,2377
2026-08-14 12:05:00,162.0,162.5,161.0,161.0,213,164.69,2377
2026-08-14 12:10:00,161.0,161.5,161.0,161.5,287,164.62,2377
2026-08-14 12:15:00,161.5,161.5,160.5,161.0,328,164.55,2377
2026-08-14 12:20:00,160.5,161.0,160.0,160.0,521,164.43,2377
2026-08-14 12:25:00,160.0,160.5,160.0,160.5,169,164.39,2377
2026-08-14 12:30:00,160.5,160.5,159.0,159.5,977,164.15,2377
2026-08-14 12:35:00,159.0,161.0,159.0,160.5,818,163.95,2377
2026-08-14 12:40:00,160.0,160.5,160.0,160.5,91,163.94,2377
2026-08-14 12:45:00,160.5,160.5,159.5,160.0,189,163.9,2377
2026-08-14 12:50:00,160.0,160.5,159.5,159.5,267,163.84,2377
2026-08-14 12:55:00,159.5,160.5,159.5,159.5,681,163.71,2377
2026-08-14 13:00:00,159.5,159.5,158.5,159.0,588,163.58,2377
2026-08-14 13:05:00,158.5,159.0,158.5,158.5,453,163.47,2377
2026-08-14 13:10:00,159.0,160.0,158.5,160.0,421,163.39,2377
2026-08-14 13:15:00,160.0,160.0,159.5,159.5,369,163.33,2377
2026-08-14 13:20:00,159.5,159.5,158.5,159.5,733,163.19,2377
2026-08-14 13:30:00,159.0,159.0,159.0,159.0,1379,162.95,2377
2026-08-17 09:00:00,158.5,158.5,154.5,155.0,1640,156.06,2377
2026-08-17 09:05:00,155.0,157.0,154.5,156.5,553,155.99,2377
2026-08-17 09:10:00,156.5,157.0,154.0,154.0,855,155.66,2377
2026-08-17 09:15:00,154.0,154.5,153.0,154.0,698,155.27,2377
2026-08-17 09:20:00,154.0,154.5,153.0,153.5,527,155.08,2377
2026-08-17 09:25:00,153.5,153.5,152.5,153.0,690,154.8,2377
2026-08-17 09:30:00,152.5,153.5,152.0,152.0,610,154.56,2377
2026-08-17 09:35:00,152.0,152.5,150.5,151.5,1232,154.0,2377
2026-08-17 09:40:00,152.0,152.0,151.5,151.5,422,153.87,2377
2026-08-17 09:45:00,151.5,152.0,151.0,151.5,267,153.79,2377
2026-08-17 09:50:00,151.5,151.5,150.0,150.5,1178,153.36,2377
2026-08-17 09:55:00,150.5,151.0,150.0,150.5,353,153.25,2377
2026-08-17 10:00:00,150.5,151.0,150.5,151.0,197,153.2,2377
2026-08-17 10:05:00,150.5,151.0,150.0,150.5,412,153.08,2377
2026-08-17 10:10:00,150.5,151.0,150.0,150.5,219,153.02,2377
2026-08-17 10:15:00,150.0,151.0,150.0,151.0,409,152.92,2377
2026-08-17 10:20:00,151.0,151.0,150.5,151.0,171,152.89,2377
2026-08-17 10:25:00,151.0,151.5,150.5,151.0,239,152.84,2377
2026-08-17 10:30:00,151.0,151.0,150.5,151.0,210,152.81,2377
2026-08-17 10:35:00,150.5,151.0,150.0,150.5,450,152.71,2377
2026-08-17 10:40:00,150.5,151.0,150.0,150.5,228,152.67,2377
2026-08-17 10:45:00,150.5,151.0,150.0,151.0,139,152.64,2377
2026-08-17 10:50:00,151.0,151.5,150.5,151.5,183,152.62,2377
2026-08-17 10:55:00,151.5,151.5,150.5,150.5,203,152.59,2377
2026-08-17 11:00:00,150.5,151.0,150.5,150.5,53,152.58,2377
2026-08-17 11:05:00,151.0,151.0,150.5,151.0,31,152.58,2377
2026-08-17 11:10:00,151.0,151.0,150.5,151.0,98,152.57,2377
2026-08-17 11:15:00,151.0,151.0,150.5,151.0,65,152.56,2377
2026-08-17 11:20:00,151.0,151.0,150.0,150.5,352,152.5,2377
2026-08-17 11:25:00,150.0,150.5,150.0,150.5,83,152.48,2377
2026-08-17 11:30:00,150.0,150.5,150.0,150.5,49,152.48,2377
2026-08-17 11:35:00,150.0,150.5,150.0,150.5,80,152.46,2377
2026-08-17 11:40:00,150.5,151.0,150.0,151.0,233,152.43,2377
2026-08-17 11:45:00,151.0,151.0,150.5,150.5,25,152.43,2377
2026-08-17 11:50:00,151.0,151.0,150.5,150.5,205,152.4,2377
2026-08-17 11:55:00,151.0,151.0,150.5,151.0,73,152.39,2377
2026-08-17 12:00:00,150.5,151.0,150.5,150.5,55,152.38,2377
2026-08-17 12:05:00,150.5,151.0,150.5,151.0,81,152.37,2377
2026-08-17 12:10:00,151.0,151.0,150.5,150.5,35,152.37,2377
2026-08-17 12:15:00,151.0,151.0,150.5,151.0,46,152.36,2377
2026-08-17 12:20:00,150.5,151.0,150.5,151.0,268,152.33,2377
2026-08-17 12:25:00,150.5,151.0,150.5,150.5,52,152.32,2377
2026-08-17 12:30:00,150.5,151.0,150.5,150.5,63,152.31,2377
2026-08-17 12:35:00,151.0,151.0,150.5,150.5,63,152.31,2377
2026-08-17 12:40:00,150.5,151.0,150.5,151.0,101,152.29,2377
2026-08-17 12:45:00,151.0,151.0,150.5,151.0,502,152.23,2377
2026-08-17 12:50:00,150.5,151.0,150.5,151.0,57,152.23,2377
2026-08-17 12:55:00,150.5,151.0,150.5,150.5,68,152.22,2377
2026-08-17 13:00:00,150.5,151.0,150.5,150.5,106,152.21,2377
2026-08-17 13:05:00,150.5,151.0,150.5,150.5,128,152.2,2377
2026-08-17 13:10:00,151.0,151.0,150.0,150.5,641,152.12,2377
2026-08-17 13:15:00,150.0,150.5,150.0,150.0,402,152.07,2377
2026-08-17 13:20:00,150.0,150.5,150.0,150.5,1019,151.95,2377
2026-08-17 13:30:00,149.5,149.5,149.5,149.5,1069,151.81,2377
2026-08-18 09:00:00,149.5,150.0,147.5,148.0,1508,148.78,2377
2026-08-18 09:05:00,148.0,148.0,146.0,146.5,678,148.22,2377
2026-08-18 09:10:00,146.0,147.5,146.0,147.0,487,147.92,2377
2026-08-18 09:15:00,146.5,147.0,146.0,146.5,551,147.71,2377
2026-08-18 09:20:00,146.5,147.0,146.0,146.5,262,147.61,2377
2026-08-18 09:25:00,146.5,146.5,145.5,146.0,683,147.36,2377
2026-08-18 09:30:00,146.0,146.0,145.5,145.5,373,147.21,2377
2026-08-18 09:35:00,145.5,146.5,145.0,146.0,307,147.12,2377
2026-08-18 09:40:00,146.0,146.0,144.5,145.0,1013,146.79,2377
2026-08-18 09:45:00,145.0,145.5,144.5,145.5,257,146.71,2377
2026-08-18 09:50:00,145.5,145.5,145.0,145.0,117,146.68,2377
2026-08-18 09:55:00,145.0,145.5,144.5,145.0,277,146.61,2377
2026-08-18 10:00:00,145.5,146.0,145.0,146.0,95,146.59,2377
2026-08-18 10:05:00,146.0,146.0,145.5,145.5,53,146.58,2377
2026-08-18 10:10:00,146.0,146.0,145.5,145.5,39,146.58,2377
2026-08-18 10:15:00,145.5,146.0,145.0,145.5,209,146.55,2377
2026-08-18 10:20:00,145.5,146.0,145.5,145.5,63,146.54,2377
2026-08-18 10:25:00,146.0,146.5,145.5,146.5,342,146.53,2377
2026-08-18 10:30:00,146.5,146.5,146.0,146.0,48,146.52,2377
2026-08-18 10:35:00,146.0,146.5,146.0,146.5,96,146.52,2377
2026-08-18 10:40:00,146.5,147.0,146.0,146.5,190,146.52,2377
2026-08-18 10:45:00,146.5,146.5,145.5,145.5,223,146.51,2377
2026-08-18 10:50:00,146.0,146.0,145.5,145.5,36,146.5,2377
2026-08-18 10:55:00,145.5,146.0,145.5,145.5,62,146.5,2377
2026-08-18 11:00:00,145.5,146.0,145.5,145.5,35,146.49,2377
2026-08-18 11:05:00,145.5,146.0,145.5,145.5,53,146.49,2377
2026-08-18 11:10:00,145.5,146.0,145.5,145.5,91,146.48,2377
2026-08-18 11:15:00,146.0,146.0,145.5,146.0,139,146.47,2377
2026-08-18 11:20:00,146.5,146.5,146.0,146.0,135,146.47,2377
2026-08-18 11:25:00,146.5,146.5,146.0,146.5,38,146.47,2377
2026-08-18 11:30:00,146.0,148.0,146.0,147.5,525,146.5,2377
2026-08-18 11:35:00,147.5,149.0,147.5,149.0,643,146.63,2377
2026-08-18 11:40:00,148.5,150.0,148.0,148.0,460,146.75,2377
2026-08-18 11:45:00,148.5,149.5,148.0,149.0,189,146.79,2377
2026-08-18 11:50:00,149.0,149.0,148.0,148.5,187,146.83,2377
2026-08-18 11:55:00,148.5,149.0,148.0,148.5,198,146.86,2377
2026-08-18 12:00:00,148.5,149.0,148.0,148.0,141,146.89,2377
2026-08-18 12:05:00,148.5,149.0,148.0,148.5,231,146.92,2377
2026-08-18 12:10:00,148.0,149.0,148.0,148.5,149,146.94,2377
2026-08-18 12:15:00,148.5,149.0,148.0,149.0,147,146.96,2377
2026-08-18 12:20:00,149.0,149.5,148.5,149.0,264,147.01,2377
2026-08-18 12:25:00,149.0,149.5,148.5,149.0,164,147.04,2377
2026-08-18 12:30:00,148.5,149.5,148.5,149.0,164,147.07,2377
2026-08-18 12:35:00,149.5,149.5,148.5,149.0,217,147.11,2377
2026-08-18 12:40:00,148.5,149.5,148.5,149.0,222,147.14,2377
2026-08-18 12:45:00,148.5,149.0,148.5,149.0,200,147.17,2377
2026-08-18 12:50:00,148.0,149.0,148.0,148.5,169,147.19,2377
2026-08-18 12:55:00,148.0,149.0,148.0,149.0,111,147.2,2377
2026-08-18 13:00:00,148.5,149.0,148.0,148.5,217,147.23,2377
2026-08-18 13:05:00,148.5,149.0,148.0,148.0,266,147.25,2377
2026-08-18 13:10:00,148.5,149.0,148.0,148.5,215,147.27,2377
2026-08-18 13:15:00,148.5,148.5,147.5,148.0,255,147.28,2377
2026-08-18 13:20:00,148.5,148.5,147.0,147.0,480,147.29,2377
2026-08-18 13:30:00,148.0,148.0,148.0,148.0,821,147.33,2377
2026-08-19 09:00:00,145.0,146.5,144.5,145.0,730,144.97,2377
2026-08-19 09:05:00,145.0,145.5,145.0,145.5,485,145.02,2377
2026-08-19 09:10:00,145.0,145.5,144.5,145.0,626,145.02,2377
2026-08-19 09:15:00,145.0,145.5,144.5,145.0,319,145.02,2377
2026-08-19 09:20:00,145.0,145.5,145.0,145.5,141,145.04,2377
2026-08-19 09:25:00,145.5,145.5,145.0,145.5,179,145.06,2377
2026-08-19 09:30:00,145.5,146.0,145.0,145.5,404,145.12,2377
2026-08-19 09:35:00,145.5,146.0,145.0,145.5,270,145.15,2377
2026-08-19 09:40:00,146.0,146.0,145.0,145.5,200,145.17,2377
2026-08-19 09:45:00,145.0,145.5,145.0,145.5,195,145.18,2377
2026-08-19 09:50:00,145.5,146.0,145.0,145.5,266,145.2,2377
2026-08-19 09:55:00,145.5,146.0,145.5,145.5,93,145.21,2377
2026-08-19 10:00:00,146.0,146.0,145.5,145.5,78,145.22,2377
2026-08-19 10:05:00,145.5,146.0,145.5,145.5,402,145.27,2377
2026-08-19 10:10:00,145.5,146.0,145.5,145.5,52,145.27,2377
2026-08-19 10:15:00,145.5,146.0,145.5,145.5,88,145.28,2377
2026-08-19 10:20:00,145.5,146.0,145.5,145.5,66,145.28,2377
2026-08-19 10:25:00,145.5,146.5,145.5,146.5,364,145.34,2377
2026-08-19 10:30:00,146.5,146.5,146.0,146.0,119,145.36,2377
2026-08-19 10:35:00,146.0,146.0,145.5,145.5,173,145.37,2377
2026-08-19 10:40:00,146.0,146.0,145.5,146.0,77,145.37,2377
2026-08-19 10:45:00,145.5,146.5,145.5,146.0,267,145.4,2377
2026-08-19 10:50:00,146.0,146.0,145.5,146.0,84,145.41,2377
2026-08-19 10:55:00,146.0,147.0,146.0,147.0,619,145.5,2377
2026-08-19 11:00:00,147.0,147.5,147.0,147.5,90,145.53,2377
2026-08-19 11:05:00,147.5,147.5,147.0,147.5,69,145.55,2377
2026-08-19 11:10:00,147.5,147.5,147.0,147.0,113,145.57,2377
2026-08-19 11:15:00,147.0,147.5,147.0,147.5,128,145.6,2377
2026-08-19 11:20:00,147.0,147.5,147.0,147.5,50,145.62,2377
2026-08-19 11:25:00,147.5,147.5,146.5,146.5,246,145.65,2377
2026-08-19 11:30:00,147.0,147.0,146.5,146.5,79,145.67,2377
2026-08-19 11:35:00,146.5,147.0,146.5,147.0,233,145.7,2377
2026-08-19 11:40:00,147.0,147.5,147.0,147.0,40,145.71,2377
2026-08-19 11:45:00,147.0,147.5,147.0,147.0,79,145.73,2377
2026-08-19 11:50:00,147.0,147.5,147.0,147.5,60,145.74,2377
2026-08-19 11:55:00,147.0,147.5,147.0,147.0,142,145.77,2377
2026-08-19 12:00:00,147.5,147.5,147.0,147.5,114,145.79,2377
2026-08-19 12:05:00,147.5,147.5,146.5,146.5,250,145.83,2377
2026-08-19 12:10:00,146.5,147.0,146.5,146.5,109,145.84,2377
2026-08-19 12:15:00,146.5,147.0,146.5,146.5,91,145.84,2377
2026-08-19 12:20:00,146.5,147.0,146.5,147.0,65,145.85,2377
2026-08-19 12:25:00,146.5,147.0,146.5,147.0,153,145.86,2377
2026-08-19 12:30:00,147.0,148.0,146.5,148.0,776,145.99,2377
2026-08-19 12:35:00,148.0,148.0,147.5,148.0,88,146.01,2377
2026-08-19 12:40:00,148.0,148.0,147.5,147.5,93,146.03,2377
2026-08-19 12:45:00,148.0,148.0,147.0,147.0,294,146.07,2377
2026-08-19 12:50:00,147.0,147.5,146.5,147.0,242,146.09,2377
2026-08-19 12:55:00,147.0,147.0,146.5,147.0,119,146.1,2377
2026-08-19 13:00:00,147.0,147.5,146.5,147.5,406,146.13,2377
2026-08-19 13:05:00,147.0,147.5,147.0,147.5,196,146.15,2377
2026-08-19 13:10:00,147.5,147.5,146.5,146.5,421,146.19,2377
2026-08-19 13:15:00,147.0,147.0,146.5,147.0,232,146.2,2377
2026-08-19 13:20:00,147.0,147.0,146.5,147.0,457,146.22,2377
2026-08-19 13:30:00,146.5,146.5,146.5,146.5,881,146.24,2377
2026-08-20 09:00:00,144.0,145.5,142.5,143.0,2076,143.9,2377
2026-08-20 09:05:00,142.5,143.5,142.5,143.0,1215,143.47,2377
2026-08-20 09:10:00,142.5,143.0,142.5,142.5,537,143.35,2377
2026-08-20 09:15:00,143.0,143.0,142.0,142.0,714,143.2,2377
2026-08-20 09:20:00,142.0,142.5,142.0,142.0,514,143.1,2377
2026-08-20 09:25:00,142.0,142.5,141.0,141.0,679,142.92,2377
2026-08-20 09:30:00,141.0,141.5,140.5,140.5,701,142.7,2377
2026-08-20 09:35:00,140.5,141.5,140.5,140.5,604,142.54,2377
2026-08-20 09:40:00,141.0,141.5,140.5,141.0,288,142.48,2377
2026-08-20 09:45:00,141.0,141.5,140.5,140.5,324,142.41,2377
2026-08-20 09:50:00,140.5,141.0,140.5,141.0,300,142.34,2377
2026-08-20 09:55:00,140.5,141.0,140.0,140.0,508,142.21,2377
2026-08-20 10:00:00,140.0,141.0,140.0,141.0,364,142.14,2377
2026-08-20 10:05:00,141.0,141.0,140.0,140.0,412,142.06,2377
2026-08-20 10:10:00,140.5,140.5,139.5,139.5,917,141.87,2377
2026-08-20 10:15:00,139.5,140.0,139.5,139.5,372,141.79,2377
2026-08-20 10:20:00,139.5,139.5,139.0,139.5,334,141.7,2377
2026-08-20 10:25:00,139.0,139.5,139.0,139.5,210,141.66,2377
2026-08-20 10:30:00,139.5,140.0,139.0,139.5,190,141.62,2377
2026-08-20 10:35:00,139.5,139.5,139.0,139.5,196,141.58,2377
2026-08-20 10:40:00,139.5,140.0,139.5,139.5,114,141.56,2377
2026-08-20 10:45:00,139.5,140.0,139.0,139.0,135,141.54,2377
2026-08-20 10:50:00,139.0,139.5,139.0,139.0,168,141.51,2377
2026-08-20 10:55:00,139.0,139.5,139.0,139.0,109,141.48,2377
2026-08-20 11:00:00,139.0,140.0,139.0,140.0,235,141.44,2377
2026-08-20 11:05:00,139.5,140.0,139.0,139.0,137,141.42,2377
2026-08-20 11:10:00,139.0,139.5,139.0,139.5,118,141.4,2377
2026-08-20 11:15:00,139.0,139.5,139.0,139.0,58,141.39,2377
2026-08-20 11:20:00,139.5,139.5,139.0,139.0,81,141.37,2377
2026-08-20 11:25:00,139.5,139.5,139.0,139.0,154,141.35,2377
2026-08-20 11:30:00,139.0,139.5,139.0,139.5,82,141.33,2377
2026-08-20 11:35:00,139.0,139.5,139.0,139.0,211,141.3,2377
2026-08-20 11:40:00,139.5,139.5,138.5,138.5,230,141.25,2377
2026-08-20 11:45:00,138.5,139.0,138.5,138.5,95,141.24,2377
2026-08-20 11:50:00,139.0,139.5,139.0,139.0,105,141.22,2377
2026-08-20 11:55:00,139.5,139.5,139.0,139.0,47,141.21,2377
2026-08-20 12:00:00,139.0,139.5,139.0,139.5,186,141.19,2377
2026-08-20 12:05:00,139.5,140.0,139.5,139.5,20,141.19,2377
2026-08-20 12:10:00,140.0,140.5,139.5,140.5,749,141.13,2377
2026-08-20 12:15:00,140.5,140.5,140.0,140.0,132,141.12,2377
2026-08-20 12:20:00,140.5,140.5,140.0,140.0,68,141.12,2377
2026-08-20 12:25:00,140.5,140.5,140.0,140.0,72,141.11,2377
2026-08-20 12:30:00,140.5,140.5,140.0,140.0,58,141.11,2377
2026-08-20 12:35:00,140.0,140.5,140.0,140.0,105,141.1,2377
2026-08-20 12:40:00,140.0,140.0,139.5,139.5,120,141.09,2377
2026-08-20 12:45:00,139.5,140.0,139.5,139.5,66,141.08,2377
2026-08-20 12:50:00,139.5,140.0,139.5,140.0,195,141.07,2377
2026-08-20 12:55:00,140.0,140.5,139.5,140.0,122,141.06,2377
2026-08-20 13:00:00,140.0,140.5,140.0,140.0,130,141.06,2377
2026-08-20 13:05:00,140.5,140.5,140.0,140.5,90,141.05,2377
2026-08-20 13:10:00,140.0,140.5,140.0,140.0,85,141.05,2377
2026-08-20 13:15:00,140.5,140.5,140.0,140.0,218,141.04,2377
2026-08-20 13:20:00,140.5,140.5,140.0,140.5,516,141.02,2377
2026-08-20 13:30:00,140.0,140.0,140.0,140.0,702,140.97,2377
2026-08-21 09:00:00,140.0,141.0,140.0,140.0,318,140.27,2377
2026-08-21 09:05:00,140.0,141.0,140.0,141.0,435,140.23,2377
2026-08-21 09:10:00,141.0,141.0,140.0,140.5,142,140.27,2377
2026-08-21 09:15:00,140.5,141.0,140.5,141.0,74,140.3,2377
2026-08-21 09:20:00,140.5,141.0,140.5,140.5,89,140.32,2377
2026-08-21 09:25:00,140.5,141.0,140.5,140.5,37,140.33,2377
2026-08-21 09:30:00,141.0,141.0,140.5,140.5,52,140.35,2377
2026-08-21 09:35:00,140.5,141.5,140.5,141.0,151,140.43,2377
2026-08-21 09:40:00,141.5,141.5,141.0,141.0,66,140.46,2377
2026-08-21 09:45:00,141.0,142.0,141.0,141.5,125,140.55,2377
2026-08-21 09:50:00,141.5,142.0,141.0,141.0,68,140.58,2377
2026-08-21 09:55:00,141.0,141.0,140.5,141.0,145,140.61,2377
2026-08-21 10:00:00,141.0,141.0,140.5,140.5,100,140.6,2377
2026-08-21 10:05:00,140.5,141.0,140.5,141.0,72,140.61,2377
2026-08-21 10:10:00,141.0,141.5,141.0,141.0,31,140.62,2377
2026-08-21 10:15:00,141.0,141.5,141.0,141.5,18,140.62,2377
2026-08-21 10:20:00,141.0,141.5,140.5,141.5,155,140.63,2377
2026-08-21 10:25:00,141.0,141.5,141.0,141.5,28,140.64,2377
2026-08-21 10:30:00,141.5,141.5,141.0,141.0,20,140.65,2377
2026-08-21 10:35:00,141.0,141.5,141.0,141.0,48,140.66,2377
2026-08-21 10:40:00,141.0,141.5,141.0,141.0,46,140.66,2377
2026-08-21 10:45:00,141.0,141.5,140.5,141.0,59,140.67,2377
2026-08-21 10:50:00,141.0,141.0,140.5,140.5,31,140.67,2377
2026-08-21 10:55:00,140.5,141.5,140.5,141.0,86,140.68,2377
2026-08-21 11:00:00,141.5,141.5,141.0,141.0,41,140.69,2377
2026-08-21 11:05:00,141.0,141.5,141.0,141.0,51,140.69,2377
2026-08-21 11:10:00,141.0,141.5,141.0,141.0,43,140.7,2377
2026-08-21 11:15:00,141.0,141.0,140.5,140.5,61,140.7,2377
2026-08-21 11:20:00,140.5,141.0,140.5,141.0,23,140.7,2377
2026-08-21 11:25:00,141.0,141.5,140.5,141.5,214,140.74,2377
2026-08-21 11:30:00,141.5,142.0,141.5,141.5,86,140.77,2377
2026-08-21 11:35:00,141.5,141.5,141.0,141.0,35,140.77,2377
2026-08-21 11:40:00,141.0,141.0,141.0,141.0,32,140.77,2377
2026-08-21 11:45:00,141.0,141.5,141.0,141.0,32,140.78,2377
2026-08-21 11:50:00,141.0,141.0,141.0,141.0,46,140.78,2377
2026-08-21 11:55:00,141.0,141.0,140.5,141.0,42,140.78,2377
2026-08-21 12:00:00,141.0,141.0,140.5,141.0,42,140.78,2377
2026-08-21 12:05:00,140.5,141.0,140.5,141.0,26,140.78,2377
2026-08-21 12:10:00,141.0,141.0,140.5,140.5,16,140.78,2377
2026-08-21 12:15:00,141.0,141.0,140.5,141.0,32,140.77,2377
2026-08-21 12:20:00,140.5,141.0,140.5,140.5,38,140.77,2377
2026-08-21 12:25:00,140.5,141.0,140.5,140.5,28,140.77,2377
2026-08-21 12:30:00,141.0,141.0,140.5,141.0,51,140.77,2377
2026-08-21 12:35:00,141.0,141.5,140.5,141.0,115,140.78,2377
2026-08-21 12:40:00,141.0,141.5,141.0,141.0,65,140.79,2377
2026-08-21 12:45:00,141.0,141.5,141.0,141.5,155,140.82,2377
2026-08-21 12:50:00,141.5,142.0,141.5,141.5,72,140.83,2377
2026-08-21 12:55:00,142.0,142.0,141.5,141.5,97,140.86,2377
2026-08-21 13:00:00,142.0,142.0,141.5,141.5,85,140.88,2377
2026-08-21 13:05:00,141.5,142.0,141.5,141.5,92,140.9,2377
2026-08-21 13:10:00,141.5,142.0,141.5,141.5,134,140.92,2377
2026-08-21 13:15:00,142.0,142.0,141.5,141.5,90,140.94,2377
2026-08-21 13:20:00,142.0,142.5,141.5,142.0,334,141.01,2377
2026-08-21 13:30:00,141.5,141.5,141.5,141.5,351,141.04,2377
2026-08-24 09:00:00,142.0,143.0,141.5,143.0,339,142.15,2377
2026-08-24 09:05:00,143.0,143.0,142.5,143.0,134,142.37,2377
2026-08-24 09:10:00,143.0,143.5,142.5,142.5,251,142.57,2377
2026-08-24 09:15:00,142.5,143.5,142.5,143.0,109,142.63,2377
2026-08-24 09:20:00,143.0,143.5,143.0,143.0,76,142.66,2377
2026-08-24 09:25:00,143.0,143.5,142.5,142.5,132,142.71,2377
2026-08-24 09:30:00,142.5,143.5,142.5,143.0,161,142.74,2377
2026-08-24 09:35:00,143.0,144.5,143.0,144.0,382,142.97,2377
2026-08-24 09:40:00,144.0,144.5,144.0,144.0,106,143.04,2377
2026-08-24 09:45:00,144.0,145.0,144.0,144.0,385,143.31,2377
2026-08-24 09:50:00,144.0,144.5,143.5,144.5,100,143.34,2377
2026-08-24 09:55:00,144.5,144.5,143.0,143.0,170,143.36,2377
2026-08-24 10:00:00,143.0,143.5,143.0,143.5,172,143.36,2377
2026-08-24 10:05:00,143.5,144.0,143.0,143.0,58,143.36,2377
2026-08-24 10:10:00,143.5,144.0,143.0,143.5,43,143.37,2377
2026-08-24 10:15:00,143.5,144.0,143.5,143.5,21,143.37,2377
2026-08-24 10:20:00,143.5,144.0,143.5,143.5,26,143.37,2377
2026-08-24 10:25:00,143.5,144.0,143.5,144.0,18,143.37,2377
2026-08-24 10:30:00,143.5,144.0,143.5,143.5,21,143.37,2377
2026-08-24 10:35:00,143.5,144.0,143.5,143.5,21,143.38,2377
2026-08-24 10:40:00,143.5,144.0,143.5,144.0,31,143.38,2377
2026-08-24 10:45:00,143.5,144.0,143.5,144.0,29,143.39,2377
2026-08-24 10:50:00,144.0,144.0,143.5,143.5,36,143.39,2377
2026-08-24 10:55:00,143.5,144.0,143.5,143.5,28,143.4,2377
2026-08-24 11:00:00,143.5,144.0,143.5,143.5,34,143.4,2377
2026-08-24 11:05:00,143.5,144.0,143.5,143.5,50,143.4,2377
2026-08-24 11:10:00,143.5,143.5,143.5,143.5,79,143.4,2377
2026-08-24 11:15:00,143.5,144.0,143.0,144.0,365,143.45,2377
2026-08-24 11:20:00,143.5,144.0,143.5,143.5,9,143.45,2377
2026-08-24 11:25:00,143.5,144.0,143.5,143.5,37,143.45,2377
2026-08-24 11:30:00,143.5,144.0,143.5,143.5,18,143.45,2377
2026-08-24 11:35:00,143.5,143.5,143.5,143.5,12,143.45,2377
2026-08-24 11:40:00,143.5,144.0,143.5,143.5,16,143.45,2377
2026-08-24 11:45:00,143.5,144.0,143.5,143.5,31,143.45,2377
2026-08-24 11:50:00,143.5,144.0,143.5,143.5,41,143.46,2377
2026-08-24 11:55:00,143.5,144.0,143.5,143.5,63,143.46,2377
2026-08-24 12:00:00,143.5,143.5,143.0,143.5,50,143.46,2377
2026-08-24 12:05:00,143.5,143.5,143.5,143.5,51,143.46,2377
2026-08-24 12:10:00,143.0,143.5,143.0,143.0,16,143.46,2377
2026-08-24 12:15:00,143.0,143.5,143.0,143.5,74,143.46,2377
2026-08-24 12:20:00,143.5,144.0,143.5,144.0,23,143.46,2377
2026-08-24 12:25:00,143.5,144.0,143.5,144.0,15,143.46,2377
2026-08-24 12:30:00,144.0,144.5,144.0,144.5,292,143.52,2377
2026-08-24 12:35:00,144.5,145.0,144.0,144.5,172,143.56,2377
2026-08-24 12:40:00,144.5,145.0,144.5,145.0,83,143.59,2377
2026-08-24 12:45:00,145.0,145.0,144.5,145.0,72,143.61,2377
2026-08-24 12:50:00,145.0,145.0,144.5,145.0,83,143.64,2377
2026-08-24 12:55:00,144.5,145.0,144.5,144.5,412,143.71,2377
2026-08-24 13:00:00,145.0,145.0,144.5,144.5,126,143.74,2377
2026-08-24 13:05:00,145.0,145.0,144.5,144.5,235,143.77,2377
2026-08-24 13:10:00,144.5,144.5,144.0,144.5,103,143.79,2377
2026-08-24 13:15:00,144.5,144.5,144.0,144.0,125,143.79,2377
2026-08-24 13:20:00,144.0,144.5,143.5,144.5,309,143.8,2377
2026-08-24 13:30:00,144.0,144.0,144.0,144.0,287,143.81,2377
2026-08-25 09:00:00,143.5,143.5,142.0,142.5,246,142.71,2377
2026-08-25 09:05:00,142.5,143.0,142.0,142.5,164,142.62,2377
2026-08-25 09:10:00,143.0,143.0,142.0,142.5,135,142.59,2377
2026-08-25 09:15:00,142.5,142.5,142.0,142.5,22,142.57,2377
2026-08-25 09:20:00,142.5,142.5,141.0,141.5,356,142.27,2377
2026-08-25 09:25:00,141.5,142.0,141.0,141.0,158,142.15,2377
2026-08-25 09:30:00,141.0,141.5,141.0,141.5,43,142.12,2377
2026-08-25 09:35:00,141.5,142.0,141.5,142.0,80,142.11,2377
2026-08-25 09:40:00,142.0,142.5,141.5,141.5,67,142.1,2377
2026-08-25 09:45:00,141.5,142.0,141.5,142.0,17,142.1,2377
2026-08-25 09:50:00,142.0,142.0,141.5,142.0,22,142.09,2377
2026-08-25 09:55:00,141.5,142.0,141.5,142.0,79,142.09,2377
2026-08-25 10:00:00,142.0,142.0,142.0,142.0,28,142.08,2377
2026-08-25 10:05:00,142.0,142.0,141.5,141.5,21,142.08,2377
2026-08-25 10:10:00,141.5,141.5,141.5,141.5,14,142.08,2377
2026-08-25 10:15:00,141.5,142.0,141.5,142.0,36,142.07,2377
2026-08-25 10:20:00,142.0,142.5,142.0,142.5,88,142.07,2377
2026-08-25 10:25:00,142.5,142.5,142.0,142.5,17,142.07,2377
2026-08-25 10:30:00,142.5,142.5,142.0,142.0,64,142.07,2377
2026-08-25 10:35:00,142.0,142.0,142.0,142.0,27,142.07,2377
2026-08-25 10:40:00,142.0,142.0,142.0,142.0,22,142.07,2377
2026-08-25 10:45:00,142.0,142.0,141.5,141.5,32,142.06,2377
2026-08-25 10:50:00,141.5,142.0,141.5,141.5,30,142.05,2377
2026-08-25 10:55:00,141.5,142.0,141.5,141.5,39,142.04,2377
2026-08-25 11:00:00,141.5,142.0,141.5,142.0,74,142.02,2377
2026-08-25 11:05:00,142.0,142.0,141.5,141.5,18,142.02,2377
2026-08-25 11:10:00,141.5,142.0,141.5,141.5,60,142.0,2377
2026-08-25 11:15:00,141.5,142.5,141.5,142.5,136,142.0,2377
2026-08-25 11:20:00,142.5,142.5,142.0,142.0,25,142.0,2377
2026-08-25 11:25:00,142.0,142.5,142.0,142.5,19,142.0,2377
2026-08-25 11:30:00,142.0,142.5,142.0,142.5,32,142.01,2377
2026-08-25 11:35:00,142.0,142.5,142.0,142.0,21,142.01,2377
2026-08-25 11:40:00,142.0,142.5,142.0,142.0,30,142.01,2377
2026-08-25 11:45:00,142.0,142.0,142.0,142.0,21,142.01,2377
2026-08-25 11:50:00,142.0,142.5,142.0,142.0,24,142.01,2377
2026-08-25 11:55:00,142.0,142.0,142.0,142.0,16,142.01,2377
2026-08-25 12:00:00,142.0,142.5,142.0,142.0,12,142.01,2377
2026-08-25 12:05:00,142.0,142.5,142.0,142.5,19,142.01,2377
2026-08-25 12:10:00,142.5,142.5,142.0,142.0,14,142.01,2377
2026-08-25 12:15:00,142.5,143.0,142.0,143.0,110,142.03,2377
2026-08-25 12:20:00,142.5,143.0,142.5,143.0,28,142.04,2377
2026-08-25 12:25:00,143.0,143.0,142.5,142.5,36,142.05,2377
2026-08-25 12:30:00,142.5,143.0,142.5,142.5,30,142.06,2377
2026-08-25 12:35:00,142.5,143.0,142.5,143.0,17,142.06,2377
2026-08-25 12:40:00,142.5,143.5,142.5,143.5,145,142.11,2377
2026-08-25 12:45:00,143.5,143.5,143.0,143.5,80,142.14,2377
2026-08-25 12:50:00,143.0,143.5,143.0,143.0,65,142.17,2377
2026-08-25 12:55:00,143.0,143.5,143.0,143.5,67,142.19,2377
2026-08-25 13:00:00,143.5,143.5,143.0,143.0,107,142.22,2377
2026-08-25 13:05:00,143.0,143.5,143.0,143.0,21,142.23,2377
2026-08-25 13:10:00,143.5,143.5,143.0,143.5,23,142.23,2377
2026-08-25 13:15:00,143.0,144.0,143.0,143.5,182,142.31,2377
2026-08-25 13:20:00,144.0,144.0,143.5,144.0,137,142.38,2377
2026-08-25 13:30:00,144.0,144.0,144.0,144.0,254,142.49,2377
2026-08-26 09:00:00,144.5,145.5,144.0,145.5,285,144.66,2377
2026-08-26 09:05:00,145.0,145.5,144.0,144.0,157,144.68,2377
2026-08-26 09:10:00,144.0,145.0,144.0,145.0,126,144.66,2377
2026-08-26 09:15:00,145.0,145.0,144.0,145.0,128,144.64,2377
2026-08-26 09:20:00,144.5,145.0,144.0,144.0,67,144.62,2377
2026-08-26 09:25:00,144.0,144.5,144.0,144.5,32,144.61,2377
2026-08-26 09:30:00,144.5,144.5,144.0,144.5,51,144.6,2377
2026-08-26 09:35:00,144.5,146.0,144.5,146.0,463,144.84,2377
2026-08-26 09:40:00,146.0,146.5,145.5,146.0,269,145.04,2377
2026-08-26 09:45:00,146.0,146.5,145.5,146.0,256,145.19,2377
2026-08-26 09:50:00,146.0,146.0,145.5,146.0,33,145.2,2377
2026-08-26 09:55:00,146.0,146.5,146.0,146.5,189,145.28,2377
2026-08-26 10:00:00,146.0,146.0,145.0,145.0,461,145.31,2377
2026-08-26 10:05:00,145.0,145.5,145.0,145.0,48,145.31,2377
2026-08-26 10:10:00,145.0,146.0,145.0,145.5,113,145.32,2377
2026-08-26 10:15:00,146.0,146.0,145.5,145.5,35,145.32,2377
2026-08-26 10:20:00,145.5,146.0,145.5,146.0,51,145.33,2377
2026-08-26 10:25:00,146.0,147.0,145.5,147.0,734,145.56,2377
2026-08-26 10:30:00,147.0,147.0,146.5,147.0,103,145.6,2377
2026-08-26 10:35:00,146.5,147.0,146.5,146.5,48,145.61,2377
2026-08-26 10:40:00,146.5,147.0,146.5,147.0,45,145.63,2377
2026-08-26 10:45:00,146.5,147.0,146.5,146.5,141,145.66,2377
2026-08-26 10:50:00,146.5,147.0,146.5,146.5,146,145.69,2377
2026-08-26 10:55:00,146.5,146.5,146.0,146.0,111,145.71,2377
2026-08-26 11:00:00,146.0,146.5,146.0,146.0,22,145.72,2377
2026-08-26 11:05:00,146.0,146.5,146.0,146.0,55,145.72,2377
2026-08-26 11:10:00,146.0,146.5,146.0,146.5,48,145.72,2377
2026-08-26 11:15:00,146.5,146.5,146.0,146.0,39,145.73,2377
2026-08-26 11:20:00,146.0,146.5,146.0,146.5,27,145.73,2377
2026-08-26 11:25:00,146.5,146.5,145.5,145.5,276,145.73,2377
2026-08-26 11:30:00,145.0,146.0,145.0,146.0,120,145.72,2377
2026-08-26 11:35:00,146.0,146.0,145.5,146.0,35,145.72,2377
2026-08-26 11:40:00,146.0,146.0,145.5,146.0,33,145.73,2377
2026-08-26 11:45:00,146.0,146.0,145.5,146.0,18,145.73,2377
2026-08-26 11:50:00,146.0,146.0,145.5,146.0,24,145.73,2377
2026-08-26 11:55:00,146.0,146.0,145.5,146.0,32,145.73,2377
2026-08-26 12:00:00,145.5,145.5,145.0,145.5,295,145.7,2377
2026-08-26 12:05:00,145.5,145.5,145.0,145.5,16,145.7,2377
2026-08-26 12:10:00,145.0,145.5,145.0,145.5,77,145.7,2377
2026-08-26 12:15:00,146.0,146.0,145.5,145.5,26,145.7,2377
2026-08-26 12:20:00,146.0,146.0,145.5,145.5,17,145.7,2377
2026-08-26 12:25:00,146.0,146.0,145.0,145.0,60,145.69,2377
2026-08-26 12:30:00,145.5,145.5,145.0,145.5,52,145.69,2377
2026-08-26 12:35:00,145.5,146.0,145.5,145.5,79,145.69,2377
2026-08-26 12:40:00,146.0,146.0,145.5,146.0,48,145.69,2377
2026-08-26 12:45:00,146.0,146.0,145.5,146.0,30,145.69,2377
2026-08-26 12:50:00,146.0,146.0,145.5,146.0,55,145.69,2377
2026-08-26 12:55:00,146.0,146.0,145.5,146.0,66,145.7,2377
2026-08-26 13:00:00,146.0,146.0,145.5,146.0,94,145.7,2377
2026-08-26 13:05:00,146.0,146.0,145.5,146.0,60,145.7,2377
2026-08-26 13:10:00,145.5,146.0,145.5,146.0,66,145.71,2377
2026-08-26 13:15:00,146.0,146.0,145.5,146.0,127,145.71,2377
2026-08-26 13:20:00,146.0,146.5,146.0,146.5,194,145.73,2377
2026-08-26 13:30:00,146.0,146.0,146.0,146.0,574,145.75,2377
2026-08-27 09:00:00,147.0,148.0,146.5,147.5,526,147.12,2377
2026-08-27 09:05:00,147.5,148.0,147.0,147.0,285,147.16,2377
2026-08-27 09:10:00,147.5,147.5,145.5,146.0,476,146.9,2377
2026-08-27 09:15:00,145.5,147.0,145.5,146.5,197,146.81,2377
2026-08-27 09:20:00,146.5,147.0,146.5,147.0,95,146.82,2377
2026-08-27 09:25:00,147.0,147.5,147.0,147.0,181,146.84,2377
2026-08-27 09:30:00,147.0,148.5,147.0,148.5,885,147.22,2377
2026-08-27 09:35:00,148.5,148.5,148.0,148.0,116,147.27,2377
2026-08-27 09:40:00,148.0,148.5,147.0,147.5,299,147.32,2377
2026-08-27 09:45:00,147.5,147.5,147.0,147.5,53,147.32,2377
2026-08-27 09:50:00,147.5,147.5,146.5,147.0,233,147.29,2377
2026-08-27 09:55:00,146.5,147.0,146.5,147.0,90,147.28,2377
2026-08-27 10:00:00,147.0,147.0,146.5,147.0,66,147.27,2377
2026-08-27 10:05:00,146.5,147.0,146.5,146.5,50,147.26,2377
2026-08-27 10:10:00,146.5,147.0,146.5,146.5,43,147.25,2377
2026-08-27 10:15:00,146.5,147.0,146.5,146.5,49,147.25,2377
2026-08-27 10:20:00,146.5,147.0,146.5,146.5,45,147.24,2377
2026-08-27 10:25:00,146.5,147.0,146.5,146.5,44,147.23,2377
2026-08-27 10:30:00,146.5,147.0,146.5,147.0,110,147.21,2377
2026-08-27 10:35:00,146.5,147.0,146.0,146.0,279,147.16,2377
2026-08-27 10:40:00,146.0,146.5,146.0,146.0,126,147.13,2377
2026-08-27 10:45:00,146.0,146.5,146.0,146.5,89,147.1,2377
2026-08-27 10:50:00,146.5,147.0,146.0,146.5,227,147.07,2377
2026-08-27 10:55:00,146.5,147.0,146.5,147.0,47,147.07,2377
2026-08-27 11:00:00,146.5,147.0,146.5,146.5,73,147.06,2377
2026-08-27 11:05:00,146.5,147.0,146.5,146.5,84,147.05,2377
2026-08-27 11:10:00,146.5,147.0,146.5,146.5,55,147.05,2377
2026-08-27 11:15:00,146.5,147.0,146.5,146.5,68,147.04,2377
2026-08-27 11:20:00,146.5,147.0,146.5,147.0,62,147.03,2377
2026-08-27 11:25:00,146.5,147.0,146.5,146.5,73,147.03,2377
2026-08-27 11:30:00,146.5,146.5,146.0,146.0,174,147.01,2377
2026-08-27 11:35:00,146.0,146.0,145.5,145.5,358,146.93,2377
2026-08-27 11:40:00,145.5,146.0,145.5,145.5,126,146.9,2377
2026-08-27 11:45:00,145.5,146.0,145.5,145.5,45,146.89,2377
2026-08-27 11:50:00,145.5,146.0,145.0,145.0,172,146.85,2377
2026-08-27 11:55:00,145.0,145.5,145.0,145.5,57,146.83,2377
2026-08-27 12:00:00,145.0,146.0,145.0,145.5,178,146.79,2377
2026-08-27 12:05:00,145.5,146.0,145.5,145.5,38,146.79,2377
2026-08-27 12:10:00,145.5,146.0,145.5,145.5,61,146.78,2377
2026-08-27 12:15:00,145.5,145.5,145.0,145.5,131,146.75,2377
2026-08-27 12:20:00,145.0,145.5,145.0,145.0,43,146.74,2377
2026-08-27 12:25:00,145.0,145.5,144.5,144.5,406,146.63,2377
2026-08-27 12:30:00,145.0,145.0,144.5,144.5,155,146.58,2377
2026-08-27 12:35:00,145.0,145.0,144.5,144.5,68,146.56,2377
2026-08-27 12:40:00,145.0,145.0,144.5,145.0,84,146.54,2377
2026-08-27 12:45:00,144.5,145.0,144.5,144.5,73,146.52,2377
2026-08-27 12:50:00,145.0,145.0,144.5,145.0,102,146.49,2377
2026-08-27 12:55:00,144.5,145.0,144.0,144.5,164,146.45,2377
2026-08-27 13:00:00,144.0,145.0,144.0,145.0,301,146.37,2377
2026-08-27 13:05:00,145.0,145.0,144.5,144.5,100,146.36,2377
2026-08-27 13:10:00,144.5,145.0,144.5,145.0,60,146.34,2377
2026-08-27 13:15:00,144.5,145.0,144.5,145.0,88,146.33,2377
2026-08-27 13:20:00,145.0,145.0,144.5,145.0,165,146.3,2377
2026-08-27 13:30:00,145.0,145.0,145.0,145.0,382,146.24,2377
2026-08-28 09:00:00,146.0,146.5,145.5,145.5,380,146.0,2377
2026-08-28 09:05:00,145.5,146.0,145.0,145.5,194,145.8,2377
2026-08-28 09:10:00,145.5,145.5,145.0,145.5,69,145.74,2377
2026-08-28 09:15:00,145.0,146.0,145.0,146.0,417,145.66,2377
2026-08-28 09:20:00,146.0,146.0,144.5,145.0,408,145.51,2377
2026-08-28 09:25:00,145.0,145.0,144.0,144.5,284,145.36,2377
2026-08-28 09:30:00,144.5,145.0,144.5,144.5,40,145.34,2377
2026-08-28 09:35:00,145.0,145.0,144.5,144.5,150,145.28,2377
2026-08-28 09:40:00,144.5,144.5,144.0,144.0,52,145.25,2377
2026-08-28 09:45:00,144.5,144.5,144.0,144.5,149,145.17,2377
2026-08-28 09:50:00,144.5,144.5,144.0,144.5,27,145.16,2377
2026-08-28 09:55:00,144.5,144.5,144.0,144.5,61,145.14,2377
2026-08-28 10:00:00,144.0,144.5,144.0,144.5,35,145.13,2377
2026-08-28 10:05:00,144.0,144.5,144.0,144.0,31,145.11,2377
2026-08-28 10:10:00,144.0,144.5,144.0,144.5,34,145.1,2377
2026-08-28 10:15:00,144.5,145.0,144.5,145.0,55,145.09,2377
2026-08-28 10:20:00,144.5,145.0,144.5,144.5,31,145.08,2377
2026-08-28 10:25:00,144.5,145.0,144.5,145.0,38,145.07,2377
2026-08-28 10:30:00,145.0,145.0,144.5,144.5,33,145.07,2377
2026-08-28 10:35:00,144.5,145.0,144.5,145.0,29,145.06,2377
2026-08-28 10:40:00,144.5,145.0,144.5,144.5,42,145.06,2377
2026-08-28 10:45:00,145.0,145.0,144.5,145.0,18,145.05,2377
2026-08-28 10:50:00,145.0,145.0,144.5,144.5,206,145.01,2377
2026-08-28 10:55:00,144.5,145.5,144.5,145.5,324,145.01,2377
2026-08-28 11:00:00,145.5,145.5,144.5,145.0,121,145.01,2377
2026-08-28 11:05:00,145.0,145.0,144.5,144.5,40,145.01,2377
2026-08-28 11:10:00,145.0,145.0,144.0,144.5,321,144.96,2377
2026-08-28 11:15:00,144.5,145.0,144.5,145.0,41,144.96,2377
2026-08-28 11:20:00,145.0,145.0,144.5,145.0,30,144.96,2377
2026-08-28 11:25:00,145.0,145.0,144.5,145.0,13,144.96,2377
2026-08-28 11:30:00,145.0,145.0,144.5,145.0,175,144.94,2377
2026-08-28 11:35:00,145.0,145.0,144.5,145.0,34,144.94,2377
2026-08-28 11:40:00,144.5,145.0,144.5,144.5,24,144.94,2377
2026-08-28 11:45:00,144.5,145.0,144.5,145.0,14,144.94,2377
2026-08-28 11:50:00,145.0,145.5,144.5,145.5,109,144.94,2377
2026-08-28 11:55:00,145.5,145.5,145.0,145.5,30,144.94,2377
2026-08-28 12:00:00,145.5,145.5,145.0,145.5,26,144.95,2377
2026-08-28 12:05:00,145.5,145.5,145.0,145.5,25,144.95,2377
2026-08-28 12:10:00,145.5,145.5,145.0,145.5,47,144.95,2377
2026-08-28 12:15:00,145.5,145.5,145.0,145.0,29,144.96,2377
2026-08-28 12:20:00,145.0,145.5,145.0,145.5,12,144.96,2377
2026-08-28 12:25:00,145.5,145.5,145.0,145.0,33,144.96,2377
2026-08-28 12:30:00,145.0,145.5,145.0,145.0,91,144.97,2377
2026-08-28 12:35:00,145.5,146.0,145.0,146.0,150,144.99,2377
2026-08-28 12:40:00,146.0,146.0,145.5,146.0,13,145.0,2377
2026-08-28 12:45:00,146.0,146.0,145.5,145.5,67,145.01,2377
2026-08-28 12:50:00,145.5,145.5,145.0,145.5,53,145.01,2377
2026-08-28 12:55:00,145.5,145.5,145.0,145.5,40,145.01,2377
2026-08-28 13:00:00,145.5,145.5,145.0,145.5,38,145.02,2377
2026-08-28 13:05:00,145.0,145.5,145.0,145.0,39,145.02,2377
2026-08-28 13:10:00,145.5,145.5,145.0,145.5,42,145.02,2377
2026-08-28 13:15:00,145.0,145.5,145.0,145.5,86,145.02,2377
2026-08-28 13:20:00,145.5,145.5,145.0,145.5,171,145.03,2377
2026-08-28 13:30:00,145.0,145.0,145.0,145.0,301,145.03,2377
2026-08-31 09:00:00,145.5,146.5,145.5,146.5,540,145.95,2377
2026-08-31 09:05:00,146.5,146.5,146.0,146.5,140,146.04,2377
2026-08-31 09:10:00,146.5,146.5,145.0,145.0,386,145.98,2377
2026-08-31 09:15:00,145.5,146.5,145.5,146.0,219,145.98,2377
2026-08-31 09:20:00,146.0,146.5,146.0,146.0,71,145.98,2377
2026-08-31 09:25:00,146.0,146.5,146.0,146.0,30,145.98,2377
2026-08-31 09:30:00,146.5,147.0,146.0,147.0,274,146.07,2377
2026-08-31 09:35:00,147.0,148.0,147.0,148.0,689,146.45,2377
2026-08-31 09:40:00,148.0,149.5,148.0,148.5,873,147.05,2377
2026-08-31 09:45:00,149.0,149.0,148.0,148.5,318,147.21,2377
2026-08-31 09:50:00,148.5,149.0,148.0,149.0,371,147.37,2377
2026-08-31 09:55:00,149.0,149.0,148.5,148.5,130,147.41,2377
2026-08-31 10:00:00,148.5,149.0,148.5,148.5,126,147.44,2377
2026-08-31 10:05:00,148.5,149.5,148.5,149.0,398,147.58,2377
2026-08-31 10:10:00,149.0,149.5,149.0,149.0,119,147.61,2377
2026-08-31 10:15:00,149.0,149.0,148.0,148.0,82,147.63,2377
2026-08-31 10:20:00,148.0,148.5,147.0,147.0,249,147.64,2377
2026-08-31 10:25:00,147.0,148.0,147.0,148.0,110,147.63,2377
2026-08-31 10:30:00,147.5,148.0,147.5,148.0,46,147.63,2377
2026-08-31 10:35:00,147.5,148.5,147.0,148.0,260,147.64,2377
2026-08-31 10:40:00,148.0,149.5,148.0,149.0,551,147.75,2377
2026-08-31 10:45:00,149.0,150.0,149.0,150.0,564,147.91,2377
2026-08-31 10:50:00,150.0,150.0,149.5,149.5,117,147.94,2377
2026-08-31 10:55:00,149.5,150.5,149.5,150.5,568,148.1,2377
2026-08-31 11:00:00,150.5,150.5,150.0,150.0,258,148.17,2377
2026-08-31 11:05:00,150.0,151.0,150.0,151.0,478,148.3,2377
2026-08-31 11:10:00,151.0,151.5,150.0,151.5,507,148.45,2377
2026-08-31 11:15:00,151.5,151.5,150.5,150.5,191,148.51,2377
2026-08-31 11:20:00,150.5,151.0,150.0,150.5,172,148.55,2377
2026-08-31 11:25:00,150.5,151.0,150.5,150.5,68,148.57,2377
2026-08-31 11:30:00,150.5,151.0,150.5,151.0,84,148.58,2377
2026-08-31 11:35:00,151.0,151.0,150.0,150.5,94,148.6,2377
2026-08-31 11:40:00,150.5,151.0,150.0,150.5,111,148.63,2377
2026-08-31 11:45:00,150.5,151.0,150.5,151.0,87,148.65,2377
2026-08-31 11:50:00,151.0,152.0,150.5,152.0,1043,148.94,2377
2026-08-31 11:55:00,152.0,152.5,152.0,152.5,304,149.03,2377
2026-08-31 12:00:00,152.0,153.0,152.0,152.5,504,149.19,2377
2026-08-31 12:05:00,152.5,152.5,151.5,151.5,174,149.23,2377
2026-08-31 12:10:00,151.5,152.0,151.5,151.5,65,149.25,2377
2026-08-31 12:15:00,151.5,152.0,151.5,151.5,50,149.26,2377
2026-08-31 12:20:00,151.5,152.5,151.5,152.5,322,149.34,2377
2026-08-31 12:25:00,152.5,152.5,152.0,152.0,120,149.36,2377
2026-08-31 12:30:00,152.0,152.5,152.0,152.0,147,149.4,2377
2026-08-31 12:35:00,152.0,152.5,151.5,152.0,386,149.48,2377
2026-08-31 12:40:00,152.0,152.5,152.0,152.0,140,149.51,2377
2026-08-31 12:45:00,152.0,152.5,152.0,152.5,67,149.52,2377
2026-08-31 12:50:00,152.0,152.5,152.0,152.5,460,149.61,2377
2026-08-31 12:55:00,152.0,153.5,152.0,153.0,709,149.78,2377
2026-08-31 13:00:00,153.0,153.5,153.0,153.5,288,149.86,2377
2026-08-31 13:05:00,153.5,154.0,153.0,153.5,300,149.93,2377
2026-08-31 13:10:00,153.5,153.5,153.0,153.0,340,150.01,2377
2026-08-31 13:15:00,153.0,154.5,153.0,154.0,661,150.18,2377
2026-08-31 13:20:00,154.5,154.5,153.5,154.0,542,150.31,2377
2026-08-31 13:30:00,155.0,155.0,155.0,155.0,1463,150.71,2377
2026-09-01 09:00:00,155.0,155.0,152.5,154.0,1209,154.26,2377
2026-09-01 09:05:00,154.0,154.5,153.5,154.0,350,154.18,2377
2026-09-01 09:10:00,154.0,154.0,152.5,153.5,544,153.87,2377
2026-09-01 09:15:00,153.0,156.0,153.0,155.5,624,154.04,2377
2026-09-01 09:20:00,155.0,155.5,154.0,154.5,465,154.18,2377
2026-09-01 09:25:00,154.5,154.5,154.0,154.0,122,154.18,2377
2026-09-01 09:30:00,154.0,154.5,153.5,154.5,399,154.13,2377
2026-09-01 09:35:00,154.0,154.0,153.5,153.5,112,154.12,2377
2026-09-01 09:40:00,154.0,154.0,153.0,153.5,247,154.1,2377
2026-09-01 09:45:00,153.5,154.0,153.5,153.5,73,154.09,2377
2026-09-01 09:50:00,153.5,153.5,153.0,153.0,103,154.07,2377
2026-09-01 09:55:00,153.0,153.0,152.5,153.0,469,153.93,2377
2026-09-01 10:00:00,152.5,153.5,152.5,152.5,240,153.89,2377
2026-09-01 10:05:00,152.5,153.0,152.5,152.5,35,153.88,2377
2026-09-01 10:10:00,152.5,153.0,152.5,152.5,153,153.84,2377
2026-09-01 10:15:00,152.5,153.5,152.5,153.5,200,153.8,2377
2026-09-01 10:20:00,153.5,153.5,153.0,153.0,69,153.8,2377
2026-09-01 10:25:00,153.0,153.5,152.5,152.5,228,153.76,2377
2026-09-01 10:30:00,152.5,153.0,152.5,152.5,57,153.75,2377
2026-09-01 10:35:00,152.5,153.0,152.0,152.5,331,153.67,2377
2026-09-01 10:40:00,152.0,152.5,151.5,152.0,515,153.53,2377
2026-09-01 10:45:00,152.0,152.5,152.0,152.0,64,153.52,2377
2026-09-01 10:50:00,152.5,152.5,152.0,152.0,61,153.51,2377
2026-09-01 10:55:00,152.0,153.0,152.0,153.0,77,153.5,2377
2026-09-01 11:00:00,153.0,153.0,152.5,153.0,53,153.49,2377
2026-09-01 11:05:00,152.5,153.0,152.5,152.5,211,153.47,2377
2026-09-01 11:10:00,152.5,153.5,152.5,153.0,68,153.47,2377
2026-09-01 11:15:00,153.0,153.5,153.0,153.5,32,153.47,2377
2026-09-01 11:20:00,153.0,153.5,153.0,153.0,35,153.46,2377
2026-09-01 11:25:00,153.0,153.5,152.5,152.5,94,153.46,2377
2026-09-01 11:30:00,152.5,153.0,152.5,152.5,25,153.45,2377
2026-09-01 11:35:00,152.5,153.0,152.5,152.5,35,153.45,2377
2026-09-01 11:40:00,152.5,153.0,152.5,153.0,146,153.44,2377
2026-09-01 11:45:00,153.0,153.5,153.0,153.5,44,153.44,2377
2026-09-01 11:50:00,153.0,154.0,153.0,153.5,234,153.44,2377
2026-09-01 11:55:00,153.5,154.0,153.5,153.5,52,153.44,2377
2026-09-01 12:00:00,153.5,153.5,153.5,153.5,95,153.44,2377
2026-09-01 12:05:00,153.5,154.0,153.0,153.5,99,153.44,2377
2026-09-01 12:10:00,153.0,154.0,153.0,153.5,120,153.44,2377
2026-09-01 12:15:00,153.5,153.5,153.5,153.5,135,153.45,2377
2026-09-01 12:20:00,153.5,154.5,153.5,154.0,262,153.46,2377
2026-09-01 12:25:00,154.0,154.5,154.0,154.0,46,153.47,2377
2026-09-01 12:30:00,154.0,154.5,154.0,154.0,78,153.47,2377
2026-09-01 12:35:00,154.0,154.5,153.5,153.5,167,153.48,2377
2026-09-01 12:40:00,153.5,154.5,153.5,154.0,156,153.49,2377
2026-09-01 12:45:00,153.5,154.5,153.5,154.0,118,153.5,2377
2026-09-01 12:50:00,154.0,154.5,153.5,154.0,165,153.51,2377
2026-09-01 12:55:00,154.0,154.5,153.5,154.0,108,153.51,2377
2026-09-01 13:00:00,154.0,154.5,154.0,154.0,137,153.52,2377
2026-09-01 13:05:00,154.0,154.5,154.0,154.0,141,153.53,2377
2026-09-01 13:10:00,154.0,154.5,154.0,154.0,130,153.53,2377
2026-09-01 13:15:00,154.0,154.5,154.0,154.0,197,153.54,2377
2026-09-01 13:20:00,154.0,154.5,153.5,154.0,270,153.56,2377
2026-09-01 13:30:00,154.0,154.0,154.0,154.0,896,153.59,2377
2026-09-02 09:00:00,152.5,155.5,152.0,155.0,935,153.85,2377
2026-09-02 09:05:00,155.0,156.0,154.5,155.0,721,154.36,2377
2026-09-02 09:10:00,155.0,155.5,154.5,155.0,208,154.44,2377
2026-09-02 09:15:00,155.0,155.0,154.5,155.0,77,154.45,2377
2026-09-02 09:20:00,154.5,155.0,154.0,154.0,149,154.45,2377
2026-09-02 09:25:00,154.5,154.5,154.0,154.5,128,154.43,2377
2026-09-02 09:30:00,154.5,154.5,154.0,154.0,124,154.41,2377
2026-09-02 09:35:00,154.0,154.0,153.5,153.5,92,154.39,2377
2026-09-02 09:40:00,153.5,154.0,153.5,153.5,119,154.36,2377
2026-09-02 09:45:00,154.0,154.0,153.5,154.0,27,154.35,2377
2026-09-02 09:50:00,153.5,154.0,153.5,154.0,33,154.35,2377
2026-09-02 09:55:00,154.0,154.5,154.0,154.0,109,154.34,2377
2026-09-02 10:00:00,154.5,154.5,154.0,154.0,39,154.33,2377
2026-09-02 10:05:00,154.0,154.5,154.0,154.0,101,154.32,2377
2026-09-02 10:10:00,154.0,155.0,153.5,155.0,350,154.37,2377
2026-09-02 10:15:00,155.5,156.0,155.0,156.0,365,154.49,2377
2026-09-02 10:20:00,156.0,156.0,155.5,155.5,131,154.53,2377
2026-09-02 10:25:00,155.5,155.5,155.0,155.0,93,154.54,2377
2026-09-02 10:30:00,155.0,155.0,154.5,154.5,83,154.54,2377
2026-09-02 10:35:00,154.0,154.5,154.0,154.0,34,154.54,2377
2026-09-02 10:40:00,154.0,154.0,154.0,154.0,12,154.53,2377
2026-09-02 10:45:00,154.0,155.0,154.0,154.5,48,154.53,2377
2026-09-02 10:50:00,154.5,154.5,154.0,154.0,65,154.53,2377
2026-09-02 10:55:00,154.0,154.5,154.0,154.5,58,154.53,2377
2026-09-02 11:00:00,154.5,154.5,154.0,154.5,14,154.53,2377
2026-09-02 11:05:00,154.0,154.0,153.5,154.0,373,154.49,2377
2026-09-02 11:10:00,154.0,155.0,154.0,154.5,72,154.49,2377
2026-09-02 11:15:00,154.5,155.0,154.5,155.0,35,154.49,2377
2026-09-02 11:20:00,154.5,154.5,154.5,154.5,59,154.49,2377
2026-09-02 11:25:00,154.5,154.5,154.5,154.5,29,154.49,2377
2026-09-02 11:30:00,154.5,155.0,154.5,154.5,54,154.49,2377
2026-09-02 11:35:00,155.0,155.0,154.5,154.5,48,154.49,2377
2026-09-02 11:40:00,154.5,155.5,154.5,155.0,293,154.51,2377
2026-09-02 11:45:00,155.0,155.5,154.5,155.0,84,154.52,2377
2026-09-02 11:50:00,154.5,154.5,154.5,154.5,79,154.52,2377
2026-09-02 11:55:00,154.5,155.0,154.0,155.0,179,154.51,2377
2026-09-02 12:00:00,154.5,155.0,154.0,154.5,203,154.51,2377
2026-09-02 12:05:00,154.5,154.5,154.5,154.5,71,154.51,2377
2026-09-02 12:10:00,154.5,154.5,154.5,154.5,51,154.51,2377
2026-09-02 12:15:00,154.5,155.5,154.5,155.5,164,154.52,2377
2026-09-02 12:20:00,155.0,155.5,155.0,155.0,74,154.53,2377
2026-09-02 12:25:00,155.0,155.5,154.5,154.5,119,154.53,2377
2026-09-02 12:30:00,155.0,155.5,154.5,155.0,67,154.54,2377
2026-09-02 12:35:00,155.0,155.0,154.5,154.5,16,154.54,2377
2026-09-02 12:40:00,154.5,155.0,154.5,155.0,46,154.54,2377
2026-09-02 12:45:00,154.5,155.0,154.5,155.0,42,154.54,2377
2026-09-02 12:50:00,154.5,155.0,154.5,154.5,55,154.54,2377
2026-09-02 12:55:00,155.0,155.0,154.5,154.5,73,154.54,2377
2026-09-02 13:00:00,154.5,155.0,154.5,154.5,68,154.54,2377
2026-09-02 13:05:00,154.5,155.0,154.5,154.5,221,154.54,2377
2026-09-02 13:10:00,154.5,155.0,154.0,155.0,178,154.54,2377
2026-09-02 13:15:00,154.5,155.0,154.0,154.5,139,154.54,2377
2026-09-02 13:20:00,154.5,155.0,154.0,155.0,185,154.54,2377
2026-09-02 13:30:00,155.0,155.0,155.0,155.0,578,154.58,2377
2026-09-03 09:00:00,157.0,162.0,157.0,159.0,2638,159.66,2377
2026-09-03 09:05:00,159.0,159.5,158.5,158.5,418,159.54,2377
2026-09-03 09:10:00,158.5,158.5,157.5,158.5,494,159.33,2377
2026-09-03 09:15:00,158.5,159.0,158.0,158.0,349,159.25,2377
2026-09-03 09:20:00,158.0,158.0,157.0,157.0,341,159.1,2377
2026-09-03 09:25:00,157.0,157.5,156.0,157.5,489,158.84,2377
2026-09-03 09:30:00,157.5,158.0,157.0,158.0,154,158.79,2377
2026-09-03 09:35:00,158.0,158.0,156.0,156.0,273,158.69,2377
2026-09-03 09:40:00,156.0,156.5,155.5,156.5,179,158.6,2377
2026-09-03 09:45:00,156.5,157.0,156.5,157.0,114,158.57,2377
2026-09-03 09:50:00,157.0,157.0,156.0,156.0,179,158.51,2377
2026-09-03 09:55:00,156.0,156.0,154.5,154.5,856,158.11,2377
2026-09-03 10:00:00,154.5,155.0,154.5,155.0,168,158.02,2377
2026-09-03 10:05:00,154.5,155.0,154.5,154.5,54,158.0,2377
2026-09-03 10:10:00,154.5,155.0,154.0,154.5,322,157.85,2377
2026-09-03 10:15:00,154.5,154.5,153.0,153.5,463,157.6,2377
2026-09-03 10:20:00,154.0,154.0,153.0,153.5,383,157.4,2377
2026-09-03 10:25:00,153.5,154.0,153.5,153.5,158,157.33,2377
2026-09-03 10:30:00,153.5,154.0,153.5,154.0,72,157.29,2377
2026-09-03 10:35:00,153.5,153.5,153.0,153.5,138,157.23,2377
2026-09-03 10:40:00,153.0,153.5,153.0,153.5,61,157.2,2377
2026-09-03 10:45:00,153.5,153.5,152.5,153.0,330,157.04,2377
2026-09-03 10:50:00,153.0,153.5,153.0,153.0,63,157.01,2377
2026-09-03 10:55:00,153.0,153.5,153.0,153.5,24,157.0,2377
2026-09-03 11:00:00,153.5,154.0,153.0,154.0,81,156.97,2377
2026-09-03 11:05:00,154.0,154.0,154.0,154.0,66,156.95,2377
2026-09-03 11:10:00,153.5,154.0,153.5,154.0,28,156.94,2377
2026-09-03 11:15:00,154.0,154.5,154.0,154.5,66,156.92,2377
2026-09-03 11:20:00,154.5,154.5,154.0,154.5,90,156.89,2377
2026-09-03 11:25:00,154.5,154.5,154.0,154.5,26,156.88,2377
2026-09-03 11:30:00,154.5,154.5,154.0,154.0,39,156.87,2377
2026-09-03 11:35:00,154.5,154.5,154.0,154.0,37,156.86,2377
2026-09-03 11:40:00,154.0,154.0,154.0,154.0,50,156.84,2377
2026-09-03 11:45:00,154.0,154.0,153.5,153.5,90,156.81,2377
2026-09-03 11:50:00,153.5,153.5,153.0,153.5,137,156.76,2377
2026-09-03 11:55:00,153.5,153.5,153.0,153.0,23,156.75,2377
2026-09-03 12:00:00,153.5,153.5,153.0,153.5,69,156.73,2377
2026-09-03 12:05:00,153.5,153.5,153.0,153.5,19,156.72,2377
2026-09-03 12:10:00,153.5,153.5,153.0,153.5,15,156.72,2377
2026-09-03 12:15:00,153.0,153.0,152.5,152.5,217,156.63,2377
2026-09-03 12:20:00,152.5,153.0,152.5,152.5,78,156.6,2377
2026-09-03 12:25:00,152.5,152.5,152.0,152.5,213,156.51,2377
2026-09-03 12:30:00,152.0,153.0,152.0,153.0,164,156.45,2377
2026-09-03 12:35:00,152.5,153.0,152.5,152.5,176,156.38,2377
2026-09-03 12:40:00,152.5,153.0,152.0,152.5,113,156.34,2377
2026-09-03 12:45:00,152.5,153.0,152.0,152.5,77,156.31,2377
2026-09-03 12:50:00,152.5,153.0,152.5,152.5,147,156.26,2377
2026-09-03 12:55:00,152.5,153.0,152.5,152.5,66,156.24,2377
2026-09-03 13:00:00,152.5,153.0,152.0,152.0,207,156.16,2377
2026-09-03 13:05:00,152.0,152.5,151.5,151.5,523,155.97,2377
2026-09-03 13:10:00,151.5,152.0,151.0,151.5,427,155.8,2377
2026-09-03 13:15:00,151.5,152.0,150.5,151.0,348,155.67,2377
2026-09-03 13:20:00,151.5,151.5,150.5,151.0,366,155.53,2377
2026-09-03 13:30:00,150.5,150.5,150.5,150.5,728,155.25,2377
2026-09-04 09:00:00,153.0,155.5,153.0,155.0,1278,154.69,2377
2026-09-04 09:05:00,155.0,155.5,153.5,153.5,343,154.67,2377
2026-09-04 09:10:00,153.5,154.5,153.5,154.0,244,154.58,2377
2026-09-04 09:15:00,154.0,155.5,153.5,155.0,517,154.63,2377
2026-09-04 09:20:00,155.0,155.0,154.5,154.5,110,154.63,2377
2026-09-04 09:25:00,154.5,155.0,153.5,154.0,171,154.6,2377
2026-09-04 09:30:00,153.5,155.5,153.5,154.5,576,154.62,2377
2026-09-04 09:35:00,154.5,154.5,154.0,154.0,86,154.61,2377
2026-09-04 09:40:00,154.0,154.5,153.5,154.5,110,154.59,2377
2026-09-04 09:45:00,154.5,154.5,153.5,153.5,171,154.55,2377
2026-09-04 09:50:00,153.0,154.0,153.0,153.5,241,154.47,2377
2026-09-04 09:55:00,153.5,154.5,153.0,154.5,276,154.43,2377
2026-09-04 10:00:00,154.0,154.5,154.0,154.0,33,154.43,2377
2026-09-04 10:05:00,154.0,155.0,154.0,155.0,235,154.43,2377
2026-09-04 10:10:00,155.0,155.5,154.5,154.5,357,154.47,2377
2026-09-04 10:15:00,154.5,155.0,154.0,154.5,44,154.47,2377
2026-09-04 10:20:00,154.5,155.0,154.5,155.0,76,154.48,2377
2026-09-04 10:25:00,154.5,155.5,154.5,155.5,130,154.49,2377
2026-09-04 10:30:00,155.5,156.0,155.5,155.5,387,154.57,2377
2026-09-04 10:35:00,156.0,156.0,155.5,155.5,145,154.59,2377
2026-09-04 10:40:00,155.5,156.0,155.0,156.0,203,154.63,2377
2026-09-04 10:45:00,156.0,161.5,156.0,161.5,3491,156.22,2377
2026-09-04 10:50:00,161.5,161.5,159.5,160.0,994,156.64,2377
2026-09-04 10:55:00,160.0,162.0,160.0,161.0,1207,157.1,2377
2026-09-04 11:00:00,161.0,162.0,161.0,161.5,990,157.45,2377
2026-09-04 11:05:00,161.5,163.0,161.0,162.5,1650,158.01,2377
2026-09-04 11:10:00,162.5,162.5,160.0,160.0,728,158.15,2377
2026-09-04 11:15:00,160.0,161.5,160.0,161.0,425,158.21,2377
2026-09-04 11:20:00,160.5,161.5,160.5,161.0,242,158.26,2377
2026-09-04 11:25:00,161.0,161.0,160.0,161.0,371,158.32,2377
2026-09-04 11:30:00,160.5,161.0,160.5,160.5,106,158.33,2377
2026-09-04 11:35:00,160.5,161.0,160.0,160.5,253,158.36,2377
2026-09-04 11:40:00,160.5,160.5,160.0,160.5,122,158.38,2377
2026-09-04 11:45:00,160.0,160.5,160.0,160.0,235,158.4,2377
2026-09-04 11:50:00,160.0,161.0,160.0,161.0,360,158.45,2377
2026-09-04 11:55:00,161.0,161.0,160.5,160.5,162,158.47,2377
2026-09-04 12:00:00,161.0,161.5,161.0,161.0,280,158.51,2377
2026-09-04 12:05:00,161.0,162.0,161.0,162.0,273,158.56,2377
2026-09-04 12:10:00,162.0,162.0,161.5,161.5,98,158.57,2377
2026-09-04 12:15:00,162.0,162.5,161.5,162.0,641,158.69,2377
2026-09-04 12:20:00,162.0,162.5,161.5,162.0,250,158.74,2377
2026-09-04 12:25:00,162.0,162.5,161.5,162.0,311,158.79,2377
2026-09-04 12:30:00,162.0,162.5,161.5,162.0,321,158.85,2377
2026-09-04 12:35:00,162.0,162.5,161.5,161.5,353,158.9,2377
2026-09-04 12:40:00,161.5,162.5,161.5,162.0,307,158.95,2377
2026-09-04 12:45:00,162.0,162.5,162.0,162.0,191,158.98,2377
2026-09-04 12:50:00,162.0,162.5,161.5,161.5,170,159.01,2377
2026-09-04 12:55:00,161.5,162.0,161.5,161.5,263,159.04,2377
2026-09-04 13:00:00,161.5,162.0,161.0,161.5,239,159.07,2377
2026-09-04 13:05:00,161.5,162.0,161.0,161.5,380,159.11,2377
2026-09-04 13:10:00,162.0,162.0,161.0,161.0,178,159.13,2377
2026-09-04 13:15:00,161.5,162.0,161.0,161.5,368,159.17,2377
2026-09-04 13:20:00,161.5,162.0,161.5,162.0,296,159.2,2377
2026-09-04 13:30:00,161.5,161.5,161.5,161.5,786,159.28,2377
2026-09-07 09:00:00,164.0,164.0,158.5,158.5,2234,161.81,2377
2026-09-07 09:05:00,159.0,159.5,158.0,158.5,733,161.07,2377
2026-09-07 09:10:00,159.0,159.0,157.5,158.5,509,160.65,2377
2026-09-07 09:15:00,158.5,159.0,157.0,157.0,809,160.11,2377
2026-09-07 09:20:00,157.0,158.0,156.5,157.0,539,159.77,2377
2026-09-07 09:25:00,157.5,158.0,157.0,157.5,525,159.52,2377
2026-09-07 09:30:00,157.5,158.0,157.0,157.5,206,159.44,2377
2026-09-07 09:35:00,157.5,158.0,157.0,158.0,172,159.39,2377
2026-09-07 09:40:00,158.0,158.0,156.5,157.5,657,159.17,2377
2026-09-07 09:45:00,157.0,157.0,156.0,157.0,405,159.02,2377
2026-09-07 09:50:00,157.0,157.0,156.5,157.0,266,158.93,2377
2026-09-07 09:55:00,156.5,157.5,156.5,157.5,98,158.9,2377
2026-09-07 10:00:00,157.0,157.5,156.5,156.5,197,158.85,2377
2026-09-07 10:05:00,156.5,157.0,156.0,157.0,369,158.74,2377
2026-09-07 10:10:00,156.5,157.0,156.5,157.0,264,158.67,2377
2026-09-07 10:15:00,156.5,157.5,156.5,157.0,148,158.64,2377
2026-09-07 10:20:00,157.5,158.5,157.0,158.5,301,158.6,2377
2026-09-07 10:25:00,158.5,158.5,158.0,158.5,179,158.6,2377
2026-09-07 10:30:00,158.5,158.5,157.5,158.0,210,158.59,2377
2026-09-07 10:35:00,158.0,158.0,157.5,158.0,40,158.59,2377
2026-09-07 10:40:00,158.0,158.5,157.5,157.5,176,158.57,2377
2026-09-07 10:45:00,157.5,158.0,157.5,157.5,84,158.56,2377
2026-09-07 10:50:00,157.5,157.5,156.5,157.0,231,158.52,2377
2026-09-07 10:55:00,157.0,157.0,156.5,157.0,127,158.5,2377
2026-09-07 11:00:00,157.0,157.0,157.0,157.0,113,158.48,2377
2026-09-07 11:05:00,157.0,157.0,156.5,157.0,75,158.47,2377
2026-09-07 11:10:00,157.0,157.5,157.0,157.5,59,158.46,2377
2026-09-07 11:15:00,157.5,157.5,157.5,157.5,26,158.46,2377
2026-09-07 11:20:00,157.5,157.5,157.0,157.0,108,158.44,2377
2026-09-07 11:25:00,157.0,157.5,157.0,157.5,19,158.44,2377
2026-09-07 11:30:00,157.5,157.5,157.5,157.5,61,158.43,2377
2026-09-07 11:35:00,157.5,157.5,156.5,157.0,152,158.41,2377
2026-09-07 11:40:00,157.0,157.5,156.5,156.5,69,158.4,2377
2026-09-07 11:45:00,156.5,157.0,156.5,157.0,26,158.4,2377
2026-09-07 11:50:00,157.0,157.5,157.0,157.0,56,158.39,2377
2026-09-07 11:55:00,157.5,157.5,156.5,156.5,203,158.36,2377
2026-09-07 12:00:00,157.0,157.0,156.0,156.5,267,158.31,2377
2026-09-07 12:05:00,156.5,156.5,156.0,156.5,75,158.3,2377
2026-09-07 12:10:00,156.5,157.5,156.5,157.5,192,158.27,2377
2026-09-07 12:15:00,157.0,157.5,157.0,157.5,40,158.27,2377
2026-09-07 12:20:00,157.5,158.0,157.0,158.0,91,158.26,2377
2026-09-07 12:25:00,158.0,158.0,157.5,158.0,52,158.26,2377
2026-09-07 12:30:00,158.0,158.0,157.5,158.0,53,158.26,2377
2026-09-07 12:35:00,158.0,158.0,157.5,157.5,42,158.26,2377
2026-09-07 12:40:00,157.5,158.0,157.5,158.0,59,158.25,2377
2026-09-07 12:45:00,158.0,158.0,157.5,158.0,64,158.25,2377
2026-09-07 12:50:00,158.0,159.0,157.5,158.5,454,158.26,2377
2026-09-07 12:55:00,158.5,158.5,158.0,158.5,42,158.26,2377
2026-09-07 13:00:00,158.5,159.0,158.0,158.5,225,158.26,2377
2026-09-07 13:05:00,158.5,158.5,157.5,157.5,277,158.26,2377
2026-09-07 13:10:00,158.0,158.0,157.5,157.5,82,158.25,2377
2026-09-07 13:15:00,158.0,158.0,157.5,158.0,129,158.25,2377
2026-09-07 13:20:00,157.5,158.0,157.0,157.5,387,158.22,2377
2026-09-07 13:30:00,158.5,158.5,158.5,158.5,997,158.24,2377
2026-09-08 09:00:00,157.5,157.5,154.0,154.5,1189,155.78,2377
2026-09-08 09:05:00,154.5,154.5,153.5,154.0,683,155.14,2377
2026-09-08 09:10:00,154.5,154.5,153.0,153.5,655,154.75,2377
2026-09-08 09:15:00,153.5,153.5,152.5,153.0,598,154.44,2377
2026-09-08 09:20:00,153.0,154.5,153.0,154.0,239,154.38,2377
2026-09-08 09:25:00,154.0,154.5,153.5,154.5,209,154.36,2377
2026-09-08 09:30:00,154.5,154.5,154.0,154.0,90,154.36,2377
2026-09-08 09:35:00,154.0,154.0,153.5,154.0,243,154.34,2377
2026-09-08 09:40:00,154.0,154.0,153.5,154.0,55,154.33,2377
2026-09-08 09:45:00,153.5,154.0,153.5,154.0,55,154.32,2377
2026-09-08 09:50:00,153.5,154.0,153.0,153.5,525,154.22,2377
2026-09-08 09:55:00,153.5,154.0,153.0,153.5,124,154.21,2377
2026-09-08 10:00:00,153.5,154.0,153.0,153.5,186,154.18,2377
2026-09-08 10:05:00,153.5,153.5,153.0,153.5,132,154.16,2377
2026-09-08 10:10:00,153.5,154.0,153.0,154.0,98,154.15,2377
2026-09-08 10:15:00,154.0,154.0,153.5,153.5,57,154.15,2377
2026-09-08 10:20:00,154.0,154.0,153.5,153.5,78,154.14,2377
2026-09-08 10:25:00,153.5,154.0,153.5,153.5,33,154.13,2377
2026-09-08 10:30:00,153.5,154.0,153.5,154.0,50,154.13,2377
2026-09-08 10:35:00,154.0,154.0,153.5,154.0,50,154.13,2377
2026-09-08 10:40:00,153.5,153.5,153.5,153.5,23,154.12,2377
2026-09-08 10:45:00,154.0,154.0,153.5,154.0,39,154.12,2377
2026-09-08 10:50:00,154.0,154.0,153.0,153.5,150,154.1,2377
2026-09-08 10:55:00,153.5,153.5,153.0,153.0,21,154.1,2377
2026-09-08 11:00:00,153.0,153.5,153.0,153.5,60,154.09,2377
2026-09-08 11:05:00,153.5,153.5,153.0,153.5,55,154.08,2377
2026-09-08 11:10:00,153.5,153.5,153.0,153.5,40,154.08,2377
2026-09-08 11:15:00,153.5,153.5,153.0,153.5,47,154.07,2377
2026-09-08 11:20:00,153.5,153.5,153.0,153.5,91,154.06,2377
2026-09-08 11:25:00,153.5,153.5,153.5,153.5,62,154.06,2377
2026-09-08 11:30:00,153.5,154.0,153.0,154.0,100,154.05,2377
2026-09-08 11:35:00,154.0,154.0,154.0,154.0,26,154.05,2377
2026-09-08 11:40:00,154.0,154.0,153.5,153.5,54,154.04,2377
2026-09-08 11:45:00,153.5,154.0,153.0,153.0,131,154.03,2377
2026-09-08 11:50:00,153.0,153.5,153.0,153.5,127,154.01,2377
2026-09-08 11:55:00,153.5,153.5,153.0,153.0,139,153.99,2377
2026-09-08 12:00:00,153.5,153.5,153.0,153.5,77,153.98,2377
2026-09-08 12:05:00,153.5,153.5,153.5,153.5,37,153.98,2377
2026-09-08 12:10:00,153.5,153.5,153.0,153.5,24,153.98,2377
2026-09-08 12:15:00,153.5,153.5,153.0,153.0,63,153.97,2377
2026-09-08 12:20:00,153.0,153.5,153.0,153.5,30,153.97,2377
2026-09-08 12:25:00,153.5,153.5,153.0,153.5,41,153.97,2377
2026-09-08 12:30:00,153.0,153.5,153.0,153.5,104,153.95,2377
2026-09-08 12:35:00,153.5,153.5,153.0,153.5,34,153.95,2377
2026-09-08 12:40:00,153.5,153.5,153.0,153.5,41,153.95,2377
2026-09-08 12:45:00,153.5,153.5,153.0,153.0,43,153.94,2377
2026-09-08 12:50:00,153.5,153.5,153.0,153.5,54,153.94,2377
2026-09-08 12:55:00,153.5,153.5,153.0,153.0,64,153.93,2377
2026-09-08 13:00:00,153.5,153.5,153.0,153.5,117,153.92,2377
2026-09-08 13:05:00,153.5,153.5,152.5,152.5,384,153.87,2377
2026-09-08 13:10:00,153.0,153.0,152.5,152.5,104,153.85,2377
2026-09-08 13:15:00,153.0,153.0,152.5,153.0,108,153.84,2377
2026-09-08 13:20:00,153.0,153.0,152.5,152.5,240,153.8,2377
2026-09-08 13:30:00,152.5,152.5,152.5,152.5,811,153.68,2377
2026-09-09 09:00:00,152.5,153.0,152.0,153.0,345,152.76,2377
2026-09-09 09:05:00,153.0,153.5,152.5,153.0,265,152.85,2377
2026-09-09 09:10:00,153.5,156.0,153.0,155.5,679,153.76,2377
2026-09-09 09:15:00,155.5,157.5,155.5,157.0,1071,155.1,2377
2026-09-09 09:20:00,156.5,157.0,155.5,156.0,298,155.24,2377
2026-09-09 09:25:00,156.0,156.0,155.5,155.5,161,155.27,2377
2026-09-09 09:30:00,155.5,156.5,155.5,156.0,215,155.32,2377
2026-09-09 09:35:00,156.0,156.5,155.5,155.5,200,155.37,2377
2026-09-09 09:40:00,155.5,156.0,155.5,155.5,80,155.37,2377
2026-09-09 09:45:00,155.5,156.5,155.5,156.0,272,155.42,2377
2026-09-09 09:50:00,156.0,156.5,156.0,156.0,77,155.43,2377
2026-09-09 09:55:00,156.0,156.5,155.5,156.0,148,155.46,2377
2026-09-09 10:00:00,156.0,157.0,155.5,155.5,589,155.58,2377
2026-09-09 10:05:00,156.0,156.5,155.5,156.5,95,155.59,2377
2026-09-09 10:10:00,156.0,157.0,156.0,156.5,203,155.63,2377
2026-09-09 10:15:00,156.5,157.0,156.0,156.5,130,155.65,2377
2026-09-09 10:20:00,156.5,157.0,156.5,156.5,74,155.67,2377
2026-09-09 10:25:00,156.5,157.0,156.0,156.5,99,155.69,2377
2026-09-09 10:30:00,156.5,157.0,156.0,156.5,144,155.71,2377
2026-09-09 10:35:00,156.5,156.5,156.0,156.5,89,155.72,2377
2026-09-09 10:40:00,156.5,157.0,156.0,156.5,94,155.73,2377
2026-09-09 10:45:00,156.5,157.0,156.0,156.0,93,155.74,2377
2026-09-09 10:50:00,156.0,156.5,156.0,156.0,63,155.75,2377
2026-09-09 10:55:00,156.5,156.5,156.0,156.0,54,155.75,2377
2026-09-09 11:00:00,156.5,157.0,156.0,156.0,283,155.79,2377
2026-09-09 11:05:00,156.0,156.5,156.0,156.0,69,155.8,2377
2026-09-09 11:10:00,156.0,156.5,156.0,156.0,113,155.8,2377
2026-09-09 11:15:00,156.0,157.0,156.0,156.5,181,155.82,2377
2026-09-09 11:20:00,156.5,157.5,156.5,157.0,377,155.89,2377
2026-09-09 11:25:00,157.0,157.5,157.0,157.5,137,155.92,2377
2026-09-09 11:30:00,157.5,158.0,157.5,157.5,296,155.99,2377
2026-09-09 11:35:00,157.5,158.0,157.0,157.5,228,156.03,2377
2026-09-09 11:40:00,157.0,157.5,157.0,157.0,55,156.04,2377
2026-09-09 11:45:00,157.0,157.5,157.0,157.0,133,156.06,2377
2026-09-09 11:50:00,157.0,157.0,156.0,156.0,175,156.07,2377
2026-09-09 11:55:00,156.0,156.5,156.0,156.0,57,156.07,2377
2026-09-09 12:00:00,156.0,156.5,156.0,156.0,110,156.07,2377
2026-09-09 12:05:00,156.0,156.5,155.5,156.0,173,156.07,2377
2026-09-09 12:10:00,155.5,156.0,155.5,155.5,98,156.07,2377
2026-09-09 12:15:00,155.5,156.0,155.5,155.5,99,156.06,2377
2026-09-09 12:20:00,155.5,156.0,155.5,156.0,158,156.06,2377
2026-09-09 12:25:00,156.0,156.5,156.0,156.0,55,156.06,2377
2026-09-09 12:30:00,156.5,156.5,156.0,156.0,31,156.06,2377
2026-09-09 12:35:00,156.5,157.0,156.5,156.5,235,156.07,2377
2026-09-09 12:40:00,156.5,157.0,156.5,156.5,52,156.08,2377
2026-09-09 12:45:00,156.5,156.5,156.0,156.0,128,156.08,2377
2026-09-09 12:50:00,156.0,156.5,156.0,156.0,44,156.08,2377
2026-09-09 12:55:00,156.0,156.5,156.0,156.0,46,156.08,2377
2026-09-09 13:00:00,156.0,156.0,156.0,156.0,96,156.08,2377
2026-09-09 13:05:00,156.0,156.5,156.0,156.5,154,156.08,2377
2026-09-09 13:10:00,156.0,156.5,156.0,156.0,78,156.08,2377
2026-09-09 13:15:00,156.0,156.5,156.0,156.0,134,156.08,2377
2026-09-09 13:20:00,156.0,156.5,156.0,156.0,118,156.08,2377
2026-09-09 13:30:00,156.5,156.5,156.5,156.5,382,156.1,2377
2026-09-10 09:00:00,152.0,152.5,147.5,148.0,3037,149.49,2377
2026-09-10 09:05:00,148.0,148.5,146.0,148.5,1533,148.75,2377
2026-09-10 09:10:00,148.5,149.0,147.5,149.0,513,148.7,2377
2026-09-10 09:15:00,149.0,149.5,149.0,149.0,215,148.73,2377
2026-09-10 09:20:00,149.5,150.0,149.0,149.5,231,148.76,2377
2026-09-10 09:25:00,149.5,150.0,149.5,149.5,285,148.81,2377
2026-09-10 09:30:00,149.5,149.5,148.0,148.5,704,148.82,2377
2026-09-10 09:35:00,148.0,150.0,148.0,148.5,633,148.8,2377
2026-09-10 09:40:00,148.5,148.5,148.0,148.0,593,148.74,2377
2026-09-10 09:45:00,148.0,148.5,148.0,148.5,190,148.73,2377
2026-09-10 09:50:00,149.0,149.0,148.0,148.5,122,148.73,2377
2026-09-10 09:55:00,148.5,148.5,147.5,148.0,451,148.69,2377
2026-09-10 10:00:00,148.0,148.5,148.0,148.0,243,148.68,2377
2026-09-10 10:05:00,148.0,149.0,148.0,148.5,195,148.67,2377
2026-09-10 10:10:00,148.0,148.5,148.0,148.5,53,148.67,2377
2026-09-10 10:15:00,148.5,148.5,148.0,148.5,58,148.67,2377
2026-09-10 10:20:00,148.0,148.5,148.0,148.0,85,148.66,2377
2026-09-10 10:25:00,148.5,148.5,147.5,148.0,911,148.58,2377
2026-09-10 10:30:00,147.5,148.5,147.5,148.0,210,148.57,2377
2026-09-10 10:35:00,148.0,148.0,147.5,148.0,64,148.57,2377
2026-09-10 10:40:00,148.0,148.5,148.0,148.0,87,148.56,2377
2026-09-10 10:45:00,148.5,148.5,148.0,148.0,53,148.56,2377
2026-09-10 10:50:00,148.0,148.5,148.0,148.0,145,148.55,2377
2026-09-10 10:55:00,148.0,148.5,148.0,148.0,117,148.55,2377
2026-09-10 11:00:00,148.0,148.5,148.0,148.5,23,148.55,2377
2026-09-10 11:05:00,148.0,148.5,148.0,148.0,74,148.55,2377
2026-09-10 11:10:00,148.5,149.0,148.0,148.0,140,148.54,2377
2026-09-10 11:15:00,148.5,148.5,148.0,148.0,127,148.54,2377
2026-09-10 11:20:00,148.0,149.0,148.0,148.0,59,148.54,2377
2026-09-10 11:25:00,148.5,149.0,148.0,148.5,52,148.54,2377
2026-09-10 11:30:00,148.5,149.0,148.5,148.5,55,148.54,2377
2026-09-10 11:35:00,148.5,149.0,148.0,148.5,25,148.54,2377
2026-09-10 11:40:00,148.5,148.5,148.0,148.5,23,148.54,2377
2026-09-10 11:45:00,148.5,148.5,148.5,148.5,35,148.54,2377
2026-09-10 11:50:00,148.0,148.5,148.0,148.5,19,148.54,2377
2026-09-10 11:55:00,148.5,148.5,148.0,148.0,22,148.54,2377
2026-09-10 12:00:00,148.0,148.5,148.0,148.0,67,148.54,2377
2026-09-10 12:05:00,148.5,148.5,148.0,148.5,41,148.54,2377
2026-09-10 12:10:00,148.5,148.5,148.0,148.0,558,148.52,2377
2026-09-10 12:15:00,148.0,148.5,148.0,148.0,49,148.51,2377
2026-09-10 12:20:00,148.0,148.5,148.0,148.0,127,148.51,2377
2026-09-10 12:25:00,148.5,148.5,148.0,148.0,82,148.5,2377
2026-09-10 12:30:00,148.0,148.0,147.5,148.0,73,148.5,2377
2026-09-10 12:35:00,148.0,148.0,147.5,148.0,48,148.5,2377
2026-09-10 12:40:00,148.0,148.0,147.5,148.0,76,148.5,2377
2026-09-10 12:45:00,148.0,148.5,148.0,148.5,36,148.49,2377
2026-09-10 12:50:00,148.5,148.5,148.0,148.0,124,148.49,2377
2026-09-10 12:55:00,148.0,148.5,148.0,148.5,25,148.49,2377
2026-09-10 13:00:00,148.5,148.5,148.0,148.5,83,148.49,2377
2026-09-10 13:05:00,148.0,148.5,148.0,148.5,187,148.49,2377
2026-09-10 13:10:00,148.5,149.0,148.0,148.5,333,148.49,2377
2026-09-10 13:15:00,148.5,148.5,148.0,148.0,109,148.49,2377
2026-09-10 13:20:00,148.5,148.5,148.0,148.5,307,148.49,2377
2026-09-10 13:30:00,149.0,149.0,149.0,149.0,820,148.52,2377
2026-09-11 09:00:00,146.0,146.0,144.5,145.5,674,145.46,2377
2026-09-11 09:05:00,146.0,146.0,145.5,145.5,136,145.5,2377
2026-09-11 09:10:00,146.0,146.5,146.0,146.0,269,145.66,2377
2026-09-11 09:15:00,146.0,146.0,145.5,145.5,162,145.69,2377
2026-09-11 09:20:00,145.5,146.0,145.5,145.5,150,145.67,2377
2026-09-11 09:25:00,145.5,146.0,145.0,145.5,366,145.57,2377
2026-09-11 09:30:00,145.5,147.0,145.0,147.0,418,145.65,2377
2026-09-11 09:35:00,146.5,148.0,146.5,147.5,296,145.82,2377
2026-09-11 09:40:00,147.5,148.0,147.5,147.5,141,145.92,2377
2026-09-11 09:45:00,147.5,147.5,147.0,147.0,93,145.96,2377
2026-09-11 09:50:00,147.5,148.0,147.5,147.5,168,146.05,2377
2026-09-11 09:55:00,147.5,148.5,147.5,148.5,195,146.18,2377
2026-09-11 10:00:00,148.5,148.5,148.0,148.0,200,146.29,2377
2026-09-11 10:05:00,148.0,149.0,148.0,148.5,159,146.39,2377
2026-09-11 10:10:00,148.5,150.0,148.5,150.0,355,146.66,2377
2026-09-11 10:15:00,149.5,150.0,149.0,149.0,199,146.8,2377
2026-09-11 10:20:00,149.0,149.5,148.5,148.5,109,146.85,2377
2026-09-11 10:25:00,149.0,149.0,148.5,148.5,73,146.88,2377
2026-09-11 10:30:00,148.5,149.0,148.0,148.5,74,146.91,2377
2026-09-11 10:35:00,148.5,149.0,148.0,148.5,69,146.94,2377
2026-09-11 10:40:00,148.5,149.0,148.0,148.5,71,146.96,2377
2026-09-11 10:45:00,148.5,149.5,148.0,149.0,192,147.04,2377
2026-09-11 10:50:00,149.5,150.0,148.5,149.5,217,147.15,2377
2026-09-11 10:55:00,149.5,149.5,148.5,149.5,108,147.19,2377
2026-09-11 11:00:00,149.5,150.0,148.5,150.0,237,147.29,2377
2026-09-11 11:05:00,149.5,150.0,149.0,150.0,85,147.33,2377
2026-09-11 11:10:00,150.0,150.0,149.0,149.5,58,147.35,2377
2026-09-11 11:15:00,149.5,149.5,149.0,149.0,87,147.39,2377
2026-09-11 11:20:00,149.5,150.0,149.0,150.0,104,147.43,2377
2026-09-11 11:25:00,150.0,151.0,150.0,150.0,383,147.61,2377
2026-09-11 11:30:00,150.0,150.5,150.0,150.0,66,147.65,2377
2026-09-11 11:35:00,150.5,150.5,150.0,150.5,58,147.67,2377
2026-09-11 11:40:00,150.0,150.0,149.5,150.0,31,147.68,2377
2026-09-11 11:45:00,149.5,150.5,149.5,150.0,77,147.71,2377
2026-09-11 11:50:00,150.0,150.5,149.5,150.0,42,147.73,2377
2026-09-11 11:55:00,150.5,150.5,150.0,150.5,40,147.74,2377
2026-09-11 12:00:00,150.5,151.0,150.0,150.5,147,147.81,2377
2026-09-11 12:05:00,150.5,151.0,150.5,150.5,34,147.82,2377
2026-09-11 12:10:00,150.5,151.0,150.0,150.5,60,147.85,2377
2026-09-11 12:15:00,150.5,150.5,150.0,150.5,41,147.86,2377
2026-09-11 12:20:00,150.5,150.5,150.0,150.5,55,147.89,2377
2026-09-11 12:25:00,150.5,150.5,150.0,150.0,49,147.9,2377
2026-09-11 12:30:00,150.0,150.5,149.5,150.0,164,147.96,2377
2026-09-11 12:35:00,150.0,150.5,149.5,149.5,133,147.99,2377
2026-09-11 12:40:00,149.5,150.0,149.0,149.5,143,148.02,2377
2026-09-11 12:45:00,149.5,150.5,149.5,150.0,149,148.06,2377
2026-09-11 12:50:00,150.0,150.5,149.5,149.5,176,148.11,2377
2026-09-11 12:55:00,149.5,150.0,149.0,149.5,81,148.12,2377
2026-09-11 13:00:00,150.0,150.0,149.0,149.5,159,148.15,2377
2026-09-11 13:05:00,149.0,150.0,149.0,149.0,121,148.17,2377
2026-09-11 13:10:00,149.5,150.0,149.0,149.5,144,148.19,2377
2026-09-11 13:15:00,150.0,150.0,149.0,149.5,169,148.22,2377
2026-09-11 13:20:00,150.0,150.0,149.0,150.0,206,148.25,2377
2026-09-11 13:30:00,149.0,149.0,149.0,149.0,479,148.29,2377
