date,open,high,low,close,volume,average,stock_code
2026-04-27 09:00:00,216.5,224.0,216.0,221.0,23587,220.11,2408
2026-04-27 09:05:00,221.0,222.5,218.0,219.0,7375,220.06,2408
2026-04-27 09:10:00,219.0,220.5,216.5,218.0,6340,219.73,2408
2026-04-27 09:15:00,218.0,221.0,216.0,218.5,8744,219.52,2408
2026-04-27 09:20:00,219.0,220.5,217.5,220.0,6228,219.5,2408
2026-04-27 09:25:00,220.0,223.0,219.5,222.5,9304,219.79,2408
2026-04-27 09:30:00,222.5,222.5,220.0,221.5,3268,219.85,2408
2026-04-27 09:35:00,221.5,224.0,220.0,221.0,6543,220.09,2408
2026-04-27 09:40:00,220.5,221.5,219.5,220.5,2674,220.1,2408
2026-04-27 09:45:00,220.5,223.0,220.0,222.5,2941,220.15,2408
2026-04-27 09:50:00,223.0,226.0,222.0,226.0,13565,220.79,2408
2026-04-27 09:55:00,226.0,226.0,223.0,224.0,3330,220.94,2408
2026-04-27 10:00:00,224.5,226.5,224.0,226.5,25137,222.07,2408
2026-04-27 10:05:00,226.5,226.5,226.5,226.5,1477,222.13,2408
2026-04-27 10:10:00,226.5,226.5,226.5,226.5,1040,222.17,2408
2026-04-27 10:15:00,226.5,226.5,226.5,226.5,572,222.19,2408
2026-04-27 10:20:00,226.5,226.5,226.5,226.5,546,222.21,2408
2026-04-27 10:25:00,226.5,226.5,226.5,226.5,375,222.22,2408
2026-04-27 10:30:00,226.5,226.5,226.5,226.5,350,222.23,2408
2026-04-27 10:35:00,226.5,226.5,226.5,226.5,477,222.25,2408
2026-04-27 10:40:00,226.5,226.5,226.5,226.5,368,222.26,2408
2026-04-27 10:45:00,226.5,226.5,226.5,226.5,373,222.27,2408
2026-04-27 10:50:00,226.5,226.5,226.5,226.5,320,222.28,2408
2026-04-27 10:55:00,226.5,226.5,226.5,226.5,197,222.29,2408
2026-04-27 11:00:00,226.5,226.5,226.5,226.5,210,222.3,2408
2026-04-27 11:05:00,226.5,226.5,226.5,226.5,188,222.3,2408
2026-04-27 11:10:00,226.5,226.5,226.5,226.5,147,222.31,2408
2026-04-27 11:15:00,226.5,226.5,226.5,226.5,164,222.31,2408
2026-04-27 11:20:00,226.5,226.5,226.5,226.5,147,222.32,2408
2026-04-27 11:25:00,226.5,226.5,226.5,226.5,274,222.33,2408
2026-04-27 11:30:00,226.5,226.5,226.5,226.5,135,222.33,2408
2026-04-27 11:35:00,226.5,226.5,226.5,226.5,234,222.34,2408
2026-04-27 11:40:00,226.5,226.5,226.5,226.5,143,222.34,2408
2026-04-27 11:45:00,226.5,226.5,226.5,226.5,107,222.35,2408
2026-04-27 11:50:00,226.5,226.5,226.5,226.5,69,222.35,2408
2026-04-27 11:55:00,226.5,226.5,226.5,226.5,67,222.35,2408
2026-04-27 12:00:00,226.5,226.5,226.5,226.5,116,222.36,2408
2026-04-27 12:05:00,226.5,226.5,226.5,226.5,73,222.36,2408
2026-04-27 12:10:00,226.5,226.5,226.5,226.5,73,222.36,2408
2026-04-27 12:15:00,226.5,226.5,226.5,226.5,86,222.36,2408
2026-04-27 12:20:00,226.5,226.5,226.5,226.5,103,222.37,2408
2026-04-27 12:25:00,226.5,226.5,226.5,226.5,73,222.37,2408
2026-04-27 12:30:00,226.5,226.5,226.5,226.5,154,222.37,2408
2026-04-27 12:35:00,226.5,226.5,226.5,226.5,93,222.38,2408
2026-04-27 12:40:00,226.5,226.5,226.5,226.5,125,222.38,2408
2026-04-27 12:45:00,226.5,226.5,226.5,226.5,85,222.38,2408
2026-04-27 12:50:00,226.5,226.5,226.5,226.5,154,222.39,2408
2026-04-27 12:55:00,226.5,226.5,226.5,226.5,139,222.39,2408
2026-04-27 13:00:00,226.5,226.5,226.5,226.5,157,222.4,2408
2026-04-27 13:05:00,226.5,226.5,226.5,226.5,284,222.41,2408
2026-04-27 13:10:00,226.5,226.5,226.5,226.5,212,222.41,2408
2026-04-27 13:15:00,226.5,226.5,226.5,226.5,478,222.43,2408
2026-04-27 13:20:00,226.5,226.5,226.5,226.5,376,222.44,2408
2026-04-27 13:30:00,226.5,226.5,226.5,226.5,581,222.46,2408
2026-04-28 09:00:00,234.5,238.0,231.5,238.0,35580,234.61,2408
2026-04-28 09:05:00,238.0,239.5,235.5,236.5,17777,235.76,2408
2026-04-28 09:10:00,236.0,239.0,234.5,234.5,13034,235.97,2408
2026-04-28 09:15:00,235.0,240.0,234.5,239.5,10482,236.32,2408
2026-04-28 09:20:00,239.5,241.5,238.0,241.0,9301,236.7,2408
2026-04-28 09:25:00,241.5,242.5,240.0,241.5,10066,237.22,2408
2026-04-28 09:30:00,242.0,242.5,239.0,239.0,6034,237.44,2408
2026-04-28 09:35:00,239.0,239.5,236.0,239.5,6041,237.46,2408
2026-04-28 09:40:00,239.5,240.0,237.0,237.0,2839,237.49,2408
2026-04-28 09:45:00,237.5,241.5,237.0,240.0,3462,237.57,2408
2026-04-28 09:50:00,240.0,240.5,237.5,237.5,2103,237.59,2408
2026-04-28 09:55:00,238.0,238.5,236.0,236.0,3449,237.59,2408
2026-04-28 10:00:00,236.0,236.5,235.0,236.5,4402,237.51,2408
2026-04-28 10:05:00,236.0,237.0,235.5,236.5,1538,237.5,2408
2026-04-28 10:10:00,236.5,239.0,236.5,238.0,1917,237.5,2408
2026-04-28 10:15:00,238.0,238.0,236.5,237.5,772,237.5,2408
2026-04-28 10:20:00,237.5,238.5,237.0,237.5,1086,237.5,2408
2026-04-28 10:25:00,237.5,238.0,236.0,237.0,1744,237.5,2408
2026-04-28 10:30:00,237.0,237.5,236.0,237.0,863,237.49,2408
2026-04-28 10:35:00,237.5,238.5,237.0,237.5,2777,237.5,2408
2026-04-28 10:40:00,237.5,238.0,234.5,234.5,4583,237.44,2408
2026-04-28 10:45:00,235.0,236.5,234.5,235.5,1635,237.42,2408
2026-04-28 10:50:00,235.5,237.0,235.0,236.5,862,237.41,2408
2026-04-28 10:55:00,236.5,236.5,235.0,236.0,1058,237.4,2408
2026-04-28 11:00:00,236.0,236.5,236.0,236.5,674,237.39,2408
2026-04-28 11:05:00,236.5,237.0,234.5,236.0,1987,237.36,2408
2026-04-28 11:10:00,236.5,237.0,236.0,237.0,794,237.36,2408
2026-04-28 11:15:00,236.5,238.5,236.5,238.0,2408,237.37,2408
2026-04-28 11:20:00,238.5,238.5,236.5,237.0,957,237.37,2408
2026-04-28 11:25:00,237.0,237.5,236.5,237.5,368,237.37,2408
2026-04-28 11:30:00,237.5,237.5,235.5,236.0,1356,237.36,2408
2026-04-28 11:35:00,236.0,236.5,235.0,236.0,1371,237.34,2408
2026-04-28 11:40:00,236.0,237.0,235.5,237.0,546,237.34,2408
2026-04-28 11:45:00,237.0,237.0,235.5,236.0,567,237.34,2408
2026-04-28 11:50:00,235.5,236.0,234.5,234.5,2548,237.3,2408
2026-04-28 11:55:00,234.5,237.0,234.5,237.0,1564,237.29,2408
2026-04-28 12:00:00,237.0,237.5,236.5,236.5,774,237.28,2408
2026-04-28 12:05:00,237.0,237.5,236.0,236.5,1768,237.28,2408
2026-04-28 12:10:00,236.5,237.5,236.5,237.0,1403,237.28,2408
2026-04-28 12:15:00,237.5,238.0,237.0,237.5,2752,237.28,2408
2026-04-28 12:20:00,237.5,238.5,237.0,238.0,1900,237.29,2408
2026-04-28 12:25:00,238.0,238.5,237.0,237.5,1705,237.29,2408
2026-04-28 12:30:00,237.5,238.5,237.0,238.5,1588,237.3,2408
2026-04-28 12:35:00,238.0,240.5,238.0,239.5,7884,237.39,2408
2026-04-28 12:40:00,239.5,239.5,239.0,239.5,664,237.4,2408
2026-04-28 12:45:00,239.5,239.5,238.0,238.5,2170,237.42,2408
2026-04-28 12:50:00,238.5,239.0,238.0,239.0,882,237.42,2408
2026-04-28 12:55:00,239.0,239.5,238.5,239.0,1305,237.43,2408
2026-04-28 13:00:00,239.0,239.5,238.0,238.5,1745,237.44,2408
2026-04-28 13:05:00,238.5,239.0,237.5,238.0,2560,237.45,2408
2026-04-28 13:10:00,238.0,238.5,237.5,238.0,1467,237.46,2408
2026-04-28 13:15:00,238.0,239.5,237.5,239.0,4676,237.48,2408
2026-04-28 13:20:00,239.0,239.0,237.0,237.5,2771,237.49,2408
2026-04-28 13:30:00,237.5,237.5,237.5,237.5,5609,237.49,2408
2026-04-29 09:00:00,236.0,239.0,232.5,238.5,10121,235.62,2408
2026-04-29 09:05:00,238.5,239.0,232.0,234.0,9492,235.78,2408
2026-04-29 09:10:00,233.5,238.5,233.0,237.5,4463,235.91,2408
2026-04-29 09:15:00,237.5,242.0,237.0,242.0,10890,237.15,2408
2026-04-29 09:20:00,242.0,242.0,238.0,238.5,5030,237.54,2408
2026-04-29 09:25:00,239.0,241.0,238.5,241.0,2164,237.66,2408
2026-04-29 09:30:00,241.0,241.5,239.5,240.5,2730,237.85,2408
2026-04-29 09:35:00,240.5,242.0,239.5,240.5,4016,238.11,2408
2026-04-29 09:40:00,240.5,241.0,238.0,238.5,1876,238.15,2408
2026-04-29 09:45:00,238.5,239.0,236.0,236.5,3640,238.11,2408
2026-04-29 09:50:00,236.5,238.5,236.5,238.0,1147,238.09,2408
2026-04-29 09:55:00,238.0,239.0,237.0,237.5,1059,238.09,2408
2026-04-29 10:00:00,238.0,240.0,237.5,239.5,1055,238.11,2408
2026-04-29 10:05:00,239.5,240.0,238.0,238.0,1507,238.14,2408
2026-04-29 10:10:00,238.0,238.5,237.5,237.5,703,238.14,2408
2026-04-29 10:15:00,237.5,239.5,237.5,238.5,910,238.14,2408
2026-04-29 10:20:00,238.5,238.5,237.0,237.5,834,238.14,2408
2026-04-29 10:25:00,237.0,237.5,236.5,237.0,1320,238.12,2408
2026-04-29 10:30:00,237.0,237.5,236.0,237.0,1175,238.09,2408
2026-04-29 10:35:00,237.0,237.0,235.0,236.0,2532,238.0,2408
2026-04-29 10:40:00,236.0,236.0,234.0,234.5,2023,237.91,2408
2026-04-29 10:45:00,234.5,236.5,233.5,236.0,1419,237.84,2408
2026-04-29 10:50:00,236.0,236.5,234.5,235.0,604,237.82,2408
2026-04-29 10:55:00,235.0,236.5,234.5,235.5,628,237.8,2408
2026-04-29 11:00:00,235.5,236.0,235.0,235.5,217,237.8,2408
2026-04-29 11:05:00,236.0,236.5,235.5,236.5,437,237.79,2408
2026-04-29 11:10:00,236.5,236.5,235.5,236.0,315,237.78,2408
2026-04-29 11:15:00,236.5,236.5,235.0,235.0,624,237.76,2408
2026-04-29 11:20:00,235.5,236.0,235.0,235.5,239,237.75,2408
2026-04-29 11:25:00,236.0,236.5,235.5,236.5,451,237.74,2408
2026-04-29 11:30:00,236.5,237.0,236.0,237.0,411,237.73,2408
2026-04-29 11:35:00,237.0,237.0,235.5,236.5,517,237.72,2408
2026-04-29 11:40:00,236.5,237.0,235.0,235.5,944,237.7,2408
2026-04-29 11:45:00,235.5,238.0,235.5,238.0,1454,237.69,2408
2026-04-29 11:50:00,238.0,238.5,237.5,238.0,1585,237.69,2408
2026-04-29 11:55:00,238.0,238.5,237.5,238.0,228,237.7,2408
2026-04-29 12:00:00,238.0,238.5,237.0,237.5,1005,237.7,2408
2026-04-29 12:05:00,237.5,238.0,237.0,237.5,689,237.7,2408
2026-04-29 12:10:00,238.0,238.0,237.5,237.5,340,237.7,2408
2026-04-29 12:15:00,237.5,238.0,237.0,237.0,406,237.7,2408
2026-04-29 12:20:00,237.5,237.5,236.0,236.0,840,237.68,2408
2026-04-29 12:25:00,236.5,237.0,236.5,237.0,207,237.68,2408
2026-04-29 12:30:00,237.0,237.5,236.5,237.0,462,237.68,2408
2026-04-29 12:35:00,237.5,237.5,236.5,236.5,414,237.67,2408
2026-04-29 12:40:00,237.0,237.0,236.0,236.5,473,237.67,2408
2026-04-29 12:45:00,236.5,236.5,236.0,236.0,456,237.66,2408
2026-04-29 12:50:00,236.0,236.5,235.0,235.5,849,237.64,2408
2026-04-29 12:55:00,236.0,236.5,235.0,235.5,1158,237.61,2408
2026-04-29 13:00:00,235.0,237.0,235.0,236.0,1126,237.59,2408
2026-04-29 13:05:00,236.0,236.5,235.5,236.0,947,237.57,2408
2026-04-29 13:10:00,236.0,236.5,235.5,236.5,1880,237.54,2408
2026-04-29 13:15:00,236.0,236.5,235.5,236.0,1482,237.51,2408
2026-04-29 13:20:00,235.5,236.0,234.5,235.5,2541,237.45,2408
2026-04-29 13:30:00,235.0,235.0,235.0,235.0,3271,237.37,2408
2026-04-30 09:00:00,239.5,240.0,232.0,233.0,10040,236.73,2408
2026-04-30 09:05:00,233.0,234.0,228.5,230.5,8603,234.08,2408
2026-04-30 09:10:00,230.5,232.5,228.0,228.5,5335,233.21,2408
2026-04-30 09:15:00,228.5,229.5,227.5,227.5,6345,232.15,2408
2026-04-30 09:20:00,227.0,228.0,226.5,227.0,4498,231.48,2408
2026-04-30 09:25:00,227.0,228.5,226.0,227.5,3015,231.14,2408
2026-04-30 09:30:00,227.0,229.0,226.5,227.5,2241,230.96,2408
2026-04-30 09:35:00,228.0,228.0,224.0,226.0,6558,230.23,2408
2026-04-30 09:40:00,226.0,227.5,225.5,226.0,1619,230.1,2408
2026-04-30 09:45:00,225.5,226.5,225.0,225.5,1637,229.95,2408
2026-04-30 09:50:00,225.0,226.0,224.5,224.5,2742,229.69,2408
2026-04-30 09:55:00,224.5,226.5,224.0,226.5,2662,229.45,2408
2026-04-30 10:00:00,226.5,227.0,225.5,226.5,1009,229.39,2408
2026-04-30 10:05:00,226.0,226.5,225.0,226.0,1064,229.32,2408
2026-04-30 10:10:00,226.0,226.0,224.0,224.5,1911,229.18,2408
2026-04-30 10:15:00,224.5,225.0,224.0,225.0,1060,229.1,2408
2026-04-30 10:20:00,225.0,225.5,224.0,225.5,1200,229.01,2408
2026-04-30 10:25:00,225.5,225.5,223.5,223.5,2567,228.82,2408
2026-04-30 10:30:00,223.5,224.0,223.0,223.5,1839,228.67,2408
2026-04-30 10:35:00,223.5,224.0,223.0,223.5,792,228.61,2408
2026-04-30 10:40:00,223.5,225.0,223.0,224.5,817,228.55,2408
2026-04-30 10:45:00,224.5,224.5,223.0,223.0,1124,228.47,2408
2026-04-30 10:50:00,223.0,223.5,221.5,222.0,3319,228.19,2408
2026-04-30 10:55:00,222.0,222.5,220.5,222.0,1974,228.01,2408
2026-04-30 11:00:00,221.5,222.0,221.0,221.0,883,227.93,2408
2026-04-30 11:05:00,221.5,222.0,220.0,221.0,1876,227.76,2408
2026-04-30 11:10:00,220.5,222.0,220.5,221.5,971,227.68,2408
2026-04-30 11:15:00,221.0,221.0,220.0,220.0,2005,227.49,2408
2026-04-30 11:20:00,220.0,221.0,219.0,219.5,2661,227.25,2408
2026-04-30 11:25:00,219.5,220.5,219.0,220.5,1380,227.12,2408
2026-04-30 11:30:00,220.5,221.0,220.0,220.5,528,227.08,2408
2026-04-30 11:35:00,220.5,220.5,219.0,220.0,1523,226.95,2408
2026-04-30 11:40:00,220.0,221.0,219.0,221.0,1155,226.85,2408
2026-04-30 11:45:00,221.0,221.5,220.5,221.0,875,226.79,2408
2026-04-30 11:50:00,221.0,221.0,220.0,220.5,670,226.74,2408
2026-04-30 11:55:00,220.0,220.5,219.5,220.0,865,226.68,2408
2026-04-30 12:00:00,220.0,220.0,219.0,219.5,631,226.63,2408
2026-04-30 12:05:00,219.5,219.5,219.0,219.5,513,226.58,2408
2026-04-30 12:10:00,219.0,219.5,218.0,219.0,2999,226.33,2408
2026-04-30 12:15:00,218.5,219.0,218.0,218.5,938,226.25,2408
2026-04-30 12:20:00,218.5,218.5,216.5,217.0,3533,225.94,2408
2026-04-30 12:25:00,217.5,217.5,215.0,215.5,2684,225.68,2408
2026-04-30 12:30:00,215.5,216.0,215.0,216.0,2290,225.45,2408
2026-04-30 12:35:00,215.5,216.5,215.5,215.5,1180,225.34,2408
2026-04-30 12:40:00,216.0,216.0,214.5,214.5,2556,225.09,2408
2026-04-30 12:45:00,214.5,216.5,214.5,216.5,1251,224.98,2408
2026-04-30 12:50:00,216.5,217.0,216.0,217.0,619,224.93,2408
2026-04-30 12:55:00,217.0,217.0,215.5,215.5,903,224.86,2408
2026-04-30 13:00:00,216.0,216.5,215.0,215.5,1268,224.76,2408
2026-04-30 13:05:00,215.5,216.0,215.0,216.0,948,224.68,2408
2026-04-30 13:10:00,216.0,216.5,215.5,216.5,1206,224.58,2408
2026-04-30 13:15:00,216.0,217.0,215.5,216.0,1879,224.44,2408
2026-04-30 13:20:00,215.5,216.0,215.5,215.5,2438,224.26,2408
2026-04-30 13:30:00,215.5,215.5,215.5,215.5,5221,223.89,2408
2026-05-04 09:00:00,223.0,226.5,222.0,222.0,11048,224.41,2408
2026-05-04 09:05:00,222.5,222.5,219.5,220.5,5834,223.19,2408
2026-05-04 09:10:00,220.5,224.0,220.0,222.0,3447,223.0,2408
2026-05-04 09:15:00,222.5,225.0,222.0,222.0,4347,223.14,2408
2026-05-04 09:20:00,222.0,225.5,222.0,224.0,3560,223.27,2408
2026-05-04 09:25:00,224.0,226.0,223.5,224.0,3075,223.43,2408
2026-05-04 09:30:00,224.5,224.5,221.5,222.5,2372,223.36,2408
2026-05-04 09:35:00,223.0,224.5,222.0,222.0,1412,223.35,2408
2026-05-04 09:40:00,222.5,223.5,221.0,222.5,1335,223.3,2408
2026-05-04 09:45:00,223.0,223.0,220.5,220.5,1603,223.22,2408
2026-05-04 09:50:00,220.5,220.5,217.5,217.5,7587,222.53,2408
2026-05-04 09:55:00,217.5,220.5,217.0,220.5,2370,222.33,2408
2026-05-04 10:00:00,220.5,221.5,219.0,221.5,2066,222.26,2408
2026-05-04 10:05:00,221.5,226.5,221.5,226.5,9215,222.66,2408
2026-05-04 10:10:00,226.5,233.0,226.0,230.5,15924,224.11,2408
2026-05-04 10:15:00,230.5,234.5,230.0,231.0,7516,224.85,2408
2026-05-04 10:20:00,231.5,234.0,230.5,232.5,5236,225.31,2408
2026-05-04 10:25:00,232.5,236.0,232.0,233.5,7114,225.99,2408
2026-05-04 10:30:00,233.5,234.0,230.5,231.0,2097,226.12,2408
2026-05-04 10:35:00,230.5,232.5,230.5,232.5,1304,226.18,2408
2026-05-04 10:40:00,232.5,232.5,230.5,231.0,679,226.22,2408
2026-05-04 10:45:00,231.0,231.5,230.0,230.0,855,226.26,2408
2026-05-04 10:50:00,230.5,233.5,230.0,231.5,1861,226.37,2408
2026-05-04 10:55:00,232.0,233.5,231.5,232.0,2010,226.49,2408
2026-05-04 11:00:00,232.0,236.0,232.0,236.0,5706,226.91,2408
2026-05-04 11:05:00,236.0,237.0,235.5,237.0,18581,228.36,2408
2026-05-04 11:10:00,237.0,237.0,237.0,237.0,3069,228.56,2408
2026-05-04 11:15:00,237.0,237.0,237.0,237.0,1521,228.66,2408
2026-05-04 11:20:00,237.0,237.0,237.0,237.0,1178,228.73,2408
2026-05-04 11:25:00,237.0,237.0,237.0,237.0,604,228.77,2408
2026-05-04 11:30:00,237.0,237.0,237.0,237.0,403,228.79,2408
2026-05-04 11:35:00,237.0,237.0,237.0,237.0,550,228.82,2408
2026-05-04 11:40:00,237.0,237.0,237.0,237.0,373,228.85,2408
2026-05-04 11:45:00,237.0,237.0,237.0,237.0,194,228.86,2408
2026-05-04 11:50:00,237.0,237.0,237.0,237.0,300,228.88,2408
2026-05-04 11:55:00,237.0,237.0,237.0,237.0,220,228.89,2408
2026-05-04 12:00:00,237.0,237.0,237.0,237.0,270,228.91,2408
2026-05-04 12:05:00,237.0,237.0,237.0,237.0,185,228.92,2408
2026-05-04 12:10:00,237.0,237.0,237.0,237.0,209,228.93,2408
2026-05-04 12:15:00,237.0,237.0,237.0,237.0,507,228.96,2408
2026-05-04 12:20:00,237.0,237.0,237.0,237.0,422,228.98,2408
2026-05-04 12:25:00,237.0,237.0,237.0,237.0,231,229.0,2408
2026-05-04 12:30:00,237.0,237.0,237.0,237.0,270,229.01,2408
2026-05-04 12:35:00,237.0,237.0,237.0,237.0,134,229.02,2408
2026-05-04 12:40:00,237.0,237.0,237.0,237.0,202,229.03,2408
2026-05-04 12:45:00,237.0,237.0,237.0,237.0,245,229.04,2408
2026-05-04 12:50:00,237.0,237.0,237.0,237.0,420,229.07,2408
2026-05-04 12:55:00,237.0,237.0,237.0,237.0,286,229.09,2408
2026-05-04 13:00:00,237.0,237.0,237.0,237.0,206,229.1,2408
2026-05-04 13:05:00,237.0,237.0,237.0,237.0,249,229.11,2408
2026-05-04 13:10:00,237.0,237.0,237.0,237.0,246,229.12,2408
2026-05-04 13:15:00,237.0,237.0,237.0,237.0,286,229.14,2408
2026-05-04 13:20:00,237.0,237.0,237.0,237.0,491,229.17,2408
2026-05-04 13:30:00,237.0,237.0,237.0,237.0,235,229.18,2408
2026-05-05 09:00:00,243.0,251.0,242.5,250.5,34049,246.45,2408
2026-05-05 09:05:00,251.0,253.5,248.5,250.5,18138,248.06,2408
2026-05-05 09:10:00,251.0,251.0,247.0,249.0,8188,248.19,2408
2026-05-05 09:15:00,248.5,251.5,247.0,249.0,7167,248.34,2408
2026-05-05 09:20:00,249.0,250.5,248.0,248.0,4130,248.37,2408
2026-05-05 09:25:00,248.0,250.5,247.5,248.0,5187,248.41,2408
2026-05-05 09:30:00,248.5,253.5,247.5,252.0,14381,248.83,2408
2026-05-05 09:35:00,252.0,254.5,250.0,251.0,8520,249.17,2408
2026-05-05 09:40:00,250.5,252.5,250.5,251.0,3545,249.24,2408
2026-05-05 09:45:00,251.5,251.5,246.5,247.5,6958,249.22,2408
2026-05-05 09:50:00,247.5,249.5,247.0,249.0,2768,249.2,2408
2026-05-05 09:55:00,248.5,251.5,248.0,251.0,3174,249.23,2408
2026-05-05 10:00:00,251.5,252.5,250.0,251.5,3661,249.31,2408
2026-05-05 10:05:00,251.5,252.5,250.0,251.0,1423,249.33,2408
2026-05-05 10:10:00,251.0,255.0,250.5,254.0,9017,249.62,2408
2026-05-05 10:15:00,253.5,256.0,253.5,255.0,8182,249.93,2408
2026-05-05 10:20:00,255.0,257.0,254.5,257.0,4578,250.12,2408
2026-05-05 10:25:00,257.0,258.0,254.0,254.0,5243,250.35,2408
2026-05-05 10:30:00,254.5,255.0,252.0,253.0,3067,250.41,2408
2026-05-05 10:35:00,252.5,254.5,252.0,254.5,2193,250.45,2408
2026-05-05 10:40:00,254.5,255.5,253.5,254.0,1289,250.49,2408
2026-05-05 10:45:00,254.0,254.5,253.0,253.5,1009,250.51,2408
2026-05-05 10:50:00,254.0,255.0,253.0,254.0,1312,250.54,2408
2026-05-05 10:55:00,253.5,254.5,253.0,254.5,644,250.55,2408
2026-05-05 11:00:00,254.0,254.5,253.5,254.0,713,250.57,2408
2026-05-05 11:05:00,254.0,254.5,252.5,253.5,1187,250.59,2408
2026-05-05 11:10:00,254.0,254.5,253.5,254.0,756,250.61,2408
2026-05-05 11:15:00,254.0,255.0,253.5,255.0,864,250.63,2408
2026-05-05 11:20:00,255.0,256.0,254.5,256.0,1609,250.67,2408
2026-05-05 11:25:00,256.0,256.5,255.0,255.5,1413,250.72,2408
2026-05-05 11:30:00,255.5,256.0,254.5,255.0,603,250.73,2408
2026-05-05 11:35:00,255.0,255.5,254.5,255.5,456,250.74,2408
2026-05-05 11:40:00,255.0,256.0,255.0,255.5,811,250.77,2408
2026-05-05 11:45:00,255.5,256.0,255.0,255.5,947,250.8,2408
2026-05-05 11:50:00,255.5,256.0,255.0,255.5,690,250.82,2408
2026-05-05 11:55:00,256.0,256.0,255.0,256.0,650,250.83,2408
2026-05-05 12:00:00,256.0,257.0,255.5,256.0,2654,250.92,2408
2026-05-05 12:05:00,256.0,256.5,254.0,254.5,1121,250.95,2408
2026-05-05 12:10:00,255.0,256.5,254.0,255.0,933,250.97,2408
2026-05-05 12:15:00,255.0,256.0,254.0,255.5,883,250.99,2408
2026-05-05 12:20:00,255.0,257.5,254.5,257.5,2814,251.08,2408
2026-05-05 12:25:00,257.5,259.0,257.0,258.5,6320,251.32,2408
2026-05-05 12:30:00,258.5,259.0,258.0,258.0,1959,251.4,2408
2026-05-05 12:35:00,258.0,258.5,256.0,257.5,1748,251.45,2408
2026-05-05 12:40:00,257.5,257.5,256.0,256.5,549,251.47,2408
2026-05-05 12:45:00,257.0,257.5,255.5,257.0,1303,251.5,2408
2026-05-05 12:50:00,257.0,257.0,255.5,255.5,850,251.52,2408
2026-05-05 12:55:00,255.5,256.0,255.0,255.5,970,251.54,2408
2026-05-05 13:00:00,255.0,256.5,255.0,256.0,835,251.56,2408
2026-05-05 13:05:00,256.5,257.0,255.5,256.5,1523,251.6,2408
2026-05-05 13:10:00,257.0,257.0,256.0,256.5,1253,251.63,2408
2026-05-05 13:15:00,256.5,257.5,256.0,257.0,2421,251.7,2408
2026-05-05 13:20:00,257.0,258.0,256.0,256.5,3048,251.78,2408
2026-05-05 13:30:00,256.5,256.5,256.5,256.5,4364,251.88,2408
2026-05-06 09:00:00,282.0,282.0,282.0,282.0,21048,282.0,2408
2026-05-06 09:05:00,282.0,282.0,282.0,282.0,2379,282.0,2408
2026-05-06 09:10:00,282.0,282.0,282.0,282.0,2357,282.0,2408
2026-05-06 09:15:00,282.0,282.0,282.0,282.0,692,282.0,2408
2026-05-06 09:20:00,282.0,282.0,282.0,282.0,695,282.0,2408
2026-05-06 09:25:00,282.0,282.0,282.0,282.0,726,282.0,2408
2026-05-06 09:30:00,282.0,282.0,282.0,282.0,470,282.0,2408
2026-05-06 09:35:00,282.0,282.0,282.0,282.0,345,282.0,2408
2026-05-06 09:40:00,282.0,282.0,282.0,282.0,389,282.0,2408
2026-05-06 09:45:00,282.0,282.0,282.0,282.0,750,282.0,2408
2026-05-06 09:50:00,282.0,282.0,270.5,276.0,42387,280.53,2408
2026-05-06 09:55:00,277.0,282.0,276.0,282.0,15547,280.61,2408
2026-05-06 10:00:00,282.0,282.0,282.0,282.0,5687,280.69,2408
2026-05-06 10:05:00,282.0,282.0,275.0,280.0,19014,280.61,2408
2026-05-06 10:10:00,280.5,282.0,279.5,281.0,5920,280.64,2408
2026-05-06 10:15:00,281.0,282.0,279.5,281.5,9258,280.67,2408
2026-05-06 10:20:00,282.0,282.0,281.5,282.0,6445,280.73,2408
2026-05-06 10:25:00,282.0,282.0,282.0,282.0,1151,280.74,2408
2026-05-06 10:30:00,282.0,282.0,282.0,282.0,565,280.75,2408
2026-05-06 10:35:00,282.0,282.0,282.0,282.0,338,280.75,2408
2026-05-06 10:40:00,282.0,282.0,282.0,282.0,578,280.76,2408
2026-05-06 10:45:00,282.0,282.0,282.0,282.0,400,280.76,2408
2026-05-06 10:50:00,282.0,282.0,282.0,282.0,259,280.76,2408
2026-05-06 10:55:00,282.0,282.0,282.0,282.0,844,280.77,2408
2026-05-06 11:00:00,282.0,282.0,282.0,282.0,545,280.78,2408
2026-05-06 11:05:00,282.0,282.0,282.0,282.0,256,280.78,2408
2026-05-06 11:10:00,282.0,282.0,282.0,282.0,161,280.78,2408
2026-05-06 11:15:00,282.0,282.0,282.0,282.0,194,280.78,2408
2026-05-06 11:20:00,282.0,282.0,282.0,282.0,137,280.78,2408
2026-05-06 11:25:00,282.0,282.0,282.0,282.0,93,280.78,2408
2026-05-06 11:30:00,282.0,282.0,282.0,282.0,130,280.79,2408
2026-05-06 11:35:00,282.0,282.0,282.0,282.0,120,280.79,2408
2026-05-06 11:40:00,282.0,282.0,282.0,282.0,95,280.79,2408
2026-05-06 11:45:00,282.0,282.0,282.0,282.0,255,280.79,2408
2026-05-06 11:50:00,282.0,282.0,282.0,282.0,112,280.79,2408
2026-05-06 11:55:00,282.0,282.0,282.0,282.0,124,280.79,2408
2026-05-06 12:00:00,282.0,282.0,282.0,282.0,67,280.79,2408
2026-05-06 12:05:00,282.0,282.0,282.0,282.0,199,280.79,2408
2026-05-06 12:10:00,282.0,282.0,282.0,282.0,51,280.79,2408
2026-05-06 12:15:00,282.0,282.0,282.0,282.0,89,280.79,2408
2026-05-06 12:20:00,282.0,282.0,282.0,282.0,117,280.8,2408
2026-05-06 12:25:00,282.0,282.0,282.0,282.0,95,280.8,2408
2026-05-06 12:30:00,282.0,282.0,282.0,282.0,128,280.8,2408
2026-05-06 12:35:00,282.0,282.0,282.0,282.0,107,280.8,2408
2026-05-06 12:40:00,282.0,282.0,282.0,282.0,46,280.8,2408
2026-05-06 12:45:00,282.0,282.0,282.0,282.0,137,280.8,2408
2026-05-06 12:50:00,282.0,282.0,282.0,282.0,76,280.8,2408
2026-05-06 12:55:00,282.0,282.0,282.0,282.0,74,280.8,2408
2026-05-06 13:00:00,282.0,282.0,282.0,282.0,170,280.8,2408
2026-05-06 13:05:00,282.0,282.0,282.0,282.0,93,280.8,2408
2026-05-06 13:10:00,282.0,282.0,282.0,282.0,107,280.8,2408
2026-05-06 13:15:00,282.0,282.0,282.0,282.0,136,280.81,2408
2026-05-06 13:20:00,282.0,282.0,282.0,282.0,169,280.81,2408
2026-05-06 13:30:00,282.0,282.0,282.0,282.0,3373,280.83,2408
2026-05-07 09:00:00,293.0,296.0,283.5,285.0,28984,290.32,2408
2026-05-07 09:05:00,285.5,287.0,278.0,282.5,17243,287.65,2408
2026-05-07 09:10:00,283.0,288.5,281.5,288.5,9476,287.21,2408
2026-05-07 09:15:00,288.5,292.5,288.0,292.0,14751,287.89,2408
2026-05-07 09:20:00,292.0,295.0,286.0,286.5,17714,288.42,2408
2026-05-07 09:25:00,286.5,291.5,286.0,290.0,5870,288.45,2408
2026-05-07 09:30:00,290.0,293.0,287.5,290.0,9230,288.58,2408
2026-05-07 09:35:00,290.0,290.5,285.5,286.5,5171,288.54,2408
2026-05-07 09:40:00,286.5,289.0,286.5,288.0,3282,288.51,2408
2026-05-07 09:45:00,288.5,289.0,286.5,287.5,2178,288.49,2408
2026-05-07 09:50:00,287.0,287.5,284.0,287.5,5620,288.35,2408
2026-05-07 09:55:00,287.5,290.0,287.0,289.5,3578,288.36,2408
2026-05-07 10:00:00,289.5,290.0,287.0,287.5,1666,288.36,2408
2026-05-07 10:05:00,288.0,288.5,287.0,288.5,1064,288.36,2408
2026-05-07 10:10:00,288.0,289.0,285.0,285.0,3284,288.31,2408
2026-05-07 10:15:00,285.5,287.0,285.0,285.5,1934,288.27,2408
2026-05-07 10:20:00,286.0,287.5,285.0,286.5,2371,288.24,2408
2026-05-07 10:25:00,286.5,291.0,286.5,291.0,5522,288.28,2408
2026-05-07 10:30:00,291.0,293.0,290.5,293.0,5547,288.42,2408
2026-05-07 10:35:00,293.0,293.0,290.5,290.5,2430,288.48,2408
2026-05-07 10:40:00,290.5,291.0,290.0,291.0,916,288.49,2408
2026-05-07 10:45:00,291.0,291.0,288.0,289.5,1274,288.5,2408
2026-05-07 10:50:00,289.5,291.0,289.0,291.0,1324,288.51,2408
2026-05-07 10:55:00,290.5,291.5,290.0,290.5,1324,288.53,2408
2026-05-07 11:00:00,291.0,291.5,290.5,290.5,1154,288.55,2408
2026-05-07 11:05:00,290.0,291.0,289.0,290.0,807,288.56,2408
2026-05-07 11:10:00,290.0,291.0,290.0,290.5,574,288.57,2408
2026-05-07 11:15:00,290.5,290.5,289.5,290.0,554,288.57,2408
2026-05-07 11:20:00,290.5,290.5,289.0,290.5,917,288.58,2408
2026-05-07 11:25:00,290.0,290.5,289.0,289.5,559,288.59,2408
2026-05-07 11:30:00,289.5,290.5,289.0,290.0,598,288.59,2408
2026-05-07 11:35:00,290.0,290.5,289.5,290.0,694,288.6,2408
2026-05-07 11:40:00,290.0,290.5,289.5,290.0,896,288.61,2408
2026-05-07 11:45:00,290.0,290.5,289.0,289.5,754,288.61,2408
2026-05-07 11:50:00,289.5,290.0,288.0,288.5,1178,288.61,2408
2026-05-07 11:55:00,288.0,288.5,287.0,288.0,1478,288.61,2408
2026-05-07 12:00:00,288.0,288.0,287.0,288.0,883,288.6,2408
2026-05-07 12:05:00,288.0,288.0,286.0,286.5,1461,288.58,2408
2026-05-07 12:10:00,286.0,286.5,285.0,285.5,1698,288.55,2408
2026-05-07 12:15:00,285.5,285.5,282.0,284.5,3997,288.44,2408
2026-05-07 12:20:00,284.5,286.0,284.5,285.5,1126,288.42,2408
2026-05-07 12:25:00,285.0,285.5,283.0,283.5,1511,288.38,2408
2026-05-07 12:30:00,283.5,284.0,283.0,284.0,870,288.35,2408
2026-05-07 12:35:00,284.0,284.5,283.5,284.0,1124,288.33,2408
2026-05-07 12:40:00,284.5,285.0,284.0,284.5,561,288.31,2408
2026-05-07 12:45:00,285.0,285.5,284.5,285.0,1148,288.29,2408
2026-05-07 12:50:00,284.5,284.5,284.0,284.5,603,288.28,2408
2026-05-07 12:55:00,284.5,285.5,284.0,285.5,940,288.26,2408
2026-05-07 13:00:00,285.0,286.0,285.0,285.5,1091,288.24,2408
2026-05-07 13:05:00,286.0,286.0,284.0,284.5,1402,288.22,2408
2026-05-07 13:10:00,285.0,285.0,284.5,284.5,1420,288.19,2408
2026-05-07 13:15:00,285.0,286.0,285.0,285.5,2823,288.15,2408
2026-05-07 13:20:00,285.5,285.5,284.0,284.5,3414,288.09,2408
2026-05-07 13:30:00,287.0,287.0,287.0,287.0,6459,288.05,2408
2026-05-08 09:00:00,282.0,285.0,277.5,284.5,9194,281.13,2408
2026-05-08 09:05:00,284.0,284.5,281.0,284.0,3285,281.56,2408
2026-05-08 09:10:00,284.5,289.0,283.5,287.5,5662,283.05,2408
2026-05-08 09:15:00,288.0,288.0,283.0,284.0,2666,283.3,2408
2026-05-08 09:20:00,284.0,284.5,282.5,282.5,1933,283.31,2408
2026-05-08 09:25:00,283.0,284.5,281.5,284.5,2266,283.26,2408
2026-05-08 09:30:00,284.5,286.0,283.0,283.0,1916,283.37,2408
2026-05-08 09:35:00,283.5,283.5,280.0,280.5,3153,283.13,2408
2026-05-08 09:40:00,280.5,281.0,275.0,275.5,7139,282.09,2408
2026-05-08 09:45:00,276.0,276.5,272.5,274.0,6855,280.93,2408
2026-05-08 09:50:00,274.5,275.5,273.5,274.5,2677,280.57,2408
2026-05-08 09:55:00,275.0,275.5,271.0,271.0,4554,279.9,2408
2026-05-08 10:00:00,271.5,274.0,270.0,273.0,3620,279.35,2408
2026-05-08 10:05:00,273.0,273.0,269.0,271.5,4296,278.71,2408
2026-05-08 10:10:00,271.5,271.5,269.0,269.0,2388,278.37,2408
2026-05-08 10:15:00,269.5,269.5,262.0,263.0,9433,276.73,2408
2026-05-08 10:20:00,263.0,266.0,260.0,265.5,8289,275.22,2408
2026-05-08 10:25:00,266.0,267.5,263.0,263.5,3026,274.87,2408
2026-05-08 10:30:00,264.0,268.0,263.0,267.5,1952,274.65,2408
2026-05-08 10:35:00,267.5,268.5,265.0,266.0,2118,274.46,2408
2026-05-08 10:40:00,266.0,268.5,265.0,268.5,1282,274.36,2408
2026-05-08 10:45:00,268.5,269.0,266.5,267.0,1264,274.26,2408
2026-05-08 10:50:00,267.5,269.0,266.5,268.5,1063,274.19,2408
2026-05-08 10:55:00,268.5,271.0,268.5,270.0,2044,274.09,2408
2026-05-08 11:00:00,270.0,272.0,269.5,270.5,1306,274.04,2408
2026-05-08 11:05:00,270.5,272.0,270.5,271.5,758,274.02,2408
2026-05-08 11:10:00,271.5,274.0,271.0,274.0,1753,274.0,2408
2026-05-08 11:15:00,273.5,274.5,273.0,273.5,1526,274.0,2408
2026-05-08 11:20:00,273.0,275.0,272.5,273.0,1495,274.0,2408
2026-05-08 11:25:00,273.0,276.5,273.0,276.5,2016,274.03,2408
2026-05-08 11:30:00,276.5,278.0,276.0,277.5,1844,274.08,2408
2026-05-08 11:35:00,277.0,277.5,276.0,277.0,757,274.1,2408
2026-05-08 11:40:00,277.0,278.5,276.0,278.5,1608,274.16,2408
2026-05-08 11:45:00,278.5,278.5,275.0,275.0,1427,274.19,2408
2026-05-08 11:50:00,275.0,276.5,274.0,276.0,938,274.2,2408
2026-05-08 11:55:00,276.5,277.0,275.5,276.5,581,274.21,2408
2026-05-08 12:00:00,276.5,278.5,276.0,278.5,1508,274.25,2408
2026-05-08 12:05:00,278.0,279.0,277.0,277.5,796,274.28,2408
2026-05-08 12:10:00,277.5,278.0,276.0,276.5,525,274.29,2408
2026-05-08 12:15:00,276.0,277.0,276.0,276.0,656,274.3,2408
2026-05-08 12:20:00,276.5,277.5,276.0,276.5,695,274.32,2408
2026-05-08 12:25:00,276.5,277.0,276.0,276.5,773,274.34,2408
2026-05-08 12:30:00,276.5,276.5,275.5,275.5,407,274.34,2408
2026-05-08 12:35:00,275.5,276.0,275.0,276.0,519,274.35,2408
2026-05-08 12:40:00,275.5,276.0,275.0,275.0,578,274.35,2408
2026-05-08 12:45:00,275.0,276.0,275.0,275.0,777,274.36,2408
2026-05-08 12:50:00,275.5,278.5,275.0,276.5,3032,274.43,2408
2026-05-08 12:55:00,276.5,276.5,275.5,276.0,432,274.43,2408
2026-05-08 13:00:00,275.5,276.0,275.5,275.5,540,274.44,2408
2026-05-08 13:05:00,275.5,276.0,274.5,274.5,1061,274.45,2408
2026-05-08 13:10:00,274.5,276.0,274.5,275.5,1189,274.45,2408
2026-05-08 13:15:00,275.5,276.0,274.0,274.5,2130,274.46,2408
2026-05-08 13:20:00,275.0,275.0,274.5,274.5,1482,274.47,2408
2026-05-08 13:30:00,274.0,274.0,274.0,274.0,2853,274.45,2408
2026-05-11 09:00:00,300.5,301.0,298.0,298.5,41058,300.49,2408
2026-05-11 09:05:00,299.0,300.5,296.5,300.0,10209,300.14,2408
2026-05-11 09:10:00,299.5,300.5,296.0,297.5,4948,299.99,2408
2026-05-11 09:15:00,297.5,298.5,296.5,298.0,3560,299.84,2408
2026-05-11 09:20:00,297.5,299.5,296.5,299.5,3317,299.76,2408
2026-05-11 09:25:00,299.5,300.5,299.0,300.5,6227,299.79,2408
2026-05-11 09:30:00,300.5,300.5,297.5,298.0,2321,299.77,2408
2026-05-11 09:35:00,298.0,299.5,297.5,299.0,1513,299.75,2408
2026-05-11 09:40:00,299.5,299.5,298.0,298.5,1326,299.73,2408
2026-05-11 09:45:00,298.0,298.5,297.5,298.0,1166,299.71,2408
2026-05-11 09:50:00,298.5,301.0,298.0,300.5,13341,299.8,2408
2026-05-11 09:55:00,300.5,301.0,300.0,301.0,10489,299.92,2408
2026-05-11 10:00:00,301.0,301.0,301.0,301.0,568,299.93,2408
2026-05-11 10:05:00,301.0,301.0,301.0,301.0,574,299.93,2408
2026-05-11 10:10:00,301.0,301.0,301.0,301.0,431,299.94,2408
2026-05-11 10:15:00,301.0,301.0,301.0,301.0,486,299.94,2408
2026-05-11 10:20:00,301.0,301.0,301.0,301.0,133,299.94,2408
2026-05-11 10:25:00,301.0,301.0,301.0,301.0,183,299.95,2408
2026-05-11 10:30:00,301.0,301.0,301.0,301.0,131,299.95,2408
2026-05-11 10:35:00,301.0,301.0,301.0,301.0,117,299.95,2408
2026-05-11 10:40:00,301.0,301.0,301.0,301.0,84,299.95,2408
2026-05-11 10:45:00,301.0,301.0,301.0,301.0,125,299.95,2408
2026-05-11 10:50:00,301.0,301.0,301.0,301.0,123,299.95,2408
2026-05-11 10:55:00,301.0,301.0,301.0,301.0,59,299.95,2408
2026-05-11 11:00:00,301.0,301.0,301.0,301.0,114,299.95,2408
2026-05-11 11:05:00,301.0,301.0,301.0,301.0,73,299.96,2408
2026-05-11 11:10:00,301.0,301.0,301.0,301.0,96,299.96,2408
2026-05-11 11:15:00,301.0,301.0,301.0,301.0,56,299.96,2408
2026-05-11 11:20:00,301.0,301.0,301.0,301.0,78,299.96,2408
2026-05-11 11:25:00,301.0,301.0,301.0,301.0,72,299.96,2408
2026-05-11 11:30:00,301.0,301.0,301.0,301.0,87,299.96,2408
2026-05-11 11:35:00,301.0,301.0,301.0,301.0,41,299.96,2408
2026-05-11 11:40:00,301.0,301.0,301.0,301.0,64,299.96,2408
2026-05-11 11:45:00,301.0,301.0,301.0,301.0,138,299.96,2408
2026-05-11 11:50:00,301.0,301.0,301.0,301.0,71,299.96,2408
2026-05-11 11:55:00,301.0,301.0,301.0,301.0,41,299.96,2408
2026-05-11 12:00:00,301.0,301.0,301.0,301.0,53,299.96,2408
2026-05-11 12:05:00,301.0,301.0,301.0,301.0,73,299.96,2408
2026-05-11 12:10:00,301.0,301.0,301.0,301.0,48,299.96,2408
2026-05-11 12:15:00,301.0,301.0,301.0,301.0,78,299.97,2408
2026-05-11 12:20:00,301.0,301.0,301.0,301.0,241,299.97,2408
2026-05-11 12:25:00,301.0,301.0,301.0,301.0,177,299.97,2408
2026-05-11 12:30:00,301.0,301.0,301.0,301.0,169,299.97,2408
2026-05-11 12:35:00,301.0,301.0,301.0,301.0,180,299.97,2408
2026-05-11 12:40:00,301.0,301.0,301.0,301.0,197,299.97,2408
2026-05-11 12:45:00,301.0,301.0,301.0,301.0,217,299.98,2408
2026-05-11 12:50:00,301.0,301.0,301.0,301.0,123,299.98,2408
2026-05-11 12:55:00,301.0,301.0,301.0,301.0,142,299.98,2408
2026-05-11 13:00:00,301.0,301.0,301.0,301.0,128,299.98,2408
2026-05-11 13:05:00,301.0,301.0,301.0,301.0,173,299.98,2408
2026-05-11 13:10:00,301.0,301.0,301.0,301.0,94,299.98,2408
2026-05-11 13:15:00,301.0,301.0,301.0,301.0,90,299.98,2408
2026-05-11 13:20:00,301.0,301.0,301.0,301.0,199,299.99,2408
2026-05-11 13:30:00,301.0,301.0,301.0,301.0,283,299.99,2408
2026-05-12 09:00:00,312.5,316.0,310.5,311.5,24043,313.29,2408
2026-05-12 09:05:00,311.5,315.0,310.0,310.5,9126,313.21,2408
2026-05-12 09:10:00,310.5,311.5,307.5,310.5,7878,312.52,2408
2026-05-12 09:15:00,310.5,310.5,304.0,308.0,9800,311.34,2408
2026-05-12 09:20:00,308.5,313.0,308.0,311.0,5825,311.32,2408
2026-05-12 09:25:00,310.5,311.0,306.0,308.0,5147,311.09,2408
2026-05-12 09:30:00,308.0,308.5,302.5,303.0,7339,310.5,2408
2026-05-12 09:35:00,303.0,305.0,302.0,302.5,5834,309.92,2408
2026-05-12 09:40:00,302.5,305.5,301.0,305.0,6476,309.36,2408
2026-05-12 09:45:00,304.5,305.0,301.5,302.0,3331,309.14,2408
2026-05-12 09:50:00,302.0,304.5,301.5,304.0,1949,309.01,2408
2026-05-12 09:55:00,304.0,307.5,303.5,305.5,3135,308.89,2408
2026-05-12 10:00:00,305.0,305.5,301.5,303.0,2643,308.73,2408
2026-05-12 10:05:00,303.5,304.0,302.0,303.0,1128,308.66,2408
2026-05-12 10:10:00,303.0,306.5,303.0,305.0,2172,308.58,2408
2026-05-12 10:15:00,305.0,306.0,303.5,305.5,1220,308.53,2408
2026-05-12 10:20:00,305.5,310.0,305.0,310.0,3666,308.5,2408
2026-05-12 10:25:00,309.5,314.5,309.5,314.5,9608,308.79,2408
2026-05-12 10:30:00,314.5,315.0,311.5,311.5,4664,308.98,2408
2026-05-12 10:35:00,311.5,319.0,311.5,318.0,10731,309.56,2408
2026-05-12 10:40:00,318.0,323.0,316.5,320.5,10279,310.36,2408
2026-05-12 10:45:00,320.5,321.5,318.0,319.5,3674,310.61,2408
2026-05-12 10:50:00,319.5,325.0,319.5,320.5,5876,311.11,2408
2026-05-12 10:55:00,320.5,323.0,317.5,318.0,3506,311.33,2408
2026-05-12 11:00:00,318.0,318.5,315.0,315.0,3008,311.43,2408
2026-05-12 11:05:00,315.0,315.5,312.5,313.0,3293,311.48,2408
2026-05-12 11:10:00,313.0,315.0,311.5,312.0,2710,311.5,2408
2026-05-12 11:15:00,312.0,312.5,309.0,312.0,2985,311.48,2408
2026-05-12 11:20:00,312.0,312.0,310.0,312.0,1230,311.48,2408
2026-05-12 11:25:00,312.0,313.0,311.0,313.0,1338,311.48,2408
2026-05-12 11:30:00,313.0,315.0,312.0,312.0,3170,311.52,2408
2026-05-12 11:35:00,312.0,314.0,312.0,313.5,840,311.53,2408
2026-05-12 11:40:00,314.0,316.5,313.0,315.0,2332,311.58,2408
2026-05-12 11:45:00,315.5,319.5,314.5,317.0,3157,311.68,2408
2026-05-12 11:50:00,317.0,318.0,315.5,317.5,2293,311.74,2408
2026-05-12 11:55:00,317.5,322.0,316.0,316.0,3130,311.87,2408
2026-05-12 12:00:00,316.5,318.5,316.0,318.0,729,311.89,2408
2026-05-12 12:05:00,318.0,318.5,315.5,316.0,1086,311.92,2408
2026-05-12 12:10:00,316.5,316.5,314.5,315.5,1051,311.94,2408
2026-05-12 12:15:00,315.5,318.5,315.5,317.5,1689,311.99,2408
2026-05-12 12:20:00,317.0,320.5,316.0,319.0,3038,312.1,2408
2026-05-12 12:25:00,319.0,319.0,317.0,317.0,999,312.14,2408
2026-05-12 12:30:00,317.0,319.0,317.0,317.5,957,312.17,2408
2026-05-12 12:35:00,318.0,319.0,317.0,317.0,1400,312.21,2408
2026-05-12 12:40:00,317.0,318.0,316.5,317.0,1068,312.24,2408
2026-05-12 12:45:00,317.5,320.5,317.0,319.5,2509,312.33,2408
2026-05-12 12:50:00,319.0,321.5,318.5,319.5,2094,312.41,2408
2026-05-12 12:55:00,319.5,320.0,318.5,319.0,1103,312.45,2408
2026-05-12 13:00:00,319.0,323.5,318.5,323.5,4459,312.65,2408
2026-05-12 13:05:00,323.5,323.5,319.0,319.5,2306,312.74,2408
2026-05-12 13:10:00,320.0,321.5,319.5,320.5,1875,312.81,2408
2026-05-12 13:15:00,321.0,321.0,318.0,319.5,2841,312.91,2408
2026-05-12 13:20:00,319.0,320.5,318.0,319.5,2243,312.98,2408
2026-05-12 13:30:00,321.0,321.0,321.0,321.0,4542,313.15,2408
2026-05-13 09:00:00,311.5,312.5,306.0,310.0,12322,309.77,2408
2026-05-13 09:05:00,310.0,310.5,303.0,309.0,8464,308.44,2408
2026-05-13 09:10:00,309.0,311.5,308.5,310.5,4967,308.79,2408
2026-05-13 09:15:00,310.5,313.0,307.0,313.0,4679,308.99,2408
2026-05-13 09:20:00,313.0,313.5,308.0,308.0,4083,309.24,2408
2026-05-13 09:25:00,308.0,311.0,306.5,311.0,2710,309.18,2408
2026-05-13 09:30:00,311.0,312.5,310.0,311.5,2353,309.31,2408
2026-05-13 09:35:00,311.5,312.0,309.5,311.0,1373,309.36,2408
2026-05-13 09:40:00,311.5,311.5,309.5,310.5,1403,309.4,2408
2026-05-13 09:45:00,310.5,311.5,309.5,311.5,1492,309.43,2408
2026-05-13 09:50:00,311.5,314.0,311.5,313.0,3341,309.67,2408
2026-05-13 09:55:00,313.0,313.5,310.5,313.0,2197,309.77,2408
2026-05-13 10:00:00,313.0,316.0,312.5,315.0,3922,310.13,2408
2026-05-13 10:05:00,315.0,316.0,312.5,313.0,2256,310.3,2408
2026-05-13 10:10:00,312.5,313.5,310.5,313.0,1906,310.35,2408
2026-05-13 10:15:00,313.0,313.5,311.0,311.0,903,310.38,2408
2026-05-13 10:20:00,311.0,312.5,310.5,311.0,960,310.39,2408
2026-05-13 10:25:00,311.0,313.0,311.0,313.0,356,310.4,2408
2026-05-13 10:30:00,312.5,313.0,311.5,312.0,590,310.42,2408
2026-05-13 10:35:00,311.5,311.5,309.0,310.0,2500,310.41,2408
2026-05-13 10:40:00,310.0,310.5,308.5,308.5,1741,310.38,2408
2026-05-13 10:45:00,308.5,309.5,307.0,309.0,2050,310.3,2408
2026-05-13 10:50:00,308.5,310.5,308.0,310.0,986,310.28,2408
2026-05-13 10:55:00,310.5,311.5,310.0,310.5,694,310.29,2408
2026-05-13 11:00:00,310.0,310.5,309.5,310.0,384,310.29,2408
2026-05-13 11:05:00,310.0,310.5,309.0,309.0,416,310.28,2408
2026-05-13 11:10:00,309.0,310.0,309.0,310.0,553,310.28,2408
2026-05-13 11:15:00,310.0,312.0,310.0,311.5,607,310.29,2408
2026-05-13 11:20:00,311.5,312.5,311.0,311.0,718,310.3,2408
2026-05-13 11:25:00,311.5,312.0,311.0,311.5,287,310.31,2408
2026-05-13 11:30:00,312.0,312.0,311.0,311.5,373,310.31,2408
2026-05-13 11:35:00,311.5,312.5,311.0,312.0,685,310.33,2408
2026-05-13 11:40:00,312.0,312.5,311.5,312.0,642,310.35,2408
2026-05-13 11:45:00,312.0,312.5,311.0,311.5,886,310.37,2408
2026-05-13 11:50:00,311.0,311.5,310.5,311.0,556,310.37,2408
2026-05-13 11:55:00,311.0,311.0,310.0,310.5,673,310.37,2408
2026-05-13 12:00:00,310.5,311.5,310.5,311.5,298,310.37,2408
2026-05-13 12:05:00,311.0,311.5,310.5,311.5,410,310.38,2408
2026-05-13 12:10:00,311.5,312.0,310.5,311.0,581,310.38,2408
2026-05-13 12:15:00,311.0,311.5,310.5,310.5,256,310.39,2408
2026-05-13 12:20:00,311.0,311.0,310.5,310.5,150,310.39,2408
2026-05-13 12:25:00,310.5,312.0,310.5,312.0,568,310.39,2408
2026-05-13 12:30:00,311.5,312.5,311.5,312.0,708,310.41,2408
2026-05-13 12:35:00,312.0,312.5,311.0,312.0,562,310.42,2408
2026-05-13 12:40:00,311.5,312.0,311.0,311.0,380,310.42,2408
2026-05-13 12:45:00,311.0,311.5,311.0,311.0,679,310.43,2408
2026-05-13 12:50:00,311.0,312.0,310.5,311.5,742,310.44,2408
2026-05-13 12:55:00,312.0,312.0,311.5,311.5,506,310.44,2408
2026-05-13 13:00:00,312.0,312.5,311.0,312.0,2175,310.48,2408
2026-05-13 13:05:00,312.0,314.0,312.0,313.5,2240,310.55,2408
2026-05-13 13:10:00,313.5,316.0,313.0,316.0,3537,310.72,2408
2026-05-13 13:15:00,315.5,318.5,315.5,318.0,4948,311.04,2408
2026-05-13 13:20:00,317.5,322.5,317.5,321.0,6396,311.65,2408
2026-05-13 13:30:00,321.0,321.0,321.0,321.0,4102,312.01,2408
2026-05-14 09:00:00,342.5,348.0,340.0,347.0,16921,343.58,2408
2026-05-14 09:05:00,346.5,349.5,346.0,347.5,6831,344.85,2408
2026-05-14 09:10:00,347.0,353.0,346.0,353.0,17930,347.99,2408
2026-05-14 09:15:00,353.0,353.0,348.5,350.0,12100,348.92,2408
2026-05-14 09:20:00,350.0,353.0,350.0,352.5,11610,349.6,2408
2026-05-14 09:25:00,352.5,353.0,352.0,353.0,5574,349.86,2408
2026-05-14 09:30:00,353.0,353.0,353.0,353.0,817,349.9,2408
2026-05-14 09:35:00,353.0,353.0,353.0,353.0,635,349.92,2408
2026-05-14 09:40:00,353.0,353.0,348.0,349.0,8488,350.04,2408
2026-05-14 09:45:00,349.0,349.5,342.0,347.0,9074,349.56,2408
2026-05-14 09:50:00,347.0,349.0,342.0,344.0,6136,349.34,2408
2026-05-14 09:55:00,344.0,344.0,338.0,340.0,6260,348.8,2408
2026-05-14 10:00:00,340.0,343.0,335.5,342.5,8245,348.09,2408
2026-05-14 10:05:00,342.5,345.5,342.0,345.0,3090,347.96,2408
2026-05-14 10:10:00,345.0,345.5,338.0,338.5,3209,347.77,2408
2026-05-14 10:15:00,338.5,341.5,338.5,341.0,1712,347.67,2408
2026-05-14 10:20:00,341.5,341.5,338.5,338.5,1743,347.56,2408
2026-05-14 10:25:00,338.5,341.0,338.0,340.0,1766,347.43,2408
2026-05-14 10:30:00,339.5,345.0,339.0,344.5,2472,347.34,2408
2026-05-14 10:35:00,344.5,346.5,344.0,346.5,2869,347.3,2408
2026-05-14 10:40:00,346.0,346.5,342.5,344.0,978,347.28,2408
2026-05-14 10:45:00,344.0,345.0,342.5,342.5,563,347.26,2408
2026-05-14 10:50:00,343.0,345.0,341.5,344.0,1038,347.23,2408
2026-05-14 10:55:00,344.0,345.0,342.5,342.5,741,347.21,2408
2026-05-14 11:00:00,343.0,343.5,340.5,341.0,694,347.18,2408
2026-05-14 11:05:00,340.5,342.0,339.5,340.5,1238,347.12,2408
2026-05-14 11:10:00,340.5,344.0,340.5,344.0,734,347.09,2408
2026-05-14 11:15:00,343.5,344.0,341.5,342.0,560,347.08,2408
2026-05-14 11:20:00,342.5,346.5,342.0,346.0,1843,347.05,2408
2026-05-14 11:25:00,346.0,349.0,345.5,347.0,3313,347.05,2408
2026-05-14 11:30:00,346.5,347.0,344.5,345.0,1201,347.04,2408
2026-05-14 11:35:00,346.0,348.5,343.0,343.0,2567,347.01,2408
2026-05-14 11:40:00,343.5,346.0,342.5,345.5,1142,346.99,2408
2026-05-14 11:45:00,345.5,347.0,345.0,345.5,745,346.98,2408
2026-05-14 11:50:00,345.5,345.5,343.5,344.5,635,346.97,2408
2026-05-14 11:55:00,345.0,346.5,343.5,344.0,692,346.96,2408
2026-05-14 12:00:00,344.5,344.5,341.0,342.5,1110,346.93,2408
2026-05-14 12:05:00,342.5,345.0,342.0,344.0,629,346.91,2408
2026-05-14 12:10:00,344.0,347.0,344.0,346.0,1416,346.91,2408
2026-05-14 12:15:00,346.0,348.0,346.0,348.0,1368,346.91,2408
2026-05-14 12:20:00,348.0,349.5,346.5,348.0,2349,346.93,2408
2026-05-14 12:25:00,348.0,349.0,346.0,346.0,1298,346.93,2408
2026-05-14 12:30:00,346.5,348.0,343.5,344.0,1905,346.91,2408
2026-05-14 12:35:00,343.5,346.0,343.0,345.0,1050,346.89,2408
2026-05-14 12:40:00,345.0,346.0,345.0,345.5,611,346.88,2408
2026-05-14 12:45:00,345.5,349.0,345.0,346.5,2397,346.89,2408
2026-05-14 12:50:00,347.0,347.0,345.0,345.5,1135,346.89,2408
2026-05-14 12:55:00,346.0,346.0,343.0,344.5,1296,346.86,2408
2026-05-14 13:00:00,344.5,344.5,341.5,342.5,1704,346.82,2408
2026-05-14 13:05:00,342.5,344.0,342.0,342.0,956,346.8,2408
2026-05-14 13:10:00,342.0,342.5,340.0,340.5,1669,346.74,2408
2026-05-14 13:15:00,340.5,341.0,338.0,338.5,3093,346.61,2408
2026-05-14 13:20:00,338.5,339.5,337.0,338.0,3489,346.44,2408
2026-05-14 13:30:00,341.0,341.0,341.0,341.0,3926,346.32,2408
2026-05-15 09:00:00,330.5,333.0,325.0,331.5,16661,329.23,2408
2026-05-15 09:05:00,331.5,333.0,326.0,328.0,7956,329.26,2408
2026-05-15 09:10:00,328.5,331.5,327.0,330.0,4287,329.3,2408
2026-05-15 09:15:00,330.0,334.5,329.5,333.5,5106,329.79,2408
2026-05-15 09:20:00,333.5,334.0,328.5,331.0,3297,329.9,2408
2026-05-15 09:25:00,330.5,332.0,329.0,329.5,1944,329.92,2408
2026-05-15 09:30:00,329.5,329.5,325.0,328.0,7232,329.42,2408
2026-05-15 09:35:00,327.5,329.0,327.0,328.5,1726,329.36,2408
2026-05-15 09:40:00,328.5,329.5,323.5,325.5,5955,328.93,2408
2026-05-15 09:45:00,325.5,326.0,321.5,322.0,5621,328.41,2408
2026-05-15 09:50:00,322.0,323.0,319.5,321.0,6017,327.71,2408
2026-05-15 09:55:00,321.0,322.0,315.0,315.5,6892,326.85,2408
2026-05-15 10:00:00,315.5,320.0,315.5,320.0,3366,326.46,2408
2026-05-15 10:05:00,320.0,321.0,315.5,317.5,3067,326.14,2408
2026-05-15 10:10:00,317.5,320.5,316.5,320.0,1853,325.97,2408
2026-05-15 10:15:00,320.5,320.5,318.0,319.5,1375,325.86,2408
2026-05-15 10:20:00,320.0,323.0,318.5,323.0,1881,325.76,2408
2026-05-15 10:25:00,323.0,324.0,320.0,320.0,2255,325.66,2408
2026-05-15 10:30:00,320.0,324.0,320.0,323.5,1033,325.63,2408
2026-05-15 10:35:00,323.5,327.0,323.0,325.0,3188,325.63,2408
2026-05-15 10:40:00,325.0,328.5,325.0,327.0,3288,325.68,2408
2026-05-15 10:45:00,327.5,328.0,325.0,326.0,1939,325.71,2408
2026-05-15 10:50:00,325.5,326.0,323.5,324.5,1477,325.69,2408
2026-05-15 10:55:00,324.5,326.0,323.5,324.5,705,325.68,2408
2026-05-15 11:00:00,324.5,325.0,322.5,322.5,942,325.66,2408
2026-05-15 11:05:00,322.5,323.0,320.0,321.5,1557,325.59,2408
2026-05-15 11:10:00,321.0,323.0,320.0,320.5,1133,325.54,2408
2026-05-15 11:15:00,321.0,321.5,319.0,319.5,1536,325.46,2408
2026-05-15 11:20:00,320.0,320.0,318.0,318.0,1323,325.38,2408
2026-05-15 11:25:00,318.5,320.0,318.0,319.0,991,325.31,2408
2026-05-15 11:30:00,318.5,319.0,316.5,316.5,2216,325.16,2408
2026-05-15 11:35:00,316.5,319.0,316.5,318.5,844,325.1,2408
2026-05-15 11:40:00,318.5,321.0,318.5,318.5,928,325.05,2408
2026-05-15 11:45:00,318.5,320.0,318.0,320.0,869,325.0,2408
2026-05-15 11:50:00,319.5,321.0,319.5,320.5,460,324.98,2408
2026-05-15 11:55:00,320.5,320.5,319.0,319.5,281,324.97,2408
2026-05-15 12:00:00,319.5,320.0,318.5,319.5,558,324.94,2408
2026-05-15 12:05:00,319.5,320.0,318.5,319.0,627,324.91,2408
2026-05-15 12:10:00,318.5,319.0,316.5,316.5,1895,324.78,2408
2026-05-15 12:15:00,316.5,317.0,315.0,316.5,2414,324.6,2408
2026-05-15 12:20:00,316.5,316.5,315.0,315.0,1580,324.48,2408
2026-05-15 12:25:00,315.5,315.5,311.0,311.5,6077,323.92,2408
2026-05-15 12:30:00,311.5,313.5,311.0,313.5,1841,323.75,2408
2026-05-15 12:35:00,313.5,314.0,312.0,313.5,1160,323.65,2408
2026-05-15 12:40:00,313.0,315.5,313.0,313.0,1417,323.55,2408
2026-05-15 12:45:00,313.5,313.5,312.0,312.0,1557,323.42,2408
2026-05-15 12:50:00,312.5,312.5,311.0,311.0,2405,323.2,2408
2026-05-15 12:55:00,311.0,311.5,308.5,311.0,6368,322.59,2408
2026-05-15 13:00:00,311.5,311.5,309.0,310.0,2586,322.36,2408
2026-05-15 13:05:00,311.0,313.0,309.5,312.5,2665,322.16,2408
2026-05-15 13:10:00,313.0,315.5,312.5,312.5,2383,322.03,2408
2026-05-15 13:15:00,312.5,314.0,311.5,312.0,2296,321.88,2408
2026-05-15 13:20:00,312.5,313.0,310.5,311.0,3332,321.66,2408
2026-05-15 13:30:00,311.5,311.5,311.5,311.5,3293,321.44,2408
2026-05-18 09:00:00,300.0,305.0,297.5,300.5,14972,300.97,2408
2026-05-18 09:05:00,300.5,302.0,291.5,294.0,9744,299.26,2408
2026-05-18 09:10:00,294.0,296.0,291.0,295.0,5045,298.28,2408
2026-05-18 09:15:00,295.0,297.5,293.0,297.5,2781,297.99,2408
2026-05-18 09:20:00,297.0,297.5,291.0,292.5,4757,297.41,2408
2026-05-18 09:25:00,292.0,294.5,291.5,294.0,1647,297.24,2408
2026-05-18 09:30:00,294.0,295.0,292.0,292.5,2391,297.01,2408
2026-05-18 09:35:00,292.0,294.0,290.5,294.0,4589,296.48,2408
2026-05-18 09:40:00,294.0,294.5,291.5,292.0,1332,296.38,2408
2026-05-18 09:45:00,292.0,292.5,287.0,290.0,6557,295.51,2408
2026-05-18 09:50:00,290.0,292.0,289.5,292.0,1520,295.39,2408
2026-05-18 09:55:00,292.0,292.5,291.0,291.5,1310,295.31,2408
2026-05-18 10:00:00,292.0,293.5,291.5,293.0,1050,295.26,2408
2026-05-18 10:05:00,293.5,293.5,292.0,292.5,1334,295.2,2408
2026-05-18 10:10:00,292.5,295.0,292.0,295.0,1642,295.16,2408
2026-05-18 10:15:00,295.0,295.5,294.0,295.0,1789,295.15,2408
2026-05-18 10:20:00,295.0,295.0,292.0,292.5,1298,295.12,2408
2026-05-18 10:25:00,292.5,296.0,292.5,295.5,1402,295.11,2408
2026-05-18 10:30:00,295.5,297.0,294.0,297.0,2281,295.13,2408
2026-05-18 10:35:00,297.0,297.5,295.0,296.0,2390,295.18,2408
2026-05-18 10:40:00,296.0,297.5,295.0,297.5,970,295.2,2408
2026-05-18 10:45:00,297.0,297.5,296.0,296.5,929,295.22,2408
2026-05-18 10:50:00,296.0,296.5,295.0,295.0,717,295.22,2408
2026-05-18 10:55:00,295.0,295.5,294.0,294.0,943,295.22,2408
2026-05-18 11:00:00,294.5,299.0,294.0,298.5,2734,295.28,2408
2026-05-18 11:05:00,299.0,301.5,298.5,300.5,3425,295.5,2408
2026-05-18 11:10:00,300.5,301.5,297.5,297.5,2073,295.6,2408
2026-05-18 11:15:00,297.5,299.5,297.5,299.0,684,295.63,2408
2026-05-18 11:20:00,299.0,299.5,297.5,298.0,913,295.66,2408
2026-05-18 11:25:00,297.5,299.0,297.5,299.0,808,295.68,2408
2026-05-18 11:30:00,298.5,300.5,298.5,300.5,993,295.72,2408
2026-05-18 11:35:00,300.0,301.0,299.5,299.5,720,295.76,2408
2026-05-18 11:40:00,299.5,300.5,299.0,300.5,624,295.79,2408
2026-05-18 11:45:00,300.0,300.5,298.5,299.5,636,295.82,2408
2026-05-18 11:50:00,299.0,300.0,299.0,299.5,401,295.84,2408
2026-05-18 11:55:00,300.0,300.0,298.5,298.5,578,295.85,2408
2026-05-18 12:00:00,298.5,299.0,298.0,299.0,386,295.87,2408
2026-05-18 12:05:00,298.5,299.5,298.0,299.0,531,295.88,2408
2026-05-18 12:10:00,299.0,301.0,299.0,301.0,1032,295.93,2408
2026-05-18 12:15:00,301.0,301.0,299.0,300.0,676,295.96,2408
2026-05-18 12:20:00,300.0,300.0,298.5,299.0,963,295.99,2408
2026-05-18 12:25:00,299.0,299.5,298.5,298.5,590,296.01,2408
2026-05-18 12:30:00,298.5,300.0,298.0,299.5,997,296.04,2408
2026-05-18 12:35:00,299.5,302.0,299.5,301.0,1867,296.14,2408
2026-05-18 12:40:00,301.5,306.0,301.0,306.0,3988,296.44,2408
2026-05-18 12:45:00,305.5,308.0,305.5,307.0,2601,296.7,2408
2026-05-18 12:50:00,307.0,307.5,305.5,306.0,1610,296.85,2408
2026-05-18 12:55:00,306.0,307.5,305.5,307.5,1006,296.94,2408
2026-05-18 13:00:00,307.0,309.0,305.0,306.0,2015,297.14,2408
2026-05-18 13:05:00,306.5,307.0,304.5,306.0,1163,297.23,2408
2026-05-18 13:10:00,306.0,306.0,303.5,304.0,1213,297.31,2408
2026-05-18 13:15:00,304.5,304.5,303.5,303.5,829,297.36,2408
2026-05-18 13:20:00,303.5,305.0,303.5,304.5,1916,297.48,2408
2026-05-18 13:30:00,305.0,305.0,305.0,305.0,2961,297.68,2408
2026-05-19 09:00:00,291.5,293.5,287.0,293.5,11514,290.36,2408
2026-05-19 09:05:00,293.5,295.0,289.5,290.5,6893,290.79,2408
2026-05-19 09:10:00,290.5,292.0,288.5,290.5,4980,290.66,2408
2026-05-19 09:15:00,291.0,291.0,288.5,289.0,2433,290.55,2408
2026-05-19 09:20:00,289.0,290.0,286.0,286.0,8476,289.79,2408
2026-05-19 09:25:00,286.0,287.0,285.0,286.5,3255,289.47,2408
2026-05-19 09:30:00,286.5,287.0,284.0,286.5,4603,289.0,2408
2026-05-19 09:35:00,286.5,289.0,286.0,289.0,1915,288.91,2408
2026-05-19 09:40:00,289.0,289.0,286.0,286.5,1189,288.87,2408
2026-05-19 09:45:00,286.5,287.0,280.0,280.0,7472,288.01,2408
2026-05-19 09:50:00,280.5,281.0,278.0,278.0,5917,287.14,2408
2026-05-19 09:55:00,278.0,278.5,276.0,277.0,6452,286.12,2408
2026-05-19 10:00:00,277.0,278.0,276.5,278.0,2321,285.81,2408
2026-05-19 10:05:00,278.0,278.5,276.0,277.0,2512,285.49,2408
2026-05-19 10:10:00,277.0,279.5,277.0,278.5,1589,285.33,2408
2026-05-19 10:15:00,278.5,278.5,277.0,277.0,1061,285.22,2408
2026-05-19 10:20:00,277.0,277.5,275.0,275.0,3990,284.72,2408
2026-05-19 10:25:00,275.0,276.0,275.0,275.5,1632,284.53,2408
2026-05-19 10:30:00,275.5,277.0,275.5,276.5,967,284.43,2408
2026-05-19 10:35:00,277.0,277.5,276.5,277.0,669,284.36,2408
2026-05-19 10:40:00,277.0,278.0,276.0,277.5,1050,284.27,2408
2026-05-19 10:45:00,277.5,278.5,277.0,277.5,927,284.2,2408
2026-05-19 10:50:00,277.5,277.5,277.0,277.5,336,284.17,2408
2026-05-19 10:55:00,277.5,278.0,276.0,276.0,926,284.09,2408
2026-05-19 11:00:00,276.0,276.5,275.5,276.0,971,283.99,2408
2026-05-19 11:05:00,276.0,278.5,275.5,278.5,1396,283.88,2408
2026-05-19 11:10:00,278.0,279.0,278.0,278.5,1165,283.81,2408
2026-05-19 11:15:00,278.5,279.0,277.5,279.0,461,283.78,2408
2026-05-19 11:20:00,278.5,279.0,278.5,278.5,253,283.76,2408
2026-05-19 11:25:00,278.5,279.0,277.5,277.5,529,283.73,2408
2026-05-19 11:30:00,277.5,278.0,277.0,277.5,287,283.71,2408
2026-05-19 11:35:00,277.0,278.5,277.0,278.5,352,283.69,2408
2026-05-19 11:40:00,278.5,278.5,277.5,278.0,314,283.67,2408
2026-05-19 11:45:00,277.5,278.0,275.0,275.5,1934,283.51,2408
2026-05-19 11:50:00,275.5,276.0,275.0,275.0,2200,283.31,2408
2026-05-19 11:55:00,275.0,275.5,274.5,274.5,3606,282.99,2408
2026-05-19 12:00:00,274.5,275.0,274.5,275.0,2235,282.8,2408
2026-05-19 12:05:00,275.0,275.5,274.5,275.0,1214,282.7,2408
2026-05-19 12:10:00,275.0,275.5,274.5,275.0,685,282.65,2408
2026-05-19 12:15:00,275.0,275.5,275.0,275.0,483,282.62,2408
2026-05-19 12:20:00,275.0,275.5,275.0,275.0,802,282.56,2408
2026-05-19 12:25:00,275.0,275.5,275.0,275.5,565,282.52,2408
2026-05-19 12:30:00,275.0,276.0,275.0,275.5,703,282.47,2408
2026-05-19 12:35:00,275.5,276.0,275.0,275.0,472,282.44,2408
2026-05-19 12:40:00,275.0,275.5,275.0,275.5,729,282.39,2408
2026-05-19 12:45:00,275.0,275.5,274.5,274.5,1285,282.3,2408
2026-05-19 12:50:00,274.5,275.0,274.5,274.5,2004,282.15,2408
2026-05-19 12:55:00,274.5,275.0,274.5,274.5,4988,281.82,2408
2026-05-19 13:00:00,274.5,274.5,274.5,274.5,290,281.8,2408
2026-05-19 13:05:00,274.5,274.5,274.5,274.5,336,281.78,2408
2026-05-19 13:10:00,274.5,274.5,274.5,274.5,371,281.75,2408
2026-05-19 13:15:00,274.5,274.5,274.5,274.5,368,281.73,2408
2026-05-19 13:20:00,274.5,274.5,274.5,274.5,619,281.69,2408
2026-05-19 13:30:00,274.5,274.5,274.5,274.5,696,281.65,2408
2026-05-20 09:00:00,279.5,282.0,277.0,277.0,9727,279.77,2408
2026-05-20 09:05:00,277.0,278.0,273.0,278.0,5393,278.33,2408
2026-05-20 09:10:00,278.0,279.0,275.0,275.0,2303,278.19,2408
2026-05-20 09:15:00,275.0,276.5,274.0,274.5,2117,277.87,2408
2026-05-20 09:20:00,274.0,274.5,271.5,272.0,3525,277.11,2408
2026-05-20 09:25:00,272.0,272.5,267.5,268.5,3969,275.99,2408
2026-05-20 09:30:00,268.0,269.5,265.5,269.0,5227,274.59,2408
2026-05-20 09:35:00,269.0,274.0,268.0,272.5,3079,274.34,2408
2026-05-20 09:40:00,272.5,279.0,271.5,279.0,5746,274.73,2408
2026-05-20 09:45:00,278.5,281.0,276.0,276.5,6081,275.32,2408
2026-05-20 09:50:00,276.5,277.5,274.0,276.0,1756,275.35,2408
2026-05-20 09:55:00,275.5,277.0,275.0,276.0,925,275.35,2408
2026-05-20 10:00:00,276.0,276.0,273.0,273.5,1324,275.33,2408
2026-05-20 10:05:00,273.0,274.5,273.0,274.5,719,275.31,2408
2026-05-20 10:10:00,274.5,275.5,273.5,275.0,552,275.3,2408
2026-05-20 10:15:00,275.5,277.0,275.0,276.0,766,275.31,2408
2026-05-20 10:20:00,276.0,276.5,274.5,276.0,696,275.31,2408
2026-05-20 10:25:00,276.0,276.0,273.0,273.5,967,275.3,2408
2026-05-20 10:30:00,273.5,276.5,271.5,276.5,1941,275.23,2408
2026-05-20 10:35:00,276.5,279.0,275.5,276.0,2971,275.35,2408
2026-05-20 10:40:00,276.0,278.0,275.5,277.0,938,275.37,2408
2026-05-20 10:45:00,277.0,285.0,276.5,284.0,9679,276.14,2408
2026-05-20 10:50:00,284.0,284.0,279.5,282.0,3299,276.4,2408
2026-05-20 10:55:00,282.0,282.0,277.5,278.0,1794,276.47,2408
2026-05-20 11:00:00,277.5,282.5,277.5,282.0,1912,276.57,2408
2026-05-20 11:05:00,282.0,284.5,280.5,281.0,4087,276.91,2408
2026-05-20 11:10:00,281.0,281.0,278.5,280.5,1703,276.97,2408
2026-05-20 11:15:00,280.5,284.0,280.5,282.0,1912,277.1,2408
2026-05-20 11:20:00,282.5,282.5,280.5,280.5,887,277.14,2408
2026-05-20 11:25:00,280.5,282.0,279.5,280.5,1205,277.19,2408
2026-05-20 11:30:00,280.5,281.0,278.0,278.5,2140,277.24,2408
2026-05-20 11:35:00,278.5,280.5,277.0,279.5,2289,277.27,2408
2026-05-20 11:40:00,279.5,280.0,278.5,280.0,1117,277.3,2408
2026-05-20 11:45:00,280.0,281.0,279.5,281.0,1116,277.33,2408
2026-05-20 11:50:00,281.0,281.0,279.5,279.5,589,277.35,2408
2026-05-20 11:55:00,280.0,280.5,279.5,280.0,602,277.37,2408
2026-05-20 12:00:00,280.0,280.5,279.0,279.0,659,277.38,2408
2026-05-20 12:05:00,279.0,280.0,278.5,279.5,479,277.39,2408
2026-05-20 12:10:00,279.5,280.0,279.5,280.0,570,277.4,2408
2026-05-20 12:15:00,280.0,281.0,280.0,280.5,645,277.43,2408
2026-05-20 12:20:00,280.5,280.5,279.0,279.0,1334,277.46,2408
2026-05-20 12:25:00,279.5,279.5,278.0,279.5,970,277.47,2408
2026-05-20 12:30:00,279.0,279.0,275.5,275.5,1931,277.47,2408
2026-05-20 12:35:00,275.5,275.5,272.5,273.0,2891,277.38,2408
2026-05-20 12:40:00,273.0,273.0,270.5,272.0,2552,277.25,2408
2026-05-20 12:45:00,272.0,272.5,271.0,271.5,1192,277.19,2408
2026-05-20 12:50:00,271.5,273.0,271.5,271.5,960,277.15,2408
2026-05-20 12:55:00,271.5,272.0,270.5,271.0,1515,277.07,2408
2026-05-20 13:00:00,271.0,273.0,271.0,273.0,1207,277.01,2408
2026-05-20 13:05:00,273.0,274.5,272.5,274.0,1091,276.98,2408
2026-05-20 13:10:00,273.5,274.5,273.0,273.5,1407,276.94,2408
2026-05-20 13:15:00,273.5,275.0,273.5,274.0,2051,276.89,2408
2026-05-20 13:20:00,274.0,275.5,274.0,274.5,2565,276.85,2408
2026-05-20 13:30:00,275.0,275.0,275.0,275.0,2693,276.81,2408
2026-05-21 09:00:00,291.5,295.0,286.0,286.5,16604,290.33,2408
2026-05-21 09:05:00,286.5,287.0,280.0,282.0,10196,287.63,2408
2026-05-21 09:10:00,282.0,286.0,281.0,282.5,6162,286.8,2408
2026-05-21 09:15:00,282.0,285.5,281.5,282.0,4198,286.45,2408
2026-05-21 09:20:00,282.0,285.0,282.0,282.0,1951,286.28,2408
2026-05-21 09:25:00,282.0,286.0,281.5,285.0,3130,286.1,2408
2026-05-21 09:30:00,284.5,289.0,284.5,288.5,5036,286.17,2408
2026-05-21 09:35:00,289.0,290.5,288.0,288.5,6420,286.56,2408
2026-05-21 09:40:00,288.5,293.0,288.0,291.0,7907,287.12,2408
2026-05-21 09:45:00,290.5,291.0,288.5,289.0,2860,287.24,2408
2026-05-21 09:50:00,288.5,292.0,287.5,291.0,3646,287.36,2408
2026-05-21 09:55:00,291.0,292.0,289.0,290.5,2422,287.48,2408
2026-05-21 10:00:00,290.5,291.5,289.0,289.5,1374,287.54,2408
2026-05-21 10:05:00,289.5,291.0,289.0,289.5,1575,287.58,2408
2026-05-21 10:10:00,289.5,290.0,288.0,289.5,1379,287.61,2408
2026-05-21 10:15:00,289.5,293.0,289.0,292.5,3717,287.77,2408
2026-05-21 10:20:00,292.5,292.5,290.0,290.5,2109,287.87,2408
2026-05-21 10:25:00,291.0,291.0,286.0,287.0,3898,287.87,2408
2026-05-21 10:30:00,287.0,287.5,286.0,286.5,1858,287.85,2408
2026-05-21 10:35:00,286.5,289.0,285.5,287.0,2005,287.82,2408
2026-05-21 10:40:00,288.0,288.0,287.0,287.0,423,287.82,2408
2026-05-21 10:45:00,287.0,289.0,286.5,286.5,1094,287.82,2408
2026-05-21 10:50:00,286.5,288.5,285.5,285.5,1651,287.79,2408
2026-05-21 10:55:00,285.5,287.5,285.5,287.0,1117,287.78,2408
2026-05-21 11:00:00,287.0,288.0,286.0,286.0,734,287.77,2408
2026-05-21 11:05:00,286.5,287.0,285.0,286.0,1641,287.74,2408
2026-05-21 11:10:00,286.0,286.5,285.0,285.0,996,287.72,2408
2026-05-21 11:15:00,285.0,286.0,283.0,284.0,2548,287.63,2408
2026-05-21 11:20:00,284.0,285.5,284.0,285.0,827,287.61,2408
2026-05-21 11:25:00,284.5,286.0,284.0,285.5,708,287.59,2408
2026-05-21 11:30:00,286.0,289.5,285.5,286.5,2441,287.59,2408
2026-05-21 11:35:00,287.0,287.0,285.5,285.5,612,287.58,2408
2026-05-21 11:40:00,285.5,287.0,285.0,286.5,629,287.57,2408
2026-05-21 11:45:00,286.5,290.5,286.0,290.0,3271,287.62,2408
2026-05-21 11:50:00,290.0,290.5,287.5,289.5,1460,287.64,2408
2026-05-21 11:55:00,290.0,291.5,288.0,288.5,2171,287.69,2408
2026-05-21 12:00:00,288.5,291.0,287.5,287.5,1390,287.71,2408
2026-05-21 12:05:00,287.5,289.0,287.0,287.5,1128,287.71,2408
2026-05-21 12:10:00,287.0,288.0,286.5,287.5,979,287.71,2408
2026-05-21 12:15:00,287.5,289.5,287.0,289.5,870,287.71,2408
2026-05-21 12:20:00,289.0,290.5,288.0,289.0,2038,287.74,2408
2026-05-21 12:25:00,289.0,290.0,288.5,289.5,454,287.75,2408
2026-05-21 12:30:00,290.0,290.0,289.0,289.0,565,287.75,2408
2026-05-21 12:35:00,289.0,291.5,289.0,290.5,2264,287.81,2408
2026-05-21 12:40:00,291.0,291.0,289.0,289.0,691,287.82,2408
2026-05-21 12:45:00,288.5,289.5,288.0,289.0,754,287.82,2408
2026-05-21 12:50:00,289.0,290.5,288.5,289.5,977,287.83,2408
2026-05-21 12:55:00,290.0,295.0,290.0,294.0,7753,288.14,2408
2026-05-21 13:00:00,294.0,295.0,290.0,291.0,4410,288.29,2408
2026-05-21 13:05:00,291.5,292.5,291.0,291.0,1633,288.33,2408
2026-05-21 13:10:00,291.5,293.5,291.0,291.5,2688,288.41,2408
2026-05-21 13:15:00,292.0,294.0,290.0,290.0,2208,288.46,2408
2026-05-21 13:20:00,290.0,293.0,290.0,291.5,3036,288.53,2408
2026-05-21 13:30:00,293.0,293.0,293.0,293.0,3179,288.63,2408
2026-05-22 09:00:00,299.5,302.5,296.0,301.5,16979,299.51,2408
2026-05-22 09:05:00,301.0,303.0,298.0,299.5,8152,299.93,2408
2026-05-22 09:10:00,299.5,303.0,298.5,301.5,4193,300.08,2408
2026-05-22 09:15:00,301.5,306.5,301.0,306.0,10197,301.19,2408
2026-05-22 09:20:00,306.0,309.5,304.5,307.0,7437,302.08,2408
2026-05-22 09:25:00,307.0,310.0,306.0,307.0,6053,302.77,2408
2026-05-22 09:30:00,307.5,314.0,306.0,312.0,10538,304.07,2408
2026-05-22 09:35:00,312.0,318.0,311.0,316.5,9508,305.35,2408
2026-05-22 09:40:00,316.0,316.5,314.5,315.0,4602,305.96,2408
2026-05-22 09:45:00,315.0,317.0,312.5,315.0,3610,306.36,2408
2026-05-22 09:50:00,314.5,319.0,314.5,316.5,5243,307.02,2408
2026-05-22 09:55:00,316.0,317.0,314.0,315.5,2771,307.28,2408
2026-05-22 10:00:00,315.5,317.0,314.0,317.0,2011,307.45,2408
2026-05-22 10:05:00,317.0,317.5,315.0,315.0,1441,307.59,2408
2026-05-22 10:10:00,315.0,316.0,314.5,315.5,986,307.67,2408
2026-05-22 10:15:00,315.5,318.0,315.0,318.0,2218,307.88,2408
2026-05-22 10:20:00,318.0,319.5,317.0,319.5,4829,308.38,2408
2026-05-22 10:25:00,319.5,320.5,318.5,319.0,6589,309.08,2408
2026-05-22 10:30:00,319.0,319.5,318.0,319.0,1148,309.18,2408
2026-05-22 10:35:00,318.5,321.0,317.5,320.0,4165,309.57,2408
2026-05-22 10:40:00,320.0,320.5,318.0,318.5,1267,309.68,2408
2026-05-22 10:45:00,318.5,319.5,317.5,319.0,1295,309.77,2408
2026-05-22 10:50:00,319.0,321.0,318.0,318.0,2299,309.96,2408
2026-05-22 10:55:00,318.0,319.0,316.0,317.5,2126,310.09,2408
2026-05-22 11:00:00,317.0,319.0,316.5,317.0,815,310.14,2408
2026-05-22 11:05:00,317.0,318.5,315.5,316.0,1665,310.23,2408
2026-05-22 11:10:00,316.0,319.5,316.0,319.0,1680,310.33,2408
2026-05-22 11:15:00,319.0,319.5,318.0,318.5,673,310.38,2408
2026-05-22 11:20:00,318.5,318.5,317.5,318.0,376,310.4,2408
2026-05-22 11:25:00,318.5,320.5,318.0,319.5,3025,310.62,2408
2026-05-22 11:30:00,319.0,319.5,318.0,318.5,508,310.66,2408
2026-05-22 11:35:00,318.5,319.5,318.0,318.5,288,310.67,2408
2026-05-22 11:40:00,319.0,319.0,318.5,318.5,149,310.68,2408
2026-05-22 11:45:00,319.0,319.0,318.0,318.0,274,310.7,2408
2026-05-22 11:50:00,318.5,318.5,317.5,318.0,254,310.71,2408
2026-05-22 11:55:00,318.0,318.5,317.0,318.5,776,310.75,2408
2026-05-22 12:00:00,318.0,318.5,317.0,317.5,560,310.78,2408
2026-05-22 12:05:00,317.5,317.5,316.5,317.0,586,310.81,2408
2026-05-22 12:10:00,317.0,317.5,316.5,317.0,603,310.84,2408
2026-05-22 12:15:00,317.0,317.5,315.5,316.0,1142,310.89,2408
2026-05-22 12:20:00,315.5,316.0,314.5,314.5,1262,310.93,2408
2026-05-22 12:25:00,314.5,314.5,313.0,314.5,1654,310.96,2408
2026-05-22 12:30:00,314.0,314.5,312.5,313.5,1631,310.99,2408
2026-05-22 12:35:00,313.5,315.0,313.5,315.0,651,311.01,2408
2026-05-22 12:40:00,315.0,315.0,314.0,314.5,540,311.02,2408
2026-05-22 12:45:00,314.0,314.5,312.5,312.5,839,311.03,2408
2026-05-22 12:50:00,313.0,316.0,312.5,314.0,1402,311.07,2408
2026-05-22 12:55:00,314.0,314.5,313.5,314.5,476,311.08,2408
2026-05-22 13:00:00,314.0,314.5,312.5,312.5,752,311.09,2408
2026-05-22 13:05:00,313.0,313.0,310.0,311.5,3267,311.09,2408
2026-05-22 13:10:00,311.5,312.5,310.5,311.0,1275,311.09,2408
2026-05-22 13:15:00,311.0,311.0,310.0,310.0,1391,311.08,2408
2026-05-22 13:20:00,310.5,310.5,309.0,309.5,2986,311.05,2408
2026-05-22 13:30:00,310.5,310.5,310.5,310.5,3499,311.04,2408
2026-05-25 09:00:00,295.0,295.5,288.5,291.0,23703,292.21,2408
2026-05-25 09:05:00,291.0,292.0,288.0,292.0,8576,291.65,2408
2026-05-25 09:10:00,292.0,297.5,291.5,297.5,7838,292.22,2408
2026-05-25 09:15:00,297.0,303.5,297.0,300.0,10066,293.98,2408
2026-05-25 09:20:00,300.5,303.5,298.0,302.0,6347,294.74,2408
2026-05-25 09:25:00,302.5,303.0,301.0,302.0,2920,295.08,2408
2026-05-25 09:30:00,302.0,302.5,299.0,299.0,3424,295.38,2408
2026-05-25 09:35:00,299.0,300.0,297.0,299.5,3705,295.57,2408
2026-05-25 09:40:00,299.0,299.5,297.0,299.0,2055,295.64,2408
2026-05-25 09:45:00,299.0,299.0,296.5,297.5,3111,295.71,2408
2026-05-25 09:50:00,298.0,298.5,297.0,297.5,1503,295.75,2408
2026-05-25 09:55:00,297.0,298.0,294.0,296.0,4850,295.73,2408
2026-05-25 10:00:00,295.5,297.0,295.5,295.5,2431,295.75,2408
2026-05-25 10:05:00,296.0,297.0,295.5,297.0,977,295.76,2408
2026-05-25 10:10:00,297.0,297.5,296.5,297.5,1467,295.78,2408
2026-05-25 10:15:00,297.5,298.0,296.5,297.5,1454,295.81,2408
2026-05-25 10:20:00,298.0,298.0,296.5,298.0,1562,295.84,2408
2026-05-25 10:25:00,298.0,299.0,297.0,298.5,2245,295.89,2408
2026-05-25 10:30:00,298.5,301.5,298.0,301.5,3449,296.05,2408
2026-05-25 10:35:00,301.5,303.0,300.0,300.0,5133,296.36,2408
2026-05-25 10:40:00,300.5,301.0,299.5,300.0,1675,296.43,2408
2026-05-25 10:45:00,300.0,300.5,299.0,300.0,1165,296.47,2408
2026-05-25 10:50:00,300.5,302.0,300.0,300.0,1428,296.54,2408
2026-05-25 10:55:00,300.0,300.5,299.0,299.5,795,296.56,2408
2026-05-25 11:00:00,299.5,300.0,299.0,299.0,1093,296.59,2408
2026-05-25 11:05:00,299.0,299.5,298.0,298.5,1574,296.62,2408
2026-05-25 11:10:00,298.5,299.0,297.5,297.5,1286,296.64,2408
2026-05-25 11:15:00,298.0,298.0,297.0,297.5,981,296.65,2408
2026-05-25 11:20:00,298.0,300.0,297.5,299.5,2009,296.69,2408
2026-05-25 11:25:00,299.5,300.5,299.0,299.0,1142,296.72,2408
2026-05-25 11:30:00,299.5,301.0,299.0,300.5,1766,296.78,2408
2026-05-25 11:35:00,300.5,303.5,300.0,303.0,4312,296.98,2408
2026-05-25 11:40:00,303.0,303.5,301.0,302.0,1229,297.03,2408
2026-05-25 11:45:00,301.5,302.0,300.5,300.5,746,297.06,2408
2026-05-25 11:50:00,300.5,301.5,300.5,300.5,932,297.08,2408
2026-05-25 11:55:00,300.5,301.0,300.0,300.0,752,297.1,2408
2026-05-25 12:00:00,300.0,300.5,299.5,299.5,1012,297.13,2408
2026-05-25 12:05:00,299.5,301.0,299.5,300.0,1003,297.15,2408
2026-05-25 12:10:00,300.5,300.5,299.0,299.0,946,297.17,2408
2026-05-25 12:15:00,299.0,300.0,299.0,299.0,872,297.19,2408
2026-05-25 12:20:00,299.0,300.0,299.0,299.5,872,297.2,2408
2026-05-25 12:25:00,300.0,301.0,299.5,301.0,1438,297.24,2408
2026-05-25 12:30:00,301.0,301.0,299.0,299.5,1418,297.27,2408
2026-05-25 12:35:00,299.5,301.0,299.5,300.0,1473,297.3,2408
2026-05-25 12:40:00,299.5,300.0,299.0,299.5,893,297.31,2408
2026-05-25 12:45:00,299.0,299.5,298.5,298.5,1223,297.33,2408
2026-05-25 12:50:00,299.0,299.0,298.0,298.5,1410,297.34,2408
2026-05-25 12:55:00,298.0,298.5,297.5,297.5,1516,297.34,2408
2026-05-25 13:00:00,298.0,298.0,296.5,296.5,2900,297.34,2408
2026-05-25 13:05:00,296.5,297.0,296.0,296.0,2232,297.32,2408
2026-05-25 13:10:00,296.0,297.5,296.0,296.5,2192,297.31,2408
2026-05-25 13:15:00,297.0,298.5,296.5,297.5,2429,297.31,2408
2026-05-25 13:20:00,297.5,298.0,296.0,296.5,4251,297.3,2408
2026-05-25 13:30:00,296.0,296.0,296.0,296.0,3622,297.27,2408
2026-05-26 09:00:00,300.5,306.0,298.5,302.0,13870,302.47,2408
2026-05-26 09:05:00,302.5,302.5,296.5,296.5,7128,301.38,2408
2026-05-26 09:10:00,296.5,298.5,295.5,298.5,5917,300.29,2408
2026-05-26 09:15:00,298.0,299.5,296.0,299.5,3331,300.02,2408
2026-05-26 09:20:00,299.5,300.0,296.5,298.0,3362,299.87,2408
2026-05-26 09:25:00,298.0,310.0,297.5,307.5,16043,301.55,2408
2026-05-26 09:30:00,307.0,314.0,305.0,311.0,15028,303.54,2408
2026-05-26 09:35:00,311.5,311.5,303.5,303.5,7813,304.04,2408
2026-05-26 09:40:00,303.5,306.0,301.0,306.0,6113,303.97,2408
2026-05-26 09:45:00,306.0,310.0,304.0,308.0,4248,304.13,2408
2026-05-26 09:50:00,308.0,308.0,305.0,305.0,2381,304.18,2408
2026-05-26 09:55:00,305.5,306.0,303.5,304.5,1759,304.19,2408
2026-05-26 10:00:00,305.0,305.0,303.5,304.5,1524,304.19,2408
2026-05-26 10:05:00,304.0,305.5,304.0,305.5,1236,304.19,2408
2026-05-26 10:10:00,305.0,305.5,304.0,304.0,994,304.2,2408
2026-05-26 10:15:00,304.0,307.5,304.0,306.5,2561,304.25,2408
2026-05-26 10:20:00,306.5,307.0,305.5,306.0,1161,304.27,2408
2026-05-26 10:25:00,306.0,308.5,304.5,308.5,2830,304.34,2408
2026-05-26 10:30:00,308.5,311.0,307.0,307.5,5530,304.61,2408
2026-05-26 10:35:00,307.0,310.0,306.0,309.0,1758,304.66,2408
2026-05-26 10:40:00,309.0,309.5,306.0,306.0,1144,304.7,2408
2026-05-26 10:45:00,306.5,307.0,305.5,306.0,1083,304.71,2408
2026-05-26 10:50:00,306.0,307.5,305.5,306.5,1091,304.73,2408
2026-05-26 10:55:00,306.5,307.5,306.0,307.0,684,304.74,2408
2026-05-26 11:00:00,307.5,307.5,305.0,305.0,642,304.75,2408
2026-05-26 11:05:00,305.5,306.0,305.0,305.5,533,304.75,2408
2026-05-26 11:10:00,305.5,306.0,304.5,305.0,796,304.76,2408
2026-05-26 11:15:00,305.0,305.5,304.5,305.0,557,304.76,2408
2026-05-26 11:20:00,305.0,306.0,305.0,305.5,428,304.76,2408
2026-05-26 11:25:00,305.5,306.0,303.0,304.5,2440,304.76,2408
2026-05-26 11:30:00,304.5,305.0,303.5,304.0,544,304.75,2408
2026-05-26 11:35:00,303.5,304.5,303.5,304.0,572,304.75,2408
2026-05-26 11:40:00,304.0,304.5,303.5,303.5,759,304.74,2408
2026-05-26 11:45:00,303.0,304.0,301.5,303.5,2835,304.68,2408
2026-05-26 11:50:00,303.0,303.5,300.0,300.0,2011,304.62,2408
2026-05-26 11:55:00,300.5,303.5,300.0,303.0,1783,304.58,2408
2026-05-26 12:00:00,303.0,303.0,302.0,302.0,520,304.57,2408
2026-05-26 12:05:00,302.0,303.5,301.5,303.0,676,304.56,2408
2026-05-26 12:10:00,303.5,303.5,301.5,302.0,680,304.54,2408
2026-05-26 12:15:00,302.0,302.5,301.5,302.5,530,304.53,2408
2026-05-26 12:20:00,302.0,302.5,301.5,301.5,587,304.52,2408
2026-05-26 12:25:00,301.5,302.0,300.5,301.0,927,304.5,2408
2026-05-26 12:30:00,301.0,303.5,301.0,303.0,1269,304.47,2408
2026-05-26 12:35:00,303.5,305.0,303.0,305.0,1705,304.47,2408
2026-05-26 12:40:00,305.0,305.5,303.5,303.5,1086,304.47,2408
2026-05-26 12:45:00,303.5,304.0,302.0,302.0,832,304.46,2408
2026-05-26 12:50:00,302.5,305.0,301.5,304.0,2829,304.45,2408
2026-05-26 12:55:00,304.0,305.5,302.0,302.5,1739,304.44,2408
2026-05-26 13:00:00,302.5,303.0,302.0,302.5,1360,304.42,2408
2026-05-26 13:05:00,302.5,303.5,302.0,303.0,1661,304.4,2408
2026-05-26 13:10:00,303.0,304.5,302.5,303.5,2137,304.39,2408
2026-05-26 13:15:00,303.5,304.0,302.5,303.0,1744,304.37,2408
2026-05-26 13:20:00,303.0,304.0,302.5,303.0,3504,304.34,2408
2026-05-26 13:30:00,303.5,303.5,303.5,303.5,4160,304.32,2408
2026-05-27 09:00:00,333.0,333.5,332.5,333.5,31085,333.35,2408
2026-05-27 09:05:00,333.5,333.5,328.0,330.5,19566,332.58,2408
2026-05-27 09:10:00,330.0,331.5,326.0,328.0,6840,332.11,2408
2026-05-27 09:15:00,328.0,329.0,326.5,326.5,4807,331.77,2408
2026-05-27 09:20:00,326.5,327.0,321.0,322.0,8761,330.81,2408
2026-05-27 09:25:00,322.5,324.5,320.0,322.0,8432,329.89,2408
2026-05-27 09:30:00,321.5,322.0,315.0,317.0,10632,328.54,2408
2026-05-27 09:35:00,316.5,324.0,316.0,323.0,8643,327.77,2408
2026-05-27 09:40:00,323.0,325.5,321.5,321.5,6038,327.54,2408
2026-05-27 09:45:00,321.5,323.5,321.0,322.0,2299,327.42,2408
2026-05-27 09:50:00,322.0,323.0,321.0,322.5,1416,327.35,2408
2026-05-27 09:55:00,322.5,322.5,317.5,318.0,3302,327.12,2408
2026-05-27 10:00:00,318.0,321.0,317.5,319.0,2231,326.97,2408
2026-05-27 10:05:00,319.0,319.5,316.5,318.0,2559,326.76,2408
2026-05-27 10:10:00,317.5,320.0,317.5,319.5,1632,326.66,2408
2026-05-27 10:15:00,320.0,320.0,318.5,318.5,1864,326.54,2408
2026-05-27 10:20:00,318.5,319.5,318.0,318.5,888,326.48,2408
2026-05-27 10:25:00,318.5,321.5,318.5,321.5,3891,326.3,2408
2026-05-27 10:30:00,321.5,323.5,321.0,321.0,4074,326.17,2408
2026-05-27 10:35:00,321.5,322.0,320.5,322.0,1353,326.12,2408
2026-05-27 10:40:00,321.5,322.5,321.5,321.5,896,326.09,2408
2026-05-27 10:45:00,321.5,322.0,320.5,321.0,818,326.06,2408
2026-05-27 10:50:00,321.0,321.5,320.0,321.5,860,326.02,2408
2026-05-27 10:55:00,321.5,321.5,319.5,319.5,1271,325.97,2408
2026-05-27 11:00:00,319.5,320.0,311.5,312.0,8580,325.36,2408
2026-05-27 11:05:00,312.0,314.5,312.0,314.0,3777,325.05,2408
2026-05-27 11:10:00,314.5,317.0,314.0,317.0,1917,324.93,2408
2026-05-27 11:15:00,317.0,317.0,315.0,316.5,1073,324.87,2408
2026-05-27 11:20:00,316.5,317.0,316.5,316.5,341,324.85,2408
2026-05-27 11:25:00,317.0,317.0,314.5,316.0,1698,324.75,2408
2026-05-27 11:30:00,316.0,318.5,315.5,317.0,2028,324.65,2408
2026-05-27 11:35:00,317.0,317.0,315.5,315.5,732,324.61,2408
2026-05-27 11:40:00,315.5,316.5,315.0,316.0,825,324.57,2408
2026-05-27 11:45:00,315.5,316.5,315.0,315.5,594,324.53,2408
2026-05-27 11:50:00,315.0,315.5,314.5,315.0,1126,324.46,2408
2026-05-27 11:55:00,315.0,316.0,315.0,316.0,426,324.44,2408
2026-05-27 12:00:00,316.0,316.5,315.5,316.5,547,324.41,2408
2026-05-27 12:05:00,316.5,317.0,315.5,315.5,744,324.37,2408
2026-05-27 12:10:00,315.5,316.0,312.0,313.0,2971,324.18,2408
2026-05-27 12:15:00,313.5,313.5,310.5,310.5,3385,323.92,2408
2026-05-27 12:20:00,310.5,311.5,308.0,309.0,5199,323.49,2408
2026-05-27 12:25:00,309.0,309.5,307.5,309.0,2402,323.28,2408
2026-05-27 12:30:00,308.5,310.0,306.5,310.0,3016,323.02,2408
2026-05-27 12:35:00,310.0,310.0,308.0,310.0,1301,322.92,2408
2026-05-27 12:40:00,310.0,310.0,307.0,307.5,1970,322.75,2408
2026-05-27 12:45:00,308.0,308.0,306.0,307.5,1573,322.61,2408
2026-05-27 12:50:00,307.5,308.5,307.5,308.0,852,322.55,2408
2026-05-27 12:55:00,308.5,309.0,308.0,308.0,1265,322.45,2408
2026-05-27 13:00:00,308.5,308.5,306.5,306.5,1634,322.32,2408
2026-05-27 13:05:00,306.5,310.0,306.0,309.5,3124,322.07,2408
2026-05-27 13:10:00,309.5,312.0,309.0,312.0,2976,321.89,2408
2026-05-27 13:15:00,311.5,314.5,311.0,314.0,4456,321.69,2408
2026-05-27 13:20:00,314.0,314.0,311.0,312.0,3459,321.53,2408
2026-05-27 13:30:00,312.0,312.0,312.0,312.0,4614,321.31,2408
2026-05-28 09:00:00,310.0,318.0,306.0,317.5,10966,312.6,2408
2026-05-28 09:05:00,317.5,323.0,317.0,321.5,10146,316.39,2408
2026-05-28 09:10:00,321.5,326.0,321.0,324.5,11868,319.14,2408
2026-05-28 09:15:00,324.5,325.0,320.0,320.5,3947,319.42,2408
2026-05-28 09:20:00,321.0,328.5,320.5,325.5,11678,320.84,2408
2026-05-28 09:25:00,326.0,328.5,325.0,326.0,5204,321.4,2408
2026-05-28 09:30:00,325.5,331.0,325.0,329.0,10228,322.61,2408
2026-05-28 09:35:00,329.5,332.5,327.0,329.0,8062,323.47,2408
2026-05-28 09:40:00,329.5,330.0,325.0,326.0,3857,323.68,2408
2026-05-28 09:45:00,326.0,328.5,325.5,328.0,2642,323.79,2408
2026-05-28 09:50:00,328.0,330.5,327.0,327.5,3446,324.02,2408
2026-05-28 09:55:00,327.5,330.0,327.5,329.0,1944,324.13,2408
2026-05-28 10:00:00,329.5,330.0,325.0,327.5,2972,324.23,2408
2026-05-28 10:05:00,327.5,331.0,327.0,330.0,4940,324.52,2408
2026-05-28 10:10:00,330.0,336.0,330.0,332.5,14265,325.73,2408
2026-05-28 10:15:00,332.0,333.5,330.5,331.0,3453,325.93,2408
2026-05-28 10:20:00,331.5,334.5,331.0,331.5,3206,326.12,2408
2026-05-28 10:25:00,331.5,332.0,328.0,328.0,2350,326.2,2408
2026-05-28 10:30:00,328.5,333.0,327.0,332.0,3056,326.29,2408
2026-05-28 10:35:00,331.5,332.5,330.5,330.5,1443,326.35,2408
2026-05-28 10:40:00,330.5,331.0,329.0,329.5,1178,326.38,2408
2026-05-28 10:45:00,329.0,331.5,329.0,330.0,1527,326.43,2408
2026-05-28 10:50:00,330.0,333.5,329.5,333.0,3291,326.56,2408
2026-05-28 10:55:00,333.0,338.0,332.5,337.0,10232,327.25,2408
2026-05-28 11:00:00,337.5,338.0,335.0,336.0,2840,327.44,2408
2026-05-28 11:05:00,336.0,337.0,335.0,337.0,1637,327.54,2408
2026-05-28 11:10:00,336.5,339.0,335.0,337.5,5967,327.95,2408
2026-05-28 11:15:00,338.0,338.0,333.0,333.5,1938,328.05,2408
2026-05-28 11:20:00,333.5,334.0,330.0,330.0,3012,328.13,2408
2026-05-28 11:25:00,330.5,331.5,327.0,327.0,3361,328.15,2408
2026-05-28 11:30:00,327.0,327.5,321.0,321.0,7132,327.99,2408
2026-05-28 11:35:00,321.0,323.5,318.0,319.5,6539,327.69,2408
2026-05-28 11:40:00,319.5,325.0,318.5,323.5,7023,327.46,2408
2026-05-28 11:45:00,323.5,328.0,322.0,328.0,4637,327.42,2408
2026-05-28 11:50:00,327.5,328.0,323.5,325.0,2224,327.4,2408
2026-05-28 11:55:00,325.0,326.5,323.0,323.0,1974,327.37,2408
2026-05-28 12:00:00,323.0,325.0,321.0,321.0,2352,327.3,2408
2026-05-28 12:05:00,321.5,324.0,319.0,323.5,3380,327.19,2408
2026-05-28 12:10:00,324.0,324.5,321.0,322.0,1209,327.16,2408
2026-05-28 12:15:00,322.0,322.0,320.0,321.0,1531,327.11,2408
2026-05-28 12:20:00,321.5,321.5,319.5,320.5,2105,327.04,2408
2026-05-28 12:25:00,320.5,322.5,320.0,322.5,1274,327.0,2408
2026-05-28 12:30:00,322.0,325.0,322.0,322.5,1576,326.97,2408
2026-05-28 12:35:00,322.5,324.5,322.5,323.5,952,326.95,2408
2026-05-28 12:40:00,323.5,324.0,322.5,322.5,824,326.94,2408
2026-05-28 12:45:00,323.0,323.0,320.0,320.0,1499,326.89,2408
2026-05-28 12:50:00,320.0,321.5,320.0,320.5,1069,326.86,2408
2026-05-28 12:55:00,320.0,322.5,320.0,322.5,1574,326.81,2408
2026-05-28 13:00:00,322.0,323.0,318.5,320.5,2459,326.73,2408
2026-05-28 13:05:00,320.0,326.5,320.0,325.5,4595,326.67,2408
2026-05-28 13:10:00,325.0,327.5,325.0,325.5,2681,326.66,2408
2026-05-28 13:15:00,325.5,325.5,323.5,324.5,1996,326.64,2408
2026-05-28 13:20:00,324.5,325.0,322.5,324.5,2904,326.61,2408
2026-05-28 13:30:00,324.0,324.0,324.0,324.0,3912,326.56,2408
2026-05-29 09:00:00,347.5,348.5,339.0,342.5,18537,345.22,2408
2026-05-29 09:05:00,342.5,351.5,342.0,345.5,14071,346.2,2408
2026-05-29 09:10:00,346.0,348.5,344.0,348.0,5718,346.17,2408
2026-05-29 09:15:00,348.0,350.0,346.0,348.0,6180,346.47,2408
2026-05-29 09:20:00,348.0,349.5,347.0,347.5,3421,346.62,2408
2026-05-29 09:25:00,347.5,350.0,345.5,349.0,5614,346.76,2408
2026-05-29 09:30:00,349.0,350.5,347.0,349.0,5732,347.02,2408
2026-05-29 09:35:00,349.0,349.0,345.0,346.0,3628,346.99,2408
2026-05-29 09:40:00,346.5,346.5,342.0,342.5,4829,346.75,2408
2026-05-29 09:45:00,343.0,345.0,342.5,343.0,1743,346.68,2408
2026-05-29 09:50:00,342.5,343.0,338.5,342.0,5872,346.2,2408
2026-05-29 09:55:00,342.0,344.0,340.5,344.0,1654,346.1,2408
2026-05-29 10:00:00,344.0,346.5,342.5,346.0,2611,346.05,2408
2026-05-29 10:05:00,346.0,346.0,343.0,343.0,1102,346.03,2408
2026-05-29 10:10:00,343.5,345.5,342.0,344.5,1118,346.0,2408
2026-05-29 10:15:00,344.5,345.0,343.0,344.5,1148,345.97,2408
2026-05-29 10:20:00,344.5,346.0,343.5,344.0,1421,345.96,2408
2026-05-29 10:25:00,344.0,345.0,342.0,343.5,1253,345.92,2408
2026-05-29 10:30:00,343.5,345.0,343.0,344.0,629,345.9,2408
2026-05-29 10:35:00,344.0,344.5,342.5,343.0,737,345.88,2408
2026-05-29 10:40:00,343.5,344.0,342.5,344.0,673,345.86,2408
2026-05-29 10:45:00,344.0,344.5,342.5,343.0,600,345.85,2408
2026-05-29 10:50:00,343.0,343.5,342.0,343.0,623,345.83,2408
2026-05-29 10:55:00,343.0,344.5,342.5,343.5,601,345.81,2408
2026-05-29 11:00:00,344.0,344.5,342.0,343.0,807,345.79,2408
2026-05-29 11:05:00,342.5,344.0,342.5,343.0,645,345.77,2408
2026-05-29 11:10:00,343.5,344.5,342.5,344.5,1024,345.74,2408
2026-05-29 11:15:00,344.0,345.5,343.5,345.0,1717,345.72,2408
2026-05-29 11:20:00,344.5,345.0,343.0,344.0,1166,345.7,2408
2026-05-29 11:25:00,344.0,346.5,343.5,346.0,3127,345.7,2408
2026-05-29 11:30:00,346.5,346.5,343.5,344.0,1541,345.69,2408
2026-05-29 11:35:00,344.0,345.0,343.0,345.0,950,345.67,2408
2026-05-29 11:40:00,344.5,345.0,343.5,345.0,460,345.66,2408
2026-05-29 11:45:00,345.0,346.5,344.0,345.5,1351,345.66,2408
2026-05-29 11:50:00,345.5,346.0,343.5,345.0,746,345.65,2408
2026-05-29 11:55:00,345.0,345.0,343.5,344.0,490,345.64,2408
2026-05-29 12:00:00,344.5,345.0,343.0,344.5,1270,345.62,2408
2026-05-29 12:05:00,344.5,346.0,344.0,345.0,1680,345.62,2408
2026-05-29 12:10:00,345.0,346.5,344.0,344.0,1497,345.61,2408
2026-05-29 12:15:00,345.0,345.0,343.5,345.0,566,345.61,2408
2026-05-29 12:20:00,344.0,348.0,344.0,347.5,3971,345.64,2408
2026-05-29 12:25:00,348.0,349.0,346.5,347.5,3896,345.72,2408
2026-05-29 12:30:00,347.0,347.5,346.0,346.0,697,345.72,2408
2026-05-29 12:35:00,346.0,347.0,345.5,346.5,898,345.73,2408
2026-05-29 12:40:00,346.0,347.5,346.0,347.5,905,345.74,2408
2026-05-29 12:45:00,347.0,348.0,346.5,347.5,1237,345.76,2408
2026-05-29 12:50:00,348.0,348.0,346.5,347.5,859,345.77,2408
2026-05-29 12:55:00,347.0,348.0,347.0,347.5,1163,345.78,2408
2026-05-29 13:00:00,347.5,349.5,347.0,349.5,3876,345.86,2408
2026-05-29 13:05:00,349.5,350.0,347.0,347.0,2281,345.91,2408
2026-05-29 13:10:00,347.0,347.5,345.0,345.5,1558,345.91,2408
2026-05-29 13:15:00,345.5,347.0,345.5,346.0,1433,345.91,2408
2026-05-29 13:20:00,346.0,347.0,346.0,346.0,2033,345.92,2408
2026-05-29 13:30:00,347.0,347.0,347.0,347.0,4866,345.96,2408
2026-06-01 09:00:00,362.0,374.5,359.5,374.5,16440,365.88,2408
2026-06-01 09:05:00,377.0,377.0,370.5,373.0,6824,368.28,2408
2026-06-01 09:10:00,372.5,374.0,366.5,371.5,5569,368.63,2408
2026-06-01 09:15:00,371.5,375.5,369.5,373.5,4137,369.14,2408
2026-06-01 09:20:00,373.5,375.5,368.0,375.5,4932,369.53,2408
2026-06-01 09:25:00,375.5,379.5,375.0,378.0,7338,370.84,2408
2026-06-01 09:30:00,377.5,378.0,374.5,377.0,2721,371.14,2408
2026-06-01 09:35:00,377.5,379.0,375.0,378.5,2928,371.53,2408
2026-06-01 09:40:00,378.5,378.5,374.5,376.5,2047,371.71,2408
2026-06-01 09:45:00,376.5,381.5,376.0,381.5,26779,374.84,2408
2026-06-01 09:50:00,381.5,381.5,381.5,381.5,2895,375.08,2408
2026-06-01 09:55:00,381.5,381.5,381.5,381.5,1275,375.18,2408
2026-06-01 10:00:00,381.5,381.5,381.5,381.5,529,375.21,2408
2026-06-01 10:05:00,381.5,381.5,381.5,381.5,502,375.25,2408
2026-06-01 10:10:00,381.5,381.5,381.5,381.5,605,375.3,2408
2026-06-01 10:15:00,381.5,381.5,381.5,381.5,1452,375.4,2408
2026-06-01 10:20:00,381.5,381.5,381.5,381.5,853,375.46,2408
2026-06-01 10:25:00,381.5,381.5,381.5,381.5,734,375.51,2408
2026-06-01 10:30:00,381.5,381.5,381.5,381.5,188,375.52,2408
2026-06-01 10:35:00,381.5,381.5,381.5,381.5,172,375.53,2408
2026-06-01 10:40:00,381.5,381.5,381.5,381.5,1117,375.61,2408
2026-06-01 10:45:00,381.5,381.5,381.5,381.5,532,375.64,2408
2026-06-01 10:50:00,381.5,381.5,377.0,377.5,14734,376.37,2408
2026-06-01 10:55:00,377.5,379.0,376.0,377.5,2704,376.4,2408
2026-06-01 11:00:00,377.5,381.5,377.5,381.5,3792,376.55,2408
2026-06-01 11:05:00,381.5,381.5,381.5,381.5,543,376.58,2408
2026-06-01 11:10:00,381.5,381.5,381.5,381.5,733,376.61,2408
2026-06-01 11:15:00,381.5,381.5,381.5,381.5,229,376.62,2408
2026-06-01 11:20:00,381.5,381.5,381.5,381.5,154,376.62,2408
2026-06-01 11:25:00,381.5,381.5,381.5,381.5,131,376.63,2408
2026-06-01 11:30:00,381.5,381.5,379.5,380.0,3017,376.75,2408
2026-06-01 11:35:00,379.5,380.0,378.0,378.5,1903,376.79,2408
2026-06-01 11:40:00,379.5,380.5,378.0,378.5,1112,376.81,2408
2026-06-01 11:45:00,378.0,381.5,377.5,381.5,3638,376.93,2408
2026-06-01 11:50:00,381.5,381.5,381.5,381.5,476,376.94,2408
2026-06-01 11:55:00,381.5,381.5,381.5,381.5,266,376.95,2408
2026-06-01 12:00:00,381.5,381.5,381.5,381.5,147,376.96,2408
2026-06-01 12:05:00,381.5,381.5,381.5,381.5,167,376.96,2408
2026-06-01 12:10:00,381.5,381.5,381.5,381.5,113,376.97,2408
2026-06-01 12:15:00,381.5,381.5,381.5,381.5,71,376.97,2408
2026-06-01 12:20:00,381.5,381.5,381.5,381.5,275,376.98,2408
2026-06-01 12:25:00,381.5,381.5,381.5,381.5,100,376.98,2408
2026-06-01 12:30:00,381.5,381.5,381.5,381.5,101,376.99,2408
2026-06-01 12:35:00,381.5,381.5,381.5,381.5,112,376.99,2408
2026-06-01 12:40:00,381.5,381.5,381.5,381.5,87,377.0,2408
2026-06-01 12:45:00,381.5,381.5,381.5,381.5,206,377.0,2408
2026-06-01 12:50:00,381.5,381.5,381.5,381.5,102,377.01,2408
2026-06-01 12:55:00,381.5,381.5,381.5,381.5,137,377.01,2408
2026-06-01 13:00:00,381.5,381.5,381.5,381.5,138,377.02,2408
2026-06-01 13:05:00,381.5,381.5,381.5,381.5,68,377.02,2408
2026-06-01 13:10:00,381.5,381.5,381.5,381.5,84,377.02,2408
2026-06-01 13:15:00,381.5,381.5,381.5,381.5,223,377.03,2408
2026-06-01 13:20:00,381.5,381.5,381.5,381.5,145,377.03,2408
2026-06-01 13:30:00,381.5,381.5,381.5,381.5,125,377.04,2408
2026-06-02 09:00:00,401.0,413.5,396.0,406.5,30987,405.77,2408
2026-06-02 09:05:00,406.5,409.5,403.0,404.0,8998,405.76,2408
2026-06-02 09:10:00,404.0,414.5,403.5,414.5,9792,406.69,2408
2026-06-02 09:15:00,414.5,417.0,411.5,416.5,9341,407.8,2408
2026-06-02 09:20:00,416.5,417.5,410.0,411.5,6112,408.41,2408
2026-06-02 09:25:00,412.0,412.0,405.5,409.5,7411,408.36,2408
2026-06-02 09:30:00,409.5,413.0,407.5,412.5,4248,408.51,2408
2026-06-02 09:35:00,412.5,413.5,410.0,410.0,2555,408.64,2408
2026-06-02 09:40:00,410.0,412.0,409.0,411.0,1819,408.68,2408
2026-06-02 09:45:00,410.5,412.0,409.5,410.5,1889,408.73,2408
2026-06-02 09:50:00,411.0,412.0,408.5,411.0,1563,408.76,2408
2026-06-02 09:55:00,411.0,412.0,409.0,409.5,1535,408.8,2408
2026-06-02 10:00:00,409.0,411.0,408.0,410.0,1150,408.8,2408
2026-06-02 10:05:00,410.0,412.5,409.0,412.0,2313,408.86,2408
2026-06-02 10:10:00,412.0,412.5,410.0,411.0,1170,408.89,2408
2026-06-02 10:15:00,411.0,413.0,411.0,412.0,2037,408.97,2408
2026-06-02 10:20:00,412.5,415.0,412.0,412.5,3394,409.13,2408
2026-06-02 10:25:00,412.5,413.5,411.5,413.0,558,409.15,2408
2026-06-02 10:30:00,413.0,415.0,412.5,415.0,2097,409.26,2408
2026-06-02 10:35:00,415.0,415.0,413.5,414.5,1053,409.31,2408
2026-06-02 10:40:00,414.0,414.5,412.5,413.0,864,409.35,2408
2026-06-02 10:45:00,413.0,414.0,412.5,413.5,398,409.36,2408
2026-06-02 10:50:00,413.5,413.5,409.5,409.5,2088,409.41,2408
2026-06-02 10:55:00,409.5,412.0,409.5,411.0,577,409.42,2408
2026-06-02 11:00:00,411.0,411.0,408.0,411.0,1617,409.42,2408
2026-06-02 11:05:00,411.0,412.5,408.5,410.0,1051,409.43,2408
2026-06-02 11:10:00,410.0,411.0,408.5,409.5,804,409.43,2408
2026-06-02 11:15:00,409.5,409.5,404.0,405.5,5165,409.31,2408
2026-06-02 11:20:00,405.5,405.5,401.0,402.0,3397,409.13,2408
2026-06-02 11:25:00,402.0,403.0,395.0,401.0,6494,408.59,2408
2026-06-02 11:30:00,402.0,407.0,401.0,402.5,4029,408.46,2408
2026-06-02 11:35:00,402.5,406.0,398.0,405.5,2544,408.33,2408
2026-06-02 11:40:00,405.5,407.0,404.0,406.0,1145,408.31,2408
2026-06-02 11:45:00,406.0,407.0,405.0,406.0,920,408.29,2408
2026-06-02 11:50:00,406.0,409.5,406.0,407.5,2235,408.29,2408
2026-06-02 11:55:00,407.5,408.0,406.0,407.0,654,408.28,2408
2026-06-02 12:00:00,407.5,409.0,406.5,407.0,804,408.28,2408
2026-06-02 12:05:00,407.5,412.0,407.0,410.5,2813,408.32,2408
2026-06-02 12:10:00,411.0,411.5,410.0,410.5,688,408.33,2408
2026-06-02 12:15:00,410.5,411.5,410.5,410.5,540,408.34,2408
2026-06-02 12:20:00,410.0,412.5,409.5,412.0,1972,408.38,2408
2026-06-02 12:25:00,412.5,414.5,412.0,414.5,2135,408.46,2408
2026-06-02 12:30:00,414.0,417.0,414.0,415.0,3855,408.64,2408
2026-06-02 12:35:00,415.0,419.5,415.0,419.5,17590,409.76,2408
2026-06-02 12:40:00,419.5,419.5,419.5,419.5,683,409.8,2408
2026-06-02 12:45:00,419.5,419.5,419.5,419.5,390,409.82,2408
2026-06-02 12:50:00,419.5,419.5,419.5,419.5,288,409.84,2408
2026-06-02 12:55:00,419.5,419.5,419.5,419.5,577,409.87,2408
2026-06-02 13:00:00,419.5,419.5,419.5,419.5,208,409.88,2408
2026-06-02 13:05:00,419.5,419.5,419.5,419.5,958,409.94,2408
2026-06-02 13:10:00,419.5,419.5,419.5,419.5,665,409.98,2408
2026-06-02 13:15:00,419.5,419.5,419.5,419.5,157,409.99,2408
2026-06-02 13:20:00,419.5,419.5,419.5,419.5,180,410.0,2408
2026-06-02 13:30:00,419.5,419.5,419.5,419.5,137,410.0,2408
2026-06-03 09:00:00,430.0,430.5,411.0,412.0,22431,423.05,2408
2026-06-03 09:05:00,412.0,420.0,409.5,415.0,13003,420.57,2408
2026-06-03 09:10:00,414.5,421.5,414.0,418.5,6909,420.27,2408
2026-06-03 09:15:00,418.5,424.5,415.5,419.0,8467,420.3,2408
2026-06-03 09:20:00,418.5,421.0,417.0,420.0,3268,420.22,2408
2026-06-03 09:25:00,419.5,421.5,415.5,417.0,4949,420.04,2408
2026-06-03 09:30:00,417.5,418.0,412.5,413.0,4578,419.68,2408
2026-06-03 09:35:00,413.0,413.5,408.5,410.0,7472,418.76,2408
2026-06-03 09:40:00,410.0,411.0,405.0,405.0,5830,417.99,2408
2026-06-03 09:45:00,405.0,405.5,401.0,405.0,6612,416.83,2408
2026-06-03 09:50:00,405.0,410.0,405.0,406.5,3700,416.47,2408
2026-06-03 09:55:00,407.0,409.5,405.5,407.0,1587,416.3,2408
2026-06-03 10:00:00,406.5,407.0,405.0,407.0,1191,416.16,2408
2026-06-03 10:05:00,406.5,407.0,403.0,404.5,2060,415.92,2408
2026-06-03 10:10:00,405.0,405.5,402.0,403.0,1542,415.71,2408
2026-06-03 10:15:00,403.5,406.0,403.0,404.0,1221,415.56,2408
2026-06-03 10:20:00,404.0,404.0,401.0,401.0,2328,415.24,2408
2026-06-03 10:25:00,401.0,405.0,401.0,402.5,1337,415.07,2408
2026-06-03 10:30:00,402.5,404.5,402.5,403.5,519,415.01,2408
2026-06-03 10:35:00,404.0,406.0,403.5,405.5,1018,414.91,2408
2026-06-03 10:40:00,405.5,407.0,405.0,407.0,597,414.86,2408
2026-06-03 10:45:00,407.0,408.0,406.0,408.0,985,414.78,2408
2026-06-03 10:50:00,408.0,409.0,407.5,408.5,908,414.72,2408
2026-06-03 10:55:00,408.5,412.0,408.0,412.0,2126,414.63,2408
2026-06-03 11:00:00,412.0,415.0,410.5,414.0,3146,414.58,2408
2026-06-03 11:05:00,414.0,415.5,412.5,413.0,2028,414.57,2408
2026-06-03 11:10:00,413.5,416.0,411.5,411.5,2020,414.57,2408
2026-06-03 11:15:00,411.5,415.0,411.0,415.0,1481,414.55,2408
2026-06-03 11:20:00,415.0,415.5,412.0,412.0,699,414.55,2408
2026-06-03 11:25:00,412.0,412.5,410.5,411.5,585,414.54,2408
2026-06-03 11:30:00,412.0,413.0,412.0,412.0,254,414.53,2408
2026-06-03 11:35:00,412.0,413.0,410.0,410.5,568,414.52,2408
2026-06-03 11:40:00,410.0,411.5,410.0,411.5,300,414.51,2408
2026-06-03 11:45:00,411.5,412.0,410.0,410.5,375,414.5,2408
2026-06-03 11:50:00,410.0,410.5,409.0,409.0,785,414.46,2408
2026-06-03 11:55:00,409.0,409.5,408.5,409.5,515,414.44,2408
2026-06-03 12:00:00,409.5,410.0,407.5,407.5,710,414.4,2408
2026-06-03 12:05:00,408.0,408.5,406.5,406.5,679,414.36,2408
2026-06-03 12:10:00,406.5,408.0,406.0,407.5,685,414.32,2408
2026-06-03 12:15:00,408.0,408.0,406.5,407.0,446,414.29,2408
2026-06-03 12:20:00,407.0,407.0,404.0,405.5,1644,414.17,2408
2026-06-03 12:25:00,405.5,407.0,405.0,405.5,679,414.13,2408
2026-06-03 12:30:00,406.0,406.0,403.0,403.5,1618,414.0,2408
2026-06-03 12:35:00,403.0,404.0,402.5,404.0,866,413.92,2408
2026-06-03 12:40:00,403.5,404.5,403.5,404.0,603,413.87,2408
2026-06-03 12:45:00,404.0,404.0,403.0,403.5,978,413.79,2408
2026-06-03 12:50:00,403.5,404.0,402.0,403.0,1721,413.64,2408
2026-06-03 12:55:00,403.0,404.0,402.0,404.0,1442,413.52,2408
2026-06-03 13:00:00,403.5,404.5,403.0,404.0,932,413.45,2408
2026-06-03 13:05:00,404.0,405.0,402.5,402.5,1839,413.32,2408
2026-06-03 13:10:00,402.5,403.0,401.0,401.0,2597,413.09,2408
2026-06-03 13:15:00,401.0,403.0,400.5,402.0,3702,412.77,2408
2026-06-03 13:20:00,402.5,402.5,400.0,400.0,3700,412.47,2408
2026-06-03 13:30:00,401.5,401.5,401.5,401.5,5164,412.08,2408
2026-06-04 09:00:00,395.5,409.0,395.0,409.0,15294,402.41,2408
2026-06-04 09:05:00,409.5,409.5,396.5,401.0,10485,402.8,2408
2026-06-04 09:10:00,401.0,403.5,398.5,399.5,4905,402.57,2408
2026-06-04 09:15:00,400.0,400.0,395.0,397.0,6159,401.64,2408
2026-06-04 09:20:00,397.0,398.5,393.0,398.5,4830,400.93,2408
2026-06-04 09:25:00,398.5,402.5,397.5,402.0,4440,400.88,2408
2026-06-04 09:30:00,402.0,403.0,399.0,400.0,3352,400.89,2408
2026-06-04 09:35:00,400.0,403.5,399.5,401.5,3138,400.97,2408
2026-06-04 09:40:00,401.5,402.0,398.0,398.0,1715,400.94,2408
2026-06-04 09:45:00,398.0,399.0,394.5,398.0,3510,400.66,2408
2026-06-04 09:50:00,397.5,397.5,395.0,395.5,1712,400.53,2408
2026-06-04 09:55:00,395.5,396.0,393.0,395.5,4262,400.09,2408
2026-06-04 10:00:00,395.5,395.5,392.0,393.5,2756,399.81,2408
2026-06-04 10:05:00,394.0,397.0,393.0,395.5,1294,399.72,2408
2026-06-04 10:10:00,395.0,397.0,395.0,395.0,726,399.68,2408
2026-06-04 10:15:00,395.0,397.0,394.5,396.5,1313,399.6,2408
2026-06-04 10:20:00,397.0,400.0,397.0,398.5,1945,399.57,2408
2026-06-04 10:25:00,398.5,401.0,398.5,399.0,1854,399.59,2408
2026-06-04 10:30:00,399.0,399.5,396.5,396.5,507,399.58,2408
2026-06-04 10:35:00,396.5,397.5,395.5,397.0,568,399.55,2408
2026-06-04 10:40:00,397.0,397.0,396.0,397.0,544,399.53,2408
2026-06-04 10:45:00,397.0,399.0,397.0,397.5,378,399.53,2408
2026-06-04 10:50:00,398.0,398.0,396.5,396.5,270,399.52,2408
2026-06-04 10:55:00,396.5,397.5,396.5,397.0,163,399.51,2408
2026-06-04 11:00:00,397.0,399.0,397.0,397.5,470,399.5,2408
2026-06-04 11:05:00,398.0,398.5,397.5,398.0,223,399.5,2408
2026-06-04 11:10:00,398.0,399.5,398.0,399.0,447,399.5,2408
2026-06-04 11:15:00,399.5,400.0,399.0,400.0,544,399.5,2408
2026-06-04 11:20:00,400.0,401.0,398.0,399.0,1516,399.5,2408
2026-06-04 11:25:00,399.0,400.5,398.5,400.0,459,399.5,2408
2026-06-04 11:30:00,400.5,401.0,400.0,400.0,681,399.51,2408
2026-06-04 11:35:00,400.5,400.5,399.0,399.5,735,399.51,2408
2026-06-04 11:40:00,399.5,400.0,399.0,399.5,309,399.51,2408
2026-06-04 11:45:00,399.5,399.5,398.5,399.0,445,399.51,2408
2026-06-04 11:50:00,399.5,399.5,398.5,398.5,269,399.51,2408
2026-06-04 11:55:00,398.5,399.0,398.0,398.5,448,399.5,2408
2026-06-04 12:00:00,398.5,398.5,396.5,397.0,1064,399.48,2408
2026-06-04 12:05:00,397.0,397.5,397.0,397.5,342,399.47,2408
2026-06-04 12:10:00,397.5,398.0,397.0,398.0,284,399.46,2408
2026-06-04 12:15:00,397.5,398.0,397.5,398.0,358,399.46,2408
2026-06-04 12:20:00,398.0,398.0,397.0,397.0,440,399.45,2408
2026-06-04 12:25:00,397.5,397.5,396.5,396.5,621,399.43,2408
2026-06-04 12:30:00,396.5,397.5,396.5,397.5,989,399.4,2408
2026-06-04 12:35:00,397.0,397.5,397.0,397.0,228,399.39,2408
2026-06-04 12:40:00,397.5,397.5,396.0,396.5,639,399.37,2408
2026-06-04 12:45:00,396.0,396.5,396.0,396.5,569,399.35,2408
2026-06-04 12:50:00,396.0,396.5,395.0,395.5,1860,399.28,2408
2026-06-04 12:55:00,395.5,396.0,395.0,395.5,904,399.24,2408
2026-06-04 13:00:00,395.5,397.0,395.5,396.0,1335,399.19,2408
2026-06-04 13:05:00,396.0,396.5,395.0,395.0,1142,399.15,2408
2026-06-04 13:10:00,395.5,395.5,393.5,394.0,4373,398.94,2408
2026-06-04 13:15:00,394.0,396.0,393.5,395.5,2746,398.82,2408
2026-06-04 13:20:00,395.5,396.0,394.5,395.0,4126,398.68,2408
2026-06-04 13:30:00,395.0,395.0,395.0,395.0,7829,398.42,2408
2026-06-05 09:00:00,370.0,374.0,366.5,370.5,15467,370.19,2408
2026-06-05 09:05:00,370.5,371.5,363.5,364.0,8817,369.21,2408
2026-06-05 09:10:00,364.0,365.5,360.0,360.5,7605,367.4,2408
2026-06-05 09:15:00,360.5,361.0,356.0,356.5,9583,365.12,2408
2026-06-05 09:20:00,356.5,357.0,355.5,355.5,15321,362.58,2408
2026-06-05 09:25:00,355.5,358.5,355.5,358.0,4971,362.04,2408
2026-06-05 09:30:00,357.5,360.0,356.5,359.0,3079,361.85,2408
2026-06-05 09:35:00,359.0,361.5,357.5,358.0,3687,361.73,2408
2026-06-05 09:40:00,358.0,359.0,356.0,356.5,1560,361.63,2408
2026-06-05 09:45:00,356.5,360.5,356.5,359.5,1822,361.56,2408
2026-06-05 09:50:00,359.0,363.5,359.0,362.0,2575,361.57,2408
2026-06-05 09:55:00,362.0,363.0,360.5,361.0,1420,361.57,2408
2026-06-05 10:00:00,361.0,361.5,360.0,361.5,1057,361.56,2408
2026-06-05 10:05:00,361.5,365.5,361.0,363.5,2612,361.62,2408
2026-06-05 10:10:00,363.5,365.5,363.5,364.0,1512,361.67,2408
2026-06-05 10:15:00,364.0,365.5,363.5,364.5,1145,361.71,2408
2026-06-05 10:20:00,364.5,364.5,361.0,361.0,1334,361.73,2408
2026-06-05 10:25:00,361.5,365.0,361.0,364.5,743,361.74,2408
2026-06-05 10:30:00,364.0,365.0,363.5,365.0,585,361.76,2408
2026-06-05 10:35:00,365.0,365.0,361.5,361.5,1033,361.78,2408
2026-06-05 10:40:00,361.5,362.0,359.5,361.5,1683,361.75,2408
2026-06-05 10:45:00,362.0,362.0,360.5,360.5,364,361.75,2408
2026-06-05 10:50:00,361.0,362.0,360.0,361.5,384,361.74,2408
2026-06-05 10:55:00,361.5,362.0,361.0,361.0,403,361.74,2408
2026-06-05 11:00:00,361.0,362.0,360.5,360.5,439,361.74,2408
2026-06-05 11:05:00,361.0,362.0,360.5,362.0,420,361.73,2408
2026-06-05 11:10:00,362.0,363.0,362.0,362.5,558,361.74,2408
2026-06-05 11:15:00,362.5,362.5,361.5,362.0,298,361.74,2408
2026-06-05 11:20:00,362.0,362.5,360.0,360.0,571,361.73,2408
2026-06-05 11:25:00,360.0,361.0,359.5,359.5,1396,361.71,2408
2026-06-05 11:30:00,359.5,360.5,359.5,359.5,572,361.7,2408
2026-06-05 11:35:00,359.5,360.0,359.0,359.0,768,361.67,2408
2026-06-05 11:40:00,359.0,360.5,359.0,359.0,565,361.66,2408
2026-06-05 11:45:00,359.0,359.5,358.0,358.0,682,361.64,2408
2026-06-05 11:50:00,358.0,358.5,356.0,356.0,3891,361.45,2408
2026-06-05 11:55:00,356.0,357.5,356.0,357.0,700,361.41,2408
2026-06-05 12:00:00,357.0,360.0,357.0,358.0,803,361.39,2408
2026-06-05 12:05:00,357.5,358.0,356.0,356.0,559,361.37,2408
2026-06-05 12:10:00,356.0,357.0,356.0,356.5,737,361.33,2408
2026-06-05 12:15:00,356.5,357.0,356.0,356.5,447,361.31,2408
2026-06-05 12:20:00,356.5,357.0,355.5,356.0,1586,361.22,2408
2026-06-05 12:25:00,356.0,357.0,355.5,356.0,611,361.19,2408
2026-06-05 12:30:00,356.0,357.0,356.0,356.0,421,361.17,2408
2026-06-05 12:35:00,356.5,357.5,356.0,357.0,954,361.13,2408
2026-06-05 12:40:00,357.5,357.5,356.5,357.0,615,361.11,2408
2026-06-05 12:45:00,357.0,358.5,356.5,358.5,688,361.09,2408
2026-06-05 12:50:00,358.5,359.5,358.0,358.0,592,361.07,2408
2026-06-05 12:55:00,358.0,358.5,357.5,358.0,614,361.06,2408
2026-06-05 13:00:00,358.0,359.0,357.5,358.5,718,361.04,2408
2026-06-05 13:05:00,358.5,360.5,358.0,359.0,1488,361.02,2408
2026-06-05 13:10:00,359.5,360.0,358.5,360.0,1223,361.0,2408
2026-06-05 13:15:00,360.0,362.0,359.5,361.0,1507,361.0,2408
2026-06-05 13:20:00,361.0,362.5,361.0,362.0,2027,361.02,2408
2026-06-05 13:30:00,360.0,360.0,360.0,360.0,2089,361.0,2408
2026-06-08 09:00:00,324.0,335.0,324.0,333.5,24851,326.41,2408
2026-06-08 09:05:00,333.5,342.0,330.0,336.5,8649,328.89,2408
2026-06-08 09:10:00,336.5,340.0,332.0,339.5,4359,329.74,2408
2026-06-08 09:15:00,338.5,339.5,331.0,331.5,4781,330.14,2408
2026-06-08 09:20:00,332.0,336.0,331.0,333.0,2596,330.33,2408
2026-06-08 09:25:00,333.0,334.0,329.5,329.5,3406,330.38,2408
2026-06-08 09:30:00,330.0,334.0,329.0,330.5,1857,330.41,2408
2026-06-08 09:35:00,330.5,331.5,330.0,331.0,828,330.42,2408
2026-06-08 09:40:00,331.5,335.0,331.5,334.0,2027,330.54,2408
2026-06-08 09:45:00,334.0,335.5,334.0,335.5,1331,330.64,2408
2026-06-08 09:50:00,335.5,339.0,334.5,338.5,3081,331.0,2408
2026-06-08 09:55:00,339.0,340.5,338.0,338.5,2583,331.36,2408
2026-06-08 10:00:00,339.0,340.0,338.5,340.0,841,331.47,2408
2026-06-08 10:05:00,339.5,343.0,339.0,339.0,2980,331.92,2408
2026-06-08 10:10:00,339.0,342.5,339.0,341.5,1061,332.07,2408
2026-06-08 10:15:00,341.5,342.0,340.0,340.5,1024,332.21,2408
2026-06-08 10:20:00,340.5,341.0,339.5,341.0,702,332.29,2408
2026-06-08 10:25:00,341.5,348.0,341.5,347.5,3789,332.98,2408
2026-06-08 10:30:00,347.0,347.5,343.0,347.0,1334,333.21,2408
2026-06-08 10:35:00,346.5,347.0,341.0,341.5,1333,333.39,2408
2026-06-08 10:40:00,341.5,343.0,341.0,342.0,905,333.5,2408
2026-06-08 10:45:00,342.0,345.5,342.0,345.0,688,333.6,2408
2026-06-08 10:50:00,345.0,345.0,343.5,344.0,671,333.69,2408
2026-06-08 10:55:00,344.0,345.0,342.5,344.0,438,333.75,2408
2026-06-08 11:00:00,344.5,346.0,343.5,345.0,1110,333.91,2408
2026-06-08 11:05:00,344.5,345.0,343.0,344.5,366,333.96,2408
2026-06-08 11:10:00,345.0,345.5,342.0,342.5,757,334.05,2408
2026-06-08 11:15:00,343.0,343.5,340.5,341.0,920,334.14,2408
2026-06-08 11:20:00,341.0,343.5,341.0,343.0,483,334.19,2408
2026-06-08 11:25:00,343.0,343.5,341.5,342.5,338,334.22,2408
2026-06-08 11:30:00,343.0,343.5,342.0,342.0,306,334.26,2408
2026-06-08 11:35:00,342.5,343.5,341.0,341.5,612,334.31,2408
2026-06-08 11:40:00,341.0,344.5,341.0,343.5,469,334.37,2408
2026-06-08 11:45:00,344.0,344.0,342.5,342.5,200,334.39,2408
2026-06-08 11:50:00,342.0,343.0,341.5,341.5,298,334.42,2408
2026-06-08 11:55:00,342.0,342.0,341.0,341.5,406,334.45,2408
2026-06-08 12:00:00,341.5,342.5,341.0,342.0,352,334.48,2408
2026-06-08 12:05:00,342.0,342.5,341.5,341.5,289,334.51,2408
2026-06-08 12:10:00,342.0,342.0,340.5,342.0,957,334.58,2408
2026-06-08 12:15:00,342.0,343.5,341.5,341.5,591,334.64,2408
2026-06-08 12:20:00,341.5,341.5,339.0,340.5,2182,334.78,2408
2026-06-08 12:25:00,340.0,340.5,339.5,340.0,364,334.8,2408
2026-06-08 12:30:00,340.5,341.0,340.0,340.0,384,334.82,2408
2026-06-08 12:35:00,340.0,340.5,339.5,340.0,644,334.86,2408
2026-06-08 12:40:00,340.0,341.0,339.0,339.0,1252,334.93,2408
2026-06-08 12:45:00,339.0,341.0,338.5,340.0,648,334.96,2408
2026-06-08 12:50:00,340.0,341.5,340.0,341.5,987,335.03,2408
2026-06-08 12:55:00,341.0,342.0,340.0,340.5,839,335.08,2408
2026-06-08 13:00:00,340.0,342.0,340.0,341.5,366,335.11,2408
2026-06-08 13:05:00,342.0,342.0,339.5,340.0,1572,335.2,2408
2026-06-08 13:10:00,339.5,340.0,339.0,340.0,1079,335.24,2408
2026-06-08 13:15:00,340.0,341.0,339.5,340.0,1590,335.33,2408
2026-06-08 13:20:00,340.5,340.5,339.0,339.5,2280,335.43,2408
2026-06-08 13:30:00,339.5,339.5,339.5,339.5,3291,335.56,2408
2026-06-09 09:00:00,350.5,350.5,343.0,346.5,14094,347.63,2408
2026-06-09 09:05:00,347.0,351.0,345.5,348.5,6297,347.91,2408
2026-06-09 09:10:00,348.5,353.0,347.5,352.0,6072,348.72,2408
2026-06-09 09:15:00,352.0,352.0,345.5,346.5,4028,348.63,2408
2026-06-09 09:20:00,346.0,350.0,346.0,349.5,2240,348.59,2408
2026-06-09 09:25:00,349.5,350.5,348.5,349.5,1558,348.63,2408
2026-06-09 09:30:00,349.5,351.0,348.0,350.5,1196,348.66,2408
2026-06-09 09:35:00,350.5,350.5,348.5,349.5,1056,348.69,2408
2026-06-09 09:40:00,350.0,351.0,349.0,350.0,961,348.73,2408
2026-06-09 09:45:00,350.0,350.5,349.5,350.0,558,348.75,2408
2026-06-09 09:50:00,349.5,350.0,347.0,347.5,1666,348.72,2408
2026-06-09 09:55:00,347.5,348.0,346.0,346.5,1426,348.65,2408
2026-06-09 10:00:00,346.5,348.0,345.0,347.5,1401,348.57,2408
2026-06-09 10:05:00,347.5,348.0,347.0,348.0,366,348.57,2408
2026-06-09 10:10:00,348.0,348.0,347.0,347.0,565,348.55,2408
2026-06-09 10:15:00,347.0,348.5,347.0,348.5,448,348.54,2408
2026-06-09 10:20:00,348.5,349.0,346.5,347.0,751,348.53,2408
2026-06-09 10:25:00,347.0,349.0,347.0,348.5,467,348.52,2408
2026-06-09 10:30:00,349.0,350.0,348.5,349.5,969,348.54,2408
2026-06-09 10:35:00,350.0,350.0,347.5,348.0,742,348.55,2408
2026-06-09 10:40:00,348.0,348.0,347.0,348.0,613,348.53,2408
2026-06-09 10:45:00,347.5,348.0,347.0,347.5,363,348.52,2408
2026-06-09 10:50:00,347.5,347.5,346.5,346.5,837,348.5,2408
2026-06-09 10:55:00,347.0,347.0,346.5,347.0,376,348.48,2408
2026-06-09 11:00:00,346.5,347.0,346.0,346.0,613,348.45,2408
2026-06-09 11:05:00,346.0,346.5,345.5,346.0,909,348.4,2408
2026-06-09 11:10:00,345.5,347.0,345.0,346.0,845,348.36,2408
2026-06-09 11:15:00,346.5,347.0,346.0,346.5,319,348.35,2408
2026-06-09 11:20:00,346.5,347.0,345.5,346.0,549,348.33,2408
2026-06-09 11:25:00,346.0,346.0,344.0,344.5,1971,348.21,2408
2026-06-09 11:30:00,344.0,345.0,342.0,344.5,2535,348.0,2408
2026-06-09 11:35:00,344.5,345.0,344.0,344.5,412,347.97,2408
2026-06-09 11:40:00,344.0,346.0,343.5,346.0,625,347.93,2408
2026-06-09 11:45:00,345.5,346.5,345.5,346.0,288,347.92,2408
2026-06-09 11:50:00,346.5,347.0,346.0,346.5,403,347.91,2408
2026-06-09 11:55:00,346.5,347.0,346.0,346.5,270,347.9,2408
2026-06-09 12:00:00,347.0,347.0,346.5,346.5,347,347.9,2408
2026-06-09 12:05:00,346.5,346.5,345.0,346.0,629,347.88,2408
2026-06-09 12:10:00,346.0,346.5,346.0,346.5,179,347.87,2408
2026-06-09 12:15:00,346.0,346.5,346.0,346.0,112,347.87,2408
2026-06-09 12:20:00,346.0,346.5,345.5,345.5,463,347.85,2408
2026-06-09 12:25:00,345.5,348.0,345.5,348.0,1507,347.83,2408
2026-06-09 12:30:00,348.0,348.5,347.0,348.5,1410,347.83,2408
2026-06-09 12:35:00,348.5,352.0,348.0,351.5,5153,348.0,2408
2026-06-09 12:40:00,351.5,356.5,351.5,354.0,6479,348.53,2408
2026-06-09 12:45:00,354.0,354.5,351.5,352.5,1365,348.6,2408
2026-06-09 12:50:00,352.5,355.0,352.5,353.5,1917,348.72,2408
2026-06-09 12:55:00,353.5,363.0,353.5,361.0,5905,349.45,2408
2026-06-09 13:00:00,360.5,362.0,360.0,361.0,2060,349.73,2408
2026-06-09 13:05:00,361.0,366.0,360.5,363.5,3276,350.25,2408
2026-06-09 13:10:00,363.5,366.0,362.5,363.0,2678,350.65,2408
2026-06-09 13:15:00,362.5,363.5,362.0,363.5,1243,350.81,2408
2026-06-09 13:20:00,363.5,364.5,362.5,363.0,2038,351.09,2408
2026-06-09 13:30:00,363.0,363.0,363.0,363.0,2574,351.4,2408
2026-06-10 09:00:00,351.5,361.5,350.5,360.0,8251,354.86,2408
2026-06-10 09:05:00,359.5,362.0,356.0,361.0,4352,356.23,2408
2026-06-10 09:10:00,360.5,366.5,358.0,362.5,6830,358.69,2408
2026-06-10 09:15:00,362.5,365.5,360.5,360.5,4760,359.49,2408
2026-06-10 09:20:00,361.0,361.5,357.0,359.5,3297,359.48,2408
2026-06-10 09:25:00,359.5,359.5,357.0,358.5,2482,359.39,2408
2026-06-10 09:30:00,359.0,359.0,356.0,359.0,3023,359.16,2408
2026-06-10 09:35:00,359.0,361.0,358.5,358.5,1779,359.18,2408
2026-06-10 09:40:00,359.0,360.5,358.5,359.0,545,359.18,2408
2026-06-10 09:45:00,358.5,359.0,356.5,359.0,1032,359.14,2408
2026-06-10 09:50:00,359.0,359.0,355.0,356.5,1918,358.99,2408
2026-06-10 09:55:00,356.0,356.5,353.5,354.0,1926,358.79,2408
2026-06-10 10:00:00,354.5,355.5,352.0,352.0,1715,358.57,2408
2026-06-10 10:05:00,352.0,354.0,351.5,351.5,1698,358.34,2408
2026-06-10 10:10:00,351.5,354.0,349.0,353.5,3737,357.73,2408
2026-06-10 10:15:00,353.5,354.0,352.0,354.0,814,357.66,2408
2026-06-10 10:20:00,354.0,354.5,352.5,353.5,681,357.6,2408
2026-06-10 10:25:00,353.0,355.5,352.5,354.5,942,357.53,2408
2026-06-10 10:30:00,354.5,356.0,354.5,355.5,527,357.51,2408
2026-06-10 10:35:00,355.5,356.0,354.0,354.0,404,357.49,2408
2026-06-10 10:40:00,354.0,354.5,353.5,353.5,265,357.47,2408
2026-06-10 10:45:00,354.0,355.0,353.0,353.5,374,357.45,2408
2026-06-10 10:50:00,353.5,354.0,351.5,352.0,628,357.39,2408
2026-06-10 10:55:00,352.0,352.5,351.5,351.5,504,357.34,2408
2026-06-10 11:00:00,351.5,353.0,351.5,353.0,448,357.29,2408
2026-06-10 11:05:00,352.5,354.5,352.5,354.0,396,357.27,2408
2026-06-10 11:10:00,354.0,354.0,352.5,353.0,233,357.25,2408
2026-06-10 11:15:00,353.0,354.0,352.5,353.0,308,357.23,2408
2026-06-10 11:20:00,353.0,353.0,352.0,352.5,254,357.2,2408
2026-06-10 11:25:00,352.5,353.0,352.0,352.0,253,357.18,2408
2026-06-10 11:30:00,352.0,352.0,350.5,352.0,973,357.08,2408
2026-06-10 11:35:00,351.5,352.0,350.0,350.0,806,356.98,2408
2026-06-10 11:40:00,350.5,351.0,350.0,350.5,591,356.92,2408
2026-06-10 11:45:00,350.0,351.0,350.0,350.0,577,356.85,2408
2026-06-10 11:50:00,350.0,350.5,349.0,349.5,1069,356.72,2408
2026-06-10 11:55:00,349.5,351.0,349.5,350.5,360,356.68,2408
2026-06-10 12:00:00,350.5,351.0,349.0,349.0,557,356.61,2408
2026-06-10 12:05:00,349.0,349.0,346.5,347.5,2881,356.19,2408
2026-06-10 12:10:00,347.0,347.0,345.0,345.0,1734,355.91,2408
2026-06-10 12:15:00,345.0,346.0,343.5,344.5,1772,355.61,2408
2026-06-10 12:20:00,345.0,345.0,343.0,343.0,1248,355.39,2408
2026-06-10 12:25:00,343.5,344.0,340.0,340.0,2386,354.91,2408
2026-06-10 12:30:00,340.0,340.5,338.0,339.5,2764,354.3,2408
2026-06-10 12:35:00,340.0,342.0,339.0,339.5,1046,354.1,2408
2026-06-10 12:40:00,339.5,340.0,335.0,338.0,2963,353.43,2408
2026-06-10 12:45:00,337.5,339.5,336.5,338.5,1333,353.17,2408
2026-06-10 12:50:00,338.5,338.5,336.0,338.0,1214,352.92,2408
2026-06-10 12:55:00,337.5,338.5,337.0,337.5,831,352.76,2408
2026-06-10 13:00:00,337.5,337.5,336.0,337.0,1469,352.47,2408
2026-06-10 13:05:00,337.0,338.0,336.5,336.5,1406,352.22,2408
2026-06-10 13:10:00,337.0,337.0,335.5,336.5,2318,351.77,2408
2026-06-10 13:15:00,336.0,336.5,333.0,333.0,3619,351.07,2408
2026-06-10 13:20:00,333.5,334.0,330.0,330.5,4237,350.2,2408
2026-06-10 13:30:00,333.0,333.0,333.0,333.0,4741,349.36,2408
2026-06-11 09:00:00,336.0,344.5,334.5,341.0,8678,339.5,2408
2026-06-11 09:05:00,340.0,342.5,337.0,341.5,4881,339.7,2408
2026-06-11 09:10:00,341.5,349.5,341.0,349.5,5874,341.44,2408
2026-06-11 09:15:00,349.0,352.5,348.0,350.5,5362,343.33,2408
2026-06-11 09:20:00,350.0,353.5,350.0,351.0,3896,344.48,2408
2026-06-11 09:25:00,351.0,353.0,347.5,351.5,2904,344.98,2408
2026-06-11 09:30:00,351.5,351.5,346.0,347.0,2083,345.2,2408
2026-06-11 09:35:00,347.5,348.0,343.0,347.5,3178,345.21,2408
2026-06-11 09:40:00,348.0,349.0,345.5,346.5,1593,345.3,2408
2026-06-11 09:45:00,346.5,347.0,344.0,345.0,2110,345.27,2408
2026-06-11 09:50:00,345.0,345.5,340.5,341.5,3028,345.07,2408
2026-06-11 09:55:00,341.5,341.5,336.5,337.5,3432,344.62,2408
2026-06-11 10:00:00,337.0,340.0,336.0,340.0,2250,344.32,2408
2026-06-11 10:05:00,340.0,340.0,336.5,338.0,1744,344.1,2408
2026-06-11 10:10:00,338.0,338.5,335.0,335.5,1935,343.81,2408
2026-06-11 10:15:00,335.5,336.5,333.5,334.0,2509,343.41,2408
2026-06-11 10:20:00,334.0,334.0,328.5,330.0,3898,342.6,2408
2026-06-11 10:25:00,330.0,331.0,327.5,327.5,2522,342.05,2408
2026-06-11 10:30:00,327.5,330.5,325.0,328.5,2558,341.46,2408
2026-06-11 10:35:00,328.5,332.0,328.0,329.0,1646,341.17,2408
2026-06-11 10:40:00,329.0,333.0,328.5,332.0,1936,340.89,2408
2026-06-11 10:45:00,332.0,334.5,330.0,330.5,2246,340.64,2408
2026-06-11 10:50:00,330.5,333.0,330.5,332.5,831,340.53,2408
2026-06-11 10:55:00,332.5,336.0,332.0,334.0,1669,340.4,2408
2026-06-11 11:00:00,334.0,335.0,333.5,335.0,905,340.33,2408
2026-06-11 11:05:00,335.0,335.0,333.0,334.5,831,340.26,2408
2026-06-11 11:10:00,334.5,335.0,331.5,332.0,899,340.17,2408
2026-06-11 11:15:00,331.5,333.5,331.5,332.5,400,340.13,2408
2026-06-11 11:20:00,332.0,333.5,331.5,333.5,512,340.08,2408
2026-06-11 11:25:00,334.0,334.0,333.0,334.0,328,340.05,2408
2026-06-11 11:30:00,334.0,336.0,333.0,335.0,1054,339.98,2408
2026-06-11 11:35:00,335.5,336.0,334.0,336.0,897,339.93,2408
2026-06-11 11:40:00,336.0,336.5,335.5,336.0,830,339.89,2408
2026-06-11 11:45:00,336.5,336.5,335.0,336.5,424,339.87,2408
2026-06-11 11:50:00,336.5,338.5,336.0,337.5,1167,339.83,2408
2026-06-11 11:55:00,337.0,339.5,336.5,339.0,1247,339.81,2408
2026-06-11 12:00:00,339.0,339.0,337.0,337.5,1148,339.79,2408
2026-06-11 12:05:00,337.5,338.5,337.0,338.0,364,339.78,2408
2026-06-11 12:10:00,338.0,338.5,336.5,336.5,673,339.76,2408
2026-06-11 12:15:00,337.0,337.0,334.5,335.0,847,339.72,2408
2026-06-11 12:20:00,335.5,338.0,335.0,338.0,528,339.7,2408
2026-06-11 12:25:00,338.0,338.5,337.0,338.0,502,339.69,2408
2026-06-11 12:30:00,337.5,339.5,337.5,338.0,1270,339.67,2408
2026-06-11 12:35:00,338.0,339.0,337.5,338.5,452,339.67,2408
2026-06-11 12:40:00,338.5,340.5,338.5,340.5,803,339.67,2408
2026-06-11 12:45:00,340.0,341.0,339.0,339.5,1268,339.68,2408
2026-06-11 12:50:00,339.5,340.0,338.5,340.0,586,339.67,2408
2026-06-11 12:55:00,340.0,340.5,339.5,340.0,491,339.68,2408
2026-06-11 13:00:00,340.0,341.5,339.5,341.0,917,339.69,2408
2026-06-11 13:05:00,341.0,341.5,340.5,341.0,902,339.7,2408
2026-06-11 13:10:00,341.0,342.0,340.0,342.0,1648,339.72,2408
2026-06-11 13:15:00,341.5,342.0,340.5,340.5,1126,339.74,2408
2026-06-11 13:20:00,340.5,341.0,339.0,340.0,1722,339.74,2408
2026-06-11 13:30:00,340.0,340.0,340.0,340.0,2574,339.75,2408
2026-06-12 09:00:00,368.5,370.0,365.0,369.5,11833,367.87,2408
2026-06-12 09:05:00,369.5,370.0,366.5,368.5,4466,367.94,2408
2026-06-12 09:10:00,369.0,374.0,366.0,373.5,11265,369.46,2408
2026-06-12 09:15:00,373.0,374.0,373.0,374.0,19858,371.32,2408
2026-06-12 09:20:00,373.5,373.5,370.5,372.5,2583,371.36,2408
2026-06-12 09:25:00,372.0,373.0,367.5,368.5,5500,371.18,2408
2026-06-12 09:30:00,368.5,372.5,368.0,370.5,2211,371.16,2408
2026-06-12 09:35:00,370.5,370.5,367.0,368.0,1853,371.06,2408
2026-06-12 09:40:00,368.0,373.0,367.0,370.5,2831,371.03,2408
2026-06-12 09:45:00,371.0,373.5,370.0,373.0,1591,371.05,2408
2026-06-12 09:50:00,372.5,373.5,372.0,372.5,1206,371.08,2408
2026-06-12 09:55:00,372.5,374.0,372.0,373.0,1665,371.14,2408
2026-06-12 10:00:00,373.5,374.0,373.0,373.0,3256,371.26,2408
2026-06-12 10:05:00,373.0,373.5,372.0,372.5,564,371.28,2408
2026-06-12 10:10:00,372.5,373.0,371.0,371.5,533,371.28,2408
2026-06-12 10:15:00,371.5,372.0,371.0,372.0,285,371.28,2408
2026-06-12 10:20:00,372.0,372.5,369.5,370.0,873,371.27,2408
2026-06-12 10:25:00,370.0,370.5,369.0,370.0,505,371.26,2408
2026-06-12 10:30:00,370.0,370.5,369.5,369.5,216,371.26,2408
2026-06-12 10:35:00,369.5,372.0,369.0,372.0,570,371.25,2408
2026-06-12 10:40:00,371.5,372.0,371.0,371.5,156,371.25,2408
2026-06-12 10:45:00,371.5,373.0,371.0,373.0,562,371.26,2408
2026-06-12 10:50:00,373.0,374.0,372.5,373.5,11567,371.61,2408
2026-06-12 10:55:00,373.5,374.0,373.5,374.0,1702,371.66,2408
2026-06-12 11:00:00,374.0,374.0,374.0,374.0,223,371.66,2408
2026-06-12 11:05:00,374.0,374.0,374.0,374.0,182,371.67,2408
2026-06-12 11:10:00,374.0,374.0,374.0,374.0,186,371.67,2408
2026-06-12 11:15:00,374.0,374.0,374.0,374.0,112,371.68,2408
2026-06-12 11:20:00,374.0,374.0,374.0,374.0,115,371.68,2408
2026-06-12 11:25:00,374.0,374.0,374.0,374.0,218,371.68,2408
2026-06-12 11:30:00,374.0,374.0,374.0,374.0,114,371.69,2408
2026-06-12 11:35:00,374.0,374.0,374.0,374.0,186,371.69,2408
2026-06-12 11:40:00,374.0,374.0,374.0,374.0,69,371.69,2408
2026-06-12 11:45:00,374.0,374.0,374.0,374.0,121,371.7,2408
2026-06-12 11:50:00,374.0,374.0,374.0,374.0,232,371.7,2408
2026-06-12 11:55:00,374.0,374.0,374.0,374.0,159,371.71,2408
2026-06-12 12:00:00,374.0,374.0,374.0,374.0,57,371.71,2408
2026-06-12 12:05:00,374.0,374.0,374.0,374.0,116,371.71,2408
2026-06-12 12:10:00,374.0,374.0,374.0,374.0,67,371.71,2408
2026-06-12 12:15:00,374.0,374.0,374.0,374.0,61,371.71,2408
2026-06-12 12:20:00,374.0,374.0,374.0,374.0,76,371.72,2408
2026-06-12 12:25:00,374.0,374.0,374.0,374.0,79,371.72,2408
2026-06-12 12:30:00,374.0,374.0,374.0,374.0,134,371.72,2408
2026-06-12 12:35:00,374.0,374.0,374.0,374.0,84,371.72,2408
2026-06-12 12:40:00,374.0,374.0,374.0,374.0,123,371.73,2408
2026-06-12 12:45:00,374.0,374.0,374.0,374.0,90,371.73,2408
2026-06-12 12:50:00,374.0,374.0,374.0,374.0,91,371.73,2408
2026-06-12 12:55:00,374.0,374.0,374.0,374.0,80,371.73,2408
2026-06-12 13:00:00,374.0,374.0,374.0,374.0,80,371.74,2408
2026-06-12 13:05:00,374.0,374.0,374.0,374.0,147,371.74,2408
2026-06-12 13:10:00,374.0,374.0,374.0,374.0,143,371.74,2408
2026-06-12 13:15:00,374.0,374.0,374.0,374.0,296,371.75,2408
2026-06-12 13:20:00,374.0,374.0,374.0,374.0,551,371.76,2408
2026-06-12 13:30:00,374.0,374.0,374.0,374.0,231,371.77,2408
2026-06-15 09:00:00,391.0,392.5,383.0,383.0,15409,389.53,2408
2026-06-15 09:05:00,383.5,387.5,382.0,386.5,7166,388.06,2408
2026-06-15 09:10:00,386.5,387.5,384.0,387.0,3908,387.75,2408
2026-06-15 09:15:00,387.0,390.0,387.0,387.0,4991,387.9,2408
2026-06-15 09:20:00,387.5,387.5,384.5,387.0,3032,387.7,2408
2026-06-15 09:25:00,386.5,394.0,386.5,393.5,6371,388.22,2408
2026-06-15 09:30:00,393.5,399.0,393.0,397.0,9863,389.7,2408
2026-06-15 09:35:00,396.5,398.0,394.0,395.5,4057,390.17,2408
2026-06-15 09:40:00,395.0,395.5,393.0,393.5,2205,390.31,2408
2026-06-15 09:45:00,393.5,397.0,392.5,395.5,4070,390.61,2408
2026-06-15 09:50:00,395.0,398.5,394.5,395.5,5462,391.11,2408
2026-06-15 09:55:00,395.5,396.0,392.5,396.0,2531,391.22,2408
2026-06-15 10:00:00,395.5,396.0,392.0,392.5,1704,391.27,2408
2026-06-15 10:05:00,392.0,394.0,390.0,393.0,2701,391.3,2408
2026-06-15 10:10:00,392.5,393.5,392.5,393.0,664,391.32,2408
2026-06-15 10:15:00,392.5,393.0,390.0,391.5,1895,391.31,2408
2026-06-15 10:20:00,391.5,396.5,391.5,395.5,2950,391.44,2408
2026-06-15 10:25:00,395.5,395.5,394.5,394.5,719,391.48,2408
2026-06-15 10:30:00,394.5,396.5,393.0,393.5,1817,391.56,2408
2026-06-15 10:35:00,393.0,394.0,393.0,393.5,585,391.57,2408
2026-06-15 10:40:00,393.5,393.5,392.0,392.5,745,391.58,2408
2026-06-15 10:45:00,392.5,393.5,392.0,392.0,721,391.59,2408
2026-06-15 10:50:00,392.0,392.5,391.5,392.0,820,391.6,2408
2026-06-15 10:55:00,392.0,392.0,390.0,391.0,1550,391.58,2408
2026-06-15 11:00:00,391.0,394.5,390.5,393.0,875,391.6,2408
2026-06-15 11:05:00,393.5,393.5,392.0,392.5,375,391.6,2408
2026-06-15 11:10:00,392.5,392.5,390.5,391.0,1152,391.6,2408
2026-06-15 11:15:00,390.5,393.0,390.5,392.5,954,391.6,2408
2026-06-15 11:20:00,393.0,393.0,391.5,391.5,674,391.6,2408
2026-06-15 11:25:00,392.0,392.5,391.5,392.5,276,391.61,2408
2026-06-15 11:30:00,392.5,394.5,392.0,394.0,690,391.62,2408
2026-06-15 11:35:00,394.5,395.5,394.0,395.0,1874,391.68,2408
2026-06-15 11:40:00,395.0,398.0,394.5,397.0,3334,391.84,2408
2026-06-15 11:45:00,397.5,399.5,397.0,399.0,3831,392.09,2408
2026-06-15 11:50:00,399.0,399.5,397.0,398.0,2426,392.24,2408
2026-06-15 11:55:00,398.0,398.0,396.5,397.0,810,392.28,2408
2026-06-15 12:00:00,397.5,398.0,395.0,395.0,856,392.32,2408
2026-06-15 12:05:00,395.0,397.5,395.0,396.0,884,392.35,2408
2026-06-15 12:10:00,396.5,396.5,395.0,395.0,830,392.38,2408
2026-06-15 12:15:00,395.0,395.5,393.5,394.5,1165,392.4,2408
2026-06-15 12:20:00,394.5,394.5,394.0,394.0,288,392.41,2408
2026-06-15 12:25:00,394.5,396.0,394.5,396.0,511,392.42,2408
2026-06-15 12:30:00,396.0,396.0,393.0,393.5,1237,392.45,2408
2026-06-15 12:35:00,393.5,394.0,392.0,392.0,1308,392.45,2408
2026-06-15 12:40:00,392.5,395.5,392.0,395.5,1103,392.46,2408
2026-06-15 12:45:00,395.5,396.0,394.0,394.0,690,392.48,2408
2026-06-15 12:50:00,394.0,396.0,393.5,396.0,1272,392.5,2408
2026-06-15 12:55:00,396.0,396.0,395.5,396.0,990,392.53,2408
2026-06-15 13:00:00,395.5,396.0,394.0,394.5,1129,392.55,2408
2026-06-15 13:05:00,394.5,395.5,394.5,394.5,1095,392.58,2408
2026-06-15 13:10:00,394.5,398.0,394.5,397.0,4345,392.71,2408
2026-06-15 13:15:00,396.5,397.0,395.0,395.0,2161,392.77,2408
2026-06-15 13:20:00,395.0,395.5,394.0,395.0,3250,392.82,2408
2026-06-15 13:30:00,395.5,395.5,395.5,395.5,3834,392.9,2408
2026-06-16 09:00:00,402.5,410.0,400.0,404.5,15851,405.44,2408
2026-06-16 09:05:00,404.5,404.5,396.0,396.5,8377,403.71,2408
2026-06-16 09:10:00,396.0,401.5,396.0,400.5,4785,403.01,2408
2026-06-16 09:15:00,400.5,405.0,399.5,403.5,4384,402.97,2408
2026-06-16 09:20:00,403.5,414.0,403.0,412.5,13883,404.95,2408
2026-06-16 09:25:00,412.5,417.5,410.5,410.5,10819,406.72,2408
2026-06-16 09:30:00,411.0,413.5,410.0,412.0,3157,406.97,2408
2026-06-16 09:35:00,412.0,419.0,410.0,417.5,7765,407.98,2408
2026-06-16 09:40:00,417.5,418.0,414.5,416.0,4273,408.46,2408
2026-06-16 09:45:00,416.0,420.5,414.5,420.0,7470,409.36,2408
2026-06-16 09:50:00,420.0,428.0,420.0,427.0,11150,411.2,2408
2026-06-16 09:55:00,427.0,431.0,427.0,429.0,7846,412.62,2408
2026-06-16 10:00:00,429.5,431.5,427.5,430.0,4818,413.4,2408
2026-06-16 10:05:00,430.0,430.0,426.5,426.5,2250,413.72,2408
2026-06-16 10:10:00,426.5,428.0,420.5,425.0,4670,414.14,2408
2026-06-16 10:15:00,425.5,427.5,423.5,425.0,1955,414.34,2408
2026-06-16 10:20:00,425.5,428.5,425.5,427.5,1886,414.54,2408
2026-06-16 10:25:00,428.0,429.5,427.0,428.5,1736,414.75,2408
2026-06-16 10:30:00,428.5,429.5,425.5,426.0,1459,414.92,2408
2026-06-16 10:35:00,426.0,428.0,425.5,427.5,711,414.99,2408
2026-06-16 10:40:00,428.0,432.5,427.0,432.0,6278,415.76,2408
2026-06-16 10:45:00,432.0,432.5,429.5,429.5,1462,415.94,2408
2026-06-16 10:50:00,430.0,430.0,429.0,429.5,821,416.03,2408
2026-06-16 10:55:00,429.5,429.5,426.0,428.0,2027,416.21,2408
2026-06-16 11:00:00,427.5,428.5,426.5,427.5,839,416.28,2408
2026-06-16 11:05:00,427.5,429.5,427.0,427.5,823,416.36,2408
2026-06-16 11:10:00,427.5,428.0,425.0,425.5,1024,416.43,2408
2026-06-16 11:15:00,425.0,427.0,424.5,426.5,1022,416.5,2408
2026-06-16 11:20:00,426.5,426.5,425.0,425.5,649,416.55,2408
2026-06-16 11:25:00,426.0,428.0,425.0,427.5,1194,416.63,2408
2026-06-16 11:30:00,428.0,429.5,428.0,429.0,1200,416.74,2408
2026-06-16 11:35:00,429.5,429.5,427.0,427.0,644,416.79,2408
2026-06-16 11:40:00,426.5,428.5,426.5,426.5,613,416.84,2408
2026-06-16 11:45:00,427.0,427.0,425.5,425.5,760,416.89,2408
2026-06-16 11:50:00,425.5,428.5,425.0,428.5,893,416.95,2408
2026-06-16 11:55:00,428.0,431.0,428.0,430.5,3157,417.24,2408
2026-06-16 12:00:00,431.0,431.0,429.0,429.0,742,417.3,2408
2026-06-16 12:05:00,429.0,429.5,428.5,429.0,505,417.35,2408
2026-06-16 12:10:00,429.0,429.5,428.5,428.5,591,417.39,2408
2026-06-16 12:15:00,429.0,429.0,426.0,426.0,661,417.44,2408
2026-06-16 12:20:00,426.0,428.0,426.0,427.5,635,417.48,2408
2026-06-16 12:25:00,427.5,428.0,425.0,425.0,931,417.54,2408
2026-06-16 12:30:00,425.0,425.0,423.0,424.5,1564,417.61,2408
2026-06-16 12:35:00,424.0,424.5,421.0,421.0,1739,417.67,2408
2026-06-16 12:40:00,421.5,422.0,420.0,422.0,2399,417.72,2408
2026-06-16 12:45:00,422.0,423.0,421.0,421.0,1005,417.75,2408
2026-06-16 12:50:00,421.0,423.0,420.0,423.0,1318,417.78,2408
2026-06-16 12:55:00,423.0,424.5,422.5,424.0,865,417.81,2408
2026-06-16 13:00:00,423.5,424.0,422.0,422.0,1071,417.84,2408
2026-06-16 13:05:00,422.5,426.0,422.0,426.0,1914,417.92,2408
2026-06-16 13:10:00,426.0,426.5,424.5,425.0,1140,417.98,2408
2026-06-16 13:15:00,424.5,425.0,423.5,423.5,1050,418.01,2408
2026-06-16 13:20:00,424.0,424.0,422.0,422.0,2174,418.08,2408
2026-06-16 13:30:00,425.0,425.0,425.0,425.0,3548,418.23,2408
2026-06-17 09:00:00,415.0,422.5,412.0,419.0,9204,417.17,2408
2026-06-17 09:05:00,419.0,426.5,418.5,424.0,5569,419.65,2408
2026-06-17 09:10:00,424.0,424.0,419.0,420.0,3391,419.91,2408
2026-06-17 09:15:00,420.5,421.0,415.5,419.0,2827,419.65,2408
2026-06-17 09:20:00,418.5,421.0,415.0,418.5,3001,419.41,2408
2026-06-17 09:25:00,418.5,419.5,417.0,418.5,1362,419.35,2408
2026-06-17 09:30:00,418.5,422.0,418.0,421.0,1840,419.4,2408
2026-06-17 09:35:00,420.5,423.0,418.5,420.0,2101,419.54,2408
2026-06-17 09:40:00,420.0,420.5,418.0,418.5,547,419.53,2408
2026-06-17 09:45:00,418.5,422.5,418.0,422.0,868,419.57,2408
2026-06-17 09:50:00,422.0,423.0,420.5,422.0,507,419.61,2408
2026-06-17 09:55:00,421.5,424.5,421.0,421.0,1674,419.78,2408
2026-06-17 10:00:00,421.5,421.5,418.5,419.5,1200,419.78,2408
2026-06-17 10:05:00,419.5,420.0,418.0,419.5,753,419.76,2408
2026-06-17 10:10:00,419.0,421.0,418.5,421.0,412,419.76,2408
2026-06-17 10:15:00,421.0,421.5,420.5,420.5,278,419.77,2408
2026-06-17 10:20:00,420.5,422.0,420.0,422.0,368,419.78,2408
2026-06-17 10:25:00,421.5,425.5,421.5,423.5,2600,420.08,2408
2026-06-17 10:30:00,423.5,428.5,423.0,428.0,4167,420.75,2408
2026-06-17 10:35:00,428.0,430.0,426.0,426.5,3566,421.36,2408
2026-06-17 10:40:00,427.0,432.5,426.5,431.5,4472,422.14,2408
2026-06-17 10:45:00,431.5,435.0,429.5,430.0,3768,422.85,2408
2026-06-17 10:50:00,429.5,432.0,429.5,431.0,917,422.98,2408
2026-06-17 10:55:00,431.0,434.5,431.0,433.0,2000,423.34,2408
2026-06-17 11:00:00,433.0,434.0,432.0,432.5,997,423.5,2408
2026-06-17 11:05:00,432.0,432.5,427.0,427.0,2227,423.72,2408
2026-06-17 11:10:00,427.5,428.0,424.5,427.5,2062,423.79,2408
2026-06-17 11:15:00,427.0,427.5,422.5,425.0,1796,423.8,2408
2026-06-17 11:20:00,425.0,427.0,424.0,426.0,915,423.82,2408
2026-06-17 11:25:00,426.0,427.0,425.0,427.0,328,423.83,2408
2026-06-17 11:30:00,427.0,429.0,426.0,427.5,935,423.89,2408
2026-06-17 11:35:00,427.5,427.5,425.5,426.5,485,423.91,2408
2026-06-17 11:40:00,426.5,427.0,425.0,426.0,450,423.92,2408
2026-06-17 11:45:00,426.0,426.5,425.0,425.5,392,423.93,2408
2026-06-17 11:50:00,425.0,426.0,423.5,426.0,1184,423.94,2408
2026-06-17 11:55:00,425.5,426.0,425.0,425.5,181,423.94,2408
2026-06-17 12:00:00,425.5,426.5,425.5,425.5,334,423.95,2408
2026-06-17 12:05:00,426.0,428.0,425.5,428.0,621,423.98,2408
2026-06-17 12:10:00,428.0,435.0,428.0,433.0,6104,424.68,2408
2026-06-17 12:15:00,433.0,433.0,429.5,430.5,1087,424.77,2408
2026-06-17 12:20:00,430.5,432.5,430.0,431.5,747,424.84,2408
2026-06-17 12:25:00,431.5,434.0,431.0,433.5,1062,424.94,2408
2026-06-17 12:30:00,433.5,433.5,428.5,428.5,1100,425.01,2408
2026-06-17 12:35:00,429.0,429.5,428.0,428.0,741,425.05,2408
2026-06-17 12:40:00,428.0,428.5,427.0,427.0,725,425.07,2408
2026-06-17 12:45:00,427.5,430.0,426.5,429.0,945,425.1,2408
2026-06-17 12:50:00,429.5,429.5,428.0,428.0,416,425.12,2408
2026-06-17 12:55:00,428.5,428.5,427.0,428.5,592,425.14,2408
2026-06-17 13:00:00,428.0,431.0,427.5,429.0,1240,425.2,2408
2026-06-17 13:05:00,429.0,431.0,428.5,431.0,1064,425.26,2408
2026-06-17 13:10:00,430.5,434.0,430.5,432.5,3009,425.51,2408
2026-06-17 13:15:00,433.0,434.5,432.5,434.5,2566,425.74,2408
2026-06-17 13:20:00,435.0,436.0,433.5,435.5,3901,426.1,2408
2026-06-17 13:30:00,437.0,437.0,437.0,437.0,3414,426.48,2408
2026-06-18 09:00:00,443.5,443.5,435.0,438.5,13151,439.84,2408
2026-06-18 09:05:00,439.0,444.0,437.0,441.5,5895,440.05,2408
2026-06-18 09:10:00,441.5,442.0,436.5,441.0,5072,439.67,2408
2026-06-18 09:15:00,441.0,443.5,438.0,441.0,6399,439.95,2408
2026-06-18 09:20:00,441.5,450.5,439.0,449.5,9136,441.19,2408
2026-06-18 09:25:00,449.5,455.0,446.0,451.5,7289,442.57,2408
2026-06-18 09:30:00,451.0,451.5,444.0,444.5,4614,443.05,2408
2026-06-18 09:35:00,444.5,447.5,443.0,445.0,2916,443.15,2408
2026-06-18 09:40:00,445.0,446.0,443.5,444.0,1690,443.2,2408
2026-06-18 09:45:00,444.0,444.0,440.5,441.0,3029,443.13,2408
2026-06-18 09:50:00,441.0,442.5,437.0,437.5,4257,442.85,2408
2026-06-18 09:55:00,437.5,438.0,427.5,430.5,9037,441.6,2408
2026-06-18 10:00:00,430.5,436.0,428.0,435.0,4669,440.96,2408
2026-06-18 10:05:00,434.5,437.0,431.5,437.0,2113,440.77,2408
2026-06-18 10:10:00,436.0,437.0,432.0,436.0,1818,440.64,2408
2026-06-18 10:15:00,436.0,439.0,434.5,436.0,2717,440.52,2408
2026-06-18 10:20:00,435.5,439.0,435.0,436.5,1774,440.46,2408
2026-06-18 10:25:00,436.5,440.0,434.0,438.5,2106,440.39,2408
2026-06-18 10:30:00,438.5,438.5,434.5,435.5,1211,440.33,2408
2026-06-18 10:35:00,435.5,437.5,434.5,437.0,1121,440.27,2408
2026-06-18 10:40:00,437.0,440.0,436.5,439.5,2079,440.23,2408
2026-06-18 10:45:00,440.0,442.0,438.0,440.0,2365,440.23,2408
2026-06-18 10:50:00,439.5,444.5,438.0,438.5,2921,440.28,2408
2026-06-18 10:55:00,438.5,439.0,436.5,437.0,828,440.26,2408
2026-06-18 11:00:00,437.5,439.0,437.0,437.5,601,440.24,2408
2026-06-18 11:05:00,437.0,438.5,437.0,438.5,496,440.23,2408
2026-06-18 11:10:00,438.0,439.0,437.0,438.5,728,440.21,2408
2026-06-18 11:15:00,438.5,438.5,436.5,438.0,516,440.19,2408
2026-06-18 11:20:00,438.0,439.0,437.0,438.5,698,440.18,2408
2026-06-18 11:25:00,438.0,440.0,437.0,437.5,1214,440.16,2408
2026-06-18 11:30:00,438.0,439.5,437.0,439.0,684,440.15,2408
2026-06-18 11:35:00,439.0,444.0,439.0,441.0,4854,440.22,2408
2026-06-18 11:40:00,441.5,445.5,440.5,445.5,4182,440.35,2408
2026-06-18 11:45:00,445.0,448.5,444.0,444.5,4034,440.56,2408
2026-06-18 11:50:00,444.5,448.5,444.0,448.0,3511,440.76,2408
2026-06-18 11:55:00,448.0,451.5,447.5,448.5,5143,441.13,2408
2026-06-18 12:00:00,448.5,452.0,448.0,450.5,2210,441.3,2408
2026-06-18 12:05:00,450.0,451.5,448.0,448.5,1704,441.41,2408
2026-06-18 12:10:00,448.5,450.5,447.0,450.0,1767,441.52,2408
2026-06-18 12:15:00,450.0,451.5,448.5,449.0,2335,441.66,2408
2026-06-18 12:20:00,449.0,449.5,445.0,445.5,1202,441.71,2408
2026-06-18 12:25:00,446.0,449.0,445.5,447.5,756,441.74,2408
2026-06-18 12:30:00,448.0,451.5,446.5,451.5,2086,441.86,2408
2026-06-18 12:35:00,451.5,452.5,450.0,452.5,2560,442.04,2408
2026-06-18 12:40:00,452.5,457.5,451.0,454.0,6144,442.57,2408
2026-06-18 12:45:00,453.5,455.0,452.5,454.5,1277,442.67,2408
2026-06-18 12:50:00,454.5,455.0,452.5,454.5,1302,442.76,2408
2026-06-18 12:55:00,454.5,454.5,452.5,454.0,685,442.81,2408
2026-06-18 13:00:00,454.5,455.0,453.0,453.5,1008,442.89,2408
2026-06-18 13:05:00,453.5,455.0,453.5,454.5,1681,443.02,2408
2026-06-18 13:10:00,454.5,455.0,453.5,453.5,1458,443.13,2408
2026-06-18 13:15:00,453.5,455.0,453.0,453.5,2249,443.28,2408
2026-06-18 13:20:00,453.5,454.0,453.0,453.5,2323,443.44,2408
2026-06-18 13:30:00,459.5,459.5,459.5,459.5,20630,445.29,2408
2026-06-22 09:00:00,484.0,495.0,482.5,486.5,12634,487.91,2408
2026-06-22 09:05:00,486.5,488.0,482.5,483.0,5227,487.25,2408
2026-06-22 09:10:00,483.0,499.5,480.0,498.0,10408,489.11,2408
2026-06-22 09:15:00,498.5,504.0,495.5,499.0,7659,491.53,2408
2026-06-22 09:20:00,499.0,502.0,497.0,501.0,2722,492.08,2408
2026-06-22 09:25:00,501.0,505.0,501.0,502.0,8115,494.14,2408
2026-06-22 09:30:00,502.0,503.0,499.0,500.0,2068,494.41,2408
2026-06-22 09:35:00,500.0,503.0,497.0,501.0,2053,494.61,2408
2026-06-22 09:40:00,501.0,502.0,499.0,499.0,1146,494.74,2408
2026-06-22 09:45:00,499.5,499.5,496.0,497.0,2149,494.83,2408
2026-06-22 09:50:00,496.5,498.5,492.5,493.5,2199,494.85,2408
2026-06-22 09:55:00,494.0,497.0,493.5,494.0,1147,494.86,2408
2026-06-22 10:00:00,493.5,498.0,493.5,497.5,980,494.89,2408
2026-06-22 10:05:00,498.0,498.0,494.0,494.0,725,494.9,2408
2026-06-22 10:10:00,494.5,495.0,493.5,494.5,706,494.89,2408
2026-06-22 10:15:00,495.0,500.0,495.0,498.5,1005,494.95,2408
2026-06-22 10:20:00,498.5,499.0,497.5,498.5,446,494.97,2408
2026-06-22 10:25:00,499.0,500.0,498.5,499.0,662,495.02,2408
2026-06-22 10:30:00,499.0,500.0,498.0,499.5,474,495.05,2408
2026-06-22 10:35:00,499.5,500.0,498.5,498.5,449,495.08,2408
2026-06-22 10:40:00,498.5,499.0,497.0,498.5,379,495.1,2408
2026-06-22 10:45:00,499.0,500.0,498.5,499.5,622,495.14,2408
2026-06-22 10:50:00,499.5,499.5,498.5,498.5,247,495.16,2408
2026-06-22 10:55:00,498.5,499.5,498.5,499.0,341,495.18,2408
2026-06-22 11:00:00,499.0,499.0,496.5,497.0,511,495.19,2408
2026-06-22 11:05:00,497.0,498.0,496.0,496.5,416,495.21,2408
2026-06-22 11:10:00,496.5,497.5,496.5,497.0,407,495.22,2408
2026-06-22 11:15:00,497.0,498.0,496.0,498.0,287,495.22,2408
2026-06-22 11:20:00,498.0,499.5,498.0,499.5,503,495.25,2408
2026-06-22 11:25:00,499.5,503.0,499.5,501.0,2920,495.48,2408
2026-06-22 11:30:00,502.0,504.0,501.0,504.0,1899,495.69,2408
2026-06-22 11:35:00,504.0,505.0,503.0,505.0,13240,497.13,2408
2026-06-22 11:40:00,505.0,505.0,505.0,505.0,404,497.17,2408
2026-06-22 11:45:00,505.0,505.0,505.0,505.0,344,497.2,2408
2026-06-22 11:50:00,505.0,505.0,505.0,505.0,239,497.22,2408
2026-06-22 11:55:00,505.0,505.0,505.0,505.0,202,497.24,2408
2026-06-22 12:00:00,505.0,505.0,505.0,505.0,232,497.26,2408
2026-06-22 12:05:00,505.0,505.0,505.0,505.0,272,497.28,2408
2026-06-22 12:10:00,505.0,505.0,505.0,505.0,194,497.3,2408
2026-06-22 12:15:00,505.0,505.0,505.0,505.0,478,497.34,2408
2026-06-22 12:20:00,505.0,505.0,505.0,505.0,199,497.36,2408
2026-06-22 12:25:00,505.0,505.0,505.0,505.0,76,497.37,2408
2026-06-22 12:30:00,505.0,505.0,505.0,505.0,124,497.38,2408
2026-06-22 12:35:00,505.0,505.0,505.0,505.0,72,497.39,2408
2026-06-22 12:40:00,505.0,505.0,505.0,505.0,99,497.39,2408
2026-06-22 12:45:00,505.0,505.0,505.0,505.0,149,497.41,2408
2026-06-22 12:50:00,505.0,505.0,505.0,505.0,225,497.43,2408
2026-06-22 12:55:00,505.0,505.0,505.0,505.0,104,497.43,2408
2026-06-22 13:00:00,505.0,505.0,505.0,505.0,90,497.44,2408
2026-06-22 13:05:00,505.0,505.0,505.0,505.0,186,497.46,2408
2026-06-22 13:10:00,505.0,505.0,505.0,505.0,280,497.48,2408
2026-06-22 13:15:00,505.0,505.0,505.0,505.0,1475,497.61,2408
2026-06-22 13:20:00,505.0,505.0,505.0,505.0,368,497.64,2408
2026-06-22 13:30:00,505.0,505.0,505.0,505.0,3413,497.9,2408
2026-06-23 09:00:00,488.0,500.0,488.0,493.5,17377,493.49,2408
2026-06-23 09:05:00,493.5,494.5,485.0,487.0,8738,492.17,2408
2026-06-23 09:10:00,487.0,490.0,486.0,488.5,4252,491.56,2408
2026-06-23 09:15:00,488.5,488.5,476.0,482.5,9733,489.34,2408
2026-06-23 09:20:00,482.5,484.0,471.0,473.0,6594,487.55,2408
2026-06-23 09:25:00,473.5,481.0,473.0,478.0,3551,486.86,2408
2026-06-23 09:30:00,478.0,483.5,478.0,482.5,3379,486.48,2408
2026-06-23 09:35:00,481.5,484.5,479.5,480.5,2053,486.31,2408
2026-06-23 09:40:00,481.0,484.0,477.0,477.5,2033,486.09,2408
2026-06-23 09:45:00,477.5,478.0,471.0,471.0,3851,485.36,2408
2026-06-23 09:50:00,471.5,477.0,471.0,476.0,2257,484.96,2408
2026-06-23 09:55:00,476.0,478.5,475.5,477.0,1548,484.77,2408
2026-06-23 10:00:00,477.0,481.0,476.5,476.5,1719,484.61,2408
2026-06-23 10:05:00,476.5,477.0,468.0,469.0,4764,483.76,2408
2026-06-23 10:10:00,469.5,473.5,469.0,472.0,1766,483.46,2408
2026-06-23 10:15:00,472.5,474.0,471.0,473.5,1504,483.24,2408
2026-06-23 10:20:00,473.5,474.5,472.0,473.0,967,483.11,2408
2026-06-23 10:25:00,473.0,475.5,471.0,473.5,1343,482.94,2408
2026-06-23 10:30:00,473.5,475.0,470.5,472.5,1034,482.8,2408
2026-06-23 10:35:00,472.5,472.5,470.0,471.0,1390,482.6,2408
2026-06-23 10:40:00,471.0,471.5,469.0,469.5,1978,482.29,2408
2026-06-23 10:45:00,470.0,471.5,469.5,471.5,1355,482.1,2408
2026-06-23 10:50:00,471.5,472.0,470.0,470.5,658,482.01,2408
2026-06-23 10:55:00,470.5,471.0,465.0,466.0,3948,481.37,2408
2026-06-23 11:00:00,466.0,467.5,464.5,466.5,2622,480.91,2408
2026-06-23 11:05:00,466.0,467.0,464.5,464.5,1284,480.69,2408
2026-06-23 11:10:00,464.5,465.5,462.5,465.5,2163,480.3,2408
2026-06-23 11:15:00,465.5,465.5,463.0,463.0,844,480.16,2408
2026-06-23 11:20:00,463.0,463.0,459.0,462.0,4852,479.21,2408
2026-06-23 11:25:00,462.5,463.5,461.5,461.5,1048,479.04,2408
2026-06-23 11:30:00,462.0,462.0,454.5,455.0,11192,476.77,2408
2026-06-23 11:35:00,455.0,457.0,454.5,455.0,4225,475.98,2408
2026-06-23 11:40:00,455.5,456.5,455.0,456.5,1911,475.65,2408
2026-06-23 11:45:00,456.0,457.0,456.0,456.0,1195,475.46,2408
2026-06-23 11:50:00,456.0,459.5,455.5,459.5,1825,475.18,2408
2026-06-23 11:55:00,459.0,462.0,459.0,460.0,1752,474.97,2408
2026-06-23 12:00:00,460.0,461.0,459.0,460.5,842,474.87,2408
2026-06-23 12:05:00,460.0,461.5,458.5,459.0,1231,474.72,2408
2026-06-23 12:10:00,458.5,459.5,455.5,456.0,1586,474.5,2408
2026-06-23 12:15:00,456.0,457.0,455.5,456.0,505,474.43,2408
2026-06-23 12:20:00,456.5,456.5,455.5,456.0,680,474.33,2408
2026-06-23 12:25:00,456.0,459.5,456.0,459.0,1085,474.19,2408
2026-06-23 12:30:00,459.0,459.5,457.0,459.0,677,474.11,2408
2026-06-23 12:35:00,459.0,460.0,458.5,459.5,536,474.05,2408
2026-06-23 12:40:00,459.5,459.5,456.5,457.0,944,473.93,2408
2026-06-23 12:45:00,457.0,457.5,455.5,456.0,936,473.81,2408
2026-06-23 12:50:00,456.0,456.0,455.0,455.5,1188,473.64,2408
2026-06-23 12:55:00,455.5,456.0,455.0,455.0,2352,473.32,2408
2026-06-23 13:00:00,455.0,455.5,454.5,454.5,2021,473.05,2408
2026-06-23 13:05:00,454.5,455.0,454.5,455.0,3300,472.62,2408
2026-06-23 13:10:00,455.0,457.0,454.5,457.0,2143,472.36,2408
2026-06-23 13:15:00,457.0,458.0,455.0,455.0,1633,472.18,2408
2026-06-23 13:20:00,455.5,455.5,454.5,455.0,9842,471.06,2408
2026-06-23 13:30:00,454.5,454.5,454.5,454.5,4130,470.62,2408
2026-06-24 09:00:00,440.0,453.0,439.0,446.5,14497,445.4,2408
2026-06-24 09:05:00,446.5,449.0,442.5,443.5,5151,445.41,2408
2026-06-24 09:10:00,443.5,445.5,441.0,441.5,3751,445.09,2408
2026-06-24 09:15:00,441.5,444.0,440.0,440.5,3185,444.67,2408
2026-06-24 09:20:00,441.0,446.5,435.0,446.0,6296,443.87,2408
2026-06-24 09:25:00,446.0,446.0,441.0,443.5,1557,443.86,2408
2026-06-24 09:30:00,443.5,448.5,443.0,446.0,2571,444.06,2408
2026-06-24 09:35:00,446.5,448.5,445.0,445.5,1192,444.14,2408
2026-06-24 09:40:00,445.5,450.0,445.0,447.0,2189,444.38,2408
2026-06-24 09:45:00,447.0,452.5,447.0,452.5,2797,444.78,2408
2026-06-24 09:50:00,452.5,455.0,449.0,454.5,5132,445.65,2408
2026-06-24 09:55:00,454.5,457.0,453.0,453.5,4552,446.48,2408
2026-06-24 10:00:00,453.0,456.0,452.0,452.5,2276,446.77,2408
2026-06-24 10:05:00,452.0,452.5,446.5,447.0,2470,446.87,2408
2026-06-24 10:10:00,447.0,448.5,446.0,446.5,1273,446.88,2408
2026-06-24 10:15:00,446.5,449.5,445.0,449.5,1744,446.86,2408
2026-06-24 10:20:00,449.5,450.5,447.5,449.5,773,446.89,2408
2026-06-24 10:25:00,449.5,453.5,449.5,453.5,1279,446.99,2408
2026-06-24 10:30:00,453.0,454.0,452.0,452.5,614,447.05,2408
2026-06-24 10:35:00,452.5,452.5,450.0,450.5,602,447.09,2408
2026-06-24 10:40:00,451.0,451.0,448.5,450.5,718,447.12,2408
2026-06-24 10:45:00,450.5,451.0,447.5,448.5,591,447.14,2408
2026-06-24 10:50:00,448.0,449.0,447.0,448.5,617,447.14,2408
2026-06-24 10:55:00,448.5,448.5,447.0,447.5,492,447.15,2408
2026-06-24 11:00:00,448.0,448.5,446.0,446.0,966,447.15,2408
2026-06-24 11:05:00,447.0,448.0,445.0,448.0,1570,447.13,2408
2026-06-24 11:10:00,448.5,449.5,448.0,449.0,556,447.14,2408
2026-06-24 11:15:00,448.5,449.0,447.0,447.0,347,447.14,2408
2026-06-24 11:20:00,447.0,447.5,443.0,443.5,1438,447.1,2408
2026-06-24 11:25:00,443.5,445.5,442.5,443.5,1440,447.03,2408
2026-06-24 11:30:00,443.5,443.5,441.5,442.0,1307,446.95,2408
2026-06-24 11:35:00,442.0,444.0,440.5,443.5,1665,446.84,2408
2026-06-24 11:40:00,443.5,444.0,442.5,443.0,720,446.81,2408
2026-06-24 11:45:00,443.5,443.5,442.0,442.5,845,446.76,2408
2026-06-24 11:50:00,442.5,443.0,442.0,442.0,803,446.72,2408
2026-06-24 11:55:00,442.0,443.0,440.5,442.5,1557,446.62,2408
2026-06-24 12:00:00,443.0,443.0,440.0,440.0,1063,446.54,2408
2026-06-24 12:05:00,440.5,440.5,438.0,438.5,2404,446.33,2408
2026-06-24 12:10:00,438.5,438.5,437.0,437.0,1608,446.16,2408
2026-06-24 12:15:00,437.0,439.5,437.0,438.5,1352,446.04,2408
2026-06-24 12:20:00,438.0,440.0,438.0,439.5,1045,445.96,2408
2026-06-24 12:25:00,439.0,440.5,439.0,440.5,945,445.89,2408
2026-06-24 12:30:00,440.0,442.0,440.0,441.0,988,445.84,2408
2026-06-24 12:35:00,441.5,442.0,441.0,441.0,828,445.8,2408
2026-06-24 12:40:00,441.5,444.0,441.0,443.5,1351,445.75,2408
2026-06-24 12:45:00,443.5,443.5,442.0,443.0,940,445.72,2408
2026-06-24 12:50:00,443.0,443.0,441.0,441.0,599,445.7,2408
2026-06-24 12:55:00,441.0,442.5,440.5,442.0,1203,445.64,2408
2026-06-24 13:00:00,442.5,443.0,441.5,442.0,1029,445.6,2408
2026-06-24 13:05:00,442.0,443.0,441.5,442.0,1736,445.54,2408
2026-06-24 13:10:00,442.5,443.0,442.0,443.0,1387,445.5,2408
2026-06-24 13:15:00,443.0,444.0,442.0,444.0,2428,445.43,2408
2026-06-24 13:20:00,444.0,444.5,443.0,444.0,2869,445.39,2408
2026-06-24 13:30:00,443.5,443.5,443.5,443.5,18053,445.11,2408
2026-06-25 09:00:00,479.0,481.5,469.5,475.0,16102,476.64,2408
2026-06-25 09:05:00,475.0,483.0,474.0,477.0,7797,477.7,2408
2026-06-25 09:10:00,477.5,480.5,473.0,474.5,4139,477.52,2408
2026-06-25 09:15:00,474.5,476.0,470.0,475.0,3985,476.94,2408
2026-06-25 09:20:00,475.0,478.0,475.0,475.5,1843,476.89,2408
2026-06-25 09:25:00,475.5,477.0,473.0,473.0,1359,476.82,2408
2026-06-25 09:30:00,473.5,474.0,470.0,470.5,2292,476.52,2408
2026-06-25 09:35:00,470.5,473.0,468.5,471.5,2717,476.1,2408
2026-06-25 09:40:00,472.0,472.0,465.5,465.5,2860,475.58,2408
2026-06-25 09:45:00,465.5,468.5,461.5,468.0,3627,474.73,2408
2026-06-25 09:50:00,468.0,474.0,468.0,473.0,2564,474.55,2408
2026-06-25 09:55:00,473.0,477.0,472.5,473.0,3019,474.56,2408
2026-06-25 10:00:00,473.5,476.0,473.0,475.5,1910,474.55,2408
2026-06-25 10:05:00,475.5,476.0,472.0,472.5,1369,474.54,2408
2026-06-25 10:10:00,472.5,473.0,465.0,467.0,3024,474.21,2408
2026-06-25 10:15:00,467.5,468.5,465.0,468.5,1668,474.01,2408
2026-06-25 10:20:00,468.0,469.5,465.5,466.0,1312,473.87,2408
2026-06-25 10:25:00,466.0,470.0,466.0,468.5,799,473.81,2408
2026-06-25 10:30:00,469.0,472.5,468.5,471.0,1276,473.75,2408
2026-06-25 10:35:00,471.0,471.0,465.5,467.0,957,473.65,2408
2026-06-25 10:40:00,467.0,467.0,464.5,465.5,1314,473.49,2408
2026-06-25 10:45:00,465.5,467.0,464.0,466.5,868,473.38,2408
2026-06-25 10:50:00,466.5,466.5,464.0,465.0,839,473.28,2408
2026-06-25 10:55:00,465.5,468.0,464.0,467.5,728,473.2,2408
2026-06-25 11:00:00,467.5,467.5,464.0,466.0,746,473.12,2408
2026-06-25 11:05:00,466.0,469.5,465.0,468.5,812,473.07,2408
2026-06-25 11:10:00,468.5,469.5,465.5,466.0,591,473.02,2408
2026-06-25 11:15:00,466.0,468.5,465.5,467.5,447,472.98,2408
2026-06-25 11:20:00,467.0,469.5,466.0,469.5,627,472.94,2408
2026-06-25 11:25:00,469.0,471.5,469.0,471.5,1326,472.89,2408
2026-06-25 11:30:00,471.5,475.0,471.0,474.0,2176,472.9,2408
2026-06-25 11:35:00,473.5,473.5,470.0,470.5,858,472.88,2408
2026-06-25 11:40:00,470.5,471.5,468.0,469.0,873,472.84,2408
2026-06-25 11:45:00,469.0,471.5,468.0,471.5,559,472.82,2408
2026-06-25 11:50:00,471.5,473.0,471.0,472.5,893,472.81,2408
2026-06-25 11:55:00,472.0,476.5,472.0,475.5,3226,472.9,2408
2026-06-25 12:00:00,476.0,476.5,473.5,476.0,1042,472.92,2408
2026-06-25 12:05:00,476.0,476.5,474.0,475.0,725,472.94,2408
2026-06-25 12:10:00,475.5,475.5,473.5,474.0,588,472.96,2408
2026-06-25 12:15:00,474.5,475.5,473.0,473.0,700,472.97,2408
2026-06-25 12:20:00,473.5,474.0,470.5,472.5,920,472.97,2408
2026-06-25 12:25:00,473.0,473.0,469.5,471.5,997,472.94,2408
2026-06-25 12:30:00,471.5,472.0,470.0,471.0,520,472.93,2408
2026-06-25 12:35:00,471.0,471.5,470.0,471.5,693,472.91,2408
2026-06-25 12:40:00,471.5,471.5,470.5,471.0,495,472.9,2408
2026-06-25 12:45:00,471.0,472.0,470.5,470.5,680,472.89,2408
2026-06-25 12:50:00,471.0,472.5,470.5,471.5,572,472.88,2408
2026-06-25 12:55:00,471.5,472.0,470.5,470.5,772,472.87,2408
2026-06-25 13:00:00,471.0,473.5,470.5,473.5,1327,472.85,2408
2026-06-25 13:05:00,473.5,474.0,473.0,473.5,951,472.86,2408
2026-06-25 13:10:00,473.5,473.5,471.5,473.0,1275,472.86,2408
2026-06-25 13:15:00,473.0,474.0,472.5,472.5,1690,472.87,2408
2026-06-25 13:20:00,473.0,473.0,469.5,469.5,2144,472.82,2408
2026-06-25 13:30:00,477.0,477.0,477.0,477.0,10685,473.23,2408
2026-06-26 09:00:00,480.0,483.0,473.5,477.0,13032,479.33,2408
2026-06-26 09:05:00,477.0,481.0,474.0,477.5,5901,478.73,2408
2026-06-26 09:10:00,478.0,487.5,477.5,487.5,7855,479.97,2408
2026-06-26 09:15:00,487.0,498.0,487.0,495.0,10033,483.33,2408
2026-06-26 09:20:00,494.5,498.0,488.0,488.0,5858,484.81,2408
2026-06-26 09:25:00,488.5,491.5,486.0,487.5,3915,485.14,2408
2026-06-26 09:30:00,487.5,490.0,479.0,483.0,4675,485.04,2408
2026-06-26 09:35:00,483.0,484.5,478.0,479.0,3621,484.81,2408
2026-06-26 09:40:00,479.0,479.5,476.0,477.5,3872,484.34,2408
2026-06-26 09:45:00,477.5,479.5,474.0,476.0,4005,483.82,2408
2026-06-26 09:50:00,476.5,481.0,476.0,478.0,2080,483.67,2408
2026-06-26 09:55:00,478.0,480.0,477.5,479.5,1064,483.6,2408
2026-06-26 10:00:00,480.0,481.5,477.0,477.5,1448,483.51,2408
2026-06-26 10:05:00,477.0,481.5,477.0,479.0,1028,483.46,2408
2026-06-26 10:10:00,479.5,481.0,479.0,481.0,468,483.43,2408
2026-06-26 10:15:00,481.0,481.5,478.0,478.5,1010,483.38,2408
2026-06-26 10:20:00,478.0,478.5,477.0,477.5,948,483.31,2408
2026-06-26 10:25:00,477.5,482.0,476.0,480.5,2296,483.18,2408
2026-06-26 10:30:00,481.0,481.0,478.0,479.0,633,483.15,2408
2026-06-26 10:35:00,479.0,481.0,475.5,477.0,2405,482.96,2408
2026-06-26 10:40:00,477.5,479.0,476.5,477.0,1151,482.88,2408
2026-06-26 10:45:00,477.5,477.5,471.0,472.0,3674,482.48,2408
2026-06-26 10:50:00,472.0,474.0,468.5,470.0,3027,482.04,2408
2026-06-26 10:55:00,470.0,471.5,467.5,469.5,2104,481.73,2408
2026-06-26 11:00:00,469.5,470.0,461.0,461.0,3527,481.06,2408
2026-06-26 11:05:00,461.5,463.0,456.0,461.0,4500,480.07,2408
2026-06-26 11:10:00,461.0,464.5,456.0,464.5,2339,479.61,2408
2026-06-26 11:15:00,464.5,467.5,464.5,467.0,1665,479.39,2408
2026-06-26 11:20:00,467.0,467.0,462.0,462.5,986,479.23,2408
2026-06-26 11:25:00,462.5,467.0,462.5,466.0,773,479.12,2408
2026-06-26 11:30:00,466.0,466.5,462.5,463.5,652,479.02,2408
2026-06-26 11:35:00,464.0,465.0,463.0,463.5,431,478.96,2408
2026-06-26 11:40:00,463.5,469.5,463.5,469.0,1229,478.82,2408
2026-06-26 11:45:00,469.5,469.5,465.0,465.5,1013,478.71,2408
2026-06-26 11:50:00,466.0,471.5,465.5,471.5,905,478.63,2408
2026-06-26 11:55:00,471.0,474.0,470.0,474.0,1293,478.55,2408
2026-06-26 12:00:00,474.0,474.0,470.5,470.5,953,478.49,2408
2026-06-26 12:05:00,470.5,471.0,468.0,468.5,682,478.44,2408
2026-06-26 12:10:00,468.5,472.5,468.0,471.5,646,478.39,2408
2026-06-26 12:15:00,471.5,472.0,470.0,470.0,375,478.37,2408
2026-06-26 12:20:00,470.5,470.5,468.5,468.5,435,478.33,2408
2026-06-26 12:25:00,468.5,468.5,467.0,467.5,519,478.28,2408
2026-06-26 12:30:00,467.5,467.5,465.5,465.5,700,478.21,2408
2026-06-26 12:35:00,466.0,468.5,463.5,463.5,1206,478.07,2408
2026-06-26 12:40:00,464.0,464.5,461.5,462.0,1166,477.91,2408
2026-06-26 12:45:00,462.0,462.5,460.0,461.0,1357,477.71,2408
2026-06-26 12:50:00,460.5,461.0,457.0,457.5,1820,477.42,2408
2026-06-26 12:55:00,457.0,457.5,454.0,455.5,2142,477.02,2408
2026-06-26 13:00:00,455.5,457.0,452.5,453.0,1921,476.66,2408
2026-06-26 13:05:00,453.0,454.0,450.5,451.0,3266,476.0,2408
2026-06-26 13:10:00,450.5,454.0,450.0,450.0,3345,475.37,2408
2026-06-26 13:15:00,450.5,451.0,445.5,447.0,5007,474.32,2408
2026-06-26 13:20:00,447.0,447.0,443.0,445.0,4292,473.38,2408
2026-06-26 13:30:00,449.0,449.0,449.0,449.0,4676,472.57,2408
2026-06-29 09:00:00,456.0,456.5,440.5,444.0,9993,447.46,2408
2026-06-29 09:05:00,444.0,451.0,443.0,447.0,4853,447.63,2408
2026-06-29 09:10:00,447.0,458.5,447.0,458.5,5216,449.27,2408
2026-06-29 09:15:00,458.5,465.0,458.0,462.5,5507,452.02,2408
2026-06-29 09:20:00,463.0,464.0,458.0,459.5,2168,452.72,2408
2026-06-29 09:25:00,459.0,460.5,455.5,458.0,1876,453.06,2408
2026-06-29 09:30:00,458.0,462.5,457.0,461.5,1576,453.44,2408
2026-06-29 09:35:00,461.0,464.0,459.0,462.0,1616,453.87,2408
2026-06-29 09:40:00,462.0,465.0,461.5,464.0,1348,454.25,2408
2026-06-29 09:45:00,464.5,464.5,461.0,462.0,982,454.48,2408
2026-06-29 09:50:00,462.0,462.5,460.0,462.5,885,454.65,2408
2026-06-29 09:55:00,462.0,463.0,461.0,461.5,649,454.78,2408
2026-06-29 10:00:00,461.0,464.5,460.5,461.5,1253,455.04,2408
2026-06-29 10:05:00,461.5,462.0,457.0,457.0,1532,455.2,2408
2026-06-29 10:10:00,457.0,458.5,453.0,453.5,2145,455.22,2408
2026-06-29 10:15:00,453.5,456.5,451.5,456.0,1779,455.16,2408
2026-06-29 10:20:00,457.0,458.0,456.0,457.5,681,455.19,2408
2026-06-29 10:25:00,457.5,457.5,455.5,456.5,594,455.21,2408
2026-06-29 10:30:00,456.5,457.5,456.0,456.5,265,455.22,2408
2026-06-29 10:35:00,456.5,457.0,455.0,455.5,627,455.24,2408
2026-06-29 10:40:00,455.5,457.5,455.0,456.5,310,455.24,2408
2026-06-29 10:45:00,456.5,457.0,454.5,456.5,552,455.25,2408
2026-06-29 10:50:00,456.5,456.5,453.5,454.0,643,455.24,2408
2026-06-29 10:55:00,454.0,459.0,453.5,458.5,829,455.28,2408
2026-06-29 11:00:00,458.5,461.0,458.0,459.5,1044,455.37,2408
2026-06-29 11:05:00,459.5,459.5,457.5,458.5,382,455.4,2408
2026-06-29 11:10:00,458.5,459.0,458.0,458.0,332,455.42,2408
2026-06-29 11:15:00,458.0,458.5,457.0,458.5,338,455.44,2408
2026-06-29 11:20:00,458.5,458.5,456.0,456.0,516,455.46,2408
2026-06-29 11:25:00,456.0,458.5,456.0,458.0,255,455.46,2408
2026-06-29 11:30:00,458.0,458.5,456.0,456.5,477,455.48,2408
2026-06-29 11:35:00,456.5,456.5,453.5,455.5,1147,455.47,2408
2026-06-29 11:40:00,455.0,455.0,451.5,451.5,1168,455.41,2408
2026-06-29 11:45:00,451.5,456.0,451.0,455.0,744,455.38,2408
2026-06-29 11:50:00,455.5,458.0,455.0,458.0,561,455.39,2408
2026-06-29 11:55:00,458.0,458.0,456.5,457.0,370,455.41,2408
2026-06-29 12:00:00,457.5,458.0,455.5,456.0,300,455.41,2408
2026-06-29 12:05:00,456.0,456.5,454.5,456.5,324,455.41,2408
2026-06-29 12:10:00,456.5,456.5,455.0,456.0,393,455.42,2408
2026-06-29 12:15:00,456.0,456.5,454.5,455.5,590,455.42,2408
2026-06-29 12:20:00,455.5,456.5,455.0,456.5,371,455.42,2408
2026-06-29 12:25:00,456.5,457.0,454.0,454.5,864,455.42,2408
2026-06-29 12:30:00,454.5,455.0,451.5,452.5,1441,455.36,2408
2026-06-29 12:35:00,452.5,453.5,447.0,452.0,2302,455.17,2408
2026-06-29 12:40:00,452.0,452.0,449.0,449.5,971,455.09,2408
2026-06-29 12:45:00,449.5,452.0,448.0,452.0,962,455.02,2408
2026-06-29 12:50:00,451.5,453.0,451.5,453.0,496,455.0,2408
2026-06-29 12:55:00,453.0,453.5,450.0,450.5,769,454.96,2408
2026-06-29 13:00:00,451.5,452.0,449.0,449.0,725,454.91,2408
2026-06-29 13:05:00,449.0,451.5,449.0,449.5,1489,454.8,2408
2026-06-29 13:10:00,449.5,451.5,448.5,450.5,1623,454.69,2408
2026-06-29 13:15:00,451.0,452.0,450.0,452.0,1966,454.59,2408
2026-06-29 13:20:00,451.5,452.0,450.5,451.0,1347,454.53,2408
2026-06-29 13:30:00,453.0,453.0,453.0,453.0,3415,454.46,2408
2026-06-30 09:00:00,465.5,465.5,450.0,451.0,15686,456.28,2408
2026-06-30 09:05:00,450.5,451.0,440.0,442.0,8915,452.6,2408
2026-06-30 09:10:00,441.5,448.5,440.5,447.0,5079,451.22,2408
2026-06-30 09:15:00,447.5,451.0,443.0,449.5,4270,450.74,2408
2026-06-30 09:20:00,449.0,450.0,441.5,443.5,3941,450.15,2408
2026-06-30 09:25:00,443.5,444.0,438.0,443.5,6416,448.76,2408
2026-06-30 09:30:00,443.5,444.5,440.0,440.5,2118,448.47,2408
2026-06-30 09:35:00,440.5,442.0,439.0,439.0,2284,448.09,2408
2026-06-30 09:40:00,439.0,440.0,436.0,440.0,4262,447.26,2408
2026-06-30 09:45:00,440.0,440.5,437.0,439.0,1795,446.97,2408
2026-06-30 09:50:00,439.0,442.0,437.5,441.5,2095,446.72,2408
2026-06-30 09:55:00,441.5,442.5,441.0,441.5,1139,446.62,2408
2026-06-30 10:00:00,441.5,441.5,440.0,441.0,814,446.53,2408
2026-06-30 10:05:00,441.0,442.5,440.0,441.5,1272,446.43,2408
2026-06-30 10:10:00,441.5,442.5,441.0,441.5,550,446.39,2408
2026-06-30 10:15:00,441.5,442.5,440.0,441.5,1048,446.3,2408
2026-06-30 10:20:00,442.0,444.0,442.0,443.5,1186,446.23,2408
2026-06-30 10:25:00,443.5,444.0,441.5,442.5,919,446.19,2408
2026-06-30 10:30:00,442.5,446.0,442.0,446.0,1813,446.14,2408
2026-06-30 10:35:00,446.0,446.0,443.5,445.0,1179,446.12,2408
2026-06-30 10:40:00,445.5,445.5,444.0,444.5,481,446.11,2408
2026-06-30 10:45:00,444.5,446.0,444.0,445.5,671,446.1,2408
2026-06-30 10:50:00,445.5,446.0,445.0,446.0,432,446.1,2408
2026-06-30 10:55:00,446.0,447.0,445.0,445.5,1161,446.1,2408
2026-06-30 11:00:00,445.5,446.0,443.0,443.5,812,446.08,2408
2026-06-30 11:05:00,443.0,449.0,443.0,448.5,2559,446.09,2408
2026-06-30 11:10:00,448.5,448.5,445.0,445.5,632,446.1,2408
2026-06-30 11:15:00,445.5,446.0,444.5,445.5,424,446.09,2408
2026-06-30 11:20:00,445.0,445.5,444.0,444.0,329,446.09,2408
2026-06-30 11:25:00,444.5,447.0,444.0,446.5,720,446.08,2408
2026-06-30 11:30:00,447.0,448.0,446.0,447.5,1224,446.1,2408
2026-06-30 11:35:00,447.5,448.0,447.0,448.0,516,446.11,2408
2026-06-30 11:40:00,447.5,449.5,447.5,449.5,1757,446.17,2408
2026-06-30 11:45:00,449.5,450.0,448.0,450.0,1597,446.24,2408
2026-06-30 11:50:00,449.5,452.0,448.5,449.0,2176,446.36,2408
2026-06-30 11:55:00,448.5,449.0,448.0,448.0,363,446.37,2408
2026-06-30 12:00:00,448.5,449.5,448.0,449.5,390,446.38,2408
2026-06-30 12:05:00,450.0,451.5,449.5,450.5,738,446.42,2408
2026-06-30 12:10:00,450.0,450.5,448.5,449.0,607,446.44,2408
2026-06-30 12:15:00,449.5,452.5,449.0,452.0,1610,446.53,2408
2026-06-30 12:20:00,452.5,454.5,451.5,454.5,2066,446.69,2408
2026-06-30 12:25:00,454.5,454.5,452.0,452.5,1076,446.77,2408
2026-06-30 12:30:00,452.5,452.5,451.5,452.5,657,446.81,2408
2026-06-30 12:35:00,452.5,455.0,452.0,454.5,1441,446.92,2408
2026-06-30 12:40:00,454.5,458.0,453.5,456.5,2525,447.16,2408
2026-06-30 12:45:00,456.0,457.5,454.5,455.5,1059,447.25,2408
2026-06-30 12:50:00,455.0,456.0,455.0,456.0,558,447.3,2408
2026-06-30 12:55:00,455.5,456.5,455.5,456.0,572,447.35,2408
2026-06-30 13:00:00,456.0,457.5,456.0,456.0,1324,447.48,2408
2026-06-30 13:05:00,456.0,457.0,455.5,456.0,1173,447.59,2408
2026-06-30 13:10:00,456.5,457.0,456.0,456.5,1491,447.72,2408
2026-06-30 13:15:00,456.5,456.5,453.0,453.5,1881,447.86,2408
2026-06-30 13:20:00,453.5,455.5,453.0,454.5,1891,447.98,2408
2026-06-30 13:30:00,452.5,452.5,452.5,452.5,3448,448.12,2408
2026-07-01 09:00:00,455.0,455.0,446.0,447.0,7625,449.7,2408
2026-07-01 09:05:00,446.5,455.0,446.5,447.0,4244,449.95,2408
2026-07-01 09:10:00,447.5,449.5,439.0,440.5,7392,447.28,2408
2026-07-01 09:15:00,440.0,442.0,438.0,440.0,4582,445.85,2408
2026-07-01 09:20:00,440.0,440.5,436.5,436.5,3925,444.82,2408
2026-07-01 09:25:00,436.0,437.5,431.0,435.0,6410,442.83,2408
2026-07-01 09:30:00,434.5,435.0,421.0,421.0,6939,440.2,2408
2026-07-01 09:35:00,421.5,422.0,412.0,415.0,9614,435.74,2408
2026-07-01 09:40:00,415.0,421.0,412.0,419.0,4026,434.35,2408
2026-07-01 09:45:00,419.0,423.0,417.0,422.5,2662,433.64,2408
2026-07-01 09:50:00,422.5,425.0,420.0,425.0,2648,433.16,2408
2026-07-01 09:55:00,425.0,429.5,424.0,426.0,3306,432.82,2408
2026-07-01 10:00:00,426.0,426.5,424.0,424.5,832,432.72,2408
2026-07-01 10:05:00,425.0,425.5,423.0,425.0,830,432.61,2408
2026-07-01 10:10:00,425.0,429.0,424.0,427.0,1047,432.52,2408
2026-07-01 10:15:00,427.0,429.5,427.0,428.5,857,432.46,2408
2026-07-01 10:20:00,428.5,428.5,426.0,426.5,644,432.42,2408
2026-07-01 10:25:00,426.5,426.5,425.0,425.0,664,432.35,2408
2026-07-01 10:30:00,425.0,426.5,425.0,426.0,284,432.32,2408
2026-07-01 10:35:00,426.0,428.0,426.0,427.0,607,432.28,2408
2026-07-01 10:40:00,427.0,430.0,426.0,428.5,1167,432.21,2408
2026-07-01 10:45:00,429.0,430.0,428.5,429.0,402,432.2,2408
2026-07-01 10:50:00,429.0,429.0,427.5,427.5,478,432.17,2408
2026-07-01 10:55:00,427.5,428.0,425.5,425.5,573,432.12,2408
2026-07-01 11:00:00,425.5,426.0,424.5,425.0,585,432.07,2408
2026-07-01 11:05:00,424.5,425.0,424.0,424.0,424,432.02,2408
2026-07-01 11:10:00,424.5,424.5,423.0,423.0,640,431.95,2408
2026-07-01 11:15:00,423.0,423.5,420.5,422.5,1219,431.78,2408
2026-07-01 11:20:00,422.5,425.0,422.0,424.0,621,431.71,2408
2026-07-01 11:25:00,424.0,424.5,423.5,424.0,199,431.69,2408
2026-07-01 11:30:00,424.0,424.5,423.5,424.0,179,431.67,2408
2026-07-01 11:35:00,423.5,424.0,423.0,423.0,215,431.65,2408
2026-07-01 11:40:00,423.5,423.5,422.0,422.0,467,431.59,2408
2026-07-01 11:45:00,422.0,422.0,420.5,421.5,992,431.46,2408
2026-07-01 11:50:00,421.5,423.0,421.5,422.5,272,431.43,2408
2026-07-01 11:55:00,422.5,425.0,422.5,424.0,434,431.39,2408
2026-07-01 12:00:00,424.5,424.5,423.5,424.0,224,431.37,2408
2026-07-01 12:05:00,424.0,427.0,423.0,425.5,945,431.3,2408
2026-07-01 12:10:00,425.0,425.5,424.0,424.0,267,431.27,2408
2026-07-01 12:15:00,424.0,425.5,423.0,423.5,377,431.24,2408
2026-07-01 12:20:00,423.5,426.5,423.5,425.0,751,431.19,2408
2026-07-01 12:25:00,424.5,425.0,423.0,424.0,333,431.16,2408
2026-07-01 12:30:00,423.5,426.0,423.5,425.0,655,431.1,2408
2026-07-01 12:35:00,424.5,425.0,423.0,425.0,358,431.07,2408
2026-07-01 12:40:00,424.0,425.5,424.0,425.0,472,431.04,2408
2026-07-01 12:45:00,424.5,427.0,424.5,426.0,1295,430.96,2408
2026-07-01 12:50:00,426.0,426.0,424.5,425.5,783,430.9,2408
2026-07-01 12:55:00,425.5,426.0,424.5,425.0,560,430.87,2408
2026-07-01 13:00:00,425.0,427.0,424.0,424.0,1523,430.78,2408
2026-07-01 13:05:00,424.0,424.5,423.0,424.0,1321,430.67,2408
2026-07-01 13:10:00,424.5,424.5,422.5,423.0,1620,430.53,2408
2026-07-01 13:15:00,423.5,424.5,422.5,423.0,2075,430.37,2408
2026-07-01 13:20:00,423.0,423.0,421.5,421.5,2930,430.12,2408
2026-07-01 13:30:00,421.0,421.0,421.0,421.0,3495,429.79,2408
2026-07-02 09:00:00,386.5,399.0,386.5,396.5,11780,392.12,2408
2026-07-02 09:05:00,396.5,406.5,396.5,405.0,5213,394.79,2408
2026-07-02 09:10:00,406.0,406.0,399.0,400.5,2786,395.8,2408
2026-07-02 09:15:00,400.5,405.0,400.5,402.5,1358,396.25,2408
2026-07-02 09:20:00,402.5,402.5,398.5,401.0,2056,396.58,2408
2026-07-02 09:25:00,401.0,403.5,400.5,403.0,922,396.78,2408
2026-07-02 09:30:00,403.0,404.0,400.5,401.5,890,396.98,2408
2026-07-02 09:35:00,402.0,402.0,400.5,402.0,529,397.07,2408
2026-07-02 09:40:00,402.0,402.5,399.5,399.5,1616,397.28,2408
2026-07-02 09:45:00,399.5,403.0,398.5,402.0,1426,397.41,2408
2026-07-02 09:50:00,402.0,403.0,401.5,401.5,628,397.52,2408
2026-07-02 09:55:00,401.5,402.5,401.0,401.5,420,397.58,2408
2026-07-02 10:00:00,401.5,404.0,401.5,404.0,955,397.74,2408
2026-07-02 10:05:00,404.0,407.5,403.5,405.0,2517,398.36,2408
2026-07-02 10:10:00,405.0,407.5,404.5,407.0,624,398.51,2408
2026-07-02 10:15:00,407.0,408.0,405.5,406.0,971,398.74,2408
2026-07-02 10:20:00,405.5,409.0,405.5,406.0,1155,399.03,2408
2026-07-02 10:25:00,406.0,409.5,405.5,407.5,633,399.18,2408
2026-07-02 10:30:00,408.0,408.0,405.0,405.5,583,399.29,2408
2026-07-02 10:35:00,405.5,409.0,405.0,408.5,950,399.47,2408
2026-07-02 10:40:00,408.5,409.5,408.0,409.0,593,399.61,2408
2026-07-02 10:45:00,409.0,411.0,408.5,410.0,1053,399.89,2408
2026-07-02 10:50:00,410.0,410.0,408.0,408.5,535,400.01,2408
2026-07-02 10:55:00,408.5,411.5,408.5,411.0,387,400.11,2408
2026-07-02 11:00:00,411.0,411.0,409.0,409.0,388,400.2,2408
2026-07-02 11:05:00,409.0,410.0,407.5,407.5,612,400.33,2408
2026-07-02 11:10:00,407.5,408.0,406.5,408.0,380,400.39,2408
2026-07-02 11:15:00,408.0,410.0,408.0,409.5,231,400.44,2408
2026-07-02 11:20:00,409.0,409.5,407.0,407.0,343,400.5,2408
2026-07-02 11:25:00,407.0,407.5,406.0,407.0,364,400.55,2408
2026-07-02 11:30:00,407.0,411.0,407.0,410.5,1023,400.75,2408
2026-07-02 11:35:00,410.5,412.0,410.0,410.0,766,400.93,2408
2026-07-02 11:40:00,410.0,410.5,408.5,410.5,316,400.99,2408
2026-07-02 11:45:00,410.0,410.5,409.0,409.5,202,401.03,2408
2026-07-02 11:50:00,409.5,410.5,408.0,410.0,641,401.14,2408
2026-07-02 11:55:00,410.0,410.0,408.5,409.0,243,401.19,2408
2026-07-02 12:00:00,409.0,409.5,408.5,409.0,219,401.22,2408
2026-07-02 12:05:00,408.5,409.5,408.0,409.0,427,401.29,2408
2026-07-02 12:10:00,409.5,409.5,405.5,407.0,826,401.38,2408
2026-07-02 12:15:00,407.0,407.0,404.0,404.0,907,401.45,2408
2026-07-02 12:20:00,404.0,405.0,402.0,403.5,894,401.48,2408
2026-07-02 12:25:00,403.5,404.5,403.0,404.0,520,401.51,2408
2026-07-02 12:30:00,403.5,404.0,402.0,402.0,948,401.53,2408
2026-07-02 12:35:00,402.0,402.5,401.0,402.0,1110,401.53,2408
2026-07-02 12:40:00,402.5,402.5,401.0,401.0,515,401.53,2408
2026-07-02 12:45:00,401.0,402.5,400.5,402.0,904,401.52,2408
2026-07-02 12:50:00,402.0,403.0,402.0,402.5,638,401.53,2408
2026-07-02 12:55:00,402.5,404.5,402.0,404.5,522,401.55,2408
2026-07-02 13:00:00,404.5,405.0,404.0,405.0,478,401.58,2408
2026-07-02 13:05:00,404.5,406.5,404.0,404.5,991,401.65,2408
2026-07-02 13:10:00,404.5,405.0,403.5,404.5,1119,401.7,2408
2026-07-02 13:15:00,404.5,404.5,403.5,403.5,681,401.73,2408
2026-07-02 13:20:00,403.5,406.5,403.5,405.5,1686,401.82,2408
2026-07-02 13:30:00,407.0,407.0,407.0,407.0,2566,402.04,2408
2026-07-03 09:00:00,399.0,405.5,393.5,405.0,6599,397.78,2408
2026-07-03 09:05:00,405.0,407.5,402.0,407.5,2690,399.74,2408
2026-07-03 09:10:00,407.0,416.0,407.0,411.0,5578,404.44,2408
2026-07-03 09:15:00,411.0,412.5,408.0,412.5,3495,405.58,2408
2026-07-03 09:20:00,412.5,414.0,411.0,411.5,2034,406.25,2408
2026-07-03 09:25:00,411.0,414.5,407.5,414.0,2492,406.74,2408
2026-07-03 09:30:00,414.0,414.5,408.5,409.0,1405,406.98,2408
2026-07-03 09:35:00,409.0,409.5,406.0,409.0,1772,407.03,2408
2026-07-03 09:40:00,409.5,413.0,409.5,410.5,1093,407.19,2408
2026-07-03 09:45:00,410.0,414.5,410.0,412.5,1995,407.59,2408
2026-07-03 09:50:00,412.5,413.0,409.5,410.0,650,407.65,2408
2026-07-03 09:55:00,409.5,413.0,409.5,411.0,420,407.71,2408
2026-07-03 10:00:00,411.0,413.5,410.5,413.0,663,407.81,2408
2026-07-03 10:05:00,413.0,414.5,412.5,414.0,1354,408.05,2408
2026-07-03 10:10:00,414.0,416.0,413.5,414.0,2440,408.55,2408
2026-07-03 10:15:00,413.5,414.0,412.0,413.5,696,408.64,2408
2026-07-03 10:20:00,413.5,416.0,413.5,415.5,804,408.79,2408
2026-07-03 10:25:00,416.0,419.5,414.5,419.5,2208,409.26,2408
2026-07-03 10:30:00,419.5,419.5,417.0,418.0,1141,409.53,2408
2026-07-03 10:35:00,418.0,418.0,416.0,417.0,600,409.64,2408
2026-07-03 10:40:00,417.0,417.5,413.0,413.5,1129,409.79,2408
2026-07-03 10:45:00,414.0,414.0,412.0,412.5,714,409.84,2408
2026-07-03 10:50:00,413.0,413.0,410.0,411.0,800,409.87,2408
2026-07-03 10:55:00,411.0,414.5,410.5,414.0,465,409.9,2408
2026-07-03 11:00:00,414.5,414.5,412.0,412.5,347,409.93,2408
2026-07-03 11:05:00,413.0,413.0,411.0,412.0,344,409.94,2408
2026-07-03 11:10:00,412.0,413.0,411.0,412.5,246,409.96,2408
2026-07-03 11:15:00,412.5,413.0,412.0,413.0,360,409.98,2408
2026-07-03 11:20:00,412.5,413.5,412.5,413.5,276,410.0,2408
2026-07-03 11:25:00,413.0,413.5,412.5,413.0,207,410.01,2408
2026-07-03 11:30:00,413.0,413.5,412.5,413.0,192,410.02,2408
2026-07-03 11:35:00,412.5,413.0,411.5,412.0,325,410.04,2408
2026-07-03 11:40:00,411.5,412.0,411.0,411.5,272,410.04,2408
2026-07-03 11:45:00,411.5,412.5,411.0,412.5,371,410.06,2408
2026-07-03 11:50:00,412.0,413.0,411.5,412.5,202,410.07,2408
2026-07-03 11:55:00,412.5,415.0,412.5,414.5,900,410.14,2408
2026-07-03 12:00:00,414.0,414.5,412.5,413.0,300,410.16,2408
2026-07-03 12:05:00,413.0,413.5,411.5,412.0,432,410.18,2408
2026-07-03 12:10:00,412.5,412.5,411.0,412.5,423,410.2,2408
2026-07-03 12:15:00,412.5,414.0,412.0,414.0,537,410.23,2408
2026-07-03 12:20:00,413.5,414.5,413.0,414.0,932,410.3,2408
2026-07-03 12:25:00,414.0,414.0,413.0,413.0,418,410.32,2408
2026-07-03 12:30:00,413.5,413.5,412.5,412.5,160,410.33,2408
2026-07-03 12:35:00,413.0,413.5,412.5,413.0,299,410.35,2408
2026-07-03 12:40:00,413.0,414.5,412.5,414.0,561,410.38,2408
2026-07-03 12:45:00,414.0,414.5,412.5,412.5,709,410.42,2408
2026-07-03 12:50:00,412.5,413.0,412.5,412.5,170,410.43,2408
2026-07-03 12:55:00,413.0,413.5,412.0,412.5,508,410.45,2408
2026-07-03 13:00:00,412.5,412.5,411.5,411.5,591,410.47,2408
2026-07-03 13:05:00,411.5,412.0,411.0,411.0,577,410.48,2408
2026-07-03 13:10:00,411.0,412.0,410.5,411.5,952,410.49,2408
2026-07-03 13:15:00,412.0,412.5,410.0,410.5,1047,410.5,2408
2026-07-03 13:20:00,410.5,411.0,410.0,410.5,1829,410.5,2408
2026-07-03 13:30:00,409.5,409.5,409.5,409.5,2703,410.45,2408
2026-07-06 09:00:00,428.0,438.0,427.0,430.0,9117,431.97,2408
2026-07-06 09:05:00,430.0,440.0,428.5,439.0,4759,432.89,2408
2026-07-06 09:10:00,439.0,442.0,437.0,441.0,4879,434.55,2408
2026-07-06 09:15:00,441.0,443.0,440.0,441.0,2755,435.43,2408
2026-07-06 09:20:00,441.0,442.0,438.5,438.5,1185,435.66,2408
2026-07-06 09:25:00,438.5,439.0,435.5,436.0,1667,435.78,2408
2026-07-06 09:30:00,436.5,440.0,436.5,438.5,959,435.89,2408
2026-07-06 09:35:00,438.5,439.5,436.5,439.5,902,435.96,2408
2026-07-06 09:40:00,439.5,441.5,437.5,438.0,1273,436.16,2408
2026-07-06 09:45:00,438.0,440.5,437.5,437.5,594,436.21,2408
2026-07-06 09:50:00,437.0,437.5,435.0,436.0,963,436.2,2408
2026-07-06 09:55:00,436.0,439.0,435.5,436.5,652,436.22,2408
2026-07-06 10:00:00,437.0,439.5,436.5,439.5,590,436.26,2408
2026-07-06 10:05:00,439.0,442.0,439.0,440.5,1401,436.45,2408
2026-07-06 10:10:00,440.5,440.5,433.5,434.0,1473,436.43,2408
2026-07-06 10:15:00,433.5,435.5,433.5,435.0,860,436.38,2408
2026-07-06 10:20:00,435.0,437.5,434.5,436.5,558,436.38,2408
2026-07-06 10:25:00,436.5,437.0,433.0,433.5,529,436.36,2408
2026-07-06 10:30:00,433.0,434.0,431.5,431.5,855,436.27,2408
2026-07-06 10:35:00,432.0,432.0,430.0,431.0,1333,436.08,2408
2026-07-06 10:40:00,430.5,431.0,427.5,428.0,1629,435.78,2408
2026-07-06 10:45:00,428.0,429.5,424.0,425.0,1604,435.41,2408
2026-07-06 10:50:00,425.5,431.0,425.0,431.0,1286,435.2,2408
2026-07-06 10:55:00,431.0,431.5,429.0,430.0,396,435.15,2408
2026-07-06 11:00:00,430.0,431.5,429.0,431.5,398,435.11,2408
2026-07-06 11:05:00,431.5,431.5,428.5,429.5,343,435.07,2408
2026-07-06 11:10:00,429.5,431.5,429.5,430.5,299,435.04,2408
2026-07-06 11:15:00,430.0,431.0,429.0,430.0,254,435.01,2408
2026-07-06 11:20:00,430.0,430.0,428.0,428.5,191,434.98,2408
2026-07-06 11:25:00,428.5,430.0,428.5,429.0,178,434.96,2408
2026-07-06 11:30:00,429.5,430.0,429.0,430.0,200,434.94,2408
2026-07-06 11:35:00,430.0,431.0,429.5,430.0,212,434.91,2408
2026-07-06 11:40:00,430.0,430.0,428.5,428.5,191,434.89,2408
2026-07-06 11:45:00,429.0,429.5,428.5,428.5,273,434.85,2408
2026-07-06 11:50:00,428.5,429.0,428.0,428.5,151,434.83,2408
2026-07-06 11:55:00,428.5,429.0,427.5,429.0,404,434.77,2408
2026-07-06 12:00:00,429.0,429.5,428.5,429.0,142,434.75,2408
2026-07-06 12:05:00,429.0,429.0,428.0,429.0,233,434.72,2408
2026-07-06 12:10:00,428.5,430.5,428.5,430.5,437,434.68,2408
2026-07-06 12:15:00,430.5,431.5,430.5,431.0,173,434.66,2408
2026-07-06 12:20:00,431.0,431.0,429.5,429.5,340,434.63,2408
2026-07-06 12:25:00,429.5,430.0,428.5,428.5,158,434.61,2408
2026-07-06 12:30:00,428.5,431.0,428.5,429.5,645,434.54,2408
2026-07-06 12:35:00,429.5,431.5,429.0,430.0,587,434.49,2408
2026-07-06 12:40:00,430.0,431.0,428.5,430.5,636,434.43,2408
2026-07-06 12:45:00,430.0,431.0,428.5,430.5,813,434.36,2408
2026-07-06 12:50:00,430.0,430.5,428.5,428.5,516,434.31,2408
2026-07-06 12:55:00,429.0,429.5,426.5,427.0,709,434.22,2408
2026-07-06 13:00:00,426.5,428.5,426.0,427.5,831,434.11,2408
2026-07-06 13:05:00,427.5,429.0,427.0,428.0,970,433.99,2408
2026-07-06 13:10:00,428.0,429.0,428.0,428.0,771,433.92,2408
2026-07-06 13:15:00,428.5,428.5,426.0,426.5,1413,433.75,2408
2026-07-06 13:20:00,426.0,427.0,424.0,424.5,2084,433.44,2408
2026-07-06 13:30:00,420.5,420.5,420.5,420.5,3534,432.68,2408
2026-07-07 09:00:00,423.0,423.0,412.0,415.0,7885,419.18,2408
2026-07-07 09:05:00,415.0,421.0,414.5,420.5,2668,418.84,2408
2026-07-07 09:10:00,420.5,429.0,419.5,428.5,5495,421.09,2408
2026-07-07 09:15:00,428.5,433.0,425.0,429.5,4594,422.93,2408
2026-07-07 09:20:00,429.5,429.5,424.5,424.5,2000,423.26,2408
2026-07-07 09:25:00,424.5,426.5,422.5,426.0,1932,423.36,2408
2026-07-07 09:30:00,426.0,426.0,422.5,425.0,834,423.38,2408
2026-07-07 09:35:00,424.5,428.5,424.5,427.0,1388,423.56,2408
2026-07-07 09:40:00,427.0,428.0,426.0,428.0,535,423.62,2408
2026-07-07 09:45:00,427.5,434.0,427.5,433.0,4659,424.75,2408
2026-07-07 09:50:00,433.0,433.0,429.0,432.5,1107,424.95,2408
2026-07-07 09:55:00,432.5,434.0,430.0,430.0,1403,425.25,2408
2026-07-07 10:00:00,430.0,434.5,429.5,433.0,1652,425.59,2408
2026-07-07 10:05:00,433.0,437.0,432.0,436.0,2695,426.26,2408
2026-07-07 10:10:00,436.0,436.0,432.0,432.0,978,426.45,2408
2026-07-07 10:15:00,432.5,433.0,431.0,432.0,689,426.54,2408
2026-07-07 10:20:00,432.0,432.0,429.5,429.5,738,426.62,2408
2026-07-07 10:25:00,429.0,430.5,428.0,429.5,683,426.66,2408
2026-07-07 10:30:00,429.5,430.0,428.0,428.5,477,426.68,2408
2026-07-07 10:35:00,428.5,429.5,427.0,427.5,644,426.7,2408
2026-07-07 10:40:00,427.5,429.0,426.5,427.0,408,426.71,2408
2026-07-07 10:45:00,426.5,427.0,423.5,423.5,1690,426.66,2408
2026-07-07 10:50:00,423.5,426.0,423.0,426.0,920,426.61,2408
2026-07-07 10:55:00,426.0,426.0,422.5,422.5,662,426.57,2408
2026-07-07 11:00:00,422.5,426.0,422.0,426.0,714,426.53,2408
2026-07-07 11:05:00,426.0,426.5,423.0,423.0,425,426.52,2408
2026-07-07 11:10:00,423.0,423.5,418.5,420.0,2005,426.28,2408
2026-07-07 11:15:00,420.0,420.5,416.5,417.5,1538,426.03,2408
2026-07-07 11:20:00,417.5,418.0,413.0,414.0,1674,425.69,2408
2026-07-07 11:25:00,413.5,414.5,410.0,410.5,1963,425.22,2408
2026-07-07 11:30:00,410.5,416.5,410.0,415.5,1825,424.84,2408
2026-07-07 11:35:00,414.5,415.5,413.0,414.0,667,424.71,2408
2026-07-07 11:40:00,414.0,414.5,411.0,411.0,747,424.56,2408
2026-07-07 11:45:00,410.5,411.0,407.0,408.5,2000,424.04,2408
2026-07-07 11:50:00,408.5,411.0,408.0,409.5,812,423.85,2408
2026-07-07 11:55:00,409.0,412.0,408.0,412.0,610,423.71,2408
2026-07-07 12:00:00,411.5,412.0,408.0,411.5,525,423.59,2408
2026-07-07 12:05:00,411.5,413.0,409.5,410.0,583,423.48,2408
2026-07-07 12:10:00,410.0,412.0,408.5,408.5,552,423.36,2408
2026-07-07 12:15:00,408.5,409.0,407.5,408.0,621,423.21,2408
2026-07-07 12:20:00,407.5,408.5,406.0,406.5,814,423.01,2408
2026-07-07 12:25:00,406.5,407.0,403.5,407.0,2528,422.35,2408
2026-07-07 12:30:00,407.5,409.5,407.0,409.0,560,422.24,2408
2026-07-07 12:35:00,409.0,409.5,407.0,408.0,540,422.13,2408
2026-07-07 12:40:00,407.5,408.0,406.0,406.0,354,422.05,2408
2026-07-07 12:45:00,406.0,406.5,404.0,404.5,838,421.84,2408
2026-07-07 12:50:00,405.0,405.5,403.0,404.0,882,421.62,2408
2026-07-07 12:55:00,403.5,406.0,403.0,405.0,709,421.45,2408
2026-07-07 13:00:00,405.0,406.0,402.0,403.0,913,421.22,2408
2026-07-07 13:05:00,403.0,404.0,402.5,403.0,970,420.99,2408
2026-07-07 13:10:00,403.0,404.5,402.0,403.5,1392,420.66,2408
2026-07-07 13:15:00,403.5,404.5,402.5,404.0,1187,420.38,2408
2026-07-07 13:20:00,403.5,405.5,403.5,404.5,1687,420.04,2408
2026-07-07 13:30:00,403.0,403.0,403.0,403.0,2501,419.5,2408
2026-07-08 09:00:00,414.0,422.0,412.0,417.5,7858,417.78,2408
2026-07-08 09:05:00,417.0,417.5,407.0,408.5,4502,415.23,2408
2026-07-08 09:10:00,408.5,414.5,408.5,411.0,3258,414.62,2408
2026-07-08 09:15:00,411.5,411.5,408.0,408.5,1656,414.12,2408
2026-07-08 09:20:00,409.0,409.0,404.0,406.5,2659,413.07,2408
2026-07-08 09:25:00,406.0,407.5,397.0,398.5,3031,411.59,2408
2026-07-08 09:30:00,398.0,399.0,393.0,395.0,3016,409.78,2408
2026-07-08 09:35:00,395.0,396.0,391.0,396.0,2705,408.2,2408
2026-07-08 09:40:00,395.5,400.0,395.0,399.0,1716,407.57,2408
2026-07-08 09:45:00,399.0,402.5,399.0,400.5,1645,407.22,2408
2026-07-08 09:50:00,401.0,402.5,400.0,400.5,784,407.08,2408
2026-07-08 09:55:00,400.5,401.5,398.5,399.5,618,406.95,2408
2026-07-08 10:00:00,400.0,400.0,397.0,397.5,664,406.78,2408
2026-07-08 10:05:00,398.0,398.0,395.0,395.5,869,406.52,2408
2026-07-08 10:10:00,395.5,399.5,395.5,399.0,474,406.4,2408
2026-07-08 10:15:00,399.0,402.0,399.0,401.5,660,406.29,2408
2026-07-08 10:20:00,401.5,404.0,400.5,404.0,1004,406.19,2408
2026-07-08 10:25:00,404.0,404.5,401.5,402.0,1002,406.12,2408
2026-07-08 10:30:00,402.0,402.0,399.5,400.0,449,406.05,2408
2026-07-08 10:35:00,400.0,400.5,399.0,400.0,258,406.01,2408
2026-07-08 10:40:00,400.0,401.5,399.0,401.5,264,405.97,2408
2026-07-08 10:45:00,401.0,403.5,401.0,402.0,452,405.93,2408
2026-07-08 10:50:00,402.0,402.0,398.0,399.0,752,405.82,2408
2026-07-08 10:55:00,399.0,400.0,399.0,399.0,399,405.75,2408
2026-07-08 11:00:00,399.0,399.5,398.5,399.0,225,405.72,2408
2026-07-08 11:05:00,399.0,399.5,398.0,398.5,424,405.64,2408
2026-07-08 11:10:00,399.0,399.5,398.5,399.5,212,405.61,2408
2026-07-08 11:15:00,399.5,399.5,398.5,399.5,332,405.56,2408
2026-07-08 11:20:00,399.5,402.0,399.5,401.5,552,405.49,2408
2026-07-08 11:25:00,401.5,402.0,400.5,401.0,414,405.45,2408
2026-07-08 11:30:00,401.0,401.0,399.0,399.5,672,405.37,2408
2026-07-08 11:35:00,399.5,400.0,399.0,399.5,371,405.32,2408
2026-07-08 11:40:00,400.0,400.0,398.5,399.0,359,405.27,2408
2026-07-08 11:45:00,398.5,399.0,397.0,397.0,686,405.16,2408
2026-07-08 11:50:00,397.0,398.0,397.0,397.0,385,405.09,2408
2026-07-08 11:55:00,397.0,398.0,395.5,395.5,531,405.0,2408
2026-07-08 12:00:00,395.5,396.5,395.0,396.5,516,404.89,2408
2026-07-08 12:05:00,396.5,397.0,395.5,395.5,268,404.84,2408
2026-07-08 12:10:00,395.5,396.0,395.0,395.5,429,404.76,2408
2026-07-08 12:15:00,395.0,395.5,393.0,395.5,1222,404.49,2408
2026-07-08 12:20:00,395.5,397.5,395.0,397.0,368,404.43,2408
2026-07-08 12:25:00,397.0,398.0,396.0,396.0,340,404.38,2408
2026-07-08 12:30:00,396.5,397.5,395.5,396.0,371,404.32,2408
2026-07-08 12:35:00,395.5,396.0,395.0,395.5,435,404.24,2408
2026-07-08 12:40:00,395.5,396.5,395.0,396.0,447,404.16,2408
2026-07-08 12:45:00,396.0,396.5,395.5,395.5,433,404.09,2408
2026-07-08 12:50:00,395.5,395.5,394.0,394.5,530,404.0,2408
2026-07-08 12:55:00,394.0,396.0,393.5,396.0,1096,403.79,2408
2026-07-08 13:00:00,396.0,396.5,394.5,396.0,829,403.67,2408
2026-07-08 13:05:00,396.0,399.5,396.0,398.5,1486,403.52,2408
2026-07-08 13:10:00,399.0,399.0,396.5,397.0,758,403.44,2408
2026-07-08 13:15:00,397.0,398.5,395.5,395.5,1338,403.29,2408
2026-07-08 13:20:00,395.5,396.0,393.0,393.0,2193,402.96,2408
2026-07-08 13:30:00,396.0,396.0,396.0,396.0,2434,402.68,2408
2026-07-09 09:00:00,414.0,418.5,412.5,412.5,8427,415.47,2408
2026-07-09 09:05:00,412.5,420.0,412.5,420.0,6272,416.26,2408
2026-07-09 09:10:00,420.0,422.0,418.5,420.5,4528,417.29,2408
2026-07-09 09:15:00,421.0,433.0,418.5,431.0,10006,420.14,2408
2026-07-09 09:20:00,431.5,435.0,427.0,434.0,7360,422.6,2408
2026-07-09 09:25:00,434.0,435.5,433.5,435.5,10442,425.43,2408
2026-07-09 09:30:00,435.5,435.5,435.5,435.5,794,425.59,2408
2026-07-09 09:35:00,435.5,435.5,435.5,435.5,447,425.68,2408
2026-07-09 09:40:00,435.5,435.5,435.5,435.5,386,425.76,2408
2026-07-09 09:45:00,435.5,435.5,435.5,435.5,177,425.8,2408
2026-07-09 09:50:00,435.5,435.5,435.5,435.5,188,425.84,2408
2026-07-09 09:55:00,435.5,435.5,435.5,435.5,332,425.9,2408
2026-07-09 10:00:00,435.5,435.5,435.5,435.5,637,426.02,2408
2026-07-09 10:05:00,435.5,435.5,435.5,435.5,169,426.05,2408
2026-07-09 10:10:00,435.5,435.5,435.5,435.5,80,426.07,2408
2026-07-09 10:15:00,435.5,435.5,435.5,435.5,386,426.14,2408
2026-07-09 10:20:00,435.5,435.5,435.5,435.5,225,426.18,2408
2026-07-09 10:25:00,435.5,435.5,435.5,435.5,49,426.19,2408
2026-07-09 10:30:00,435.5,435.5,435.5,435.5,64,426.2,2408
2026-07-09 10:35:00,435.5,435.5,435.5,435.5,101,426.22,2408
2026-07-09 10:40:00,435.5,435.5,435.5,435.5,104,426.24,2408
2026-07-09 10:45:00,435.5,435.5,435.5,435.5,205,426.28,2408
2026-07-09 10:50:00,435.5,435.5,435.5,435.5,159,426.31,2408
2026-07-09 10:55:00,435.5,435.5,435.5,435.5,1724,426.6,2408
2026-07-09 11:00:00,435.5,435.5,435.5,435.5,296,426.65,2408
2026-07-09 11:05:00,435.5,435.5,435.5,435.5,159,426.68,2408
2026-07-09 11:10:00,435.5,435.5,430.0,430.5,13552,428.35,2408
2026-07-09 11:15:00,430.5,431.5,426.5,429.0,4190,428.4,2408
2026-07-09 11:20:00,429.0,435.5,428.5,435.5,4317,428.73,2408
2026-07-09 11:25:00,435.5,435.5,433.0,435.5,3897,429.05,2408
2026-07-09 11:30:00,435.0,435.5,435.0,435.5,1384,429.16,2408
2026-07-09 11:35:00,435.5,435.5,435.5,435.5,110,429.17,2408
2026-07-09 11:40:00,435.5,435.5,435.5,435.5,125,429.18,2408
2026-07-09 11:45:00,435.5,435.5,435.5,435.5,167,429.19,2408
2026-07-09 11:50:00,435.5,435.5,435.5,435.5,55,429.2,2408
2026-07-09 11:55:00,435.5,435.5,435.5,435.5,53,429.2,2408
2026-07-09 12:00:00,435.5,435.5,435.5,435.5,29,429.2,2408
2026-07-09 12:05:00,435.5,435.5,435.5,435.5,265,429.23,2408
2026-07-09 12:10:00,435.5,435.5,435.5,435.5,116,429.23,2408
2026-07-09 12:15:00,435.5,435.5,435.5,435.5,40,429.24,2408
2026-07-09 12:20:00,435.5,435.5,435.5,435.5,145,429.25,2408
2026-07-09 12:25:00,435.5,435.5,435.5,435.5,73,429.25,2408
2026-07-09 12:30:00,435.5,435.5,435.5,435.5,61,429.26,2408
2026-07-09 12:35:00,435.5,435.5,435.5,435.5,64,429.26,2408
2026-07-09 12:40:00,435.5,435.5,435.5,435.5,19,429.26,2408
2026-07-09 12:45:00,435.5,435.5,435.5,435.5,68,429.27,2408
2026-07-09 12:50:00,435.5,435.5,435.5,435.5,56,429.27,2408
2026-07-09 12:55:00,435.5,435.5,435.5,435.5,57,429.28,2408
2026-07-09 13:00:00,435.5,435.5,435.5,435.5,39,429.28,2408
2026-07-09 13:05:00,435.5,435.5,435.5,435.5,86,429.29,2408
2026-07-09 13:10:00,435.5,435.5,435.5,435.5,65,429.29,2408
2026-07-09 13:15:00,435.5,435.5,435.5,435.5,91,429.3,2408
2026-07-09 13:20:00,435.5,435.5,435.5,435.5,248,429.32,2408
2026-07-09 13:30:00,435.5,435.5,435.5,435.5,243,429.34,2408
2026-07-13 09:00:00,466.5,466.5,451.5,458.0,26839,460.07,2408
2026-07-13 09:05:00,458.0,462.5,452.0,458.5,8891,459.66,2408
2026-07-13 09:10:00,458.5,459.5,453.5,455.0,5313,459.31,2408
2026-07-13 09:15:00,455.0,458.0,450.5,453.5,5070,458.68,2408
2026-07-13 09:20:00,453.5,456.0,451.0,451.0,3500,458.25,2408
2026-07-13 09:25:00,451.0,451.5,445.0,449.5,5801,457.19,2408
2026-07-13 09:30:00,450.0,450.0,444.5,446.0,3314,456.63,2408
2026-07-13 09:35:00,446.0,448.0,444.0,447.0,1568,456.35,2408
2026-07-13 09:40:00,447.0,447.0,436.0,436.5,4904,455.14,2408
2026-07-13 09:45:00,436.5,443.0,435.0,441.0,4095,454.15,2408
2026-07-13 09:50:00,440.5,441.5,437.0,440.5,1706,453.78,2408
2026-07-13 09:55:00,440.5,440.5,437.5,440.5,1379,453.5,2408
2026-07-13 10:00:00,440.5,442.0,436.0,436.5,2203,453.06,2408
2026-07-13 10:05:00,437.0,438.5,437.0,437.5,1216,452.81,2408
2026-07-13 10:10:00,437.5,443.5,437.5,442.5,1699,452.55,2408
2026-07-13 10:15:00,442.0,442.0,438.5,442.0,911,452.41,2408
2026-07-13 10:20:00,442.0,445.0,440.5,445.0,1322,452.26,2408
2026-07-13 10:25:00,445.0,446.5,442.5,443.0,2076,452.07,2408
2026-07-13 10:30:00,443.0,443.0,439.5,439.5,713,451.97,2408
2026-07-13 10:35:00,439.5,441.0,438.5,439.5,948,451.84,2408
2026-07-13 10:40:00,440.0,440.0,438.5,439.0,614,451.74,2408
2026-07-13 10:45:00,439.0,439.5,438.0,439.5,570,451.66,2408
2026-07-13 10:50:00,439.0,439.5,438.5,439.0,471,451.59,2408
2026-07-13 10:55:00,439.0,439.5,437.5,438.0,792,451.46,2408
2026-07-13 11:00:00,438.0,438.0,432.0,432.5,3493,450.82,2408
2026-07-13 11:05:00,432.5,435.0,432.0,434.5,1314,450.56,2408
2026-07-13 11:10:00,434.5,435.0,432.0,432.0,802,450.41,2408
2026-07-13 11:15:00,432.0,433.0,426.0,427.0,3270,449.68,2408
2026-07-13 11:20:00,427.5,432.0,427.0,430.5,1061,449.47,2408
2026-07-13 11:25:00,430.5,433.0,430.5,432.0,612,449.36,2408
2026-07-13 11:30:00,432.0,432.0,427.5,430.0,934,449.17,2408
2026-07-13 11:35:00,429.5,430.5,428.5,430.0,453,449.08,2408
2026-07-13 11:40:00,430.0,431.5,429.0,429.0,511,448.98,2408
2026-07-13 11:45:00,429.0,430.0,428.5,429.0,352,448.91,2408
2026-07-13 11:50:00,429.5,429.5,425.5,427.0,1326,448.61,2408
2026-07-13 11:55:00,427.5,428.5,424.5,425.0,1019,448.39,2408
2026-07-13 12:00:00,425.0,425.5,422.0,422.0,1748,447.96,2408
2026-07-13 12:05:00,422.0,423.5,420.5,422.5,1987,447.46,2408
2026-07-13 12:10:00,422.5,423.5,421.0,423.5,800,447.26,2408
2026-07-13 12:15:00,423.5,428.5,423.0,427.5,1781,446.9,2408
2026-07-13 12:20:00,428.0,429.0,427.0,428.0,715,446.77,2408
2026-07-13 12:25:00,428.5,431.0,428.5,431.0,888,446.63,2408
2026-07-13 12:30:00,430.5,431.0,427.0,427.5,717,446.52,2408
2026-07-13 12:35:00,427.0,429.0,425.5,428.0,744,446.39,2408
2026-07-13 12:40:00,428.0,428.0,425.5,425.5,310,446.33,2408
2026-07-13 12:45:00,425.5,425.5,423.0,423.0,951,446.15,2408
2026-07-13 12:50:00,423.0,424.5,421.5,424.5,949,445.95,2408
2026-07-13 12:55:00,424.5,425.0,423.0,423.5,810,445.79,2408
2026-07-13 13:00:00,423.5,424.0,422.5,422.5,961,445.6,2408
2026-07-13 13:05:00,422.5,429.5,422.5,428.5,2220,445.22,2408
2026-07-13 13:10:00,428.5,429.0,427.5,428.5,1698,444.98,2408
2026-07-13 13:15:00,428.0,431.0,427.0,428.0,3363,444.54,2408
2026-07-13 13:20:00,428.5,429.0,424.0,424.5,2815,444.11,2408
2026-07-13 13:30:00,423.0,423.0,423.0,423.0,3689,443.5,2408
2026-07-14 09:00:00,432.0,441.5,430.0,438.5,10966,435.39,2408
2026-07-14 09:05:00,438.5,441.0,434.0,438.0,5118,436.3,2408
2026-07-14 09:10:00,438.5,438.5,431.0,431.5,4296,435.97,2408
2026-07-14 09:15:00,431.5,437.0,430.0,436.0,4640,435.55,2408
2026-07-14 09:20:00,435.5,436.0,430.0,433.0,2772,435.26,2408
2026-07-14 09:25:00,434.0,440.0,432.5,437.5,5047,435.63,2408
2026-07-14 09:30:00,438.0,439.0,432.0,432.0,2022,435.64,2408
2026-07-14 09:35:00,432.0,434.0,428.5,431.5,3147,435.28,2408
2026-07-14 09:40:00,431.5,434.0,429.0,434.0,1959,435.07,2408
2026-07-14 09:45:00,433.5,434.5,431.0,433.0,1074,435.02,2408
2026-07-14 09:50:00,433.0,433.5,429.5,432.0,1728,434.85,2408
2026-07-14 09:55:00,432.0,432.0,428.0,430.0,2220,434.6,2408
2026-07-14 10:00:00,429.5,431.5,427.5,427.5,2233,434.35,2408
2026-07-14 10:05:00,428.0,432.0,427.5,431.0,1301,434.24,2408
2026-07-14 10:10:00,431.0,431.0,425.0,425.5,2750,433.85,2408
2026-07-14 10:15:00,425.0,425.0,417.0,419.5,4879,432.74,2408
2026-07-14 10:20:00,420.0,426.0,419.5,422.5,2808,432.3,2408
2026-07-14 10:25:00,423.0,423.0,415.5,420.0,2282,431.79,2408
2026-07-14 10:30:00,420.5,423.0,419.0,422.0,1224,431.6,2408
2026-07-14 10:35:00,421.5,425.5,421.5,425.5,1498,431.42,2408
2026-07-14 10:40:00,425.5,428.0,424.5,425.5,2415,431.23,2408
2026-07-14 10:45:00,425.0,428.0,425.0,428.0,909,431.17,2408
2026-07-14 10:50:00,428.0,429.5,424.0,424.5,1542,431.08,2408
2026-07-14 10:55:00,424.0,425.0,423.5,424.5,605,431.02,2408
2026-07-14 11:00:00,424.5,425.0,422.0,423.5,883,430.92,2408
2026-07-14 11:05:00,423.0,423.5,420.5,420.5,818,430.82,2408
2026-07-14 11:10:00,420.5,422.0,420.0,421.0,707,430.72,2408
2026-07-14 11:15:00,421.0,421.5,416.5,420.5,2052,430.39,2408
2026-07-14 11:20:00,420.0,420.0,417.0,418.5,1043,430.23,2408
2026-07-14 11:25:00,418.5,424.0,418.5,423.0,1180,430.1,2408
2026-07-14 11:30:00,423.5,425.5,423.0,424.0,993,430.03,2408
2026-07-14 11:35:00,423.5,425.5,423.5,425.5,517,429.99,2408
2026-07-14 11:40:00,425.0,427.5,424.0,426.0,1095,429.94,2408
2026-07-14 11:45:00,426.5,429.5,425.5,429.5,1578,429.9,2408
2026-07-14 11:50:00,429.5,433.0,427.0,433.0,3072,429.92,2408
2026-07-14 11:55:00,433.0,433.5,431.0,433.5,1844,429.98,2408
2026-07-14 12:00:00,433.5,433.5,430.5,431.0,1333,430.01,2408
2026-07-14 12:05:00,431.0,431.5,428.5,429.0,943,430.02,2408
2026-07-14 12:10:00,429.0,429.0,424.5,426.0,1102,429.97,2408
2026-07-14 12:15:00,426.0,426.0,422.5,424.5,1236,429.89,2408
2026-07-14 12:20:00,424.5,426.5,424.0,425.0,715,429.85,2408
2026-07-14 12:25:00,425.0,429.5,425.0,429.0,762,429.84,2408
2026-07-14 12:30:00,429.0,433.0,428.5,432.5,1312,429.86,2408
2026-07-14 12:35:00,432.5,435.5,432.5,434.0,2500,429.98,2408
2026-07-14 12:40:00,434.5,438.5,433.5,438.5,2384,430.13,2408
2026-07-14 12:45:00,438.5,445.5,438.0,443.0,6082,430.85,2408
2026-07-14 12:50:00,443.0,443.0,438.0,439.5,2056,431.03,2408
2026-07-14 12:55:00,439.5,443.0,438.5,442.5,1204,431.13,2408
2026-07-14 13:00:00,442.5,442.5,439.0,441.5,1350,431.25,2408
2026-07-14 13:05:00,441.5,444.0,440.5,443.5,1483,431.4,2408
2026-07-14 13:10:00,443.5,446.0,443.5,445.5,2455,431.7,2408
2026-07-14 13:15:00,445.0,447.0,444.5,447.0,1938,431.94,2408
2026-07-14 13:20:00,447.0,449.0,446.5,447.5,2947,432.33,2408
2026-07-14 13:30:00,448.0,448.0,448.0,448.0,3903,432.84,2408
2026-07-15 09:00:00,460.0,476.0,453.5,475.5,18876,462.09,2408
2026-07-15 09:05:00,476.0,480.5,467.5,468.0,17070,468.01,2408
2026-07-15 09:10:00,468.0,471.5,462.5,464.5,7905,467.82,2408
2026-07-15 09:15:00,464.5,467.5,462.0,465.5,5758,467.44,2408
2026-07-15 09:20:00,465.5,471.5,465.0,471.0,6327,467.57,2408
2026-07-15 09:25:00,470.5,473.0,469.5,470.0,4843,467.85,2408
2026-07-15 09:30:00,470.5,473.0,469.0,473.0,2428,467.97,2408
2026-07-15 09:35:00,473.0,475.0,471.0,474.5,4548,468.35,2408
2026-07-15 09:40:00,474.5,476.0,470.5,471.5,4608,468.71,2408
2026-07-15 09:45:00,472.0,473.0,468.0,470.0,2192,468.77,2408
2026-07-15 09:50:00,470.0,470.5,468.0,470.0,1631,468.77,2408
2026-07-15 09:55:00,470.5,472.0,470.0,471.0,1029,468.81,2408
2026-07-15 10:00:00,471.0,471.5,469.5,470.5,940,468.83,2408
2026-07-15 10:05:00,470.0,472.0,469.0,470.0,956,468.84,2408
2026-07-15 10:10:00,470.0,470.0,467.5,469.5,1538,468.84,2408
2026-07-15 10:15:00,469.0,469.5,468.0,468.0,697,468.84,2408
2026-07-15 10:20:00,468.0,468.5,465.5,466.0,1826,468.79,2408
2026-07-15 10:25:00,466.0,467.5,465.5,467.0,1127,468.76,2408
2026-07-15 10:30:00,467.5,473.0,467.0,472.5,2540,468.83,2408
2026-07-15 10:35:00,472.5,472.5,470.0,470.0,744,468.85,2408
2026-07-15 10:40:00,470.0,470.5,468.0,468.5,643,468.85,2408
2026-07-15 10:45:00,469.0,470.0,468.0,470.0,410,468.85,2408
2026-07-15 10:50:00,469.5,471.0,469.5,470.5,435,468.86,2408
2026-07-15 10:55:00,470.0,470.5,468.5,469.0,531,468.86,2408
2026-07-15 11:00:00,469.0,469.0,467.5,469.0,589,468.86,2408
2026-07-15 11:05:00,468.5,474.0,468.0,473.5,2877,468.95,2408
2026-07-15 11:10:00,473.5,476.5,471.0,476.0,5707,469.27,2408
2026-07-15 11:15:00,475.5,479.0,475.0,478.5,5281,469.7,2408
2026-07-15 11:20:00,478.5,479.0,475.5,477.5,2120,469.85,2408
2026-07-15 11:25:00,477.0,479.0,476.0,477.0,1584,469.97,2408
2026-07-15 11:30:00,477.0,483.5,476.5,483.0,8475,470.75,2408
2026-07-15 11:35:00,483.0,483.0,478.5,480.0,1836,470.9,2408
2026-07-15 11:40:00,480.0,480.5,477.5,478.0,1045,470.97,2408
2026-07-15 11:45:00,478.0,479.0,478.0,478.5,762,471.02,2408
2026-07-15 11:50:00,479.0,481.0,477.5,481.0,1304,471.1,2408
2026-07-15 11:55:00,481.0,485.0,480.5,483.0,3191,471.42,2408
2026-07-15 12:00:00,483.5,486.0,480.5,481.0,3430,471.75,2408
2026-07-15 12:05:00,481.0,481.5,479.0,479.0,1075,471.82,2408
2026-07-15 12:10:00,479.0,482.0,478.5,480.5,1176,471.9,2408
2026-07-15 12:15:00,481.0,484.5,480.5,483.5,1239,472.0,2408
2026-07-15 12:20:00,483.5,484.0,481.5,482.0,910,472.08,2408
2026-07-15 12:25:00,482.0,486.0,481.5,484.5,1697,472.23,2408
2026-07-15 12:30:00,485.0,489.5,484.5,489.0,4449,472.73,2408
2026-07-15 12:35:00,489.0,489.5,487.0,487.0,1420,472.89,2408
2026-07-15 12:40:00,487.5,488.0,485.5,486.5,1227,473.01,2408
2026-07-15 12:45:00,487.0,487.0,483.5,483.5,1053,473.1,2408
2026-07-15 12:50:00,484.0,486.0,483.0,485.5,1000,473.18,2408
2026-07-15 12:55:00,486.0,487.5,485.5,485.5,1167,473.29,2408
2026-07-15 13:00:00,486.0,486.5,484.0,484.5,757,473.35,2408
2026-07-15 13:05:00,485.0,485.0,483.0,484.0,1331,473.44,2408
2026-07-15 13:10:00,484.5,487.0,483.0,483.5,1549,473.56,2408
2026-07-15 13:15:00,484.0,484.0,482.0,482.5,1694,473.66,2408
2026-07-15 13:20:00,483.0,483.0,480.5,480.5,2549,473.8,2408
2026-07-15 13:30:00,481.0,481.0,481.0,481.0,2993,473.94,2408
2026-07-16 09:00:00,463.0,463.0,452.0,459.5,13061,457.47,2408
2026-07-16 09:05:00,459.5,460.0,452.5,455.0,5555,457.09,2408
2026-07-16 09:10:00,454.5,457.5,451.0,453.0,3430,456.52,2408
2026-07-16 09:15:00,453.0,454.5,451.5,451.5,2547,456.12,2408
2026-07-16 09:20:00,451.0,452.0,447.5,448.0,6101,454.75,2408
2026-07-16 09:25:00,447.5,448.5,443.5,447.0,3798,453.77,2408
2026-07-16 09:30:00,447.5,449.5,446.0,447.5,1670,453.49,2408
2026-07-16 09:35:00,447.5,451.0,447.5,450.5,1617,453.33,2408
2026-07-16 09:40:00,450.5,451.5,448.0,448.0,1121,453.24,2408
2026-07-16 09:45:00,448.0,452.0,448.0,452.0,1009,453.17,2408
2026-07-16 09:50:00,451.5,453.5,450.5,451.5,1316,453.14,2408
2026-07-16 09:55:00,452.0,453.5,449.0,451.0,1392,453.09,2408
2026-07-16 10:00:00,450.5,450.5,448.0,448.5,797,453.02,2408
2026-07-16 10:05:00,449.5,449.5,448.0,449.0,505,452.97,2408
2026-07-16 10:10:00,449.0,451.0,448.0,450.5,394,452.94,2408
2026-07-16 10:15:00,450.5,451.5,450.5,450.5,313,452.93,2408
2026-07-16 10:20:00,451.0,452.5,450.5,452.0,504,452.91,2408
2026-07-16 10:25:00,452.5,452.5,450.0,451.0,725,452.89,2408
2026-07-16 10:30:00,451.0,451.5,450.0,451.5,404,452.87,2408
2026-07-16 10:35:00,451.5,454.0,451.0,451.0,1478,452.86,2408
2026-07-16 10:40:00,451.0,452.0,451.0,451.0,462,452.85,2408
2026-07-16 10:45:00,451.5,452.5,451.0,451.5,385,452.84,2408
2026-07-16 10:50:00,451.5,452.5,451.0,452.0,491,452.83,2408
2026-07-16 10:55:00,452.5,454.0,452.0,453.0,908,452.83,2408
2026-07-16 11:00:00,453.0,453.5,451.0,451.5,587,452.82,2408
2026-07-16 11:05:00,451.0,452.5,451.0,452.0,380,452.81,2408
2026-07-16 11:10:00,452.5,453.0,451.0,452.5,698,452.8,2408
2026-07-16 11:15:00,452.5,453.0,450.5,450.5,798,452.78,2408
2026-07-16 11:20:00,450.5,451.0,449.5,449.5,1149,452.72,2408
2026-07-16 11:25:00,449.5,450.0,448.0,448.5,953,452.65,2408
2026-07-16 11:30:00,448.5,449.5,448.0,449.0,529,452.61,2408
2026-07-16 11:35:00,449.0,450.0,449.0,449.0,263,452.59,2408
2026-07-16 11:40:00,449.0,450.0,449.0,449.0,280,452.58,2408
2026-07-16 11:45:00,449.5,450.0,449.0,450.0,227,452.56,2408
2026-07-16 11:50:00,449.5,450.0,449.0,449.0,209,452.55,2408
2026-07-16 11:55:00,449.5,450.5,449.0,450.0,243,452.54,2408
2026-07-16 12:00:00,450.0,451.0,449.5,450.0,368,452.53,2408
2026-07-16 12:05:00,450.0,451.0,449.5,451.0,286,452.52,2408
2026-07-16 12:10:00,450.5,451.0,450.5,450.5,204,452.51,2408
2026-07-16 12:15:00,450.5,451.0,449.0,449.0,619,452.48,2408
2026-07-16 12:20:00,449.0,449.5,445.5,446.0,1855,452.32,2408
2026-07-16 12:25:00,446.0,446.0,444.0,446.0,1983,452.08,2408
2026-07-16 12:30:00,446.0,448.0,446.0,447.5,447,452.04,2408
2026-07-16 12:35:00,447.0,447.0,445.0,445.5,513,451.99,2408
2026-07-16 12:40:00,445.5,445.5,440.5,441.0,1998,451.71,2408
2026-07-16 12:45:00,440.5,442.5,440.0,441.0,1799,451.42,2408
2026-07-16 12:50:00,441.0,441.5,440.0,440.0,828,451.28,2408
2026-07-16 12:55:00,440.5,441.0,436.5,438.5,3292,450.68,2408
2026-07-16 13:00:00,438.5,442.5,438.5,441.0,1134,450.52,2408
2026-07-16 13:05:00,441.5,442.0,438.5,439.0,875,450.39,2408
2026-07-16 13:10:00,439.5,440.0,437.0,437.5,2059,450.06,2408
2026-07-16 13:15:00,438.0,438.5,435.5,436.0,2471,449.63,2408
2026-07-16 13:20:00,435.5,439.0,435.5,438.5,2794,449.18,2408
2026-07-16 13:30:00,439.0,439.0,439.0,439.0,2981,448.81,2408
2026-07-17 09:00:00,400.5,410.0,400.0,400.5,12497,403.23,2408
2026-07-17 09:05:00,400.5,407.0,399.0,407.0,4992,402.79,2408
2026-07-17 09:10:00,406.5,409.5,405.5,409.5,2992,403.52,2408
2026-07-17 09:15:00,409.0,413.5,409.0,413.5,3524,404.6,2408
2026-07-17 09:20:00,413.0,413.5,410.5,411.5,1966,405.19,2408
2026-07-17 09:25:00,411.0,411.5,409.5,410.5,1390,405.45,2408
2026-07-17 09:30:00,410.5,410.5,404.0,404.5,2822,405.57,2408
2026-07-17 09:35:00,404.5,408.0,403.0,406.0,2277,405.54,2408
2026-07-17 09:40:00,406.0,407.0,405.0,405.5,705,405.56,2408
2026-07-17 09:45:00,405.0,405.5,403.5,404.0,1473,405.51,2408
2026-07-17 09:50:00,404.5,405.0,402.5,403.0,1352,405.44,2408
2026-07-17 09:55:00,403.0,405.5,402.5,403.0,856,405.39,2408
2026-07-17 10:00:00,403.0,403.5,402.0,402.5,569,405.35,2408
2026-07-17 10:05:00,403.0,403.0,399.5,399.5,2991,405.02,2408
2026-07-17 10:10:00,399.5,400.0,396.5,397.0,3646,404.45,2408
2026-07-17 10:15:00,397.5,401.5,397.0,401.5,1536,404.25,2408
2026-07-17 10:20:00,401.0,401.5,399.5,400.0,535,404.21,2408
2026-07-17 10:25:00,400.0,401.0,398.5,399.5,750,404.14,2408
2026-07-17 10:30:00,399.5,400.0,398.0,398.5,387,404.09,2408
2026-07-17 10:35:00,398.5,399.0,396.5,396.5,1397,403.89,2408
2026-07-17 10:40:00,397.0,398.0,396.5,397.5,586,403.82,2408
2026-07-17 10:45:00,397.5,399.5,397.5,397.5,811,403.73,2408
2026-07-17 10:50:00,397.5,398.0,396.5,396.5,984,403.6,2408
2026-07-17 10:55:00,396.5,397.0,396.0,396.5,1167,403.44,2408
2026-07-17 11:00:00,396.5,401.0,396.5,400.5,768,403.37,2408
2026-07-17 11:05:00,401.0,403.0,400.0,400.0,1103,403.34,2408
2026-07-17 11:10:00,400.5,400.5,399.0,399.0,354,403.32,2408
2026-07-17 11:15:00,399.5,401.0,399.5,401.0,294,403.3,2408
2026-07-17 11:20:00,401.0,402.0,401.0,402.0,345,403.29,2408
2026-07-17 11:25:00,402.0,404.5,401.0,404.0,1183,403.29,2408
2026-07-17 11:30:00,403.5,403.5,400.0,400.5,505,403.27,2408
2026-07-17 11:35:00,400.0,401.5,398.0,399.5,1079,403.2,2408
2026-07-17 11:40:00,400.0,401.0,399.5,399.5,346,403.19,2408
2026-07-17 11:45:00,399.5,400.0,399.0,399.0,326,403.16,2408
2026-07-17 11:50:00,399.0,399.0,397.0,397.5,877,403.09,2408
2026-07-17 11:55:00,397.5,398.0,397.0,397.5,623,403.03,2408
2026-07-17 12:00:00,397.5,398.0,396.5,396.5,724,402.96,2408
2026-07-17 12:05:00,396.5,397.0,396.0,396.0,2225,402.72,2408
2026-07-17 12:10:00,396.0,397.0,395.5,397.0,2056,402.5,2408
2026-07-17 12:15:00,397.0,397.5,396.5,397.5,261,402.48,2408
2026-07-17 12:20:00,397.0,397.5,396.0,396.5,480,402.44,2408
2026-07-17 12:25:00,396.5,396.5,395.5,396.0,1058,402.33,2408
2026-07-17 12:30:00,396.0,396.0,395.5,395.5,2043,402.13,2408
2026-07-17 12:35:00,396.0,396.0,395.5,395.5,1595,401.98,2408
2026-07-17 12:40:00,395.5,396.0,395.5,395.5,1219,401.88,2408
2026-07-17 12:45:00,396.0,396.5,395.5,396.0,574,401.83,2408
2026-07-17 12:50:00,396.5,397.0,395.5,395.5,858,401.76,2408
2026-07-17 12:55:00,395.5,396.0,395.5,396.0,588,401.71,2408
2026-07-17 13:00:00,396.0,396.0,395.5,395.5,2455,401.51,2408
2026-07-17 13:05:00,395.5,396.0,395.5,395.5,1106,401.43,2408
2026-07-17 13:10:00,395.5,395.5,395.5,395.5,452,401.39,2408
2026-07-17 13:15:00,395.5,395.5,395.5,395.5,489,401.35,2408
2026-07-17 13:20:00,395.5,395.5,395.5,395.5,467,401.32,2408
2026-07-17 13:30:00,395.5,395.5,395.5,395.5,861,401.26,2408
2026-07-20 09:00:00,396.0,397.5,390.0,394.5,8205,394.87,2408
2026-07-20 09:05:00,394.5,406.0,394.0,402.5,7150,398.09,2408
2026-07-20 09:10:00,403.0,404.5,393.5,394.0,3720,398.27,2408
2026-07-20 09:15:00,394.5,395.5,388.5,389.0,4749,396.97,2408
2026-07-20 09:20:00,389.0,391.0,382.0,390.0,4490,395.39,2408
2026-07-20 09:25:00,389.5,392.0,380.5,380.5,2914,394.49,2408
2026-07-20 09:30:00,381.5,389.0,380.5,387.0,3277,393.5,2408
2026-07-20 09:35:00,387.0,394.0,385.0,392.0,2869,393.33,2408
2026-07-20 09:40:00,392.0,392.5,388.5,391.5,1024,393.24,2408
2026-07-20 09:45:00,391.5,396.0,390.5,396.0,1823,393.29,2408
2026-07-20 09:50:00,396.0,396.0,391.5,392.5,1226,393.3,2408
2026-07-20 09:55:00,392.5,393.0,390.0,392.0,746,393.26,2408
2026-07-20 10:00:00,392.0,395.5,391.5,395.0,965,393.29,2408
2026-07-20 10:05:00,395.0,395.5,393.0,394.5,750,393.31,2408
2026-07-20 10:10:00,395.0,395.0,392.0,392.0,560,393.31,2408
2026-07-20 10:15:00,392.0,392.0,386.5,387.5,1210,393.2,2408
2026-07-20 10:20:00,387.5,389.0,385.0,388.0,1447,393.01,2408
2026-07-20 10:25:00,388.0,389.5,386.0,389.0,412,392.96,2408
2026-07-20 10:30:00,389.5,391.5,388.5,391.0,508,392.93,2408
2026-07-20 10:35:00,391.0,391.0,389.5,390.0,265,392.92,2408
2026-07-20 10:40:00,390.0,395.0,389.5,394.0,1086,392.92,2408
2026-07-20 10:45:00,393.0,394.0,392.0,393.5,289,392.92,2408
2026-07-20 10:50:00,393.5,394.0,392.5,392.5,272,392.92,2408
2026-07-20 10:55:00,392.5,394.0,391.5,392.0,369,392.92,2408
2026-07-20 11:00:00,392.0,394.0,390.5,391.5,459,392.91,2408
2026-07-20 11:05:00,391.5,391.5,389.0,391.0,513,392.89,2408
2026-07-20 11:10:00,390.5,393.0,390.5,392.0,330,392.88,2408
2026-07-20 11:15:00,391.5,392.5,391.0,391.0,235,392.87,2408
2026-07-20 11:20:00,391.0,391.5,390.0,391.5,314,392.86,2408
2026-07-20 11:25:00,391.0,391.0,390.5,390.5,178,392.85,2408
2026-07-20 11:30:00,390.5,392.5,390.5,391.0,180,392.85,2408
2026-07-20 11:35:00,391.0,393.0,391.0,392.0,333,392.84,2408
2026-07-20 11:40:00,392.0,393.5,392.0,393.0,411,392.84,2408
2026-07-20 11:45:00,393.0,394.0,392.5,394.0,367,392.85,2408
2026-07-20 11:50:00,394.0,394.5,393.5,394.5,472,392.86,2408
2026-07-20 11:55:00,394.5,394.5,392.5,393.0,533,392.86,2408
2026-07-20 12:00:00,393.0,395.5,393.0,395.5,1153,392.91,2408
2026-07-20 12:05:00,395.5,395.5,393.5,393.5,629,392.93,2408
2026-07-20 12:10:00,393.5,394.0,392.5,393.5,417,392.93,2408
2026-07-20 12:15:00,393.5,393.5,391.0,391.0,459,392.92,2408
2026-07-20 12:20:00,391.0,392.5,391.0,391.5,297,392.91,2408
2026-07-20 12:25:00,392.0,394.0,391.5,393.0,264,392.91,2408
2026-07-20 12:30:00,393.5,394.0,393.0,393.5,243,392.92,2408
2026-07-20 12:35:00,393.5,395.5,392.5,395.0,880,392.94,2408
2026-07-20 12:40:00,395.0,395.5,393.5,395.0,389,392.95,2408
2026-07-20 12:45:00,394.5,395.0,393.5,393.5,321,392.96,2408
2026-07-20 12:50:00,394.0,394.0,391.5,392.0,510,392.95,2408
2026-07-20 12:55:00,392.0,392.5,391.0,391.0,426,392.94,2408
2026-07-20 13:00:00,391.0,391.5,388.0,388.0,1465,392.87,2408
2026-07-20 13:05:00,388.0,388.5,386.0,386.0,942,392.79,2408
2026-07-20 13:10:00,386.0,387.0,384.0,386.5,1849,392.58,2408
2026-07-20 13:15:00,386.5,388.0,386.0,387.5,897,392.51,2408
2026-07-20 13:20:00,387.0,387.5,382.5,382.5,2554,392.19,2408
2026-07-20 13:30:00,381.0,381.0,381.0,381.0,3325,391.67,2408
2026-07-21 09:00:00,392.5,399.5,389.0,398.5,8998,393.74,2408
2026-07-21 09:05:00,398.5,400.0,395.5,398.0,3494,395.03,2408
2026-07-21 09:10:00,398.5,399.0,395.0,395.0,2112,395.34,2408
2026-07-21 09:15:00,395.5,398.0,394.0,395.0,1867,395.4,2408
2026-07-21 09:20:00,395.5,396.0,392.5,395.0,1817,395.25,2408
2026-07-21 09:25:00,395.0,398.0,394.5,397.0,1142,395.31,2408
2026-07-21 09:30:00,397.0,398.0,396.0,397.0,944,395.39,2408
2026-07-21 09:35:00,396.5,397.5,395.0,395.5,692,395.42,2408
2026-07-21 09:40:00,395.5,397.0,394.5,394.5,662,395.42,2408
2026-07-21 09:45:00,394.0,395.5,393.0,393.5,764,395.38,2408
2026-07-21 09:50:00,393.0,395.0,392.0,395.0,982,395.29,2408
2026-07-21 09:55:00,394.0,394.5,393.0,393.0,625,395.24,2408
2026-07-21 10:00:00,393.0,396.0,392.5,395.5,658,395.22,2408
2026-07-21 10:05:00,395.5,397.0,395.0,396.0,742,395.24,2408
2026-07-21 10:10:00,396.0,400.0,394.5,400.0,3655,395.61,2408
2026-07-21 10:15:00,399.5,401.0,396.5,396.5,2211,395.89,2408
2026-07-21 10:20:00,396.5,399.0,396.5,398.5,565,395.92,2408
2026-07-21 10:25:00,399.0,401.0,399.0,399.5,1286,396.09,2408
2026-07-21 10:30:00,399.5,403.0,399.5,402.0,1757,396.36,2408
2026-07-21 10:35:00,402.0,404.0,401.5,403.5,1164,396.58,2408
2026-07-21 10:40:00,403.5,404.5,401.5,403.5,840,396.72,2408
2026-07-21 10:45:00,403.5,404.5,399.5,399.5,1448,396.9,2408
2026-07-21 10:50:00,399.5,400.5,398.5,399.0,593,396.94,2408
2026-07-21 10:55:00,399.0,399.5,398.0,398.5,370,396.95,2408
2026-07-21 11:00:00,398.5,399.5,397.5,398.0,595,396.98,2408
2026-07-21 11:05:00,397.5,398.0,396.0,396.5,691,396.98,2408
2026-07-21 11:10:00,397.0,399.5,396.5,399.5,444,396.99,2408
2026-07-21 11:15:00,399.0,399.5,399.0,399.0,212,397.0,2408
2026-07-21 11:20:00,399.0,401.0,399.0,400.5,371,397.03,2408
2026-07-21 11:25:00,401.0,401.0,399.5,400.0,266,397.05,2408
2026-07-21 11:30:00,399.5,400.5,399.5,400.0,264,397.07,2408
2026-07-21 11:35:00,400.0,405.5,400.0,405.5,1992,397.37,2408
2026-07-21 11:40:00,405.0,413.0,404.5,410.5,4310,398.41,2408
2026-07-21 11:45:00,410.5,412.5,409.0,411.5,1361,398.74,2408
2026-07-21 11:50:00,411.5,411.5,408.0,409.5,738,398.9,2408
2026-07-21 11:55:00,409.5,410.0,408.5,409.0,414,398.98,2408
2026-07-21 12:00:00,409.0,409.5,407.5,408.0,738,399.11,2408
2026-07-21 12:05:00,408.0,409.0,407.0,407.5,516,399.2,2408
2026-07-21 12:10:00,407.5,414.0,407.5,412.0,1730,399.6,2408
2026-07-21 12:15:00,412.0,415.0,412.0,412.5,1265,399.92,2408
2026-07-21 12:20:00,412.0,412.5,409.5,410.5,630,400.04,2408
2026-07-21 12:25:00,410.5,411.0,409.0,410.0,460,400.12,2408
2026-07-21 12:30:00,410.0,411.0,409.0,409.0,536,400.22,2408
2026-07-21 12:35:00,409.0,410.5,408.5,409.0,520,400.3,2408
2026-07-21 12:40:00,409.0,410.0,408.5,409.5,591,400.39,2408
2026-07-21 12:45:00,410.0,411.0,410.0,411.0,335,400.45,2408
2026-07-21 12:50:00,410.5,411.0,409.0,409.0,588,400.54,2408
2026-07-21 12:55:00,409.0,410.0,409.0,409.0,487,400.61,2408
2026-07-21 13:00:00,409.0,412.0,409.0,411.0,865,400.76,2408
2026-07-21 13:05:00,411.0,411.0,408.0,408.5,893,400.89,2408
2026-07-21 13:10:00,409.0,409.0,406.0,406.5,1612,401.05,2408
2026-07-21 13:15:00,406.5,407.0,405.0,406.0,1285,401.16,2408
2026-07-21 13:20:00,406.5,406.5,403.5,404.5,2188,401.26,2408
2026-07-21 13:30:00,405.0,405.0,405.0,405.0,2211,401.39,2408
2026-07-22 09:00:00,435.0,437.0,431.5,434.0,10922,434.32,2408
2026-07-22 09:05:00,434.5,442.0,434.5,440.0,6303,435.98,2408
2026-07-22 09:10:00,439.5,445.0,438.5,444.0,4629,437.31,2408
2026-07-22 09:15:00,443.5,445.0,443.5,444.0,2997,438.14,2408
2026-07-22 09:20:00,443.5,444.0,438.0,439.0,2515,438.41,2408
2026-07-22 09:25:00,439.0,441.5,436.0,436.5,2397,438.44,2408
2026-07-22 09:30:00,437.0,438.5,434.5,438.0,2539,438.27,2408
2026-07-22 09:35:00,438.0,441.5,437.0,440.0,1642,438.35,2408
2026-07-22 09:40:00,440.0,440.0,437.0,439.0,703,438.35,2408
2026-07-22 09:45:00,439.5,442.5,439.0,442.5,1582,438.47,2408
2026-07-22 09:50:00,442.5,444.0,441.5,443.0,1605,438.65,2408
2026-07-22 09:55:00,443.5,443.5,441.0,441.0,448,438.7,2408
2026-07-22 10:00:00,441.5,442.5,440.5,442.0,678,438.74,2408
2026-07-22 10:05:00,442.0,442.5,440.5,441.0,432,438.77,2408
2026-07-22 10:10:00,441.0,442.5,441.0,442.0,392,438.81,2408
2026-07-22 10:15:00,442.0,443.5,442.0,443.0,997,438.9,2408
2026-07-22 10:20:00,443.5,444.5,443.0,443.5,1292,439.06,2408
2026-07-22 10:25:00,443.5,444.0,443.0,444.0,361,439.1,2408
2026-07-22 10:30:00,443.5,445.5,443.5,445.0,4426,439.65,2408
2026-07-22 10:35:00,445.0,445.5,444.5,445.5,7911,440.49,2408
2026-07-22 10:40:00,445.5,445.5,445.5,445.5,350,440.52,2408
2026-07-22 10:45:00,445.5,445.5,445.5,445.5,199,440.53,2408
2026-07-22 10:50:00,445.5,445.5,445.5,445.5,239,440.56,2408
2026-07-22 10:55:00,445.5,445.5,445.5,445.5,175,440.57,2408
2026-07-22 11:00:00,445.5,445.5,445.5,445.5,116,440.58,2408
2026-07-22 11:05:00,445.5,445.5,445.5,445.5,132,440.59,2408
2026-07-22 11:10:00,445.5,445.5,445.5,445.5,160,440.61,2408
2026-07-22 11:15:00,445.5,445.5,445.5,445.5,190,440.62,2408
2026-07-22 11:20:00,445.5,445.5,445.5,445.5,156,440.64,2408
2026-07-22 11:25:00,445.5,445.5,445.5,445.5,60,440.64,2408
2026-07-22 11:30:00,445.5,445.5,445.5,445.5,182,440.66,2408
2026-07-22 11:35:00,445.5,445.5,445.5,445.5,77,440.66,2408
2026-07-22 11:40:00,445.5,445.5,445.5,445.5,108,440.67,2408
2026-07-22 11:45:00,445.5,445.5,445.5,445.5,57,440.68,2408
2026-07-22 11:50:00,445.5,445.5,445.5,445.5,65,440.68,2408
2026-07-22 11:55:00,445.5,445.5,445.5,445.5,97,440.69,2408
2026-07-22 12:00:00,445.5,445.5,445.5,445.5,66,440.7,2408
2026-07-22 12:05:00,445.5,445.5,445.5,445.5,52,440.7,2408
2026-07-22 12:10:00,445.5,445.5,445.5,445.5,86,440.71,2408
2026-07-22 12:15:00,445.5,445.5,445.5,445.5,59,440.71,2408
2026-07-22 12:20:00,445.5,445.5,445.5,445.5,81,440.72,2408
2026-07-22 12:25:00,445.5,445.5,445.5,445.5,112,440.73,2408
2026-07-22 12:30:00,445.5,445.5,445.5,445.5,46,440.73,2408
2026-07-22 12:35:00,445.5,445.5,445.5,445.5,61,440.74,2408
2026-07-22 12:40:00,445.5,445.5,445.5,445.5,78,440.75,2408
2026-07-22 12:45:00,445.5,445.5,445.5,445.5,62,440.75,2408
2026-07-22 12:50:00,445.5,445.5,445.5,445.5,55,440.76,2408
2026-07-22 12:55:00,445.5,445.5,445.5,445.5,90,440.76,2408
2026-07-22 13:00:00,445.5,445.5,445.5,445.5,112,440.77,2408
2026-07-22 13:05:00,445.5,445.5,445.5,445.5,177,440.79,2408
2026-07-22 13:10:00,445.5,445.5,445.5,445.5,1406,440.9,2408
2026-07-22 13:15:00,445.5,445.5,445.5,445.5,531,440.94,2408
2026-07-22 13:20:00,445.5,445.5,445.5,445.5,665,440.99,2408
2026-07-22 13:30:00,445.5,445.5,445.5,445.5,297,441.01,2408
2026-07-23 09:00:00,452.0,452.0,442.0,445.5,11618,448.34,2408
2026-07-23 09:05:00,445.5,450.0,445.0,447.5,3290,448.24,2408
2026-07-23 09:10:00,447.0,450.0,445.0,446.0,3616,448.03,2408
2026-07-23 09:15:00,446.0,449.0,445.5,449.0,1756,448.02,2408
2026-07-23 09:20:00,449.0,449.5,447.0,448.0,1250,448.03,2408
2026-07-23 09:25:00,447.5,448.5,446.5,446.5,1547,448.0,2408
2026-07-23 09:30:00,447.0,448.0,445.0,448.0,1079,447.92,2408
2026-07-23 09:35:00,448.0,449.0,447.5,449.0,666,447.93,2408
2026-07-23 09:40:00,449.0,449.0,446.0,446.0,1393,447.92,2408
2026-07-23 09:45:00,446.5,447.0,443.5,444.5,1676,447.75,2408
2026-07-23 09:50:00,444.0,446.0,440.5,440.5,2620,447.3,2408
2026-07-23 09:55:00,440.5,443.5,440.5,440.5,1532,447.03,2408
2026-07-23 10:00:00,441.0,441.5,436.0,439.0,3140,446.28,2408
2026-07-23 10:05:00,439.0,440.0,437.0,437.5,1033,446.06,2408
2026-07-23 10:10:00,437.5,437.5,435.0,436.0,1254,445.73,2408
2026-07-23 10:15:00,436.0,438.0,432.5,432.5,3301,444.82,2408
2026-07-23 10:20:00,432.5,433.0,428.0,429.0,4661,443.3,2408
2026-07-23 10:25:00,429.5,432.0,426.0,432.0,3091,442.32,2408
2026-07-23 10:30:00,432.0,434.0,429.5,432.5,2004,441.89,2408
2026-07-23 10:35:00,433.0,433.0,427.5,428.5,1367,441.58,2408
2026-07-23 10:40:00,428.5,429.5,426.5,427.5,1279,441.24,2408
2026-07-23 10:45:00,428.0,430.0,427.5,428.0,642,441.1,2408
2026-07-23 10:50:00,428.0,429.5,427.5,429.0,552,440.97,2408
2026-07-23 10:55:00,429.0,429.0,427.5,429.0,425,440.87,2408
2026-07-23 11:00:00,429.0,429.5,427.5,428.5,496,440.76,2408
2026-07-23 11:05:00,428.5,428.5,424.5,425.5,2653,440.08,2408
2026-07-23 11:10:00,425.0,426.0,421.0,424.5,1944,439.53,2408
2026-07-23 11:15:00,424.5,425.0,421.5,423.0,1002,439.25,2408
2026-07-23 11:20:00,423.5,424.5,423.5,424.0,403,439.15,2408
2026-07-23 11:25:00,424.0,424.5,422.5,424.0,739,438.97,2408
2026-07-23 11:30:00,424.5,425.0,422.0,422.0,476,438.85,2408
2026-07-23 11:35:00,422.0,423.5,421.5,423.0,647,438.68,2408
2026-07-23 11:40:00,423.0,424.5,422.5,424.0,408,438.58,2408
2026-07-23 11:45:00,424.5,424.5,422.0,422.5,367,438.5,2408
2026-07-23 11:50:00,422.5,424.0,422.5,424.0,403,438.4,2408
2026-07-23 11:55:00,424.0,424.0,421.0,421.0,862,438.19,2408
2026-07-23 12:00:00,421.0,421.5,418.5,419.0,1762,437.71,2408
2026-07-23 12:05:00,419.0,419.5,415.0,417.0,2118,437.06,2408
2026-07-23 12:10:00,417.0,418.0,415.0,418.0,1129,436.73,2408
2026-07-23 12:15:00,418.0,418.5,415.5,416.0,779,436.51,2408
2026-07-23 12:20:00,416.5,420.5,416.0,420.5,830,436.3,2408
2026-07-23 12:25:00,420.5,423.5,420.0,422.0,1077,436.09,2408
2026-07-23 12:30:00,421.5,424.5,421.5,423.5,654,435.98,2408
2026-07-23 12:35:00,424.0,424.0,421.0,421.0,450,435.89,2408
2026-07-23 12:40:00,421.0,423.5,421.0,423.5,691,435.76,2408
2026-07-23 12:45:00,423.5,424.0,423.0,424.0,356,435.71,2408
2026-07-23 12:50:00,424.0,424.0,420.0,421.5,981,435.53,2408
2026-07-23 12:55:00,421.5,422.0,420.0,420.0,561,435.42,2408
2026-07-23 13:00:00,420.0,420.5,417.5,417.5,1112,435.18,2408
2026-07-23 13:05:00,418.0,418.5,416.5,417.5,1228,434.9,2408
2026-07-23 13:10:00,417.5,420.0,417.0,419.0,1134,434.67,2408
2026-07-23 13:15:00,419.0,422.5,418.0,422.5,1685,434.37,2408
2026-07-23 13:20:00,422.0,424.5,422.0,424.5,2690,434.03,2408
2026-07-23 13:30:00,426.0,426.0,426.0,426.0,3307,433.73,2408
2026-07-24 09:00:00,418.0,425.0,418.0,421.5,4778,420.14,2408
2026-07-24 09:05:00,421.5,427.5,420.0,423.5,4564,422.38,2408
2026-07-24 09:10:00,423.5,426.0,421.5,422.0,2315,422.61,2408
2026-07-24 09:15:00,422.0,425.0,421.5,422.5,1141,422.61,2408
2026-07-24 09:20:00,422.0,423.0,419.0,422.0,2237,422.36,2408
2026-07-24 09:25:00,421.5,425.5,421.5,424.0,1192,422.47,2408
2026-07-24 09:30:00,423.5,428.0,423.0,427.0,2816,423.08,2408
2026-07-24 09:35:00,427.0,431.0,426.5,429.5,3598,424.01,2408
2026-07-24 09:40:00,429.5,433.5,427.5,432.0,3302,424.84,2408
2026-07-24 09:45:00,432.5,433.0,427.0,427.0,1707,425.21,2408
2026-07-24 09:50:00,427.0,427.5,424.0,426.0,2127,425.24,2408
2026-07-24 09:55:00,426.0,426.0,423.0,424.0,974,425.21,2408
2026-07-24 10:00:00,424.0,424.5,423.5,424.0,527,425.19,2408
2026-07-24 10:05:00,424.0,424.0,420.5,422.0,1975,424.98,2408
2026-07-24 10:10:00,421.5,423.5,421.5,423.0,655,424.93,2408
2026-07-24 10:15:00,423.0,423.0,419.0,420.0,2099,424.67,2408
2026-07-24 10:20:00,420.0,420.0,416.0,416.0,3015,424.12,2408
2026-07-24 10:25:00,416.0,419.5,416.0,417.5,1167,423.95,2408
2026-07-24 10:30:00,417.0,417.5,412.5,413.0,2177,423.49,2408
2026-07-24 10:35:00,413.0,413.5,411.5,411.5,1827,423.02,2408
2026-07-24 10:40:00,412.0,412.0,408.5,412.0,2303,422.39,2408
2026-07-24 10:45:00,412.0,413.0,409.0,410.0,1088,422.13,2408
2026-07-24 10:50:00,410.0,410.5,408.5,410.5,1019,421.86,2408
2026-07-24 10:55:00,410.0,413.0,409.0,409.0,880,421.67,2408
2026-07-24 11:00:00,409.0,412.0,408.5,411.0,668,421.51,2408
2026-07-24 11:05:00,411.0,411.5,409.0,409.5,437,421.41,2408
2026-07-24 11:10:00,409.5,411.0,407.5,411.0,1126,421.14,2408
2026-07-24 11:15:00,411.5,412.5,410.5,411.0,603,421.03,2408
2026-07-24 11:20:00,411.0,411.5,410.0,410.5,340,420.97,2408
2026-07-24 11:25:00,410.5,414.5,410.5,414.5,726,420.86,2408
2026-07-24 11:30:00,414.5,414.5,410.0,410.5,717,420.75,2408
2026-07-24 11:35:00,410.5,411.5,410.0,411.0,338,420.69,2408
2026-07-24 11:40:00,411.0,411.5,410.5,411.0,226,420.65,2408
2026-07-24 11:45:00,410.5,411.0,409.5,409.5,558,420.54,2408
2026-07-24 11:50:00,409.5,409.5,407.0,408.0,1327,420.25,2408
2026-07-24 11:55:00,408.0,408.0,405.0,405.0,1544,419.87,2408
2026-07-24 12:00:00,405.0,405.5,402.5,404.0,1335,419.51,2408
2026-07-24 12:05:00,404.0,406.0,404.0,405.5,500,419.39,2408
2026-07-24 12:10:00,405.5,406.0,403.0,403.0,768,419.19,2408
2026-07-24 12:15:00,403.0,405.5,402.0,405.5,928,418.95,2408
2026-07-24 12:20:00,405.5,406.0,404.5,405.5,366,418.87,2408
2026-07-24 12:25:00,405.5,407.5,405.5,406.5,548,418.77,2408
2026-07-24 12:30:00,407.0,407.0,406.0,406.0,252,418.72,2408
2026-07-24 12:35:00,406.0,406.5,405.0,405.0,398,418.64,2408
2026-07-24 12:40:00,405.0,405.5,404.0,405.0,459,418.54,2408
2026-07-24 12:45:00,405.5,406.0,404.5,405.0,407,418.45,2408
2026-07-24 12:50:00,404.5,404.5,403.5,404.0,601,418.32,2408
2026-07-24 12:55:00,404.0,404.5,403.5,404.5,539,418.2,2408
2026-07-24 13:00:00,404.0,405.0,402.5,402.5,1399,417.89,2408
2026-07-24 13:05:00,402.5,404.0,402.0,404.0,1131,417.63,2408
2026-07-24 13:10:00,403.5,404.5,403.0,403.0,835,417.47,2408
2026-07-24 13:15:00,403.0,404.0,402.5,403.0,1562,417.15,2408
2026-07-24 13:20:00,403.0,405.5,402.5,404.5,2509,416.7,2408
2026-07-24 13:30:00,401.0,401.0,401.0,401.0,5647,415.56,2408
2026-07-27 09:00:00,401.5,406.5,397.5,400.0,6846,401.56,2408
2026-07-27 09:05:00,400.0,402.5,395.5,400.0,4057,400.69,2408
2026-07-27 09:10:00,400.5,401.5,393.5,395.5,3428,399.77,2408
2026-07-27 09:15:00,395.5,397.5,392.0,392.5,2392,399.02,2408
2026-07-27 09:20:00,392.0,393.5,389.0,391.5,2622,397.9,2408
2026-07-27 09:25:00,391.5,392.0,387.0,390.0,2514,396.88,2408
2026-07-27 09:30:00,390.5,394.5,390.5,393.5,1851,396.57,2408
2026-07-27 09:35:00,393.0,396.0,390.0,396.0,1420,396.4,2408
2026-07-27 09:40:00,396.0,397.0,394.0,395.0,1173,396.37,2408
2026-07-27 09:45:00,395.0,396.5,393.5,395.5,614,396.35,2408
2026-07-27 09:50:00,395.5,395.5,393.0,395.0,592,396.31,2408
2026-07-27 09:55:00,395.0,399.0,395.0,399.0,1104,396.34,2408
2026-07-27 10:00:00,399.0,399.5,397.5,397.5,845,396.4,2408
2026-07-27 10:05:00,397.5,398.0,396.5,397.0,366,396.41,2408
2026-07-27 10:10:00,397.5,399.5,397.0,398.0,664,396.46,2408
2026-07-27 10:15:00,398.0,399.5,396.5,398.0,458,396.48,2408
2026-07-27 10:20:00,398.0,399.0,396.0,397.5,403,396.5,2408
2026-07-27 10:25:00,398.0,400.0,398.0,400.0,660,396.55,2408
2026-07-27 10:30:00,399.5,400.0,397.0,398.0,780,396.61,2408
2026-07-27 10:35:00,398.0,399.0,397.5,398.5,220,396.62,2408
2026-07-27 10:40:00,399.0,399.5,398.5,399.5,242,396.64,2408
2026-07-27 10:45:00,399.5,401.0,399.0,399.5,1500,396.79,2408
2026-07-27 10:50:00,399.5,399.5,397.0,398.0,409,396.81,2408
2026-07-27 10:55:00,398.0,398.5,397.5,398.0,314,396.82,2408
2026-07-27 11:00:00,397.5,398.5,395.5,396.0,565,396.82,2408
2026-07-27 11:05:00,395.5,396.5,393.5,393.5,741,396.79,2408
2026-07-27 11:10:00,394.0,395.0,393.0,395.0,725,396.73,2408
2026-07-27 11:15:00,395.0,396.0,394.0,394.5,397,396.71,2408
2026-07-27 11:20:00,394.5,394.5,393.0,393.0,446,396.68,2408
2026-07-27 11:25:00,393.0,393.5,391.5,391.5,720,396.6,2408
2026-07-27 11:30:00,391.5,394.0,390.5,394.0,1080,396.47,2408
2026-07-27 11:35:00,394.0,394.5,392.0,392.0,322,396.45,2408
2026-07-27 11:40:00,392.0,394.0,392.0,393.0,343,396.42,2408
2026-07-27 11:45:00,393.0,393.5,392.0,392.5,254,396.39,2408
2026-07-27 11:50:00,392.5,393.5,392.0,393.5,172,396.38,2408
2026-07-27 11:55:00,393.5,394.5,392.5,393.5,251,396.36,2408
2026-07-27 12:00:00,394.0,395.0,394.0,394.5,201,396.35,2408
2026-07-27 12:05:00,394.5,395.0,394.0,395.0,258,396.34,2408
2026-07-27 12:10:00,395.0,395.5,394.5,394.5,259,396.33,2408
2026-07-27 12:15:00,394.5,397.0,394.5,396.5,612,396.33,2408
2026-07-27 12:20:00,396.5,399.0,396.0,397.5,917,396.36,2408
2026-07-27 12:25:00,398.0,401.5,397.5,401.5,1546,396.46,2408
2026-07-27 12:30:00,401.5,405.0,401.0,405.0,2417,396.8,2408
2026-07-27 12:35:00,405.0,406.0,403.0,406.0,2036,397.12,2408
2026-07-27 12:40:00,406.0,414.5,406.0,412.0,3934,398.12,2408
2026-07-27 12:45:00,412.0,417.0,411.0,417.0,2045,398.7,2408
2026-07-27 12:50:00,416.5,422.5,415.0,419.0,3607,399.94,2408
2026-07-27 12:55:00,419.0,424.5,418.5,423.5,2586,400.86,2408
2026-07-27 13:00:00,423.0,430.5,423.0,430.0,4381,402.68,2408
2026-07-27 13:05:00,430.0,432.0,428.0,432.0,2674,403.74,2408
2026-07-27 13:10:00,432.0,432.5,429.5,429.5,1721,404.41,2408
2026-07-27 13:15:00,429.5,435.0,429.5,435.0,2461,405.33,2408
2026-07-27 13:20:00,435.0,440.0,434.0,435.5,3677,406.84,2408
2026-07-27 13:30:00,436.0,436.0,436.0,436.0,2845,407.88,2408
2026-07-28 09:00:00,392.5,399.5,392.5,397.5,21038,393.7,2408
2026-07-28 09:05:00,396.5,398.0,392.5,393.0,4417,393.94,2408
2026-07-28 09:10:00,393.0,394.0,392.5,392.5,4666,393.73,2408
2026-07-28 09:15:00,392.5,392.5,392.5,392.5,728,393.7,2408
2026-07-28 09:20:00,392.5,394.0,392.5,394.0,9865,393.42,2408
2026-07-28 09:25:00,394.0,396.0,393.0,394.5,2648,393.5,2408
2026-07-28 09:30:00,394.5,394.5,392.5,392.5,3722,393.43,2408
2026-07-28 09:35:00,392.5,393.5,392.5,392.5,2014,393.4,2408
2026-07-28 09:40:00,392.5,392.5,392.5,392.5,462,393.39,2408
2026-07-28 09:45:00,392.5,392.5,392.5,392.5,345,393.38,2408
2026-07-28 09:50:00,392.5,394.0,392.5,392.5,3614,393.33,2408
2026-07-28 09:55:00,392.5,392.5,392.5,392.5,221,393.33,2408
2026-07-28 10:00:00,392.5,392.5,392.5,392.5,111,393.32,2408
2026-07-28 10:05:00,392.5,392.5,392.5,392.5,92,393.32,2408
2026-07-28 10:10:00,392.5,392.5,392.5,392.5,103,393.32,2408
2026-07-28 10:15:00,392.5,392.5,392.5,392.5,210,393.32,2408
2026-07-28 10:20:00,392.5,392.5,392.5,392.5,126,393.32,2408
2026-07-28 10:25:00,392.5,392.5,392.5,392.5,133,393.31,2408
2026-07-28 10:30:00,392.5,392.5,392.5,392.5,78,393.31,2408
2026-07-28 10:35:00,392.5,392.5,392.5,392.5,113,393.31,2408
2026-07-28 10:40:00,392.5,392.5,392.5,392.5,75,393.31,2408
2026-07-28 10:45:00,392.5,392.5,392.5,392.5,152,393.31,2408
2026-07-28 10:50:00,392.5,392.5,392.5,392.5,122,393.31,2408
2026-07-28 10:55:00,392.5,392.5,392.5,392.5,104,393.3,2408
2026-07-28 11:00:00,392.5,392.5,392.5,392.5,70,393.3,2408
2026-07-28 11:05:00,392.5,392.5,392.5,392.5,70,393.3,2408
2026-07-28 11:10:00,392.5,392.5,392.5,392.5,33,393.3,2408
2026-07-28 11:15:00,392.5,392.5,392.5,392.5,53,393.3,2408
2026-07-28 11:20:00,392.5,392.5,392.5,392.5,59,393.3,2408
2026-07-28 11:25:00,392.5,392.5,392.5,392.5,90,393.3,2408
2026-07-28 11:30:00,392.5,392.5,392.5,392.5,54,393.3,2408
2026-07-28 11:35:00,392.5,392.5,392.5,392.5,45,393.3,2408
2026-07-28 11:40:00,392.5,392.5,392.5,392.5,58,393.3,2408
2026-07-28 11:45:00,392.5,392.5,392.5,392.5,169,393.29,2408
2026-07-28 11:50:00,392.5,392.5,392.5,392.5,130,393.29,2408
2026-07-28 11:55:00,392.5,392.5,392.5,392.5,65,393.29,2408
2026-07-28 12:00:00,392.5,392.5,392.5,392.5,63,393.29,2408
2026-07-28 12:05:00,392.5,392.5,392.5,392.5,71,393.29,2408
2026-07-28 12:10:00,392.5,392.5,392.5,392.5,45,393.29,2408
2026-07-28 12:15:00,392.5,392.5,392.5,392.5,45,393.29,2408
2026-07-28 12:20:00,392.5,392.5,392.5,392.5,47,393.29,2408
2026-07-28 12:25:00,392.5,392.5,392.5,392.5,78,393.29,2408
2026-07-28 12:30:00,392.5,392.5,392.5,392.5,60,393.29,2408
2026-07-28 12:35:00,392.5,392.5,392.5,392.5,103,393.28,2408
2026-07-28 12:40:00,392.5,392.5,392.5,392.5,65,393.28,2408
2026-07-28 12:45:00,392.5,392.5,392.5,392.5,98,393.28,2408
2026-07-28 12:50:00,392.5,392.5,392.5,392.5,145,393.28,2408
2026-07-28 12:55:00,392.5,392.5,392.5,392.5,52,393.28,2408
2026-07-28 13:00:00,392.5,392.5,392.5,392.5,86,393.28,2408
2026-07-28 13:05:00,392.5,392.5,392.5,392.5,63,393.28,2408
2026-07-28 13:10:00,392.5,392.5,392.5,392.5,474,393.27,2408
2026-07-28 13:15:00,392.5,392.5,392.5,392.5,150,393.27,2408
2026-07-28 13:20:00,392.5,392.5,392.5,392.5,306,393.26,2408
2026-07-28 13:30:00,392.5,392.5,392.5,392.5,568,393.26,2408
2026-07-29 09:00:00,378.0,378.0,365.0,365.0,12223,371.9,2408
2026-07-29 09:05:00,363.0,363.5,356.0,357.5,7275,367.24,2408
2026-07-29 09:10:00,357.5,357.5,353.5,354.0,9381,363.12,2408
2026-07-29 09:15:00,354.0,358.5,353.5,358.0,3168,362.35,2408
2026-07-29 09:20:00,358.0,363.5,357.0,363.0,4200,362.12,2408
2026-07-29 09:25:00,363.0,363.0,354.5,355.0,3273,361.82,2408
2026-07-29 09:30:00,354.5,356.0,354.0,355.5,1869,361.51,2408
2026-07-29 09:35:00,355.0,356.0,354.0,354.0,2151,361.15,2408
2026-07-29 09:40:00,354.0,355.0,353.5,353.5,5874,360.26,2408
2026-07-29 09:45:00,353.5,353.5,353.5,353.5,432,360.2,2408
2026-07-29 09:50:00,353.5,353.5,353.5,353.5,169,360.18,2408
2026-07-29 09:55:00,353.5,353.5,353.5,353.5,108,360.16,2408
2026-07-29 10:00:00,353.5,353.5,353.5,353.5,155,360.14,2408
2026-07-29 10:05:00,353.5,353.5,353.5,353.5,77,360.13,2408
2026-07-29 10:10:00,353.5,353.5,353.5,353.5,82,360.12,2408
2026-07-29 10:15:00,353.5,353.5,353.5,353.5,79,360.11,2408
2026-07-29 10:20:00,353.5,353.5,353.5,353.5,57,360.1,2408
2026-07-29 10:25:00,353.5,353.5,353.5,353.5,149,360.09,2408
2026-07-29 10:30:00,353.5,353.5,353.5,353.5,127,360.07,2408
2026-07-29 10:35:00,353.5,353.5,353.5,353.5,91,360.06,2408
2026-07-29 10:40:00,353.5,353.5,353.5,353.5,60,360.05,2408
2026-07-29 10:45:00,353.5,353.5,353.5,353.5,24,360.05,2408
2026-07-29 10:50:00,353.5,353.5,353.5,353.5,70,360.04,2408
2026-07-29 10:55:00,353.5,353.5,353.5,353.5,41,360.03,2408
2026-07-29 11:00:00,353.5,353.5,353.5,353.5,45,360.03,2408
2026-07-29 11:05:00,353.5,353.5,353.5,353.5,51,360.02,2408
2026-07-29 11:10:00,353.5,353.5,353.5,353.5,99,360.01,2408
2026-07-29 11:15:00,353.5,353.5,353.5,353.5,55,360.0,2408
2026-07-29 11:20:00,353.5,353.5,353.5,353.5,28,360.0,2408
2026-07-29 11:25:00,353.5,353.5,353.5,353.5,64,359.99,2408
2026-07-29 11:30:00,353.5,353.5,353.5,353.5,85,359.98,2408
2026-07-29 11:35:00,353.5,353.5,353.5,353.5,26,359.97,2408
2026-07-29 11:40:00,353.5,353.5,353.5,353.5,39,359.97,2408
2026-07-29 11:45:00,353.5,353.5,353.5,353.5,28,359.97,2408
2026-07-29 11:50:00,353.5,353.5,353.5,353.5,34,359.96,2408
2026-07-29 11:55:00,353.5,353.5,353.5,353.5,41,359.96,2408
2026-07-29 12:00:00,353.5,353.5,353.5,353.5,45,359.95,2408
2026-07-29 12:05:00,353.5,353.5,353.5,353.5,25,359.95,2408
2026-07-29 12:10:00,353.5,353.5,353.5,353.5,76,359.94,2408
2026-07-29 12:15:00,353.5,353.5,353.5,353.5,38,359.93,2408
2026-07-29 12:20:00,353.5,353.5,353.5,353.5,68,359.93,2408
2026-07-29 12:25:00,353.5,353.5,353.5,353.5,127,359.91,2408
2026-07-29 12:30:00,353.5,353.5,353.5,353.5,40,359.91,2408
2026-07-29 12:35:00,353.5,353.5,353.5,353.5,101,359.89,2408
2026-07-29 12:40:00,353.5,353.5,353.5,353.5,32,359.89,2408
2026-07-29 12:45:00,353.5,353.5,353.5,353.5,44,359.88,2408
2026-07-29 12:50:00,353.5,353.5,353.5,353.5,61,359.88,2408
2026-07-29 12:55:00,353.5,353.5,353.5,353.5,114,359.86,2408
2026-07-29 13:00:00,353.5,353.5,353.5,353.5,189,359.84,2408
2026-07-29 13:05:00,353.5,353.5,353.5,353.5,98,359.83,2408
2026-07-29 13:10:00,353.5,353.5,353.5,353.5,222,359.8,2408
2026-07-29 13:15:00,353.5,353.5,353.5,353.5,205,359.78,2408
2026-07-29 13:20:00,353.5,353.5,353.5,353.5,221,359.75,2408
2026-07-29 13:30:00,353.5,353.5,353.5,353.5,344,359.71,2408
2026-07-30 09:00:00,325.5,331.5,322.0,331.0,14739,325.2,2408
2026-07-30 09:05:00,331.0,353.5,331.0,344.0,7420,332.73,2408
2026-07-30 09:10:00,343.5,352.5,339.5,340.5,4409,335.17,2408
2026-07-30 09:15:00,341.0,348.0,337.5,348.0,3266,335.91,2408
2026-07-30 09:20:00,348.0,351.5,345.0,351.5,2419,336.89,2408
2026-07-30 09:25:00,351.5,354.5,351.0,353.5,3861,338.61,2408
2026-07-30 09:30:00,353.5,363.0,353.0,361.5,5173,340.95,2408
2026-07-30 09:35:00,361.0,372.0,359.5,366.0,8076,344.94,2408
2026-07-30 09:40:00,366.0,375.0,362.0,362.5,4989,347.12,2408
2026-07-30 09:45:00,362.5,367.5,358.0,366.5,3907,348.16,2408
2026-07-30 09:50:00,366.5,368.0,361.5,363.0,1912,348.69,2408
2026-07-30 09:55:00,363.0,364.5,361.0,362.0,1415,349.0,2408
2026-07-30 10:00:00,362.5,365.0,361.0,361.0,1318,349.3,2408
2026-07-30 10:05:00,361.5,363.0,357.5,361.0,2482,349.69,2408
2026-07-30 10:10:00,362.0,362.0,358.5,359.0,987,349.85,2408
2026-07-30 10:15:00,359.0,359.0,352.5,353.0,2403,350.06,2408
2026-07-30 10:20:00,353.0,357.5,349.5,352.0,2402,350.16,2408
2026-07-30 10:25:00,352.5,355.0,345.0,346.0,3215,350.12,2408
2026-07-30 10:30:00,346.0,348.5,344.5,347.5,2054,350.02,2408
2026-07-30 10:35:00,347.5,351.5,347.0,349.5,1036,350.0,2408
2026-07-30 10:40:00,349.5,353.0,349.0,353.0,1056,350.01,2408
2026-07-30 10:45:00,353.0,353.5,351.5,351.5,1001,350.05,2408
2026-07-30 10:50:00,352.0,352.0,350.0,351.0,310,350.05,2408
2026-07-30 10:55:00,351.0,351.0,345.5,347.0,1151,350.02,2408
2026-07-30 11:00:00,346.5,348.0,343.5,346.0,1543,349.93,2408
2026-07-30 11:05:00,346.0,349.5,346.0,347.0,359,349.92,2408
2026-07-30 11:10:00,347.5,347.5,341.0,344.5,1300,349.83,2408
2026-07-30 11:15:00,344.0,344.5,338.5,339.5,1613,349.66,2408
2026-07-30 11:20:00,339.5,340.0,337.0,337.5,1204,349.52,2408
2026-07-30 11:25:00,337.5,343.5,337.0,341.5,1163,349.4,2408
2026-07-30 11:30:00,341.0,345.5,339.5,345.0,676,349.35,2408
2026-07-30 11:35:00,345.5,345.5,341.5,341.5,426,349.32,2408
2026-07-30 11:40:00,341.5,345.0,341.0,343.5,432,349.29,2408
2026-07-30 11:45:00,344.0,346.0,343.0,345.5,477,349.27,2408
2026-07-30 11:50:00,345.5,346.5,344.0,346.0,428,349.25,2408
2026-07-30 11:55:00,345.5,347.0,344.0,344.5,541,349.23,2408
2026-07-30 12:00:00,345.0,347.0,344.5,345.5,357,349.21,2408
2026-07-30 12:05:00,345.5,345.5,342.5,343.0,315,349.19,2408
2026-07-30 12:10:00,343.0,343.0,339.5,340.5,692,349.13,2408
2026-07-30 12:15:00,340.0,340.0,335.5,335.5,1324,348.96,2408
2026-07-30 12:20:00,335.5,339.5,335.5,339.0,1087,348.83,2408
2026-07-30 12:25:00,339.0,345.0,338.5,343.5,834,348.78,2408
2026-07-30 12:30:00,343.5,343.5,341.5,342.0,206,348.77,2408
2026-07-30 12:35:00,342.0,342.5,338.5,339.5,491,348.72,2408
2026-07-30 12:40:00,339.0,340.5,337.5,338.5,537,348.67,2408
2026-07-30 12:45:00,338.5,340.5,338.5,338.5,315,348.64,2408
2026-07-30 12:50:00,338.5,339.0,335.0,335.0,1081,348.51,2408
2026-07-30 12:55:00,335.5,335.5,327.0,331.0,4231,347.77,2408
2026-07-30 13:00:00,331.5,333.0,324.0,326.0,2463,347.29,2408
2026-07-30 13:05:00,326.0,330.0,324.0,325.0,2104,346.88,2408
2026-07-30 13:10:00,325.0,328.0,323.5,328.0,2588,346.36,2408
2026-07-30 13:15:00,327.5,331.5,327.5,329.5,1937,346.08,2408
2026-07-30 13:20:00,330.0,330.5,324.0,325.0,2582,345.62,2408
2026-07-30 13:30:00,328.0,328.0,328.0,328.0,3889,345.04,2408
2026-07-31 09:00:00,360.5,360.5,360.5,360.5,3893,360.5,2408
2026-07-31 09:05:00,360.5,360.5,360.5,360.5,387,360.5,2408
2026-07-31 09:10:00,360.5,360.5,360.5,360.5,301,360.5,2408
2026-07-31 09:15:00,360.5,360.5,360.5,360.5,179,360.5,2408
2026-07-31 09:20:00,360.5,360.5,360.5,360.5,107,360.5,2408
2026-07-31 09:25:00,360.5,360.5,360.5,360.5,212,360.5,2408
2026-07-31 09:30:00,360.5,360.5,360.5,360.5,80,360.5,2408
2026-07-31 09:35:00,360.5,360.5,360.5,360.5,70,360.5,2408
2026-07-31 09:40:00,360.5,360.5,360.5,360.5,105,360.5,2408
2026-07-31 09:45:00,360.5,360.5,360.5,360.5,250,360.5,2408
2026-07-31 09:50:00,360.5,360.5,360.5,360.5,106,360.5,2408
2026-07-31 09:55:00,360.5,360.5,360.5,360.5,24,360.5,2408
2026-07-31 10:00:00,360.5,360.5,360.5,360.5,140,360.5,2408
2026-07-31 10:05:00,360.5,360.5,360.5,360.5,31,360.5,2408
2026-07-31 10:10:00,360.5,360.5,360.5,360.5,34,360.5,2408
2026-07-31 10:15:00,360.5,360.5,360.5,360.5,29,360.5,2408
2026-07-31 10:20:00,360.5,360.5,360.5,360.5,31,360.5,2408
2026-07-31 10:25:00,360.5,360.5,360.5,360.5,21,360.5,2408
2026-07-31 10:30:00,360.5,360.5,360.5,360.5,19,360.5,2408
2026-07-31 10:35:00,360.5,360.5,360.5,360.5,13,360.5,2408
2026-07-31 10:40:00,360.5,360.5,360.5,360.5,34,360.5,2408
2026-07-31 10:45:00,360.5,360.5,360.5,360.5,19,360.5,2408
2026-07-31 10:50:00,360.5,360.5,360.5,360.5,17,360.5,2408
2026-07-31 10:55:00,360.5,360.5,360.5,360.5,234,360.5,2408
2026-07-31 11:00:00,360.5,360.5,360.5,360.5,14,360.5,2408
2026-07-31 11:05:00,360.5,360.5,360.5,360.5,291,360.5,2408
2026-07-31 11:10:00,360.5,360.5,360.5,360.5,20,360.5,2408
2026-07-31 11:15:00,360.5,360.5,360.5,360.5,7,360.5,2408
2026-07-31 11:20:00,360.5,360.5,360.5,360.5,19,360.5,2408
2026-07-31 11:25:00,360.5,360.5,360.5,360.5,39,360.5,2408
2026-07-31 11:30:00,360.5,360.5,360.5,360.5,225,360.5,2408
2026-07-31 11:35:00,360.5,360.5,360.5,360.5,15,360.5,2408
2026-07-31 11:40:00,360.5,360.5,360.5,360.5,140,360.5,2408
2026-07-31 11:45:00,360.5,360.5,360.5,360.5,146,360.5,2408
2026-07-31 11:50:00,360.5,360.5,360.5,360.5,38,360.5,2408
2026-07-31 11:55:00,360.5,360.5,360.5,360.5,26,360.5,2408
2026-07-31 12:00:00,360.5,360.5,360.5,360.5,5,360.5,2408
2026-07-31 12:05:00,360.5,360.5,360.5,360.5,9,360.5,2408
2026-07-31 12:10:00,360.5,360.5,360.5,360.5,16,360.5,2408
2026-07-31 12:15:00,360.5,360.5,360.5,360.5,12,360.5,2408
2026-07-31 12:20:00,360.5,360.5,360.5,360.5,20,360.5,2408
2026-07-31 12:25:00,360.5,360.5,360.5,360.5,7,360.5,2408
2026-07-31 12:30:00,360.5,360.5,360.5,360.5,44,360.5,2408
2026-07-31 12:35:00,360.5,360.5,360.5,360.5,8,360.5,2408
2026-07-31 12:40:00,360.5,360.5,360.5,360.5,10,360.5,2408
2026-07-31 12:45:00,360.5,360.5,360.5,360.5,15,360.5,2408
2026-07-31 12:50:00,360.5,360.5,360.5,360.5,20,360.5,2408
2026-07-31 12:55:00,360.5,360.5,360.5,360.5,20,360.5,2408
2026-07-31 13:00:00,360.5,360.5,360.5,360.5,23,360.5,2408
2026-07-31 13:05:00,360.5,360.5,360.5,360.5,22,360.5,2408
2026-07-31 13:10:00,360.5,360.5,360.5,360.5,13,360.5,2408
2026-07-31 13:15:00,360.5,360.5,360.5,360.5,32,360.5,2408
2026-07-31 13:20:00,360.5,360.5,360.5,360.5,55,360.5,2408
2026-07-31 13:30:00,360.5,360.5,360.5,360.5,198,360.5,2408
2026-08-03 09:00:00,374.5,383.0,374.5,380.5,15540,378.14,2408
2026-08-03 09:05:00,380.5,396.5,379.0,395.0,23066,386.6,2408
2026-08-03 09:10:00,395.0,396.5,393.0,396.5,6546,387.95,2408
2026-08-03 09:15:00,396.5,396.5,395.0,396.5,3507,388.55,2408
2026-08-03 09:20:00,396.5,396.5,395.0,396.5,2824,388.98,2408
2026-08-03 09:25:00,396.5,396.5,396.5,396.5,390,389.03,2408
2026-08-03 09:30:00,396.5,396.5,396.5,396.5,391,389.09,2408
2026-08-03 09:35:00,396.5,396.5,396.5,396.5,346,389.14,2408
2026-08-03 09:40:00,396.5,396.5,396.5,396.5,158,389.16,2408
2026-08-03 09:45:00,396.5,396.5,396.5,396.5,307,389.2,2408
2026-08-03 09:50:00,396.5,396.5,396.5,396.5,106,389.22,2408
2026-08-03 09:55:00,396.5,396.5,396.5,396.5,135,389.23,2408
2026-08-03 10:00:00,396.5,396.5,396.5,396.5,89,389.25,2408
2026-08-03 10:05:00,396.5,396.5,396.5,396.5,79,389.26,2408
2026-08-03 10:10:00,396.5,396.5,396.5,396.5,168,389.28,2408
2026-08-03 10:15:00,396.5,396.5,396.5,396.5,77,389.29,2408
2026-08-03 10:20:00,396.5,396.5,396.5,396.5,48,389.3,2408
2026-08-03 10:25:00,396.5,396.5,396.5,396.5,57,389.3,2408
2026-08-03 10:30:00,396.5,396.5,396.5,396.5,65,389.31,2408
2026-08-03 10:35:00,396.5,396.5,396.5,396.5,74,389.32,2408
2026-08-03 10:40:00,396.5,396.5,396.5,396.5,71,389.33,2408
2026-08-03 10:45:00,396.5,396.5,396.5,396.5,52,389.34,2408
2026-08-03 10:50:00,396.5,396.5,396.5,396.5,81,389.35,2408
2026-08-03 10:55:00,396.5,396.5,396.5,396.5,95,389.36,2408
2026-08-03 11:00:00,396.5,396.5,396.5,396.5,33,389.37,2408
2026-08-03 11:05:00,396.5,396.5,396.5,396.5,39,389.37,2408
2026-08-03 11:10:00,396.5,396.5,396.5,396.5,53,389.38,2408
2026-08-03 11:15:00,396.5,396.5,396.5,396.5,191,389.4,2408
2026-08-03 11:20:00,396.5,396.5,396.5,396.5,58,389.41,2408
2026-08-03 11:25:00,396.5,396.5,396.5,396.5,185,389.44,2408
2026-08-03 11:30:00,396.5,396.5,396.5,396.5,89,389.45,2408
2026-08-03 11:35:00,396.5,396.5,396.5,396.5,65,389.46,2408
2026-08-03 11:40:00,396.5,396.5,396.5,396.5,28,389.46,2408
2026-08-03 11:45:00,396.5,396.5,396.5,396.5,19,389.46,2408
2026-08-03 11:50:00,396.5,396.5,396.5,396.5,17,389.46,2408
2026-08-03 11:55:00,396.5,396.5,396.5,396.5,54,389.47,2408
2026-08-03 12:00:00,396.5,396.5,396.5,396.5,32,389.47,2408
2026-08-03 12:05:00,396.5,396.5,396.5,396.5,38,389.48,2408
2026-08-03 12:10:00,396.5,396.5,396.5,396.5,61,389.49,2408
2026-08-03 12:15:00,396.5,396.5,396.5,396.5,31,389.49,2408
2026-08-03 12:20:00,396.5,396.5,396.5,396.5,45,389.5,2408
2026-08-03 12:25:00,396.5,396.5,396.5,396.5,42,389.5,2408
2026-08-03 12:30:00,396.5,396.5,396.5,396.5,31,389.51,2408
2026-08-03 12:35:00,396.5,396.5,396.5,396.5,44,389.51,2408
2026-08-03 12:40:00,396.5,396.5,396.5,396.5,64,389.52,2408
2026-08-03 12:45:00,396.5,396.5,396.5,396.5,46,389.53,2408
2026-08-03 12:50:00,396.5,396.5,396.5,396.5,322,389.57,2408
2026-08-03 12:55:00,396.5,396.5,396.5,396.5,93,389.58,2408
2026-08-03 13:00:00,396.5,396.5,396.5,396.5,70,389.59,2408
2026-08-03 13:05:00,396.5,396.5,396.5,396.5,147,389.6,2408
2026-08-03 13:10:00,396.5,396.5,396.5,396.5,137,389.62,2408
2026-08-03 13:15:00,396.5,396.5,396.5,396.5,150,389.64,2408
2026-08-03 13:20:00,396.5,396.5,396.5,396.5,436,389.69,2408
2026-08-03 13:30:00,396.5,396.5,396.5,396.5,154,389.71,2408
2026-08-04 09:00:00,400.0,414.0,400.0,409.5,21531,406.71,2408
2026-08-04 09:05:00,409.0,412.0,406.0,406.0,6111,407.22,2408
2026-08-04 09:10:00,406.0,413.5,405.0,409.5,5607,407.78,2408
2026-08-04 09:15:00,409.0,413.0,408.5,411.5,2930,408.0,2408
2026-08-04 09:20:00,411.0,420.5,410.5,420.5,7855,409.53,2408
2026-08-04 09:25:00,420.0,423.5,418.5,421.0,4685,410.63,2408
2026-08-04 09:30:00,421.5,430.0,421.0,429.0,6266,412.48,2408
2026-08-04 09:35:00,429.0,430.0,423.5,428.5,4041,413.47,2408
2026-08-04 09:40:00,428.5,433.5,427.5,432.5,5165,414.89,2408
2026-08-04 09:45:00,432.5,432.5,430.5,432.0,1525,415.28,2408
2026-08-04 09:50:00,432.0,435.0,431.0,434.0,3178,416.12,2408
2026-08-04 09:55:00,434.0,435.0,432.0,434.0,1797,416.56,2408
2026-08-04 10:00:00,434.5,435.0,432.0,433.0,2093,417.07,2408
2026-08-04 10:05:00,432.5,435.0,431.5,434.0,1534,417.41,2408
2026-08-04 10:10:00,434.5,435.0,432.5,433.0,1395,417.72,2408
2026-08-04 10:15:00,433.5,434.0,431.0,431.0,1586,418.02,2408
2026-08-04 10:20:00,432.0,433.0,431.0,432.5,921,418.18,2408
2026-08-04 10:25:00,433.0,434.5,432.5,433.0,1332,418.44,2408
2026-08-04 10:30:00,433.0,434.5,433.0,434.5,574,418.55,2408
2026-08-04 10:35:00,434.0,434.5,433.5,434.0,289,418.61,2408
2026-08-04 10:40:00,434.0,434.5,433.0,434.5,817,418.76,2408
2026-08-04 10:45:00,434.0,434.5,432.0,432.0,542,418.86,2408
2026-08-04 10:50:00,431.5,434.0,431.5,432.5,782,418.99,2408
2026-08-04 10:55:00,433.0,434.0,430.5,430.5,872,419.13,2408
2026-08-04 11:00:00,431.0,432.0,428.5,429.0,1346,419.31,2408
2026-08-04 11:05:00,429.5,430.0,428.0,428.0,1004,419.42,2408
2026-08-04 11:10:00,428.5,429.0,423.5,423.5,2608,419.61,2408
2026-08-04 11:15:00,424.0,428.0,422.5,428.0,1949,419.73,2408
2026-08-04 11:20:00,428.0,432.5,428.0,432.0,1525,419.91,2408
2026-08-04 11:25:00,432.0,432.5,431.0,432.0,1057,420.05,2408
2026-08-04 11:30:00,432.0,432.5,431.5,432.0,659,420.13,2408
2026-08-04 11:35:00,432.0,432.5,431.0,432.5,1082,420.26,2408
2026-08-04 11:40:00,433.0,433.0,430.5,431.0,494,420.32,2408
2026-08-04 11:45:00,431.0,431.5,430.5,430.5,137,420.34,2408
2026-08-04 11:50:00,430.5,431.0,430.0,430.0,214,420.36,2408
2026-08-04 11:55:00,430.0,432.0,429.5,431.5,481,420.41,2408
2026-08-04 12:00:00,431.5,431.5,429.0,429.5,240,420.44,2408
2026-08-04 12:05:00,429.0,430.5,428.0,429.0,388,420.47,2408
2026-08-04 12:10:00,429.0,429.0,427.5,428.0,322,420.5,2408
2026-08-04 12:15:00,428.0,431.5,428.0,431.0,520,420.55,2408
2026-08-04 12:20:00,431.0,431.0,429.0,431.0,245,420.57,2408
2026-08-04 12:25:00,430.5,432.0,430.5,431.5,449,420.62,2408
2026-08-04 12:30:00,431.5,432.5,431.5,432.5,638,420.7,2408
2026-08-04 12:35:00,432.5,436.0,432.0,436.0,14826,422.63,2408
2026-08-04 12:40:00,436.0,436.0,436.0,436.0,625,422.7,2408
2026-08-04 12:45:00,436.0,436.0,436.0,436.0,288,422.74,2408
2026-08-04 12:50:00,436.0,436.0,436.0,436.0,246,422.77,2408
2026-08-04 12:55:00,436.0,436.0,436.0,436.0,193,422.79,2408
2026-08-04 13:00:00,436.0,436.0,436.0,436.0,362,422.83,2408
2026-08-04 13:05:00,436.0,436.0,436.0,436.0,154,422.85,2408
2026-08-04 13:10:00,436.0,436.0,436.0,436.0,435,422.9,2408
2026-08-04 13:15:00,436.0,436.0,436.0,436.0,234,422.92,2408
2026-08-04 13:20:00,436.0,436.0,436.0,436.0,329,422.96,2408
2026-08-04 13:30:00,436.0,436.0,436.0,436.0,196,422.98,2408
2026-08-05 09:00:00,469.0,470.5,459.0,462.0,17149,466.44,2408
2026-08-05 09:05:00,462.0,465.0,457.0,461.5,7330,465.19,2408
2026-08-05 09:10:00,462.0,462.0,450.5,455.0,9360,462.68,2408
2026-08-05 09:15:00,454.5,457.0,451.0,454.0,4837,461.64,2408
2026-08-05 09:20:00,453.5,459.0,453.0,457.5,3154,461.3,2408
2026-08-05 09:25:00,457.5,462.5,454.0,462.5,4193,461.08,2408
2026-08-05 09:30:00,462.5,465.5,460.0,461.0,7686,461.4,2408
2026-08-05 09:35:00,460.5,461.5,458.5,459.5,2580,461.34,2408
2026-08-05 09:40:00,459.5,460.0,457.5,458.0,1702,461.25,2408
2026-08-05 09:45:00,458.5,464.5,458.0,464.0,3030,461.28,2408
2026-08-05 09:50:00,464.0,466.0,461.5,464.0,3994,461.48,2408
2026-08-05 09:55:00,464.0,464.0,460.5,461.0,1209,461.49,2408
2026-08-05 10:00:00,461.0,465.0,460.5,463.0,2683,461.56,2408
2026-08-05 10:05:00,463.0,465.0,463.0,465.0,1722,461.63,2408
2026-08-05 10:10:00,465.0,469.0,464.5,466.5,6257,462.05,2408
2026-08-05 10:15:00,466.0,467.5,464.0,467.5,1920,462.14,2408
2026-08-05 10:20:00,467.0,467.5,464.0,464.0,1252,462.19,2408
2026-08-05 10:25:00,464.0,465.0,463.5,464.0,823,462.21,2408
2026-08-05 10:30:00,463.5,465.0,462.5,464.5,1006,462.23,2408
2026-08-05 10:35:00,464.5,465.0,463.0,463.5,677,462.24,2408
2026-08-05 10:40:00,463.5,464.5,462.5,464.0,688,462.25,2408
2026-08-05 10:45:00,463.5,464.0,460.5,460.5,1265,462.25,2408
2026-08-05 10:50:00,461.0,464.0,460.5,463.0,1153,462.25,2408
2026-08-05 10:55:00,463.5,463.5,461.0,462.0,527,462.25,2408
2026-08-05 11:00:00,462.0,463.0,461.5,463.0,620,462.25,2408
2026-08-05 11:05:00,463.0,463.0,461.0,461.5,679,462.25,2408
2026-08-05 11:10:00,461.0,461.5,459.0,459.5,1742,462.21,2408
2026-08-05 11:15:00,460.0,460.0,458.0,460.0,1011,462.17,2408
2026-08-05 11:20:00,459.5,460.0,456.0,456.5,2037,462.07,2408
2026-08-05 11:25:00,457.0,459.5,450.0,451.5,4127,461.69,2408
2026-08-05 11:30:00,451.5,453.0,447.0,450.5,4618,461.15,2408
2026-08-05 11:35:00,450.5,456.0,450.5,456.0,1716,461.02,2408
2026-08-05 11:40:00,456.0,459.0,455.0,458.0,1637,460.96,2408
2026-08-05 11:45:00,458.0,458.0,454.0,455.0,868,460.91,2408
2026-08-05 11:50:00,455.5,456.5,455.0,455.0,477,460.89,2408
2026-08-05 11:55:00,455.0,455.5,454.0,454.0,431,460.87,2408
2026-08-05 12:00:00,454.5,454.5,450.0,450.5,919,460.79,2408
2026-08-05 12:05:00,450.0,453.5,450.0,452.5,805,460.73,2408
2026-08-05 12:10:00,452.5,453.0,448.5,449.0,1306,460.6,2408
2026-08-05 12:15:00,449.0,452.5,448.0,449.0,1380,460.47,2408
2026-08-05 12:20:00,448.5,450.5,448.0,448.0,1141,460.35,2408
2026-08-05 12:25:00,448.0,449.5,442.5,446.0,3703,459.89,2408
2026-08-05 12:30:00,445.5,448.0,442.0,447.0,2223,459.61,2408
2026-08-05 12:35:00,447.0,448.5,444.0,448.5,1160,459.48,2408
2026-08-05 12:40:00,448.5,451.0,448.0,448.5,1435,459.36,2408
2026-08-05 12:45:00,448.5,449.0,447.0,449.0,709,459.3,2408
2026-08-05 12:50:00,449.0,453.0,447.5,452.0,2310,459.12,2408
2026-08-05 12:55:00,452.5,454.5,451.0,453.0,1640,459.05,2408
2026-08-05 13:00:00,452.5,453.0,450.5,450.5,966,458.99,2408
2026-08-05 13:05:00,451.0,454.5,450.0,452.0,1881,458.89,2408
2026-08-05 13:10:00,452.0,454.0,451.5,451.5,1747,458.81,2408
2026-08-05 13:15:00,451.5,452.0,448.0,449.5,2836,458.61,2408
2026-08-05 13:20:00,449.5,450.0,441.5,443.0,4708,458.14,2408
2026-08-05 13:30:00,445.0,445.0,445.0,445.0,4734,457.7,2408
2026-08-06 09:00:00,441.0,455.0,436.0,454.0,13672,446.54,2408
2026-08-06 09:05:00,453.5,460.5,452.5,458.0,8256,450.45,2408
2026-08-06 09:10:00,458.0,458.0,451.5,453.5,4241,451.07,2408
2026-08-06 09:15:00,453.5,454.0,448.5,449.5,4116,451.02,2408
2026-08-06 09:20:00,449.5,453.0,446.5,452.5,5083,450.75,2408
2026-08-06 09:25:00,453.0,455.0,450.0,454.5,3303,450.97,2408
2026-08-06 09:30:00,454.5,455.5,451.5,452.5,2784,451.2,2408
2026-08-06 09:35:00,452.5,452.5,448.0,450.0,1987,451.16,2408
2026-08-06 09:40:00,451.0,451.0,443.0,446.5,3692,450.82,2408
2026-08-06 09:45:00,446.5,448.5,445.5,447.0,2154,450.65,2408
2026-08-06 09:50:00,447.5,447.5,441.5,446.0,3277,450.25,2408
2026-08-06 09:55:00,446.0,446.0,441.5,442.5,1759,450.02,2408
2026-08-06 10:00:00,442.5,448.0,442.5,445.0,1451,449.91,2408
2026-08-06 10:05:00,445.5,447.0,443.0,444.0,1133,449.81,2408
2026-08-06 10:10:00,444.0,447.0,443.5,447.0,868,449.75,2408
2026-08-06 10:15:00,447.0,449.5,446.5,448.0,1543,449.7,2408
2026-08-06 10:20:00,448.0,452.5,448.0,451.0,3048,449.78,2408
2026-08-06 10:25:00,451.0,451.0,447.5,449.0,961,449.77,2408
2026-08-06 10:30:00,449.0,454.5,447.5,454.5,2526,449.88,2408
2026-08-06 10:35:00,454.5,457.0,454.0,455.0,2925,450.11,2408
2026-08-06 10:40:00,455.0,457.5,455.0,457.0,1493,450.24,2408
2026-08-06 10:45:00,457.0,462.5,456.5,457.0,6210,451.03,2408
2026-08-06 10:50:00,457.0,457.5,455.0,457.5,1199,451.11,2408
2026-08-06 10:55:00,457.5,458.5,453.5,455.5,981,451.17,2408
2026-08-06 11:00:00,455.0,456.0,454.0,455.0,661,451.2,2408
2026-08-06 11:05:00,455.0,455.5,450.5,452.5,1259,451.22,2408
2026-08-06 11:10:00,453.0,456.5,452.5,455.0,870,451.26,2408
2026-08-06 11:15:00,455.5,456.0,453.0,454.5,382,451.27,2408
2026-08-06 11:20:00,454.5,458.5,454.5,458.5,1044,451.34,2408
2026-08-06 11:25:00,458.5,459.0,456.0,456.5,787,451.4,2408
2026-08-06 11:30:00,456.5,459.5,456.5,456.5,1198,451.49,2408
2026-08-06 11:35:00,456.0,457.5,455.5,457.0,359,451.51,2408
2026-08-06 11:40:00,457.5,458.0,457.0,457.5,305,451.54,2408
2026-08-06 11:45:00,457.0,459.5,456.5,459.0,1114,451.62,2408
2026-08-06 11:50:00,459.0,459.0,455.0,456.5,586,451.65,2408
2026-08-06 11:55:00,456.5,456.5,454.0,455.0,446,451.67,2408
2026-08-06 12:00:00,455.5,455.5,453.5,454.5,424,451.68,2408
2026-08-06 12:05:00,455.0,456.0,454.5,454.5,209,451.69,2408
2026-08-06 12:10:00,454.5,454.5,451.0,452.5,1017,451.7,2408
2026-08-06 12:15:00,452.5,455.0,452.0,453.5,308,451.71,2408
2026-08-06 12:20:00,454.0,456.0,453.5,455.0,484,451.73,2408
2026-08-06 12:25:00,455.0,458.0,455.0,455.5,868,451.77,2408
2026-08-06 12:30:00,455.5,457.5,455.0,455.0,536,451.8,2408
2026-08-06 12:35:00,455.0,455.5,454.0,454.0,447,451.82,2408
2026-08-06 12:40:00,454.5,454.5,454.0,454.0,256,451.82,2408
2026-08-06 12:45:00,454.5,454.5,453.5,454.0,616,451.84,2408
2026-08-06 12:50:00,454.5,457.5,454.0,455.5,885,451.88,2408
2026-08-06 12:55:00,455.5,457.0,455.5,456.0,644,451.91,2408
2026-08-06 13:00:00,456.0,460.0,456.0,459.0,2639,452.09,2408
2026-08-06 13:05:00,459.0,459.5,456.5,459.0,869,452.14,2408
2026-08-06 13:10:00,459.0,459.0,458.0,458.0,872,452.19,2408
2026-08-06 13:15:00,457.5,458.0,455.0,455.5,1263,452.24,2408
2026-08-06 13:20:00,455.5,458.5,455.5,458.0,1800,452.33,2408
2026-08-06 13:30:00,459.0,459.0,459.0,459.0,3103,452.53,2408
2026-08-07 09:00:00,456.5,456.5,445.0,449.5,9322,450.31,2408
2026-08-07 09:05:00,449.5,457.0,449.0,456.0,4039,451.1,2408
2026-08-07 09:10:00,456.0,457.5,450.5,451.0,2633,451.64,2408
2026-08-07 09:15:00,450.5,455.0,448.5,450.5,2217,451.6,2408
2026-08-07 09:20:00,450.5,452.0,448.0,451.5,1486,451.45,2408
2026-08-07 09:25:00,451.5,454.5,450.0,453.0,1403,451.52,2408
2026-08-07 09:30:00,452.5,456.0,452.5,453.5,1968,451.79,2408
2026-08-07 09:35:00,453.5,453.5,448.5,448.5,1257,451.74,2408
2026-08-07 09:40:00,448.5,452.0,447.5,451.5,1483,451.6,2408
2026-08-07 09:45:00,451.5,453.5,450.0,453.0,840,451.61,2408
2026-08-07 09:50:00,453.5,453.5,451.0,452.5,687,451.63,2408
2026-08-07 09:55:00,452.5,454.5,451.0,452.0,903,451.67,2408
2026-08-07 10:00:00,452.0,457.0,451.5,457.0,1678,451.85,2408
2026-08-07 10:05:00,456.5,458.0,452.5,453.5,1839,452.1,2408
2026-08-07 10:10:00,453.5,462.0,453.5,458.0,3212,452.73,2408
2026-08-07 10:15:00,458.0,462.5,458.0,459.5,2344,453.23,2408
2026-08-07 10:20:00,459.0,461.0,456.0,459.5,1308,453.4,2408
2026-08-07 10:25:00,459.0,459.5,455.0,455.0,841,453.48,2408
2026-08-07 10:30:00,455.5,457.5,454.0,456.5,685,453.52,2408
2026-08-07 10:35:00,456.5,457.5,455.0,456.0,305,453.54,2408
2026-08-07 10:40:00,455.5,456.0,452.5,453.0,679,453.54,2408
2026-08-07 10:45:00,453.0,455.5,452.0,455.5,444,453.54,2408
2026-08-07 10:50:00,455.5,457.0,454.5,454.5,277,453.56,2408
2026-08-07 10:55:00,454.0,455.5,453.5,454.0,275,453.56,2408
2026-08-07 11:00:00,454.0,460.0,454.0,459.5,1387,453.72,2408
2026-08-07 11:05:00,459.5,461.0,458.0,459.0,1156,453.87,2408
2026-08-07 11:10:00,459.0,460.5,457.0,457.5,740,453.96,2408
2026-08-07 11:15:00,457.5,457.5,455.0,455.5,651,453.99,2408
2026-08-07 11:20:00,455.5,456.5,454.5,455.0,438,454.01,2408
2026-08-07 11:25:00,455.0,456.0,453.0,455.5,724,454.01,2408
2026-08-07 11:30:00,456.0,458.5,455.5,456.0,448,454.04,2408
2026-08-07 11:35:00,456.5,458.0,456.5,457.0,222,454.05,2408
2026-08-07 11:40:00,457.0,458.5,456.5,458.0,513,454.09,2408
2026-08-07 11:45:00,458.0,459.0,456.0,458.0,943,454.16,2408
2026-08-07 11:50:00,458.0,458.0,456.0,457.0,275,454.18,2408
2026-08-07 11:55:00,457.0,459.5,456.5,458.0,713,454.24,2408
2026-08-07 12:00:00,458.5,461.5,457.5,458.5,2167,454.48,2408
2026-08-07 12:05:00,458.5,461.5,458.0,461.5,770,454.56,2408
2026-08-07 12:10:00,461.0,463.0,460.0,460.5,2404,454.88,2408
2026-08-07 12:15:00,460.5,461.0,456.5,457.5,699,454.92,2408
2026-08-07 12:20:00,457.5,460.0,457.5,459.0,368,454.95,2408
2026-08-07 12:25:00,459.5,460.0,458.5,459.0,238,454.96,2408
2026-08-07 12:30:00,458.5,460.0,458.5,459.0,242,454.98,2408
2026-08-07 12:35:00,459.0,459.0,456.5,456.5,613,455.01,2408
2026-08-07 12:40:00,456.5,457.0,454.0,454.5,1036,455.02,2408
2026-08-07 12:45:00,454.5,455.5,452.0,452.5,1248,455.0,2408
2026-08-07 12:50:00,452.0,452.5,450.0,452.0,1398,454.91,2408
2026-08-07 12:55:00,451.5,454.0,451.5,454.0,426,454.89,2408
2026-08-07 13:00:00,454.0,457.0,454.0,457.0,671,454.9,2408
2026-08-07 13:05:00,456.5,457.0,454.0,455.5,663,454.91,2408
2026-08-07 13:10:00,455.0,458.0,455.0,456.5,1012,454.95,2408
2026-08-07 13:15:00,456.5,457.5,455.5,456.0,794,454.96,2408
2026-08-07 13:20:00,456.5,458.0,455.5,457.0,1488,455.0,2408
2026-08-07 13:30:00,457.0,457.0,457.0,457.0,2594,455.08,2408
2026-08-10 09:00:00,473.0,492.5,473.0,487.5,16087,483.88,2408
2026-08-10 09:05:00,488.0,492.5,482.5,483.0,6741,484.85,2408
2026-08-10 09:10:00,483.0,487.5,480.0,485.0,5677,484.64,2408
2026-08-10 09:15:00,485.0,489.5,484.0,484.5,4730,484.94,2408
2026-08-10 09:20:00,484.5,489.0,484.5,488.5,3753,485.16,2408
2026-08-10 09:25:00,488.5,499.0,488.0,497.5,12921,487.59,2408
2026-08-10 09:30:00,497.5,499.0,494.5,495.5,2996,488.11,2408
2026-08-10 09:35:00,495.5,500.0,495.5,499.0,4825,488.99,2408
2026-08-10 09:40:00,499.0,502.0,498.5,502.0,8630,490.52,2408
2026-08-10 09:45:00,502.0,502.0,499.5,499.5,2716,490.92,2408
2026-08-10 09:50:00,499.5,502.0,499.5,502.0,18272,493.2,2408
2026-08-10 09:55:00,502.0,502.0,502.0,502.0,1205,493.32,2408
2026-08-10 10:00:00,502.0,502.0,502.0,502.0,818,493.4,2408
2026-08-10 10:05:00,502.0,502.0,502.0,502.0,479,493.45,2408
2026-08-10 10:10:00,502.0,502.0,502.0,502.0,389,493.49,2408
2026-08-10 10:15:00,502.0,502.0,502.0,502.0,461,493.53,2408
2026-08-10 10:20:00,502.0,502.0,502.0,502.0,277,493.55,2408
2026-08-10 10:25:00,502.0,502.0,502.0,502.0,293,493.58,2408
2026-08-10 10:30:00,502.0,502.0,502.0,502.0,369,493.62,2408
2026-08-10 10:35:00,502.0,502.0,502.0,502.0,232,493.64,2408
2026-08-10 10:40:00,502.0,502.0,502.0,502.0,212,493.66,2408
2026-08-10 10:45:00,502.0,502.0,502.0,502.0,183,493.67,2408
2026-08-10 10:50:00,502.0,502.0,502.0,502.0,192,493.69,2408
2026-08-10 10:55:00,502.0,502.0,502.0,502.0,138,493.7,2408
2026-08-10 11:00:00,502.0,502.0,502.0,502.0,254,493.72,2408
2026-08-10 11:05:00,502.0,502.0,502.0,502.0,206,493.74,2408
2026-08-10 11:10:00,502.0,502.0,502.0,502.0,200,493.76,2408
2026-08-10 11:15:00,502.0,502.0,502.0,502.0,248,493.78,2408
2026-08-10 11:20:00,502.0,502.0,502.0,502.0,193,493.8,2408
2026-08-10 11:25:00,502.0,502.0,502.0,502.0,106,493.81,2408
2026-08-10 11:30:00,502.0,502.0,502.0,502.0,219,493.83,2408
2026-08-10 11:35:00,502.0,502.0,502.0,502.0,174,493.84,2408
2026-08-10 11:40:00,502.0,502.0,502.0,502.0,149,493.86,2408
2026-08-10 11:45:00,502.0,502.0,502.0,502.0,263,493.88,2408
2026-08-10 11:50:00,502.0,502.0,502.0,502.0,155,493.89,2408
2026-08-10 11:55:00,502.0,502.0,502.0,502.0,170,493.91,2408
2026-08-10 12:00:00,502.0,502.0,502.0,502.0,162,493.92,2408
2026-08-10 12:05:00,502.0,502.0,502.0,502.0,125,493.93,2408
2026-08-10 12:10:00,502.0,502.0,502.0,502.0,161,493.94,2408
2026-08-10 12:15:00,502.0,502.0,502.0,502.0,93,493.95,2408
2026-08-10 12:20:00,502.0,502.0,502.0,502.0,117,493.96,2408
2026-08-10 12:25:00,502.0,502.0,502.0,502.0,129,493.97,2408
2026-08-10 12:30:00,502.0,502.0,502.0,502.0,177,493.99,2408
2026-08-10 12:35:00,502.0,502.0,502.0,502.0,148,494.0,2408
2026-08-10 12:40:00,502.0,502.0,502.0,502.0,149,494.01,2408
2026-08-10 12:45:00,502.0,502.0,502.0,502.0,109,494.02,2408
2026-08-10 12:50:00,502.0,502.0,502.0,502.0,150,494.03,2408
2026-08-10 12:55:00,502.0,502.0,502.0,502.0,96,494.04,2408
2026-08-10 13:00:00,502.0,502.0,502.0,502.0,123,494.05,2408
2026-08-10 13:05:00,502.0,502.0,502.0,502.0,116,494.06,2408
2026-08-10 13:10:00,502.0,502.0,502.0,502.0,116,494.07,2408
2026-08-10 13:15:00,502.0,502.0,502.0,502.0,524,494.11,2408
2026-08-10 13:20:00,502.0,502.0,502.0,502.0,342,494.14,2408
2026-08-10 13:30:00,502.0,502.0,502.0,502.0,192,494.16,2408
2026-08-11 09:00:00,491.5,498.5,490.5,494.0,14776,494.02,2408
2026-08-11 09:05:00,494.5,500.0,492.0,496.0,7551,495.08,2408
2026-08-11 09:10:00,496.0,498.5,492.0,494.0,3703,495.08,2408
2026-08-11 09:15:00,494.0,494.5,485.0,486.0,7033,493.93,2408
2026-08-11 09:20:00,486.0,488.0,481.0,485.5,6809,492.3,2408
2026-08-11 09:25:00,485.5,489.5,483.5,489.5,3274,491.84,2408
2026-08-11 09:30:00,489.5,489.5,480.0,482.0,5344,490.95,2408
2026-08-11 09:35:00,481.5,482.0,474.0,475.5,7215,489.22,2408
2026-08-11 09:40:00,475.0,479.0,474.0,475.5,3098,488.57,2408
2026-08-11 09:45:00,475.0,480.0,474.0,478.5,2103,488.18,2408
2026-08-11 09:50:00,479.0,482.5,478.5,481.0,2792,487.87,2408
2026-08-11 09:55:00,481.0,482.5,478.0,478.0,1519,487.7,2408
2026-08-11 10:00:00,478.0,478.5,476.0,478.0,1408,487.48,2408
2026-08-11 10:05:00,478.0,479.0,476.5,478.5,690,487.38,2408
2026-08-11 10:10:00,478.5,482.5,478.0,482.0,978,487.28,2408
2026-08-11 10:15:00,482.0,483.0,479.0,480.5,993,487.19,2408
2026-08-11 10:20:00,480.0,484.0,480.0,483.5,895,487.13,2408
2026-08-11 10:25:00,484.0,486.0,482.5,483.5,2271,487.05,2408
2026-08-11 10:30:00,483.0,487.0,481.0,486.5,1155,487.01,2408
2026-08-11 10:35:00,487.0,487.0,485.5,486.0,689,487.0,2408
2026-08-11 10:40:00,485.5,487.0,485.5,486.0,724,487.0,2408
2026-08-11 10:45:00,486.5,490.0,486.5,488.0,2131,487.03,2408
2026-08-11 10:50:00,488.0,489.0,483.0,483.5,1321,487.01,2408
2026-08-11 10:55:00,484.0,486.0,483.5,485.5,879,486.98,2408
2026-08-11 11:00:00,485.5,488.0,484.5,488.0,626,486.98,2408
2026-08-11 11:05:00,488.0,488.5,484.5,486.0,960,486.97,2408
2026-08-11 11:10:00,486.0,486.5,483.0,484.0,909,486.94,2408
2026-08-11 11:15:00,484.0,487.5,484.0,487.5,744,486.93,2408
2026-08-11 11:20:00,487.5,488.5,486.0,486.5,1411,486.94,2408
2026-08-11 11:25:00,487.0,488.0,486.5,487.5,737,486.95,2408
2026-08-11 11:30:00,488.0,488.0,486.5,487.0,805,486.95,2408
2026-08-11 11:35:00,487.0,488.0,486.5,487.0,599,486.95,2408
2026-08-11 11:40:00,487.5,488.5,486.5,487.0,750,486.96,2408
2026-08-11 11:45:00,486.5,487.5,486.0,487.5,292,486.96,2408
2026-08-11 11:50:00,487.0,488.0,486.5,487.0,545,486.96,2408
2026-08-11 11:55:00,487.0,489.0,486.0,487.0,1659,486.97,2408
2026-08-11 12:00:00,487.0,489.0,487.0,489.0,572,486.98,2408
2026-08-11 12:05:00,489.0,489.5,488.0,489.0,1054,487.0,2408
2026-08-11 12:10:00,489.0,489.0,487.5,487.5,298,487.0,2408
2026-08-11 12:15:00,487.5,489.0,487.5,488.5,695,487.01,2408
2026-08-11 12:20:00,488.0,488.5,488.0,488.5,363,487.02,2408
2026-08-11 12:25:00,488.0,489.0,488.0,488.5,584,487.03,2408
2026-08-11 12:30:00,488.0,488.0,484.0,484.0,1699,487.0,2408
2026-08-11 12:35:00,483.5,485.5,482.5,483.0,1581,486.95,2408
2026-08-11 12:40:00,483.5,484.5,483.0,484.5,505,486.94,2408
2026-08-11 12:45:00,484.5,484.5,483.0,484.0,727,486.91,2408
2026-08-11 12:50:00,484.0,484.5,483.5,483.5,325,486.9,2408
2026-08-11 12:55:00,483.5,484.0,483.5,484.0,344,486.89,2408
2026-08-11 13:00:00,483.5,485.5,483.5,484.0,1201,486.87,2408
2026-08-11 13:05:00,484.0,484.5,483.5,483.5,1094,486.83,2408
2026-08-11 13:10:00,483.5,484.0,482.5,483.0,1975,486.76,2408
2026-08-11 13:15:00,483.0,487.0,483.0,486.0,2460,486.72,2408
2026-08-11 13:20:00,485.5,486.5,484.0,486.5,3262,486.68,2408
2026-08-11 13:30:00,489.0,489.0,489.0,489.0,3591,486.75,2408
2026-08-12 09:00:00,497.0,511.0,497.0,503.0,13599,504.53,2408
2026-08-12 09:05:00,502.0,508.0,501.0,504.0,4806,504.78,2408
2026-08-12 09:10:00,504.0,505.0,498.5,499.0,4209,504.15,2408
2026-08-12 09:15:00,498.5,502.0,497.5,502.0,2955,503.59,2408
2026-08-12 09:20:00,502.0,504.0,497.5,500.0,2291,503.3,2408
2026-08-12 09:25:00,499.5,501.0,497.5,499.5,1660,503.06,2408
2026-08-12 09:30:00,499.5,500.0,495.0,495.5,3249,502.47,2408
2026-08-12 09:35:00,495.5,498.0,493.5,497.5,2011,502.07,2408
2026-08-12 09:40:00,497.5,498.0,494.5,498.0,1073,501.9,2408
2026-08-12 09:45:00,498.0,498.0,495.0,495.5,957,501.74,2408
2026-08-12 09:50:00,495.5,496.0,492.5,494.5,1904,501.37,2408
2026-08-12 09:55:00,494.5,495.5,493.5,494.5,788,501.23,2408
2026-08-12 10:00:00,494.0,494.5,490.5,492.0,2180,500.74,2408
2026-08-12 10:05:00,492.0,493.0,490.0,490.5,1514,500.41,2408
2026-08-12 10:10:00,490.0,492.5,487.0,490.5,3091,499.68,2408
2026-08-12 10:15:00,491.0,491.0,487.5,488.0,1781,499.25,2408
2026-08-12 10:20:00,488.0,488.0,485.0,487.0,2194,498.69,2408
2026-08-12 10:25:00,487.0,491.5,486.5,489.0,1459,498.44,2408
2026-08-12 10:30:00,489.0,490.5,489.0,489.5,632,498.34,2408
2026-08-12 10:35:00,489.0,489.5,486.0,486.0,1068,498.12,2408
2026-08-12 10:40:00,486.5,487.0,485.5,486.0,900,497.93,2408
2026-08-12 10:45:00,486.0,488.0,486.0,487.0,892,497.74,2408
2026-08-12 10:50:00,486.5,487.0,484.0,485.5,1936,497.32,2408
2026-08-12 10:55:00,485.5,486.0,481.0,485.5,2645,496.69,2408
2026-08-12 11:00:00,485.5,487.0,484.0,486.0,819,496.55,2408
2026-08-12 11:05:00,486.0,488.0,485.5,488.0,884,496.4,2408
2026-08-12 11:10:00,487.5,489.0,486.5,486.5,906,496.28,2408
2026-08-12 11:15:00,486.5,489.0,486.0,488.5,437,496.22,2408
2026-08-12 11:20:00,488.5,489.0,486.0,487.0,506,496.14,2408
2026-08-12 11:25:00,487.0,487.5,485.5,485.5,518,496.06,2408
2026-08-12 11:30:00,485.5,486.0,483.5,484.0,668,495.95,2408
2026-08-12 11:35:00,483.5,484.5,482.0,482.0,1266,495.7,2408
2026-08-12 11:40:00,482.5,483.0,480.5,483.0,1682,495.35,2408
2026-08-12 11:45:00,482.5,485.0,482.0,484.5,587,495.24,2408
2026-08-12 11:50:00,485.0,485.0,482.5,482.5,377,495.18,2408
2026-08-12 11:55:00,482.5,485.0,482.0,484.0,492,495.09,2408
2026-08-12 12:00:00,484.0,485.5,483.0,484.5,567,495.01,2408
2026-08-12 12:05:00,484.0,485.0,483.5,485.0,300,494.96,2408
2026-08-12 12:10:00,485.0,488.0,485.0,488.0,909,494.86,2408
2026-08-12 12:15:00,487.5,488.0,484.0,484.0,587,494.79,2408
2026-08-12 12:20:00,484.0,485.5,484.0,484.5,308,494.74,2408
2026-08-12 12:25:00,484.0,485.0,484.0,484.0,322,494.69,2408
2026-08-12 12:30:00,484.5,485.5,484.0,485.0,319,494.65,2408
2026-08-12 12:35:00,485.0,485.0,483.5,483.5,566,494.57,2408
2026-08-12 12:40:00,483.5,484.0,482.0,482.5,787,494.45,2408
2026-08-12 12:45:00,483.0,483.0,482.0,482.0,465,494.37,2408
2026-08-12 12:50:00,482.0,482.5,481.0,481.0,825,494.23,2408
2026-08-12 12:55:00,481.5,483.5,481.0,482.5,1287,494.02,2408
2026-08-12 13:00:00,482.0,483.0,481.5,481.5,748,493.91,2408
2026-08-12 13:05:00,481.5,482.0,481.0,481.0,1344,493.69,2408
2026-08-12 13:10:00,481.0,487.0,481.0,485.0,3060,493.31,2408
2026-08-12 13:15:00,485.0,487.0,484.5,485.0,2180,493.11,2408
2026-08-12 13:20:00,485.0,486.5,482.0,482.5,3057,492.79,2408
2026-08-12 13:30:00,482.5,482.5,482.5,482.5,5157,492.21,2408
2026-08-13 09:00:00,497.0,505.0,491.0,494.0,12951,497.03,2408
2026-08-13 09:05:00,493.5,499.0,490.0,494.5,5636,496.37,2408
2026-08-13 09:10:00,494.5,498.5,492.0,495.5,2827,496.34,2408
2026-08-13 09:15:00,495.0,496.0,493.0,494.5,1644,496.17,2408
2026-08-13 09:20:00,494.5,503.0,494.5,499.5,7962,497.14,2408
2026-08-13 09:25:00,499.5,508.0,499.0,502.0,8569,498.82,2408
2026-08-13 09:30:00,503.0,504.0,501.0,503.0,1766,498.97,2408
2026-08-13 09:35:00,503.0,514.0,502.0,510.0,9981,501.11,2408
2026-08-13 09:40:00,509.0,520.0,509.0,520.0,7163,502.85,2408
2026-08-13 09:45:00,520.0,521.0,515.0,519.0,6076,504.37,2408
2026-08-13 09:50:00,520.0,530.0,518.0,529.0,9937,507.14,2408
2026-08-13 09:55:00,529.0,530.0,523.0,525.0,3941,508.12,2408
2026-08-13 10:00:00,525.0,526.0,522.0,524.0,1915,508.49,2408
2026-08-13 10:05:00,525.0,527.0,523.0,524.0,1479,508.8,2408
2026-08-13 10:10:00,525.0,527.0,521.0,526.0,1533,509.08,2408
2026-08-13 10:15:00,526.0,530.0,525.0,527.0,7363,510.68,2408
2026-08-13 10:20:00,528.0,528.0,525.0,525.0,1200,510.89,2408
2026-08-13 10:25:00,525.0,526.0,520.0,521.0,1768,511.12,2408
2026-08-13 10:30:00,522.0,524.0,517.0,519.0,2847,511.39,2408
2026-08-13 10:35:00,519.0,524.0,517.0,522.0,2228,511.59,2408
2026-08-13 10:40:00,523.0,524.0,522.0,522.0,457,511.64,2408
2026-08-13 10:45:00,522.0,524.0,521.0,522.0,564,511.7,2408
2026-08-13 10:50:00,522.0,525.0,522.0,524.0,907,511.81,2408
2026-08-13 10:55:00,524.0,527.0,523.0,527.0,966,511.94,2408
2026-08-13 11:00:00,526.0,527.0,524.0,524.0,462,512.0,2408
2026-08-13 11:05:00,524.0,526.0,524.0,525.0,530,512.07,2408
2026-08-13 11:10:00,525.0,525.0,524.0,525.0,467,512.12,2408
2026-08-13 11:15:00,524.0,525.0,523.0,524.0,576,512.19,2408
2026-08-13 11:20:00,525.0,525.0,523.0,524.0,426,512.24,2408
2026-08-13 11:25:00,524.0,524.0,522.0,522.0,300,512.27,2408
2026-08-13 11:30:00,522.0,525.0,522.0,523.0,672,512.34,2408
2026-08-13 11:35:00,523.0,525.0,522.0,524.0,489,512.39,2408
2026-08-13 11:40:00,524.0,525.0,523.0,524.0,219,512.41,2408
2026-08-13 11:45:00,523.0,524.0,523.0,523.0,207,512.43,2408
2026-08-13 11:50:00,523.0,524.0,521.0,521.0,452,512.48,2408
2026-08-13 11:55:00,521.0,523.0,520.0,522.0,785,512.54,2408
2026-08-13 12:00:00,522.0,525.0,522.0,524.0,744,512.62,2408
2026-08-13 12:05:00,525.0,525.0,523.0,523.0,425,512.67,2408
2026-08-13 12:10:00,523.0,527.0,523.0,526.0,1904,512.89,2408
2026-08-13 12:15:00,525.0,526.0,523.0,523.0,432,512.93,2408
2026-08-13 12:20:00,523.0,524.0,522.0,522.0,262,512.96,2408
2026-08-13 12:25:00,522.0,524.0,522.0,523.0,288,512.98,2408
2026-08-13 12:30:00,523.0,524.0,522.0,523.0,367,513.02,2408
2026-08-13 12:35:00,523.0,524.0,520.0,521.0,544,513.06,2408
2026-08-13 12:40:00,520.0,523.0,520.0,522.0,664,513.1,2408
2026-08-13 12:45:00,522.0,523.0,519.0,519.0,522,513.14,2408
2026-08-13 12:50:00,519.0,521.0,519.0,520.0,434,513.16,2408
2026-08-13 12:55:00,520.0,522.0,519.0,520.0,613,513.2,2408
2026-08-13 13:00:00,520.0,521.0,519.0,520.0,716,513.25,2408
2026-08-13 13:05:00,520.0,521.0,519.0,520.0,1058,513.31,2408
2026-08-13 13:10:00,520.0,521.0,517.0,518.0,1541,513.38,2408
2026-08-13 13:15:00,518.0,518.0,514.0,515.0,2329,513.43,2408
2026-08-13 13:20:00,515.0,516.0,513.0,514.0,2441,513.45,2408
2026-08-13 13:30:00,514.0,514.0,514.0,514.0,2408,513.46,2408
2026-08-14 09:00:00,532.0,542.0,528.0,532.0,14797,533.81,2408
2026-08-14 09:05:00,532.0,540.0,530.0,538.0,6210,534.53,2408
2026-08-14 09:10:00,538.0,540.0,534.0,536.0,4306,535.08,2408
2026-08-14 09:15:00,536.0,537.0,529.0,529.0,4461,534.5,2408
2026-08-14 09:20:00,529.0,536.0,529.0,534.0,2635,534.38,2408
2026-08-14 09:25:00,534.0,534.0,530.0,531.0,1355,534.27,2408
2026-08-14 09:30:00,531.0,532.0,520.0,521.0,5590,533.02,2408
2026-08-14 09:35:00,521.0,526.0,520.0,524.0,2573,532.44,2408
2026-08-14 09:40:00,524.0,526.0,521.0,523.0,1933,532.04,2408
2026-08-14 09:45:00,522.0,525.0,519.0,522.0,2645,531.42,2408
2026-08-14 09:50:00,522.0,525.0,521.0,522.0,1340,531.18,2408
2026-08-14 09:55:00,523.0,524.0,519.0,521.0,1597,530.85,2408
2026-08-14 10:00:00,520.0,523.0,520.0,523.0,797,530.7,2408
2026-08-14 10:05:00,523.0,523.0,520.0,521.0,784,530.56,2408
2026-08-14 10:10:00,521.0,521.0,516.0,519.0,2304,530.02,2408
2026-08-14 10:15:00,518.0,519.0,514.0,515.0,2027,529.51,2408
2026-08-14 10:20:00,515.0,519.0,512.0,519.0,2485,528.89,2408
2026-08-14 10:25:00,519.0,519.0,515.0,515.0,583,528.77,2408
2026-08-14 10:30:00,516.0,517.0,514.0,517.0,934,528.56,2408
2026-08-14 10:35:00,516.0,519.0,515.0,518.0,751,528.42,2408
2026-08-14 10:40:00,518.0,519.0,516.0,519.0,406,528.35,2408
2026-08-14 10:45:00,518.0,520.0,517.0,519.0,797,528.22,2408
2026-08-14 10:50:00,518.0,519.0,515.0,515.0,628,528.1,2408
2026-08-14 10:55:00,515.0,516.0,514.0,515.0,637,527.96,2408
2026-08-14 11:00:00,516.0,516.0,508.0,508.0,4239,526.91,2408
2026-08-14 11:05:00,508.0,511.0,506.0,508.0,1916,526.39,2408
2026-08-14 11:10:00,509.0,512.0,507.0,507.0,875,526.18,2408
2026-08-14 11:15:00,507.0,510.0,507.0,510.0,1031,525.93,2408
2026-08-14 11:20:00,510.0,511.0,508.0,508.0,506,525.81,2408
2026-08-14 11:25:00,509.0,510.0,507.0,508.0,731,525.63,2408
2026-08-14 11:30:00,508.0,509.0,506.0,507.0,720,525.44,2408
2026-08-14 11:35:00,507.0,509.0,506.0,508.0,572,525.31,2408
2026-08-14 11:40:00,507.0,509.0,506.0,506.0,584,525.16,2408
2026-08-14 11:45:00,507.0,508.0,505.0,505.0,1864,524.68,2408
2026-08-14 11:50:00,505.0,508.0,505.0,507.0,716,524.51,2408
2026-08-14 11:55:00,507.0,508.0,502.0,503.0,1959,523.99,2408
2026-08-14 12:00:00,504.0,505.0,501.0,505.0,1765,523.51,2408
2026-08-14 12:05:00,505.0,505.0,502.0,504.0,699,523.34,2408
2026-08-14 12:10:00,504.0,506.0,503.0,504.0,589,523.21,2408
2026-08-14 12:15:00,504.0,505.0,503.0,504.0,369,523.12,2408
2026-08-14 12:20:00,504.0,505.0,502.0,502.0,788,522.93,2408
2026-08-14 12:25:00,502.0,503.0,501.0,502.0,766,522.74,2408
2026-08-14 12:30:00,502.0,503.0,501.0,502.0,791,522.54,2408
2026-08-14 12:35:00,502.0,507.0,501.0,507.0,1248,522.26,2408
2026-08-14 12:40:00,507.0,508.0,506.0,507.0,683,522.14,2408
2026-08-14 12:45:00,507.0,507.0,504.0,507.0,568,522.03,2408
2026-08-14 12:50:00,506.0,511.0,505.0,511.0,1665,521.76,2408
2026-08-14 12:55:00,511.0,516.0,511.0,513.0,3071,521.5,2408
2026-08-14 13:00:00,513.0,514.0,509.0,509.0,960,521.4,2408
2026-08-14 13:05:00,509.0,511.0,508.0,510.0,1445,521.21,2408
2026-08-14 13:10:00,511.0,514.0,510.0,513.0,1553,521.07,2408
2026-08-14 13:15:00,513.0,517.0,513.0,515.0,1947,520.95,2408
2026-08-14 13:20:00,516.0,516.0,511.0,511.0,2199,520.77,2408
2026-08-14 13:30:00,512.0,512.0,512.0,512.0,2847,520.52,2408
2026-08-17 09:00:00,520.0,532.0,513.0,530.0,10501,523.19,2408
2026-08-17 09:05:00,529.0,535.0,527.0,529.0,6346,526.31,2408
2026-08-17 09:10:00,529.0,532.0,524.0,525.0,3791,526.66,2408
2026-08-17 09:15:00,524.0,527.0,520.0,526.0,3890,526.12,2408
2026-08-17 09:20:00,527.0,529.0,523.0,528.0,1871,526.17,2408
2026-08-17 09:25:00,529.0,531.0,526.0,528.0,2479,526.43,2408
2026-08-17 09:30:00,528.0,528.0,523.0,523.0,1033,526.4,2408
2026-08-17 09:35:00,524.0,527.0,522.0,525.0,1142,526.33,2408
2026-08-17 09:40:00,525.0,525.0,521.0,523.0,1416,526.17,2408
2026-08-17 09:45:00,523.0,525.0,521.0,522.0,749,526.09,2408
2026-08-17 09:50:00,523.0,524.0,522.0,522.0,544,526.03,2408
2026-08-17 09:55:00,521.0,523.0,520.0,521.0,854,525.91,2408
2026-08-17 10:00:00,521.0,522.0,517.0,521.0,2227,525.51,2408
2026-08-17 10:05:00,521.0,521.0,518.0,521.0,1104,525.33,2408
2026-08-17 10:10:00,520.0,522.0,519.0,522.0,579,525.26,2408
2026-08-17 10:15:00,522.0,526.0,522.0,525.0,1040,525.24,2408
2026-08-17 10:20:00,525.0,526.0,523.0,525.0,497,525.23,2408
2026-08-17 10:25:00,525.0,525.0,523.0,524.0,405,525.22,2408
2026-08-17 10:30:00,524.0,524.0,522.0,523.0,382,525.21,2408
2026-08-17 10:35:00,523.0,524.0,521.0,522.0,315,525.18,2408
2026-08-17 10:40:00,522.0,524.0,521.0,524.0,327,525.17,2408
2026-08-17 10:45:00,525.0,528.0,524.0,526.0,1666,525.22,2408
2026-08-17 10:50:00,527.0,530.0,526.0,526.0,1657,525.33,2408
2026-08-17 10:55:00,526.0,526.0,524.0,525.0,334,525.33,2408
2026-08-17 11:00:00,524.0,526.0,524.0,524.0,264,525.33,2408
2026-08-17 11:05:00,525.0,525.0,524.0,524.0,111,525.33,2408
2026-08-17 11:10:00,524.0,525.0,524.0,525.0,227,525.32,2408
2026-08-17 11:15:00,524.0,525.0,524.0,524.0,167,525.32,2408
2026-08-17 11:20:00,524.0,525.0,524.0,524.0,215,525.31,2408
2026-08-17 11:25:00,524.0,525.0,523.0,525.0,571,525.3,2408
2026-08-17 11:30:00,525.0,525.0,523.0,524.0,238,525.3,2408
2026-08-17 11:35:00,524.0,525.0,523.0,523.0,100,525.29,2408
2026-08-17 11:40:00,524.0,524.0,523.0,523.0,411,525.28,2408
2026-08-17 11:45:00,523.0,523.0,521.0,522.0,279,525.26,2408
2026-08-17 11:50:00,522.0,522.0,520.0,521.0,375,525.22,2408
2026-08-17 11:55:00,521.0,524.0,521.0,524.0,226,525.21,2408
2026-08-17 12:00:00,524.0,524.0,523.0,524.0,74,525.21,2408
2026-08-17 12:05:00,523.0,524.0,523.0,523.0,130,525.2,2408
2026-08-17 12:10:00,523.0,525.0,523.0,523.0,402,525.19,2408
2026-08-17 12:15:00,523.0,523.0,522.0,522.0,112,525.19,2408
2026-08-17 12:20:00,522.0,523.0,521.0,522.0,484,525.15,2408
2026-08-17 12:25:00,522.0,523.0,522.0,523.0,95,525.15,2408
2026-08-17 12:30:00,522.0,522.0,521.0,521.0,302,525.13,2408
2026-08-17 12:35:00,521.0,522.0,521.0,521.0,306,525.1,2408
2026-08-17 12:40:00,520.0,521.0,520.0,520.0,235,525.08,2408
2026-08-17 12:45:00,520.0,523.0,520.0,522.0,516,525.04,2408
2026-08-17 12:50:00,522.0,522.0,520.0,521.0,399,525.01,2408
2026-08-17 12:55:00,521.0,522.0,519.0,519.0,919,524.93,2408
2026-08-17 13:00:00,519.0,521.0,519.0,520.0,503,524.88,2408
2026-08-17 13:05:00,520.0,522.0,519.0,521.0,928,524.8,2408
2026-08-17 13:10:00,521.0,526.0,521.0,525.0,1945,524.79,2408
2026-08-17 13:15:00,525.0,526.0,524.0,524.0,945,524.78,2408
2026-08-17 13:20:00,524.0,526.0,523.0,525.0,1831,524.77,2408
2026-08-17 13:30:00,524.0,524.0,524.0,524.0,2383,524.74,2408
2026-08-18 09:00:00,540.0,553.0,537.0,548.0,16052,544.46,2408
2026-08-18 09:05:00,548.0,549.0,541.0,541.0,4531,544.69,2408
2026-08-18 09:10:00,541.0,546.0,541.0,544.0,3677,544.44,2408
2026-08-18 09:15:00,543.0,546.0,540.0,544.0,3043,544.31,2408
2026-08-18 09:20:00,544.0,544.0,540.0,543.0,1900,544.2,2408
2026-08-18 09:25:00,544.0,548.0,541.0,547.0,3473,544.35,2408
2026-08-18 09:30:00,547.0,549.0,542.0,543.0,2134,544.46,2408
2026-08-18 09:35:00,544.0,544.0,542.0,543.0,990,544.41,2408
2026-08-18 09:40:00,542.0,543.0,537.0,539.0,3544,543.93,2408
2026-08-18 09:45:00,539.0,539.0,536.0,536.0,1999,543.59,2408
2026-08-18 09:50:00,537.0,537.0,533.0,534.0,1808,543.21,2408
2026-08-18 09:55:00,535.0,538.0,532.0,536.0,1335,542.96,2408
2026-08-18 10:00:00,537.0,538.0,534.0,535.0,902,542.84,2408
2026-08-18 10:05:00,535.0,535.0,532.0,533.0,937,542.64,2408
2026-08-18 10:10:00,534.0,534.0,528.0,529.0,2012,542.14,2408
2026-08-18 10:15:00,530.0,530.0,527.0,527.0,1222,541.81,2408
2026-08-18 10:20:00,527.0,527.0,523.0,523.0,2110,541.14,2408
2026-08-18 10:25:00,523.0,528.0,522.0,525.0,1634,540.62,2408
2026-08-18 10:30:00,526.0,527.0,524.0,525.0,1234,540.27,2408
2026-08-18 10:35:00,526.0,528.0,525.0,527.0,849,540.07,2408
2026-08-18 10:40:00,526.0,527.0,525.0,526.0,533,539.94,2408
2026-08-18 10:45:00,526.0,526.0,522.0,524.0,1002,539.65,2408
2026-08-18 10:50:00,523.0,524.0,520.0,522.0,1597,539.16,2408
2026-08-18 10:55:00,522.0,526.0,521.0,526.0,535,539.01,2408
2026-08-18 11:00:00,525.0,526.0,523.0,524.0,383,538.92,2408
2026-08-18 11:05:00,523.0,524.0,523.0,524.0,214,538.86,2408
2026-08-18 11:10:00,525.0,525.0,523.0,524.0,311,538.79,2408
2026-08-18 11:15:00,525.0,526.0,524.0,526.0,334,538.71,2408
2026-08-18 11:20:00,526.0,527.0,524.0,525.0,475,538.61,2408
2026-08-18 11:25:00,526.0,529.0,526.0,526.0,945,538.44,2408
2026-08-18 11:30:00,526.0,527.0,523.0,525.0,621,538.3,2408
2026-08-18 11:35:00,525.0,527.0,524.0,526.0,307,538.24,2408
2026-08-18 11:40:00,525.0,527.0,524.0,525.0,352,538.17,2408
2026-08-18 11:45:00,526.0,526.0,524.0,526.0,307,538.1,2408
2026-08-18 11:50:00,525.0,526.0,524.0,525.0,341,538.03,2408
2026-08-18 11:55:00,525.0,525.0,523.0,525.0,425,537.94,2408
2026-08-18 12:00:00,524.0,525.0,522.0,523.0,558,537.82,2408
2026-08-18 12:05:00,523.0,523.0,520.0,520.0,1155,537.53,2408
2026-08-18 12:10:00,520.0,523.0,520.0,521.0,551,537.4,2408
2026-08-18 12:15:00,522.0,523.0,521.0,523.0,339,537.32,2408
2026-08-18 12:20:00,522.0,523.0,520.0,521.0,642,537.16,2408
2026-08-18 12:25:00,521.0,524.0,520.0,524.0,640,537.02,2408
2026-08-18 12:30:00,524.0,525.0,521.0,524.0,657,536.89,2408
2026-08-18 12:35:00,524.0,527.0,523.0,525.0,933,536.74,2408
2026-08-18 12:40:00,525.0,525.0,521.0,522.0,524,536.64,2408
2026-08-18 12:45:00,521.0,522.0,518.0,520.0,1900,536.19,2408
2026-08-18 12:50:00,521.0,521.0,518.0,519.0,526,536.07,2408
2026-08-18 12:55:00,518.0,520.0,518.0,519.0,605,535.93,2408
2026-08-18 13:00:00,519.0,521.0,517.0,517.0,1345,535.62,2408
2026-08-18 13:05:00,517.0,518.0,516.0,518.0,1287,535.3,2408
2026-08-18 13:10:00,517.0,518.0,512.0,512.0,1863,534.8,2408
2026-08-18 13:15:00,513.0,517.0,513.0,514.0,1178,534.5,2408
2026-08-18 13:20:00,514.0,515.0,511.0,514.0,2062,533.94,2408
2026-08-18 13:30:00,515.0,515.0,515.0,515.0,2728,533.32,2408
2026-08-19 09:00:00,489.0,494.5,482.0,485.0,10636,485.84,2408
2026-08-19 09:05:00,484.5,487.5,481.5,484.0,4884,485.36,2408
2026-08-19 09:10:00,484.0,487.0,482.5,485.0,3057,485.23,2408
2026-08-19 09:15:00,484.0,486.5,481.0,483.5,3988,484.88,2408
2026-08-19 09:20:00,483.5,487.0,483.5,485.5,2105,484.96,2408
2026-08-19 09:25:00,486.0,489.5,484.0,489.0,2553,485.15,2408
2026-08-19 09:30:00,489.0,493.0,487.5,487.5,3035,485.68,2408
2026-08-19 09:35:00,487.5,493.5,486.0,492.5,2233,486.01,2408
2026-08-19 09:40:00,492.0,492.5,488.5,490.5,1089,486.14,2408
2026-08-19 09:45:00,490.5,491.0,488.0,488.5,678,486.21,2408
2026-08-19 09:50:00,489.0,489.5,485.5,486.0,1255,486.24,2408
2026-08-19 09:55:00,486.5,488.0,485.5,487.0,543,486.24,2408
2026-08-19 10:00:00,487.5,490.5,486.5,486.5,863,486.29,2408
2026-08-19 10:05:00,486.5,486.5,483.0,483.5,2492,486.17,2408
2026-08-19 10:10:00,483.5,485.5,482.0,482.5,1757,486.03,2408
2026-08-19 10:15:00,482.5,483.5,482.0,482.5,707,485.98,2408
2026-08-19 10:20:00,482.0,485.0,481.5,485.0,1088,485.9,2408
2026-08-19 10:25:00,484.5,486.0,484.5,485.5,711,485.89,2408
2026-08-19 10:30:00,485.5,486.5,483.5,486.0,683,485.87,2408
2026-08-19 10:35:00,486.0,487.0,485.5,485.5,252,485.87,2408
2026-08-19 10:40:00,485.5,485.5,483.5,483.5,291,485.87,2408
2026-08-19 10:45:00,484.0,488.0,483.5,488.0,566,485.87,2408
2026-08-19 10:50:00,488.0,488.5,486.5,487.0,516,485.89,2408
2026-08-19 10:55:00,487.5,488.5,487.0,487.5,249,485.9,2408
2026-08-19 11:00:00,487.5,489.0,487.5,488.0,453,485.93,2408
2026-08-19 11:05:00,488.5,488.5,487.0,487.0,270,485.94,2408
2026-08-19 11:10:00,487.0,488.5,487.0,488.0,204,485.94,2408
2026-08-19 11:15:00,488.5,489.5,488.0,489.0,535,485.98,2408
2026-08-19 11:20:00,489.0,489.0,487.0,488.0,300,485.99,2408
2026-08-19 11:25:00,487.5,488.0,487.0,487.5,117,485.99,2408
2026-08-19 11:30:00,487.5,488.0,486.5,488.0,270,486.0,2408
2026-08-19 11:35:00,488.0,489.0,487.5,488.5,395,486.02,2408
2026-08-19 11:40:00,488.5,489.0,487.0,487.5,367,486.03,2408
2026-08-19 11:45:00,487.5,488.0,487.0,487.5,257,486.04,2408
2026-08-19 11:50:00,487.5,488.0,487.0,487.0,261,486.05,2408
2026-08-19 11:55:00,487.0,487.5,486.5,486.5,245,486.05,2408
2026-08-19 12:00:00,487.0,487.0,485.0,486.0,737,486.05,2408
2026-08-19 12:05:00,486.0,487.0,485.0,485.5,306,486.05,2408
2026-08-19 12:10:00,485.0,485.5,485.0,485.5,137,486.05,2408
2026-08-19 12:15:00,485.0,486.0,485.0,485.5,301,486.04,2408
2026-08-19 12:20:00,486.0,486.5,485.5,485.5,409,486.04,2408
2026-08-19 12:25:00,485.5,486.0,485.0,485.0,447,486.04,2408
2026-08-19 12:30:00,485.0,485.5,482.5,483.0,1366,485.97,2408
2026-08-19 12:35:00,483.0,483.5,482.5,483.0,552,485.94,2408
2026-08-19 12:40:00,482.5,483.5,482.0,483.0,536,485.91,2408
2026-08-19 12:45:00,483.0,483.0,481.5,481.5,1245,485.83,2408
2026-08-19 12:50:00,481.5,482.0,480.0,482.0,2139,485.65,2408
2026-08-19 12:55:00,482.0,484.0,482.0,484.0,470,485.62,2408
2026-08-19 13:00:00,484.0,484.5,483.0,483.5,580,485.61,2408
2026-08-19 13:05:00,483.5,484.0,483.0,483.5,721,485.58,2408
2026-08-19 13:10:00,483.5,484.0,482.5,482.5,700,485.55,2408
2026-08-19 13:15:00,482.5,483.0,480.5,480.5,1172,485.47,2408
2026-08-19 13:20:00,481.0,482.0,480.5,481.0,1829,485.34,2408
2026-08-19 13:30:00,481.0,481.0,481.0,481.0,2650,485.17,2408
2026-08-20 09:00:00,498.0,515.0,498.0,515.0,11295,504.97,2408
2026-08-20 09:05:00,515.0,521.0,514.0,517.0,8439,510.36,2408
2026-08-20 09:10:00,518.0,521.0,513.0,516.0,4482,511.66,2408
2026-08-20 09:15:00,516.0,521.0,514.0,519.0,4137,512.59,2408
2026-08-20 09:20:00,520.0,523.0,518.0,522.0,5114,513.81,2408
2026-08-20 09:25:00,522.0,523.0,518.0,521.0,2172,514.22,2408
2026-08-20 09:30:00,520.0,521.0,514.0,516.0,2652,514.37,2408
2026-08-20 09:35:00,517.0,520.0,516.0,518.0,1304,514.5,2408
2026-08-20 09:40:00,518.0,522.0,517.0,520.0,2689,514.84,2408
2026-08-20 09:45:00,521.0,521.0,517.0,518.0,513,514.89,2408
2026-08-20 09:50:00,518.0,519.0,513.0,514.0,2165,514.93,2408
2026-08-20 09:55:00,514.0,514.0,504.0,508.0,5187,514.26,2408
2026-08-20 10:00:00,508.0,513.0,505.0,511.0,2538,514.01,2408
2026-08-20 10:05:00,512.0,514.0,509.0,514.0,1231,513.95,2408
2026-08-20 10:10:00,514.0,515.0,510.0,513.0,1166,513.93,2408
2026-08-20 10:15:00,513.0,514.0,510.0,511.0,316,513.92,2408
2026-08-20 10:20:00,510.0,510.0,506.0,508.0,1146,513.8,2408
2026-08-20 10:25:00,508.0,510.0,507.0,510.0,543,513.75,2408
2026-08-20 10:30:00,510.0,520.0,509.0,518.0,4166,513.92,2408
2026-08-20 10:35:00,518.0,519.0,514.0,516.0,695,513.95,2408
2026-08-20 10:40:00,516.0,517.0,515.0,515.0,268,513.96,2408
2026-08-20 10:45:00,515.0,516.0,513.0,514.0,374,513.96,2408
2026-08-20 10:50:00,514.0,515.0,510.0,512.0,760,513.93,2408
2026-08-20 10:55:00,512.0,514.0,511.0,514.0,330,513.93,2408
2026-08-20 11:00:00,514.0,516.0,513.0,515.0,503,513.94,2408
2026-08-20 11:05:00,515.0,515.0,514.0,515.0,118,513.94,2408
2026-08-20 11:10:00,514.0,515.0,513.0,514.0,263,513.94,2408
2026-08-20 11:15:00,514.0,516.0,514.0,516.0,310,513.94,2408
2026-08-20 11:20:00,515.0,516.0,513.0,515.0,399,513.95,2408
2026-08-20 11:25:00,515.0,515.0,513.0,514.0,167,513.95,2408
2026-08-20 11:30:00,513.0,513.0,511.0,511.0,277,513.94,2408
2026-08-20 11:35:00,511.0,512.0,508.0,509.0,1310,513.85,2408
2026-08-20 11:40:00,509.0,510.0,508.0,509.0,507,513.81,2408
2026-08-20 11:45:00,509.0,510.0,508.0,509.0,290,513.79,2408
2026-08-20 11:50:00,510.0,512.0,510.0,512.0,349,513.78,2408
2026-08-20 11:55:00,512.0,512.0,510.0,511.0,155,513.77,2408
2026-08-20 12:00:00,511.0,511.0,510.0,510.0,118,513.77,2408
2026-08-20 12:05:00,511.0,515.0,510.0,515.0,755,513.76,2408
2026-08-20 12:10:00,514.0,517.0,514.0,517.0,1647,513.81,2408
2026-08-20 12:15:00,517.0,520.0,516.0,519.0,1627,513.91,2408
2026-08-20 12:20:00,520.0,522.0,518.0,519.0,2527,514.13,2408
2026-08-20 12:25:00,520.0,520.0,517.0,517.0,684,514.17,2408
2026-08-20 12:30:00,517.0,518.0,516.0,516.0,404,514.18,2408
2026-08-20 12:35:00,517.0,519.0,515.0,516.0,653,514.2,2408
2026-08-20 12:40:00,517.0,517.0,515.0,515.0,375,514.21,2408
2026-08-20 12:45:00,516.0,518.0,514.0,517.0,430,514.22,2408
2026-08-20 12:50:00,517.0,517.0,515.0,515.0,329,514.23,2408
2026-08-20 12:55:00,515.0,516.0,515.0,515.0,278,514.23,2408
2026-08-20 13:00:00,515.0,517.0,514.0,515.0,830,514.24,2408
2026-08-20 13:05:00,514.0,517.0,514.0,516.0,701,514.25,2408
2026-08-20 13:10:00,515.0,516.0,515.0,516.0,462,514.26,2408
2026-08-20 13:15:00,515.0,517.0,515.0,517.0,1682,514.29,2408
2026-08-20 13:20:00,516.0,519.0,516.0,518.0,1741,514.37,2408
2026-08-20 13:30:00,517.0,517.0,517.0,517.0,2466,514.44,2408
2026-08-21 09:00:00,519.0,524.0,515.0,518.0,7350,519.56,2408
2026-08-21 09:05:00,517.0,518.0,512.0,517.0,3185,518.14,2408
2026-08-21 09:10:00,516.0,521.0,514.0,520.0,2925,518.3,2408
2026-08-21 09:15:00,520.0,533.0,518.0,532.0,7704,521.04,2408
2026-08-21 09:20:00,532.0,534.0,524.0,525.0,4706,522.52,2408
2026-08-21 09:25:00,525.0,530.0,524.0,525.0,1829,522.81,2408
2026-08-21 09:30:00,525.0,526.0,522.0,524.0,1647,522.87,2408
2026-08-21 09:35:00,524.0,524.0,521.0,522.0,1144,522.87,2408
2026-08-21 09:40:00,522.0,526.0,521.0,524.0,896,522.9,2408
2026-08-21 09:45:00,524.0,525.0,523.0,524.0,563,522.92,2408
2026-08-21 09:50:00,523.0,526.0,523.0,524.0,680,522.95,2408
2026-08-21 09:55:00,524.0,524.0,519.0,520.0,2007,522.82,2408
2026-08-21 10:00:00,520.0,521.0,517.0,517.0,1577,522.65,2408
2026-08-21 10:05:00,517.0,522.0,517.0,522.0,838,522.58,2408
2026-08-21 10:10:00,521.0,522.0,519.0,520.0,443,522.55,2408
2026-08-21 10:15:00,520.0,520.0,518.0,519.0,531,522.5,2408
2026-08-21 10:20:00,519.0,520.0,518.0,519.0,269,522.48,2408
2026-08-21 10:25:00,520.0,520.0,518.0,518.0,663,522.42,2408
2026-08-21 10:30:00,519.0,520.0,518.0,519.0,445,522.37,2408
2026-08-21 10:35:00,518.0,519.0,516.0,516.0,1294,522.22,2408
2026-08-21 10:40:00,516.0,518.0,515.0,517.0,1518,521.99,2408
2026-08-21 10:45:00,518.0,518.0,516.0,518.0,498,521.93,2408
2026-08-21 10:50:00,518.0,522.0,518.0,520.0,806,521.9,2408
2026-08-21 10:55:00,521.0,524.0,520.0,522.0,1109,521.91,2408
2026-08-21 11:00:00,522.0,522.0,520.0,520.0,287,521.9,2408
2026-08-21 11:05:00,520.0,520.0,519.0,520.0,187,521.89,2408
2026-08-21 11:10:00,520.0,520.0,517.0,517.0,462,521.85,2408
2026-08-21 11:15:00,517.0,519.0,516.0,518.0,211,521.83,2408
2026-08-21 11:20:00,519.0,519.0,518.0,519.0,57,521.83,2408
2026-08-21 11:25:00,519.0,519.0,518.0,518.0,154,521.81,2408
2026-08-21 11:30:00,518.0,521.0,518.0,521.0,521,521.8,2408
2026-08-21 11:35:00,520.0,521.0,520.0,520.0,188,521.79,2408
2026-08-21 11:40:00,520.0,520.0,518.0,519.0,212,521.78,2408
2026-08-21 11:45:00,519.0,521.0,518.0,519.0,382,521.76,2408
2026-08-21 11:50:00,519.0,522.0,519.0,519.0,451,521.75,2408
2026-08-21 11:55:00,519.0,521.0,518.0,520.0,311,521.74,2408
2026-08-21 12:00:00,520.0,521.0,519.0,520.0,170,521.73,2408
2026-08-21 12:05:00,521.0,523.0,520.0,522.0,1038,521.73,2408
2026-08-21 12:10:00,522.0,523.0,522.0,522.0,292,521.73,2408
2026-08-21 12:15:00,522.0,523.0,521.0,521.0,231,521.73,2408
2026-08-21 12:20:00,521.0,522.0,520.0,520.0,234,521.73,2408
2026-08-21 12:25:00,521.0,523.0,520.0,522.0,470,521.73,2408
2026-08-21 12:30:00,523.0,523.0,521.0,521.0,234,521.73,2408
2026-08-21 12:35:00,522.0,522.0,520.0,521.0,240,521.73,2408
2026-08-21 12:40:00,521.0,521.0,520.0,520.0,208,521.72,2408
2026-08-21 12:45:00,520.0,524.0,520.0,524.0,1436,521.73,2408
2026-08-21 12:50:00,524.0,524.0,521.0,521.0,672,521.74,2408
2026-08-21 12:55:00,521.0,522.0,520.0,521.0,329,521.74,2408
2026-08-21 13:00:00,520.0,523.0,520.0,523.0,755,521.74,2408
2026-08-21 13:05:00,522.0,523.0,522.0,522.0,732,521.74,2408
2026-08-21 13:10:00,522.0,525.0,521.0,525.0,2283,521.8,2408
2026-08-21 13:15:00,525.0,526.0,524.0,526.0,1749,521.88,2408
2026-08-21 13:20:00,525.0,527.0,525.0,525.0,1910,522.01,2408
2026-08-21 13:30:00,528.0,528.0,528.0,528.0,3095,522.3,2408
2026-08-24 09:00:00,521.0,533.0,515.0,531.0,8043,525.07,2408
2026-08-24 09:05:00,531.0,532.0,524.0,527.0,2907,526.12,2408
2026-08-24 09:10:00,528.0,537.0,526.0,536.0,3861,527.68,2408
2026-08-24 09:15:00,536.0,538.0,533.0,536.0,2823,528.97,2408
2026-08-24 09:20:00,536.0,536.0,526.0,527.0,3449,529.1,2408
2026-08-24 09:25:00,527.0,530.0,525.0,527.0,2933,528.88,2408
2026-08-24 09:30:00,526.0,526.0,522.0,524.0,2307,528.47,2408
2026-08-24 09:35:00,524.0,526.0,520.0,523.0,2156,528.02,2408
2026-08-24 09:40:00,523.0,526.0,522.0,524.0,1156,527.86,2408
2026-08-24 09:45:00,524.0,527.0,523.0,527.0,1033,527.74,2408
2026-08-24 09:50:00,526.0,530.0,526.0,526.0,1559,527.75,2408
2026-08-24 09:55:00,525.0,526.0,518.0,518.0,3052,527.12,2408
2026-08-24 10:00:00,518.0,524.0,518.0,524.0,1291,526.89,2408
2026-08-24 10:05:00,523.0,524.0,519.0,520.0,786,526.76,2408
2026-08-24 10:10:00,519.0,524.0,519.0,524.0,531,526.69,2408
2026-08-24 10:15:00,523.0,524.0,521.0,522.0,426,526.65,2408
2026-08-24 10:20:00,522.0,522.0,520.0,521.0,275,526.61,2408
2026-08-24 10:25:00,521.0,522.0,520.0,521.0,198,526.58,2408
2026-08-24 10:30:00,521.0,523.0,521.0,523.0,235,526.55,2408
2026-08-24 10:35:00,523.0,523.0,521.0,522.0,183,526.53,2408
2026-08-24 10:40:00,522.0,523.0,521.0,522.0,164,526.51,2408
2026-08-24 10:45:00,522.0,523.0,519.0,519.0,675,526.41,2408
2026-08-24 10:50:00,519.0,520.0,517.0,519.0,1217,526.17,2408
2026-08-24 10:55:00,518.0,518.0,516.0,517.0,1174,525.92,2408
2026-08-24 11:00:00,517.0,519.0,516.0,518.0,627,525.8,2408
2026-08-24 11:05:00,518.0,519.0,515.0,516.0,1034,525.58,2408
2026-08-24 11:10:00,515.0,517.0,515.0,516.0,557,525.45,2408
2026-08-24 11:15:00,516.0,517.0,515.0,516.0,397,525.37,2408
2026-08-24 11:20:00,516.0,516.0,513.0,516.0,1682,524.99,2408
2026-08-24 11:25:00,516.0,517.0,515.0,516.0,196,524.95,2408
2026-08-24 11:30:00,516.0,517.0,515.0,516.0,385,524.88,2408
2026-08-24 11:35:00,516.0,517.0,515.0,516.0,187,524.84,2408
2026-08-24 11:40:00,517.0,518.0,516.0,516.0,371,524.78,2408
2026-08-24 11:45:00,516.0,516.0,514.0,514.0,347,524.71,2408
2026-08-24 11:50:00,514.0,515.0,513.0,513.0,433,524.61,2408
2026-08-24 11:55:00,514.0,514.0,510.0,511.0,1632,524.21,2408
2026-08-24 12:00:00,511.0,511.0,508.0,509.0,1453,523.8,2408
2026-08-24 12:05:00,510.0,511.0,509.0,511.0,599,523.65,2408
2026-08-24 12:10:00,511.0,512.0,509.0,512.0,638,523.49,2408
2026-08-24 12:15:00,511.0,512.0,510.0,511.0,258,523.43,2408
2026-08-24 12:20:00,511.0,511.0,510.0,511.0,147,523.39,2408
2026-08-24 12:25:00,510.0,510.0,505.0,505.0,2185,522.78,2408
2026-08-24 12:30:00,505.0,508.0,505.0,508.0,740,522.56,2408
2026-08-24 12:35:00,508.0,510.0,507.0,509.0,562,522.42,2408
2026-08-24 12:40:00,509.0,510.0,508.0,510.0,165,522.38,2408
2026-08-24 12:45:00,509.0,511.0,509.0,511.0,429,522.29,2408
2026-08-24 12:50:00,511.0,511.0,509.0,509.0,362,522.22,2408
2026-08-24 12:55:00,509.0,510.0,508.0,508.0,588,522.08,2408
2026-08-24 13:00:00,508.0,509.0,507.0,507.0,515,521.95,2408
2026-08-24 13:05:00,507.0,508.0,506.0,507.0,1142,521.67,2408
2026-08-24 13:10:00,507.0,508.0,506.0,506.0,1429,521.31,2408
2026-08-24 13:15:00,506.0,506.0,504.0,504.0,2010,520.8,2408
2026-08-24 13:20:00,504.0,505.0,500.0,502.0,3393,519.84,2408
2026-08-24 13:30:00,501.0,501.0,501.0,501.0,2693,519.11,2408
2026-08-25 09:00:00,491.0,499.0,489.0,495.5,6480,493.94,2408
2026-08-25 09:05:00,496.0,498.0,491.0,496.0,3377,494.3,2408
2026-08-25 09:10:00,496.0,496.5,492.5,494.0,1124,494.28,2408
2026-08-25 09:15:00,494.0,494.5,489.0,490.5,3218,493.57,2408
2026-08-25 09:20:00,490.5,491.0,486.0,487.0,2571,492.77,2408
2026-08-25 09:25:00,487.5,490.0,486.5,487.5,1528,492.38,2408
2026-08-25 09:30:00,487.5,491.0,487.5,489.0,1361,492.19,2408
2026-08-25 09:35:00,489.0,491.0,488.5,491.0,736,492.11,2408
2026-08-25 09:40:00,491.0,491.0,484.5,486.5,2916,491.42,2408
2026-08-25 09:45:00,486.5,487.0,484.0,485.5,1595,491.01,2408
2026-08-25 09:50:00,485.5,486.5,484.0,485.0,1382,490.69,2408
2026-08-25 09:55:00,485.0,486.0,483.5,484.0,1100,490.43,2408
2026-08-25 10:00:00,484.0,484.0,482.0,482.5,1268,490.09,2408
2026-08-25 10:05:00,482.5,483.0,480.0,481.0,1825,489.57,2408
2026-08-25 10:10:00,480.5,485.5,480.5,485.0,912,489.4,2408
2026-08-25 10:15:00,485.0,488.0,483.5,487.5,1067,489.28,2408
2026-08-25 10:20:00,488.0,490.5,486.5,490.0,1839,489.25,2408
2026-08-25 10:25:00,490.5,491.0,488.0,488.0,1126,489.27,2408
2026-08-25 10:30:00,488.0,488.5,486.0,487.5,404,489.25,2408
2026-08-25 10:35:00,487.0,487.5,484.5,485.0,577,489.19,2408
2026-08-25 10:40:00,484.5,485.5,484.5,485.5,293,489.16,2408
2026-08-25 10:45:00,485.0,485.5,482.0,482.5,913,489.02,2408
2026-08-25 10:50:00,482.5,483.0,481.5,482.5,797,488.88,2408
2026-08-25 10:55:00,482.0,483.5,481.5,481.5,669,488.76,2408
2026-08-25 11:00:00,481.5,483.0,481.0,482.5,371,488.7,2408
2026-08-25 11:05:00,482.5,484.5,482.0,484.0,461,488.64,2408
2026-08-25 11:10:00,484.0,484.5,482.5,483.0,566,488.56,2408
2026-08-25 11:15:00,483.0,483.5,482.0,483.0,157,488.54,2408
2026-08-25 11:20:00,483.0,483.5,482.0,482.5,258,488.51,2408
2026-08-25 11:25:00,482.5,484.0,482.0,484.0,180,488.48,2408
2026-08-25 11:30:00,483.5,487.5,483.5,487.0,694,488.44,2408
2026-08-25 11:35:00,487.0,487.5,485.0,485.0,548,488.42,2408
2026-08-25 11:40:00,485.5,489.0,485.5,487.5,576,488.4,2408
2026-08-25 11:45:00,487.5,488.0,486.5,487.0,224,488.4,2408
2026-08-25 11:50:00,487.5,487.5,486.0,486.5,406,488.38,2408
2026-08-25 11:55:00,486.5,489.0,486.5,488.5,410,488.38,2408
2026-08-25 12:00:00,488.5,492.5,488.0,492.0,1610,488.46,2408
2026-08-25 12:05:00,492.0,495.0,492.0,494.5,2194,488.7,2408
2026-08-25 12:10:00,494.0,499.0,494.0,499.0,1909,489.0,2408
2026-08-25 12:15:00,499.0,501.0,496.0,496.0,1593,489.32,2408
2026-08-25 12:20:00,496.0,499.0,496.0,497.0,563,489.41,2408
2026-08-25 12:25:00,497.5,500.0,497.5,499.5,921,489.58,2408
2026-08-25 12:30:00,499.5,501.0,498.5,500.0,1108,489.78,2408
2026-08-25 12:35:00,500.0,501.0,499.0,501.0,502,489.88,2408
2026-08-25 12:40:00,501.0,504.0,500.0,503.0,1039,490.11,2408
2026-08-25 12:45:00,503.0,503.0,500.0,500.0,538,490.22,2408
2026-08-25 12:50:00,501.0,501.0,498.5,498.5,551,490.31,2408
2026-08-25 12:55:00,499.0,501.0,498.0,501.0,528,490.4,2408
2026-08-25 13:00:00,502.0,505.0,500.0,505.0,1129,490.64,2408
2026-08-25 13:05:00,505.0,508.0,504.0,507.0,1170,490.96,2408
2026-08-25 13:10:00,507.0,509.0,506.0,507.0,1075,491.25,2408
2026-08-25 13:15:00,506.0,508.0,505.0,508.0,855,491.47,2408
2026-08-25 13:20:00,507.0,509.0,506.0,507.0,1707,491.9,2408
2026-08-25 13:30:00,510.0,510.0,510.0,510.0,2308,492.54,2408
2026-08-26 09:00:00,510.0,520.0,506.0,511.0,8075,512.15,2408
2026-08-26 09:05:00,511.0,515.0,507.0,507.0,3689,511.58,2408
2026-08-26 09:10:00,507.0,512.0,505.0,508.0,1910,511.21,2408
2026-08-26 09:15:00,508.0,510.0,506.0,510.0,990,511.01,2408
2026-08-26 09:20:00,510.0,510.0,505.0,507.0,1808,510.58,2408
2026-08-26 09:25:00,507.0,509.0,505.0,509.0,1266,510.29,2408
2026-08-26 09:30:00,509.0,510.0,507.0,510.0,742,510.22,2408
2026-08-26 09:35:00,510.0,511.0,507.0,507.0,1161,510.16,2408
2026-08-26 09:40:00,507.0,508.0,504.0,505.0,1589,509.82,2408
2026-08-26 09:45:00,505.0,506.0,504.0,505.0,831,509.65,2408
2026-08-26 09:50:00,504.0,506.0,504.0,505.0,348,509.58,2408
2026-08-26 09:55:00,505.0,509.0,505.0,509.0,698,509.53,2408
2026-08-26 10:00:00,509.0,509.0,504.0,506.0,1194,509.36,2408
2026-08-26 10:05:00,506.0,508.0,505.0,507.0,218,509.34,2408
2026-08-26 10:10:00,507.0,508.0,507.0,507.0,136,509.33,2408
2026-08-26 10:15:00,507.0,509.0,505.0,509.0,587,509.27,2408
2026-08-26 10:20:00,508.0,510.0,508.0,508.0,565,509.27,2408
2026-08-26 10:25:00,509.0,510.0,508.0,509.0,275,509.27,2408
2026-08-26 10:30:00,510.0,511.0,509.0,510.0,795,509.3,2408
2026-08-26 10:35:00,511.0,511.0,508.0,509.0,1117,509.33,2408
2026-08-26 10:40:00,509.0,512.0,509.0,512.0,605,509.36,2408
2026-08-26 10:45:00,512.0,512.0,510.0,512.0,523,509.39,2408
2026-08-26 10:50:00,512.0,515.0,511.0,513.0,2302,509.65,2408
2026-08-26 10:55:00,514.0,518.0,512.0,518.0,2996,510.17,2408
2026-08-26 11:00:00,517.0,522.0,516.0,521.0,5042,511.33,2408
2026-08-26 11:05:00,521.0,521.0,518.0,520.0,1183,511.57,2408
2026-08-26 11:10:00,521.0,521.0,517.0,519.0,844,511.71,2408
2026-08-26 11:15:00,519.0,520.0,517.0,517.0,433,511.78,2408
2026-08-26 11:20:00,518.0,521.0,516.0,519.0,1236,512.0,2408
2026-08-26 11:25:00,520.0,521.0,519.0,519.0,644,512.11,2408
2026-08-26 11:30:00,520.0,520.0,518.0,518.0,570,512.2,2408
2026-08-26 11:35:00,518.0,520.0,518.0,520.0,300,512.24,2408
2026-08-26 11:40:00,519.0,519.0,517.0,517.0,239,512.27,2408
2026-08-26 11:45:00,517.0,519.0,516.0,518.0,497,512.32,2408
2026-08-26 11:50:00,518.0,519.0,515.0,517.0,512,512.37,2408
2026-08-26 11:55:00,517.0,519.0,516.0,517.0,265,512.4,2408
2026-08-26 12:00:00,517.0,518.0,515.0,515.0,288,512.43,2408
2026-08-26 12:05:00,515.0,516.0,513.0,516.0,712,512.46,2408
2026-08-26 12:10:00,516.0,516.0,514.0,515.0,153,512.47,2408
2026-08-26 12:15:00,515.0,516.0,514.0,515.0,229,512.48,2408
2026-08-26 12:20:00,515.0,515.0,514.0,514.0,109,512.48,2408
2026-08-26 12:25:00,514.0,515.0,512.0,512.0,447,512.49,2408
2026-08-26 12:30:00,512.0,515.0,512.0,514.0,456,512.5,2408
2026-08-26 12:35:00,514.0,515.0,514.0,515.0,125,512.5,2408
2026-08-26 12:40:00,514.0,519.0,514.0,519.0,862,512.57,2408
2026-08-26 12:45:00,518.0,519.0,517.0,518.0,463,512.62,2408
2026-08-26 12:50:00,517.0,518.0,515.0,516.0,340,512.65,2408
2026-08-26 12:55:00,516.0,518.0,516.0,517.0,231,512.67,2408
2026-08-26 13:00:00,517.0,519.0,517.0,518.0,892,512.76,2408
2026-08-26 13:05:00,518.0,519.0,517.0,518.0,933,512.85,2408
2026-08-26 13:10:00,518.0,519.0,517.0,517.0,593,512.91,2408
2026-08-26 13:15:00,517.0,518.0,516.0,517.0,662,512.96,2408
2026-08-26 13:20:00,517.0,517.0,514.0,514.0,1653,513.03,2408
2026-08-26 13:30:00,517.0,517.0,517.0,517.0,2448,513.2,2408
2026-08-27 09:00:00,529.0,539.0,528.0,537.0,11231,532.97,2408
2026-08-27 09:05:00,537.0,547.0,536.0,541.0,9802,537.08,2408
2026-08-27 09:10:00,541.0,545.0,539.0,539.0,4497,537.9,2408
2026-08-27 09:15:00,539.0,543.0,538.0,539.0,3187,538.14,2408
2026-08-27 09:20:00,540.0,543.0,538.0,543.0,3720,538.43,2408
2026-08-27 09:25:00,543.0,547.0,542.0,547.0,4437,539.25,2408
2026-08-27 09:30:00,547.0,549.0,543.0,548.0,4358,540.0,2408
2026-08-27 09:35:00,548.0,555.0,547.0,554.0,8452,541.84,2408
2026-08-27 09:40:00,554.0,555.0,546.0,547.0,3399,542.35,2408
2026-08-27 09:45:00,547.0,547.0,544.0,547.0,1340,542.43,2408
2026-08-27 09:50:00,546.0,548.0,544.0,544.0,1181,542.5,2408
2026-08-27 09:55:00,545.0,546.0,544.0,544.0,672,542.53,2408
2026-08-27 10:00:00,544.0,549.0,544.0,548.0,1060,542.61,2408
2026-08-27 10:05:00,549.0,552.0,547.0,548.0,2389,542.9,2408
2026-08-27 10:10:00,549.0,550.0,548.0,549.0,501,542.95,2408
2026-08-27 10:15:00,549.0,550.0,548.0,549.0,681,543.02,2408
2026-08-27 10:20:00,549.0,550.0,548.0,549.0,631,543.08,2408
2026-08-27 10:25:00,550.0,550.0,548.0,548.0,519,543.13,2408
2026-08-27 10:30:00,549.0,549.0,548.0,548.0,413,543.17,2408
2026-08-27 10:35:00,548.0,549.0,548.0,548.0,284,543.19,2408
2026-08-27 10:40:00,548.0,549.0,545.0,546.0,1233,543.26,2408
2026-08-27 10:45:00,546.0,547.0,544.0,544.0,418,543.27,2408
2026-08-27 10:50:00,544.0,545.0,543.0,545.0,489,543.28,2408
2026-08-27 10:55:00,545.0,545.0,542.0,542.0,767,543.28,2408
2026-08-27 11:00:00,542.0,546.0,541.0,546.0,985,543.27,2408
2026-08-27 11:05:00,546.0,547.0,544.0,547.0,510,543.29,2408
2026-08-27 11:10:00,547.0,547.0,546.0,546.0,189,543.3,2408
2026-08-27 11:15:00,547.0,548.0,547.0,548.0,277,543.32,2408
2026-08-27 11:20:00,548.0,548.0,547.0,547.0,293,543.33,2408
2026-08-27 11:25:00,548.0,548.0,547.0,547.0,310,543.35,2408
2026-08-27 11:30:00,547.0,547.0,546.0,547.0,257,543.36,2408
2026-08-27 11:35:00,546.0,548.0,546.0,547.0,358,543.38,2408
2026-08-27 11:40:00,547.0,548.0,545.0,545.0,356,543.4,2408
2026-08-27 11:45:00,545.0,545.0,544.0,545.0,187,543.4,2408
2026-08-27 11:50:00,544.0,547.0,544.0,546.0,492,543.42,2408
2026-08-27 11:55:00,546.0,548.0,546.0,548.0,421,543.44,2408
2026-08-27 12:00:00,548.0,548.0,547.0,547.0,213,543.45,2408
2026-08-27 12:05:00,547.0,548.0,546.0,546.0,316,543.47,2408
2026-08-27 12:10:00,546.0,547.0,545.0,546.0,259,543.48,2408
2026-08-27 12:15:00,546.0,547.0,545.0,546.0,420,543.49,2408
2026-08-27 12:20:00,546.0,547.0,545.0,546.0,260,543.5,2408
2026-08-27 12:25:00,546.0,547.0,545.0,545.0,212,543.5,2408
2026-08-27 12:30:00,545.0,546.0,544.0,545.0,544,543.51,2408
2026-08-27 12:35:00,545.0,546.0,545.0,545.0,253,543.52,2408
2026-08-27 12:40:00,545.0,546.0,544.0,545.0,556,543.53,2408
2026-08-27 12:45:00,545.0,547.0,544.0,544.0,971,543.56,2408
2026-08-27 12:50:00,544.0,545.0,544.0,544.0,237,543.56,2408
2026-08-27 12:55:00,545.0,545.0,542.0,543.0,880,543.56,2408
2026-08-27 13:00:00,543.0,545.0,543.0,545.0,555,543.56,2408
2026-08-27 13:05:00,544.0,546.0,544.0,546.0,827,543.58,2408
2026-08-27 13:10:00,546.0,546.0,544.0,544.0,755,543.59,2408
2026-08-27 13:15:00,544.0,545.0,543.0,543.0,864,543.59,2408
2026-08-27 13:20:00,543.0,544.0,540.0,541.0,2247,543.54,2408
2026-08-27 13:30:00,541.0,541.0,541.0,541.0,2652,543.46,2408
2026-08-28 09:00:00,550.0,569.0,541.0,569.0,13349,554.86,2408
2026-08-28 09:05:00,568.0,569.0,561.0,562.0,6053,558.05,2408
2026-08-28 09:10:00,562.0,565.0,556.0,560.0,4033,558.23,2408
2026-08-28 09:15:00,560.0,560.0,555.0,556.0,1666,558.18,2408
2026-08-28 09:20:00,555.0,560.0,554.0,557.0,2420,558.05,2408
2026-08-28 09:25:00,557.0,558.0,551.0,551.0,1460,557.87,2408
2026-08-28 09:30:00,551.0,552.0,545.0,547.0,3839,556.73,2408
2026-08-28 09:35:00,547.0,547.0,542.0,546.0,2146,555.99,2408
2026-08-28 09:40:00,545.0,549.0,545.0,546.0,1274,555.68,2408
2026-08-28 09:45:00,546.0,547.0,542.0,543.0,1087,555.34,2408
2026-08-28 09:50:00,543.0,543.0,539.0,540.0,2867,554.33,2408
2026-08-28 09:55:00,540.0,541.0,532.0,533.0,3281,553.03,2408
2026-08-28 10:00:00,533.0,538.0,531.0,537.0,2695,551.93,2408
2026-08-28 10:05:00,537.0,537.0,533.0,535.0,903,551.61,2408
2026-08-28 10:10:00,535.0,539.0,535.0,537.0,629,551.42,2408
2026-08-28 10:15:00,536.0,540.0,536.0,539.0,738,551.23,2408
2026-08-28 10:20:00,539.0,542.0,537.0,542.0,1065,550.97,2408
2026-08-28 10:25:00,542.0,545.0,540.0,544.0,1751,550.69,2408
2026-08-28 10:30:00,545.0,545.0,540.0,541.0,1216,550.51,2408
2026-08-28 10:35:00,541.0,542.0,541.0,541.0,151,550.48,2408
2026-08-28 10:40:00,541.0,542.0,539.0,539.0,708,550.35,2408
2026-08-28 10:45:00,539.0,540.0,538.0,538.0,326,550.28,2408
2026-08-28 10:50:00,539.0,541.0,538.0,541.0,182,550.24,2408
2026-08-28 10:55:00,540.0,540.0,538.0,538.0,370,550.17,2408
2026-08-28 11:00:00,539.0,541.0,538.0,541.0,174,550.14,2408
2026-08-28 11:05:00,541.0,542.0,540.0,541.0,394,550.07,2408
2026-08-28 11:10:00,541.0,541.0,538.0,539.0,410,549.99,2408
2026-08-28 11:15:00,539.0,539.0,538.0,538.0,183,549.95,2408
2026-08-28 11:20:00,539.0,540.0,538.0,539.0,127,549.93,2408
2026-08-28 11:25:00,539.0,540.0,538.0,539.0,228,549.88,2408
2026-08-28 11:30:00,539.0,539.0,537.0,539.0,524,549.78,2408
2026-08-28 11:35:00,540.0,542.0,539.0,541.0,550,549.69,2408
2026-08-28 11:40:00,541.0,542.0,540.0,541.0,435,549.63,2408
2026-08-28 11:45:00,541.0,545.0,540.0,544.0,1290,549.48,2408
2026-08-28 11:50:00,543.0,548.0,543.0,548.0,1751,549.38,2408
2026-08-28 11:55:00,548.0,553.0,548.0,550.0,3240,549.42,2408
2026-08-28 12:00:00,550.0,551.0,545.0,547.0,1003,549.4,2408
2026-08-28 12:05:00,547.0,547.0,545.0,547.0,252,549.38,2408
2026-08-28 12:10:00,547.0,547.0,545.0,545.0,331,549.37,2408
2026-08-28 12:15:00,545.0,547.0,544.0,546.0,374,549.34,2408
2026-08-28 12:20:00,547.0,547.0,546.0,546.0,118,549.34,2408
2026-08-28 12:25:00,546.0,546.0,544.0,544.0,235,549.32,2408
2026-08-28 12:30:00,544.0,545.0,543.0,543.0,409,549.29,2408
2026-08-28 12:35:00,543.0,545.0,543.0,545.0,303,549.26,2408
2026-08-28 12:40:00,544.0,545.0,541.0,542.0,409,549.22,2408
2026-08-28 12:45:00,541.0,545.0,541.0,543.0,568,549.16,2408
2026-08-28 12:50:00,543.0,545.0,543.0,543.0,175,549.15,2408
2026-08-28 12:55:00,543.0,543.0,541.0,542.0,399,549.1,2408
2026-08-28 13:00:00,541.0,542.0,540.0,541.0,693,549.02,2408
2026-08-28 13:05:00,540.0,542.0,540.0,542.0,506,548.96,2408
2026-08-28 13:10:00,542.0,542.0,539.0,539.0,1044,548.84,2408
2026-08-28 13:15:00,539.0,540.0,537.0,538.0,1280,548.65,2408
2026-08-28 13:20:00,537.0,538.0,536.0,538.0,1863,548.36,2408
2026-08-28 13:30:00,540.0,540.0,540.0,540.0,2084,548.13,2408
2026-08-31 09:00:00,546.0,551.0,532.0,550.0,9482,544.21,2408
2026-08-31 09:05:00,550.0,550.0,545.0,546.0,2527,544.96,2408
2026-08-31 09:10:00,546.0,549.0,542.0,549.0,2363,544.99,2408
2026-08-31 09:15:00,549.0,549.0,541.0,546.0,1219,544.96,2408
2026-08-31 09:20:00,545.0,548.0,544.0,546.0,926,545.03,2408
2026-08-31 09:25:00,546.0,546.0,542.0,542.0,1033,544.94,2408
2026-08-31 09:30:00,541.0,543.0,541.0,543.0,679,544.84,2408
2026-08-31 09:35:00,543.0,546.0,543.0,545.0,456,544.83,2408
2026-08-31 09:40:00,545.0,551.0,545.0,548.0,3851,545.55,2408
2026-08-31 09:45:00,548.0,549.0,547.0,547.0,673,545.62,2408
2026-08-31 09:50:00,548.0,548.0,544.0,545.0,751,545.61,2408
2026-08-31 09:55:00,544.0,545.0,541.0,542.0,1285,545.47,2408
2026-08-31 10:00:00,542.0,542.0,536.0,540.0,2917,544.84,2408
2026-08-31 10:05:00,540.0,543.0,539.0,542.0,651,544.77,2408
2026-08-31 10:10:00,542.0,543.0,541.0,542.0,542,544.71,2408
2026-08-31 10:15:00,542.0,542.0,537.0,537.0,1027,544.5,2408
2026-08-31 10:20:00,537.0,538.0,533.0,533.0,2165,543.87,2408
2026-08-31 10:25:00,533.0,536.0,531.0,533.0,2115,543.21,2408
2026-08-31 10:30:00,533.0,534.0,531.0,531.0,956,542.92,2408
2026-08-31 10:35:00,532.0,534.0,531.0,533.0,461,542.78,2408
2026-08-31 10:40:00,533.0,535.0,532.0,534.0,432,542.67,2408
2026-08-31 10:45:00,534.0,538.0,533.0,535.0,557,542.57,2408
2026-08-31 10:50:00,536.0,541.0,535.0,540.0,674,542.49,2408
2026-08-31 10:55:00,540.0,542.0,539.0,540.0,873,542.45,2408
2026-08-31 11:00:00,541.0,541.0,538.0,541.0,586,542.41,2408
2026-08-31 11:05:00,541.0,544.0,541.0,544.0,1404,542.4,2408
2026-08-31 11:10:00,543.0,544.0,542.0,542.0,785,542.41,2408
2026-08-31 11:15:00,541.0,542.0,536.0,537.0,646,542.35,2408
2026-08-31 11:20:00,537.0,539.0,537.0,539.0,188,542.33,2408
2026-08-31 11:25:00,539.0,539.0,538.0,539.0,200,542.32,2408
2026-08-31 11:30:00,540.0,540.0,538.0,539.0,187,542.31,2408
2026-08-31 11:35:00,539.0,539.0,537.0,538.0,290,542.28,2408
2026-08-31 11:40:00,537.0,539.0,537.0,539.0,68,542.27,2408
2026-08-31 11:45:00,539.0,540.0,538.0,540.0,158,542.26,2408
2026-08-31 11:50:00,540.0,540.0,539.0,540.0,114,542.25,2408
2026-08-31 11:55:00,540.0,542.0,539.0,541.0,625,542.23,2408
2026-08-31 12:00:00,541.0,544.0,541.0,544.0,923,542.24,2408
2026-08-31 12:05:00,544.0,545.0,543.0,543.0,570,542.26,2408
2026-08-31 12:10:00,544.0,545.0,543.0,545.0,759,542.29,2408
2026-08-31 12:15:00,544.0,546.0,543.0,546.0,920,542.34,2408
2026-08-31 12:20:00,545.0,546.0,543.0,543.0,571,542.36,2408
2026-08-31 12:25:00,544.0,545.0,543.0,545.0,183,542.37,2408
2026-08-31 12:30:00,544.0,545.0,544.0,545.0,143,542.38,2408
2026-08-31 12:35:00,545.0,548.0,544.0,548.0,1383,542.48,2408
2026-08-31 12:40:00,547.0,551.0,547.0,550.0,2688,542.82,2408
2026-08-31 12:45:00,551.0,551.0,547.0,548.0,883,542.93,2408
2026-08-31 12:50:00,548.0,553.0,548.0,553.0,1947,543.21,2408
2026-08-31 12:55:00,552.0,558.0,551.0,555.0,4023,544.0,2408
2026-08-31 13:00:00,556.0,556.0,553.0,554.0,948,544.16,2408
2026-08-31 13:05:00,554.0,555.0,554.0,554.0,421,544.24,2408
2026-08-31 13:10:00,554.0,555.0,550.0,551.0,1136,544.38,2408
2026-08-31 13:15:00,552.0,555.0,551.0,553.0,1026,544.52,2408
2026-08-31 13:20:00,552.0,553.0,548.0,549.0,1723,544.67,2408
2026-08-31 13:30:00,543.0,543.0,543.0,543.0,92840,543.68,2408
2026-09-01 09:00:00,551.0,551.0,534.0,537.0,9721,542.33,2408
2026-09-01 09:05:00,536.0,537.0,521.0,528.0,9498,535.04,2408
2026-09-01 09:10:00,528.0,534.0,526.0,533.0,3130,534.33,2408
2026-09-01 09:15:00,533.0,534.0,528.0,528.0,2720,533.93,2408
2026-09-01 09:20:00,528.0,531.0,526.0,528.0,1668,533.58,2408
2026-09-01 09:25:00,528.0,528.0,522.0,524.0,3685,532.54,2408
2026-09-01 09:30:00,525.0,525.0,522.0,524.0,1957,532.0,2408
2026-09-01 09:35:00,524.0,528.0,523.0,527.0,1310,531.73,2408
2026-09-01 09:40:00,527.0,528.0,524.0,527.0,1384,531.48,2408
2026-09-01 09:45:00,527.0,527.0,525.0,525.0,850,531.35,2408
2026-09-01 09:50:00,525.0,526.0,523.0,524.0,883,531.18,2408
2026-09-01 09:55:00,524.0,526.0,522.0,526.0,1456,530.89,2408
2026-09-01 10:00:00,526.0,526.0,523.0,525.0,546,530.8,2408
2026-09-01 10:05:00,526.0,526.0,524.0,525.0,433,530.73,2408
2026-09-01 10:10:00,525.0,526.0,524.0,526.0,223,530.7,2408
2026-09-01 10:15:00,526.0,527.0,525.0,526.0,467,530.65,2408
2026-09-01 10:20:00,526.0,527.0,523.0,524.0,1072,530.49,2408
2026-09-01 10:25:00,524.0,525.0,522.0,523.0,1329,530.26,2408
2026-09-01 10:30:00,523.0,524.0,522.0,523.0,566,530.17,2408
2026-09-01 10:35:00,523.0,524.0,520.0,521.0,2949,529.61,2408
2026-09-01 10:40:00,520.0,521.0,518.0,521.0,4448,528.69,2408
2026-09-01 10:45:00,520.0,521.0,519.0,520.0,749,528.56,2408
2026-09-01 10:50:00,520.0,521.0,519.0,521.0,390,528.5,2408
2026-09-01 10:55:00,521.0,523.0,521.0,522.0,345,528.45,2408
2026-09-01 11:00:00,523.0,523.0,521.0,522.0,276,528.42,2408
2026-09-01 11:05:00,522.0,523.0,521.0,522.0,582,528.34,2408
2026-09-01 11:10:00,522.0,522.0,520.0,522.0,139,528.32,2408
2026-09-01 11:15:00,521.0,522.0,519.0,520.0,1252,528.14,2408
2026-09-01 11:20:00,520.0,521.0,519.0,520.0,511,528.06,2408
2026-09-01 11:25:00,520.0,521.0,518.0,518.0,947,527.91,2408
2026-09-01 11:30:00,519.0,521.0,518.0,520.0,585,527.82,2408
2026-09-01 11:35:00,521.0,521.0,519.0,520.0,475,527.76,2408
2026-09-01 11:40:00,520.0,521.0,520.0,521.0,173,527.74,2408
2026-09-01 11:45:00,521.0,522.0,520.0,522.0,307,527.7,2408
2026-09-01 11:50:00,522.0,523.0,521.0,522.0,359,527.67,2408
2026-09-01 11:55:00,522.0,522.0,520.0,521.0,475,527.61,2408
2026-09-01 12:00:00,521.0,521.0,519.0,520.0,887,527.5,2408
2026-09-01 12:05:00,520.0,520.0,519.0,519.0,307,527.46,2408
2026-09-01 12:10:00,520.0,521.0,519.0,520.0,435,527.4,2408
2026-09-01 12:15:00,520.0,521.0,519.0,519.0,368,527.36,2408
2026-09-01 12:20:00,519.0,521.0,519.0,520.0,222,527.33,2408
2026-09-01 12:25:00,521.0,521.0,519.0,519.0,578,527.26,2408
2026-09-01 12:30:00,520.0,520.0,519.0,520.0,392,527.21,2408
2026-09-01 12:35:00,520.0,520.0,519.0,519.0,327,527.17,2408
2026-09-01 12:40:00,520.0,520.0,519.0,520.0,377,527.13,2408
2026-09-01 12:45:00,520.0,520.0,519.0,520.0,363,527.08,2408
2026-09-01 12:50:00,520.0,520.0,516.0,519.0,4515,526.47,2408
2026-09-01 12:55:00,519.0,519.0,517.0,518.0,770,526.38,2408
2026-09-01 13:00:00,519.0,519.0,518.0,519.0,680,526.3,2408
2026-09-01 13:05:00,518.0,519.0,517.0,518.0,1298,526.14,2408
2026-09-01 13:10:00,518.0,518.0,516.0,516.0,1511,525.94,2408
2026-09-01 13:15:00,516.0,517.0,516.0,516.0,1373,525.76,2408
2026-09-01 13:20:00,517.0,517.0,516.0,516.0,2410,525.46,2408
2026-09-01 13:30:00,518.0,518.0,518.0,518.0,3962,525.08,2408
2026-09-02 09:00:00,509.0,512.0,502.0,509.0,7895,506.74,2408
2026-09-02 09:05:00,508.0,508.0,504.0,505.0,2354,506.45,2408
2026-09-02 09:10:00,505.0,511.0,503.0,509.0,2543,506.54,2408
2026-09-02 09:15:00,509.0,514.0,509.0,510.0,2418,507.34,2408
2026-09-02 09:20:00,510.0,511.0,509.0,510.0,1020,507.5,2408
2026-09-02 09:25:00,511.0,514.0,510.0,514.0,841,507.74,2408
2026-09-02 09:30:00,514.0,514.0,511.0,514.0,887,508.0,2408
2026-09-02 09:35:00,514.0,520.0,513.0,520.0,2772,509.31,2408
2026-09-02 09:40:00,519.0,521.0,518.0,519.0,1742,510.13,2408
2026-09-02 09:45:00,520.0,520.0,515.0,518.0,1468,510.58,2408
2026-09-02 09:50:00,518.0,520.0,516.0,516.0,811,510.81,2408
2026-09-02 09:55:00,516.0,518.0,515.0,517.0,432,510.91,2408
2026-09-02 10:00:00,517.0,521.0,517.0,519.0,1159,511.27,2408
2026-09-02 10:05:00,519.0,520.0,516.0,516.0,488,511.4,2408
2026-09-02 10:10:00,516.0,520.0,516.0,520.0,528,511.53,2408
2026-09-02 10:15:00,519.0,521.0,519.0,521.0,864,511.78,2408
2026-09-02 10:20:00,521.0,521.0,519.0,520.0,663,511.97,2408
2026-09-02 10:25:00,521.0,524.0,520.0,521.0,1684,512.53,2408
2026-09-02 10:30:00,521.0,522.0,519.0,519.0,491,512.64,2408
2026-09-02 10:35:00,519.0,520.0,516.0,516.0,517,512.73,2408
2026-09-02 10:40:00,516.0,518.0,516.0,517.0,413,512.78,2408
2026-09-02 10:45:00,518.0,519.0,517.0,517.0,253,512.82,2408
2026-09-02 10:50:00,517.0,518.0,516.0,517.0,267,512.85,2408
2026-09-02 10:55:00,517.0,518.0,514.0,514.0,771,512.91,2408
2026-09-02 11:00:00,514.0,515.0,512.0,513.0,757,512.93,2408
2026-09-02 11:05:00,513.0,514.0,512.0,514.0,347,512.93,2408
2026-09-02 11:10:00,514.0,516.0,513.0,515.0,218,512.94,2408
2026-09-02 11:15:00,515.0,515.0,512.0,513.0,442,512.94,2408
2026-09-02 11:20:00,513.0,513.0,511.0,513.0,491,512.93,2408
2026-09-02 11:25:00,513.0,513.0,512.0,512.0,95,512.93,2408
2026-09-02 11:30:00,513.0,514.0,512.0,513.0,168,512.93,2408
2026-09-02 11:35:00,513.0,518.0,512.0,518.0,424,512.95,2408
2026-09-02 11:40:00,517.0,523.0,516.0,523.0,1876,513.31,2408
2026-09-02 11:45:00,523.0,523.0,518.0,519.0,880,513.48,2408
2026-09-02 11:50:00,518.0,519.0,517.0,518.0,337,513.51,2408
2026-09-02 11:55:00,518.0,518.0,515.0,518.0,377,513.55,2408
2026-09-02 12:00:00,519.0,520.0,517.0,518.0,336,513.59,2408
2026-09-02 12:05:00,518.0,519.0,517.0,519.0,367,513.63,2408
2026-09-02 12:10:00,518.0,520.0,518.0,519.0,411,513.68,2408
2026-09-02 12:15:00,519.0,521.0,518.0,520.0,633,513.77,2408
2026-09-02 12:20:00,520.0,521.0,519.0,520.0,538,513.86,2408
2026-09-02 12:25:00,520.0,521.0,518.0,518.0,218,513.89,2408
2026-09-02 12:30:00,518.0,520.0,518.0,518.0,259,513.92,2408
2026-09-02 12:35:00,519.0,519.0,518.0,518.0,192,513.94,2408
2026-09-02 12:40:00,518.0,520.0,518.0,519.0,343,513.97,2408
2026-09-02 12:45:00,519.0,520.0,519.0,519.0,295,514.01,2408
2026-09-02 12:50:00,519.0,521.0,518.0,519.0,846,514.12,2408
2026-09-02 12:55:00,518.0,519.0,518.0,519.0,270,514.14,2408
2026-09-02 13:00:00,518.0,519.0,517.0,518.0,544,514.19,2408
2026-09-02 13:05:00,518.0,519.0,517.0,518.0,573,514.24,2408
2026-09-02 13:10:00,518.0,519.0,517.0,518.0,877,514.31,2408
2026-09-02 13:15:00,518.0,520.0,518.0,519.0,970,514.4,2408
2026-09-02 13:20:00,518.0,520.0,517.0,519.0,1301,514.5,2408
2026-09-02 13:30:00,518.0,518.0,518.0,518.0,3028,514.71,2408
2026-09-03 09:00:00,533.0,539.0,527.0,531.0,11750,532.78,2408
2026-09-03 09:05:00,531.0,533.0,525.0,528.0,4020,531.76,2408
2026-09-03 09:10:00,527.0,528.0,523.0,526.0,2574,530.8,2408
2026-09-03 09:15:00,526.0,526.0,515.0,519.0,5609,528.16,2408
2026-09-03 09:20:00,519.0,521.0,516.0,516.0,1979,527.46,2408
2026-09-03 09:25:00,517.0,517.0,510.0,512.0,4606,525.27,2408
2026-09-03 09:30:00,512.0,515.0,510.0,514.0,1789,524.54,2408
2026-09-03 09:35:00,513.0,514.0,506.0,508.0,3958,522.92,2408
2026-09-03 09:40:00,508.0,509.0,505.0,507.0,2255,521.99,2408
2026-09-03 09:45:00,506.0,513.0,506.0,512.0,1450,521.53,2408
2026-09-03 09:50:00,512.0,513.0,506.0,507.0,1298,521.13,2408
2026-09-03 09:55:00,507.0,507.0,501.0,501.0,4095,519.59,2408
2026-09-03 10:00:00,501.0,505.0,500.0,504.0,1740,518.97,2408
2026-09-03 10:05:00,503.0,506.0,503.0,505.0,635,518.78,2408
2026-09-03 10:10:00,505.0,508.0,505.0,507.0,648,518.62,2408
2026-09-03 10:15:00,507.0,507.0,504.0,507.0,753,518.42,2408
2026-09-03 10:20:00,507.0,507.0,504.0,504.0,1239,518.09,2408
2026-09-03 10:25:00,503.0,505.0,502.0,503.0,1442,517.67,2408
2026-09-03 10:30:00,502.0,503.0,495.0,495.0,6548,515.59,2408
2026-09-03 10:35:00,495.5,499.0,495.0,498.5,1991,514.99,2408
2026-09-03 10:40:00,498.5,499.0,492.0,492.0,2918,514.08,2408
2026-09-03 10:45:00,492.0,494.5,490.0,492.5,2321,513.29,2408
2026-09-03 10:50:00,492.5,494.0,492.5,493.5,904,513.02,2408
2026-09-03 10:55:00,493.5,497.0,493.0,495.5,1377,512.66,2408
2026-09-03 11:00:00,495.5,499.5,495.0,498.5,988,512.45,2408
2026-09-03 11:05:00,499.0,499.0,496.0,497.0,803,512.27,2408
2026-09-03 11:10:00,497.0,497.5,496.5,497.0,454,512.18,2408
2026-09-03 11:15:00,497.0,502.0,496.5,501.0,979,511.99,2408
2026-09-03 11:20:00,501.0,502.0,497.0,497.0,1115,511.8,2408
2026-09-03 11:25:00,497.0,498.0,497.0,497.5,514,511.69,2408
2026-09-03 11:30:00,497.0,498.0,494.0,494.5,1667,511.34,2408
2026-09-03 11:35:00,494.0,496.0,493.5,496.0,495,511.23,2408
2026-09-03 11:40:00,496.0,497.0,495.5,496.5,321,511.17,2408
2026-09-03 11:45:00,496.5,496.5,495.0,495.5,383,511.09,2408
2026-09-03 11:50:00,495.5,495.5,492.5,493.0,1289,510.8,2408
2026-09-03 11:55:00,492.5,494.0,492.5,493.5,641,510.66,2408
2026-09-03 12:00:00,493.5,493.5,492.0,492.0,719,510.49,2408
2026-09-03 12:05:00,492.0,492.5,490.0,490.0,1919,510.03,2408
2026-09-03 12:10:00,490.0,491.0,490.0,490.0,1967,509.56,2408
2026-09-03 12:15:00,490.0,490.5,487.0,489.5,3763,508.65,2408
2026-09-03 12:20:00,489.5,490.0,486.5,486.5,1311,508.33,2408
2026-09-03 12:25:00,486.5,488.5,486.5,487.5,1253,508.03,2408
2026-09-03 12:30:00,487.5,488.0,487.0,487.0,640,507.89,2408
2026-09-03 12:35:00,487.0,487.0,486.0,486.5,1395,507.56,2408
2026-09-03 12:40:00,486.5,486.5,482.0,484.5,4058,506.56,2408
2026-09-03 12:45:00,485.0,488.5,484.5,485.0,1187,506.31,2408
2026-09-03 12:50:00,484.5,485.0,484.0,485.0,669,506.16,2408
2026-09-03 12:55:00,485.0,486.0,484.0,484.0,916,505.97,2408
2026-09-03 13:00:00,484.5,484.5,483.0,483.5,1432,505.64,2408
2026-09-03 13:05:00,483.5,484.5,482.5,482.5,1957,505.21,2408
2026-09-03 13:10:00,482.5,483.0,480.5,481.0,3087,504.51,2408
2026-09-03 13:15:00,481.0,481.0,480.0,480.0,2432,503.96,2408
2026-09-03 13:20:00,480.0,480.5,478.0,478.0,4310,502.99,2408
2026-09-03 13:30:00,477.5,477.5,477.5,477.5,6379,501.6,2408
2026-09-04 09:00:00,490.5,494.5,485.5,486.5,9064,489.91,2408
2026-09-04 09:05:00,486.5,487.5,480.5,481.5,4143,487.85,2408
2026-09-04 09:10:00,481.5,484.5,480.0,484.0,2489,486.86,2408
2026-09-04 09:15:00,484.0,485.5,482.0,483.5,1571,486.59,2408
2026-09-04 09:20:00,483.5,484.0,479.0,479.5,3794,485.57,2408
2026-09-04 09:25:00,479.5,480.0,475.5,478.0,3118,484.55,2408
2026-09-04 09:30:00,478.0,482.0,478.0,480.0,1104,484.38,2408
2026-09-04 09:35:00,480.0,480.0,476.0,477.5,1793,483.93,2408
2026-09-04 09:40:00,477.5,478.0,475.0,476.5,1441,483.56,2408
2026-09-04 09:45:00,476.5,476.5,470.0,471.0,3125,482.5,2408
2026-09-04 09:50:00,471.0,475.5,470.5,474.0,1401,482.11,2408
2026-09-04 09:55:00,474.0,478.5,474.0,475.0,1482,481.87,2408
2026-09-04 10:00:00,475.0,475.0,472.5,474.5,617,481.72,2408
2026-09-04 10:05:00,474.5,477.5,474.0,477.0,510,481.64,2408
2026-09-04 10:10:00,477.5,479.5,477.0,477.5,1090,481.54,2408
2026-09-04 10:15:00,478.0,478.0,476.0,477.0,472,481.48,2408
2026-09-04 10:20:00,477.0,478.0,476.5,478.0,491,481.43,2408
2026-09-04 10:25:00,478.0,482.0,477.5,480.0,1637,481.37,2408
2026-09-04 10:30:00,480.0,481.5,478.0,478.5,948,481.35,2408
2026-09-04 10:35:00,478.5,480.0,478.0,479.5,501,481.32,2408
2026-09-04 10:40:00,480.0,482.5,479.5,482.0,1484,481.33,2408
2026-09-04 10:45:00,482.0,482.0,480.5,481.0,283,481.33,2408
2026-09-04 10:50:00,480.5,483.5,480.5,483.5,735,481.34,2408
2026-09-04 10:55:00,483.0,487.0,483.0,486.5,2948,481.61,2408
2026-09-04 11:00:00,487.0,488.0,485.5,487.0,1625,481.8,2408
2026-09-04 11:05:00,486.5,487.5,486.0,486.5,752,481.88,2408
2026-09-04 11:10:00,486.5,487.0,485.0,485.5,488,481.92,2408
2026-09-04 11:15:00,485.5,488.5,485.0,488.0,981,482.02,2408
2026-09-04 11:20:00,488.0,492.0,488.0,490.0,2618,482.43,2408
2026-09-04 11:25:00,489.5,490.0,487.5,488.5,728,482.52,2408
2026-09-04 11:30:00,488.5,490.0,488.0,489.0,360,482.56,2408
2026-09-04 11:35:00,489.0,490.0,488.5,488.5,338,482.6,2408
2026-09-04 11:40:00,488.5,488.5,485.0,485.0,713,482.65,2408
2026-09-04 11:45:00,485.0,486.0,484.0,485.5,651,482.68,2408
2026-09-04 11:50:00,485.5,488.5,485.0,488.0,493,482.71,2408
2026-09-04 11:55:00,487.5,488.0,486.5,487.5,345,482.74,2408
2026-09-04 12:00:00,487.5,488.0,486.0,487.5,387,482.77,2408
2026-09-04 12:05:00,487.5,489.5,487.0,488.5,535,482.82,2408
2026-09-04 12:10:00,488.5,490.0,488.0,489.5,529,482.88,2408
2026-09-04 12:15:00,489.0,489.5,486.5,487.0,373,482.91,2408
2026-09-04 12:20:00,486.5,488.5,486.0,486.0,347,482.94,2408
2026-09-04 12:25:00,486.0,487.5,485.5,487.5,330,482.96,2408
2026-09-04 12:30:00,487.0,490.0,487.0,489.0,574,483.02,2408
2026-09-04 12:35:00,489.5,489.5,488.0,488.5,319,483.05,2408
2026-09-04 12:40:00,488.5,489.0,488.0,488.5,160,483.06,2408
2026-09-04 12:45:00,488.5,491.0,488.0,490.0,1334,483.21,2408
2026-09-04 12:50:00,490.0,492.0,490.0,491.5,1193,483.36,2408
2026-09-04 12:55:00,491.5,492.0,490.0,491.0,460,483.42,2408
2026-09-04 13:00:00,491.0,494.0,491.0,493.0,1774,483.67,2408
2026-09-04 13:05:00,493.0,494.0,492.5,493.5,853,483.8,2408
2026-09-04 13:10:00,493.5,494.0,492.5,492.5,788,483.91,2408
2026-09-04 13:15:00,492.5,496.0,492.5,496.0,2068,484.22,2408
2026-09-04 13:20:00,495.5,496.0,494.5,494.5,1762,484.5,2408
2026-09-04 13:30:00,496.0,496.0,496.0,496.0,3339,485.03,2408
2026-09-07 09:00:00,519.0,525.0,518.0,523.0,12561,521.97,2408
2026-09-07 09:05:00,523.0,524.0,518.0,521.0,3856,521.81,2408
2026-09-07 09:10:00,522.0,522.0,518.0,520.0,1784,521.67,2408
2026-09-07 09:15:00,520.0,522.0,518.0,518.0,1786,521.53,2408
2026-09-07 09:20:00,518.0,520.0,515.0,517.0,1360,521.26,2408
2026-09-07 09:25:00,518.0,520.0,517.0,517.0,1189,521.09,2408
2026-09-07 09:30:00,518.0,518.0,516.0,516.0,385,521.02,2408
2026-09-07 09:35:00,516.0,517.0,513.0,515.0,2241,520.45,2408
2026-09-07 09:40:00,516.0,516.0,510.0,511.0,1883,519.91,2408
2026-09-07 09:45:00,511.0,513.0,508.0,510.0,2154,519.16,2408
2026-09-07 09:50:00,510.0,516.0,510.0,515.0,1288,518.9,2408
2026-09-07 09:55:00,515.0,516.0,512.0,512.0,777,518.78,2408
2026-09-07 10:00:00,513.0,513.0,510.0,511.0,439,518.68,2408
2026-09-07 10:05:00,511.0,514.0,510.0,514.0,583,518.55,2408
2026-09-07 10:10:00,514.0,514.0,511.0,513.0,392,518.48,2408
2026-09-07 10:15:00,513.0,515.0,510.0,510.0,901,518.32,2408
2026-09-07 10:20:00,511.0,512.0,510.0,510.0,348,518.24,2408
2026-09-07 10:25:00,511.0,512.0,510.0,511.0,659,518.1,2408
2026-09-07 10:30:00,511.0,512.0,510.0,511.0,298,518.03,2408
2026-09-07 10:35:00,510.0,511.0,509.0,511.0,536,517.91,2408
2026-09-07 10:40:00,510.0,516.0,510.0,515.0,1756,517.75,2408
2026-09-07 10:45:00,516.0,516.0,514.0,515.0,608,517.71,2408
2026-09-07 10:50:00,514.0,518.0,514.0,518.0,998,517.68,2408
2026-09-07 10:55:00,518.0,520.0,517.0,520.0,2384,517.74,2408
2026-09-07 11:00:00,519.0,520.0,516.0,516.0,503,517.74,2408
2026-09-07 11:05:00,516.0,517.0,515.0,515.0,209,517.74,2408
2026-09-07 11:10:00,515.0,516.0,514.0,516.0,279,517.72,2408
2026-09-07 11:15:00,516.0,516.0,514.0,515.0,150,517.71,2408
2026-09-07 11:20:00,515.0,515.0,513.0,513.0,156,517.69,2408
2026-09-07 11:25:00,513.0,514.0,513.0,513.0,244,517.67,2408
2026-09-07 11:30:00,514.0,514.0,512.0,513.0,189,517.65,2408
2026-09-07 11:35:00,513.0,514.0,512.0,513.0,85,517.64,2408
2026-09-07 11:40:00,513.0,514.0,513.0,513.0,66,517.63,2408
2026-09-07 11:45:00,513.0,514.0,513.0,514.0,145,517.62,2408
2026-09-07 11:50:00,513.0,514.0,513.0,513.0,81,517.61,2408
2026-09-07 11:55:00,513.0,514.0,513.0,513.0,88,517.6,2408
2026-09-07 12:00:00,513.0,513.0,511.0,511.0,438,517.54,2408
2026-09-07 12:05:00,511.0,512.0,511.0,512.0,324,517.5,2408
2026-09-07 12:10:00,513.0,514.0,512.0,514.0,176,517.48,2408
2026-09-07 12:15:00,513.0,514.0,512.0,512.0,102,517.47,2408
2026-09-07 12:20:00,512.0,514.0,511.0,514.0,209,517.45,2408
2026-09-07 12:25:00,514.0,514.0,513.0,513.0,85,517.44,2408
2026-09-07 12:30:00,513.0,513.0,512.0,512.0,144,517.42,2408
2026-09-07 12:35:00,512.0,513.0,510.0,510.0,503,517.35,2408
2026-09-07 12:40:00,510.0,512.0,510.0,511.0,203,517.32,2408
2026-09-07 12:45:00,512.0,513.0,512.0,513.0,261,517.29,2408
2026-09-07 12:50:00,513.0,513.0,512.0,513.0,209,517.27,2408
2026-09-07 12:55:00,513.0,513.0,512.0,512.0,134,517.26,2408
2026-09-07 13:00:00,512.0,514.0,512.0,514.0,525,517.21,2408
2026-09-07 13:05:00,513.0,517.0,513.0,516.0,1537,517.14,2408
2026-09-07 13:10:00,516.0,517.0,515.0,516.0,1142,517.11,2408
2026-09-07 13:15:00,516.0,518.0,516.0,517.0,1606,517.11,2408
2026-09-07 13:20:00,518.0,518.0,515.0,515.0,2062,517.08,2408
2026-09-07 13:30:00,517.0,517.0,517.0,517.0,2238,517.08,2408
2026-09-08 09:00:00,527.0,534.0,524.0,528.0,11493,529.67,2408
2026-09-08 09:05:00,527.0,538.0,526.0,537.0,13585,531.91,2408
2026-09-08 09:10:00,537.0,538.0,532.0,537.0,5852,532.73,2408
2026-09-08 09:15:00,537.0,539.0,534.0,538.0,4509,533.32,2408
2026-09-08 09:20:00,539.0,539.0,535.0,536.0,1630,533.51,2408
2026-09-08 09:25:00,536.0,536.0,533.0,534.0,1638,533.57,2408
2026-09-08 09:30:00,534.0,540.0,531.0,536.0,5518,534.0,2408
2026-09-08 09:35:00,536.0,540.0,535.0,539.0,1680,534.16,2408
2026-09-08 09:40:00,540.0,540.0,538.0,540.0,1426,534.31,2408
2026-09-08 09:45:00,539.0,540.0,537.0,537.0,788,534.38,2408
2026-09-08 09:50:00,538.0,539.0,535.0,535.0,806,534.42,2408
2026-09-08 09:55:00,535.0,537.0,535.0,536.0,440,534.44,2408
2026-09-08 10:00:00,536.0,539.0,536.0,537.0,1489,534.53,2408
2026-09-08 10:05:00,537.0,537.0,534.0,534.0,859,534.54,2408
2026-09-08 10:10:00,534.0,536.0,533.0,535.0,865,534.53,2408
2026-09-08 10:15:00,535.0,536.0,534.0,534.0,252,534.53,2408
2026-09-08 10:20:00,534.0,535.0,534.0,535.0,186,534.53,2408
2026-09-08 10:25:00,535.0,536.0,533.0,534.0,686,534.53,2408
2026-09-08 10:30:00,534.0,535.0,533.0,533.0,276,534.53,2408
2026-09-08 10:35:00,534.0,535.0,533.0,535.0,330,534.53,2408
2026-09-08 10:40:00,535.0,535.0,534.0,534.0,234,534.52,2408
2026-09-08 10:45:00,534.0,535.0,532.0,532.0,583,534.51,2408
2026-09-08 10:50:00,532.0,533.0,532.0,533.0,252,534.5,2408
2026-09-08 10:55:00,532.0,534.0,531.0,533.0,740,534.47,2408
2026-09-08 11:00:00,533.0,534.0,533.0,533.0,114,534.47,2408
2026-09-08 11:05:00,534.0,534.0,533.0,533.0,108,534.47,2408
2026-09-08 11:10:00,533.0,534.0,533.0,534.0,125,534.47,2408
2026-09-08 11:15:00,534.0,534.0,533.0,533.0,164,534.47,2408
2026-09-08 11:20:00,533.0,534.0,532.0,532.0,338,534.46,2408
2026-09-08 11:25:00,532.0,533.0,532.0,532.0,211,534.45,2408
2026-09-08 11:30:00,533.0,533.0,530.0,530.0,834,534.4,2408
2026-09-08 11:35:00,530.0,533.0,530.0,533.0,638,534.37,2408
2026-09-08 11:40:00,532.0,533.0,531.0,532.0,258,534.36,2408
2026-09-08 11:45:00,532.0,534.0,532.0,533.0,577,534.34,2408
2026-09-08 11:50:00,533.0,533.0,531.0,531.0,298,534.33,2408
2026-09-08 11:55:00,531.0,534.0,531.0,534.0,401,534.32,2408
2026-09-08 12:00:00,534.0,535.0,533.0,534.0,549,534.32,2408
2026-09-08 12:05:00,535.0,535.0,533.0,533.0,192,534.32,2408
2026-09-08 12:10:00,533.0,534.0,533.0,533.0,140,534.31,2408
2026-09-08 12:15:00,533.0,534.0,533.0,533.0,159,534.31,2408
2026-09-08 12:20:00,533.0,535.0,533.0,534.0,510,534.31,2408
2026-09-08 12:25:00,535.0,535.0,533.0,534.0,243,534.31,2408
2026-09-08 12:30:00,534.0,535.0,533.0,533.0,389,534.3,2408
2026-09-08 12:35:00,533.0,534.0,533.0,533.0,239,534.3,2408
2026-09-08 12:40:00,533.0,534.0,532.0,534.0,190,534.3,2408
2026-09-08 12:45:00,533.0,535.0,533.0,534.0,939,534.29,2408
2026-09-08 12:50:00,534.0,534.0,533.0,534.0,132,534.29,2408
2026-09-08 12:55:00,533.0,534.0,533.0,534.0,384,534.28,2408
2026-09-08 13:00:00,533.0,534.0,531.0,532.0,700,534.26,2408
2026-09-08 13:05:00,532.0,533.0,530.0,530.0,1117,534.21,2408
2026-09-08 13:10:00,530.0,532.0,529.0,532.0,1784,534.1,2408
2026-09-08 13:15:00,531.0,533.0,531.0,531.0,722,534.08,2408
2026-09-08 13:20:00,532.0,533.0,531.0,531.0,2199,534.01,2408
2026-09-08 13:30:00,531.0,531.0,531.0,531.0,2603,533.91,2408
2026-09-09 09:00:00,535.0,535.0,524.0,526.0,6427,529.46,2408
2026-09-09 09:05:00,526.0,527.0,521.0,526.0,2670,527.76,2408
2026-09-09 09:10:00,525.0,531.0,525.0,531.0,1635,527.85,2408
2026-09-09 09:15:00,531.0,534.0,530.0,531.0,2053,528.51,2408
2026-09-09 09:20:00,532.0,533.0,528.0,529.0,1121,528.7,2408
2026-09-09 09:25:00,529.0,529.0,526.0,527.0,804,528.64,2408
2026-09-09 09:30:00,526.0,529.0,526.0,528.0,680,528.57,2408
2026-09-09 09:35:00,528.0,530.0,528.0,530.0,248,528.58,2408
2026-09-09 09:40:00,529.0,530.0,529.0,530.0,134,528.59,2408
2026-09-09 09:45:00,529.0,532.0,529.0,530.0,864,528.7,2408
2026-09-09 09:50:00,531.0,531.0,528.0,529.0,525,528.73,2408
2026-09-09 09:55:00,529.0,529.0,527.0,527.0,488,528.7,2408
2026-09-09 10:00:00,526.0,528.0,526.0,528.0,300,528.67,2408
2026-09-09 10:05:00,529.0,531.0,528.0,530.0,763,528.73,2408
2026-09-09 10:10:00,530.0,530.0,529.0,529.0,103,528.74,2408
2026-09-09 10:15:00,530.0,531.0,529.0,530.0,197,528.75,2408
2026-09-09 10:20:00,530.0,531.0,529.0,530.0,252,528.76,2408
2026-09-09 10:25:00,530.0,531.0,529.0,530.0,239,528.78,2408
2026-09-09 10:30:00,530.0,531.0,530.0,530.0,216,528.79,2408
2026-09-09 10:35:00,530.0,531.0,530.0,530.0,235,528.81,2408
2026-09-09 10:40:00,531.0,532.0,530.0,532.0,560,528.88,2408
2026-09-09 10:45:00,532.0,534.0,531.0,532.0,1161,529.07,2408
2026-09-09 10:50:00,532.0,532.0,531.0,531.0,74,529.08,2408
2026-09-09 10:55:00,531.0,532.0,531.0,532.0,109,529.09,2408
2026-09-09 11:00:00,532.0,532.0,528.0,528.0,374,529.1,2408
2026-09-09 11:05:00,528.0,529.0,527.0,528.0,512,529.07,2408
2026-09-09 11:10:00,528.0,528.0,525.0,526.0,1101,528.95,2408
2026-09-09 11:15:00,526.0,528.0,526.0,528.0,135,528.94,2408
2026-09-09 11:20:00,528.0,528.0,526.0,527.0,217,528.92,2408
2026-09-09 11:25:00,527.0,527.0,526.0,526.0,112,528.91,2408
2026-09-09 11:30:00,527.0,528.0,526.0,528.0,177,528.9,2408
2026-09-09 11:35:00,527.0,528.0,527.0,528.0,82,528.89,2408
2026-09-09 11:40:00,528.0,528.0,527.0,528.0,65,528.89,2408
2026-09-09 11:45:00,527.0,528.0,527.0,528.0,114,528.88,2408
2026-09-09 11:50:00,527.0,528.0,526.0,527.0,372,528.86,2408
2026-09-09 11:55:00,526.0,527.0,526.0,527.0,133,528.84,2408
2026-09-09 12:00:00,526.0,527.0,525.0,526.0,894,528.74,2408
2026-09-09 12:05:00,525.0,526.0,523.0,523.0,862,528.6,2408
2026-09-09 12:10:00,523.0,524.0,522.0,522.0,544,528.49,2408
2026-09-09 12:15:00,522.0,524.0,522.0,524.0,525,528.39,2408
2026-09-09 12:20:00,523.0,525.0,523.0,524.0,192,528.36,2408
2026-09-09 12:25:00,524.0,525.0,524.0,524.0,97,528.34,2408
2026-09-09 12:30:00,524.0,525.0,523.0,524.0,273,528.3,2408
2026-09-09 12:35:00,523.0,525.0,523.0,523.0,373,528.25,2408
2026-09-09 12:40:00,523.0,524.0,522.0,522.0,637,528.13,2408
2026-09-09 12:45:00,522.0,524.0,521.0,524.0,788,527.97,2408
2026-09-09 12:50:00,523.0,524.0,522.0,523.0,349,527.92,2408
2026-09-09 12:55:00,523.0,524.0,522.0,523.0,107,527.9,2408
2026-09-09 13:00:00,524.0,524.0,522.0,523.0,315,527.85,2408
2026-09-09 13:05:00,522.0,523.0,521.0,522.0,731,527.72,2408
2026-09-09 13:10:00,521.0,523.0,521.0,523.0,503,527.63,2408
2026-09-09 13:15:00,523.0,523.0,522.0,522.0,466,527.56,2408
2026-09-09 13:20:00,522.0,523.0,522.0,523.0,1206,527.38,2408
2026-09-09 13:30:00,523.0,523.0,523.0,523.0,2206,527.11,2408
2026-09-10 09:00:00,517.0,521.0,512.0,516.0,4408,516.19,2408
2026-09-10 09:05:00,516.0,523.0,515.0,521.0,2060,517.1,2408
2026-09-10 09:10:00,521.0,522.0,518.0,518.0,617,517.33,2408
2026-09-10 09:15:00,519.0,519.0,516.0,517.0,715,517.32,2408
2026-09-10 09:20:00,516.0,517.0,512.0,513.0,2132,516.61,2408
2026-09-10 09:25:00,513.0,514.0,510.0,511.0,2161,515.74,2408
2026-09-10 09:30:00,511.0,512.0,507.0,508.0,2348,514.74,2408
2026-09-10 09:35:00,508.0,510.0,507.0,510.0,1297,514.22,2408
2026-09-10 09:40:00,509.0,514.0,509.0,513.0,893,514.1,2408
2026-09-10 09:45:00,513.0,516.0,512.0,515.0,855,514.11,2408
2026-09-10 09:50:00,515.0,516.0,513.0,516.0,732,514.15,2408
2026-09-10 09:55:00,516.0,516.0,514.0,515.0,248,514.17,2408
2026-09-10 10:00:00,515.0,516.0,514.0,515.0,173,514.18,2408
2026-09-10 10:05:00,515.0,519.0,514.0,517.0,1106,514.36,2408
2026-09-10 10:10:00,517.0,519.0,516.0,516.0,518,514.43,2408
2026-09-10 10:15:00,516.0,516.0,514.0,514.0,207,514.44,2408
2026-09-10 10:20:00,514.0,514.0,512.0,512.0,335,514.42,2408
2026-09-10 10:25:00,513.0,513.0,511.0,512.0,341,514.37,2408
2026-09-10 10:30:00,511.0,513.0,511.0,512.0,403,514.33,2408
2026-09-10 10:35:00,512.0,513.0,511.0,512.0,354,514.29,2408
2026-09-10 10:40:00,512.0,514.0,511.0,513.0,152,514.28,2408
2026-09-10 10:45:00,514.0,514.0,512.0,513.0,200,514.27,2408
2026-09-10 10:50:00,513.0,514.0,512.0,513.0,135,514.26,2408
2026-09-10 10:55:00,513.0,513.0,512.0,513.0,267,514.24,2408
2026-09-10 11:00:00,513.0,514.0,512.0,513.0,112,514.24,2408
2026-09-10 11:05:00,513.0,513.0,511.0,512.0,386,514.2,2408
2026-09-10 11:10:00,512.0,513.0,511.0,511.0,436,514.15,2408
2026-09-10 11:15:00,511.0,512.0,511.0,511.0,149,514.13,2408
2026-09-10 11:20:00,511.0,514.0,511.0,514.0,557,514.1,2408
2026-09-10 11:25:00,513.0,515.0,512.0,512.0,294,514.1,2408
2026-09-10 11:30:00,512.0,513.0,512.0,512.0,107,514.09,2408
2026-09-10 11:35:00,512.0,513.0,511.0,512.0,385,514.05,2408
2026-09-10 11:40:00,512.0,514.0,512.0,514.0,223,514.04,2408
2026-09-10 11:45:00,513.0,515.0,513.0,513.0,276,514.04,2408
2026-09-10 11:50:00,513.0,514.0,512.0,514.0,165,514.03,2408
2026-09-10 11:55:00,513.0,515.0,513.0,514.0,379,514.04,2408
2026-09-10 12:00:00,514.0,515.0,514.0,515.0,204,514.04,2408
2026-09-10 12:05:00,514.0,516.0,514.0,514.0,414,514.06,2408
2026-09-10 12:10:00,514.0,515.0,513.0,513.0,151,514.06,2408
2026-09-10 12:15:00,514.0,514.0,512.0,512.0,181,514.05,2408
2026-09-10 12:20:00,512.0,514.0,512.0,513.0,264,514.04,2408
2026-09-10 12:25:00,513.0,514.0,512.0,513.0,329,514.02,2408
2026-09-10 12:30:00,513.0,514.0,513.0,514.0,74,514.02,2408
2026-09-10 12:35:00,513.0,514.0,513.0,514.0,135,514.01,2408
2026-09-10 12:40:00,513.0,514.0,513.0,513.0,150,514.01,2408
2026-09-10 12:45:00,513.0,516.0,513.0,515.0,777,514.02,2408
2026-09-10 12:50:00,515.0,520.0,515.0,519.0,2212,514.29,2408
2026-09-10 12:55:00,519.0,519.0,516.0,518.0,610,514.36,2408
2026-09-10 13:00:00,518.0,519.0,517.0,518.0,485,514.41,2408
2026-09-10 13:05:00,518.0,519.0,517.0,517.0,467,514.46,2408
2026-09-10 13:10:00,518.0,518.0,515.0,515.0,700,514.5,2408
2026-09-10 13:15:00,515.0,516.0,514.0,514.0,706,514.51,2408
2026-09-10 13:20:00,514.0,515.0,513.0,514.0,884,514.49,2408
2026-09-10 13:30:00,515.0,515.0,515.0,515.0,2289,514.52,2408
2026-09-11 09:00:00,498.0,498.0,490.0,496.0,5714,494.26,2408
2026-09-11 09:05:00,495.5,496.5,492.5,494.0,2957,494.22,2408
2026-09-11 09:10:00,493.5,494.5,492.0,492.5,1768,494.05,2408
2026-09-11 09:15:00,493.0,496.5,492.0,496.5,1063,494.12,2408
2026-09-11 09:20:00,496.0,497.0,494.5,495.0,1253,494.27,2408
2026-09-11 09:25:00,495.0,495.0,493.5,493.5,605,494.28,2408
2026-09-11 09:30:00,493.5,494.0,492.5,494.0,911,494.21,2408
2026-09-11 09:35:00,493.5,494.5,493.0,494.5,552,494.2,2408
2026-09-11 09:40:00,494.0,495.0,494.0,494.5,296,494.21,2408
2026-09-11 09:45:00,494.5,495.0,493.0,493.5,694,494.19,2408
2026-09-11 09:50:00,493.5,497.5,493.0,496.5,968,494.29,2408
2026-09-11 09:55:00,496.5,497.0,495.5,496.0,431,494.34,2408
2026-09-11 10:00:00,496.0,496.0,495.0,495.5,244,494.35,2408
2026-09-11 10:05:00,495.5,495.5,494.5,495.0,301,494.37,2408
2026-09-11 10:10:00,494.5,496.0,494.5,496.0,166,494.37,2408
2026-09-11 10:15:00,496.0,496.5,495.5,496.5,318,494.41,2408
2026-09-11 10:20:00,496.5,496.5,494.0,494.0,564,494.43,2408
2026-09-11 10:25:00,494.0,494.5,493.5,494.0,370,494.43,2408
2026-09-11 10:30:00,494.0,494.0,493.0,494.0,411,494.41,2408
2026-09-11 10:35:00,493.5,494.0,493.5,494.0,144,494.4,2408
2026-09-11 10:40:00,493.5,494.0,492.0,492.5,1145,494.32,2408
2026-09-11 10:45:00,492.5,493.5,492.0,493.0,312,494.3,2408
2026-09-11 10:50:00,493.0,493.5,492.5,493.0,185,494.29,2408
2026-09-11 10:55:00,493.0,493.0,492.5,492.5,296,494.26,2408
2026-09-11 11:00:00,492.5,493.0,492.0,493.0,226,494.24,2408
2026-09-11 11:05:00,492.5,493.0,492.0,492.0,321,494.22,2408
2026-09-11 11:10:00,492.0,492.5,491.5,491.5,995,494.12,2408
2026-09-11 11:15:00,491.5,492.0,491.0,491.5,466,494.07,2408
2026-09-11 11:20:00,491.5,492.0,491.5,492.0,250,494.05,2408
2026-09-11 11:25:00,492.0,494.0,492.0,494.0,286,494.04,2408
2026-09-11 11:30:00,494.0,494.0,492.5,494.0,261,494.03,2408
2026-09-11 11:35:00,494.0,494.0,493.5,494.0,104,494.03,2408
2026-09-11 11:40:00,493.5,494.5,493.5,494.5,194,494.03,2408
2026-09-11 11:45:00,494.5,495.0,494.0,494.5,91,494.03,2408
2026-09-11 11:50:00,494.0,494.0,493.0,494.0,244,494.02,2408
2026-09-11 11:55:00,494.0,495.5,493.5,495.0,255,494.03,2408
2026-09-11 12:00:00,495.0,495.5,495.0,495.5,346,494.05,2408
2026-09-11 12:05:00,495.5,495.5,495.0,495.0,190,494.06,2408
2026-09-11 12:10:00,495.0,495.5,494.5,495.5,296,494.07,2408
2026-09-11 12:15:00,495.5,497.0,495.0,496.5,760,494.12,2408
2026-09-11 12:20:00,496.5,497.0,495.5,496.0,268,494.14,2408
2026-09-11 12:25:00,496.0,497.0,495.5,497.0,282,494.17,2408
2026-09-11 12:30:00,497.0,497.0,496.0,496.0,214,494.18,2408
2026-09-11 12:35:00,496.0,496.5,495.0,495.0,283,494.2,2408
2026-09-11 12:40:00,495.0,495.5,494.0,494.5,630,494.22,2408
2026-09-11 12:45:00,494.5,495.0,494.0,494.5,186,494.22,2408
2026-09-11 12:50:00,494.0,494.5,493.0,493.5,763,494.21,2408
2026-09-11 12:55:00,493.0,493.5,492.0,492.5,873,494.17,2408
2026-09-11 13:00:00,492.5,493.0,492.0,492.0,395,494.15,2408
2026-09-11 13:05:00,492.0,492.5,492.0,492.0,501,494.11,2408
2026-09-11 13:10:00,492.0,492.5,492.0,492.0,421,494.09,2408
2026-09-11 13:15:00,492.0,492.5,492.0,492.5,744,494.05,2408
2026-09-11 13:20:00,492.5,493.5,492.0,493.0,1296,494.0,2408
2026-09-11 13:30:00,493.0,493.0,493.0,493.0,2359,493.93,2408
