date,open,high,low,close,volume,average,stock_code
2026-04-24 09:00:00,131.0,131.5,130.0,131.5,477,130.92,2492
2026-04-24 09:05:00,131.5,132.0,130.5,131.0,192,131.04,2492
2026-04-24 09:10:00,131.0,131.0,130.0,130.0,175,130.88,2492
2026-04-24 09:15:00,130.5,132.0,130.5,132.0,129,130.93,2492
2026-04-24 09:20:00,131.5,133.0,131.5,133.0,157,131.1,2492
2026-04-24 09:25:00,133.0,133.0,132.0,132.5,207,131.34,2492
2026-04-24 09:30:00,132.5,133.0,132.5,132.5,106,131.43,2492
2026-04-24 09:35:00,132.5,133.0,132.0,132.5,139,131.53,2492
2026-04-24 09:40:00,132.0,132.5,131.5,131.5,144,131.58,2492
2026-04-24 09:45:00,131.5,132.5,131.0,132.5,93,131.59,2492
2026-04-24 09:50:00,132.5,132.5,132.0,132.5,37,131.6,2492
2026-04-24 09:55:00,132.5,132.5,131.5,131.5,27,131.61,2492
2026-04-24 10:00:00,131.5,131.5,131.0,131.0,72,131.59,2492
2026-04-24 10:05:00,131.5,131.5,130.5,130.5,122,131.54,2492
2026-04-24 10:10:00,130.0,130.5,130.0,130.5,112,131.48,2492
2026-04-24 10:15:00,130.5,130.5,130.0,130.0,118,131.41,2492
2026-04-24 10:20:00,130.0,130.0,128.0,128.5,285,131.13,2492
2026-04-24 10:25:00,128.0,128.0,127.0,127.0,239,130.82,2492
2026-04-24 10:30:00,127.5,128.5,127.5,128.0,99,130.73,2492
2026-04-24 10:35:00,128.0,128.0,127.0,127.5,141,130.59,2492
2026-04-24 10:40:00,127.5,128.5,127.0,128.5,110,130.49,2492
2026-04-24 10:45:00,128.0,128.5,128.0,128.0,17,130.48,2492
2026-04-24 10:50:00,128.5,128.5,128.0,128.5,55,130.45,2492
2026-04-24 10:55:00,129.0,130.0,129.0,129.5,77,130.42,2492
2026-04-24 11:00:00,129.5,130.5,129.5,130.0,56,130.41,2492
2026-04-24 11:05:00,130.0,130.5,129.5,129.5,41,130.41,2492
2026-04-24 11:10:00,129.5,130.0,129.5,130.0,28,130.4,2492
2026-04-24 11:15:00,130.0,130.5,130.0,130.5,79,130.4,2492
2026-04-24 11:20:00,131.0,131.0,130.5,130.5,58,130.41,2492
2026-04-24 11:25:00,130.5,130.5,130.0,130.5,26,130.41,2492
2026-04-24 11:30:00,130.0,130.5,130.0,130.5,12,130.41,2492
2026-04-24 11:35:00,130.0,131.0,130.0,131.0,70,130.41,2492
2026-04-24 11:40:00,131.0,131.0,130.5,130.5,29,130.41,2492
2026-04-24 11:45:00,130.5,130.5,130.0,130.0,26,130.41,2492
2026-04-24 11:50:00,130.5,131.0,130.5,131.0,32,130.41,2492
2026-04-24 11:55:00,130.5,130.5,130.0,130.5,45,130.41,2492
2026-04-24 12:00:00,130.0,130.5,130.0,130.0,15,130.41,2492
2026-04-24 12:05:00,130.0,130.5,130.0,130.0,45,130.41,2492
2026-04-24 12:10:00,130.0,130.0,130.0,130.0,59,130.4,2492
2026-04-24 12:15:00,130.0,130.0,129.5,130.0,5,130.4,2492
2026-04-24 12:20:00,130.0,130.0,129.5,129.5,22,130.4,2492
2026-04-24 12:25:00,129.5,130.0,129.5,129.5,14,130.4,2492
2026-04-24 12:30:00,130.0,130.5,130.0,130.0,51,130.39,2492
2026-04-24 12:35:00,129.5,130.0,129.5,130.0,21,130.39,2492
2026-04-24 12:40:00,130.0,130.0,130.0,130.0,4,130.39,2492
2026-04-24 12:45:00,130.0,130.0,129.5,130.0,10,130.39,2492
2026-04-24 12:50:00,130.0,130.0,129.5,130.0,15,130.38,2492
2026-04-24 12:55:00,130.0,130.0,129.5,129.5,29,130.38,2492
2026-04-24 13:00:00,129.5,130.0,129.5,130.0,39,130.37,2492
2026-04-24 13:05:00,129.5,130.0,129.5,129.5,26,130.37,2492
2026-04-24 13:10:00,129.5,130.0,129.5,129.5,66,130.35,2492
2026-04-24 13:15:00,129.5,130.0,129.5,130.0,46,130.35,2492
2026-04-24 13:20:00,130.0,130.0,129.5,129.5,309,130.3,2492
2026-04-24 13:30:00,130.0,130.0,130.0,130.0,256,130.28,2492
2026-04-27 09:00:00,130.0,130.0,127.5,128.0,625,128.89,2492
2026-04-27 09:05:00,128.5,128.5,125.5,126.5,664,127.82,2492
2026-04-27 09:10:00,127.0,127.0,125.0,125.0,440,127.34,2492
2026-04-27 09:15:00,125.5,126.5,124.0,126.0,451,126.91,2492
2026-04-27 09:20:00,125.5,126.5,125.5,125.5,155,126.85,2492
2026-04-27 09:25:00,125.5,126.5,125.0,126.5,267,126.73,2492
2026-04-27 09:30:00,126.5,129.5,126.5,129.5,339,126.9,2492
2026-04-27 09:35:00,129.0,130.5,128.5,128.5,523,127.3,2492
2026-04-27 09:40:00,128.0,128.0,126.5,126.5,198,127.29,2492
2026-04-27 09:45:00,127.0,128.0,127.0,128.0,85,127.3,2492
2026-04-27 09:50:00,128.0,128.5,127.5,128.0,61,127.31,2492
2026-04-27 09:55:00,128.0,128.0,127.0,127.5,114,127.32,2492
2026-04-27 10:00:00,128.0,129.0,128.0,129.0,68,127.33,2492
2026-04-27 10:05:00,129.0,129.0,128.5,129.0,44,127.35,2492
2026-04-27 10:10:00,129.0,129.0,128.5,129.0,64,127.37,2492
2026-04-27 10:15:00,129.0,129.5,129.0,129.0,139,127.43,2492
2026-04-27 10:20:00,129.0,129.0,128.5,129.0,21,127.43,2492
2026-04-27 10:25:00,128.5,129.0,128.5,129.0,29,127.44,2492
2026-04-27 10:30:00,129.0,129.0,129.0,129.0,25,127.45,2492
2026-04-27 10:35:00,128.5,128.5,127.5,127.5,168,127.48,2492
2026-04-27 10:40:00,127.5,128.0,127.5,127.5,105,127.49,2492
2026-04-27 10:45:00,127.5,128.0,127.0,128.0,42,127.49,2492
2026-04-27 10:50:00,128.0,128.0,127.5,127.5,25,127.49,2492
2026-04-27 10:55:00,127.5,127.5,127.0,127.0,22,127.49,2492
2026-04-27 11:00:00,127.0,127.5,127.0,127.5,137,127.47,2492
2026-04-27 11:05:00,127.0,127.5,127.0,127.5,6,127.47,2492
2026-04-27 11:10:00,127.5,127.5,127.0,127.0,10,127.47,2492
2026-04-27 11:15:00,127.0,127.0,127.0,127.0,3,127.47,2492
2026-04-27 11:20:00,127.0,128.0,127.0,127.5,75,127.47,2492
2026-04-27 11:25:00,127.5,128.0,127.0,127.0,30,127.47,2492
2026-04-27 11:30:00,127.0,128.0,127.0,128.0,18,127.47,2492
2026-04-27 11:35:00,128.0,128.0,127.0,127.0,35,127.47,2492
2026-04-27 11:40:00,127.5,127.5,127.0,127.5,37,127.47,2492
2026-04-27 11:45:00,127.5,128.5,127.5,128.5,63,127.48,2492
2026-04-27 11:50:00,128.0,128.0,128.0,128.0,33,127.48,2492
2026-04-27 11:55:00,128.0,128.0,127.5,127.5,18,127.48,2492
2026-04-27 12:00:00,128.0,128.0,127.5,127.5,8,127.48,2492
2026-04-27 12:05:00,128.0,128.0,127.5,128.0,29,127.48,2492
2026-04-27 12:10:00,128.0,128.0,127.5,127.5,225,127.49,2492
2026-04-27 12:15:00,127.5,128.0,127.5,127.5,14,127.49,2492
2026-04-27 12:20:00,127.5,127.5,127.0,127.0,81,127.49,2492
2026-04-27 12:25:00,127.5,127.5,127.0,127.0,15,127.48,2492
2026-04-27 12:30:00,127.0,128.0,127.0,128.0,145,127.49,2492
2026-04-27 12:35:00,127.5,128.0,127.5,127.5,14,127.49,2492
2026-04-27 12:40:00,128.0,128.0,127.5,127.5,10,127.49,2492
2026-04-27 12:45:00,127.5,128.0,127.5,128.0,69,127.49,2492
2026-04-27 12:50:00,128.0,128.5,128.0,128.0,23,127.49,2492
2026-04-27 12:55:00,128.0,128.0,127.5,128.0,53,127.5,2492
2026-04-27 13:00:00,128.0,129.0,128.0,129.0,217,127.53,2492
2026-04-27 13:05:00,128.5,129.5,128.5,129.0,216,127.58,2492
2026-04-27 13:10:00,129.5,130.0,129.5,129.5,260,127.65,2492
2026-04-27 13:15:00,129.5,130.0,129.0,129.5,106,127.68,2492
2026-04-27 13:20:00,129.0,130.0,129.0,129.5,210,127.74,2492
2026-04-27 13:30:00,129.5,129.5,129.5,129.5,281,127.81,2492
2026-04-28 09:00:00,130.5,137.5,129.5,137.5,1920,134.4,2492
2026-04-28 09:05:00,137.5,140.0,137.0,139.0,1486,136.16,2492
2026-04-28 09:10:00,138.5,142.0,138.0,142.0,3328,138.75,2492
2026-04-28 09:15:00,142.0,142.0,142.0,142.0,471,138.96,2492
2026-04-28 09:20:00,142.0,142.0,142.0,142.0,129,139.01,2492
2026-04-28 09:25:00,142.0,142.0,142.0,142.0,89,139.05,2492
2026-04-28 09:30:00,142.0,142.0,142.0,142.0,149,139.11,2492
2026-04-28 09:35:00,142.0,142.0,142.0,142.0,43,139.12,2492
2026-04-28 09:40:00,142.0,142.0,142.0,142.0,55,139.14,2492
2026-04-28 09:45:00,142.0,142.0,142.0,142.0,40,139.16,2492
2026-04-28 09:50:00,142.0,142.0,142.0,142.0,158,139.22,2492
2026-04-28 09:55:00,142.0,142.0,142.0,142.0,43,139.23,2492
2026-04-28 10:00:00,142.0,142.0,142.0,142.0,113,139.27,2492
2026-04-28 10:05:00,142.0,142.0,142.0,142.0,38,139.28,2492
2026-04-28 10:10:00,142.0,142.0,142.0,142.0,16,139.29,2492
2026-04-28 10:15:00,142.0,142.0,142.0,142.0,13,139.29,2492
2026-04-28 10:20:00,142.0,142.0,142.0,142.0,11,139.3,2492
2026-04-28 10:25:00,142.0,142.0,142.0,142.0,58,139.32,2492
2026-04-28 10:30:00,142.0,142.0,142.0,142.0,18,139.32,2492
2026-04-28 10:35:00,142.0,142.0,142.0,142.0,24,139.33,2492
2026-04-28 10:40:00,142.0,142.0,142.0,142.0,23,139.34,2492
2026-04-28 10:45:00,142.0,142.0,142.0,142.0,12,139.34,2492
2026-04-28 10:50:00,142.0,142.0,142.0,142.0,16,139.35,2492
2026-04-28 10:55:00,142.0,142.0,142.0,142.0,6,139.35,2492
2026-04-28 11:00:00,142.0,142.0,142.0,142.0,8,139.35,2492
2026-04-28 11:05:00,142.0,142.0,142.0,142.0,11,139.35,2492
2026-04-28 11:10:00,142.0,142.0,142.0,142.0,12,139.36,2492
2026-04-28 11:15:00,142.0,142.0,142.0,142.0,10,139.36,2492
2026-04-28 11:20:00,142.0,142.0,142.0,142.0,8,139.36,2492
2026-04-28 11:25:00,142.0,142.0,142.0,142.0,10,139.37,2492
2026-04-28 11:30:00,142.0,142.0,142.0,142.0,3,139.37,2492
2026-04-28 11:35:00,142.0,142.0,142.0,142.0,11,139.37,2492
2026-04-28 11:40:00,142.0,142.0,142.0,142.0,7,139.37,2492
2026-04-28 11:45:00,142.0,142.0,142.0,142.0,5,139.37,2492
2026-04-28 11:50:00,142.0,142.0,142.0,142.0,6,139.38,2492
2026-04-28 11:55:00,142.0,142.0,142.0,142.0,10,139.38,2492
2026-04-28 12:00:00,142.0,142.0,142.0,142.0,7,139.38,2492
2026-04-28 12:05:00,142.0,142.0,142.0,142.0,57,139.4,2492
2026-04-28 12:10:00,142.0,142.0,142.0,142.0,13,139.4,2492
2026-04-28 12:15:00,142.0,142.0,142.0,142.0,9,139.41,2492
2026-04-28 12:20:00,142.0,142.0,142.0,142.0,1,139.41,2492
2026-04-28 12:25:00,142.0,142.0,142.0,142.0,6,139.41,2492
2026-04-28 12:30:00,142.0,142.0,142.0,142.0,9,139.41,2492
2026-04-28 12:35:00,142.0,142.0,142.0,142.0,6,139.41,2492
2026-04-28 12:40:00,142.0,142.0,142.0,142.0,18,139.42,2492
2026-04-28 12:45:00,142.0,142.0,142.0,142.0,3,139.42,2492
2026-04-28 12:50:00,142.0,142.0,142.0,142.0,7,139.42,2492
2026-04-28 12:55:00,142.0,142.0,142.0,142.0,10,139.42,2492
2026-04-28 13:00:00,142.0,142.0,142.0,142.0,5,139.43,2492
2026-04-28 13:05:00,142.0,142.0,142.0,142.0,6,139.43,2492
2026-04-28 13:10:00,142.0,142.0,142.0,142.0,11,139.43,2492
2026-04-28 13:15:00,142.0,142.0,142.0,142.0,16,139.44,2492
2026-04-28 13:20:00,142.0,142.0,142.0,142.0,32,139.45,2492
2026-04-28 13:30:00,142.0,142.0,142.0,142.0,126,139.48,2492
2026-04-29 09:00:00,140.0,141.5,138.5,139.5,1962,139.73,2492
2026-04-29 09:05:00,139.5,140.0,136.5,137.0,853,139.18,2492
2026-04-29 09:10:00,137.0,138.5,137.0,138.0,332,139.03,2492
2026-04-29 09:15:00,138.0,138.5,136.5,137.5,532,138.78,2492
2026-04-29 09:20:00,137.5,138.0,135.0,135.5,684,138.42,2492
2026-04-29 09:25:00,135.0,137.0,135.0,136.5,237,138.31,2492
2026-04-29 09:30:00,136.5,137.5,136.0,137.0,141,138.27,2492
2026-04-29 09:35:00,137.0,137.5,136.5,137.0,122,138.24,2492
2026-04-29 09:40:00,137.0,138.5,137.0,137.5,277,138.22,2492
2026-04-29 09:45:00,137.5,138.0,137.0,137.5,47,138.21,2492
2026-04-29 09:50:00,137.0,138.0,136.5,138.0,185,138.17,2492
2026-04-29 09:55:00,138.0,139.0,137.5,138.0,215,138.17,2492
2026-04-29 10:00:00,138.5,139.0,138.0,138.0,479,138.22,2492
2026-04-29 10:05:00,138.0,138.0,137.0,137.5,143,138.21,2492
2026-04-29 10:10:00,137.5,137.5,136.5,137.0,142,138.18,2492
2026-04-29 10:15:00,137.0,137.0,136.5,137.0,66,138.17,2492
2026-04-29 10:20:00,137.0,137.5,136.5,137.0,68,138.15,2492
2026-04-29 10:25:00,137.0,137.5,137.0,137.0,72,138.14,2492
2026-04-29 10:30:00,137.0,137.0,136.5,136.5,27,138.14,2492
2026-04-29 10:35:00,137.0,137.0,136.0,136.5,229,138.08,2492
2026-04-29 10:40:00,136.5,136.5,135.5,136.0,324,137.99,2492
2026-04-29 10:45:00,135.5,136.5,135.0,136.0,262,137.9,2492
2026-04-29 10:50:00,136.0,136.5,136.0,136.0,27,137.9,2492
2026-04-29 10:55:00,136.0,136.5,136.0,136.0,21,137.89,2492
2026-04-29 11:00:00,136.0,136.5,136.0,136.0,26,137.89,2492
2026-04-29 11:05:00,136.5,136.5,135.5,136.0,112,137.86,2492
2026-04-29 11:10:00,136.0,136.0,135.5,136.0,55,137.85,2492
2026-04-29 11:15:00,136.0,136.0,135.5,136.0,39,137.84,2492
2026-04-29 11:20:00,136.0,136.0,135.5,136.0,103,137.81,2492
2026-04-29 11:25:00,136.0,136.0,135.5,135.5,49,137.8,2492
2026-04-29 11:30:00,136.0,136.0,135.5,135.5,13,137.8,2492
2026-04-29 11:35:00,135.5,136.0,135.5,135.5,59,137.78,2492
2026-04-29 11:40:00,136.0,136.0,135.5,136.0,61,137.77,2492
2026-04-29 11:45:00,135.5,136.5,135.5,136.5,74,137.75,2492
2026-04-29 11:50:00,136.5,136.5,135.5,135.5,81,137.74,2492
2026-04-29 11:55:00,136.0,136.5,136.0,136.0,75,137.72,2492
2026-04-29 12:00:00,136.5,137.0,136.5,136.5,280,137.68,2492
2026-04-29 12:05:00,136.5,136.5,136.0,136.5,37,137.68,2492
2026-04-29 12:10:00,136.5,136.5,136.0,136.5,19,137.67,2492
2026-04-29 12:15:00,136.0,136.5,135.5,135.5,158,137.64,2492
2026-04-29 12:20:00,135.5,136.0,135.5,136.0,35,137.64,2492
2026-04-29 12:25:00,136.0,136.0,135.5,136.0,31,137.63,2492
2026-04-29 12:30:00,136.0,136.0,135.5,136.0,46,137.62,2492
2026-04-29 12:35:00,136.0,136.0,135.5,136.0,23,137.62,2492
2026-04-29 12:40:00,135.5,136.0,135.5,135.5,69,137.6,2492
2026-04-29 12:45:00,135.5,135.5,134.5,134.5,999,137.35,2492
2026-04-29 12:50:00,134.5,135.5,134.5,135.0,462,137.24,2492
2026-04-29 12:55:00,135.5,135.5,134.5,135.0,238,137.19,2492
2026-04-29 13:00:00,135.0,135.0,134.5,135.0,102,137.17,2492
2026-04-29 13:05:00,134.5,135.0,134.5,135.0,62,137.16,2492
2026-04-29 13:10:00,134.5,135.0,134.0,135.0,637,137.01,2492
2026-04-29 13:15:00,134.5,135.0,134.5,135.0,45,137.0,2492
2026-04-29 13:20:00,135.0,135.0,134.5,135.0,194,136.96,2492
2026-04-29 13:30:00,134.5,134.5,134.5,134.5,551,136.85,2492
2026-04-30 09:00:00,134.5,135.5,133.0,134.0,773,134.45,2492
2026-04-30 09:05:00,134.0,134.5,132.0,132.0,530,133.69,2492
2026-04-30 09:10:00,132.5,133.5,132.0,133.0,247,133.55,2492
2026-04-30 09:15:00,133.0,134.0,133.0,134.0,62,133.56,2492
2026-04-30 09:20:00,134.0,135.5,133.5,135.0,174,133.65,2492
2026-04-30 09:25:00,135.0,135.5,134.5,134.5,150,133.76,2492
2026-04-30 09:30:00,134.5,136.0,134.5,135.5,393,134.07,2492
2026-04-30 09:35:00,135.5,135.5,133.0,133.5,1002,134.01,2492
2026-04-30 09:40:00,134.0,134.5,134.0,134.5,95,134.01,2492
2026-04-30 09:45:00,134.5,135.0,134.0,134.5,131,134.03,2492
2026-04-30 09:50:00,134.5,136.0,134.5,136.0,266,134.12,2492
2026-04-30 09:55:00,135.5,136.5,135.0,135.5,413,134.29,2492
2026-04-30 10:00:00,135.5,135.5,135.0,135.0,140,134.32,2492
2026-04-30 10:05:00,135.0,135.5,134.0,135.5,176,134.33,2492
2026-04-30 10:10:00,135.5,135.5,134.5,135.0,139,134.35,2492
2026-04-30 10:15:00,135.0,135.0,134.0,134.0,83,134.35,2492
2026-04-30 10:20:00,134.5,134.5,132.5,133.5,364,134.29,2492
2026-04-30 10:25:00,133.5,133.5,132.5,133.0,393,134.18,2492
2026-04-30 10:30:00,133.0,133.0,132.5,133.0,338,134.09,2492
2026-04-30 10:35:00,133.0,133.0,132.5,132.5,73,134.08,2492
2026-04-30 10:40:00,132.5,133.0,132.5,133.0,28,134.07,2492
2026-04-30 10:45:00,133.0,133.0,131.5,132.0,477,133.93,2492
2026-04-30 10:50:00,132.0,132.5,131.5,131.5,114,133.89,2492
2026-04-30 10:55:00,131.5,132.0,131.5,132.0,151,133.85,2492
2026-04-30 11:00:00,132.0,132.5,131.5,132.0,106,133.82,2492
2026-04-30 11:05:00,132.0,132.5,131.5,132.0,117,133.79,2492
2026-04-30 11:10:00,132.0,132.5,132.0,132.0,10,133.79,2492
2026-04-30 11:15:00,132.0,132.5,131.5,131.5,62,133.77,2492
2026-04-30 11:20:00,131.5,132.5,131.5,132.0,138,133.73,2492
2026-04-30 11:25:00,132.0,132.5,132.0,132.5,56,133.72,2492
2026-04-30 11:30:00,132.5,133.0,132.5,132.5,45,133.71,2492
2026-04-30 11:35:00,132.5,133.0,132.5,133.0,16,133.71,2492
2026-04-30 11:40:00,132.5,133.0,132.5,133.0,11,133.71,2492
2026-04-30 11:45:00,133.0,133.0,132.5,132.5,5,133.71,2492
2026-04-30 11:50:00,132.5,133.0,132.5,133.0,47,133.7,2492
2026-04-30 11:55:00,133.0,133.0,132.5,133.0,7,133.7,2492
2026-04-30 12:00:00,132.5,133.0,132.5,132.5,12,133.7,2492
2026-04-30 12:05:00,132.5,132.5,132.0,132.5,68,133.69,2492
2026-04-30 12:10:00,132.5,133.0,132.0,132.5,47,133.68,2492
2026-04-30 12:15:00,132.0,132.0,132.0,132.0,27,133.67,2492
2026-04-30 12:20:00,132.0,132.5,132.0,132.5,42,133.66,2492
2026-04-30 12:25:00,132.0,132.5,132.0,132.5,33,133.66,2492
2026-04-30 12:30:00,132.5,132.5,131.5,131.5,274,133.59,2492
2026-04-30 12:35:00,131.5,132.0,131.0,131.5,53,133.58,2492
2026-04-30 12:40:00,131.5,131.5,131.0,131.5,142,133.54,2492
2026-04-30 12:45:00,131.5,131.5,131.0,131.5,64,133.52,2492
2026-04-30 12:50:00,131.5,131.5,131.5,131.5,61,133.51,2492
2026-04-30 12:55:00,131.5,132.0,131.5,131.5,52,133.49,2492
2026-04-30 13:00:00,131.5,132.0,131.5,131.5,43,133.48,2492
2026-04-30 13:05:00,131.5,132.0,131.5,132.0,123,133.46,2492
2026-04-30 13:10:00,131.5,132.5,131.5,132.5,150,133.43,2492
2026-04-30 13:15:00,132.5,132.5,132.0,132.0,54,133.42,2492
2026-04-30 13:20:00,132.0,132.5,132.0,132.0,130,133.4,2492
2026-04-30 13:30:00,131.5,131.5,131.5,131.5,396,133.32,2492
2026-05-04 09:00:00,134.0,134.5,133.0,133.5,431,133.75,2492
2026-05-04 09:05:00,133.0,133.5,131.5,133.5,353,133.17,2492
2026-05-04 09:10:00,133.5,134.0,133.0,133.0,105,133.21,2492
2026-05-04 09:15:00,133.5,133.5,132.5,133.0,126,133.2,2492
2026-05-04 09:20:00,133.0,133.0,132.5,133.0,74,133.16,2492
2026-05-04 09:25:00,133.0,134.5,133.0,134.5,197,133.25,2492
2026-05-04 09:30:00,134.5,137.5,134.0,136.5,822,134.3,2492
2026-05-04 09:35:00,136.5,140.5,136.5,140.0,1425,136.03,2492
2026-05-04 09:40:00,140.0,142.0,139.5,141.5,1021,137.07,2492
2026-05-04 09:45:00,142.0,143.0,141.5,142.0,987,137.97,2492
2026-05-04 09:50:00,142.0,143.0,142.0,142.0,459,138.29,2492
2026-05-04 09:55:00,142.0,143.5,141.5,142.0,695,138.75,2492
2026-05-04 10:00:00,142.0,142.5,140.0,140.5,407,138.88,2492
2026-05-04 10:05:00,140.5,141.0,140.0,140.0,186,138.91,2492
2026-05-04 10:10:00,140.0,140.0,138.5,140.0,236,138.93,2492
2026-05-04 10:15:00,140.0,140.5,139.5,140.0,89,138.94,2492
2026-05-04 10:20:00,140.5,140.5,140.0,140.0,54,138.95,2492
2026-05-04 10:25:00,140.0,140.5,140.0,140.0,113,138.97,2492
2026-05-04 10:30:00,140.0,140.5,140.0,140.0,37,138.97,2492
2026-05-04 10:35:00,140.0,140.5,139.5,139.5,41,138.98,2492
2026-05-04 10:40:00,140.0,140.5,139.5,139.5,84,138.99,2492
2026-05-04 10:45:00,139.5,140.5,139.5,140.5,51,138.99,2492
2026-05-04 10:50:00,140.5,140.5,140.0,140.5,23,139.0,2492
2026-05-04 10:55:00,140.5,141.0,140.0,141.0,171,139.03,2492
2026-05-04 11:00:00,140.5,140.5,140.0,140.5,49,139.03,2492
2026-05-04 11:05:00,140.5,140.5,139.5,139.5,53,139.04,2492
2026-05-04 11:10:00,140.0,140.0,139.0,139.5,157,139.05,2492
2026-05-04 11:15:00,139.5,139.5,139.0,139.5,65,139.05,2492
2026-05-04 11:20:00,139.0,139.0,138.5,139.0,55,139.05,2492
2026-05-04 11:25:00,139.0,139.0,138.5,138.5,113,139.04,2492
2026-05-04 11:30:00,138.5,138.5,138.0,138.5,102,139.03,2492
2026-05-04 11:35:00,138.5,138.5,138.0,138.0,31,139.03,2492
2026-05-04 11:40:00,138.0,139.0,138.0,139.0,100,139.02,2492
2026-05-04 11:45:00,139.0,139.0,138.5,139.0,49,139.02,2492
2026-05-04 11:50:00,139.0,140.5,139.0,140.0,252,139.03,2492
2026-05-04 11:55:00,140.0,140.0,139.5,139.5,68,139.04,2492
2026-05-04 12:00:00,139.5,139.5,139.0,139.0,6,139.04,2492
2026-05-04 12:05:00,139.0,139.0,138.5,138.5,68,139.04,2492
2026-05-04 12:10:00,138.5,138.5,138.0,138.0,75,139.03,2492
2026-05-04 12:15:00,138.0,138.5,138.0,138.5,37,139.03,2492
2026-05-04 12:20:00,138.0,138.5,138.0,138.5,28,139.03,2492
2026-05-04 12:25:00,138.5,138.5,138.0,138.5,26,139.03,2492
2026-05-04 12:30:00,138.5,138.5,138.0,138.5,52,139.02,2492
2026-05-04 12:35:00,138.5,139.5,138.5,138.5,142,139.02,2492
2026-05-04 12:40:00,138.5,139.0,138.5,138.5,76,139.02,2492
2026-05-04 12:45:00,138.5,139.5,138.0,139.0,61,139.02,2492
2026-05-04 12:50:00,139.0,139.0,138.5,138.5,17,139.02,2492
2026-05-04 12:55:00,139.0,139.0,138.5,139.0,111,139.02,2492
2026-05-04 13:00:00,139.0,139.0,138.5,138.5,86,139.02,2492
2026-05-04 13:05:00,138.5,139.0,138.5,138.5,142,139.01,2492
2026-05-04 13:10:00,138.5,139.0,138.0,138.5,157,139.0,2492
2026-05-04 13:15:00,138.0,138.5,138.0,138.0,128,138.99,2492
2026-05-04 13:20:00,138.0,138.5,138.0,138.5,168,138.98,2492
2026-05-04 13:30:00,138.5,138.5,138.5,138.5,329,138.96,2492
2026-05-05 09:00:00,138.0,146.0,137.0,145.0,2216,142.21,2492
2026-05-05 09:05:00,145.0,148.0,144.0,148.0,2200,144.1,2492
2026-05-05 09:10:00,148.0,149.5,147.0,147.5,1643,145.25,2492
2026-05-05 09:15:00,147.0,148.5,147.0,147.0,703,145.52,2492
2026-05-05 09:20:00,147.5,149.5,146.5,148.0,1088,145.95,2492
2026-05-05 09:25:00,148.0,148.5,147.0,147.0,516,146.05,2492
2026-05-05 09:30:00,147.5,147.5,145.0,146.0,807,146.04,2492
2026-05-05 09:35:00,146.0,148.0,146.0,147.5,418,146.09,2492
2026-05-05 09:40:00,148.0,148.0,146.5,147.0,351,146.13,2492
2026-05-05 09:45:00,147.0,147.5,146.5,147.0,298,146.15,2492
2026-05-05 09:50:00,147.0,147.5,146.5,146.5,227,146.17,2492
2026-05-05 09:55:00,147.0,147.0,145.5,146.0,254,146.17,2492
2026-05-05 10:00:00,146.0,146.0,145.5,146.0,98,146.17,2492
2026-05-05 10:05:00,146.0,146.5,145.5,145.5,154,146.16,2492
2026-05-05 10:10:00,146.0,146.5,145.5,145.5,114,146.16,2492
2026-05-05 10:15:00,145.5,146.0,145.0,145.5,247,146.15,2492
2026-05-05 10:20:00,145.5,146.5,145.5,146.0,103,146.14,2492
2026-05-05 10:25:00,146.0,147.0,146.0,147.0,148,146.15,2492
2026-05-05 10:30:00,146.5,148.0,146.0,147.5,331,146.18,2492
2026-05-05 10:35:00,147.5,149.0,147.0,148.5,932,146.32,2492
2026-05-05 10:40:00,148.5,149.0,147.5,148.0,98,146.34,2492
2026-05-05 10:45:00,147.5,148.0,147.0,147.5,45,146.34,2492
2026-05-05 10:50:00,147.0,147.5,147.0,147.0,72,146.35,2492
2026-05-05 10:55:00,146.5,146.5,146.0,146.5,29,146.35,2492
2026-05-05 11:00:00,146.5,147.0,146.0,146.5,80,146.35,2492
2026-05-05 11:05:00,146.5,146.5,145.0,145.5,206,146.34,2492
2026-05-05 11:10:00,145.5,146.5,145.5,146.0,83,146.34,2492
2026-05-05 11:15:00,146.5,146.5,146.0,146.5,12,146.34,2492
2026-05-05 11:20:00,146.5,147.0,146.5,147.0,47,146.34,2492
2026-05-05 11:25:00,147.0,147.5,146.5,147.5,276,146.35,2492
2026-05-05 11:30:00,147.5,147.5,147.0,147.0,72,146.36,2492
2026-05-05 11:35:00,146.5,147.5,146.5,147.5,50,146.36,2492
2026-05-05 11:40:00,147.5,147.5,147.0,147.5,68,146.37,2492
2026-05-05 11:45:00,147.0,147.5,147.0,147.0,140,146.37,2492
2026-05-05 11:50:00,147.0,147.5,146.5,147.5,27,146.38,2492
2026-05-05 11:55:00,147.0,147.5,146.5,147.0,177,146.38,2492
2026-05-05 12:00:00,147.0,147.5,147.0,147.0,40,146.39,2492
2026-05-05 12:05:00,147.0,147.0,146.5,147.0,16,146.39,2492
2026-05-05 12:10:00,147.0,147.0,146.5,146.5,118,146.39,2492
2026-05-05 12:15:00,146.5,147.0,146.5,146.5,49,146.39,2492
2026-05-05 12:20:00,147.0,147.0,146.5,147.0,27,146.39,2492
2026-05-05 12:25:00,146.5,147.0,146.5,146.5,50,146.39,2492
2026-05-05 12:30:00,146.5,147.0,146.5,147.0,30,146.39,2492
2026-05-05 12:35:00,147.0,147.0,146.5,147.0,38,146.39,2492
2026-05-05 12:40:00,147.0,147.0,146.5,147.0,162,146.4,2492
2026-05-05 12:45:00,147.0,148.0,147.0,148.0,620,146.45,2492
2026-05-05 12:50:00,148.0,148.0,147.0,147.5,196,146.47,2492
2026-05-05 12:55:00,147.5,148.0,147.5,148.0,158,146.48,2492
2026-05-05 13:00:00,148.0,148.0,147.5,147.5,113,146.49,2492
2026-05-05 13:05:00,147.5,148.0,147.5,148.0,205,146.51,2492
2026-05-05 13:10:00,148.0,149.0,147.5,148.5,542,146.57,2492
2026-05-05 13:15:00,148.5,148.5,148.0,148.5,358,146.6,2492
2026-05-05 13:20:00,148.5,148.5,148.0,148.0,325,146.64,2492
2026-05-05 13:30:00,148.5,148.5,148.5,148.5,674,146.71,2492
2026-05-06 09:00:00,153.0,153.0,149.0,150.5,2050,151.44,2492
2026-05-06 09:05:00,151.0,153.0,150.0,152.0,1453,151.6,2492
2026-05-06 09:10:00,152.0,154.5,151.5,154.0,1733,152.14,2492
2026-05-06 09:15:00,154.0,155.0,153.0,154.0,1530,152.59,2492
2026-05-06 09:20:00,154.0,155.0,153.0,154.5,695,152.72,2492
2026-05-06 09:25:00,154.5,154.5,152.5,153.5,965,152.83,2492
2026-05-06 09:30:00,153.5,154.0,152.5,153.5,502,152.86,2492
2026-05-06 09:35:00,153.5,154.0,153.0,153.0,461,152.87,2492
2026-05-06 09:40:00,153.0,153.0,150.0,150.5,839,152.76,2492
2026-05-06 09:45:00,150.0,150.5,148.0,148.0,866,152.48,2492
2026-05-06 09:50:00,148.0,148.5,146.0,146.5,981,152.03,2492
2026-05-06 09:55:00,146.5,148.5,146.5,148.0,377,151.89,2492
2026-05-06 10:00:00,148.0,148.0,145.0,147.0,445,151.7,2492
2026-05-06 10:05:00,146.5,147.5,144.5,147.0,531,151.46,2492
2026-05-06 10:10:00,147.0,148.0,146.5,147.5,220,151.39,2492
2026-05-06 10:15:00,147.0,147.5,146.5,147.0,112,151.35,2492
2026-05-06 10:20:00,147.0,147.5,146.5,147.5,109,151.32,2492
2026-05-06 10:25:00,147.5,147.5,146.0,147.0,236,151.24,2492
2026-05-06 10:30:00,147.0,148.0,146.5,147.5,127,151.2,2492
2026-05-06 10:35:00,147.5,147.5,146.5,146.5,116,151.17,2492
2026-05-06 10:40:00,146.5,146.5,145.5,146.0,149,151.11,2492
2026-05-06 10:45:00,146.0,147.0,146.0,147.0,122,151.08,2492
2026-05-06 10:50:00,147.0,147.0,146.5,147.0,90,151.05,2492
2026-05-06 10:55:00,147.0,147.0,146.5,147.0,96,151.02,2492
2026-05-06 11:00:00,147.0,147.0,146.0,146.5,64,151.0,2492
2026-05-06 11:05:00,146.5,147.5,146.5,147.5,147,150.96,2492
2026-05-06 11:10:00,147.0,148.0,147.0,147.5,116,150.93,2492
2026-05-06 11:15:00,147.5,148.0,147.5,147.5,115,150.91,2492
2026-05-06 11:20:00,147.5,147.5,146.5,147.0,133,150.88,2492
2026-05-06 11:25:00,147.0,147.5,147.0,147.5,33,150.87,2492
2026-05-06 11:30:00,147.5,147.5,147.0,147.5,61,150.86,2492
2026-05-06 11:35:00,147.0,147.5,147.0,147.5,46,150.85,2492
2026-05-06 11:40:00,147.0,147.5,146.5,147.0,208,150.79,2492
2026-05-06 11:45:00,147.0,149.0,147.0,149.0,356,150.74,2492
2026-05-06 11:50:00,149.0,149.0,148.0,148.5,152,150.72,2492
2026-05-06 11:55:00,148.5,148.5,148.0,148.5,110,150.7,2492
2026-05-06 12:00:00,148.0,148.0,147.5,147.5,96,150.69,2492
2026-05-06 12:05:00,147.5,148.0,147.5,148.0,47,150.68,2492
2026-05-06 12:10:00,147.5,147.5,147.0,147.0,77,150.66,2492
2026-05-06 12:15:00,147.0,147.5,147.0,147.0,31,150.66,2492
2026-05-06 12:20:00,147.5,147.5,147.0,147.5,69,150.64,2492
2026-05-06 12:25:00,147.5,147.5,147.0,147.5,27,150.64,2492
2026-05-06 12:30:00,147.5,148.0,147.5,148.0,40,150.63,2492
2026-05-06 12:35:00,148.0,148.0,147.5,147.5,124,150.61,2492
2026-05-06 12:40:00,147.5,148.0,147.5,147.5,73,150.59,2492
2026-05-06 12:45:00,147.5,148.0,147.5,148.0,49,150.59,2492
2026-05-06 12:50:00,148.0,148.0,147.5,147.5,104,150.57,2492
2026-05-06 12:55:00,147.5,148.0,147.5,147.5,98,150.55,2492
2026-05-06 13:00:00,147.5,147.5,147.0,147.0,113,150.53,2492
2026-05-06 13:05:00,147.0,147.5,147.0,147.5,225,150.49,2492
2026-05-06 13:10:00,147.5,148.0,147.0,148.0,200,150.45,2492
2026-05-06 13:15:00,148.0,148.0,147.0,147.0,371,150.39,2492
2026-05-06 13:20:00,147.0,147.5,146.5,146.5,362,150.33,2492
2026-05-06 13:30:00,147.0,147.0,147.0,147.0,662,150.21,2492
2026-05-07 09:00:00,150.0,150.5,147.5,148.0,1001,148.72,2492
2026-05-07 09:05:00,147.5,149.5,146.5,149.5,564,148.39,2492
2026-05-07 09:10:00,149.5,154.5,148.5,154.0,1847,150.42,2492
2026-05-07 09:15:00,154.0,154.5,152.5,154.0,934,151.14,2492
2026-05-07 09:20:00,154.0,158.5,154.0,157.0,4058,153.62,2492
2026-05-07 09:25:00,157.0,159.5,157.0,157.5,1865,154.51,2492
2026-05-07 09:30:00,157.0,158.0,155.5,157.5,831,154.65,2492
2026-05-07 09:35:00,157.0,158.0,156.5,157.0,478,154.75,2492
2026-05-07 09:40:00,157.0,160.0,157.0,160.0,1577,155.25,2492
2026-05-07 09:45:00,160.0,160.0,159.0,159.0,1017,155.54,2492
2026-05-07 09:50:00,159.0,161.5,159.0,161.5,10174,157.93,2492
2026-05-07 09:55:00,161.5,161.5,161.0,161.5,1257,158.11,2492
2026-05-07 10:00:00,161.5,161.5,161.5,161.5,293,158.14,2492
2026-05-07 10:05:00,161.5,161.5,161.5,161.5,288,158.18,2492
2026-05-07 10:10:00,161.5,161.5,161.5,161.5,338,158.22,2492
2026-05-07 10:15:00,161.5,161.5,158.0,160.0,2167,158.4,2492
2026-05-07 10:20:00,160.0,161.0,159.0,161.0,844,158.44,2492
2026-05-07 10:25:00,161.0,161.5,160.0,160.5,551,158.48,2492
2026-05-07 10:30:00,160.5,161.5,160.5,161.5,650,158.54,2492
2026-05-07 10:35:00,161.5,161.5,160.0,160.5,547,158.57,2492
2026-05-07 10:40:00,160.5,161.0,160.0,161.0,287,158.59,2492
2026-05-07 10:45:00,161.0,161.5,160.5,161.0,638,158.64,2492
2026-05-07 10:50:00,161.0,161.5,161.0,161.0,121,158.65,2492
2026-05-07 10:55:00,161.0,161.5,160.0,160.5,470,158.68,2492
2026-05-07 11:00:00,160.5,160.5,158.5,159.0,502,158.69,2492
2026-05-07 11:05:00,159.0,159.5,158.5,159.0,131,158.69,2492
2026-05-07 11:10:00,159.0,159.5,158.5,159.0,299,158.69,2492
2026-05-07 11:15:00,159.0,160.0,159.0,160.0,288,158.7,2492
2026-05-07 11:20:00,160.0,160.5,159.5,160.0,226,158.71,2492
2026-05-07 11:25:00,159.5,160.5,159.5,160.0,55,158.71,2492
2026-05-07 11:30:00,160.0,160.5,159.5,160.0,42,158.72,2492
2026-05-07 11:35:00,160.0,160.0,159.0,160.0,152,158.72,2492
2026-05-07 11:40:00,160.0,160.0,159.0,159.5,110,158.72,2492
2026-05-07 11:45:00,159.5,159.5,159.0,159.0,68,158.72,2492
2026-05-07 11:50:00,159.0,160.0,159.0,160.0,93,158.72,2492
2026-05-07 11:55:00,160.0,160.0,159.5,160.0,119,158.73,2492
2026-05-07 12:00:00,160.0,160.0,159.5,159.5,112,158.73,2492
2026-05-07 12:05:00,159.5,160.0,159.5,160.0,66,158.73,2492
2026-05-07 12:10:00,159.5,160.0,159.0,159.5,248,158.74,2492
2026-05-07 12:15:00,159.5,159.5,157.5,157.5,776,158.72,2492
2026-05-07 12:20:00,157.5,159.0,157.5,158.5,255,158.72,2492
2026-05-07 12:25:00,158.0,159.0,158.0,159.0,224,158.72,2492
2026-05-07 12:30:00,159.0,159.0,158.0,158.0,338,158.72,2492
2026-05-07 12:35:00,158.0,158.5,158.0,158.0,66,158.72,2492
2026-05-07 12:40:00,158.5,158.5,157.5,157.5,305,158.71,2492
2026-05-07 12:45:00,157.5,159.0,157.5,159.0,382,158.71,2492
2026-05-07 12:50:00,159.0,159.0,158.5,158.5,48,158.71,2492
2026-05-07 12:55:00,158.5,159.0,158.0,158.5,265,158.71,2492
2026-05-07 13:00:00,158.0,159.5,158.0,159.0,364,158.71,2492
2026-05-07 13:05:00,159.5,160.0,159.0,159.5,217,158.71,2492
2026-05-07 13:10:00,160.0,160.0,159.0,159.0,261,158.72,2492
2026-05-07 13:15:00,159.0,159.5,158.5,158.5,130,158.72,2492
2026-05-07 13:20:00,159.0,159.5,158.5,159.0,426,158.72,2492
2026-05-07 13:30:00,160.0,160.0,160.0,160.0,1283,158.76,2492
2026-05-08 09:00:00,159.5,160.5,156.0,156.0,4568,158.65,2492
2026-05-08 09:05:00,156.5,158.0,154.5,158.0,2376,157.81,2492
2026-05-08 09:10:00,158.0,161.0,157.0,160.0,2229,158.25,2492
2026-05-08 09:15:00,160.5,161.0,159.5,160.5,1842,158.61,2492
2026-05-08 09:20:00,160.5,164.5,160.0,162.0,4862,159.86,2492
2026-05-08 09:25:00,162.5,163.0,160.0,162.0,1418,160.0,2492
2026-05-08 09:30:00,162.0,163.0,160.5,161.5,740,160.07,2492
2026-05-08 09:35:00,161.5,161.5,160.5,161.5,762,160.1,2492
2026-05-08 09:40:00,161.0,162.5,160.0,161.0,657,160.14,2492
2026-05-08 09:45:00,161.0,163.5,160.5,163.0,1278,160.28,2492
2026-05-08 09:50:00,163.0,164.5,162.5,162.5,2154,160.62,2492
2026-05-08 09:55:00,162.5,163.0,160.0,160.0,891,160.65,2492
2026-05-08 10:00:00,160.0,161.5,159.5,160.0,956,160.63,2492
2026-05-08 10:05:00,159.5,160.5,158.5,159.5,850,160.58,2492
2026-05-08 10:10:00,159.5,159.5,155.5,157.5,1627,160.37,2492
2026-05-08 10:15:00,157.0,157.5,153.5,154.0,1652,160.05,2492
2026-05-08 10:20:00,153.5,156.0,152.5,156.0,1298,159.78,2492
2026-05-08 10:25:00,156.0,156.5,154.0,154.5,375,159.72,2492
2026-05-08 10:30:00,154.5,157.5,154.0,157.5,527,159.66,2492
2026-05-08 10:35:00,157.5,157.5,156.0,156.0,449,159.62,2492
2026-05-08 10:40:00,156.0,157.0,155.5,156.5,173,159.6,2492
2026-05-08 10:45:00,156.5,156.5,155.5,155.5,215,159.57,2492
2026-05-08 10:50:00,155.5,156.0,155.0,155.5,216,159.55,2492
2026-05-08 10:55:00,155.5,156.5,155.5,155.5,215,159.52,2492
2026-05-08 11:00:00,155.5,157.0,155.5,156.0,126,159.51,2492
2026-05-08 11:05:00,156.0,157.0,156.0,156.5,63,159.51,2492
2026-05-08 11:10:00,156.5,157.0,156.5,156.5,83,159.5,2492
2026-05-08 11:15:00,157.0,157.5,156.5,157.0,220,159.48,2492
2026-05-08 11:20:00,156.5,157.5,156.5,157.0,102,159.48,2492
2026-05-08 11:25:00,157.0,157.5,156.5,157.0,55,159.47,2492
2026-05-08 11:30:00,157.0,158.5,157.0,158.0,243,159.46,2492
2026-05-08 11:35:00,158.0,158.0,157.0,157.5,119,159.45,2492
2026-05-08 11:40:00,157.0,157.5,157.0,157.5,121,159.45,2492
2026-05-08 11:45:00,157.0,157.5,156.5,157.0,130,159.44,2492
2026-05-08 11:50:00,157.0,157.5,156.5,157.5,211,159.42,2492
2026-05-08 11:55:00,157.5,158.0,157.5,157.5,62,159.42,2492
2026-05-08 12:00:00,157.5,158.0,157.0,157.0,69,159.41,2492
2026-05-08 12:05:00,157.0,158.5,157.0,158.0,207,159.4,2492
2026-05-08 12:10:00,158.5,159.0,157.5,158.0,248,159.4,2492
2026-05-08 12:15:00,157.5,158.5,157.5,158.5,139,159.39,2492
2026-05-08 12:20:00,158.5,159.0,158.0,158.0,129,159.39,2492
2026-05-08 12:25:00,158.5,159.0,158.0,159.0,127,159.38,2492
2026-05-08 12:30:00,159.0,159.0,157.5,157.5,185,159.38,2492
2026-05-08 12:35:00,157.5,157.5,157.0,157.5,128,159.37,2492
2026-05-08 12:40:00,157.5,157.5,156.5,157.0,154,159.36,2492
2026-05-08 12:45:00,156.5,157.5,156.5,157.0,170,159.35,2492
2026-05-08 12:50:00,157.0,157.5,156.5,157.0,80,159.34,2492
2026-05-08 12:55:00,157.0,157.0,156.5,156.5,124,159.33,2492
2026-05-08 13:00:00,157.0,157.5,156.5,156.5,231,159.32,2492
2026-05-08 13:05:00,156.5,157.5,156.0,157.0,315,159.3,2492
2026-05-08 13:10:00,156.5,157.0,156.0,156.5,389,159.26,2492
2026-05-08 13:15:00,156.5,156.5,155.5,156.0,536,159.22,2492
2026-05-08 13:20:00,156.0,156.5,155.5,155.5,922,159.14,2492
2026-05-08 13:30:00,156.0,156.0,156.0,156.0,1243,159.04,2492
2026-05-11 09:00:00,158.5,158.5,153.5,155.0,1618,156.48,2492
2026-05-11 09:05:00,155.0,156.5,151.5,153.5,1144,155.41,2492
2026-05-11 09:10:00,153.5,163.5,153.5,163.0,2537,157.41,2492
2026-05-11 09:15:00,163.5,165.0,160.0,164.5,2467,159.33,2492
2026-05-11 09:20:00,164.5,168.0,164.0,167.0,3205,161.4,2492
2026-05-11 09:25:00,167.5,169.5,165.5,165.5,1660,162.29,2492
2026-05-11 09:30:00,166.0,170.0,165.5,169.5,1735,163.08,2492
2026-05-11 09:35:00,169.5,170.0,168.0,168.0,475,163.27,2492
2026-05-11 09:40:00,168.5,170.0,166.5,166.5,676,163.49,2492
2026-05-11 09:45:00,166.5,169.0,165.5,168.5,636,163.64,2492
2026-05-11 09:50:00,168.0,170.0,167.5,170.0,700,163.87,2492
2026-05-11 09:55:00,170.0,171.0,169.5,170.0,1298,164.35,2492
2026-05-11 10:00:00,170.0,171.5,169.5,171.0,1134,164.74,2492
2026-05-11 10:05:00,171.0,171.5,170.5,170.5,391,164.86,2492
2026-05-11 10:10:00,171.0,171.5,170.5,171.5,568,165.04,2492
2026-05-11 10:15:00,171.0,171.5,171.0,171.0,228,165.1,2492
2026-05-11 10:20:00,171.0,171.0,170.5,170.5,165,165.15,2492
2026-05-11 10:25:00,170.5,171.5,170.5,171.0,428,165.26,2492
2026-05-11 10:30:00,171.5,171.5,170.5,171.0,167,165.31,2492
2026-05-11 10:35:00,171.0,171.0,170.5,171.0,90,165.33,2492
2026-05-11 10:40:00,171.0,171.0,170.5,171.0,215,165.39,2492
2026-05-11 10:45:00,170.5,171.0,169.5,170.0,240,165.44,2492
2026-05-11 10:50:00,169.5,170.0,169.0,169.5,391,165.51,2492
2026-05-11 10:55:00,170.0,171.5,170.0,171.0,558,165.64,2492
2026-05-11 11:00:00,171.0,171.0,170.5,170.5,53,165.66,2492
2026-05-11 11:05:00,170.5,171.0,170.5,170.5,86,165.68,2492
2026-05-11 11:10:00,170.5,171.0,170.5,170.5,96,165.7,2492
2026-05-11 11:15:00,170.5,171.0,170.5,170.5,134,165.73,2492
2026-05-11 11:20:00,170.5,171.0,170.5,170.5,61,165.74,2492
2026-05-11 11:25:00,170.5,171.5,170.5,171.0,864,165.94,2492
2026-05-11 11:30:00,171.5,171.5,171.0,171.5,127,165.97,2492
2026-05-11 11:35:00,171.5,171.5,171.0,171.0,96,165.99,2492
2026-05-11 11:40:00,171.0,171.5,171.0,171.0,131,166.01,2492
2026-05-11 11:45:00,171.0,171.5,171.0,171.0,105,166.04,2492
2026-05-11 11:50:00,171.0,171.5,171.0,171.0,173,166.07,2492
2026-05-11 11:55:00,171.0,171.5,171.0,171.0,58,166.08,2492
2026-05-11 12:00:00,171.0,171.5,170.5,171.0,197,166.12,2492
2026-05-11 12:05:00,170.5,171.0,170.5,171.0,100,166.14,2492
2026-05-11 12:10:00,171.0,171.0,170.5,170.5,57,166.15,2492
2026-05-11 12:15:00,170.5,171.0,170.5,171.0,81,166.17,2492
2026-05-11 12:20:00,171.0,171.0,170.5,171.0,90,166.18,2492
2026-05-11 12:25:00,171.0,171.5,171.0,171.0,481,166.28,2492
2026-05-11 12:30:00,171.0,171.5,171.0,171.5,82,166.29,2492
2026-05-11 12:35:00,171.5,171.5,171.0,171.5,3659,166.94,2492
2026-05-11 12:40:00,171.5,171.5,171.5,171.5,41,166.95,2492
2026-05-11 12:45:00,171.5,171.5,171.5,171.5,28,166.95,2492
2026-05-11 12:50:00,171.5,171.5,171.5,171.5,14,166.95,2492
2026-05-11 12:55:00,171.5,171.5,171.5,171.5,124,166.97,2492
2026-05-11 13:00:00,171.5,171.5,171.5,171.5,30,166.98,2492
2026-05-11 13:05:00,171.5,171.5,171.5,171.5,31,166.98,2492
2026-05-11 13:10:00,171.5,171.5,171.5,171.5,28,166.99,2492
2026-05-11 13:15:00,171.5,171.5,171.5,171.5,32,166.99,2492
2026-05-11 13:20:00,171.5,171.5,171.5,171.5,26,166.99,2492
2026-05-11 13:30:00,171.5,171.5,171.5,171.5,44,167.0,2492
2026-05-12 09:00:00,175.0,175.5,169.0,169.0,2506,172.12,2492
2026-05-12 09:05:00,169.0,171.5,168.5,169.0,1566,171.21,2492
2026-05-12 09:10:00,168.5,172.5,167.5,172.0,1541,170.92,2492
2026-05-12 09:15:00,172.0,174.5,170.5,174.5,3096,171.51,2492
2026-05-12 09:20:00,174.5,175.0,172.5,173.5,1800,171.96,2492
2026-05-12 09:25:00,173.5,175.0,170.0,174.0,2047,172.01,2492
2026-05-12 09:30:00,173.5,174.0,170.0,170.5,991,171.96,2492
2026-05-12 09:35:00,170.5,173.5,170.0,172.0,785,171.96,2492
2026-05-12 09:40:00,172.5,176.0,172.0,175.5,1698,172.2,2492
2026-05-12 09:45:00,175.5,179.0,174.5,177.5,2453,172.87,2492
2026-05-12 09:50:00,178.0,186.5,177.5,183.0,4818,174.89,2492
2026-05-12 09:55:00,183.0,183.5,180.0,182.0,1794,175.38,2492
2026-05-12 10:00:00,182.5,184.0,180.0,184.0,1418,175.73,2492
2026-05-12 10:05:00,184.0,188.0,182.5,187.0,2652,176.59,2492
2026-05-12 10:10:00,187.0,188.5,186.5,188.5,9185,179.41,2492
2026-05-12 10:15:00,188.5,188.5,188.5,188.5,414,179.5,2492
2026-05-12 10:20:00,188.5,188.5,188.5,188.5,244,179.56,2492
2026-05-12 10:25:00,188.5,188.5,188.5,188.5,80,179.58,2492
2026-05-12 10:30:00,188.5,188.5,188.5,188.5,160,179.61,2492
2026-05-12 10:35:00,188.5,188.5,188.5,188.5,75,179.63,2492
2026-05-12 10:40:00,188.5,188.5,188.5,188.5,84,179.65,2492
2026-05-12 10:45:00,188.5,188.5,188.5,188.5,30,179.66,2492
2026-05-12 10:50:00,188.5,188.5,188.5,188.5,152,179.69,2492
2026-05-12 10:55:00,188.5,188.5,188.5,188.5,49,179.7,2492
2026-05-12 11:00:00,188.5,188.5,188.5,188.5,29,179.71,2492
2026-05-12 11:05:00,188.5,188.5,188.5,188.5,41,179.72,2492
2026-05-12 11:10:00,188.5,188.5,188.5,188.5,104,179.74,2492
2026-05-12 11:15:00,188.5,188.5,188.5,188.5,45,179.75,2492
2026-05-12 11:20:00,188.5,188.5,188.5,188.5,26,179.76,2492
2026-05-12 11:25:00,188.5,188.5,188.5,188.5,19,179.76,2492
2026-05-12 11:30:00,188.5,188.5,188.5,188.5,51,179.77,2492
2026-05-12 11:35:00,188.5,188.5,188.5,188.5,36,179.78,2492
2026-05-12 11:40:00,188.5,188.5,188.5,188.5,43,179.79,2492
2026-05-12 11:45:00,188.5,188.5,188.5,188.5,40,179.8,2492
2026-05-12 11:50:00,188.5,188.5,188.5,188.5,75,179.81,2492
2026-05-12 11:55:00,188.5,188.5,188.5,188.5,44,179.82,2492
2026-05-12 12:00:00,188.5,188.5,188.5,188.5,14,179.83,2492
2026-05-12 12:05:00,188.5,188.5,188.5,188.5,62,179.84,2492
2026-05-12 12:10:00,188.5,188.5,188.5,188.5,61,179.85,2492
2026-05-12 12:15:00,188.5,188.5,188.5,188.5,22,179.86,2492
2026-05-12 12:20:00,188.5,188.5,188.5,188.5,20,179.86,2492
2026-05-12 12:25:00,188.5,188.5,188.5,188.5,40,179.87,2492
2026-05-12 12:30:00,188.5,188.5,188.5,188.5,88,179.89,2492
2026-05-12 12:35:00,188.5,188.5,188.5,188.5,20,179.89,2492
2026-05-12 12:40:00,188.5,188.5,188.5,188.5,24,179.9,2492
2026-05-12 12:45:00,188.5,188.5,188.5,188.5,37,179.91,2492
2026-05-12 12:50:00,188.5,188.5,188.5,188.5,27,179.91,2492
2026-05-12 12:55:00,188.5,188.5,188.5,188.5,76,179.93,2492
2026-05-12 13:00:00,188.5,188.5,188.5,188.5,23,179.93,2492
2026-05-12 13:05:00,188.5,188.5,188.5,188.5,12,179.93,2492
2026-05-12 13:10:00,188.5,188.5,188.5,188.5,29,179.94,2492
2026-05-12 13:15:00,188.5,188.5,188.5,188.5,38,179.95,2492
2026-05-12 13:20:00,188.5,188.5,188.5,188.5,69,179.96,2492
2026-05-12 13:30:00,188.5,188.5,188.5,188.5,76,179.98,2492
2026-05-13 09:00:00,184.5,189.5,184.0,187.0,5502,186.98,2492
2026-05-13 09:05:00,187.0,187.5,181.5,183.5,3338,185.97,2492
2026-05-13 09:10:00,183.0,188.0,181.5,184.5,2864,185.64,2492
2026-05-13 09:15:00,184.5,188.5,182.0,188.0,2067,185.5,2492
2026-05-13 09:20:00,187.5,188.0,184.0,187.0,1127,185.56,2492
2026-05-13 09:25:00,187.0,191.0,185.0,191.0,3080,186.1,2492
2026-05-13 09:30:00,191.0,194.5,189.5,193.0,3522,187.12,2492
2026-05-13 09:35:00,193.0,193.5,190.0,191.0,1301,187.38,2492
2026-05-13 09:40:00,190.5,195.5,190.0,195.0,1991,187.88,2492
2026-05-13 09:45:00,195.0,197.5,192.5,197.0,2769,188.61,2492
2026-05-13 09:50:00,197.5,199.5,195.5,196.0,3028,189.5,2492
2026-05-13 09:55:00,196.0,202.0,195.5,202.0,3049,190.4,2492
2026-05-13 10:00:00,202.0,205.0,201.0,203.5,3508,191.64,2492
2026-05-13 10:05:00,203.0,203.0,198.0,199.0,1648,192.03,2492
2026-05-13 10:10:00,199.0,200.5,198.0,199.5,1418,192.27,2492
2026-05-13 10:15:00,199.5,200.5,199.0,199.5,559,192.38,2492
2026-05-13 10:20:00,199.5,203.0,199.5,201.5,1068,192.61,2492
2026-05-13 10:25:00,201.5,203.0,199.5,202.5,1255,192.87,2492
2026-05-13 10:30:00,202.5,203.0,200.5,201.0,349,192.94,2492
2026-05-13 10:35:00,201.0,201.0,200.0,200.0,220,192.97,2492
2026-05-13 10:40:00,200.0,200.5,198.0,198.5,543,193.05,2492
2026-05-13 10:45:00,198.5,201.0,198.0,199.5,610,193.13,2492
2026-05-13 10:50:00,200.0,200.0,199.0,199.5,245,193.17,2492
2026-05-13 10:55:00,200.0,201.0,199.5,200.0,458,193.24,2492
2026-05-13 11:00:00,200.0,201.0,199.5,200.0,146,193.26,2492
2026-05-13 11:05:00,200.0,200.0,199.0,199.0,183,193.28,2492
2026-05-13 11:10:00,199.0,200.0,198.5,198.5,256,193.32,2492
2026-05-13 11:15:00,198.5,200.0,198.5,199.5,152,193.34,2492
2026-05-13 11:20:00,200.0,201.5,199.5,201.0,769,193.45,2492
2026-05-13 11:25:00,201.5,201.5,200.5,201.0,175,193.48,2492
2026-05-13 11:30:00,200.5,201.0,199.5,200.5,247,193.52,2492
2026-05-13 11:35:00,201.0,201.0,200.0,201.0,276,193.56,2492
2026-05-13 11:40:00,201.0,201.0,200.0,200.5,79,193.57,2492
2026-05-13 11:45:00,200.0,201.5,200.0,201.0,391,193.63,2492
2026-05-13 11:50:00,201.5,201.5,200.0,200.0,197,193.66,2492
2026-05-13 11:55:00,200.0,200.0,199.0,199.0,177,193.68,2492
2026-05-13 12:00:00,199.5,200.0,198.5,199.5,268,193.71,2492
2026-05-13 12:05:00,199.5,200.0,199.5,199.5,74,193.72,2492
2026-05-13 12:10:00,200.0,200.0,198.5,198.5,154,193.74,2492
2026-05-13 12:15:00,198.5,199.0,198.5,198.5,214,193.76,2492
2026-05-13 12:20:00,199.0,199.0,198.5,198.5,102,193.77,2492
2026-05-13 12:25:00,198.5,199.5,198.5,199.0,205,193.79,2492
2026-05-13 12:30:00,199.0,200.0,199.0,199.5,168,193.81,2492
2026-05-13 12:35:00,199.5,200.0,199.5,199.5,158,193.83,2492
2026-05-13 12:40:00,200.0,200.0,197.5,197.5,603,193.88,2492
2026-05-13 12:45:00,197.5,199.0,197.5,198.5,408,193.92,2492
2026-05-13 12:50:00,198.5,199.0,198.0,198.5,136,193.93,2492
2026-05-13 12:55:00,198.5,199.5,198.5,199.0,371,193.97,2492
2026-05-13 13:00:00,199.0,199.5,198.0,199.0,211,193.99,2492
2026-05-13 13:05:00,199.0,200.0,198.5,200.0,768,194.06,2492
2026-05-13 13:10:00,200.0,200.0,199.5,200.0,240,194.09,2492
2026-05-13 13:15:00,200.0,201.0,199.5,200.0,983,194.2,2492
2026-05-13 13:20:00,200.0,200.5,199.0,199.0,932,194.3,2492
2026-05-13 13:30:00,200.0,200.0,200.0,200.0,1605,194.46,2492
2026-05-14 09:00:00,220.0,220.0,220.0,220.0,5103,220.0,2492
2026-05-14 09:05:00,220.0,220.0,220.0,220.0,471,220.0,2492
2026-05-14 09:10:00,220.0,220.0,220.0,220.0,182,220.0,2492
2026-05-14 09:15:00,220.0,220.0,220.0,220.0,208,220.0,2492
2026-05-14 09:20:00,220.0,220.0,220.0,220.0,131,220.0,2492
2026-05-14 09:25:00,220.0,220.0,220.0,220.0,125,220.0,2492
2026-05-14 09:30:00,220.0,220.0,220.0,220.0,57,220.0,2492
2026-05-14 09:35:00,220.0,220.0,220.0,220.0,111,220.0,2492
2026-05-14 09:40:00,220.0,220.0,220.0,220.0,61,220.0,2492
2026-05-14 09:45:00,220.0,220.0,215.5,219.5,7813,219.74,2492
2026-05-14 09:50:00,220.0,220.0,219.0,219.5,2089,219.77,2492
2026-05-14 09:55:00,219.5,220.0,219.0,219.5,888,219.76,2492
2026-05-14 10:00:00,219.5,220.0,218.5,219.5,2173,219.77,2492
2026-05-14 10:05:00,219.5,220.0,219.0,220.0,970,219.77,2492
2026-05-14 10:10:00,219.5,220.0,218.5,219.0,554,219.77,2492
2026-05-14 10:15:00,219.0,219.5,218.0,218.0,379,219.75,2492
2026-05-14 10:20:00,218.0,219.5,217.5,218.5,928,219.69,2492
2026-05-14 10:25:00,218.5,219.5,218.5,218.5,128,219.68,2492
2026-05-14 10:30:00,218.5,220.0,218.5,220.0,309,219.68,2492
2026-05-14 10:35:00,220.0,220.0,219.5,220.0,1371,219.69,2492
2026-05-14 10:40:00,220.0,220.0,219.5,220.0,206,219.7,2492
2026-05-14 10:45:00,220.0,220.0,219.5,219.5,879,219.71,2492
2026-05-14 10:50:00,219.5,220.0,219.0,219.0,351,219.7,2492
2026-05-14 10:55:00,219.5,219.5,218.5,219.0,178,219.7,2492
2026-05-14 11:00:00,219.0,219.5,218.5,218.5,115,219.69,2492
2026-05-14 11:05:00,218.5,220.0,218.5,220.0,758,219.69,2492
2026-05-14 11:10:00,220.0,220.0,219.5,219.5,103,219.69,2492
2026-05-14 11:15:00,219.5,220.0,219.5,220.0,488,219.7,2492
2026-05-14 11:20:00,220.0,220.0,220.0,220.0,66,219.7,2492
2026-05-14 11:25:00,220.0,220.0,220.0,220.0,40,219.7,2492
2026-05-14 11:30:00,220.0,220.0,220.0,220.0,91,219.7,2492
2026-05-14 11:35:00,220.0,220.0,220.0,220.0,46,219.7,2492
2026-05-14 11:40:00,220.0,220.0,220.0,220.0,25,219.7,2492
2026-05-14 11:45:00,220.0,220.0,220.0,220.0,15,219.7,2492
2026-05-14 11:50:00,220.0,220.0,220.0,220.0,34,219.7,2492
2026-05-14 11:55:00,220.0,220.0,220.0,220.0,52,219.7,2492
2026-05-14 12:00:00,220.0,220.0,220.0,220.0,91,219.71,2492
2026-05-14 12:05:00,220.0,220.0,220.0,220.0,159,219.71,2492
2026-05-14 12:10:00,220.0,220.0,220.0,220.0,32,219.71,2492
2026-05-14 12:15:00,220.0,220.0,220.0,220.0,147,219.71,2492
2026-05-14 12:20:00,220.0,220.0,220.0,220.0,17,219.71,2492
2026-05-14 12:25:00,220.0,220.0,220.0,220.0,17,219.71,2492
2026-05-14 12:30:00,220.0,220.0,220.0,220.0,17,219.71,2492
2026-05-14 12:35:00,220.0,220.0,220.0,220.0,28,219.71,2492
2026-05-14 12:40:00,220.0,220.0,220.0,220.0,18,219.71,2492
2026-05-14 12:45:00,220.0,220.0,220.0,220.0,13,219.71,2492
2026-05-14 12:50:00,220.0,220.0,220.0,220.0,49,219.71,2492
2026-05-14 12:55:00,220.0,220.0,220.0,220.0,9,219.71,2492
2026-05-14 13:00:00,220.0,220.0,220.0,220.0,28,219.71,2492
2026-05-14 13:05:00,220.0,220.0,220.0,220.0,115,219.71,2492
2026-05-14 13:10:00,220.0,220.0,220.0,220.0,42,219.71,2492
2026-05-14 13:15:00,220.0,220.0,220.0,220.0,18,219.71,2492
2026-05-14 13:20:00,220.0,220.0,220.0,220.0,78,219.71,2492
2026-05-14 13:30:00,220.0,220.0,220.0,220.0,64,219.71,2492
2026-05-15 09:00:00,215.0,215.0,215.0,215.0,571,215.0,2492
2026-05-15 09:05:00,218.0,218.0,218.0,218.0,343,216.13,2492
2026-05-15 09:10:00,219.5,219.5,219.5,219.5,453,217.24,2492
2026-05-15 09:15:00,221.0,221.0,221.0,221.0,481,218.22,2492
2026-05-15 09:20:00,222.5,222.5,222.5,222.5,547,219.2,2492
2026-05-15 09:25:00,221.0,221.0,221.0,221.0,405,219.46,2492
2026-05-15 09:30:00,217.5,217.5,217.5,217.5,312,219.26,2492
2026-05-15 09:35:00,216.5,216.5,216.5,216.5,484,218.89,2492
2026-05-15 09:40:00,219.0,219.0,219.0,219.0,174,218.9,2492
2026-05-15 09:45:00,219.0,219.0,219.0,219.0,142,218.9,2492
2026-05-15 09:50:00,217.5,217.5,217.5,217.5,132,218.85,2492
2026-05-15 09:55:00,216.5,216.5,216.5,216.5,89,218.8,2492
2026-05-15 10:00:00,215.0,215.0,215.0,215.0,448,218.43,2492
2026-05-15 10:05:00,216.0,216.0,216.0,216.0,355,218.26,2492
2026-05-15 10:10:00,215.0,215.0,215.0,215.0,275,218.08,2492
2026-05-15 10:15:00,216.5,216.5,216.5,216.5,250,218.01,2492
2026-05-15 10:20:00,218.0,218.0,218.0,218.0,107,218.01,2492
2026-05-15 10:25:00,219.5,219.5,219.5,219.5,141,218.05,2492
2026-05-15 10:30:00,219.0,219.0,219.0,219.0,96,218.06,2492
2026-05-15 10:35:00,217.5,217.5,217.5,217.5,194,218.05,2492
2026-05-15 10:40:00,217.5,217.5,217.5,217.5,98,218.04,2492
2026-05-15 10:45:00,219.0,219.0,219.0,219.0,243,218.07,2492
2026-05-15 10:50:00,220.0,220.0,220.0,220.0,202,218.13,2492
2026-05-15 10:55:00,219.5,219.5,219.5,219.5,111,218.16,2492
2026-05-15 11:00:00,220.0,220.0,220.0,220.0,186,218.21,2492
2026-05-15 11:05:00,219.5,219.5,219.5,219.5,124,218.23,2492
2026-05-15 11:10:00,218.5,218.5,218.5,218.5,100,218.23,2492
2026-05-15 11:15:00,218.0,218.0,218.0,218.0,117,218.23,2492
2026-05-15 11:20:00,217.5,217.5,217.5,217.5,130,218.22,2492
2026-05-15 11:25:00,217.0,217.0,217.0,217.0,247,218.18,2492
2026-05-15 11:30:00,217.5,217.5,217.5,217.5,117,218.17,2492
2026-05-15 11:35:00,216.5,216.5,216.5,216.5,193,218.13,2492
2026-05-15 11:40:00,216.5,216.5,216.5,216.5,142,218.1,2492
2026-05-15 11:45:00,219.0,219.0,219.0,219.0,208,218.12,2492
2026-05-15 11:50:00,219.0,219.0,219.0,219.0,97,218.13,2492
2026-05-15 11:55:00,218.5,218.5,218.5,218.5,93,218.13,2492
2026-05-15 12:00:00,218.0,218.0,218.0,218.0,72,218.13,2492
2026-05-15 12:05:00,219.0,219.0,219.0,219.0,53,218.14,2492
2026-05-15 12:10:00,218.5,218.5,218.5,218.5,56,218.14,2492
2026-05-15 12:15:00,218.0,218.0,218.0,218.0,119,218.14,2492
2026-05-15 12:20:00,218.0,218.0,218.0,218.0,94,218.14,2492
2026-05-15 12:25:00,218.0,218.0,218.0,218.0,107,218.14,2492
2026-05-15 12:30:00,217.5,217.5,217.5,217.5,82,218.13,2492
2026-05-15 12:35:00,216.5,216.5,216.5,216.5,151,218.1,2492
2026-05-15 12:40:00,216.5,216.5,216.5,216.5,115,218.08,2492
2026-05-15 12:45:00,215.0,215.0,215.0,215.0,306,217.98,2492
2026-05-15 12:50:00,210.0,210.0,210.0,210.0,622,217.5,2492
2026-05-15 12:55:00,207.5,207.5,207.5,207.5,424,217.1,2492
2026-05-15 13:00:00,205.0,205.0,205.0,205.0,257,216.81,2492
2026-05-15 13:05:00,204.5,204.5,204.5,204.5,249,216.54,2492
2026-05-15 13:10:00,205.0,205.0,205.0,205.0,311,216.22,2492
2026-05-15 13:15:00,206.5,206.5,206.5,206.5,292,215.98,2492
2026-05-15 13:20:00,206.0,206.0,206.0,206.0,198,215.81,2492
2026-05-15 13:30:00,206.0,206.0,206.0,206.0,361,215.52,2492
2026-05-18 09:00:00,210.0,210.0,210.0,210.0,325,210.0,2492
2026-05-18 09:05:00,209.0,209.0,209.0,209.0,392,209.45,2492
2026-05-18 09:10:00,207.0,207.0,207.0,207.0,297,208.73,2492
2026-05-18 09:15:00,206.0,206.0,206.0,206.0,325,208.07,2492
2026-05-18 09:20:00,206.0,206.0,206.0,206.0,435,207.56,2492
2026-05-18 09:25:00,207.0,207.0,207.0,207.0,351,207.47,2492
2026-05-18 09:30:00,208.0,208.0,208.0,208.0,403,207.55,2492
2026-05-18 09:35:00,209.5,209.5,209.5,209.5,364,207.8,2492
2026-05-18 09:40:00,209.0,209.0,209.0,209.0,297,207.91,2492
2026-05-18 09:45:00,209.5,209.5,209.5,209.5,158,207.99,2492
2026-05-18 09:50:00,210.0,210.0,210.0,210.0,100,208.04,2492
2026-05-18 09:55:00,216.0,216.0,216.0,216.0,680,209.36,2492
2026-05-18 10:00:00,218.0,218.0,218.0,218.0,425,210.16,2492
2026-05-18 10:05:00,216.0,216.0,216.0,216.0,226,210.44,2492
2026-05-18 10:10:00,216.0,216.0,216.0,216.0,77,210.53,2492
2026-05-18 10:15:00,216.0,216.0,216.0,216.0,89,210.63,2492
2026-05-18 10:20:00,218.0,218.0,218.0,218.0,85,210.75,2492
2026-05-18 10:25:00,218.0,218.0,218.0,218.0,135,210.94,2492
2026-05-18 10:30:00,217.0,217.0,217.0,217.0,75,211.03,2492
2026-05-18 10:35:00,216.0,216.0,216.0,216.0,82,211.1,2492
2026-05-18 10:40:00,216.0,216.0,216.0,216.0,66,211.16,2492
2026-05-18 10:45:00,217.5,217.5,217.5,217.5,84,211.26,2492
2026-05-18 10:50:00,218.0,218.0,218.0,218.0,112,211.4,2492
2026-05-18 10:55:00,216.0,216.0,216.0,216.0,117,211.49,2492
2026-05-18 11:00:00,213.5,213.5,213.5,213.5,145,211.54,2492
2026-05-18 11:05:00,218.0,218.0,218.0,218.0,82,211.63,2492
2026-05-18 11:10:00,219.0,219.0,219.0,219.0,195,211.86,2492
2026-05-18 11:15:00,219.0,219.0,219.0,219.0,121,212.0,2492
2026-05-18 11:20:00,218.5,218.5,218.5,218.5,145,212.15,2492
2026-05-18 11:25:00,218.5,218.5,218.5,218.5,74,212.22,2492
2026-05-18 11:30:00,218.5,218.5,218.5,218.5,87,212.31,2492
2026-05-18 11:35:00,218.5,218.5,218.5,218.5,88,212.39,2492
2026-05-18 11:40:00,219.0,219.0,219.0,219.0,67,212.45,2492
2026-05-18 11:45:00,219.0,219.0,219.0,219.0,98,212.55,2492
2026-05-18 11:50:00,219.0,219.0,219.0,219.0,95,212.64,2492
2026-05-18 11:55:00,218.5,218.5,218.5,218.5,75,212.7,2492
2026-05-18 12:00:00,218.5,218.5,218.5,218.5,63,212.75,2492
2026-05-18 12:05:00,218.0,218.0,218.0,218.0,64,212.8,2492
2026-05-18 12:10:00,218.0,218.0,218.0,218.0,60,212.84,2492
2026-05-18 12:15:00,217.5,217.5,217.5,217.5,57,212.88,2492
2026-05-18 12:20:00,217.0,217.0,217.0,217.0,64,212.92,2492
2026-05-18 12:25:00,217.0,217.0,217.0,217.0,62,212.95,2492
2026-05-18 12:30:00,216.0,216.0,216.0,216.0,71,212.98,2492
2026-05-18 12:35:00,214.0,214.0,214.0,214.0,95,212.99,2492
2026-05-18 12:40:00,213.5,213.5,213.5,213.5,87,213.0,2492
2026-05-18 12:45:00,213.5,213.5,213.5,213.5,233,213.01,2492
2026-05-18 12:50:00,214.5,214.5,214.5,214.5,125,213.04,2492
2026-05-18 12:55:00,214.0,214.0,214.0,214.0,74,213.05,2492
2026-05-18 13:00:00,214.0,214.0,214.0,214.0,79,213.06,2492
2026-05-18 13:05:00,215.0,215.0,215.0,215.0,49,213.07,2492
2026-05-18 13:10:00,214.5,214.5,214.5,214.5,38,213.07,2492
2026-05-18 13:15:00,215.0,215.0,215.0,215.0,91,213.09,2492
2026-05-18 13:20:00,216.0,216.0,216.0,216.0,137,213.14,2492
2026-05-18 13:30:00,217.5,217.5,217.5,217.5,330,213.31,2492
2026-05-19 09:00:00,213.0,213.0,213.0,213.0,254,213.0,2492
2026-05-19 09:05:00,216.5,216.5,216.5,216.5,202,214.55,2492
2026-05-19 09:10:00,220.0,220.0,220.0,220.0,247,216.47,2492
2026-05-19 09:15:00,218.0,218.0,218.0,218.0,357,216.98,2492
2026-05-19 09:20:00,213.0,213.0,213.0,213.0,382,215.93,2492
2026-05-19 09:25:00,216.5,216.5,216.5,216.5,265,216.02,2492
2026-05-19 09:30:00,218.0,218.0,218.0,218.0,216,216.24,2492
2026-05-19 09:35:00,220.0,220.0,220.0,220.0,226,216.63,2492
2026-05-19 09:40:00,219.0,219.0,219.0,219.0,81,216.72,2492
2026-05-19 09:45:00,220.0,220.0,220.0,220.0,437,217.26,2492
2026-05-19 09:50:00,218.5,218.5,218.5,218.5,212,217.35,2492
2026-05-19 09:55:00,215.5,215.5,215.5,215.5,253,217.2,2492
2026-05-19 10:00:00,215.0,215.0,215.0,215.0,192,217.07,2492
2026-05-19 10:05:00,219.5,219.5,219.5,219.5,177,217.2,2492
2026-05-19 10:10:00,220.0,220.0,220.0,220.0,130,217.3,2492
2026-05-19 10:15:00,220.0,220.0,220.0,220.0,344,217.53,2492
2026-05-19 10:20:00,220.0,220.0,220.0,220.0,134,217.61,2492
2026-05-19 10:25:00,219.5,219.5,219.5,219.5,211,217.7,2492
2026-05-19 10:30:00,219.5,219.5,219.5,219.5,101,217.74,2492
2026-05-19 10:35:00,220.0,220.0,220.0,220.0,189,217.84,2492
2026-05-19 10:40:00,219.5,219.5,219.5,219.5,102,217.87,2492
2026-05-19 10:45:00,220.0,220.0,220.0,220.0,84,217.91,2492
2026-05-19 10:50:00,220.0,220.0,220.0,220.0,86,217.95,2492
2026-05-19 10:55:00,220.0,220.0,220.0,220.0,82,217.98,2492
2026-05-19 11:00:00,220.0,220.0,220.0,220.0,68,218.01,2492
2026-05-19 11:05:00,220.0,220.0,220.0,220.0,57,218.03,2492
2026-05-19 11:10:00,220.0,220.0,220.0,220.0,241,218.12,2492
2026-05-19 11:15:00,220.5,220.5,220.5,220.5,437,218.3,2492
2026-05-19 11:20:00,221.0,221.0,221.0,221.0,185,218.38,2492
2026-05-19 11:25:00,222.0,222.0,222.0,222.0,286,218.55,2492
2026-05-19 11:30:00,220.5,220.5,220.5,220.5,172,218.6,2492
2026-05-19 11:35:00,220.0,220.0,220.0,220.0,98,218.62,2492
2026-05-19 11:40:00,221.0,221.0,221.0,221.0,123,218.67,2492
2026-05-19 11:45:00,221.0,221.0,221.0,221.0,99,218.7,2492
2026-05-19 11:50:00,220.5,220.5,220.5,220.5,82,218.72,2492
2026-05-19 11:55:00,221.0,221.0,221.0,221.0,89,218.75,2492
2026-05-19 12:00:00,221.0,221.0,221.0,221.0,128,218.79,2492
2026-05-19 12:05:00,220.5,220.5,220.5,220.5,86,218.81,2492
2026-05-19 12:10:00,220.0,220.0,220.0,220.0,95,218.83,2492
2026-05-19 12:15:00,220.0,220.0,220.0,220.0,88,218.84,2492
2026-05-19 12:20:00,220.0,220.0,220.0,220.0,96,218.86,2492
2026-05-19 12:25:00,220.0,220.0,220.0,220.0,94,218.87,2492
2026-05-19 12:30:00,220.0,220.0,220.0,220.0,106,218.89,2492
2026-05-19 12:35:00,220.0,220.0,220.0,220.0,103,218.9,2492
2026-05-19 12:40:00,221.0,221.0,221.0,221.0,154,218.94,2492
2026-05-19 12:45:00,221.0,221.0,221.0,221.0,122,218.98,2492
2026-05-19 12:50:00,221.5,221.5,221.5,221.5,120,219.01,2492
2026-05-19 12:55:00,221.5,221.5,221.5,221.5,61,219.03,2492
2026-05-19 13:00:00,221.0,221.0,221.0,221.0,63,219.05,2492
2026-05-19 13:05:00,220.0,220.0,220.0,220.0,66,219.05,2492
2026-05-19 13:10:00,219.0,219.0,219.0,219.0,76,219.05,2492
2026-05-19 13:15:00,219.0,219.0,219.0,219.0,93,219.05,2492
2026-05-19 13:20:00,219.5,219.5,219.5,219.5,64,219.06,2492
2026-05-19 13:30:00,220.0,220.0,220.0,220.0,213,219.08,2492
2026-05-20 09:00:00,224.0,224.0,224.0,224.0,205,224.0,2492
2026-05-20 09:05:00,225.0,225.0,225.0,225.0,329,224.62,2492
2026-05-20 09:10:00,226.0,226.0,226.0,226.0,329,225.14,2492
2026-05-20 09:15:00,232.0,232.0,232.0,232.0,455,227.51,2492
2026-05-20 09:20:00,235.0,235.0,235.0,235.0,415,229.3,2492
2026-05-20 09:25:00,236.5,236.5,236.5,236.5,384,230.61,2492
2026-05-20 09:30:00,236.5,236.5,236.5,236.5,320,231.38,2492
2026-05-20 09:35:00,234.5,234.5,234.5,234.5,243,231.67,2492
2026-05-20 09:40:00,236.0,236.0,236.0,236.0,270,232.06,2492
2026-05-20 09:45:00,237.5,237.5,237.5,237.5,272,232.52,2492
2026-05-20 09:50:00,239.0,239.0,239.0,239.0,303,233.08,2492
2026-05-20 09:55:00,239.0,239.0,239.0,239.0,214,233.42,2492
2026-05-20 10:00:00,239.0,239.0,239.0,239.0,121,233.59,2492
2026-05-20 10:05:00,238.0,238.0,238.0,238.0,98,233.7,2492
2026-05-20 10:10:00,237.0,237.0,237.0,237.0,92,233.78,2492
2026-05-20 10:15:00,237.5,237.5,237.5,237.5,229,233.98,2492
2026-05-20 10:20:00,240.0,240.0,240.0,240.0,249,234.31,2492
2026-05-20 10:25:00,240.0,240.0,240.0,240.0,325,234.69,2492
2026-05-20 10:30:00,240.5,240.5,240.5,240.5,128,234.84,2492
2026-05-20 10:35:00,239.0,239.0,239.0,239.0,83,234.91,2492
2026-05-20 10:40:00,239.5,239.5,239.5,239.5,97,234.99,2492
2026-05-20 10:45:00,240.0,240.0,240.0,240.0,87,235.07,2492
2026-05-20 10:50:00,240.0,240.0,240.0,240.0,116,235.18,2492
2026-05-20 10:55:00,240.0,240.0,240.0,240.0,107,235.28,2492
2026-05-20 11:00:00,240.0,240.0,240.0,240.0,82,235.35,2492
2026-05-20 11:05:00,240.0,240.0,240.0,240.0,46,235.38,2492
2026-05-20 11:10:00,240.0,240.0,240.0,240.0,62,235.43,2492
2026-05-20 11:15:00,239.0,239.0,239.0,239.0,71,235.48,2492
2026-05-20 11:20:00,238.5,238.5,238.5,238.5,51,235.51,2492
2026-05-20 11:25:00,237.5,237.5,237.5,237.5,76,235.53,2492
2026-05-20 11:30:00,235.5,235.5,235.5,235.5,151,235.53,2492
2026-05-20 11:35:00,238.0,238.0,238.0,238.0,145,235.59,2492
2026-05-20 11:40:00,236.5,236.5,236.5,236.5,107,235.6,2492
2026-05-20 11:45:00,236.5,236.5,236.5,236.5,89,235.62,2492
2026-05-20 11:50:00,237.5,237.5,237.5,237.5,166,235.66,2492
2026-05-20 11:55:00,239.5,239.5,239.5,239.5,195,235.78,2492
2026-05-20 12:00:00,240.0,240.0,240.0,240.0,166,235.88,2492
2026-05-20 12:05:00,240.0,240.0,240.0,240.0,131,235.95,2492
2026-05-20 12:10:00,240.0,240.0,240.0,240.0,128,236.03,2492
2026-05-20 12:15:00,241.0,241.0,241.0,241.0,108,236.1,2492
2026-05-20 12:20:00,241.0,241.0,241.0,241.0,174,236.22,2492
2026-05-20 12:25:00,241.5,241.5,241.5,241.5,188,236.35,2492
2026-05-20 12:30:00,241.5,241.5,241.5,241.5,180,236.47,2492
2026-05-20 12:35:00,242.0,242.0,242.0,242.0,197,236.6,2492
2026-05-20 12:40:00,242.0,242.0,242.0,242.0,184,236.72,2492
2026-05-20 12:45:00,242.0,242.0,242.0,242.0,102,236.79,2492
2026-05-20 12:50:00,242.0,242.0,242.0,242.0,60,236.83,2492
2026-05-20 12:55:00,241.5,241.5,241.5,241.5,118,236.89,2492
2026-05-20 13:00:00,240.0,240.0,240.0,240.0,128,236.94,2492
2026-05-20 13:05:00,240.5,240.5,240.5,240.5,191,237.02,2492
2026-05-20 13:10:00,241.5,241.5,241.5,241.5,234,237.13,2492
2026-05-20 13:15:00,241.5,241.5,241.5,241.5,99,237.18,2492
2026-05-20 13:20:00,241.5,241.5,241.5,241.5,114,237.23,2492
2026-05-20 13:30:00,242.0,242.0,242.0,242.0,466,237.46,2492
2026-05-21 09:00:00,259.5,259.5,259.5,259.5,546,259.5,2492
2026-05-21 09:05:00,262.0,262.0,262.0,262.0,656,260.86,2492
2026-05-21 09:10:00,266.0,266.0,266.0,266.0,1347,263.58,2492
2026-05-21 09:15:00,263.5,263.5,263.5,263.5,263,263.57,2492
2026-05-21 09:20:00,262.0,262.0,262.0,262.0,281,263.43,2492
2026-05-21 09:25:00,261.5,261.5,261.5,261.5,238,263.29,2492
2026-05-21 09:30:00,265.0,265.0,265.0,265.0,243,263.41,2492
2026-05-21 09:35:00,266.0,266.0,266.0,266.0,1147,264.04,2492
2026-05-21 09:40:00,264.5,264.5,264.5,264.5,183,264.05,2492
2026-05-21 09:45:00,265.0,265.0,265.0,265.0,130,264.08,2492
2026-05-21 09:50:00,266.0,266.0,266.0,266.0,231,264.16,2492
2026-05-21 09:55:00,266.0,266.0,266.0,266.0,264,264.25,2492
2026-05-21 10:00:00,266.0,266.0,266.0,266.0,242,264.32,2492
2026-05-21 10:05:00,266.0,266.0,266.0,266.0,264,264.4,2492
2026-05-21 10:10:00,266.0,266.0,266.0,266.0,55,264.41,2492
2026-05-21 10:15:00,266.0,266.0,266.0,266.0,30,264.42,2492
2026-05-21 10:20:00,266.0,266.0,266.0,266.0,38,264.43,2492
2026-05-21 10:25:00,266.0,266.0,266.0,266.0,24,264.44,2492
2026-05-21 10:30:00,266.0,266.0,266.0,266.0,24,264.44,2492
2026-05-21 10:35:00,266.0,266.0,266.0,266.0,46,264.45,2492
2026-05-21 10:40:00,266.0,266.0,266.0,266.0,20,264.46,2492
2026-05-21 10:45:00,266.0,266.0,266.0,266.0,31,264.47,2492
2026-05-21 10:50:00,266.0,266.0,266.0,266.0,44,264.48,2492
2026-05-21 10:55:00,266.0,266.0,266.0,266.0,10,264.48,2492
2026-05-21 11:00:00,266.0,266.0,266.0,266.0,13,264.48,2492
2026-05-21 11:05:00,266.0,266.0,266.0,266.0,32,264.49,2492
2026-05-21 11:10:00,266.0,266.0,266.0,266.0,13,264.49,2492
2026-05-21 11:15:00,266.0,266.0,266.0,266.0,31,264.5,2492
2026-05-21 11:20:00,266.0,266.0,266.0,266.0,15,264.5,2492
2026-05-21 11:25:00,266.0,266.0,266.0,266.0,20,264.51,2492
2026-05-21 11:30:00,266.0,266.0,266.0,266.0,8,264.51,2492
2026-05-21 11:35:00,266.0,266.0,266.0,266.0,39,264.52,2492
2026-05-21 11:40:00,266.0,266.0,266.0,266.0,7,264.52,2492
2026-05-21 11:45:00,266.0,266.0,266.0,266.0,7,264.52,2492
2026-05-21 11:50:00,266.0,266.0,266.0,266.0,4,264.52,2492
2026-05-21 11:55:00,266.0,266.0,266.0,266.0,10,264.52,2492
2026-05-21 12:00:00,266.0,266.0,266.0,266.0,21,264.53,2492
2026-05-21 12:05:00,266.0,266.0,266.0,266.0,25,264.53,2492
2026-05-21 12:10:00,266.0,266.0,266.0,266.0,20,264.54,2492
2026-05-21 12:15:00,266.0,266.0,266.0,266.0,16,264.54,2492
2026-05-21 12:20:00,266.0,266.0,266.0,266.0,12,264.55,2492
2026-05-21 12:25:00,266.0,266.0,266.0,266.0,11,264.55,2492
2026-05-21 12:30:00,266.0,266.0,266.0,266.0,13,264.55,2492
2026-05-21 12:35:00,266.0,266.0,266.0,266.0,7,264.55,2492
2026-05-21 12:40:00,266.0,266.0,266.0,266.0,19,264.56,2492
2026-05-21 12:45:00,266.0,266.0,266.0,266.0,17,264.56,2492
2026-05-21 12:50:00,266.0,266.0,266.0,266.0,6,264.56,2492
2026-05-21 12:55:00,266.0,266.0,266.0,266.0,23,264.57,2492
2026-05-21 13:00:00,266.0,266.0,266.0,266.0,21,264.57,2492
2026-05-21 13:05:00,266.0,266.0,266.0,266.0,31,264.58,2492
2026-05-21 13:10:00,266.0,266.0,266.0,266.0,7,264.58,2492
2026-05-21 13:15:00,266.0,266.0,266.0,266.0,39,264.59,2492
2026-05-21 13:20:00,266.0,266.0,266.0,266.0,55,264.6,2492
2026-05-21 13:30:00,266.0,266.0,266.0,266.0,46,264.61,2492
2026-05-22 09:00:00,280.5,280.5,280.5,280.5,913,280.5,2492
2026-05-22 09:05:00,281.0,281.0,281.0,281.0,542,280.69,2492
2026-05-22 09:10:00,281.0,281.0,281.0,281.0,518,280.77,2492
2026-05-22 09:15:00,281.5,281.5,281.5,281.5,488,280.91,2492
2026-05-22 09:20:00,281.5,281.5,281.5,281.5,387,280.99,2492
2026-05-22 09:25:00,285.5,285.5,285.5,285.5,465,281.63,2492
2026-05-22 09:30:00,287.5,287.5,287.5,287.5,515,282.42,2492
2026-05-22 09:35:00,285.0,285.0,285.0,285.0,383,282.65,2492
2026-05-22 09:40:00,283.0,283.0,283.0,283.0,248,282.67,2492
2026-05-22 09:45:00,283.5,283.5,283.5,283.5,180,282.7,2492
2026-05-22 09:50:00,286.0,286.0,286.0,286.0,149,282.81,2492
2026-05-22 09:55:00,287.5,287.5,287.5,287.5,157,282.95,2492
2026-05-22 10:00:00,288.0,288.0,288.0,288.0,278,283.22,2492
2026-05-22 10:05:00,289.0,289.0,289.0,289.0,171,283.41,2492
2026-05-22 10:10:00,289.5,289.5,289.5,289.5,227,283.65,2492
2026-05-22 10:15:00,290.0,290.0,290.0,290.0,289,283.96,2492
2026-05-22 10:20:00,292.0,292.0,292.0,292.0,368,284.43,2492
2026-05-22 10:25:00,292.0,292.0,292.0,292.0,309,284.79,2492
2026-05-22 10:30:00,292.5,292.5,292.5,292.5,181,284.99,2492
2026-05-22 10:35:00,292.5,292.5,292.5,292.5,314,285.33,2492
2026-05-22 10:40:00,292.0,292.0,292.0,292.0,206,285.52,2492
2026-05-22 10:45:00,292.0,292.0,292.0,292.0,113,285.62,2492
2026-05-22 10:50:00,292.0,292.0,292.0,292.0,142,285.74,2492
2026-05-22 10:55:00,292.0,292.0,292.0,292.0,90,285.81,2492
2026-05-22 11:00:00,292.0,292.0,292.0,292.0,84,285.88,2492
2026-05-22 11:05:00,292.0,292.0,292.0,292.0,157,286.0,2492
2026-05-22 11:10:00,292.5,292.5,292.5,292.5,580,286.44,2492
2026-05-22 11:15:00,292.5,292.5,292.5,292.5,374,286.7,2492
2026-05-22 11:20:00,292.5,292.5,292.5,292.5,124,286.78,2492
2026-05-22 11:25:00,292.5,292.5,292.5,292.5,98,286.84,2492
2026-05-22 11:30:00,292.5,292.5,292.5,292.5,74,286.89,2492
2026-05-22 11:35:00,292.5,292.5,292.5,292.5,71,286.93,2492
2026-05-22 11:40:00,292.5,292.5,292.5,292.5,63,286.97,2492
2026-05-22 11:45:00,292.5,292.5,292.5,292.5,66,287.01,2492
2026-05-22 11:50:00,292.5,292.5,292.5,292.5,58,287.04,2492
2026-05-22 11:55:00,292.5,292.5,292.5,292.5,56,287.08,2492
2026-05-22 12:00:00,292.5,292.5,292.5,292.5,104,287.14,2492
2026-05-22 12:05:00,292.5,292.5,292.5,292.5,96,287.19,2492
2026-05-22 12:10:00,292.5,292.5,292.5,292.5,582,287.49,2492
2026-05-22 12:15:00,292.5,292.5,292.5,292.5,43,287.51,2492
2026-05-22 12:20:00,292.5,292.5,292.5,292.5,71,287.55,2492
2026-05-22 12:25:00,292.5,292.5,292.5,292.5,20,287.56,2492
2026-05-22 12:30:00,292.5,292.5,292.5,292.5,41,287.58,2492
2026-05-22 12:35:00,292.5,292.5,292.5,292.5,94,287.62,2492
2026-05-22 12:40:00,292.5,292.5,292.5,292.5,42,287.64,2492
2026-05-22 12:45:00,292.5,292.5,292.5,292.5,6,287.64,2492
2026-05-22 12:50:00,292.5,292.5,292.5,292.5,12,287.65,2492
2026-05-22 12:55:00,292.5,292.5,292.5,292.5,12,287.65,2492
2026-05-22 13:00:00,292.5,292.5,292.5,292.5,22,287.66,2492
2026-05-22 13:05:00,292.5,292.5,292.5,292.5,13,287.67,2492
2026-05-22 13:10:00,292.5,292.5,292.5,292.5,16,287.68,2492
2026-05-22 13:15:00,292.5,292.5,292.5,292.5,26,287.69,2492
2026-05-22 13:20:00,292.5,292.5,292.5,292.5,18,287.7,2492
2026-05-22 13:30:00,292.5,292.5,292.5,292.5,91,287.74,2492
2026-05-25 09:00:00,306.0,306.0,306.0,306.0,678,306.0,2492
2026-05-25 09:05:00,315.5,315.5,315.5,315.5,425,309.66,2492
2026-05-25 09:10:00,315.5,315.5,315.5,315.5,577,311.67,2492
2026-05-25 09:15:00,316.5,316.5,316.5,316.5,409,312.61,2492
2026-05-25 09:20:00,320.0,320.0,320.0,320.0,365,313.71,2492
2026-05-25 09:25:00,320.5,320.5,320.5,320.5,275,314.4,2492
2026-05-25 09:30:00,320.5,320.5,320.5,320.5,214,314.84,2492
2026-05-25 09:35:00,320.0,320.0,320.0,320.0,279,315.29,2492
2026-05-25 09:40:00,321.0,321.0,321.0,321.0,373,315.88,2492
2026-05-25 09:45:00,321.5,321.5,321.5,321.5,125,316.07,2492
2026-05-25 09:50:00,321.5,321.5,321.5,321.5,232,316.39,2492
2026-05-25 09:55:00,321.5,321.5,321.5,321.5,273,316.72,2492
2026-05-25 10:00:00,321.5,321.5,321.5,321.5,111,316.84,2492
2026-05-25 10:05:00,321.5,321.5,321.5,321.5,67,316.91,2492
2026-05-25 10:10:00,321.5,321.5,321.5,321.5,111,317.02,2492
2026-05-25 10:15:00,321.5,321.5,321.5,321.5,80,317.1,2492
2026-05-25 10:20:00,321.5,321.5,321.5,321.5,95,317.19,2492
2026-05-25 10:25:00,321.5,321.5,321.5,321.5,97,317.28,2492
2026-05-25 10:30:00,321.5,321.5,321.5,321.5,124,317.38,2492
2026-05-25 10:35:00,321.5,321.5,321.5,321.5,178,317.53,2492
2026-05-25 10:40:00,321.5,321.5,321.5,321.5,18,317.54,2492
2026-05-25 10:45:00,321.5,321.5,321.5,321.5,23,317.56,2492
2026-05-25 10:50:00,321.5,321.5,321.5,321.5,25,317.58,2492
2026-05-25 10:55:00,321.5,321.5,321.5,321.5,23,317.6,2492
2026-05-25 11:00:00,321.5,321.5,321.5,321.5,9,317.6,2492
2026-05-25 11:05:00,321.5,321.5,321.5,321.5,6,317.61,2492
2026-05-25 11:10:00,321.5,321.5,321.5,321.5,10,317.62,2492
2026-05-25 11:15:00,321.5,321.5,321.5,321.5,18,317.63,2492
2026-05-25 11:20:00,321.5,321.5,321.5,321.5,12,317.64,2492
2026-05-25 11:25:00,321.5,321.5,321.5,321.5,6,317.64,2492
2026-05-25 11:30:00,321.5,321.5,321.5,321.5,10,317.65,2492
2026-05-25 11:35:00,321.5,321.5,321.5,321.5,6,317.65,2492
2026-05-25 11:40:00,321.5,321.5,321.5,321.5,13,317.66,2492
2026-05-25 11:45:00,321.5,321.5,321.5,321.5,3,317.67,2492
2026-05-25 11:50:00,321.5,321.5,321.5,321.5,3,317.67,2492
2026-05-25 11:55:00,321.5,321.5,321.5,321.5,5,317.67,2492
2026-05-25 12:00:00,321.5,321.5,321.5,321.5,2,317.67,2492
2026-05-25 12:05:00,321.5,321.5,321.5,321.5,12,317.68,2492
2026-05-25 12:10:00,321.5,321.5,321.5,321.5,5,317.69,2492
2026-05-25 12:15:00,321.5,321.5,321.5,321.5,20,317.7,2492
2026-05-25 12:20:00,321.5,321.5,321.5,321.5,6,317.7,2492
2026-05-25 12:25:00,321.5,321.5,321.5,321.5,38,317.73,2492
2026-05-25 12:30:00,321.5,321.5,321.5,321.5,2,317.73,2492
2026-05-25 12:35:00,321.5,321.5,321.5,321.5,9,317.74,2492
2026-05-25 12:40:00,321.5,321.5,321.5,321.5,6,317.74,2492
2026-05-25 12:45:00,321.5,321.5,321.5,321.5,8,317.75,2492
2026-05-25 12:50:00,321.5,321.5,321.5,321.5,6,317.75,2492
2026-05-25 12:55:00,321.5,321.5,321.5,321.5,20,317.77,2492
2026-05-25 13:00:00,321.5,321.5,321.5,321.5,3,317.77,2492
2026-05-25 13:05:00,321.5,321.5,321.5,321.5,7,317.77,2492
2026-05-25 13:10:00,321.5,321.5,321.5,321.5,10,317.78,2492
2026-05-25 13:15:00,321.5,321.5,321.5,321.5,12,317.79,2492
2026-05-25 13:20:00,321.5,321.5,321.5,321.5,144,317.88,2492
2026-05-25 13:30:00,321.5,321.5,321.5,321.5,68,317.93,2492
2026-05-26 09:00:00,303.0,303.0,303.0,303.0,674,303.0,2492
2026-05-26 09:05:00,300.0,300.0,300.0,300.0,479,301.75,2492
2026-05-26 09:10:00,296.0,296.0,296.0,296.0,472,300.08,2492
2026-05-26 09:15:00,289.5,289.5,289.5,289.5,1017,296.01,2492
2026-05-26 09:20:00,296.5,296.5,296.5,296.5,483,296.08,2492
2026-05-26 09:25:00,298.0,298.0,298.0,298.0,556,296.37,2492
2026-05-26 09:30:00,298.5,298.5,298.5,298.5,577,296.66,2492
2026-05-26 09:35:00,292.5,292.5,292.5,292.5,653,296.11,2492
2026-05-26 09:40:00,294.5,294.5,294.5,294.5,301,296.02,2492
2026-05-26 09:45:00,295.5,295.5,295.5,295.5,454,295.97,2492
2026-05-26 09:50:00,298.5,298.5,298.5,298.5,273,296.09,2492
2026-05-26 09:55:00,298.5,298.5,298.5,298.5,270,296.2,2492
2026-05-26 10:00:00,299.0,299.0,299.0,299.0,213,296.29,2492
2026-05-26 10:05:00,303.5,303.5,303.5,303.5,360,296.67,2492
2026-05-26 10:10:00,310.0,310.0,310.0,310.0,270,297.18,2492
2026-05-26 10:15:00,313.0,313.0,313.0,313.0,306,297.84,2492
2026-05-26 10:20:00,311.0,311.0,311.0,311.0,371,298.47,2492
2026-05-26 10:25:00,310.0,310.0,310.0,310.0,197,298.76,2492
2026-05-26 10:30:00,314.5,314.5,314.5,314.5,171,299.09,2492
2026-05-26 10:35:00,312.0,312.0,312.0,312.0,174,299.36,2492
2026-05-26 10:40:00,311.0,311.0,311.0,311.0,110,299.51,2492
2026-05-26 10:45:00,310.0,310.0,310.0,310.0,99,299.64,2492
2026-05-26 10:50:00,303.5,303.5,303.5,303.5,303,299.77,2492
2026-05-26 10:55:00,308.0,308.0,308.0,308.0,108,299.87,2492
2026-05-26 11:00:00,308.0,308.0,308.0,308.0,65,299.93,2492
2026-05-26 11:05:00,308.5,308.5,308.5,308.5,39,299.97,2492
2026-05-26 11:10:00,309.0,309.0,309.0,309.0,80,300.05,2492
2026-05-26 11:15:00,311.0,311.0,311.0,311.0,129,300.2,2492
2026-05-26 11:20:00,314.0,314.0,314.0,314.0,116,300.37,2492
2026-05-26 11:25:00,314.5,314.5,314.5,314.5,109,300.53,2492
2026-05-26 11:30:00,314.5,314.5,314.5,314.5,123,300.71,2492
2026-05-26 11:35:00,315.5,315.5,315.5,315.5,124,300.9,2492
2026-05-26 11:40:00,317.0,317.0,317.0,317.0,128,301.11,2492
2026-05-26 11:45:00,317.0,317.0,317.0,317.0,193,301.42,2492
2026-05-26 11:50:00,315.5,315.5,315.5,315.5,118,301.58,2492
2026-05-26 11:55:00,317.0,317.0,317.0,317.0,154,301.82,2492
2026-05-26 12:00:00,318.0,318.0,318.0,318.0,151,302.05,2492
2026-05-26 12:05:00,321.0,321.0,321.0,321.0,158,302.33,2492
2026-05-26 12:10:00,325.0,325.0,325.0,325.0,158,302.67,2492
2026-05-26 12:15:00,329.5,329.5,329.5,329.5,170,303.09,2492
2026-05-26 12:20:00,328.5,328.5,328.5,328.5,258,303.67,2492
2026-05-26 12:25:00,328.0,328.0,328.0,328.0,155,304.01,2492
2026-05-26 12:30:00,326.0,326.0,326.0,326.0,160,304.31,2492
2026-05-26 12:35:00,328.0,328.0,328.0,328.0,176,304.67,2492
2026-05-26 12:40:00,329.5,329.5,329.5,329.5,192,305.07,2492
2026-05-26 12:45:00,330.0,330.0,330.0,330.0,264,305.62,2492
2026-05-26 12:50:00,330.0,330.0,330.0,330.0,118,305.85,2492
2026-05-26 12:55:00,329.0,329.0,329.0,329.0,158,306.15,2492
2026-05-26 13:00:00,328.0,328.0,328.0,328.0,101,306.32,2492
2026-05-26 13:05:00,325.0,325.0,325.0,325.0,190,306.6,2492
2026-05-26 13:10:00,327.0,327.0,327.0,327.0,128,306.81,2492
2026-05-26 13:15:00,328.0,328.0,328.0,328.0,144,307.04,2492
2026-05-26 13:20:00,328.5,328.5,328.5,328.5,156,307.3,2492
2026-05-26 13:30:00,328.5,328.5,328.5,328.5,394,307.92,2492
2026-05-27 09:00:00,345.0,345.0,345.0,345.0,264,345.0,2492
2026-05-27 09:20:00,356.0,356.0,356.0,356.0,429,351.81,2492
2026-05-27 09:40:00,358.0,358.0,358.0,358.0,912,355.33,2492
2026-05-27 10:00:00,354.0,354.0,354.0,354.0,606,354.96,2492
2026-05-27 10:20:00,359.0,359.0,359.0,359.0,516,355.73,2492
2026-05-27 10:40:00,359.0,359.0,359.0,359.0,165,355.91,2492
2026-05-27 11:00:00,360.0,360.0,360.0,360.0,191,356.17,2492
2026-05-27 11:20:00,360.0,360.0,360.0,360.0,285,356.49,2492
2026-05-27 11:40:00,361.0,361.0,361.0,361.0,389,356.96,2492
2026-05-27 12:00:00,361.0,361.0,361.0,361.0,280,357.24,2492
2026-05-27 12:20:00,355.0,355.0,355.0,355.0,252,357.11,2492
2026-05-27 12:40:00,358.5,358.5,358.5,358.5,220,357.17,2492
2026-05-27 13:00:00,360.0,360.0,360.0,360.0,140,357.26,2492
2026-05-27 13:20:00,361.0,361.0,361.0,361.0,236,357.44,2492
2026-05-27 13:30:00,361.0,361.0,361.0,361.0,219,357.59,2492
2026-05-28 09:00:00,355.0,355.0,355.0,355.0,123,355.0,2492
2026-05-28 09:20:00,388.0,388.0,388.0,388.0,492,381.4,2492
2026-05-28 09:40:00,385.0,385.0,385.0,385.0,453,382.93,2492
2026-05-28 10:00:00,395.0,395.0,395.0,395.0,455,386.53,2492
2026-05-28 10:20:00,394.0,394.0,394.0,394.0,434,388.19,2492
2026-05-28 10:40:00,395.0,395.0,395.0,395.0,370,389.27,2492
2026-05-28 11:00:00,397.0,397.0,397.0,397.0,764,391.18,2492
2026-05-28 11:20:00,396.5,396.5,396.5,396.5,371,391.75,2492
2026-05-28 11:40:00,388.0,388.0,388.0,388.0,416,391.35,2492
2026-05-28 12:00:00,390.0,390.0,390.0,390.0,298,391.25,2492
2026-05-28 12:20:00,388.0,388.0,388.0,388.0,268,391.06,2492
2026-05-28 12:40:00,388.0,388.0,388.0,388.0,476,390.76,2492
2026-05-28 13:00:00,385.0,385.0,385.0,385.0,254,390.48,2492
2026-05-28 13:20:00,389.0,389.0,389.0,389.0,372,390.38,2492
2026-05-28 13:30:00,390.0,390.0,390.0,390.0,269,390.36,2492
2026-05-29 09:00:00,410.0,410.0,410.0,410.0,192,410.0,2492
2026-05-29 09:20:00,411.5,411.5,411.5,411.5,413,411.02,2492
2026-05-29 09:40:00,389.0,389.0,389.0,389.0,256,404.48,2492
2026-05-29 10:00:00,384.0,384.0,384.0,384.0,535,396.63,2492
2026-05-29 10:20:00,390.0,390.0,390.0,390.0,245,395.64,2492
2026-05-29 10:40:00,389.5,389.5,389.5,389.5,249,394.83,2492
2026-05-29 11:00:00,389.5,389.5,389.5,389.5,261,394.18,2492
2026-05-29 11:20:00,390.0,390.0,390.0,390.0,326,393.63,2492
2026-05-29 11:40:00,393.0,393.0,393.0,393.0,136,393.6,2492
2026-05-29 12:00:00,393.0,393.0,393.0,393.0,194,393.56,2492
2026-05-29 12:20:00,399.5,399.5,399.5,399.5,352,394.22,2492
2026-05-29 12:40:00,391.0,391.0,391.0,391.0,227,394.0,2492
2026-05-29 13:00:00,390.0,390.0,390.0,390.0,299,393.68,2492
2026-05-29 13:20:00,397.0,397.0,397.0,397.0,272,393.91,2492
2026-05-29 13:30:00,394.0,394.0,394.0,394.0,349,393.92,2492
2026-06-01 09:00:00,408.0,408.0,408.0,408.0,165,408.0,2492
2026-06-01 09:20:00,420.0,420.0,420.0,420.0,694,417.69,2492
2026-06-01 09:40:00,430.0,430.0,430.0,430.0,468,422.03,2492
2026-06-01 10:00:00,432.5,432.5,432.5,432.5,447,424.67,2492
2026-06-01 10:20:00,433.0,433.0,433.0,433.0,487,426.47,2492
2026-06-01 10:40:00,433.0,433.0,433.0,433.0,509,427.67,2492
2026-06-01 11:00:00,428.0,428.0,428.0,428.0,250,427.69,2492
2026-06-01 11:20:00,433.0,433.0,433.0,433.0,247,428.1,2492
2026-06-01 11:40:00,430.0,430.0,430.0,430.0,218,428.21,2492
2026-06-01 12:00:00,430.0,430.0,430.0,430.0,240,428.33,2492
2026-06-01 12:20:00,432.0,432.0,432.0,432.0,165,428.48,2492
2026-06-01 12:40:00,432.0,432.0,432.0,432.0,152,428.62,2492
2026-06-01 13:00:00,432.0,432.0,432.0,432.0,184,428.76,2492
2026-06-01 13:20:00,413.0,413.0,413.0,413.0,346,427.57,2492
2026-06-01 13:30:00,416.0,416.0,416.0,416.0,254,426.96,2492
2026-06-02 09:00:00,391.0,391.0,391.0,391.0,220,391.0,2492
2026-06-02 09:20:00,376.0,376.0,376.0,376.0,1236,378.27,2492
2026-06-02 09:40:00,383.0,383.0,383.0,383.0,687,379.78,2492
2026-06-02 10:00:00,375.0,375.0,375.0,375.0,826,378.45,2492
2026-06-02 10:20:00,374.5,374.5,374.5,374.5,1022,377.44,2492
2026-06-02 10:40:00,382.0,382.0,382.0,382.0,568,378.01,2492
2026-06-02 11:00:00,380.0,380.0,380.0,380.0,437,378.18,2492
2026-06-02 11:20:00,375.0,375.0,375.0,375.0,449,377.92,2492
2026-06-02 11:40:00,375.0,375.0,375.0,375.0,439,377.7,2492
2026-06-02 12:00:00,376.0,376.0,376.0,376.0,229,377.64,2492
2026-06-02 12:20:00,382.5,382.5,382.5,382.5,320,377.88,2492
2026-06-02 12:45:00,410.0,410.0,410.0,410.0,465,380.05,2492
2026-06-02 13:05:00,422.0,422.0,422.0,422.0,317,381.89,2492
2026-06-02 13:30:00,456.0,456.0,456.0,456.0,1352,393.58,2492
2026-06-03 09:00:00,446.0,446.0,446.0,446.0,131,446.0,2492
2026-06-03 09:20:00,450.5,450.5,450.5,450.5,305,449.15,2492
2026-06-03 09:40:00,439.5,439.5,439.5,439.5,274,445.42,2492
2026-06-03 10:00:00,435.0,435.0,435.0,435.0,250,442.71,2492
2026-06-03 10:20:00,424.0,424.0,424.0,424.0,300,438.26,2492
2026-06-03 10:40:00,423.0,423.0,423.0,423.0,205,436.12,2492
2026-06-03 11:00:00,427.0,427.0,427.0,427.0,143,435.31,2492
2026-06-03 11:20:00,430.0,430.0,430.0,430.0,103,434.99,2492
2026-06-03 11:40:00,430.0,430.0,430.0,430.0,187,434.5,2492
2026-06-03 12:00:00,423.5,423.5,423.5,423.5,160,433.64,2492
2026-06-03 12:20:00,423.0,423.0,423.0,423.0,192,432.73,2492
2026-06-03 12:40:00,422.5,422.5,422.5,422.5,251,431.71,2492
2026-06-03 13:00:00,422.0,422.0,422.0,422.0,249,430.83,2492
2026-06-03 13:20:00,424.0,424.0,424.0,424.0,256,430.25,2492
2026-06-03 13:30:00,423.0,423.0,423.0,423.0,201,429.79,2492
2026-06-04 09:00:00,392.0,392.0,392.0,392.0,267,392.0,2492
2026-06-04 09:20:00,405.0,405.0,405.0,405.0,306,398.94,2492
2026-06-04 09:40:00,402.0,402.0,402.0,402.0,163,399.62,2492
2026-06-04 10:00:00,398.0,398.0,398.0,398.0,339,399.11,2492
2026-06-04 10:20:00,400.0,400.0,400.0,400.0,209,399.25,2492
2026-06-04 10:40:00,400.0,400.0,400.0,400.0,173,399.34,2492
2026-06-04 11:00:00,400.5,400.5,400.5,400.5,210,399.49,2492
2026-06-04 11:20:00,403.0,403.0,403.0,403.0,165,399.8,2492
2026-06-04 11:40:00,404.0,404.0,404.0,404.0,147,400.12,2492
2026-06-04 12:00:00,404.0,404.0,404.0,404.0,91,400.29,2492
2026-06-04 12:20:00,404.0,404.0,404.0,404.0,101,400.46,2492
2026-06-04 12:40:00,404.0,404.0,404.0,404.0,106,400.62,2492
2026-06-04 13:00:00,404.5,404.5,404.5,404.5,129,400.83,2492
2026-06-04 13:20:00,395.0,395.0,395.0,395.0,242,400.3,2492
2026-06-04 13:30:00,392.0,392.0,392.0,392.0,273,399.52,2492
2026-06-05 09:00:00,374.0,374.0,374.0,374.0,202,374.0,2492
2026-06-05 09:20:00,353.5,353.5,353.5,353.5,482,359.55,2492
2026-06-05 09:40:00,362.0,362.0,362.0,362.0,391,360.44,2492
2026-06-05 10:00:00,393.0,393.0,393.0,393.0,331,368.11,2492
2026-06-05 10:25:00,422.0,422.0,422.0,422.0,468,381.57,2492
2026-06-05 10:45:00,418.0,418.0,418.0,418.0,346,387.25,2492
2026-06-05 11:05:00,418.0,418.0,418.0,418.0,176,389.5,2492
2026-06-05 11:25:00,418.0,418.0,418.0,418.0,187,391.57,2492
2026-06-05 11:45:00,416.0,416.0,416.0,416.0,421,394.99,2492
2026-06-05 12:05:00,405.0,405.0,405.0,405.0,198,395.61,2492
2026-06-05 12:25:00,411.0,411.0,411.0,411.0,204,396.53,2492
2026-06-05 12:45:00,415.0,415.0,415.0,415.0,320,398.12,2492
2026-06-05 13:05:00,416.0,416.0,416.0,416.0,255,399.26,2492
2026-06-05 13:30:00,416.0,416.0,416.0,416.0,298,400.43,2492
2026-06-08 09:00:00,374.5,374.5,374.5,374.5,263,374.5,2492
2026-06-08 09:20:00,374.5,374.5,374.5,374.5,583,374.5,2492
2026-06-08 09:40:00,374.5,374.5,374.5,374.5,367,374.5,2492
2026-06-08 10:00:00,385.5,385.5,385.5,385.5,90,375.26,2492
2026-06-08 10:20:00,396.0,396.0,396.0,396.0,235,378.43,2492
2026-06-08 10:40:00,395.0,395.0,395.0,395.0,204,380.37,2492
2026-06-08 11:00:00,398.0,398.0,398.0,398.0,162,381.87,2492
2026-06-08 11:20:00,395.5,395.5,395.5,395.5,134,382.77,2492
2026-06-08 11:40:00,407.0,407.0,407.0,407.0,168,384.61,2492
2026-06-08 12:00:00,412.0,412.0,412.0,412.0,160,386.46,2492
2026-06-08 12:20:00,410.0,410.0,410.0,410.0,139,387.77,2492
2026-06-08 12:40:00,399.0,399.0,399.0,399.0,149,388.4,2492
2026-06-08 13:00:00,400.0,400.0,400.0,400.0,154,389.04,2492
2026-06-08 13:20:00,401.0,401.0,401.0,401.0,149,389.64,2492
2026-06-08 13:30:00,400.0,400.0,400.0,400.0,158,390.16,2492
2026-06-09 09:00:00,410.5,410.5,410.5,410.5,92,410.5,2492
2026-06-09 09:20:00,414.5,414.5,414.5,414.5,265,413.47,2492
2026-06-09 09:40:00,430.0,430.0,430.0,430.0,546,423.46,2492
2026-06-09 10:00:00,430.0,430.0,430.0,430.0,491,425.77,2492
2026-06-09 10:20:00,435.0,435.0,435.0,435.0,372,427.71,2492
2026-06-09 10:40:00,439.5,439.5,439.5,439.5,301,429.43,2492
2026-06-09 11:00:00,440.0,440.0,440.0,440.0,391,431.11,2492
2026-06-09 11:20:00,440.0,440.0,440.0,440.0,498,432.61,2492
2026-06-09 11:40:00,440.0,440.0,440.0,440.0,637,433.92,2492
2026-06-09 12:00:00,440.0,440.0,440.0,440.0,82,434.05,2492
2026-06-09 12:20:00,440.0,440.0,440.0,440.0,60,434.15,2492
2026-06-09 12:40:00,440.0,440.0,440.0,440.0,57,434.24,2492
2026-06-09 13:00:00,440.0,440.0,440.0,440.0,41,434.3,2492
2026-06-09 13:20:00,440.0,440.0,440.0,440.0,36,434.35,2492
2026-06-09 13:30:00,440.0,440.0,440.0,440.0,41,434.41,2492
2026-06-10 09:00:00,450.0,450.0,450.0,450.0,509,450.0,2492
2026-06-10 09:20:00,480.0,480.0,480.0,480.0,735,467.73,2492
2026-06-10 09:40:00,482.5,482.5,482.5,482.5,595,472.51,2492
2026-06-10 10:00:00,478.5,478.5,478.5,478.5,356,473.48,2492
2026-06-10 10:20:00,478.5,478.5,478.5,478.5,411,474.27,2492
2026-06-10 10:40:00,470.0,470.0,470.0,470.0,414,473.68,2492
2026-06-10 11:00:00,464.5,464.5,464.5,464.5,199,473.12,2492
2026-06-10 11:20:00,468.0,468.0,468.0,468.0,183,472.84,2492
2026-06-10 11:40:00,466.0,466.0,466.0,466.0,136,472.58,2492
2026-06-10 12:00:00,457.0,457.0,457.0,457.0,157,471.92,2492
2026-06-10 12:25:00,435.0,435.0,435.0,435.0,294,469.2,2492
2026-06-10 12:45:00,419.0,419.0,419.0,419.0,339,465.26,2492
2026-06-10 13:05:00,420.0,420.0,420.0,420.0,239,462.9,2492
2026-06-10 13:30:00,407.5,407.5,407.5,407.5,402,458.41,2492
2026-06-11 09:00:00,408.0,408.0,408.0,408.0,196,408.0,2492
2026-06-11 09:20:00,398.0,398.0,398.0,398.0,261,402.29,2492
2026-06-11 09:40:00,386.5,386.5,386.5,386.5,264,396.51,2492
2026-06-11 10:00:00,377.0,377.0,377.0,377.0,307,390.68,2492
2026-06-11 10:20:00,371.5,371.5,371.5,371.5,389,385.42,2492
2026-06-11 10:40:00,373.0,373.0,373.0,373.0,426,382.55,2492
2026-06-11 11:00:00,378.0,378.0,378.0,378.0,249,382.01,2492
2026-06-11 11:20:00,373.5,373.5,373.5,373.5,309,380.91,2492
2026-06-11 11:40:00,383.0,383.0,383.0,383.0,213,381.08,2492
2026-06-11 12:00:00,392.5,392.5,392.5,392.5,241,382.04,2492
2026-06-11 12:20:00,395.0,395.0,395.0,395.0,191,382.86,2492
2026-06-11 12:40:00,412.5,412.5,412.5,412.5,299,385.51,2492
2026-06-11 13:00:00,415.0,415.0,415.0,415.0,244,387.51,2492
2026-06-11 13:20:00,416.0,416.0,416.0,416.0,229,389.22,2492
2026-06-11 13:30:00,417.5,417.5,417.5,417.5,140,390.22,2492
2026-06-12 09:00:00,457.5,457.5,457.5,457.5,194,457.5,2492
2026-06-12 09:20:00,440.0,440.0,440.0,440.0,439,445.36,2492
2026-06-12 09:40:00,427.0,427.0,427.0,427.0,175,441.39,2492
2026-06-12 10:00:00,440.0,440.0,440.0,440.0,256,441.05,2492
2026-06-12 10:20:00,441.0,441.0,441.0,441.0,304,441.04,2492
2026-06-12 10:40:00,441.0,441.0,441.0,441.0,198,441.04,2492
2026-06-12 11:00:00,440.0,440.0,440.0,440.0,224,440.91,2492
2026-06-12 11:20:00,433.0,433.0,433.0,433.0,186,440.16,2492
2026-06-12 11:40:00,430.0,430.0,430.0,430.0,261,438.98,2492
2026-06-12 12:00:00,420.0,420.0,420.0,420.0,172,437.62,2492
2026-06-12 12:20:00,425.0,425.0,425.0,425.0,189,436.7,2492
2026-06-12 12:40:00,420.5,420.5,420.5,420.5,316,434.95,2492
2026-06-12 13:00:00,417.0,417.0,417.0,417.0,274,433.4,2492
2026-06-12 13:20:00,411.0,411.0,411.0,411.0,386,430.98,2492
2026-06-12 13:30:00,409.0,409.0,409.0,409.0,446,428.55,2492
2026-06-15 09:00:00,445.0,445.0,445.0,445.0,250,445.0,2492
2026-06-15 09:20:00,446.0,446.0,446.0,446.0,459,445.65,2492
2026-06-15 09:40:00,449.5,449.5,449.5,449.5,1115,448.0,2492
2026-06-15 10:00:00,449.5,449.5,449.5,449.5,189,448.14,2492
2026-06-15 10:20:00,449.5,449.5,449.5,449.5,54,448.18,2492
2026-06-15 10:40:00,449.5,449.5,449.5,449.5,53,448.21,2492
2026-06-15 11:00:00,449.5,449.5,449.5,449.5,34,448.23,2492
2026-06-15 11:20:00,449.5,449.5,449.5,449.5,33,448.25,2492
2026-06-15 11:40:00,449.5,449.5,449.5,449.5,35,448.27,2492
2026-06-15 12:00:00,449.5,449.5,449.5,449.5,43,448.29,2492
2026-06-15 12:20:00,449.5,449.5,449.5,449.5,20,448.3,2492
2026-06-15 12:40:00,449.5,449.5,449.5,449.5,26,448.32,2492
2026-06-15 13:00:00,449.5,449.5,449.5,449.5,21,448.33,2492
2026-06-15 13:20:00,449.5,449.5,449.5,449.5,34,448.35,2492
2026-06-15 13:30:00,449.5,449.5,449.5,449.5,24,448.36,2492
2026-06-16 09:00:00,460.0,460.0,460.0,460.0,387,460.0,2492
2026-06-16 09:20:00,480.0,480.0,480.0,480.0,622,472.33,2492
2026-06-16 09:40:00,493.5,493.5,493.5,493.5,845,481.98,2492
2026-06-16 10:00:00,494.0,494.0,494.0,494.0,939,486.02,2492
2026-06-16 10:20:00,480.5,480.5,480.5,480.5,559,485.1,2492
2026-06-16 10:40:00,491.5,491.5,491.5,491.5,405,485.79,2492
2026-06-16 11:00:00,494.0,494.0,494.0,494.0,534,486.81,2492
2026-06-16 11:20:00,494.0,494.0,494.0,494.0,466,487.52,2492
2026-06-16 11:40:00,494.0,494.0,494.0,494.0,1020,488.66,2492
2026-06-16 12:00:00,494.0,494.0,494.0,494.0,85,488.74,2492
2026-06-16 12:20:00,494.0,494.0,494.0,494.0,94,488.82,2492
2026-06-16 12:40:00,494.0,494.0,494.0,494.0,106,488.91,2492
2026-06-16 13:00:00,494.0,494.0,494.0,494.0,138,489.02,2492
2026-06-16 13:20:00,494.0,494.0,494.0,494.0,251,489.22,2492
2026-06-16 13:30:00,494.0,494.0,494.0,494.0,122,489.31,2492
2026-06-17 09:00:00,487.5,487.5,487.5,487.5,198,487.5,2492
2026-06-17 09:20:00,498.0,498.0,498.0,498.0,257,493.43,2492
2026-06-17 09:40:00,520.0,520.0,520.0,520.0,716,509.68,2492
2026-06-17 10:00:00,524.0,524.0,524.0,524.0,260,512.28,2492
2026-06-17 10:20:00,530.0,530.0,530.0,530.0,280,515.18,2492
2026-06-17 10:40:00,530.0,530.0,530.0,530.0,282,517.28,2492
2026-06-17 11:00:00,536.0,536.0,536.0,536.0,244,519.32,2492
2026-06-17 11:20:00,529.0,529.0,529.0,529.0,253,520.3,2492
2026-06-17 11:40:00,541.0,541.0,541.0,541.0,457,523.51,2492
2026-06-17 12:00:00,542.0,542.0,542.0,542.0,335,525.4,2492
2026-06-17 12:20:00,542.0,542.0,542.0,542.0,242,526.54,2492
2026-06-17 12:40:00,539.0,539.0,539.0,539.0,364,527.71,2492
2026-06-17 13:00:00,531.0,531.0,531.0,531.0,590,528.14,2492
2026-06-17 13:20:00,541.0,541.0,541.0,541.0,491,529.41,2492
2026-06-17 13:30:00,542.0,542.0,542.0,542.0,693,530.95,2492
2026-06-18 09:00:00,537.0,545.0,523.0,538.0,6843,536.22,2492
2026-06-18 09:05:00,538.0,540.0,510.0,512.0,3434,532.22,2492
2026-06-18 09:10:00,512.0,521.0,501.0,519.0,3212,527.33,2492
2026-06-18 09:15:00,519.0,526.0,513.0,515.0,1669,526.53,2492
2026-06-18 09:20:00,515.0,539.0,514.0,538.0,2322,526.63,2492
2026-06-18 09:25:00,537.0,554.0,537.0,540.0,3938,529.94,2492
2026-06-18 09:30:00,541.0,553.0,541.0,548.0,2206,531.61,2492
2026-06-18 09:35:00,548.0,558.0,542.0,557.0,2143,533.14,2492
2026-06-18 09:40:00,557.0,571.0,555.0,567.0,4241,537.18,2492
2026-06-18 09:45:00,567.0,568.0,549.0,550.0,2549,538.66,2492
2026-06-18 09:50:00,550.0,558.0,545.0,555.0,1731,539.35,2492
2026-06-18 09:55:00,554.0,554.0,547.0,551.0,1083,539.71,2492
2026-06-18 10:00:00,550.0,554.0,549.0,551.0,658,539.92,2492
2026-06-18 10:05:00,552.0,562.0,551.0,560.0,1588,540.68,2492
2026-06-18 10:10:00,559.0,565.0,554.0,560.0,1465,541.37,2492
2026-06-18 10:15:00,562.0,587.0,560.0,580.0,4344,544.81,2492
2026-06-18 10:20:00,579.0,590.0,572.0,572.0,3328,547.65,2492
2026-06-18 10:25:00,573.0,580.0,566.0,573.0,1827,548.63,2492
2026-06-18 10:30:00,573.0,575.0,570.0,573.0,483,548.87,2492
2026-06-18 10:35:00,573.0,577.0,572.0,574.0,511,549.14,2492
2026-06-18 10:40:00,574.0,575.0,572.0,574.0,327,549.29,2492
2026-06-18 10:45:00,573.0,575.0,568.0,569.0,641,549.57,2492
2026-06-18 10:50:00,569.0,571.0,563.0,568.0,854,549.85,2492
2026-06-18 10:55:00,568.0,570.0,566.0,570.0,273,549.95,2492
2026-06-18 11:00:00,570.0,580.0,570.0,578.0,563,550.21,2492
2026-06-18 11:05:00,577.0,586.0,576.0,582.0,1194,550.93,2492
2026-06-18 11:10:00,583.0,586.0,580.0,583.0,550,551.25,2492
2026-06-18 11:15:00,583.0,583.0,579.0,582.0,367,551.45,2492
2026-06-18 11:20:00,583.0,583.0,576.0,581.0,603,551.78,2492
2026-06-18 11:25:00,581.0,582.0,571.0,572.0,492,552.0,2492
2026-06-18 11:30:00,574.0,579.0,572.0,578.0,355,552.15,2492
2026-06-18 11:35:00,578.0,578.0,569.0,571.0,559,552.35,2492
2026-06-18 11:40:00,572.0,578.0,570.0,578.0,399,552.51,2492
2026-06-18 11:45:00,578.0,578.0,575.0,577.0,263,552.62,2492
2026-06-18 11:50:00,576.0,578.0,575.0,576.0,211,552.71,2492
2026-06-18 11:55:00,576.0,578.0,575.0,577.0,190,552.79,2492
2026-06-18 12:00:00,577.0,578.0,571.0,572.0,395,552.93,2492
2026-06-18 12:05:00,573.0,573.0,569.0,569.0,326,553.03,2492
2026-06-18 12:10:00,569.0,570.0,561.0,561.0,503,553.14,2492
2026-06-18 12:15:00,562.0,566.0,559.0,562.0,612,553.23,2492
2026-06-18 12:20:00,562.0,563.0,560.0,561.0,267,553.27,2492
2026-06-18 12:25:00,561.0,561.0,555.0,555.0,426,553.3,2492
2026-06-18 12:30:00,555.0,558.0,551.0,557.0,696,553.31,2492
2026-06-18 12:35:00,558.0,564.0,558.0,560.0,438,553.37,2492
2026-06-18 12:40:00,560.0,562.0,558.0,559.0,191,553.4,2492
2026-06-18 12:45:00,560.0,561.0,558.0,560.0,291,553.42,2492
2026-06-18 12:50:00,561.0,561.0,554.0,555.0,451,553.45,2492
2026-06-18 12:55:00,556.0,560.0,555.0,558.0,245,553.47,2492
2026-06-18 13:00:00,559.0,567.0,557.0,564.0,689,553.56,2492
2026-06-18 13:05:00,564.0,565.0,560.0,560.0,227,553.59,2492
2026-06-18 13:10:00,561.0,561.0,557.0,559.0,327,553.62,2492
2026-06-18 13:15:00,558.0,563.0,557.0,561.0,546,553.68,2492
2026-06-18 13:20:00,562.0,567.0,560.0,561.0,929,553.83,2492
2026-06-18 13:30:00,561.0,561.0,561.0,561.0,1714,554.01,2492
2026-06-22 09:00:00,616.0,617.0,575.0,576.0,4178,603.06,2492
2026-06-22 09:05:00,576.0,616.0,575.0,598.0,3116,600.35,2492
2026-06-22 09:10:00,597.0,604.0,582.0,604.0,2031,598.94,2492
2026-06-22 09:15:00,603.0,613.0,599.0,603.0,1448,599.76,2492
2026-06-22 09:20:00,605.0,614.0,600.0,613.0,1265,600.56,2492
2026-06-22 09:25:00,613.0,617.0,606.0,616.0,1627,602.21,2492
2026-06-22 09:30:00,615.0,617.0,614.0,616.0,1187,603.31,2492
2026-06-22 09:35:00,617.0,617.0,616.0,617.0,2759,605.45,2492
2026-06-22 09:40:00,617.0,617.0,617.0,617.0,432,605.73,2492
2026-06-22 09:45:00,617.0,617.0,617.0,617.0,168,605.84,2492
2026-06-22 09:50:00,617.0,617.0,617.0,617.0,130,605.91,2492
2026-06-22 09:55:00,617.0,617.0,617.0,617.0,142,606.0,2492
2026-06-22 10:00:00,617.0,617.0,617.0,617.0,146,606.09,2492
2026-06-22 10:05:00,617.0,617.0,617.0,617.0,46,606.11,2492
2026-06-22 10:10:00,617.0,617.0,617.0,617.0,37,606.13,2492
2026-06-22 10:15:00,617.0,617.0,617.0,617.0,19,606.15,2492
2026-06-22 10:20:00,617.0,617.0,617.0,617.0,18,606.16,2492
2026-06-22 10:25:00,617.0,617.0,617.0,617.0,121,606.23,2492
2026-06-22 10:30:00,617.0,617.0,617.0,617.0,25,606.24,2492
2026-06-22 10:35:00,617.0,617.0,617.0,617.0,13,606.25,2492
2026-06-22 10:40:00,617.0,617.0,617.0,617.0,35,606.27,2492
2026-06-22 10:45:00,617.0,617.0,617.0,617.0,10,606.27,2492
2026-06-22 10:50:00,617.0,617.0,617.0,617.0,74,606.31,2492
2026-06-22 10:55:00,617.0,617.0,617.0,617.0,110,606.38,2492
2026-06-22 11:00:00,617.0,617.0,617.0,617.0,13,606.38,2492
2026-06-22 11:05:00,617.0,617.0,617.0,617.0,8,606.39,2492
2026-06-22 11:10:00,617.0,617.0,617.0,617.0,15,606.4,2492
2026-06-22 11:15:00,617.0,617.0,617.0,617.0,24,606.41,2492
2026-06-22 11:20:00,617.0,617.0,617.0,617.0,15,606.42,2492
2026-06-22 11:25:00,617.0,617.0,617.0,617.0,14,606.42,2492
2026-06-22 11:30:00,617.0,617.0,617.0,617.0,15,606.43,2492
2026-06-22 11:35:00,617.0,617.0,617.0,617.0,15,606.44,2492
2026-06-22 11:40:00,617.0,617.0,617.0,617.0,18,606.45,2492
2026-06-22 11:45:00,617.0,617.0,617.0,617.0,14,606.46,2492
2026-06-22 11:50:00,617.0,617.0,617.0,617.0,22,606.47,2492
2026-06-22 11:55:00,617.0,617.0,617.0,617.0,11,606.48,2492
2026-06-22 12:00:00,617.0,617.0,617.0,617.0,7,606.48,2492
2026-06-22 12:05:00,617.0,617.0,617.0,617.0,13,606.49,2492
2026-06-22 12:10:00,617.0,617.0,617.0,617.0,17,606.5,2492
2026-06-22 12:15:00,617.0,617.0,617.0,617.0,15,606.5,2492
2026-06-22 12:20:00,617.0,617.0,617.0,617.0,11,606.51,2492
2026-06-22 12:25:00,617.0,617.0,617.0,617.0,12,606.52,2492
2026-06-22 12:30:00,617.0,617.0,617.0,617.0,12,606.52,2492
2026-06-22 12:35:00,617.0,617.0,617.0,617.0,16,606.53,2492
2026-06-22 12:40:00,617.0,617.0,617.0,617.0,21,606.54,2492
2026-06-22 12:45:00,617.0,617.0,617.0,617.0,21,606.55,2492
2026-06-22 12:50:00,617.0,617.0,617.0,617.0,15,606.56,2492
2026-06-22 12:55:00,617.0,617.0,617.0,617.0,20,606.57,2492
2026-06-22 13:00:00,617.0,617.0,617.0,617.0,52,606.6,2492
2026-06-22 13:05:00,617.0,617.0,617.0,617.0,17,606.61,2492
2026-06-22 13:10:00,617.0,617.0,617.0,617.0,8,606.61,2492
2026-06-22 13:15:00,617.0,617.0,617.0,617.0,85,606.66,2492
2026-06-22 13:20:00,617.0,617.0,617.0,617.0,47,606.68,2492
2026-06-22 13:30:00,617.0,617.0,617.0,617.0,44,606.71,2492
2026-06-23 09:00:00,645.0,645.0,607.0,611.0,4776,629.25,2492
2026-06-23 09:05:00,612.0,617.0,601.0,607.0,1753,623.63,2492
2026-06-23 09:10:00,607.0,628.0,607.0,610.0,1708,622.89,2492
2026-06-23 09:15:00,610.0,614.0,602.0,604.0,1654,620.12,2492
2026-06-23 09:20:00,604.0,607.0,580.0,582.0,2584,614.07,2492
2026-06-23 09:25:00,582.0,595.0,582.0,588.0,1243,611.82,2492
2026-06-23 09:30:00,588.0,590.0,571.0,572.0,1617,608.54,2492
2026-06-23 09:35:00,572.0,585.0,570.0,577.0,1249,606.01,2492
2026-06-23 09:40:00,576.0,580.0,572.0,578.0,611,604.95,2492
2026-06-23 09:45:00,578.0,579.0,571.0,572.0,498,604.11,2492
2026-06-23 09:50:00,572.0,582.0,571.0,578.0,627,603.22,2492
2026-06-23 09:55:00,578.0,592.0,578.0,591.0,1044,602.42,2492
2026-06-23 10:00:00,590.0,592.0,583.0,590.0,701,601.92,2492
2026-06-23 10:05:00,592.0,592.0,581.0,583.0,492,601.52,2492
2026-06-23 10:10:00,583.0,592.0,582.0,591.0,385,601.28,2492
2026-06-23 10:15:00,591.0,592.0,585.0,589.0,324,601.08,2492
2026-06-23 10:20:00,590.0,596.0,589.0,596.0,409,600.92,2492
2026-06-23 10:25:00,596.0,604.0,594.0,601.0,792,600.89,2492
2026-06-23 10:30:00,600.0,602.0,596.0,599.0,375,600.86,2492
2026-06-23 10:35:00,597.0,605.0,595.0,603.0,510,600.89,2492
2026-06-23 10:40:00,603.0,617.0,603.0,617.0,1149,601.35,2492
2026-06-23 10:45:00,616.0,617.0,606.0,610.0,822,601.68,2492
2026-06-23 10:50:00,611.0,612.0,599.0,600.0,580,601.71,2492
2026-06-23 10:55:00,600.0,601.0,591.0,592.0,493,601.6,2492
2026-06-23 11:00:00,592.0,597.0,588.0,596.0,517,601.39,2492
2026-06-23 11:05:00,595.0,599.0,593.0,597.0,277,601.34,2492
2026-06-23 11:10:00,597.0,597.0,591.0,595.0,216,601.28,2492
2026-06-23 11:15:00,596.0,597.0,590.0,593.0,323,601.18,2492
2026-06-23 11:20:00,593.0,596.0,588.0,594.0,342,601.06,2492
2026-06-23 11:25:00,594.0,597.0,592.0,595.0,238,601.0,2492
2026-06-23 11:30:00,595.0,597.0,591.0,593.0,314,600.93,2492
2026-06-23 11:35:00,593.0,595.0,584.0,585.0,581,600.66,2492
2026-06-23 11:40:00,584.0,590.0,582.0,589.0,402,600.45,2492
2026-06-23 11:45:00,589.0,590.0,588.0,590.0,211,600.37,2492
2026-06-23 11:50:00,590.0,595.0,590.0,595.0,241,600.31,2492
2026-06-23 11:55:00,595.0,596.0,591.0,593.0,218,600.27,2492
2026-06-23 12:00:00,593.0,593.0,588.0,590.0,295,600.18,2492
2026-06-23 12:05:00,591.0,591.0,585.0,585.0,221,600.09,2492
2026-06-23 12:10:00,585.0,586.0,583.0,584.0,282,599.94,2492
2026-06-23 12:15:00,584.0,586.0,581.0,581.0,337,599.76,2492
2026-06-23 12:20:00,581.0,585.0,580.0,583.0,496,599.47,2492
2026-06-23 12:25:00,582.0,584.0,582.0,584.0,140,599.39,2492
2026-06-23 12:30:00,584.0,584.0,580.0,581.0,216,599.27,2492
2026-06-23 12:35:00,581.0,581.0,577.0,578.0,385,599.03,2492
2026-06-23 12:40:00,578.0,578.0,575.0,576.0,348,598.79,2492
2026-06-23 12:45:00,576.0,581.0,573.0,579.0,529,598.43,2492
2026-06-23 12:50:00,579.0,579.0,576.0,579.0,367,598.21,2492
2026-06-23 12:55:00,579.0,579.0,575.0,576.0,228,598.06,2492
2026-06-23 13:00:00,575.0,580.0,574.0,577.0,508,597.76,2492
2026-06-23 13:05:00,578.0,578.0,575.0,576.0,382,597.52,2492
2026-06-23 13:10:00,576.0,588.0,576.0,587.0,680,597.23,2492
2026-06-23 13:15:00,587.0,589.0,585.0,586.0,403,597.11,2492
2026-06-23 13:20:00,586.0,586.0,577.0,577.0,770,596.76,2492
2026-06-23 13:30:00,577.0,577.0,577.0,577.0,984,596.24,2492
2026-06-24 09:00:00,554.0,554.0,554.0,554.0,229,554.0,2492
2026-06-24 09:20:00,553.0,553.0,553.0,553.0,379,553.38,2492
2026-06-24 09:40:00,568.0,568.0,568.0,568.0,341,558.63,2492
2026-06-24 10:00:00,583.0,583.0,583.0,583.0,270,564.03,2492
2026-06-24 10:20:00,597.0,597.0,597.0,597.0,448,572.89,2492
2026-06-24 10:40:00,580.0,580.0,580.0,580.0,317,574.03,2492
2026-06-24 11:00:00,577.0,577.0,577.0,577.0,272,574.38,2492
2026-06-24 11:20:00,566.0,566.0,566.0,566.0,197,573.71,2492
2026-06-24 11:40:00,574.0,574.0,574.0,574.0,156,573.73,2492
2026-06-24 12:00:00,566.0,566.0,566.0,566.0,125,573.37,2492
2026-06-24 12:20:00,564.0,564.0,564.0,564.0,113,573.0,2492
2026-06-24 12:40:00,578.0,578.0,578.0,578.0,129,573.22,2492
2026-06-24 13:00:00,587.0,587.0,587.0,587.0,158,573.91,2492
2026-06-24 13:20:00,590.0,590.0,590.0,590.0,205,574.9,2492
2026-06-24 13:30:00,590.0,590.0,590.0,590.0,119,575.42,2492
2026-06-25 09:00:00,605.0,605.0,605.0,605.0,93,605.0,2492
2026-06-25 09:20:00,590.0,590.0,590.0,590.0,143,595.91,2492
2026-06-25 09:40:00,601.0,601.0,601.0,601.0,186,598.15,2492
2026-06-25 10:00:00,600.0,600.0,600.0,600.0,144,598.62,2492
2026-06-25 10:20:00,592.0,592.0,592.0,592.0,167,597.11,2492
2026-06-25 10:40:00,590.0,590.0,590.0,590.0,186,595.67,2492
2026-06-25 11:00:00,589.0,589.0,589.0,589.0,132,594.84,2492
2026-06-25 11:20:00,585.0,585.0,585.0,585.0,138,593.69,2492
2026-06-25 11:40:00,580.0,580.0,580.0,580.0,111,592.53,2492
2026-06-25 12:00:00,580.0,580.0,580.0,580.0,138,591.32,2492
2026-06-25 12:20:00,580.0,580.0,580.0,580.0,111,590.51,2492
2026-06-25 12:40:00,589.0,589.0,589.0,589.0,118,590.4,2492
2026-06-25 13:00:00,599.0,599.0,599.0,599.0,210,591.37,2492
2026-06-25 13:20:00,599.0,599.0,599.0,599.0,172,592.01,2492
2026-06-25 13:30:00,599.0,599.0,599.0,599.0,101,592.34,2492
2026-06-26 09:00:00,579.0,579.0,579.0,579.0,76,579.0,2492
2026-06-26 09:20:00,585.0,585.0,585.0,585.0,143,582.92,2492
2026-06-26 09:40:00,579.0,579.0,579.0,579.0,146,581.35,2492
2026-06-26 10:00:00,568.0,568.0,568.0,568.0,163,577.23,2492
2026-06-26 10:20:00,560.0,560.0,560.0,560.0,186,572.74,2492
2026-06-26 10:40:00,555.0,555.0,555.0,555.0,287,567.65,2492
2026-06-26 11:00:00,547.0,547.0,547.0,547.0,290,563.01,2492
2026-06-26 11:20:00,546.0,546.0,546.0,546.0,321,559.63,2492
2026-06-26 11:40:00,541.0,541.0,541.0,541.0,221,557.38,2492
2026-06-26 12:00:00,545.0,545.0,545.0,545.0,226,556.02,2492
2026-06-26 12:20:00,546.0,546.0,546.0,546.0,99,555.56,2492
2026-06-26 12:40:00,542.0,542.0,542.0,542.0,165,554.6,2492
2026-06-26 13:00:00,540.0,540.0,540.0,540.0,291,552.97,2492
2026-06-26 13:20:00,540.0,540.0,540.0,540.0,326,551.54,2492
2026-06-26 13:30:00,540.0,540.0,540.0,540.0,136,551.03,2492
2026-06-29 09:00:00,534.0,534.0,534.0,534.0,89,534.0,2492
2026-06-29 09:20:00,527.0,527.0,527.0,527.0,141,529.71,2492
2026-06-29 09:40:00,525.0,525.0,525.0,525.0,241,527.3,2492
2026-06-29 10:00:00,540.0,540.0,540.0,540.0,249,531.69,2492
2026-06-29 10:20:00,525.0,525.0,525.0,525.0,270,529.87,2492
2026-06-29 10:40:00,520.0,520.0,520.0,520.0,286,527.66,2492
2026-06-29 11:00:00,510.0,510.0,510.0,510.0,332,524.01,2492
2026-06-29 11:20:00,507.0,507.0,507.0,507.0,270,521.56,2492
2026-06-29 11:40:00,495.5,495.5,495.5,495.5,306,517.91,2492
2026-06-29 12:00:00,496.5,496.5,496.5,496.5,393,514.65,2492
2026-06-29 12:20:00,494.0,494.0,494.0,494.0,259,512.76,2492
2026-06-29 12:40:00,491.0,491.0,491.0,491.0,345,510.4,2492
2026-06-29 13:00:00,487.0,487.0,487.0,487.0,492,507.27,2492
2026-06-29 13:20:00,510.0,510.0,510.0,510.0,221,507.42,2492
2026-06-29 13:30:00,514.0,514.0,514.0,514.0,165,507.69,2492
2026-06-30 09:00:00,529.0,529.0,529.0,529.0,149,529.0,2492
2026-06-30 09:20:00,534.0,534.0,534.0,534.0,336,532.46,2492
2026-06-30 09:40:00,550.0,550.0,550.0,550.0,215,537.85,2492
2026-06-30 10:00:00,563.0,563.0,563.0,563.0,307,545.52,2492
2026-06-30 10:20:00,564.0,564.0,564.0,564.0,282,549.56,2492
2026-06-30 10:40:00,565.0,565.0,565.0,565.0,366,552.98,2492
2026-06-30 11:00:00,565.0,565.0,565.0,565.0,86,553.57,2492
2026-06-30 11:20:00,565.0,565.0,565.0,565.0,68,554.0,2492
2026-06-30 11:40:00,565.0,565.0,565.0,565.0,28,554.17,2492
2026-06-30 12:00:00,565.0,565.0,565.0,565.0,8,554.21,2492
2026-06-30 12:20:00,565.0,565.0,565.0,565.0,16,554.31,2492
2026-06-30 12:40:00,565.0,565.0,565.0,565.0,11,554.37,2492
2026-06-30 13:00:00,565.0,565.0,565.0,565.0,11,554.43,2492
2026-06-30 13:20:00,565.0,565.0,565.0,565.0,7,554.47,2492
2026-06-30 13:30:00,565.0,565.0,565.0,565.0,30,554.63,2492
2026-07-01 09:00:00,598.0,598.0,598.0,598.0,243,598.0,2492
2026-07-01 09:20:00,600.0,600.0,600.0,600.0,502,599.35,2492
2026-07-01 09:40:00,601.0,601.0,601.0,601.0,359,599.88,2492
2026-07-01 10:00:00,602.0,602.0,602.0,602.0,506,600.55,2492
2026-07-01 10:20:00,610.0,610.0,610.0,610.0,450,602.61,2492
2026-07-01 10:40:00,610.0,610.0,610.0,610.0,240,603.38,2492
2026-07-01 11:00:00,611.0,611.0,611.0,611.0,193,603.97,2492
2026-07-01 11:20:00,598.0,598.0,598.0,598.0,235,603.46,2492
2026-07-01 11:40:00,604.0,604.0,604.0,604.0,197,603.5,2492
2026-07-01 12:00:00,610.0,610.0,610.0,610.0,156,603.83,2492
2026-07-01 12:20:00,608.0,608.0,608.0,608.0,130,603.99,2492
2026-07-01 12:40:00,608.0,608.0,608.0,608.0,134,604.15,2492
2026-07-01 13:00:00,608.0,608.0,608.0,608.0,171,604.34,2492
2026-07-01 13:20:00,609.0,609.0,609.0,609.0,434,604.85,2492
2026-07-01 13:30:00,603.0,603.0,603.0,603.0,139,604.79,2492
2026-07-02 09:00:00,581.0,581.0,581.0,581.0,69,581.0,2492
2026-07-02 09:20:00,581.0,581.0,581.0,581.0,151,581.0,2492
2026-07-02 09:40:00,592.0,592.0,592.0,592.0,46,582.9,2492
2026-07-02 10:00:00,595.0,595.0,595.0,595.0,39,584.45,2492
2026-07-02 10:20:00,590.0,590.0,590.0,590.0,48,585.2,2492
2026-07-02 10:40:00,583.0,583.0,583.0,583.0,73,584.83,2492
2026-07-02 11:00:00,590.0,590.0,590.0,590.0,66,585.52,2492
2026-07-02 11:20:00,585.0,585.0,585.0,585.0,77,585.45,2492
2026-07-02 11:40:00,574.0,574.0,574.0,574.0,86,583.95,2492
2026-07-02 12:00:00,568.0,568.0,568.0,568.0,105,581.74,2492
2026-07-02 12:20:00,570.0,570.0,570.0,570.0,97,580.41,2492
2026-07-02 12:40:00,563.0,563.0,563.0,563.0,94,578.69,2492
2026-07-02 13:00:00,561.0,561.0,561.0,561.0,159,576.16,2492
2026-07-02 13:20:00,563.0,563.0,563.0,563.0,167,574.44,2492
2026-07-02 13:30:00,561.0,561.0,561.0,561.0,222,572.45,2492
2026-07-03 09:00:00,540.0,540.0,540.0,540.0,112,540.0,2492
2026-07-03 09:20:00,532.0,532.0,532.0,532.0,117,535.91,2492
2026-07-03 09:40:00,565.0,565.0,565.0,565.0,199,549.44,2492
2026-07-03 10:00:00,580.0,580.0,580.0,580.0,90,554.75,2492
2026-07-03 10:20:00,584.0,584.0,584.0,584.0,67,558.1,2492
2026-07-03 10:40:00,566.0,566.0,566.0,566.0,112,559.37,2492
2026-07-03 11:00:00,555.0,555.0,555.0,555.0,124,558.71,2492
2026-07-03 11:20:00,547.0,547.0,547.0,547.0,133,557.08,2492
2026-07-03 11:40:00,549.0,549.0,549.0,549.0,158,555.93,2492
2026-07-03 12:00:00,552.0,552.0,552.0,552.0,141,555.49,2492
2026-07-03 12:20:00,557.0,557.0,557.0,557.0,126,555.62,2492
2026-07-03 12:40:00,554.0,554.0,554.0,554.0,176,555.44,2492
2026-07-03 13:00:00,551.0,551.0,551.0,551.0,168,555.01,2492
2026-07-03 13:20:00,555.0,555.0,555.0,555.0,167,555.01,2492
2026-07-03 13:30:00,563.0,563.0,563.0,563.0,123,555.5,2492
2026-07-06 09:00:00,590.0,590.0,590.0,590.0,89,590.0,2492
2026-07-06 09:20:00,578.0,578.0,578.0,578.0,118,583.16,2492
2026-07-06 09:40:00,560.0,560.0,560.0,560.0,177,572.48,2492
2026-07-06 10:00:00,548.0,548.0,548.0,548.0,146,565.74,2492
2026-07-06 10:20:00,547.0,547.0,547.0,547.0,105,562.64,2492
2026-07-06 10:40:00,539.0,539.0,539.0,539.0,96,559.54,2492
2026-07-06 11:00:00,530.0,530.0,530.0,530.0,146,554.62,2492
2026-07-06 11:20:00,539.0,539.0,539.0,539.0,93,553.12,2492
2026-07-06 11:40:00,549.0,549.0,549.0,549.0,48,552.93,2492
2026-07-06 12:00:00,550.0,550.0,550.0,550.0,54,552.78,2492
2026-07-06 12:20:00,552.0,552.0,552.0,552.0,55,552.74,2492
2026-07-06 12:40:00,560.0,560.0,560.0,560.0,47,553.03,2492
2026-07-06 13:00:00,555.0,555.0,555.0,555.0,50,553.11,2492
2026-07-06 13:20:00,552.0,552.0,552.0,552.0,63,553.06,2492
2026-07-06 13:30:00,557.0,557.0,557.0,557.0,80,553.29,2492
2026-07-07 09:00:00,557.0,557.0,557.0,557.0,32,557.0,2492
2026-07-07 09:20:00,560.0,560.0,560.0,560.0,60,558.96,2492
2026-07-07 09:40:00,560.0,560.0,560.0,560.0,94,559.48,2492
2026-07-07 10:00:00,565.0,565.0,565.0,565.0,151,561.96,2492
2026-07-07 10:20:00,565.0,565.0,565.0,565.0,41,562.29,2492
2026-07-07 10:40:00,557.0,557.0,557.0,557.0,93,561.24,2492
2026-07-07 11:00:00,526.0,526.0,526.0,526.0,103,554.92,2492
2026-07-07 11:20:00,502.0,502.0,502.0,502.0,279,537.61,2492
2026-07-07 11:40:00,503.0,503.0,503.0,503.0,237,530.08,2492
2026-07-07 12:00:00,502.0,502.0,502.0,502.0,384,522.77,2492
2026-07-07 12:20:00,502.0,502.0,502.0,502.0,72,521.8,2492
2026-07-07 12:40:00,502.0,502.0,502.0,502.0,42,521.28,2492
2026-07-07 13:00:00,502.0,502.0,502.0,502.0,38,520.83,2492
2026-07-07 13:20:00,502.0,502.0,502.0,502.0,29,520.5,2492
2026-07-07 13:30:00,502.0,502.0,502.0,502.0,61,519.84,2492
2026-07-08 09:00:00,510.0,511.0,490.5,494.5,1598,501.11,2492
2026-07-08 09:05:00,492.5,495.0,473.5,474.0,761,495.75,2492
2026-07-08 09:10:00,475.5,500.0,475.5,496.5,917,493.3,2492
2026-07-08 09:15:00,497.0,497.5,482.0,484.5,429,492.91,2492
2026-07-08 09:20:00,484.0,484.5,477.0,477.5,752,490.83,2492
2026-07-08 09:25:00,478.0,482.0,458.0,460.5,907,487.2,2492
2026-07-08 09:30:00,462.0,465.0,452.5,454.5,1809,479.43,2492
2026-07-08 09:35:00,454.5,463.0,452.5,462.0,1112,476.37,2492
2026-07-08 09:40:00,462.0,465.5,455.5,457.5,1113,474.34,2492
2026-07-08 09:45:00,457.0,471.0,456.5,469.0,702,473.79,2492
2026-07-08 09:50:00,469.0,470.5,461.5,462.0,390,473.47,2492
2026-07-08 09:55:00,462.5,473.0,462.0,472.0,444,473.27,2492
2026-07-08 10:00:00,471.5,472.5,465.5,467.0,256,473.15,2492
2026-07-08 10:05:00,468.0,470.0,464.5,466.0,278,473.0,2492
2026-07-08 10:10:00,466.0,472.5,466.0,469.5,209,472.94,2492
2026-07-08 10:15:00,469.0,488.0,469.0,488.0,630,473.34,2492
2026-07-08 10:20:00,487.0,501.0,486.5,499.0,1168,475.25,2492
2026-07-08 10:25:00,497.5,499.0,485.5,486.0,623,476.06,2492
2026-07-08 10:30:00,485.5,490.0,481.0,488.5,355,476.28,2492
2026-07-08 10:35:00,487.5,489.0,484.5,489.0,219,476.44,2492
2026-07-08 10:40:00,489.0,498.0,485.5,497.5,308,476.74,2492
2026-07-08 10:45:00,497.5,497.5,491.5,493.0,249,477.03,2492
2026-07-08 10:50:00,493.5,494.0,486.0,489.5,298,477.27,2492
2026-07-08 10:55:00,490.0,492.5,487.0,488.5,206,477.43,2492
2026-07-08 11:00:00,488.5,491.0,485.0,491.0,222,477.57,2492
2026-07-08 11:05:00,491.0,493.0,488.0,489.0,277,477.79,2492
2026-07-08 11:10:00,489.5,491.5,488.0,489.0,182,477.92,2492
2026-07-08 11:15:00,489.5,498.0,484.0,492.0,555,478.3,2492
2026-07-08 11:20:00,492.0,492.0,487.5,487.5,65,478.34,2492
2026-07-08 11:25:00,487.5,488.0,482.0,482.0,177,478.41,2492
2026-07-08 11:30:00,482.0,482.5,473.0,478.0,353,478.42,2492
2026-07-08 11:35:00,476.5,481.5,471.5,473.5,269,478.38,2492
2026-07-08 11:40:00,473.0,474.0,469.5,474.0,238,478.29,2492
2026-07-08 11:45:00,474.0,477.0,473.5,476.5,125,478.28,2492
2026-07-08 11:50:00,476.5,478.0,473.0,474.0,179,478.25,2492
2026-07-08 11:55:00,473.5,474.0,469.0,470.0,84,478.22,2492
2026-07-08 12:00:00,470.0,473.5,468.0,470.0,303,478.08,2492
2026-07-08 12:05:00,470.0,471.5,468.5,470.5,173,478.0,2492
2026-07-08 12:10:00,471.0,473.5,470.5,472.5,115,477.97,2492
2026-07-08 12:15:00,472.5,474.5,471.5,473.5,96,477.94,2492
2026-07-08 12:20:00,473.0,478.0,470.0,478.0,309,477.87,2492
2026-07-08 12:25:00,478.5,479.0,474.0,474.0,174,477.86,2492
2026-07-08 12:30:00,475.0,477.0,474.0,475.5,158,477.84,2492
2026-07-08 12:35:00,475.5,477.0,471.0,474.5,294,477.79,2492
2026-07-08 12:40:00,474.0,476.5,469.5,471.0,250,477.72,2492
2026-07-08 12:45:00,472.0,476.5,471.0,475.0,136,477.7,2492
2026-07-08 12:50:00,472.0,473.5,468.5,470.0,154,477.65,2492
2026-07-08 12:55:00,470.0,470.5,466.0,470.5,235,477.54,2492
2026-07-08 13:00:00,470.5,474.0,470.0,473.5,211,477.49,2492
2026-07-08 13:05:00,474.0,484.5,473.5,483.5,429,477.52,2492
2026-07-08 13:10:00,483.0,485.5,482.0,482.0,336,477.62,2492
2026-07-08 13:15:00,482.0,483.5,481.5,482.0,201,477.67,2492
2026-07-08 13:20:00,482.5,484.0,468.0,471.5,535,477.59,2492
2026-07-08 13:30:00,474.0,474.0,474.0,474.0,775,477.47,2492
2026-07-09 09:00:00,481.0,488.5,470.0,473.0,1886,480.62,2492
2026-07-09 09:05:00,473.5,482.0,471.5,482.0,593,479.34,2492
2026-07-09 09:10:00,481.5,488.0,478.0,488.0,613,480.08,2492
2026-07-09 09:15:00,487.0,493.0,486.0,491.5,660,481.7,2492
2026-07-09 09:20:00,491.5,494.0,487.0,488.0,416,482.58,2492
2026-07-09 09:25:00,487.5,491.0,485.0,489.0,248,482.87,2492
2026-07-09 09:30:00,490.0,491.5,487.0,489.5,249,483.21,2492
2026-07-09 09:35:00,490.0,493.5,490.0,491.5,222,483.61,2492
2026-07-09 09:40:00,491.5,497.0,491.5,497.0,320,484.29,2492
2026-07-09 09:45:00,497.0,504.0,497.0,503.0,635,486.05,2492
2026-07-09 09:50:00,502.0,505.0,494.5,494.5,483,487.2,2492
2026-07-09 09:55:00,494.5,495.0,489.0,490.0,383,487.45,2492
2026-07-09 10:00:00,490.0,495.0,489.5,492.5,164,487.56,2492
2026-07-09 10:05:00,493.0,495.0,492.0,495.0,112,487.66,2492
2026-07-09 10:10:00,495.5,498.5,495.0,495.5,207,487.92,2492
2026-07-09 10:15:00,495.5,496.0,491.0,495.5,130,488.04,2492
2026-07-09 10:20:00,495.5,497.5,495.5,496.0,80,488.13,2492
2026-07-09 10:25:00,495.5,496.0,491.0,493.0,124,488.21,2492
2026-07-09 10:30:00,494.5,496.0,490.0,490.5,130,488.3,2492
2026-07-09 10:35:00,490.5,490.5,485.5,487.0,183,488.3,2492
2026-07-09 10:40:00,486.5,487.0,484.0,484.0,187,488.24,2492
2026-07-09 10:45:00,484.0,485.5,480.0,482.0,229,488.07,2492
2026-07-09 10:50:00,482.0,482.0,478.0,478.0,168,487.9,2492
2026-07-09 10:55:00,478.5,481.5,478.5,479.0,147,487.77,2492
2026-07-09 11:00:00,479.5,480.5,478.5,478.5,98,487.67,2492
2026-07-09 11:05:00,478.5,479.5,478.5,478.5,54,487.62,2492
2026-07-09 11:10:00,478.5,478.5,468.0,469.0,403,486.96,2492
2026-07-09 11:15:00,469.5,474.5,468.0,474.0,233,486.59,2492
2026-07-09 11:20:00,474.5,479.0,473.5,478.0,227,486.36,2492
2026-07-09 11:25:00,478.0,480.0,477.5,478.5,100,486.28,2492
2026-07-09 11:30:00,478.5,481.0,478.5,481.0,80,486.23,2492
2026-07-09 11:35:00,480.5,484.0,480.0,483.0,139,486.18,2492
2026-07-09 11:40:00,483.0,485.0,482.5,485.0,126,486.15,2492
2026-07-09 11:45:00,485.0,493.5,485.0,488.0,360,486.28,2492
2026-07-09 11:50:00,488.0,488.0,482.5,484.5,113,486.27,2492
2026-07-09 11:55:00,484.5,486.5,482.0,482.0,94,486.25,2492
2026-07-09 12:00:00,482.0,485.0,482.0,485.0,49,486.23,2492
2026-07-09 12:05:00,485.0,485.5,480.0,482.0,98,486.2,2492
2026-07-09 12:10:00,482.0,482.0,478.0,478.5,73,486.16,2492
2026-07-09 12:15:00,478.5,479.0,473.5,473.5,106,486.06,2492
2026-07-09 12:20:00,473.5,475.5,471.5,472.5,159,485.88,2492
2026-07-09 12:25:00,472.5,473.5,470.0,470.0,161,485.67,2492
2026-07-09 12:30:00,470.0,474.0,470.0,473.0,118,485.53,2492
2026-07-09 12:35:00,473.5,474.0,473.0,473.0,51,485.48,2492
2026-07-09 12:40:00,473.0,473.0,471.5,471.5,101,485.36,2492
2026-07-09 12:45:00,471.0,471.5,469.0,469.5,167,485.14,2492
2026-07-09 12:50:00,469.5,471.5,469.5,470.0,87,485.03,2492
2026-07-09 12:55:00,470.0,471.0,467.5,467.5,163,484.81,2492
2026-07-09 13:00:00,467.5,468.0,462.5,463.0,257,484.4,2492
2026-07-09 13:05:00,463.5,465.5,462.0,465.5,123,484.2,2492
2026-07-09 13:10:00,465.5,471.5,465.5,467.5,132,484.04,2492
2026-07-09 13:15:00,467.0,467.0,464.0,464.0,201,483.73,2492
2026-07-09 13:20:00,464.0,466.5,464.0,465.5,330,483.25,2492
2026-07-09 13:30:00,465.5,465.5,465.5,465.5,498,482.6,2492
2026-07-13 09:00:00,473.5,476.5,457.0,457.0,808,468.76,2492
2026-07-13 09:05:00,456.0,472.0,454.0,469.0,515,466.34,2492
2026-07-13 09:10:00,469.5,478.5,467.5,467.5,692,468.68,2492
2026-07-13 09:15:00,468.0,475.0,460.5,460.5,392,468.41,2492
2026-07-13 09:20:00,460.0,467.0,445.0,445.5,786,464.4,2492
2026-07-13 09:25:00,446.0,447.0,436.0,439.5,1275,457.54,2492
2026-07-13 09:30:00,440.0,441.5,429.0,431.5,1037,453.37,2492
2026-07-13 09:35:00,431.5,435.5,420.0,431.5,1586,448.19,2492
2026-07-13 09:40:00,431.0,433.0,420.0,420.0,1037,445.19,2492
2026-07-13 09:45:00,421.0,422.0,419.0,420.5,1122,442.15,2492
2026-07-13 09:50:00,420.0,421.0,419.0,421.0,956,440.0,2492
2026-07-13 09:55:00,421.0,424.0,419.5,424.0,334,439.42,2492
2026-07-13 10:00:00,424.0,425.0,421.0,421.0,197,439.13,2492
2026-07-13 10:05:00,421.0,426.5,419.5,426.5,378,438.58,2492
2026-07-13 10:10:00,426.5,427.0,423.0,423.0,262,438.28,2492
2026-07-13 10:15:00,423.0,423.0,420.0,422.0,201,437.99,2492
2026-07-13 10:20:00,422.0,429.0,420.5,429.0,401,437.56,2492
2026-07-13 10:25:00,429.0,435.0,429.0,434.0,662,437.25,2492
2026-07-13 10:30:00,434.0,434.0,429.5,431.5,95,437.21,2492
2026-07-13 10:35:00,431.5,432.0,429.0,429.5,161,437.12,2492
2026-07-13 10:40:00,428.0,430.0,427.0,429.0,84,437.06,2492
2026-07-13 10:45:00,430.0,430.0,426.0,426.0,78,437.01,2492
2026-07-13 10:50:00,428.5,431.0,426.0,428.0,182,436.9,2492
2026-07-13 10:55:00,429.0,431.0,427.0,430.5,174,436.8,2492
2026-07-13 11:00:00,431.0,431.0,422.0,422.5,120,436.69,2492
2026-07-13 11:05:00,422.5,425.0,421.0,423.0,133,436.56,2492
2026-07-13 11:10:00,423.5,423.5,420.0,423.0,172,436.38,2492
2026-07-13 11:15:00,422.5,424.5,419.0,421.5,364,435.99,2492
2026-07-13 11:20:00,421.5,422.5,420.5,422.5,120,435.87,2492
2026-07-13 11:25:00,422.5,425.0,422.5,424.0,134,435.76,2492
2026-07-13 11:30:00,422.5,424.0,420.0,421.5,140,435.63,2492
2026-07-13 11:35:00,422.0,422.5,419.0,420.5,265,435.36,2492
2026-07-13 11:40:00,421.0,421.0,419.0,419.0,446,434.89,2492
2026-07-13 11:45:00,419.0,419.0,419.0,419.0,80,434.8,2492
2026-07-13 11:50:00,419.0,419.0,419.0,419.0,26,434.78,2492
2026-07-13 11:55:00,419.0,419.0,419.0,419.0,25,434.75,2492
2026-07-13 12:00:00,419.0,419.0,419.0,419.0,15,434.74,2492
2026-07-13 12:05:00,419.0,419.0,419.0,419.0,17,434.72,2492
2026-07-13 12:10:00,419.0,419.0,419.0,419.0,20,434.7,2492
2026-07-13 12:15:00,419.0,419.0,419.0,419.0,21,434.68,2492
2026-07-13 12:20:00,419.0,419.0,419.0,419.0,26,434.65,2492
2026-07-13 12:25:00,419.0,419.0,419.0,419.0,22,434.63,2492
2026-07-13 12:30:00,419.0,419.0,419.0,419.0,16,434.61,2492
2026-07-13 12:35:00,419.0,419.0,419.0,419.0,118,434.5,2492
2026-07-13 12:40:00,419.0,419.0,419.0,419.0,15,434.48,2492
2026-07-13 12:45:00,419.0,419.0,419.0,419.0,14,434.47,2492
2026-07-13 12:50:00,419.0,419.0,419.0,419.0,9,434.46,2492
2026-07-13 12:55:00,419.0,419.0,419.0,419.0,11,434.45,2492
2026-07-13 13:00:00,419.0,419.0,419.0,419.0,24,434.42,2492
2026-07-13 13:05:00,419.0,419.0,419.0,419.0,41,434.38,2492
2026-07-13 13:10:00,419.0,419.0,419.0,419.0,44,434.34,2492
2026-07-13 13:15:00,419.0,419.0,419.0,419.0,50,434.29,2492
2026-07-13 13:20:00,419.0,419.0,419.0,419.0,56,434.24,2492
2026-07-13 13:30:00,419.0,419.0,419.0,419.0,424,433.85,2492
2026-07-14 09:00:00,406.0,422.5,404.0,419.5,1515,412.79,2492
2026-07-14 09:05:00,419.0,420.5,410.5,414.0,1014,414.07,2492
2026-07-14 09:10:00,413.0,414.5,397.5,399.0,1390,410.81,2492
2026-07-14 09:15:00,398.0,413.5,397.5,413.5,1224,409.35,2492
2026-07-14 09:20:00,413.5,418.0,408.0,411.0,757,409.82,2492
2026-07-14 09:25:00,411.0,414.5,407.0,409.0,533,409.92,2492
2026-07-14 09:30:00,409.0,410.5,400.0,400.0,625,409.55,2492
2026-07-14 09:35:00,400.0,404.5,397.0,401.0,707,408.8,2492
2026-07-14 09:40:00,401.0,403.5,398.5,403.5,737,408.15,2492
2026-07-14 09:45:00,403.5,404.0,398.0,399.5,479,407.72,2492
2026-07-14 09:50:00,400.0,401.5,396.5,396.5,415,407.33,2492
2026-07-14 09:55:00,397.0,397.5,391.5,395.0,837,406.28,2492
2026-07-14 10:00:00,395.0,398.0,392.5,393.5,302,405.98,2492
2026-07-14 10:05:00,393.5,395.5,391.5,392.0,382,405.52,2492
2026-07-14 10:10:00,392.0,392.0,386.5,387.0,692,404.53,2492
2026-07-14 10:15:00,387.0,387.0,377.5,378.5,2086,400.86,2492
2026-07-14 10:20:00,379.0,388.0,378.0,380.0,977,399.62,2492
2026-07-14 10:25:00,380.0,382.5,378.0,381.5,478,398.99,2492
2026-07-14 10:30:00,382.5,384.5,377.5,379.0,665,398.2,2492
2026-07-14 10:35:00,379.0,386.0,379.0,386.0,415,397.8,2492
2026-07-14 10:40:00,386.0,386.5,380.0,380.5,374,397.48,2492
2026-07-14 10:45:00,380.5,384.0,378.5,382.5,548,396.96,2492
2026-07-14 10:50:00,383.0,383.5,378.5,379.5,129,396.84,2492
2026-07-14 10:55:00,379.5,381.5,378.5,379.5,178,396.66,2492
2026-07-14 11:00:00,379.5,380.0,378.0,379.0,156,396.51,2492
2026-07-14 11:05:00,379.0,379.5,378.0,378.0,149,396.36,2492
2026-07-14 11:10:00,378.0,378.0,377.5,377.5,631,395.71,2492
2026-07-14 11:15:00,377.5,377.5,377.5,377.5,49,395.66,2492
2026-07-14 11:20:00,377.5,377.5,377.5,377.5,45,395.62,2492
2026-07-14 11:25:00,377.5,377.5,377.5,377.5,12,395.61,2492
2026-07-14 11:30:00,377.5,377.5,377.5,377.5,28,395.58,2492
2026-07-14 11:35:00,377.5,377.5,377.5,377.5,21,395.56,2492
2026-07-14 11:40:00,377.5,377.5,377.5,377.5,19,395.54,2492
2026-07-14 11:45:00,377.5,377.5,377.5,377.5,12,395.53,2492
2026-07-14 11:50:00,377.5,377.5,377.5,377.5,69,395.46,2492
2026-07-14 11:55:00,377.5,381.5,377.5,380.5,1785,393.97,2492
2026-07-14 12:00:00,380.5,381.0,377.5,379.0,617,393.52,2492
2026-07-14 12:05:00,379.0,379.5,377.5,377.5,141,393.41,2492
2026-07-14 12:10:00,377.5,377.5,377.5,377.5,37,393.38,2492
2026-07-14 12:15:00,377.5,377.5,377.5,377.5,19,393.37,2492
2026-07-14 12:20:00,377.5,377.5,377.5,377.5,24,393.35,2492
2026-07-14 12:25:00,377.5,377.5,377.5,377.5,61,393.31,2492
2026-07-14 12:30:00,377.5,377.5,377.5,377.5,70,393.26,2492
2026-07-14 12:35:00,377.5,386.0,377.5,384.5,877,392.75,2492
2026-07-14 12:40:00,385.0,387.0,383.0,384.0,337,392.63,2492
2026-07-14 12:45:00,385.0,388.5,385.0,387.0,229,392.58,2492
2026-07-14 12:50:00,387.0,388.0,383.0,385.0,144,392.53,2492
2026-07-14 12:55:00,385.0,388.0,385.0,388.0,271,392.47,2492
2026-07-14 13:00:00,388.0,389.0,383.5,386.0,273,392.4,2492
2026-07-14 13:05:00,386.0,388.0,384.5,387.5,140,392.36,2492
2026-07-14 13:10:00,387.5,389.0,387.0,388.0,140,392.34,2492
2026-07-14 13:15:00,389.0,389.5,387.0,387.0,169,392.31,2492
2026-07-14 13:20:00,388.0,391.5,387.0,391.0,358,392.27,2492
2026-07-14 13:30:00,390.0,390.0,390.0,390.0,288,392.24,2492
2026-07-15 09:00:00,395.0,395.0,375.0,377.5,1986,384.49,2492
2026-07-15 09:05:00,378.0,382.5,377.0,379.0,770,383.18,2492
2026-07-15 09:10:00,379.0,385.5,376.5,378.5,713,382.79,2492
2026-07-15 09:15:00,378.5,382.5,378.0,382.0,474,382.51,2492
2026-07-15 09:20:00,382.5,385.0,376.5,381.5,693,382.34,2492
2026-07-15 09:25:00,382.0,386.0,379.5,380.5,1036,382.43,2492
2026-07-15 09:30:00,381.0,384.0,373.5,374.0,896,381.95,2492
2026-07-15 09:35:00,374.5,379.0,374.0,378.0,492,381.56,2492
2026-07-15 09:40:00,378.0,378.5,370.5,371.0,702,380.82,2492
2026-07-15 09:45:00,371.0,377.0,371.0,377.0,563,380.34,2492
2026-07-15 09:50:00,376.5,378.0,374.5,375.5,363,380.17,2492
2026-07-15 09:55:00,376.0,380.0,374.0,379.5,489,380.01,2492
2026-07-15 10:00:00,380.0,380.5,378.5,378.5,190,380.0,2492
2026-07-15 10:05:00,378.5,382.0,377.5,382.0,414,379.99,2492
2026-07-15 10:10:00,381.5,384.0,380.0,383.5,500,380.11,2492
2026-07-15 10:15:00,384.0,388.0,382.0,387.0,833,380.5,2492
2026-07-15 10:20:00,387.0,387.5,383.0,383.0,252,380.59,2492
2026-07-15 10:25:00,383.0,383.5,380.0,381.5,182,380.61,2492
2026-07-15 10:30:00,381.5,383.5,381.5,382.0,93,380.62,2492
2026-07-15 10:35:00,382.5,383.0,381.5,382.0,89,380.63,2492
2026-07-15 10:40:00,382.5,382.5,378.0,378.5,246,380.62,2492
2026-07-15 10:45:00,378.5,380.0,378.0,379.5,115,380.6,2492
2026-07-15 10:50:00,379.5,379.5,377.0,378.5,194,380.57,2492
2026-07-15 10:55:00,378.0,378.5,376.5,377.0,101,380.54,2492
2026-07-15 11:00:00,376.5,377.5,375.5,376.5,214,380.47,2492
2026-07-15 11:05:00,376.0,376.5,375.0,375.0,141,380.42,2492
2026-07-15 11:10:00,375.0,378.5,374.0,378.5,367,380.3,2492
2026-07-15 11:15:00,378.5,380.0,376.0,379.5,378,380.22,2492
2026-07-15 11:20:00,379.5,381.0,379.0,380.0,118,380.22,2492
2026-07-15 11:25:00,379.5,381.0,379.0,379.0,86,380.21,2492
2026-07-15 11:30:00,379.5,381.0,377.5,380.0,198,380.2,2492
2026-07-15 11:35:00,379.5,381.5,378.0,381.0,340,380.19,2492
2026-07-15 11:40:00,380.5,382.0,380.5,381.5,133,380.2,2492
2026-07-15 11:45:00,381.5,383.5,381.5,382.5,159,380.22,2492
2026-07-15 11:50:00,383.0,384.5,383.0,384.0,209,380.27,2492
2026-07-15 11:55:00,383.5,385.5,383.0,384.5,337,380.36,2492
2026-07-15 12:00:00,385.0,386.0,385.0,385.0,189,380.43,2492
2026-07-15 12:05:00,385.0,385.0,382.0,382.0,272,380.48,2492
2026-07-15 12:10:00,382.0,391.0,382.0,387.5,1043,380.91,2492
2026-07-15 12:15:00,388.0,393.0,387.5,387.5,733,381.28,2492
2026-07-15 12:20:00,387.5,388.0,385.0,385.5,286,381.38,2492
2026-07-15 12:25:00,385.5,385.5,384.0,384.0,151,381.4,2492
2026-07-15 12:30:00,383.5,384.0,379.5,379.5,383,381.4,2492
2026-07-15 12:35:00,379.0,381.0,378.5,380.5,314,381.38,2492
2026-07-15 12:40:00,380.5,381.0,376.5,376.5,479,381.3,2492
2026-07-15 12:45:00,376.5,377.5,375.5,377.0,475,381.18,2492
2026-07-15 12:50:00,376.5,377.0,376.0,377.0,267,381.12,2492
2026-07-15 12:55:00,377.0,379.5,377.0,378.0,248,381.08,2492
2026-07-15 13:00:00,378.0,379.0,378.0,378.0,230,381.05,2492
2026-07-15 13:05:00,378.0,381.0,377.5,380.0,627,380.98,2492
2026-07-15 13:10:00,380.5,381.0,379.0,379.0,246,380.97,2492
2026-07-15 13:15:00,379.0,380.0,378.5,379.5,303,380.95,2492
2026-07-15 13:20:00,379.5,380.0,379.0,379.0,463,380.91,2492
2026-07-15 13:30:00,379.0,379.0,379.0,379.0,812,380.84,2492
2026-07-16 09:00:00,364.0,364.0,364.0,364.0,124,364.0,2492
2026-07-16 09:20:00,375.0,375.0,375.0,375.0,228,371.13,2492
2026-07-16 09:40:00,373.0,373.0,373.0,373.0,211,371.83,2492
2026-07-16 10:00:00,372.0,372.0,372.0,372.0,220,371.88,2492
2026-07-16 10:20:00,370.0,370.0,370.0,370.0,142,371.59,2492
2026-07-16 10:40:00,375.0,375.0,375.0,375.0,223,372.25,2492
2026-07-16 11:00:00,370.5,370.5,370.5,370.5,145,372.05,2492
2026-07-16 11:20:00,367.0,367.0,367.0,367.0,159,371.5,2492
2026-07-16 11:40:00,363.0,363.0,363.0,363.0,231,370.33,2492
2026-07-16 12:00:00,363.5,363.5,363.5,363.5,184,369.66,2492
2026-07-16 12:20:00,358.5,358.5,358.5,358.5,214,368.51,2492
2026-07-16 12:40:00,349.5,349.5,349.5,349.5,404,365.42,2492
2026-07-16 13:00:00,350.0,350.0,350.0,350.0,304,363.74,2492
2026-07-16 13:20:00,341.5,341.5,341.5,341.5,972,357.99,2492
2026-07-16 13:30:00,341.5,341.5,341.5,341.5,886,354.85,2492
2026-07-17 09:00:00,307.5,307.5,307.5,307.5,559,307.5,2492
2026-07-17 09:20:00,307.5,307.5,307.5,307.5,187,307.5,2492
2026-07-17 09:40:00,307.5,307.5,307.5,307.5,73,307.5,2492
2026-07-17 10:00:00,307.5,307.5,307.5,307.5,32,307.5,2492
2026-07-17 10:20:00,307.5,307.5,307.5,307.5,61,307.5,2492
2026-07-17 10:40:00,307.5,307.5,307.5,307.5,7,307.5,2492
2026-07-17 11:00:00,307.5,307.5,307.5,307.5,10,307.5,2492
2026-07-17 11:20:00,307.5,307.5,307.5,307.5,7,307.5,2492
2026-07-17 11:40:00,307.5,307.5,307.5,307.5,8,307.5,2492
2026-07-17 12:00:00,307.5,307.5,307.5,307.5,22,307.5,2492
2026-07-17 12:20:00,307.5,307.5,307.5,307.5,17,307.5,2492
2026-07-17 12:40:00,307.5,307.5,307.5,307.5,26,307.5,2492
2026-07-17 13:00:00,307.5,307.5,307.5,307.5,14,307.5,2492
2026-07-17 13:20:00,307.5,307.5,307.5,307.5,14,307.5,2492
2026-07-17 13:30:00,307.5,307.5,307.5,307.5,54,307.5,2492
2026-07-20 09:00:00,288.0,288.0,288.0,288.0,428,288.0,2492
2026-07-20 09:20:00,277.0,277.0,277.0,277.0,398,282.7,2492
2026-07-20 09:40:00,277.0,277.0,277.0,277.0,76,282.22,2492
2026-07-20 10:00:00,277.0,277.0,277.0,277.0,53,281.93,2492
2026-07-20 10:20:00,277.0,277.0,277.0,277.0,14,281.86,2492
2026-07-20 10:40:00,277.0,277.0,277.0,277.0,13,281.79,2492
2026-07-20 11:00:00,277.0,277.0,277.0,277.0,16,281.72,2492
2026-07-20 11:20:00,277.0,277.0,277.0,277.0,9,281.68,2492
2026-07-20 11:40:00,277.0,277.0,277.0,277.0,15,281.61,2492
2026-07-20 12:00:00,277.0,277.0,277.0,277.0,5,281.58,2492
2026-07-20 12:20:00,277.0,277.0,277.0,277.0,37,281.42,2492
2026-07-20 12:40:00,277.0,277.0,277.0,277.0,13,281.37,2492
2026-07-20 13:00:00,277.0,277.0,277.0,277.0,10,281.33,2492
2026-07-20 13:20:00,277.0,277.0,277.0,277.0,38,281.18,2492
2026-07-20 13:30:00,277.0,277.0,277.0,277.0,27,281.09,2492
2026-07-21 09:00:00,260.0,260.0,260.0,260.0,936,260.0,2492
2026-07-21 09:20:00,265.5,265.5,265.5,265.5,480,261.86,2492
2026-07-21 09:40:00,257.0,257.0,257.0,257.0,633,260.36,2492
2026-07-21 10:00:00,260.0,260.0,260.0,260.0,1518,260.21,2492
2026-07-21 10:20:00,258.5,258.5,258.5,258.5,1155,259.79,2492
2026-07-21 10:40:00,260.0,260.0,260.0,260.0,770,259.82,2492
2026-07-21 11:05:00,250.0,250.0,250.0,250.0,931,258.4,2492
2026-07-21 11:25:00,251.0,251.0,251.0,251.0,1640,256.89,2492
2026-07-21 11:45:00,256.0,256.0,256.0,256.0,957,256.8,2492
2026-07-21 12:05:00,260.0,260.0,260.0,260.0,674,257.02,2492
2026-07-21 12:25:00,272.0,272.0,272.0,272.0,452,257.69,2492
2026-07-21 12:45:00,276.0,276.0,276.0,276.0,513,258.57,2492
2026-07-21 13:05:00,268.0,268.0,268.0,268.0,707,259.16,2492
2026-07-21 13:30:00,273.0,273.0,273.0,273.0,647,259.9,2492
2026-07-22 09:00:00,300.0,300.0,300.0,300.0,282,300.0,2492
2026-07-22 09:20:00,300.0,300.0,300.0,300.0,128,300.0,2492
2026-07-22 09:40:00,300.0,300.0,300.0,300.0,1089,300.0,2492
2026-07-22 10:00:00,300.0,300.0,300.0,300.0,513,300.0,2492
2026-07-22 10:20:00,300.0,300.0,300.0,300.0,124,300.0,2492
2026-07-22 10:40:00,300.0,300.0,300.0,300.0,26,300.0,2492
2026-07-22 11:00:00,300.0,300.0,300.0,300.0,43,300.0,2492
2026-07-22 11:20:00,300.0,300.0,300.0,300.0,101,300.0,2492
2026-07-22 11:40:00,300.0,300.0,300.0,300.0,16,300.0,2492
2026-07-22 12:00:00,300.0,300.0,300.0,300.0,3,300.0,2492
2026-07-22 12:40:00,300.0,300.0,300.0,300.0,2,300.0,2492
2026-07-22 13:00:00,300.0,300.0,300.0,300.0,3,300.0,2492
2026-07-22 13:20:00,300.0,300.0,300.0,300.0,17,300.0,2492
2026-07-22 13:30:00,300.0,300.0,300.0,300.0,573,300.0,2492
2026-07-23 09:00:00,293.0,293.0,293.0,293.0,714,293.0,2492
2026-07-23 09:20:00,295.5,295.5,295.5,295.5,723,294.26,2492
2026-07-23 09:40:00,296.5,296.5,296.5,296.5,524,294.86,2492
2026-07-23 10:00:00,294.0,294.0,294.0,294.0,537,294.67,2492
2026-07-23 10:20:00,287.5,287.5,287.5,287.5,319,293.86,2492
2026-07-23 10:40:00,282.0,282.0,282.0,282.0,239,292.93,2492
2026-07-23 11:00:00,285.5,285.5,285.5,285.5,234,292.4,2492
2026-07-23 11:20:00,286.0,286.0,286.0,286.0,141,292.14,2492
2026-07-23 11:40:00,286.0,286.0,286.0,286.0,97,291.97,2492
2026-07-23 12:00:00,287.0,287.0,287.0,287.0,78,291.86,2492
2026-07-23 12:20:00,283.5,283.5,283.5,283.5,205,291.41,2492
2026-07-23 12:40:00,286.5,286.5,286.5,286.5,144,291.24,2492
2026-07-23 13:00:00,285.0,285.0,285.0,285.0,126,291.04,2492
2026-07-23 13:20:00,292.0,292.0,292.0,292.0,286,291.11,2492
2026-07-23 13:30:00,300.0,300.0,300.0,300.0,845,292.55,2492
2026-07-24 09:00:00,291.5,291.5,291.5,291.5,296,291.5,2492
2026-07-24 09:20:00,293.0,293.0,293.0,293.0,194,292.09,2492
2026-07-24 09:40:00,292.0,292.0,292.0,292.0,219,292.06,2492
2026-07-24 10:00:00,284.0,284.0,284.0,284.0,206,290.25,2492
2026-07-24 10:20:00,285.5,285.5,285.5,285.5,303,289.07,2492
2026-07-24 10:40:00,277.0,277.0,277.0,277.0,252,287.0,2492
2026-07-24 11:00:00,274.0,274.0,274.0,274.0,287,284.88,2492
2026-07-24 11:20:00,277.0,277.0,277.0,277.0,191,284.1,2492
2026-07-24 11:40:00,276.5,276.5,276.5,276.5,163,283.52,2492
2026-07-24 12:00:00,273.0,273.0,273.0,273.0,256,282.38,2492
2026-07-24 12:20:00,272.5,272.5,272.5,272.5,195,281.63,2492
2026-07-24 12:40:00,275.5,275.5,275.5,275.5,194,281.2,2492
2026-07-24 13:00:00,275.0,275.0,275.0,275.0,266,280.65,2492
2026-07-24 13:20:00,272.5,272.5,272.5,272.5,230,280.07,2492
2026-07-24 13:30:00,274.0,274.0,274.0,274.0,642,279.07,2492
2026-07-27 09:00:00,270.0,270.0,270.0,270.0,84,270.0,2492
2026-07-27 09:20:00,256.5,256.5,256.5,256.5,147,261.41,2492
2026-07-27 09:40:00,251.0,251.0,251.0,251.0,582,253.96,2492
2026-07-27 10:00:00,255.0,255.0,255.0,255.0,293,254.23,2492
2026-07-27 10:20:00,253.0,253.0,253.0,253.0,187,254.06,2492
2026-07-27 10:40:00,257.0,257.0,257.0,257.0,119,254.3,2492
2026-07-27 11:00:00,252.5,252.5,252.5,252.5,116,254.17,2492
2026-07-27 11:20:00,248.5,248.5,248.5,248.5,250,253.37,2492
2026-07-27 11:40:00,247.0,247.0,247.0,247.0,424,252.14,2492
2026-07-27 12:00:00,250.0,250.0,250.0,250.0,157,252.0,2492
2026-07-27 12:20:00,253.0,253.0,253.0,253.0,191,252.08,2492
2026-07-27 12:40:00,256.0,256.0,256.0,256.0,90,252.21,2492
2026-07-27 13:00:00,259.0,259.0,259.0,259.0,70,252.38,2492
2026-07-27 13:20:00,267.0,267.0,267.0,267.0,130,253.05,2492
2026-07-27 13:30:00,272.0,272.0,272.0,272.0,308,254.91,2492
2026-07-28 09:00:00,247.0,247.0,247.0,247.0,276,247.0,2492
2026-07-28 09:20:00,245.0,245.0,245.0,245.0,492,245.72,2492
2026-07-28 09:40:00,245.0,245.0,245.0,245.0,267,245.53,2492
2026-07-28 10:00:00,245.0,245.0,245.0,245.0,148,245.47,2492
2026-07-28 10:20:00,245.0,245.0,245.0,245.0,104,245.43,2492
2026-07-28 10:40:00,245.0,245.0,245.0,245.0,91,245.4,2492
2026-07-28 11:00:00,245.0,245.0,245.0,245.0,34,245.39,2492
2026-07-28 11:20:00,245.0,245.0,245.0,245.0,38,245.38,2492
2026-07-28 11:40:00,245.0,245.0,245.0,245.0,101,245.36,2492
2026-07-28 12:00:00,245.0,245.0,245.0,245.0,50,245.34,2492
2026-07-28 12:20:00,245.0,245.0,245.0,245.0,16,245.34,2492
2026-07-28 12:40:00,245.0,245.0,245.0,245.0,12,245.34,2492
2026-07-28 13:00:00,245.0,245.0,245.0,245.0,28,245.33,2492
2026-07-28 13:20:00,245.0,245.0,245.0,245.0,12,245.33,2492
2026-07-28 13:30:00,245.0,245.0,245.0,245.0,47,245.32,2492
2026-07-29 09:00:00,234.5,234.5,234.5,234.5,137,234.5,2492
2026-07-29 09:20:00,226.5,226.5,226.5,226.5,644,227.9,2492
2026-07-29 09:40:00,220.5,220.5,220.5,220.5,359,225.57,2492
2026-07-29 10:00:00,220.5,220.5,220.5,220.5,165,224.93,2492
2026-07-29 10:20:00,220.5,220.5,220.5,220.5,71,224.7,2492
2026-07-29 10:40:00,220.5,220.5,220.5,220.5,12,224.67,2492
2026-07-29 11:00:00,220.5,220.5,220.5,220.5,14,224.62,2492
2026-07-29 11:20:00,220.5,220.5,220.5,220.5,19,224.57,2492
2026-07-29 11:40:00,220.5,220.5,220.5,220.5,12,224.53,2492
2026-07-29 12:00:00,220.5,220.5,220.5,220.5,23,224.47,2492
2026-07-29 12:20:00,220.5,220.5,220.5,220.5,7,224.45,2492
2026-07-29 12:40:00,220.5,220.5,220.5,220.5,19,224.4,2492
2026-07-29 13:00:00,220.5,220.5,220.5,220.5,15,224.36,2492
2026-07-29 13:20:00,220.5,220.5,220.5,220.5,41,224.26,2492
2026-07-29 13:30:00,220.5,220.5,220.5,220.5,31,224.19,2492
2026-07-30 09:00:00,204.0,204.0,204.0,204.0,458,204.0,2492
2026-07-30 09:20:00,203.5,203.5,203.5,203.5,252,203.82,2492
2026-07-30 09:40:00,220.5,220.5,220.5,220.5,498,210.7,2492
2026-07-30 10:00:00,213.0,213.0,213.0,213.0,310,211.17,2492
2026-07-30 10:20:00,209.0,209.0,209.0,209.0,154,210.97,2492
2026-07-30 10:40:00,208.0,208.0,208.0,208.0,289,210.53,2492
2026-07-30 11:00:00,205.0,205.0,205.0,205.0,335,209.72,2492
2026-07-30 11:20:00,200.0,200.0,200.0,200.0,481,208.04,2492
2026-07-30 11:40:00,200.0,200.0,200.0,200.0,128,207.69,2492
2026-07-30 12:00:00,200.0,200.0,200.0,200.0,165,207.27,2492
2026-07-30 12:20:00,199.5,199.5,199.5,199.5,193,206.81,2492
2026-07-30 12:40:00,199.5,199.5,199.5,199.5,234,206.32,2492
2026-07-30 13:00:00,198.5,198.5,198.5,198.5,1082,204.47,2492
2026-07-30 13:20:00,198.5,198.5,198.5,198.5,47,204.41,2492
2026-07-30 13:30:00,198.5,198.5,198.5,198.5,51,204.35,2492
2026-07-31 09:00:00,218.0,218.0,218.0,218.0,180,218.0,2492
2026-07-31 09:20:00,218.0,218.0,218.0,218.0,62,218.0,2492
2026-07-31 09:40:00,218.0,218.0,218.0,218.0,21,218.0,2492
2026-07-31 10:00:00,218.0,218.0,218.0,218.0,79,218.0,2492
2026-07-31 10:20:00,218.0,218.0,218.0,218.0,418,218.0,2492
2026-07-31 10:40:00,218.0,218.0,218.0,218.0,529,218.0,2492
2026-07-31 11:00:00,218.0,218.0,218.0,218.0,40,218.0,2492
2026-07-31 11:20:00,218.0,218.0,218.0,218.0,24,218.0,2492
2026-07-31 11:40:00,218.0,218.0,218.0,218.0,7,218.0,2492
2026-07-31 12:00:00,218.0,218.0,218.0,218.0,5,218.0,2492
2026-07-31 12:20:00,218.0,218.0,218.0,218.0,2,218.0,2492
2026-07-31 12:40:00,218.0,218.0,218.0,218.0,9,218.0,2492
2026-07-31 13:00:00,218.0,218.0,218.0,218.0,6,218.0,2492
2026-07-31 13:20:00,218.0,218.0,218.0,218.0,18,218.0,2492
2026-07-31 13:30:00,218.0,218.0,218.0,218.0,26,218.0,2492
2026-08-03 09:00:00,226.5,226.5,226.5,226.5,164,226.5,2492
2026-08-03 09:20:00,239.5,239.5,239.5,239.5,282,234.72,2492
2026-08-03 09:40:00,239.5,239.5,239.5,239.5,824,237.82,2492
2026-08-03 10:00:00,239.5,239.5,239.5,239.5,502,238.3,2492
2026-08-03 10:20:00,239.5,239.5,239.5,239.5,221,238.43,2492
2026-08-03 10:40:00,239.5,239.5,239.5,239.5,18,238.44,2492
2026-08-03 11:00:00,239.5,239.5,239.5,239.5,34,238.46,2492
2026-08-03 11:20:00,239.5,239.5,239.5,239.5,52,238.48,2492
2026-08-03 11:40:00,239.5,239.5,239.5,239.5,17,238.49,2492
2026-08-03 12:00:00,239.5,239.5,239.5,239.5,10,238.5,2492
2026-08-03 12:20:00,239.5,239.5,239.5,239.5,19,238.51,2492
2026-08-03 12:40:00,239.5,239.5,239.5,239.5,6,238.51,2492
2026-08-03 13:00:00,239.5,239.5,239.5,239.5,4,238.51,2492
2026-08-03 13:20:00,239.5,239.5,239.5,239.5,30,238.52,2492
2026-08-03 13:30:00,239.5,239.5,239.5,239.5,9,238.53,2492
2026-08-04 09:00:00,251.0,258.5,248.5,254.0,4093,252.95,2492
2026-08-04 09:05:00,254.0,258.0,249.0,251.5,1990,252.95,2492
2026-08-04 09:10:00,252.0,261.0,251.0,254.0,2161,253.98,2492
2026-08-04 09:15:00,254.5,256.0,243.5,252.0,2004,252.86,2492
2026-08-04 09:20:00,251.5,256.0,251.0,252.5,1072,252.89,2492
2026-08-04 09:25:00,252.5,258.0,250.0,256.0,696,252.97,2492
2026-08-04 09:30:00,256.0,260.0,256.0,258.5,794,253.3,2492
2026-08-04 09:35:00,258.5,259.5,255.0,256.0,439,253.43,2492
2026-08-04 09:40:00,256.0,261.0,255.5,260.0,565,253.67,2492
2026-08-04 09:45:00,260.0,263.0,259.0,261.0,4406,255.78,2492
2026-08-04 09:50:00,261.0,262.0,260.0,261.5,398,255.88,2492
2026-08-04 09:55:00,262.0,263.0,260.5,263.0,855,256.18,2492
2026-08-04 10:00:00,263.0,263.0,258.0,258.0,1121,256.47,2492
2026-08-04 10:05:00,257.5,259.5,256.5,258.0,412,256.51,2492
2026-08-04 10:10:00,258.0,259.0,256.5,258.5,280,256.52,2492
2026-08-04 10:15:00,258.5,260.0,255.0,258.5,637,256.55,2492
2026-08-04 10:20:00,259.5,261.5,259.5,260.0,288,256.6,2492
2026-08-04 10:25:00,260.0,260.5,258.0,258.0,111,256.61,2492
2026-08-04 10:30:00,258.5,260.0,258.5,258.5,93,256.62,2492
2026-08-04 10:35:00,258.5,259.0,255.0,255.0,301,256.62,2492
2026-08-04 10:40:00,255.0,256.0,253.0,254.0,424,256.57,2492
2026-08-04 10:45:00,254.0,254.0,248.0,251.0,808,256.37,2492
2026-08-04 10:50:00,251.0,252.0,249.5,251.0,377,256.28,2492
2026-08-04 10:55:00,251.0,251.5,247.5,247.5,481,256.15,2492
2026-08-04 11:00:00,248.0,252.5,247.5,251.0,270,256.08,2492
2026-08-04 11:05:00,250.5,251.0,247.0,247.0,216,256.02,2492
2026-08-04 11:10:00,247.5,248.0,245.5,246.0,484,255.84,2492
2026-08-04 11:15:00,246.0,249.5,245.0,249.5,413,255.7,2492
2026-08-04 11:20:00,249.5,252.0,249.5,252.0,335,255.64,2492
2026-08-04 11:25:00,252.0,252.0,250.0,250.5,113,255.62,2492
2026-08-04 11:30:00,251.5,255.0,251.5,254.5,483,255.58,2492
2026-08-04 11:35:00,254.5,254.5,253.0,253.0,135,255.57,2492
2026-08-04 11:40:00,253.0,253.5,251.0,253.5,182,255.55,2492
2026-08-04 11:45:00,253.0,253.5,252.5,253.5,59,255.54,2492
2026-08-04 11:50:00,253.0,254.0,252.0,254.0,98,255.54,2492
2026-08-04 11:55:00,254.0,255.5,252.5,255.0,224,255.52,2492
2026-08-04 12:00:00,255.0,256.0,254.0,254.0,165,255.52,2492
2026-08-04 12:05:00,254.0,256.5,254.0,255.0,176,255.52,2492
2026-08-04 12:10:00,255.0,255.0,253.5,253.5,106,255.52,2492
2026-08-04 12:15:00,254.0,260.0,254.0,259.5,377,255.55,2492
2026-08-04 12:20:00,259.0,260.0,257.0,259.5,238,255.57,2492
2026-08-04 12:25:00,259.0,262.0,258.0,261.0,299,255.61,2492
2026-08-04 12:30:00,261.0,262.5,260.5,261.5,426,255.7,2492
2026-08-04 12:35:00,261.0,261.5,259.0,259.5,214,255.73,2492
2026-08-04 12:40:00,259.5,260.0,258.5,259.0,140,255.75,2492
2026-08-04 12:45:00,258.5,260.5,258.0,258.5,121,255.76,2492
2026-08-04 12:50:00,258.5,262.0,258.0,261.5,353,255.82,2492
2026-08-04 12:55:00,261.0,261.0,258.5,258.5,133,255.84,2492
2026-08-04 13:00:00,259.0,259.5,257.0,257.0,222,255.86,2492
2026-08-04 13:05:00,257.0,258.0,256.5,258.0,114,255.86,2492
2026-08-04 13:10:00,258.0,258.5,255.5,256.0,288,255.87,2492
2026-08-04 13:15:00,256.0,257.0,256.0,256.5,195,255.87,2492
2026-08-04 13:20:00,256.0,258.5,256.0,256.0,486,255.89,2492
2026-08-04 13:30:00,259.5,259.5,259.5,259.5,705,255.97,2492
2026-08-05 09:00:00,274.0,283.5,274.0,277.0,3575,278.3,2492
2026-08-05 09:05:00,276.5,279.0,270.0,273.0,2047,276.62,2492
2026-08-05 09:10:00,273.0,273.0,263.5,265.0,2267,274.41,2492
2026-08-05 09:15:00,264.5,265.5,259.5,260.5,2479,271.59,2492
2026-08-05 09:20:00,260.0,264.0,260.0,261.5,964,270.77,2492
2026-08-05 09:25:00,261.0,261.5,256.0,258.0,2457,268.63,2492
2026-08-05 09:30:00,257.5,262.0,254.0,262.0,2233,267.09,2492
2026-08-05 09:35:00,262.0,266.0,261.0,265.0,1542,266.74,2492
2026-08-05 09:40:00,265.0,270.0,264.5,268.5,2884,266.91,2492
2026-08-05 09:45:00,268.0,269.5,266.0,267.5,979,266.96,2492
2026-08-05 09:50:00,267.5,273.0,266.5,271.5,1968,267.19,2492
2026-08-05 09:55:00,272.0,272.5,267.0,270.0,1172,267.33,2492
2026-08-05 10:00:00,269.5,270.0,265.5,267.0,775,267.35,2492
2026-08-05 10:05:00,267.0,269.0,266.0,269.0,387,267.35,2492
2026-08-05 10:10:00,269.0,269.0,264.5,264.5,614,267.34,2492
2026-08-05 10:15:00,265.0,265.5,263.0,265.5,735,267.26,2492
2026-08-05 10:20:00,265.5,268.0,265.0,267.0,354,267.24,2492
2026-08-05 10:25:00,267.5,273.0,266.5,269.5,2052,267.46,2492
2026-08-05 10:30:00,269.5,270.0,266.5,268.0,358,267.47,2492
2026-08-05 10:35:00,268.0,269.0,267.0,267.5,381,267.48,2492
2026-08-05 10:40:00,267.0,269.0,266.5,269.0,210,267.48,2492
2026-08-05 10:45:00,269.0,270.5,268.5,269.0,453,267.52,2492
2026-08-05 10:50:00,268.5,270.0,267.5,270.0,262,267.53,2492
2026-08-05 10:55:00,270.0,270.0,267.5,268.0,275,267.54,2492
2026-08-05 11:00:00,268.0,268.5,268.0,268.5,104,267.54,2492
2026-08-05 11:05:00,268.5,268.5,266.5,266.5,280,267.54,2492
2026-08-05 11:10:00,266.5,267.0,264.5,264.5,376,267.52,2492
2026-08-05 11:15:00,265.0,265.5,264.5,265.0,322,267.49,2492
2026-08-05 11:20:00,265.0,266.0,264.0,264.0,243,267.48,2492
2026-08-05 11:25:00,264.0,264.5,262.0,262.5,593,267.41,2492
2026-08-05 11:30:00,262.0,262.0,260.5,262.0,723,267.28,2492
2026-08-05 11:35:00,262.0,263.0,260.5,263.0,257,267.23,2492
2026-08-05 11:40:00,263.0,266.0,262.5,263.5,691,267.18,2492
2026-08-05 11:45:00,263.0,264.5,261.0,261.0,420,267.13,2492
2026-08-05 11:50:00,261.5,262.5,261.0,261.5,334,267.08,2492
2026-08-05 11:55:00,261.0,262.5,261.0,262.0,149,267.05,2492
2026-08-05 12:00:00,261.5,262.0,260.5,261.0,380,266.99,2492
2026-08-05 12:05:00,261.5,261.5,260.5,261.0,87,266.98,2492
2026-08-05 12:10:00,261.0,261.5,260.5,260.5,211,266.95,2492
2026-08-05 12:15:00,260.5,261.0,258.5,258.5,634,266.82,2492
2026-08-05 12:20:00,258.5,259.5,258.5,259.0,311,266.75,2492
2026-08-05 12:25:00,259.0,260.0,258.0,258.5,591,266.64,2492
2026-08-05 12:30:00,259.0,260.0,258.5,260.0,175,266.6,2492
2026-08-05 12:35:00,259.5,260.0,257.5,260.0,686,266.46,2492
2026-08-05 12:40:00,260.0,260.5,259.0,260.0,198,266.43,2492
2026-08-05 12:45:00,260.0,260.0,259.0,259.5,99,266.41,2492
2026-08-05 12:50:00,259.0,259.5,257.5,259.0,348,266.34,2492
2026-08-05 12:55:00,259.5,260.0,259.0,260.0,149,266.32,2492
2026-08-05 13:00:00,260.0,260.0,259.5,259.5,229,266.28,2492
2026-08-05 13:05:00,259.5,260.0,259.5,259.5,191,266.25,2492
2026-08-05 13:10:00,259.5,260.0,259.0,259.0,485,266.16,2492
2026-08-05 13:15:00,259.0,259.0,258.0,258.0,373,266.09,2492
2026-08-05 13:20:00,258.0,258.5,257.0,257.0,770,265.94,2492
2026-08-05 13:30:00,259.5,259.5,259.5,259.5,1254,265.75,2492
2026-08-06 09:00:00,256.0,256.0,246.0,250.0,1605,250.16,2492
2026-08-06 09:05:00,250.0,253.0,247.0,252.0,852,249.84,2492
2026-08-06 09:10:00,253.0,254.0,243.0,244.5,1788,248.69,2492
2026-08-06 09:15:00,244.0,244.5,239.0,241.0,2465,245.94,2492
2026-08-06 09:20:00,241.0,241.5,237.0,240.0,1194,244.9,2492
2026-08-06 09:25:00,240.5,241.5,239.0,241.0,535,244.61,2492
2026-08-06 09:30:00,241.0,241.5,236.5,238.0,1085,243.96,2492
2026-08-06 09:35:00,238.0,242.5,238.0,242.5,709,243.68,2492
2026-08-06 09:40:00,242.5,243.5,241.0,241.5,405,243.63,2492
2026-08-06 09:45:00,241.0,242.5,241.0,241.5,255,243.58,2492
2026-08-06 09:50:00,241.5,243.0,241.5,242.0,249,243.54,2492
2026-08-06 09:55:00,242.5,242.5,239.0,240.0,563,243.38,2492
2026-08-06 10:00:00,240.0,244.0,240.0,244.0,348,243.37,2492
2026-08-06 10:05:00,244.0,245.0,243.5,245.0,302,243.4,2492
2026-08-06 10:10:00,245.0,246.0,244.5,245.5,480,243.47,2492
2026-08-06 10:15:00,246.0,250.0,246.0,248.0,673,243.71,2492
2026-08-06 10:20:00,248.0,252.0,247.0,251.5,564,243.97,2492
2026-08-06 10:25:00,251.0,252.5,250.0,252.0,631,244.27,2492
2026-08-06 10:30:00,252.0,255.0,250.0,253.0,772,244.7,2492
2026-08-06 10:35:00,253.0,255.0,253.0,254.0,384,244.92,2492
2026-08-06 10:40:00,254.0,258.0,254.0,257.5,915,245.53,2492
2026-08-06 10:45:00,257.5,258.0,255.5,257.0,527,245.87,2492
2026-08-06 10:50:00,257.0,258.0,256.5,257.0,270,246.04,2492
2026-08-06 10:55:00,257.0,257.0,253.5,253.5,349,246.22,2492
2026-08-06 11:00:00,253.5,254.5,253.5,253.5,256,246.33,2492
2026-08-06 11:05:00,254.0,254.0,250.0,251.0,443,246.45,2492
2026-08-06 11:10:00,251.0,252.5,250.5,252.5,179,246.5,2492
2026-08-06 11:15:00,252.5,252.5,250.0,250.0,253,246.56,2492
2026-08-06 11:20:00,250.0,251.5,249.0,251.0,325,246.62,2492
2026-08-06 11:25:00,251.5,251.5,248.0,248.5,210,246.65,2492
2026-08-06 11:30:00,248.5,250.0,248.0,249.0,197,246.68,2492
2026-08-06 11:35:00,249.0,251.5,249.0,251.5,171,246.71,2492
2026-08-06 11:40:00,252.0,252.0,250.0,250.5,85,246.73,2492
2026-08-06 11:45:00,250.5,253.0,250.0,252.5,298,246.79,2492
2026-08-06 11:50:00,252.5,252.5,251.5,252.0,149,246.83,2492
2026-08-06 11:55:00,252.0,253.5,251.5,253.0,106,246.86,2492
2026-08-06 12:00:00,253.0,253.5,251.5,252.5,123,246.89,2492
2026-08-06 12:05:00,252.0,255.0,252.0,255.0,239,246.97,2492
2026-08-06 12:10:00,254.5,254.5,252.5,252.5,92,247.0,2492
2026-08-06 12:15:00,252.0,253.0,252.0,252.5,103,247.02,2492
2026-08-06 12:20:00,252.5,253.5,252.0,253.5,122,247.06,2492
2026-08-06 12:25:00,253.5,254.0,253.0,253.0,82,247.08,2492
2026-08-06 12:30:00,253.0,254.0,253.0,253.5,143,247.12,2492
2026-08-06 12:35:00,253.0,253.5,252.0,252.0,110,247.15,2492
2026-08-06 12:40:00,252.0,252.5,251.5,251.5,115,247.18,2492
2026-08-06 12:45:00,251.5,252.5,251.5,252.5,191,247.22,2492
2026-08-06 12:50:00,252.5,253.5,252.5,253.0,122,247.25,2492
2026-08-06 12:55:00,252.5,253.5,252.5,253.5,146,247.29,2492
2026-08-06 13:00:00,253.5,259.5,253.0,257.5,949,247.65,2492
2026-08-06 13:05:00,257.5,257.5,255.5,256.5,219,247.73,2492
2026-08-06 13:10:00,256.0,257.5,256.0,256.5,377,247.88,2492
2026-08-06 13:15:00,256.5,259.0,256.0,258.0,421,248.04,2492
2026-08-06 13:20:00,258.0,258.5,256.0,256.5,259,248.14,2492
2026-08-06 13:30:00,256.5,256.5,256.5,256.5,741,248.39,2492
2026-08-07 09:00:00,254.5,259.0,252.5,254.5,991,255.56,2492
2026-08-07 09:05:00,254.5,256.0,250.5,251.0,635,254.71,2492
2026-08-07 09:10:00,251.5,252.5,245.5,245.5,1056,252.23,2492
2026-08-07 09:15:00,246.0,251.0,245.5,249.0,511,251.61,2492
2026-08-07 09:20:00,249.5,251.0,248.0,250.0,297,251.44,2492
2026-08-07 09:25:00,250.0,251.0,248.5,248.5,274,251.33,2492
2026-08-07 09:30:00,248.5,250.0,248.5,248.5,165,251.23,2492
2026-08-07 09:35:00,249.0,249.0,245.5,245.5,478,250.77,2492
2026-08-07 09:40:00,245.5,248.5,245.0,248.0,285,250.51,2492
2026-08-07 09:45:00,248.5,249.0,246.5,248.0,141,250.43,2492
2026-08-07 09:50:00,248.5,248.5,247.0,247.5,83,250.38,2492
2026-08-07 09:55:00,247.5,248.5,247.0,247.0,89,250.33,2492
2026-08-07 10:00:00,247.0,248.5,247.0,248.5,70,250.29,2492
2026-08-07 10:05:00,248.5,249.0,247.5,247.5,109,250.25,2492
2026-08-07 10:10:00,247.5,251.0,247.5,250.5,182,250.24,2492
2026-08-07 10:15:00,250.0,251.0,250.0,250.5,93,250.25,2492
2026-08-07 10:20:00,250.0,251.5,250.0,251.0,174,250.27,2492
2026-08-07 10:25:00,250.5,250.5,249.0,250.5,70,250.27,2492
2026-08-07 10:30:00,250.0,250.5,249.5,250.0,49,250.26,2492
2026-08-07 10:35:00,250.0,250.0,248.5,248.5,59,250.25,2492
2026-08-07 10:40:00,249.0,249.0,248.5,248.5,28,250.24,2492
2026-08-07 10:45:00,248.5,249.5,248.0,249.5,81,250.22,2492
2026-08-07 10:50:00,249.5,249.5,248.5,248.5,41,250.21,2492
2026-08-07 10:55:00,248.5,249.0,247.5,247.5,70,250.19,2492
2026-08-07 11:00:00,247.5,249.0,247.5,248.0,57,250.17,2492
2026-08-07 11:05:00,248.0,248.0,247.5,247.5,49,250.15,2492
2026-08-07 11:10:00,248.0,248.5,247.5,247.5,65,250.12,2492
2026-08-07 11:15:00,247.5,247.5,246.5,247.0,175,250.04,2492
2026-08-07 11:20:00,247.0,247.5,246.0,247.0,90,249.99,2492
2026-08-07 11:25:00,247.0,247.0,245.5,246.5,231,249.86,2492
2026-08-07 11:30:00,247.0,248.5,246.5,247.0,106,249.82,2492
2026-08-07 11:35:00,248.0,248.5,247.5,248.5,88,249.8,2492
2026-08-07 11:40:00,248.5,248.5,248.0,248.0,25,249.8,2492
2026-08-07 11:45:00,248.0,248.5,248.0,248.5,18,249.79,2492
2026-08-07 11:50:00,248.5,248.5,248.0,248.0,58,249.78,2492
2026-08-07 11:55:00,248.0,248.0,247.0,247.5,41,249.77,2492
2026-08-07 12:00:00,247.5,247.5,246.0,246.5,95,249.73,2492
2026-08-07 12:05:00,246.0,247.5,246.0,247.5,68,249.7,2492
2026-08-07 12:10:00,247.5,249.5,247.0,249.0,265,249.66,2492
2026-08-07 12:15:00,249.0,249.0,247.0,248.0,78,249.64,2492
2026-08-07 12:20:00,248.0,249.0,247.5,249.0,54,249.63,2492
2026-08-07 12:25:00,249.0,249.0,248.0,248.0,156,249.6,2492
2026-08-07 12:30:00,248.5,249.5,248.0,248.0,102,249.59,2492
2026-08-07 12:35:00,248.0,248.5,247.0,247.5,79,249.57,2492
2026-08-07 12:40:00,247.0,247.5,246.0,246.0,213,249.49,2492
2026-08-07 12:45:00,246.0,246.5,245.5,246.0,146,249.43,2492
2026-08-07 12:50:00,246.0,246.5,243.5,244.0,454,249.18,2492
2026-08-07 12:55:00,244.0,246.0,244.0,246.0,79,249.15,2492
2026-08-07 13:00:00,246.0,248.0,246.0,247.5,206,249.1,2492
2026-08-07 13:05:00,248.0,249.0,247.0,247.0,254,249.07,2492
2026-08-07 13:10:00,247.0,247.5,246.5,247.0,173,249.03,2492
2026-08-07 13:15:00,247.0,249.5,246.5,249.0,366,248.99,2492
2026-08-07 13:20:00,248.5,251.0,248.5,251.0,485,249.02,2492
2026-08-07 13:30:00,251.0,251.0,251.0,251.0,761,249.16,2492
2026-08-10 09:00:00,255.0,262.0,255.0,259.5,2418,258.34,2492
2026-08-10 09:05:00,259.0,262.0,258.0,261.5,1076,258.82,2492
2026-08-10 09:10:00,261.5,263.0,256.5,259.0,1197,258.98,2492
2026-08-10 09:15:00,259.0,261.0,258.0,260.5,342,259.02,2492
2026-08-10 09:20:00,261.0,263.0,260.5,261.5,776,259.38,2492
2026-08-10 09:25:00,261.5,262.0,259.5,260.0,299,259.44,2492
2026-08-10 09:30:00,259.5,259.5,257.5,258.0,425,259.37,2492
2026-08-10 09:35:00,258.5,261.0,258.5,259.5,284,259.4,2492
2026-08-10 09:40:00,259.5,259.5,257.0,259.0,396,259.33,2492
2026-08-10 09:45:00,259.0,261.0,258.5,259.5,271,259.35,2492
2026-08-10 09:50:00,259.5,264.0,259.5,262.5,1004,259.68,2492
2026-08-10 09:55:00,263.5,264.5,261.0,262.0,710,259.94,2492
2026-08-10 10:00:00,262.0,269.5,261.5,267.0,1955,260.96,2492
2026-08-10 10:05:00,267.0,267.5,265.5,266.0,465,261.19,2492
2026-08-10 10:10:00,266.0,268.0,264.0,264.5,612,261.43,2492
2026-08-10 10:15:00,264.5,264.5,262.0,263.5,349,261.48,2492
2026-08-10 10:20:00,263.5,264.5,262.5,263.0,242,261.51,2492
2026-08-10 10:25:00,262.5,262.5,259.5,260.0,629,261.49,2492
2026-08-10 10:30:00,259.5,260.5,259.0,259.5,404,261.43,2492
2026-08-10 10:35:00,259.5,260.0,258.5,259.0,335,261.38,2492
2026-08-10 10:40:00,259.0,259.5,257.0,257.5,763,261.19,2492
2026-08-10 10:45:00,257.0,261.0,257.0,261.0,288,261.16,2492
2026-08-10 10:50:00,261.0,267.5,260.5,264.5,1510,261.49,2492
2026-08-10 10:55:00,264.5,269.5,264.0,268.0,1229,261.91,2492
2026-08-10 11:00:00,268.0,268.5,266.0,266.0,409,262.03,2492
2026-08-10 11:05:00,266.0,267.0,265.5,266.5,245,262.08,2492
2026-08-10 11:10:00,266.0,266.5,263.0,264.0,409,262.14,2492
2026-08-10 11:15:00,264.0,264.5,263.0,264.5,164,262.15,2492
2026-08-10 11:20:00,264.5,266.0,264.0,266.0,94,262.17,2492
2026-08-10 11:25:00,266.0,268.0,265.5,267.5,486,262.3,2492
2026-08-10 11:30:00,267.5,267.5,265.0,265.0,180,262.33,2492
2026-08-10 11:35:00,265.5,266.5,264.5,266.0,211,262.37,2492
2026-08-10 11:40:00,266.5,268.5,266.0,268.5,485,262.5,2492
2026-08-10 11:45:00,268.5,269.0,267.0,267.5,241,262.57,2492
2026-08-10 11:50:00,267.5,267.5,266.0,266.5,130,262.59,2492
2026-08-10 11:55:00,266.5,266.5,265.0,266.5,167,262.62,2492
2026-08-10 12:00:00,266.5,267.0,265.0,265.5,141,262.64,2492
2026-08-10 12:05:00,265.5,267.0,265.0,267.0,90,262.66,2492
2026-08-10 12:10:00,267.0,267.0,265.5,266.0,101,262.68,2492
2026-08-10 12:15:00,265.5,266.0,265.5,266.0,46,262.68,2492
2026-08-10 12:20:00,265.5,266.0,265.5,266.0,76,262.69,2492
2026-08-10 12:25:00,266.5,269.5,266.0,268.5,501,262.82,2492
2026-08-10 12:30:00,268.5,269.0,265.5,265.5,235,262.87,2492
2026-08-10 12:35:00,266.0,266.5,264.5,266.0,258,262.9,2492
2026-08-10 12:40:00,266.5,267.5,265.5,266.5,164,262.92,2492
2026-08-10 12:45:00,266.5,267.0,266.0,266.0,45,262.93,2492
2026-08-10 12:50:00,266.0,267.0,266.0,267.0,186,262.96,2492
2026-08-10 12:55:00,267.0,267.5,266.5,266.5,105,262.98,2492
2026-08-10 13:00:00,266.5,267.5,266.5,267.5,193,263.01,2492
2026-08-10 13:05:00,267.5,270.0,267.0,269.5,644,263.16,2492
2026-08-10 13:10:00,270.0,273.5,269.5,272.0,952,263.49,2492
2026-08-10 13:15:00,272.5,273.0,271.0,272.0,404,263.62,2492
2026-08-10 13:20:00,272.0,273.0,271.0,272.0,554,263.8,2492
2026-08-10 13:30:00,273.5,273.5,273.5,273.5,1209,264.23,2492
2026-08-11 09:00:00,271.0,280.0,270.0,277.5,3898,275.31,2492
2026-08-11 09:05:00,277.0,293.5,276.5,293.5,4471,280.19,2492
2026-08-11 09:10:00,294.0,300.5,294.0,300.5,4682,286.98,2492
2026-08-11 09:15:00,300.5,300.5,292.0,293.5,3536,289.64,2492
2026-08-11 09:20:00,293.5,297.5,292.0,294.0,2210,290.22,2492
2026-08-11 09:25:00,294.0,294.0,288.0,293.0,1966,290.32,2492
2026-08-11 09:30:00,293.0,294.0,289.0,292.5,1538,290.42,2492
2026-08-11 09:35:00,292.0,293.0,287.0,288.0,1297,290.38,2492
2026-08-11 09:40:00,288.0,289.5,285.5,286.0,1291,290.23,2492
2026-08-11 09:45:00,286.0,287.5,283.5,287.5,1108,290.02,2492
2026-08-11 09:50:00,287.5,288.0,285.0,287.5,634,289.94,2492
2026-08-11 09:55:00,287.0,287.5,283.0,283.0,892,289.78,2492
2026-08-11 10:00:00,283.0,284.0,282.0,284.0,604,289.63,2492
2026-08-11 10:05:00,284.0,285.5,280.0,282.0,837,289.42,2492
2026-08-11 10:10:00,282.0,285.5,281.5,285.0,537,289.31,2492
2026-08-11 10:15:00,285.0,285.5,283.5,285.5,316,289.26,2492
2026-08-11 10:20:00,285.5,288.0,285.0,288.0,871,289.2,2492
2026-08-11 10:25:00,287.5,289.0,286.0,287.0,803,289.16,2492
2026-08-11 10:30:00,287.0,292.0,286.5,292.0,984,289.17,2492
2026-08-11 10:35:00,291.5,296.5,290.5,296.0,2404,289.47,2492
2026-08-11 10:40:00,296.0,300.5,296.0,300.5,6184,291.05,2492
2026-08-11 10:45:00,300.5,300.5,300.5,300.5,262,291.11,2492
2026-08-11 10:50:00,300.5,300.5,300.5,300.5,246,291.16,2492
2026-08-11 10:55:00,300.5,300.5,293.5,296.0,1879,291.45,2492
2026-08-11 11:00:00,296.0,298.0,292.5,297.0,912,291.52,2492
2026-08-11 11:05:00,297.0,298.0,295.0,298.0,407,291.57,2492
2026-08-11 11:10:00,298.0,299.5,297.5,299.0,356,291.62,2492
2026-08-11 11:15:00,299.0,300.5,298.5,299.0,2512,292.08,2492
2026-08-11 11:20:00,299.0,300.5,298.5,300.0,428,292.14,2492
2026-08-11 11:25:00,300.0,300.5,300.0,300.5,260,292.19,2492
2026-08-11 11:30:00,300.5,300.5,300.5,300.5,58,292.2,2492
2026-08-11 11:35:00,300.5,300.5,299.0,300.5,915,292.35,2492
2026-08-11 11:40:00,300.5,300.5,300.5,300.5,159,292.38,2492
2026-08-11 11:45:00,300.5,300.5,300.5,300.5,270,292.42,2492
2026-08-11 11:50:00,300.5,300.5,299.0,299.0,383,292.48,2492
2026-08-11 11:55:00,298.5,299.5,297.0,298.5,364,292.52,2492
2026-08-11 12:00:00,298.5,299.0,298.0,299.0,149,292.54,2492
2026-08-11 12:05:00,298.5,300.0,297.5,299.5,146,292.55,2492
2026-08-11 12:10:00,299.5,300.5,299.0,299.5,520,292.63,2492
2026-08-11 12:15:00,299.0,300.5,299.0,300.0,188,292.66,2492
2026-08-11 12:20:00,300.0,300.5,298.0,299.5,188,292.68,2492
2026-08-11 12:25:00,300.0,300.0,298.0,298.5,179,292.7,2492
2026-08-11 12:30:00,298.5,299.5,298.0,299.0,104,292.72,2492
2026-08-11 12:35:00,299.0,299.0,297.5,298.5,243,292.74,2492
2026-08-11 12:40:00,298.5,299.5,298.5,298.5,103,292.75,2492
2026-08-11 12:45:00,299.0,300.0,298.0,299.5,138,292.77,2492
2026-08-11 12:50:00,300.0,300.5,300.0,300.0,495,292.84,2492
2026-08-11 12:55:00,300.0,300.5,300.0,300.5,195,292.87,2492
2026-08-11 13:00:00,300.5,300.5,300.5,300.5,21,292.87,2492
2026-08-11 13:05:00,300.5,300.5,300.5,300.5,92,292.89,2492
2026-08-11 13:10:00,300.5,300.5,300.5,300.5,27,292.89,2492
2026-08-11 13:15:00,300.5,300.5,300.5,300.5,198,292.92,2492
2026-08-11 13:20:00,300.5,300.5,300.5,300.5,23,292.92,2492
2026-08-11 13:30:00,300.5,300.5,300.5,300.5,49,292.93,2492
2026-08-12 09:00:00,298.0,299.5,293.0,299.0,5030,296.51,2492
2026-08-12 09:05:00,299.0,301.0,297.0,300.0,3060,297.39,2492
2026-08-12 09:10:00,300.0,301.5,291.0,292.0,2866,297.0,2492
2026-08-12 09:15:00,292.5,294.0,291.0,291.5,1706,296.35,2492
2026-08-12 09:20:00,291.5,293.0,288.0,291.0,2354,295.32,2492
2026-08-12 09:25:00,291.0,294.5,290.5,293.5,1048,295.16,2492
2026-08-12 09:30:00,293.0,295.5,291.5,295.5,1206,295.06,2492
2026-08-12 09:35:00,295.0,295.5,291.0,291.5,1258,294.96,2492
2026-08-12 09:40:00,291.5,294.5,291.5,294.5,515,294.91,2492
2026-08-12 09:45:00,294.5,294.5,291.5,294.5,1149,294.8,2492
2026-08-12 09:50:00,294.5,297.5,294.0,295.0,2544,294.94,2492
2026-08-12 09:55:00,295.5,296.5,293.0,296.0,1170,294.93,2492
2026-08-12 10:00:00,296.5,297.0,294.5,296.5,950,294.97,2492
2026-08-12 10:05:00,296.5,296.5,294.5,295.5,408,294.98,2492
2026-08-12 10:10:00,295.0,295.5,292.5,293.0,833,294.93,2492
2026-08-12 10:15:00,293.0,295.0,291.0,294.5,934,294.85,2492
2026-08-12 10:20:00,294.5,295.0,292.0,293.0,401,294.83,2492
2026-08-12 10:25:00,293.0,295.0,293.0,295.0,304,294.82,2492
2026-08-12 10:30:00,295.0,300.0,294.0,300.0,2379,295.05,2492
2026-08-12 10:35:00,299.5,306.0,298.5,304.0,4405,296.0,2492
2026-08-12 10:40:00,304.0,311.0,304.0,308.0,4897,297.5,2492
2026-08-12 10:45:00,308.5,312.0,307.0,308.5,2283,298.15,2492
2026-08-12 10:50:00,308.5,308.5,305.0,305.5,1445,298.43,2492
2026-08-12 10:55:00,305.5,305.5,302.0,304.0,1662,298.61,2492
2026-08-12 11:00:00,304.0,304.5,302.0,304.0,752,298.69,2492
2026-08-12 11:05:00,304.0,304.5,299.0,302.0,1175,298.76,2492
2026-08-12 11:10:00,302.0,303.5,301.0,302.5,431,298.79,2492
2026-08-12 11:15:00,302.5,302.5,298.5,300.5,920,298.81,2492
2026-08-12 11:20:00,300.5,300.5,298.5,299.5,420,298.81,2492
2026-08-12 11:25:00,299.0,300.0,297.5,297.5,452,298.81,2492
2026-08-12 11:30:00,297.5,298.0,293.0,294.5,1517,298.7,2492
2026-08-12 11:35:00,294.5,295.0,290.5,290.5,1643,298.51,2492
2026-08-12 11:40:00,290.5,291.5,289.0,290.5,1835,298.23,2492
2026-08-12 11:45:00,291.0,293.5,290.5,293.5,781,298.14,2492
2026-08-12 11:50:00,293.5,294.0,292.0,293.5,436,298.1,2492
2026-08-12 11:55:00,293.5,294.5,293.0,294.5,268,298.08,2492
2026-08-12 12:00:00,294.0,295.0,291.5,294.0,666,298.02,2492
2026-08-12 12:05:00,294.0,294.0,292.0,292.0,299,298.0,2492
2026-08-12 12:10:00,292.5,293.5,292.0,293.0,282,297.97,2492
2026-08-12 12:15:00,292.5,293.0,292.0,293.0,261,297.94,2492
2026-08-12 12:20:00,293.0,293.0,291.5,291.5,325,297.91,2492
2026-08-12 12:25:00,292.0,293.5,291.5,293.0,380,297.87,2492
2026-08-12 12:30:00,293.0,293.5,291.5,291.5,349,297.84,2492
2026-08-12 12:35:00,291.5,292.5,291.5,292.0,234,297.82,2492
2026-08-12 12:40:00,291.5,292.0,290.5,291.5,545,297.76,2492
2026-08-12 12:45:00,291.5,292.0,291.0,292.0,200,297.74,2492
2026-08-12 12:50:00,292.0,292.0,291.0,291.5,381,297.7,2492
2026-08-12 12:55:00,291.5,291.5,291.0,291.5,171,297.68,2492
2026-08-12 13:00:00,291.5,291.5,291.0,291.0,293,297.65,2492
2026-08-12 13:05:00,291.5,292.0,291.0,291.0,686,297.57,2492
2026-08-12 13:10:00,291.5,292.0,290.0,290.0,1285,297.43,2492
2026-08-12 13:15:00,290.0,290.5,289.0,289.5,922,297.32,2492
2026-08-12 13:20:00,290.0,290.0,288.0,288.0,1315,297.15,2492
2026-08-12 13:30:00,288.0,288.0,288.0,288.0,1716,296.91,2492
2026-08-13 09:00:00,299.0,305.0,298.0,300.5,5854,300.96,2492
2026-08-13 09:05:00,300.5,306.0,299.0,304.0,3017,301.84,2492
2026-08-13 09:10:00,304.0,307.0,301.5,305.0,2210,302.28,2492
2026-08-13 09:15:00,305.5,315.5,304.5,314.5,4266,304.39,2492
2026-08-13 09:20:00,314.5,316.5,313.5,316.5,6129,307.75,2492
2026-08-13 09:25:00,316.5,316.5,316.5,316.5,408,307.91,2492
2026-08-13 09:30:00,316.5,316.5,316.5,316.5,356,308.05,2492
2026-08-13 09:35:00,316.5,316.5,316.5,316.5,172,308.11,2492
2026-08-13 09:40:00,316.5,316.5,316.5,316.5,139,308.16,2492
2026-08-13 09:45:00,316.5,316.5,316.5,316.5,78,308.19,2492
2026-08-13 09:50:00,316.5,316.5,316.5,316.5,82,308.22,2492
2026-08-13 09:55:00,316.5,316.5,316.5,316.5,46,308.24,2492
2026-08-13 10:00:00,316.5,316.5,316.5,316.5,59,308.26,2492
2026-08-13 10:05:00,316.5,316.5,316.5,316.5,37,308.27,2492
2026-08-13 10:10:00,316.5,316.5,316.5,316.5,34,308.29,2492
2026-08-13 10:15:00,316.5,316.5,316.5,316.5,68,308.31,2492
2026-08-13 10:20:00,316.5,316.5,316.5,316.5,48,308.33,2492
2026-08-13 10:25:00,316.5,316.5,316.5,316.5,1376,308.79,2492
2026-08-13 10:30:00,316.5,316.5,316.5,316.5,562,308.96,2492
2026-08-13 10:35:00,316.5,316.5,316.5,316.5,313,309.06,2492
2026-08-13 10:40:00,316.5,316.5,316.5,316.5,34,309.07,2492
2026-08-13 10:45:00,316.5,316.5,316.5,316.5,40,309.08,2492
2026-08-13 10:50:00,316.5,316.5,316.5,316.5,36,309.09,2492
2026-08-13 10:55:00,316.5,316.5,316.5,316.5,23,309.09,2492
2026-08-13 11:00:00,316.5,316.5,316.5,316.5,25,309.1,2492
2026-08-13 11:05:00,316.5,316.5,316.5,316.5,23,309.11,2492
2026-08-13 11:10:00,316.5,316.5,316.5,316.5,18,309.11,2492
2026-08-13 11:15:00,316.5,316.5,316.5,316.5,14,309.12,2492
2026-08-13 11:20:00,316.5,316.5,316.5,316.5,65,309.14,2492
2026-08-13 11:25:00,316.5,316.5,316.5,316.5,11,309.14,2492
2026-08-13 11:30:00,316.5,316.5,316.5,316.5,9,309.14,2492
2026-08-13 11:35:00,316.5,316.5,316.5,316.5,14,309.15,2492
2026-08-13 11:40:00,316.5,316.5,316.5,316.5,22,309.15,2492
2026-08-13 11:45:00,316.5,316.5,316.5,316.5,25,309.16,2492
2026-08-13 11:50:00,316.5,316.5,316.5,316.5,13,309.16,2492
2026-08-13 11:55:00,316.5,316.5,316.5,316.5,13,309.17,2492
2026-08-13 12:00:00,316.5,316.5,316.5,316.5,18,309.17,2492
2026-08-13 12:05:00,316.5,316.5,316.5,316.5,13,309.18,2492
2026-08-13 12:10:00,316.5,316.5,316.5,316.5,22,309.18,2492
2026-08-13 12:15:00,316.5,316.5,316.5,316.5,3,309.18,2492
2026-08-13 12:20:00,316.5,316.5,316.5,316.5,42,309.2,2492
2026-08-13 12:25:00,316.5,316.5,316.5,316.5,26,309.2,2492
2026-08-13 12:30:00,316.5,316.5,316.5,316.5,25,309.21,2492
2026-08-13 12:35:00,316.5,316.5,316.5,316.5,8,309.21,2492
2026-08-13 12:40:00,316.5,316.5,316.5,316.5,17,309.22,2492
2026-08-13 12:45:00,316.5,316.5,316.5,316.5,11,309.22,2492
2026-08-13 12:50:00,316.5,316.5,316.5,316.5,16,309.22,2492
2026-08-13 12:55:00,316.5,316.5,316.5,316.5,43,309.24,2492
2026-08-13 13:00:00,316.5,316.5,316.5,316.5,44,309.25,2492
2026-08-13 13:05:00,316.5,316.5,316.5,316.5,29,309.26,2492
2026-08-13 13:10:00,316.5,316.5,316.5,316.5,32,309.27,2492
2026-08-13 13:15:00,316.5,316.5,316.5,316.5,61,309.28,2492
2026-08-13 13:20:00,316.5,316.5,316.5,316.5,106,309.31,2492
2026-08-13 13:30:00,316.5,316.5,316.5,316.5,143,309.35,2492
2026-08-14 09:00:00,321.0,321.5,308.5,312.0,6430,316.87,2492
2026-08-14 09:05:00,312.0,316.0,307.0,313.0,2874,315.38,2492
2026-08-14 09:10:00,312.0,317.5,310.0,315.5,2151,315.25,2492
2026-08-14 09:15:00,316.0,316.0,310.5,313.0,1098,315.01,2492
2026-08-14 09:20:00,313.0,314.0,308.5,310.5,1264,314.62,2492
2026-08-14 09:25:00,310.5,312.5,309.0,312.5,495,314.48,2492
2026-08-14 09:30:00,312.5,314.0,309.0,311.5,1017,314.28,2492
2026-08-14 09:35:00,311.0,315.0,310.5,314.0,1032,314.19,2492
2026-08-14 09:40:00,314.5,319.5,314.0,319.5,3117,314.72,2492
2026-08-14 09:45:00,319.0,322.0,316.5,317.0,2520,315.28,2492
2026-08-14 09:50:00,317.5,319.0,316.5,317.0,664,315.35,2492
2026-08-14 09:55:00,316.5,317.0,314.0,316.5,917,315.35,2492
2026-08-14 10:00:00,316.0,318.0,314.5,317.5,410,315.37,2492
2026-08-14 10:05:00,317.5,318.0,316.0,316.5,413,315.4,2492
2026-08-14 10:10:00,316.5,316.5,314.0,316.0,373,315.4,2492
2026-08-14 10:15:00,315.5,315.5,309.0,310.5,1599,315.14,2492
2026-08-14 10:20:00,310.0,312.5,310.0,311.5,553,315.06,2492
2026-08-14 10:25:00,311.5,312.5,311.0,312.0,255,315.04,2492
2026-08-14 10:30:00,311.5,313.0,311.0,311.5,218,315.01,2492
2026-08-14 10:35:00,311.5,312.0,310.0,310.5,312,314.97,2492
2026-08-14 10:40:00,310.5,311.0,309.5,310.0,489,314.88,2492
2026-08-14 10:45:00,309.5,311.5,309.5,309.5,386,314.82,2492
2026-08-14 10:50:00,309.5,310.0,306.0,306.5,1302,314.51,2492
2026-08-14 10:55:00,306.0,307.0,304.0,305.0,1433,314.09,2492
2026-08-14 11:00:00,305.5,307.0,304.0,304.5,648,313.92,2492
2026-08-14 11:05:00,304.5,304.5,301.0,304.0,1023,313.57,2492
2026-08-14 11:10:00,304.0,307.0,302.0,307.0,792,313.35,2492
2026-08-14 11:15:00,307.0,309.0,306.0,307.5,948,313.2,2492
2026-08-14 11:20:00,307.5,314.5,307.0,313.0,1655,313.12,2492
2026-08-14 11:25:00,313.0,318.0,312.5,312.5,1705,313.21,2492
2026-08-14 11:30:00,312.5,313.0,311.0,312.0,331,313.2,2492
2026-08-14 11:35:00,312.0,312.5,310.0,312.0,269,313.18,2492
2026-08-14 11:40:00,311.5,312.0,310.0,310.0,421,313.15,2492
2026-08-14 11:45:00,310.0,310.5,309.0,309.0,827,313.08,2492
2026-08-14 11:50:00,309.0,310.0,308.0,309.5,340,313.05,2492
2026-08-14 11:55:00,309.5,309.5,308.0,308.0,185,313.03,2492
2026-08-14 12:00:00,308.0,308.5,307.0,307.5,248,312.99,2492
2026-08-14 12:05:00,307.5,308.0,307.0,307.5,122,312.98,2492
2026-08-14 12:10:00,307.0,307.0,305.0,305.5,458,312.9,2492
2026-08-14 12:15:00,305.5,307.5,305.5,305.5,227,312.86,2492
2026-08-14 12:20:00,305.5,306.0,305.0,305.5,181,312.83,2492
2026-08-14 12:25:00,305.0,305.5,304.0,305.5,490,312.73,2492
2026-08-14 12:30:00,305.5,305.5,302.5,303.0,373,312.65,2492
2026-08-14 12:35:00,303.0,305.5,302.5,305.5,476,312.55,2492
2026-08-14 12:40:00,306.0,306.0,304.0,304.0,234,312.51,2492
2026-08-14 12:45:00,304.0,304.5,303.0,303.5,195,312.47,2492
2026-08-14 12:50:00,304.0,304.0,302.5,303.0,244,312.42,2492
2026-08-14 12:55:00,303.0,305.0,302.5,305.0,241,312.37,2492
2026-08-14 13:00:00,305.0,305.5,303.5,303.5,288,312.32,2492
2026-08-14 13:05:00,303.5,303.5,302.0,302.0,654,312.18,2492
2026-08-14 13:10:00,302.5,304.0,302.0,303.5,507,312.08,2492
2026-08-14 13:15:00,303.5,306.0,303.5,305.5,774,311.95,2492
2026-08-14 13:20:00,305.5,305.5,303.0,303.5,922,311.79,2492
2026-08-14 13:30:00,302.5,302.5,302.5,302.5,1342,311.54,2492
2026-08-17 09:00:00,298.0,298.0,290.0,290.0,3450,293.76,2492
2026-08-17 09:05:00,290.0,293.5,290.0,292.0,1396,293.13,2492
2026-08-17 09:10:00,292.0,297.0,290.5,292.5,1253,293.11,2492
2026-08-17 09:15:00,293.0,294.5,289.0,293.0,1559,292.69,2492
2026-08-17 09:20:00,293.5,294.5,290.5,291.0,491,292.62,2492
2026-08-17 09:25:00,291.0,294.0,290.5,294.0,1120,292.49,2492
2026-08-17 09:30:00,293.5,294.0,291.5,292.0,378,292.5,2492
2026-08-17 09:35:00,291.5,293.5,291.5,293.0,388,292.49,2492
2026-08-17 09:40:00,293.5,293.5,291.0,291.0,433,292.47,2492
2026-08-17 09:45:00,291.0,292.0,290.5,291.5,441,292.41,2492
2026-08-17 09:50:00,291.5,291.5,288.0,288.5,1430,292.07,2492
2026-08-17 09:55:00,289.0,293.5,288.5,293.0,925,291.99,2492
2026-08-17 10:00:00,293.0,294.5,292.5,293.0,643,292.06,2492
2026-08-17 10:05:00,293.0,295.0,291.5,295.0,682,292.13,2492
2026-08-17 10:10:00,295.0,295.5,294.0,294.5,822,292.27,2492
2026-08-17 10:15:00,295.0,295.0,293.5,293.5,216,292.29,2492
2026-08-17 10:20:00,293.5,296.0,293.5,296.0,454,292.36,2492
2026-08-17 10:25:00,296.0,299.5,295.5,296.5,1446,292.8,2492
2026-08-17 10:30:00,296.5,297.5,295.0,295.5,354,292.87,2492
2026-08-17 10:35:00,295.5,297.5,295.0,296.5,318,292.94,2492
2026-08-17 10:40:00,296.0,296.5,295.0,295.5,210,292.97,2492
2026-08-17 10:45:00,295.5,297.0,294.5,294.5,295,293.01,2492
2026-08-17 10:50:00,295.0,295.0,294.0,294.5,153,293.02,2492
2026-08-17 10:55:00,294.5,294.5,293.0,294.0,291,293.03,2492
2026-08-17 11:00:00,294.0,294.5,293.5,294.0,139,293.04,2492
2026-08-17 11:05:00,294.0,294.5,293.5,294.5,95,293.04,2492
2026-08-17 11:10:00,294.0,294.0,292.5,293.0,280,293.05,2492
2026-08-17 11:15:00,293.0,294.0,292.5,292.5,516,293.04,2492
2026-08-17 11:20:00,292.0,293.0,292.0,293.0,255,293.03,2492
2026-08-17 11:25:00,293.0,293.0,292.0,292.0,115,293.03,2492
2026-08-17 11:30:00,292.5,293.0,292.0,293.0,186,293.02,2492
2026-08-17 11:35:00,293.0,293.5,292.5,293.5,86,293.02,2492
2026-08-17 11:40:00,293.5,293.5,293.0,293.0,78,293.03,2492
2026-08-17 11:45:00,293.0,293.0,292.5,293.0,131,293.02,2492
2026-08-17 11:50:00,293.0,293.0,291.5,292.0,141,293.02,2492
2026-08-17 11:55:00,292.0,293.5,291.5,293.5,169,293.01,2492
2026-08-17 12:00:00,293.5,293.5,292.5,293.5,102,293.01,2492
2026-08-17 12:05:00,293.5,294.0,293.0,293.5,87,293.02,2492
2026-08-17 12:10:00,293.5,293.5,293.0,293.5,36,293.02,2492
2026-08-17 12:15:00,293.5,293.5,292.5,292.5,158,293.02,2492
2026-08-17 12:20:00,292.5,293.0,292.5,293.0,65,293.02,2492
2026-08-17 12:25:00,292.5,293.0,292.5,293.0,56,293.01,2492
2026-08-17 12:30:00,292.5,294.5,292.0,294.5,433,293.01,2492
2026-08-17 12:35:00,294.5,294.5,293.0,293.5,141,293.02,2492
2026-08-17 12:40:00,293.5,293.5,293.0,293.0,95,293.02,2492
2026-08-17 12:45:00,293.0,293.5,292.0,292.0,160,293.02,2492
2026-08-17 12:50:00,292.5,293.0,292.0,293.0,236,293.01,2492
2026-08-17 12:55:00,293.0,293.0,291.5,291.5,160,293.01,2492
2026-08-17 13:00:00,292.0,294.0,291.5,293.5,570,293.0,2492
2026-08-17 13:05:00,294.0,294.5,292.5,294.0,519,293.01,2492
2026-08-17 13:10:00,294.0,294.5,293.0,293.5,224,293.02,2492
2026-08-17 13:15:00,293.5,293.5,292.5,292.5,342,293.02,2492
2026-08-17 13:20:00,292.5,293.0,291.5,292.0,545,293.0,2492
2026-08-17 13:30:00,291.5,291.5,291.5,291.5,1026,292.94,2492
2026-08-18 09:00:00,292.0,295.0,289.0,292.5,1837,292.36,2492
2026-08-18 09:05:00,292.0,295.5,290.0,291.5,1291,292.48,2492
2026-08-18 09:10:00,291.5,295.5,290.5,295.5,953,292.67,2492
2026-08-18 09:15:00,295.0,296.0,291.0,291.5,710,292.78,2492
2026-08-18 09:20:00,291.0,293.0,290.0,293.0,554,292.63,2492
2026-08-18 09:25:00,292.5,294.0,291.5,293.5,324,292.64,2492
2026-08-18 09:30:00,294.0,294.0,291.0,291.0,305,292.62,2492
2026-08-18 09:35:00,291.5,298.0,291.0,298.0,1671,293.25,2492
2026-08-18 09:40:00,298.0,301.0,294.0,294.0,1700,294.23,2492
2026-08-18 09:45:00,294.0,296.0,294.0,295.0,537,294.26,2492
2026-08-18 09:50:00,295.5,295.5,291.0,291.5,556,294.18,2492
2026-08-18 09:55:00,291.5,293.5,291.0,292.0,313,294.12,2492
2026-08-18 10:00:00,292.5,294.5,292.5,294.0,267,294.11,2492
2026-08-18 10:05:00,294.0,294.0,292.5,292.5,196,294.09,2492
2026-08-18 10:10:00,292.5,293.5,289.0,289.5,1122,293.78,2492
2026-08-18 10:15:00,289.0,290.0,287.0,288.5,864,293.43,2492
2026-08-18 10:20:00,288.5,289.0,286.0,286.0,562,293.17,2492
2026-08-18 10:25:00,286.0,289.0,285.0,287.0,514,292.92,2492
2026-08-18 10:30:00,287.0,289.0,286.5,288.5,182,292.86,2492
2026-08-18 10:35:00,288.5,290.5,288.0,290.5,178,292.82,2492
2026-08-18 10:40:00,290.5,290.5,289.5,289.5,179,292.79,2492
2026-08-18 10:45:00,289.5,289.5,287.0,288.0,226,292.72,2492
2026-08-18 10:50:00,288.0,288.0,287.0,288.0,86,292.69,2492
2026-08-18 10:55:00,287.5,288.0,287.0,288.0,107,292.65,2492
2026-08-18 11:00:00,288.0,288.5,287.0,287.0,120,292.61,2492
2026-08-18 11:05:00,287.0,287.5,286.5,287.5,126,292.56,2492
2026-08-18 11:10:00,287.0,287.5,286.0,286.5,111,292.52,2492
2026-08-18 11:15:00,286.5,287.5,286.5,287.0,89,292.49,2492
2026-08-18 11:20:00,287.5,287.5,286.0,286.5,294,292.38,2492
2026-08-18 11:25:00,286.5,287.5,286.0,286.0,87,292.34,2492
2026-08-18 11:30:00,286.0,286.5,285.0,285.0,305,292.22,2492
2026-08-18 11:35:00,285.0,287.5,285.0,286.0,148,292.16,2492
2026-08-18 11:40:00,286.0,287.0,285.5,287.0,117,292.12,2492
2026-08-18 11:45:00,287.0,287.5,286.0,286.0,97,292.09,2492
2026-08-18 11:50:00,286.0,287.0,285.0,285.5,137,292.04,2492
2026-08-18 11:55:00,285.0,286.5,285.0,285.0,265,291.94,2492
2026-08-18 12:00:00,285.5,285.5,284.0,284.0,208,291.85,2492
2026-08-18 12:05:00,284.0,285.0,283.5,284.0,221,291.75,2492
2026-08-18 12:10:00,284.0,284.5,284.0,284.0,75,291.72,2492
2026-08-18 12:15:00,284.0,285.0,284.0,284.5,96,291.68,2492
2026-08-18 12:20:00,284.5,285.0,284.0,284.0,172,291.61,2492
2026-08-18 12:25:00,283.5,288.0,283.5,288.0,386,291.49,2492
2026-08-18 12:30:00,288.0,288.0,286.0,286.0,108,291.46,2492
2026-08-18 12:35:00,286.5,288.0,286.5,287.0,201,291.41,2492
2026-08-18 12:40:00,287.0,287.0,286.0,286.0,74,291.4,2492
2026-08-18 12:45:00,286.0,286.0,285.5,285.5,98,291.37,2492
2026-08-18 12:50:00,285.5,285.5,285.0,285.5,129,291.33,2492
2026-08-18 12:55:00,286.0,286.0,285.0,285.0,170,291.28,2492
2026-08-18 13:00:00,285.0,285.5,283.0,283.0,299,291.17,2492
2026-08-18 13:05:00,283.5,284.0,283.5,284.0,195,291.09,2492
2026-08-18 13:10:00,284.0,284.5,283.0,283.0,219,291.01,2492
2026-08-18 13:15:00,283.5,283.5,282.0,282.0,416,290.84,2492
2026-08-18 13:20:00,282.5,283.0,281.0,281.0,594,290.59,2492
2026-08-18 13:30:00,282.0,282.0,282.0,282.0,960,290.21,2492
2026-08-19 09:00:00,270.0,282.5,270.0,282.5,1639,275.43,2492
2026-08-19 09:05:00,282.5,288.5,280.5,288.5,2763,281.89,2492
2026-08-19 09:10:00,290.0,294.0,288.5,292.0,3014,285.63,2492
2026-08-19 09:15:00,291.5,299.0,290.5,298.5,3658,288.55,2492
2026-08-19 09:20:00,299.0,303.0,298.0,298.0,3453,291.29,2492
2026-08-19 09:25:00,298.5,299.5,296.0,296.5,1199,291.76,2492
2026-08-19 09:30:00,297.0,298.5,294.0,294.5,1153,292.11,2492
2026-08-19 09:35:00,294.0,303.0,293.0,299.5,3742,293.43,2492
2026-08-19 09:40:00,300.0,302.0,299.0,301.0,930,293.73,2492
2026-08-19 09:45:00,301.5,302.5,299.5,302.0,808,293.99,2492
2026-08-19 09:50:00,301.5,304.0,300.0,300.5,1468,294.49,2492
2026-08-19 09:55:00,300.5,306.5,300.0,305.0,1887,295.19,2492
2026-08-19 10:00:00,304.5,308.0,303.5,306.0,1778,295.88,2492
2026-08-19 10:05:00,305.5,306.0,299.0,300.0,1718,296.2,2492
2026-08-19 10:10:00,300.0,301.0,298.0,299.5,945,296.31,2492
2026-08-19 10:15:00,299.0,303.0,299.0,302.0,659,296.42,2492
2026-08-19 10:20:00,302.0,302.0,300.5,301.0,358,296.47,2492
2026-08-19 10:25:00,301.0,302.5,300.0,302.5,531,296.56,2492
2026-08-19 10:30:00,302.5,302.5,300.0,300.0,390,296.6,2492
2026-08-19 10:35:00,300.5,301.5,300.0,300.0,265,296.64,2492
2026-08-19 10:40:00,300.0,300.5,300.0,300.0,683,296.71,2492
2026-08-19 10:45:00,300.5,302.0,300.0,302.0,266,296.74,2492
2026-08-19 10:50:00,302.0,302.5,301.5,301.5,132,296.76,2492
2026-08-19 10:55:00,301.0,303.5,301.0,303.0,569,296.87,2492
2026-08-19 11:00:00,302.5,304.0,302.5,303.0,359,296.93,2492
2026-08-19 11:05:00,303.0,304.5,303.0,304.5,352,297.0,2492
2026-08-19 11:10:00,304.5,307.5,304.0,306.0,1134,297.29,2492
2026-08-19 11:15:00,306.0,308.5,306.0,307.5,1295,297.65,2492
2026-08-19 11:20:00,307.5,308.0,306.0,306.5,349,297.74,2492
2026-08-19 11:25:00,306.5,307.0,305.0,305.5,181,297.77,2492
2026-08-19 11:30:00,305.5,306.5,305.0,306.5,187,297.81,2492
2026-08-19 11:35:00,306.5,307.0,306.0,306.5,132,297.84,2492
2026-08-19 11:40:00,306.5,307.0,306.0,306.5,100,297.87,2492
2026-08-19 11:45:00,306.5,307.0,305.0,306.0,198,297.91,2492
2026-08-19 11:50:00,306.0,307.5,305.5,307.0,237,297.96,2492
2026-08-19 11:55:00,307.0,307.5,306.0,306.5,105,297.99,2492
2026-08-19 12:00:00,306.0,306.0,305.0,305.0,97,298.01,2492
2026-08-19 12:05:00,305.0,305.0,303.0,303.0,400,298.07,2492
2026-08-19 12:10:00,303.0,304.0,302.0,303.5,227,298.1,2492
2026-08-19 12:15:00,303.0,303.5,302.0,302.0,152,298.12,2492
2026-08-19 12:20:00,302.0,302.5,300.5,300.5,377,298.15,2492
2026-08-19 12:25:00,301.0,302.0,300.5,300.5,170,298.16,2492
2026-08-19 12:30:00,301.0,301.0,300.0,300.0,714,298.19,2492
2026-08-19 12:35:00,300.0,301.0,299.5,300.5,401,298.21,2492
2026-08-19 12:40:00,300.5,300.5,297.0,298.5,782,298.23,2492
2026-08-19 12:45:00,298.5,298.5,297.0,297.0,159,298.23,2492
2026-08-19 12:50:00,297.0,298.5,296.5,298.5,482,298.21,2492
2026-08-19 12:55:00,298.5,298.5,297.0,298.0,250,298.21,2492
2026-08-19 13:00:00,298.0,300.0,297.5,299.5,289,298.22,2492
2026-08-19 13:05:00,299.5,300.0,299.0,299.5,121,298.22,2492
2026-08-19 13:10:00,299.5,300.0,299.0,299.0,198,298.23,2492
2026-08-19 13:15:00,299.5,299.5,297.0,297.0,494,298.23,2492
2026-08-19 13:20:00,296.5,298.0,296.5,297.5,769,298.21,2492
2026-08-19 13:30:00,298.0,298.0,298.0,298.0,1165,298.2,2492
2026-08-20 09:00:00,300.0,301.0,293.0,295.0,6252,297.73,2492
2026-08-20 09:05:00,294.5,294.5,291.0,291.5,2132,296.47,2492
2026-08-20 09:10:00,291.5,291.5,288.0,289.0,2664,294.78,2492
2026-08-20 09:15:00,288.5,291.0,285.0,286.0,2404,293.53,2492
2026-08-20 09:20:00,286.0,286.0,281.0,281.5,2478,292.0,2492
2026-08-20 09:25:00,281.5,283.5,279.5,281.0,2574,290.5,2492
2026-08-20 09:30:00,280.5,281.0,278.0,279.5,1389,289.74,2492
2026-08-20 09:35:00,279.5,281.5,278.0,280.0,1563,288.97,2492
2026-08-20 09:40:00,280.0,281.5,279.5,279.5,1125,288.55,2492
2026-08-20 09:45:00,279.0,279.5,276.0,277.0,1679,287.77,2492
2026-08-20 09:50:00,277.0,279.0,277.0,278.0,570,287.55,2492
2026-08-20 09:55:00,278.0,278.5,275.0,275.5,1196,287.03,2492
2026-08-20 10:00:00,276.0,279.0,275.0,279.0,595,286.81,2492
2026-08-20 10:05:00,279.0,279.5,277.5,278.0,565,286.64,2492
2026-08-20 10:10:00,277.5,278.0,276.5,276.5,443,286.48,2492
2026-08-20 10:15:00,276.5,277.0,274.0,275.5,1583,285.87,2492
2026-08-20 10:20:00,275.0,276.0,272.0,273.0,1031,285.44,2492
2026-08-20 10:25:00,272.5,274.0,272.0,273.5,582,285.2,2492
2026-08-20 10:30:00,273.5,276.5,273.5,276.0,528,285.04,2492
2026-08-20 10:35:00,276.0,276.5,274.0,275.0,412,284.9,2492
2026-08-20 10:40:00,275.0,276.0,274.5,274.5,234,284.83,2492
2026-08-20 10:45:00,275.0,275.0,273.0,273.0,347,284.72,2492
2026-08-20 10:50:00,273.5,273.5,271.5,271.5,871,284.39,2492
2026-08-20 10:55:00,271.5,273.0,271.0,272.5,256,284.29,2492
2026-08-20 11:00:00,273.0,274.0,272.5,274.0,290,284.2,2492
2026-08-20 11:05:00,274.0,274.0,272.5,273.0,196,284.14,2492
2026-08-20 11:10:00,273.0,273.5,272.5,273.5,97,284.1,2492
2026-08-20 11:15:00,273.5,273.5,272.5,273.0,174,284.05,2492
2026-08-20 11:20:00,272.5,273.0,272.0,272.0,227,283.97,2492
2026-08-20 11:25:00,272.0,272.5,272.0,272.5,85,283.94,2492
2026-08-20 11:30:00,272.5,272.5,271.0,271.5,417,283.79,2492
2026-08-20 11:35:00,271.5,271.5,271.0,271.0,295,283.69,2492
2026-08-20 11:40:00,271.0,272.5,271.0,272.0,339,283.57,2492
2026-08-20 11:45:00,272.0,273.0,272.0,272.5,172,283.52,2492
2026-08-20 11:50:00,272.5,272.5,271.5,272.0,222,283.44,2492
2026-08-20 11:55:00,272.0,272.0,271.5,272.0,66,283.42,2492
2026-08-20 12:00:00,272.0,272.0,271.0,272.0,286,283.33,2492
2026-08-20 12:05:00,271.5,273.0,271.5,272.5,278,283.24,2492
2026-08-20 12:10:00,272.5,274.0,272.5,274.0,235,283.18,2492
2026-08-20 12:15:00,274.0,275.0,273.5,274.5,319,283.1,2492
2026-08-20 12:20:00,274.5,274.5,273.5,274.0,237,283.05,2492
2026-08-20 12:25:00,274.0,275.0,273.5,273.5,279,282.98,2492
2026-08-20 12:30:00,274.0,274.0,273.0,273.5,203,282.93,2492
2026-08-20 12:35:00,273.5,274.0,272.5,273.5,273,282.86,2492
2026-08-20 12:40:00,273.5,273.5,273.0,273.5,106,282.83,2492
2026-08-20 12:45:00,273.5,273.5,272.5,273.0,287,282.76,2492
2026-08-20 12:50:00,273.0,273.0,272.0,272.5,423,282.65,2492
2026-08-20 12:55:00,272.5,272.5,272.0,272.0,139,282.61,2492
2026-08-20 13:00:00,272.5,272.5,271.5,271.5,602,282.45,2492
2026-08-20 13:05:00,271.5,272.0,271.5,272.0,618,282.29,2492
2026-08-20 13:10:00,272.0,272.0,271.5,272.0,399,282.18,2492
2026-08-20 13:15:00,272.0,273.0,271.5,273.0,841,281.98,2492
2026-08-20 13:20:00,273.0,273.5,272.0,272.5,1226,281.71,2492
2026-08-20 13:30:00,272.5,272.5,272.5,272.5,1638,281.37,2492
2026-08-21 09:00:00,274.0,277.0,270.5,271.5,3846,274.08,2492
2026-08-21 09:05:00,271.5,272.0,267.5,268.5,2055,272.36,2492
2026-08-21 09:10:00,269.0,269.0,265.0,268.0,1520,271.28,2492
2026-08-21 09:15:00,268.5,270.0,267.0,267.5,855,270.97,2492
2026-08-21 09:20:00,268.0,270.5,266.0,266.5,1088,270.64,2492
2026-08-21 09:25:00,266.5,268.5,266.0,268.5,597,270.43,2492
2026-08-21 09:30:00,268.5,270.0,268.0,270.0,429,270.38,2492
2026-08-21 09:35:00,270.0,270.5,268.0,268.5,526,270.33,2492
2026-08-21 09:40:00,269.0,269.5,268.5,269.5,183,270.31,2492
2026-08-21 09:45:00,269.5,271.0,269.5,270.5,421,270.31,2492
2026-08-21 09:50:00,270.5,271.0,269.0,269.5,363,270.3,2492
2026-08-21 09:55:00,269.0,269.5,267.0,267.5,398,270.23,2492
2026-08-21 10:00:00,268.0,268.0,266.5,267.0,273,270.16,2492
2026-08-21 10:05:00,266.5,267.0,266.5,267.0,189,270.11,2492
2026-08-21 10:10:00,267.0,267.5,265.5,265.5,488,269.96,2492
2026-08-21 10:15:00,265.5,267.0,265.5,266.5,361,269.86,2492
2026-08-21 10:20:00,266.5,267.0,266.0,266.5,156,269.82,2492
2026-08-21 10:25:00,266.5,266.5,265.0,265.0,426,269.71,2492
2026-08-21 10:30:00,265.0,266.0,265.0,265.5,185,269.65,2492
2026-08-21 10:35:00,266.0,266.5,265.0,265.5,474,269.52,2492
2026-08-21 10:40:00,265.0,266.5,265.0,266.5,230,269.46,2492
2026-08-21 10:45:00,266.5,271.5,266.0,271.0,965,269.43,2492
2026-08-21 10:50:00,271.0,271.0,268.5,270.0,253,269.43,2492
2026-08-21 10:55:00,270.0,270.0,268.0,268.0,125,269.43,2492
2026-08-21 11:00:00,268.0,268.5,268.0,268.0,55,269.42,2492
2026-08-21 11:05:00,268.5,268.5,267.0,267.0,152,269.41,2492
2026-08-21 11:10:00,267.0,267.0,266.0,266.5,130,269.38,2492
2026-08-21 11:15:00,266.0,266.5,265.5,266.0,212,269.34,2492
2026-08-21 11:20:00,266.0,266.0,265.5,266.0,138,269.31,2492
2026-08-21 11:25:00,265.5,266.0,265.5,266.0,95,269.29,2492
2026-08-21 11:30:00,266.0,266.5,266.0,266.0,54,269.28,2492
2026-08-21 11:35:00,266.0,266.5,266.0,266.5,50,269.27,2492
2026-08-21 11:40:00,266.5,266.5,265.5,266.0,195,269.24,2492
2026-08-21 11:45:00,266.0,266.0,265.0,265.5,293,269.17,2492
2026-08-21 11:50:00,265.0,265.5,263.5,263.5,555,269.03,2492
2026-08-21 11:55:00,263.5,265.0,262.5,264.0,656,268.84,2492
2026-08-21 12:00:00,264.0,265.5,263.5,265.5,221,268.78,2492
2026-08-21 12:05:00,265.5,266.0,264.5,264.5,154,268.76,2492
2026-08-21 12:10:00,264.5,264.5,264.0,264.0,57,268.74,2492
2026-08-21 12:15:00,264.0,266.0,264.0,265.5,139,268.72,2492
2026-08-21 12:20:00,265.5,265.5,264.0,264.5,73,268.7,2492
2026-08-21 12:25:00,264.5,265.0,264.0,264.5,187,268.66,2492
2026-08-21 12:30:00,264.5,265.0,264.5,265.0,52,268.65,2492
2026-08-21 12:35:00,264.5,265.0,264.0,264.0,75,268.63,2492
2026-08-21 12:40:00,264.0,265.0,264.0,264.5,178,268.6,2492
2026-08-21 12:45:00,265.0,266.5,264.5,266.0,192,268.57,2492
2026-08-21 12:50:00,266.5,266.5,265.5,265.5,127,268.55,2492
2026-08-21 12:55:00,265.5,266.0,264.5,265.0,183,268.52,2492
2026-08-21 13:00:00,265.0,266.0,264.5,265.5,327,268.47,2492
2026-08-21 13:05:00,265.5,265.5,265.0,265.0,115,268.45,2492
2026-08-21 13:10:00,265.0,265.5,264.5,265.0,408,268.39,2492
2026-08-21 13:15:00,264.5,265.0,264.0,264.5,430,268.31,2492
2026-08-21 13:20:00,264.0,264.5,263.0,263.0,771,268.15,2492
2026-08-21 13:30:00,266.0,266.0,266.0,266.0,1383,268.03,2492
2026-08-24 09:00:00,266.0,271.5,266.0,271.5,1361,269.08,2492
2026-08-24 09:05:00,271.5,272.5,270.0,271.0,765,269.95,2492
2026-08-24 09:10:00,271.5,274.0,270.5,271.5,938,270.77,2492
2026-08-24 09:15:00,271.5,273.0,271.0,271.5,197,270.85,2492
2026-08-24 09:20:00,272.0,272.0,271.0,271.5,172,270.89,2492
2026-08-24 09:25:00,271.5,273.5,271.5,272.5,280,271.02,2492
2026-08-24 09:30:00,272.5,272.5,270.0,270.5,237,271.01,2492
2026-08-24 09:35:00,270.5,273.0,270.0,272.5,248,271.05,2492
2026-08-24 09:40:00,272.5,274.0,272.0,273.5,454,271.27,2492
2026-08-24 09:45:00,273.5,274.0,272.5,273.0,213,271.36,2492
2026-08-24 09:50:00,273.0,276.0,273.0,274.0,1051,271.97,2492
2026-08-24 09:55:00,273.5,274.0,270.0,270.5,433,271.95,2492
2026-08-24 10:00:00,270.0,271.5,269.5,271.5,427,271.85,2492
2026-08-24 10:05:00,271.5,272.0,270.5,271.5,138,271.84,2492
2026-08-24 10:10:00,271.0,272.5,270.5,272.5,173,271.84,2492
2026-08-24 10:15:00,273.0,273.0,270.5,270.5,114,271.84,2492
2026-08-24 10:20:00,270.5,271.5,270.5,271.0,27,271.83,2492
2026-08-24 10:25:00,271.0,272.0,271.0,272.0,27,271.83,2492
2026-08-24 10:30:00,271.5,272.0,271.0,271.5,22,271.83,2492
2026-08-24 10:35:00,272.0,272.5,271.0,271.5,75,271.83,2492
2026-08-24 10:40:00,271.5,272.0,271.5,271.5,32,271.83,2492
2026-08-24 10:45:00,271.5,271.5,270.5,271.0,80,271.82,2492
2026-08-24 10:50:00,271.0,271.0,270.0,270.0,115,271.8,2492
2026-08-24 10:55:00,270.0,271.0,270.0,271.0,41,271.79,2492
2026-08-24 11:00:00,271.0,271.0,270.5,270.5,46,271.78,2492
2026-08-24 11:05:00,271.0,271.0,269.5,269.5,121,271.76,2492
2026-08-24 11:10:00,269.5,270.0,269.5,269.5,77,271.74,2492
2026-08-24 11:15:00,270.0,270.0,269.5,269.5,52,271.72,2492
2026-08-24 11:20:00,269.5,269.5,268.0,269.5,325,271.6,2492
2026-08-24 11:25:00,269.5,269.5,268.5,269.0,48,271.59,2492
2026-08-24 11:30:00,269.0,269.5,268.5,268.5,50,271.57,2492
2026-08-24 11:35:00,268.5,269.0,268.5,269.0,36,271.56,2492
2026-08-24 11:40:00,269.0,269.5,269.0,269.0,17,271.56,2492
2026-08-24 11:45:00,269.0,269.0,268.5,268.5,45,271.54,2492
2026-08-24 11:50:00,268.5,268.5,267.5,267.5,129,271.49,2492
2026-08-24 11:55:00,267.5,268.0,267.5,267.5,100,271.44,2492
2026-08-24 12:00:00,267.5,268.5,267.5,268.0,54,271.42,2492
2026-08-24 12:05:00,268.0,268.0,267.5,267.5,38,271.41,2492
2026-08-24 12:10:00,267.5,267.5,267.5,267.5,38,271.39,2492
2026-08-24 12:15:00,268.0,269.0,268.0,268.5,107,271.35,2492
2026-08-24 12:20:00,268.5,268.5,268.5,268.5,23,271.35,2492
2026-08-24 12:25:00,268.5,269.0,267.5,267.5,34,271.33,2492
2026-08-24 12:30:00,267.5,267.5,267.5,267.5,84,271.3,2492
2026-08-24 12:35:00,267.5,268.0,267.5,267.5,27,271.29,2492
2026-08-24 12:40:00,268.0,268.5,267.5,268.5,111,271.25,2492
2026-08-24 12:45:00,268.5,268.5,267.5,268.0,45,271.23,2492
2026-08-24 12:50:00,268.0,268.0,267.5,268.0,43,271.22,2492
2026-08-24 12:55:00,268.0,268.0,267.0,267.0,206,271.13,2492
2026-08-24 13:00:00,267.0,267.0,265.5,265.5,296,270.98,2492
2026-08-24 13:05:00,265.5,266.5,265.0,266.0,231,270.86,2492
2026-08-24 13:10:00,266.5,266.5,265.5,266.0,96,270.81,2492
2026-08-24 13:15:00,265.5,266.0,265.0,265.5,201,270.71,2492
2026-08-24 13:20:00,265.5,265.5,264.5,264.5,395,270.49,2492
2026-08-24 13:30:00,265.0,265.0,265.0,265.0,567,270.22,2492
2026-08-25 09:00:00,262.5,262.5,259.0,259.5,945,260.63,2492
2026-08-25 09:05:00,259.5,259.5,255.5,258.5,724,259.18,2492
2026-08-25 09:10:00,258.5,259.5,257.0,259.0,309,259.05,2492
2026-08-25 09:15:00,259.0,260.0,256.5,258.0,402,258.89,2492
2026-08-25 09:20:00,257.5,257.5,254.0,254.0,834,257.93,2492
2026-08-25 09:25:00,254.0,256.0,253.0,255.0,391,257.54,2492
2026-08-25 09:30:00,255.0,258.0,255.0,255.0,396,257.45,2492
2026-08-25 09:35:00,255.5,258.0,255.5,257.5,195,257.42,2492
2026-08-25 09:40:00,257.5,257.5,254.5,254.5,122,257.37,2492
2026-08-25 09:45:00,254.5,256.0,253.0,254.0,274,257.18,2492
2026-08-25 09:50:00,253.5,254.5,252.0,254.5,353,256.89,2492
2026-08-25 09:55:00,254.5,255.5,253.5,254.0,200,256.8,2492
2026-08-25 10:00:00,254.0,255.0,253.5,254.0,146,256.74,2492
2026-08-25 10:05:00,254.0,254.0,252.5,253.5,174,256.63,2492
2026-08-25 10:10:00,253.0,255.5,253.0,255.0,175,256.56,2492
2026-08-25 10:15:00,255.0,255.0,254.0,254.5,56,256.54,2492
2026-08-25 10:20:00,255.0,255.0,254.5,255.0,62,256.52,2492
2026-08-25 10:25:00,255.0,255.0,254.0,254.5,61,256.5,2492
2026-08-25 10:30:00,255.0,256.0,254.5,255.0,66,256.49,2492
2026-08-25 10:35:00,255.5,255.5,254.5,254.5,64,256.47,2492
2026-08-25 10:40:00,254.5,254.5,254.0,254.5,72,256.45,2492
2026-08-25 10:45:00,254.0,254.0,252.0,252.5,340,256.24,2492
2026-08-25 10:50:00,252.0,252.5,251.5,252.5,160,256.13,2492
2026-08-25 10:55:00,252.5,252.5,251.0,251.0,248,255.96,2492
2026-08-25 11:00:00,251.0,253.0,251.0,252.5,68,255.93,2492
2026-08-25 11:05:00,253.0,253.5,252.5,253.5,82,255.89,2492
2026-08-25 11:10:00,253.5,253.5,251.5,252.5,71,255.85,2492
2026-08-25 11:15:00,253.0,253.5,252.0,253.0,47,255.83,2492
2026-08-25 11:20:00,253.0,253.5,253.0,253.0,15,255.83,2492
2026-08-25 11:25:00,253.0,254.0,253.0,254.0,98,255.8,2492
2026-08-25 11:30:00,254.0,255.5,253.5,255.0,141,255.78,2492
2026-08-25 11:35:00,255.0,255.5,253.5,255.0,99,255.76,2492
2026-08-25 11:40:00,255.0,257.0,255.0,255.5,199,255.76,2492
2026-08-25 11:45:00,256.0,256.0,255.5,255.5,43,255.76,2492
2026-08-25 11:50:00,255.5,256.0,255.0,256.0,59,255.76,2492
2026-08-25 11:55:00,255.5,257.0,255.5,256.5,145,255.78,2492
2026-08-25 12:00:00,256.0,257.5,256.0,257.0,143,255.8,2492
2026-08-25 12:05:00,257.0,258.5,257.0,258.0,175,255.84,2492
2026-08-25 12:10:00,258.0,258.5,257.0,258.0,103,255.86,2492
2026-08-25 12:15:00,257.5,259.5,257.5,258.5,166,255.92,2492
2026-08-25 12:20:00,258.5,259.0,258.0,258.0,47,255.93,2492
2026-08-25 12:25:00,258.5,260.0,258.5,260.0,192,256.01,2492
2026-08-25 12:30:00,260.0,262.5,259.5,261.0,449,256.26,2492
2026-08-25 12:35:00,261.5,263.0,261.0,262.5,307,256.45,2492
2026-08-25 12:40:00,262.5,265.0,262.0,264.0,387,256.74,2492
2026-08-25 12:45:00,264.5,264.5,262.0,263.0,123,256.82,2492
2026-08-25 12:50:00,263.0,263.0,262.5,262.5,50,256.85,2492
2026-08-25 12:55:00,262.5,264.5,262.0,264.0,159,256.96,2492
2026-08-25 13:00:00,264.0,265.0,263.5,264.5,111,257.04,2492
2026-08-25 13:05:00,264.5,265.5,264.0,264.5,136,257.14,2492
2026-08-25 13:10:00,264.5,265.0,264.0,265.0,79,257.19,2492
2026-08-25 13:15:00,265.0,266.0,264.5,265.5,196,257.35,2492
2026-08-25 13:20:00,265.5,268.0,265.5,267.0,282,257.59,2492
2026-08-25 13:30:00,268.0,268.0,268.0,268.0,709,258.22,2492
2026-08-26 09:00:00,263.0,264.0,260.0,263.5,1256,262.38,2492
2026-08-26 09:05:00,263.5,264.0,261.0,261.5,469,262.41,2492
2026-08-26 09:10:00,261.5,262.5,261.0,261.5,361,262.23,2492
2026-08-26 09:15:00,261.5,263.0,261.0,263.0,149,262.25,2492
2026-08-26 09:20:00,262.5,263.0,260.5,260.5,268,262.16,2492
2026-08-26 09:25:00,261.0,262.5,259.5,262.0,576,261.82,2492
2026-08-26 09:30:00,262.5,264.5,262.0,264.5,234,261.94,2492
2026-08-26 09:35:00,265.0,266.5,264.0,264.0,391,262.28,2492
2026-08-26 09:40:00,264.0,264.0,262.0,263.0,192,262.32,2492
2026-08-26 09:45:00,263.0,263.0,262.0,262.0,136,262.32,2492
2026-08-26 09:50:00,261.5,262.5,261.0,261.5,250,262.26,2492
2026-08-26 09:55:00,261.5,263.0,261.5,262.0,122,262.26,2492
2026-08-26 10:00:00,262.0,262.5,260.0,261.0,308,262.18,2492
2026-08-26 10:05:00,261.0,261.5,260.5,261.5,70,262.16,2492
2026-08-26 10:10:00,261.5,262.0,261.0,261.5,60,262.15,2492
2026-08-26 10:15:00,261.5,262.0,261.0,262.0,81,262.15,2492
2026-08-26 10:20:00,262.0,262.5,261.0,262.0,86,262.14,2492
2026-08-26 10:25:00,262.0,262.5,262.0,262.5,67,262.14,2492
2026-08-26 10:30:00,262.5,264.0,262.5,263.5,144,262.17,2492
2026-08-26 10:35:00,264.0,264.0,263.0,264.0,140,262.21,2492
2026-08-26 10:40:00,264.0,264.0,263.0,264.0,121,262.24,2492
2026-08-26 10:45:00,264.0,264.5,263.5,264.5,132,262.28,2492
2026-08-26 10:50:00,264.5,265.0,263.5,264.0,169,262.34,2492
2026-08-26 10:55:00,264.5,265.5,264.5,265.0,195,262.43,2492
2026-08-26 11:00:00,265.0,265.0,264.0,265.0,155,262.48,2492
2026-08-26 11:05:00,265.0,265.0,264.5,264.5,27,262.49,2492
2026-08-26 11:10:00,264.5,268.0,264.5,267.5,415,262.72,2492
2026-08-26 11:15:00,267.5,268.0,266.5,266.5,299,262.92,2492
2026-08-26 11:20:00,267.0,267.5,265.5,265.5,112,262.98,2492
2026-08-26 11:25:00,265.5,266.5,265.5,266.0,113,263.03,2492
2026-08-26 11:30:00,266.5,266.5,265.5,266.0,122,263.07,2492
2026-08-26 11:35:00,265.5,266.5,265.0,265.5,84,263.11,2492
2026-08-26 11:40:00,265.5,266.0,264.5,264.5,96,263.13,2492
2026-08-26 11:45:00,264.5,265.5,264.5,265.5,92,263.16,2492
2026-08-26 11:50:00,266.0,266.0,265.0,265.5,109,263.19,2492
2026-08-26 11:55:00,265.5,266.5,265.0,266.5,230,263.27,2492
2026-08-26 12:00:00,266.5,267.0,266.0,266.5,71,263.29,2492
2026-08-26 12:05:00,266.5,267.5,266.5,267.0,127,263.35,2492
2026-08-26 12:10:00,267.0,268.0,266.5,267.5,190,263.44,2492
2026-08-26 12:15:00,268.0,270.0,268.0,269.5,465,263.73,2492
2026-08-26 12:20:00,269.0,270.0,269.0,269.5,161,263.84,2492
2026-08-26 12:25:00,269.0,269.5,268.5,269.0,164,263.93,2492
2026-08-26 12:30:00,269.0,269.0,268.5,268.5,56,263.96,2492
2026-08-26 12:35:00,269.0,269.0,268.5,268.5,61,263.99,2492
2026-08-26 12:40:00,268.0,268.5,268.0,268.5,107,264.04,2492
2026-08-26 12:45:00,268.0,269.0,268.0,268.5,96,264.08,2492
2026-08-26 12:50:00,268.5,269.0,268.0,268.0,93,264.13,2492
2026-08-26 12:55:00,268.5,269.0,268.0,268.5,129,264.18,2492
2026-08-26 13:00:00,268.0,269.0,268.0,268.5,116,264.24,2492
2026-08-26 13:05:00,268.5,269.5,268.0,269.0,358,264.41,2492
2026-08-26 13:10:00,269.5,269.5,268.0,268.0,144,264.46,2492
2026-08-26 13:15:00,268.0,268.5,267.5,268.5,158,264.52,2492
2026-08-26 13:20:00,268.5,268.5,268.0,268.5,184,264.59,2492
2026-08-26 13:30:00,269.5,269.5,269.5,269.5,594,264.85,2492
2026-08-27 09:00:00,274.5,274.5,269.0,271.0,1405,271.59,2492
2026-08-27 09:05:00,271.5,272.0,268.0,268.0,755,271.03,2492
2026-08-27 09:10:00,268.0,268.0,264.5,265.0,762,269.76,2492
2026-08-27 09:15:00,265.0,268.0,264.5,268.0,442,269.3,2492
2026-08-27 09:20:00,268.0,271.5,268.0,270.5,463,269.4,2492
2026-08-27 09:25:00,271.0,273.0,270.0,273.0,597,269.71,2492
2026-08-27 09:30:00,273.0,279.0,272.0,275.0,2798,272.23,2492
2026-08-27 09:35:00,275.0,278.0,274.0,276.5,2057,273.22,2492
2026-08-27 09:40:00,276.5,277.5,274.0,275.0,923,273.44,2492
2026-08-27 09:45:00,275.0,276.5,274.0,276.0,378,273.5,2492
2026-08-27 09:50:00,276.0,277.0,275.0,276.5,341,273.59,2492
2026-08-27 09:55:00,276.5,277.0,275.0,275.0,322,273.65,2492
2026-08-27 10:00:00,275.0,281.5,275.0,281.0,2059,274.44,2492
2026-08-27 10:05:00,281.0,281.5,278.5,281.0,1233,274.92,2492
2026-08-27 10:10:00,281.0,281.0,278.0,279.5,818,275.19,2492
2026-08-27 10:15:00,279.5,280.0,278.0,278.5,376,275.28,2492
2026-08-27 10:20:00,278.0,278.5,277.0,277.0,344,275.33,2492
2026-08-27 10:25:00,277.5,278.5,277.0,277.5,267,275.37,2492
2026-08-27 10:30:00,277.5,279.5,277.5,278.5,333,275.44,2492
2026-08-27 10:35:00,278.5,280.5,278.0,279.5,851,275.62,2492
2026-08-27 10:40:00,280.0,280.0,277.5,278.0,324,275.68,2492
2026-08-27 10:45:00,278.0,278.5,277.5,278.0,162,275.7,2492
2026-08-27 10:50:00,278.0,278.5,277.5,278.5,95,275.72,2492
2026-08-27 10:55:00,278.5,278.5,277.0,277.5,159,275.73,2492
2026-08-27 11:00:00,277.5,278.0,277.0,277.5,103,275.75,2492
2026-08-27 11:05:00,277.5,278.5,277.5,278.5,216,275.77,2492
2026-08-27 11:10:00,279.0,279.0,277.5,278.0,116,275.79,2492
2026-08-27 11:15:00,278.0,280.5,278.0,280.5,813,275.95,2492
2026-08-27 11:20:00,281.0,281.0,279.5,279.5,212,276.0,2492
2026-08-27 11:25:00,279.5,280.5,279.5,280.0,202,276.04,2492
2026-08-27 11:30:00,280.0,280.0,279.5,280.0,159,276.07,2492
2026-08-27 11:35:00,280.0,280.5,279.5,280.0,66,276.08,2492
2026-08-27 11:40:00,280.0,281.0,279.5,281.0,364,276.16,2492
2026-08-27 11:45:00,281.0,282.0,280.5,281.0,573,276.29,2492
2026-08-27 11:50:00,281.0,281.0,279.0,279.5,516,276.38,2492
2026-08-27 11:55:00,279.5,280.5,278.5,279.0,148,276.4,2492
2026-08-27 12:00:00,279.5,281.5,279.0,281.0,327,276.46,2492
2026-08-27 12:05:00,280.5,281.0,279.5,279.5,95,276.48,2492
2026-08-27 12:10:00,279.5,279.5,279.0,279.0,116,276.49,2492
2026-08-27 12:15:00,279.0,282.0,279.0,281.5,711,276.63,2492
2026-08-27 12:20:00,281.5,283.5,281.0,281.5,1201,276.92,2492
2026-08-27 12:25:00,281.5,282.0,280.0,280.0,350,276.98,2492
2026-08-27 12:30:00,280.0,281.5,280.0,281.0,185,277.0,2492
2026-08-27 12:35:00,281.0,281.0,280.0,280.0,84,277.02,2492
2026-08-27 12:40:00,280.5,280.5,279.0,279.0,299,277.05,2492
2026-08-27 12:45:00,279.0,279.0,278.5,278.5,201,277.06,2492
2026-08-27 12:50:00,278.0,278.5,277.0,277.5,219,277.07,2492
2026-08-27 12:55:00,277.5,279.0,277.5,278.5,195,277.07,2492
2026-08-27 13:00:00,278.5,280.0,278.5,280.0,260,277.1,2492
2026-08-27 13:05:00,280.0,290.0,280.0,289.5,2411,277.82,2492
2026-08-27 13:10:00,289.5,290.0,286.5,286.5,1101,278.19,2492
2026-08-27 13:15:00,286.5,287.0,284.0,284.5,498,278.31,2492
2026-08-27 13:20:00,284.5,285.0,283.0,284.5,755,278.45,2492
2026-08-27 13:30:00,285.0,285.0,285.0,285.0,894,278.64,2492
2026-08-28 09:00:00,299.5,307.5,297.0,304.0,7099,303.19,2492
2026-08-28 09:05:00,304.0,313.5,302.0,313.5,10174,307.74,2492
2026-08-28 09:10:00,313.5,313.5,313.5,313.5,1189,308.11,2492
2026-08-28 09:15:00,313.5,313.5,309.5,311.5,3192,308.79,2492
2026-08-28 09:20:00,311.5,312.0,308.0,309.0,1558,308.86,2492
2026-08-28 09:25:00,309.0,310.5,307.5,307.5,1044,308.87,2492
2026-08-28 09:30:00,307.5,307.5,300.5,304.5,2676,308.38,2492
2026-08-28 09:35:00,304.5,304.5,302.0,303.5,1132,308.17,2492
2026-08-28 09:40:00,304.0,304.0,300.0,302.0,1036,307.95,2492
2026-08-28 09:45:00,301.5,302.0,297.0,298.5,1790,307.43,2492
2026-08-28 09:50:00,298.5,300.5,298.5,300.0,786,307.23,2492
2026-08-28 09:55:00,299.5,300.0,295.5,296.0,1179,306.88,2492
2026-08-28 10:00:00,296.5,300.0,296.5,299.5,728,306.7,2492
2026-08-28 10:05:00,300.0,300.5,298.5,298.5,482,306.6,2492
2026-08-28 10:10:00,298.5,302.0,298.5,301.0,812,306.46,2492
2026-08-28 10:15:00,301.0,306.0,301.0,306.0,1310,306.36,2492
2026-08-28 10:20:00,305.5,307.0,303.5,304.0,1156,306.33,2492
2026-08-28 10:25:00,304.0,304.5,302.0,302.0,457,306.29,2492
2026-08-28 10:30:00,302.0,303.0,301.5,302.5,228,306.27,2492
2026-08-28 10:35:00,302.5,306.0,302.5,305.5,536,306.25,2492
2026-08-28 10:40:00,305.5,310.0,305.5,307.0,1562,306.31,2492
2026-08-28 10:45:00,307.0,307.5,306.5,306.5,259,306.31,2492
2026-08-28 10:50:00,306.5,312.5,306.5,311.5,1603,306.47,2492
2026-08-28 10:55:00,311.5,312.0,309.0,309.0,450,306.51,2492
2026-08-28 11:00:00,309.0,313.0,308.5,313.0,768,306.6,2492
2026-08-28 11:05:00,312.5,313.5,312.5,313.5,5577,307.38,2492
2026-08-28 11:10:00,313.5,313.5,313.5,313.5,466,307.43,2492
2026-08-28 11:15:00,313.5,313.5,313.5,313.5,201,307.46,2492
2026-08-28 11:20:00,313.5,313.5,313.5,313.5,144,307.48,2492
2026-08-28 11:25:00,313.5,313.5,313.5,313.5,101,307.49,2492
2026-08-28 11:30:00,313.5,313.5,313.5,313.5,104,307.5,2492
2026-08-28 11:35:00,313.5,313.5,313.5,313.5,77,307.51,2492
2026-08-28 11:40:00,313.5,313.5,313.5,313.5,80,307.52,2492
2026-08-28 11:45:00,313.5,313.5,313.5,313.5,80,307.53,2492
2026-08-28 11:50:00,313.5,313.5,313.5,313.5,134,307.54,2492
2026-08-28 11:55:00,313.5,313.5,313.5,313.5,55,307.55,2492
2026-08-28 12:00:00,313.5,313.5,313.5,313.5,89,307.56,2492
2026-08-28 12:05:00,313.5,313.5,313.5,313.5,72,307.57,2492
2026-08-28 12:10:00,313.5,313.5,313.5,313.5,38,307.57,2492
2026-08-28 12:15:00,313.5,313.5,313.5,313.5,27,307.58,2492
2026-08-28 12:20:00,313.5,313.5,313.5,313.5,36,307.58,2492
2026-08-28 12:25:00,313.5,313.5,313.5,313.5,114,307.6,2492
2026-08-28 12:30:00,313.5,313.5,313.5,313.5,42,307.6,2492
2026-08-28 12:35:00,313.5,313.5,313.5,313.5,38,307.6,2492
2026-08-28 12:40:00,313.5,313.5,313.5,313.5,45,307.61,2492
2026-08-28 12:45:00,313.5,313.5,313.5,313.5,54,307.62,2492
2026-08-28 12:50:00,313.5,313.5,313.5,313.5,89,307.63,2492
2026-08-28 12:55:00,313.5,313.5,313.5,313.5,107,307.64,2492
2026-08-28 13:00:00,313.5,313.5,313.5,313.5,121,307.65,2492
2026-08-28 13:05:00,313.5,313.5,313.5,313.5,57,307.66,2492
2026-08-28 13:10:00,313.5,313.5,313.5,313.5,46,307.66,2492
2026-08-28 13:15:00,313.5,313.5,313.5,313.5,77,307.67,2492
2026-08-28 13:20:00,313.5,313.5,313.5,313.5,78,307.68,2492
2026-08-28 13:30:00,313.5,313.5,313.5,313.5,36,307.69,2492
2026-08-31 09:00:00,308.0,316.5,305.0,316.0,6613,311.45,2492
2026-08-31 09:05:00,316.0,316.5,308.5,310.0,4858,311.69,2492
2026-08-31 09:10:00,310.0,312.0,307.0,311.5,2280,311.28,2492
2026-08-31 09:15:00,311.5,311.5,306.5,307.0,1571,310.97,2492
2026-08-31 09:20:00,307.0,313.0,306.0,310.0,1445,310.92,2492
2026-08-31 09:25:00,310.0,310.5,307.0,308.5,916,310.81,2492
2026-08-31 09:30:00,308.5,309.0,306.0,307.0,1074,310.6,2492
2026-08-31 09:35:00,307.0,308.5,307.0,308.5,300,310.56,2492
2026-08-31 09:40:00,308.5,310.0,306.5,306.5,714,310.47,2492
2026-08-31 09:45:00,306.5,306.5,303.0,306.5,2330,309.87,2492
2026-08-31 09:50:00,306.5,309.0,304.5,308.5,771,309.74,2492
2026-08-31 09:55:00,308.5,309.5,303.5,303.5,1213,309.52,2492
2026-08-31 10:00:00,304.0,304.0,301.5,303.0,1169,309.21,2492
2026-08-31 10:05:00,303.0,306.0,302.5,304.5,417,309.13,2492
2026-08-31 10:10:00,304.5,305.0,303.5,304.0,233,309.09,2492
2026-08-31 10:15:00,304.0,304.0,296.0,297.5,2730,308.19,2492
2026-08-31 10:20:00,297.5,297.5,287.0,290.5,5278,305.46,2492
2026-08-31 10:25:00,290.5,290.5,283.0,283.5,3675,303.61,2492
2026-08-31 10:30:00,283.0,286.0,282.5,283.5,5461,300.99,2492
2026-08-31 10:35:00,283.5,283.5,282.5,282.5,2359,300.03,2492
2026-08-31 10:40:00,282.5,286.0,282.5,285.5,1103,299.65,2492
2026-08-31 10:45:00,285.5,288.0,285.5,286.5,1185,299.34,2492
2026-08-31 10:50:00,286.0,287.0,285.0,286.5,296,299.25,2492
2026-08-31 10:55:00,286.5,288.0,286.5,288.0,314,299.18,2492
2026-08-31 11:00:00,287.5,287.5,286.0,286.5,288,299.1,2492
2026-08-31 11:05:00,286.5,288.0,286.0,287.5,188,299.06,2492
2026-08-31 11:10:00,287.5,288.0,286.5,287.5,252,299.0,2492
2026-08-31 11:15:00,287.5,287.5,285.5,287.0,340,298.91,2492
2026-08-31 11:20:00,287.0,287.0,286.0,287.0,191,298.86,2492
2026-08-31 11:25:00,287.0,288.0,287.0,288.0,100,298.84,2492
2026-08-31 11:30:00,288.0,288.0,287.0,288.0,129,298.81,2492
2026-08-31 11:35:00,288.0,288.0,286.5,287.0,197,298.76,2492
2026-08-31 11:40:00,287.0,288.0,286.0,286.0,126,298.73,2492
2026-08-31 11:45:00,286.0,288.0,286.0,288.0,109,298.71,2492
2026-08-31 11:50:00,287.0,289.5,287.0,288.0,495,298.6,2492
2026-08-31 11:55:00,288.0,289.0,287.5,289.0,191,298.57,2492
2026-08-31 12:00:00,289.0,289.5,288.0,288.5,157,298.54,2492
2026-08-31 12:05:00,288.5,289.0,288.0,289.0,103,298.52,2492
2026-08-31 12:10:00,289.0,290.0,289.0,290.0,199,298.48,2492
2026-08-31 12:15:00,290.0,290.5,287.5,288.0,362,298.41,2492
2026-08-31 12:20:00,288.0,288.5,287.5,288.0,127,298.39,2492
2026-08-31 12:25:00,287.5,289.0,287.5,288.5,132,298.36,2492
2026-08-31 12:30:00,288.5,290.0,288.5,290.0,157,298.33,2492
2026-08-31 12:35:00,290.0,291.0,289.5,291.0,297,298.29,2492
2026-08-31 12:40:00,291.0,291.5,289.0,290.0,238,298.25,2492
2026-08-31 12:45:00,290.0,290.0,288.0,288.0,228,298.21,2492
2026-08-31 12:50:00,288.0,289.5,288.0,289.5,140,298.19,2492
2026-08-31 12:55:00,289.5,291.5,289.5,291.0,344,298.14,2492
2026-08-31 13:00:00,291.0,293.0,291.0,292.5,389,298.09,2492
2026-08-31 13:05:00,293.0,294.0,292.5,294.0,410,298.05,2492
2026-08-31 13:10:00,294.0,294.0,292.0,293.5,452,298.01,2492
2026-08-31 13:15:00,293.0,294.5,293.0,294.5,351,297.99,2492
2026-08-31 13:20:00,294.5,294.5,293.0,293.5,656,297.94,2492
2026-08-31 13:30:00,295.0,295.0,295.0,295.0,1126,297.88,2492
2026-09-01 09:00:00,295.5,313.0,294.0,308.5,4893,305.38,2492
2026-09-01 09:05:00,308.5,317.0,307.5,315.5,3842,309.26,2492
2026-09-01 09:10:00,315.5,315.5,310.0,314.0,1911,309.85,2492
2026-09-01 09:15:00,314.0,315.0,308.0,309.0,1657,310.04,2492
2026-09-01 09:20:00,308.5,311.0,308.5,309.5,789,310.02,2492
2026-09-01 09:25:00,310.0,310.0,305.5,307.5,1498,309.77,2492
2026-09-01 09:30:00,307.5,308.0,304.0,304.5,958,309.56,2492
2026-09-01 09:35:00,305.0,307.0,304.0,307.0,779,309.35,2492
2026-09-01 09:40:00,307.0,308.5,302.0,303.0,1124,309.08,2492
2026-09-01 09:45:00,303.0,303.5,301.0,301.0,765,308.8,2492
2026-09-01 09:50:00,301.0,302.5,299.5,301.5,1141,308.32,2492
2026-09-01 09:55:00,301.5,301.5,299.5,300.5,602,308.08,2492
2026-09-01 10:00:00,300.0,303.5,300.0,303.5,496,307.92,2492
2026-09-01 10:05:00,303.5,303.5,301.5,302.0,594,307.77,2492
2026-09-01 10:10:00,302.0,302.5,300.5,301.0,229,307.71,2492
2026-09-01 10:15:00,300.5,301.5,299.5,299.5,605,307.51,2492
2026-09-01 10:20:00,299.5,300.0,298.0,298.5,492,307.32,2492
2026-09-01 10:25:00,298.0,299.5,298.0,299.5,329,307.2,2492
2026-09-01 10:30:00,299.5,301.5,299.0,300.0,321,307.1,2492
2026-09-01 10:35:00,299.5,300.0,299.0,299.5,145,307.06,2492
2026-09-01 10:40:00,299.5,299.5,297.5,299.5,660,306.82,2492
2026-09-01 10:45:00,299.0,301.0,299.0,300.5,201,306.76,2492
2026-09-01 10:50:00,300.5,301.0,299.0,300.5,181,306.71,2492
2026-09-01 10:55:00,300.5,302.5,300.0,302.5,288,306.65,2492
2026-09-01 11:00:00,302.5,303.0,301.5,303.0,297,306.6,2492
2026-09-01 11:05:00,303.0,304.0,300.0,300.5,711,306.48,2492
2026-09-01 11:10:00,300.5,301.0,300.0,301.0,185,306.44,2492
2026-09-01 11:15:00,301.0,301.5,300.5,301.0,136,306.41,2492
2026-09-01 11:20:00,301.5,301.5,300.0,301.0,148,306.38,2492
2026-09-01 11:25:00,301.0,301.0,300.0,300.5,162,306.34,2492
2026-09-01 11:30:00,300.5,301.5,300.0,301.5,131,306.32,2492
2026-09-01 11:35:00,301.5,302.5,301.5,302.0,178,306.29,2492
2026-09-01 11:40:00,302.0,302.0,300.5,301.0,145,306.26,2492
2026-09-01 11:45:00,301.0,302.0,301.0,302.0,84,306.25,2492
2026-09-01 11:50:00,301.5,303.0,301.5,303.0,202,306.22,2492
2026-09-01 11:55:00,303.0,304.0,302.0,303.5,447,306.17,2492
2026-09-01 12:00:00,304.0,305.5,304.0,304.5,741,306.13,2492
2026-09-01 12:05:00,304.5,304.5,302.5,302.5,231,306.11,2492
2026-09-01 12:10:00,302.5,303.0,302.5,302.5,169,306.09,2492
2026-09-01 12:15:00,303.0,303.0,302.5,303.0,87,306.08,2492
2026-09-01 12:20:00,303.0,303.5,302.5,303.0,169,306.06,2492
2026-09-01 12:25:00,303.5,304.0,303.0,303.0,117,306.05,2492
2026-09-01 12:30:00,303.0,306.0,303.0,305.0,662,306.02,2492
2026-09-01 12:35:00,305.0,305.5,304.5,304.5,310,306.02,2492
2026-09-01 12:40:00,304.5,305.0,303.0,303.5,253,306.0,2492
2026-09-01 12:45:00,303.5,306.0,303.5,306.0,435,305.98,2492
2026-09-01 12:50:00,305.5,306.5,305.0,305.5,577,305.98,2492
2026-09-01 12:55:00,305.5,306.5,305.0,305.0,361,305.97,2492
2026-09-01 13:00:00,305.0,306.0,305.0,305.0,363,305.97,2492
2026-09-01 13:05:00,305.0,305.5,304.0,304.5,428,305.95,2492
2026-09-01 13:10:00,305.0,305.5,304.0,304.0,353,305.94,2492
2026-09-01 13:15:00,304.0,304.5,302.0,302.0,705,305.87,2492
2026-09-01 13:20:00,302.0,302.5,300.5,300.5,774,305.77,2492
2026-09-01 13:30:00,302.5,302.5,302.5,302.5,1170,305.66,2492
2026-09-02 09:00:00,296.0,298.5,293.5,295.0,1936,295.6,2492
2026-09-02 09:05:00,295.0,295.0,291.0,293.5,1194,294.52,2492
2026-09-02 09:10:00,293.5,294.5,293.0,294.0,383,294.44,2492
2026-09-02 09:15:00,294.0,295.0,293.5,294.5,397,294.43,2492
2026-09-02 09:20:00,295.0,302.5,293.5,300.5,1879,295.77,2492
2026-09-02 09:25:00,300.5,301.0,298.0,298.5,671,296.14,2492
2026-09-02 09:30:00,298.0,298.5,295.5,297.5,932,296.22,2492
2026-09-02 09:35:00,297.5,297.5,296.0,297.5,263,296.24,2492
2026-09-02 09:40:00,297.0,300.5,296.0,299.0,721,296.48,2492
2026-09-02 09:45:00,299.0,301.0,299.0,300.0,503,296.69,2492
2026-09-02 09:50:00,300.0,300.0,299.0,299.5,105,296.72,2492
2026-09-02 09:55:00,299.5,300.5,299.0,299.5,219,296.8,2492
2026-09-02 10:00:00,299.5,300.5,298.5,300.0,237,296.87,2492
2026-09-02 10:05:00,300.5,300.5,298.0,298.5,181,296.91,2492
2026-09-02 10:10:00,298.5,300.5,298.5,300.0,178,296.96,2492
2026-09-02 10:15:00,300.0,300.5,299.5,299.5,77,296.98,2492
2026-09-02 10:20:00,299.5,300.0,299.0,299.5,51,296.99,2492
2026-09-02 10:25:00,300.0,300.0,299.0,300.0,82,297.01,2492
2026-09-02 10:30:00,300.0,300.0,299.0,299.5,102,297.04,2492
2026-09-02 10:35:00,298.5,299.5,298.5,299.0,65,297.05,2492
2026-09-02 10:40:00,299.0,300.5,298.5,300.0,246,297.11,2492
2026-09-02 10:45:00,300.0,300.5,300.0,300.0,137,297.15,2492
2026-09-02 10:50:00,300.0,300.5,299.5,300.0,80,297.17,2492
2026-09-02 10:55:00,300.0,300.0,299.0,299.5,89,297.19,2492
2026-09-02 11:00:00,299.5,299.5,298.0,298.5,201,297.22,2492
2026-09-02 11:05:00,298.5,299.0,298.0,299.0,62,297.23,2492
2026-09-02 11:10:00,299.0,299.5,298.5,299.5,53,297.23,2492
2026-09-02 11:15:00,299.5,300.0,298.5,299.0,61,297.25,2492
2026-09-02 11:20:00,298.5,299.0,297.5,298.0,255,297.26,2492
2026-09-02 11:25:00,298.0,298.0,297.5,298.0,51,297.27,2492
2026-09-02 11:30:00,298.0,298.0,296.5,296.5,205,297.26,2492
2026-09-02 11:35:00,296.5,296.5,294.0,296.0,506,297.18,2492
2026-09-02 11:40:00,296.0,297.5,295.5,297.5,149,297.17,2492
2026-09-02 11:45:00,297.5,298.0,296.5,298.0,99,297.17,2492
2026-09-02 11:50:00,297.5,297.5,296.5,297.0,154,297.16,2492
2026-09-02 11:55:00,296.5,297.0,295.0,296.0,153,297.15,2492
2026-09-02 12:00:00,296.5,296.5,295.5,295.5,79,297.14,2492
2026-09-02 12:05:00,296.0,296.5,295.5,296.0,54,297.14,2492
2026-09-02 12:10:00,296.0,296.0,295.0,295.0,175,297.11,2492
2026-09-02 12:15:00,295.0,296.0,295.0,296.0,76,297.1,2492
2026-09-02 12:20:00,296.0,296.0,295.5,296.0,82,297.09,2492
2026-09-02 12:25:00,296.0,296.0,295.5,295.5,63,297.09,2492
2026-09-02 12:30:00,296.0,297.5,295.5,297.0,104,297.09,2492
2026-09-02 12:35:00,296.5,297.0,296.0,296.5,80,297.08,2492
2026-09-02 12:40:00,296.5,296.5,295.0,295.5,235,297.06,2492
2026-09-02 12:45:00,295.5,296.0,295.0,296.0,184,297.04,2492
2026-09-02 12:50:00,296.0,296.5,295.0,295.5,151,297.02,2492
2026-09-02 12:55:00,295.5,295.5,294.0,295.0,362,296.97,2492
2026-09-02 13:00:00,295.5,296.0,294.5,294.5,157,296.95,2492
2026-09-02 13:05:00,294.5,295.0,294.0,294.5,160,296.92,2492
2026-09-02 13:10:00,294.5,295.0,294.0,294.0,200,296.88,2492
2026-09-02 13:15:00,294.0,296.0,294.0,294.5,541,296.81,2492
2026-09-02 13:20:00,294.5,295.0,292.0,293.0,908,296.61,2492
2026-09-02 13:30:00,293.0,293.0,293.0,293.0,713,296.46,2492
2026-09-03 09:00:00,295.5,296.0,292.5,293.5,1777,294.04,2492
2026-09-03 09:05:00,293.5,294.5,290.0,291.0,904,293.43,2492
2026-09-03 09:10:00,291.0,292.5,290.0,292.5,457,293.04,2492
2026-09-03 09:15:00,292.5,294.5,292.0,292.0,438,293.05,2492
2026-09-03 09:20:00,292.0,292.5,286.0,286.5,1037,292.16,2492
2026-09-03 09:25:00,287.0,288.0,285.0,287.5,723,291.36,2492
2026-09-03 09:30:00,288.0,288.5,287.0,287.5,265,291.18,2492
2026-09-03 09:35:00,288.0,288.0,280.0,281.5,1371,289.7,2492
2026-09-03 09:40:00,281.5,284.5,280.0,283.5,642,289.04,2492
2026-09-03 09:45:00,283.0,285.0,283.0,285.0,250,288.89,2492
2026-09-03 09:50:00,285.0,286.0,283.0,283.0,260,288.75,2492
2026-09-03 09:55:00,283.0,283.0,280.0,280.5,694,288.15,2492
2026-09-03 10:00:00,280.5,281.0,278.5,280.0,858,287.41,2492
2026-09-03 10:05:00,280.0,281.5,279.5,281.0,220,287.25,2492
2026-09-03 10:10:00,281.5,283.5,281.5,283.5,160,287.18,2492
2026-09-03 10:15:00,283.5,285.0,283.0,285.0,147,287.13,2492
2026-09-03 10:20:00,285.0,285.0,283.5,283.5,128,287.09,2492
2026-09-03 10:25:00,283.5,284.0,283.0,284.0,57,287.07,2492
2026-09-03 10:30:00,283.5,284.0,282.0,282.0,136,287.01,2492
2026-09-03 10:35:00,282.0,282.0,280.0,282.0,224,286.88,2492
2026-09-03 10:40:00,282.0,282.0,280.5,280.5,87,286.84,2492
2026-09-03 10:45:00,280.5,281.0,277.5,279.0,974,286.19,2492
2026-09-03 10:50:00,279.0,280.0,279.0,280.0,149,286.11,2492
2026-09-03 10:55:00,280.0,280.5,279.5,280.0,78,286.07,2492
2026-09-03 11:00:00,280.5,282.5,280.0,282.5,81,286.04,2492
2026-09-03 11:05:00,282.5,283.0,282.0,282.5,184,285.98,2492
2026-09-03 11:10:00,282.5,283.0,282.0,283.0,103,285.95,2492
2026-09-03 11:15:00,283.0,285.5,283.0,285.0,358,285.91,2492
2026-09-03 11:20:00,285.0,286.0,284.5,285.5,239,285.9,2492
2026-09-03 11:25:00,285.0,287.0,285.0,285.5,285,285.91,2492
2026-09-03 11:30:00,285.0,285.5,284.0,284.0,100,285.9,2492
2026-09-03 11:35:00,284.0,284.5,284.0,284.5,91,285.89,2492
2026-09-03 11:40:00,284.0,284.5,283.5,283.5,90,285.87,2492
2026-09-03 11:45:00,283.5,283.5,283.0,283.0,116,285.85,2492
2026-09-03 11:50:00,283.5,283.5,282.0,282.0,174,285.81,2492
2026-09-03 11:55:00,282.0,282.5,282.0,282.0,67,285.8,2492
2026-09-03 12:00:00,282.0,283.0,281.0,281.0,171,285.75,2492
2026-09-03 12:05:00,281.5,281.5,281.0,281.5,86,285.72,2492
2026-09-03 12:10:00,281.0,281.0,280.5,280.5,103,285.69,2492
2026-09-03 12:15:00,280.5,281.0,280.5,280.5,145,285.64,2492
2026-09-03 12:20:00,280.5,281.0,280.0,280.0,162,285.58,2492
2026-09-03 12:25:00,280.0,281.0,280.0,280.5,153,285.52,2492
2026-09-03 12:30:00,280.5,280.5,280.0,280.0,71,285.5,2492
2026-09-03 12:35:00,280.0,280.5,279.0,279.5,397,285.34,2492
2026-09-03 12:40:00,279.5,279.5,278.5,278.5,209,285.26,2492
2026-09-03 12:45:00,278.5,279.0,278.5,278.5,151,285.19,2492
2026-09-03 12:50:00,278.5,279.0,278.0,278.5,253,285.09,2492
2026-09-03 12:55:00,278.5,279.0,276.0,276.5,627,284.8,2492
2026-09-03 13:00:00,276.5,277.0,275.5,275.5,366,284.61,2492
2026-09-03 13:05:00,275.5,276.5,275.0,275.5,460,284.37,2492
2026-09-03 13:10:00,275.5,276.5,273.0,273.5,1050,283.82,2492
2026-09-03 13:15:00,273.5,274.0,272.0,272.5,744,283.39,2492
2026-09-03 13:20:00,272.0,272.5,270.0,271.5,933,282.82,2492
2026-09-03 13:30:00,271.5,271.5,271.5,271.5,1303,282.13,2492
2026-09-04 09:00:00,282.5,294.5,282.5,293.5,3512,290.41,2492
2026-09-04 09:05:00,293.5,296.5,293.0,295.0,2824,292.42,2492
2026-09-04 09:10:00,295.0,296.0,291.5,292.0,1850,292.77,2492
2026-09-04 09:15:00,293.0,294.5,291.5,292.5,1115,292.79,2492
2026-09-04 09:20:00,292.5,293.0,287.0,287.5,1470,292.3,2492
2026-09-04 09:25:00,287.5,295.0,287.5,293.0,1454,292.25,2492
2026-09-04 09:30:00,293.0,296.5,292.5,295.0,1702,292.61,2492
2026-09-04 09:35:00,295.0,295.0,293.0,294.0,454,292.66,2492
2026-09-04 09:40:00,294.0,297.0,293.5,295.5,1133,292.89,2492
2026-09-04 09:45:00,295.0,295.0,292.0,292.5,541,292.91,2492
2026-09-04 09:50:00,292.0,293.5,291.5,292.0,550,292.89,2492
2026-09-04 09:55:00,292.5,295.0,292.5,294.0,398,292.91,2492
2026-09-04 10:00:00,294.0,294.5,293.5,293.5,146,292.91,2492
2026-09-04 10:05:00,293.5,294.5,292.5,293.5,295,292.93,2492
2026-09-04 10:10:00,293.5,294.0,293.5,294.0,66,292.93,2492
2026-09-04 10:15:00,293.5,295.0,293.5,295.0,287,292.95,2492
2026-09-04 10:20:00,295.0,295.5,294.5,295.0,359,292.99,2492
2026-09-04 10:25:00,295.0,297.5,295.0,297.0,1186,293.21,2492
2026-09-04 10:30:00,297.0,297.0,296.0,296.0,150,293.24,2492
2026-09-04 10:35:00,296.0,296.5,295.0,296.0,135,293.26,2492
2026-09-04 10:40:00,296.0,297.5,296.0,297.0,559,293.36,2492
2026-09-04 10:45:00,297.0,297.0,296.5,297.0,106,293.38,2492
2026-09-04 10:50:00,296.5,298.0,296.5,298.0,340,293.45,2492
2026-09-04 10:55:00,298.0,298.5,297.5,298.5,4516,294.34,2492
2026-09-04 11:00:00,298.5,298.5,298.5,298.5,128,294.36,2492
2026-09-04 11:05:00,298.5,298.5,298.5,298.5,97,294.37,2492
2026-09-04 11:10:00,298.5,298.5,298.5,298.5,66,294.38,2492
2026-09-04 11:15:00,298.5,298.5,298.5,298.5,70,294.4,2492
2026-09-04 11:20:00,298.5,298.5,298.5,298.5,53,294.4,2492
2026-09-04 11:25:00,298.5,298.5,298.5,298.5,36,294.41,2492
2026-09-04 11:30:00,298.5,298.5,298.5,298.5,60,294.42,2492
2026-09-04 11:35:00,298.5,298.5,298.5,298.5,56,294.43,2492
2026-09-04 11:40:00,298.5,298.5,298.5,298.5,110,294.45,2492
2026-09-04 11:45:00,298.5,298.5,298.5,298.5,39,294.45,2492
2026-09-04 11:50:00,298.5,298.5,298.5,298.5,22,294.45,2492
2026-09-04 11:55:00,298.5,298.5,298.5,298.5,18,294.46,2492
2026-09-04 12:00:00,298.5,298.5,298.5,298.5,33,294.46,2492
2026-09-04 12:05:00,298.5,298.5,298.5,298.5,26,294.47,2492
2026-09-04 12:10:00,298.5,298.5,298.5,298.5,33,294.47,2492
2026-09-04 12:15:00,298.5,298.5,298.5,298.5,22,294.48,2492
2026-09-04 12:20:00,298.5,298.5,298.5,298.5,22,294.48,2492
2026-09-04 12:25:00,298.5,298.5,298.5,298.5,24,294.48,2492
2026-09-04 12:30:00,298.5,298.5,298.5,298.5,16,294.48,2492
2026-09-04 12:35:00,298.5,298.5,298.5,298.5,69,294.5,2492
2026-09-04 12:40:00,298.5,298.5,298.5,298.5,9,294.5,2492
2026-09-04 12:45:00,298.5,298.5,298.5,298.5,25,294.5,2492
2026-09-04 12:50:00,298.5,298.5,298.5,298.5,27,294.5,2492
2026-09-04 12:55:00,298.5,298.5,298.5,298.5,20,294.51,2492
2026-09-04 13:00:00,298.5,298.5,298.5,298.5,32,294.51,2492
2026-09-04 13:05:00,298.5,298.5,298.5,298.5,8,294.51,2492
2026-09-04 13:10:00,298.5,298.5,298.5,298.5,27,294.52,2492
2026-09-04 13:15:00,298.5,298.5,298.5,298.5,53,294.53,2492
2026-09-04 13:20:00,298.5,298.5,298.5,298.5,28,294.53,2492
2026-09-04 13:30:00,298.5,298.5,298.5,298.5,199,294.56,2492
2026-09-07 09:00:00,310.0,321.5,309.5,319.0,7975,317.39,2492
2026-09-07 09:05:00,319.0,319.5,310.5,311.5,2927,316.52,2492
2026-09-07 09:10:00,311.5,315.0,311.5,314.5,1686,316.13,2492
2026-09-07 09:15:00,314.5,319.0,314.0,318.5,2471,316.29,2492
2026-09-07 09:20:00,318.5,321.5,318.5,321.0,2772,316.84,2492
2026-09-07 09:25:00,321.5,324.0,321.0,323.5,2913,317.67,2492
2026-09-07 09:30:00,323.5,323.5,320.0,322.0,1057,317.84,2492
2026-09-07 09:35:00,322.0,323.5,320.5,321.0,627,317.95,2492
2026-09-07 09:40:00,321.0,322.0,317.0,318.0,967,318.01,2492
2026-09-07 09:45:00,318.0,319.5,317.5,318.0,601,318.02,2492
2026-09-07 09:50:00,317.5,320.0,317.0,320.0,764,318.03,2492
2026-09-07 09:55:00,319.5,322.0,318.0,318.0,877,318.12,2492
2026-09-07 10:00:00,318.0,319.0,317.0,318.5,524,318.12,2492
2026-09-07 10:05:00,319.0,321.0,318.5,321.0,439,318.14,2492
2026-09-07 10:10:00,320.5,321.0,317.5,318.0,321,318.15,2492
2026-09-07 10:15:00,318.0,324.0,318.0,322.0,2392,318.5,2492
2026-09-07 10:20:00,322.0,325.0,321.5,322.5,888,318.65,2492
2026-09-07 10:25:00,322.5,324.0,322.5,323.0,396,318.71,2492
2026-09-07 10:30:00,323.0,324.0,322.5,323.5,401,318.77,2492
2026-09-07 10:35:00,323.5,324.5,322.0,324.0,794,318.88,2492
2026-09-07 10:40:00,324.0,326.5,323.0,326.0,2026,319.25,2492
2026-09-07 10:45:00,326.0,328.0,325.0,326.5,3148,319.94,2492
2026-09-07 10:50:00,326.5,327.0,324.0,324.0,621,320.04,2492
2026-09-07 10:55:00,324.0,326.0,324.0,325.0,559,320.1,2492
2026-09-07 11:00:00,324.5,325.5,324.5,324.5,161,320.12,2492
2026-09-07 11:05:00,324.0,324.5,323.0,324.5,289,320.15,2492
2026-09-07 11:10:00,324.5,325.0,324.0,325.0,123,320.16,2492
2026-09-07 11:15:00,324.5,325.0,324.0,324.0,73,320.17,2492
2026-09-07 11:20:00,324.0,325.0,323.5,325.0,167,320.19,2492
2026-09-07 11:25:00,324.5,325.0,324.0,325.0,110,320.2,2492
2026-09-07 11:30:00,325.0,326.0,323.5,323.5,306,320.24,2492
2026-09-07 11:35:00,323.5,324.0,322.5,323.0,235,320.25,2492
2026-09-07 11:40:00,323.0,323.5,321.5,321.5,160,320.26,2492
2026-09-07 11:45:00,321.5,322.5,321.0,322.5,117,320.27,2492
2026-09-07 11:50:00,322.5,324.0,322.5,323.5,196,320.28,2492
2026-09-07 11:55:00,323.5,323.5,321.5,321.5,212,320.29,2492
2026-09-07 12:00:00,321.5,322.5,321.0,321.5,135,320.3,2492
2026-09-07 12:05:00,322.0,322.5,320.5,320.5,164,320.3,2492
2026-09-07 12:10:00,321.0,323.0,320.5,322.5,214,320.31,2492
2026-09-07 12:15:00,322.5,324.0,322.0,323.5,259,320.33,2492
2026-09-07 12:20:00,323.5,323.5,323.0,323.5,74,320.33,2492
2026-09-07 12:25:00,323.0,323.0,322.5,322.5,71,320.34,2492
2026-09-07 12:30:00,322.5,323.0,321.0,321.0,220,320.34,2492
2026-09-07 12:35:00,321.0,322.0,321.0,321.0,232,320.35,2492
2026-09-07 12:40:00,321.5,322.5,321.0,322.5,186,320.36,2492
2026-09-07 12:45:00,322.5,324.0,322.0,323.5,370,320.38,2492
2026-09-07 12:50:00,323.5,323.5,321.5,321.5,235,320.39,2492
2026-09-07 12:55:00,321.5,322.5,321.0,322.0,329,320.4,2492
2026-09-07 13:00:00,322.0,322.5,320.5,321.0,321,320.41,2492
2026-09-07 13:05:00,321.0,321.5,321.0,321.0,230,320.41,2492
2026-09-07 13:10:00,321.0,322.0,320.5,321.5,579,320.43,2492
2026-09-07 13:15:00,321.5,322.0,321.0,321.5,412,320.44,2492
2026-09-07 13:20:00,321.5,323.5,321.0,321.5,938,320.47,2492
2026-09-07 13:30:00,323.0,323.0,323.0,323.0,1050,320.53,2492
2026-09-08 09:00:00,313.0,316.5,309.5,312.0,4355,312.78,2492
2026-09-08 09:05:00,312.0,316.0,310.5,315.0,1653,312.92,2492
2026-09-08 09:10:00,315.5,316.5,314.0,315.0,1049,313.26,2492
2026-09-08 09:15:00,315.0,318.0,313.5,314.0,1025,313.56,2492
2026-09-08 09:20:00,314.0,314.5,312.0,313.0,711,313.53,2492
2026-09-08 09:25:00,313.0,313.0,310.0,310.5,1019,313.3,2492
2026-09-08 09:30:00,310.0,313.0,309.5,311.0,937,313.07,2492
2026-09-08 09:35:00,310.5,314.0,310.0,312.5,516,313.04,2492
2026-09-08 09:40:00,312.5,313.5,311.5,311.5,329,313.03,2492
2026-09-08 09:45:00,311.5,312.0,310.5,311.5,303,312.99,2492
2026-09-08 09:50:00,312.0,312.0,310.0,311.5,272,312.94,2492
2026-09-08 09:55:00,311.5,313.0,311.5,313.0,160,312.93,2492
2026-09-08 10:00:00,313.0,314.5,313.0,313.5,443,312.96,2492
2026-09-08 10:05:00,313.0,313.5,312.0,313.5,147,312.96,2492
2026-09-08 10:10:00,313.5,315.5,313.0,315.0,425,313.0,2492
2026-09-08 10:15:00,315.0,317.5,313.5,317.5,666,313.13,2492
2026-09-08 10:20:00,317.5,318.0,314.5,314.5,373,313.22,2492
2026-09-08 10:25:00,314.5,315.0,313.5,314.0,154,313.23,2492
2026-09-08 10:30:00,314.0,314.0,313.5,314.0,57,313.23,2492
2026-09-08 10:35:00,314.0,314.0,312.5,313.0,193,313.23,2492
2026-09-08 10:40:00,313.0,313.0,310.0,311.5,636,313.14,2492
2026-09-08 10:45:00,311.5,312.0,311.0,311.5,71,313.14,2492
2026-09-08 10:50:00,312.0,312.0,310.5,310.5,290,313.1,2492
2026-09-08 10:55:00,310.5,312.5,310.5,311.5,62,313.09,2492
2026-09-08 11:00:00,311.5,312.5,311.5,312.5,60,313.09,2492
2026-09-08 11:05:00,313.0,313.0,311.5,311.5,82,313.08,2492
2026-09-08 11:10:00,311.5,312.5,311.5,312.0,93,313.08,2492
2026-09-08 11:15:00,312.0,312.5,311.5,312.5,82,313.07,2492
2026-09-08 11:20:00,312.5,313.0,311.5,312.5,222,313.06,2492
2026-09-08 11:25:00,312.5,314.5,312.5,314.0,170,313.07,2492
2026-09-08 11:30:00,314.0,318.0,314.0,317.0,1319,313.33,2492
2026-09-08 11:35:00,317.5,320.0,316.5,317.5,1138,313.66,2492
2026-09-08 11:40:00,317.5,318.0,314.5,314.5,306,313.71,2492
2026-09-08 11:45:00,315.0,315.0,314.0,314.5,137,313.72,2492
2026-09-08 11:50:00,314.5,315.0,313.5,314.0,274,313.72,2492
2026-09-08 11:55:00,313.5,316.5,313.5,316.5,224,313.73,2492
2026-09-08 12:00:00,316.5,317.0,315.5,315.5,118,313.75,2492
2026-09-08 12:05:00,315.5,316.5,315.5,316.0,139,313.76,2492
2026-09-08 12:10:00,316.0,316.0,315.0,315.5,129,313.78,2492
2026-09-08 12:15:00,315.5,316.0,315.0,316.0,69,313.78,2492
2026-09-08 12:20:00,316.0,316.0,315.5,315.5,93,313.79,2492
2026-09-08 12:25:00,316.0,316.0,315.5,315.5,105,313.8,2492
2026-09-08 12:30:00,316.0,316.0,315.5,316.0,39,313.8,2492
2026-09-08 12:35:00,316.0,317.0,315.5,316.0,166,313.82,2492
2026-09-08 12:40:00,316.5,318.0,316.5,317.5,247,313.86,2492
2026-09-08 12:45:00,317.5,318.0,317.0,317.5,269,313.91,2492
2026-09-08 12:50:00,318.0,319.0,317.5,317.5,354,313.98,2492
2026-09-08 12:55:00,317.5,318.5,317.0,318.5,233,314.02,2492
2026-09-08 13:00:00,318.0,318.5,317.0,317.0,219,314.06,2492
2026-09-08 13:05:00,317.0,317.5,316.0,316.0,354,314.1,2492
2026-09-08 13:10:00,316.5,317.0,315.5,317.0,464,314.14,2492
2026-09-08 13:15:00,316.5,318.0,316.5,316.5,422,314.2,2492
2026-09-08 13:20:00,316.0,317.5,316.0,317.0,547,314.25,2492
2026-09-08 13:30:00,318.5,318.5,318.5,318.5,992,314.42,2492
2026-09-09 09:00:00,319.0,323.0,313.5,314.5,4661,318.91,2492
2026-09-09 09:05:00,314.5,316.0,312.0,313.5,1662,317.55,2492
2026-09-09 09:10:00,313.5,320.0,313.0,319.5,1317,317.42,2492
2026-09-09 09:15:00,319.5,319.5,315.5,315.5,922,317.43,2492
2026-09-09 09:20:00,315.5,316.0,313.5,315.0,898,317.15,2492
2026-09-09 09:25:00,314.5,317.0,314.0,316.5,511,317.06,2492
2026-09-09 09:30:00,316.0,318.0,315.5,316.0,349,317.05,2492
2026-09-09 09:35:00,316.0,316.5,315.0,315.5,282,317.01,2492
2026-09-09 09:40:00,316.0,316.0,312.5,313.0,1434,316.61,2492
2026-09-09 09:45:00,313.0,316.0,312.5,316.0,351,316.55,2492
2026-09-09 09:50:00,316.0,319.0,315.5,317.5,1069,316.64,2492
2026-09-09 09:55:00,317.5,317.5,316.0,316.5,215,316.65,2492
2026-09-09 10:00:00,317.0,317.5,316.0,317.5,221,316.65,2492
2026-09-09 10:05:00,317.5,317.5,316.5,317.0,72,316.65,2492
2026-09-09 10:10:00,316.5,316.5,315.5,316.5,188,316.64,2492
2026-09-09 10:15:00,316.0,316.0,315.0,315.5,93,316.63,2492
2026-09-09 10:20:00,315.5,315.5,315.0,315.0,61,316.63,2492
2026-09-09 10:25:00,315.0,315.0,313.5,313.5,332,316.57,2492
2026-09-09 10:30:00,313.5,315.0,313.5,315.0,140,316.55,2492
2026-09-09 10:35:00,315.0,315.5,314.5,314.5,49,316.54,2492
2026-09-09 10:40:00,314.5,315.0,314.5,315.0,98,316.53,2492
2026-09-09 10:45:00,315.0,315.0,314.5,314.5,59,316.53,2492
2026-09-09 10:50:00,314.5,314.5,313.5,313.5,134,316.5,2492
2026-09-09 10:55:00,313.5,316.0,313.5,316.0,156,316.48,2492
2026-09-09 11:00:00,315.5,316.5,314.5,314.5,227,316.47,2492
2026-09-09 11:05:00,314.5,315.0,314.0,314.0,100,316.46,2492
2026-09-09 11:10:00,314.5,314.5,313.5,314.0,184,316.43,2492
2026-09-09 11:15:00,314.0,315.5,313.5,315.0,111,316.42,2492
2026-09-09 11:20:00,315.5,315.5,315.0,315.5,43,316.41,2492
2026-09-09 11:25:00,315.5,317.5,314.5,316.5,382,316.41,2492
2026-09-09 11:30:00,317.0,317.0,315.5,316.5,144,316.4,2492
2026-09-09 11:35:00,316.5,321.5,316.0,319.0,2259,316.74,2492
2026-09-09 11:40:00,318.5,320.0,318.0,318.0,325,316.78,2492
2026-09-09 11:45:00,318.5,318.5,317.5,318.0,154,316.79,2492
2026-09-09 11:50:00,318.0,319.5,317.0,317.0,232,316.81,2492
2026-09-09 11:55:00,317.0,320.5,317.0,320.0,622,316.89,2492
2026-09-09 12:00:00,320.0,320.5,319.0,319.5,207,316.91,2492
2026-09-09 12:05:00,319.5,320.0,318.0,318.0,178,316.93,2492
2026-09-09 12:10:00,318.0,318.0,315.5,316.0,312,316.93,2492
2026-09-09 12:15:00,316.0,317.0,315.5,316.5,88,316.93,2492
2026-09-09 12:20:00,316.5,318.0,316.5,318.0,137,316.93,2492
2026-09-09 12:25:00,318.0,318.5,317.0,318.0,115,316.94,2492
2026-09-09 12:30:00,318.0,319.5,317.0,319.5,283,316.96,2492
2026-09-09 12:35:00,319.5,320.0,319.0,319.5,353,317.0,2492
2026-09-09 12:40:00,319.5,319.5,318.5,318.5,98,317.01,2492
2026-09-09 12:45:00,318.5,318.5,318.0,318.5,137,317.01,2492
2026-09-09 12:50:00,318.5,319.5,318.5,319.0,241,317.03,2492
2026-09-09 12:55:00,319.0,319.5,318.5,318.5,241,317.06,2492
2026-09-09 13:00:00,318.5,319.0,318.5,318.5,170,317.07,2492
2026-09-09 13:05:00,318.5,318.5,318.0,318.0,217,317.08,2492
2026-09-09 13:10:00,318.0,318.5,317.5,318.0,350,317.09,2492
2026-09-09 13:15:00,317.5,318.0,316.5,316.5,422,317.09,2492
2026-09-09 13:20:00,316.5,317.5,316.0,316.5,630,317.08,2492
2026-09-09 13:30:00,319.5,319.5,319.5,319.5,1438,317.22,2492
2026-09-10 09:00:00,316.5,316.5,309.5,315.5,2407,313.43,2492
2026-09-10 09:05:00,316.0,316.0,312.5,314.0,557,313.48,2492
2026-09-10 09:10:00,313.5,314.0,310.5,312.5,1047,313.09,2492
2026-09-10 09:15:00,312.0,312.5,309.0,310.5,1236,312.44,2492
2026-09-10 09:20:00,310.5,311.0,308.0,309.5,980,312.0,2492
2026-09-10 09:25:00,309.5,310.0,306.0,306.0,830,311.5,2492
2026-09-10 09:30:00,306.0,307.0,305.0,306.0,1035,310.78,2492
2026-09-10 09:35:00,306.0,308.0,303.0,307.5,857,310.23,2492
2026-09-10 09:40:00,307.5,310.5,307.0,307.0,568,310.16,2492
2026-09-10 09:45:00,307.5,308.0,304.0,306.0,514,309.94,2492
2026-09-10 09:50:00,306.0,306.5,304.0,306.0,426,309.75,2492
2026-09-10 09:55:00,306.0,307.0,305.5,306.0,137,309.7,2492
2026-09-10 10:00:00,306.0,309.5,305.0,309.0,586,309.56,2492
2026-09-10 10:05:00,308.5,311.0,307.5,308.0,820,309.57,2492
2026-09-10 10:10:00,308.0,308.5,307.0,307.5,274,309.54,2492
2026-09-10 10:15:00,307.5,307.5,305.5,307.0,317,309.46,2492
2026-09-10 10:20:00,307.0,307.5,306.5,307.5,39,309.45,2492
2026-09-10 10:25:00,307.5,307.5,306.5,306.5,97,309.43,2492
2026-09-10 10:30:00,306.5,309.5,306.5,309.0,112,309.42,2492
2026-09-10 10:35:00,309.5,309.5,308.0,308.0,87,309.41,2492
2026-09-10 10:40:00,308.0,309.5,308.0,308.5,134,309.41,2492
2026-09-10 10:45:00,308.5,308.5,307.0,307.5,114,309.39,2492
2026-09-10 10:50:00,307.0,307.5,307.0,307.0,61,309.38,2492
2026-09-10 10:55:00,307.0,307.5,306.5,307.0,67,309.37,2492
2026-09-10 11:00:00,307.0,307.0,305.5,305.5,242,309.31,2492
2026-09-10 11:05:00,306.0,306.0,305.5,306.0,86,309.29,2492
2026-09-10 11:10:00,306.0,307.0,305.5,306.0,147,309.26,2492
2026-09-10 11:15:00,306.0,306.0,305.0,305.5,180,309.21,2492
2026-09-10 11:20:00,306.0,306.5,305.0,306.0,120,309.18,2492
2026-09-10 11:25:00,305.5,306.0,305.5,306.0,24,309.18,2492
2026-09-10 11:30:00,306.0,306.0,304.5,305.0,367,309.07,2492
2026-09-10 11:35:00,305.0,305.0,304.0,305.0,194,309.01,2492
2026-09-10 11:40:00,305.0,305.0,304.0,304.5,95,308.98,2492
2026-09-10 11:45:00,304.5,304.5,304.0,304.5,65,308.96,2492
2026-09-10 11:50:00,304.5,305.5,304.5,305.0,178,308.92,2492
2026-09-10 11:55:00,305.0,305.5,305.0,305.5,38,308.91,2492
2026-09-10 12:00:00,306.0,306.0,305.5,306.0,61,308.89,2492
2026-09-10 12:05:00,306.5,307.0,306.0,306.0,82,308.88,2492
2026-09-10 12:10:00,306.0,306.5,305.5,306.0,61,308.87,2492
2026-09-10 12:15:00,306.0,306.5,306.0,306.0,84,308.86,2492
2026-09-10 12:20:00,306.0,307.5,306.0,307.0,187,308.83,2492
2026-09-10 12:25:00,307.0,308.0,307.0,308.0,295,308.81,2492
2026-09-10 12:30:00,308.0,313.5,307.5,312.5,1359,308.96,2492
2026-09-10 12:35:00,312.5,315.5,311.5,315.0,1623,309.35,2492
2026-09-10 12:40:00,315.0,318.5,315.0,318.0,1948,310.04,2492
2026-09-10 12:45:00,318.0,322.5,317.0,318.0,2066,310.97,2492
2026-09-10 12:50:00,318.0,328.5,318.0,325.5,2782,312.45,2492
2026-09-10 12:55:00,325.5,328.0,324.0,326.5,1666,313.28,2492
2026-09-10 13:00:00,326.5,338.0,326.0,337.0,4235,315.86,2492
2026-09-10 13:05:00,337.0,344.0,335.5,337.0,3701,318.33,2492
2026-09-10 13:10:00,337.0,338.0,333.0,334.5,1678,319.09,2492
2026-09-10 13:15:00,334.5,338.0,334.0,335.0,1374,319.7,2492
2026-09-10 13:20:00,334.5,335.0,331.5,332.0,1601,320.21,2492
2026-09-10 13:30:00,334.0,334.0,334.0,334.0,2035,320.88,2492
