date,open,high,low,close,volume,average,stock_code
2026-04-27 09:00:00,495.0,497.0,489.0,495.5,783,492.74,3044
2026-04-27 09:05:00,495.5,509.0,490.0,504.0,928,496.74,3044
2026-04-27 09:10:00,504.0,511.0,502.0,509.0,677,499.76,3044
2026-04-27 09:15:00,509.0,513.0,500.0,505.0,826,501.68,3044
2026-04-27 09:20:00,504.0,512.0,499.5,508.0,716,502.56,3044
2026-04-27 09:25:00,509.0,512.0,504.0,510.0,370,503.06,3044
2026-04-27 09:30:00,510.0,510.0,503.0,505.0,238,503.21,3044
2026-04-27 09:35:00,505.0,505.0,498.5,498.5,396,503.01,3044
2026-04-27 09:40:00,498.0,500.0,487.0,491.0,634,501.94,3044
2026-04-27 09:45:00,492.0,494.5,485.0,493.0,374,501.23,3044
2026-04-27 09:50:00,493.0,497.0,491.0,495.0,220,500.97,3044
2026-04-27 09:55:00,494.5,498.5,491.5,498.5,180,500.8,3044
2026-04-27 10:00:00,499.0,501.0,497.5,497.5,209,500.75,3044
2026-04-27 10:05:00,497.0,497.5,491.5,493.5,137,500.61,3044
2026-04-27 10:10:00,493.5,494.0,492.0,492.0,92,500.5,3044
2026-04-27 10:15:00,492.0,492.0,489.0,490.0,171,500.26,3044
2026-04-27 10:20:00,490.0,490.5,487.5,489.5,182,499.97,3044
2026-04-27 10:25:00,490.0,491.0,488.0,490.0,174,499.73,3044
2026-04-27 10:30:00,490.0,491.0,488.0,488.0,89,499.6,3044
2026-04-27 10:35:00,488.5,490.0,486.5,488.0,149,499.38,3044
2026-04-27 10:40:00,488.0,490.5,487.0,488.0,112,499.22,3044
2026-04-27 10:45:00,488.5,489.5,487.5,488.5,106,499.08,3044
2026-04-27 10:50:00,488.5,489.5,488.0,488.5,119,498.92,3044
2026-04-27 10:55:00,488.5,489.5,487.0,487.5,71,498.82,3044
2026-04-27 11:00:00,487.5,488.5,487.0,487.0,54,498.74,3044
2026-04-27 11:05:00,488.5,489.5,488.0,488.0,65,498.66,3044
2026-04-27 11:10:00,488.0,491.0,487.5,489.5,77,498.57,3044
2026-04-27 11:15:00,489.5,489.5,488.0,489.0,45,498.52,3044
2026-04-27 11:20:00,489.0,491.0,488.5,490.5,67,498.45,3044
2026-04-27 11:25:00,489.5,490.5,488.5,490.0,44,498.41,3044
2026-04-27 11:30:00,490.0,491.0,489.0,490.0,49,498.36,3044
2026-04-27 11:35:00,490.0,490.0,488.5,489.0,52,498.3,3044
2026-04-27 11:40:00,489.5,489.5,486.0,486.0,111,498.16,3044
2026-04-27 11:45:00,486.0,486.0,483.0,483.5,173,497.88,3044
2026-04-27 11:50:00,483.5,484.5,481.0,482.5,153,497.62,3044
2026-04-27 11:55:00,482.5,482.5,480.0,482.0,132,497.37,3044
2026-04-27 12:00:00,482.0,483.0,481.0,483.0,58,497.28,3044
2026-04-27 12:05:00,483.0,485.5,483.0,485.5,85,497.15,3044
2026-04-27 12:10:00,485.5,486.0,484.0,485.0,64,497.07,3044
2026-04-27 12:15:00,485.0,485.0,482.5,483.0,59,496.99,3044
2026-04-27 12:20:00,483.0,485.0,482.5,483.5,68,496.89,3044
2026-04-27 12:25:00,483.5,483.5,482.0,483.0,40,496.83,3044
2026-04-27 12:30:00,483.5,484.5,483.0,484.5,51,496.76,3044
2026-04-27 12:35:00,484.0,484.0,482.5,483.5,49,496.69,3044
2026-04-27 12:40:00,483.0,483.5,482.5,483.0,49,496.62,3044
2026-04-27 12:45:00,482.0,484.0,482.0,484.0,53,496.55,3044
2026-04-27 12:50:00,484.0,484.0,482.0,482.5,44,496.48,3044
2026-04-27 12:55:00,483.0,484.0,481.0,483.5,103,496.34,3044
2026-04-27 13:00:00,483.5,484.0,483.0,484.0,51,496.27,3044
2026-04-27 13:05:00,484.0,488.0,484.0,487.5,145,496.12,3044
2026-04-27 13:10:00,488.0,488.0,484.5,487.5,167,495.96,3044
2026-04-27 13:15:00,487.5,488.5,486.0,488.5,226,495.78,3044
2026-04-27 13:20:00,488.0,488.5,485.0,487.5,234,495.58,3044
2026-04-27 13:30:00,485.0,485.0,485.0,485.0,542,495.06,3044
2026-04-28 09:00:00,478.0,478.0,468.5,469.0,533,472.42,3044
2026-04-28 09:05:00,470.0,473.0,462.0,463.5,558,469.37,3044
2026-04-28 09:10:00,462.5,464.5,461.0,461.0,244,468.15,3044
2026-04-28 09:15:00,461.5,466.0,461.5,462.0,248,467.41,3044
2026-04-28 09:20:00,461.5,466.0,461.5,464.5,111,467.21,3044
2026-04-28 09:25:00,464.5,466.5,462.5,465.0,161,466.9,3044
2026-04-28 09:30:00,465.0,465.0,463.0,463.0,89,466.76,3044
2026-04-28 09:35:00,463.5,465.0,463.0,464.0,72,466.66,3044
2026-04-28 09:40:00,464.0,464.0,457.0,458.0,458,465.49,3044
2026-04-28 09:45:00,458.0,459.0,457.0,457.0,169,464.99,3044
2026-04-28 09:50:00,457.0,457.0,453.5,455.0,257,464.14,3044
2026-04-28 09:55:00,455.5,458.5,455.5,457.5,82,463.95,3044
2026-04-28 10:00:00,458.0,458.0,456.0,456.0,120,463.69,3044
2026-04-28 10:05:00,456.0,458.0,456.0,458.0,86,463.49,3044
2026-04-28 10:10:00,458.0,458.5,457.5,457.5,46,463.42,3044
2026-04-28 10:15:00,457.5,461.0,456.5,461.0,135,463.22,3044
2026-04-28 10:20:00,460.5,462.5,460.0,460.0,82,463.17,3044
2026-04-28 10:25:00,459.0,459.5,458.5,458.5,35,463.13,3044
2026-04-28 10:30:00,458.5,460.0,457.5,459.0,69,463.03,3044
2026-04-28 10:35:00,458.5,458.5,456.5,457.5,47,462.96,3044
2026-04-28 10:40:00,457.5,461.5,457.5,461.0,80,462.88,3044
2026-04-28 10:45:00,461.0,462.0,461.0,462.0,19,462.87,3044
2026-04-28 10:50:00,462.0,462.0,459.5,460.5,70,462.84,3044
2026-04-28 10:55:00,460.5,461.0,460.5,460.5,21,462.82,3044
2026-04-28 11:00:00,461.0,461.0,459.0,459.5,50,462.79,3044
2026-04-28 11:05:00,459.5,460.5,458.5,458.5,57,462.74,3044
2026-04-28 11:10:00,458.5,459.5,457.5,458.0,112,462.62,3044
2026-04-28 11:15:00,457.5,458.5,457.0,458.0,66,462.54,3044
2026-04-28 11:20:00,457.5,457.5,457.0,457.0,35,462.49,3044
2026-04-28 11:25:00,457.0,458.0,456.5,457.5,47,462.43,3044
2026-04-28 11:30:00,457.0,457.0,456.5,456.5,17,462.41,3044
2026-04-28 11:35:00,456.5,457.0,455.5,455.5,64,462.32,3044
2026-04-28 11:40:00,455.5,456.5,454.5,454.5,162,462.06,3044
2026-04-28 11:45:00,454.5,454.5,454.0,454.0,66,461.95,3044
2026-04-28 11:50:00,454.5,454.5,452.0,452.5,162,461.63,3044
2026-04-28 11:55:00,452.0,454.0,452.0,453.5,50,461.54,3044
2026-04-28 12:00:00,454.0,456.0,454.0,455.5,59,461.46,3044
2026-04-28 12:05:00,455.5,455.5,454.0,455.0,25,461.43,3044
2026-04-28 12:10:00,454.5,455.0,453.5,455.0,105,461.27,3044
2026-04-28 12:15:00,454.5,455.0,454.0,454.5,31,461.23,3044
2026-04-28 12:20:00,455.0,457.0,454.5,455.5,88,461.13,3044
2026-04-28 12:25:00,456.0,456.0,454.5,454.5,49,461.08,3044
2026-04-28 12:30:00,454.5,459.0,454.5,458.5,98,461.0,3044
2026-04-28 12:35:00,458.5,459.0,456.0,456.0,66,460.96,3044
2026-04-28 12:40:00,457.0,457.0,456.0,456.5,93,460.89,3044
2026-04-28 12:45:00,457.0,457.5,456.0,456.0,35,460.86,3044
2026-04-28 12:50:00,456.0,456.0,455.0,456.0,81,460.78,3044
2026-04-28 12:55:00,455.5,456.0,455.5,455.5,69,460.71,3044
2026-04-28 13:00:00,455.0,455.5,454.0,454.0,104,460.61,3044
2026-04-28 13:05:00,454.0,454.5,453.0,453.5,199,460.37,3044
2026-04-28 13:10:00,453.0,453.0,452.0,452.5,109,460.22,3044
2026-04-28 13:15:00,452.0,452.0,451.0,451.0,170,459.98,3044
2026-04-28 13:20:00,451.5,454.0,451.5,454.0,313,459.61,3044
2026-04-28 13:30:00,453.0,453.0,453.0,453.0,384,459.24,3044
2026-04-29 09:00:00,449.5,456.0,447.0,453.0,447,452.01,3044
2026-04-29 09:05:00,453.5,453.5,448.0,449.5,188,451.54,3044
2026-04-29 09:10:00,449.5,452.0,449.0,451.0,113,451.38,3044
2026-04-29 09:15:00,451.0,455.0,450.0,455.0,92,451.45,3044
2026-04-29 09:20:00,455.0,458.5,455.0,457.5,207,452.43,3044
2026-04-29 09:25:00,457.0,461.5,457.0,459.0,178,453.51,3044
2026-04-29 09:30:00,458.5,460.5,456.5,460.5,65,453.77,3044
2026-04-29 09:35:00,461.0,464.0,461.0,462.5,193,454.94,3044
2026-04-29 09:40:00,462.5,462.5,460.5,461.0,46,455.14,3044
2026-04-29 09:45:00,461.0,461.5,458.0,459.0,71,455.33,3044
2026-04-29 09:50:00,459.0,459.0,457.5,458.5,45,455.42,3044
2026-04-29 09:55:00,459.0,459.5,457.5,458.5,53,455.53,3044
2026-04-29 10:00:00,458.5,460.0,458.5,458.5,37,455.61,3044
2026-04-29 10:05:00,458.0,459.0,457.5,457.5,40,455.66,3044
2026-04-29 10:10:00,457.5,457.5,456.0,456.0,26,455.68,3044
2026-04-29 10:15:00,456.0,456.5,454.5,456.0,76,455.67,3044
2026-04-29 10:20:00,455.5,455.5,454.5,455.0,20,455.66,3044
2026-04-29 10:25:00,454.5,455.5,453.5,455.0,45,455.63,3044
2026-04-29 10:30:00,455.5,456.0,455.0,456.0,14,455.63,3044
2026-04-29 10:35:00,456.0,456.0,454.5,454.5,16,455.62,3044
2026-04-29 10:40:00,454.5,454.5,453.0,453.5,40,455.59,3044
2026-04-29 10:45:00,453.5,453.5,452.5,453.5,33,455.55,3044
2026-04-29 10:50:00,454.0,455.0,454.0,454.5,36,455.53,3044
2026-04-29 10:55:00,454.0,455.0,454.0,455.0,8,455.53,3044
2026-04-29 11:00:00,455.5,456.0,451.5,452.0,159,455.38,3044
2026-04-29 11:05:00,452.0,454.0,451.5,453.0,62,455.32,3044
2026-04-29 11:10:00,453.0,454.0,452.5,452.5,40,455.28,3044
2026-04-29 11:15:00,452.5,454.5,452.5,454.0,88,455.21,3044
2026-04-29 11:20:00,454.0,455.5,454.0,454.5,91,455.2,3044
2026-04-29 11:25:00,454.0,454.0,453.0,453.0,38,455.18,3044
2026-04-29 11:30:00,453.0,454.0,452.5,452.5,32,455.15,3044
2026-04-29 11:35:00,452.5,453.0,451.5,452.5,75,455.07,3044
2026-04-29 11:40:00,452.5,453.5,451.5,451.5,68,455.01,3044
2026-04-29 11:45:00,451.5,453.0,451.0,452.0,81,454.93,3044
2026-04-29 11:50:00,453.0,453.0,452.0,452.5,51,454.89,3044
2026-04-29 11:55:00,453.0,454.0,452.5,454.0,46,454.86,3044
2026-04-29 12:00:00,454.5,455.0,454.5,454.5,19,454.85,3044
2026-04-29 12:05:00,454.5,456.0,454.5,456.0,25,454.86,3044
2026-04-29 12:10:00,456.5,456.5,455.0,455.0,18,454.86,3044
2026-04-29 12:15:00,454.5,454.5,453.0,453.0,24,454.86,3044
2026-04-29 12:20:00,453.0,454.5,453.0,453.5,21,454.85,3044
2026-04-29 12:25:00,453.5,454.0,453.0,453.0,20,454.84,3044
2026-04-29 12:30:00,453.0,453.0,452.5,452.5,24,454.82,3044
2026-04-29 12:35:00,452.5,452.5,452.0,452.0,28,454.8,3044
2026-04-29 12:40:00,452.0,452.5,451.0,451.5,41,454.76,3044
2026-04-29 12:45:00,451.0,452.0,451.0,451.0,34,454.72,3044
2026-04-29 12:50:00,451.0,451.0,450.0,450.5,57,454.65,3044
2026-04-29 12:55:00,450.5,451.0,450.0,450.0,43,454.6,3044
2026-04-29 13:00:00,450.0,452.0,450.0,452.0,78,454.52,3044
2026-04-29 13:05:00,452.5,453.0,452.0,452.5,40,454.5,3044
2026-04-29 13:10:00,452.5,453.0,452.5,452.5,36,454.48,3044
2026-04-29 13:15:00,452.5,453.5,452.0,452.5,90,454.43,3044
2026-04-29 13:20:00,453.0,454.0,452.0,452.5,115,454.39,3044
2026-04-29 13:30:00,454.0,454.0,454.0,454.0,318,454.36,3044
2026-04-30 09:00:00,450.0,453.5,449.0,452.0,289,450.93,3044
2026-04-30 09:05:00,452.5,452.5,448.0,449.0,177,450.5,3044
2026-04-30 09:10:00,449.0,449.0,447.0,447.0,95,450.11,3044
2026-04-30 09:15:00,447.0,449.0,446.0,448.5,71,449.8,3044
2026-04-30 09:20:00,448.5,450.0,448.0,450.0,52,449.72,3044
2026-04-30 09:25:00,450.0,451.0,450.0,451.0,34,449.76,3044
2026-04-30 09:30:00,451.0,452.5,451.0,452.0,67,449.91,3044
2026-04-30 09:35:00,451.5,451.5,448.0,450.0,81,449.9,3044
2026-04-30 09:40:00,451.5,451.5,451.5,451.5,27,449.95,3044
2026-04-30 09:45:00,451.5,454.0,451.5,453.5,92,450.25,3044
2026-04-30 09:50:00,454.0,457.5,453.5,456.0,97,450.7,3044
2026-04-30 09:55:00,456.0,456.5,456.0,456.5,35,450.87,3044
2026-04-30 10:00:00,456.0,456.5,453.5,453.5,80,451.17,3044
2026-04-30 10:05:00,454.0,454.0,452.5,453.5,32,451.22,3044
2026-04-30 10:10:00,454.0,455.0,454.0,455.0,37,451.31,3044
2026-04-30 10:15:00,454.5,455.0,454.0,454.0,30,451.37,3044
2026-04-30 10:20:00,454.0,454.0,452.0,452.5,40,451.42,3044
2026-04-30 10:25:00,452.5,453.0,452.0,452.0,12,451.43,3044
2026-04-30 10:30:00,452.0,452.0,449.5,449.5,67,451.39,3044
2026-04-30 10:35:00,449.5,450.5,449.5,449.5,54,451.32,3044
2026-04-30 10:40:00,449.5,450.5,449.5,450.5,21,451.31,3044
2026-04-30 10:45:00,450.5,451.5,450.0,450.0,40,451.29,3044
2026-04-30 10:50:00,450.0,450.0,449.0,449.0,33,451.26,3044
2026-04-30 10:55:00,449.0,449.5,449.0,449.5,14,451.24,3044
2026-04-30 11:00:00,449.0,452.5,449.0,452.5,53,451.19,3044
2026-04-30 11:05:00,453.0,455.0,453.0,454.5,78,451.34,3044
2026-04-30 11:10:00,454.5,455.0,454.5,454.5,18,451.37,3044
2026-04-30 11:15:00,454.0,454.5,453.5,453.5,22,451.4,3044
2026-04-30 11:20:00,454.0,457.0,453.5,457.0,78,451.56,3044
2026-04-30 11:25:00,457.0,457.0,455.0,455.5,27,451.62,3044
2026-04-30 11:30:00,455.5,455.5,454.0,454.0,32,451.68,3044
2026-04-30 11:35:00,454.0,455.5,453.5,455.5,24,451.71,3044
2026-04-30 11:40:00,455.5,455.5,455.0,455.0,9,451.72,3044
2026-04-30 11:45:00,455.0,455.5,455.0,455.5,31,451.78,3044
2026-04-30 11:50:00,455.5,455.5,455.5,455.5,7,451.79,3044
2026-04-30 11:55:00,455.5,455.5,455.5,455.5,10,451.81,3044
2026-04-30 12:00:00,455.5,456.0,455.0,455.0,17,451.84,3044
2026-04-30 12:05:00,455.0,455.5,454.5,454.5,26,451.88,3044
2026-04-30 12:10:00,454.5,455.0,454.0,455.0,35,451.93,3044
2026-04-30 12:15:00,455.5,455.5,454.0,454.0,14,451.95,3044
2026-04-30 12:20:00,454.0,454.0,453.0,453.0,33,451.98,3044
2026-04-30 12:25:00,453.0,453.0,452.0,452.0,32,451.98,3044
2026-04-30 12:30:00,452.0,452.0,448.5,450.5,115,451.87,3044
2026-04-30 12:35:00,450.0,450.5,449.0,449.5,71,451.81,3044
2026-04-30 12:40:00,449.5,451.0,449.0,451.0,42,451.78,3044
2026-04-30 12:45:00,450.0,451.5,450.0,451.0,45,451.77,3044
2026-04-30 12:50:00,451.5,451.5,450.5,451.0,42,451.76,3044
2026-04-30 12:55:00,451.5,451.5,451.0,451.5,28,451.75,3044
2026-04-30 13:00:00,451.5,451.5,450.0,450.5,53,451.73,3044
2026-04-30 13:05:00,450.0,451.0,449.5,451.0,53,451.7,3044
2026-04-30 13:10:00,451.0,453.0,451.0,452.5,60,451.71,3044
2026-04-30 13:15:00,452.5,453.0,451.5,451.5,70,451.72,3044
2026-04-30 13:20:00,452.5,452.5,450.5,451.0,70,451.71,3044
2026-04-30 13:30:00,448.5,448.5,448.5,448.5,877,450.94,3044
2026-05-04 09:00:00,460.0,467.5,455.0,458.0,448,460.78,3044
2026-05-04 09:05:00,458.0,459.5,453.5,459.0,186,459.71,3044
2026-05-04 09:10:00,459.5,461.5,458.0,461.0,70,459.73,3044
2026-05-04 09:15:00,461.0,461.0,458.5,459.0,61,459.72,3044
2026-05-04 09:20:00,459.0,460.5,458.5,458.5,85,459.67,3044
2026-05-04 09:25:00,458.5,459.0,457.0,457.5,62,459.53,3044
2026-05-04 09:30:00,457.5,457.5,457.0,457.0,39,459.43,3044
2026-05-04 09:35:00,457.0,461.0,457.0,461.0,77,459.38,3044
2026-05-04 09:40:00,461.0,461.0,460.5,460.5,25,459.41,3044
2026-05-04 09:45:00,460.5,461.0,460.0,460.0,21,459.43,3044
2026-05-04 09:50:00,461.0,464.5,461.0,462.5,114,459.78,3044
2026-05-04 09:55:00,462.5,464.5,462.5,464.0,93,460.09,3044
2026-05-04 10:00:00,464.5,469.0,464.5,466.0,217,461.11,3044
2026-05-04 10:05:00,466.0,468.0,465.0,465.0,93,461.43,3044
2026-05-04 10:10:00,465.0,468.0,464.5,467.5,58,461.59,3044
2026-05-04 10:15:00,468.0,468.0,466.5,466.5,36,461.71,3044
2026-05-04 10:20:00,466.5,466.5,466.0,466.0,17,461.76,3044
2026-05-04 10:25:00,466.0,466.0,466.0,466.0,19,461.8,3044
2026-05-04 10:30:00,465.5,466.0,465.5,466.0,7,461.82,3044
2026-05-04 10:35:00,466.0,470.0,466.0,469.5,212,462.55,3044
2026-05-04 10:40:00,469.0,469.0,468.5,468.5,13,462.59,3044
2026-05-04 10:45:00,469.0,469.0,468.0,468.0,27,462.67,3044
2026-05-04 10:50:00,468.0,468.0,465.5,467.0,71,462.82,3044
2026-05-04 10:55:00,467.5,468.0,467.0,468.0,15,462.86,3044
2026-05-04 11:00:00,468.0,468.0,467.5,467.5,9,462.88,3044
2026-05-04 11:05:00,467.0,467.0,466.0,466.0,22,462.91,3044
2026-05-04 11:10:00,466.0,467.0,466.0,467.0,17,462.94,3044
2026-05-04 11:15:00,466.5,467.0,465.5,466.0,64,463.04,3044
2026-05-04 11:20:00,466.0,466.0,465.0,465.5,46,463.09,3044
2026-05-04 11:25:00,465.0,465.0,463.5,464.5,89,463.14,3044
2026-05-04 11:30:00,464.5,465.5,464.5,465.5,19,463.16,3044
2026-05-04 11:35:00,465.5,466.5,465.5,466.5,34,463.2,3044
2026-05-04 11:40:00,466.5,466.5,465.0,465.0,73,463.28,3044
2026-05-04 11:45:00,465.0,465.0,465.0,465.0,27,463.3,3044
2026-05-04 11:50:00,465.0,465.0,465.0,465.0,6,463.3,3044
2026-05-04 11:55:00,465.0,465.5,465.0,465.5,4,463.31,3044
2026-05-04 12:00:00,465.0,465.0,464.0,464.5,83,463.34,3044
2026-05-04 12:05:00,465.0,468.5,465.0,468.5,109,463.49,3044
2026-05-04 12:10:00,468.5,468.5,468.0,468.0,73,463.62,3044
2026-05-04 12:15:00,468.5,468.5,468.0,468.5,24,463.66,3044
2026-05-04 12:20:00,468.5,468.5,467.5,468.0,22,463.7,3044
2026-05-04 12:25:00,468.0,468.5,466.5,467.0,55,463.77,3044
2026-05-04 12:30:00,467.0,467.5,465.5,466.0,47,463.81,3044
2026-05-04 12:35:00,466.5,466.5,465.5,466.5,28,463.83,3044
2026-05-04 12:40:00,466.5,466.5,465.5,466.5,18,463.85,3044
2026-05-04 12:45:00,466.5,466.5,464.5,464.5,98,463.9,3044
2026-05-04 12:50:00,464.5,464.5,464.0,464.5,37,463.9,3044
2026-05-04 12:55:00,464.5,465.0,464.0,465.0,23,463.9,3044
2026-05-04 13:00:00,465.0,465.5,464.5,464.5,50,463.92,3044
2026-05-04 13:05:00,464.5,465.5,464.0,465.5,65,463.93,3044
2026-05-04 13:10:00,465.5,465.5,464.5,465.0,44,463.95,3044
2026-05-04 13:15:00,465.0,466.0,463.5,466.0,79,463.97,3044
2026-05-04 13:20:00,466.0,466.0,464.5,464.5,119,464.01,3044
2026-05-04 13:30:00,465.5,465.5,465.5,465.5,187,464.09,3044
2026-05-05 09:00:00,465.0,467.0,463.5,465.5,116,464.89,3044
2026-05-05 09:05:00,465.5,471.0,465.5,468.5,139,467.06,3044
2026-05-05 09:10:00,468.5,471.5,468.5,470.0,120,468.03,3044
2026-05-05 09:15:00,470.5,473.0,470.5,472.0,85,468.72,3044
2026-05-05 09:20:00,472.0,472.0,467.0,471.5,128,468.98,3044
2026-05-05 09:25:00,472.0,473.0,468.0,468.0,103,469.29,3044
2026-05-05 09:30:00,467.5,470.0,466.0,470.0,68,469.1,3044
2026-05-05 09:35:00,470.0,474.0,470.0,472.5,112,469.46,3044
2026-05-05 09:40:00,472.0,472.0,469.0,469.5,28,469.5,3044
2026-05-05 09:45:00,469.5,471.0,469.0,469.5,28,469.5,3044
2026-05-05 09:50:00,470.5,472.0,469.5,472.0,28,469.55,3044
2026-05-05 09:55:00,472.0,472.0,471.0,471.0,30,469.62,3044
2026-05-05 10:00:00,471.5,471.5,470.5,471.0,18,469.64,3044
2026-05-05 10:05:00,471.0,471.5,469.5,470.0,50,469.68,3044
2026-05-05 10:10:00,470.5,470.5,469.0,469.5,19,469.68,3044
2026-05-05 10:15:00,469.5,471.0,469.5,471.0,35,469.7,3044
2026-05-05 10:20:00,471.0,471.0,470.5,471.0,16,469.71,3044
2026-05-05 10:25:00,471.0,471.5,467.5,467.5,41,469.71,3044
2026-05-05 10:30:00,467.0,469.0,467.0,469.0,14,469.69,3044
2026-05-05 10:35:00,469.0,470.0,468.0,469.0,16,469.68,3044
2026-05-05 10:40:00,469.0,477.5,469.0,476.5,221,470.3,3044
2026-05-05 10:45:00,475.5,477.0,474.0,474.0,49,470.47,3044
2026-05-05 10:50:00,474.0,476.5,474.0,476.0,75,470.7,3044
2026-05-05 10:55:00,476.0,478.0,475.5,478.0,82,471.03,3044
2026-05-05 11:00:00,478.0,481.0,477.5,481.0,175,471.86,3044
2026-05-05 11:05:00,480.5,485.0,479.5,484.5,363,473.7,3044
2026-05-05 11:10:00,484.0,488.5,484.0,487.5,307,475.29,3044
2026-05-05 11:15:00,487.5,487.5,486.0,487.0,100,475.75,3044
2026-05-05 11:20:00,487.0,487.5,485.0,486.0,90,476.1,3044
2026-05-05 11:25:00,486.0,487.5,486.0,486.0,34,476.23,3044
2026-05-05 11:30:00,485.5,488.0,485.5,488.0,62,476.47,3044
2026-05-05 11:35:00,487.5,488.0,486.5,487.5,44,476.65,3044
2026-05-05 11:40:00,487.5,488.0,487.0,488.0,33,476.77,3044
2026-05-05 11:45:00,488.0,488.0,485.5,486.0,50,476.94,3044
2026-05-05 11:50:00,487.0,487.0,484.5,484.5,46,477.07,3044
2026-05-05 11:55:00,484.5,484.5,483.5,483.5,28,477.14,3044
2026-05-05 12:00:00,483.5,485.0,482.0,484.5,57,477.25,3044
2026-05-05 12:05:00,484.5,485.0,483.5,484.0,13,477.29,3044
2026-05-05 12:10:00,483.5,485.0,483.0,485.0,29,477.35,3044
2026-05-05 12:15:00,484.5,485.5,484.0,485.0,26,477.41,3044
2026-05-05 12:20:00,485.0,486.5,485.0,486.5,49,477.55,3044
2026-05-05 12:25:00,486.0,487.5,486.0,487.5,31,477.64,3044
2026-05-05 12:30:00,487.5,491.0,486.5,490.0,153,478.17,3044
2026-05-05 12:35:00,490.5,491.0,489.0,490.0,87,478.48,3044
2026-05-05 12:40:00,489.5,490.5,488.0,489.0,55,478.65,3044
2026-05-05 12:45:00,489.0,489.0,487.0,487.0,54,478.8,3044
2026-05-05 12:50:00,488.5,488.5,486.0,486.0,45,478.9,3044
2026-05-05 12:55:00,487.0,488.0,485.5,488.0,41,478.98,3044
2026-05-05 13:00:00,487.5,488.0,486.5,487.5,46,479.08,3044
2026-05-05 13:05:00,486.5,487.0,484.5,485.0,90,479.24,3044
2026-05-05 13:10:00,485.5,486.5,485.0,485.5,71,479.36,3044
2026-05-05 13:15:00,485.0,487.0,485.0,487.0,63,479.46,3044
2026-05-05 13:20:00,486.0,487.0,485.0,486.0,115,479.65,3044
2026-05-05 13:30:00,484.5,484.5,484.5,484.5,205,479.89,3044
2026-05-06 09:00:00,495.0,496.0,489.0,489.0,378,494.04,3044
2026-05-06 09:05:00,489.0,492.0,485.0,487.0,215,492.04,3044
2026-05-06 09:10:00,487.0,494.5,487.0,494.5,167,492.01,3044
2026-05-06 09:15:00,494.5,505.0,494.5,501.0,658,495.79,3044
2026-05-06 09:20:00,501.0,506.0,499.0,499.5,345,497.15,3044
2026-05-06 09:25:00,499.5,500.0,492.5,492.5,255,497.02,3044
2026-05-06 09:30:00,492.0,498.5,491.5,496.0,210,496.87,3044
2026-05-06 09:35:00,496.0,497.0,492.5,493.0,164,496.66,3044
2026-05-06 09:40:00,493.0,493.0,488.5,489.5,261,496.01,3044
2026-05-06 09:45:00,489.0,489.5,483.0,483.0,340,494.86,3044
2026-05-06 09:50:00,483.0,484.5,478.5,480.5,300,493.66,3044
2026-05-06 09:55:00,481.0,486.5,481.0,485.5,216,493.11,3044
2026-05-06 10:00:00,485.0,487.5,481.0,483.0,341,492.3,3044
2026-05-06 10:05:00,483.5,485.0,477.5,484.0,231,491.66,3044
2026-05-06 10:10:00,483.5,486.5,483.5,485.0,83,491.53,3044
2026-05-06 10:15:00,485.0,487.0,484.5,487.0,72,491.42,3044
2026-05-06 10:20:00,487.5,488.5,486.0,486.0,70,491.36,3044
2026-05-06 10:25:00,486.5,487.0,484.5,486.5,74,491.26,3044
2026-05-06 10:30:00,486.5,488.0,485.5,486.0,79,491.18,3044
2026-05-06 10:35:00,486.0,486.5,484.0,484.5,68,491.09,3044
2026-05-06 10:40:00,484.5,484.5,482.0,482.0,66,490.98,3044
2026-05-06 10:45:00,482.0,484.0,480.5,483.0,116,490.76,3044
2026-05-06 10:50:00,482.5,484.0,482.0,482.0,60,490.65,3044
2026-05-06 10:55:00,482.0,482.0,480.5,481.0,48,490.56,3044
2026-05-06 11:00:00,481.0,484.5,480.5,484.5,76,490.43,3044
2026-05-06 11:05:00,484.0,487.0,484.0,487.0,100,490.34,3044
2026-05-06 11:10:00,487.0,491.0,487.0,490.5,129,490.32,3044
2026-05-06 11:15:00,490.5,494.5,490.0,493.5,170,490.39,3044
2026-05-06 11:20:00,492.5,494.0,491.5,493.0,114,490.45,3044
2026-05-06 11:25:00,493.0,498.5,492.5,498.5,206,490.65,3044
2026-05-06 11:30:00,497.5,499.0,497.0,498.5,201,490.91,3044
2026-05-06 11:35:00,497.5,498.5,494.5,494.5,156,491.05,3044
2026-05-06 11:40:00,495.0,495.5,493.0,493.0,118,491.12,3044
2026-05-06 11:45:00,494.5,495.5,494.0,495.0,77,491.16,3044
2026-05-06 11:50:00,495.0,496.5,490.5,490.5,126,491.22,3044
2026-05-06 11:55:00,490.5,490.5,486.5,488.0,95,491.18,3044
2026-05-06 12:00:00,488.0,490.0,487.0,487.0,63,491.15,3044
2026-05-06 12:05:00,487.0,487.5,484.0,484.0,78,491.08,3044
2026-05-06 12:10:00,484.5,485.5,484.5,485.5,67,491.02,3044
2026-05-06 12:15:00,485.5,486.0,484.0,484.5,80,490.95,3044
2026-05-06 12:20:00,484.0,486.0,484.0,484.0,98,490.86,3044
2026-05-06 12:25:00,483.5,484.0,482.5,483.5,62,490.79,3044
2026-05-06 12:30:00,483.5,486.5,483.0,484.5,75,490.72,3044
2026-05-06 12:35:00,484.5,485.5,484.0,485.0,39,490.68,3044
2026-05-06 12:40:00,484.5,485.5,484.0,485.0,66,490.63,3044
2026-05-06 12:45:00,485.0,487.5,484.5,487.5,43,490.6,3044
2026-05-06 12:50:00,487.5,488.0,486.0,488.0,56,490.57,3044
2026-05-06 12:55:00,488.0,489.0,486.0,487.5,86,490.54,3044
2026-05-06 13:00:00,487.5,487.5,485.0,486.5,97,490.48,3044
2026-05-06 13:05:00,486.5,487.5,485.5,487.5,65,490.44,3044
2026-05-06 13:10:00,487.5,488.0,486.5,488.0,96,490.41,3044
2026-05-06 13:15:00,488.0,489.0,486.5,488.5,146,490.35,3044
2026-05-06 13:20:00,487.5,488.0,486.0,487.5,179,490.28,3044
2026-05-06 13:30:00,488.0,488.0,488.0,488.0,352,490.18,3044
2026-05-07 09:00:00,489.0,499.0,488.0,496.0,486,494.87,3044
2026-05-07 09:05:00,495.5,501.0,495.5,497.0,187,495.87,3044
2026-05-07 09:10:00,497.0,500.0,497.0,499.5,78,496.16,3044
2026-05-07 09:15:00,499.5,503.0,499.0,499.0,252,497.33,3044
2026-05-07 09:20:00,498.5,498.5,492.0,492.0,295,496.72,3044
2026-05-07 09:25:00,491.5,494.5,491.5,494.5,88,496.49,3044
2026-05-07 09:30:00,494.0,494.5,493.5,494.5,67,496.37,3044
2026-05-07 09:35:00,494.5,495.0,492.5,495.0,85,496.22,3044
2026-05-07 09:40:00,495.0,497.0,495.0,497.0,68,496.19,3044
2026-05-07 09:45:00,497.5,501.0,497.5,501.0,83,496.35,3044
2026-05-07 09:50:00,501.0,504.0,499.0,502.0,243,497.02,3044
2026-05-07 09:55:00,502.0,503.0,501.0,502.0,89,497.24,3044
2026-05-07 10:00:00,502.0,503.0,501.0,502.0,67,497.4,3044
2026-05-07 10:05:00,501.0,505.0,501.0,503.0,213,497.99,3044
2026-05-07 10:10:00,500.0,502.0,498.5,499.0,79,498.05,3044
2026-05-07 10:15:00,498.5,499.5,497.0,497.0,44,498.05,3044
2026-05-07 10:20:00,497.5,501.0,497.0,501.0,49,498.06,3044
2026-05-07 10:25:00,501.0,502.0,500.0,501.0,44,498.12,3044
2026-05-07 10:30:00,500.0,501.0,499.0,501.0,42,498.15,3044
2026-05-07 10:35:00,501.0,501.0,499.0,500.0,31,498.16,3044
2026-05-07 10:40:00,500.0,500.0,498.0,499.0,66,498.18,3044
2026-05-07 10:45:00,498.5,499.0,498.0,498.5,13,498.19,3044
2026-05-07 10:50:00,498.0,498.5,498.0,498.5,7,498.19,3044
2026-05-07 10:55:00,498.5,499.5,498.0,499.5,29,498.19,3044
2026-05-07 11:00:00,500.0,503.0,500.0,503.0,62,498.26,3044
2026-05-07 11:05:00,503.0,503.0,502.0,503.0,40,498.32,3044
2026-05-07 11:10:00,502.0,503.0,501.0,503.0,40,498.38,3044
2026-05-07 11:15:00,504.0,510.0,504.0,509.0,462,499.52,3044
2026-05-07 11:20:00,509.0,510.0,508.0,508.0,74,499.74,3044
2026-05-07 11:25:00,509.0,509.0,506.0,506.0,67,499.89,3044
2026-05-07 11:30:00,505.0,505.0,503.0,504.0,53,499.95,3044
2026-05-07 11:35:00,504.0,505.0,504.0,504.0,22,499.98,3044
2026-05-07 11:40:00,504.0,505.0,503.0,504.0,13,500.0,3044
2026-05-07 11:45:00,503.0,504.0,503.0,503.0,18,500.01,3044
2026-05-07 11:50:00,502.0,503.0,500.0,500.0,49,500.02,3044
2026-05-07 11:55:00,499.5,505.0,499.5,503.0,41,500.06,3044
2026-05-07 12:00:00,504.0,504.0,503.0,503.0,6,500.06,3044
2026-05-07 12:05:00,503.0,504.0,503.0,504.0,16,500.07,3044
2026-05-07 12:10:00,504.0,504.0,502.0,502.0,15,500.09,3044
2026-05-07 12:15:00,502.0,502.0,499.5,499.5,89,500.1,3044
2026-05-07 12:20:00,499.5,502.0,499.0,502.0,32,500.1,3044
2026-05-07 12:25:00,502.0,503.0,500.0,500.0,15,500.1,3044
2026-05-07 12:30:00,500.0,503.0,500.0,503.0,31,500.11,3044
2026-05-07 12:35:00,502.0,502.0,502.0,502.0,5,500.12,3044
2026-05-07 12:40:00,502.0,502.0,501.0,502.0,9,500.12,3044
2026-05-07 12:45:00,502.0,505.0,501.0,503.0,59,500.16,3044
2026-05-07 12:50:00,504.0,504.0,503.0,503.0,19,500.18,3044
2026-05-07 12:55:00,504.0,504.0,503.0,504.0,8,500.19,3044
2026-05-07 13:00:00,504.0,504.0,503.0,504.0,17,500.2,3044
2026-05-07 13:05:00,503.0,504.0,502.0,502.0,64,500.24,3044
2026-05-07 13:10:00,502.0,503.0,502.0,502.0,35,500.26,3044
2026-05-07 13:15:00,503.0,503.0,501.0,501.0,48,500.27,3044
2026-05-07 13:20:00,501.0,502.0,500.0,500.0,176,500.29,3044
2026-05-07 13:30:00,500.0,500.0,500.0,500.0,346,500.27,3044
2026-05-08 09:00:00,500.0,500.0,494.0,498.5,289,497.74,3044
2026-05-08 09:05:00,497.0,501.0,497.0,499.0,147,498.21,3044
2026-05-08 09:10:00,499.0,501.0,498.0,498.0,107,498.38,3044
2026-05-08 09:15:00,497.5,499.5,490.0,491.5,280,497.23,3044
2026-05-08 09:20:00,491.5,492.0,490.0,491.0,178,496.1,3044
2026-05-08 09:25:00,490.5,493.0,490.5,491.5,40,495.96,3044
2026-05-08 09:30:00,492.5,492.5,491.0,491.0,62,495.72,3044
2026-05-08 09:35:00,491.5,492.5,489.0,489.0,182,494.97,3044
2026-05-08 09:40:00,489.0,489.5,485.5,487.0,242,493.76,3044
2026-05-08 09:45:00,487.0,490.0,487.0,490.0,40,493.64,3044
2026-05-08 09:50:00,490.0,490.5,487.0,487.5,62,493.47,3044
2026-05-08 09:55:00,487.0,487.0,485.5,486.5,141,492.87,3044
2026-05-08 10:00:00,486.5,487.5,485.0,487.0,68,492.61,3044
2026-05-08 10:05:00,487.0,487.0,485.0,486.0,78,492.35,3044
2026-05-08 10:10:00,486.0,486.5,483.0,483.0,162,491.77,3044
2026-05-08 10:15:00,483.0,484.0,480.0,481.5,143,491.12,3044
2026-05-08 10:20:00,481.0,481.0,475.5,478.0,237,489.86,3044
2026-05-08 10:25:00,480.0,480.5,478.0,480.0,54,489.64,3044
2026-05-08 10:30:00,479.5,484.0,479.0,484.0,93,489.32,3044
2026-05-08 10:35:00,484.0,484.5,482.0,483.0,26,489.26,3044
2026-05-08 10:40:00,483.0,486.0,482.5,485.5,36,489.19,3044
2026-05-08 10:45:00,486.0,486.5,485.5,486.5,30,489.16,3044
2026-05-08 10:50:00,487.0,489.0,487.0,487.0,48,489.13,3044
2026-05-08 10:55:00,487.0,488.0,487.0,487.5,16,489.12,3044
2026-05-08 11:00:00,487.0,488.0,487.0,488.0,22,489.1,3044
2026-05-08 11:05:00,488.0,488.0,486.5,487.5,30,489.09,3044
2026-05-08 11:10:00,487.5,488.0,487.5,488.0,16,489.08,3044
2026-05-08 11:15:00,488.0,488.0,486.0,486.0,31,489.06,3044
2026-05-08 11:20:00,486.5,486.5,485.5,486.0,20,489.04,3044
2026-05-08 11:25:00,485.0,485.5,481.0,482.5,70,488.9,3044
2026-05-08 11:30:00,482.5,483.0,481.5,481.5,23,488.85,3044
2026-05-08 11:35:00,481.5,481.5,479.0,481.5,113,488.53,3044
2026-05-08 11:40:00,481.5,481.5,481.0,481.5,23,488.47,3044
2026-05-08 11:45:00,481.5,481.5,480.0,480.5,29,488.4,3044
2026-05-08 11:50:00,480.5,480.5,479.0,480.0,42,488.29,3044
2026-05-08 11:55:00,479.5,481.5,479.5,481.5,20,488.24,3044
2026-05-08 12:00:00,481.5,481.5,481.5,481.5,10,488.22,3044
2026-05-08 12:05:00,481.5,481.5,481.0,481.5,21,488.17,3044
2026-05-08 12:10:00,482.0,482.0,481.0,481.5,31,488.11,3044
2026-05-08 12:15:00,481.5,482.0,480.5,482.0,74,487.96,3044
2026-05-08 12:20:00,482.0,482.0,481.0,481.5,19,487.92,3044
2026-05-08 12:25:00,481.5,481.5,480.5,481.5,22,487.88,3044
2026-05-08 12:30:00,481.5,481.5,480.5,481.5,19,487.84,3044
2026-05-08 12:35:00,481.5,481.5,481.5,481.5,18,487.8,3044
2026-05-08 12:40:00,481.5,482.0,481.5,482.0,36,487.74,3044
2026-05-08 12:45:00,481.5,481.5,480.5,481.0,31,487.68,3044
2026-05-08 12:50:00,480.5,481.0,480.5,481.0,22,487.64,3044
2026-05-08 12:55:00,481.0,481.5,480.5,481.0,45,487.55,3044
2026-05-08 13:00:00,481.0,481.5,479.0,479.0,108,487.34,3044
2026-05-08 13:05:00,479.5,479.5,478.5,478.5,66,487.19,3044
2026-05-08 13:10:00,478.5,479.0,478.0,479.0,98,486.96,3044
2026-05-08 13:15:00,478.5,481.0,478.5,479.0,122,486.72,3044
2026-05-08 13:20:00,480.5,480.5,478.0,479.0,168,486.4,3044
2026-05-08 13:30:00,481.0,481.0,481.0,481.0,396,485.92,3044
2026-05-11 09:00:00,495.0,508.0,495.0,506.0,661,501.93,3044
2026-05-11 09:05:00,506.0,507.0,486.5,487.0,328,500.58,3044
2026-05-11 09:10:00,487.5,489.5,485.0,489.0,262,497.76,3044
2026-05-11 09:15:00,488.5,489.0,483.0,486.0,254,495.59,3044
2026-05-11 09:20:00,486.5,488.0,481.0,483.5,198,494.35,3044
2026-05-11 09:25:00,483.0,483.5,477.0,479.0,324,491.9,3044
2026-05-11 09:30:00,478.0,483.0,477.0,482.0,178,490.92,3044
2026-05-11 09:35:00,481.5,484.5,481.0,483.0,116,490.5,3044
2026-05-11 09:40:00,483.0,483.5,483.0,483.5,58,490.32,3044
2026-05-11 09:45:00,483.5,483.5,480.5,482.5,88,490.01,3044
2026-05-11 09:50:00,482.5,482.5,482.0,482.0,31,489.92,3044
2026-05-11 09:55:00,482.0,482.5,480.5,481.0,50,489.74,3044
2026-05-11 10:00:00,481.0,485.0,480.5,485.0,102,489.45,3044
2026-05-11 10:05:00,485.0,485.0,482.5,482.5,50,489.34,3044
2026-05-11 10:10:00,482.5,483.0,482.0,482.5,39,489.24,3044
2026-05-11 10:15:00,482.5,482.5,480.5,480.5,56,489.08,3044
2026-05-11 10:20:00,480.5,482.0,479.0,482.0,152,488.61,3044
2026-05-11 10:25:00,482.0,482.5,480.5,482.5,20,488.56,3044
2026-05-11 10:30:00,482.5,483.0,482.0,482.5,13,488.54,3044
2026-05-11 10:35:00,482.0,482.0,480.5,480.5,36,488.45,3044
2026-05-11 10:40:00,480.5,481.5,480.5,481.0,31,488.38,3044
2026-05-11 10:45:00,481.5,483.5,481.5,482.5,80,488.22,3044
2026-05-11 10:50:00,482.5,482.5,482.0,482.0,14,488.19,3044
2026-05-11 10:55:00,482.0,482.5,482.0,482.0,9,488.17,3044
2026-05-11 11:00:00,482.5,482.5,482.0,482.5,33,488.12,3044
2026-05-11 11:05:00,483.0,483.0,482.0,482.5,24,488.07,3044
2026-05-11 11:10:00,482.0,482.5,482.0,482.0,12,488.05,3044
2026-05-11 11:15:00,482.0,482.0,479.5,479.5,148,487.72,3044
2026-05-11 11:20:00,480.0,481.0,480.0,480.5,49,487.61,3044
2026-05-11 11:25:00,480.5,481.5,480.5,481.0,26,487.56,3044
2026-05-11 11:30:00,481.5,482.0,481.5,482.0,73,487.44,3044
2026-05-11 11:35:00,482.0,482.0,481.0,481.5,25,487.4,3044
2026-05-11 11:40:00,481.5,481.5,480.0,480.0,59,487.29,3044
2026-05-11 11:45:00,480.5,481.0,480.5,480.5,15,487.26,3044
2026-05-11 11:50:00,480.5,480.5,480.5,480.5,13,487.24,3044
2026-05-11 11:55:00,480.5,481.5,480.5,481.0,52,487.15,3044
2026-05-11 12:00:00,481.5,481.5,480.5,481.0,45,487.07,3044
2026-05-11 12:05:00,481.5,481.5,481.0,481.5,26,487.03,3044
2026-05-11 12:10:00,481.5,483.5,481.0,483.0,140,486.87,3044
2026-05-11 12:15:00,483.5,483.5,482.5,483.5,18,486.85,3044
2026-05-11 12:20:00,483.5,483.5,482.5,483.5,28,486.83,3044
2026-05-11 12:25:00,483.5,486.0,483.0,486.0,111,486.76,3044
2026-05-11 12:30:00,486.0,489.0,486.0,488.5,153,486.79,3044
2026-05-11 12:35:00,488.0,488.5,487.5,487.5,39,486.8,3044
2026-05-11 12:40:00,487.0,492.0,486.5,489.5,157,486.89,3044
2026-05-11 12:45:00,490.0,490.0,487.5,488.0,39,486.9,3044
2026-05-11 12:50:00,487.5,489.0,487.0,488.0,44,486.91,3044
2026-05-11 12:55:00,488.0,489.0,488.0,488.0,38,486.93,3044
2026-05-11 13:00:00,488.5,488.5,487.5,488.0,41,486.94,3044
2026-05-11 13:05:00,487.5,488.0,487.0,487.0,47,486.94,3044
2026-05-11 13:10:00,487.5,489.0,486.5,488.0,110,486.96,3044
2026-05-11 13:15:00,488.5,489.5,488.0,489.0,69,486.99,3044
2026-05-11 13:20:00,489.0,489.0,488.0,488.0,92,487.02,3044
2026-05-11 13:30:00,489.5,489.5,489.5,489.5,243,487.13,3044
2026-05-12 09:00:00,496.0,502.0,495.5,502.0,421,498.51,3044
2026-05-12 09:05:00,501.0,506.0,498.0,501.0,482,500.83,3044
2026-05-12 09:10:00,501.0,508.0,501.0,506.0,335,501.8,3044
2026-05-12 09:15:00,506.0,506.0,500.0,503.0,200,501.89,3044
2026-05-12 09:20:00,503.0,506.0,500.0,504.0,132,502.0,3044
2026-05-12 09:25:00,503.0,506.0,500.0,502.0,262,502.06,3044
2026-05-12 09:30:00,501.0,501.0,498.5,498.5,103,501.91,3044
2026-05-12 09:35:00,498.5,498.5,496.5,497.0,142,501.62,3044
2026-05-12 09:40:00,496.5,499.5,495.0,499.5,138,501.33,3044
2026-05-12 09:45:00,499.5,499.5,495.5,496.0,105,501.15,3044
2026-05-12 09:50:00,495.5,497.5,495.5,496.0,59,501.03,3044
2026-05-12 09:55:00,496.0,496.0,494.0,495.5,97,500.79,3044
2026-05-12 10:00:00,494.5,495.5,491.5,491.5,99,500.5,3044
2026-05-12 10:05:00,492.0,493.0,488.5,490.0,139,499.99,3044
2026-05-12 10:10:00,490.0,492.0,490.0,490.5,112,499.63,3044
2026-05-12 10:15:00,490.5,491.0,489.5,490.0,60,499.44,3044
2026-05-12 10:20:00,490.0,490.0,487.5,489.5,126,498.99,3044
2026-05-12 10:25:00,488.5,490.0,487.5,488.0,72,498.74,3044
2026-05-12 10:30:00,488.0,488.5,487.5,488.0,50,498.57,3044
2026-05-12 10:35:00,488.0,488.0,486.5,487.5,95,498.24,3044
2026-05-12 10:40:00,488.0,489.0,487.0,489.0,40,498.11,3044
2026-05-12 10:45:00,489.0,489.0,488.0,488.0,19,498.05,3044
2026-05-12 10:50:00,488.5,488.5,486.0,488.0,156,497.56,3044
2026-05-12 10:55:00,488.0,488.0,486.0,487.0,68,497.35,3044
2026-05-12 11:00:00,487.0,487.0,485.5,486.5,107,497.02,3044
2026-05-12 11:05:00,486.5,486.5,485.5,485.5,22,496.96,3044
2026-05-12 11:10:00,486.0,487.0,485.5,487.0,36,496.85,3044
2026-05-12 11:15:00,486.5,487.0,485.0,485.0,110,496.53,3044
2026-05-12 11:20:00,485.0,486.0,484.5,484.5,141,496.11,3044
2026-05-12 11:25:00,485.0,485.0,484.0,484.5,14,496.07,3044
2026-05-12 11:30:00,484.0,484.5,483.5,483.5,33,495.97,3044
2026-05-12 11:35:00,483.5,484.0,483.0,483.5,54,495.8,3044
2026-05-12 11:40:00,483.5,483.5,483.0,483.5,39,495.68,3044
2026-05-12 11:45:00,483.5,483.5,483.0,483.5,53,495.52,3044
2026-05-12 11:50:00,483.5,485.0,483.5,483.5,31,495.44,3044
2026-05-12 11:55:00,483.5,484.5,483.5,484.0,33,495.35,3044
2026-05-12 12:00:00,483.5,486.5,483.5,486.0,44,495.24,3044
2026-05-12 12:05:00,486.5,486.5,484.0,484.0,37,495.15,3044
2026-05-12 12:10:00,485.0,486.5,484.5,486.0,45,495.05,3044
2026-05-12 12:15:00,484.5,486.0,484.5,485.5,34,494.97,3044
2026-05-12 12:20:00,485.5,485.5,484.0,485.0,42,494.87,3044
2026-05-12 12:25:00,485.0,486.5,484.0,485.0,32,494.8,3044
2026-05-12 12:30:00,485.5,487.0,485.5,486.5,59,494.68,3044
2026-05-12 12:35:00,485.5,486.0,484.5,485.0,54,494.57,3044
2026-05-12 12:40:00,485.0,485.0,483.5,484.0,64,494.43,3044
2026-05-12 12:45:00,484.0,484.0,483.0,484.0,105,494.19,3044
2026-05-12 12:50:00,484.0,484.0,481.0,481.0,173,493.77,3044
2026-05-12 12:55:00,481.5,482.5,481.0,482.0,62,493.62,3044
2026-05-12 13:00:00,482.5,485.5,481.0,484.5,168,493.27,3044
2026-05-12 13:05:00,484.5,485.5,482.0,482.5,145,493.01,3044
2026-05-12 13:10:00,482.5,484.0,482.0,482.5,150,492.73,3044
2026-05-12 13:15:00,483.5,484.0,481.0,482.5,201,492.36,3044
2026-05-12 13:20:00,483.0,484.0,481.0,481.5,255,491.93,3044
2026-05-12 13:30:00,481.0,481.0,481.0,481.0,484,491.09,3044
2026-05-13 09:00:00,486.0,503.0,481.0,503.0,924,493.87,3044
2026-05-13 09:05:00,503.0,511.0,503.0,509.0,1335,501.35,3044
2026-05-13 09:10:00,509.0,520.0,508.0,512.0,940,505.33,3044
2026-05-13 09:15:00,512.0,517.0,510.0,517.0,311,506.01,3044
2026-05-13 09:20:00,518.0,518.0,501.0,505.0,295,506.27,3044
2026-05-13 09:25:00,504.0,513.0,504.0,513.0,201,506.38,3044
2026-05-13 09:30:00,512.0,518.0,511.0,512.0,183,506.74,3044
2026-05-13 09:35:00,512.0,518.0,512.0,517.0,197,507.15,3044
2026-05-13 09:40:00,516.0,528.0,514.0,524.0,844,509.56,3044
2026-05-13 09:45:00,523.0,527.0,521.0,522.0,201,510.08,3044
2026-05-13 09:50:00,523.0,527.0,523.0,526.0,152,510.48,3044
2026-05-13 09:55:00,526.0,527.0,524.0,525.0,134,510.82,3044
2026-05-13 10:00:00,525.0,529.0,524.0,529.0,1246,514.0,3044
2026-05-13 10:05:00,529.0,529.0,529.0,529.0,132,514.28,3044
2026-05-13 10:10:00,529.0,529.0,529.0,529.0,58,514.4,3044
2026-05-13 10:15:00,529.0,529.0,529.0,529.0,56,514.51,3044
2026-05-13 10:20:00,529.0,529.0,529.0,529.0,47,514.61,3044
2026-05-13 10:25:00,529.0,529.0,529.0,529.0,23,514.65,3044
2026-05-13 10:30:00,529.0,529.0,529.0,529.0,18,514.69,3044
2026-05-13 10:35:00,529.0,529.0,529.0,529.0,8,514.71,3044
2026-05-13 10:40:00,529.0,529.0,529.0,529.0,29,514.76,3044
2026-05-13 10:45:00,529.0,529.0,529.0,529.0,24,514.81,3044
2026-05-13 10:50:00,529.0,529.0,529.0,529.0,79,514.96,3044
2026-05-13 10:55:00,529.0,529.0,529.0,529.0,9,514.98,3044
2026-05-13 11:00:00,529.0,529.0,518.0,519.0,1606,517.32,3044
2026-05-13 11:05:00,519.0,525.0,518.0,522.0,231,517.45,3044
2026-05-13 11:10:00,522.0,523.0,518.0,518.0,200,517.51,3044
2026-05-13 11:15:00,519.0,526.0,518.0,526.0,107,517.56,3044
2026-05-13 11:20:00,526.0,527.0,525.0,525.0,70,517.62,3044
2026-05-13 11:25:00,525.0,526.0,524.0,525.0,43,517.65,3044
2026-05-13 11:30:00,525.0,529.0,525.0,529.0,628,518.33,3044
2026-05-13 11:35:00,529.0,529.0,529.0,529.0,326,518.65,3044
2026-05-13 11:40:00,529.0,529.0,529.0,529.0,661,519.26,3044
2026-05-13 11:45:00,529.0,529.0,529.0,529.0,11,519.27,3044
2026-05-13 11:50:00,529.0,529.0,529.0,529.0,7,519.27,3044
2026-05-13 11:55:00,529.0,529.0,529.0,529.0,202,519.44,3044
2026-05-13 12:00:00,529.0,529.0,529.0,529.0,9,519.45,3044
2026-05-13 12:05:00,529.0,529.0,529.0,529.0,8,519.46,3044
2026-05-13 12:10:00,529.0,529.0,529.0,529.0,3,519.46,3044
2026-05-13 12:15:00,529.0,529.0,529.0,529.0,2,519.46,3044
2026-05-13 12:20:00,529.0,529.0,529.0,529.0,63,519.51,3044
2026-05-13 12:25:00,529.0,529.0,529.0,529.0,11,519.52,3044
2026-05-13 12:30:00,529.0,529.0,529.0,529.0,9,519.53,3044
2026-05-13 12:35:00,529.0,529.0,529.0,529.0,5,519.53,3044
2026-05-13 12:40:00,529.0,529.0,529.0,529.0,6,519.54,3044
2026-05-13 12:45:00,529.0,529.0,529.0,529.0,94,519.61,3044
2026-05-13 12:50:00,529.0,529.0,529.0,529.0,6,519.62,3044
2026-05-13 12:55:00,529.0,529.0,529.0,529.0,16,519.63,3044
2026-05-13 13:00:00,529.0,529.0,529.0,529.0,3,519.63,3044
2026-05-13 13:05:00,529.0,529.0,529.0,529.0,8,519.64,3044
2026-05-13 13:10:00,529.0,529.0,529.0,529.0,8,519.65,3044
2026-05-13 13:15:00,529.0,529.0,529.0,529.0,7,519.65,3044
2026-05-13 13:20:00,529.0,529.0,529.0,529.0,30,519.68,3044
2026-05-13 13:30:00,529.0,529.0,529.0,529.0,96,519.75,3044
2026-05-14 09:00:00,534.0,542.0,526.0,535.0,2286,533.09,3044
2026-05-14 09:05:00,535.0,535.0,522.0,527.0,718,531.87,3044
2026-05-14 09:10:00,526.0,531.0,525.0,531.0,181,531.69,3044
2026-05-14 09:15:00,531.0,535.0,529.0,531.0,280,531.72,3044
2026-05-14 09:20:00,533.0,535.0,531.0,532.0,133,531.77,3044
2026-05-14 09:25:00,532.0,532.0,528.0,530.0,128,531.71,3044
2026-05-14 09:30:00,532.0,533.0,531.0,533.0,107,531.74,3044
2026-05-14 09:35:00,532.0,534.0,530.0,531.0,119,531.75,3044
2026-05-14 09:40:00,531.0,531.0,528.0,528.0,96,531.69,3044
2026-05-14 09:45:00,528.0,528.0,520.0,525.0,519,530.72,3044
2026-05-14 09:50:00,525.0,526.0,520.0,521.0,125,530.48,3044
2026-05-14 09:55:00,522.0,522.0,520.0,520.0,137,530.22,3044
2026-05-14 10:00:00,521.0,524.0,521.0,524.0,73,530.1,3044
2026-05-14 10:05:00,524.0,526.0,524.0,524.0,55,530.04,3044
2026-05-14 10:10:00,524.0,524.0,523.0,524.0,30,530.01,3044
2026-05-14 10:15:00,524.0,524.0,522.0,524.0,63,529.92,3044
2026-05-14 10:20:00,524.0,526.0,524.0,526.0,55,529.86,3044
2026-05-14 10:25:00,526.0,526.0,522.0,522.0,113,529.74,3044
2026-05-14 10:30:00,522.0,525.0,521.0,524.0,53,529.67,3044
2026-05-14 10:35:00,525.0,526.0,524.0,525.0,49,529.62,3044
2026-05-14 10:40:00,525.0,525.0,521.0,522.0,51,529.56,3044
2026-05-14 10:45:00,521.0,521.0,518.0,518.0,118,529.34,3044
2026-05-14 10:50:00,518.0,519.0,515.0,519.0,183,528.95,3044
2026-05-14 10:55:00,519.0,521.0,519.0,520.0,40,528.89,3044
2026-05-14 11:00:00,520.0,521.0,520.0,521.0,11,528.87,3044
2026-05-14 11:05:00,521.0,521.0,520.0,521.0,18,528.85,3044
2026-05-14 11:10:00,521.0,521.0,520.0,520.0,45,528.78,3044
2026-05-14 11:15:00,520.0,520.0,517.0,518.0,75,528.66,3044
2026-05-14 11:20:00,518.0,518.0,516.0,517.0,82,528.5,3044
2026-05-14 11:25:00,517.0,518.0,514.0,515.0,199,528.09,3044
2026-05-14 11:30:00,515.0,515.0,512.0,515.0,159,527.73,3044
2026-05-14 11:35:00,515.0,518.0,515.0,517.0,33,527.67,3044
2026-05-14 11:40:00,517.0,518.0,516.0,517.0,44,527.59,3044
2026-05-14 11:45:00,516.0,517.0,514.0,514.0,56,527.48,3044
2026-05-14 11:50:00,514.0,518.0,514.0,518.0,57,527.38,3044
2026-05-14 11:55:00,518.0,519.0,517.0,519.0,53,527.31,3044
2026-05-14 12:00:00,518.0,519.0,517.0,519.0,58,527.22,3044
2026-05-14 12:05:00,519.0,519.0,518.0,519.0,19,527.2,3044
2026-05-14 12:10:00,519.0,519.0,518.0,519.0,10,527.19,3044
2026-05-14 12:15:00,518.0,520.0,518.0,520.0,42,527.13,3044
2026-05-14 12:20:00,519.0,519.0,518.0,518.0,73,527.04,3044
2026-05-14 12:25:00,518.0,518.0,517.0,517.0,17,527.02,3044
2026-05-14 12:30:00,517.0,519.0,517.0,518.0,63,526.93,3044
2026-05-14 12:35:00,519.0,519.0,516.0,516.0,106,526.79,3044
2026-05-14 12:40:00,516.0,516.0,514.0,514.0,72,526.66,3044
2026-05-14 12:45:00,515.0,515.0,514.0,514.0,87,526.51,3044
2026-05-14 12:50:00,514.0,518.0,514.0,516.0,87,526.38,3044
2026-05-14 12:55:00,516.0,517.0,515.0,516.0,86,526.26,3044
2026-05-14 13:00:00,515.0,516.0,511.0,511.0,287,525.76,3044
2026-05-14 13:05:00,511.0,513.0,509.0,510.0,361,525.08,3044
2026-05-14 13:10:00,510.0,514.0,510.0,510.0,383,524.48,3044
2026-05-14 13:15:00,510.0,511.0,506.0,507.0,328,523.85,3044
2026-05-14 13:20:00,507.0,510.0,506.0,509.0,272,523.36,3044
2026-05-14 13:30:00,512.0,512.0,512.0,512.0,418,522.85,3044
2026-05-15 09:00:00,512.0,515.0,505.0,507.0,407,509.68,3044
2026-05-15 09:05:00,508.0,508.0,501.0,501.0,293,507.06,3044
2026-05-15 09:10:00,502.0,503.0,500.0,502.0,158,506.0,3044
2026-05-15 09:15:00,502.0,503.0,498.0,499.0,208,504.86,3044
2026-05-15 09:20:00,498.5,499.0,495.0,497.5,311,503.06,3044
2026-05-15 09:25:00,497.5,498.0,496.5,497.0,98,502.67,3044
2026-05-15 09:30:00,496.5,496.5,493.0,493.5,336,501.17,3044
2026-05-15 09:35:00,493.5,496.5,492.5,496.0,285,500.15,3044
2026-05-15 09:40:00,496.0,496.5,492.0,493.0,113,499.82,3044
2026-05-15 09:45:00,492.5,493.0,488.0,488.5,389,498.37,3044
2026-05-15 09:50:00,488.5,490.0,487.0,487.0,221,497.55,3044
2026-05-15 09:55:00,486.5,487.0,483.5,484.5,169,496.85,3044
2026-05-15 10:00:00,484.0,485.5,483.5,485.0,98,496.45,3044
2026-05-15 10:05:00,486.5,486.5,482.0,483.5,130,495.94,3044
2026-05-15 10:10:00,483.0,484.5,480.0,484.5,162,495.27,3044
2026-05-15 10:15:00,485.0,486.5,484.5,486.0,41,495.15,3044
2026-05-15 10:20:00,486.0,487.0,485.5,485.5,28,495.08,3044
2026-05-15 10:25:00,485.0,485.0,483.0,483.0,75,494.84,3044
2026-05-15 10:30:00,482.5,483.0,482.0,483.0,48,494.67,3044
2026-05-15 10:35:00,483.0,483.5,481.5,482.0,49,494.51,3044
2026-05-15 10:40:00,481.5,484.5,481.5,484.5,37,494.39,3044
2026-05-15 10:45:00,484.5,487.0,484.5,486.0,78,494.21,3044
2026-05-15 10:50:00,486.0,493.5,486.0,493.5,208,493.94,3044
2026-05-15 10:55:00,492.0,492.5,488.0,489.5,59,493.89,3044
2026-05-15 11:00:00,489.0,489.0,487.0,487.0,42,493.83,3044
2026-05-15 11:05:00,487.5,487.5,485.0,486.0,46,493.75,3044
2026-05-15 11:10:00,486.0,486.0,484.5,485.0,22,493.7,3044
2026-05-15 11:15:00,484.0,484.5,483.5,484.0,22,493.65,3044
2026-05-15 11:20:00,484.0,484.5,483.0,484.5,65,493.49,3044
2026-05-15 11:25:00,484.0,484.5,484.0,484.0,22,493.44,3044
2026-05-15 11:30:00,484.0,484.0,482.0,483.0,88,493.23,3044
2026-05-15 11:35:00,483.0,485.5,482.0,485.5,52,493.11,3044
2026-05-15 11:40:00,485.5,485.5,483.5,484.0,20,493.07,3044
2026-05-15 11:45:00,484.0,484.5,482.0,483.0,49,492.96,3044
2026-05-15 11:50:00,484.0,484.0,482.5,484.0,53,492.85,3044
2026-05-15 11:55:00,483.5,484.5,483.5,484.5,20,492.81,3044
2026-05-15 12:00:00,484.0,484.5,482.0,483.0,92,492.61,3044
2026-05-15 12:05:00,483.0,483.0,482.5,482.5,24,492.56,3044
2026-05-15 12:10:00,482.5,483.0,482.0,482.5,36,492.48,3044
2026-05-15 12:15:00,482.0,483.0,482.0,482.5,32,492.41,3044
2026-05-15 12:20:00,482.5,482.5,481.5,482.0,72,492.25,3044
2026-05-15 12:25:00,481.5,482.5,480.5,481.0,146,491.93,3044
2026-05-15 12:30:00,481.0,481.5,480.5,481.5,45,491.83,3044
2026-05-15 12:35:00,481.5,481.5,481.0,481.5,34,491.76,3044
2026-05-15 12:40:00,481.5,484.0,480.0,482.0,162,491.44,3044
2026-05-15 12:45:00,481.0,481.5,479.0,480.0,184,491.05,3044
2026-05-15 12:50:00,480.0,480.0,478.0,478.5,93,490.84,3044
2026-05-15 12:55:00,478.5,482.0,478.0,480.0,140,490.55,3044
2026-05-15 13:00:00,480.0,480.0,477.0,478.0,133,490.26,3044
2026-05-15 13:05:00,478.5,480.0,477.5,480.0,114,490.04,3044
2026-05-15 13:10:00,479.0,481.5,479.0,480.0,157,489.78,3044
2026-05-15 13:15:00,480.0,480.0,477.5,477.5,152,489.5,3044
2026-05-15 13:20:00,478.0,478.0,475.5,477.0,276,488.93,3044
2026-05-15 13:30:00,477.5,477.5,477.5,477.5,317,488.39,3044
2026-05-18 09:00:00,468.0,471.0,467.0,468.5,362,468.44,3044
2026-05-18 09:05:00,469.0,471.0,463.0,466.5,220,467.88,3044
2026-05-18 09:10:00,466.0,467.5,462.0,467.0,154,467.02,3044
2026-05-18 09:15:00,466.0,470.0,465.0,469.5,49,467.03,3044
2026-05-18 09:20:00,470.0,470.0,466.0,467.0,42,467.07,3044
2026-05-18 09:25:00,467.0,467.5,466.0,466.5,22,467.07,3044
2026-05-18 09:30:00,467.0,468.5,465.5,467.5,63,467.06,3044
2026-05-18 09:35:00,467.0,468.0,466.5,467.0,60,467.06,3044
2026-05-18 09:40:00,466.5,468.0,466.5,467.5,22,467.08,3044
2026-05-18 09:45:00,467.5,468.5,467.0,468.5,117,467.14,3044
2026-05-18 09:50:00,469.0,471.0,469.0,471.0,58,467.29,3044
2026-05-18 09:55:00,471.5,472.0,471.0,471.5,45,467.45,3044
2026-05-18 10:00:00,471.0,471.0,469.0,469.0,49,467.55,3044
2026-05-18 10:05:00,468.5,468.5,466.5,467.5,63,467.55,3044
2026-05-18 10:10:00,467.0,468.0,466.5,467.5,28,467.55,3044
2026-05-18 10:15:00,467.5,469.0,467.5,467.5,32,467.56,3044
2026-05-18 10:20:00,467.5,468.5,467.0,467.5,32,467.56,3044
2026-05-18 10:25:00,467.5,469.5,467.5,469.0,34,467.58,3044
2026-05-18 10:30:00,468.5,470.0,468.5,468.5,32,467.62,3044
2026-05-18 10:35:00,468.5,470.5,468.5,468.5,31,467.65,3044
2026-05-18 10:40:00,468.5,468.5,468.0,468.0,31,467.66,3044
2026-05-18 10:45:00,468.0,468.5,467.5,467.5,14,467.66,3044
2026-05-18 10:50:00,468.0,468.0,466.0,466.5,74,467.63,3044
2026-05-18 10:55:00,466.5,466.5,465.0,465.0,47,467.58,3044
2026-05-18 11:00:00,465.0,466.0,465.0,465.0,35,467.53,3044
2026-05-18 11:05:00,465.5,467.0,465.0,465.5,24,467.51,3044
2026-05-18 11:10:00,465.5,466.5,465.0,465.0,19,467.49,3044
2026-05-18 11:15:00,465.5,465.5,465.0,465.0,13,467.48,3044
2026-05-18 11:20:00,465.0,465.5,464.0,465.0,84,467.36,3044
2026-05-18 11:25:00,465.5,472.0,465.5,470.0,109,467.47,3044
2026-05-18 11:30:00,470.0,470.0,468.5,468.5,40,467.51,3044
2026-05-18 11:35:00,468.5,469.0,468.0,469.0,25,467.52,3044
2026-05-18 11:40:00,468.0,471.0,468.0,470.0,53,467.58,3044
2026-05-18 11:45:00,470.0,470.5,469.0,470.5,34,467.61,3044
2026-05-18 11:50:00,469.5,470.5,469.0,469.5,29,467.64,3044
2026-05-18 11:55:00,469.0,471.0,469.0,471.0,41,467.68,3044
2026-05-18 12:00:00,469.5,472.0,469.5,470.0,68,467.77,3044
2026-05-18 12:05:00,470.0,471.5,469.5,470.5,72,467.85,3044
2026-05-18 12:10:00,471.0,474.0,470.5,472.5,120,468.06,3044
2026-05-18 12:15:00,473.0,473.0,470.5,470.5,40,468.12,3044
2026-05-18 12:20:00,470.0,471.0,469.5,470.5,59,468.17,3044
2026-05-18 12:25:00,470.0,470.0,468.5,468.5,58,468.2,3044
2026-05-18 12:30:00,468.5,469.0,468.0,469.0,39,468.21,3044
2026-05-18 12:35:00,469.0,470.0,468.5,469.5,65,468.23,3044
2026-05-18 12:40:00,469.0,470.5,468.5,469.5,48,468.25,3044
2026-05-18 12:45:00,469.5,471.5,469.5,469.5,53,468.3,3044
2026-05-18 12:50:00,469.5,470.0,469.0,469.5,44,468.32,3044
2026-05-18 12:55:00,469.5,469.5,469.0,469.0,38,468.33,3044
2026-05-18 13:00:00,469.0,470.5,469.0,470.0,96,468.38,3044
2026-05-18 13:05:00,470.0,470.5,469.5,470.0,99,468.44,3044
2026-05-18 13:10:00,470.0,470.5,469.5,469.5,82,468.48,3044
2026-05-18 13:15:00,469.5,470.0,468.0,468.0,79,468.49,3044
2026-05-18 13:20:00,468.0,471.0,468.0,469.0,158,468.52,3044
2026-05-18 13:30:00,469.0,469.0,469.0,469.0,218,468.55,3044
2026-05-19 09:00:00,469.0,469.0,463.5,467.5,206,466.78,3044
2026-05-19 09:05:00,467.5,474.0,466.0,474.0,181,467.67,3044
2026-05-19 09:10:00,473.5,484.0,472.5,484.0,362,473.95,3044
2026-05-19 09:15:00,484.0,487.0,479.0,479.0,335,476.89,3044
2026-05-19 09:20:00,480.0,482.0,480.0,482.0,54,477.07,3044
2026-05-19 09:25:00,482.0,482.0,481.0,482.0,37,477.21,3044
2026-05-19 09:30:00,482.0,482.5,480.5,481.0,47,477.37,3044
2026-05-19 09:35:00,480.5,480.5,478.0,479.0,60,477.45,3044
2026-05-19 09:40:00,479.5,479.5,478.5,479.5,38,477.5,3044
2026-05-19 09:45:00,479.5,480.0,472.5,474.0,109,477.37,3044
2026-05-19 09:50:00,474.0,475.0,470.0,470.0,56,477.2,3044
2026-05-19 09:55:00,470.0,471.0,469.0,471.0,68,476.88,3044
2026-05-19 10:00:00,471.0,471.0,467.5,468.5,61,476.6,3044
2026-05-19 10:05:00,469.0,470.0,468.5,469.0,50,476.37,3044
2026-05-19 10:10:00,469.0,472.0,469.0,472.0,34,476.24,3044
2026-05-19 10:15:00,472.0,472.0,469.5,470.0,44,476.11,3044
2026-05-19 10:20:00,470.0,470.0,466.5,467.0,119,475.6,3044
2026-05-19 10:25:00,467.5,468.5,467.5,468.0,37,475.45,3044
2026-05-19 10:30:00,467.5,470.5,467.5,470.5,48,475.27,3044
2026-05-19 10:35:00,471.0,472.0,470.0,470.0,30,475.2,3044
2026-05-19 10:40:00,470.5,472.5,470.5,472.0,29,475.16,3044
2026-05-19 10:45:00,472.0,473.5,472.0,473.0,22,475.13,3044
2026-05-19 10:50:00,472.5,472.5,471.5,471.5,13,475.11,3044
2026-05-19 10:55:00,472.0,472.0,471.0,471.0,8,475.1,3044
2026-05-19 11:00:00,471.0,471.0,470.0,470.5,25,475.04,3044
2026-05-19 11:05:00,470.5,472.5,470.0,471.0,53,474.94,3044
2026-05-19 11:10:00,471.5,473.0,471.5,472.5,24,474.91,3044
2026-05-19 11:15:00,472.0,472.5,472.0,472.5,10,474.9,3044
2026-05-19 11:20:00,472.0,472.0,471.5,471.5,6,474.89,3044
2026-05-19 11:25:00,471.5,472.0,471.5,472.0,13,474.87,3044
2026-05-19 11:30:00,472.5,473.0,471.5,471.5,21,474.85,3044
2026-05-19 11:35:00,471.5,472.0,471.5,472.0,6,474.84,3044
2026-05-19 11:40:00,472.0,472.0,471.5,471.5,30,474.8,3044
2026-05-19 11:45:00,471.0,471.5,471.0,471.0,8,474.79,3044
2026-05-19 11:50:00,471.5,471.5,469.0,469.5,149,474.48,3044
2026-05-19 11:55:00,469.0,469.5,466.0,466.5,77,474.28,3044
2026-05-19 12:00:00,467.0,467.0,464.0,464.5,87,473.97,3044
2026-05-19 12:05:00,464.0,465.5,464.0,464.5,60,473.76,3044
2026-05-19 12:10:00,464.5,464.5,462.0,463.5,94,473.39,3044
2026-05-19 12:15:00,464.0,467.0,463.5,464.0,205,472.81,3044
2026-05-19 12:20:00,463.5,464.0,463.5,464.0,41,472.69,3044
2026-05-19 12:25:00,463.5,465.5,463.5,465.5,24,472.62,3044
2026-05-19 12:30:00,465.5,467.0,464.5,464.5,31,472.54,3044
2026-05-19 12:35:00,464.0,464.5,463.5,464.0,22,472.48,3044
2026-05-19 12:40:00,463.5,464.5,463.5,464.0,37,472.38,3044
2026-05-19 12:45:00,464.0,464.0,464.0,464.0,15,472.34,3044
2026-05-19 12:50:00,464.0,464.0,462.5,462.5,99,472.06,3044
2026-05-19 12:55:00,462.5,462.5,462.0,462.0,71,471.85,3044
2026-05-19 13:00:00,462.0,462.5,460.5,460.5,86,471.58,3044
2026-05-19 13:05:00,460.5,463.5,460.5,463.0,143,471.17,3044
2026-05-19 13:10:00,463.5,464.0,463.0,463.0,56,471.05,3044
2026-05-19 13:15:00,463.5,463.5,462.0,462.0,58,470.91,3044
2026-05-19 13:20:00,462.0,462.5,461.0,462.0,102,470.66,3044
2026-05-19 13:30:00,462.5,462.5,462.5,462.5,299,470.05,3044
2026-05-20 09:00:00,468.5,468.5,462.0,464.0,198,464.28,3044
2026-05-20 09:05:00,462.5,467.0,462.0,467.0,90,464.06,3044
2026-05-20 09:10:00,467.0,467.5,465.5,465.5,39,464.34,3044
2026-05-20 09:15:00,465.5,467.5,465.5,467.5,20,464.45,3044
2026-05-20 09:20:00,467.5,470.0,465.5,465.5,67,465.03,3044
2026-05-20 09:25:00,466.5,466.5,463.0,463.5,50,464.97,3044
2026-05-20 09:30:00,463.0,463.0,457.0,462.0,174,463.6,3044
2026-05-20 09:35:00,462.0,463.0,461.5,462.0,38,463.49,3044
2026-05-20 09:40:00,462.0,464.5,462.0,464.5,15,463.48,3044
2026-05-20 09:45:00,465.0,466.0,464.5,466.0,28,463.55,3044
2026-05-20 09:50:00,466.5,466.5,465.0,465.0,11,463.59,3044
2026-05-20 09:55:00,465.0,465.0,464.0,464.0,22,463.62,3044
2026-05-20 10:00:00,465.0,465.5,464.5,464.5,14,463.64,3044
2026-05-20 10:05:00,464.0,465.0,462.5,463.5,19,463.64,3044
2026-05-20 10:10:00,463.5,465.0,463.0,464.0,8,463.65,3044
2026-05-20 10:15:00,464.5,465.0,463.5,465.0,21,463.67,3044
2026-05-20 10:20:00,465.0,465.0,463.5,465.0,9,463.68,3044
2026-05-20 10:25:00,465.0,465.0,463.5,464.0,14,463.69,3044
2026-05-20 10:30:00,463.0,463.0,460.0,460.5,60,463.53,3044
2026-05-20 10:35:00,461.0,462.0,461.0,462.0,11,463.5,3044
2026-05-20 10:40:00,461.0,461.0,460.0,460.0,30,463.41,3044
2026-05-20 10:45:00,460.0,461.0,459.5,460.5,13,463.36,3044
2026-05-20 10:50:00,460.5,461.0,460.0,460.0,9,463.33,3044
2026-05-20 10:55:00,460.0,460.0,459.0,459.5,25,463.24,3044
2026-05-20 11:00:00,459.0,459.0,458.0,458.0,55,462.99,3044
2026-05-20 11:05:00,458.0,459.0,457.5,457.5,15,462.93,3044
2026-05-20 11:10:00,457.5,458.0,457.0,457.0,41,462.72,3044
2026-05-20 11:15:00,457.5,458.0,457.5,457.5,13,462.66,3044
2026-05-20 11:20:00,458.0,458.5,457.5,457.5,13,462.61,3044
2026-05-20 11:25:00,457.5,458.5,457.5,458.5,23,462.51,3044
2026-05-20 11:30:00,458.5,458.5,457.0,457.0,25,462.4,3044
2026-05-20 11:35:00,457.0,457.5,456.0,457.0,67,462.1,3044
2026-05-20 11:40:00,456.0,456.0,454.0,455.5,80,461.67,3044
2026-05-20 11:45:00,455.0,456.5,455.0,455.5,44,461.46,3044
2026-05-20 11:50:00,455.5,458.0,455.5,457.0,32,461.36,3044
2026-05-20 11:55:00,457.0,458.5,457.0,458.5,16,461.32,3044
2026-05-20 12:00:00,459.0,461.0,459.0,461.0,49,461.28,3044
2026-05-20 12:05:00,460.5,462.0,460.0,461.0,15,461.28,3044
2026-05-20 12:10:00,460.5,463.5,460.5,463.5,22,461.29,3044
2026-05-20 12:15:00,463.5,463.5,462.5,462.5,19,461.31,3044
2026-05-20 12:20:00,462.5,464.0,462.5,463.0,21,461.34,3044
2026-05-20 12:25:00,463.0,463.5,462.5,462.5,18,461.36,3044
2026-05-20 12:30:00,462.0,464.0,461.5,464.0,47,461.4,3044
2026-05-20 12:35:00,464.5,464.5,463.5,463.5,70,461.51,3044
2026-05-20 12:40:00,464.0,464.0,462.5,464.0,52,461.57,3044
2026-05-20 12:45:00,462.5,464.0,462.5,464.0,68,461.65,3044
2026-05-20 12:50:00,464.0,465.0,463.0,465.0,121,461.83,3044
2026-05-20 12:55:00,464.5,465.5,460.0,462.5,106,461.86,3044
2026-05-20 13:00:00,462.5,463.5,462.0,463.5,66,461.9,3044
2026-05-20 13:05:00,463.0,465.5,463.0,464.5,101,462.0,3044
2026-05-20 13:10:00,463.5,464.5,463.5,464.0,63,462.06,3044
2026-05-20 13:15:00,464.0,464.5,463.0,464.5,59,462.11,3044
2026-05-20 13:20:00,463.0,466.0,463.0,466.0,97,462.22,3044
2026-05-20 13:30:00,462.5,462.5,462.5,462.5,233,462.24,3044
2026-05-21 09:00:00,472.5,478.5,471.0,477.5,376,473.9,3044
2026-05-21 09:05:00,477.0,477.5,476.0,477.0,78,474.43,3044
2026-05-21 09:10:00,477.0,479.0,476.5,479.0,73,474.9,3044
2026-05-21 09:15:00,479.0,483.0,478.0,478.0,246,476.77,3044
2026-05-21 09:20:00,478.0,479.0,477.5,478.0,31,476.83,3044
2026-05-21 09:25:00,477.5,478.0,476.5,476.5,51,476.84,3044
2026-05-21 09:30:00,477.0,477.0,475.0,475.5,46,476.81,3044
2026-05-21 09:35:00,475.5,476.5,473.5,473.5,74,476.65,3044
2026-05-21 09:40:00,473.5,478.0,473.5,477.0,56,476.59,3044
2026-05-21 09:45:00,477.5,477.5,476.0,476.5,16,476.59,3044
2026-05-21 09:50:00,476.5,476.5,474.0,474.0,73,476.52,3044
2026-05-21 09:55:00,474.0,475.5,474.0,475.5,26,476.48,3044
2026-05-21 10:00:00,475.5,476.5,474.5,476.0,51,476.45,3044
2026-05-21 10:05:00,476.5,477.0,476.0,476.0,34,476.46,3044
2026-05-21 10:10:00,476.0,477.0,476.0,476.5,33,476.45,3044
2026-05-21 10:15:00,476.0,476.5,476.0,476.0,18,476.45,3044
2026-05-21 10:20:00,476.0,477.0,475.5,476.5,33,476.44,3044
2026-05-21 10:25:00,477.0,478.0,476.5,476.5,38,476.45,3044
2026-05-21 10:30:00,476.5,477.0,476.0,476.5,23,476.45,3044
2026-05-21 10:35:00,477.0,477.5,476.0,477.0,26,476.46,3044
2026-05-21 10:40:00,477.5,478.0,476.5,478.0,35,476.48,3044
2026-05-21 10:45:00,477.5,478.5,477.0,477.0,20,476.5,3044
2026-05-21 10:50:00,477.0,477.5,476.5,476.5,21,476.5,3044
2026-05-21 10:55:00,476.5,478.5,476.5,477.5,47,476.53,3044
2026-05-21 11:00:00,478.0,479.0,477.5,479.0,35,476.57,3044
2026-05-21 11:05:00,478.5,479.5,478.5,479.0,52,476.65,3044
2026-05-21 11:10:00,479.0,482.0,479.0,481.0,93,476.87,3044
2026-05-21 11:15:00,481.0,483.5,480.5,482.0,90,477.14,3044
2026-05-21 11:20:00,483.0,483.0,480.0,481.0,67,477.28,3044
2026-05-21 11:25:00,481.5,481.5,480.0,481.5,28,477.33,3044
2026-05-21 11:30:00,480.5,483.0,480.5,483.0,52,477.45,3044
2026-05-21 11:35:00,483.0,486.0,483.0,486.0,207,478.14,3044
2026-05-21 11:40:00,485.5,492.0,485.5,490.5,265,479.38,3044
2026-05-21 11:45:00,490.5,492.0,487.5,492.0,112,479.83,3044
2026-05-21 11:50:00,492.0,492.0,489.0,490.0,58,480.06,3044
2026-05-21 11:55:00,489.5,491.0,489.0,490.5,47,480.24,3044
2026-05-21 12:00:00,490.0,491.0,489.0,489.0,38,480.38,3044
2026-05-21 12:05:00,490.0,490.5,489.5,490.0,38,480.52,3044
2026-05-21 12:10:00,490.0,491.0,490.0,491.0,40,480.66,3044
2026-05-21 12:15:00,491.0,491.0,489.5,490.5,50,480.83,3044
2026-05-21 12:20:00,490.5,490.5,489.5,490.0,28,480.92,3044
2026-05-21 12:25:00,490.0,491.0,489.0,489.0,46,481.07,3044
2026-05-21 12:30:00,489.0,491.0,488.5,488.5,57,481.23,3044
2026-05-21 12:35:00,488.5,490.0,488.5,489.0,28,481.31,3044
2026-05-21 12:40:00,490.0,490.0,488.5,489.0,42,481.41,3044
2026-05-21 12:45:00,489.0,490.0,489.0,490.0,31,481.5,3044
2026-05-21 12:50:00,489.0,490.0,489.0,490.0,40,481.6,3044
2026-05-21 12:55:00,490.5,490.5,489.0,489.5,48,481.72,3044
2026-05-21 13:00:00,489.5,490.5,489.0,489.0,62,481.88,3044
2026-05-21 13:05:00,490.0,490.0,489.0,489.5,87,482.08,3044
2026-05-21 13:10:00,489.0,489.5,489.0,489.5,54,482.2,3044
2026-05-21 13:15:00,489.0,490.0,488.5,490.0,106,482.41,3044
2026-05-21 13:20:00,489.5,490.0,488.5,489.0,75,482.56,3044
2026-05-21 13:30:00,488.0,488.0,488.0,488.0,212,482.87,3044
2026-05-22 09:00:00,494.5,495.0,485.0,491.5,388,491.53,3044
2026-05-22 09:05:00,491.5,494.0,490.0,494.0,123,491.6,3044
2026-05-22 09:10:00,494.0,497.5,492.0,497.0,103,492.15,3044
2026-05-22 09:15:00,497.5,497.5,495.0,495.5,109,492.79,3044
2026-05-22 09:20:00,496.0,496.0,490.0,491.0,82,492.86,3044
2026-05-22 09:25:00,491.0,492.0,487.5,488.0,162,492.29,3044
2026-05-22 09:30:00,487.5,490.5,487.5,488.5,107,491.97,3044
2026-05-22 09:35:00,488.5,490.5,488.0,490.5,110,491.67,3044
2026-05-22 09:40:00,490.5,490.5,488.0,489.5,59,491.55,3044
2026-05-22 09:45:00,489.5,491.0,489.0,490.5,56,491.47,3044
2026-05-22 09:50:00,490.5,490.5,489.5,489.5,27,491.44,3044
2026-05-22 09:55:00,489.5,491.0,489.5,490.5,33,491.41,3044
2026-05-22 10:00:00,490.5,490.5,488.5,489.5,57,491.33,3044
2026-05-22 10:05:00,489.5,492.0,489.5,491.5,58,491.31,3044
2026-05-22 10:10:00,491.5,492.0,491.0,491.0,40,491.32,3044
2026-05-22 10:15:00,491.0,492.0,491.0,492.0,22,491.32,3044
2026-05-22 10:20:00,491.5,491.5,490.5,490.5,37,491.31,3044
2026-05-22 10:25:00,490.5,490.5,490.0,490.5,40,491.29,3044
2026-05-22 10:30:00,490.5,491.0,490.0,491.0,37,491.27,3044
2026-05-22 10:35:00,491.0,494.0,490.5,493.0,95,491.31,3044
2026-05-22 10:40:00,492.5,494.0,492.0,492.5,47,491.36,3044
2026-05-22 10:45:00,492.0,494.0,491.5,494.0,47,491.4,3044
2026-05-22 10:50:00,494.0,494.5,493.0,493.0,37,491.45,3044
2026-05-22 10:55:00,493.0,493.5,492.0,492.0,32,491.47,3044
2026-05-22 11:00:00,493.0,493.0,491.0,491.0,29,491.47,3044
2026-05-22 11:05:00,491.0,491.0,488.5,489.0,95,491.39,3044
2026-05-22 11:10:00,489.5,490.5,489.0,490.5,29,491.36,3044
2026-05-22 11:15:00,489.5,491.5,489.5,491.0,25,491.36,3044
2026-05-22 11:20:00,491.5,492.0,491.0,491.5,18,491.36,3044
2026-05-22 11:25:00,491.5,492.0,491.0,491.0,30,491.36,3044
2026-05-22 11:30:00,490.5,493.0,490.5,492.5,35,491.37,3044
2026-05-22 11:35:00,492.5,493.0,492.0,492.0,16,491.37,3044
2026-05-22 11:40:00,492.0,493.0,492.0,492.0,45,491.4,3044
2026-05-22 11:45:00,492.0,492.0,491.0,491.5,50,491.4,3044
2026-05-22 11:50:00,491.5,493.0,491.0,492.5,47,491.41,3044
2026-05-22 11:55:00,492.5,493.0,491.5,492.5,40,491.42,3044
2026-05-22 12:00:00,492.0,494.0,491.5,493.5,64,491.46,3044
2026-05-22 12:05:00,493.5,494.0,492.5,492.5,26,491.48,3044
2026-05-22 12:10:00,492.5,493.5,492.5,493.5,26,491.49,3044
2026-05-22 12:15:00,492.5,493.0,492.5,493.0,23,491.5,3044
2026-05-22 12:20:00,492.5,493.0,492.0,492.5,24,491.51,3044
2026-05-22 12:25:00,492.0,492.5,492.0,492.5,28,491.52,3044
2026-05-22 12:30:00,492.5,493.0,492.0,493.0,36,491.53,3044
2026-05-22 12:35:00,492.0,492.5,492.0,492.5,31,491.54,3044
2026-05-22 12:40:00,493.0,493.5,492.5,492.5,49,491.57,3044
2026-05-22 12:45:00,492.5,493.5,492.5,492.5,52,491.59,3044
2026-05-22 12:50:00,493.0,493.0,492.0,492.0,32,491.6,3044
2026-05-22 12:55:00,492.5,492.5,492.0,492.5,92,491.62,3044
2026-05-22 13:00:00,492.0,493.0,492.0,492.0,56,491.64,3044
2026-05-22 13:05:00,492.0,493.0,492.0,492.5,69,491.66,3044
2026-05-22 13:10:00,492.5,492.5,490.0,490.5,205,491.63,3044
2026-05-22 13:15:00,490.0,491.0,490.0,490.0,91,491.59,3044
2026-05-22 13:20:00,490.0,490.5,489.0,490.0,150,491.51,3044
2026-05-22 13:30:00,490.5,490.5,490.5,490.5,154,491.47,3044
2026-05-25 09:00:00,498.5,504.0,497.0,504.0,355,500.37,3044
2026-05-25 09:05:00,504.0,506.0,503.0,504.0,196,501.89,3044
2026-05-25 09:10:00,505.0,507.0,503.0,506.0,144,502.51,3044
2026-05-25 09:15:00,506.0,507.0,501.0,501.0,91,502.7,3044
2026-05-25 09:20:00,501.0,504.0,499.5,504.0,132,502.4,3044
2026-05-25 09:25:00,504.0,506.0,503.0,505.0,88,502.6,3044
2026-05-25 09:30:00,504.0,505.0,501.0,501.0,57,502.61,3044
2026-05-25 09:35:00,501.0,503.0,501.0,502.0,68,502.56,3044
2026-05-25 09:40:00,503.0,503.0,502.0,503.0,32,502.56,3044
2026-05-25 09:45:00,503.0,503.0,500.0,500.0,47,502.52,3044
2026-05-25 09:50:00,501.0,502.0,500.0,502.0,55,502.45,3044
2026-05-25 09:55:00,501.0,501.0,498.0,498.0,99,502.24,3044
2026-05-25 10:00:00,498.0,499.5,498.0,498.5,157,501.87,3044
2026-05-25 10:05:00,498.5,499.0,498.5,498.5,30,501.81,3044
2026-05-25 10:10:00,498.5,498.5,493.5,495.0,254,500.98,3044
2026-05-25 10:15:00,495.0,495.0,491.0,493.0,185,500.22,3044
2026-05-25 10:20:00,493.0,495.5,493.0,495.0,42,500.1,3044
2026-05-25 10:25:00,495.0,497.0,494.5,496.5,82,499.93,3044
2026-05-25 10:30:00,496.5,498.5,495.5,497.0,83,499.82,3044
2026-05-25 10:35:00,497.0,497.0,492.5,494.0,150,499.46,3044
2026-05-25 10:40:00,493.5,493.5,491.5,492.0,99,499.19,3044
2026-05-25 10:45:00,493.0,494.0,492.5,493.0,25,499.13,3044
2026-05-25 10:50:00,493.0,493.5,492.0,492.5,86,498.91,3044
2026-05-25 10:55:00,492.5,493.0,492.5,492.5,17,498.87,3044
2026-05-25 11:00:00,492.5,493.0,492.0,493.0,51,498.75,3044
2026-05-25 11:05:00,493.0,493.5,492.5,493.0,18,498.71,3044
2026-05-25 11:10:00,492.5,493.0,491.5,491.5,82,498.5,3044
2026-05-25 11:15:00,492.0,492.0,491.0,491.0,94,498.27,3044
2026-05-25 11:20:00,491.5,491.5,491.0,491.5,53,498.14,3044
2026-05-25 11:25:00,491.5,492.0,491.0,491.5,32,498.07,3044
2026-05-25 11:30:00,491.5,492.5,491.5,492.0,59,497.95,3044
2026-05-25 11:35:00,492.0,492.0,489.0,489.5,173,497.54,3044
2026-05-25 11:40:00,489.5,491.5,489.5,491.0,54,497.42,3044
2026-05-25 11:45:00,491.0,491.5,490.5,490.5,21,497.38,3044
2026-05-25 11:50:00,491.0,492.0,490.5,492.0,27,497.32,3044
2026-05-25 11:55:00,492.0,492.0,491.5,491.5,9,497.31,3044
2026-05-25 12:00:00,491.5,491.5,491.5,491.5,11,497.29,3044
2026-05-25 12:05:00,491.5,492.0,491.0,491.0,56,497.18,3044
2026-05-25 12:10:00,491.0,491.5,490.5,491.5,37,497.12,3044
2026-05-25 12:15:00,491.5,493.5,491.5,492.5,64,497.04,3044
2026-05-25 12:20:00,493.5,493.5,492.5,493.0,32,497.0,3044
2026-05-25 12:25:00,493.0,493.5,492.5,493.0,28,496.97,3044
2026-05-25 12:30:00,493.0,494.0,492.0,492.0,78,496.87,3044
2026-05-25 12:35:00,492.5,492.5,492.0,492.0,10,496.86,3044
2026-05-25 12:40:00,492.0,492.0,491.5,491.5,30,496.82,3044
2026-05-25 12:45:00,492.0,493.5,491.5,493.0,54,496.75,3044
2026-05-25 12:50:00,493.5,495.0,492.5,494.0,121,496.66,3044
2026-05-25 12:55:00,494.0,494.5,493.5,493.5,24,496.65,3044
2026-05-25 13:00:00,494.0,494.5,493.5,494.0,52,496.61,3044
2026-05-25 13:05:00,494.5,495.0,494.0,494.5,34,496.6,3044
2026-05-25 13:10:00,494.5,495.0,493.0,493.0,67,496.55,3044
2026-05-25 13:15:00,493.0,494.0,492.5,494.0,60,496.5,3044
2026-05-25 13:20:00,494.0,494.0,492.5,494.0,149,496.38,3044
2026-05-25 13:30:00,494.0,494.0,494.0,494.0,256,496.24,3044
2026-05-26 09:00:00,501.0,508.0,497.0,505.0,356,502.63,3044
2026-05-26 09:05:00,505.0,506.0,503.0,503.0,241,503.43,3044
2026-05-26 09:10:00,503.0,512.0,503.0,512.0,514,505.67,3044
2026-05-26 09:15:00,512.0,515.0,509.0,512.0,317,507.04,3044
2026-05-26 09:20:00,512.0,514.0,510.0,513.0,192,507.62,3044
2026-05-26 09:25:00,514.0,514.0,511.0,511.0,85,507.87,3044
2026-05-26 09:30:00,511.0,511.0,508.0,509.0,97,507.97,3044
2026-05-26 09:35:00,509.0,509.0,505.0,505.0,131,507.93,3044
2026-05-26 09:40:00,505.0,507.0,502.0,504.0,143,507.74,3044
2026-05-26 09:45:00,506.0,508.0,505.0,508.0,41,507.71,3044
2026-05-26 09:50:00,508.0,510.0,508.0,509.0,67,507.75,3044
2026-05-26 09:55:00,509.0,510.0,507.0,508.0,72,507.76,3044
2026-05-26 10:00:00,508.0,511.0,508.0,510.0,71,507.81,3044
2026-05-26 10:05:00,510.0,515.0,510.0,514.0,216,508.26,3044
2026-05-26 10:10:00,515.0,515.0,511.0,513.0,97,508.44,3044
2026-05-26 10:15:00,513.0,514.0,513.0,513.0,50,508.53,3044
2026-05-26 10:20:00,513.0,513.0,511.0,511.0,39,508.58,3044
2026-05-26 10:25:00,510.0,513.0,510.0,513.0,33,508.62,3044
2026-05-26 10:30:00,512.0,514.0,512.0,514.0,23,508.66,3044
2026-05-26 10:35:00,514.0,514.0,511.0,511.0,50,508.73,3044
2026-05-26 10:40:00,511.0,513.0,511.0,512.0,23,508.76,3044
2026-05-26 10:45:00,511.0,513.0,511.0,513.0,20,508.78,3044
2026-05-26 10:50:00,512.0,513.0,512.0,513.0,25,508.81,3044
2026-05-26 10:55:00,512.0,512.0,510.0,511.0,53,508.86,3044
2026-05-26 11:00:00,511.0,511.0,506.0,507.0,98,508.84,3044
2026-05-26 11:05:00,507.0,508.0,507.0,508.0,13,508.83,3044
2026-05-26 11:10:00,508.0,508.0,506.0,506.0,31,508.82,3044
2026-05-26 11:15:00,506.0,507.0,506.0,507.0,10,508.81,3044
2026-05-26 11:20:00,507.0,509.0,506.0,506.0,61,508.78,3044
2026-05-26 11:25:00,506.0,508.0,506.0,507.0,5,508.78,3044
2026-05-26 11:30:00,508.0,510.0,507.0,510.0,20,508.78,3044
2026-05-26 11:35:00,508.0,509.0,508.0,509.0,21,508.78,3044
2026-05-26 11:40:00,509.0,511.0,508.0,508.0,50,508.79,3044
2026-05-26 11:45:00,508.0,509.0,506.0,507.0,58,508.76,3044
2026-05-26 11:50:00,507.0,509.0,507.0,507.0,13,508.75,3044
2026-05-26 11:55:00,508.0,509.0,507.0,507.0,18,508.75,3044
2026-05-26 12:00:00,509.0,510.0,508.0,509.0,46,508.76,3044
2026-05-26 12:05:00,509.0,510.0,508.0,509.0,15,508.76,3044
2026-05-26 12:10:00,510.0,511.0,508.0,509.0,66,508.78,3044
2026-05-26 12:15:00,510.0,511.0,509.0,511.0,23,508.78,3044
2026-05-26 12:20:00,511.0,511.0,509.0,509.0,25,508.79,3044
2026-05-26 12:25:00,509.0,510.0,509.0,510.0,30,508.8,3044
2026-05-26 12:30:00,510.0,511.0,509.0,510.0,24,508.8,3044
2026-05-26 12:35:00,510.0,511.0,508.0,509.0,61,508.81,3044
2026-05-26 12:40:00,509.0,510.0,508.0,508.0,20,508.81,3044
2026-05-26 12:45:00,508.0,509.0,507.0,507.0,82,508.8,3044
2026-05-26 12:50:00,507.0,507.0,507.0,507.0,10,508.79,3044
2026-05-26 12:55:00,507.0,508.0,506.0,507.0,64,508.76,3044
2026-05-26 13:00:00,508.0,510.0,508.0,509.0,39,508.76,3044
2026-05-26 13:05:00,509.0,510.0,508.0,508.0,88,508.76,3044
2026-05-26 13:10:00,508.0,510.0,508.0,510.0,65,508.77,3044
2026-05-26 13:15:00,509.0,510.0,508.0,508.0,56,508.77,3044
2026-05-26 13:20:00,508.0,509.0,507.0,507.0,135,508.75,3044
2026-05-26 13:30:00,510.0,510.0,510.0,510.0,259,508.82,3044
2026-05-27 09:00:00,520.0,520.0,511.0,517.0,416,515.24,3044
2026-05-27 09:05:00,517.0,520.0,517.0,520.0,154,516.07,3044
2026-05-27 09:10:00,519.0,525.0,518.0,525.0,259,517.91,3044
2026-05-27 09:15:00,525.0,525.0,522.0,522.0,81,518.41,3044
2026-05-27 09:20:00,523.0,528.0,522.0,527.0,257,520.01,3044
2026-05-27 09:25:00,527.0,529.0,526.0,528.0,180,521.01,3044
2026-05-27 09:30:00,528.0,528.0,524.0,525.0,139,521.43,3044
2026-05-27 09:35:00,525.0,525.0,522.0,523.0,147,521.63,3044
2026-05-27 09:40:00,525.0,528.0,524.0,526.0,110,521.92,3044
2026-05-27 09:45:00,525.0,531.0,525.0,531.0,290,522.87,3044
2026-05-27 09:50:00,531.0,536.0,531.0,532.0,294,524.19,3044
2026-05-27 09:55:00,531.0,531.0,525.0,525.0,148,524.44,3044
2026-05-27 10:00:00,526.0,528.0,525.0,527.0,40,524.47,3044
2026-05-27 10:05:00,527.0,531.0,527.0,531.0,62,524.58,3044
2026-05-27 10:10:00,531.0,531.0,529.0,531.0,67,524.72,3044
2026-05-27 10:15:00,531.0,532.0,531.0,532.0,45,524.83,3044
2026-05-27 10:20:00,531.0,532.0,530.0,531.0,32,524.9,3044
2026-05-27 10:25:00,531.0,534.0,530.0,533.0,81,525.11,3044
2026-05-27 10:30:00,533.0,534.0,532.0,533.0,53,525.26,3044
2026-05-27 10:35:00,533.0,533.0,531.0,532.0,69,525.41,3044
2026-05-27 10:40:00,533.0,533.0,531.0,532.0,34,525.49,3044
2026-05-27 10:45:00,532.0,534.0,531.0,533.0,59,525.64,3044
2026-05-27 10:50:00,534.0,535.0,532.0,532.0,70,525.82,3044
2026-05-27 10:55:00,532.0,533.0,532.0,533.0,20,525.87,3044
2026-05-27 11:00:00,533.0,533.0,531.0,533.0,94,526.06,3044
2026-05-27 11:05:00,533.0,533.0,531.0,532.0,49,526.15,3044
2026-05-27 11:10:00,532.0,532.0,531.0,532.0,31,526.21,3044
2026-05-27 11:15:00,532.0,533.0,532.0,533.0,39,526.28,3044
2026-05-27 11:20:00,533.0,534.0,532.0,534.0,38,526.36,3044
2026-05-27 11:25:00,534.0,535.0,533.0,535.0,60,526.49,3044
2026-05-27 11:30:00,534.0,535.0,534.0,534.0,100,526.72,3044
2026-05-27 11:35:00,535.0,535.0,534.0,535.0,22,526.77,3044
2026-05-27 11:40:00,535.0,535.0,530.0,530.0,150,527.0,3044
2026-05-27 11:45:00,529.0,531.0,529.0,530.0,53,527.05,3044
2026-05-27 11:50:00,530.0,531.0,529.0,530.0,23,527.07,3044
2026-05-27 11:55:00,529.0,529.0,526.0,527.0,102,527.09,3044
2026-05-27 12:00:00,527.0,529.0,526.0,527.0,53,527.1,3044
2026-05-27 12:05:00,527.0,530.0,527.0,530.0,31,527.11,3044
2026-05-27 12:10:00,530.0,530.0,525.0,525.0,119,527.08,3044
2026-05-27 12:15:00,525.0,525.0,522.0,522.0,72,527.02,3044
2026-05-27 12:20:00,523.0,523.0,520.0,520.0,95,526.88,3044
2026-05-27 12:25:00,520.0,521.0,519.0,519.0,67,526.77,3044
2026-05-27 12:30:00,520.0,522.0,518.0,522.0,99,526.62,3044
2026-05-27 12:35:00,522.0,523.0,521.0,522.0,36,526.58,3044
2026-05-27 12:40:00,523.0,524.0,520.0,521.0,62,526.52,3044
2026-05-27 12:45:00,521.0,522.0,520.0,521.0,63,526.44,3044
2026-05-27 12:50:00,521.0,524.0,521.0,524.0,65,526.39,3044
2026-05-27 12:55:00,525.0,525.0,523.0,524.0,39,526.37,3044
2026-05-27 13:00:00,524.0,524.0,521.0,523.0,97,526.28,3044
2026-05-27 13:05:00,523.0,524.0,522.0,524.0,56,526.24,3044
2026-05-27 13:10:00,524.0,525.0,522.0,525.0,97,526.19,3044
2026-05-27 13:15:00,525.0,525.0,523.0,523.0,96,526.15,3044
2026-05-27 13:20:00,523.0,525.0,521.0,525.0,105,526.07,3044
2026-05-27 13:30:00,524.0,524.0,524.0,524.0,207,525.99,3044
2026-05-28 09:00:00,533.0,533.0,524.0,531.0,435,529.42,3044
2026-05-28 09:05:00,530.0,531.0,523.0,530.0,243,528.42,3044
2026-05-28 09:10:00,530.0,530.0,526.0,526.0,84,528.39,3044
2026-05-28 09:15:00,526.0,527.0,523.0,525.0,114,527.89,3044
2026-05-28 09:20:00,526.0,527.0,525.0,526.0,33,527.83,3044
2026-05-28 09:25:00,526.0,527.0,521.0,526.0,207,527.1,3044
2026-05-28 09:30:00,525.0,526.0,524.0,524.0,55,527.0,3044
2026-05-28 09:35:00,524.0,524.0,521.0,522.0,67,526.75,3044
2026-05-28 09:40:00,522.0,523.0,521.0,521.0,62,526.51,3044
2026-05-28 09:45:00,521.0,522.0,519.0,521.0,167,525.8,3044
2026-05-28 09:50:00,522.0,522.0,521.0,521.0,34,525.69,3044
2026-05-28 09:55:00,521.0,522.0,520.0,520.0,56,525.5,3044
2026-05-28 10:00:00,520.0,520.0,517.0,517.0,96,525.11,3044
2026-05-28 10:05:00,518.0,519.0,517.0,518.0,61,524.85,3044
2026-05-28 10:10:00,518.0,518.0,515.0,515.0,104,524.37,3044
2026-05-28 10:15:00,516.0,516.0,513.0,514.0,108,523.81,3044
2026-05-28 10:20:00,514.0,514.0,513.0,514.0,34,523.63,3044
2026-05-28 10:25:00,514.0,514.0,511.0,511.0,92,523.12,3044
2026-05-28 10:30:00,511.0,511.0,509.0,509.0,134,522.32,3044
2026-05-28 10:35:00,509.0,511.0,509.0,511.0,38,522.11,3044
2026-05-28 10:40:00,510.0,511.0,510.0,510.0,37,521.92,3044
2026-05-28 10:45:00,510.0,510.0,509.0,509.0,32,521.74,3044
2026-05-28 10:50:00,510.0,513.0,510.0,513.0,49,521.53,3044
2026-05-28 10:55:00,512.0,512.0,507.0,509.0,130,520.88,3044
2026-05-28 11:00:00,508.0,509.0,508.0,508.0,15,520.8,3044
2026-05-28 11:05:00,508.0,508.0,508.0,508.0,30,520.65,3044
2026-05-28 11:10:00,508.0,509.0,507.0,508.0,29,520.5,3044
2026-05-28 11:15:00,509.0,510.0,508.0,510.0,34,520.36,3044
2026-05-28 11:20:00,509.0,509.0,507.0,508.0,69,520.04,3044
2026-05-28 11:25:00,507.0,508.0,505.0,505.0,103,519.53,3044
2026-05-28 11:30:00,506.0,506.0,500.0,500.0,149,518.7,3044
2026-05-28 11:35:00,500.0,500.0,496.0,496.5,210,517.33,3044
2026-05-28 11:40:00,496.5,500.0,496.0,499.0,148,516.47,3044
2026-05-28 11:45:00,498.5,501.0,498.0,500.0,58,516.17,3044
2026-05-28 11:50:00,500.0,501.0,500.0,501.0,18,516.09,3044
2026-05-28 11:55:00,501.0,501.0,498.0,498.5,82,515.68,3044
2026-05-28 12:00:00,498.0,498.0,494.0,494.5,114,515.05,3044
2026-05-28 12:05:00,494.5,498.5,493.0,498.0,91,514.55,3044
2026-05-28 12:10:00,498.0,498.0,494.0,495.0,43,514.33,3044
2026-05-28 12:15:00,495.0,495.5,493.0,493.0,58,514.01,3044
2026-05-28 12:20:00,493.0,493.0,491.0,492.5,120,513.33,3044
2026-05-28 12:25:00,493.0,494.5,491.5,494.5,89,512.87,3044
2026-05-28 12:30:00,494.0,495.5,494.0,495.0,23,512.76,3044
2026-05-28 12:35:00,495.5,496.0,494.0,494.0,48,512.55,3044
2026-05-28 12:40:00,494.5,495.0,494.0,495.0,24,512.45,3044
2026-05-28 12:45:00,495.0,495.0,493.5,493.5,28,512.32,3044
2026-05-28 12:50:00,494.0,494.0,491.5,491.5,60,512.04,3044
2026-05-28 12:55:00,491.5,491.5,490.0,490.5,79,511.64,3044
2026-05-28 13:00:00,491.5,492.0,490.0,491.5,106,511.13,3044
2026-05-28 13:05:00,491.0,497.0,491.0,497.0,134,510.61,3044
2026-05-28 13:10:00,497.0,499.5,496.5,498.5,144,510.21,3044
2026-05-28 13:15:00,498.0,498.5,494.0,495.0,148,509.78,3044
2026-05-28 13:20:00,494.5,495.0,492.0,493.5,194,509.12,3044
2026-05-28 13:30:00,493.5,493.5,493.5,493.5,228,508.43,3044
2026-05-29 09:00:00,507.0,513.0,505.0,509.0,302,508.59,3044
2026-05-29 09:05:00,509.0,516.0,508.0,515.0,180,510.22,3044
2026-05-29 09:10:00,515.0,517.0,512.0,512.0,109,511.07,3044
2026-05-29 09:15:00,512.0,517.0,511.0,516.0,106,511.63,3044
2026-05-29 09:20:00,516.0,519.0,515.0,517.0,131,512.54,3044
2026-05-29 09:25:00,517.0,517.0,512.0,513.0,80,512.63,3044
2026-05-29 09:30:00,513.0,515.0,513.0,513.0,38,512.66,3044
2026-05-29 09:35:00,513.0,513.0,512.0,512.0,30,512.66,3044
2026-05-29 09:40:00,513.0,516.0,513.0,516.0,56,512.75,3044
2026-05-29 09:45:00,516.0,516.0,513.0,513.0,43,512.81,3044
2026-05-29 09:50:00,512.0,512.0,509.0,511.0,78,512.66,3044
2026-05-29 09:55:00,511.0,511.0,511.0,511.0,29,512.62,3044
2026-05-29 10:00:00,511.0,511.0,510.0,510.0,12,512.6,3044
2026-05-29 10:05:00,511.0,512.0,509.0,509.0,51,512.51,3044
2026-05-29 10:10:00,509.0,509.0,508.0,509.0,26,512.44,3044
2026-05-29 10:15:00,510.0,516.0,510.0,514.0,77,512.51,3044
2026-05-29 10:20:00,514.0,517.0,514.0,515.0,43,512.61,3044
2026-05-29 10:25:00,514.0,515.0,513.0,514.0,9,512.62,3044
2026-05-29 10:30:00,513.0,513.0,513.0,513.0,5,512.62,3044
2026-05-29 10:35:00,513.0,514.0,512.0,513.0,16,512.62,3044
2026-05-29 10:40:00,512.0,513.0,511.0,512.0,28,512.6,3044
2026-05-29 10:45:00,512.0,515.0,512.0,515.0,43,512.64,3044
2026-05-29 10:50:00,515.0,515.0,514.0,514.0,21,512.66,3044
2026-05-29 10:55:00,514.0,520.0,514.0,520.0,238,513.35,3044
2026-05-29 11:00:00,520.0,520.0,519.0,520.0,99,513.7,3044
2026-05-29 11:05:00,520.0,522.0,520.0,521.0,105,514.07,3044
2026-05-29 11:10:00,522.0,522.0,520.0,520.0,85,514.35,3044
2026-05-29 11:15:00,520.0,523.0,520.0,522.0,104,514.71,3044
2026-05-29 11:20:00,522.0,524.0,522.0,524.0,68,514.97,3044
2026-05-29 11:25:00,524.0,526.0,523.0,526.0,138,515.54,3044
2026-05-29 11:30:00,527.0,529.0,526.0,528.0,168,516.33,3044
2026-05-29 11:35:00,527.0,528.0,526.0,528.0,37,516.49,3044
2026-05-29 11:40:00,526.0,528.0,526.0,528.0,20,516.58,3044
2026-05-29 11:45:00,528.0,532.0,527.0,532.0,272,517.84,3044
2026-05-29 11:50:00,532.0,532.0,530.0,530.0,47,518.05,3044
2026-05-29 11:55:00,530.0,531.0,530.0,530.0,48,518.25,3044
2026-05-29 12:00:00,529.0,530.0,528.0,529.0,39,518.39,3044
2026-05-29 12:05:00,530.0,530.0,529.0,529.0,44,518.54,3044
2026-05-29 12:10:00,529.0,529.0,527.0,527.0,43,518.68,3044
2026-05-29 12:15:00,527.0,528.0,526.0,526.0,52,518.82,3044
2026-05-29 12:20:00,526.0,526.0,525.0,525.0,44,518.92,3044
2026-05-29 12:25:00,525.0,527.0,525.0,525.0,35,518.99,3044
2026-05-29 12:30:00,526.0,526.0,524.0,525.0,47,519.08,3044
2026-05-29 12:35:00,525.0,527.0,525.0,526.0,39,519.17,3044
2026-05-29 12:40:00,526.0,527.0,525.0,526.0,56,519.29,3044
2026-05-29 12:45:00,526.0,527.0,526.0,526.0,25,519.34,3044
2026-05-29 12:50:00,527.0,528.0,526.0,526.0,72,519.49,3044
2026-05-29 12:55:00,527.0,528.0,526.0,528.0,43,519.58,3044
2026-05-29 13:00:00,528.0,528.0,526.0,526.0,54,519.7,3044
2026-05-29 13:05:00,526.0,527.0,526.0,527.0,37,519.76,3044
2026-05-29 13:10:00,527.0,527.0,524.0,525.0,128,519.98,3044
2026-05-29 13:15:00,525.0,526.0,524.0,524.0,74,520.07,3044
2026-05-29 13:20:00,524.0,527.0,524.0,527.0,101,520.21,3044
2026-05-29 13:30:00,521.0,521.0,521.0,521.0,630,520.32,3044
2026-06-01 09:00:00,530.0,533.0,519.0,531.0,450,527.32,3044
2026-06-01 09:05:00,532.0,540.0,527.0,528.0,315,530.35,3044
2026-06-01 09:10:00,529.0,529.0,525.0,526.0,100,530.02,3044
2026-06-01 09:15:00,526.0,530.0,525.0,528.0,66,529.82,3044
2026-06-01 09:20:00,528.0,531.0,527.0,530.0,53,529.8,3044
2026-06-01 09:25:00,530.0,530.0,527.0,528.0,52,529.75,3044
2026-06-01 09:30:00,528.0,528.0,526.0,527.0,77,529.54,3044
2026-06-01 09:35:00,527.0,529.0,527.0,528.0,49,529.47,3044
2026-06-01 09:40:00,527.0,528.0,525.0,525.0,65,529.28,3044
2026-06-01 09:45:00,525.0,526.0,523.0,523.0,83,528.96,3044
2026-06-01 09:50:00,523.0,524.0,521.0,524.0,84,528.56,3044
2026-06-01 09:55:00,524.0,525.0,521.0,522.0,61,528.33,3044
2026-06-01 10:00:00,521.0,522.0,519.0,522.0,191,527.41,3044
2026-06-01 10:05:00,522.0,522.0,521.0,522.0,28,527.32,3044
2026-06-01 10:10:00,522.0,522.0,520.0,522.0,113,526.91,3044
2026-06-01 10:15:00,523.0,524.0,523.0,524.0,21,526.87,3044
2026-06-01 10:20:00,524.0,524.0,521.0,521.0,94,526.63,3044
2026-06-01 10:25:00,520.0,521.0,520.0,521.0,43,526.5,3044
2026-06-01 10:30:00,521.0,521.0,520.0,521.0,14,526.46,3044
2026-06-01 10:35:00,521.0,521.0,518.0,519.0,119,526.04,3044
2026-06-01 10:40:00,518.0,519.0,518.0,519.0,24,525.95,3044
2026-06-01 10:45:00,518.0,519.0,518.0,518.0,24,525.87,3044
2026-06-01 10:50:00,518.0,519.0,517.0,517.0,66,525.63,3044
2026-06-01 10:55:00,517.0,519.0,516.0,516.0,54,525.44,3044
2026-06-01 11:00:00,518.0,518.0,516.0,518.0,28,525.34,3044
2026-06-01 11:05:00,518.0,519.0,518.0,518.0,16,525.29,3044
2026-06-01 11:10:00,518.0,518.0,517.0,517.0,14,525.24,3044
2026-06-01 11:15:00,517.0,517.0,515.0,515.0,51,525.04,3044
2026-06-01 11:20:00,515.0,516.0,515.0,515.0,55,524.82,3044
2026-06-01 11:25:00,515.0,517.0,514.0,517.0,107,524.41,3044
2026-06-01 11:30:00,517.0,517.0,516.0,517.0,27,524.33,3044
2026-06-01 11:35:00,516.0,517.0,514.0,514.0,52,524.14,3044
2026-06-01 11:40:00,514.0,515.0,513.0,513.0,55,523.94,3044
2026-06-01 11:45:00,513.0,514.0,512.0,514.0,89,523.57,3044
2026-06-01 11:50:00,513.0,514.0,513.0,513.0,19,523.5,3044
2026-06-01 11:55:00,513.0,514.0,512.0,513.0,75,523.23,3044
2026-06-01 12:00:00,512.0,513.0,512.0,513.0,30,523.12,3044
2026-06-01 12:05:00,512.0,513.0,512.0,513.0,19,523.04,3044
2026-06-01 12:10:00,513.0,513.0,512.0,513.0,43,522.89,3044
2026-06-01 12:15:00,513.0,514.0,512.0,513.0,46,522.74,3044
2026-06-01 12:20:00,513.0,513.0,512.0,513.0,23,522.66,3044
2026-06-01 12:25:00,513.0,513.0,512.0,513.0,38,522.53,3044
2026-06-01 12:30:00,513.0,513.0,512.0,512.0,56,522.34,3044
2026-06-01 12:35:00,512.0,513.0,512.0,512.0,23,522.27,3044
2026-06-01 12:40:00,512.0,513.0,512.0,512.0,35,522.16,3044
2026-06-01 12:45:00,513.0,514.0,512.0,514.0,47,522.03,3044
2026-06-01 12:50:00,513.0,514.0,513.0,514.0,22,521.97,3044
2026-06-01 12:55:00,514.0,518.0,513.0,518.0,133,521.73,3044
2026-06-01 13:00:00,518.0,519.0,516.0,516.0,115,521.59,3044
2026-06-01 13:05:00,517.0,518.0,515.0,518.0,117,521.43,3044
2026-06-01 13:10:00,518.0,518.0,516.0,516.0,126,521.3,3044
2026-06-01 13:15:00,516.0,519.0,516.0,517.0,166,521.14,3044
2026-06-01 13:20:00,517.0,519.0,517.0,517.0,124,521.04,3044
2026-06-01 13:30:00,518.0,518.0,518.0,518.0,458,520.73,3044
2026-06-02 09:00:00,516.0,517.0,507.0,509.0,345,511.49,3044
2026-06-02 09:05:00,508.0,509.0,505.0,505.0,307,509.05,3044
2026-06-02 09:10:00,504.0,508.0,504.0,505.0,80,508.74,3044
2026-06-02 09:15:00,506.0,506.0,502.0,503.0,161,507.8,3044
2026-06-02 09:20:00,502.0,503.0,499.5,499.5,169,506.71,3044
2026-06-02 09:25:00,499.0,499.0,497.0,498.5,175,505.47,3044
2026-06-02 09:30:00,498.5,504.0,498.5,502.0,85,505.21,3044
2026-06-02 09:35:00,504.0,505.0,500.0,501.0,66,505.09,3044
2026-06-02 09:40:00,501.0,503.0,500.0,501.0,52,504.98,3044
2026-06-02 09:45:00,501.0,501.0,499.0,499.5,82,504.71,3044
2026-06-02 09:50:00,499.5,502.0,499.5,501.0,37,504.62,3044
2026-06-02 09:55:00,501.0,501.0,499.5,499.5,48,504.49,3044
2026-06-02 10:00:00,500.0,501.0,499.5,500.0,52,504.34,3044
2026-06-02 10:05:00,501.0,501.0,500.0,501.0,53,504.22,3044
2026-06-02 10:10:00,500.0,502.0,500.0,501.0,30,504.17,3044
2026-06-02 10:15:00,501.0,504.0,500.0,502.0,61,504.1,3044
2026-06-02 10:20:00,502.0,503.0,501.0,502.0,41,504.06,3044
2026-06-02 10:25:00,503.0,503.0,501.0,501.0,44,504.01,3044
2026-06-02 10:30:00,501.0,504.0,501.0,504.0,83,503.96,3044
2026-06-02 10:35:00,504.0,505.0,504.0,505.0,64,503.97,3044
2026-06-02 10:40:00,505.0,507.0,505.0,506.0,36,504.0,3044
2026-06-02 10:45:00,506.0,507.0,505.0,506.0,39,504.04,3044
2026-06-02 10:50:00,505.0,508.0,505.0,506.0,54,504.11,3044
2026-06-02 10:55:00,506.0,508.0,506.0,506.0,33,504.14,3044
2026-06-02 11:00:00,506.0,508.0,506.0,507.0,43,504.2,3044
2026-06-02 11:05:00,507.0,507.0,505.0,506.0,38,504.22,3044
2026-06-02 11:10:00,506.0,506.0,504.0,505.0,44,504.24,3044
2026-06-02 11:15:00,505.0,505.0,502.0,502.0,60,504.21,3044
2026-06-02 11:20:00,502.0,502.0,500.0,500.0,109,504.07,3044
2026-06-02 11:25:00,500.0,500.0,498.0,499.0,138,503.82,3044
2026-06-02 11:30:00,498.5,501.0,498.5,500.0,102,503.68,3044
2026-06-02 11:35:00,500.0,502.0,499.5,501.0,69,503.6,3044
2026-06-02 11:40:00,501.0,502.0,500.0,501.0,42,503.56,3044
2026-06-02 11:45:00,501.0,502.0,500.0,501.0,42,503.53,3044
2026-06-02 11:50:00,501.0,503.0,501.0,501.0,38,503.51,3044
2026-06-02 11:55:00,501.0,502.0,500.0,501.0,68,503.46,3044
2026-06-02 12:00:00,501.0,502.0,501.0,501.0,53,503.42,3044
2026-06-02 12:05:00,502.0,503.0,500.0,500.0,82,503.36,3044
2026-06-02 12:10:00,500.0,501.0,500.0,500.0,52,503.31,3044
2026-06-02 12:15:00,501.0,501.0,499.5,500.0,53,503.25,3044
2026-06-02 12:20:00,500.0,502.0,500.0,500.0,56,503.21,3044
2026-06-02 12:25:00,500.0,503.0,500.0,501.0,84,503.16,3044
2026-06-02 12:30:00,501.0,503.0,501.0,503.0,66,503.14,3044
2026-06-02 12:35:00,503.0,503.0,501.0,503.0,74,503.12,3044
2026-06-02 12:40:00,502.0,504.0,502.0,502.0,61,503.11,3044
2026-06-02 12:45:00,503.0,508.0,502.0,508.0,159,503.22,3044
2026-06-02 12:50:00,506.0,510.0,506.0,509.0,139,503.4,3044
2026-06-02 12:55:00,509.0,510.0,507.0,510.0,130,503.58,3044
2026-06-02 13:00:00,508.0,510.0,508.0,510.0,126,503.74,3044
2026-06-02 13:05:00,508.0,511.0,508.0,508.0,144,503.93,3044
2026-06-02 13:10:00,509.0,510.0,508.0,508.0,119,504.08,3044
2026-06-02 13:15:00,510.0,511.0,508.0,509.0,120,504.22,3044
2026-06-02 13:20:00,509.0,511.0,508.0,508.0,120,504.36,3044
2026-06-02 13:30:00,508.0,508.0,508.0,508.0,486,504.7,3044
2026-06-03 09:00:00,509.0,511.0,505.0,511.0,203,509.14,3044
2026-06-03 09:05:00,511.0,516.0,510.0,513.0,85,510.22,3044
2026-06-03 09:10:00,513.0,514.0,511.0,513.0,44,510.52,3044
2026-06-03 09:15:00,513.0,515.0,512.0,514.0,43,510.89,3044
2026-06-03 09:20:00,514.0,514.0,512.0,512.0,45,511.07,3044
2026-06-03 09:25:00,512.0,512.0,509.0,510.0,47,511.03,3044
2026-06-03 09:30:00,510.0,514.0,510.0,513.0,58,511.13,3044
2026-06-03 09:35:00,513.0,513.0,511.0,511.0,28,511.18,3044
2026-06-03 09:40:00,511.0,511.0,509.0,511.0,62,511.12,3044
2026-06-03 09:45:00,510.0,510.0,508.0,508.0,34,511.01,3044
2026-06-03 09:50:00,510.0,512.0,509.0,510.0,35,510.98,3044
2026-06-03 09:55:00,510.0,511.0,509.0,511.0,52,510.94,3044
2026-06-03 10:00:00,510.0,512.0,509.0,510.0,44,510.88,3044
2026-06-03 10:05:00,509.0,511.0,509.0,511.0,41,510.86,3044
2026-06-03 10:10:00,510.0,510.0,509.0,510.0,18,510.84,3044
2026-06-03 10:15:00,510.0,510.0,509.0,509.0,40,510.79,3044
2026-06-03 10:20:00,509.0,510.0,509.0,509.0,18,510.76,3044
2026-06-03 10:25:00,509.0,510.0,508.0,508.0,43,510.67,3044
2026-06-03 10:30:00,508.0,509.0,507.0,507.0,85,510.45,3044
2026-06-03 10:35:00,507.0,507.0,503.0,503.0,126,509.88,3044
2026-06-03 10:40:00,503.0,504.0,502.0,502.0,94,509.33,3044
2026-06-03 10:45:00,502.0,504.0,501.0,502.0,83,508.89,3044
2026-06-03 10:50:00,504.0,505.0,502.0,504.0,62,508.63,3044
2026-06-03 10:55:00,504.0,505.0,503.0,504.0,56,508.41,3044
2026-06-03 11:00:00,503.0,505.0,503.0,503.0,63,508.21,3044
2026-06-03 11:05:00,503.0,505.0,503.0,503.0,64,508.04,3044
2026-06-03 11:10:00,504.0,505.0,502.0,502.0,55,507.87,3044
2026-06-03 11:15:00,502.0,504.0,502.0,502.0,57,507.69,3044
2026-06-03 11:20:00,503.0,504.0,502.0,502.0,53,507.53,3044
2026-06-03 11:25:00,502.0,505.0,502.0,502.0,81,507.34,3044
2026-06-03 11:30:00,502.0,505.0,502.0,503.0,93,507.16,3044
2026-06-03 11:35:00,503.0,507.0,503.0,506.0,38,507.12,3044
2026-06-03 11:40:00,508.0,508.0,506.0,508.0,38,507.13,3044
2026-06-03 11:45:00,507.0,508.0,507.0,508.0,12,507.14,3044
2026-06-03 11:50:00,507.0,507.0,505.0,506.0,123,507.07,3044
2026-06-03 11:55:00,506.0,507.0,506.0,506.0,41,507.05,3044
2026-06-03 12:00:00,506.0,507.0,505.0,505.0,54,507.02,3044
2026-06-03 12:05:00,505.0,506.0,505.0,506.0,20,507.0,3044
2026-06-03 12:10:00,505.0,507.0,505.0,506.0,58,506.98,3044
2026-06-03 12:15:00,505.0,506.0,505.0,505.0,10,506.97,3044
2026-06-03 12:20:00,505.0,505.0,505.0,505.0,18,506.95,3044
2026-06-03 12:25:00,505.0,506.0,504.0,505.0,88,506.88,3044
2026-06-03 12:30:00,505.0,507.0,505.0,507.0,89,506.85,3044
2026-06-03 12:35:00,507.0,507.0,505.0,506.0,110,506.81,3044
2026-06-03 12:40:00,506.0,506.0,505.0,505.0,67,506.78,3044
2026-06-03 12:45:00,505.0,505.0,504.0,505.0,94,506.72,3044
2026-06-03 12:50:00,505.0,505.0,505.0,505.0,20,506.71,3044
2026-06-03 12:55:00,505.0,506.0,505.0,506.0,124,506.66,3044
2026-06-03 13:00:00,506.0,506.0,504.0,506.0,65,506.63,3044
2026-06-03 13:05:00,506.0,510.0,505.0,509.0,311,506.68,3044
2026-06-03 13:10:00,509.0,510.0,506.0,508.0,168,506.74,3044
2026-06-03 13:15:00,508.0,509.0,507.0,508.0,218,506.81,3044
2026-06-03 13:20:00,507.0,510.0,507.0,510.0,113,506.87,3044
2026-06-03 13:30:00,510.0,510.0,510.0,510.0,193,507.03,3044
2026-06-04 09:00:00,507.0,510.0,506.0,510.0,80,507.28,3044
2026-06-04 09:05:00,510.0,512.0,509.0,509.0,56,508.6,3044
2026-06-04 09:10:00,510.0,514.0,510.0,511.0,73,509.76,3044
2026-06-04 09:15:00,512.0,512.0,508.0,508.0,39,509.77,3044
2026-06-04 09:20:00,508.0,508.0,505.0,506.0,100,508.68,3044
2026-06-04 09:25:00,506.0,506.0,504.0,505.0,61,508.14,3044
2026-06-04 09:30:00,505.0,506.0,504.0,504.0,43,507.85,3044
2026-06-04 09:35:00,504.0,505.0,503.0,503.0,100,507.17,3044
2026-06-04 09:40:00,503.0,509.0,503.0,506.0,127,506.87,3044
2026-06-04 09:45:00,506.0,509.0,503.0,508.0,76,506.75,3044
2026-06-04 09:50:00,508.0,510.0,505.0,506.0,50,506.78,3044
2026-06-04 09:55:00,507.0,509.0,506.0,507.0,78,506.81,3044
2026-06-04 10:00:00,507.0,508.0,505.0,505.0,77,506.76,3044
2026-06-04 10:05:00,505.0,506.0,504.0,504.0,73,506.63,3044
2026-06-04 10:10:00,504.0,505.0,502.0,502.0,66,506.41,3044
2026-06-04 10:15:00,502.0,503.0,501.0,503.0,74,506.14,3044
2026-06-04 10:20:00,505.0,506.0,502.0,504.0,38,506.08,3044
2026-06-04 10:25:00,504.0,508.0,504.0,506.0,30,506.08,3044
2026-06-04 10:30:00,506.0,507.0,505.0,505.0,30,506.06,3044
2026-06-04 10:35:00,507.0,507.0,504.0,505.0,31,506.03,3044
2026-06-04 10:40:00,506.0,506.0,504.0,505.0,25,506.01,3044
2026-06-04 10:45:00,504.0,506.0,503.0,503.0,39,505.98,3044
2026-06-04 10:50:00,503.0,506.0,502.0,503.0,26,505.93,3044
2026-06-04 10:55:00,503.0,504.0,502.0,503.0,23,505.87,3044
2026-06-04 11:00:00,504.0,506.0,504.0,506.0,20,505.85,3044
2026-06-04 11:05:00,504.0,505.0,502.0,504.0,27,505.81,3044
2026-06-04 11:10:00,503.0,506.0,503.0,503.0,33,505.77,3044
2026-06-04 11:15:00,504.0,508.0,503.0,508.0,47,505.77,3044
2026-06-04 11:20:00,506.0,508.0,506.0,506.0,37,505.8,3044
2026-06-04 11:25:00,507.0,508.0,506.0,507.0,34,505.82,3044
2026-06-04 11:30:00,509.0,510.0,506.0,507.0,51,505.91,3044
2026-06-04 11:35:00,508.0,508.0,506.0,506.0,22,505.91,3044
2026-06-04 11:40:00,506.0,508.0,505.0,506.0,21,505.92,3044
2026-06-04 11:45:00,506.0,507.0,504.0,506.0,37,505.92,3044
2026-06-04 11:50:00,505.0,507.0,505.0,506.0,21,505.91,3044
2026-06-04 11:55:00,506.0,508.0,505.0,506.0,32,505.92,3044
2026-06-04 12:00:00,506.0,508.0,505.0,507.0,11,505.93,3044
2026-06-04 12:05:00,507.0,508.0,506.0,506.0,10,505.93,3044
2026-06-04 12:10:00,507.0,508.0,507.0,507.0,6,505.94,3044
2026-06-04 12:15:00,507.0,507.0,506.0,507.0,13,505.95,3044
2026-06-04 12:20:00,507.0,507.0,506.0,507.0,11,505.95,3044
2026-06-04 12:25:00,508.0,510.0,508.0,509.0,52,506.03,3044
2026-06-04 12:30:00,510.0,511.0,508.0,511.0,50,506.13,3044
2026-06-04 12:35:00,511.0,511.0,510.0,511.0,29,506.2,3044
2026-06-04 12:40:00,511.0,513.0,511.0,512.0,50,506.35,3044
2026-06-04 12:45:00,513.0,513.0,511.0,513.0,71,506.55,3044
2026-06-04 12:50:00,513.0,513.0,511.0,513.0,29,506.63,3044
2026-06-04 12:55:00,513.0,513.0,512.0,513.0,27,506.7,3044
2026-06-04 13:00:00,513.0,513.0,510.0,512.0,31,506.78,3044
2026-06-04 13:05:00,512.0,512.0,510.0,512.0,60,506.89,3044
2026-06-04 13:10:00,511.0,512.0,510.0,511.0,48,506.98,3044
2026-06-04 13:15:00,511.0,512.0,510.0,510.0,47,507.05,3044
2026-06-04 13:20:00,510.0,511.0,509.0,511.0,41,507.11,3044
2026-06-04 13:30:00,512.0,512.0,512.0,512.0,225,507.53,3044
2026-06-05 09:00:00,509.0,509.0,502.0,503.0,201,504.18,3044
2026-06-05 09:05:00,503.0,503.0,498.0,498.5,317,501.38,3044
2026-06-05 09:10:00,498.0,499.0,495.0,495.0,159,500.34,3044
2026-06-05 09:15:00,495.5,495.5,492.0,494.0,87,499.57,3044
2026-06-05 09:20:00,494.0,494.0,487.0,487.0,238,497.46,3044
2026-06-05 09:25:00,487.0,490.5,485.5,490.5,61,496.91,3044
2026-06-05 09:30:00,491.0,494.5,491.0,494.0,101,496.56,3044
2026-06-05 09:35:00,494.0,495.0,492.5,492.5,84,496.37,3044
2026-06-05 09:40:00,492.5,495.0,492.5,495.0,61,496.24,3044
2026-06-05 09:45:00,495.0,495.0,494.0,494.0,47,496.17,3044
2026-06-05 09:50:00,494.0,498.0,493.5,497.0,69,496.14,3044
2026-06-05 09:55:00,497.0,499.5,497.0,499.5,66,496.24,3044
2026-06-05 10:00:00,499.5,499.5,499.0,499.5,31,496.3,3044
2026-06-05 10:05:00,499.5,502.0,499.5,501.0,73,496.5,3044
2026-06-05 10:10:00,501.0,504.0,501.0,503.0,80,496.79,3044
2026-06-05 10:15:00,503.0,506.0,503.0,506.0,62,497.06,3044
2026-06-05 10:20:00,506.0,507.0,506.0,507.0,26,497.2,3044
2026-06-05 10:25:00,507.0,510.0,507.0,510.0,67,497.62,3044
2026-06-05 10:30:00,510.0,511.0,509.0,510.0,54,497.97,3044
2026-06-05 10:35:00,510.0,510.0,509.0,509.0,35,498.18,3044
2026-06-05 10:40:00,508.0,508.0,505.0,507.0,45,498.37,3044
2026-06-05 10:45:00,507.0,507.0,507.0,507.0,6,498.4,3044
2026-06-05 10:50:00,507.0,509.0,507.0,509.0,25,498.52,3044
2026-06-05 10:55:00,509.0,510.0,508.0,508.0,10,498.57,3044
2026-06-05 11:00:00,508.0,508.0,507.0,507.0,17,498.65,3044
2026-06-05 11:05:00,506.0,506.0,504.0,505.0,50,498.8,3044
2026-06-05 11:10:00,506.0,507.0,506.0,507.0,13,498.85,3044
2026-06-05 11:15:00,507.0,507.0,505.0,505.0,22,498.93,3044
2026-06-05 11:20:00,505.0,505.0,504.0,505.0,18,498.98,3044
2026-06-05 11:25:00,504.0,504.0,501.0,501.0,36,499.03,3044
2026-06-05 11:30:00,501.0,504.0,501.0,504.0,47,499.1,3044
2026-06-05 11:35:00,504.0,504.0,502.0,503.0,13,499.13,3044
2026-06-05 11:40:00,503.0,503.0,502.0,503.0,13,499.15,3044
2026-06-05 11:45:00,502.0,503.0,501.0,501.0,31,499.19,3044
2026-06-05 11:50:00,501.0,501.0,499.5,499.5,35,499.2,3044
2026-06-05 11:55:00,499.5,501.0,499.5,501.0,36,499.22,3044
2026-06-05 12:00:00,500.0,501.0,500.0,501.0,21,499.23,3044
2026-06-05 12:05:00,501.0,501.0,498.5,498.5,37,499.24,3044
2026-06-05 12:10:00,498.5,499.0,498.5,498.5,17,499.23,3044
2026-06-05 12:15:00,498.5,500.0,498.5,500.0,53,499.23,3044
2026-06-05 12:20:00,500.0,500.0,499.5,500.0,12,499.23,3044
2026-06-05 12:25:00,500.0,500.0,499.5,500.0,20,499.24,3044
2026-06-05 12:30:00,499.5,499.5,498.0,498.0,24,499.23,3044
2026-06-05 12:35:00,498.0,501.0,498.0,501.0,52,499.23,3044
2026-06-05 12:40:00,502.0,502.0,499.0,499.0,38,499.23,3044
2026-06-05 12:45:00,499.0,502.0,498.5,502.0,89,499.25,3044
2026-06-05 12:50:00,502.0,503.0,502.0,503.0,48,499.3,3044
2026-06-05 12:55:00,502.0,503.0,501.0,501.0,64,499.36,3044
2026-06-05 13:00:00,501.0,501.0,499.0,500.0,76,499.38,3044
2026-06-05 13:05:00,500.0,502.0,499.0,500.0,90,499.41,3044
2026-06-05 13:10:00,500.0,500.0,499.0,500.0,67,499.42,3044
2026-06-05 13:15:00,500.0,500.0,499.0,499.5,71,499.42,3044
2026-06-05 13:20:00,499.5,501.0,498.5,498.5,138,499.43,3044
2026-06-05 13:30:00,498.0,498.0,498.0,498.0,251,499.33,3044
2026-06-08 09:00:00,464.0,469.0,454.0,461.5,879,461.02,3044
2026-06-08 09:05:00,461.5,467.0,458.5,466.5,124,461.18,3044
2026-06-08 09:10:00,467.0,468.5,464.0,466.0,197,462.05,3044
2026-06-08 09:15:00,465.0,465.0,460.5,460.5,188,462.08,3044
2026-06-08 09:20:00,460.5,464.0,460.0,462.0,53,462.07,3044
2026-06-08 09:25:00,461.5,461.5,457.5,458.5,188,461.78,3044
2026-06-08 09:30:00,458.0,461.0,457.5,460.5,47,461.7,3044
2026-06-08 09:35:00,460.5,461.5,458.5,461.5,55,461.64,3044
2026-06-08 09:40:00,460.5,465.5,459.5,463.5,67,461.69,3044
2026-06-08 09:45:00,464.0,465.0,462.0,462.0,22,461.72,3044
2026-06-08 09:50:00,463.0,469.5,462.0,469.0,133,462.06,3044
2026-06-08 09:55:00,468.5,470.5,468.5,470.5,73,462.34,3044
2026-06-08 10:00:00,470.5,472.0,470.5,472.0,37,462.5,3044
2026-06-08 10:05:00,472.0,472.0,470.5,471.0,44,462.69,3044
2026-06-08 10:10:00,470.5,475.0,470.5,473.5,98,463.14,3044
2026-06-08 10:15:00,473.5,474.5,471.0,471.0,29,463.26,3044
2026-06-08 10:20:00,471.0,472.0,470.5,472.0,28,463.36,3044
2026-06-08 10:25:00,472.0,474.0,472.0,474.0,22,463.46,3044
2026-06-08 10:30:00,473.5,473.5,471.5,473.0,43,463.62,3044
2026-06-08 10:35:00,473.0,473.0,471.5,472.0,31,463.73,3044
2026-06-08 10:40:00,472.0,472.0,470.5,472.0,38,463.85,3044
2026-06-08 10:45:00,472.5,476.0,472.5,475.0,102,464.28,3044
2026-06-08 10:50:00,474.0,474.5,472.5,472.5,22,464.36,3044
2026-06-08 10:55:00,473.0,473.5,472.5,472.5,15,464.41,3044
2026-06-08 11:00:00,473.0,473.5,471.5,472.5,27,464.5,3044
2026-06-08 11:05:00,471.5,472.0,470.0,470.5,30,464.58,3044
2026-06-08 11:10:00,471.0,471.5,470.0,470.0,43,464.67,3044
2026-06-08 11:15:00,470.0,470.5,468.0,469.0,46,464.75,3044
2026-06-08 11:20:00,469.0,475.5,469.0,473.5,121,465.09,3044
2026-06-08 11:25:00,474.0,480.0,472.5,476.0,201,465.87,3044
2026-06-08 11:30:00,476.0,478.0,476.0,477.0,29,465.98,3044
2026-06-08 11:35:00,477.0,478.0,476.5,478.0,27,466.07,3044
2026-06-08 11:40:00,478.0,478.0,476.0,476.0,31,466.19,3044
2026-06-08 11:45:00,475.0,477.0,475.0,476.5,28,466.27,3044
2026-06-08 11:50:00,476.5,477.0,476.0,476.5,13,466.32,3044
2026-06-08 11:55:00,476.5,477.0,475.5,476.0,15,466.36,3044
2026-06-08 12:00:00,475.5,477.5,475.5,476.5,31,466.46,3044
2026-06-08 12:05:00,477.0,477.0,475.5,476.0,17,466.51,3044
2026-06-08 12:10:00,476.5,476.5,475.0,476.5,20,466.57,3044
2026-06-08 12:15:00,477.0,477.0,476.5,476.5,13,466.61,3044
2026-06-08 12:20:00,476.0,476.0,474.0,474.5,44,466.72,3044
2026-06-08 12:25:00,474.0,477.0,474.0,476.0,45,466.84,3044
2026-06-08 12:30:00,476.0,477.5,475.5,476.5,35,466.94,3044
2026-06-08 12:35:00,476.5,477.0,476.0,477.0,21,467.0,3044
2026-06-08 12:40:00,477.0,477.0,476.5,477.0,37,467.11,3044
2026-06-08 12:45:00,477.5,478.5,476.5,478.0,66,467.31,3044
2026-06-08 12:50:00,478.0,481.0,478.0,478.5,129,467.74,3044
2026-06-08 12:55:00,478.5,478.5,476.5,477.5,65,467.92,3044
2026-06-08 13:00:00,477.5,479.0,477.0,478.0,122,468.25,3044
2026-06-08 13:05:00,479.0,480.0,479.0,479.0,67,468.44,3044
2026-06-08 13:10:00,479.5,479.5,479.0,479.0,65,468.63,3044
2026-06-08 13:15:00,479.5,479.5,477.5,479.0,91,468.85,3044
2026-06-08 13:20:00,479.0,479.5,478.5,479.0,90,469.08,3044
2026-06-08 13:30:00,478.0,478.0,478.0,478.0,237,469.57,3044
2026-06-09 09:00:00,475.0,487.5,475.0,480.0,706,479.99,3044
2026-06-09 09:05:00,479.0,486.0,478.5,484.0,220,480.69,3044
2026-06-09 09:10:00,484.0,493.0,482.0,490.0,221,482.0,3044
2026-06-09 09:15:00,489.5,491.5,486.5,488.0,109,482.65,3044
2026-06-09 09:20:00,487.5,489.5,485.0,489.5,68,482.91,3044
2026-06-09 09:25:00,490.0,497.5,489.5,496.0,104,483.65,3044
2026-06-09 09:30:00,495.0,502.0,494.5,497.5,174,485.32,3044
2026-06-09 09:35:00,498.0,504.0,498.0,503.0,65,485.95,3044
2026-06-09 09:40:00,503.0,504.0,501.0,502.0,48,486.43,3044
2026-06-09 09:45:00,502.0,504.0,500.0,500.0,76,487.12,3044
2026-06-09 09:50:00,500.0,500.0,495.0,495.0,62,487.43,3044
2026-06-09 09:55:00,495.0,496.0,494.0,496.0,84,487.77,3044
2026-06-09 10:00:00,496.5,497.5,495.0,495.0,45,487.96,3044
2026-06-09 10:05:00,495.0,495.0,493.5,493.5,55,488.13,3044
2026-06-09 10:10:00,493.5,496.5,493.0,495.0,61,488.33,3044
2026-06-09 10:15:00,494.5,495.5,493.5,494.5,45,488.46,3044
2026-06-09 10:20:00,494.5,495.0,492.5,493.5,57,488.59,3044
2026-06-09 10:25:00,493.5,494.5,492.0,493.5,51,488.7,3044
2026-06-09 10:30:00,494.0,495.5,491.5,491.5,81,488.86,3044
2026-06-09 10:35:00,491.5,492.5,490.0,490.0,92,488.93,3044
2026-06-09 10:40:00,490.0,492.0,490.0,491.5,87,488.99,3044
2026-06-09 10:45:00,492.0,493.5,490.5,492.0,76,489.07,3044
2026-06-09 10:50:00,492.5,494.0,491.5,492.5,57,489.15,3044
2026-06-09 10:55:00,493.0,493.5,491.5,492.5,49,489.2,3044
2026-06-09 11:00:00,492.5,498.0,492.5,497.5,93,489.39,3044
2026-06-09 11:05:00,497.0,498.5,496.0,497.0,71,489.59,3044
2026-06-09 11:10:00,497.0,501.0,496.5,498.5,108,489.92,3044
2026-06-09 11:15:00,498.5,501.0,498.5,499.5,51,490.08,3044
2026-06-09 11:20:00,499.5,503.0,498.5,503.0,69,490.31,3044
2026-06-09 11:25:00,503.0,503.0,499.5,499.5,46,490.46,3044
2026-06-09 11:30:00,499.5,500.0,499.0,499.5,27,490.53,3044
2026-06-09 11:35:00,499.0,501.0,499.0,500.0,35,490.64,3044
2026-06-09 11:40:00,501.0,503.0,501.0,501.0,30,490.75,3044
2026-06-09 11:45:00,501.0,502.0,501.0,502.0,12,490.79,3044
2026-06-09 11:50:00,501.0,501.0,500.0,501.0,10,490.82,3044
2026-06-09 11:55:00,500.0,500.0,498.5,498.5,29,490.89,3044
2026-06-09 12:00:00,499.0,499.5,499.0,499.0,19,490.94,3044
2026-06-09 12:05:00,499.0,500.0,498.5,500.0,27,491.01,3044
2026-06-09 12:10:00,500.0,500.0,498.5,498.5,11,491.03,3044
2026-06-09 12:15:00,498.0,498.5,498.0,498.5,7,491.05,3044
2026-06-09 12:20:00,498.0,499.0,496.5,497.0,60,491.17,3044
2026-06-09 12:25:00,496.5,497.0,496.0,496.0,15,491.2,3044
2026-06-09 12:30:00,496.5,497.0,495.0,495.0,49,491.26,3044
2026-06-09 12:35:00,494.5,494.5,492.0,492.0,72,491.31,3044
2026-06-09 12:40:00,492.5,494.5,492.0,493.0,62,491.34,3044
2026-06-09 12:45:00,493.5,494.5,493.0,494.5,53,491.38,3044
2026-06-09 12:50:00,494.5,495.0,494.5,494.5,32,491.41,3044
2026-06-09 12:55:00,495.0,497.0,495.0,497.0,52,491.47,3044
2026-06-09 13:00:00,496.5,498.5,496.5,498.0,93,491.62,3044
2026-06-09 13:05:00,498.0,498.5,497.0,498.0,65,491.72,3044
2026-06-09 13:10:00,498.0,498.5,497.5,498.5,73,491.84,3044
2026-06-09 13:15:00,498.0,501.0,497.5,500.0,130,492.07,3044
2026-06-09 13:20:00,500.0,501.0,498.0,500.0,154,492.34,3044
2026-06-09 13:30:00,500.0,500.0,500.0,500.0,296,492.84,3044
2026-06-10 09:00:00,490.0,497.0,486.0,489.0,597,489.34,3044
2026-06-10 09:05:00,489.0,493.5,487.5,492.5,259,489.66,3044
2026-06-10 09:10:00,492.0,498.0,491.0,498.0,192,490.6,3044
2026-06-10 09:15:00,497.0,501.0,496.0,499.5,170,491.72,3044
2026-06-10 09:20:00,499.0,499.0,495.0,495.5,91,492.06,3044
2026-06-10 09:25:00,495.5,499.0,495.0,499.0,96,492.38,3044
2026-06-10 09:30:00,499.0,502.0,496.0,501.0,177,492.99,3044
2026-06-10 09:35:00,501.0,501.0,497.5,500.0,79,493.28,3044
2026-06-10 09:40:00,500.0,500.0,495.5,496.0,85,493.48,3044
2026-06-10 09:45:00,495.5,497.0,494.0,496.0,122,493.6,3044
2026-06-10 09:50:00,496.0,496.0,492.5,493.5,133,493.61,3044
2026-06-10 09:55:00,493.5,495.0,493.0,493.5,71,493.62,3044
2026-06-10 10:00:00,493.5,495.0,491.5,492.0,118,493.58,3044
2026-06-10 10:05:00,491.5,491.5,490.0,490.0,140,493.38,3044
2026-06-10 10:10:00,490.0,492.0,488.5,492.0,154,493.17,3044
2026-06-10 10:15:00,492.0,494.0,492.0,493.0,84,493.16,3044
2026-06-10 10:20:00,493.0,493.5,492.5,492.5,49,493.16,3044
2026-06-10 10:25:00,492.5,494.5,491.0,493.0,96,493.14,3044
2026-06-10 10:30:00,493.0,494.5,491.5,491.5,37,493.14,3044
2026-06-10 10:35:00,491.5,493.5,491.0,492.0,106,493.11,3044
2026-06-10 10:40:00,492.0,493.0,491.0,491.0,24,493.1,3044
2026-06-10 10:45:00,491.0,493.5,491.0,492.5,56,493.08,3044
2026-06-10 10:50:00,491.5,492.0,490.5,490.5,54,493.04,3044
2026-06-10 10:55:00,490.5,490.5,488.5,489.0,110,492.92,3044
2026-06-10 11:00:00,489.5,490.5,489.5,490.5,43,492.88,3044
2026-06-10 11:05:00,490.0,491.5,490.0,491.0,57,492.84,3044
2026-06-10 11:10:00,490.5,491.5,490.0,491.5,44,492.81,3044
2026-06-10 11:15:00,491.5,492.0,491.0,491.0,14,492.81,3044
2026-06-10 11:20:00,490.5,492.0,490.0,492.0,66,492.78,3044
2026-06-10 11:25:00,491.5,492.0,490.0,491.5,98,492.72,3044
2026-06-10 11:30:00,491.0,492.0,491.0,491.5,19,492.72,3044
2026-06-10 11:35:00,491.0,491.0,489.5,490.0,89,492.66,3044
2026-06-10 11:40:00,491.0,492.0,491.0,491.5,81,492.63,3044
2026-06-10 11:45:00,491.5,491.5,490.0,490.0,25,492.61,3044
2026-06-10 11:50:00,490.0,490.5,489.5,490.0,41,492.58,3044
2026-06-10 11:55:00,489.5,491.5,489.0,491.5,124,492.5,3044
2026-06-10 12:00:00,491.5,491.5,489.0,489.5,61,492.47,3044
2026-06-10 12:05:00,489.0,489.5,486.5,486.5,129,492.32,3044
2026-06-10 12:10:00,487.0,487.0,485.0,486.0,186,492.01,3044
2026-06-10 12:15:00,486.0,487.5,485.0,487.0,97,491.88,3044
2026-06-10 12:20:00,486.0,486.5,486.0,486.0,28,491.84,3044
2026-06-10 12:25:00,486.5,486.5,485.5,485.5,52,491.77,3044
2026-06-10 12:30:00,485.5,485.5,483.5,485.0,139,491.54,3044
2026-06-10 12:35:00,485.0,485.0,483.0,483.5,68,491.43,3044
2026-06-10 12:40:00,483.0,484.5,481.0,481.5,177,491.08,3044
2026-06-10 12:45:00,481.5,483.5,481.5,483.0,82,490.93,3044
2026-06-10 12:50:00,483.0,484.5,482.5,484.0,90,490.79,3044
2026-06-10 12:55:00,484.0,486.0,483.5,485.5,105,490.67,3044
2026-06-10 13:00:00,485.5,485.5,483.0,483.5,78,490.57,3044
2026-06-10 13:05:00,483.5,485.0,483.0,483.0,133,490.4,3044
2026-06-10 13:10:00,482.5,483.0,481.0,481.5,174,490.13,3044
2026-06-10 13:15:00,482.0,482.0,478.5,479.5,207,489.77,3044
2026-06-10 13:20:00,479.5,479.5,477.0,477.0,142,489.5,3044
2026-06-10 13:30:00,479.0,479.0,479.0,479.0,426,488.77,3044
2026-06-11 09:00:00,471.0,485.0,471.0,481.5,343,476.78,3044
2026-06-11 09:05:00,481.0,487.5,480.0,487.0,208,479.69,3044
2026-06-11 09:10:00,487.0,493.0,486.0,493.0,102,481.17,3044
2026-06-11 09:15:00,492.0,497.5,492.0,493.0,103,483.02,3044
2026-06-11 09:20:00,493.0,493.0,488.5,490.0,55,483.51,3044
2026-06-11 09:25:00,490.0,491.0,486.5,489.0,64,483.9,3044
2026-06-11 09:30:00,488.5,488.5,483.5,483.5,55,484.01,3044
2026-06-11 09:35:00,483.5,485.0,481.0,485.0,69,483.93,3044
2026-06-11 09:40:00,484.0,486.5,483.0,484.0,42,483.95,3044
2026-06-11 09:45:00,483.0,483.5,480.0,482.0,54,483.82,3044
2026-06-11 09:50:00,482.0,484.0,482.0,484.0,29,483.79,3044
2026-06-11 09:55:00,483.0,483.0,480.5,480.5,44,483.7,3044
2026-06-11 10:00:00,480.0,483.0,479.5,483.0,52,483.57,3044
2026-06-11 10:05:00,483.0,483.0,479.0,479.5,39,483.48,3044
2026-06-11 10:10:00,480.0,481.0,477.0,480.5,58,483.28,3044
2026-06-11 10:15:00,481.0,481.0,478.5,479.5,49,483.16,3044
2026-06-11 10:20:00,480.0,481.0,473.5,476.0,92,482.78,3044
2026-06-11 10:25:00,476.0,476.5,473.5,473.5,71,482.42,3044
2026-06-11 10:30:00,473.5,475.0,468.5,473.5,119,481.64,3044
2026-06-11 10:35:00,474.5,477.0,474.5,476.5,48,481.47,3044
2026-06-11 10:40:00,476.5,480.0,476.0,479.0,68,481.33,3044
2026-06-11 10:45:00,479.0,481.5,476.0,477.5,63,481.27,3044
2026-06-11 10:50:00,478.0,479.5,476.5,479.0,27,481.22,3044
2026-06-11 10:55:00,479.0,481.0,479.0,479.5,49,481.2,3044
2026-06-11 11:00:00,480.0,481.5,480.0,481.0,38,481.18,3044
2026-06-11 11:05:00,481.5,482.0,480.0,482.0,48,481.18,3044
2026-06-11 11:10:00,482.0,482.0,478.0,479.5,64,481.13,3044
2026-06-11 11:15:00,480.0,480.0,479.0,479.0,31,481.1,3044
2026-06-11 11:20:00,478.5,480.0,477.0,480.0,58,481.02,3044
2026-06-11 11:25:00,479.5,480.0,479.0,479.5,40,480.99,3044
2026-06-11 11:30:00,480.0,483.5,480.0,483.5,45,481.01,3044
2026-06-11 11:35:00,483.5,485.0,482.0,485.0,71,481.08,3044
2026-06-11 11:40:00,485.0,487.0,485.0,486.0,48,481.18,3044
2026-06-11 11:45:00,486.0,487.5,486.0,487.0,21,481.23,3044
2026-06-11 11:50:00,487.5,489.5,487.0,488.0,57,481.4,3044
2026-06-11 11:55:00,488.0,489.0,487.5,489.0,31,481.48,3044
2026-06-11 12:00:00,489.0,489.0,487.5,487.5,23,481.54,3044
2026-06-11 12:05:00,487.0,487.5,487.0,487.5,5,481.55,3044
2026-06-11 12:10:00,487.0,487.5,487.0,487.0,19,481.59,3044
2026-06-11 12:15:00,487.0,487.0,486.0,486.0,30,481.66,3044
2026-06-11 12:20:00,486.0,487.0,486.0,487.0,27,481.71,3044
2026-06-11 12:25:00,487.0,487.0,486.5,487.0,7,481.72,3044
2026-06-11 12:30:00,487.0,487.0,486.5,486.5,14,481.75,3044
2026-06-11 12:35:00,486.5,487.5,486.0,487.5,48,481.84,3044
2026-06-11 12:40:00,488.0,489.0,488.0,489.0,23,481.9,3044
2026-06-11 12:45:00,489.0,489.0,487.0,487.5,54,482.03,3044
2026-06-11 12:50:00,486.5,486.5,485.5,486.0,27,482.07,3044
2026-06-11 12:55:00,486.5,486.5,485.5,486.0,27,482.11,3044
2026-06-11 13:00:00,486.5,486.5,485.5,486.0,36,482.16,3044
2026-06-11 13:05:00,486.5,486.5,486.0,486.0,13,482.18,3044
2026-06-11 13:10:00,486.0,486.5,486.0,486.5,33,482.23,3044
2026-06-11 13:15:00,486.0,486.5,484.0,485.5,73,482.31,3044
2026-06-11 13:20:00,486.0,486.5,485.0,486.5,72,482.39,3044
2026-06-11 13:30:00,484.0,484.0,484.0,484.0,228,482.51,3044
2026-06-12 09:00:00,502.0,505.0,500.0,501.0,252,502.2,3044
2026-06-12 09:05:00,501.0,501.0,499.0,500.0,77,501.74,3044
2026-06-12 09:10:00,500.0,503.0,498.0,502.0,152,501.33,3044
2026-06-12 09:15:00,502.0,509.0,502.0,507.0,346,503.26,3044
2026-06-12 09:20:00,508.0,509.0,501.0,502.0,131,503.51,3044
2026-06-12 09:25:00,502.0,502.0,498.5,499.0,90,503.22,3044
2026-06-12 09:30:00,499.0,501.0,499.0,500.0,62,503.05,3044
2026-06-12 09:35:00,499.5,500.0,496.0,498.0,85,502.67,3044
2026-06-12 09:40:00,499.0,501.0,498.5,501.0,40,502.58,3044
2026-06-12 09:45:00,500.0,502.0,500.0,501.0,16,502.57,3044
2026-06-12 09:50:00,501.0,501.0,499.5,499.5,35,502.5,3044
2026-06-12 09:55:00,499.0,501.0,499.0,500.0,23,502.46,3044
2026-06-12 10:00:00,501.0,502.0,501.0,501.0,19,502.44,3044
2026-06-12 10:05:00,501.0,503.0,501.0,503.0,38,502.42,3044
2026-06-12 10:10:00,503.0,504.0,502.0,503.0,32,502.43,3044
2026-06-12 10:15:00,502.0,503.0,502.0,503.0,5,502.43,3044
2026-06-12 10:20:00,503.0,504.0,503.0,504.0,45,502.47,3044
2026-06-12 10:25:00,504.0,505.0,503.0,504.0,37,502.51,3044
2026-06-12 10:30:00,504.0,504.0,503.0,503.0,19,502.52,3044
2026-06-12 10:35:00,503.0,503.0,503.0,503.0,12,502.53,3044
2026-06-12 10:40:00,504.0,504.0,503.0,503.0,7,502.53,3044
2026-06-12 10:45:00,503.0,503.0,502.0,502.0,12,502.53,3044
2026-06-12 10:50:00,502.0,502.0,502.0,502.0,7,502.53,3044
2026-06-12 10:55:00,501.0,502.0,501.0,502.0,4,502.52,3044
2026-06-12 11:00:00,502.0,502.0,502.0,502.0,4,502.52,3044
2026-06-12 11:05:00,502.0,502.0,500.0,500.0,34,502.49,3044
2026-06-12 11:10:00,500.0,501.0,500.0,501.0,4,502.48,3044
2026-06-12 11:15:00,501.0,501.0,499.5,499.5,11,502.46,3044
2026-06-12 11:20:00,500.0,501.0,499.5,501.0,8,502.45,3044
2026-06-12 11:25:00,501.0,501.0,501.0,501.0,3,502.45,3044
2026-06-12 11:30:00,501.0,501.0,500.0,501.0,6,502.44,3044
2026-06-12 11:35:00,500.0,501.0,499.0,500.0,36,502.38,3044
2026-06-12 11:40:00,501.0,501.0,501.0,501.0,3,502.38,3044
2026-06-12 11:45:00,500.0,501.0,500.0,500.0,10,502.37,3044
2026-06-12 11:50:00,499.5,500.0,499.0,500.0,28,502.32,3044
2026-06-12 11:55:00,501.0,501.0,500.0,500.0,14,502.3,3044
2026-06-12 12:00:00,501.0,501.0,500.0,500.0,2,502.3,3044
2026-06-12 12:05:00,500.0,500.0,500.0,500.0,2,502.29,3044
2026-06-12 12:10:00,500.0,500.0,499.5,499.5,6,502.28,3044
2026-06-12 12:15:00,500.0,500.0,499.5,499.5,4,502.28,3044
2026-06-12 12:20:00,500.0,500.0,499.5,500.0,9,502.26,3044
2026-06-12 12:25:00,500.0,501.0,500.0,500.0,25,502.23,3044
2026-06-12 12:30:00,501.0,501.0,500.0,500.0,10,502.22,3044
2026-06-12 12:35:00,500.0,501.0,500.0,500.0,8,502.22,3044
2026-06-12 12:40:00,501.0,501.0,499.0,499.5,43,502.16,3044
2026-06-12 12:45:00,499.5,500.0,499.0,500.0,14,502.14,3044
2026-06-12 12:50:00,500.0,500.0,499.5,499.5,11,502.12,3044
2026-06-12 12:55:00,499.5,500.0,499.5,500.0,11,502.11,3044
2026-06-12 13:00:00,500.0,500.0,499.5,499.5,32,502.06,3044
2026-06-12 13:05:00,499.5,499.5,495.5,496.0,118,501.82,3044
2026-06-12 13:10:00,496.0,496.5,496.0,496.0,30,501.74,3044
2026-06-12 13:15:00,496.0,497.0,496.0,497.0,32,501.66,3044
2026-06-12 13:20:00,496.0,496.5,494.5,495.0,74,501.44,3044
2026-06-12 13:30:00,497.0,497.0,497.0,497.0,120,501.21,3044
2026-06-15 09:00:00,510.0,510.0,504.0,508.0,154,508.51,3044
2026-06-15 09:05:00,507.0,509.0,506.0,507.0,60,508.35,3044
2026-06-15 09:10:00,506.0,507.0,503.0,505.0,50,507.69,3044
2026-06-15 09:15:00,505.0,506.0,505.0,505.0,32,507.4,3044
2026-06-15 09:20:00,505.0,505.0,503.0,504.0,31,507.06,3044
2026-06-15 09:25:00,504.0,504.0,503.0,503.0,15,506.91,3044
2026-06-15 09:30:00,503.0,504.0,503.0,504.0,20,506.7,3044
2026-06-15 09:35:00,504.0,506.0,504.0,506.0,46,506.51,3044
2026-06-15 09:40:00,505.0,506.0,504.0,505.0,22,506.43,3044
2026-06-15 09:45:00,505.0,507.0,505.0,507.0,58,506.38,3044
2026-06-15 09:50:00,507.0,507.0,507.0,507.0,12,506.39,3044
2026-06-15 09:55:00,507.0,508.0,506.0,506.0,31,506.43,3044
2026-06-15 10:00:00,506.0,507.0,505.0,505.0,23,506.41,3044
2026-06-15 10:05:00,505.0,505.0,504.0,504.0,56,506.23,3044
2026-06-15 10:10:00,504.0,505.0,503.0,505.0,21,506.16,3044
2026-06-15 10:15:00,504.0,505.0,504.0,504.0,16,506.12,3044
2026-06-15 10:20:00,504.0,504.0,503.0,503.0,30,505.99,3044
2026-06-15 10:25:00,503.0,503.0,502.0,502.0,28,505.85,3044
2026-06-15 10:30:00,502.0,503.0,501.0,502.0,33,505.69,3044
2026-06-15 10:35:00,501.0,503.0,501.0,501.0,35,505.5,3044
2026-06-15 10:40:00,502.0,502.0,499.0,499.0,42,505.23,3044
2026-06-15 10:45:00,499.0,502.0,499.0,502.0,39,504.98,3044
2026-06-15 10:50:00,501.0,502.0,501.0,501.0,21,504.89,3044
2026-06-15 10:55:00,502.0,503.0,501.0,502.0,24,504.8,3044
2026-06-15 11:00:00,502.0,505.0,502.0,504.0,56,504.74,3044
2026-06-15 11:05:00,504.0,504.0,503.0,503.0,25,504.71,3044
2026-06-15 11:10:00,503.0,507.0,503.0,506.0,65,504.76,3044
2026-06-15 11:15:00,506.0,510.0,506.0,509.0,183,505.29,3044
2026-06-15 11:20:00,509.0,512.0,508.0,510.0,166,505.84,3044
2026-06-15 11:25:00,511.0,512.0,510.0,511.0,51,506.02,3044
2026-06-15 11:30:00,511.0,515.0,511.0,514.0,117,506.53,3044
2026-06-15 11:35:00,514.0,515.0,513.0,514.0,72,506.85,3044
2026-06-15 11:40:00,514.0,514.0,513.0,513.0,29,506.96,3044
2026-06-15 11:45:00,513.0,515.0,512.0,514.0,74,507.23,3044
2026-06-15 11:50:00,514.0,517.0,514.0,516.0,174,507.97,3044
2026-06-15 11:55:00,515.0,517.0,515.0,515.0,48,508.16,3044
2026-06-15 12:00:00,515.0,517.0,515.0,515.0,70,508.44,3044
2026-06-15 12:05:00,515.0,516.0,514.0,514.0,35,508.55,3044
2026-06-15 12:10:00,515.0,515.0,514.0,514.0,37,508.65,3044
2026-06-15 12:15:00,514.0,517.0,514.0,516.0,90,508.93,3044
2026-06-15 12:20:00,516.0,517.0,516.0,517.0,32,509.04,3044
2026-06-15 12:25:00,517.0,517.0,516.0,516.0,27,509.13,3044
2026-06-15 12:30:00,516.0,517.0,515.0,516.0,46,509.26,3044
2026-06-15 12:35:00,515.0,516.0,515.0,515.0,43,509.37,3044
2026-06-15 12:40:00,515.0,516.0,515.0,515.0,34,509.45,3044
2026-06-15 12:45:00,515.0,516.0,514.0,514.0,34,509.53,3044
2026-06-15 12:50:00,514.0,515.0,514.0,515.0,22,509.57,3044
2026-06-15 12:55:00,514.0,516.0,514.0,515.0,58,509.7,3044
2026-06-15 13:00:00,515.0,519.0,515.0,518.0,137,510.1,3044
2026-06-15 13:05:00,518.0,519.0,518.0,518.0,63,510.29,3044
2026-06-15 13:10:00,519.0,519.0,518.0,518.0,50,510.45,3044
2026-06-15 13:15:00,519.0,519.0,518.0,518.0,82,510.68,3044
2026-06-15 13:20:00,518.0,519.0,517.0,518.0,113,510.96,3044
2026-06-15 13:30:00,520.0,520.0,520.0,520.0,398,512.04,3044
2026-06-16 09:00:00,532.0,543.0,529.0,542.0,794,537.02,3044
2026-06-16 09:05:00,542.0,550.0,541.0,541.0,669,540.79,3044
2026-06-16 09:10:00,542.0,553.0,541.0,550.0,734,543.24,3044
2026-06-16 09:15:00,550.0,558.0,549.0,552.0,471,545.08,3044
2026-06-16 09:20:00,551.0,553.0,544.0,544.0,222,545.4,3044
2026-06-16 09:25:00,544.0,547.0,541.0,545.0,159,545.35,3044
2026-06-16 09:30:00,546.0,548.0,543.0,543.0,72,545.36,3044
2026-06-16 09:35:00,543.0,544.0,541.0,542.0,127,545.25,3044
2026-06-16 09:40:00,542.0,542.0,538.0,540.0,176,544.96,3044
2026-06-16 09:45:00,541.0,548.0,540.0,548.0,124,544.92,3044
2026-06-16 09:50:00,548.0,550.0,547.0,549.0,128,545.04,3044
2026-06-16 09:55:00,550.0,550.0,546.0,547.0,75,545.11,3044
2026-06-16 10:00:00,546.0,547.0,544.0,544.0,37,545.11,3044
2026-06-16 10:05:00,544.0,545.0,541.0,541.0,53,545.07,3044
2026-06-16 10:10:00,542.0,542.0,539.0,540.0,91,544.96,3044
2026-06-16 10:15:00,540.0,546.0,540.0,545.0,92,544.93,3044
2026-06-16 10:20:00,544.0,544.0,543.0,543.0,15,544.93,3044
2026-06-16 10:25:00,543.0,543.0,540.0,540.0,78,544.85,3044
2026-06-16 10:30:00,540.0,542.0,540.0,542.0,52,544.8,3044
2026-06-16 10:35:00,542.0,542.0,541.0,542.0,18,544.79,3044
2026-06-16 10:40:00,542.0,543.0,538.0,543.0,106,544.68,3044
2026-06-16 10:45:00,543.0,543.0,542.0,543.0,16,544.67,3044
2026-06-16 10:50:00,543.0,543.0,540.0,541.0,34,544.65,3044
2026-06-16 10:55:00,542.0,544.0,541.0,544.0,39,544.63,3044
2026-06-16 11:00:00,545.0,547.0,545.0,546.0,84,544.65,3044
2026-06-16 11:05:00,546.0,546.0,544.0,545.0,66,544.65,3044
2026-06-16 11:10:00,544.0,545.0,543.0,544.0,39,544.65,3044
2026-06-16 11:15:00,544.0,548.0,544.0,548.0,67,544.67,3044
2026-06-16 11:20:00,548.0,548.0,546.0,547.0,57,544.7,3044
2026-06-16 11:25:00,546.0,547.0,546.0,546.0,38,544.71,3044
2026-06-16 11:30:00,546.0,548.0,546.0,546.0,35,544.72,3044
2026-06-16 11:35:00,547.0,547.0,546.0,547.0,41,544.74,3044
2026-06-16 11:40:00,547.0,547.0,546.0,547.0,37,544.75,3044
2026-06-16 11:45:00,547.0,548.0,546.0,548.0,29,544.77,3044
2026-06-16 11:50:00,546.0,548.0,546.0,548.0,56,544.8,3044
2026-06-16 11:55:00,548.0,549.0,547.0,548.0,35,544.82,3044
2026-06-16 12:00:00,549.0,549.0,547.0,547.0,42,544.85,3044
2026-06-16 12:05:00,547.0,548.0,547.0,547.0,36,544.86,3044
2026-06-16 12:10:00,547.0,548.0,547.0,547.0,29,544.88,3044
2026-06-16 12:15:00,547.0,548.0,544.0,544.0,102,544.9,3044
2026-06-16 12:20:00,545.0,546.0,545.0,545.0,32,544.9,3044
2026-06-16 12:25:00,545.0,547.0,545.0,546.0,45,544.91,3044
2026-06-16 12:30:00,547.0,547.0,543.0,544.0,110,544.91,3044
2026-06-16 12:35:00,543.0,545.0,543.0,544.0,85,544.89,3044
2026-06-16 12:40:00,544.0,545.0,544.0,544.0,31,544.89,3044
2026-06-16 12:45:00,544.0,545.0,543.0,543.0,53,544.87,3044
2026-06-16 12:50:00,543.0,543.0,542.0,542.0,43,544.86,3044
2026-06-16 12:55:00,542.0,543.0,541.0,542.0,91,544.81,3044
2026-06-16 13:00:00,543.0,545.0,542.0,545.0,179,544.77,3044
2026-06-16 13:05:00,545.0,545.0,544.0,544.0,80,544.77,3044
2026-06-16 13:10:00,544.0,547.0,544.0,546.0,233,544.79,3044
2026-06-16 13:15:00,545.0,546.0,545.0,545.0,164,544.81,3044
2026-06-16 13:20:00,546.0,546.0,544.0,546.0,346,544.86,3044
2026-06-16 13:30:00,546.0,546.0,546.0,546.0,348,544.91,3044
2026-06-17 09:00:00,546.0,549.0,538.0,539.0,418,544.82,3044
2026-06-17 09:05:00,538.0,551.0,538.0,551.0,218,544.9,3044
2026-06-17 09:10:00,550.0,558.0,546.0,554.0,339,547.26,3044
2026-06-17 09:15:00,555.0,561.0,552.0,561.0,358,550.2,3044
2026-06-17 09:20:00,560.0,564.0,555.0,555.0,262,551.83,3044
2026-06-17 09:25:00,555.0,559.0,554.0,556.0,144,552.23,3044
2026-06-17 09:30:00,556.0,563.0,555.0,559.0,186,552.94,3044
2026-06-17 09:35:00,558.0,558.0,552.0,555.0,123,553.06,3044
2026-06-17 09:40:00,555.0,555.0,551.0,554.0,59,553.06,3044
2026-06-17 09:45:00,554.0,556.0,552.0,556.0,49,553.08,3044
2026-06-17 09:50:00,556.0,558.0,555.0,555.0,47,553.14,3044
2026-06-17 09:55:00,554.0,554.0,552.0,552.0,51,553.15,3044
2026-06-17 10:00:00,552.0,555.0,552.0,553.0,41,553.15,3044
2026-06-17 10:05:00,555.0,555.0,554.0,554.0,26,553.17,3044
2026-06-17 10:10:00,555.0,557.0,554.0,556.0,39,553.19,3044
2026-06-17 10:15:00,555.0,556.0,553.0,554.0,44,553.22,3044
2026-06-17 10:20:00,554.0,559.0,554.0,557.0,89,553.36,3044
2026-06-17 10:25:00,557.0,558.0,556.0,556.0,44,553.42,3044
2026-06-17 10:30:00,555.0,560.0,555.0,560.0,75,553.54,3044
2026-06-17 10:35:00,559.0,560.0,557.0,558.0,61,553.66,3044
2026-06-17 10:40:00,558.0,559.0,557.0,558.0,37,553.72,3044
2026-06-17 10:45:00,558.0,559.0,556.0,557.0,34,553.77,3044
2026-06-17 10:50:00,556.0,558.0,556.0,558.0,25,553.8,3044
2026-06-17 10:55:00,556.0,558.0,556.0,557.0,28,553.83,3044
2026-06-17 11:00:00,557.0,560.0,557.0,560.0,77,553.96,3044
2026-06-17 11:05:00,560.0,560.0,559.0,560.0,42,554.03,3044
2026-06-17 11:10:00,559.0,560.0,557.0,559.0,66,554.13,3044
2026-06-17 11:15:00,559.0,560.0,556.0,557.0,83,554.24,3044
2026-06-17 11:20:00,556.0,560.0,556.0,559.0,91,554.35,3044
2026-06-17 11:25:00,560.0,566.0,559.0,564.0,456,555.47,3044
2026-06-17 11:30:00,564.0,566.0,562.0,566.0,62,555.62,3044
2026-06-17 11:35:00,565.0,568.0,564.0,568.0,89,555.87,3044
2026-06-17 11:40:00,567.0,569.0,566.0,567.0,111,556.21,3044
2026-06-17 11:45:00,568.0,569.0,567.0,568.0,81,556.45,3044
2026-06-17 11:50:00,568.0,570.0,566.0,568.0,76,556.67,3044
2026-06-17 11:55:00,569.0,569.0,567.0,569.0,40,556.77,3044
2026-06-17 12:00:00,569.0,569.0,567.0,567.0,53,556.91,3044
2026-06-17 12:05:00,568.0,570.0,567.0,569.0,53,557.06,3044
2026-06-17 12:10:00,568.0,570.0,567.0,569.0,55,557.22,3044
2026-06-17 12:15:00,570.0,570.0,569.0,570.0,78,557.44,3044
2026-06-17 12:20:00,569.0,572.0,569.0,571.0,105,557.77,3044
2026-06-17 12:25:00,571.0,572.0,570.0,572.0,54,557.93,3044
2026-06-17 12:30:00,570.0,572.0,569.0,570.0,65,558.11,3044
2026-06-17 12:35:00,571.0,571.0,569.0,571.0,64,558.27,3044
2026-06-17 12:40:00,571.0,571.0,568.0,569.0,94,558.49,3044
2026-06-17 12:45:00,570.0,571.0,569.0,570.0,46,558.6,3044
2026-06-17 12:50:00,570.0,571.0,570.0,570.0,47,558.72,3044
2026-06-17 12:55:00,571.0,571.0,569.0,570.0,68,558.88,3044
2026-06-17 13:00:00,571.0,574.0,570.0,574.0,205,559.4,3044
2026-06-17 13:05:00,574.0,574.0,571.0,571.0,139,559.76,3044
2026-06-17 13:10:00,571.0,573.0,570.0,571.0,76,559.92,3044
2026-06-17 13:15:00,572.0,572.0,569.0,570.0,155,560.21,3044
2026-06-17 13:20:00,570.0,571.0,568.0,571.0,137,560.45,3044
2026-06-17 13:30:00,571.0,571.0,571.0,571.0,242,560.89,3044
2026-06-18 09:00:00,580.0,582.0,572.0,576.0,578,577.44,3044
2026-06-18 09:05:00,577.0,580.0,575.0,577.0,228,577.53,3044
2026-06-18 09:10:00,577.0,583.0,577.0,579.0,236,578.2,3044
2026-06-18 09:15:00,578.0,578.0,574.0,575.0,95,578.01,3044
2026-06-18 09:20:00,575.0,578.0,572.0,576.0,151,577.59,3044
2026-06-18 09:25:00,574.0,575.0,571.0,572.0,122,577.2,3044
2026-06-18 09:30:00,572.0,575.0,571.0,574.0,132,576.82,3044
2026-06-18 09:35:00,574.0,574.0,571.0,572.0,139,576.44,3044
2026-06-18 09:40:00,572.0,572.0,568.0,568.0,187,575.85,3044
2026-06-18 09:45:00,568.0,569.0,563.0,567.0,163,575.01,3044
2026-06-18 09:50:00,566.0,568.0,564.0,568.0,93,574.62,3044
2026-06-18 09:55:00,568.0,568.0,562.0,563.0,130,574.04,3044
2026-06-18 10:00:00,563.0,567.0,563.0,567.0,71,573.77,3044
2026-06-18 10:05:00,566.0,572.0,566.0,570.0,92,573.59,3044
2026-06-18 10:10:00,571.0,575.0,571.0,575.0,92,573.57,3044
2026-06-18 10:15:00,575.0,578.0,574.0,575.0,115,573.69,3044
2026-06-18 10:20:00,575.0,577.0,574.0,576.0,70,573.73,3044
2026-06-18 10:25:00,576.0,576.0,573.0,573.0,88,573.76,3044
2026-06-18 10:30:00,572.0,573.0,570.0,572.0,50,573.72,3044
2026-06-18 10:35:00,571.0,573.0,571.0,572.0,70,573.66,3044
2026-06-18 10:40:00,573.0,574.0,571.0,573.0,51,573.64,3044
2026-06-18 10:45:00,573.0,574.0,572.0,573.0,37,573.63,3044
2026-06-18 10:50:00,572.0,574.0,571.0,571.0,86,573.59,3044
2026-06-18 10:55:00,571.0,572.0,570.0,571.0,48,573.54,3044
2026-06-18 11:00:00,570.0,573.0,570.0,573.0,52,573.5,3044
2026-06-18 11:05:00,573.0,573.0,571.0,572.0,40,573.48,3044
2026-06-18 11:10:00,572.0,573.0,571.0,571.0,33,573.46,3044
2026-06-18 11:15:00,571.0,574.0,570.0,573.0,75,573.44,3044
2026-06-18 11:20:00,574.0,575.0,571.0,572.0,52,573.44,3044
2026-06-18 11:25:00,572.0,574.0,571.0,574.0,38,573.42,3044
2026-06-18 11:30:00,572.0,574.0,572.0,573.0,29,573.42,3044
2026-06-18 11:35:00,574.0,574.0,571.0,573.0,60,573.4,3044
2026-06-18 11:40:00,573.0,575.0,571.0,572.0,84,573.4,3044
2026-06-18 11:45:00,573.0,574.0,572.0,572.0,30,573.4,3044
2026-06-18 11:50:00,572.0,575.0,571.0,573.0,62,573.39,3044
2026-06-18 11:55:00,574.0,574.0,572.0,573.0,27,573.38,3044
2026-06-18 12:00:00,572.0,573.0,571.0,571.0,38,573.37,3044
2026-06-18 12:05:00,571.0,573.0,570.0,573.0,53,573.34,3044
2026-06-18 12:10:00,572.0,573.0,570.0,570.0,46,573.31,3044
2026-06-18 12:15:00,570.0,572.0,570.0,572.0,53,573.28,3044
2026-06-18 12:20:00,571.0,572.0,571.0,572.0,41,573.26,3044
2026-06-18 12:25:00,571.0,573.0,571.0,572.0,41,573.24,3044
2026-06-18 12:30:00,573.0,576.0,572.0,575.0,141,573.28,3044
2026-06-18 12:35:00,575.0,575.0,573.0,574.0,60,573.29,3044
2026-06-18 12:40:00,574.0,575.0,571.0,571.0,154,573.24,3044
2026-06-18 12:45:00,571.0,574.0,571.0,573.0,92,573.21,3044
2026-06-18 12:50:00,572.0,574.0,572.0,572.0,106,573.2,3044
2026-06-18 12:55:00,572.0,574.0,571.0,573.0,116,573.17,3044
2026-06-18 13:00:00,571.0,575.0,571.0,572.0,144,573.15,3044
2026-06-18 13:05:00,572.0,573.0,571.0,572.0,134,573.12,3044
2026-06-18 13:10:00,572.0,574.0,572.0,572.0,163,573.11,3044
2026-06-18 13:15:00,572.0,576.0,572.0,573.0,203,573.13,3044
2026-06-18 13:20:00,573.0,577.0,573.0,573.0,161,573.18,3044
2026-06-18 13:30:00,573.0,573.0,573.0,573.0,1217,573.14,3044
2026-06-22 09:00:00,590.0,598.0,588.0,588.0,292,593.25,3044
2026-06-22 09:05:00,586.0,588.0,580.0,580.0,127,590.53,3044
2026-06-22 09:10:00,580.0,580.0,576.0,576.0,129,587.54,3044
2026-06-22 09:15:00,576.0,579.0,574.0,574.0,84,586.08,3044
2026-06-22 09:20:00,574.0,576.0,570.0,574.0,107,584.07,3044
2026-06-22 09:25:00,574.0,576.0,572.0,572.0,92,583.01,3044
2026-06-22 09:30:00,571.0,572.0,566.0,568.0,150,580.92,3044
2026-06-22 09:35:00,568.0,569.0,567.0,567.0,55,580.24,3044
2026-06-22 09:40:00,567.0,569.0,565.0,566.0,116,578.86,3044
2026-06-22 09:45:00,567.0,571.0,566.0,571.0,82,578.14,3044
2026-06-22 09:50:00,572.0,572.0,568.0,571.0,63,577.74,3044
2026-06-22 09:55:00,572.0,572.0,569.0,572.0,60,577.43,3044
2026-06-22 10:00:00,571.0,575.0,571.0,572.0,48,577.29,3044
2026-06-22 10:05:00,572.0,574.0,572.0,574.0,29,577.2,3044
2026-06-22 10:10:00,574.0,574.0,572.0,572.0,42,577.08,3044
2026-06-22 10:15:00,573.0,573.0,572.0,573.0,33,576.98,3044
2026-06-22 10:20:00,572.0,572.0,570.0,571.0,44,576.81,3044
2026-06-22 10:25:00,571.0,573.0,570.0,573.0,44,576.66,3044
2026-06-22 10:30:00,571.0,573.0,570.0,571.0,29,576.56,3044
2026-06-22 10:35:00,570.0,573.0,570.0,573.0,23,576.49,3044
2026-06-22 10:40:00,572.0,572.0,570.0,570.0,16,576.44,3044
2026-06-22 10:45:00,571.0,573.0,571.0,571.0,41,576.32,3044
2026-06-22 10:50:00,572.0,575.0,572.0,575.0,50,576.24,3044
2026-06-22 10:55:00,574.0,575.0,574.0,574.0,27,576.21,3044
2026-06-22 11:00:00,573.0,574.0,572.0,572.0,46,576.12,3044
2026-06-22 11:05:00,574.0,575.0,573.0,574.0,20,576.1,3044
2026-06-22 11:10:00,573.0,576.0,573.0,575.0,41,576.07,3044
2026-06-22 11:15:00,575.0,576.0,574.0,575.0,24,576.06,3044
2026-06-22 11:20:00,574.0,575.0,574.0,574.0,17,576.04,3044
2026-06-22 11:25:00,574.0,576.0,573.0,575.0,36,576.02,3044
2026-06-22 11:30:00,575.0,575.0,574.0,574.0,16,576.01,3044
2026-06-22 11:35:00,574.0,575.0,573.0,573.0,24,575.98,3044
2026-06-22 11:40:00,573.0,574.0,573.0,573.0,19,575.95,3044
2026-06-22 11:45:00,573.0,575.0,573.0,574.0,32,575.92,3044
2026-06-22 11:50:00,573.0,574.0,572.0,573.0,20,575.89,3044
2026-06-22 11:55:00,572.0,574.0,572.0,572.0,52,575.8,3044
2026-06-22 12:00:00,572.0,572.0,571.0,571.0,23,575.75,3044
2026-06-22 12:05:00,571.0,572.0,570.0,570.0,30,575.68,3044
2026-06-22 12:10:00,571.0,571.0,570.0,570.0,15,575.65,3044
2026-06-22 12:15:00,570.0,571.0,570.0,571.0,24,575.59,3044
2026-06-22 12:20:00,570.0,570.0,569.0,569.0,31,575.51,3044
2026-06-22 12:25:00,569.0,570.0,568.0,569.0,39,575.4,3044
2026-06-22 12:30:00,569.0,571.0,569.0,570.0,52,575.28,3044
2026-06-22 12:35:00,571.0,571.0,569.0,569.0,44,575.18,3044
2026-06-22 12:40:00,570.0,570.0,568.0,568.0,49,575.05,3044
2026-06-22 12:45:00,568.0,568.0,566.0,566.0,40,574.92,3044
2026-06-22 12:50:00,566.0,567.0,566.0,566.0,44,574.76,3044
2026-06-22 12:55:00,566.0,569.0,566.0,569.0,67,574.58,3044
2026-06-22 13:00:00,569.0,570.0,567.0,569.0,37,574.49,3044
2026-06-22 13:05:00,569.0,571.0,568.0,569.0,69,574.34,3044
2026-06-22 13:10:00,569.0,570.0,569.0,570.0,43,574.26,3044
2026-06-22 13:15:00,569.0,570.0,568.0,568.0,79,574.1,3044
2026-06-22 13:20:00,568.0,572.0,567.0,572.0,116,573.89,3044
2026-06-22 13:30:00,566.0,566.0,566.0,566.0,293,573.18,3044
2026-06-23 09:00:00,569.0,569.0,562.0,563.0,180,565.94,3044
2026-06-23 09:05:00,563.0,570.0,561.0,567.0,123,565.16,3044
2026-06-23 09:10:00,567.0,568.0,564.0,564.0,92,565.36,3044
2026-06-23 09:15:00,565.0,566.0,563.0,565.0,76,565.28,3044
2026-06-23 09:20:00,565.0,566.0,560.0,560.0,108,564.59,3044
2026-06-23 09:25:00,559.0,565.0,558.0,563.0,76,564.06,3044
2026-06-23 09:30:00,563.0,564.0,558.0,558.0,84,563.61,3044
2026-06-23 09:35:00,558.0,559.0,556.0,557.0,111,562.81,3044
2026-06-23 09:40:00,556.0,557.0,551.0,551.0,146,561.57,3044
2026-06-23 09:45:00,551.0,551.0,547.0,548.0,121,560.27,3044
2026-06-23 09:50:00,549.0,552.0,547.0,551.0,86,559.52,3044
2026-06-23 09:55:00,552.0,552.0,550.0,550.0,38,559.24,3044
2026-06-23 10:00:00,550.0,550.0,547.0,549.0,105,558.4,3044
2026-06-23 10:05:00,549.0,549.0,547.0,548.0,44,558.08,3044
2026-06-23 10:10:00,548.0,551.0,548.0,551.0,28,557.9,3044
2026-06-23 10:15:00,551.0,551.0,549.0,551.0,32,557.72,3044
2026-06-23 10:20:00,551.0,552.0,550.0,552.0,22,557.63,3044
2026-06-23 10:25:00,551.0,552.0,548.0,548.0,81,557.25,3044
2026-06-23 10:30:00,548.0,550.0,547.0,548.0,64,556.89,3044
2026-06-23 10:35:00,548.0,548.0,547.0,548.0,61,556.56,3044
2026-06-23 10:40:00,547.0,547.0,545.0,545.0,117,555.85,3044
2026-06-23 10:45:00,545.0,545.0,540.0,542.0,171,554.76,3044
2026-06-23 10:50:00,541.0,544.0,541.0,544.0,33,554.55,3044
2026-06-23 10:55:00,544.0,544.0,540.0,540.0,67,554.15,3044
2026-06-23 11:00:00,540.0,542.0,539.0,542.0,109,553.46,3044
2026-06-23 11:05:00,542.0,542.0,540.0,541.0,17,553.36,3044
2026-06-23 11:10:00,540.0,541.0,540.0,541.0,23,553.23,3044
2026-06-23 11:15:00,541.0,541.0,538.0,538.0,59,552.88,3044
2026-06-23 11:20:00,538.0,539.0,538.0,538.0,60,552.5,3044
2026-06-23 11:25:00,538.0,539.0,537.0,539.0,33,552.3,3044
2026-06-23 11:30:00,539.0,539.0,535.0,536.0,94,551.69,3044
2026-06-23 11:35:00,535.0,536.0,531.0,532.0,83,551.11,3044
2026-06-23 11:40:00,532.0,536.0,531.0,535.0,74,550.58,3044
2026-06-23 11:45:00,534.0,535.0,533.0,534.0,34,550.37,3044
2026-06-23 11:50:00,536.0,538.0,536.0,537.0,40,550.18,3044
2026-06-23 11:55:00,536.0,537.0,535.0,537.0,23,550.06,3044
2026-06-23 12:00:00,537.0,538.0,536.0,538.0,17,549.98,3044
2026-06-23 12:05:00,537.0,538.0,536.0,536.0,34,549.81,3044
2026-06-23 12:10:00,536.0,536.0,534.0,534.0,72,549.43,3044
2026-06-23 12:15:00,533.0,535.0,533.0,535.0,21,549.32,3044
2026-06-23 12:20:00,534.0,535.0,532.0,532.0,35,549.12,3044
2026-06-23 12:25:00,532.0,533.0,532.0,532.0,57,548.8,3044
2026-06-23 12:30:00,533.0,534.0,532.0,534.0,43,548.57,3044
2026-06-23 12:35:00,534.0,534.0,533.0,534.0,18,548.49,3044
2026-06-23 12:40:00,535.0,535.0,533.0,534.0,35,548.32,3044
2026-06-23 12:45:00,534.0,534.0,530.0,531.0,118,547.71,3044
2026-06-23 12:50:00,531.0,531.0,529.0,530.0,111,547.11,3044
2026-06-23 12:55:00,529.0,532.0,529.0,532.0,48,546.87,3044
2026-06-23 13:00:00,532.0,533.0,528.0,530.0,102,546.37,3044
2026-06-23 13:05:00,530.0,531.0,529.0,530.0,43,546.17,3044
2026-06-23 13:10:00,529.0,532.0,529.0,532.0,103,545.73,3044
2026-06-23 13:15:00,531.0,532.0,530.0,531.0,67,545.47,3044
2026-06-23 13:20:00,532.0,532.0,530.0,531.0,99,545.09,3044
2026-06-23 13:30:00,531.0,531.0,531.0,531.0,327,543.96,3044
2026-06-24 09:00:00,523.0,531.0,522.0,528.0,172,525.53,3044
2026-06-24 09:05:00,528.0,535.0,527.0,531.0,91,527.71,3044
2026-06-24 09:10:00,531.0,533.0,529.0,533.0,40,528.12,3044
2026-06-24 09:15:00,533.0,534.0,532.0,533.0,40,528.65,3044
2026-06-24 09:20:00,533.0,535.0,531.0,535.0,49,529.18,3044
2026-06-24 09:25:00,535.0,536.0,532.0,532.0,59,529.87,3044
2026-06-24 09:30:00,533.0,533.0,529.0,530.0,48,529.96,3044
2026-06-24 09:35:00,530.0,530.0,528.0,528.0,32,529.87,3044
2026-06-24 09:40:00,528.0,528.0,526.0,528.0,23,529.77,3044
2026-06-24 09:45:00,528.0,528.0,526.0,528.0,46,529.56,3044
2026-06-24 09:50:00,527.0,528.0,527.0,528.0,29,529.45,3044
2026-06-24 09:55:00,528.0,528.0,526.0,528.0,54,529.29,3044
2026-06-24 10:00:00,528.0,528.0,526.0,526.0,38,529.18,3044
2026-06-24 10:05:00,526.0,526.0,523.0,524.0,166,528.32,3044
2026-06-24 10:10:00,523.0,524.0,521.0,521.0,106,527.68,3044
2026-06-24 10:15:00,521.0,522.0,520.0,520.0,101,527.01,3044
2026-06-24 10:20:00,520.0,520.0,516.0,517.0,125,526.11,3044
2026-06-24 10:25:00,517.0,522.0,517.0,522.0,64,525.74,3044
2026-06-24 10:30:00,522.0,522.0,518.0,520.0,51,525.55,3044
2026-06-24 10:35:00,520.0,521.0,519.0,521.0,23,525.45,3044
2026-06-24 10:40:00,520.0,520.0,518.0,518.0,38,525.28,3044
2026-06-24 10:45:00,519.0,519.0,519.0,519.0,15,525.21,3044
2026-06-24 10:50:00,518.0,518.0,517.0,517.0,58,524.91,3044
2026-06-24 10:55:00,518.0,520.0,517.0,520.0,39,524.75,3044
2026-06-24 11:00:00,519.0,520.0,519.0,519.0,31,524.64,3044
2026-06-24 11:05:00,519.0,519.0,518.0,519.0,39,524.48,3044
2026-06-24 11:10:00,520.0,520.0,520.0,520.0,10,524.45,3044
2026-06-24 11:15:00,520.0,520.0,520.0,520.0,6,524.44,3044
2026-06-24 11:20:00,520.0,520.0,519.0,519.0,3,524.43,3044
2026-06-24 11:25:00,519.0,523.0,519.0,523.0,32,524.35,3044
2026-06-24 11:30:00,522.0,522.0,522.0,522.0,4,524.35,3044
2026-06-24 11:35:00,522.0,522.0,521.0,521.0,9,524.34,3044
2026-06-24 11:40:00,522.0,522.0,522.0,522.0,5,524.33,3044
2026-06-24 11:45:00,522.0,522.0,522.0,522.0,2,524.33,3044
2026-06-24 11:50:00,521.0,521.0,520.0,521.0,23,524.28,3044
2026-06-24 11:55:00,520.0,521.0,520.0,520.0,7,524.26,3044
2026-06-24 12:00:00,520.0,521.0,520.0,520.0,10,524.24,3044
2026-06-24 12:05:00,520.0,520.0,519.0,520.0,20,524.19,3044
2026-06-24 12:10:00,520.0,520.0,519.0,519.0,14,524.15,3044
2026-06-24 12:15:00,520.0,520.0,519.0,519.0,2,524.14,3044
2026-06-24 12:20:00,520.0,520.0,519.0,520.0,25,524.07,3044
2026-06-24 12:25:00,520.0,523.0,520.0,523.0,33,524.01,3044
2026-06-24 12:30:00,523.0,524.0,522.0,524.0,13,524.0,3044
2026-06-24 12:35:00,524.0,525.0,524.0,525.0,22,524.0,3044
2026-06-24 12:40:00,525.0,526.0,524.0,526.0,110,524.07,3044
2026-06-24 12:45:00,525.0,526.0,525.0,525.0,10,524.08,3044
2026-06-24 12:50:00,525.0,525.0,525.0,525.0,9,524.08,3044
2026-06-24 12:55:00,525.0,525.0,524.0,524.0,14,524.09,3044
2026-06-24 13:00:00,524.0,525.0,524.0,524.0,20,524.09,3044
2026-06-24 13:05:00,524.0,527.0,524.0,525.0,75,524.14,3044
2026-06-24 13:10:00,525.0,525.0,524.0,524.0,33,524.15,3044
2026-06-24 13:15:00,524.0,526.0,524.0,525.0,36,524.17,3044
2026-06-24 13:20:00,526.0,526.0,525.0,526.0,58,524.2,3044
2026-06-24 13:30:00,526.0,526.0,526.0,526.0,369,524.46,3044
2026-06-25 09:00:00,530.0,534.0,527.0,527.0,171,529.89,3044
2026-06-25 09:05:00,527.0,527.0,521.0,525.0,117,527.76,3044
2026-06-25 09:10:00,525.0,530.0,525.0,527.0,43,527.62,3044
2026-06-25 09:15:00,527.0,529.0,526.0,527.0,56,527.59,3044
2026-06-25 09:20:00,527.0,529.0,526.0,528.0,48,527.58,3044
2026-06-25 09:25:00,528.0,530.0,526.0,529.0,43,527.62,3044
2026-06-25 09:30:00,528.0,528.0,527.0,527.0,36,527.6,3044
2026-06-25 09:35:00,527.0,531.0,527.0,530.0,48,527.74,3044
2026-06-25 09:40:00,530.0,534.0,529.0,533.0,60,528.08,3044
2026-06-25 09:45:00,532.0,534.0,531.0,534.0,60,528.5,3044
2026-06-25 09:50:00,535.0,538.0,533.0,538.0,98,529.43,3044
2026-06-25 09:55:00,538.0,538.0,535.0,536.0,79,530.16,3044
2026-06-25 10:00:00,536.0,539.0,536.0,538.0,54,530.6,3044
2026-06-25 10:05:00,537.0,539.0,535.0,535.0,35,530.81,3044
2026-06-25 10:10:00,535.0,535.0,530.0,530.0,70,530.84,3044
2026-06-25 10:15:00,531.0,533.0,529.0,533.0,46,530.83,3044
2026-06-25 10:20:00,534.0,535.0,533.0,533.0,25,530.9,3044
2026-06-25 10:25:00,533.0,537.0,533.0,537.0,36,531.03,3044
2026-06-25 10:30:00,536.0,537.0,535.0,536.0,23,531.13,3044
2026-06-25 10:35:00,535.0,536.0,533.0,535.0,25,531.21,3044
2026-06-25 10:40:00,535.0,535.0,531.0,532.0,23,531.23,3044
2026-06-25 10:45:00,532.0,532.0,529.0,532.0,41,531.2,3044
2026-06-25 10:50:00,531.0,534.0,530.0,533.0,17,531.22,3044
2026-06-25 10:55:00,533.0,534.0,532.0,534.0,12,531.23,3044
2026-06-25 11:00:00,534.0,534.0,533.0,534.0,19,531.27,3044
2026-06-25 11:05:00,535.0,535.0,534.0,535.0,13,531.3,3044
2026-06-25 11:10:00,535.0,535.0,531.0,533.0,25,531.33,3044
2026-06-25 11:15:00,533.0,533.0,531.0,533.0,17,531.34,3044
2026-06-25 11:20:00,533.0,533.0,531.0,533.0,16,531.35,3044
2026-06-25 11:25:00,532.0,533.0,528.0,529.0,75,531.26,3044
2026-06-25 11:30:00,527.0,529.0,527.0,528.0,37,531.18,3044
2026-06-25 11:35:00,528.0,528.0,527.0,528.0,21,531.13,3044
2026-06-25 11:40:00,527.0,528.0,526.0,526.0,41,531.0,3044
2026-06-25 11:45:00,525.0,527.0,525.0,527.0,11,530.97,3044
2026-06-25 11:50:00,526.0,529.0,526.0,528.0,46,530.85,3044
2026-06-25 11:55:00,528.0,528.0,526.0,526.0,21,530.81,3044
2026-06-25 12:00:00,526.0,528.0,526.0,528.0,25,530.75,3044
2026-06-25 12:05:00,528.0,528.0,528.0,528.0,9,530.73,3044
2026-06-25 12:10:00,528.0,528.0,527.0,528.0,24,530.68,3044
2026-06-25 12:15:00,527.0,530.0,527.0,529.0,60,530.61,3044
2026-06-25 12:20:00,529.0,529.0,528.0,528.0,21,530.58,3044
2026-06-25 12:25:00,528.0,532.0,528.0,532.0,57,530.55,3044
2026-06-25 12:30:00,531.0,532.0,530.0,530.0,21,530.55,3044
2026-06-25 12:35:00,530.0,531.0,529.0,531.0,28,530.54,3044
2026-06-25 12:40:00,530.0,532.0,530.0,530.0,49,530.54,3044
2026-06-25 12:45:00,530.0,532.0,530.0,532.0,44,530.55,3044
2026-06-25 12:50:00,532.0,532.0,531.0,532.0,32,530.56,3044
2026-06-25 12:55:00,532.0,532.0,532.0,532.0,9,530.56,3044
2026-06-25 13:00:00,531.0,531.0,526.0,527.0,146,530.46,3044
2026-06-25 13:05:00,529.0,529.0,527.0,528.0,123,530.32,3044
2026-06-25 13:10:00,528.0,530.0,527.0,528.0,104,530.22,3044
2026-06-25 13:15:00,527.0,530.0,527.0,528.0,120,530.11,3044
2026-06-25 13:20:00,530.0,532.0,530.0,532.0,50,530.12,3044
2026-06-25 13:30:00,532.0,532.0,532.0,532.0,441,530.4,3044
2026-06-26 09:00:00,526.0,535.0,526.0,531.0,107,529.55,3044
2026-06-26 09:05:00,530.0,534.0,528.0,531.0,76,530.23,3044
2026-06-26 09:10:00,532.0,532.0,530.0,530.0,25,530.31,3044
2026-06-26 09:15:00,530.0,530.0,527.0,527.0,78,529.93,3044
2026-06-26 09:20:00,528.0,529.0,527.0,528.0,41,529.71,3044
2026-06-26 09:25:00,528.0,530.0,527.0,528.0,25,529.62,3044
2026-06-26 09:30:00,530.0,531.0,528.0,529.0,28,529.6,3044
2026-06-26 09:35:00,528.0,528.0,523.0,524.0,92,528.79,3044
2026-06-26 09:40:00,524.0,524.0,520.0,522.0,115,527.4,3044
2026-06-26 09:45:00,522.0,524.0,520.0,523.0,48,526.96,3044
2026-06-26 09:50:00,523.0,527.0,522.0,525.0,38,526.86,3044
2026-06-26 09:55:00,525.0,528.0,525.0,526.0,38,526.8,3044
2026-06-26 10:00:00,528.0,529.0,524.0,524.0,24,526.8,3044
2026-06-26 10:05:00,526.0,527.0,525.0,526.0,26,526.78,3044
2026-06-26 10:10:00,525.0,527.0,523.0,523.0,21,526.72,3044
2026-06-26 10:15:00,525.0,525.0,520.0,520.0,75,526.25,3044
2026-06-26 10:20:00,520.0,522.0,518.0,519.0,143,525.38,3044
2026-06-26 10:25:00,520.0,524.0,520.0,521.0,39,525.21,3044
2026-06-26 10:30:00,523.0,523.0,520.0,520.0,28,525.1,3044
2026-06-26 10:35:00,520.0,520.0,518.0,518.0,48,524.85,3044
2026-06-26 10:40:00,519.0,520.0,517.0,517.0,75,524.42,3044
2026-06-26 10:45:00,518.0,518.0,515.0,515.0,59,524.04,3044
2026-06-26 10:50:00,516.0,517.0,515.0,515.0,34,523.82,3044
2026-06-26 10:55:00,516.0,517.0,515.0,515.0,24,523.67,3044
2026-06-26 11:00:00,515.0,516.0,513.0,513.0,72,523.2,3044
2026-06-26 11:05:00,513.0,513.0,510.0,510.0,104,522.37,3044
2026-06-26 11:10:00,510.0,511.0,506.0,509.0,114,521.4,3044
2026-06-26 11:15:00,511.0,513.0,508.0,512.0,62,521.0,3044
2026-06-26 11:20:00,512.0,513.0,509.0,509.0,53,520.68,3044
2026-06-26 11:25:00,510.0,513.0,508.0,511.0,72,520.26,3044
2026-06-26 11:30:00,511.0,512.0,511.0,511.0,19,520.17,3044
2026-06-26 11:35:00,511.0,511.0,509.0,509.0,41,519.94,3044
2026-06-26 11:40:00,511.0,512.0,510.0,510.0,34,519.77,3044
2026-06-26 11:45:00,512.0,512.0,510.0,510.0,17,519.69,3044
2026-06-26 11:50:00,510.0,513.0,510.0,512.0,37,519.54,3044
2026-06-26 11:55:00,514.0,517.0,512.0,516.0,45,519.42,3044
2026-06-26 12:00:00,516.0,516.0,514.0,515.0,23,519.38,3044
2026-06-26 12:05:00,515.0,516.0,514.0,515.0,26,519.33,3044
2026-06-26 12:10:00,517.0,518.0,516.0,517.0,44,519.28,3044
2026-06-26 12:15:00,517.0,518.0,516.0,516.0,19,519.26,3044
2026-06-26 12:20:00,517.0,517.0,515.0,515.0,18,519.23,3044
2026-06-26 12:25:00,515.0,517.0,514.0,515.0,48,519.15,3044
2026-06-26 12:30:00,516.0,517.0,515.0,515.0,27,519.1,3044
2026-06-26 12:35:00,515.0,515.0,512.0,513.0,36,519.01,3044
2026-06-26 12:40:00,513.0,513.0,512.0,512.0,30,518.92,3044
2026-06-26 12:45:00,512.0,513.0,511.0,512.0,28,518.83,3044
2026-06-26 12:50:00,511.0,512.0,511.0,511.0,51,518.68,3044
2026-06-26 12:55:00,511.0,512.0,511.0,511.0,30,518.58,3044
2026-06-26 13:00:00,511.0,511.0,509.0,509.0,81,518.3,3044
2026-06-26 13:05:00,508.0,509.0,508.0,508.0,44,518.12,3044
2026-06-26 13:10:00,508.0,511.0,508.0,509.0,102,517.77,3044
2026-06-26 13:15:00,508.0,510.0,507.0,508.0,145,517.27,3044
2026-06-26 13:20:00,507.0,509.0,506.0,506.0,94,516.94,3044
2026-06-26 13:30:00,508.0,508.0,508.0,508.0,252,516.21,3044
2026-06-29 09:00:00,509.0,512.0,503.0,504.0,280,507.86,3044
2026-06-29 09:05:00,505.0,508.0,503.0,506.0,157,507.11,3044
2026-06-29 09:10:00,506.0,509.0,505.0,506.0,102,507.01,3044
2026-06-29 09:15:00,505.0,512.0,505.0,512.0,157,507.22,3044
2026-06-29 09:20:00,512.0,516.0,511.0,513.0,101,508.05,3044
2026-06-29 09:25:00,513.0,514.0,511.0,511.0,40,508.31,3044
2026-06-29 09:30:00,512.0,513.0,510.0,510.0,48,508.49,3044
2026-06-29 09:35:00,510.0,510.0,507.0,509.0,74,508.49,3044
2026-06-29 09:40:00,509.0,511.0,507.0,511.0,74,508.52,3044
2026-06-29 09:45:00,511.0,511.0,508.0,508.0,44,508.53,3044
2026-06-29 09:50:00,508.0,511.0,508.0,511.0,65,508.57,3044
2026-06-29 09:55:00,510.0,510.0,507.0,507.0,44,508.57,3044
2026-06-29 10:00:00,507.0,509.0,507.0,507.0,50,508.55,3044
2026-06-29 10:05:00,507.0,507.0,506.0,506.0,55,508.47,3044
2026-06-29 10:10:00,506.0,506.0,504.0,505.0,76,508.29,3044
2026-06-29 10:15:00,505.0,506.0,504.0,505.0,74,508.14,3044
2026-06-29 10:20:00,505.0,508.0,505.0,505.0,85,508.03,3044
2026-06-29 10:25:00,506.0,509.0,505.0,508.0,61,507.99,3044
2026-06-29 10:30:00,509.0,509.0,508.0,508.0,27,507.99,3044
2026-06-29 10:35:00,508.0,509.0,507.0,508.0,55,507.98,3044
2026-06-29 10:40:00,507.0,508.0,505.0,505.0,25,507.96,3044
2026-06-29 10:45:00,505.0,506.0,504.0,504.0,44,507.89,3044
2026-06-29 10:50:00,505.0,505.0,501.0,501.0,95,507.62,3044
2026-06-29 10:55:00,501.0,504.0,501.0,501.0,112,507.32,3044
2026-06-29 11:00:00,501.0,503.0,501.0,502.0,63,507.17,3044
2026-06-29 11:05:00,502.0,503.0,501.0,503.0,59,507.03,3044
2026-06-29 11:10:00,503.0,505.0,502.0,503.0,51,506.94,3044
2026-06-29 11:15:00,503.0,503.0,502.0,502.0,42,506.85,3044
2026-06-29 11:20:00,502.0,504.0,502.0,502.0,54,506.75,3044
2026-06-29 11:25:00,502.0,504.0,502.0,503.0,58,506.65,3044
2026-06-29 11:30:00,503.0,503.0,501.0,501.0,38,506.57,3044
2026-06-29 11:35:00,501.0,501.0,500.0,501.0,66,506.4,3044
2026-06-29 11:40:00,500.0,501.0,498.0,499.0,155,505.97,3044
2026-06-29 11:45:00,499.0,502.0,499.0,500.0,82,505.79,3044
2026-06-29 11:50:00,501.0,503.0,501.0,502.0,58,505.71,3044
2026-06-29 11:55:00,502.0,503.0,502.0,502.0,27,505.68,3044
2026-06-29 12:00:00,502.0,504.0,501.0,503.0,62,505.61,3044
2026-06-29 12:05:00,503.0,503.0,501.0,503.0,41,505.57,3044
2026-06-29 12:10:00,503.0,503.0,501.0,502.0,33,505.52,3044
2026-06-29 12:15:00,501.0,503.0,501.0,502.0,50,505.46,3044
2026-06-29 12:20:00,502.0,503.0,501.0,502.0,61,505.39,3044
2026-06-29 12:25:00,502.0,503.0,501.0,501.0,43,505.34,3044
2026-06-29 12:30:00,501.0,502.0,500.0,500.0,58,505.27,3044
2026-06-29 12:35:00,501.0,503.0,500.0,502.0,77,505.17,3044
2026-06-29 12:40:00,503.0,503.0,500.0,501.0,52,505.11,3044
2026-06-29 12:45:00,501.0,503.0,500.0,501.0,72,505.03,3044
2026-06-29 12:50:00,503.0,503.0,501.0,502.0,123,504.94,3044
2026-06-29 12:55:00,502.0,502.0,500.0,501.0,75,504.86,3044
2026-06-29 13:00:00,501.0,502.0,500.0,500.0,102,504.74,3044
2026-06-29 13:05:00,500.0,502.0,499.5,501.0,97,504.64,3044
2026-06-29 13:10:00,501.0,502.0,500.0,501.0,78,504.57,3044
2026-06-29 13:15:00,501.0,503.0,501.0,501.0,96,504.49,3044
2026-06-29 13:20:00,501.0,501.0,499.0,499.0,192,504.29,3044
2026-06-29 13:30:00,499.5,499.5,499.5,499.5,278,503.98,3044
2026-06-30 09:00:00,512.0,518.0,507.0,518.0,281,512.2,3044
2026-06-30 09:05:00,518.0,522.0,511.0,512.0,149,513.89,3044
2026-06-30 09:10:00,511.0,513.0,511.0,512.0,57,513.68,3044
2026-06-30 09:15:00,512.0,514.0,511.0,514.0,30,513.59,3044
2026-06-30 09:20:00,513.0,513.0,505.0,506.0,128,512.57,3044
2026-06-30 09:25:00,506.0,507.0,506.0,506.0,40,512.21,3044
2026-06-30 09:30:00,507.0,514.0,507.0,513.0,118,511.94,3044
2026-06-30 09:35:00,512.0,513.0,511.0,512.0,35,511.92,3044
2026-06-30 09:40:00,512.0,512.0,511.0,511.0,27,511.91,3044
2026-06-30 09:45:00,512.0,513.0,510.0,512.0,106,511.79,3044
2026-06-30 09:50:00,513.0,515.0,512.0,514.0,41,511.85,3044
2026-06-30 09:55:00,514.0,516.0,514.0,516.0,55,512.03,3044
2026-06-30 10:00:00,516.0,520.0,516.0,520.0,92,512.49,3044
2026-06-30 10:05:00,519.0,519.0,518.0,518.0,42,512.69,3044
2026-06-30 10:10:00,518.0,520.0,517.0,519.0,67,513.03,3044
2026-06-30 10:15:00,519.0,520.0,518.0,519.0,55,513.28,3044
2026-06-30 10:20:00,519.0,522.0,519.0,522.0,78,513.66,3044
2026-06-30 10:25:00,522.0,522.0,520.0,520.0,38,513.86,3044
2026-06-30 10:30:00,522.0,522.0,521.0,521.0,30,514.01,3044
2026-06-30 10:35:00,521.0,522.0,521.0,521.0,52,514.25,3044
2026-06-30 10:40:00,521.0,524.0,521.0,522.0,122,514.87,3044
2026-06-30 10:45:00,522.0,523.0,522.0,523.0,19,514.95,3044
2026-06-30 10:50:00,523.0,523.0,522.0,523.0,17,515.03,3044
2026-06-30 10:55:00,523.0,523.0,516.0,518.0,111,515.28,3044
2026-06-30 11:00:00,519.0,520.0,518.0,518.0,20,515.31,3044
2026-06-30 11:05:00,519.0,519.0,518.0,518.0,15,515.34,3044
2026-06-30 11:10:00,518.0,519.0,518.0,519.0,21,515.37,3044
2026-06-30 11:15:00,518.0,519.0,518.0,519.0,29,515.42,3044
2026-06-30 11:20:00,519.0,520.0,519.0,520.0,20,515.47,3044
2026-06-30 11:25:00,519.0,520.0,519.0,519.0,17,515.5,3044
2026-06-30 11:30:00,519.0,520.0,519.0,519.0,17,515.53,3044
2026-06-30 11:35:00,519.0,522.0,519.0,522.0,75,515.72,3044
2026-06-30 11:40:00,521.0,525.0,521.0,525.0,69,515.97,3044
2026-06-30 11:45:00,524.0,525.0,524.0,525.0,35,516.11,3044
2026-06-30 11:50:00,524.0,525.0,523.0,524.0,56,516.3,3044
2026-06-30 11:55:00,523.0,524.0,523.0,524.0,24,516.38,3044
2026-06-30 12:00:00,523.0,524.0,523.0,523.0,24,516.46,3044
2026-06-30 12:05:00,523.0,525.0,523.0,523.0,73,516.7,3044
2026-06-30 12:10:00,522.0,523.0,521.0,523.0,33,516.78,3044
2026-06-30 12:15:00,522.0,523.0,521.0,522.0,40,516.87,3044
2026-06-30 12:20:00,522.0,523.0,521.0,523.0,31,516.94,3044
2026-06-30 12:25:00,522.0,524.0,522.0,524.0,27,517.0,3044
2026-06-30 12:30:00,523.0,524.0,522.0,522.0,58,517.13,3044
2026-06-30 12:35:00,522.0,525.0,520.0,524.0,80,517.29,3044
2026-06-30 12:40:00,525.0,525.0,523.0,525.0,47,517.42,3044
2026-06-30 12:45:00,524.0,526.0,523.0,526.0,80,517.63,3044
2026-06-30 12:50:00,524.0,525.0,523.0,524.0,52,517.76,3044
2026-06-30 12:55:00,523.0,525.0,523.0,525.0,51,517.87,3044
2026-06-30 13:00:00,523.0,523.0,521.0,523.0,54,517.96,3044
2026-06-30 13:05:00,522.0,525.0,521.0,524.0,155,518.24,3044
2026-06-30 13:10:00,524.0,524.0,521.0,523.0,49,518.31,3044
2026-06-30 13:15:00,523.0,524.0,522.0,524.0,48,518.38,3044
2026-06-30 13:20:00,523.0,524.0,521.0,524.0,87,518.5,3044
2026-06-30 13:30:00,518.0,518.0,518.0,518.0,722,518.4,3044
2026-07-01 09:00:00,534.0,535.0,529.0,529.0,265,531.89,3044
2026-07-01 09:05:00,529.0,530.0,526.0,527.0,106,530.69,3044
2026-07-01 09:10:00,526.0,528.0,524.0,526.0,80,529.85,3044
2026-07-01 09:15:00,526.0,526.0,524.0,526.0,60,529.29,3044
2026-07-01 09:20:00,526.0,526.0,524.0,524.0,53,528.9,3044
2026-07-01 09:25:00,524.0,524.0,519.0,521.0,96,527.76,3044
2026-07-01 09:30:00,521.0,521.0,514.0,515.0,111,526.3,3044
2026-07-01 09:35:00,514.0,514.0,511.0,513.0,68,525.22,3044
2026-07-01 09:40:00,513.0,515.0,510.0,515.0,64,524.27,3044
2026-07-01 09:45:00,515.0,515.0,510.0,514.0,111,522.93,3044
2026-07-01 09:50:00,513.0,514.0,510.0,513.0,23,522.69,3044
2026-07-01 09:55:00,514.0,517.0,514.0,516.0,34,522.45,3044
2026-07-01 10:00:00,516.0,517.0,515.0,515.0,31,522.26,3044
2026-07-01 10:05:00,514.0,514.0,512.0,513.0,23,522.08,3044
2026-07-01 10:10:00,512.0,514.0,512.0,513.0,28,521.85,3044
2026-07-01 10:15:00,514.0,515.0,514.0,515.0,15,521.76,3044
2026-07-01 10:20:00,514.0,517.0,514.0,516.0,21,521.65,3044
2026-07-01 10:25:00,516.0,518.0,516.0,517.0,23,521.56,3044
2026-07-01 10:30:00,516.0,518.0,516.0,518.0,21,521.48,3044
2026-07-01 10:35:00,517.0,518.0,517.0,517.0,21,521.41,3044
2026-07-01 10:40:00,518.0,520.0,517.0,519.0,51,521.28,3044
2026-07-01 10:45:00,519.0,519.0,517.0,518.0,15,521.25,3044
2026-07-01 10:50:00,517.0,519.0,517.0,518.0,21,521.19,3044
2026-07-01 10:55:00,518.0,519.0,517.0,517.0,19,521.14,3044
2026-07-01 11:00:00,518.0,518.0,517.0,518.0,26,521.08,3044
2026-07-01 11:05:00,518.0,519.0,517.0,517.0,87,520.89,3044
2026-07-01 11:10:00,517.0,517.0,515.0,516.0,115,520.55,3044
2026-07-01 11:15:00,516.0,517.0,514.0,514.0,123,520.13,3044
2026-07-01 11:20:00,514.0,514.0,511.0,511.0,119,519.65,3044
2026-07-01 11:25:00,511.0,513.0,511.0,512.0,100,519.25,3044
2026-07-01 11:30:00,512.0,513.0,511.0,512.0,111,518.84,3044
2026-07-01 11:35:00,512.0,514.0,512.0,513.0,109,518.55,3044
2026-07-01 11:40:00,513.0,513.0,512.0,512.0,93,518.3,3044
2026-07-01 11:45:00,512.0,513.0,511.0,513.0,99,518.04,3044
2026-07-01 11:50:00,513.0,514.0,512.0,512.0,101,517.81,3044
2026-07-01 11:55:00,512.0,513.0,511.0,512.0,96,517.59,3044
2026-07-01 12:00:00,512.0,513.0,511.0,512.0,97,517.39,3044
2026-07-01 12:05:00,512.0,513.0,511.0,511.0,90,517.21,3044
2026-07-01 12:10:00,511.0,512.0,510.0,511.0,96,517.0,3044
2026-07-01 12:15:00,510.0,511.0,510.0,510.0,101,516.76,3044
2026-07-01 12:20:00,510.0,512.0,510.0,510.0,101,516.55,3044
2026-07-01 12:25:00,510.0,511.0,509.0,510.0,95,516.35,3044
2026-07-01 12:30:00,511.0,512.0,510.0,511.0,97,516.19,3044
2026-07-01 12:35:00,511.0,512.0,510.0,511.0,96,516.04,3044
2026-07-01 12:40:00,511.0,512.0,510.0,510.0,96,515.9,3044
2026-07-01 12:45:00,511.0,512.0,510.0,511.0,102,515.75,3044
2026-07-01 12:50:00,512.0,513.0,510.0,512.0,103,515.63,3044
2026-07-01 12:55:00,512.0,513.0,510.0,510.0,98,515.51,3044
2026-07-01 13:00:00,510.0,512.0,509.0,510.0,115,515.36,3044
2026-07-01 13:05:00,510.0,512.0,510.0,511.0,95,515.23,3044
2026-07-01 13:10:00,510.0,511.0,509.0,510.0,128,515.07,3044
2026-07-01 13:15:00,510.0,511.0,509.0,509.0,129,514.92,3044
2026-07-01 13:20:00,509.0,513.0,509.0,513.0,141,514.78,3044
2026-07-01 13:30:00,506.0,506.0,506.0,506.0,748,513.49,3044
2026-07-02 09:00:00,501.0,507.0,498.5,507.0,187,502.36,3044
2026-07-02 09:05:00,507.0,509.0,503.0,507.0,72,503.3,3044
2026-07-02 09:10:00,507.0,514.0,506.0,509.0,118,505.28,3044
2026-07-02 09:15:00,507.0,511.0,506.0,510.0,83,505.88,3044
2026-07-02 09:20:00,510.0,512.0,508.0,510.0,57,506.34,3044
2026-07-02 09:25:00,510.0,513.0,510.0,512.0,34,506.65,3044
2026-07-02 09:30:00,512.0,518.0,512.0,515.0,119,508.21,3044
2026-07-02 09:35:00,514.0,516.0,514.0,514.0,29,508.47,3044
2026-07-02 09:40:00,514.0,517.0,512.0,517.0,58,508.92,3044
2026-07-02 09:45:00,517.0,518.0,516.0,516.0,35,509.27,3044
2026-07-02 09:50:00,515.0,517.0,515.0,517.0,33,509.54,3044
2026-07-02 09:55:00,515.0,516.0,515.0,515.0,19,509.66,3044
2026-07-02 10:00:00,515.0,515.0,513.0,514.0,80,510.06,3044
2026-07-02 10:05:00,515.0,515.0,508.0,509.0,168,510.04,3044
2026-07-02 10:10:00,509.0,512.0,508.0,510.0,100,510.04,3044
2026-07-02 10:15:00,509.0,512.0,509.0,510.0,92,510.04,3044
2026-07-02 10:20:00,510.0,510.0,508.0,508.0,87,509.97,3044
2026-07-02 10:25:00,508.0,511.0,507.0,509.0,112,509.91,3044
2026-07-02 10:30:00,509.0,510.0,509.0,509.0,105,509.88,3044
2026-07-02 10:35:00,509.0,513.0,508.0,513.0,153,509.86,3044
2026-07-02 10:40:00,511.0,512.0,508.0,508.0,102,509.8,3044
2026-07-02 10:45:00,509.0,511.0,508.0,509.0,66,509.79,3044
2026-07-02 10:50:00,509.0,511.0,509.0,509.0,61,509.77,3044
2026-07-02 10:55:00,511.0,512.0,509.0,510.0,98,509.81,3044
2026-07-02 11:00:00,509.0,511.0,509.0,510.0,61,509.81,3044
2026-07-02 11:05:00,510.0,512.0,508.0,508.0,88,509.81,3044
2026-07-02 11:10:00,508.0,509.0,507.0,507.0,102,509.73,3044
2026-07-02 11:15:00,507.0,509.0,507.0,507.0,96,509.63,3044
2026-07-02 11:20:00,508.0,509.0,506.0,507.0,71,509.56,3044
2026-07-02 11:25:00,507.0,508.0,506.0,506.0,87,509.47,3044
2026-07-02 11:30:00,506.0,509.0,506.0,507.0,107,509.36,3044
2026-07-02 11:35:00,507.0,508.0,507.0,507.0,93,509.29,3044
2026-07-02 11:40:00,507.0,508.0,506.0,506.0,103,509.19,3044
2026-07-02 11:45:00,506.0,508.0,506.0,506.0,105,509.1,3044
2026-07-02 11:50:00,506.0,508.0,506.0,508.0,89,509.04,3044
2026-07-02 11:55:00,507.0,507.0,505.0,506.0,64,508.98,3044
2026-07-02 12:00:00,506.0,508.0,506.0,507.0,127,508.89,3044
2026-07-02 12:05:00,507.0,507.0,504.0,506.0,145,508.74,3044
2026-07-02 12:10:00,505.0,506.0,504.0,504.0,93,508.63,3044
2026-07-02 12:15:00,505.0,505.0,504.0,504.0,84,508.52,3044
2026-07-02 12:20:00,504.0,507.0,503.0,507.0,167,508.36,3044
2026-07-02 12:25:00,507.0,507.0,506.0,506.0,77,508.33,3044
2026-07-02 12:30:00,507.0,508.0,505.0,506.0,73,508.28,3044
2026-07-02 12:35:00,506.0,509.0,506.0,507.0,146,508.26,3044
2026-07-02 12:40:00,506.0,508.0,504.0,504.0,133,508.17,3044
2026-07-02 12:45:00,504.0,506.0,503.0,504.0,99,508.09,3044
2026-07-02 12:50:00,504.0,505.0,503.0,504.0,82,508.02,3044
2026-07-02 12:55:00,505.0,506.0,504.0,505.0,91,507.94,3044
2026-07-02 13:00:00,505.0,508.0,505.0,506.0,167,507.87,3044
2026-07-02 13:05:00,506.0,509.0,506.0,509.0,111,507.86,3044
2026-07-02 13:10:00,508.0,509.0,506.0,507.0,149,507.85,3044
2026-07-02 13:15:00,507.0,508.0,506.0,507.0,104,507.84,3044
2026-07-02 13:20:00,508.0,512.0,508.0,508.0,176,507.88,3044
2026-07-02 13:30:00,506.0,506.0,506.0,506.0,760,507.64,3044
2026-07-03 09:00:00,507.0,507.0,501.0,507.0,117,505.17,3044
2026-07-03 09:05:00,507.0,509.0,507.0,508.0,53,505.95,3044
2026-07-03 09:10:00,509.0,509.0,501.0,503.0,127,505.22,3044
2026-07-03 09:15:00,503.0,508.0,503.0,507.0,39,505.28,3044
2026-07-03 09:20:00,506.0,509.0,506.0,509.0,38,505.61,3044
2026-07-03 09:25:00,509.0,511.0,509.0,511.0,31,505.93,3044
2026-07-03 09:30:00,510.0,512.0,509.0,510.0,45,506.38,3044
2026-07-03 09:35:00,511.0,514.0,511.0,513.0,27,506.72,3044
2026-07-03 09:40:00,513.0,514.0,512.0,512.0,41,507.23,3044
2026-07-03 09:45:00,512.0,513.0,510.0,510.0,29,507.47,3044
2026-07-03 09:50:00,510.0,512.0,510.0,512.0,16,507.57,3044
2026-07-03 09:55:00,512.0,514.0,512.0,512.0,32,507.87,3044
2026-07-03 10:00:00,512.0,513.0,512.0,513.0,9,507.94,3044
2026-07-03 10:05:00,513.0,515.0,513.0,513.0,39,508.28,3044
2026-07-03 10:10:00,512.0,512.0,511.0,511.0,13,508.34,3044
2026-07-03 10:15:00,512.0,513.0,512.0,513.0,4,508.37,3044
2026-07-03 10:20:00,513.0,514.0,513.0,513.0,17,508.49,3044
2026-07-03 10:25:00,513.0,514.0,513.0,514.0,25,508.68,3044
2026-07-03 10:30:00,515.0,515.0,514.0,514.0,11,508.77,3044
2026-07-03 10:35:00,514.0,514.0,513.0,513.0,4,508.79,3044
2026-07-03 10:40:00,513.0,514.0,512.0,513.0,18,508.9,3044
2026-07-03 10:45:00,513.0,513.0,512.0,513.0,4,508.92,3044
2026-07-03 10:50:00,512.0,513.0,512.0,512.0,15,508.98,3044
2026-07-03 10:55:00,512.0,513.0,512.0,513.0,16,509.06,3044
2026-07-03 11:00:00,514.0,514.0,513.0,513.0,7,509.1,3044
2026-07-03 11:05:00,513.0,513.0,512.0,512.0,22,509.2,3044
2026-07-03 11:10:00,512.0,513.0,512.0,512.0,11,509.24,3044
2026-07-03 11:15:00,512.0,515.0,512.0,515.0,31,509.41,3044
2026-07-03 11:20:00,514.0,515.0,514.0,515.0,43,509.66,3044
2026-07-03 11:25:00,515.0,515.0,514.0,515.0,16,509.75,3044
2026-07-03 11:30:00,516.0,517.0,516.0,516.0,31,509.96,3044
2026-07-03 11:35:00,516.0,516.0,515.0,515.0,18,510.06,3044
2026-07-03 11:40:00,514.0,515.0,514.0,515.0,12,510.12,3044
2026-07-03 11:45:00,516.0,516.0,515.0,515.0,5,510.15,3044
2026-07-03 11:50:00,516.0,516.0,516.0,516.0,17,510.25,3044
2026-07-03 11:55:00,516.0,518.0,516.0,517.0,18,510.37,3044
2026-07-03 12:00:00,517.0,517.0,517.0,517.0,7,510.42,3044
2026-07-03 12:05:00,518.0,518.0,517.0,517.0,9,510.48,3044
2026-07-03 12:10:00,517.0,517.0,517.0,517.0,10,510.55,3044
2026-07-03 12:15:00,517.0,518.0,517.0,517.0,6,510.58,3044
2026-07-03 12:20:00,517.0,519.0,517.0,518.0,25,510.76,3044
2026-07-03 12:25:00,518.0,518.0,517.0,517.0,12,510.84,3044
2026-07-03 12:30:00,518.0,518.0,517.0,518.0,13,510.93,3044
2026-07-03 12:35:00,517.0,518.0,517.0,518.0,6,510.96,3044
2026-07-03 12:40:00,517.0,518.0,517.0,518.0,10,511.03,3044
2026-07-03 12:45:00,517.0,519.0,517.0,517.0,31,511.21,3044
2026-07-03 12:50:00,517.0,519.0,517.0,519.0,28,511.38,3044
2026-07-03 12:55:00,518.0,519.0,518.0,518.0,14,511.46,3044
2026-07-03 13:00:00,518.0,518.0,517.0,518.0,36,511.66,3044
2026-07-03 13:05:00,517.0,518.0,517.0,518.0,29,511.8,3044
2026-07-03 13:10:00,517.0,518.0,517.0,517.0,16,511.87,3044
2026-07-03 13:15:00,517.0,519.0,517.0,518.0,58,512.14,3044
2026-07-03 13:20:00,519.0,520.0,517.0,520.0,42,512.33,3044
2026-07-03 13:30:00,520.0,520.0,520.0,520.0,220,513.4,3044
2026-07-06 09:00:00,523.0,525.0,515.0,518.0,193,519.21,3044
2026-07-06 09:05:00,517.0,518.0,515.0,518.0,89,518.23,3044
2026-07-06 09:10:00,516.0,517.0,513.0,513.0,86,517.28,3044
2026-07-06 09:15:00,513.0,515.0,512.0,513.0,69,516.63,3044
2026-07-06 09:20:00,513.0,515.0,512.0,512.0,88,515.98,3044
2026-07-06 09:25:00,512.0,513.0,509.0,509.0,117,514.94,3044
2026-07-06 09:30:00,510.0,512.0,509.0,511.0,25,514.77,3044
2026-07-06 09:35:00,511.0,512.0,510.0,511.0,23,514.64,3044
2026-07-06 09:40:00,511.0,513.0,511.0,513.0,30,514.53,3044
2026-07-06 09:45:00,512.0,513.0,511.0,512.0,30,514.45,3044
2026-07-06 09:50:00,512.0,513.0,511.0,511.0,38,514.3,3044
2026-07-06 09:55:00,510.0,512.0,509.0,509.0,99,513.79,3044
2026-07-06 10:00:00,509.0,512.0,509.0,510.0,26,513.7,3044
2026-07-06 10:05:00,510.0,511.0,510.0,511.0,16,513.64,3044
2026-07-06 10:10:00,510.0,511.0,508.0,508.0,50,513.41,3044
2026-07-06 10:15:00,508.0,509.0,507.0,508.0,85,512.99,3044
2026-07-06 10:20:00,508.0,509.0,508.0,509.0,19,512.9,3044
2026-07-06 10:25:00,508.0,509.0,508.0,508.0,43,512.73,3044
2026-07-06 10:30:00,507.0,508.0,506.0,507.0,63,512.43,3044
2026-07-06 10:35:00,507.0,507.0,506.0,507.0,22,512.32,3044
2026-07-06 10:40:00,506.0,507.0,503.0,504.0,146,511.56,3044
2026-07-06 10:45:00,504.0,504.0,502.0,502.0,55,511.24,3044
2026-07-06 10:50:00,502.0,504.0,502.0,504.0,45,510.97,3044
2026-07-06 10:55:00,504.0,504.0,503.0,504.0,15,510.89,3044
2026-07-06 11:00:00,504.0,505.0,503.0,505.0,19,510.81,3044
2026-07-06 11:05:00,505.0,505.0,503.0,504.0,21,510.71,3044
2026-07-06 11:10:00,504.0,506.0,504.0,504.0,27,510.61,3044
2026-07-06 11:15:00,504.0,505.0,504.0,504.0,14,510.56,3044
2026-07-06 11:20:00,504.0,506.0,504.0,505.0,14,510.51,3044
2026-07-06 11:25:00,505.0,505.0,505.0,505.0,12,510.46,3044
2026-07-06 11:30:00,505.0,505.0,505.0,505.0,10,510.43,3044
2026-07-06 11:35:00,505.0,507.0,505.0,506.0,36,510.33,3044
2026-07-06 11:40:00,506.0,507.0,505.0,506.0,21,510.28,3044
2026-07-06 11:45:00,506.0,506.0,505.0,505.0,17,510.23,3044
2026-07-06 11:50:00,505.0,506.0,505.0,505.0,18,510.17,3044
2026-07-06 11:55:00,505.0,507.0,505.0,506.0,27,510.11,3044
2026-07-06 12:00:00,506.0,506.0,505.0,506.0,19,510.06,3044
2026-07-06 12:05:00,505.0,506.0,505.0,505.0,19,510.0,3044
2026-07-06 12:10:00,505.0,508.0,505.0,508.0,36,509.95,3044
2026-07-06 12:15:00,508.0,508.0,506.0,508.0,27,509.92,3044
2026-07-06 12:20:00,508.0,509.0,507.0,507.0,32,509.88,3044
2026-07-06 12:25:00,508.0,508.0,507.0,507.0,17,509.85,3044
2026-07-06 12:30:00,508.0,508.0,507.0,507.0,15,509.84,3044
2026-07-06 12:35:00,507.0,509.0,507.0,508.0,21,509.81,3044
2026-07-06 12:40:00,508.0,508.0,506.0,506.0,79,509.72,3044
2026-07-06 12:45:00,506.0,507.0,506.0,506.0,16,509.69,3044
2026-07-06 12:50:00,506.0,506.0,506.0,506.0,28,509.64,3044
2026-07-06 12:55:00,506.0,506.0,506.0,506.0,24,509.6,3044
2026-07-06 13:00:00,505.0,506.0,505.0,505.0,20,509.56,3044
2026-07-06 13:05:00,505.0,506.0,505.0,506.0,22,509.51,3044
2026-07-06 13:10:00,506.0,506.0,504.0,505.0,89,509.33,3044
2026-07-06 13:15:00,505.0,505.0,504.0,505.0,54,509.22,3044
2026-07-06 13:20:00,505.0,507.0,505.0,507.0,78,509.11,3044
2026-07-06 13:30:00,506.0,506.0,506.0,506.0,267,508.78,3044
2026-07-07 09:00:00,509.0,509.0,504.0,505.0,151,506.86,3044
2026-07-07 09:05:00,505.0,505.0,502.0,502.0,111,505.45,3044
2026-07-07 09:10:00,503.0,504.0,501.0,503.0,73,504.7,3044
2026-07-07 09:15:00,502.0,503.0,501.0,503.0,36,504.43,3044
2026-07-07 09:20:00,503.0,503.0,499.0,499.0,160,503.26,3044
2026-07-07 09:25:00,500.0,502.0,499.5,502.0,33,503.11,3044
2026-07-07 09:30:00,502.0,502.0,501.0,501.0,9,503.09,3044
2026-07-07 09:35:00,502.0,507.0,502.0,507.0,55,503.23,3044
2026-07-07 09:40:00,506.0,507.0,505.0,506.0,31,503.35,3044
2026-07-07 09:45:00,507.0,509.0,507.0,507.0,28,503.52,3044
2026-07-07 09:50:00,507.0,508.0,506.0,507.0,14,503.59,3044
2026-07-07 09:55:00,507.0,507.0,505.0,505.0,16,503.64,3044
2026-07-07 10:00:00,505.0,506.0,505.0,506.0,15,503.68,3044
2026-07-07 10:05:00,506.0,506.0,505.0,506.0,8,503.7,3044
2026-07-07 10:10:00,505.0,506.0,505.0,505.0,9,503.72,3044
2026-07-07 10:15:00,505.0,505.0,504.0,504.0,29,503.77,3044
2026-07-07 10:20:00,504.0,504.0,503.0,503.0,18,503.76,3044
2026-07-07 10:25:00,503.0,503.0,501.0,501.0,39,503.7,3044
2026-07-07 10:30:00,501.0,502.0,500.0,501.0,27,503.61,3044
2026-07-07 10:35:00,501.0,502.0,501.0,502.0,11,503.59,3044
2026-07-07 10:40:00,502.0,502.0,500.0,500.0,32,503.51,3044
2026-07-07 10:45:00,501.0,502.0,501.0,501.0,6,503.5,3044
2026-07-07 10:50:00,501.0,501.0,500.0,500.0,10,503.46,3044
2026-07-07 10:55:00,500.0,501.0,497.0,498.0,183,502.71,3044
2026-07-07 11:00:00,498.0,500.0,498.0,500.0,31,502.62,3044
2026-07-07 11:05:00,500.0,501.0,500.0,500.0,10,502.6,3044
2026-07-07 11:10:00,499.5,500.0,498.0,498.0,27,502.5,3044
2026-07-07 11:15:00,498.0,498.5,494.0,494.0,130,501.83,3044
2026-07-07 11:20:00,494.0,494.0,491.5,492.0,78,501.3,3044
2026-07-07 11:25:00,491.5,492.5,489.0,489.5,88,500.66,3044
2026-07-07 11:30:00,489.0,491.0,488.5,490.5,80,500.08,3044
2026-07-07 11:35:00,490.5,490.5,489.0,490.0,28,499.9,3044
2026-07-07 11:40:00,490.0,490.5,487.0,487.0,110,499.16,3044
2026-07-07 11:45:00,487.0,487.5,484.0,485.0,81,498.54,3044
2026-07-07 11:50:00,485.5,486.5,484.5,484.5,32,498.3,3044
2026-07-07 11:55:00,485.0,486.0,484.5,485.0,35,498.05,3044
2026-07-07 12:00:00,486.0,487.0,486.0,486.0,24,497.9,3044
2026-07-07 12:05:00,486.5,488.5,486.0,486.5,52,497.61,3044
2026-07-07 12:10:00,486.5,486.5,484.5,484.5,52,497.28,3044
2026-07-07 12:15:00,484.0,484.5,482.5,482.5,58,496.89,3044
2026-07-07 12:20:00,483.0,483.0,481.0,481.5,71,496.38,3044
2026-07-07 12:25:00,481.0,483.0,480.0,483.0,109,495.61,3044
2026-07-07 12:30:00,483.5,484.5,483.0,483.5,31,495.45,3044
2026-07-07 12:35:00,483.5,483.5,481.5,482.5,65,495.08,3044
2026-07-07 12:40:00,482.0,482.0,479.0,480.0,119,494.35,3044
2026-07-07 12:45:00,480.0,480.0,478.0,478.0,56,494.0,3044
2026-07-07 12:50:00,478.5,479.0,478.0,478.0,59,493.64,3044
2026-07-07 12:55:00,478.0,480.5,478.0,479.5,138,492.9,3044
2026-07-07 13:00:00,479.5,479.5,477.0,477.5,91,492.41,3044
2026-07-07 13:05:00,477.0,477.5,476.0,476.5,50,492.14,3044
2026-07-07 13:10:00,477.0,477.5,475.0,475.5,112,491.53,3044
2026-07-07 13:15:00,475.5,477.0,475.0,477.0,121,490.91,3044
2026-07-07 13:20:00,477.0,477.5,475.0,475.5,91,490.49,3044
2026-07-07 13:30:00,475.5,475.5,475.5,475.5,292,489.21,3044
2026-07-08 09:00:00,476.0,480.5,472.5,480.0,229,476.76,3044
2026-07-08 09:05:00,478.5,479.0,472.0,476.0,121,476.09,3044
2026-07-08 09:10:00,476.0,478.0,476.0,477.5,31,476.18,3044
2026-07-08 09:15:00,476.5,476.5,473.0,475.0,47,476.03,3044
2026-07-08 09:20:00,475.0,479.0,475.0,479.0,62,476.17,3044
2026-07-08 09:25:00,479.5,480.0,474.0,474.0,77,476.35,3044
2026-07-08 09:30:00,474.5,475.0,470.5,471.0,94,475.81,3044
2026-07-08 09:35:00,471.0,471.5,469.5,470.5,77,475.24,3044
2026-07-08 09:40:00,471.0,472.5,470.5,472.5,26,475.1,3044
2026-07-08 09:45:00,472.5,474.5,472.5,474.0,40,475.03,3044
2026-07-08 09:50:00,473.5,475.0,472.5,472.5,37,474.99,3044
2026-07-08 09:55:00,472.0,472.5,472.0,472.5,14,474.95,3044
2026-07-08 10:00:00,472.0,472.0,467.5,467.5,133,474.29,3044
2026-07-08 10:05:00,467.0,467.5,465.0,465.0,129,473.33,3044
2026-07-08 10:10:00,466.5,468.0,465.5,468.0,54,473.04,3044
2026-07-08 10:15:00,468.0,468.5,467.0,468.0,32,472.89,3044
2026-07-08 10:20:00,468.5,472.0,468.0,471.0,80,472.72,3044
2026-07-08 10:25:00,471.5,472.0,471.0,471.5,21,472.7,3044
2026-07-08 10:30:00,472.5,472.5,471.0,471.0,22,472.68,3044
2026-07-08 10:35:00,471.5,472.0,471.0,472.0,48,472.65,3044
2026-07-08 10:40:00,472.0,475.5,472.0,474.5,114,472.75,3044
2026-07-08 10:45:00,474.5,477.5,474.5,477.0,85,472.92,3044
2026-07-08 10:50:00,477.5,478.0,476.5,477.0,42,473.02,3044
2026-07-08 10:55:00,477.5,479.0,477.5,478.0,48,473.17,3044
2026-07-08 11:00:00,478.5,479.0,477.0,477.5,26,473.25,3044
2026-07-08 11:05:00,479.0,479.0,478.5,478.5,16,473.3,3044
2026-07-08 11:10:00,478.5,479.0,478.5,478.5,21,473.37,3044
2026-07-08 11:15:00,478.5,479.0,478.0,478.0,24,473.44,3044
2026-07-08 11:20:00,478.0,478.5,477.5,477.5,19,473.49,3044
2026-07-08 11:25:00,477.5,478.0,477.5,478.0,18,473.53,3044
2026-07-08 11:30:00,478.0,479.5,477.5,477.5,97,473.78,3044
2026-07-08 11:35:00,477.5,477.5,476.5,476.5,38,473.85,3044
2026-07-08 11:40:00,476.5,476.5,476.0,476.0,11,473.87,3044
2026-07-08 11:45:00,476.0,476.0,475.5,475.5,11,473.88,3044
2026-07-08 11:50:00,475.5,475.5,473.0,473.0,34,473.89,3044
2026-07-08 11:55:00,473.0,473.5,472.5,472.5,15,473.88,3044
2026-07-08 12:00:00,472.5,474.0,472.5,473.0,66,473.86,3044
2026-07-08 12:05:00,472.5,474.5,472.5,474.0,29,473.86,3044
2026-07-08 12:10:00,474.0,474.0,474.0,474.0,5,473.86,3044
2026-07-08 12:15:00,474.0,474.5,473.5,473.5,11,473.86,3044
2026-07-08 12:20:00,473.5,474.0,472.5,472.5,44,473.84,3044
2026-07-08 12:25:00,472.5,474.0,472.5,474.0,16,473.84,3044
2026-07-08 12:30:00,474.0,475.0,474.0,475.0,36,473.85,3044
2026-07-08 12:35:00,474.0,475.0,472.5,473.0,53,473.84,3044
2026-07-08 12:40:00,472.0,474.0,472.0,474.0,52,473.82,3044
2026-07-08 12:45:00,473.5,475.5,473.0,473.0,64,473.83,3044
2026-07-08 12:50:00,473.0,474.5,473.0,474.0,13,473.83,3044
2026-07-08 12:55:00,474.0,474.0,472.0,473.0,89,473.8,3044
2026-07-08 13:00:00,472.5,474.5,472.5,473.5,24,473.8,3044
2026-07-08 13:05:00,474.5,476.5,473.5,475.0,126,473.86,3044
2026-07-08 13:10:00,476.5,476.5,474.0,474.5,69,473.88,3044
2026-07-08 13:15:00,474.5,475.0,473.5,473.5,87,473.89,3044
2026-07-08 13:20:00,473.5,474.0,471.0,471.0,155,473.81,3044
2026-07-08 13:30:00,472.0,472.0,472.0,472.0,369,473.61,3044
2026-07-09 09:00:00,459.0,464.5,456.0,457.0,340,458.22,3044
2026-07-09 09:05:00,457.0,457.0,452.5,455.0,331,456.42,3044
2026-07-09 09:10:00,454.0,457.0,452.0,452.5,211,455.77,3044
2026-07-09 09:15:00,453.0,454.5,452.0,452.5,126,455.38,3044
2026-07-09 09:20:00,452.5,454.5,452.0,453.0,104,455.12,3044
2026-07-09 09:25:00,453.5,456.0,453.5,455.0,106,455.08,3044
2026-07-09 09:30:00,454.5,457.0,454.5,455.5,71,455.09,3044
2026-07-09 09:35:00,456.0,456.5,455.0,455.5,61,455.12,3044
2026-07-09 09:40:00,455.0,456.5,455.0,455.5,57,455.14,3044
2026-07-09 09:45:00,457.0,458.5,456.5,458.5,151,455.35,3044
2026-07-09 09:50:00,458.0,461.0,457.5,458.5,140,455.69,3044
2026-07-09 09:55:00,458.5,460.0,456.5,457.5,46,455.76,3044
2026-07-09 10:00:00,456.5,457.5,456.0,457.5,32,455.78,3044
2026-07-09 10:05:00,457.0,459.5,456.5,458.0,86,455.88,3044
2026-07-09 10:10:00,458.0,459.5,457.5,458.5,41,455.93,3044
2026-07-09 10:15:00,459.0,459.0,456.5,456.5,53,455.97,3044
2026-07-09 10:20:00,456.0,458.0,456.0,456.0,59,455.99,3044
2026-07-09 10:25:00,456.5,458.0,456.5,457.5,32,456.01,3044
2026-07-09 10:30:00,456.5,456.5,455.0,455.5,56,456.01,3044
2026-07-09 10:35:00,455.0,455.0,454.0,454.0,90,455.95,3044
2026-07-09 10:40:00,454.0,454.0,452.5,452.5,73,455.86,3044
2026-07-09 10:45:00,452.5,452.5,451.0,451.5,141,455.63,3044
2026-07-09 10:50:00,451.5,452.5,451.0,452.0,70,455.51,3044
2026-07-09 10:55:00,452.0,453.0,450.5,451.0,95,455.36,3044
2026-07-09 11:00:00,451.5,451.5,451.0,451.0,19,455.33,3044
2026-07-09 11:05:00,450.5,451.5,448.5,448.5,253,454.84,3044
2026-07-09 11:10:00,448.5,449.0,447.5,447.5,93,454.63,3044
2026-07-09 11:15:00,447.5,449.0,447.5,449.0,43,454.54,3044
2026-07-09 11:20:00,449.5,452.0,449.0,451.0,92,454.41,3044
2026-07-09 11:25:00,451.5,452.5,450.5,450.5,62,454.36,3044
2026-07-09 11:30:00,451.0,452.0,450.5,451.0,49,454.31,3044
2026-07-09 11:35:00,451.0,452.0,450.0,451.0,55,454.25,3044
2026-07-09 11:40:00,451.5,453.0,451.0,451.5,77,454.19,3044
2026-07-09 11:45:00,451.5,453.5,451.5,452.5,39,454.18,3044
2026-07-09 11:50:00,452.5,453.0,452.0,452.0,30,454.16,3044
2026-07-09 11:55:00,452.0,453.0,451.5,451.5,17,454.15,3044
2026-07-09 12:00:00,451.5,452.5,451.5,452.0,22,454.14,3044
2026-07-09 12:05:00,452.0,453.0,451.5,451.5,52,454.1,3044
2026-07-09 12:10:00,452.5,453.5,452.5,453.0,22,454.1,3044
2026-07-09 12:15:00,453.0,453.0,452.0,452.0,16,454.09,3044
2026-07-09 12:20:00,452.0,452.5,450.0,450.0,77,454.03,3044
2026-07-09 12:25:00,450.0,451.0,449.0,449.5,88,453.94,3044
2026-07-09 12:30:00,449.5,452.5,449.5,452.0,46,453.9,3044
2026-07-09 12:35:00,452.0,452.5,452.0,452.0,18,453.9,3044
2026-07-09 12:40:00,452.0,452.0,450.5,451.0,48,453.86,3044
2026-07-09 12:45:00,451.0,451.5,450.5,451.0,19,453.85,3044
2026-07-09 12:50:00,450.5,452.5,450.0,452.5,56,453.81,3044
2026-07-09 12:55:00,452.0,452.0,451.0,451.0,34,453.79,3044
2026-07-09 13:00:00,451.0,451.5,450.5,450.5,23,453.78,3044
2026-07-09 13:05:00,450.5,450.5,449.0,449.0,91,453.68,3044
2026-07-09 13:10:00,449.0,451.5,449.0,451.5,93,453.6,3044
2026-07-09 13:15:00,450.5,451.0,449.0,449.5,64,453.55,3044
2026-07-09 13:20:00,450.0,450.0,448.0,448.5,173,453.36,3044
2026-07-09 13:30:00,448.5,448.5,448.5,448.5,221,453.12,3044
2026-07-13 09:00:00,455.0,459.0,452.0,452.0,257,455.31,3044
2026-07-13 09:05:00,452.0,454.5,449.5,454.0,100,454.27,3044
2026-07-13 09:10:00,454.0,454.0,449.5,450.0,81,453.67,3044
2026-07-13 09:15:00,449.5,449.5,448.0,449.0,68,453.04,3044
2026-07-13 09:20:00,448.5,449.0,444.0,444.0,128,451.86,3044
2026-07-13 09:25:00,443.5,443.5,440.5,442.5,85,450.78,3044
2026-07-13 09:30:00,443.0,443.5,442.5,442.5,54,450.23,3044
2026-07-13 09:35:00,442.5,445.0,442.5,445.0,43,449.89,3044
2026-07-13 09:40:00,444.5,444.5,440.5,441.0,89,449.15,3044
2026-07-13 09:45:00,440.5,440.5,437.0,437.0,121,447.95,3044
2026-07-13 09:50:00,437.0,438.0,436.0,437.0,47,447.47,3044
2026-07-13 09:55:00,437.5,440.0,437.0,438.5,62,446.96,3044
2026-07-13 10:00:00,439.5,440.0,438.5,439.5,30,446.77,3044
2026-07-13 10:05:00,440.0,441.5,440.0,441.5,46,446.54,3044
2026-07-13 10:10:00,442.5,442.5,440.5,441.0,21,446.45,3044
2026-07-13 10:15:00,440.5,440.5,440.0,440.5,34,446.28,3044
2026-07-13 10:20:00,440.0,443.0,440.0,443.0,53,446.1,3044
2026-07-13 10:25:00,443.5,445.0,443.5,443.5,54,446.02,3044
2026-07-13 10:30:00,443.0,443.0,441.0,442.0,27,445.96,3044
2026-07-13 10:35:00,442.0,442.0,441.0,441.0,7,445.93,3044
2026-07-13 10:40:00,441.0,443.5,440.5,443.0,50,445.79,3044
2026-07-13 10:45:00,443.5,443.5,442.5,442.5,17,445.76,3044
2026-07-13 10:50:00,442.5,444.5,442.5,443.5,44,445.69,3044
2026-07-13 10:55:00,443.5,443.5,443.0,443.0,13,445.67,3044
2026-07-13 11:00:00,443.0,443.0,441.0,441.0,38,445.58,3044
2026-07-13 11:05:00,441.5,441.5,440.0,440.5,14,445.54,3044
2026-07-13 11:10:00,440.5,440.5,439.0,439.5,45,445.38,3044
2026-07-13 11:15:00,440.0,440.0,439.5,439.5,17,445.32,3044
2026-07-13 11:20:00,439.0,439.5,439.0,439.0,21,445.25,3044
2026-07-13 11:25:00,439.5,441.0,439.5,440.5,39,445.13,3044
2026-07-13 11:30:00,440.5,441.0,438.5,438.5,20,445.07,3044
2026-07-13 11:35:00,438.5,439.5,438.0,439.0,30,444.95,3044
2026-07-13 11:40:00,439.0,439.5,439.0,439.0,25,444.88,3044
2026-07-13 11:45:00,439.0,439.5,438.0,438.0,30,444.77,3044
2026-07-13 11:50:00,438.0,438.0,437.0,437.0,45,444.6,3044
2026-07-13 11:55:00,438.0,438.0,437.0,437.5,24,444.52,3044
2026-07-13 12:00:00,437.5,437.5,436.5,436.5,24,444.42,3044
2026-07-13 12:05:00,437.0,437.0,435.0,435.0,58,444.17,3044
2026-07-13 12:10:00,435.5,436.0,433.5,434.5,155,443.47,3044
2026-07-13 12:15:00,434.5,435.5,433.5,435.5,35,443.33,3044
2026-07-13 12:20:00,436.0,437.0,435.5,436.0,54,443.15,3044
2026-07-13 12:25:00,436.5,436.5,435.5,436.0,31,443.05,3044
2026-07-13 12:30:00,436.0,436.0,435.5,435.5,22,442.98,3044
2026-07-13 12:35:00,435.5,436.5,435.0,435.0,71,442.76,3044
2026-07-13 12:40:00,435.0,436.5,434.5,435.5,48,442.61,3044
2026-07-13 12:45:00,435.5,435.5,434.5,434.5,17,442.55,3044
2026-07-13 12:50:00,434.5,436.5,434.5,436.0,65,442.36,3044
2026-07-13 12:55:00,436.0,437.5,436.0,437.5,41,442.27,3044
2026-07-13 13:00:00,437.5,438.5,437.5,438.5,50,442.19,3044
2026-07-13 13:05:00,438.0,439.5,438.0,439.5,66,442.12,3044
2026-07-13 13:10:00,439.5,440.0,439.0,439.5,45,442.07,3044
2026-07-13 13:15:00,439.5,439.5,436.5,436.5,69,441.98,3044
2026-07-13 13:20:00,436.0,437.0,435.5,437.0,107,441.76,3044
2026-07-13 13:30:00,439.0,439.0,439.0,439.0,244,441.54,3044
2026-07-14 09:00:00,439.0,439.0,433.5,437.5,157,437.04,3044
2026-07-14 09:05:00,437.5,437.5,433.0,433.0,115,436.11,3044
2026-07-14 09:10:00,433.5,434.0,426.5,427.0,203,433.32,3044
2026-07-14 09:15:00,427.0,430.5,426.5,430.5,107,432.4,3044
2026-07-14 09:20:00,431.0,431.0,427.5,428.5,63,432.03,3044
2026-07-14 09:25:00,429.0,430.5,428.5,428.5,47,431.86,3044
2026-07-14 09:30:00,428.5,428.5,422.0,423.0,161,430.7,3044
2026-07-14 09:35:00,422.5,423.0,420.0,420.5,99,429.69,3044
2026-07-14 09:40:00,420.5,421.5,418.5,421.0,93,428.81,3044
2026-07-14 09:45:00,421.0,421.0,418.5,420.0,47,428.41,3044
2026-07-14 09:50:00,418.5,420.5,417.0,419.0,67,427.84,3044
2026-07-14 09:55:00,418.0,418.0,412.5,415.5,128,426.55,3044
2026-07-14 10:00:00,415.5,418.0,414.0,414.5,50,426.16,3044
2026-07-14 10:05:00,414.0,415.5,413.5,414.5,53,425.71,3044
2026-07-14 10:10:00,413.5,413.5,410.0,411.5,86,424.9,3044
2026-07-14 10:15:00,411.5,411.5,407.5,407.5,108,423.86,3044
2026-07-14 10:20:00,407.5,411.0,407.5,409.5,113,422.89,3044
2026-07-14 10:25:00,409.0,411.0,406.5,410.5,64,422.34,3044
2026-07-14 10:30:00,410.5,411.5,407.0,407.0,39,422.09,3044
2026-07-14 10:35:00,407.0,411.5,407.0,411.5,60,421.67,3044
2026-07-14 10:40:00,411.0,412.0,410.0,410.5,23,421.54,3044
2026-07-14 10:45:00,410.0,410.5,409.0,410.5,26,421.38,3044
2026-07-14 10:50:00,410.5,410.5,408.0,408.0,23,421.24,3044
2026-07-14 10:55:00,408.0,408.5,407.0,407.5,29,421.04,3044
2026-07-14 11:00:00,407.5,408.5,407.5,408.0,19,420.91,3044
2026-07-14 11:05:00,408.0,408.0,405.0,405.0,58,420.49,3044
2026-07-14 11:10:00,405.0,406.0,403.5,404.0,70,419.96,3044
2026-07-14 11:15:00,404.0,405.5,402.0,404.0,60,419.51,3044
2026-07-14 11:20:00,403.0,404.5,402.0,404.5,53,419.12,3044
2026-07-14 11:25:00,404.0,407.0,402.5,405.5,92,418.56,3044
2026-07-14 11:30:00,405.5,407.0,405.5,405.5,16,418.48,3044
2026-07-14 11:35:00,406.0,407.0,405.5,407.0,23,418.36,3044
2026-07-14 11:40:00,407.0,408.5,406.0,408.0,41,418.17,3044
2026-07-14 11:45:00,407.0,408.5,406.0,408.5,20,418.08,3044
2026-07-14 11:50:00,408.5,411.0,408.5,411.0,21,418.01,3044
2026-07-14 11:55:00,410.5,411.0,409.0,409.5,34,417.9,3044
2026-07-14 12:00:00,410.5,412.0,410.0,412.0,30,417.81,3044
2026-07-14 12:05:00,412.0,412.0,410.0,410.0,27,417.74,3044
2026-07-14 12:10:00,409.5,410.5,409.5,410.5,10,417.71,3044
2026-07-14 12:15:00,411.0,411.0,409.5,410.5,16,417.67,3044
2026-07-14 12:20:00,410.5,413.0,410.5,412.5,17,417.63,3044
2026-07-14 12:25:00,412.5,413.5,412.5,413.5,26,417.58,3044
2026-07-14 12:30:00,413.5,416.0,413.0,416.0,63,417.5,3044
2026-07-14 12:35:00,415.0,416.0,414.0,416.0,42,417.46,3044
2026-07-14 12:40:00,415.5,416.5,414.5,416.0,29,417.45,3044
2026-07-14 12:45:00,416.5,418.0,416.0,417.5,51,417.44,3044
2026-07-14 12:50:00,417.0,418.5,417.0,418.0,21,417.44,3044
2026-07-14 12:55:00,418.0,419.5,417.0,419.5,37,417.46,3044
2026-07-14 13:00:00,419.5,419.5,417.5,418.5,46,417.48,3044
2026-07-14 13:05:00,419.0,420.0,418.0,420.0,36,417.5,3044
2026-07-14 13:10:00,419.0,420.5,419.0,420.5,48,417.54,3044
2026-07-14 13:15:00,420.5,420.5,419.0,419.0,80,417.6,3044
2026-07-14 13:20:00,419.0,420.0,419.0,419.5,93,417.66,3044
2026-07-14 13:30:00,421.5,421.5,421.5,421.5,292,417.98,3044
2026-07-15 09:00:00,428.0,428.0,421.0,424.0,195,424.64,3044
2026-07-15 09:05:00,424.5,427.0,424.5,425.0,67,424.91,3044
2026-07-15 09:10:00,425.0,427.5,425.0,425.0,37,425.09,3044
2026-07-15 09:15:00,425.0,427.0,425.0,425.0,42,425.22,3044
2026-07-15 09:20:00,426.0,427.0,425.5,427.0,28,425.3,3044
2026-07-15 09:25:00,427.0,428.0,426.0,426.0,35,425.48,3044
2026-07-15 09:30:00,426.0,427.5,426.0,426.5,51,425.61,3044
2026-07-15 09:35:00,426.5,428.0,425.5,428.0,33,425.65,3044
2026-07-15 09:40:00,427.5,427.5,422.0,422.5,85,425.37,3044
2026-07-15 09:45:00,422.5,428.5,422.5,428.5,66,425.45,3044
2026-07-15 09:50:00,428.5,428.5,425.0,426.5,44,425.57,3044
2026-07-15 09:55:00,427.0,427.5,426.5,426.5,19,425.61,3044
2026-07-15 10:00:00,427.0,427.0,425.5,426.5,25,425.64,3044
2026-07-15 10:05:00,426.0,427.0,426.0,426.0,20,425.66,3044
2026-07-15 10:10:00,425.5,425.5,425.0,425.0,8,425.65,3044
2026-07-15 10:15:00,425.0,425.5,425.0,425.0,9,425.65,3044
2026-07-15 10:20:00,425.0,425.5,425.0,425.5,22,425.64,3044
2026-07-15 10:25:00,425.5,426.5,425.0,426.0,45,425.64,3044
2026-07-15 10:30:00,426.0,426.5,426.0,426.5,12,425.65,3044
2026-07-15 10:35:00,426.0,426.0,425.0,425.0,20,425.65,3044
2026-07-15 10:40:00,425.0,425.5,425.0,425.5,22,425.63,3044
2026-07-15 10:45:00,425.0,425.5,425.0,425.5,11,425.63,3044
2026-07-15 10:50:00,425.0,425.0,424.0,424.0,28,425.6,3044
2026-07-15 10:55:00,424.0,425.0,424.0,425.0,24,425.58,3044
2026-07-15 11:00:00,424.5,425.5,424.5,425.5,20,425.57,3044
2026-07-15 11:05:00,425.5,426.0,425.5,425.5,12,425.57,3044
2026-07-15 11:10:00,425.5,428.5,425.0,428.0,78,425.64,3044
2026-07-15 11:15:00,427.5,428.0,427.0,427.0,18,425.67,3044
2026-07-15 11:20:00,426.5,428.0,426.5,428.0,19,425.69,3044
2026-07-15 11:25:00,428.0,428.0,428.0,428.0,18,425.73,3044
2026-07-15 11:30:00,427.5,428.0,427.0,427.0,15,425.75,3044
2026-07-15 11:35:00,427.0,427.0,426.5,427.0,17,425.77,3044
2026-07-15 11:40:00,427.0,427.0,426.0,427.0,19,425.78,3044
2026-07-15 11:45:00,427.0,427.0,426.0,426.0,22,425.79,3044
2026-07-15 11:50:00,426.0,426.0,425.5,425.5,17,425.79,3044
2026-07-15 11:55:00,425.0,427.5,425.0,427.5,53,425.8,3044
2026-07-15 12:00:00,426.0,426.0,425.0,425.0,24,425.79,3044
2026-07-15 12:05:00,425.0,426.5,425.0,425.0,55,425.79,3044
2026-07-15 12:10:00,426.0,426.5,425.5,426.5,50,425.79,3044
2026-07-15 12:15:00,426.0,426.0,426.0,426.0,6,425.79,3044
2026-07-15 12:20:00,425.5,427.5,425.5,427.5,30,425.81,3044
2026-07-15 12:25:00,426.5,426.5,426.0,426.0,25,425.82,3044
2026-07-15 12:30:00,426.5,426.5,425.5,426.5,48,425.83,3044
2026-07-15 12:35:00,427.0,427.0,425.5,426.5,52,425.83,3044
2026-07-15 12:40:00,426.5,426.5,425.0,425.5,59,425.83,3044
2026-07-15 12:45:00,425.5,426.5,425.5,425.5,20,425.83,3044
2026-07-15 12:50:00,425.5,426.5,425.5,426.5,49,425.83,3044
2026-07-15 12:55:00,425.5,426.5,425.0,426.5,62,425.84,3044
2026-07-15 13:00:00,426.0,426.5,425.5,426.0,73,425.84,3044
2026-07-15 13:05:00,426.0,426.5,425.5,425.5,65,425.84,3044
2026-07-15 13:10:00,426.0,427.0,425.5,426.0,88,425.85,3044
2026-07-15 13:15:00,426.5,427.0,425.5,427.0,46,425.86,3044
2026-07-15 13:20:00,427.0,427.0,425.5,427.0,56,425.88,3044
2026-07-15 13:30:00,426.0,426.0,426.0,426.0,162,425.89,3044
2026-07-16 09:00:00,427.0,431.5,426.0,427.5,221,429.02,3044
2026-07-16 09:05:00,427.0,427.0,418.5,418.5,115,427.3,3044
2026-07-16 09:10:00,419.0,422.5,418.5,422.0,77,425.97,3044
2026-07-16 09:15:00,421.5,424.5,421.0,422.5,68,425.49,3044
2026-07-16 09:20:00,422.0,422.0,418.5,419.0,70,424.77,3044
2026-07-16 09:25:00,419.0,420.5,417.5,419.0,129,423.62,3044
2026-07-16 09:30:00,419.0,420.5,418.5,420.0,39,423.39,3044
2026-07-16 09:35:00,420.0,423.0,419.5,419.5,61,423.24,3044
2026-07-16 09:40:00,420.0,421.0,419.5,419.5,26,423.13,3044
2026-07-16 09:45:00,419.5,421.0,419.0,421.0,51,422.93,3044
2026-07-16 09:50:00,421.5,422.0,419.0,419.0,42,422.81,3044
2026-07-16 09:55:00,420.0,421.0,419.5,419.5,24,422.74,3044
2026-07-16 10:00:00,419.0,420.0,418.0,419.0,42,422.57,3044
2026-07-16 10:05:00,418.5,419.0,418.0,418.0,35,422.43,3044
2026-07-16 10:10:00,418.0,419.5,418.0,419.5,16,422.38,3044
2026-07-16 10:15:00,419.5,420.5,418.5,420.0,42,422.26,3044
2026-07-16 10:20:00,420.0,421.0,420.0,420.5,7,422.25,3044
2026-07-16 10:25:00,421.0,422.0,420.5,422.0,27,422.23,3044
2026-07-16 10:30:00,420.5,423.5,420.5,422.0,21,422.23,3044
2026-07-16 10:35:00,422.5,425.0,422.5,424.0,38,422.28,3044
2026-07-16 10:40:00,423.5,425.5,423.0,423.5,39,422.34,3044
2026-07-16 10:45:00,424.0,424.0,422.5,423.0,26,422.37,3044
2026-07-16 10:50:00,422.5,422.5,420.5,421.0,81,422.32,3044
2026-07-16 10:55:00,421.0,422.5,421.0,421.0,23,422.31,3044
2026-07-16 11:00:00,421.0,421.0,419.5,421.0,44,422.25,3044
2026-07-16 11:05:00,420.5,423.0,420.5,422.5,80,422.26,3044
2026-07-16 11:10:00,423.0,425.0,421.5,423.5,97,422.33,3044
2026-07-16 11:15:00,424.0,426.0,423.5,423.5,54,422.41,3044
2026-07-16 11:20:00,423.0,424.0,422.5,423.5,47,422.42,3044
2026-07-16 11:25:00,423.5,423.5,422.0,422.0,40,422.43,3044
2026-07-16 11:30:00,422.0,423.0,421.5,422.5,29,422.43,3044
2026-07-16 11:35:00,422.5,424.0,422.5,422.5,55,422.46,3044
2026-07-16 11:40:00,422.5,423.5,422.5,423.5,48,422.47,3044
2026-07-16 11:45:00,424.0,426.0,423.5,424.5,112,422.62,3044
2026-07-16 11:50:00,424.5,424.5,422.5,423.0,112,422.66,3044
2026-07-16 11:55:00,423.0,423.5,423.0,423.0,30,422.67,3044
2026-07-16 12:00:00,423.0,423.5,422.5,423.0,36,422.67,3044
2026-07-16 12:05:00,423.0,423.0,422.0,422.5,28,422.67,3044
2026-07-16 12:10:00,422.0,424.0,421.5,424.0,68,422.66,3044
2026-07-16 12:15:00,423.5,423.5,422.5,422.5,39,422.66,3044
2026-07-16 12:20:00,422.5,422.5,421.5,421.5,44,422.65,3044
2026-07-16 12:25:00,422.0,422.0,421.0,421.0,37,422.63,3044
2026-07-16 12:30:00,421.5,423.0,421.0,421.5,59,422.62,3044
2026-07-16 12:35:00,421.5,421.5,421.5,421.5,36,422.6,3044
2026-07-16 12:40:00,422.0,422.0,420.0,420.5,111,422.52,3044
2026-07-16 12:45:00,420.5,420.5,420.0,420.5,44,422.49,3044
2026-07-16 12:50:00,420.5,422.0,420.0,421.0,104,422.42,3044
2026-07-16 12:55:00,421.5,422.5,421.0,421.0,130,422.38,3044
2026-07-16 13:00:00,421.0,421.5,420.5,421.0,50,422.36,3044
2026-07-16 13:05:00,421.0,421.5,420.5,420.5,53,422.33,3044
2026-07-16 13:10:00,420.5,422.5,420.5,422.0,109,422.31,3044
2026-07-16 13:15:00,422.0,423.0,422.0,422.5,97,422.32,3044
2026-07-16 13:20:00,423.0,424.0,422.0,423.0,140,422.35,3044
2026-07-16 13:30:00,422.0,422.0,422.0,422.0,720,422.28,3044
2026-07-17 09:00:00,408.0,412.0,407.0,409.5,123,409.11,3044
2026-07-17 09:05:00,410.0,410.5,405.0,405.0,92,408.13,3044
2026-07-17 09:10:00,405.5,407.5,405.0,407.0,67,407.69,3044
2026-07-17 09:15:00,407.0,408.0,405.5,407.5,60,407.5,3044
2026-07-17 09:20:00,407.5,409.0,405.5,405.5,52,407.39,3044
2026-07-17 09:25:00,405.5,406.0,402.5,402.5,151,406.46,3044
2026-07-17 09:30:00,402.5,403.5,399.0,400.0,201,405.0,3044
2026-07-17 09:35:00,400.0,401.0,399.5,401.0,53,404.69,3044
2026-07-17 09:40:00,401.0,402.5,400.0,401.0,27,404.58,3044
2026-07-17 09:45:00,401.0,401.0,399.0,400.0,50,404.31,3044
2026-07-17 09:50:00,400.0,400.0,399.0,399.5,49,404.04,3044
2026-07-17 09:55:00,399.5,401.5,399.0,400.0,29,403.92,3044
2026-07-17 10:00:00,399.5,400.5,399.5,400.0,12,403.87,3044
2026-07-17 10:05:00,401.0,406.0,401.0,403.0,93,403.79,3044
2026-07-17 10:10:00,403.0,403.0,401.0,401.5,16,403.77,3044
2026-07-17 10:15:00,400.0,402.0,399.0,402.0,58,403.58,3044
2026-07-17 10:20:00,400.5,401.5,400.5,400.5,18,403.54,3044
2026-07-17 10:25:00,400.0,402.0,400.0,400.5,50,403.41,3044
2026-07-17 10:30:00,400.5,400.5,400.0,400.5,36,403.32,3044
2026-07-17 10:35:00,400.5,400.5,400.0,400.0,15,403.28,3044
2026-07-17 10:40:00,400.0,400.0,399.5,399.5,47,403.15,3044
2026-07-17 10:45:00,400.0,401.5,400.0,400.0,51,403.05,3044
2026-07-17 10:50:00,400.0,400.5,400.0,400.0,10,403.03,3044
2026-07-17 10:55:00,400.0,401.5,399.5,401.0,57,402.91,3044
2026-07-17 11:00:00,401.5,404.0,401.5,403.5,70,402.91,3044
2026-07-17 11:05:00,403.5,405.5,403.5,404.5,46,402.96,3044
2026-07-17 11:10:00,405.0,405.0,403.0,403.0,27,402.98,3044
2026-07-17 11:15:00,403.0,403.5,403.0,403.0,20,402.98,3044
2026-07-17 11:20:00,402.5,405.5,402.5,404.5,53,403.02,3044
2026-07-17 11:25:00,404.5,405.5,404.0,405.0,33,403.06,3044
2026-07-17 11:30:00,405.0,405.5,404.5,404.5,50,403.11,3044
2026-07-17 11:35:00,405.0,405.0,404.0,404.0,18,403.12,3044
2026-07-17 11:40:00,404.0,404.5,403.5,403.5,28,403.13,3044
2026-07-17 11:45:00,404.0,404.5,402.0,402.0,71,403.15,3044
2026-07-17 11:50:00,402.5,403.0,401.0,401.0,70,403.11,3044
2026-07-17 11:55:00,401.0,401.0,399.5,399.5,71,403.01,3044
2026-07-17 12:00:00,400.0,400.0,399.5,399.5,28,402.96,3044
2026-07-17 12:05:00,400.0,400.0,399.5,399.5,31,402.91,3044
2026-07-17 12:10:00,399.5,400.0,398.5,399.5,141,402.66,3044
2026-07-17 12:15:00,400.0,400.0,399.0,399.5,25,402.62,3044
2026-07-17 12:20:00,399.5,399.5,397.5,398.0,108,402.41,3044
2026-07-17 12:25:00,398.5,399.0,397.0,397.5,49,402.32,3044
2026-07-17 12:30:00,397.5,399.0,397.0,399.0,73,402.19,3044
2026-07-17 12:35:00,398.5,399.0,397.5,398.0,68,402.08,3044
2026-07-17 12:40:00,399.0,399.0,396.5,398.0,85,401.93,3044
2026-07-17 12:45:00,397.0,398.0,396.5,398.0,87,401.78,3044
2026-07-17 12:50:00,397.5,400.0,397.5,398.5,79,401.69,3044
2026-07-17 12:55:00,399.5,399.5,397.5,398.0,39,401.64,3044
2026-07-17 13:00:00,397.5,400.5,397.0,399.0,347,401.41,3044
2026-07-17 13:05:00,399.5,399.5,396.5,396.5,65,401.33,3044
2026-07-17 13:10:00,397.5,398.0,396.5,397.5,58,401.26,3044
2026-07-17 13:15:00,398.0,398.5,397.0,398.0,91,401.16,3044
2026-07-17 13:20:00,398.0,398.0,394.0,395.0,166,400.9,3044
2026-07-17 13:30:00,397.5,397.5,397.5,397.5,504,400.47,3044
2026-07-20 09:00:00,399.5,400.5,391.0,393.0,202,397.27,3044
2026-07-20 09:05:00,393.0,397.5,393.0,395.5,70,396.8,3044
2026-07-20 09:10:00,395.0,396.0,387.5,387.5,128,395.02,3044
2026-07-20 09:15:00,387.5,388.0,381.5,382.0,122,392.75,3044
2026-07-20 09:20:00,382.0,384.5,377.0,382.0,146,389.9,3044
2026-07-20 09:25:00,382.0,383.5,375.0,375.0,119,388.12,3044
2026-07-20 09:30:00,375.0,380.5,374.0,379.5,100,386.79,3044
2026-07-20 09:35:00,378.5,383.5,377.0,382.5,57,386.39,3044
2026-07-20 09:40:00,382.0,382.0,379.0,380.5,75,385.98,3044
2026-07-20 09:45:00,380.5,385.5,378.5,385.5,51,385.82,3044
2026-07-20 09:50:00,385.5,385.5,381.5,382.0,53,385.67,3044
2026-07-20 09:55:00,381.0,383.5,381.0,383.5,37,385.57,3044
2026-07-20 10:00:00,385.0,387.0,384.5,385.0,35,385.57,3044
2026-07-20 10:05:00,385.0,385.5,384.0,385.0,23,385.55,3044
2026-07-20 10:10:00,384.5,386.0,383.0,383.0,66,385.5,3044
2026-07-20 10:15:00,382.0,382.0,380.0,380.0,41,385.36,3044
2026-07-20 10:20:00,380.0,380.5,377.5,380.5,38,385.17,3044
2026-07-20 10:25:00,380.0,383.5,379.5,382.0,30,385.09,3044
2026-07-20 10:30:00,381.5,386.0,381.5,385.5,52,385.06,3044
2026-07-20 10:35:00,384.0,385.5,383.5,383.5,32,385.05,3044
2026-07-20 10:40:00,383.0,386.5,383.0,386.5,55,385.06,3044
2026-07-20 10:45:00,385.5,386.5,385.0,386.5,15,385.06,3044
2026-07-20 10:50:00,386.5,387.0,386.0,386.5,22,385.08,3044
2026-07-20 10:55:00,386.0,388.0,385.0,385.0,51,385.13,3044
2026-07-20 11:00:00,385.0,389.0,385.0,387.0,36,385.18,3044
2026-07-20 11:05:00,386.0,389.0,386.0,388.5,21,385.21,3044
2026-07-20 11:10:00,389.0,389.0,386.0,387.0,17,385.24,3044
2026-07-20 11:15:00,387.5,389.0,387.5,388.0,16,385.27,3044
2026-07-20 11:20:00,387.0,388.5,385.0,388.5,21,385.28,3044
2026-07-20 11:25:00,387.0,387.0,386.5,386.5,17,385.3,3044
2026-07-20 11:30:00,386.5,387.5,386.0,386.0,12,385.31,3044
2026-07-20 11:35:00,386.0,387.0,385.0,386.0,16,385.31,3044
2026-07-20 11:40:00,387.0,388.5,386.0,386.5,21,385.34,3044
2026-07-20 11:45:00,387.0,389.5,387.0,388.0,21,385.37,3044
2026-07-20 11:50:00,389.5,390.5,388.0,390.5,18,385.42,3044
2026-07-20 11:55:00,391.0,391.0,389.0,389.0,17,385.46,3044
2026-07-20 12:00:00,390.0,391.0,390.0,390.0,16,385.5,3044
2026-07-20 12:05:00,390.0,390.0,388.5,388.5,81,385.66,3044
2026-07-20 12:10:00,388.5,388.5,388.0,388.0,17,385.68,3044
2026-07-20 12:15:00,388.0,388.0,386.0,387.0,21,385.7,3044
2026-07-20 12:20:00,387.0,389.0,386.5,388.0,45,385.74,3044
2026-07-20 12:25:00,389.0,393.0,389.0,392.0,114,386.03,3044
2026-07-20 12:30:00,391.5,393.0,391.5,393.0,26,386.1,3044
2026-07-20 12:35:00,392.0,393.5,391.5,393.5,21,386.17,3044
2026-07-20 12:40:00,393.5,394.5,391.5,393.5,33,386.27,3044
2026-07-20 12:45:00,393.0,393.0,391.0,392.0,29,386.35,3044
2026-07-20 12:50:00,391.5,393.0,391.5,392.0,17,386.39,3044
2026-07-20 12:55:00,391.5,391.5,390.0,390.0,23,386.44,3044
2026-07-20 13:00:00,390.0,391.5,389.0,389.5,38,386.5,3044
2026-07-20 13:05:00,389.0,389.5,387.5,388.0,58,386.55,3044
2026-07-20 13:10:00,388.0,388.5,386.5,388.5,57,386.57,3044
2026-07-20 13:15:00,389.0,390.5,388.0,389.0,72,386.65,3044
2026-07-20 13:20:00,389.5,389.5,387.5,389.5,82,386.7,3044
2026-07-20 13:30:00,388.0,388.0,388.0,388.0,166,386.78,3044
2026-07-21 09:00:00,396.0,396.5,392.5,395.5,92,394.77,3044
2026-07-21 09:05:00,396.0,398.0,395.5,395.5,77,395.49,3044
2026-07-21 09:10:00,396.5,396.5,394.5,394.5,57,395.38,3044
2026-07-21 09:15:00,394.5,394.5,391.5,392.5,73,394.84,3044
2026-07-21 09:20:00,393.5,394.5,393.0,393.0,13,394.79,3044
2026-07-21 09:25:00,393.0,393.0,392.0,392.0,28,394.59,3044
2026-07-21 09:30:00,392.5,395.5,392.5,394.5,43,394.5,3044
2026-07-21 09:35:00,395.0,395.5,394.0,394.0,17,394.5,3044
2026-07-21 09:40:00,393.5,394.0,390.0,390.5,75,394.14,3044
2026-07-21 09:45:00,390.5,392.5,390.5,392.5,26,393.98,3044
2026-07-21 09:50:00,392.0,393.5,392.0,393.5,23,393.92,3044
2026-07-21 09:55:00,393.5,393.5,393.0,393.0,13,393.9,3044
2026-07-21 10:00:00,392.5,393.5,392.5,393.5,30,393.86,3044
2026-07-21 10:05:00,394.0,395.0,393.0,393.0,37,393.87,3044
2026-07-21 10:10:00,392.5,393.0,392.0,393.0,24,393.82,3044
2026-07-21 10:15:00,393.0,393.5,392.0,392.0,19,393.78,3044
2026-07-21 10:20:00,392.5,393.0,392.0,393.0,18,393.75,3044
2026-07-21 10:25:00,393.0,393.0,392.5,393.0,13,393.73,3044
2026-07-21 10:30:00,393.0,393.0,393.0,393.0,7,393.73,3044
2026-07-21 10:35:00,392.5,393.0,392.0,392.5,42,393.65,3044
2026-07-21 10:40:00,392.0,394.5,391.5,394.5,46,393.6,3044
2026-07-21 10:45:00,394.5,395.0,394.0,394.5,36,393.65,3044
2026-07-21 10:50:00,394.5,395.5,393.5,395.5,29,393.69,3044
2026-07-21 10:55:00,395.5,397.5,395.5,397.0,43,393.81,3044
2026-07-21 11:00:00,397.0,399.5,396.5,398.5,68,394.1,3044
2026-07-21 11:05:00,399.0,399.0,397.5,397.5,22,394.2,3044
2026-07-21 11:10:00,398.0,400.0,397.5,399.5,46,394.41,3044
2026-07-21 11:15:00,399.5,399.5,398.5,399.0,25,394.53,3044
2026-07-21 11:20:00,399.0,399.5,399.0,399.5,29,394.66,3044
2026-07-21 11:25:00,399.5,400.0,399.0,399.0,37,394.82,3044
2026-07-21 11:30:00,399.0,400.5,399.0,400.5,30,394.96,3044
2026-07-21 11:35:00,400.5,401.0,400.5,401.0,35,395.13,3044
2026-07-21 11:40:00,401.0,402.0,401.0,402.0,34,395.3,3044
2026-07-21 11:45:00,401.5,402.0,401.5,401.5,40,395.52,3044
2026-07-21 11:50:00,402.0,402.0,400.0,400.5,33,395.65,3044
2026-07-21 11:55:00,400.5,402.0,400.0,402.0,38,395.81,3044
2026-07-21 12:00:00,402.5,402.5,401.0,401.0,28,395.93,3044
2026-07-21 12:05:00,401.0,401.5,400.5,401.5,25,396.02,3044
2026-07-21 12:10:00,401.5,401.5,401.0,401.5,20,396.1,3044
2026-07-21 12:15:00,401.5,402.0,401.5,402.0,26,396.2,3044
2026-07-21 12:20:00,402.0,402.5,401.0,401.5,52,396.4,3044
2026-07-21 12:25:00,401.5,402.0,400.5,402.0,44,396.55,3044
2026-07-21 12:30:00,402.0,402.5,401.5,402.5,15,396.6,3044
2026-07-21 12:35:00,402.5,403.0,401.5,403.0,42,396.76,3044
2026-07-21 12:40:00,403.5,404.0,401.5,402.5,74,397.04,3044
2026-07-21 12:45:00,402.5,402.5,401.5,402.5,14,397.08,3044
2026-07-21 12:50:00,402.5,403.0,402.5,403.0,37,397.2,3044
2026-07-21 12:55:00,403.0,403.0,402.0,402.0,42,397.33,3044
2026-07-21 13:00:00,402.0,402.5,402.0,402.5,27,397.41,3044
2026-07-21 13:05:00,402.5,403.0,402.0,403.0,36,397.51,3044
2026-07-21 13:10:00,403.0,403.0,402.5,402.5,26,397.59,3044
2026-07-21 13:15:00,403.0,403.0,401.5,402.0,79,397.77,3044
2026-07-21 13:20:00,402.5,403.5,402.0,403.5,38,397.86,3044
2026-07-21 13:30:00,404.5,404.5,404.5,404.5,192,398.46,3044
2026-07-22 09:00:00,415.0,418.0,414.0,417.5,205,415.34,3044
2026-07-22 09:05:00,418.0,418.0,416.5,417.5,51,415.73,3044
2026-07-22 09:10:00,417.0,417.5,415.0,415.5,69,415.86,3044
2026-07-22 09:15:00,415.5,416.0,414.5,415.0,74,415.72,3044
2026-07-22 09:20:00,415.0,416.0,413.5,413.5,77,415.51,3044
2026-07-22 09:25:00,413.5,413.5,410.5,410.5,75,415.08,3044
2026-07-22 09:30:00,410.5,412.0,410.0,410.0,50,414.74,3044
2026-07-22 09:35:00,410.0,411.0,409.0,410.5,37,414.46,3044
2026-07-22 09:40:00,410.5,411.0,409.5,411.0,37,414.21,3044
2026-07-22 09:45:00,411.0,413.5,411.0,413.5,58,414.07,3044
2026-07-22 09:50:00,413.5,414.0,413.0,414.0,29,414.05,3044
2026-07-22 09:55:00,413.5,413.5,411.5,411.5,65,413.94,3044
2026-07-22 10:00:00,411.5,412.5,411.0,412.5,48,413.81,3044
2026-07-22 10:05:00,412.0,417.0,412.0,415.5,57,413.83,3044
2026-07-22 10:10:00,415.5,417.0,415.0,416.0,42,413.92,3044
2026-07-22 10:15:00,415.5,418.0,415.5,417.5,81,414.15,3044
2026-07-22 10:20:00,418.0,420.0,418.0,419.5,134,414.69,3044
2026-07-22 10:25:00,419.0,420.0,419.0,420.0,32,414.82,3044
2026-07-22 10:30:00,419.5,420.0,417.0,417.5,58,414.99,3044
2026-07-22 10:35:00,417.0,418.0,417.0,418.0,19,415.02,3044
2026-07-22 10:40:00,417.5,419.5,417.5,419.0,38,415.13,3044
2026-07-22 10:45:00,419.0,419.5,419.0,419.5,27,415.21,3044
2026-07-22 10:50:00,419.5,420.0,419.0,420.0,67,415.4,3044
2026-07-22 10:55:00,419.5,420.0,418.0,418.5,57,415.53,3044
2026-07-22 11:00:00,418.5,420.0,418.5,419.5,29,415.6,3044
2026-07-22 11:05:00,420.0,420.0,418.5,419.5,72,415.76,3044
2026-07-22 11:10:00,419.0,419.0,418.5,418.5,37,415.82,3044
2026-07-22 11:15:00,418.5,419.0,417.5,417.5,68,415.93,3044
2026-07-22 11:20:00,417.5,419.5,417.5,419.0,68,416.03,3044
2026-07-22 11:25:00,419.5,419.5,419.0,419.0,14,416.05,3044
2026-07-22 11:30:00,419.0,420.0,419.0,420.0,74,416.2,3044
2026-07-22 11:35:00,420.0,420.0,418.5,419.5,53,416.29,3044
2026-07-22 11:40:00,419.0,420.5,419.0,420.0,25,416.33,3044
2026-07-22 11:45:00,420.0,420.5,420.0,420.5,25,416.38,3044
2026-07-22 11:50:00,420.5,420.5,418.5,418.5,109,416.53,3044
2026-07-22 11:55:00,418.0,418.5,417.5,417.5,55,416.57,3044
2026-07-22 12:00:00,418.0,418.0,417.5,418.0,32,416.59,3044
2026-07-22 12:05:00,418.0,420.0,417.5,419.5,43,416.64,3044
2026-07-22 12:10:00,419.5,419.5,418.5,419.0,42,416.68,3044
2026-07-22 12:15:00,418.0,419.0,418.0,419.0,46,416.72,3044
2026-07-22 12:20:00,419.0,420.0,419.0,420.0,25,416.75,3044
2026-07-22 12:25:00,419.5,420.0,419.5,420.0,28,416.78,3044
2026-07-22 12:30:00,420.0,421.0,420.0,421.0,35,416.84,3044
2026-07-22 12:35:00,421.0,421.0,420.0,420.5,57,416.92,3044
2026-07-22 12:40:00,420.5,421.0,420.5,421.0,19,416.95,3044
2026-07-22 12:45:00,421.0,421.0,419.5,420.0,61,417.02,3044
2026-07-22 12:50:00,419.5,420.0,419.0,419.5,48,417.07,3044
2026-07-22 12:55:00,419.0,419.0,418.0,418.5,60,417.1,3044
2026-07-22 13:00:00,418.5,419.0,416.5,417.0,105,417.14,3044
2026-07-22 13:05:00,416.5,419.0,416.0,417.5,97,417.15,3044
2026-07-22 13:10:00,417.5,418.0,416.5,417.0,68,417.16,3044
2026-07-22 13:15:00,418.0,418.0,415.0,415.5,109,417.11,3044
2026-07-22 13:20:00,416.0,418.0,415.5,417.0,130,417.09,3044
2026-07-22 13:30:00,417.5,417.5,417.5,417.5,218,417.12,3044
2026-07-23 09:00:00,415.5,415.5,410.0,410.0,264,412.91,3044
2026-07-23 09:05:00,410.5,412.0,409.0,410.0,165,411.89,3044
2026-07-23 09:10:00,410.0,410.0,407.5,407.5,86,411.39,3044
2026-07-23 09:15:00,407.5,408.5,406.5,406.5,78,410.9,3044
2026-07-23 09:20:00,406.5,408.0,406.5,408.0,52,410.6,3044
2026-07-23 09:25:00,408.0,408.0,407.0,408.0,61,410.34,3044
2026-07-23 09:30:00,407.5,407.5,405.5,406.5,124,409.76,3044
2026-07-23 09:35:00,407.0,408.0,407.0,407.5,30,409.69,3044
2026-07-23 09:40:00,407.0,407.0,406.0,406.0,31,409.57,3044
2026-07-23 09:45:00,406.0,408.5,405.5,408.0,111,409.23,3044
2026-07-23 09:50:00,408.0,408.0,407.5,408.0,28,409.18,3044
2026-07-23 09:55:00,407.5,408.5,407.5,408.0,23,409.16,3044
2026-07-23 10:00:00,408.0,408.5,407.5,408.0,38,409.11,3044
2026-07-23 10:05:00,408.5,409.0,408.5,408.5,23,409.1,3044
2026-07-23 10:10:00,408.5,409.5,408.0,409.0,31,409.1,3044
2026-07-23 10:15:00,409.0,409.0,406.0,406.0,62,409.02,3044
2026-07-23 10:20:00,406.5,406.5,405.0,406.0,82,408.81,3044
2026-07-23 10:25:00,405.5,405.5,402.0,402.5,116,408.43,3044
2026-07-23 10:30:00,403.0,406.0,402.5,406.0,62,408.24,3044
2026-07-23 10:35:00,405.5,405.5,403.5,403.5,32,408.16,3044
2026-07-23 10:40:00,403.5,404.0,403.0,403.5,27,408.08,3044
2026-07-23 10:45:00,403.5,405.5,403.5,404.0,30,408.01,3044
2026-07-23 10:50:00,404.0,404.5,403.5,404.5,16,407.97,3044
2026-07-23 10:55:00,404.5,404.5,404.0,404.5,8,407.95,3044
2026-07-23 11:00:00,404.0,404.5,403.5,404.0,27,407.88,3044
2026-07-23 11:05:00,404.0,404.0,403.5,403.5,12,407.85,3044
2026-07-23 11:10:00,404.0,404.0,402.5,403.5,90,407.61,3044
2026-07-23 11:15:00,403.5,404.0,403.0,404.0,28,407.55,3044
2026-07-23 11:20:00,404.0,405.0,404.0,405.0,34,407.49,3044
2026-07-23 11:25:00,405.0,405.5,405.0,405.5,27,407.46,3044
2026-07-23 11:30:00,405.5,406.0,405.0,405.5,49,407.41,3044
2026-07-23 11:35:00,405.5,406.5,405.0,406.5,30,407.38,3044
2026-07-23 11:40:00,406.5,407.5,406.0,407.0,62,407.37,3044
2026-07-23 11:45:00,407.0,407.0,406.0,406.5,40,407.35,3044
2026-07-23 11:50:00,406.5,408.0,406.5,407.5,32,407.35,3044
2026-07-23 11:55:00,407.5,407.5,406.5,406.5,21,407.34,3044
2026-07-23 12:00:00,406.0,407.0,406.0,406.0,43,407.32,3044
2026-07-23 12:05:00,406.0,406.5,404.5,405.0,53,407.28,3044
2026-07-23 12:10:00,405.5,406.5,404.0,406.5,73,407.21,3044
2026-07-23 12:15:00,406.5,407.0,406.0,406.5,36,407.19,3044
2026-07-23 12:20:00,406.5,407.0,406.5,407.0,24,407.19,3044
2026-07-23 12:25:00,407.0,407.0,406.5,407.0,41,407.18,3044
2026-07-23 12:30:00,406.5,407.5,406.5,407.5,21,407.18,3044
2026-07-23 12:35:00,407.5,408.0,406.5,407.0,36,407.18,3044
2026-07-23 12:40:00,407.0,407.5,406.0,406.5,38,407.18,3044
2026-07-23 12:45:00,406.5,406.5,406.0,406.5,21,407.17,3044
2026-07-23 12:50:00,406.5,407.0,406.0,406.0,46,407.15,3044
2026-07-23 12:55:00,406.0,406.5,406.0,406.0,16,407.15,3044
2026-07-23 13:00:00,406.0,406.5,405.5,406.0,51,407.12,3044
2026-07-23 13:05:00,405.5,406.0,405.0,405.0,51,407.09,3044
2026-07-23 13:10:00,405.0,407.0,405.0,406.0,89,407.04,3044
2026-07-23 13:15:00,405.5,407.5,405.5,407.0,54,407.02,3044
2026-07-23 13:20:00,406.5,408.0,404.0,405.0,143,406.92,3044
2026-07-23 13:30:00,406.0,406.0,406.0,406.0,178,406.86,3044
2026-07-24 09:00:00,404.5,407.0,399.5,402.0,96,402.73,3044
2026-07-24 09:05:00,403.0,406.0,403.0,403.5,41,403.15,3044
2026-07-24 09:10:00,403.0,404.0,401.0,401.0,32,402.94,3044
2026-07-24 09:15:00,401.0,404.0,400.5,402.0,27,402.85,3044
2026-07-24 09:20:00,403.0,404.0,402.5,403.0,13,402.88,3044
2026-07-24 09:25:00,403.5,404.5,402.5,403.5,31,402.97,3044
2026-07-24 09:30:00,404.5,406.0,404.5,406.0,16,403.12,3044
2026-07-24 09:35:00,406.0,406.0,404.0,404.0,23,403.28,3044
2026-07-24 09:40:00,404.5,405.0,403.0,403.5,41,403.38,3044
2026-07-24 09:45:00,404.0,404.0,403.0,403.5,30,403.37,3044
2026-07-24 09:50:00,403.0,403.5,401.5,403.5,76,403.18,3044
2026-07-24 09:55:00,402.5,403.0,402.0,403.0,14,403.16,3044
2026-07-24 10:00:00,403.0,403.0,400.5,400.5,50,402.98,3044
2026-07-24 10:05:00,400.5,401.0,398.5,399.5,82,402.52,3044
2026-07-24 10:10:00,399.5,402.0,399.5,401.0,18,402.47,3044
2026-07-24 10:15:00,401.0,401.0,399.5,399.5,20,402.39,3044
2026-07-24 10:20:00,399.0,399.0,397.5,399.0,66,402.0,3044
2026-07-24 10:25:00,398.0,400.0,397.5,397.5,57,401.71,3044
2026-07-24 10:30:00,397.5,397.5,396.0,396.0,32,401.5,3044
2026-07-24 10:35:00,396.0,396.5,393.0,394.0,72,400.94,3044
2026-07-24 10:40:00,394.0,394.0,391.5,392.5,38,400.58,3044
2026-07-24 10:45:00,392.0,393.0,392.0,393.0,39,400.24,3044
2026-07-24 10:50:00,392.0,393.5,392.0,393.5,38,399.92,3044
2026-07-24 10:55:00,393.5,395.5,393.5,393.5,31,399.75,3044
2026-07-24 11:00:00,393.0,397.0,393.0,396.5,38,399.6,3044
2026-07-24 11:05:00,396.5,396.5,395.0,395.0,31,399.49,3044
2026-07-24 11:10:00,395.0,397.0,393.5,397.0,27,399.38,3044
2026-07-24 11:15:00,397.0,398.0,396.0,398.0,32,399.32,3044
2026-07-24 11:20:00,397.5,399.0,397.5,398.5,18,399.3,3044
2026-07-24 11:25:00,397.5,398.5,397.5,398.5,18,399.28,3044
2026-07-24 11:30:00,398.5,399.5,396.5,397.0,45,399.22,3044
2026-07-24 11:35:00,397.0,397.5,396.0,396.5,16,399.19,3044
2026-07-24 11:40:00,397.0,397.5,395.5,396.5,27,399.13,3044
2026-07-24 11:45:00,396.0,396.5,396.0,396.5,9,399.11,3044
2026-07-24 11:50:00,396.0,396.5,395.5,395.5,24,399.05,3044
2026-07-24 11:55:00,395.0,396.0,394.0,394.0,31,398.94,3044
2026-07-24 12:00:00,394.5,395.5,393.5,393.5,32,398.84,3044
2026-07-24 12:05:00,393.5,394.5,392.5,393.5,35,398.69,3044
2026-07-24 12:10:00,393.0,393.0,392.0,392.5,40,398.51,3044
2026-07-24 12:15:00,392.0,393.0,391.5,393.0,30,398.38,3044
2026-07-24 12:20:00,393.0,394.0,392.5,392.5,16,398.32,3044
2026-07-24 12:25:00,392.5,393.5,392.5,393.0,14,398.27,3044
2026-07-24 12:30:00,393.0,393.5,392.0,392.5,16,398.21,3044
2026-07-24 12:35:00,392.0,393.0,392.0,392.0,28,398.1,3044
2026-07-24 12:40:00,393.0,393.0,391.5,391.5,19,398.02,3044
2026-07-24 12:45:00,391.5,391.5,391.5,391.5,15,397.96,3044
2026-07-24 12:50:00,391.5,393.0,391.5,393.0,33,397.83,3044
2026-07-24 12:55:00,392.5,392.5,391.5,392.0,18,397.77,3044
2026-07-24 13:00:00,392.0,392.5,391.5,391.5,22,397.69,3044
2026-07-24 13:05:00,391.5,392.0,391.5,392.0,26,397.59,3044
2026-07-24 13:10:00,392.5,393.0,392.0,393.0,25,397.52,3044
2026-07-24 13:15:00,392.5,392.5,391.0,391.0,81,397.24,3044
2026-07-24 13:20:00,391.0,393.0,390.0,392.0,102,396.88,3044
2026-07-24 13:30:00,393.0,393.0,393.0,393.0,131,396.63,3044
2026-07-27 09:00:00,400.0,400.0,394.0,394.5,87,397.78,3044
2026-07-27 09:05:00,395.5,398.0,394.0,395.5,53,396.94,3044
2026-07-27 09:10:00,395.5,395.5,393.5,394.0,39,396.44,3044
2026-07-27 09:15:00,393.0,394.0,392.0,392.5,60,395.51,3044
2026-07-27 09:20:00,392.5,392.5,390.0,391.0,47,394.76,3044
2026-07-27 09:25:00,391.0,391.0,387.0,389.0,79,393.64,3044
2026-07-27 09:30:00,389.5,394.5,389.5,392.5,44,393.53,3044
2026-07-27 09:35:00,392.5,392.5,392.5,392.5,6,393.51,3044
2026-07-27 09:40:00,392.5,393.0,391.5,391.5,9,393.48,3044
2026-07-27 09:45:00,392.0,393.0,392.0,393.0,6,393.47,3044
2026-07-27 09:50:00,393.0,393.0,391.5,392.0,23,393.41,3044
2026-07-27 09:55:00,392.5,394.0,392.5,393.5,13,393.4,3044
2026-07-27 10:00:00,393.0,393.0,392.0,392.0,14,393.38,3044
2026-07-27 10:05:00,392.5,393.0,391.0,391.0,11,393.35,3044
2026-07-27 10:10:00,392.0,392.0,390.0,390.0,17,393.28,3044
2026-07-27 10:15:00,391.0,391.0,390.0,390.5,10,393.22,3044
2026-07-27 10:20:00,390.5,390.5,389.0,389.0,22,393.09,3044
2026-07-27 10:25:00,390.0,392.0,390.0,392.0,13,393.04,3044
2026-07-27 10:30:00,392.0,392.5,389.5,389.5,15,392.98,3044
2026-07-27 10:35:00,391.0,392.0,391.0,392.0,6,392.96,3044
2026-07-27 10:40:00,392.0,392.0,390.0,390.5,25,392.9,3044
2026-07-27 10:45:00,391.0,391.5,390.5,391.0,14,392.86,3044
2026-07-27 10:50:00,390.5,391.0,390.5,391.0,6,392.84,3044
2026-07-27 10:55:00,391.5,391.5,389.5,390.5,14,392.78,3044
2026-07-27 11:00:00,389.0,390.0,389.0,389.0,19,392.68,3044
2026-07-27 11:05:00,390.0,390.0,388.5,388.5,11,392.63,3044
2026-07-27 11:10:00,389.0,389.0,387.0,387.5,47,392.32,3044
2026-07-27 11:15:00,388.0,388.5,388.0,388.5,10,392.27,3044
2026-07-27 11:20:00,389.0,389.0,388.5,389.0,10,392.22,3044
2026-07-27 11:25:00,389.0,389.0,385.5,385.5,47,391.94,3044
2026-07-27 11:30:00,386.5,387.0,386.0,387.0,21,391.8,3044
2026-07-27 11:35:00,387.0,387.5,386.0,387.5,10,391.74,3044
2026-07-27 11:40:00,387.5,387.5,386.0,387.0,20,391.62,3044
2026-07-27 11:45:00,386.0,386.5,385.5,385.5,13,391.53,3044
2026-07-27 11:50:00,385.5,386.0,385.5,386.0,18,391.41,3044
2026-07-27 11:55:00,385.5,387.0,385.0,386.0,33,391.21,3044
2026-07-27 12:00:00,386.5,386.5,386.0,386.0,3,391.19,3044
2026-07-27 12:05:00,386.5,387.5,386.5,387.0,24,391.08,3044
2026-07-27 12:10:00,386.5,387.0,386.5,387.0,9,391.03,3044
2026-07-27 12:15:00,387.0,387.0,387.0,387.0,5,391.01,3044
2026-07-27 12:20:00,387.0,388.0,387.0,387.5,23,390.92,3044
2026-07-27 12:25:00,387.5,387.5,387.0,387.0,11,390.88,3044
2026-07-27 12:30:00,387.5,387.5,387.0,387.5,10,390.85,3044
2026-07-27 12:35:00,388.0,388.5,387.0,388.5,8,390.82,3044
2026-07-27 12:40:00,388.0,388.5,388.0,388.5,6,390.8,3044
2026-07-27 12:45:00,388.5,389.0,388.5,389.0,13,390.78,3044
2026-07-27 12:50:00,389.0,389.5,389.0,389.5,6,390.77,3044
2026-07-27 12:55:00,389.5,390.5,389.5,390.5,22,390.74,3044
2026-07-27 13:00:00,390.5,391.0,390.0,391.0,19,390.74,3044
2026-07-27 13:05:00,390.5,391.0,390.0,390.0,33,390.73,3044
2026-07-27 13:10:00,391.0,391.0,390.5,391.0,9,390.73,3044
2026-07-27 13:15:00,390.5,392.0,390.5,392.0,36,390.74,3044
2026-07-27 13:20:00,392.0,392.5,391.0,391.5,35,390.77,3044
2026-07-27 13:30:00,390.5,390.5,390.5,390.5,157,390.74,3044
2026-07-28 09:00:00,377.0,379.0,373.5,376.5,184,375.92,3044
2026-07-28 09:05:00,376.5,376.5,374.0,375.5,83,375.62,3044
2026-07-28 09:10:00,375.5,375.5,369.5,370.5,154,374.36,3044
2026-07-28 09:15:00,370.0,371.0,369.5,371.0,41,374.0,3044
2026-07-28 09:20:00,370.5,374.5,370.0,374.5,36,373.85,3044
2026-07-28 09:25:00,374.5,376.0,374.5,375.5,56,374.0,3044
2026-07-28 09:30:00,375.5,375.5,373.5,373.5,31,374.02,3044
2026-07-28 09:35:00,373.5,373.5,372.5,372.5,22,373.99,3044
2026-07-28 09:40:00,372.5,374.5,371.5,374.5,73,373.9,3044
2026-07-28 09:45:00,374.0,374.0,374.0,374.0,8,373.9,3044
2026-07-28 09:50:00,374.0,374.0,372.0,372.0,33,373.86,3044
2026-07-28 09:55:00,372.0,372.0,370.0,370.5,61,373.65,3044
2026-07-28 10:00:00,370.5,370.5,369.0,369.5,88,373.26,3044
2026-07-28 10:05:00,369.5,369.5,368.5,368.5,33,373.1,3044
2026-07-28 10:10:00,368.5,368.5,367.5,367.5,61,372.77,3044
2026-07-28 10:15:00,367.5,368.5,367.0,368.5,35,372.6,3044
2026-07-28 10:20:00,369.0,371.0,369.0,369.5,42,372.48,3044
2026-07-28 10:25:00,369.0,369.0,367.0,367.0,34,372.34,3044
2026-07-28 10:30:00,367.0,367.0,365.5,365.5,47,372.09,3044
2026-07-28 10:35:00,366.0,366.5,365.0,365.5,47,371.83,3044
2026-07-28 10:40:00,365.0,366.0,364.5,365.0,22,371.71,3044
2026-07-28 10:45:00,365.0,366.0,364.5,366.0,107,371.16,3044
2026-07-28 10:50:00,366.5,367.0,364.5,367.0,47,370.96,3044
2026-07-28 10:55:00,366.5,366.5,365.0,365.0,19,370.89,3044
2026-07-28 11:00:00,365.0,365.5,364.5,365.5,22,370.79,3044
2026-07-28 11:05:00,365.0,365.0,363.0,363.5,57,370.52,3044
2026-07-28 11:10:00,363.5,364.0,362.0,364.0,74,370.15,3044
2026-07-28 11:15:00,363.5,366.5,363.5,366.5,28,370.05,3044
2026-07-28 11:20:00,366.5,367.5,366.0,366.5,23,370.0,3044
2026-07-28 11:25:00,366.5,367.5,365.5,366.0,39,369.92,3044
2026-07-28 11:30:00,365.0,366.0,364.5,366.0,25,369.84,3044
2026-07-28 11:35:00,366.5,368.0,366.5,368.0,18,369.81,3044
2026-07-28 11:40:00,368.5,369.0,368.0,368.0,24,369.79,3044
2026-07-28 11:45:00,369.0,369.5,369.0,369.5,11,369.79,3044
2026-07-28 11:50:00,369.5,369.5,369.5,369.5,6,369.79,3044
2026-07-28 11:55:00,369.0,369.0,368.0,369.0,23,369.77,3044
2026-07-28 12:00:00,368.5,368.5,368.0,368.5,11,369.76,3044
2026-07-28 12:05:00,367.0,367.5,367.0,367.0,9,369.75,3044
2026-07-28 12:10:00,367.0,367.5,366.5,366.5,7,369.74,3044
2026-07-28 12:15:00,366.0,367.0,366.0,367.0,15,369.71,3044
2026-07-28 12:20:00,367.5,368.0,366.5,367.0,10,369.7,3044
2026-07-28 12:25:00,366.5,366.5,366.0,366.0,9,369.68,3044
2026-07-28 12:30:00,366.0,366.0,365.5,365.5,18,369.64,3044
2026-07-28 12:35:00,366.0,366.0,364.5,364.5,22,369.58,3044
2026-07-28 12:40:00,364.5,364.5,364.0,364.0,32,369.49,3044
2026-07-28 12:45:00,363.5,364.5,363.5,364.5,24,369.42,3044
2026-07-28 12:50:00,364.5,364.5,363.0,363.0,18,369.37,3044
2026-07-28 12:55:00,363.0,363.0,362.0,362.0,28,369.26,3044
2026-07-28 13:00:00,362.0,363.0,362.0,362.5,43,369.12,3044
2026-07-28 13:05:00,362.0,362.0,361.5,362.0,53,368.92,3044
2026-07-28 13:10:00,362.0,362.0,360.0,360.0,44,368.75,3044
2026-07-28 13:15:00,360.0,360.5,359.0,359.0,77,368.43,3044
2026-07-28 13:20:00,359.0,360.0,358.5,359.5,99,368.03,3044
2026-07-28 13:30:00,359.5,359.5,359.5,359.5,203,367.32,3044
2026-07-29 09:00:00,360.0,361.0,355.5,359.5,269,359.28,3044
2026-07-29 09:05:00,359.0,359.0,350.5,351.0,197,357.41,3044
2026-07-29 09:10:00,350.5,351.0,342.0,343.0,397,352.11,3044
2026-07-29 09:15:00,342.5,347.5,340.0,347.0,211,350.24,3044
2026-07-29 09:20:00,348.0,352.5,346.0,352.5,115,350.13,3044
2026-07-29 09:25:00,352.5,352.5,348.5,351.0,57,350.16,3044
2026-07-29 09:30:00,350.5,351.5,348.5,350.5,56,350.16,3044
2026-07-29 09:35:00,350.5,351.0,348.0,348.0,31,350.14,3044
2026-07-29 09:40:00,347.5,347.5,344.0,346.0,59,349.93,3044
2026-07-29 09:45:00,345.5,345.5,343.0,343.5,66,349.66,3044
2026-07-29 09:50:00,343.0,343.0,339.0,340.0,141,348.89,3044
2026-07-29 09:55:00,339.5,340.0,335.0,335.0,191,347.74,3044
2026-07-29 10:00:00,335.5,337.5,334.5,335.5,194,346.6,3044
2026-07-29 10:05:00,335.5,336.0,333.0,333.0,68,346.21,3044
2026-07-29 10:10:00,333.0,334.0,332.5,333.5,106,345.58,3044
2026-07-29 10:15:00,334.0,335.5,331.0,331.0,180,344.62,3044
2026-07-29 10:20:00,331.0,337.0,329.0,335.0,336,343.17,3044
2026-07-29 10:25:00,334.5,335.0,332.5,333.5,186,342.54,3044
2026-07-29 10:30:00,333.5,334.5,333.0,333.0,91,342.28,3044
2026-07-29 10:35:00,333.0,333.0,330.5,331.5,54,342.09,3044
2026-07-29 10:40:00,331.5,332.5,330.5,331.0,64,341.87,3044
2026-07-29 10:45:00,331.0,331.0,329.5,330.5,65,341.62,3044
2026-07-29 10:50:00,330.0,331.5,329.5,331.5,122,341.2,3044
2026-07-29 10:55:00,331.5,331.5,329.0,330.0,98,340.86,3044
2026-07-29 11:00:00,330.0,332.5,330.0,331.5,104,340.57,3044
2026-07-29 11:05:00,331.5,335.5,331.5,335.0,121,340.34,3044
2026-07-29 11:10:00,335.5,336.0,333.0,334.0,63,340.25,3044
2026-07-29 11:15:00,334.5,334.5,332.5,332.5,21,340.21,3044
2026-07-29 11:20:00,332.5,335.5,332.5,334.0,131,340.01,3044
2026-07-29 11:25:00,334.0,334.0,333.0,333.0,11,340.0,3044
2026-07-29 11:30:00,332.5,333.5,332.0,333.5,33,339.93,3044
2026-07-29 11:35:00,333.5,335.0,333.0,334.5,91,339.79,3044
2026-07-29 11:40:00,334.5,335.0,334.0,334.5,24,339.76,3044
2026-07-29 11:45:00,334.5,335.0,334.0,334.0,130,339.6,3044
2026-07-29 11:50:00,334.0,334.0,332.0,332.0,24,339.56,3044
2026-07-29 11:55:00,331.5,332.5,331.0,331.5,99,339.38,3044
2026-07-29 12:00:00,331.0,331.5,330.0,330.0,26,339.33,3044
2026-07-29 12:05:00,330.5,331.0,329.0,329.5,28,339.27,3044
2026-07-29 12:10:00,329.5,331.0,328.5,331.0,58,339.14,3044
2026-07-29 12:15:00,331.0,331.0,329.5,329.5,22,339.09,3044
2026-07-29 12:20:00,330.0,331.0,329.5,331.0,64,338.97,3044
2026-07-29 12:25:00,331.0,331.0,329.5,330.0,44,338.88,3044
2026-07-29 12:30:00,330.0,331.0,329.5,330.0,16,338.85,3044
2026-07-29 12:35:00,330.0,331.0,329.0,329.0,54,338.75,3044
2026-07-29 12:40:00,329.0,330.0,327.0,327.0,87,338.54,3044
2026-07-29 12:45:00,327.5,332.5,327.0,332.0,96,338.36,3044
2026-07-29 12:50:00,333.0,336.0,333.0,335.5,101,338.27,3044
2026-07-29 12:55:00,336.0,337.5,334.5,335.5,89,338.23,3044
2026-07-29 13:00:00,335.5,337.5,335.5,337.0,59,338.21,3044
2026-07-29 13:05:00,337.0,338.0,336.0,338.0,75,338.2,3044
2026-07-29 13:10:00,338.5,341.0,338.0,341.0,112,338.23,3044
2026-07-29 13:15:00,341.5,341.5,337.0,338.5,78,338.25,3044
2026-07-29 13:20:00,338.5,339.5,336.5,338.0,70,338.24,3044
2026-07-29 13:30:00,339.5,339.5,339.5,339.5,272,338.3,3044
2026-07-30 09:00:00,345.0,345.0,332.0,337.0,220,338.08,3044
2026-07-30 09:05:00,336.5,342.5,336.5,341.5,88,338.56,3044
2026-07-30 09:10:00,341.0,342.5,339.0,339.0,78,338.99,3044
2026-07-30 09:15:00,340.0,342.0,336.5,342.0,63,338.96,3044
2026-07-30 09:20:00,342.0,344.5,339.5,342.5,73,339.42,3044
2026-07-30 09:25:00,343.0,346.5,342.5,346.5,37,339.75,3044
2026-07-30 09:30:00,346.5,354.5,346.5,354.0,175,342.46,3044
2026-07-30 09:35:00,353.0,354.0,352.0,353.5,39,342.99,3044
2026-07-30 09:40:00,353.0,355.0,352.5,353.0,58,343.72,3044
2026-07-30 09:45:00,352.5,359.0,351.0,358.0,95,344.85,3044
2026-07-30 09:50:00,357.0,359.0,356.5,357.5,47,345.45,3044
2026-07-30 09:55:00,358.0,359.0,356.5,357.0,32,345.85,3044
2026-07-30 10:00:00,358.0,358.0,354.0,354.0,51,346.33,3044
2026-07-30 10:05:00,355.0,355.0,351.5,352.5,51,346.63,3044
2026-07-30 10:10:00,352.5,353.0,351.0,352.0,31,346.78,3044
2026-07-30 10:15:00,350.5,350.5,348.5,348.5,38,346.88,3044
2026-07-30 10:20:00,348.5,349.0,346.5,347.5,29,346.9,3044
2026-07-30 10:25:00,348.0,348.5,344.5,344.5,66,346.91,3044
2026-07-30 10:30:00,344.5,346.0,342.5,346.0,37,346.84,3044
2026-07-30 10:35:00,346.0,348.5,345.0,348.5,11,346.84,3044
2026-07-30 10:40:00,348.0,354.5,347.5,351.0,50,346.99,3044
2026-07-30 10:45:00,350.5,351.0,349.0,349.0,32,347.06,3044
2026-07-30 10:50:00,348.5,350.0,348.5,350.0,13,347.08,3044
2026-07-30 10:55:00,350.0,350.5,346.0,347.0,23,347.1,3044
2026-07-30 11:00:00,347.0,350.5,347.0,349.5,26,347.13,3044
2026-07-30 11:05:00,350.5,350.5,349.5,350.0,20,347.16,3044
2026-07-30 11:10:00,350.5,350.5,347.5,349.5,95,347.29,3044
2026-07-30 11:15:00,349.0,350.0,347.5,349.0,25,347.31,3044
2026-07-30 11:20:00,349.0,349.0,345.5,347.0,82,347.31,3044
2026-07-30 11:25:00,346.5,348.5,346.5,346.5,27,347.31,3044
2026-07-30 11:30:00,347.5,347.5,345.5,346.0,24,347.29,3044
2026-07-30 11:35:00,347.0,347.5,346.5,346.5,17,347.29,3044
2026-07-30 11:40:00,346.0,348.0,346.0,347.5,37,347.3,3044
2026-07-30 11:45:00,348.0,350.5,348.0,350.0,27,347.33,3044
2026-07-30 11:50:00,350.0,350.0,348.5,350.0,12,347.35,3044
2026-07-30 11:55:00,350.0,350.0,348.0,348.5,16,347.36,3044
2026-07-30 12:00:00,348.0,349.0,348.0,348.5,23,347.37,3044
2026-07-30 12:05:00,348.5,348.5,346.0,346.5,70,347.37,3044
2026-07-30 12:10:00,346.5,347.0,345.5,345.5,21,347.35,3044
2026-07-30 12:15:00,345.0,345.0,343.5,343.5,17,347.33,3044
2026-07-30 12:20:00,343.0,344.0,343.0,344.0,16,347.3,3044
2026-07-30 12:25:00,344.5,348.0,344.0,346.5,35,347.29,3044
2026-07-30 12:30:00,347.5,347.5,346.5,346.5,30,347.29,3044
2026-07-30 12:35:00,347.0,347.0,344.5,344.5,17,347.27,3044
2026-07-30 12:40:00,344.0,344.5,342.5,344.0,34,347.21,3044
2026-07-30 12:45:00,344.5,345.0,343.0,343.0,16,347.19,3044
2026-07-30 12:50:00,342.5,342.5,340.5,340.5,32,347.12,3044
2026-07-30 12:55:00,341.0,341.0,336.0,338.0,75,346.82,3044
2026-07-30 13:00:00,338.5,340.0,335.5,337.5,65,346.56,3044
2026-07-30 13:05:00,336.5,339.5,336.0,336.0,68,346.3,3044
2026-07-30 13:10:00,336.0,339.0,336.0,338.5,78,346.0,3044
2026-07-30 13:15:00,338.0,341.0,338.0,340.5,92,345.78,3044
2026-07-30 13:20:00,340.5,342.0,338.5,340.0,78,345.62,3044
2026-07-30 13:30:00,342.0,342.0,342.0,342.0,150,345.42,3044
2026-07-31 09:00:00,374.0,374.0,365.0,368.5,336,369.75,3044
2026-07-31 09:05:00,368.0,368.0,363.0,363.0,175,368.1,3044
2026-07-31 09:10:00,363.0,365.5,362.5,365.5,68,367.64,3044
2026-07-31 09:15:00,365.0,366.5,364.0,366.5,57,367.43,3044
2026-07-31 09:20:00,366.5,368.0,366.5,367.0,79,367.42,3044
2026-07-31 09:25:00,367.0,367.5,366.0,367.0,34,367.39,3044
2026-07-31 09:30:00,367.5,367.5,365.5,367.0,78,367.28,3044
2026-07-31 09:35:00,367.0,367.0,364.5,365.5,72,367.16,3044
2026-07-31 09:40:00,365.5,368.5,365.5,367.0,64,367.16,3044
2026-07-31 09:45:00,367.0,367.5,366.5,366.5,36,367.16,3044
2026-07-31 09:50:00,366.5,367.0,365.0,367.0,56,367.06,3044
2026-07-31 09:55:00,366.0,367.0,365.5,366.0,39,367.03,3044
2026-07-31 10:00:00,367.0,367.5,365.0,365.0,42,366.99,3044
2026-07-31 10:05:00,365.0,365.0,365.0,365.0,3,366.98,3044
2026-07-31 10:10:00,365.5,366.5,365.0,366.5,44,366.92,3044
2026-07-31 10:15:00,365.5,365.5,364.5,365.5,48,366.85,3044
2026-07-31 10:20:00,365.5,366.5,365.5,366.0,14,366.84,3044
2026-07-31 10:25:00,366.5,367.5,366.5,367.5,16,366.84,3044
2026-07-31 10:30:00,367.5,367.5,367.0,367.5,12,366.84,3044
2026-07-31 10:35:00,367.5,368.5,366.5,367.0,76,366.9,3044
2026-07-31 10:40:00,367.0,367.5,367.0,367.0,27,366.9,3044
2026-07-31 10:45:00,367.0,369.0,367.0,368.5,35,366.94,3044
2026-07-31 10:50:00,368.5,369.5,368.5,369.0,65,367.02,3044
2026-07-31 10:55:00,369.0,372.0,369.0,371.5,80,367.17,3044
2026-07-31 11:00:00,371.0,372.0,369.5,369.5,104,367.38,3044
2026-07-31 11:05:00,369.5,369.5,367.5,367.5,53,367.41,3044
2026-07-31 11:10:00,367.5,368.5,367.5,368.5,26,367.42,3044
2026-07-31 11:15:00,369.0,370.0,369.0,370.0,21,367.44,3044
2026-07-31 11:20:00,370.0,370.5,369.0,369.5,31,367.49,3044
2026-07-31 11:25:00,369.5,369.5,368.5,369.0,53,367.53,3044
2026-07-31 11:30:00,369.0,369.0,368.0,368.5,54,367.56,3044
2026-07-31 11:35:00,368.5,368.5,368.0,368.0,15,367.57,3044
2026-07-31 11:40:00,368.0,368.5,368.0,368.0,39,367.57,3044
2026-07-31 11:45:00,368.0,368.0,367.0,367.5,47,367.57,3044
2026-07-31 11:50:00,367.0,367.5,366.5,367.5,59,367.55,3044
2026-07-31 11:55:00,367.5,368.0,367.5,368.0,7,367.55,3044
2026-07-31 12:00:00,367.5,367.5,366.5,366.5,58,367.54,3044
2026-07-31 12:05:00,366.5,369.0,366.5,368.5,83,367.55,3044
2026-07-31 12:10:00,368.0,368.5,367.5,367.5,41,367.55,3044
2026-07-31 12:15:00,367.5,367.5,367.0,367.5,18,367.55,3044
2026-07-31 12:20:00,367.0,367.5,367.0,367.0,4,367.55,3044
2026-07-31 12:25:00,367.0,368.0,367.0,367.5,13,367.55,3044
2026-07-31 12:30:00,367.5,368.0,367.5,368.0,11,367.55,3044
2026-07-31 12:35:00,368.0,368.5,367.5,368.5,16,367.56,3044
2026-07-31 12:40:00,368.5,369.0,368.5,369.0,22,367.57,3044
2026-07-31 12:45:00,369.0,369.5,368.5,369.5,44,367.6,3044
2026-07-31 12:50:00,369.5,369.5,369.0,369.5,24,367.62,3044
2026-07-31 12:55:00,369.5,372.5,369.5,371.0,178,367.85,3044
2026-07-31 13:00:00,371.0,372.0,370.5,372.0,60,367.92,3044
2026-07-31 13:05:00,371.5,373.0,371.0,372.0,95,368.07,3044
2026-07-31 13:10:00,372.0,373.0,372.0,373.0,65,368.17,3044
2026-07-31 13:15:00,373.5,373.5,372.0,372.5,67,368.27,3044
2026-07-31 13:20:00,372.5,373.0,371.5,371.5,53,368.34,3044
2026-07-31 13:30:00,369.0,369.0,369.0,369.0,389,368.42,3044
2026-08-03 09:00:00,364.0,364.0,356.0,360.5,411,359.8,3044
2026-08-03 09:05:00,360.0,364.5,360.0,364.5,86,360.16,3044
2026-08-03 09:10:00,364.5,368.5,364.5,368.5,128,361.62,3044
2026-08-03 09:15:00,367.5,368.0,365.5,366.5,73,362.17,3044
2026-08-03 09:20:00,366.5,373.5,366.5,373.5,127,363.48,3044
2026-08-03 09:25:00,373.5,375.5,373.5,375.5,94,364.6,3044
2026-08-03 09:30:00,376.0,377.0,375.0,376.0,99,365.69,3044
2026-08-03 09:35:00,376.0,378.5,374.5,375.5,135,366.99,3044
2026-08-03 09:40:00,375.0,375.5,374.0,375.5,34,367.22,3044
2026-08-03 09:45:00,375.5,376.5,375.0,375.0,60,367.62,3044
2026-08-03 09:50:00,374.5,375.5,374.0,374.0,52,367.89,3044
2026-08-03 09:55:00,373.5,378.0,373.5,377.5,58,368.21,3044
2026-08-03 10:00:00,378.0,378.0,377.0,377.0,34,368.44,3044
2026-08-03 10:05:00,377.0,377.5,376.0,376.0,29,368.61,3044
2026-08-03 10:10:00,376.5,377.0,375.5,377.0,43,368.84,3044
2026-08-03 10:15:00,377.0,379.0,377.0,379.0,29,369.02,3044
2026-08-03 10:20:00,379.0,379.0,377.5,377.5,49,369.31,3044
2026-08-03 10:25:00,377.5,377.5,375.0,375.0,74,369.65,3044
2026-08-03 10:30:00,375.0,375.5,375.0,375.0,13,369.69,3044
2026-08-03 10:35:00,375.0,376.5,375.0,375.5,44,369.85,3044
2026-08-03 10:40:00,375.0,375.5,374.5,375.5,54,370.01,3044
2026-08-03 10:45:00,375.0,375.0,374.0,374.0,20,370.07,3044
2026-08-03 10:50:00,374.0,376.5,374.0,376.5,36,370.17,3044
2026-08-03 10:55:00,376.0,377.5,376.0,377.0,24,370.26,3044
2026-08-03 11:00:00,377.0,377.0,375.5,376.0,16,370.32,3044
2026-08-03 11:05:00,376.0,376.0,375.5,376.0,17,370.37,3044
2026-08-03 11:10:00,375.0,375.0,374.5,375.0,32,370.45,3044
2026-08-03 11:15:00,374.5,375.0,374.5,375.0,17,370.48,3044
2026-08-03 11:20:00,375.0,377.0,375.0,376.0,47,370.62,3044
2026-08-03 11:25:00,375.0,375.5,374.5,375.0,35,370.7,3044
2026-08-03 11:30:00,374.5,377.0,374.5,377.0,52,370.81,3044
2026-08-03 11:35:00,376.0,376.0,375.5,376.0,9,370.84,3044
2026-08-03 11:40:00,376.0,378.0,376.0,378.0,26,370.91,3044
2026-08-03 11:45:00,378.0,378.0,376.5,377.0,22,370.98,3044
2026-08-03 11:50:00,376.5,378.0,376.5,377.5,18,371.03,3044
2026-08-03 11:55:00,377.5,378.0,377.5,377.5,13,371.07,3044
2026-08-03 12:00:00,377.5,378.0,377.0,378.0,51,371.22,3044
2026-08-03 12:05:00,377.5,379.5,377.5,379.0,48,371.38,3044
2026-08-03 12:10:00,378.0,378.0,377.5,378.0,28,371.46,3044
2026-08-03 12:15:00,378.0,378.0,377.5,377.5,16,371.5,3044
2026-08-03 12:20:00,378.0,379.5,377.5,379.5,71,371.73,3044
2026-08-03 12:25:00,379.5,379.5,378.5,379.0,48,371.87,3044
2026-08-03 12:30:00,379.0,379.5,377.0,377.0,73,372.07,3044
2026-08-03 12:35:00,378.0,379.0,377.5,378.0,44,372.18,3044
2026-08-03 12:40:00,378.5,379.0,377.5,378.5,49,372.29,3044
2026-08-03 12:45:00,378.0,379.0,377.5,379.0,46,372.4,3044
2026-08-03 12:50:00,379.0,379.0,377.5,378.5,40,372.49,3044
2026-08-03 12:55:00,378.5,379.0,377.0,377.5,62,372.62,3044
2026-08-03 13:00:00,378.5,379.0,377.5,377.5,57,372.75,3044
2026-08-03 13:05:00,378.5,378.5,376.5,377.0,148,372.97,3044
2026-08-03 13:10:00,377.5,378.0,377.0,377.5,69,373.08,3044
2026-08-03 13:15:00,377.5,378.5,377.0,377.0,101,373.22,3044
2026-08-03 13:20:00,377.5,377.5,374.5,377.0,289,373.44,3044
2026-08-03 13:30:00,374.0,374.0,374.0,374.0,160,373.46,3044
2026-08-04 09:00:00,375.0,377.5,371.0,375.5,376,375.49,3044
2026-08-04 09:05:00,375.0,377.5,371.0,374.5,116,375.27,3044
2026-08-04 09:10:00,374.5,378.5,374.5,378.5,108,375.55,3044
2026-08-04 09:15:00,377.5,377.5,374.0,376.0,56,375.59,3044
2026-08-04 09:20:00,376.5,380.0,376.5,379.0,102,376.02,3044
2026-08-04 09:25:00,380.0,381.0,377.5,381.0,69,376.31,3044
2026-08-04 09:30:00,381.0,384.0,380.5,384.0,68,376.74,3044
2026-08-04 09:35:00,384.0,384.0,380.5,381.5,53,377.05,3044
2026-08-04 09:40:00,381.0,388.0,381.0,387.5,71,377.62,3044
2026-08-04 09:45:00,387.0,389.0,387.0,389.0,36,377.97,3044
2026-08-04 09:50:00,389.0,392.0,388.5,392.0,71,378.75,3044
2026-08-04 09:55:00,392.5,397.0,392.5,395.5,103,380.09,3044
2026-08-04 10:00:00,396.0,396.0,391.0,392.0,146,381.48,3044
2026-08-04 10:05:00,392.0,393.0,390.5,391.5,110,382.22,3044
2026-08-04 10:10:00,391.0,393.0,389.5,393.0,61,382.56,3044
2026-08-04 10:15:00,393.0,395.0,392.5,394.0,83,383.12,3044
2026-08-04 10:20:00,394.5,396.0,394.0,395.5,82,383.69,3044
2026-08-04 10:25:00,395.5,396.0,393.5,394.5,23,383.84,3044
2026-08-04 10:30:00,394.0,395.0,393.5,395.0,31,384.02,3044
2026-08-04 10:35:00,394.5,395.0,393.5,394.0,26,384.17,3044
2026-08-04 10:40:00,394.0,394.0,393.0,393.5,28,384.32,3044
2026-08-04 10:45:00,393.0,393.5,392.5,393.0,49,384.54,3044
2026-08-04 10:50:00,393.5,394.0,393.0,394.0,27,384.67,3044
2026-08-04 10:55:00,394.5,394.5,393.0,393.5,69,384.98,3044
2026-08-04 11:00:00,393.5,394.5,393.0,393.5,31,385.12,3044
2026-08-04 11:05:00,393.0,393.0,391.0,391.0,113,385.5,3044
2026-08-04 11:10:00,391.0,391.0,389.0,389.0,66,385.64,3044
2026-08-04 11:15:00,388.5,390.5,388.5,390.0,52,385.74,3044
2026-08-04 11:20:00,390.5,390.5,388.5,390.0,51,385.82,3044
2026-08-04 11:25:00,390.0,390.5,388.0,389.0,59,385.91,3044
2026-08-04 11:30:00,389.0,390.5,389.0,389.5,42,385.98,3044
2026-08-04 11:35:00,389.0,390.0,388.5,389.5,28,386.02,3044
2026-08-04 11:40:00,389.5,390.0,388.0,389.0,71,386.09,3044
2026-08-04 11:45:00,390.0,390.5,389.5,390.5,22,386.12,3044
2026-08-04 11:50:00,390.5,391.0,389.5,390.0,32,386.18,3044
2026-08-04 11:55:00,390.0,390.5,389.5,390.5,29,386.22,3044
2026-08-04 12:00:00,390.5,390.5,389.5,390.0,24,386.26,3044
2026-08-04 12:05:00,390.0,390.5,389.5,390.5,27,386.3,3044
2026-08-04 12:10:00,390.5,391.0,389.0,390.0,34,386.35,3044
2026-08-04 12:15:00,390.0,392.5,390.0,392.5,34,386.41,3044
2026-08-04 12:20:00,392.0,393.0,390.5,392.0,43,386.49,3044
2026-08-04 12:25:00,392.0,392.5,392.0,392.5,14,386.52,3044
2026-08-04 12:30:00,392.5,393.0,392.0,392.0,26,386.58,3044
2026-08-04 12:35:00,392.0,392.5,392.0,392.0,26,386.63,3044
2026-08-04 12:40:00,392.5,393.0,392.0,392.0,25,386.68,3044
2026-08-04 12:45:00,392.0,392.5,392.0,392.5,23,386.72,3044
2026-08-04 12:50:00,392.5,393.5,392.5,393.5,21,386.77,3044
2026-08-04 12:55:00,393.0,395.0,392.5,393.5,97,387.0,3044
2026-08-04 13:00:00,393.5,393.5,391.5,392.0,59,387.09,3044
2026-08-04 13:05:00,392.0,392.5,391.5,392.0,31,387.14,3044
2026-08-04 13:10:00,392.0,392.0,391.0,391.5,60,387.23,3044
2026-08-04 13:15:00,392.0,392.5,390.5,391.0,86,387.34,3044
2026-08-04 13:20:00,391.0,391.5,390.0,390.0,64,387.41,3044
2026-08-04 13:30:00,392.0,392.0,392.0,392.0,248,387.74,3044
2026-08-05 09:00:00,399.0,405.0,398.0,400.5,393,401.03,3044
2026-08-05 09:05:00,400.5,401.5,399.5,401.5,94,400.91,3044
2026-08-05 09:10:00,401.5,401.5,397.5,397.5,135,400.58,3044
2026-08-05 09:15:00,397.0,397.5,395.0,395.5,117,399.92,3044
2026-08-05 09:20:00,395.5,397.5,395.5,397.5,49,399.71,3044
2026-08-05 09:25:00,397.5,400.0,397.5,398.0,66,399.64,3044
2026-08-05 09:30:00,398.0,398.5,397.0,398.5,35,399.56,3044
2026-08-05 09:35:00,398.5,401.5,398.5,401.0,54,399.6,3044
2026-08-05 09:40:00,400.5,400.5,399.0,399.5,48,399.6,3044
2026-08-05 09:45:00,399.0,401.5,399.0,401.5,49,399.66,3044
2026-08-05 09:50:00,400.5,401.0,400.5,400.5,7,399.66,3044
2026-08-05 09:55:00,401.0,401.0,400.0,400.0,31,399.69,3044
2026-08-05 10:00:00,400.5,401.0,400.0,400.5,23,399.7,3044
2026-08-05 10:05:00,400.0,405.0,400.0,405.0,207,400.24,3044
2026-08-05 10:10:00,405.0,408.0,404.0,404.0,219,400.99,3044
2026-08-05 10:15:00,404.5,406.0,404.5,405.5,43,401.11,3044
2026-08-05 10:20:00,405.5,409.5,405.5,406.5,174,401.76,3044
2026-08-05 10:25:00,406.5,407.0,406.5,407.0,39,401.87,3044
2026-08-05 10:30:00,407.0,407.0,405.5,406.0,37,401.96,3044
2026-08-05 10:35:00,406.0,407.5,406.0,407.5,53,402.09,3044
2026-08-05 10:40:00,407.0,407.5,406.5,406.5,28,402.17,3044
2026-08-05 10:45:00,406.0,406.5,405.0,405.0,53,402.26,3044
2026-08-05 10:50:00,405.5,407.5,405.5,407.0,51,402.36,3044
2026-08-05 10:55:00,407.0,407.0,405.5,406.0,44,402.45,3044
2026-08-05 11:00:00,405.5,405.5,405.5,405.5,3,402.46,3044
2026-08-05 11:05:00,405.5,406.0,405.5,405.5,15,402.48,3044
2026-08-05 11:10:00,405.5,405.5,404.5,405.0,331,402.83,3044
2026-08-05 11:15:00,405.0,405.5,404.5,405.5,24,402.86,3044
2026-08-05 11:20:00,405.5,405.5,405.0,405.0,60,402.91,3044
2026-08-05 11:25:00,405.5,405.5,404.5,404.5,68,402.96,3044
2026-08-05 11:30:00,404.0,404.5,403.0,404.0,135,403.01,3044
2026-08-05 11:35:00,404.0,405.0,404.0,405.0,19,403.03,3044
2026-08-05 11:40:00,405.5,405.5,405.5,405.5,18,403.04,3044
2026-08-05 11:45:00,405.5,406.5,405.5,406.5,79,403.12,3044
2026-08-05 11:50:00,406.0,406.0,405.5,406.0,20,403.14,3044
2026-08-05 11:55:00,406.0,406.5,406.0,406.0,38,403.19,3044
2026-08-05 12:00:00,406.5,407.5,406.0,407.0,39,403.23,3044
2026-08-05 12:05:00,406.5,407.0,406.0,406.0,25,403.26,3044
2026-08-05 12:10:00,406.0,406.0,406.0,406.0,10,403.27,3044
2026-08-05 12:15:00,406.0,406.0,403.5,403.5,263,403.38,3044
2026-08-05 12:20:00,404.0,405.0,403.0,403.5,84,403.4,3044
2026-08-05 12:25:00,403.0,403.5,403.0,403.5,19,403.4,3044
2026-08-05 12:30:00,403.0,403.0,401.5,402.5,78,403.37,3044
2026-08-05 12:35:00,402.5,403.0,402.5,403.0,26,403.37,3044
2026-08-05 12:40:00,403.0,404.0,403.0,404.0,41,403.37,3044
2026-08-05 12:45:00,404.0,404.0,404.0,404.0,27,403.37,3044
2026-08-05 12:50:00,403.5,404.0,401.5,401.5,62,403.37,3044
2026-08-05 12:55:00,402.0,402.0,401.0,401.0,45,403.34,3044
2026-08-05 13:00:00,401.0,401.0,400.0,400.0,35,403.31,3044
2026-08-05 13:05:00,400.0,400.0,399.0,399.5,97,403.22,3044
2026-08-05 13:10:00,400.0,400.0,398.5,400.0,64,403.16,3044
2026-08-05 13:15:00,399.5,399.5,398.0,398.0,58,403.09,3044
2026-08-05 13:20:00,398.0,398.5,397.5,398.5,67,403.0,3044
2026-08-05 13:30:00,398.5,398.5,398.5,398.5,224,402.76,3044
2026-08-06 09:00:00,395.0,398.5,395.0,395.0,104,395.65,3044
2026-08-06 09:05:00,396.0,396.5,393.0,395.0,54,395.46,3044
2026-08-06 09:10:00,394.5,394.5,389.0,389.0,91,394.04,3044
2026-08-06 09:15:00,389.0,389.0,386.5,386.5,63,392.7,3044
2026-08-06 09:20:00,386.5,387.0,385.5,386.5,57,391.69,3044
2026-08-06 09:25:00,386.5,386.5,383.5,385.0,116,390.03,3044
2026-08-06 09:30:00,385.0,388.5,384.5,388.5,74,389.55,3044
2026-08-06 09:35:00,387.5,388.5,386.5,387.0,46,389.38,3044
2026-08-06 09:40:00,387.5,390.5,387.5,389.0,55,389.37,3044
2026-08-06 09:45:00,389.0,391.0,387.5,390.0,75,389.34,3044
2026-08-06 09:50:00,390.0,392.0,390.0,392.0,37,389.44,3044
2026-08-06 09:55:00,392.0,392.0,390.0,391.0,18,389.47,3044
2026-08-06 10:00:00,391.5,393.0,390.5,392.0,48,389.62,3044
2026-08-06 10:05:00,392.0,393.0,390.5,391.5,46,389.73,3044
2026-08-06 10:10:00,392.5,395.0,391.5,393.0,41,389.87,3044
2026-08-06 10:15:00,393.0,395.5,393.0,395.0,38,390.05,3044
2026-08-06 10:20:00,395.5,402.0,395.5,402.0,135,391.07,3044
2026-08-06 10:25:00,402.0,403.0,402.0,402.0,48,391.55,3044
2026-08-06 10:30:00,401.5,404.5,400.0,404.5,76,392.22,3044
2026-08-06 10:35:00,404.5,404.5,403.5,404.0,15,392.36,3044
2026-08-06 10:40:00,403.5,405.0,403.0,404.5,35,392.68,3044
2026-08-06 10:45:00,405.0,405.0,402.5,402.5,19,392.84,3044
2026-08-06 10:50:00,403.0,404.5,403.0,403.5,28,393.06,3044
2026-08-06 10:55:00,403.5,403.5,402.0,402.0,21,393.21,3044
2026-08-06 11:00:00,401.5,402.0,401.0,401.0,15,393.3,3044
2026-08-06 11:05:00,401.0,401.0,399.5,400.0,40,393.5,3044
2026-08-06 11:10:00,400.0,403.0,400.0,403.0,27,393.65,3044
2026-08-06 11:15:00,403.0,403.5,401.5,402.0,16,393.75,3044
2026-08-06 11:20:00,401.5,401.5,400.5,401.5,19,393.84,3044
2026-08-06 11:25:00,401.0,401.0,399.5,400.0,27,393.95,3044
2026-08-06 11:30:00,400.0,400.0,399.0,399.0,12,394.0,3044
2026-08-06 11:35:00,399.0,399.0,397.0,399.0,117,394.31,3044
2026-08-06 11:40:00,399.0,399.0,398.5,399.0,22,394.38,3044
2026-08-06 11:45:00,399.0,400.0,398.5,399.5,21,394.44,3044
2026-08-06 11:50:00,399.5,399.5,398.5,398.5,11,394.47,3044
2026-08-06 11:55:00,398.5,399.0,398.5,399.0,27,394.53,3044
2026-08-06 12:00:00,398.5,398.5,398.0,398.5,25,394.59,3044
2026-08-06 12:05:00,398.5,399.5,398.5,399.5,25,394.65,3044
2026-08-06 12:10:00,399.0,399.5,398.5,398.5,41,394.75,3044
2026-08-06 12:15:00,398.5,398.5,397.5,398.5,25,394.8,3044
2026-08-06 12:20:00,398.0,398.5,397.5,397.5,34,394.86,3044
2026-08-06 12:25:00,398.0,398.0,397.0,398.0,33,394.9,3044
2026-08-06 12:30:00,397.5,398.5,397.5,398.5,14,394.93,3044
2026-08-06 12:35:00,398.5,398.5,397.5,397.5,27,394.97,3044
2026-08-06 12:40:00,397.5,398.0,397.0,398.0,20,395.0,3044
2026-08-06 12:45:00,397.5,398.5,397.0,398.5,45,395.06,3044
2026-08-06 12:50:00,398.5,399.0,398.0,399.0,19,395.09,3044
2026-08-06 12:55:00,398.5,398.5,397.5,398.0,37,395.15,3044
2026-08-06 13:00:00,398.5,399.0,398.0,398.5,22,395.18,3044
2026-08-06 13:05:00,399.0,399.0,398.0,398.0,24,395.22,3044
2026-08-06 13:10:00,398.5,399.5,398.5,399.5,52,395.31,3044
2026-08-06 13:15:00,399.5,399.5,399.0,399.0,22,395.35,3044
2026-08-06 13:20:00,398.5,400.0,398.5,398.5,50,395.44,3044
2026-08-06 13:30:00,397.5,397.5,397.5,397.5,196,395.61,3044
2026-08-07 09:00:00,401.5,403.0,399.5,400.0,106,401.06,3044
2026-08-07 09:05:00,400.0,402.0,398.0,399.0,46,400.83,3044
2026-08-07 09:10:00,399.0,400.5,393.5,394.0,53,399.91,3044
2026-08-07 09:15:00,393.5,396.5,393.5,395.5,37,399.12,3044
2026-08-07 09:20:00,395.0,395.0,392.5,393.5,37,398.39,3044
2026-08-07 09:25:00,394.5,398.5,394.0,397.5,37,398.13,3044
2026-08-07 09:30:00,397.0,398.0,397.0,397.5,24,398.1,3044
2026-08-07 09:35:00,397.0,397.0,394.0,394.5,52,397.73,3044
2026-08-07 09:40:00,394.0,396.5,394.0,396.0,26,397.6,3044
2026-08-07 09:45:00,396.5,397.0,395.0,395.0,26,397.5,3044
2026-08-07 09:50:00,396.5,397.5,395.5,395.5,25,397.45,3044
2026-08-07 09:55:00,396.5,396.5,395.0,395.0,6,397.43,3044
2026-08-07 10:00:00,395.5,396.5,395.0,396.0,44,397.32,3044
2026-08-07 10:05:00,397.0,397.0,395.0,395.0,22,397.25,3044
2026-08-07 10:10:00,395.0,397.5,394.5,397.5,29,397.21,3044
2026-08-07 10:15:00,397.5,398.0,397.0,398.0,21,397.23,3044
2026-08-07 10:20:00,398.0,399.0,397.5,397.5,34,397.3,3044
2026-08-07 10:25:00,398.5,399.5,398.0,399.0,33,397.37,3044
2026-08-07 10:30:00,399.0,400.5,398.5,400.5,54,397.52,3044
2026-08-07 10:35:00,400.0,400.5,399.5,400.0,34,397.63,3044
2026-08-07 10:40:00,400.0,401.5,400.0,400.5,58,397.84,3044
2026-08-07 10:45:00,400.5,400.5,399.0,400.0,85,398.04,3044
2026-08-07 10:50:00,400.5,400.5,399.0,399.0,19,398.09,3044
2026-08-07 10:55:00,399.5,400.0,398.5,400.0,34,398.14,3044
2026-08-07 11:00:00,400.0,401.0,400.0,400.5,21,398.19,3044
2026-08-07 11:05:00,400.5,400.5,399.0,400.0,9,398.21,3044
2026-08-07 11:10:00,399.5,400.5,399.0,399.0,16,398.23,3044
2026-08-07 11:15:00,399.0,399.0,398.0,398.0,20,398.23,3044
2026-08-07 11:20:00,398.0,398.0,397.5,397.5,54,398.22,3044
2026-08-07 11:25:00,397.5,398.0,397.5,398.0,11,398.21,3044
2026-08-07 11:30:00,398.0,398.5,398.0,398.0,21,398.21,3044
2026-08-07 11:35:00,398.5,398.5,397.5,397.5,16,398.21,3044
2026-08-07 11:40:00,397.5,398.0,397.5,398.0,10,398.2,3044
2026-08-07 11:45:00,398.0,398.0,397.5,398.0,8,398.2,3044
2026-08-07 11:50:00,398.0,398.0,396.5,397.0,87,398.14,3044
2026-08-07 11:55:00,396.5,397.5,396.0,397.0,50,398.1,3044
2026-08-07 12:00:00,397.0,397.5,396.5,396.5,8,398.09,3044
2026-08-07 12:05:00,397.0,397.0,396.0,396.5,11,398.07,3044
2026-08-07 12:10:00,396.0,397.5,396.0,397.0,23,398.05,3044
2026-08-07 12:15:00,397.0,397.0,395.0,395.0,49,397.98,3044
2026-08-07 12:20:00,396.0,397.0,395.0,397.0,17,397.96,3044
2026-08-07 12:25:00,397.0,397.0,395.5,395.5,14,397.94,3044
2026-08-07 12:30:00,396.5,396.5,395.0,395.0,35,397.88,3044
2026-08-07 12:35:00,396.0,396.0,394.5,395.0,28,397.83,3044
2026-08-07 12:40:00,395.0,395.0,394.0,394.0,43,397.73,3044
2026-08-07 12:45:00,394.0,394.5,394.0,394.5,17,397.69,3044
2026-08-07 12:50:00,394.5,394.5,393.0,393.5,34,397.61,3044
2026-08-07 12:55:00,393.5,395.0,393.0,395.0,67,397.46,3044
2026-08-07 13:00:00,394.5,397.0,394.5,395.5,38,397.42,3044
2026-08-07 13:05:00,396.5,396.5,395.5,396.5,28,397.4,3044
2026-08-07 13:10:00,396.0,396.5,395.5,396.5,36,397.37,3044
2026-08-07 13:15:00,396.0,396.5,395.5,396.5,32,397.35,3044
2026-08-07 13:20:00,396.0,397.5,395.5,397.5,46,397.32,3044
2026-08-07 13:30:00,394.0,394.0,394.0,394.0,186,397.01,3044
2026-08-10 09:00:00,396.5,402.5,396.5,399.0,127,399.5,3044
2026-08-10 09:05:00,399.5,404.5,399.0,404.5,61,400.09,3044
2026-08-10 09:10:00,403.5,404.5,402.5,403.5,32,400.55,3044
2026-08-10 09:15:00,403.5,406.0,403.0,404.5,76,401.63,3044
2026-08-10 09:20:00,405.0,406.5,405.0,406.0,46,402.16,3044
2026-08-10 09:25:00,405.5,405.5,403.5,404.0,24,402.3,3044
2026-08-10 09:30:00,403.5,403.5,402.0,402.5,32,402.33,3044
2026-08-10 09:35:00,402.5,410.5,402.0,410.5,178,403.87,3044
2026-08-10 09:40:00,410.0,410.5,408.0,408.5,41,404.24,3044
2026-08-10 09:45:00,408.0,408.0,407.0,407.0,24,404.36,3044
2026-08-10 09:50:00,407.0,408.0,407.0,407.5,21,404.47,3044
2026-08-10 09:55:00,407.5,408.0,407.0,407.0,13,404.53,3044
2026-08-10 10:00:00,407.0,407.5,406.5,407.0,29,404.63,3044
2026-08-10 10:05:00,407.0,407.0,406.0,406.0,42,404.74,3044
2026-08-10 10:10:00,406.0,406.5,404.5,405.5,37,404.77,3044
2026-08-10 10:15:00,405.0,405.5,404.5,405.0,10,404.77,3044
2026-08-10 10:20:00,405.0,406.0,405.0,406.0,18,404.79,3044
2026-08-10 10:25:00,405.5,406.5,404.5,405.5,47,404.83,3044
2026-08-10 10:30:00,404.5,406.5,404.5,406.0,27,404.85,3044
2026-08-10 10:35:00,406.5,407.0,406.0,406.0,32,404.91,3044
2026-08-10 10:40:00,406.5,407.5,406.5,407.5,13,404.93,3044
2026-08-10 10:45:00,407.0,407.0,406.5,406.5,22,404.97,3044
2026-08-10 10:50:00,406.5,408.5,406.5,408.5,62,405.11,3044
2026-08-10 10:55:00,408.5,409.0,408.0,408.0,38,405.23,3044
2026-08-10 11:00:00,407.5,409.0,407.5,409.0,20,405.29,3044
2026-08-10 11:05:00,408.5,408.5,407.5,408.0,35,405.37,3044
2026-08-10 11:10:00,408.0,408.0,406.5,407.0,36,405.43,3044
2026-08-10 11:15:00,407.0,407.0,407.0,407.0,2,405.43,3044
2026-08-10 11:20:00,407.0,407.0,407.0,407.0,21,405.46,3044
2026-08-10 11:25:00,407.5,407.5,406.0,406.5,59,405.51,3044
2026-08-10 11:30:00,406.5,406.5,405.5,406.0,42,405.53,3044
2026-08-10 11:35:00,406.0,406.0,405.0,406.0,35,405.53,3044
2026-08-10 11:40:00,405.5,406.0,405.5,406.0,15,405.53,3044
2026-08-10 11:45:00,405.5,406.0,405.5,405.5,15,405.53,3044
2026-08-10 11:50:00,405.5,406.0,405.0,406.0,26,405.53,3044
2026-08-10 11:55:00,406.0,406.5,406.0,406.0,21,405.54,3044
2026-08-10 12:00:00,406.0,406.5,404.0,404.5,83,405.52,3044
2026-08-10 12:05:00,404.5,405.0,403.5,403.5,27,405.49,3044
2026-08-10 12:10:00,403.5,404.5,403.5,404.5,18,405.48,3044
2026-08-10 12:15:00,403.5,404.5,403.5,404.0,10,405.47,3044
2026-08-10 12:20:00,403.5,404.5,403.5,404.0,14,405.45,3044
2026-08-10 12:25:00,404.5,405.0,404.0,405.0,11,405.44,3044
2026-08-10 12:30:00,404.0,405.0,404.0,404.5,14,405.44,3044
2026-08-10 12:35:00,404.0,404.5,403.0,403.0,31,405.4,3044
2026-08-10 12:40:00,403.0,403.5,402.5,402.5,64,405.3,3044
2026-08-10 12:45:00,402.5,402.5,401.5,402.5,42,405.22,3044
2026-08-10 12:50:00,402.5,403.0,402.5,403.0,28,405.18,3044
2026-08-10 12:55:00,402.5,403.0,401.5,402.0,26,405.14,3044
2026-08-10 13:00:00,402.0,402.5,401.5,402.0,28,405.09,3044
2026-08-10 13:05:00,402.5,402.5,402.0,402.5,24,405.06,3044
2026-08-10 13:10:00,402.0,402.5,402.0,402.0,13,405.03,3044
2026-08-10 13:15:00,402.5,403.5,402.0,402.5,46,404.98,3044
2026-08-10 13:20:00,402.5,403.5,402.5,402.5,47,404.93,3044
2026-08-10 13:30:00,401.5,401.5,401.5,401.5,140,404.69,3044
2026-08-11 09:00:00,441.5,441.5,441.5,441.5,1059,441.5,3044
2026-08-11 09:05:00,441.5,441.5,441.5,441.5,93,441.5,3044
2026-08-11 09:10:00,441.5,441.5,441.5,441.5,138,441.5,3044
2026-08-11 09:15:00,441.5,441.5,441.5,441.5,39,441.5,3044
2026-08-11 09:20:00,441.5,441.5,441.5,441.5,15,441.5,3044
2026-08-11 09:25:00,441.5,441.5,441.5,441.5,240,441.5,3044
2026-08-11 09:30:00,441.5,441.5,441.5,441.5,13,441.5,3044
2026-08-11 09:35:00,441.5,441.5,441.5,441.5,51,441.5,3044
2026-08-11 09:40:00,441.5,441.5,430.0,437.5,2558,440.4,3044
2026-08-11 09:45:00,438.0,441.5,435.0,439.0,783,440.27,3044
2026-08-11 09:50:00,438.5,440.5,436.0,437.0,211,440.2,3044
2026-08-11 09:55:00,437.0,438.0,436.0,437.0,89,440.14,3044
2026-08-11 10:00:00,436.5,436.5,432.5,433.0,292,439.84,3044
2026-08-11 10:05:00,432.5,434.0,430.5,433.0,119,439.68,3044
2026-08-11 10:10:00,432.5,434.5,431.5,432.5,62,439.61,3044
2026-08-11 10:15:00,432.5,434.5,432.0,434.0,74,439.53,3044
2026-08-11 10:20:00,433.5,435.0,432.5,433.5,96,439.44,3044
2026-08-11 10:25:00,433.0,434.5,432.5,434.5,52,439.38,3044
2026-08-11 10:30:00,434.0,438.5,433.5,437.5,127,439.32,3044
2026-08-11 10:35:00,437.5,438.5,437.0,437.5,71,439.3,3044
2026-08-11 10:40:00,437.0,439.5,436.5,438.5,134,439.28,3044
2026-08-11 10:45:00,438.0,439.0,438.0,439.0,69,439.27,3044
2026-08-11 10:50:00,438.5,439.0,437.0,438.0,78,439.25,3044
2026-08-11 10:55:00,438.5,441.5,437.5,441.5,1404,439.6,3044
2026-08-11 11:00:00,441.5,441.5,441.5,441.5,50,439.62,3044
2026-08-11 11:05:00,441.5,441.5,441.5,441.5,50,439.63,3044
2026-08-11 11:10:00,441.5,441.5,441.5,441.5,323,439.7,3044
2026-08-11 11:15:00,441.5,441.5,441.5,441.5,4,439.7,3044
2026-08-11 11:20:00,441.5,441.5,441.5,441.5,3,439.7,3044
2026-08-11 11:25:00,441.5,441.5,441.5,441.5,15,439.71,3044
2026-08-11 11:30:00,441.5,441.5,441.5,441.5,4,439.71,3044
2026-08-11 11:35:00,441.5,441.5,441.5,441.5,4,439.71,3044
2026-08-11 11:40:00,441.5,441.5,441.5,441.5,3,439.71,3044
2026-08-11 11:45:00,441.5,441.5,441.5,441.5,2,439.71,3044
2026-08-11 11:50:00,441.5,441.5,441.5,441.5,1,439.71,3044
2026-08-11 11:55:00,441.5,441.5,441.5,441.5,3,439.71,3044
2026-08-11 12:00:00,441.5,441.5,441.5,441.5,3,439.71,3044
2026-08-11 12:05:00,441.5,441.5,441.5,441.5,7,439.71,3044
2026-08-11 12:10:00,441.5,441.5,441.5,441.5,2,439.71,3044
2026-08-11 12:15:00,441.5,441.5,441.5,441.5,2,439.71,3044
2026-08-11 12:20:00,441.5,441.5,441.5,441.5,63,439.73,3044
2026-08-11 12:25:00,441.5,441.5,441.5,441.5,2,439.73,3044
2026-08-11 12:30:00,441.5,441.5,441.5,441.5,2,439.73,3044
2026-08-11 12:35:00,441.5,441.5,441.5,441.5,1,439.73,3044
2026-08-11 12:40:00,441.5,441.5,441.5,441.5,4,439.73,3044
2026-08-11 12:45:00,441.5,441.5,441.5,441.5,8,439.73,3044
2026-08-11 12:50:00,441.5,441.5,441.5,441.5,13,439.73,3044
2026-08-11 12:55:00,441.5,441.5,441.5,441.5,6,439.73,3044
2026-08-11 13:00:00,441.5,441.5,441.5,441.5,1,439.73,3044
2026-08-11 13:05:00,441.5,441.5,441.5,441.5,3,439.73,3044
2026-08-11 13:10:00,441.5,441.5,441.5,441.5,6,439.74,3044
2026-08-11 13:15:00,441.5,441.5,441.5,441.5,5,439.74,3044
2026-08-11 13:20:00,441.5,441.5,441.5,441.5,9,439.74,3044
2026-08-11 13:30:00,441.5,441.5,441.5,441.5,9,439.74,3044
2026-08-12 09:00:00,485.5,485.5,485.5,485.5,1534,485.5,3044
2026-08-12 09:05:00,485.5,485.5,485.5,485.5,217,485.5,3044
2026-08-12 09:10:00,485.5,485.5,485.5,485.5,53,485.5,3044
2026-08-12 09:15:00,485.5,485.5,485.5,485.5,63,485.5,3044
2026-08-12 09:20:00,485.5,485.5,485.5,485.5,26,485.5,3044
2026-08-12 09:25:00,485.5,485.5,485.5,485.5,46,485.5,3044
2026-08-12 09:30:00,485.5,485.5,485.5,485.5,27,485.5,3044
2026-08-12 09:35:00,485.5,485.5,485.5,485.5,424,485.5,3044
2026-08-12 09:40:00,485.5,485.5,485.5,485.5,15,485.5,3044
2026-08-12 09:45:00,485.5,485.5,485.5,485.5,70,485.5,3044
2026-08-12 09:50:00,485.5,485.5,485.5,485.5,10,485.5,3044
2026-08-12 09:55:00,485.5,485.5,485.5,485.5,11,485.5,3044
2026-08-12 10:00:00,485.5,485.5,485.5,485.5,4,485.5,3044
2026-08-12 10:05:00,485.5,485.5,485.5,485.5,11,485.5,3044
2026-08-12 10:10:00,485.5,485.5,485.5,485.5,3,485.5,3044
2026-08-12 10:15:00,485.5,485.5,485.5,485.5,8,485.5,3044
2026-08-12 10:20:00,485.5,485.5,485.5,485.5,7,485.5,3044
2026-08-12 10:25:00,485.5,485.5,485.5,485.5,10,485.5,3044
2026-08-12 10:30:00,485.5,485.5,485.5,485.5,7,485.5,3044
2026-08-12 10:35:00,485.5,485.5,485.5,485.5,4,485.5,3044
2026-08-12 10:40:00,485.5,485.5,485.5,485.5,9,485.5,3044
2026-08-12 10:45:00,485.5,485.5,485.5,485.5,6,485.5,3044
2026-08-12 10:50:00,485.5,485.5,485.5,485.5,3,485.5,3044
2026-08-12 10:55:00,485.5,485.5,485.5,485.5,5,485.5,3044
2026-08-12 11:00:00,485.5,485.5,485.5,485.5,37,485.5,3044
2026-08-12 11:05:00,485.5,485.5,485.5,485.5,6,485.5,3044
2026-08-12 11:10:00,485.5,485.5,485.5,485.5,4,485.5,3044
2026-08-12 11:15:00,485.5,485.5,485.5,485.5,3,485.5,3044
2026-08-12 11:20:00,485.5,485.5,485.5,485.5,4,485.5,3044
2026-08-12 11:25:00,485.5,485.5,485.5,485.5,5,485.5,3044
2026-08-12 11:30:00,485.5,485.5,485.5,485.5,5,485.5,3044
2026-08-12 11:35:00,485.5,485.5,485.5,485.5,37,485.5,3044
2026-08-12 11:40:00,485.5,485.5,485.5,485.5,4,485.5,3044
2026-08-12 11:45:00,485.5,485.5,485.5,485.5,3,485.5,3044
2026-08-12 11:50:00,485.5,485.5,485.5,485.5,6,485.5,3044
2026-08-12 11:55:00,485.5,485.5,485.5,485.5,6,485.5,3044
2026-08-12 12:00:00,485.5,485.5,485.5,485.5,4,485.5,3044
2026-08-12 12:05:00,485.5,485.5,485.5,485.5,4,485.5,3044
2026-08-12 12:10:00,485.5,485.5,485.5,485.5,7,485.5,3044
2026-08-12 12:15:00,485.5,485.5,485.5,485.5,5,485.5,3044
2026-08-12 12:20:00,485.5,485.5,485.5,485.5,5,485.5,3044
2026-08-12 12:25:00,485.5,485.5,485.5,485.5,9,485.5,3044
2026-08-12 12:30:00,485.5,485.5,485.5,485.5,7,485.5,3044
2026-08-12 12:35:00,485.5,485.5,485.5,485.5,4,485.5,3044
2026-08-12 12:40:00,485.5,485.5,485.5,485.5,3,485.5,3044
2026-08-12 12:45:00,485.5,485.5,485.5,485.5,5,485.5,3044
2026-08-12 12:50:00,485.5,485.5,485.5,485.5,14,485.5,3044
2026-08-12 12:55:00,485.5,485.5,485.5,485.5,8,485.5,3044
2026-08-12 13:00:00,485.5,485.5,485.5,485.5,3,485.5,3044
2026-08-12 13:05:00,485.5,485.5,485.5,485.5,4,485.5,3044
2026-08-12 13:10:00,485.5,485.5,485.5,485.5,3,485.5,3044
2026-08-12 13:15:00,485.5,485.5,485.5,485.5,13,485.5,3044
2026-08-12 13:20:00,485.5,485.5,485.5,485.5,19,485.5,3044
2026-08-12 13:30:00,485.5,485.5,485.5,485.5,42,485.5,3044
2026-08-13 09:00:00,502.0,524.0,501.0,518.0,4478,511.21,3044
2026-08-13 09:05:00,518.0,523.0,508.0,513.0,1419,512.27,3044
2026-08-13 09:10:00,513.0,517.0,505.0,507.0,789,512.01,3044
2026-08-13 09:15:00,508.0,508.0,498.5,501.0,645,511.08,3044
2026-08-13 09:20:00,500.0,502.0,493.0,495.5,364,510.39,3044
2026-08-13 09:25:00,496.0,499.0,492.0,495.0,351,509.72,3044
2026-08-13 09:30:00,495.0,497.5,494.5,494.5,136,509.49,3044
2026-08-13 09:35:00,495.0,495.0,490.5,494.0,227,509.03,3044
2026-08-13 09:40:00,493.5,494.0,491.0,491.0,94,508.84,3044
2026-08-13 09:45:00,491.0,492.5,488.0,488.0,191,508.45,3044
2026-08-13 09:50:00,488.0,497.5,487.5,497.5,259,508.01,3044
2026-08-13 09:55:00,497.0,497.0,493.0,493.0,156,507.79,3044
2026-08-13 10:00:00,494.0,495.0,490.0,495.0,183,507.48,3044
2026-08-13 10:05:00,494.5,495.5,494.0,494.5,89,507.36,3044
2026-08-13 10:10:00,494.5,496.0,494.0,495.0,110,507.21,3044
2026-08-13 10:15:00,494.5,496.5,492.5,496.5,117,507.06,3044
2026-08-13 10:20:00,496.5,499.5,495.5,497.5,263,506.82,3044
2026-08-13 10:25:00,497.5,497.5,494.5,495.0,96,506.72,3044
2026-08-13 10:30:00,494.5,496.0,492.5,493.5,134,506.55,3044
2026-08-13 10:35:00,493.0,494.0,492.0,493.5,64,506.46,3044
2026-08-13 10:40:00,493.5,495.5,493.5,495.0,64,506.39,3044
2026-08-13 10:45:00,495.0,495.0,492.5,493.5,90,506.28,3044
2026-08-13 10:50:00,494.0,495.0,491.0,491.5,118,506.13,3044
2026-08-13 10:55:00,491.5,491.5,490.5,490.5,64,506.04,3044
2026-08-13 11:00:00,491.0,491.5,488.0,490.0,199,505.73,3044
2026-08-13 11:05:00,489.5,490.0,487.0,487.5,162,505.47,3044
2026-08-13 11:10:00,489.0,489.5,488.5,489.0,38,505.42,3044
2026-08-13 11:15:00,489.0,489.0,488.0,489.0,57,505.33,3044
2026-08-13 11:20:00,488.5,490.5,488.5,490.0,82,505.21,3044
2026-08-13 11:25:00,489.5,489.5,488.5,489.5,62,505.13,3044
2026-08-13 11:30:00,488.5,492.5,488.5,491.5,96,505.0,3044
2026-08-13 11:35:00,492.0,494.5,491.5,493.5,146,504.85,3044
2026-08-13 11:40:00,492.5,493.0,491.0,491.0,97,504.74,3044
2026-08-13 11:45:00,491.5,491.5,490.5,491.0,29,504.71,3044
2026-08-13 11:50:00,490.5,490.5,488.0,488.5,88,504.59,3044
2026-08-13 11:55:00,488.5,488.5,486.0,486.5,113,504.42,3044
2026-08-13 12:00:00,486.5,488.0,485.5,488.0,82,504.3,3044
2026-08-13 12:05:00,488.0,488.5,487.5,487.5,30,504.26,3044
2026-08-13 12:10:00,488.0,488.0,487.0,487.5,57,504.17,3044
2026-08-13 12:15:00,488.0,490.5,487.5,489.5,102,504.05,3044
2026-08-13 12:20:00,489.5,489.5,488.0,488.0,47,503.98,3044
2026-08-13 12:25:00,488.0,488.0,487.5,487.5,30,503.94,3044
2026-08-13 12:30:00,488.0,490.5,488.0,490.5,116,503.8,3044
2026-08-13 12:35:00,490.5,491.5,489.5,490.5,118,503.68,3044
2026-08-13 12:40:00,490.0,490.5,489.5,490.0,42,503.63,3044
2026-08-13 12:45:00,490.0,493.0,489.5,493.0,120,503.51,3044
2026-08-13 12:50:00,492.5,493.0,492.5,492.5,39,503.48,3044
2026-08-13 12:55:00,492.5,495.0,492.5,494.0,151,503.37,3044
2026-08-13 13:00:00,494.0,494.5,491.0,493.0,195,503.21,3044
2026-08-13 13:05:00,493.0,493.5,491.0,493.0,154,503.08,3044
2026-08-13 13:10:00,493.0,493.0,490.0,490.0,140,502.96,3044
2026-08-13 13:15:00,491.0,491.5,489.0,490.0,142,502.82,3044
2026-08-13 13:20:00,490.0,490.5,489.0,490.0,160,502.66,3044
2026-08-13 13:30:00,495.0,495.0,495.0,495.0,470,502.4,3044
2026-08-14 09:00:00,492.0,497.0,489.5,494.5,459,492.85,3044
2026-08-14 09:05:00,493.5,496.0,490.5,494.5,180,493.14,3044
2026-08-14 09:10:00,494.5,494.5,488.0,488.0,121,492.64,3044
2026-08-14 09:15:00,488.5,493.5,488.5,491.0,69,492.47,3044
2026-08-14 09:20:00,491.0,492.5,491.0,492.0,45,492.43,3044
2026-08-14 09:25:00,491.0,494.5,490.5,494.0,54,492.42,3044
2026-08-14 09:30:00,494.0,494.0,490.5,491.0,66,492.37,3044
2026-08-14 09:35:00,491.0,492.0,490.5,490.5,54,492.3,3044
2026-08-14 09:40:00,490.5,491.0,490.0,490.5,50,492.22,3044
2026-08-14 09:45:00,490.5,493.5,490.0,493.5,87,492.17,3044
2026-08-14 09:50:00,493.5,497.5,493.5,494.5,170,492.55,3044
2026-08-14 09:55:00,494.0,495.5,493.5,495.5,104,492.67,3044
2026-08-14 10:00:00,495.5,503.0,495.5,503.0,331,493.98,3044
2026-08-14 10:05:00,502.0,505.0,499.0,505.0,247,494.97,3044
2026-08-14 10:10:00,504.0,504.0,500.0,501.0,97,495.29,3044
2026-08-14 10:15:00,500.0,502.0,497.5,497.5,114,495.53,3044
2026-08-14 10:20:00,497.0,499.5,497.0,499.0,70,495.6,3044
2026-08-14 10:25:00,498.5,498.5,497.0,497.5,39,495.64,3044
2026-08-14 10:30:00,498.0,499.0,497.5,498.0,30,495.67,3044
2026-08-14 10:35:00,498.0,502.0,497.5,502.0,103,495.86,3044
2026-08-14 10:40:00,502.0,504.0,501.0,503.0,91,496.08,3044
2026-08-14 10:45:00,503.0,504.0,502.0,502.0,46,496.21,3044
2026-08-14 10:50:00,502.0,502.0,500.0,501.0,67,496.33,3044
2026-08-14 10:55:00,500.0,501.0,496.5,497.5,63,496.38,3044
2026-08-14 11:00:00,497.5,499.0,496.5,496.5,70,496.4,3044
2026-08-14 11:05:00,497.0,497.0,495.5,496.5,59,496.4,3044
2026-08-14 11:10:00,496.5,497.5,495.5,497.0,78,496.39,3044
2026-08-14 11:15:00,497.5,499.0,497.5,497.5,32,496.41,3044
2026-08-14 11:20:00,497.0,497.0,495.0,497.0,54,496.4,3044
2026-08-14 11:25:00,497.0,497.5,496.5,497.5,24,496.4,3044
2026-08-14 11:30:00,497.5,498.0,497.0,497.5,23,496.41,3044
2026-08-14 11:35:00,497.0,497.5,496.5,496.5,31,496.41,3044
2026-08-14 11:40:00,496.5,497.0,495.5,495.5,40,496.41,3044
2026-08-14 11:45:00,495.5,496.0,493.5,493.5,199,496.32,3044
2026-08-14 11:50:00,493.0,493.5,492.0,493.5,52,496.27,3044
2026-08-14 11:55:00,493.5,493.5,493.0,493.5,24,496.25,3044
2026-08-14 12:00:00,493.5,493.5,493.0,493.0,27,496.23,3044
2026-08-14 12:05:00,493.0,493.5,492.0,493.0,89,496.14,3044
2026-08-14 12:10:00,493.0,493.5,492.5,493.0,19,496.12,3044
2026-08-14 12:15:00,493.0,493.0,491.0,491.5,57,496.06,3044
2026-08-14 12:20:00,491.0,492.0,490.0,490.5,64,495.96,3044
2026-08-14 12:25:00,490.5,491.0,490.0,490.5,40,495.91,3044
2026-08-14 12:30:00,491.0,491.0,490.5,490.5,66,495.81,3044
2026-08-14 12:35:00,490.5,492.5,490.0,492.5,99,495.7,3044
2026-08-14 12:40:00,491.5,492.0,491.0,492.0,44,495.65,3044
2026-08-14 12:45:00,492.0,492.0,491.0,492.0,50,495.6,3044
2026-08-14 12:50:00,492.0,492.0,490.5,491.0,75,495.52,3044
2026-08-14 12:55:00,492.0,493.0,491.5,493.0,98,495.45,3044
2026-08-14 13:00:00,493.0,493.0,490.5,490.5,82,495.37,3044
2026-08-14 13:05:00,491.0,491.0,486.0,486.0,307,494.96,3044
2026-08-14 13:10:00,486.5,489.0,486.0,489.0,150,494.73,3044
2026-08-14 13:15:00,488.5,489.5,487.0,487.0,147,494.55,3044
2026-08-14 13:20:00,487.0,487.0,486.0,486.0,97,494.39,3044
2026-08-14 13:30:00,488.0,488.0,488.0,488.0,312,494.01,3044
2026-08-17 09:00:00,481.0,488.0,481.0,487.5,187,482.58,3044
2026-08-17 09:05:00,486.5,488.5,486.0,487.5,47,483.57,3044
2026-08-17 09:10:00,487.5,487.5,482.5,482.5,73,483.89,3044
2026-08-17 09:15:00,482.5,484.0,480.0,484.0,111,483.23,3044
2026-08-17 09:20:00,484.0,484.0,483.0,484.0,19,483.25,3044
2026-08-17 09:25:00,483.5,484.0,480.0,480.0,45,483.17,3044
2026-08-17 09:30:00,480.5,487.0,480.5,486.5,91,483.29,3044
2026-08-17 09:35:00,486.0,487.5,485.5,487.5,59,483.61,3044
2026-08-17 09:40:00,488.0,489.0,488.0,488.0,48,483.94,3044
2026-08-17 09:45:00,487.5,487.5,485.0,485.0,49,484.06,3044
2026-08-17 09:50:00,485.0,487.0,485.0,487.0,26,484.12,3044
2026-08-17 09:55:00,487.5,487.5,486.5,486.5,24,484.21,3044
2026-08-17 10:00:00,486.5,491.0,486.5,489.0,115,484.85,3044
2026-08-17 10:05:00,489.0,491.0,488.0,489.5,77,485.24,3044
2026-08-17 10:10:00,489.5,491.0,488.5,490.0,60,485.51,3044
2026-08-17 10:15:00,490.0,490.0,486.5,487.0,47,485.61,3044
2026-08-17 10:20:00,488.0,488.5,487.0,488.0,42,485.69,3044
2026-08-17 10:25:00,487.0,488.0,487.0,487.5,37,485.75,3044
2026-08-17 10:30:00,488.0,488.5,487.0,487.5,30,485.8,3044
2026-08-17 10:35:00,486.5,487.0,485.5,486.0,39,485.82,3044
2026-08-17 10:40:00,486.0,486.0,484.5,484.5,91,485.78,3044
2026-08-17 10:45:00,484.5,485.0,483.0,484.5,85,485.68,3044
2026-08-17 10:50:00,484.5,486.0,484.5,484.5,29,485.66,3044
2026-08-17 10:55:00,484.5,484.5,483.5,483.5,45,485.61,3044
2026-08-17 11:00:00,483.5,485.0,483.5,483.5,31,485.58,3044
2026-08-17 11:05:00,483.5,485.5,483.5,484.0,39,485.54,3044
2026-08-17 11:10:00,484.0,486.0,483.5,484.0,38,485.51,3044
2026-08-17 11:15:00,484.0,485.5,483.5,484.0,36,485.49,3044
2026-08-17 11:20:00,484.5,485.0,483.5,484.0,31,485.47,3044
2026-08-17 11:25:00,485.0,485.5,482.5,482.5,46,485.42,3044
2026-08-17 11:30:00,482.5,484.0,482.0,484.0,41,485.36,3044
2026-08-17 11:35:00,484.0,484.5,483.5,484.5,32,485.34,3044
2026-08-17 11:40:00,485.0,485.5,484.0,485.5,30,485.34,3044
2026-08-17 11:45:00,485.5,485.5,483.0,484.5,50,485.31,3044
2026-08-17 11:50:00,484.5,485.0,483.5,485.0,32,485.29,3044
2026-08-17 11:55:00,485.0,485.5,484.5,485.0,26,485.29,3044
2026-08-17 12:00:00,485.0,486.0,484.5,484.5,23,485.29,3044
2026-08-17 12:05:00,484.5,485.5,484.5,485.5,29,485.28,3044
2026-08-17 12:10:00,485.5,486.5,485.5,486.0,28,485.3,3044
2026-08-17 12:15:00,486.5,486.5,485.5,486.5,27,485.31,3044
2026-08-17 12:20:00,487.0,487.0,486.5,487.0,20,485.32,3044
2026-08-17 12:25:00,487.0,487.0,486.5,487.0,19,485.34,3044
2026-08-17 12:30:00,486.5,487.0,486.0,486.5,12,485.34,3044
2026-08-17 12:35:00,486.5,486.5,485.5,486.0,10,485.35,3044
2026-08-17 12:40:00,486.0,486.0,485.5,485.5,12,485.35,3044
2026-08-17 12:45:00,485.5,486.0,485.0,485.0,17,485.35,3044
2026-08-17 12:50:00,485.0,485.5,485.0,485.5,13,485.35,3044
2026-08-17 12:55:00,485.5,485.5,484.5,484.5,20,485.35,3044
2026-08-17 13:00:00,485.0,486.0,484.5,486.0,35,485.34,3044
2026-08-17 13:05:00,486.0,488.5,486.0,487.5,53,485.39,3044
2026-08-17 13:10:00,488.0,488.5,487.0,488.5,40,485.44,3044
2026-08-17 13:15:00,488.0,488.0,486.0,486.0,53,485.47,3044
2026-08-17 13:20:00,486.0,487.0,483.5,483.5,88,485.46,3044
2026-08-17 13:30:00,483.0,483.0,483.0,483.0,172,485.3,3044
2026-08-18 09:00:00,493.0,494.0,486.0,491.5,282,491.11,3044
2026-08-18 09:05:00,491.0,492.0,488.0,488.0,55,490.89,3044
2026-08-18 09:10:00,487.5,492.5,487.0,492.0,70,490.75,3044
2026-08-18 09:15:00,492.0,492.0,491.0,491.0,73,490.87,3044
2026-08-18 09:20:00,491.0,502.0,491.0,501.0,384,493.48,3044
2026-08-18 09:25:00,501.0,501.0,494.0,494.0,143,494.14,3044
2026-08-18 09:30:00,494.5,495.5,492.5,492.5,85,494.11,3044
2026-08-18 09:35:00,492.0,492.5,490.0,491.0,69,493.93,3044
2026-08-18 09:40:00,491.0,492.0,488.0,489.0,104,493.59,3044
2026-08-18 09:45:00,488.5,489.0,486.0,486.0,85,493.22,3044
2026-08-18 09:50:00,486.0,487.5,484.5,487.0,79,492.81,3044
2026-08-18 09:55:00,487.0,487.5,486.5,487.5,51,492.61,3044
2026-08-18 10:00:00,487.5,490.0,487.5,489.0,44,492.5,3044
2026-08-18 10:05:00,490.0,493.0,489.0,493.0,97,492.42,3044
2026-08-18 10:10:00,493.0,493.0,490.0,490.0,29,492.41,3044
2026-08-18 10:15:00,489.0,489.5,488.5,488.5,54,492.3,3044
2026-08-18 10:20:00,489.0,492.5,489.0,492.0,57,492.26,3044
2026-08-18 10:25:00,492.0,492.5,489.5,490.5,42,492.22,3044
2026-08-18 10:30:00,490.0,493.0,490.0,492.5,70,492.23,3044
2026-08-18 10:35:00,492.0,492.0,491.5,491.5,11,492.23,3044
2026-08-18 10:40:00,491.5,491.5,490.5,490.5,10,492.22,3044
2026-08-18 10:45:00,490.5,490.5,488.5,489.5,30,492.18,3044
2026-08-18 10:50:00,489.5,489.5,489.5,489.5,1,492.18,3044
2026-08-18 10:55:00,489.5,489.5,489.5,489.5,4,492.17,3044
2026-08-18 11:00:00,489.5,491.0,489.5,490.0,31,492.14,3044
2026-08-18 11:05:00,489.5,489.5,487.0,487.0,27,492.09,3044
2026-08-18 11:10:00,487.5,488.5,487.5,488.5,14,492.06,3044
2026-08-18 11:15:00,488.0,488.0,487.0,487.0,19,492.02,3044
2026-08-18 11:20:00,487.0,487.0,485.0,486.0,86,491.77,3044
2026-08-18 11:25:00,486.0,486.5,486.0,486.5,5,491.76,3044
2026-08-18 11:30:00,486.0,486.0,483.5,484.5,78,491.51,3044
2026-08-18 11:35:00,484.5,486.0,484.5,486.0,29,491.43,3044
2026-08-18 11:40:00,486.0,487.0,486.0,487.0,13,491.4,3044
2026-08-18 11:45:00,487.0,487.0,486.0,486.0,11,491.38,3044
2026-08-18 11:50:00,486.0,486.5,486.0,486.0,3,491.37,3044
2026-08-18 11:55:00,486.0,486.0,485.0,485.0,17,491.33,3044
2026-08-18 12:00:00,484.5,485.0,484.0,484.0,19,491.27,3044
2026-08-18 12:05:00,484.0,484.0,483.0,483.0,27,491.18,3044
2026-08-18 12:10:00,483.0,484.0,482.0,483.5,52,490.99,3044
2026-08-18 12:15:00,484.0,486.0,484.0,486.0,27,490.92,3044
2026-08-18 12:20:00,486.0,486.0,484.5,484.5,19,490.87,3044
2026-08-18 12:25:00,485.0,488.5,485.0,488.5,32,490.82,3044
2026-08-18 12:30:00,488.5,489.0,487.5,488.0,27,490.8,3044
2026-08-18 12:35:00,488.0,488.5,488.0,488.5,21,490.77,3044
2026-08-18 12:40:00,488.0,488.0,487.5,488.0,7,490.77,3044
2026-08-18 12:45:00,488.0,488.0,487.0,487.0,12,490.75,3044
2026-08-18 12:50:00,487.5,488.0,487.0,488.0,19,490.73,3044
2026-08-18 12:55:00,488.0,488.5,487.0,487.0,35,490.68,3044
2026-08-18 13:00:00,487.0,487.5,486.0,486.5,32,490.63,3044
2026-08-18 13:05:00,486.5,490.5,485.5,490.5,72,490.58,3044
2026-08-18 13:10:00,490.0,490.5,489.5,490.0,35,490.57,3044
2026-08-18 13:15:00,490.0,490.0,488.0,488.5,48,490.54,3044
2026-08-18 13:20:00,488.5,488.5,487.5,488.5,59,490.49,3044
2026-08-18 13:30:00,488.5,488.5,488.5,488.5,176,490.37,3044
2026-08-19 09:00:00,474.5,479.0,468.0,479.0,383,472.91,3044
2026-08-19 09:05:00,479.5,483.0,478.0,481.0,115,474.69,3044
2026-08-19 09:10:00,480.5,484.0,480.0,481.5,72,475.58,3044
2026-08-19 09:15:00,481.5,493.0,481.5,493.0,199,478.77,3044
2026-08-19 09:20:00,493.5,498.0,493.5,495.5,192,482.26,3044
2026-08-19 09:25:00,496.0,497.5,493.0,496.0,115,483.73,3044
2026-08-19 09:30:00,495.5,496.0,492.5,493.5,76,484.41,3044
2026-08-19 09:35:00,493.0,499.0,493.0,499.0,163,485.89,3044
2026-08-19 09:40:00,499.0,499.5,496.0,498.0,171,487.32,3044
2026-08-19 09:45:00,498.5,501.0,497.0,498.0,213,488.87,3044
2026-08-19 09:50:00,497.0,498.0,494.0,494.0,85,489.21,3044
2026-08-19 09:55:00,494.5,497.5,494.5,497.0,50,489.41,3044
2026-08-19 10:00:00,496.0,497.5,492.5,495.5,81,489.62,3044
2026-08-19 10:05:00,494.0,495.0,490.0,490.0,94,489.73,3044
2026-08-19 10:10:00,490.0,492.0,489.5,489.5,90,489.76,3044
2026-08-19 10:15:00,489.0,490.5,487.5,488.0,73,489.73,3044
2026-08-19 10:20:00,487.5,491.0,487.0,490.0,112,489.67,3044
2026-08-19 10:25:00,491.5,491.5,488.5,490.0,45,489.67,3044
2026-08-19 10:30:00,490.0,490.5,488.0,488.5,75,489.64,3044
2026-08-19 10:35:00,488.5,489.0,487.5,488.0,38,489.62,3044
2026-08-19 10:40:00,488.5,490.0,487.5,488.0,102,489.58,3044
2026-08-19 10:45:00,488.5,489.0,487.0,487.5,61,489.55,3044
2026-08-19 10:50:00,487.5,488.5,486.5,488.5,49,489.51,3044
2026-08-19 10:55:00,488.5,488.5,486.0,487.0,68,489.44,3044
2026-08-19 11:00:00,487.0,488.0,486.0,486.0,63,489.39,3044
2026-08-19 11:05:00,486.5,487.0,486.0,486.0,45,489.34,3044
2026-08-19 11:10:00,486.5,486.5,485.5,486.0,81,489.25,3044
2026-08-19 11:15:00,486.5,487.0,486.0,487.0,39,489.21,3044
2026-08-19 11:20:00,487.0,488.0,487.0,487.0,53,489.18,3044
2026-08-19 11:25:00,487.5,487.5,486.5,487.5,42,489.15,3044
2026-08-19 11:30:00,487.5,488.5,487.0,488.0,41,489.13,3044
2026-08-19 11:35:00,488.0,489.0,487.5,489.0,47,489.13,3044
2026-08-19 11:40:00,489.0,489.0,488.0,488.5,45,489.12,3044
2026-08-19 11:45:00,488.5,488.5,487.5,488.0,41,489.11,3044
2026-08-19 11:50:00,488.0,489.5,488.0,489.5,34,489.1,3044
2026-08-19 11:55:00,489.0,489.0,488.0,489.0,45,489.1,3044
2026-08-19 12:00:00,488.5,489.0,484.5,484.5,76,489.04,3044
2026-08-19 12:05:00,484.0,484.5,483.5,483.5,30,489.0,3044
2026-08-19 12:10:00,483.5,484.0,482.0,482.0,50,488.91,3044
2026-08-19 12:15:00,482.0,483.5,482.0,483.5,74,488.77,3044
2026-08-19 12:20:00,483.0,485.0,483.0,485.0,34,488.72,3044
2026-08-19 12:25:00,484.0,484.0,482.5,482.5,9,488.71,3044
2026-08-19 12:30:00,482.5,484.0,482.5,483.0,59,488.61,3044
2026-08-19 12:35:00,483.0,483.5,482.0,483.0,52,488.53,3044
2026-08-19 12:40:00,482.5,482.5,480.5,480.5,41,488.45,3044
2026-08-19 12:45:00,481.0,481.0,480.0,480.0,58,488.33,3044
2026-08-19 12:50:00,480.5,482.0,480.5,482.0,90,488.16,3044
2026-08-19 12:55:00,481.5,483.0,481.5,482.5,62,488.07,3044
2026-08-19 13:00:00,482.5,484.0,482.5,483.5,43,488.02,3044
2026-08-19 13:05:00,484.0,484.5,482.0,482.0,86,487.92,3044
2026-08-19 13:10:00,482.5,483.0,481.5,482.0,51,487.85,3044
2026-08-19 13:15:00,481.5,482.0,479.5,480.5,125,487.63,3044
2026-08-19 13:20:00,480.0,481.0,479.5,480.0,95,487.47,3044
2026-08-19 13:30:00,480.5,480.5,480.5,480.5,301,487.01,3044
2026-08-20 09:00:00,485.0,489.0,484.5,484.5,177,485.9,3044
2026-08-20 09:05:00,484.5,485.0,482.0,482.0,77,485.21,3044
2026-08-20 09:10:00,481.5,482.5,480.0,481.0,58,484.37,3044
2026-08-20 09:15:00,481.0,482.0,480.5,480.5,36,484.05,3044
2026-08-20 09:20:00,480.5,480.5,477.0,477.5,62,483.29,3044
2026-08-20 09:25:00,477.0,477.0,470.0,471.0,137,480.74,3044
2026-08-20 09:30:00,471.0,474.5,471.0,474.5,117,479.37,3044
2026-08-20 09:35:00,475.0,475.0,471.5,473.5,40,479.02,3044
2026-08-20 09:40:00,474.0,478.5,474.0,477.0,71,478.78,3044
2026-08-20 09:45:00,476.5,477.0,475.5,477.0,8,478.76,3044
2026-08-20 09:50:00,477.0,477.0,476.0,477.0,12,478.73,3044
2026-08-20 09:55:00,476.5,476.5,476.0,476.0,14,478.68,3044
2026-08-20 10:00:00,476.0,480.0,476.0,478.5,29,478.64,3044
2026-08-20 10:05:00,480.0,480.0,479.0,479.0,23,478.67,3044
2026-08-20 10:10:00,478.5,479.0,475.5,476.5,17,478.65,3044
2026-08-20 10:15:00,476.0,477.5,476.0,476.0,11,478.62,3044
2026-08-20 10:20:00,476.0,476.5,475.0,476.5,17,478.56,3044
2026-08-20 10:25:00,477.0,479.5,477.0,479.0,43,478.54,3044
2026-08-20 10:30:00,480.0,480.0,478.0,479.5,11,478.54,3044
2026-08-20 10:35:00,480.0,483.0,479.0,482.5,34,478.62,3044
2026-08-20 10:40:00,481.0,483.0,481.0,481.5,33,478.72,3044
2026-08-20 10:45:00,481.0,481.5,479.5,480.5,35,478.78,3044
2026-08-20 10:50:00,479.5,481.0,479.0,480.5,38,478.83,3044
2026-08-20 10:55:00,480.0,481.0,480.0,480.5,15,478.85,3044
2026-08-20 11:00:00,480.5,482.0,480.5,482.0,17,478.89,3044
2026-08-20 11:05:00,481.5,482.0,480.5,482.0,32,478.95,3044
2026-08-20 11:10:00,482.0,483.5,482.0,483.5,26,479.02,3044
2026-08-20 11:15:00,482.5,483.5,482.0,483.0,18,479.08,3044
2026-08-20 11:20:00,483.0,483.0,481.0,481.5,28,479.14,3044
2026-08-20 11:25:00,481.5,483.5,481.5,483.0,31,479.22,3044
2026-08-20 11:30:00,483.5,483.5,482.0,483.0,36,479.32,3044
2026-08-20 11:35:00,483.0,484.0,481.5,484.0,57,479.47,3044
2026-08-20 11:40:00,484.0,485.0,484.0,485.0,45,479.63,3044
2026-08-20 11:45:00,485.0,485.0,484.5,484.5,25,479.72,3044
2026-08-20 11:50:00,484.5,485.0,484.5,485.0,21,479.8,3044
2026-08-20 11:55:00,485.0,485.5,484.0,484.5,46,479.95,3044
2026-08-20 12:00:00,484.0,485.5,484.0,485.5,33,480.05,3044
2026-08-20 12:05:00,485.5,487.5,485.0,487.5,62,480.31,3044
2026-08-20 12:10:00,487.0,488.0,487.0,488.0,80,480.65,3044
2026-08-20 12:15:00,488.5,490.0,487.5,490.0,78,481.0,3044
2026-08-20 12:20:00,490.0,490.0,487.5,488.0,81,481.35,3044
2026-08-20 12:25:00,488.0,489.0,487.5,489.0,40,481.5,3044
2026-08-20 12:30:00,488.5,489.0,487.5,487.5,46,481.66,3044
2026-08-20 12:35:00,488.0,488.0,486.5,487.5,31,481.75,3044
2026-08-20 12:40:00,487.5,489.0,487.0,488.0,57,481.92,3044
2026-08-20 12:45:00,487.5,488.0,485.5,485.5,41,482.01,3044
2026-08-20 12:50:00,486.0,486.0,485.0,485.0,36,482.07,3044
2026-08-20 12:55:00,485.0,486.5,485.0,485.5,45,482.14,3044
2026-08-20 13:00:00,486.0,486.0,484.0,484.0,34,482.19,3044
2026-08-20 13:05:00,484.5,485.0,484.0,484.0,35,482.22,3044
2026-08-20 13:10:00,485.0,485.5,483.5,484.0,26,482.25,3044
2026-08-20 13:15:00,484.0,485.5,483.5,485.5,27,482.28,3044
2026-08-20 13:20:00,485.0,486.0,484.5,485.0,59,482.35,3044
2026-08-20 13:30:00,485.5,485.5,485.5,485.5,148,482.54,3044
2026-08-21 09:00:00,504.0,515.0,498.0,511.0,1738,506.38,3044
2026-08-21 09:05:00,512.0,513.0,503.0,503.0,430,506.57,3044
2026-08-21 09:10:00,503.0,505.0,500.0,503.0,199,506.21,3044
2026-08-21 09:15:00,502.0,502.0,494.0,494.5,347,505.08,3044
2026-08-21 09:20:00,495.0,496.5,492.0,493.0,179,504.4,3044
2026-08-21 09:25:00,493.0,493.5,489.0,489.0,233,503.45,3044
2026-08-21 09:30:00,489.0,490.0,486.5,489.0,207,502.49,3044
2026-08-21 09:35:00,489.0,489.0,481.5,483.0,289,501.1,3044
2026-08-21 09:40:00,482.5,487.0,482.0,484.0,128,500.52,3044
2026-08-21 09:45:00,484.0,485.0,482.0,484.5,135,499.91,3044
2026-08-21 09:50:00,484.0,484.5,482.0,482.0,72,499.6,3044
2026-08-21 09:55:00,482.5,483.5,478.5,482.5,225,498.58,3044
2026-08-21 10:00:00,483.5,487.0,483.0,483.0,83,498.32,3044
2026-08-21 10:05:00,483.0,484.0,480.0,484.0,74,498.04,3044
2026-08-21 10:10:00,483.5,483.5,482.0,482.0,17,497.98,3044
2026-08-21 10:15:00,482.0,483.5,482.0,483.0,45,497.83,3044
2026-08-21 10:20:00,482.5,483.0,482.5,483.0,17,497.77,3044
2026-08-21 10:25:00,482.5,483.5,482.0,483.5,34,497.66,3044
2026-08-21 10:30:00,484.0,485.0,482.5,483.5,64,497.46,3044
2026-08-21 10:35:00,483.0,483.5,479.0,479.0,96,497.11,3044
2026-08-21 10:40:00,479.5,480.0,475.5,476.5,212,496.25,3044
2026-08-21 10:45:00,476.5,477.0,473.5,476.5,163,495.56,3044
2026-08-21 10:50:00,477.0,477.0,475.0,475.0,53,495.35,3044
2026-08-21 10:55:00,475.5,475.5,473.0,473.5,116,494.88,3044
2026-08-21 11:00:00,473.5,473.5,471.5,472.5,185,494.1,3044
2026-08-21 11:05:00,472.5,472.5,467.5,468.0,338,492.64,3044
2026-08-21 11:10:00,468.5,470.0,468.0,468.5,91,492.27,3044
2026-08-21 11:15:00,468.5,468.5,466.5,468.0,106,491.83,3044
2026-08-21 11:20:00,468.5,468.5,462.0,462.5,141,491.21,3044
2026-08-21 11:25:00,462.5,466.0,459.0,463.0,460,489.13,3044
2026-08-21 11:30:00,462.5,463.5,461.5,462.0,103,488.72,3044
2026-08-21 11:35:00,461.5,461.5,459.0,459.0,128,488.17,3044
2026-08-21 11:40:00,459.5,461.0,458.0,458.5,227,487.24,3044
2026-08-21 11:45:00,458.5,458.5,455.0,457.5,115,486.74,3044
2026-08-21 11:50:00,458.0,458.0,455.5,455.5,60,486.49,3044
2026-08-21 11:55:00,455.5,457.5,455.0,457.0,61,486.23,3044
2026-08-21 12:00:00,457.5,458.5,455.5,457.0,76,485.92,3044
2026-08-21 12:05:00,457.5,457.5,455.5,456.0,27,485.81,3044
2026-08-21 12:10:00,456.5,457.5,456.5,456.5,44,485.64,3044
2026-08-21 12:15:00,456.0,456.5,455.5,456.0,48,485.44,3044
2026-08-21 12:20:00,456.5,456.5,456.0,456.0,28,485.33,3044
2026-08-21 12:25:00,456.0,458.5,455.5,457.5,85,485.0,3044
2026-08-21 12:30:00,457.5,462.0,457.0,460.5,98,484.67,3044
2026-08-21 12:35:00,461.0,462.5,459.0,459.5,116,484.31,3044
2026-08-21 12:40:00,459.5,460.0,458.5,459.0,54,484.13,3044
2026-08-21 12:45:00,458.5,459.0,458.0,458.5,34,484.02,3044
2026-08-21 12:50:00,458.5,458.5,456.0,456.0,58,483.82,3044
2026-08-21 12:55:00,456.0,458.5,456.0,458.5,63,483.61,3044
2026-08-21 13:00:00,458.5,460.0,458.5,459.5,77,483.37,3044
2026-08-21 13:05:00,459.5,460.0,458.5,458.5,56,483.21,3044
2026-08-21 13:10:00,458.5,459.0,458.0,458.5,78,482.97,3044
2026-08-21 13:15:00,458.0,458.5,457.0,457.5,173,482.44,3044
2026-08-21 13:20:00,457.5,458.0,456.0,457.0,172,481.92,3044
2026-08-21 13:30:00,459.0,459.0,459.0,459.0,446,480.77,3044
2026-08-24 09:00:00,459.0,461.0,453.0,456.0,215,457.47,3044
2026-08-24 09:05:00,455.5,456.5,451.0,451.5,202,455.39,3044
2026-08-24 09:10:00,451.0,454.0,451.0,453.5,111,454.68,3044
2026-08-24 09:15:00,454.0,458.5,454.0,455.5,146,455.11,3044
2026-08-24 09:20:00,454.5,456.0,454.5,455.5,22,455.11,3044
2026-08-24 09:25:00,456.0,457.5,455.5,455.5,43,455.17,3044
2026-08-24 09:30:00,455.0,456.0,454.5,456.0,31,455.16,3044
2026-08-24 09:35:00,456.0,458.0,455.0,456.5,54,455.23,3044
2026-08-24 09:40:00,456.0,456.0,455.5,455.5,20,455.24,3044
2026-08-24 09:45:00,455.0,455.5,453.5,453.5,71,455.19,3044
2026-08-24 09:50:00,453.0,454.0,451.5,451.5,112,454.93,3044
2026-08-24 09:55:00,451.5,452.0,446.5,446.5,174,454.19,3044
2026-08-24 10:00:00,446.0,448.0,445.5,447.5,70,453.78,3044
2026-08-24 10:05:00,447.5,448.0,445.5,445.5,117,453.17,3044
2026-08-24 10:10:00,445.5,452.0,445.5,452.0,61,452.99,3044
2026-08-24 10:15:00,452.0,452.5,450.0,450.0,20,452.97,3044
2026-08-24 10:20:00,450.0,451.0,450.0,451.0,16,452.94,3044
2026-08-24 10:25:00,451.0,451.0,451.0,451.0,13,452.93,3044
2026-08-24 10:30:00,451.0,452.0,451.0,452.0,15,452.92,3044
2026-08-24 10:35:00,452.0,452.5,452.0,452.0,20,452.9,3044
2026-08-24 10:40:00,451.5,451.5,450.5,450.5,17,452.88,3044
2026-08-24 10:45:00,451.0,451.0,451.0,451.0,13,452.87,3044
2026-08-24 10:50:00,451.0,451.5,450.5,450.5,18,452.85,3044
2026-08-24 10:55:00,450.5,450.5,450.0,450.0,14,452.83,3044
2026-08-24 11:00:00,450.5,451.0,450.5,451.0,16,452.8,3044
2026-08-24 11:05:00,451.0,451.0,449.5,450.5,98,452.65,3044
2026-08-24 11:10:00,450.0,450.5,449.5,450.0,76,452.53,3044
2026-08-24 11:15:00,450.0,450.5,449.5,449.5,156,452.31,3044
2026-08-24 11:20:00,450.0,450.0,449.0,449.0,8,452.3,3044
2026-08-24 11:25:00,449.0,449.5,449.0,449.0,12,452.28,3044
2026-08-24 11:30:00,449.5,450.5,449.5,450.5,28,452.25,3044
2026-08-24 11:35:00,450.5,450.5,450.0,450.5,14,452.23,3044
2026-08-24 11:40:00,450.5,451.0,450.5,451.0,12,452.22,3044
2026-08-24 11:45:00,450.5,451.0,450.0,450.0,13,452.21,3044
2026-08-24 11:50:00,450.0,450.5,450.0,450.5,12,452.2,3044
2026-08-24 11:55:00,450.5,451.0,450.0,451.0,16,452.19,3044
2026-08-24 12:00:00,451.0,451.5,450.5,450.5,25,452.17,3044
2026-08-24 12:05:00,450.5,450.5,450.5,450.5,2,452.17,3044
2026-08-24 12:10:00,450.5,451.0,450.5,451.0,7,452.17,3044
2026-08-24 12:15:00,451.0,452.0,451.0,451.5,29,452.16,3044
2026-08-24 12:20:00,451.5,451.5,451.0,451.0,11,452.15,3044
2026-08-24 12:25:00,450.5,450.5,450.5,450.5,16,452.14,3044
2026-08-24 12:30:00,450.5,451.0,450.0,450.5,25,452.12,3044
2026-08-24 12:35:00,450.5,451.5,450.5,451.5,33,452.1,3044
2026-08-24 12:40:00,451.5,451.5,451.5,451.5,15,452.09,3044
2026-08-24 12:45:00,451.5,452.0,451.0,451.0,25,452.09,3044
2026-08-24 12:50:00,451.0,451.0,450.5,450.5,11,452.08,3044
2026-08-24 12:55:00,451.0,451.0,450.0,450.5,42,452.05,3044
2026-08-24 13:00:00,450.5,450.5,447.0,447.0,283,451.76,3044
2026-08-24 13:05:00,447.0,449.0,447.0,448.5,23,451.72,3044
2026-08-24 13:10:00,448.5,448.5,448.0,448.0,18,451.7,3044
2026-08-24 13:15:00,448.5,449.5,448.0,448.0,78,451.62,3044
2026-08-24 13:20:00,448.0,449.5,448.0,448.0,64,451.55,3044
2026-08-24 13:30:00,450.0,450.0,450.0,450.0,239,451.43,3044
2026-08-25 09:00:00,439.5,445.5,439.5,443.5,105,441.39,3044
2026-08-25 09:05:00,444.0,446.0,442.5,445.0,47,442.06,3044
2026-08-25 09:10:00,445.5,449.5,445.0,447.5,87,444.16,3044
2026-08-25 09:15:00,446.5,449.0,446.5,448.5,36,444.63,3044
2026-08-25 09:20:00,448.5,448.5,445.0,446.0,40,444.77,3044
2026-08-25 09:25:00,445.5,448.0,445.5,447.0,24,444.91,3044
2026-08-25 09:30:00,447.0,449.0,447.0,448.0,27,445.15,3044
2026-08-25 09:35:00,448.5,453.0,448.5,452.5,61,446.06,3044
2026-08-25 09:40:00,451.5,452.0,447.0,449.5,30,446.31,3044
2026-08-25 09:50:00,450.0,450.0,447.0,448.5,30,446.44,3044
2026-08-25 09:55:00,448.5,451.0,448.5,449.5,49,446.72,3044
2026-08-25 10:00:00,450.0,450.0,449.0,450.0,21,446.83,3044
2026-08-25 10:05:00,450.0,450.0,448.5,449.0,45,447.01,3044
2026-08-25 10:10:00,449.0,450.0,448.0,450.0,23,447.09,3044
2026-08-25 10:15:00,450.5,450.5,449.5,450.0,20,447.18,3044
2026-08-25 10:20:00,450.0,451.5,449.0,451.5,38,447.33,3044
2026-08-25 10:25:00,451.5,453.0,450.5,451.0,28,447.52,3044
2026-08-25 10:30:00,451.0,453.0,451.0,451.5,15,447.61,3044
2026-08-25 10:35:00,452.0,452.0,451.5,452.0,11,447.67,3044
2026-08-25 10:40:00,452.0,452.0,451.5,452.0,11,447.73,3044
2026-08-25 10:45:00,452.0,452.0,449.5,450.5,83,447.96,3044
2026-08-25 10:50:00,451.0,451.0,450.0,450.0,5,447.97,3044
2026-08-25 10:55:00,451.0,451.0,450.0,450.0,12,448.01,3044
2026-08-25 11:00:00,450.5,451.5,450.0,451.5,13,448.05,3044
2026-08-25 11:05:00,452.0,453.0,452.0,452.5,24,448.17,3044
2026-08-25 11:10:00,453.0,453.0,452.5,452.5,17,448.25,3044
2026-08-25 11:15:00,452.5,452.5,452.0,452.5,10,448.3,3044
2026-08-25 11:20:00,452.5,452.5,451.5,451.5,14,448.35,3044
2026-08-25 11:25:00,452.0,452.5,452.0,452.5,7,448.38,3044
2026-08-25 11:30:00,453.0,454.5,453.0,454.0,27,448.53,3044
2026-08-25 11:35:00,454.5,454.5,454.0,454.0,12,448.6,3044
2026-08-25 11:40:00,454.0,454.0,453.0,453.5,18,448.69,3044
2026-08-25 11:45:00,454.0,454.0,453.5,453.5,3,448.7,3044
2026-08-25 11:50:00,454.0,454.0,452.5,453.5,17,448.78,3044
2026-08-25 11:55:00,454.0,454.0,454.0,454.0,10,448.83,3044
2026-08-25 12:00:00,454.0,454.5,454.0,454.5,18,448.92,3044
2026-08-25 12:05:00,455.0,458.0,454.5,458.0,42,449.22,3044
2026-08-25 12:10:00,457.5,459.0,457.5,458.5,39,449.53,3044
2026-08-25 12:15:00,458.5,459.0,457.0,457.0,28,449.74,3044
2026-08-25 12:20:00,457.0,457.5,457.0,457.5,4,449.76,3044
2026-08-25 12:25:00,458.0,458.0,457.5,457.5,8,449.82,3044
2026-08-25 12:30:00,457.5,458.5,457.5,458.5,9,449.88,3044
2026-08-25 12:35:00,458.5,459.5,458.5,459.5,16,450.01,3044
2026-08-25 12:40:00,459.0,460.5,459.0,459.5,58,450.47,3044
2026-08-25 12:45:00,459.0,459.5,459.0,459.0,8,450.53,3044
2026-08-25 12:50:00,459.0,459.0,458.0,458.0,12,450.61,3044
2026-08-25 12:55:00,458.0,460.0,458.0,460.0,7,450.65,3044
2026-08-25 13:00:00,460.0,460.5,460.0,460.0,23,450.82,3044
2026-08-25 13:05:00,460.0,460.5,460.0,460.5,14,450.92,3044
2026-08-25 13:10:00,460.0,460.5,460.0,460.5,8,450.98,3044
2026-08-25 13:15:00,460.5,461.0,460.0,460.5,51,451.34,3044
2026-08-25 13:20:00,461.0,462.0,460.5,462.0,158,452.37,3044
2026-08-25 13:30:00,463.0,463.0,463.0,463.0,81,452.91,3044
2026-08-26 09:00:00,458.0,468.5,458.0,467.0,240,462.42,3044
2026-08-26 09:05:00,467.5,469.0,465.0,465.0,87,463.66,3044
2026-08-26 09:10:00,465.0,468.0,464.5,465.5,67,464.14,3044
2026-08-26 09:15:00,466.5,468.5,465.5,467.0,32,464.37,3044
2026-08-26 09:20:00,468.0,468.5,464.0,464.5,48,464.55,3044
2026-08-26 09:25:00,464.0,466.5,462.0,466.5,38,464.55,3044
2026-08-26 09:30:00,467.0,471.5,466.5,471.5,115,465.42,3044
2026-08-26 09:35:00,471.0,474.0,471.0,471.0,75,466.18,3044
2026-08-26 09:40:00,471.0,472.0,470.5,470.5,45,466.47,3044
2026-08-26 09:45:00,471.0,472.5,470.5,472.0,42,466.76,3044
2026-08-26 09:50:00,472.5,476.0,472.0,476.0,100,467.56,3044
2026-08-26 09:55:00,476.0,476.0,474.5,475.0,71,468.12,3044
2026-08-26 10:00:00,475.0,480.5,474.5,478.5,177,469.75,3044
2026-08-26 10:05:00,478.5,481.5,477.0,481.5,150,470.93,3044
2026-08-26 10:10:00,480.5,482.0,480.5,481.5,62,471.39,3044
2026-08-26 10:15:00,481.0,483.5,480.5,483.5,87,472.03,3044
2026-08-26 10:20:00,483.5,487.5,483.0,487.5,176,473.46,3044
2026-08-26 10:25:00,487.5,489.0,484.5,484.5,120,474.45,3044
2026-08-26 10:30:00,484.5,486.0,484.5,485.0,27,474.61,3044
2026-08-26 10:35:00,485.0,486.0,484.0,484.0,42,474.86,3044
2026-08-26 10:40:00,485.0,486.0,484.0,486.0,37,475.06,3044
2026-08-26 10:45:00,486.0,487.0,486.0,486.0,22,475.19,3044
2026-08-26 10:50:00,486.0,486.0,484.5,484.5,26,475.33,3044
2026-08-26 10:55:00,484.5,486.0,484.0,486.0,50,475.57,3044
2026-08-26 11:00:00,486.0,486.0,485.0,485.0,9,475.62,3044
2026-08-26 11:05:00,485.5,486.0,485.0,485.5,22,475.73,3044
2026-08-26 11:10:00,485.0,485.0,484.5,485.0,18,475.81,3044
2026-08-26 11:15:00,485.0,485.0,484.0,484.0,8,475.84,3044
2026-08-26 11:20:00,484.0,484.0,482.0,483.0,76,476.13,3044
2026-08-26 11:25:00,482.5,482.5,481.5,482.0,11,476.16,3044
2026-08-26 11:30:00,482.5,484.5,482.0,483.5,27,476.25,3044
2026-08-26 11:35:00,483.0,485.0,483.0,485.0,22,476.33,3044
2026-08-26 11:40:00,484.5,485.0,482.5,483.0,11,476.37,3044
2026-08-26 11:45:00,482.0,483.5,482.0,483.0,18,476.42,3044
2026-08-26 11:50:00,483.0,483.0,482.5,482.5,12,476.46,3044
2026-08-26 11:55:00,482.5,482.5,482.0,482.5,4,476.47,3044
2026-08-26 12:00:00,482.0,482.0,481.5,481.5,11,476.49,3044
2026-08-26 12:05:00,481.5,482.0,481.5,482.0,16,476.53,3044
2026-08-26 12:10:00,482.0,482.5,482.0,482.0,12,476.56,3044
2026-08-26 12:15:00,482.0,482.0,481.0,481.0,12,476.59,3044
2026-08-26 12:20:00,481.0,481.5,480.5,480.5,14,476.62,3044
2026-08-26 12:25:00,481.0,481.5,481.0,481.0,11,476.64,3044
2026-08-26 12:30:00,481.0,483.0,481.0,483.0,47,476.75,3044
2026-08-26 12:35:00,483.0,483.0,482.0,482.0,7,476.77,3044
2026-08-26 12:40:00,481.5,483.5,481.5,483.5,28,476.85,3044
2026-08-26 12:45:00,483.0,483.0,482.5,483.0,10,476.87,3044
2026-08-26 12:50:00,482.5,483.0,482.5,482.5,17,476.91,3044
2026-08-26 12:55:00,482.5,483.0,482.0,482.5,33,477.0,3044
2026-08-26 13:00:00,482.5,483.0,482.5,482.5,17,477.03,3044
2026-08-26 13:05:00,482.5,484.5,482.5,484.5,50,477.16,3044
2026-08-26 13:10:00,484.0,484.5,483.0,483.0,30,477.24,3044
2026-08-26 13:15:00,482.5,484.0,482.5,484.0,30,477.32,3044
2026-08-26 13:20:00,484.0,484.0,482.5,482.5,53,477.44,3044
2026-08-26 13:30:00,481.0,481.0,481.0,481.0,234,477.74,3044
2026-08-27 09:00:00,481.0,481.5,478.5,479.5,179,480.48,3044
2026-08-27 09:05:00,480.0,483.5,480.0,481.0,70,480.8,3044
2026-08-27 09:10:00,481.0,483.5,477.5,478.0,96,480.64,3044
2026-08-27 09:15:00,478.5,480.0,478.0,480.0,36,480.47,3044
2026-08-27 09:20:00,480.5,482.0,480.5,481.0,10,480.49,3044
2026-08-27 09:25:00,481.5,483.5,481.5,483.5,43,480.7,3044
2026-08-27 09:30:00,483.5,484.5,483.0,484.5,39,480.97,3044
2026-08-27 09:35:00,484.5,487.5,484.5,487.0,70,481.6,3044
2026-08-27 09:40:00,488.0,488.0,485.5,485.5,36,481.94,3044
2026-08-27 09:45:00,485.5,485.5,484.0,485.5,24,482.05,3044
2026-08-27 09:50:00,486.0,486.5,485.5,486.0,12,482.13,3044
2026-08-27 09:55:00,487.0,487.5,486.5,486.5,16,482.26,3044
2026-08-27 10:00:00,486.5,488.0,486.5,487.0,48,482.62,3044
2026-08-27 10:05:00,487.0,487.0,483.5,484.0,24,482.7,3044
2026-08-27 10:10:00,484.0,486.0,484.0,486.0,17,482.76,3044
2026-08-27 10:15:00,486.0,488.0,486.0,488.0,54,483.07,3044
2026-08-27 10:20:00,487.0,489.5,487.0,489.0,95,483.67,3044
2026-08-27 10:25:00,489.5,489.5,487.5,487.5,28,483.83,3044
2026-08-27 10:30:00,488.0,491.0,488.0,490.0,61,484.21,3044
2026-08-27 10:35:00,490.5,490.5,488.5,489.0,17,484.3,3044
2026-08-27 10:40:00,489.0,489.5,487.5,487.5,16,484.37,3044
2026-08-27 10:45:00,487.5,489.0,487.5,489.0,38,484.5,3044
2026-08-27 10:50:00,488.5,490.5,488.5,490.0,60,484.79,3044
2026-08-27 10:55:00,490.0,490.5,489.5,490.0,26,484.91,3044
2026-08-27 11:00:00,490.0,490.0,490.0,490.0,9,484.95,3044
2026-08-27 11:05:00,489.5,490.0,489.5,489.5,9,484.99,3044
2026-08-27 11:10:00,489.5,489.5,489.0,489.5,20,485.07,3044
2026-08-27 11:15:00,489.5,489.5,489.0,489.0,12,485.11,3044
2026-08-27 11:20:00,489.0,489.0,489.0,489.0,9,485.14,3044
2026-08-27 11:25:00,489.0,489.0,488.5,489.0,9,485.17,3044
2026-08-27 11:30:00,488.5,489.0,488.5,488.5,16,485.22,3044
2026-08-27 11:35:00,488.0,488.0,485.5,486.5,50,485.27,3044
2026-08-27 11:40:00,487.0,488.0,487.0,487.5,7,485.28,3044
2026-08-27 11:45:00,487.5,487.5,487.0,487.0,9,485.3,3044
2026-08-27 11:50:00,487.0,487.0,484.0,486.0,47,485.3,3044
2026-08-27 11:55:00,486.5,486.5,486.0,486.0,11,485.31,3044
2026-08-27 12:00:00,485.5,486.0,485.0,485.0,14,485.31,3044
2026-08-27 12:05:00,485.0,485.0,483.0,483.0,38,485.26,3044
2026-08-27 12:10:00,484.0,484.5,483.5,483.5,26,485.24,3044
2026-08-27 12:15:00,483.5,484.0,483.5,484.0,8,485.23,3044
2026-08-27 12:20:00,484.0,484.0,483.0,483.0,17,485.21,3044
2026-08-27 12:25:00,482.5,483.0,482.0,482.0,15,485.18,3044
2026-08-27 12:30:00,482.5,482.5,481.5,482.5,45,485.09,3044
2026-08-27 12:35:00,483.0,483.0,483.0,483.0,4,485.08,3044
2026-08-27 12:40:00,482.5,483.0,482.5,483.0,4,485.07,3044
2026-08-27 12:45:00,483.0,483.5,482.0,482.0,26,485.04,3044
2026-08-27 12:50:00,481.5,481.5,480.5,481.0,45,484.93,3044
2026-08-27 12:55:00,481.0,482.0,480.5,482.0,46,484.83,3044
2026-08-27 13:00:00,482.0,482.5,482.0,482.0,25,484.79,3044
2026-08-27 13:05:00,482.0,482.5,482.0,482.0,16,484.76,3044
2026-08-27 13:10:00,482.0,482.5,482.0,482.0,23,484.73,3044
2026-08-27 13:15:00,482.0,482.5,482.0,482.5,33,484.68,3044
2026-08-27 13:20:00,482.0,482.5,482.0,482.0,41,484.62,3044
2026-08-27 13:30:00,481.0,481.0,481.0,481.0,123,484.38,3044
2026-08-28 09:00:00,486.0,489.0,483.5,485.0,168,486.12,3044
2026-08-28 09:05:00,485.0,489.5,485.0,489.0,107,486.49,3044
2026-08-28 09:10:00,489.0,492.0,488.0,492.0,205,488.2,3044
2026-08-28 09:15:00,491.5,496.0,491.5,496.0,192,489.82,3044
2026-08-28 09:20:00,495.5,498.0,494.5,497.0,146,490.97,3044
2026-08-28 09:25:00,496.5,498.5,495.0,495.5,161,492.0,3044
2026-08-28 09:30:00,495.0,496.5,492.5,496.5,71,492.17,3044
2026-08-28 09:35:00,496.0,496.5,494.0,495.5,87,492.43,3044
2026-08-28 09:40:00,495.0,495.5,492.5,495.5,39,492.48,3044
2026-08-28 09:45:00,495.0,495.0,494.0,494.0,21,492.52,3044
2026-08-28 09:50:00,494.0,496.0,493.5,495.5,59,492.63,3044
2026-08-28 09:55:00,495.0,496.0,493.0,493.0,56,492.73,3044
2026-08-28 10:00:00,493.0,494.5,493.0,494.5,67,492.76,3044
2026-08-28 10:05:00,494.5,495.0,493.0,494.5,45,492.82,3044
2026-08-28 10:10:00,494.5,499.0,494.5,497.5,211,493.35,3044
2026-08-28 10:15:00,497.5,498.5,497.5,498.0,41,493.47,3044
2026-08-28 10:20:00,498.0,498.0,496.5,496.5,38,493.55,3044
2026-08-28 10:25:00,496.5,497.0,496.5,496.5,10,493.56,3044
2026-08-28 10:30:00,496.5,496.5,496.0,496.0,15,493.59,3044
2026-08-28 10:35:00,496.0,496.0,495.0,495.0,21,493.61,3044
2026-08-28 10:40:00,495.5,495.5,495.0,495.0,14,493.62,3044
2026-08-28 10:45:00,494.5,495.0,494.5,494.5,11,493.63,3044
2026-08-28 10:50:00,495.0,496.0,494.5,495.5,27,493.66,3044
2026-08-28 10:55:00,496.0,497.0,496.0,496.0,43,493.72,3044
2026-08-28 11:00:00,496.0,496.0,494.5,495.0,34,493.75,3044
2026-08-28 11:05:00,495.5,495.5,495.0,495.0,17,493.76,3044
2026-08-28 11:10:00,495.0,496.0,495.0,496.0,12,493.77,3044
2026-08-28 11:15:00,496.0,496.0,495.5,496.0,14,493.79,3044
2026-08-28 11:20:00,496.0,496.5,496.0,496.5,21,493.81,3044
2026-08-28 11:25:00,497.0,497.0,495.0,495.5,33,493.85,3044
2026-08-28 11:30:00,496.0,496.0,495.0,495.5,11,493.86,3044
2026-08-28 11:35:00,495.5,495.5,494.5,494.5,26,493.87,3044
2026-08-28 11:40:00,495.0,495.0,493.0,494.5,73,493.86,3044
2026-08-28 11:45:00,494.0,494.5,493.5,494.5,10,493.86,3044
2026-08-28 11:50:00,493.5,495.0,493.5,495.0,9,493.87,3044
2026-08-28 11:55:00,495.0,496.0,495.0,495.0,30,493.89,3044
2026-08-28 12:00:00,495.5,496.0,494.5,494.5,21,493.9,3044
2026-08-28 12:05:00,495.0,495.0,494.5,494.5,7,493.9,3044
2026-08-28 12:10:00,495.0,495.5,494.5,494.5,27,493.91,3044
2026-08-28 12:15:00,495.0,495.0,494.5,495.0,7,493.92,3044
2026-08-28 12:20:00,495.0,495.0,493.0,493.5,42,493.92,3044
2026-08-28 12:25:00,493.0,493.5,492.0,492.5,49,493.89,3044
2026-08-28 12:30:00,492.5,493.0,492.5,493.0,16,493.88,3044
2026-08-28 12:35:00,493.0,493.0,492.5,492.5,12,493.87,3044
2026-08-28 12:40:00,493.0,493.5,492.5,492.5,22,493.87,3044
2026-08-28 12:45:00,492.5,493.0,492.0,492.5,12,493.86,3044
2026-08-28 12:50:00,493.0,493.0,492.5,493.0,9,493.86,3044
2026-08-28 12:55:00,493.0,493.0,491.5,492.0,24,493.84,3044
2026-08-28 13:00:00,492.5,493.0,492.0,492.5,34,493.82,3044
2026-08-28 13:05:00,493.0,494.0,492.5,494.0,26,493.82,3044
2026-08-28 13:10:00,494.0,494.0,492.5,493.0,58,493.8,3044
2026-08-28 13:15:00,493.0,493.0,492.5,492.5,20,493.79,3044
2026-08-28 13:20:00,493.0,493.0,490.0,490.0,97,493.71,3044
2026-08-28 13:30:00,490.0,490.0,490.0,490.0,197,493.45,3044
2026-08-31 09:00:00,491.0,508.0,490.0,508.0,588,499.59,3044
2026-08-31 09:05:00,507.0,508.0,500.0,500.0,271,501.46,3044
2026-08-31 09:10:00,500.0,503.0,499.0,502.0,317,501.29,3044
2026-08-31 09:15:00,502.0,503.0,498.0,500.0,204,501.16,3044
2026-08-31 09:20:00,501.0,502.0,499.5,501.0,182,501.06,3044
2026-08-31 09:25:00,500.0,503.0,500.0,501.0,174,501.06,3044
2026-08-31 09:30:00,500.0,501.0,500.0,500.0,115,501.01,3044
2026-08-31 09:35:00,500.0,500.0,496.5,498.5,158,500.81,3044
2026-08-31 09:40:00,499.0,502.0,499.0,500.0,141,500.8,3044
2026-08-31 09:45:00,500.0,500.0,498.0,498.5,127,500.74,3044
2026-08-31 09:50:00,498.5,500.0,498.5,500.0,63,500.7,3044
2026-08-31 09:55:00,500.0,500.0,498.5,499.5,32,500.69,3044
2026-08-31 10:00:00,499.0,499.5,496.5,496.5,65,500.61,3044
2026-08-31 10:05:00,496.5,497.5,496.5,497.5,45,500.56,3044
2026-08-31 10:10:00,498.0,498.0,497.0,497.0,41,500.5,3044
2026-08-31 10:15:00,497.0,497.0,493.0,495.5,127,500.25,3044
2026-08-31 10:20:00,495.0,495.5,492.5,493.0,84,500.04,3044
2026-08-31 10:25:00,493.0,497.0,492.5,496.0,103,499.83,3044
2026-08-31 10:30:00,495.0,495.5,495.0,495.0,26,499.79,3044
2026-08-31 10:35:00,494.5,496.0,494.0,496.0,24,499.74,3044
2026-08-31 10:40:00,496.0,496.5,495.0,495.0,30,499.7,3044
2026-08-31 10:45:00,496.0,498.5,495.5,497.5,46,499.66,3044
2026-08-31 10:50:00,497.0,498.5,496.5,498.5,21,499.65,3044
2026-08-31 10:55:00,498.0,498.5,495.5,495.5,41,499.62,3044
2026-08-31 11:00:00,496.5,498.0,495.5,495.5,31,499.59,3044
2026-08-31 11:05:00,496.0,497.0,496.0,496.5,9,499.58,3044
2026-08-31 11:10:00,496.5,498.0,496.5,497.5,32,499.56,3044
2026-08-31 11:15:00,497.5,498.0,496.5,496.5,58,499.52,3044
2026-08-31 11:20:00,496.5,496.5,496.5,496.5,7,499.51,3044
2026-08-31 11:25:00,496.5,498.0,495.5,495.5,47,499.47,3044
2026-08-31 11:30:00,496.0,499.0,496.0,498.5,44,499.45,3044
2026-08-31 11:35:00,499.0,499.5,497.0,497.0,68,499.43,3044
2026-08-31 11:40:00,497.0,497.0,496.5,496.5,7,499.43,3044
2026-08-31 11:45:00,496.5,499.0,496.5,498.5,15,499.42,3044
2026-08-31 11:50:00,498.5,498.5,497.0,497.5,33,499.4,3044
2026-08-31 11:55:00,497.5,499.0,497.5,499.0,7,499.4,3044
2026-08-31 12:00:00,499.0,499.0,497.5,498.0,52,499.39,3044
2026-08-31 12:05:00,498.0,498.0,498.0,498.0,6,499.38,3044
2026-08-31 12:10:00,498.0,501.0,497.5,501.0,83,499.38,3044
2026-08-31 12:15:00,501.0,501.0,500.0,501.0,16,499.38,3044
2026-08-31 12:20:00,501.0,502.0,499.5,500.0,148,499.42,3044
2026-08-31 12:25:00,500.0,500.0,500.0,500.0,10,499.42,3044
2026-08-31 12:30:00,500.0,501.0,500.0,501.0,41,499.43,3044
2026-08-31 12:35:00,501.0,501.0,499.0,499.0,71,499.44,3044
2026-08-31 12:40:00,499.0,499.0,497.0,497.0,16,499.43,3044
2026-08-31 12:45:00,497.0,497.0,495.5,495.5,19,499.42,3044
2026-08-31 12:50:00,495.5,498.0,495.5,497.5,34,499.4,3044
2026-08-31 12:55:00,498.0,499.0,498.0,498.5,12,499.39,3044
2026-08-31 13:00:00,498.5,498.5,498.0,498.0,51,499.38,3044
2026-08-31 13:05:00,498.0,499.0,497.0,499.0,27,499.37,3044
2026-08-31 13:10:00,499.0,499.0,496.5,497.5,34,499.36,3044
2026-08-31 13:15:00,497.5,498.5,497.5,498.0,45,499.34,3044
2026-08-31 13:20:00,498.0,498.0,496.5,497.5,99,499.29,3044
2026-08-31 13:30:00,496.5,496.5,496.5,496.5,501,498.99,3044
2026-09-01 09:00:00,496.5,503.0,494.5,502.0,167,498.4,3044
2026-09-01 09:05:00,502.0,504.0,500.0,503.0,149,500.12,3044
2026-09-01 09:10:00,503.0,503.0,498.0,500.0,166,500.12,3044
2026-09-01 09:15:00,501.0,506.0,501.0,505.0,129,500.9,3044
2026-09-01 09:20:00,505.0,505.0,503.0,504.0,42,501.08,3044
2026-09-01 09:25:00,504.0,506.0,504.0,505.0,107,501.64,3044
2026-09-01 09:30:00,505.0,505.0,503.0,503.0,29,501.72,3044
2026-09-01 09:35:00,503.0,505.0,503.0,504.0,50,501.83,3044
2026-09-01 09:40:00,504.0,504.0,503.0,504.0,9,501.85,3044
2026-09-01 09:45:00,503.0,503.0,501.0,503.0,27,501.86,3044
2026-09-01 09:50:00,503.0,504.0,501.0,502.0,35,501.87,3044
2026-09-01 09:55:00,502.0,502.0,500.0,501.0,38,501.82,3044
2026-09-01 10:00:00,501.0,502.0,500.0,500.0,15,501.81,3044
2026-09-01 10:05:00,501.0,503.0,501.0,503.0,29,501.81,3044
2026-09-01 10:10:00,502.0,503.0,502.0,503.0,8,501.82,3044
2026-09-01 10:15:00,502.0,503.0,502.0,503.0,16,501.83,3044
2026-09-01 10:20:00,503.0,504.0,502.0,503.0,32,501.87,3044
2026-09-01 10:25:00,503.0,504.0,500.0,501.0,120,501.96,3044
2026-09-01 10:30:00,501.0,502.0,500.0,502.0,7,501.96,3044
2026-09-01 10:35:00,501.0,501.0,500.0,500.0,7,501.95,3044
2026-09-01 10:40:00,500.0,501.0,499.5,500.0,200,501.66,3044
2026-09-01 10:45:00,500.0,501.0,500.0,501.0,7,501.65,3044
2026-09-01 10:50:00,500.0,501.0,500.0,501.0,6,501.65,3044
2026-09-01 10:55:00,500.0,502.0,500.0,501.0,19,501.64,3044
2026-09-01 11:00:00,502.0,502.0,501.0,501.0,11,501.64,3044
2026-09-01 11:05:00,502.0,502.0,502.0,502.0,4,501.64,3044
2026-09-01 11:10:00,502.0,502.0,502.0,502.0,4,501.64,3044
2026-09-01 11:15:00,502.0,502.0,501.0,501.0,25,501.63,3044
2026-09-01 11:20:00,502.0,502.0,501.0,501.0,5,501.63,3044
2026-09-01 11:25:00,501.0,501.0,501.0,501.0,3,501.63,3044
2026-09-01 11:30:00,501.0,502.0,501.0,502.0,6,501.63,3044
2026-09-01 11:35:00,502.0,502.0,502.0,502.0,5,501.63,3044
2026-09-01 11:40:00,501.0,502.0,501.0,502.0,8,501.63,3044
2026-09-01 11:45:00,502.0,502.0,501.0,501.0,8,501.63,3044
2026-09-01 11:50:00,502.0,502.0,502.0,502.0,5,501.63,3044
2026-09-01 11:55:00,501.0,502.0,500.0,500.0,15,501.62,3044
2026-09-01 12:00:00,500.0,502.0,500.0,501.0,8,501.62,3044
2026-09-01 12:05:00,502.0,502.0,502.0,502.0,4,501.62,3044
2026-09-01 12:10:00,502.0,502.0,501.0,502.0,16,501.62,3044
2026-09-01 12:15:00,500.0,501.0,500.0,501.0,9,501.61,3044
2026-09-01 12:20:00,500.0,502.0,500.0,502.0,33,501.59,3044
2026-09-01 12:25:00,502.0,502.0,501.0,502.0,12,501.59,3044
2026-09-01 12:30:00,502.0,504.0,501.0,504.0,76,501.63,3044
2026-09-01 12:35:00,504.0,504.0,502.0,503.0,25,501.65,3044
2026-09-01 12:40:00,503.0,504.0,503.0,504.0,40,501.7,3044
2026-09-01 12:45:00,502.0,504.0,502.0,504.0,28,501.72,3044
2026-09-01 12:50:00,504.0,504.0,503.0,504.0,61,501.8,3044
2026-09-01 12:55:00,504.0,505.0,504.0,504.0,50,501.87,3044
2026-09-01 13:00:00,505.0,506.0,504.0,505.0,119,502.05,3044
2026-09-01 13:05:00,505.0,505.0,505.0,505.0,33,502.1,3044
2026-09-01 13:10:00,505.0,505.0,504.0,505.0,63,502.18,3044
2026-09-01 13:15:00,504.0,505.0,503.0,503.0,70,502.24,3044
2026-09-01 13:20:00,504.0,504.0,503.0,504.0,42,502.27,3044
2026-09-01 13:30:00,503.0,503.0,503.0,503.0,140,502.31,3044
2026-09-02 09:00:00,505.0,508.0,501.0,507.0,187,504.77,3044
2026-09-02 09:05:00,507.0,510.0,506.0,507.0,159,506.12,3044
2026-09-02 09:10:00,506.0,508.0,505.0,508.0,80,506.28,3044
2026-09-02 09:15:00,509.0,510.0,508.0,508.0,68,506.65,3044
2026-09-02 09:20:00,508.0,509.0,507.0,509.0,52,506.8,3044
2026-09-02 09:25:00,510.0,510.0,505.0,506.0,148,506.98,3044
2026-09-02 09:30:00,505.0,505.0,502.0,504.0,40,506.78,3044
2026-09-02 09:35:00,504.0,504.0,500.0,502.0,69,506.4,3044
2026-09-02 09:40:00,500.0,504.0,500.0,502.0,29,506.25,3044
2026-09-02 09:45:00,502.0,503.0,501.0,502.0,40,506.05,3044
2026-09-02 09:50:00,502.0,502.0,502.0,502.0,7,506.02,3044
2026-09-02 09:55:00,502.0,503.0,501.0,501.0,29,505.89,3044
2026-09-02 10:00:00,501.0,501.0,500.0,500.0,90,505.42,3044
2026-09-02 10:05:00,500.0,500.0,499.5,499.5,57,505.12,3044
2026-09-02 10:10:00,499.5,502.0,499.5,502.0,36,504.96,3044
2026-09-02 10:15:00,503.0,505.0,502.0,504.0,48,504.9,3044
2026-09-02 10:20:00,504.0,505.0,504.0,504.0,23,504.88,3044
2026-09-02 10:25:00,503.0,507.0,503.0,507.0,108,504.95,3044
2026-09-02 10:30:00,505.0,506.0,502.0,503.0,43,504.92,3044
2026-09-02 10:35:00,502.0,503.0,501.0,503.0,22,504.87,3044
2026-09-02 10:40:00,502.0,502.0,501.0,502.0,20,504.82,3044
2026-09-02 10:45:00,502.0,503.0,502.0,503.0,12,504.8,3044
2026-09-02 10:50:00,503.0,504.0,502.0,504.0,14,504.78,3044
2026-09-02 10:55:00,504.0,504.0,502.0,503.0,55,504.74,3044
2026-09-02 11:00:00,504.0,504.0,503.0,503.0,4,504.73,3044
2026-09-02 11:05:00,503.0,503.0,501.0,502.0,19,504.7,3044
2026-09-02 11:10:00,503.0,504.0,502.0,504.0,29,504.68,3044
2026-09-02 11:15:00,505.0,508.0,505.0,508.0,106,504.79,3044
2026-09-02 11:20:00,509.0,509.0,506.0,506.0,39,504.85,3044
2026-09-02 11:25:00,505.0,505.0,505.0,505.0,16,504.85,3044
2026-09-02 11:30:00,504.0,505.0,504.0,505.0,5,504.85,3044
2026-09-02 11:35:00,505.0,505.0,505.0,505.0,5,504.85,3044
2026-09-02 11:40:00,505.0,506.0,504.0,505.0,22,504.85,3044
2026-09-02 11:45:00,505.0,506.0,505.0,505.0,11,504.85,3044
2026-09-02 11:50:00,505.0,505.0,503.0,504.0,24,504.85,3044
2026-09-02 11:55:00,503.0,503.0,503.0,503.0,9,504.84,3044
2026-09-02 12:00:00,503.0,503.0,503.0,503.0,21,504.81,3044
2026-09-02 12:05:00,502.0,502.0,502.0,502.0,17,504.79,3044
2026-09-02 12:10:00,502.0,503.0,502.0,502.0,10,504.77,3044
2026-09-02 12:15:00,503.0,504.0,502.0,504.0,35,504.74,3044
2026-09-02 12:20:00,505.0,505.0,503.0,505.0,20,504.73,3044
2026-09-02 12:25:00,505.0,505.0,504.0,505.0,10,504.73,3044
2026-09-02 12:30:00,505.0,505.0,504.0,504.0,24,504.72,3044
2026-09-02 12:35:00,504.0,505.0,503.0,505.0,19,504.72,3044
2026-09-02 12:40:00,504.0,505.0,504.0,504.0,21,504.71,3044
2026-09-02 12:45:00,505.0,505.0,504.0,505.0,7,504.71,3044
2026-09-02 12:50:00,504.0,505.0,503.0,504.0,39,504.7,3044
2026-09-02 12:55:00,504.0,504.0,503.0,504.0,42,504.66,3044
2026-09-02 13:00:00,504.0,504.0,501.0,502.0,54,504.6,3044
2026-09-02 13:05:00,502.0,503.0,501.0,501.0,30,504.55,3044
2026-09-02 13:10:00,503.0,503.0,502.0,502.0,15,504.54,3044
2026-09-02 13:15:00,502.0,503.0,502.0,502.0,41,504.5,3044
2026-09-02 13:20:00,502.0,504.0,502.0,504.0,72,504.45,3044
2026-09-02 13:30:00,502.0,502.0,502.0,502.0,240,504.21,3044
2026-09-03 09:00:00,500.0,504.0,500.0,501.0,125,501.1,3044
2026-09-03 09:05:00,502.0,502.0,497.5,498.0,84,500.36,3044
2026-09-03 09:10:00,497.0,500.0,496.5,500.0,69,499.65,3044
2026-09-03 09:15:00,500.0,500.0,498.5,498.5,16,499.64,3044
2026-09-03 09:20:00,498.5,500.0,497.5,498.0,42,499.46,3044
2026-09-03 09:25:00,497.0,500.0,496.0,500.0,45,499.15,3044
2026-09-03 09:30:00,499.0,499.0,498.0,498.5,18,499.14,3044
2026-09-03 09:35:00,498.0,498.0,492.0,492.5,94,498.37,3044
2026-09-03 09:40:00,492.5,495.0,492.0,495.0,27,498.11,3044
2026-09-03 09:45:00,494.0,496.5,494.0,496.0,10,498.06,3044
2026-09-03 09:50:00,496.0,496.0,494.0,494.0,13,497.98,3044
2026-09-03 09:55:00,493.5,494.0,491.0,492.0,52,497.52,3044
2026-09-03 10:00:00,492.0,494.5,492.0,494.0,31,497.31,3044
2026-09-03 10:05:00,494.5,495.0,494.0,495.0,5,497.28,3044
2026-09-03 10:10:00,495.0,498.0,495.0,496.5,37,497.24,3044
2026-09-03 10:15:00,497.0,497.5,497.0,497.5,15,497.24,3044
2026-09-03 10:20:00,498.0,498.0,497.5,497.5,6,497.24,3044
2026-09-03 10:25:00,498.0,498.0,497.5,497.5,8,497.25,3044
2026-09-03 10:30:00,497.5,498.0,497.5,497.5,7,497.25,3044
2026-09-03 10:35:00,497.5,497.5,494.5,495.5,23,497.2,3044
2026-09-03 10:40:00,495.5,496.5,495.5,495.5,12,497.18,3044
2026-09-03 10:45:00,495.0,495.5,495.0,495.0,6,497.17,3044
2026-09-03 10:50:00,494.5,495.0,494.5,495.0,4,497.15,3044
2026-09-03 10:55:00,495.0,496.0,495.0,496.0,7,497.13,3044
2026-09-03 11:00:00,495.5,495.5,495.5,495.5,6,497.12,3044
2026-09-03 11:05:00,495.5,495.5,495.5,495.5,1,497.12,3044
2026-09-03 11:10:00,495.5,495.5,495.0,495.0,22,497.07,3044
2026-09-03 11:15:00,495.5,497.0,495.5,497.0,17,497.05,3044
2026-09-03 11:20:00,497.0,497.0,496.5,497.0,9,497.05,3044
2026-09-03 11:25:00,497.5,499.0,497.5,498.5,20,497.07,3044
2026-09-03 11:30:00,498.5,499.0,498.5,498.5,11,497.09,3044
2026-09-03 11:35:00,498.5,502.0,498.0,502.0,60,497.28,3044
2026-09-03 11:40:00,500.0,500.0,500.0,500.0,7,497.3,3044
2026-09-03 11:45:00,498.5,498.5,498.0,498.0,6,497.31,3044
2026-09-03 11:50:00,497.5,497.5,497.0,497.0,3,497.31,3044
2026-09-03 11:55:00,497.5,497.5,497.0,497.0,5,497.31,3044
2026-09-03 12:00:00,497.0,497.5,497.0,497.0,11,497.31,3044
2026-09-03 12:05:00,496.5,498.0,496.5,498.0,11,497.31,3044
2026-09-03 12:10:00,498.0,498.0,497.5,497.5,10,497.31,3044
2026-09-03 12:15:00,497.0,497.0,497.0,497.0,9,497.31,3044
2026-09-03 12:20:00,497.0,497.0,497.0,497.0,10,497.31,3044
2026-09-03 12:25:00,497.5,498.5,497.5,498.0,17,497.32,3044
2026-09-03 12:30:00,498.5,498.5,498.0,498.5,6,497.32,3044
2026-09-03 12:35:00,498.5,498.5,496.5,496.5,32,497.33,3044
2026-09-03 12:40:00,496.5,496.5,494.0,494.0,50,497.26,3044
2026-09-03 12:45:00,494.5,496.5,494.5,496.0,38,497.19,3044
2026-09-03 12:50:00,495.5,496.0,495.0,496.0,50,497.13,3044
2026-09-03 12:55:00,495.5,495.5,494.5,495.0,146,496.9,3044
2026-09-03 13:00:00,495.0,495.5,493.5,494.0,172,496.67,3044
2026-09-03 13:05:00,493.5,495.0,493.0,495.0,227,496.37,3044
2026-09-03 13:10:00,495.0,495.0,489.0,489.5,147,496.05,3044
2026-09-03 13:15:00,489.0,490.5,488.0,488.0,76,495.77,3044
2026-09-03 13:20:00,487.5,488.5,486.0,486.0,73,495.45,3044
2026-09-03 13:30:00,487.5,487.5,487.5,487.5,202,494.72,3044
2026-09-04 09:00:00,489.5,493.5,489.5,493.5,154,491.32,3044
2026-09-04 09:05:00,493.5,494.0,489.0,490.0,52,491.34,3044
2026-09-04 09:10:00,489.5,491.5,489.5,491.5,6,491.33,3044
2026-09-04 09:15:00,491.0,491.0,489.5,490.5,17,491.25,3044
2026-09-04 09:20:00,491.0,491.0,487.5,487.5,44,490.9,3044
2026-09-04 09:25:00,487.5,488.5,485.5,486.5,40,490.44,3044
2026-09-04 09:30:00,486.5,487.5,486.0,486.5,22,490.2,3044
2026-09-04 09:35:00,487.0,487.0,482.0,482.0,74,489.06,3044
2026-09-04 09:40:00,482.0,483.5,482.0,483.5,15,488.84,3044
2026-09-04 09:45:00,483.0,483.0,477.5,478.0,108,487.19,3044
2026-09-04 09:50:00,478.5,479.0,476.5,477.0,52,486.3,3044
2026-09-04 09:55:00,477.0,478.0,475.0,476.5,54,485.45,3044
2026-09-04 10:00:00,476.5,478.5,476.0,478.5,29,485.08,3044
2026-09-04 10:05:00,478.5,483.5,478.5,483.5,27,484.9,3044
2026-09-04 10:10:00,483.0,483.5,480.0,481.0,18,484.82,3044
2026-09-04 10:15:00,481.5,484.0,481.5,483.5,14,484.78,3044
2026-09-04 10:20:00,482.0,483.0,482.0,482.0,10,484.74,3044
2026-09-04 10:25:00,482.0,482.0,477.5,479.5,52,484.41,3044
2026-09-04 10:30:00,480.0,480.5,479.0,479.0,15,484.32,3044
2026-09-04 10:35:00,478.5,478.5,475.0,475.0,122,483.29,3044
2026-09-04 10:40:00,475.5,476.5,475.0,476.0,39,482.98,3044
2026-09-04 10:45:00,476.5,479.0,476.5,478.5,12,482.91,3044
2026-09-04 10:50:00,479.0,480.0,478.5,479.5,21,482.84,3044
2026-09-04 10:55:00,480.0,482.5,480.0,482.5,29,482.79,3044
2026-09-04 11:00:00,481.5,483.0,480.5,481.5,22,482.77,3044
2026-09-04 11:05:00,480.5,481.5,480.5,481.0,21,482.73,3044
2026-09-04 11:10:00,481.0,482.0,478.5,480.0,22,482.68,3044
2026-09-04 11:15:00,480.0,481.5,480.0,481.5,12,482.66,3044
2026-09-04 11:20:00,481.0,481.5,480.0,480.0,15,482.63,3044
2026-09-04 11:25:00,480.0,481.5,479.0,480.5,18,482.59,3044
2026-09-04 11:30:00,480.0,480.5,479.0,479.0,8,482.57,3044
2026-09-04 11:35:00,479.0,479.5,478.0,479.0,54,482.39,3044
2026-09-04 11:40:00,479.0,479.0,478.5,478.5,7,482.37,3044
2026-09-04 11:45:00,479.0,480.0,479.0,479.5,7,482.36,3044
2026-09-04 11:50:00,479.5,480.0,479.0,480.0,9,482.34,3044
2026-09-04 11:55:00,480.5,481.0,480.0,480.0,18,482.31,3044
2026-09-04 12:00:00,480.0,481.0,480.0,481.0,16,482.28,3044
2026-09-04 12:05:00,481.0,483.5,481.0,481.5,41,482.28,3044
2026-09-04 12:10:00,482.5,483.0,482.5,483.0,16,482.29,3044
2026-09-04 12:15:00,483.5,484.0,483.5,483.5,21,482.31,3044
2026-09-04 12:20:00,483.0,484.0,482.5,484.0,18,482.32,3044
2026-09-04 12:25:00,483.5,485.5,483.5,485.5,33,482.38,3044
2026-09-04 12:30:00,485.5,486.0,485.5,485.5,19,482.42,3044
2026-09-04 12:35:00,486.0,486.5,485.0,485.0,34,482.5,3044
2026-09-04 12:40:00,484.5,485.0,484.5,484.5,10,482.52,3044
2026-09-04 12:45:00,485.0,485.0,484.5,484.5,22,482.55,3044
2026-09-04 12:50:00,484.5,485.0,484.5,484.5,17,482.57,3044
2026-09-04 12:55:00,485.0,487.5,485.0,487.5,54,482.69,3044
2026-09-04 13:00:00,487.0,487.5,485.0,487.5,91,482.86,3044
2026-09-04 13:05:00,487.0,488.0,486.5,487.0,36,482.95,3044
2026-09-04 13:10:00,486.5,487.5,486.5,487.5,19,483.0,3044
2026-09-04 13:15:00,487.5,488.0,487.0,487.0,39,483.1,3044
2026-09-04 13:20:00,487.5,489.5,487.0,489.0,60,483.27,3044
2026-09-04 13:30:00,488.5,488.5,488.5,488.5,129,483.62,3044
2026-09-07 09:00:00,495.5,495.5,489.0,490.5,97,492.44,3044
2026-09-07 09:05:00,490.5,492.0,490.0,491.0,60,491.82,3044
2026-09-07 09:10:00,492.0,493.5,491.5,493.0,28,491.89,3044
2026-09-07 09:15:00,493.0,495.5,493.0,494.0,53,492.47,3044
2026-09-07 09:20:00,494.0,495.0,492.5,493.0,32,492.59,3044
2026-09-07 09:25:00,493.0,496.0,493.0,496.0,63,493.0,3044
2026-09-07 09:30:00,495.0,495.5,494.5,495.5,43,493.23,3044
2026-09-07 09:35:00,495.0,496.0,495.0,496.0,29,493.41,3044
2026-09-07 09:40:00,496.0,496.5,495.0,495.0,20,493.53,3044
2026-09-07 09:45:00,494.5,498.0,494.5,497.5,62,493.83,3044
2026-09-07 09:50:00,497.5,499.5,497.5,499.0,48,494.27,3044
2026-09-07 09:55:00,498.0,499.0,498.0,499.0,14,494.37,3044
2026-09-07 10:00:00,499.0,499.5,498.5,498.5,14,494.49,3044
2026-09-07 10:05:00,498.5,499.5,498.0,499.5,29,494.7,3044
2026-09-07 10:10:00,499.5,500.0,499.0,499.5,12,494.79,3044
2026-09-07 10:15:00,499.0,499.5,498.0,498.0,28,494.98,3044
2026-09-07 10:20:00,499.0,499.0,497.0,497.0,23,495.07,3044
2026-09-07 10:25:00,496.5,499.0,496.5,498.0,17,495.15,3044
2026-09-07 10:30:00,498.5,499.0,498.0,499.0,11,495.2,3044
2026-09-07 10:35:00,499.0,499.5,498.0,499.0,21,495.31,3044
2026-09-07 10:40:00,499.0,499.5,499.0,499.5,14,495.39,3044
2026-09-07 10:45:00,499.5,499.5,498.0,498.0,27,495.51,3044
2026-09-07 10:50:00,498.0,498.0,497.0,497.0,15,495.54,3044
2026-09-07 10:55:00,497.0,497.0,495.5,496.5,12,495.56,3044
2026-09-07 11:00:00,496.5,497.0,496.0,496.5,8,495.57,3044
2026-09-07 11:05:00,496.0,496.0,494.5,496.0,28,495.56,3044
2026-09-07 11:10:00,496.0,497.5,496.0,497.5,8,495.57,3044
2026-09-07 11:15:00,497.5,498.0,497.0,497.0,12,495.6,3044
2026-09-07 11:20:00,497.0,497.5,497.0,497.5,5,495.61,3044
2026-09-07 11:25:00,497.5,497.5,496.5,497.0,15,495.63,3044
2026-09-07 11:30:00,497.0,497.0,496.0,497.0,28,495.67,3044
2026-09-07 11:35:00,496.5,497.5,496.5,497.5,18,495.69,3044
2026-09-07 11:40:00,497.5,497.5,496.0,496.0,12,495.71,3044
2026-09-07 11:45:00,495.5,496.5,495.0,495.0,8,495.71,3044
2026-09-07 11:50:00,496.0,497.5,496.0,497.5,4,495.71,3044
2026-09-07 11:55:00,497.0,497.0,494.5,495.0,6,495.71,3044
2026-09-07 12:00:00,496.0,496.0,494.0,494.0,8,495.7,3044
2026-09-07 12:05:00,493.5,495.5,493.5,495.0,21,495.67,3044
2026-09-07 12:10:00,495.0,495.0,494.0,494.0,10,495.65,3044
2026-09-07 12:15:00,493.5,493.5,492.5,493.0,11,495.62,3044
2026-09-07 12:20:00,492.5,493.5,492.5,493.0,8,495.6,3044
2026-09-07 12:25:00,493.0,494.0,493.0,493.5,8,495.58,3044
2026-09-07 12:30:00,494.0,494.0,492.5,493.0,11,495.56,3044
2026-09-07 12:35:00,493.5,493.5,492.0,493.0,12,495.52,3044
2026-09-07 12:40:00,493.5,495.5,493.5,493.5,34,495.49,3044
2026-09-07 12:45:00,493.5,493.5,493.0,493.0,6,495.48,3044
2026-09-07 12:50:00,493.0,493.5,493.0,493.0,12,495.45,3044
2026-09-07 12:55:00,492.5,494.0,492.5,493.5,22,495.41,3044
2026-09-07 13:00:00,493.5,494.0,493.0,493.0,39,495.33,3044
2026-09-07 13:05:00,493.0,493.0,490.0,491.0,39,495.21,3044
2026-09-07 13:10:00,491.0,491.5,491.0,491.5,20,495.14,3044
2026-09-07 13:15:00,492.0,492.0,490.5,490.5,15,495.09,3044
2026-09-07 13:20:00,490.0,494.5,490.0,493.0,40,494.99,3044
2026-09-07 13:30:00,493.0,493.0,493.0,493.0,96,494.85,3044
2026-09-08 09:00:00,498.5,499.0,496.0,496.0,89,497.89,3044
2026-09-08 09:05:00,495.5,497.0,493.0,497.0,52,496.72,3044
2026-09-08 09:10:00,497.0,497.0,494.5,496.0,27,496.56,3044
2026-09-08 09:15:00,496.0,497.0,495.0,495.5,20,496.53,3044
2026-09-08 09:20:00,495.5,496.5,495.5,496.5,5,496.52,3044
2026-09-08 09:25:00,496.5,496.5,494.0,494.0,21,496.38,3044
2026-09-08 09:30:00,494.0,494.0,492.5,494.0,42,495.92,3044
2026-09-08 09:35:00,494.0,494.0,493.5,493.5,8,495.85,3044
2026-09-08 09:40:00,494.0,494.0,493.0,493.5,12,495.74,3044
2026-09-08 09:45:00,493.5,493.5,492.0,492.0,18,495.56,3044
2026-09-08 09:50:00,492.0,493.0,490.0,493.0,59,494.86,3044
2026-09-08 09:55:00,493.0,494.0,493.0,494.0,13,494.8,3044
2026-09-08 10:00:00,494.0,494.0,492.0,492.5,51,494.6,3044
2026-09-08 10:05:00,492.5,492.5,492.5,492.5,1,494.6,3044
2026-09-08 10:10:00,493.0,493.0,492.5,492.5,9,494.55,3044
2026-09-08 10:15:00,492.5,493.0,492.5,492.5,15,494.49,3044
2026-09-08 10:20:00,492.5,492.5,491.0,491.5,37,494.27,3044
2026-09-08 10:25:00,491.5,491.5,490.5,490.5,9,494.2,3044
2026-09-08 10:30:00,490.5,491.0,490.5,491.0,14,494.11,3044
2026-09-08 10:35:00,491.0,491.0,491.0,491.0,2,494.1,3044
2026-09-08 10:40:00,491.0,491.5,491.0,491.5,6,494.06,3044
2026-09-08 10:45:00,492.0,492.0,491.5,491.5,6,494.04,3044
2026-09-08 10:50:00,492.0,492.0,491.5,492.0,6,494.01,3044
2026-09-08 10:55:00,492.0,492.0,491.5,491.5,7,493.98,3044
2026-09-08 11:00:00,492.0,492.0,492.0,492.0,2,493.97,3044
2026-09-08 11:05:00,492.0,492.0,491.0,491.0,24,493.86,3044
2026-09-08 11:10:00,491.0,491.0,490.5,491.0,15,493.79,3044
2026-09-08 11:15:00,491.0,492.5,491.0,492.5,5,493.77,3044
2026-09-08 11:20:00,492.5,492.5,491.0,491.5,13,493.72,3044
2026-09-08 11:30:00,491.5,492.0,491.5,491.5,3,493.71,3044
2026-09-08 11:35:00,492.0,492.0,491.0,491.0,13,493.65,3044
2026-09-08 11:40:00,490.5,490.5,488.5,488.5,82,493.22,3044
2026-09-08 11:45:00,488.0,489.5,488.0,488.5,9,493.16,3044
2026-09-08 11:50:00,489.0,489.0,488.0,488.0,27,492.98,3044
2026-09-08 11:55:00,488.0,488.5,487.0,488.5,12,492.89,3044
2026-09-08 12:00:00,489.0,489.0,488.5,488.5,5,492.86,3044
2026-09-08 12:05:00,489.0,489.0,489.0,489.0,2,492.85,3044
2026-09-08 12:10:00,488.5,488.5,487.0,487.0,19,492.73,3044
2026-09-08 12:15:00,487.0,487.0,486.5,486.5,13,492.63,3044
2026-09-08 12:20:00,487.0,487.0,485.5,485.5,22,492.45,3044
2026-09-08 12:25:00,486.0,486.0,486.0,486.0,15,492.33,3044
2026-09-08 12:30:00,486.0,486.0,485.5,486.0,10,492.25,3044
2026-09-08 12:35:00,486.0,486.0,486.0,486.0,6,492.2,3044
2026-09-08 12:40:00,486.5,486.5,486.5,486.5,6,492.16,3044
2026-09-08 12:45:00,487.0,487.0,486.5,486.5,5,492.13,3044
2026-09-08 12:50:00,487.0,487.0,485.5,486.0,33,491.89,3044
2026-09-08 12:55:00,486.5,486.5,485.5,485.5,19,491.76,3044
2026-09-08 13:00:00,485.0,485.5,485.0,485.0,30,491.54,3044
2026-09-08 13:05:00,485.0,485.0,484.5,485.0,21,491.39,3044
2026-09-08 13:10:00,485.0,485.0,484.5,485.0,22,491.24,3044
2026-09-08 13:15:00,485.0,485.5,484.5,485.5,23,491.1,3044
2026-09-08 13:20:00,485.0,487.0,483.5,487.0,84,490.59,3044
2026-09-08 13:30:00,484.0,484.0,484.0,484.0,138,489.84,3044
2026-09-09 09:00:00,482.0,488.0,482.0,487.5,72,484.48,3044
2026-09-09 09:05:00,487.5,490.0,487.5,489.0,36,486.08,3044
2026-09-09 09:10:00,489.5,496.5,489.5,495.5,110,490.1,3044
2026-09-09 09:15:00,496.0,501.0,496.0,500.0,199,494.3,3044
2026-09-09 09:20:00,500.0,501.0,499.0,500.0,76,495.18,3044
2026-09-09 09:25:00,500.0,503.0,499.5,501.0,184,496.85,3044
2026-09-09 09:30:00,501.0,505.0,500.0,505.0,143,497.86,3044
2026-09-09 09:35:00,504.0,507.0,502.0,506.0,211,499.27,3044
2026-09-09 09:40:00,507.0,507.0,504.0,504.0,47,499.54,3044
2026-09-09 09:45:00,504.0,505.0,504.0,504.0,35,499.68,3044
2026-09-09 09:50:00,504.0,504.0,501.0,503.0,38,499.78,3044
2026-09-09 09:55:00,502.0,503.0,501.0,503.0,32,499.85,3044
2026-09-09 10:00:00,503.0,509.0,503.0,509.0,207,500.86,3044
2026-09-09 10:05:00,508.0,512.0,507.0,512.0,273,502.3,3044
2026-09-09 10:10:00,512.0,513.0,511.0,512.0,79,502.73,3044
2026-09-09 10:15:00,512.0,512.0,510.0,510.0,94,503.11,3044
2026-09-09 10:20:00,509.0,511.0,509.0,509.0,32,503.23,3044
2026-09-09 10:25:00,510.0,510.0,508.0,509.0,21,503.29,3044
2026-09-09 10:30:00,509.0,509.0,507.0,508.0,14,503.33,3044
2026-09-09 10:35:00,509.0,509.0,507.0,509.0,33,503.41,3044
2026-09-09 10:40:00,508.0,510.0,508.0,509.0,27,503.49,3044
2026-09-09 10:45:00,509.0,510.0,509.0,509.0,18,503.54,3044
2026-09-09 10:50:00,509.0,509.0,508.0,509.0,17,503.59,3044
2026-09-09 10:55:00,509.0,509.0,506.0,506.0,48,503.67,3044
2026-09-09 11:00:00,507.0,508.0,506.0,506.0,47,503.74,3044
2026-09-09 11:05:00,506.0,507.0,505.0,506.0,32,503.77,3044
2026-09-09 11:10:00,505.0,506.0,504.0,504.0,28,503.78,3044
2026-09-09 11:15:00,503.0,506.0,503.0,504.0,58,503.8,3044
2026-09-09 11:20:00,503.0,506.0,500.0,506.0,300,503.59,3044
2026-09-09 11:25:00,505.0,507.0,504.0,506.0,37,503.62,3044
2026-09-09 11:30:00,507.0,513.0,506.0,512.0,242,504.22,3044
2026-09-09 11:35:00,512.0,513.0,511.0,513.0,99,504.51,3044
2026-09-09 11:40:00,513.0,514.0,512.0,513.0,92,504.76,3044
2026-09-09 11:45:00,513.0,514.0,511.0,511.0,77,504.97,3044
2026-09-09 11:50:00,512.0,513.0,511.0,513.0,77,505.16,3044
2026-09-09 11:55:00,513.0,513.0,511.0,512.0,77,505.33,3044
2026-09-09 12:00:00,513.0,514.0,512.0,512.0,81,505.52,3044
2026-09-09 12:05:00,513.0,514.0,511.0,512.0,77,505.68,3044
2026-09-09 12:10:00,512.0,512.0,510.0,512.0,88,505.83,3044
2026-09-09 12:15:00,511.0,512.0,509.0,511.0,82,505.96,3044
2026-09-09 12:20:00,511.0,513.0,511.0,513.0,66,506.07,3044
2026-09-09 12:25:00,512.0,513.0,511.0,512.0,75,506.2,3044
2026-09-09 12:30:00,512.0,513.0,509.0,509.0,41,506.25,3044
2026-09-09 12:35:00,510.0,510.0,509.0,510.0,27,506.27,3044
2026-09-09 12:40:00,510.0,510.0,509.0,510.0,18,506.29,3044
2026-09-09 12:45:00,509.0,510.0,509.0,509.0,16,506.3,3044
2026-09-09 12:50:00,510.0,510.0,509.0,509.0,13,506.31,3044
2026-09-09 12:55:00,510.0,511.0,509.0,511.0,31,506.34,3044
2026-09-09 13:00:00,511.0,511.0,509.0,510.0,30,506.37,3044
2026-09-09 13:05:00,509.0,510.0,508.0,509.0,30,506.39,3044
2026-09-09 13:10:00,508.0,509.0,508.0,509.0,22,506.4,3044
2026-09-09 13:15:00,509.0,510.0,509.0,509.0,81,506.46,3044
2026-09-09 13:20:00,509.0,511.0,509.0,510.0,52,506.51,3044
2026-09-09 13:30:00,509.0,509.0,509.0,509.0,202,506.63,3044
2026-09-10 09:00:00,515.0,516.0,505.0,507.0,612,511.05,3044
2026-09-10 09:05:00,508.0,509.0,505.0,508.0,138,510.3,3044
2026-09-10 09:10:00,508.0,508.0,503.0,504.0,154,509.47,3044
2026-09-10 09:15:00,504.0,507.0,502.0,507.0,91,508.94,3044
2026-09-10 09:20:00,507.0,508.0,506.0,507.0,58,508.82,3044
2026-09-10 09:25:00,506.0,507.0,500.0,501.0,157,508.01,3044
2026-09-10 09:30:00,501.0,503.0,500.0,502.0,59,507.74,3044
2026-09-10 09:35:00,501.0,501.0,496.5,499.0,162,506.71,3044
2026-09-10 09:40:00,499.5,501.0,499.0,501.0,34,506.56,3044
2026-09-10 09:45:00,501.0,501.0,499.5,499.5,40,506.39,3044
2026-09-10 09:50:00,499.0,499.5,498.0,498.0,43,506.18,3044
2026-09-10 09:55:00,498.5,499.0,498.5,499.0,18,506.09,3044
2026-09-10 10:00:00,499.5,500.0,499.0,499.0,21,506.01,3044
2026-09-10 10:05:00,499.0,501.0,499.0,501.0,48,505.83,3044
2026-09-10 10:10:00,501.0,505.0,501.0,503.0,68,505.72,3044
2026-09-10 10:15:00,503.0,503.0,501.0,501.0,25,505.66,3044
2026-09-10 10:20:00,501.0,504.0,501.0,504.0,15,505.63,3044
2026-09-10 10:25:00,503.0,504.0,503.0,503.0,15,505.61,3044
2026-09-10 10:30:00,503.0,503.0,503.0,503.0,7,505.6,3044
2026-09-10 10:35:00,503.0,505.0,503.0,505.0,21,505.58,3044
2026-09-10 10:40:00,505.0,505.0,504.0,504.0,2,505.58,3044
2026-09-10 10:45:00,504.0,505.0,504.0,505.0,5,505.57,3044
2026-09-10 10:50:00,505.0,505.0,503.0,504.0,24,505.55,3044
2026-09-10 10:55:00,504.0,505.0,503.0,504.0,25,505.53,3044
2026-09-10 11:00:00,505.0,505.0,505.0,505.0,1,505.53,3044
2026-09-10 11:05:00,505.0,505.0,503.0,503.0,32,505.5,3044
2026-09-10 11:10:00,503.0,503.0,502.0,502.0,23,505.46,3044
2026-09-10 11:15:00,502.0,502.0,501.0,502.0,11,505.44,3044
2026-09-10 11:20:00,501.0,502.0,500.0,500.0,30,505.37,3044
2026-09-10 11:25:00,501.0,502.0,501.0,502.0,7,505.36,3044
2026-09-10 11:30:00,501.0,501.0,501.0,501.0,7,505.35,3044
2026-09-10 11:35:00,501.0,501.0,500.0,501.0,18,505.3,3044
2026-09-10 11:40:00,501.0,501.0,500.0,500.0,11,505.28,3044
2026-09-10 11:45:00,500.0,500.0,500.0,500.0,3,505.27,3044
2026-09-10 11:50:00,500.0,501.0,500.0,501.0,7,505.25,3044
2026-09-10 11:55:00,500.0,501.0,500.0,500.0,5,505.24,3044
2026-09-10 12:00:00,500.0,501.0,500.0,501.0,4,505.23,3044
2026-09-10 12:05:00,501.0,502.0,501.0,501.0,46,505.14,3044
2026-09-10 12:10:00,502.0,502.0,502.0,502.0,2,505.14,3044
2026-09-10 12:15:00,502.0,502.0,501.0,501.0,6,505.13,3044
2026-09-10 12:20:00,502.0,502.0,502.0,502.0,2,505.12,3044
2026-09-10 12:25:00,501.0,502.0,501.0,501.0,4,505.12,3044
2026-09-10 12:30:00,501.0,501.0,499.5,500.0,112,504.86,3044
2026-09-10 12:35:00,499.5,500.0,499.5,499.5,12,504.83,3044
2026-09-10 12:40:00,499.5,500.0,499.5,500.0,33,504.75,3044
2026-09-10 12:45:00,500.0,501.0,500.0,501.0,17,504.72,3044
2026-09-10 12:50:00,500.0,502.0,500.0,502.0,23,504.69,3044
2026-09-10 12:55:00,501.0,502.0,501.0,502.0,12,504.67,3044
2026-09-10 13:00:00,502.0,504.0,502.0,502.0,57,504.62,3044
2026-09-10 13:05:00,503.0,503.0,502.0,503.0,25,504.6,3044
2026-09-10 13:10:00,502.0,503.0,501.0,501.0,45,504.55,3044
2026-09-10 13:15:00,501.0,502.0,500.0,500.0,59,504.46,3044
2026-09-10 13:20:00,501.0,502.0,500.0,501.0,72,504.36,3044
2026-09-10 13:30:00,503.0,503.0,503.0,503.0,243,504.24,3044
2026-09-11 09:00:00,494.0,496.0,490.0,495.5,157,492.43,3044
2026-09-11 09:05:00,495.5,495.5,492.0,492.5,64,492.72,3044
2026-09-11 09:10:00,493.0,498.5,493.0,498.0,54,493.47,3044
2026-09-11 09:15:00,497.5,503.0,497.0,500.0,62,494.55,3044
2026-09-11 09:20:00,500.0,502.0,498.5,500.0,46,495.2,3044
2026-09-11 09:25:00,499.5,501.0,499.0,500.0,27,495.51,3044
2026-09-11 09:30:00,500.0,505.0,499.5,503.0,84,496.72,3044
2026-09-11 09:35:00,504.0,507.0,503.0,506.0,82,497.88,3044
2026-09-11 09:40:00,506.0,508.0,504.0,504.0,87,499.0,3044
2026-09-11 09:45:00,505.0,505.0,502.0,504.0,73,499.44,3044
2026-09-11 09:50:00,504.0,504.0,503.0,503.0,17,499.52,3044
2026-09-11 09:55:00,503.0,504.0,503.0,504.0,12,499.58,3044
2026-09-11 10:00:00,505.0,507.0,503.0,504.0,72,500.08,3044
2026-09-11 10:05:00,504.0,504.0,502.0,502.0,24,500.16,3044
2026-09-11 10:10:00,502.0,505.0,502.0,505.0,12,500.2,3044
2026-09-11 10:15:00,505.0,506.0,503.0,503.0,17,500.28,3044
2026-09-11 10:20:00,504.0,504.0,502.0,502.0,17,500.33,3044
2026-09-11 10:25:00,502.0,503.0,501.0,503.0,16,500.35,3044
2026-09-11 10:30:00,502.0,502.0,502.0,502.0,2,500.35,3044
2026-09-11 10:35:00,502.0,502.0,502.0,502.0,3,500.36,3044
2026-09-11 10:40:00,502.0,502.0,500.0,500.0,24,500.37,3044
2026-09-11 10:45:00,500.0,501.0,500.0,501.0,9,500.37,3044
2026-09-11 10:50:00,501.0,501.0,500.0,500.0,23,500.37,3044
2026-09-11 10:55:00,499.5,500.0,499.5,500.0,25,500.35,3044
2026-09-11 11:00:00,500.0,501.0,500.0,501.0,4,500.35,3044
2026-09-11 11:05:00,501.0,501.0,501.0,501.0,6,500.35,3044
2026-09-11 11:10:00,501.0,501.0,500.0,501.0,16,500.36,3044
2026-09-11 11:15:00,500.0,500.0,499.0,499.5,41,500.34,3044
2026-09-11 11:20:00,501.0,501.0,498.0,499.0,73,500.23,3044
2026-09-11 11:25:00,499.0,501.0,499.0,501.0,41,500.22,3044
2026-09-11 11:30:00,501.0,502.0,501.0,502.0,17,500.24,3044
2026-09-11 11:35:00,502.0,506.0,502.0,506.0,53,500.38,3044
2026-09-11 11:40:00,505.0,510.0,505.0,509.0,149,501.14,3044
2026-09-11 11:45:00,509.0,510.0,508.0,509.0,59,501.46,3044
2026-09-11 11:50:00,510.0,510.0,508.0,510.0,68,501.8,3044
2026-09-11 11:55:00,510.0,510.0,509.0,510.0,37,501.98,3044
2026-09-11 12:00:00,510.0,512.0,509.0,512.0,74,502.36,3044
2026-09-11 12:05:00,512.0,512.0,511.0,512.0,34,502.55,3044
2026-09-11 12:10:00,511.0,513.0,511.0,512.0,42,502.77,3044
2026-09-11 12:15:00,512.0,513.0,510.0,511.0,44,502.99,3044
2026-09-11 12:20:00,511.0,514.0,510.0,511.0,162,503.82,3044
2026-09-11 12:25:00,511.0,513.0,511.0,513.0,29,503.94,3044
2026-09-11 12:30:00,512.0,513.0,511.0,511.0,23,504.04,3044
2026-09-11 12:35:00,510.0,511.0,510.0,510.0,32,504.13,3044
2026-09-11 12:40:00,510.0,511.0,509.0,511.0,41,504.26,3044
2026-09-11 12:45:00,511.0,512.0,510.0,511.0,38,504.39,3044
2026-09-11 12:50:00,512.0,512.0,510.0,512.0,35,504.51,3044
2026-09-11 12:55:00,511.0,512.0,510.0,510.0,44,504.64,3044
2026-09-11 13:00:00,510.0,512.0,510.0,511.0,42,504.77,3044
2026-09-11 13:05:00,510.0,512.0,510.0,510.0,30,504.86,3044
2026-09-11 13:10:00,511.0,512.0,510.0,511.0,54,505.01,3044
2026-09-11 13:15:00,511.0,512.0,510.0,511.0,50,505.14,3044
2026-09-11 13:20:00,511.0,511.0,508.0,511.0,51,505.24,3044
2026-09-11 13:30:00,508.0,508.0,508.0,508.0,167,505.42,3044
