date,open,high,low,close,volume,average,stock_code
2026-04-27 09:00:00,217.5,218.0,216.0,218.0,4087,217.83,3374
2026-04-27 09:05:00,218.0,218.0,218.0,218.0,849,217.86,3374
2026-04-27 09:10:00,218.0,218.0,218.0,218.0,381,217.87,3374
2026-04-27 09:15:00,218.0,218.0,213.5,218.0,5329,217.25,3374
2026-04-27 09:20:00,218.0,218.0,217.0,218.0,2204,217.37,3374
2026-04-27 09:25:00,218.0,218.0,218.0,218.0,131,217.38,3374
2026-04-27 09:30:00,218.0,218.0,218.0,218.0,110,217.38,3374
2026-04-27 09:35:00,218.0,218.0,218.0,218.0,177,217.39,3374
2026-04-27 09:40:00,218.0,218.0,216.0,217.0,1060,217.38,3374
2026-04-27 09:45:00,217.5,218.0,216.5,218.0,1493,217.42,3374
2026-04-27 09:50:00,218.0,218.0,217.5,218.0,339,217.43,3374
2026-04-27 09:55:00,218.0,218.0,218.0,218.0,91,217.43,3374
2026-04-27 10:00:00,218.0,218.0,218.0,218.0,158,217.44,3374
2026-04-27 10:05:00,218.0,218.0,217.5,218.0,235,217.44,3374
2026-04-27 10:10:00,218.0,218.0,217.5,218.0,142,217.45,3374
2026-04-27 10:15:00,218.0,218.0,217.5,218.0,388,217.46,3374
2026-04-27 10:20:00,218.0,218.0,218.0,218.0,59,217.46,3374
2026-04-27 10:25:00,218.0,218.0,218.0,218.0,24,217.46,3374
2026-04-27 10:30:00,218.0,218.0,218.0,218.0,28,217.46,3374
2026-04-27 10:35:00,218.0,218.0,218.0,218.0,32,217.47,3374
2026-04-27 10:40:00,218.0,218.0,218.0,218.0,23,217.47,3374
2026-04-27 10:45:00,218.0,218.0,218.0,218.0,58,217.47,3374
2026-04-27 10:50:00,218.0,218.0,218.0,218.0,9,217.47,3374
2026-04-27 10:55:00,218.0,218.0,218.0,218.0,23,217.47,3374
2026-04-27 11:00:00,218.0,218.0,218.0,218.0,150,217.47,3374
2026-04-27 11:05:00,218.0,218.0,218.0,218.0,56,217.48,3374
2026-04-27 11:10:00,218.0,218.0,218.0,218.0,16,217.48,3374
2026-04-27 11:15:00,218.0,218.0,218.0,218.0,12,217.48,3374
2026-04-27 11:20:00,218.0,218.0,218.0,218.0,1323,217.51,3374
2026-04-27 11:25:00,218.0,218.0,218.0,218.0,22,217.51,3374
2026-04-27 11:30:00,218.0,218.0,218.0,218.0,16,217.51,3374
2026-04-27 11:35:00,218.0,218.0,218.0,218.0,34,217.51,3374
2026-04-27 11:40:00,218.0,218.0,218.0,218.0,12,217.51,3374
2026-04-27 11:45:00,218.0,218.0,218.0,218.0,11,217.52,3374
2026-04-27 11:50:00,218.0,218.0,218.0,218.0,7,217.52,3374
2026-04-27 11:55:00,218.0,218.0,218.0,218.0,7,217.52,3374
2026-04-27 12:00:00,218.0,218.0,218.0,218.0,8,217.52,3374
2026-04-27 12:05:00,218.0,218.0,218.0,218.0,12,217.52,3374
2026-04-27 12:10:00,218.0,218.0,218.0,218.0,14,217.52,3374
2026-04-27 12:15:00,218.0,218.0,218.0,218.0,18,217.52,3374
2026-04-27 12:20:00,218.0,218.0,218.0,218.0,17,217.52,3374
2026-04-27 12:25:00,218.0,218.0,218.0,218.0,11,217.52,3374
2026-04-27 12:30:00,218.0,218.0,218.0,218.0,168,217.52,3374
2026-04-27 12:35:00,218.0,218.0,218.0,218.0,16,217.52,3374
2026-04-27 12:40:00,218.0,218.0,218.0,218.0,13,217.52,3374
2026-04-27 12:45:00,218.0,218.0,218.0,218.0,7,217.52,3374
2026-04-27 12:50:00,218.0,218.0,218.0,218.0,16,217.52,3374
2026-04-27 12:55:00,218.0,218.0,218.0,218.0,12,217.52,3374
2026-04-27 13:00:00,218.0,218.0,218.0,218.0,21,217.52,3374
2026-04-27 13:05:00,218.0,218.0,218.0,218.0,10,217.52,3374
2026-04-27 13:10:00,218.0,218.0,218.0,218.0,28,217.52,3374
2026-04-27 13:15:00,218.0,218.0,218.0,218.0,16,217.53,3374
2026-04-27 13:20:00,218.0,218.0,218.0,218.0,28,217.53,3374
2026-04-27 13:30:00,218.0,218.0,218.0,218.0,25,217.53,3374
2026-04-28 09:00:00,220.0,220.5,213.0,217.0,5058,217.36,3374
2026-04-28 09:05:00,216.5,218.5,211.0,213.0,2158,216.51,3374
2026-04-28 09:10:00,213.5,215.0,211.5,214.5,1487,215.91,3374
2026-04-28 09:15:00,214.5,222.0,214.0,221.5,2250,216.56,3374
2026-04-28 09:20:00,221.5,221.5,218.0,219.0,1217,216.91,3374
2026-04-28 09:25:00,219.5,219.5,217.5,219.5,877,217.01,3374
2026-04-28 09:30:00,219.5,219.5,215.5,216.0,661,217.0,3374
2026-04-28 09:35:00,215.5,219.0,215.5,219.0,505,217.01,3374
2026-04-28 09:40:00,219.0,223.5,219.0,223.0,2250,217.69,3374
2026-04-28 09:45:00,223.5,231.0,223.0,230.5,4110,219.59,3374
2026-04-28 09:50:00,230.5,231.0,223.5,225.0,1547,220.07,3374
2026-04-28 09:55:00,224.5,227.0,224.0,225.0,864,220.27,3374
2026-04-28 10:00:00,224.5,225.0,220.5,223.0,1348,220.39,3374
2026-04-28 10:05:00,223.0,224.0,221.5,222.5,432,220.43,3374
2026-04-28 10:10:00,222.5,224.0,221.5,222.5,453,220.48,3374
2026-04-28 10:15:00,222.5,222.5,219.0,220.0,714,220.48,3374
2026-04-28 10:20:00,220.0,221.5,217.5,217.5,489,220.46,3374
2026-04-28 10:25:00,217.5,221.5,217.5,220.5,646,220.43,3374
2026-04-28 10:30:00,220.5,222.5,220.0,221.0,363,220.44,3374
2026-04-28 10:35:00,221.0,221.0,219.0,220.5,230,220.44,3374
2026-04-28 10:40:00,220.5,220.5,219.0,219.0,202,220.43,3374
2026-04-28 10:45:00,219.0,222.0,218.5,221.5,255,220.43,3374
2026-04-28 10:50:00,221.5,221.5,220.5,220.5,117,220.43,3374
2026-04-28 10:55:00,221.0,221.0,219.5,220.5,199,220.43,3374
2026-04-28 11:00:00,220.5,221.5,220.5,221.0,129,220.43,3374
2026-04-28 11:05:00,220.5,221.0,220.0,221.0,50,220.43,3374
2026-04-28 11:10:00,221.0,221.0,219.0,219.5,267,220.43,3374
2026-04-28 11:15:00,219.5,220.0,219.0,220.0,92,220.42,3374
2026-04-28 11:20:00,220.0,220.0,219.0,219.0,63,220.42,3374
2026-04-28 11:25:00,219.0,220.0,219.0,220.0,73,220.42,3374
2026-04-28 11:30:00,220.5,220.5,218.0,218.0,319,220.4,3374
2026-04-28 11:35:00,218.0,219.5,218.0,219.0,94,220.39,3374
2026-04-28 11:40:00,219.5,219.5,218.5,218.5,124,220.39,3374
2026-04-28 11:45:00,218.5,219.0,218.0,219.0,79,220.38,3374
2026-04-28 11:50:00,218.5,219.0,218.0,218.5,120,220.38,3374
2026-04-28 11:55:00,218.5,219.0,217.0,219.0,451,220.34,3374
2026-04-28 12:00:00,219.0,220.0,218.0,218.0,95,220.34,3374
2026-04-28 12:05:00,218.5,218.5,217.5,217.5,166,220.32,3374
2026-04-28 12:10:00,218.0,218.0,217.5,217.5,60,220.32,3374
2026-04-28 12:15:00,217.5,218.5,217.0,218.5,299,220.29,3374
2026-04-28 12:20:00,218.5,219.5,218.0,218.5,108,220.28,3374
2026-04-28 12:25:00,218.5,219.5,218.5,219.0,114,220.28,3374
2026-04-28 12:30:00,219.0,219.5,218.0,218.0,64,220.27,3374
2026-04-28 12:35:00,218.0,218.5,218.0,218.0,149,220.26,3374
2026-04-28 12:40:00,218.0,218.5,217.0,217.0,225,220.24,3374
2026-04-28 12:45:00,217.5,217.5,216.5,217.0,244,220.22,3374
2026-04-28 12:50:00,217.0,218.0,217.0,217.5,282,220.2,3374
2026-04-28 12:55:00,217.5,217.5,216.5,216.5,185,220.18,3374
2026-04-28 13:00:00,217.0,217.0,215.5,215.5,468,220.12,3374
2026-04-28 13:05:00,215.5,216.0,215.0,215.5,332,220.07,3374
2026-04-28 13:10:00,215.5,215.5,213.5,213.5,811,219.94,3374
2026-04-28 13:15:00,214.0,214.5,213.0,213.5,398,219.87,3374
2026-04-28 13:20:00,213.5,214.0,212.5,213.5,683,219.74,3374
2026-04-28 13:30:00,213.0,213.0,213.0,213.0,1017,219.55,3374
2026-04-29 09:00:00,206.0,209.0,204.0,204.5,1644,206.0,3374
2026-04-29 09:05:00,204.5,205.5,201.5,202.0,1332,204.84,3374
2026-04-29 09:10:00,202.0,205.5,201.0,204.5,682,204.59,3374
2026-04-29 09:15:00,204.5,205.0,203.0,205.0,223,204.56,3374
2026-04-29 09:20:00,205.0,205.0,202.5,204.0,383,204.5,3374
2026-04-29 09:25:00,203.5,205.5,203.0,205.0,335,204.5,3374
2026-04-29 09:30:00,205.0,206.0,204.5,205.5,308,204.54,3374
2026-04-29 09:35:00,205.5,206.0,204.5,205.0,214,204.58,3374
2026-04-29 09:40:00,205.0,205.5,204.5,205.0,75,204.58,3374
2026-04-29 09:45:00,205.0,207.0,205.0,206.0,300,204.66,3374
2026-04-29 09:50:00,206.0,206.5,205.5,206.0,98,204.68,3374
2026-04-29 09:55:00,206.0,206.5,205.5,206.0,70,204.7,3374
2026-04-29 10:00:00,206.0,206.0,205.5,205.5,149,204.72,3374
2026-04-29 10:05:00,205.5,205.5,204.0,204.0,219,204.73,3374
2026-04-29 10:10:00,204.5,204.5,203.5,203.5,244,204.7,3374
2026-04-29 10:15:00,203.5,204.0,203.0,203.0,170,204.66,3374
2026-04-29 10:20:00,203.5,203.5,202.5,202.5,283,204.58,3374
2026-04-29 10:25:00,202.5,203.5,202.5,203.5,87,204.56,3374
2026-04-29 10:30:00,203.5,203.5,203.0,203.5,90,204.54,3374
2026-04-29 10:35:00,203.0,203.0,202.0,202.5,125,204.5,3374
2026-04-29 10:40:00,202.5,202.5,201.5,201.5,320,204.4,3374
2026-04-29 10:45:00,201.5,202.5,201.5,202.5,149,204.35,3374
2026-04-29 10:50:00,202.5,203.0,202.0,202.5,66,204.34,3374
2026-04-29 10:55:00,202.5,203.0,202.0,203.0,54,204.32,3374
2026-04-29 11:00:00,203.0,203.0,202.5,203.0,38,204.32,3374
2026-04-29 11:05:00,202.5,202.5,202.0,202.5,103,204.29,3374
2026-04-29 11:10:00,202.5,202.5,201.5,202.0,182,204.24,3374
2026-04-29 11:15:00,202.0,202.0,201.0,201.5,235,204.16,3374
2026-04-29 11:20:00,201.5,202.0,201.0,202.0,122,204.12,3374
2026-04-29 11:25:00,202.0,202.0,201.0,201.0,453,203.97,3374
2026-04-29 11:30:00,201.0,202.0,201.0,201.5,52,203.95,3374
2026-04-29 11:35:00,202.0,202.0,201.5,202.0,50,203.94,3374
2026-04-29 11:40:00,202.0,202.5,201.5,202.5,60,203.93,3374
2026-04-29 11:45:00,202.5,203.0,202.5,202.5,56,203.92,3374
2026-04-29 11:50:00,203.0,203.5,202.5,203.5,72,203.91,3374
2026-04-29 11:55:00,203.0,203.5,202.5,203.0,88,203.9,3374
2026-04-29 12:00:00,203.0,203.5,203.0,203.5,33,203.9,3374
2026-04-29 12:05:00,203.5,203.5,203.0,203.5,87,203.9,3374
2026-04-29 12:10:00,203.5,204.5,203.5,204.5,125,203.9,3374
2026-04-29 12:15:00,204.5,205.0,204.5,205.0,172,203.91,3374
2026-04-29 12:20:00,205.0,205.5,204.5,205.0,162,203.92,3374
2026-04-29 12:25:00,205.5,206.0,205.0,205.0,156,203.95,3374
2026-04-29 12:30:00,205.0,205.0,204.0,204.0,105,203.96,3374
2026-04-29 12:35:00,204.0,204.5,204.0,204.0,38,203.96,3374
2026-04-29 12:40:00,204.0,204.5,204.0,204.0,37,203.96,3374
2026-04-29 12:45:00,204.0,204.5,204.0,204.0,52,203.96,3374
2026-04-29 12:50:00,204.5,204.5,204.0,204.0,67,203.96,3374
2026-04-29 12:55:00,204.0,204.0,203.5,203.5,66,203.96,3374
2026-04-29 13:00:00,203.5,203.5,203.0,203.0,97,203.95,3374
2026-04-29 13:05:00,203.0,203.5,202.5,202.5,171,203.94,3374
2026-04-29 13:10:00,202.5,203.5,202.5,203.0,169,203.92,3374
2026-04-29 13:15:00,203.0,203.5,202.5,203.0,96,203.92,3374
2026-04-29 13:20:00,203.5,203.5,202.5,203.5,246,203.89,3374
2026-04-29 13:30:00,203.0,203.0,203.0,203.0,435,203.86,3374
2026-04-30 09:00:00,203.0,205.0,202.5,205.0,619,203.92,3374
2026-04-30 09:05:00,205.0,207.5,204.5,205.0,674,205.08,3374
2026-04-30 09:10:00,205.0,206.5,203.0,203.0,438,204.94,3374
2026-04-30 09:15:00,203.0,203.5,202.0,203.0,309,204.61,3374
2026-04-30 09:20:00,203.0,203.5,202.5,203.0,119,204.51,3374
2026-04-30 09:25:00,203.0,203.5,202.5,203.0,142,204.42,3374
2026-04-30 09:30:00,203.0,203.5,203.0,203.0,149,204.35,3374
2026-04-30 09:35:00,203.0,203.0,199.0,201.0,865,203.42,3374
2026-04-30 09:40:00,201.0,202.0,201.0,201.5,90,203.36,3374
2026-04-30 09:45:00,201.0,201.0,200.5,201.0,115,203.28,3374
2026-04-30 09:50:00,201.0,202.5,200.5,202.5,166,203.21,3374
2026-04-30 09:55:00,202.5,203.5,202.0,203.5,98,203.2,3374
2026-04-30 10:00:00,203.5,203.5,203.0,203.5,115,203.21,3374
2026-04-30 10:05:00,203.0,203.5,203.0,203.5,76,203.21,3374
2026-04-30 10:10:00,203.5,205.0,203.5,204.5,296,203.28,3374
2026-04-30 10:15:00,204.5,205.0,204.0,204.0,82,203.3,3374
2026-04-30 10:20:00,204.0,204.0,203.0,204.0,96,203.32,3374
2026-04-30 10:25:00,204.0,206.0,204.0,206.0,324,203.44,3374
2026-04-30 10:30:00,206.0,206.0,204.0,204.5,132,203.48,3374
2026-04-30 10:35:00,204.5,205.0,204.5,205.0,72,203.5,3374
2026-04-30 10:40:00,205.0,206.5,205.0,205.5,231,203.6,3374
2026-04-30 10:45:00,205.5,205.5,204.5,204.5,80,203.62,3374
2026-04-30 10:50:00,204.0,204.5,204.0,204.5,58,203.63,3374
2026-04-30 10:55:00,204.5,204.5,203.5,203.5,76,203.64,3374
2026-04-30 11:00:00,203.5,203.5,203.0,203.0,65,203.63,3374
2026-04-30 11:05:00,203.0,203.5,202.5,203.0,156,203.61,3374
2026-04-30 11:10:00,203.0,203.5,203.0,203.0,19,203.61,3374
2026-04-30 11:15:00,203.0,203.5,203.0,203.0,40,203.61,3374
2026-04-30 11:20:00,203.5,204.5,203.0,204.0,96,203.61,3374
2026-04-30 11:25:00,204.0,204.5,204.0,204.5,63,203.62,3374
2026-04-30 11:30:00,204.5,205.0,204.0,204.0,54,203.63,3374
2026-04-30 11:35:00,204.5,204.5,204.0,204.0,11,203.63,3374
2026-04-30 11:40:00,204.5,204.5,203.5,204.0,87,203.63,3374
2026-04-30 11:45:00,204.0,205.5,204.0,205.0,159,203.67,3374
2026-04-30 11:50:00,205.0,206.0,205.0,206.0,111,203.7,3374
2026-04-30 11:55:00,206.0,206.0,205.0,205.0,62,203.71,3374
2026-04-30 12:00:00,205.0,205.5,205.0,205.5,16,203.72,3374
2026-04-30 12:05:00,205.0,205.0,204.0,204.5,45,203.73,3374
2026-04-30 12:10:00,204.5,205.0,204.5,204.5,22,203.73,3374
2026-04-30 12:15:00,204.5,205.0,203.5,204.0,72,203.74,3374
2026-04-30 12:20:00,204.0,204.0,203.0,203.5,70,203.73,3374
2026-04-30 12:25:00,203.5,203.5,203.0,203.0,73,203.73,3374
2026-04-30 12:30:00,203.0,203.5,202.0,202.0,177,203.7,3374
2026-04-30 12:35:00,202.0,202.5,202.0,202.0,104,203.68,3374
2026-04-30 12:40:00,202.0,202.5,201.0,202.5,164,203.63,3374
2026-04-30 12:45:00,202.5,203.0,201.0,202.0,137,203.6,3374
2026-04-30 12:50:00,202.0,202.5,201.5,202.5,81,203.58,3374
2026-04-30 12:55:00,202.5,203.0,202.0,202.5,44,203.57,3374
2026-04-30 13:00:00,202.5,203.0,202.0,202.0,90,203.56,3374
2026-04-30 13:05:00,202.0,203.0,201.5,202.5,149,203.53,3374
2026-04-30 13:10:00,202.5,204.0,202.0,204.0,190,203.52,3374
2026-04-30 13:15:00,203.5,204.0,202.5,202.5,163,203.51,3374
2026-04-30 13:20:00,203.0,203.0,202.0,202.0,149,203.49,3374
2026-04-30 13:30:00,200.5,200.5,200.5,200.5,460,203.33,3374
2026-05-04 09:00:00,203.0,204.5,200.5,201.5,1249,202.65,3374
2026-05-04 09:05:00,201.5,202.0,200.5,201.5,524,202.23,3374
2026-05-04 09:10:00,201.0,203.5,201.0,203.0,445,202.32,3374
2026-05-04 09:15:00,203.5,203.5,201.0,202.0,307,202.31,3374
2026-05-04 09:20:00,202.0,203.5,200.0,202.5,547,202.16,3374
2026-05-04 09:25:00,202.5,203.5,201.5,201.5,251,202.2,3374
2026-05-04 09:30:00,202.0,202.0,201.0,201.5,144,202.17,3374
2026-05-04 09:35:00,201.0,202.0,201.0,201.5,143,202.13,3374
2026-05-04 09:40:00,201.5,202.0,201.0,201.5,111,202.11,3374
2026-05-04 09:45:00,201.5,202.0,201.0,201.5,209,202.08,3374
2026-05-04 09:50:00,201.5,202.5,201.5,202.0,85,202.08,3374
2026-05-04 09:55:00,202.0,202.5,201.5,202.5,75,202.08,3374
2026-05-04 10:00:00,202.5,202.5,202.0,202.0,101,202.08,3374
2026-05-04 10:05:00,202.0,202.5,201.5,202.0,72,202.08,3374
2026-05-04 10:10:00,202.0,203.5,202.0,203.0,184,202.11,3374
2026-05-04 10:15:00,203.0,204.0,203.0,203.5,228,202.18,3374
2026-05-04 10:20:00,203.5,203.5,203.0,203.5,124,202.21,3374
2026-05-04 10:25:00,203.5,206.0,203.5,205.5,379,202.38,3374
2026-05-04 10:30:00,206.0,206.5,205.0,206.0,802,202.88,3374
2026-05-04 10:35:00,206.0,206.5,204.5,205.0,323,203.02,3374
2026-05-04 10:40:00,205.0,205.5,204.5,205.0,86,203.04,3374
2026-05-04 10:45:00,205.0,205.0,204.0,204.5,119,203.07,3374
2026-05-04 10:50:00,204.5,205.0,204.0,204.5,83,203.09,3374
2026-05-04 10:55:00,204.0,204.5,203.5,204.0,188,203.12,3374
2026-05-04 11:00:00,203.5,204.0,203.5,203.5,54,203.13,3374
2026-05-04 11:05:00,203.5,204.0,203.5,203.5,89,203.14,3374
2026-05-04 11:10:00,204.0,204.0,203.5,204.0,71,203.15,3374
2026-05-04 11:15:00,204.5,205.0,204.0,204.5,109,203.17,3374
2026-05-04 11:20:00,204.5,204.5,203.5,203.5,106,203.18,3374
2026-05-04 11:25:00,203.5,203.5,203.0,203.5,112,203.19,3374
2026-05-04 11:30:00,203.5,203.5,202.5,202.5,222,203.18,3374
2026-05-04 11:35:00,202.5,203.0,202.5,203.0,32,203.18,3374
2026-05-04 11:40:00,202.5,203.0,202.5,202.5,23,203.18,3374
2026-05-04 11:45:00,202.5,203.0,202.5,203.0,117,203.18,3374
2026-05-04 11:50:00,203.0,203.0,202.0,202.5,180,203.16,3374
2026-05-04 11:55:00,202.5,203.0,202.0,202.5,53,203.16,3374
2026-05-04 12:00:00,202.5,202.5,202.0,202.5,37,203.15,3374
2026-05-04 12:05:00,202.5,202.5,202.0,202.5,88,203.14,3374
2026-05-04 12:10:00,202.5,203.0,202.0,203.0,84,203.14,3374
2026-05-04 12:15:00,203.0,203.0,202.5,202.5,67,203.13,3374
2026-05-04 12:20:00,202.5,203.5,202.0,203.0,193,203.12,3374
2026-05-04 12:25:00,203.5,203.5,203.0,203.0,156,203.13,3374
2026-05-04 12:30:00,203.0,203.5,203.0,203.5,36,203.13,3374
2026-05-04 12:35:00,203.5,203.5,202.0,202.5,243,203.12,3374
2026-05-04 12:40:00,202.5,202.5,202.0,202.5,113,203.11,3374
2026-05-04 12:45:00,202.0,202.5,200.5,201.0,799,202.96,3374
2026-05-04 12:50:00,201.0,201.5,201.0,201.5,89,202.95,3374
2026-05-04 12:55:00,201.5,201.5,201.0,201.0,85,202.93,3374
2026-05-04 13:00:00,201.0,201.5,200.5,201.0,278,202.88,3374
2026-05-04 13:05:00,201.5,201.5,201.0,201.5,151,202.86,3374
2026-05-04 13:10:00,201.5,201.5,201.0,201.5,146,202.84,3374
2026-05-04 13:15:00,201.0,201.5,201.0,201.0,204,202.81,3374
2026-05-04 13:20:00,201.5,202.0,201.5,202.0,358,202.77,3374
2026-05-04 13:30:00,202.0,202.0,202.0,202.0,480,202.74,3374
2026-05-05 09:00:00,202.0,204.5,201.5,203.5,636,203.45,3374
2026-05-05 09:05:00,203.5,204.0,202.5,203.0,300,203.43,3374
2026-05-05 09:10:00,202.5,204.5,201.5,204.0,360,203.25,3374
2026-05-05 09:15:00,204.0,204.5,203.0,203.0,114,203.3,3374
2026-05-05 09:20:00,203.0,203.5,202.5,203.0,114,203.26,3374
2026-05-05 09:25:00,202.5,202.5,199.0,199.0,607,202.55,3374
2026-05-05 09:30:00,199.0,200.0,198.0,199.5,520,201.79,3374
2026-05-05 09:35:00,199.5,201.0,199.0,200.0,156,201.68,3374
2026-05-05 09:40:00,200.0,200.0,199.0,199.5,119,201.58,3374
2026-05-05 09:45:00,199.5,199.5,198.0,198.5,237,201.36,3374
2026-05-05 09:50:00,198.5,199.5,198.5,199.0,114,201.28,3374
2026-05-05 09:55:00,199.0,199.5,198.5,199.0,68,201.23,3374
2026-05-05 10:00:00,198.5,199.0,198.0,199.0,179,201.09,3374
2026-05-05 10:05:00,199.0,199.5,199.0,199.5,58,201.06,3374
2026-05-05 10:10:00,199.5,200.0,199.5,199.5,73,201.04,3374
2026-05-05 10:15:00,199.5,199.5,199.0,199.0,54,201.01,3374
2026-05-05 10:20:00,199.5,199.5,199.0,199.0,26,201.0,3374
2026-05-05 10:25:00,199.5,200.0,199.5,200.0,91,200.96,3374
2026-05-05 10:30:00,200.0,200.0,199.0,199.5,45,200.95,3374
2026-05-05 10:35:00,199.5,199.5,199.0,199.0,34,200.93,3374
2026-05-05 10:40:00,199.0,199.0,199.0,199.0,59,200.9,3374
2026-05-05 10:45:00,199.0,199.5,199.0,199.0,89,200.86,3374
2026-05-05 10:50:00,199.0,199.5,199.0,199.0,121,200.81,3374
2026-05-05 10:55:00,199.0,200.0,199.0,199.5,71,200.79,3374
2026-05-05 11:00:00,199.5,199.5,199.0,199.5,40,200.78,3374
2026-05-05 11:05:00,199.0,199.0,199.0,199.0,8,200.77,3374
2026-05-05 11:10:00,199.0,199.5,199.0,199.0,16,200.77,3374
2026-05-05 11:15:00,199.0,199.5,199.0,199.0,31,200.75,3374
2026-05-05 11:20:00,199.0,200.0,199.0,200.0,49,200.74,3374
2026-05-05 11:25:00,200.0,200.0,199.5,199.5,39,200.73,3374
2026-05-05 11:30:00,199.5,200.0,199.0,199.0,55,200.71,3374
2026-05-05 11:35:00,199.0,199.5,199.0,199.5,22,200.71,3374
2026-05-05 11:40:00,199.5,199.5,199.0,199.0,17,200.7,3374
2026-05-05 11:45:00,199.0,199.5,199.0,199.5,40,200.69,3374
2026-05-05 11:50:00,199.5,199.5,199.0,199.0,42,200.68,3374
2026-05-05 11:55:00,199.5,199.5,199.0,199.0,28,200.67,3374
2026-05-05 12:00:00,199.0,199.5,199.0,199.0,155,200.61,3374
2026-05-05 12:05:00,199.0,199.5,199.0,199.0,28,200.6,3374
2026-05-05 12:10:00,199.5,199.5,199.0,199.0,34,200.59,3374
2026-05-05 12:15:00,199.0,199.5,199.0,199.0,26,200.59,3374
2026-05-05 12:20:00,199.0,199.5,199.0,199.0,31,200.58,3374
2026-05-05 12:25:00,199.5,200.0,199.5,200.0,120,200.55,3374
2026-05-05 12:30:00,199.5,200.0,199.5,199.5,25,200.55,3374
2026-05-05 12:35:00,200.0,200.0,199.5,199.5,55,200.54,3374
2026-05-05 12:40:00,199.5,200.0,199.5,199.5,26,200.53,3374
2026-05-05 12:45:00,199.0,200.0,199.0,199.5,61,200.52,3374
2026-05-05 12:50:00,199.5,200.0,199.5,200.0,103,200.51,3374
2026-05-05 12:55:00,200.0,200.0,199.5,199.5,20,200.5,3374
2026-05-05 13:00:00,199.5,200.0,199.5,200.0,184,200.48,3374
2026-05-05 13:05:00,200.0,200.0,199.5,200.0,64,200.48,3374
2026-05-05 13:10:00,200.0,200.0,199.5,199.5,77,200.47,3374
2026-05-05 13:15:00,199.5,200.0,199.5,200.0,129,200.45,3374
2026-05-05 13:20:00,200.0,200.5,200.0,200.0,166,200.45,3374
2026-05-05 13:30:00,200.0,200.0,200.0,200.0,294,200.43,3374
2026-05-06 09:00:00,205.5,205.5,203.5,204.0,620,204.72,3374
2026-05-06 09:05:00,203.5,204.5,202.0,204.5,419,204.09,3374
2026-05-06 09:10:00,204.5,205.5,204.0,204.5,513,204.35,3374
2026-05-06 09:15:00,204.5,205.0,204.0,205.0,177,204.38,3374
2026-05-06 09:20:00,205.0,205.5,203.5,203.5,445,204.42,3374
2026-05-06 09:25:00,203.5,203.5,202.0,203.0,345,204.2,3374
2026-05-06 09:30:00,203.0,203.0,202.5,203.0,100,204.16,3374
2026-05-06 09:35:00,203.0,203.5,202.0,202.5,216,204.04,3374
2026-05-06 09:40:00,202.5,203.0,201.0,201.0,436,203.75,3374
2026-05-06 09:45:00,201.0,201.0,199.0,200.0,572,203.18,3374
2026-05-06 09:50:00,199.5,199.5,195.5,195.5,740,202.21,3374
2026-05-06 09:55:00,195.5,198.5,195.5,197.0,272,201.91,3374
2026-05-06 10:00:00,197.0,197.0,194.5,195.0,553,201.27,3374
2026-05-06 10:05:00,194.5,195.0,192.5,195.0,406,200.75,3374
2026-05-06 10:10:00,194.5,196.0,194.0,195.0,173,200.59,3374
2026-05-06 10:15:00,195.0,195.5,194.0,195.5,171,200.42,3374
2026-05-06 10:20:00,195.5,195.5,194.0,194.0,94,200.33,3374
2026-05-06 10:25:00,194.0,195.0,193.5,194.5,322,200.01,3374
2026-05-06 10:30:00,194.5,196.0,194.0,195.0,80,199.95,3374
2026-05-06 10:35:00,195.5,195.5,194.5,194.5,122,199.86,3374
2026-05-06 10:40:00,194.5,195.5,194.5,195.0,77,199.81,3374
2026-05-06 10:45:00,195.0,196.0,195.0,196.0,73,199.76,3374
2026-05-06 10:50:00,196.0,196.0,195.0,195.5,39,199.73,3374
2026-05-06 10:55:00,195.5,195.5,195.0,195.0,45,199.7,3374
2026-05-06 11:00:00,195.0,195.0,194.0,194.0,48,199.67,3374
2026-05-06 11:05:00,194.0,195.5,194.0,195.5,77,199.62,3374
2026-05-06 11:10:00,196.0,197.5,196.0,197.0,139,199.56,3374
2026-05-06 11:15:00,197.5,198.0,197.0,198.0,61,199.54,3374
2026-05-06 11:20:00,198.0,198.0,196.5,197.0,78,199.52,3374
2026-05-06 11:25:00,197.0,197.0,197.0,197.0,23,199.51,3374
2026-05-06 11:30:00,197.0,198.0,197.0,197.5,36,199.5,3374
2026-05-06 11:35:00,197.5,198.0,197.5,197.5,23,199.5,3374
2026-05-06 11:40:00,197.5,197.5,197.0,197.0,36,199.49,3374
2026-05-06 11:45:00,197.0,197.5,197.0,197.5,41,199.47,3374
2026-05-06 11:50:00,198.0,198.0,197.5,198.0,17,199.47,3374
2026-05-06 11:55:00,197.5,198.0,197.5,198.0,46,199.46,3374
2026-05-06 12:00:00,198.0,198.0,197.5,197.5,34,199.45,3374
2026-05-06 12:05:00,198.0,198.0,197.0,197.0,39,199.44,3374
2026-05-06 12:10:00,197.5,197.5,197.0,197.0,21,199.44,3374
2026-05-06 12:15:00,197.0,197.5,197.0,197.5,68,199.42,3374
2026-05-06 12:20:00,197.0,198.0,197.0,197.0,54,199.4,3374
2026-05-06 12:25:00,197.0,198.0,197.0,198.0,99,199.38,3374
2026-05-06 12:30:00,198.0,199.5,198.0,199.0,274,199.35,3374
2026-05-06 12:35:00,199.0,199.0,198.0,198.5,82,199.34,3374
2026-05-06 12:40:00,198.5,198.5,198.5,198.5,15,199.34,3374
2026-05-06 12:45:00,198.5,198.5,198.0,198.5,104,199.33,3374
2026-05-06 12:50:00,198.5,198.5,198.0,198.5,42,199.33,3374
2026-05-06 12:55:00,198.5,198.5,198.0,198.0,26,199.32,3374
2026-05-06 13:00:00,198.0,198.5,197.5,198.0,115,199.3,3374
2026-05-06 13:05:00,198.0,198.0,197.5,198.0,27,199.3,3374
2026-05-06 13:10:00,198.0,199.0,197.5,199.0,172,199.28,3374
2026-05-06 13:15:00,199.0,199.5,198.5,199.5,158,199.27,3374
2026-05-06 13:20:00,199.5,199.5,199.0,199.5,181,199.27,3374
2026-05-06 13:30:00,199.0,199.0,199.0,199.0,302,199.26,3374
2026-05-07 09:00:00,201.0,201.5,197.0,199.5,841,199.38,3374
2026-05-07 09:05:00,199.5,200.0,198.0,200.0,441,199.12,3374
2026-05-07 09:10:00,200.0,200.5,199.5,200.5,133,199.2,3374
2026-05-07 09:15:00,200.5,201.0,200.0,200.0,195,199.33,3374
2026-05-07 09:20:00,200.0,201.0,200.0,200.0,136,199.41,3374
2026-05-07 09:25:00,200.0,200.0,199.5,200.0,112,199.44,3374
2026-05-07 09:30:00,200.0,200.0,198.5,200.0,198,199.42,3374
2026-05-07 09:35:00,200.0,203.0,200.0,202.5,768,200.14,3374
2026-05-07 09:40:00,202.0,202.5,201.5,202.0,146,200.23,3374
2026-05-07 09:45:00,202.0,203.5,202.0,203.0,359,200.52,3374
2026-05-07 09:50:00,203.0,203.5,202.5,202.5,243,200.7,3374
2026-05-07 09:55:00,203.0,203.0,202.5,202.5,58,200.73,3374
2026-05-07 10:00:00,202.5,203.0,202.0,203.0,143,200.8,3374
2026-05-07 10:05:00,203.0,203.0,202.0,202.0,95,200.84,3374
2026-05-07 10:10:00,202.0,207.0,202.0,206.5,1330,201.88,3374
2026-05-07 10:15:00,206.5,208.0,206.0,207.0,715,202.52,3374
2026-05-07 10:20:00,207.0,208.0,206.0,208.0,519,202.86,3374
2026-05-07 10:25:00,208.0,212.5,207.0,212.0,1310,204.09,3374
2026-05-07 10:30:00,212.0,217.5,211.5,213.5,1682,205.96,3374
2026-05-07 10:35:00,214.0,214.0,212.0,213.0,402,206.25,3374
2026-05-07 10:40:00,212.5,215.0,212.0,214.5,377,206.52,3374
2026-05-07 10:45:00,214.5,214.5,213.5,214.0,173,206.64,3374
2026-05-07 10:50:00,214.0,214.5,212.5,213.0,175,206.75,3374
2026-05-07 10:55:00,213.0,213.0,212.5,212.5,154,206.84,3374
2026-05-07 11:00:00,212.5,212.5,210.5,211.0,282,206.96,3374
2026-05-07 11:05:00,211.0,212.0,211.0,211.5,159,207.02,3374
2026-05-07 11:10:00,211.0,211.0,210.0,210.0,226,207.09,3374
2026-05-07 11:15:00,210.0,211.5,210.0,211.5,127,207.13,3374
2026-05-07 11:20:00,211.0,211.0,210.0,211.0,167,207.19,3374
2026-05-07 11:25:00,211.0,211.0,210.0,210.5,66,207.21,3374
2026-05-07 11:30:00,210.5,210.5,209.0,209.0,201,207.25,3374
2026-05-07 11:35:00,209.5,210.0,209.0,209.5,98,207.27,3374
2026-05-07 11:40:00,209.5,210.0,209.0,209.0,73,207.28,3374
2026-05-07 11:45:00,209.0,209.5,209.0,209.0,108,207.3,3374
2026-05-07 11:50:00,209.0,209.0,208.5,209.0,59,207.31,3374
2026-05-07 11:55:00,209.0,209.0,208.0,208.0,226,207.33,3374
2026-05-07 12:00:00,208.0,208.5,207.5,207.5,164,207.34,3374
2026-05-07 12:05:00,207.5,208.5,207.5,208.5,77,207.34,3374
2026-05-07 12:10:00,208.5,208.5,208.0,208.0,51,207.35,3374
2026-05-07 12:15:00,208.0,208.0,207.5,208.0,72,207.35,3374
2026-05-07 12:20:00,207.5,208.0,207.0,207.5,135,207.35,3374
2026-05-07 12:25:00,207.5,207.5,207.0,207.5,63,207.35,3374
2026-05-07 12:30:00,207.0,207.5,206.5,206.5,155,207.35,3374
2026-05-07 12:35:00,206.5,206.5,206.0,206.5,142,207.33,3374
2026-05-07 12:40:00,206.0,206.5,206.0,206.5,50,207.33,3374
2026-05-07 12:45:00,206.5,207.0,206.0,206.5,104,207.32,3374
2026-05-07 12:50:00,206.5,206.5,205.5,206.0,166,207.31,3374
2026-05-07 12:55:00,206.0,206.0,205.5,206.0,74,207.3,3374
2026-05-07 13:00:00,206.0,206.5,205.5,205.5,80,207.29,3374
2026-05-07 13:05:00,206.0,206.0,205.5,206.0,97,207.28,3374
2026-05-07 13:10:00,206.0,206.5,205.5,206.0,109,207.27,3374
2026-05-07 13:15:00,206.0,206.5,205.5,206.0,199,207.25,3374
2026-05-07 13:20:00,206.0,206.5,205.5,206.0,238,207.23,3374
2026-05-07 13:30:00,206.0,206.0,206.0,206.0,369,207.2,3374
2026-05-08 09:00:00,203.0,206.5,202.5,206.0,856,204.03,3374
2026-05-08 09:05:00,206.0,206.5,204.0,204.5,261,204.3,3374
2026-05-08 09:10:00,204.5,205.5,204.0,205.0,202,204.35,3374
2026-05-08 09:15:00,205.0,205.5,204.0,204.0,273,204.39,3374
2026-05-08 09:20:00,203.5,204.5,203.5,204.0,142,204.35,3374
2026-05-08 09:25:00,204.0,204.5,203.0,204.5,209,204.26,3374
2026-05-08 09:30:00,204.5,210.5,204.0,210.5,845,205.36,3374
2026-05-08 09:35:00,210.5,218.0,209.5,216.5,1975,208.87,3374
2026-05-08 09:40:00,217.0,226.5,216.0,225.5,6690,217.4,3374
2026-05-08 09:45:00,226.5,226.5,224.5,226.5,3034,219.25,3374
2026-05-08 09:50:00,226.5,226.5,225.5,225.5,827,219.64,3374
2026-05-08 09:55:00,226.0,226.5,225.5,226.0,1163,220.12,3374
2026-05-08 10:00:00,226.0,226.5,225.5,225.5,991,220.46,3374
2026-05-08 10:05:00,225.5,226.0,223.5,225.0,793,220.65,3374
2026-05-08 10:10:00,224.5,225.0,220.5,222.5,1150,220.78,3374
2026-05-08 10:15:00,223.0,223.0,220.0,220.0,1072,220.78,3374
2026-05-08 10:20:00,220.0,224.0,218.5,223.5,1277,220.78,3374
2026-05-08 10:25:00,223.5,224.0,222.5,223.0,444,220.83,3374
2026-05-08 10:30:00,223.0,226.0,222.0,225.5,544,220.91,3374
2026-05-08 10:35:00,225.5,226.5,225.0,226.5,1757,221.3,3374
2026-05-08 10:40:00,226.5,226.5,225.0,226.0,556,221.41,3374
2026-05-08 10:45:00,225.5,226.5,225.5,226.5,369,221.49,3374
2026-05-08 10:50:00,226.5,226.5,226.5,226.5,142,221.51,3374
2026-05-08 10:55:00,226.5,226.5,226.0,226.5,365,221.58,3374
2026-05-08 11:00:00,226.5,226.5,226.5,226.5,133,221.61,3374
2026-05-08 11:05:00,226.5,226.5,226.5,226.5,56,221.62,3374
2026-05-08 11:10:00,226.5,226.5,226.5,226.5,83,221.63,3374
2026-05-08 11:15:00,226.5,226.5,226.5,226.5,50,221.64,3374
2026-05-08 11:20:00,226.5,226.5,226.5,226.5,85,221.66,3374
2026-05-08 11:25:00,226.5,226.5,226.5,226.5,59,221.67,3374
2026-05-08 11:30:00,226.5,226.5,226.0,226.5,247,221.71,3374
2026-05-08 11:35:00,226.5,226.5,226.5,226.5,52,221.72,3374
2026-05-08 11:40:00,226.5,226.5,226.0,226.5,165,221.75,3374
2026-05-08 11:45:00,226.5,226.5,226.0,226.0,95,221.77,3374
2026-05-08 11:50:00,226.5,226.5,226.5,226.5,110,221.79,3374
2026-05-08 11:55:00,226.5,226.5,226.0,226.5,85,221.8,3374
2026-05-08 12:00:00,226.5,226.5,226.5,226.5,104,221.82,3374
2026-05-08 12:05:00,226.5,226.5,226.0,226.5,78,221.83,3374
2026-05-08 12:10:00,226.5,226.5,226.5,226.5,25,221.84,3374
2026-05-08 12:15:00,226.5,226.5,226.5,226.5,18,221.84,3374
2026-05-08 12:20:00,226.5,226.5,226.5,226.5,36,221.85,3374
2026-05-08 12:25:00,226.5,226.5,226.5,226.5,29,221.85,3374
2026-05-08 12:30:00,226.5,226.5,226.5,226.5,27,221.86,3374
2026-05-08 12:35:00,226.5,226.5,226.5,226.5,24,221.86,3374
2026-05-08 12:40:00,226.5,226.5,226.5,226.5,19,221.86,3374
2026-05-08 12:45:00,226.5,226.5,226.5,226.5,25,221.87,3374
2026-05-08 12:50:00,226.5,226.5,226.5,226.5,21,221.87,3374
2026-05-08 12:55:00,226.5,226.5,226.5,226.5,13,221.87,3374
2026-05-08 13:00:00,226.5,226.5,226.5,226.5,13,221.88,3374
2026-05-08 13:05:00,226.5,226.5,226.5,226.5,17,221.88,3374
2026-05-08 13:10:00,226.5,226.5,226.5,226.5,33,221.88,3374
2026-05-08 13:15:00,226.5,226.5,226.5,226.5,42,221.89,3374
2026-05-08 13:20:00,226.5,226.5,226.5,226.5,56,221.9,3374
2026-05-08 13:30:00,226.5,226.5,226.5,226.5,37,221.91,3374
2026-05-11 09:00:00,242.5,248.0,239.0,245.0,6451,243.46,3374
2026-05-11 09:05:00,245.0,248.0,241.5,241.5,2070,243.81,3374
2026-05-11 09:10:00,241.5,246.0,241.5,243.5,866,243.84,3374
2026-05-11 09:15:00,244.0,246.0,243.5,244.5,594,243.91,3374
2026-05-11 09:20:00,245.0,247.0,243.5,246.0,686,244.03,3374
2026-05-11 09:25:00,246.5,246.5,245.5,246.0,185,244.06,3374
2026-05-11 09:30:00,245.5,248.5,245.5,248.0,1262,244.44,3374
2026-05-11 09:35:00,248.0,249.0,247.5,249.0,671,244.65,3374
2026-05-11 09:40:00,249.0,249.0,247.5,248.0,496,244.79,3374
2026-05-11 09:45:00,247.5,248.5,247.0,248.0,349,244.86,3374
2026-05-11 09:50:00,248.0,248.5,247.0,247.0,197,244.89,3374
2026-05-11 09:55:00,247.0,248.0,245.0,246.0,397,244.93,3374
2026-05-11 10:00:00,246.0,248.0,244.0,248.0,438,244.95,3374
2026-05-11 10:05:00,248.0,248.0,247.5,248.0,52,244.96,3374
2026-05-11 10:10:00,248.0,249.0,247.0,249.0,819,245.12,3374
2026-05-11 10:15:00,249.0,249.0,248.5,248.5,358,245.2,3374
2026-05-11 10:20:00,248.5,249.0,247.0,248.0,243,245.24,3374
2026-05-11 10:25:00,248.0,249.0,248.0,248.5,214,245.28,3374
2026-05-11 10:30:00,248.5,249.0,247.0,249.0,2305,245.73,3374
2026-05-11 10:35:00,249.0,249.0,249.0,249.0,48,245.74,3374
2026-05-11 10:40:00,249.0,249.0,249.0,249.0,41,245.74,3374
2026-05-11 10:45:00,249.0,249.0,249.0,249.0,111,245.76,3374
2026-05-11 10:50:00,249.0,249.0,249.0,249.0,47,245.77,3374
2026-05-11 10:55:00,249.0,249.0,249.0,249.0,17,245.77,3374
2026-05-11 11:00:00,249.0,249.0,249.0,249.0,23,245.78,3374
2026-05-11 11:05:00,249.0,249.0,249.0,249.0,35,245.78,3374
2026-05-11 11:10:00,249.0,249.0,249.0,249.0,21,245.79,3374
2026-05-11 11:15:00,249.0,249.0,249.0,249.0,68,245.8,3374
2026-05-11 11:20:00,249.0,249.0,249.0,249.0,30,245.8,3374
2026-05-11 11:25:00,249.0,249.0,249.0,249.0,10,245.81,3374
2026-05-11 11:30:00,249.0,249.0,249.0,249.0,15,245.81,3374
2026-05-11 11:35:00,249.0,249.0,249.0,249.0,12,245.81,3374
2026-05-11 11:40:00,249.0,249.0,249.0,249.0,6,245.81,3374
2026-05-11 11:45:00,249.0,249.0,249.0,249.0,21,245.82,3374
2026-05-11 11:50:00,249.0,249.0,249.0,249.0,2,245.82,3374
2026-05-11 11:55:00,249.0,249.0,249.0,249.0,13,245.82,3374
2026-05-11 12:00:00,249.0,249.0,249.0,249.0,35,245.82,3374
2026-05-11 12:05:00,249.0,249.0,249.0,249.0,16,245.83,3374
2026-05-11 12:10:00,249.0,249.0,249.0,249.0,15,245.83,3374
2026-05-11 12:15:00,249.0,249.0,249.0,249.0,18,245.83,3374
2026-05-11 12:20:00,249.0,249.0,249.0,249.0,15,245.83,3374
2026-05-11 12:25:00,249.0,249.0,249.0,249.0,11,245.84,3374
2026-05-11 12:30:00,249.0,249.0,249.0,249.0,15,245.84,3374
2026-05-11 12:35:00,249.0,249.0,249.0,249.0,13,245.84,3374
2026-05-11 12:40:00,249.0,249.0,249.0,249.0,10,245.84,3374
2026-05-11 12:45:00,249.0,249.0,249.0,249.0,5,245.84,3374
2026-05-11 12:50:00,249.0,249.0,249.0,249.0,12,245.84,3374
2026-05-11 12:55:00,249.0,249.0,249.0,249.0,7,245.85,3374
2026-05-11 13:00:00,249.0,249.0,249.0,249.0,10,245.85,3374
2026-05-11 13:05:00,249.0,249.0,249.0,249.0,17,245.85,3374
2026-05-11 13:10:00,249.0,249.0,249.0,249.0,13,245.85,3374
2026-05-11 13:15:00,249.0,249.0,249.0,249.0,11,245.85,3374
2026-05-11 13:20:00,249.0,249.0,249.0,249.0,15,245.86,3374
2026-05-11 13:30:00,249.0,249.0,249.0,249.0,23,245.86,3374
2026-05-12 09:00:00,248.0,249.5,242.0,244.0,3134,246.46,3374
2026-05-12 09:05:00,244.0,245.0,240.5,244.0,1587,245.29,3374
2026-05-12 09:10:00,243.5,243.5,236.5,240.5,2207,243.62,3374
2026-05-12 09:15:00,240.0,244.5,239.0,244.0,1455,243.21,3374
2026-05-12 09:20:00,244.5,251.5,243.5,250.0,2252,244.25,3374
2026-05-12 09:25:00,250.5,251.0,242.5,245.0,839,244.44,3374
2026-05-12 09:30:00,245.5,248.0,242.0,246.0,544,244.46,3374
2026-05-12 09:35:00,246.5,249.0,245.5,248.5,635,244.62,3374
2026-05-12 09:40:00,248.5,251.5,247.5,251.0,1403,245.14,3374
2026-05-12 09:45:00,251.0,254.0,249.0,253.5,1651,245.87,3374
2026-05-12 09:50:00,254.0,258.0,253.5,258.0,2097,247.03,3374
2026-05-12 09:55:00,258.0,259.5,256.0,259.5,1216,247.72,3374
2026-05-12 10:00:00,259.5,260.0,257.0,259.5,1170,248.35,3374
2026-05-12 10:05:00,259.5,264.5,259.0,263.0,1699,249.39,3374
2026-05-12 10:10:00,262.5,263.0,257.5,257.5,1009,249.89,3374
2026-05-12 10:15:00,257.5,259.0,255.0,257.0,1024,250.19,3374
2026-05-12 10:20:00,257.5,257.5,254.5,255.0,380,250.28,3374
2026-05-12 10:25:00,255.0,259.0,255.0,258.0,489,250.43,3374
2026-05-12 10:30:00,257.5,262.5,257.5,259.0,796,250.74,3374
2026-05-12 10:35:00,259.0,259.0,257.5,258.0,192,250.8,3374
2026-05-12 10:40:00,258.5,261.0,258.0,258.0,273,250.89,3374
2026-05-12 10:45:00,258.0,259.0,257.5,259.0,136,250.93,3374
2026-05-12 10:50:00,259.0,259.0,258.0,258.0,82,250.95,3374
2026-05-12 10:55:00,258.0,258.0,257.0,257.0,161,250.99,3374
2026-05-12 11:00:00,257.0,258.0,256.0,257.5,199,251.03,3374
2026-05-12 11:05:00,257.5,258.5,257.0,258.0,169,251.08,3374
2026-05-12 11:10:00,258.0,258.0,257.5,257.5,78,251.1,3374
2026-05-12 11:15:00,257.5,257.5,255.5,255.5,167,251.13,3374
2026-05-12 11:20:00,256.0,256.5,255.5,255.5,88,251.14,3374
2026-05-12 11:25:00,255.5,256.5,255.0,255.5,92,251.16,3374
2026-05-12 11:30:00,255.5,259.0,255.5,258.0,305,251.23,3374
2026-05-12 11:35:00,258.5,260.0,258.5,259.5,182,251.29,3374
2026-05-12 11:40:00,259.5,262.0,259.5,260.5,521,251.46,3374
2026-05-12 11:45:00,260.5,262.0,260.5,261.0,201,251.53,3374
2026-05-12 11:50:00,261.0,262.0,260.5,261.0,163,251.59,3374
2026-05-12 11:55:00,261.0,264.5,260.5,264.5,618,251.83,3374
2026-05-12 12:00:00,264.5,265.0,261.5,261.5,284,251.94,3374
2026-05-12 12:05:00,261.5,261.5,260.0,261.0,151,251.98,3374
2026-05-12 12:10:00,260.5,261.0,259.0,260.0,154,252.03,3374
2026-05-12 12:15:00,260.5,260.5,259.0,259.5,70,252.04,3374
2026-05-12 12:20:00,259.5,260.0,258.5,259.0,146,252.08,3374
2026-05-12 12:25:00,259.0,259.5,258.5,258.5,68,252.09,3374
2026-05-12 12:30:00,258.5,259.5,258.5,258.5,123,252.12,3374
2026-05-12 12:35:00,258.5,259.0,256.0,256.0,329,252.18,3374
2026-05-12 12:40:00,256.0,257.0,255.5,256.5,264,252.21,3374
2026-05-12 12:45:00,256.0,257.5,256.0,257.0,146,252.23,3374
2026-05-12 12:50:00,257.0,257.5,255.5,255.5,248,252.26,3374
2026-05-12 12:55:00,255.5,256.5,255.5,255.5,117,252.27,3374
2026-05-12 13:00:00,255.5,256.5,255.0,255.0,213,252.3,3374
2026-05-12 13:05:00,255.0,256.5,255.0,256.0,201,252.32,3374
2026-05-12 13:10:00,256.5,256.5,256.0,256.0,117,252.33,3374
2026-05-12 13:15:00,256.5,257.5,256.0,257.0,355,252.38,3374
2026-05-12 13:20:00,257.0,257.0,255.5,256.0,314,252.42,3374
2026-05-12 13:30:00,255.5,255.5,255.5,255.5,693,252.48,3374
2026-05-13 09:00:00,247.0,251.0,246.0,249.0,1753,248.01,3374
2026-05-13 09:05:00,249.0,249.5,243.0,244.5,1057,247.35,3374
2026-05-13 09:10:00,244.5,247.0,243.5,244.0,685,246.98,3374
2026-05-13 09:15:00,244.0,244.0,238.0,241.5,1335,245.32,3374
2026-05-13 09:20:00,241.5,246.0,240.5,241.5,736,245.01,3374
2026-05-13 09:25:00,241.5,242.5,239.5,242.0,872,244.39,3374
2026-05-13 09:30:00,241.5,246.0,240.0,243.5,688,244.29,3374
2026-05-13 09:35:00,243.5,244.0,242.0,244.0,360,244.23,3374
2026-05-13 09:40:00,244.0,244.5,239.0,239.5,682,243.97,3374
2026-05-13 09:45:00,240.0,241.5,238.0,241.0,770,243.56,3374
2026-05-13 09:50:00,241.0,243.5,241.0,241.0,260,243.52,3374
2026-05-13 09:55:00,241.0,241.0,238.5,239.0,576,243.3,3374
2026-05-13 10:00:00,239.5,240.0,238.5,239.5,241,243.2,3374
2026-05-13 10:05:00,239.0,239.5,237.0,237.0,551,242.94,3374
2026-05-13 10:10:00,237.0,238.0,235.5,238.0,494,242.66,3374
2026-05-13 10:15:00,238.0,238.0,234.0,235.5,829,242.16,3374
2026-05-13 10:20:00,236.0,236.0,234.5,234.5,264,242.01,3374
2026-05-13 10:25:00,234.5,236.5,234.5,236.5,301,241.85,3374
2026-05-13 10:30:00,236.0,237.0,235.5,236.0,169,241.78,3374
2026-05-13 10:35:00,236.0,236.5,234.5,235.0,281,241.63,3374
2026-05-13 10:40:00,235.0,235.5,230.5,232.0,1288,240.81,3374
2026-05-13 10:45:00,232.0,234.5,230.5,234.5,548,240.48,3374
2026-05-13 10:50:00,234.5,235.0,234.0,234.5,124,240.43,3374
2026-05-13 10:55:00,234.0,234.5,232.0,234.0,220,240.32,3374
2026-05-13 11:00:00,233.0,233.5,231.0,231.5,241,240.19,3374
2026-05-13 11:05:00,231.5,231.5,230.5,230.5,270,240.02,3374
2026-05-13 11:10:00,231.0,231.5,230.0,230.0,676,239.62,3374
2026-05-13 11:15:00,230.5,231.5,230.0,231.0,285,239.47,3374
2026-05-13 11:20:00,231.0,232.0,231.0,231.5,194,239.38,3374
2026-05-13 11:25:00,232.0,232.5,231.5,232.0,166,239.3,3374
2026-05-13 11:30:00,232.0,232.0,230.5,231.0,333,239.14,3374
2026-05-13 11:35:00,231.0,231.5,230.5,231.0,87,239.1,3374
2026-05-13 11:40:00,231.0,231.5,230.5,231.5,150,239.03,3374
2026-05-13 11:45:00,232.0,233.0,231.5,232.0,158,238.97,3374
2026-05-13 11:50:00,232.0,232.5,231.5,232.5,102,238.93,3374
2026-05-13 11:55:00,232.0,232.0,231.0,231.5,137,238.87,3374
2026-05-13 12:00:00,231.5,232.0,231.0,231.5,49,238.85,3374
2026-05-13 12:05:00,231.5,232.0,231.0,231.5,66,238.83,3374
2026-05-13 12:10:00,231.5,232.0,230.0,230.0,1252,238.28,3374
2026-05-13 12:15:00,230.5,231.0,230.0,230.0,1081,237.84,3374
2026-05-13 12:20:00,230.0,230.5,230.0,230.0,480,237.66,3374
2026-05-13 12:25:00,230.0,230.5,230.0,230.0,285,237.56,3374
2026-05-13 12:30:00,230.5,231.0,230.0,231.0,105,237.53,3374
2026-05-13 12:35:00,231.0,232.5,231.0,231.5,314,237.44,3374
2026-05-13 12:40:00,232.0,233.0,232.0,232.5,189,237.4,3374
2026-05-13 12:45:00,232.5,233.0,232.0,232.5,105,237.37,3374
2026-05-13 12:50:00,232.5,233.5,232.0,233.5,180,237.34,3374
2026-05-13 12:55:00,233.5,234.5,233.0,233.5,163,237.31,3374
2026-05-13 13:00:00,233.5,235.0,232.0,234.5,398,237.24,3374
2026-05-13 13:05:00,235.0,236.5,234.5,236.0,504,237.21,3374
2026-05-13 13:10:00,236.5,237.5,235.0,237.0,560,237.2,3374
2026-05-13 13:15:00,237.0,237.5,235.0,237.0,403,237.18,3374
2026-05-13 13:20:00,236.5,238.0,236.5,237.5,515,237.18,3374
2026-05-13 13:30:00,237.0,237.0,237.0,237.0,380,237.18,3374
2026-05-14 09:00:00,242.0,242.0,236.0,237.5,2066,238.87,3374
2026-05-14 09:05:00,237.5,240.5,234.5,235.0,1467,238.22,3374
2026-05-14 09:10:00,235.0,239.5,234.0,238.5,583,238.01,3374
2026-05-14 09:15:00,238.5,240.0,237.0,238.0,572,238.06,3374
2026-05-14 09:20:00,238.0,238.5,237.0,237.5,129,238.05,3374
2026-05-14 09:25:00,237.5,239.0,237.0,238.0,221,238.05,3374
2026-05-14 09:30:00,238.0,238.5,236.5,237.0,336,237.99,3374
2026-05-14 09:35:00,237.0,237.5,236.5,237.0,107,237.97,3374
2026-05-14 09:40:00,237.0,237.5,236.5,237.0,221,237.94,3374
2026-05-14 09:45:00,236.5,237.5,234.0,236.5,803,237.61,3374
2026-05-14 09:50:00,237.0,237.0,235.5,235.5,83,237.59,3374
2026-05-14 09:55:00,235.5,236.0,235.0,235.5,122,237.55,3374
2026-05-14 10:00:00,235.5,237.0,235.0,237.0,125,237.52,3374
2026-05-14 10:05:00,237.5,243.5,237.5,243.5,1434,238.11,3374
2026-05-14 10:10:00,243.0,243.5,240.0,240.0,591,238.39,3374
2026-05-14 10:15:00,240.5,240.5,239.5,240.0,173,238.42,3374
2026-05-14 10:20:00,240.0,240.0,238.5,239.5,131,238.43,3374
2026-05-14 10:25:00,239.5,239.5,238.5,239.0,184,238.44,3374
2026-05-14 10:30:00,239.0,239.5,238.5,239.0,89,238.44,3374
2026-05-14 10:35:00,239.0,239.0,238.0,238.5,107,238.44,3374
2026-05-14 10:40:00,238.5,242.0,238.5,241.0,424,238.54,3374
2026-05-14 10:45:00,240.5,241.0,239.0,239.0,118,238.55,3374
2026-05-14 10:50:00,238.5,239.5,238.0,239.5,78,238.56,3374
2026-05-14 10:55:00,239.0,239.5,238.5,238.5,54,238.56,3374
2026-05-14 11:00:00,238.5,239.0,238.0,238.0,65,238.56,3374
2026-05-14 11:05:00,238.0,238.5,238.0,238.0,96,238.55,3374
2026-05-14 11:10:00,238.5,239.0,238.0,239.0,34,238.55,3374
2026-05-14 11:15:00,239.0,244.0,238.5,242.5,1085,238.91,3374
2026-05-14 11:20:00,242.5,243.5,242.5,243.0,456,239.07,3374
2026-05-14 11:25:00,243.0,245.5,243.0,243.5,912,239.47,3374
2026-05-14 11:30:00,243.5,243.5,242.0,242.0,254,239.53,3374
2026-05-14 11:35:00,242.0,242.5,240.5,242.0,186,239.55,3374
2026-05-14 11:40:00,241.5,242.0,241.5,241.5,35,239.55,3374
2026-05-14 11:45:00,241.5,242.0,241.5,241.5,88,239.57,3374
2026-05-14 11:50:00,241.5,241.5,241.0,241.5,69,239.58,3374
2026-05-14 11:55:00,241.0,243.0,240.5,242.5,268,239.62,3374
2026-05-14 12:00:00,243.0,243.5,242.0,242.5,297,239.69,3374
2026-05-14 12:05:00,242.5,243.0,242.0,242.5,52,239.7,3374
2026-05-14 12:10:00,242.5,245.0,242.5,244.5,471,239.84,3374
2026-05-14 12:15:00,244.0,249.0,244.0,248.5,1369,240.4,3374
2026-05-14 12:20:00,248.5,251.0,248.0,250.5,1237,241.06,3374
2026-05-14 12:25:00,250.5,254.0,250.5,253.0,865,241.59,3374
2026-05-14 12:30:00,253.0,253.5,251.0,252.5,285,241.75,3374
2026-05-14 12:35:00,252.5,255.0,251.0,252.5,682,242.16,3374
2026-05-14 12:40:00,252.0,253.0,252.0,252.0,185,242.26,3374
2026-05-14 12:45:00,252.0,252.0,248.5,248.5,511,242.45,3374
2026-05-14 12:50:00,248.5,249.0,248.5,248.5,135,242.49,3374
2026-05-14 12:55:00,248.5,249.0,246.5,247.0,403,242.6,3374
2026-05-14 13:00:00,247.0,249.0,247.0,248.0,322,242.68,3374
2026-05-14 13:05:00,248.5,250.0,248.0,249.5,358,242.79,3374
2026-05-14 13:10:00,249.5,253.5,249.5,251.5,936,243.18,3374
2026-05-14 13:15:00,252.0,258.0,251.5,257.0,1746,244.03,3374
2026-05-14 13:20:00,256.5,260.0,255.5,260.0,1590,244.95,3374
2026-05-14 13:30:00,259.5,259.5,259.5,259.5,1048,245.53,3374
2026-05-15 09:00:00,279.5,285.0,275.0,285.0,7535,282.44,3374
2026-05-15 09:05:00,285.0,285.0,285.0,285.0,998,282.74,3374
2026-05-15 09:10:00,285.0,285.0,285.0,285.0,397,282.84,3374
2026-05-15 09:15:00,285.0,285.0,285.0,285.0,350,282.92,3374
2026-05-15 09:20:00,285.0,285.0,285.0,285.0,176,282.96,3374
2026-05-15 09:25:00,285.0,285.0,285.0,285.0,207,283.01,3374
2026-05-15 09:30:00,285.0,285.0,285.0,285.0,145,283.03,3374
2026-05-15 09:35:00,285.0,285.0,285.0,285.0,299,283.09,3374
2026-05-15 09:40:00,285.0,285.0,285.0,285.0,4416,283.67,3374
2026-05-15 09:45:00,285.0,285.0,285.0,285.0,754,283.74,3374
2026-05-15 09:50:00,285.0,285.0,278.5,284.0,5609,283.74,3374
2026-05-15 09:55:00,283.5,284.5,277.5,280.5,1936,283.48,3374
2026-05-15 10:00:00,280.5,283.0,280.0,282.0,1333,283.38,3374
2026-05-15 10:05:00,282.5,285.0,281.5,282.5,3193,283.51,3374
2026-05-15 10:10:00,282.5,285.0,281.0,285.0,1057,283.51,3374
2026-05-15 10:15:00,285.0,285.0,284.0,284.0,1037,283.56,3374
2026-05-15 10:20:00,284.0,285.0,284.0,285.0,1057,283.61,3374
2026-05-15 10:25:00,285.0,285.0,285.0,285.0,68,283.61,3374
2026-05-15 10:30:00,285.0,285.0,285.0,285.0,184,283.62,3374
2026-05-15 10:35:00,285.0,285.0,285.0,285.0,149,283.63,3374
2026-05-15 10:40:00,285.0,285.0,283.5,285.0,598,283.65,3374
2026-05-15 10:45:00,284.5,285.0,284.5,285.0,301,283.66,3374
2026-05-15 10:50:00,285.0,285.0,285.0,285.0,58,283.67,3374
2026-05-15 10:55:00,285.0,285.0,285.0,285.0,93,283.67,3374
2026-05-15 11:00:00,285.0,285.0,285.0,285.0,64,283.67,3374
2026-05-15 11:05:00,285.0,285.0,285.0,285.0,75,283.68,3374
2026-05-15 11:10:00,285.0,285.0,285.0,285.0,68,283.68,3374
2026-05-15 11:15:00,285.0,285.0,285.0,285.0,40,283.68,3374
2026-05-15 11:20:00,285.0,285.0,282.5,284.5,1579,283.73,3374
2026-05-15 11:25:00,284.5,285.0,283.5,283.5,530,283.74,3374
2026-05-15 11:30:00,284.0,284.0,281.5,281.5,423,283.73,3374
2026-05-15 11:35:00,282.0,283.0,281.0,282.0,625,283.7,3374
2026-05-15 11:40:00,281.5,283.0,280.5,280.5,401,283.67,3374
2026-05-15 11:45:00,281.0,284.0,280.0,283.5,199,283.66,3374
2026-05-15 11:50:00,283.5,284.5,283.0,283.0,196,283.66,3374
2026-05-15 11:55:00,282.5,283.5,278.5,278.5,593,283.61,3374
2026-05-15 12:00:00,279.5,281.0,277.0,280.0,734,283.51,3374
2026-05-15 12:05:00,280.5,281.0,279.5,280.0,178,283.49,3374
2026-05-15 12:10:00,280.0,282.5,279.5,282.0,254,283.48,3374
2026-05-15 12:15:00,282.0,282.0,281.0,281.0,111,283.47,3374
2026-05-15 12:20:00,281.0,283.0,280.5,282.5,156,283.47,3374
2026-05-15 12:25:00,282.5,283.0,281.5,281.5,254,283.46,3374
2026-05-15 12:30:00,281.5,281.5,279.0,279.5,631,283.4,3374
2026-05-15 12:35:00,280.0,280.5,277.5,279.0,555,283.34,3374
2026-05-15 12:40:00,279.5,279.5,276.0,277.5,713,283.24,3374
2026-05-15 12:45:00,277.0,277.5,274.5,275.5,1323,283.0,3374
2026-05-15 12:50:00,276.0,276.5,273.0,275.0,824,282.85,3374
2026-05-15 12:55:00,275.5,276.0,273.0,274.5,566,282.74,3374
2026-05-15 13:00:00,275.0,278.0,274.0,277.5,641,282.64,3374
2026-05-15 13:05:00,278.0,279.0,276.5,278.5,391,282.6,3374
2026-05-15 13:10:00,278.5,280.0,276.5,277.0,438,282.56,3374
2026-05-15 13:15:00,277.5,278.0,276.0,277.0,367,282.51,3374
2026-05-15 13:20:00,277.5,278.0,276.0,276.5,645,282.43,3374
2026-05-15 13:30:00,278.0,278.0,278.0,278.0,1074,282.33,3374
2026-05-18 09:00:00,266.0,268.0,257.0,260.0,3789,262.19,3374
2026-05-18 09:05:00,260.0,261.0,251.0,253.0,2281,259.74,3374
2026-05-18 09:10:00,253.0,253.5,250.5,250.5,3861,256.28,3374
2026-05-18 09:15:00,250.5,250.5,250.5,250.5,396,256.06,3374
2026-05-18 09:20:00,250.5,250.5,250.5,250.5,198,255.96,3374
2026-05-18 09:25:00,250.5,250.5,250.5,250.5,153,255.88,3374
2026-05-18 09:30:00,250.5,250.5,250.5,250.5,602,255.59,3374
2026-05-18 09:35:00,250.5,251.5,250.5,251.0,2238,254.75,3374
2026-05-18 09:40:00,251.0,251.5,250.5,250.5,1079,254.45,3374
2026-05-18 09:45:00,250.5,250.5,250.5,250.5,248,254.38,3374
2026-05-18 09:50:00,250.5,250.5,250.5,250.5,156,254.34,3374
2026-05-18 09:55:00,250.5,251.5,250.5,251.0,1009,254.11,3374
2026-05-18 10:00:00,251.0,251.5,250.5,251.0,338,254.05,3374
2026-05-18 10:05:00,251.0,251.5,250.5,250.5,571,253.93,3374
2026-05-18 10:10:00,250.5,250.5,250.5,250.5,91,253.91,3374
2026-05-18 10:15:00,250.5,250.5,250.5,250.5,80,253.89,3374
2026-05-18 10:20:00,250.5,250.5,250.5,250.5,83,253.88,3374
2026-05-18 10:25:00,250.5,250.5,250.5,250.5,62,253.86,3374
2026-05-18 10:30:00,250.5,250.5,250.5,250.5,188,253.83,3374
2026-05-18 10:35:00,250.5,250.5,250.5,250.5,152,253.8,3374
2026-05-18 10:40:00,250.5,251.0,250.5,250.5,454,253.72,3374
2026-05-18 10:45:00,250.5,251.0,250.5,250.5,269,253.67,3374
2026-05-18 10:50:00,250.5,250.5,250.5,250.5,57,253.66,3374
2026-05-18 10:55:00,250.5,250.5,250.5,250.5,39,253.65,3374
2026-05-18 11:00:00,250.5,250.5,250.5,250.5,48,253.64,3374
2026-05-18 11:05:00,250.5,250.5,250.5,250.5,35,253.64,3374
2026-05-18 11:10:00,250.5,250.5,250.5,250.5,37,253.63,3374
2026-05-18 11:15:00,250.5,250.5,250.5,250.5,20,253.63,3374
2026-05-18 11:20:00,250.5,250.5,250.5,250.5,80,253.62,3374
2026-05-18 11:25:00,250.5,250.5,250.5,250.5,34,253.61,3374
2026-05-18 11:30:00,250.5,250.5,250.5,250.5,14,253.61,3374
2026-05-18 11:35:00,250.5,250.5,250.5,250.5,24,253.6,3374
2026-05-18 11:40:00,250.5,250.5,250.5,250.5,19,253.6,3374
2026-05-18 11:45:00,250.5,250.5,250.5,250.5,38,253.59,3374
2026-05-18 11:50:00,250.5,250.5,250.5,250.5,57,253.58,3374
2026-05-18 11:55:00,250.5,250.5,250.5,250.5,34,253.58,3374
2026-05-18 12:00:00,250.5,250.5,250.5,250.5,21,253.58,3374
2026-05-18 12:05:00,250.5,250.5,250.5,250.5,15,253.57,3374
2026-05-18 12:10:00,250.5,250.5,250.5,250.5,41,253.57,3374
2026-05-18 12:15:00,250.5,250.5,250.5,250.5,44,253.56,3374
2026-05-18 12:20:00,250.5,250.5,250.5,250.5,34,253.55,3374
2026-05-18 12:25:00,250.5,250.5,250.5,250.5,235,253.52,3374
2026-05-18 12:30:00,250.5,250.5,250.5,250.5,46,253.51,3374
2026-05-18 12:35:00,250.5,250.5,250.5,250.5,24,253.51,3374
2026-05-18 12:40:00,250.5,250.5,250.5,250.5,60,253.5,3374
2026-05-18 12:45:00,250.5,250.5,250.5,250.5,154,253.47,3374
2026-05-18 12:50:00,250.5,250.5,250.5,250.5,82,253.46,3374
2026-05-18 12:55:00,250.5,250.5,250.5,250.5,84,253.45,3374
2026-05-18 13:00:00,250.5,250.5,250.5,250.5,133,253.43,3374
2026-05-18 13:05:00,250.5,250.5,250.5,250.5,130,253.41,3374
2026-05-18 13:10:00,250.5,250.5,250.5,250.5,152,253.39,3374
2026-05-18 13:15:00,250.5,250.5,250.5,250.5,76,253.38,3374
2026-05-18 13:20:00,250.5,250.5,250.5,250.5,81,253.36,3374
2026-05-18 13:30:00,250.5,250.5,250.5,250.5,95,253.35,3374
2026-05-19 09:00:00,247.0,254.0,244.0,248.5,2441,249.18,3374
2026-05-19 09:05:00,249.5,252.5,247.5,252.0,1066,249.5,3374
2026-05-19 09:10:00,252.0,252.5,246.5,249.5,811,249.42,3374
2026-05-19 09:15:00,249.0,250.5,247.5,247.5,377,249.39,3374
2026-05-19 09:20:00,247.5,248.0,243.5,245.5,1000,248.65,3374
2026-05-19 09:25:00,245.5,249.0,245.5,249.0,392,248.56,3374
2026-05-19 09:30:00,248.5,249.0,245.5,246.5,262,248.51,3374
2026-05-19 09:35:00,247.0,249.5,247.0,248.5,155,248.51,3374
2026-05-19 09:40:00,248.5,249.5,248.0,249.5,102,248.52,3374
2026-05-19 09:45:00,249.5,249.5,241.5,242.5,869,248.05,3374
2026-05-19 09:50:00,242.0,244.0,240.0,241.5,849,247.39,3374
2026-05-19 09:55:00,241.5,241.5,238.5,240.0,831,246.74,3374
2026-05-19 10:00:00,240.5,241.5,239.0,241.5,310,246.52,3374
2026-05-19 10:05:00,241.5,242.5,241.0,241.5,184,246.43,3374
2026-05-19 10:10:00,241.5,243.0,241.5,242.0,137,246.37,3374
2026-05-19 10:15:00,241.5,242.0,240.5,241.0,115,246.31,3374
2026-05-19 10:20:00,241.0,241.5,239.0,240.0,254,246.14,3374
2026-05-19 10:25:00,240.0,241.0,239.5,240.0,143,246.06,3374
2026-05-19 10:30:00,240.0,243.5,239.5,242.5,224,245.96,3374
2026-05-19 10:35:00,242.5,242.5,241.5,241.5,58,245.94,3374
2026-05-19 10:40:00,241.5,242.0,241.0,242.0,110,245.89,3374
2026-05-19 10:45:00,242.5,244.5,242.5,243.5,272,245.84,3374
2026-05-19 10:50:00,243.5,243.5,242.5,242.5,71,245.82,3374
2026-05-19 10:55:00,242.5,242.5,240.5,240.5,77,245.79,3374
2026-05-19 11:00:00,241.0,241.0,239.0,240.0,271,245.65,3374
2026-05-19 11:05:00,240.0,242.0,240.0,242.0,119,245.6,3374
2026-05-19 11:10:00,242.0,242.5,242.0,242.5,65,245.58,3374
2026-05-19 11:15:00,242.5,242.5,241.0,241.0,65,245.56,3374
2026-05-19 11:20:00,241.5,242.0,241.0,242.0,25,245.55,3374
2026-05-19 11:25:00,242.5,242.5,242.0,242.5,17,245.54,3374
2026-05-19 11:30:00,242.5,242.5,242.0,242.5,64,245.53,3374
2026-05-19 11:35:00,242.0,242.5,242.0,242.0,41,245.51,3374
2026-05-19 11:40:00,242.0,242.0,241.5,241.5,60,245.49,3374
2026-05-19 11:45:00,242.0,242.0,240.0,240.0,176,245.42,3374
2026-05-19 11:50:00,240.0,241.0,239.5,240.0,80,245.39,3374
2026-05-19 11:55:00,239.5,240.0,238.5,238.5,189,245.29,3374
2026-05-19 12:00:00,239.0,239.0,237.5,238.5,357,245.09,3374
2026-05-19 12:05:00,238.5,239.0,236.0,236.0,406,244.84,3374
2026-05-19 12:10:00,236.0,238.5,236.0,237.5,249,244.7,3374
2026-05-19 12:15:00,237.5,238.5,236.5,236.5,94,244.65,3374
2026-05-19 12:20:00,236.5,237.5,236.5,237.0,137,244.57,3374
2026-05-19 12:25:00,237.0,238.0,237.0,237.0,70,244.53,3374
2026-05-19 12:30:00,237.5,238.0,237.0,237.5,109,244.48,3374
2026-05-19 12:35:00,237.5,237.5,236.5,237.0,128,244.41,3374
2026-05-19 12:40:00,236.5,238.0,236.5,237.5,122,244.35,3374
2026-05-19 12:45:00,237.0,237.0,236.0,236.5,139,244.27,3374
2026-05-19 12:50:00,236.5,236.5,236.0,236.0,107,244.21,3374
2026-05-19 12:55:00,236.5,236.5,235.5,235.5,188,244.1,3374
2026-05-19 13:00:00,235.5,236.0,234.0,235.0,448,243.82,3374
2026-05-19 13:05:00,235.0,235.5,234.0,235.0,292,243.65,3374
2026-05-19 13:10:00,235.0,237.5,235.0,237.0,318,243.49,3374
2026-05-19 13:15:00,236.5,236.5,235.5,236.0,155,243.42,3374
2026-05-19 13:20:00,236.5,237.5,236.0,236.5,358,243.26,3374
2026-05-19 13:30:00,237.0,237.0,237.0,237.0,693,243.0,3374
2026-05-20 09:00:00,240.0,242.0,238.5,239.0,1284,240.19,3374
2026-05-20 09:05:00,239.0,240.0,237.0,239.5,485,239.7,3374
2026-05-20 09:10:00,239.5,240.0,238.0,238.5,272,239.58,3374
2026-05-20 09:15:00,238.5,240.0,237.0,237.5,283,239.43,3374
2026-05-20 09:20:00,237.5,238.5,237.5,238.0,105,239.37,3374
2026-05-20 09:25:00,237.5,238.0,233.0,233.5,493,238.74,3374
2026-05-20 09:30:00,233.5,233.5,229.0,232.5,721,237.23,3374
2026-05-20 09:35:00,232.5,233.5,231.0,233.0,269,236.88,3374
2026-05-20 09:40:00,233.0,236.0,233.0,235.0,180,236.79,3374
2026-05-20 09:45:00,234.5,237.0,234.5,236.5,190,236.76,3374
2026-05-20 09:50:00,236.5,238.5,236.0,236.5,275,236.81,3374
2026-05-20 09:55:00,236.5,236.5,235.0,235.5,72,236.79,3374
2026-05-20 10:00:00,235.5,236.0,233.5,235.0,258,236.67,3374
2026-05-20 10:05:00,235.0,235.0,232.5,233.0,130,236.58,3374
2026-05-20 10:10:00,233.5,234.0,233.0,233.5,42,236.56,3374
2026-05-20 10:15:00,233.5,234.0,233.0,234.0,46,236.53,3374
2026-05-20 10:20:00,233.5,235.5,233.5,235.5,89,236.5,3374
2026-05-20 10:25:00,235.0,235.5,235.0,235.0,79,236.48,3374
2026-05-20 10:30:00,234.5,234.5,232.0,233.0,158,236.38,3374
2026-05-20 10:35:00,233.0,233.5,233.0,233.0,52,236.35,3374
2026-05-20 10:40:00,232.5,233.0,231.0,231.0,118,236.26,3374
2026-05-20 10:45:00,231.0,233.0,231.0,233.0,61,236.21,3374
2026-05-20 10:50:00,233.0,233.0,232.0,232.5,46,236.18,3374
2026-05-20 10:55:00,232.5,232.5,231.5,231.5,48,236.15,3374
2026-05-20 11:00:00,231.5,232.5,231.0,232.5,43,236.11,3374
2026-05-20 11:05:00,232.5,233.0,232.5,232.5,37,236.09,3374
2026-05-20 11:10:00,232.5,233.0,232.0,232.0,55,236.05,3374
2026-05-20 11:15:00,231.5,232.0,231.0,231.5,75,236.0,3374
2026-05-20 11:20:00,231.5,232.0,231.5,231.5,43,235.97,3374
2026-05-20 11:25:00,232.0,232.0,231.0,231.0,142,235.86,3374
2026-05-20 11:30:00,231.0,231.0,230.5,230.5,55,235.82,3374
2026-05-20 11:35:00,231.0,231.0,230.0,230.5,127,235.71,3374
2026-05-20 11:40:00,230.0,230.5,230.0,230.5,73,235.65,3374
2026-05-20 11:45:00,230.5,232.0,230.5,231.5,100,235.59,3374
2026-05-20 11:50:00,232.0,234.0,231.5,233.0,133,235.53,3374
2026-05-20 11:55:00,233.0,234.0,233.0,233.5,45,235.52,3374
2026-05-20 12:00:00,234.0,235.5,234.0,234.5,108,235.51,3374
2026-05-20 12:05:00,234.0,235.5,233.5,235.0,116,235.48,3374
2026-05-20 12:10:00,235.0,235.5,234.0,234.0,89,235.48,3374
2026-05-20 12:15:00,234.0,234.5,233.5,233.5,55,235.47,3374
2026-05-20 12:20:00,233.5,233.5,233.0,233.5,60,235.45,3374
2026-05-20 12:25:00,233.5,233.5,233.0,233.5,8,235.44,3374
2026-05-20 12:30:00,233.5,233.5,230.5,230.5,224,235.33,3374
2026-05-20 12:35:00,231.0,231.0,229.5,229.5,372,235.08,3374
2026-05-20 12:40:00,229.5,230.0,229.0,229.0,266,234.89,3374
2026-05-20 12:45:00,228.5,229.0,228.0,229.0,230,234.71,3374
2026-05-20 12:50:00,228.5,230.0,228.0,229.5,225,234.55,3374
2026-05-20 12:55:00,229.5,229.5,229.0,229.0,112,234.48,3374
2026-05-20 13:00:00,229.0,230.5,229.0,229.5,209,234.37,3374
2026-05-20 13:05:00,229.5,231.0,229.0,230.5,223,234.26,3374
2026-05-20 13:10:00,230.5,231.0,230.0,230.5,166,234.2,3374
2026-05-20 13:15:00,230.5,231.0,229.5,230.5,273,234.08,3374
2026-05-20 13:20:00,230.5,232.5,230.5,232.5,298,234.0,3374
2026-05-20 13:30:00,231.0,231.0,231.0,231.0,392,233.89,3374
2026-05-21 09:00:00,241.0,243.0,239.0,239.5,1279,241.28,3374
2026-05-21 09:05:00,239.5,241.0,239.0,241.0,453,240.89,3374
2026-05-21 09:10:00,241.0,246.0,240.5,243.5,880,241.76,3374
2026-05-21 09:15:00,244.5,253.0,244.0,252.0,1700,244.44,3374
2026-05-21 09:20:00,252.5,253.5,248.0,248.0,955,245.67,3374
2026-05-21 09:25:00,248.0,250.0,246.5,249.0,439,245.84,3374
2026-05-21 09:30:00,248.5,250.0,247.5,248.0,206,245.96,3374
2026-05-21 09:35:00,247.5,251.0,247.5,249.0,283,246.12,3374
2026-05-21 09:40:00,249.5,249.5,247.0,247.5,141,246.17,3374
2026-05-21 09:45:00,247.5,248.0,246.5,247.0,198,246.2,3374
2026-05-21 09:50:00,247.5,248.5,247.0,247.5,74,246.22,3374
2026-05-21 09:55:00,247.5,247.5,245.5,246.5,224,246.22,3374
2026-05-21 10:00:00,246.5,246.5,243.5,245.0,384,246.16,3374
2026-05-21 10:05:00,244.5,245.0,243.0,243.0,146,246.12,3374
2026-05-21 10:10:00,243.0,245.5,243.0,243.5,245,246.06,3374
2026-05-21 10:15:00,244.0,247.5,244.0,246.0,198,246.06,3374
2026-05-21 10:20:00,246.0,246.0,245.0,246.0,51,246.06,3374
2026-05-21 10:25:00,246.0,246.0,245.0,245.0,93,246.05,3374
2026-05-21 10:30:00,245.0,245.0,244.0,244.5,91,246.03,3374
2026-05-21 10:35:00,244.5,247.0,244.5,247.0,84,246.03,3374
2026-05-21 10:40:00,247.0,247.0,245.5,246.0,109,246.03,3374
2026-05-21 10:45:00,245.5,245.5,244.0,244.5,102,246.02,3374
2026-05-21 10:50:00,244.5,245.0,244.0,244.5,95,246.0,3374
2026-05-21 10:55:00,244.5,245.0,243.5,245.0,92,245.98,3374
2026-05-21 11:00:00,245.0,245.5,245.0,245.5,51,245.97,3374
2026-05-21 11:05:00,245.5,245.5,243.0,244.0,252,245.91,3374
2026-05-21 11:10:00,244.0,245.5,243.5,245.0,102,245.9,3374
2026-05-21 11:15:00,245.0,246.0,244.0,246.0,117,245.89,3374
2026-05-21 11:20:00,246.5,246.5,246.0,246.5,89,245.89,3374
2026-05-21 11:25:00,246.5,247.0,246.0,246.5,75,245.9,3374
2026-05-21 11:30:00,246.5,246.5,245.5,246.0,102,245.9,3374
2026-05-21 11:35:00,245.5,246.0,245.5,246.0,39,245.9,3374
2026-05-21 11:40:00,245.5,246.0,245.5,246.0,15,245.9,3374
2026-05-21 11:45:00,245.5,246.0,245.5,245.5,25,245.9,3374
2026-05-21 11:50:00,245.5,245.5,245.0,245.0,76,245.89,3374
2026-05-21 11:55:00,244.5,245.0,244.5,245.0,62,245.88,3374
2026-05-21 12:00:00,245.0,245.0,244.0,244.0,84,245.87,3374
2026-05-21 12:05:00,244.5,245.0,244.0,244.5,70,245.86,3374
2026-05-21 12:10:00,244.5,245.5,244.0,245.5,49,245.86,3374
2026-05-21 12:15:00,245.5,245.5,244.5,244.5,44,245.85,3374
2026-05-21 12:20:00,245.0,245.5,245.0,245.0,59,245.85,3374
2026-05-21 12:25:00,245.5,245.5,244.5,245.0,58,245.84,3374
2026-05-21 12:30:00,245.0,245.0,244.0,245.0,93,245.83,3374
2026-05-21 12:35:00,244.5,245.0,244.5,244.5,35,245.83,3374
2026-05-21 12:40:00,244.5,246.0,243.5,246.0,319,245.8,3374
2026-05-21 12:45:00,245.5,246.5,245.0,245.5,36,245.8,3374
2026-05-21 12:50:00,245.5,245.5,244.5,245.0,61,245.8,3374
2026-05-21 12:55:00,245.0,245.0,244.0,244.0,84,245.79,3374
2026-05-21 13:00:00,244.5,245.0,244.0,244.5,116,245.77,3374
2026-05-21 13:05:00,244.5,245.5,244.0,245.0,137,245.76,3374
2026-05-21 13:10:00,245.5,245.5,244.5,245.0,103,245.75,3374
2026-05-21 13:15:00,245.0,245.5,244.5,245.0,142,245.74,3374
2026-05-21 13:20:00,245.0,245.0,243.5,243.5,344,245.7,3374
2026-05-21 13:30:00,244.5,244.5,244.5,244.5,335,245.66,3374
2026-05-22 09:00:00,248.5,251.0,246.5,251.0,1089,249.06,3374
2026-05-22 09:05:00,251.0,251.0,247.0,250.0,495,248.98,3374
2026-05-22 09:10:00,249.5,256.0,249.5,255.0,1240,250.62,3374
2026-05-22 09:15:00,255.0,256.5,252.0,253.0,1019,251.73,3374
2026-05-22 09:20:00,253.0,254.5,252.0,253.0,326,251.86,3374
2026-05-22 09:25:00,253.0,256.0,252.5,254.5,518,252.12,3374
2026-05-22 09:30:00,254.5,254.5,253.0,254.0,215,252.21,3374
2026-05-22 09:35:00,254.0,255.0,253.5,255.0,239,252.3,3374
2026-05-22 09:40:00,255.0,256.0,253.0,255.5,611,252.52,3374
2026-05-22 09:45:00,255.5,256.0,253.5,254.5,288,252.6,3374
2026-05-22 09:50:00,255.0,255.5,253.0,253.0,170,252.65,3374
2026-05-22 09:55:00,253.0,253.0,252.0,252.5,214,252.64,3374
2026-05-22 10:00:00,252.5,253.0,251.5,253.0,168,252.63,3374
2026-05-22 10:05:00,253.0,254.0,252.5,253.5,112,252.64,3374
2026-05-22 10:10:00,253.0,253.5,252.5,253.0,65,252.64,3374
2026-05-22 10:15:00,253.0,253.0,252.5,252.5,40,252.64,3374
2026-05-22 10:20:00,252.5,253.0,252.5,253.0,52,252.65,3374
2026-05-22 10:25:00,253.0,253.0,252.5,252.5,67,252.65,3374
2026-05-22 10:30:00,252.0,253.0,251.5,252.0,152,252.63,3374
2026-05-22 10:35:00,252.0,252.5,251.5,251.5,44,252.63,3374
2026-05-22 10:40:00,251.5,253.5,251.5,253.5,203,252.62,3374
2026-05-22 10:45:00,253.5,255.0,253.5,255.0,193,252.66,3374
2026-05-22 10:50:00,255.0,255.0,253.5,254.0,133,252.69,3374
2026-05-22 10:55:00,254.0,254.0,253.0,253.0,40,252.7,3374
2026-05-22 11:00:00,253.0,253.5,251.0,251.0,207,252.68,3374
2026-05-22 11:05:00,251.0,251.5,249.5,251.0,786,252.49,3374
2026-05-22 11:10:00,251.0,252.0,249.5,252.0,260,252.43,3374
2026-05-22 11:15:00,252.0,252.0,251.5,252.0,51,252.43,3374
2026-05-22 11:20:00,251.5,252.0,250.5,251.0,47,252.42,3374
2026-05-22 11:25:00,250.5,251.0,250.5,250.5,85,252.41,3374
2026-05-22 11:30:00,251.0,251.0,250.5,251.0,49,252.4,3374
2026-05-22 11:35:00,250.5,251.0,250.5,251.0,50,252.39,3374
2026-05-22 11:40:00,251.0,252.0,251.0,251.0,68,252.38,3374
2026-05-22 11:45:00,251.0,251.5,250.5,251.0,54,252.37,3374
2026-05-22 11:50:00,250.5,251.0,250.5,251.0,40,252.37,3374
2026-05-22 11:55:00,250.5,250.5,250.0,250.5,72,252.35,3374
2026-05-22 12:00:00,250.5,252.0,250.0,252.0,81,252.34,3374
2026-05-22 12:05:00,252.0,254.0,251.5,254.0,262,252.35,3374
2026-05-22 12:10:00,254.0,257.5,254.0,254.5,1643,252.85,3374
2026-05-22 12:15:00,254.5,255.0,254.0,254.5,189,252.88,3374
2026-05-22 12:20:00,254.5,255.0,254.0,254.5,136,252.89,3374
2026-05-22 12:25:00,255.0,255.0,254.0,254.5,114,252.91,3374
2026-05-22 12:30:00,254.5,255.5,254.5,255.5,228,252.95,3374
2026-05-22 12:35:00,255.5,256.0,254.0,254.5,149,252.98,3374
2026-05-22 12:40:00,254.5,254.5,253.5,253.5,85,252.99,3374
2026-05-22 12:45:00,253.0,254.0,253.0,254.0,46,252.99,3374
2026-05-22 12:50:00,254.0,254.5,253.5,254.0,85,252.99,3374
2026-05-22 12:55:00,254.0,254.0,252.5,252.5,146,253.0,3374
2026-05-22 13:00:00,253.0,253.0,252.0,252.0,174,252.99,3374
2026-05-22 13:05:00,252.0,252.5,252.0,252.0,123,252.98,3374
2026-05-22 13:10:00,252.0,252.5,252.0,252.0,62,252.98,3374
2026-05-22 13:15:00,252.5,252.5,252.0,252.5,139,252.97,3374
2026-05-22 13:20:00,252.0,252.0,251.5,251.5,304,252.94,3374
2026-05-22 13:30:00,253.0,253.0,253.0,253.0,561,252.94,3374
2026-05-25 09:00:00,255.0,255.0,248.0,248.5,1809,251.85,3374
2026-05-25 09:05:00,248.5,252.0,246.0,251.5,856,250.9,3374
2026-05-25 09:10:00,252.0,262.5,251.0,262.0,1819,253.53,3374
2026-05-25 09:15:00,262.0,265.5,261.0,262.0,2021,256.57,3374
2026-05-25 09:20:00,261.5,262.0,258.0,259.5,608,256.84,3374
2026-05-25 09:25:00,260.0,261.0,258.5,259.0,433,256.98,3374
2026-05-25 09:30:00,259.0,261.0,257.0,257.5,551,257.07,3374
2026-05-25 09:35:00,257.0,259.0,256.0,257.5,379,257.08,3374
2026-05-25 09:40:00,258.0,261.5,256.5,260.5,382,257.18,3374
2026-05-25 09:45:00,261.0,264.5,259.5,264.5,1036,257.8,3374
2026-05-25 09:50:00,264.5,267.0,263.5,264.5,1079,258.54,3374
2026-05-25 09:55:00,264.5,265.5,263.5,264.5,426,258.77,3374
2026-05-25 10:00:00,264.0,264.5,263.0,263.5,191,258.85,3374
2026-05-25 10:05:00,263.5,266.0,263.5,264.5,250,258.97,3374
2026-05-25 10:10:00,265.0,265.0,262.0,262.0,221,259.05,3374
2026-05-25 10:15:00,262.0,262.5,261.0,262.0,149,259.08,3374
2026-05-25 10:20:00,262.5,263.5,261.5,262.0,110,259.11,3374
2026-05-25 10:25:00,262.5,262.5,261.0,261.5,162,259.15,3374
2026-05-25 10:30:00,261.5,262.5,261.5,261.5,63,259.16,3374
2026-05-25 10:35:00,262.0,262.0,260.5,261.0,167,259.18,3374
2026-05-25 10:40:00,260.5,261.5,260.0,261.0,112,259.2,3374
2026-05-25 10:45:00,261.5,262.0,260.5,260.5,86,259.21,3374
2026-05-25 10:50:00,260.5,261.0,260.0,260.5,83,259.22,3374
2026-05-25 10:55:00,260.0,260.0,259.0,260.0,250,259.23,3374
2026-05-25 11:00:00,259.5,262.0,259.5,262.0,87,259.24,3374
2026-05-25 11:05:00,262.0,263.0,261.0,262.5,166,259.27,3374
2026-05-25 11:10:00,262.5,262.5,261.0,261.0,51,259.28,3374
2026-05-25 11:15:00,261.0,261.5,260.5,261.0,62,259.29,3374
2026-05-25 11:20:00,260.5,262.0,260.0,262.0,76,259.3,3374
2026-05-25 11:25:00,261.5,262.0,261.0,261.5,71,259.31,3374
2026-05-25 11:30:00,261.0,261.5,261.0,261.0,61,259.32,3374
2026-05-25 11:35:00,261.0,262.0,261.0,261.5,93,259.33,3374
2026-05-25 11:40:00,262.0,262.5,261.0,261.0,90,259.35,3374
2026-05-25 11:45:00,261.0,261.5,260.5,260.5,69,259.35,3374
2026-05-25 11:50:00,260.5,261.5,260.5,261.0,24,259.36,3374
2026-05-25 11:55:00,261.0,261.5,260.5,261.0,44,259.36,3374
2026-05-25 12:00:00,261.0,261.5,261.0,261.0,53,259.37,3374
2026-05-25 12:05:00,261.0,261.5,260.5,260.5,80,259.38,3374
2026-05-25 12:10:00,261.0,261.0,260.5,260.5,61,259.39,3374
2026-05-25 12:15:00,260.5,261.0,260.5,260.5,46,259.39,3374
2026-05-25 12:20:00,261.0,261.0,260.0,260.0,123,259.4,3374
2026-05-25 12:25:00,260.5,260.5,260.0,260.0,142,259.4,3374
2026-05-25 12:30:00,260.0,260.0,258.5,259.0,190,259.4,3374
2026-05-25 12:35:00,259.0,259.0,258.5,258.5,131,259.39,3374
2026-05-25 12:40:00,258.5,258.5,258.0,258.0,129,259.38,3374
2026-05-25 12:45:00,258.0,258.5,258.0,258.0,89,259.37,3374
2026-05-25 12:50:00,258.0,259.0,258.0,258.5,132,259.37,3374
2026-05-25 12:55:00,258.5,258.5,257.5,257.5,162,259.35,3374
2026-05-25 13:00:00,257.5,258.0,257.5,258.0,152,259.34,3374
2026-05-25 13:05:00,257.5,259.0,257.5,259.0,246,259.32,3374
2026-05-25 13:10:00,259.0,259.5,258.0,258.0,231,259.32,3374
2026-05-25 13:15:00,258.0,258.5,257.5,257.5,260,259.29,3374
2026-05-25 13:20:00,258.0,258.5,257.5,257.5,347,259.26,3374
2026-05-25 13:30:00,258.0,258.0,258.0,258.0,750,259.21,3374
2026-05-26 09:00:00,263.5,263.5,258.0,258.5,1540,260.45,3374
2026-05-26 09:05:00,258.0,258.0,253.0,253.0,864,258.62,3374
2026-05-26 09:10:00,253.0,254.5,252.5,254.0,649,257.5,3374
2026-05-26 09:15:00,254.0,256.5,252.5,253.0,424,257.13,3374
2026-05-26 09:20:00,253.5,255.0,253.0,254.5,152,256.99,3374
2026-05-26 09:25:00,254.5,255.0,253.5,253.5,189,256.85,3374
2026-05-26 09:30:00,253.5,254.0,252.5,253.5,495,256.41,3374
2026-05-26 09:35:00,253.5,254.0,248.0,248.5,1060,255.34,3374
2026-05-26 09:40:00,248.5,251.5,248.5,251.5,430,254.92,3374
2026-05-26 09:45:00,251.5,253.0,250.5,253.0,166,254.83,3374
2026-05-26 09:50:00,253.0,253.0,252.0,252.0,113,254.79,3374
2026-05-26 09:55:00,252.0,252.5,251.0,251.0,123,254.72,3374
2026-05-26 10:00:00,251.0,251.5,250.5,251.0,124,254.65,3374
2026-05-26 10:05:00,251.5,252.5,250.5,252.0,159,254.57,3374
2026-05-26 10:10:00,252.0,252.0,250.0,250.0,217,254.44,3374
2026-05-26 10:15:00,250.5,252.0,250.0,252.0,62,254.41,3374
2026-05-26 10:20:00,252.0,252.5,251.5,252.0,64,254.39,3374
2026-05-26 10:25:00,251.5,252.5,251.0,252.5,100,254.36,3374
2026-05-26 10:30:00,252.5,254.0,252.5,254.0,124,254.34,3374
2026-05-26 10:35:00,254.0,254.0,253.5,253.5,72,254.33,3374
2026-05-26 10:40:00,254.0,254.0,252.5,252.5,105,254.32,3374
2026-05-26 10:45:00,252.5,252.5,252.0,252.0,56,254.3,3374
2026-05-26 10:50:00,252.0,252.5,251.5,251.5,66,254.28,3374
2026-05-26 10:55:00,252.0,252.0,251.5,252.0,52,254.26,3374
2026-05-26 11:00:00,252.5,252.5,251.5,252.0,62,254.24,3374
2026-05-26 11:05:00,252.0,252.5,252.0,252.5,52,254.23,3374
2026-05-26 11:10:00,252.5,255.0,252.0,253.0,243,254.22,3374
2026-05-26 11:15:00,253.0,253.5,252.5,253.0,85,254.21,3374
2026-05-26 11:20:00,253.0,253.5,252.5,253.0,65,254.2,3374
2026-05-26 11:25:00,253.0,255.5,252.5,255.5,236,254.2,3374
2026-05-26 11:30:00,255.5,257.0,254.0,256.5,260,254.24,3374
2026-05-26 11:35:00,256.5,256.5,255.0,255.0,88,254.26,3374
2026-05-26 11:40:00,255.5,255.5,254.5,255.5,84,254.26,3374
2026-05-26 11:45:00,255.5,255.5,254.5,254.5,74,254.27,3374
2026-05-26 11:50:00,254.5,254.5,253.5,253.5,113,254.27,3374
2026-05-26 11:55:00,253.5,254.5,253.5,254.5,40,254.26,3374
2026-05-26 12:00:00,254.5,255.0,254.0,254.0,24,254.26,3374
2026-05-26 12:05:00,254.0,254.5,254.0,254.5,34,254.26,3374
2026-05-26 12:10:00,254.5,256.0,254.5,256.0,178,254.29,3374
2026-05-26 12:15:00,256.0,256.5,256.0,256.0,96,254.31,3374
2026-05-26 12:20:00,256.0,256.5,255.5,255.5,95,254.33,3374
2026-05-26 12:25:00,256.0,256.5,255.5,255.5,102,254.34,3374
2026-05-26 12:30:00,255.5,255.5,254.5,254.5,81,254.35,3374
2026-05-26 12:35:00,254.5,254.5,254.0,254.0,87,254.35,3374
2026-05-26 12:40:00,254.0,254.5,254.0,254.5,29,254.35,3374
2026-05-26 12:45:00,254.5,254.5,253.5,254.0,82,254.34,3374
2026-05-26 12:50:00,253.5,254.0,253.5,253.5,35,254.34,3374
2026-05-26 12:55:00,253.5,254.0,253.0,253.5,95,254.33,3374
2026-05-26 13:00:00,253.5,253.5,252.5,252.5,171,254.31,3374
2026-05-26 13:05:00,253.0,253.5,253.0,253.0,146,254.3,3374
2026-05-26 13:10:00,253.5,254.0,253.0,253.5,209,254.28,3374
2026-05-26 13:15:00,253.5,254.0,253.0,253.5,135,254.27,3374
2026-05-26 13:20:00,253.5,254.0,253.5,253.5,179,254.26,3374
2026-05-26 13:30:00,255.5,255.5,255.5,255.5,780,254.35,3374
2026-05-27 09:00:00,259.0,260.5,256.5,257.0,1035,258.56,3374
2026-05-27 09:05:00,257.0,258.5,256.0,258.5,407,258.04,3374
2026-05-27 09:10:00,258.5,259.0,257.0,258.0,255,258.03,3374
2026-05-27 09:15:00,257.5,262.5,257.5,259.0,865,258.8,3374
2026-05-27 09:20:00,259.0,259.0,256.0,256.5,469,258.55,3374
2026-05-27 09:25:00,255.5,256.0,253.0,254.5,567,257.93,3374
2026-05-27 09:30:00,254.5,254.5,252.0,252.5,412,257.43,3374
2026-05-27 09:35:00,252.5,253.0,251.0,251.5,406,256.9,3374
2026-05-27 09:40:00,251.5,253.0,251.5,252.5,176,256.73,3374
2026-05-27 09:45:00,252.5,252.5,251.0,251.5,135,256.58,3374
2026-05-27 09:50:00,251.5,252.0,251.5,252.0,88,256.5,3374
2026-05-27 09:55:00,251.5,252.0,250.0,250.5,347,256.11,3374
2026-05-27 10:00:00,250.0,252.0,250.0,252.0,127,255.99,3374
2026-05-27 10:05:00,251.5,252.0,251.0,251.5,44,255.95,3374
2026-05-27 10:10:00,251.5,253.0,251.5,253.0,151,255.86,3374
2026-05-27 10:15:00,253.0,253.0,252.5,253.0,95,255.8,3374
2026-05-27 10:20:00,252.5,252.5,252.0,252.0,69,255.76,3374
2026-05-27 10:25:00,252.0,253.0,252.0,253.0,54,255.73,3374
2026-05-27 10:30:00,253.0,253.5,253.0,253.5,46,255.71,3374
2026-05-27 10:35:00,253.0,253.5,252.0,252.0,108,255.66,3374
2026-05-27 10:40:00,252.0,252.5,252.0,252.0,26,255.64,3374
2026-05-27 10:45:00,252.0,253.5,252.0,253.5,49,255.62,3374
2026-05-27 10:50:00,253.5,253.5,252.5,252.5,37,255.6,3374
2026-05-27 10:55:00,252.5,254.0,252.5,253.0,135,255.55,3374
2026-05-27 11:00:00,253.0,253.5,252.0,252.0,93,255.51,3374
2026-05-27 11:05:00,252.0,255.5,252.0,255.5,261,255.46,3374
2026-05-27 11:10:00,255.5,258.5,255.0,258.0,529,255.59,3374
2026-05-27 11:15:00,258.0,258.5,256.5,256.5,195,255.63,3374
2026-05-27 11:20:00,256.5,257.5,256.0,256.0,169,255.66,3374
2026-05-27 11:25:00,256.5,256.5,255.0,255.0,132,255.66,3374
2026-05-27 11:30:00,255.5,256.5,255.5,256.5,98,255.66,3374
2026-05-27 11:35:00,256.5,256.5,255.5,256.0,74,255.66,3374
2026-05-27 11:40:00,255.5,256.0,254.5,254.5,88,255.66,3374
2026-05-27 11:45:00,254.5,254.5,253.5,254.0,51,255.65,3374
2026-05-27 11:50:00,254.0,254.0,253.0,253.5,68,255.63,3374
2026-05-27 11:55:00,253.0,253.5,252.5,253.0,78,255.6,3374
2026-05-27 12:00:00,253.0,253.5,253.0,253.5,21,255.6,3374
2026-05-27 12:05:00,253.5,253.5,253.0,253.0,76,255.57,3374
2026-05-27 12:10:00,253.0,253.0,252.5,252.5,76,255.54,3374
2026-05-27 12:15:00,252.5,252.5,251.5,251.5,252,255.44,3374
2026-05-27 12:20:00,251.5,251.5,250.0,250.5,207,255.32,3374
2026-05-27 12:25:00,250.5,250.5,248.5,248.5,639,254.92,3374
2026-05-27 12:30:00,248.5,250.0,248.0,250.0,146,254.82,3374
2026-05-27 12:35:00,250.0,251.0,250.0,250.5,102,254.77,3374
2026-05-27 12:40:00,250.5,250.5,249.5,250.0,101,254.72,3374
2026-05-27 12:45:00,250.0,250.0,249.5,249.5,50,254.7,3374
2026-05-27 12:50:00,249.5,251.0,249.5,251.0,157,254.63,3374
2026-05-27 12:55:00,251.0,252.0,251.0,251.0,61,254.61,3374
2026-05-27 13:00:00,251.0,251.5,250.0,250.0,95,254.57,3374
2026-05-27 13:05:00,250.0,250.5,249.5,250.5,146,254.5,3374
2026-05-27 13:10:00,250.5,251.0,250.0,250.5,111,254.46,3374
2026-05-27 13:15:00,250.5,251.5,250.5,250.5,168,254.4,3374
2026-05-27 13:20:00,250.5,251.5,250.5,251.0,257,254.32,3374
2026-05-27 13:30:00,250.5,250.5,250.5,250.5,446,254.16,3374
2026-05-28 09:00:00,259.5,271.0,259.5,267.5,3935,265.62,3374
2026-05-28 09:05:00,267.5,271.5,265.0,265.0,1789,266.43,3374
2026-05-28 09:10:00,265.5,268.5,265.0,265.5,822,266.44,3374
2026-05-28 09:15:00,265.5,270.0,265.0,269.5,923,266.61,3374
2026-05-28 09:20:00,269.5,272.0,269.0,270.0,1234,267.21,3374
2026-05-28 09:25:00,270.0,271.5,269.0,271.0,639,267.42,3374
2026-05-28 09:30:00,271.5,273.5,270.5,273.5,1187,267.91,3374
2026-05-28 09:35:00,273.5,275.5,273.0,275.5,4373,270.05,3374
2026-05-28 09:40:00,275.5,275.5,271.5,273.0,2451,270.71,3374
2026-05-28 09:45:00,272.5,274.0,270.5,271.0,745,270.77,3374
2026-05-28 09:50:00,271.0,272.5,269.0,270.0,628,270.75,3374
2026-05-28 09:55:00,269.0,272.0,267.5,268.0,602,270.71,3374
2026-05-28 10:00:00,267.5,270.5,267.0,270.5,479,270.65,3374
2026-05-28 10:05:00,270.5,271.5,270.0,270.0,221,270.64,3374
2026-05-28 10:10:00,270.5,270.5,268.0,268.5,151,270.63,3374
2026-05-28 10:15:00,268.5,268.5,266.5,266.5,333,270.58,3374
2026-05-28 10:20:00,266.5,269.0,266.5,267.5,218,270.55,3374
2026-05-28 10:25:00,267.5,267.5,265.0,265.0,472,270.45,3374
2026-05-28 10:30:00,265.0,268.5,264.5,268.5,594,270.33,3374
2026-05-28 10:35:00,268.5,270.0,267.5,270.0,343,270.3,3374
2026-05-28 10:40:00,270.0,271.0,269.5,271.0,292,270.3,3374
2026-05-28 10:45:00,271.0,272.5,270.5,272.0,370,270.32,3374
2026-05-28 10:50:00,272.0,273.0,272.0,272.5,197,270.34,3374
2026-05-28 10:55:00,272.0,272.0,269.0,269.0,141,270.34,3374
2026-05-28 11:00:00,269.0,270.0,269.0,269.5,52,270.34,3374
2026-05-28 11:05:00,269.5,270.0,268.5,269.0,156,270.33,3374
2026-05-28 11:10:00,269.0,269.5,267.5,267.5,91,270.33,3374
2026-05-28 11:15:00,267.5,268.0,266.0,266.0,172,270.3,3374
2026-05-28 11:20:00,266.5,267.0,263.0,263.0,592,270.16,3374
2026-05-28 11:25:00,263.0,263.5,258.5,258.5,1363,269.65,3374
2026-05-28 11:30:00,258.5,260.0,256.5,257.0,688,269.35,3374
2026-05-28 11:35:00,257.0,257.0,252.5,254.5,1155,268.73,3374
2026-05-28 11:40:00,254.0,257.0,253.5,255.0,750,268.37,3374
2026-05-28 11:45:00,255.0,259.5,255.0,258.0,813,268.07,3374
2026-05-28 11:50:00,258.5,258.5,256.5,257.0,318,267.96,3374
2026-05-28 11:55:00,257.5,258.0,256.0,256.0,247,267.86,3374
2026-05-28 12:00:00,255.5,256.5,254.5,255.0,322,267.73,3374
2026-05-28 12:05:00,255.0,258.0,253.5,257.5,329,267.59,3374
2026-05-28 12:10:00,258.0,258.0,254.0,254.0,229,267.5,3374
2026-05-28 12:15:00,254.0,255.0,253.0,254.0,307,267.36,3374
2026-05-28 12:20:00,254.0,254.5,253.5,254.5,64,267.33,3374
2026-05-28 12:25:00,254.5,256.0,254.0,256.0,131,267.28,3374
2026-05-28 12:30:00,255.5,256.5,255.0,255.0,149,267.23,3374
2026-05-28 12:35:00,255.0,255.0,253.0,253.0,363,267.07,3374
2026-05-28 12:40:00,253.0,253.5,252.0,253.0,321,266.92,3374
2026-05-28 12:45:00,252.5,253.0,251.5,252.0,418,266.73,3374
2026-05-28 12:50:00,252.0,252.5,251.5,252.0,105,266.68,3374
2026-05-28 12:55:00,252.0,252.0,249.5,250.0,1099,266.15,3374
2026-05-28 13:00:00,250.0,250.5,248.5,249.5,471,265.92,3374
2026-05-28 13:05:00,249.5,253.0,249.0,253.0,397,265.75,3374
2026-05-28 13:10:00,252.5,254.5,252.5,254.0,322,265.64,3374
2026-05-28 13:15:00,253.5,257.5,253.0,257.5,646,265.44,3374
2026-05-28 13:20:00,257.0,257.5,255.0,255.5,677,265.26,3374
2026-05-28 13:30:00,255.0,255.0,255.0,255.0,753,265.05,3374
2026-05-29 09:00:00,264.0,267.0,259.0,260.0,2582,263.23,3374
2026-05-29 09:05:00,259.5,261.0,258.0,258.5,809,262.24,3374
2026-05-29 09:10:00,258.5,261.0,257.5,259.0,634,261.78,3374
2026-05-29 09:15:00,259.5,262.5,259.0,261.0,764,261.67,3374
2026-05-29 09:20:00,261.0,262.0,259.5,260.0,296,261.6,3374
2026-05-29 09:25:00,260.0,260.5,258.5,260.5,246,261.5,3374
2026-05-29 09:30:00,260.5,261.0,260.5,260.5,219,261.47,3374
2026-05-29 09:35:00,260.0,260.0,258.5,258.5,167,261.41,3374
2026-05-29 09:40:00,259.0,261.5,259.0,261.5,169,261.37,3374
2026-05-29 09:45:00,261.5,263.0,259.5,260.5,523,261.39,3374
2026-05-29 09:50:00,259.5,262.0,258.5,262.0,612,261.3,3374
2026-05-29 09:55:00,262.0,266.5,262.0,266.0,1044,261.71,3374
2026-05-29 10:00:00,266.0,266.5,263.5,264.0,373,261.84,3374
2026-05-29 10:05:00,264.0,269.0,263.5,267.0,1121,262.43,3374
2026-05-29 10:10:00,267.0,268.5,265.0,265.0,509,262.68,3374
2026-05-29 10:15:00,265.0,265.5,262.5,263.0,303,262.72,3374
2026-05-29 10:20:00,263.0,263.0,260.5,262.0,309,262.7,3374
2026-05-29 10:25:00,262.0,264.5,262.0,262.5,267,262.71,3374
2026-05-29 10:30:00,262.5,263.0,262.0,262.5,77,262.71,3374
2026-05-29 10:35:00,262.5,263.0,262.0,263.0,91,262.71,3374
2026-05-29 10:40:00,262.5,263.5,261.5,261.5,146,262.71,3374
2026-05-29 10:45:00,261.5,263.0,261.5,262.0,75,262.7,3374
2026-05-29 10:50:00,262.5,262.5,261.5,261.5,137,262.69,3374
2026-05-29 10:55:00,261.5,262.0,261.5,261.5,41,262.69,3374
2026-05-29 11:00:00,261.5,261.5,260.5,261.0,227,262.66,3374
2026-05-29 11:05:00,260.5,260.5,259.0,259.5,571,262.53,3374
2026-05-29 11:10:00,259.5,260.0,259.0,260.0,183,262.49,3374
2026-05-29 11:15:00,260.0,260.0,259.5,260.0,139,262.46,3374
2026-05-29 11:20:00,260.0,260.5,260.0,260.5,83,262.44,3374
2026-05-29 11:25:00,260.5,260.5,258.5,259.5,303,262.37,3374
2026-05-29 11:30:00,259.5,260.0,259.0,259.5,74,262.35,3374
2026-05-29 11:35:00,260.0,260.5,259.5,259.5,102,262.34,3374
2026-05-29 11:40:00,260.0,260.0,259.5,260.0,44,262.33,3374
2026-05-29 11:45:00,260.0,260.5,259.5,260.0,84,262.31,3374
2026-05-29 11:50:00,260.0,260.0,259.0,259.5,109,262.29,3374
2026-05-29 11:55:00,260.0,260.5,260.0,260.0,65,262.28,3374
2026-05-29 12:00:00,260.0,260.5,259.5,259.5,77,262.27,3374
2026-05-29 12:05:00,259.5,261.0,259.0,261.0,196,262.23,3374
2026-05-29 12:10:00,261.0,261.5,260.0,261.0,195,262.22,3374
2026-05-29 12:15:00,261.0,261.0,260.0,260.5,76,262.21,3374
2026-05-29 12:20:00,260.5,261.5,260.5,261.0,74,262.2,3374
2026-05-29 12:25:00,261.0,261.5,260.0,260.0,109,262.19,3374
2026-05-29 12:30:00,260.5,260.5,260.0,260.0,138,262.17,3374
2026-05-29 12:35:00,260.0,260.5,259.5,260.0,130,262.15,3374
2026-05-29 12:40:00,260.0,260.5,259.0,259.5,171,262.12,3374
2026-05-29 12:45:00,259.0,259.5,259.0,259.0,74,262.11,3374
2026-05-29 12:50:00,259.5,259.5,258.5,259.0,216,262.06,3374
2026-05-29 12:55:00,259.0,259.0,258.5,258.5,75,262.05,3374
2026-05-29 13:00:00,258.5,258.5,257.5,258.0,530,261.91,3374
2026-05-29 13:05:00,258.0,259.0,257.5,257.5,310,261.83,3374
2026-05-29 13:10:00,258.0,259.0,257.5,259.0,364,261.75,3374
2026-05-29 13:15:00,259.0,259.0,257.5,258.0,294,261.69,3374
2026-05-29 13:20:00,258.0,258.5,257.5,258.0,331,261.61,3374
2026-05-29 13:30:00,259.0,259.0,259.0,259.0,951,261.47,3374
2026-06-01 09:00:00,262.0,265.0,256.5,264.0,1771,260.94,3374
2026-06-01 09:05:00,263.5,263.5,260.0,261.0,325,261.02,3374
2026-06-01 09:10:00,261.0,261.0,258.0,259.5,449,260.69,3374
2026-06-01 09:15:00,259.5,260.0,256.0,256.0,657,260.1,3374
2026-06-01 09:20:00,256.5,257.5,256.0,257.5,333,259.79,3374
2026-06-01 09:25:00,257.5,258.0,255.5,255.5,517,259.37,3374
2026-06-01 09:30:00,255.5,256.0,255.0,255.5,504,258.91,3374
2026-06-01 09:35:00,255.5,257.0,254.0,257.0,375,258.66,3374
2026-06-01 09:40:00,257.0,257.5,255.5,255.5,181,258.58,3374
2026-06-01 09:45:00,256.0,256.5,255.5,256.0,139,258.5,3374
2026-06-01 09:50:00,256.0,256.0,255.0,255.5,187,258.4,3374
2026-06-01 09:55:00,255.5,256.0,255.0,255.5,147,258.32,3374
2026-06-01 10:00:00,255.5,256.0,255.5,256.0,101,258.27,3374
2026-06-01 10:05:00,256.0,256.5,255.0,256.5,183,258.19,3374
2026-06-01 10:10:00,256.5,257.0,255.5,256.0,92,258.16,3374
2026-06-01 10:15:00,256.0,256.5,254.5,254.5,354,257.99,3374
2026-06-01 10:20:00,255.0,257.0,254.5,256.5,134,257.95,3374
2026-06-01 10:25:00,256.5,257.0,256.0,256.5,65,257.93,3374
2026-06-01 10:30:00,256.5,256.5,256.0,256.5,59,257.92,3374
2026-06-01 10:35:00,256.5,256.5,256.0,256.5,44,257.91,3374
2026-06-01 10:40:00,256.5,256.5,255.0,255.5,187,257.85,3374
2026-06-01 10:45:00,255.5,255.5,255.0,255.5,52,257.83,3374
2026-06-01 10:50:00,255.5,256.0,254.0,254.0,348,257.68,3374
2026-06-01 10:55:00,254.0,254.5,253.0,253.0,558,257.37,3374
2026-06-01 11:00:00,253.0,255.0,253.0,254.5,158,257.31,3374
2026-06-01 11:05:00,254.0,254.5,254.0,254.5,23,257.3,3374
2026-06-01 11:10:00,254.0,257.0,254.0,256.0,232,257.24,3374
2026-06-01 11:15:00,256.0,256.5,255.0,255.0,51,257.23,3374
2026-06-01 11:20:00,255.0,255.5,255.0,255.0,48,257.22,3374
2026-06-01 11:25:00,255.0,255.0,254.5,255.0,32,257.21,3374
2026-06-01 11:30:00,255.0,255.0,255.0,255.0,51,257.2,3374
2026-06-01 11:35:00,254.5,255.0,253.5,253.5,130,257.15,3374
2026-06-01 11:40:00,253.5,254.0,253.0,253.0,126,257.09,3374
2026-06-01 11:45:00,253.0,254.5,253.0,254.5,119,257.04,3374
2026-06-01 11:50:00,254.5,254.5,254.5,254.5,38,257.03,3374
2026-06-01 11:55:00,254.5,254.5,253.5,253.5,74,257.01,3374
2026-06-01 12:00:00,253.5,254.0,253.5,254.0,44,256.99,3374
2026-06-01 12:05:00,254.0,254.5,253.5,253.5,72,256.96,3374
2026-06-01 12:10:00,253.5,253.5,253.0,253.0,88,256.93,3374
2026-06-01 12:15:00,253.0,254.0,253.0,253.5,37,256.91,3374
2026-06-01 12:20:00,253.5,253.5,253.0,253.5,95,256.88,3374
2026-06-01 12:25:00,253.0,254.0,253.0,253.5,69,256.85,3374
2026-06-01 12:30:00,253.5,254.0,253.5,253.5,28,256.84,3374
2026-06-01 12:35:00,254.0,255.0,253.5,254.5,129,256.81,3374
2026-06-01 12:40:00,254.5,255.5,254.5,255.0,56,256.8,3374
2026-06-01 12:45:00,255.5,256.0,254.5,256.0,112,256.78,3374
2026-06-01 12:50:00,255.5,263.5,255.5,259.0,1884,257.18,3374
2026-06-01 12:55:00,259.5,259.5,257.5,258.5,1024,257.28,3374
2026-06-01 13:00:00,258.5,259.0,257.5,257.5,337,257.31,3374
2026-06-01 13:05:00,258.0,260.0,258.0,259.0,631,257.4,3374
2026-06-01 13:10:00,259.0,260.0,259.0,259.5,237,257.44,3374
2026-06-01 13:15:00,259.5,260.0,259.0,259.5,233,257.47,3374
2026-06-01 13:20:00,259.5,260.5,259.0,260.0,473,257.56,3374
2026-06-01 13:30:00,260.5,260.5,260.5,260.5,649,257.68,3374
2026-06-02 09:00:00,261.5,262.5,258.0,258.0,1440,260.59,3374
2026-06-02 09:05:00,258.5,261.0,257.5,259.5,552,260.2,3374
2026-06-02 09:10:00,260.0,261.5,259.0,260.0,338,260.26,3374
2026-06-02 09:15:00,259.5,259.5,256.0,257.5,532,259.79,3374
2026-06-02 09:20:00,257.5,257.5,255.5,256.0,402,259.34,3374
2026-06-02 09:25:00,256.0,256.0,253.0,255.5,742,258.41,3374
2026-06-02 09:30:00,255.0,257.0,254.5,257.0,175,258.31,3374
2026-06-02 09:35:00,257.0,257.0,255.0,255.0,130,258.25,3374
2026-06-02 09:40:00,255.5,255.5,253.5,253.5,417,257.89,3374
2026-06-02 09:45:00,253.5,254.0,252.5,253.5,559,257.38,3374
2026-06-02 09:50:00,254.0,255.0,254.0,254.5,179,257.28,3374
2026-06-02 09:55:00,254.0,255.0,253.5,253.5,97,257.23,3374
2026-06-02 10:00:00,254.0,255.0,253.5,254.0,104,257.17,3374
2026-06-02 10:05:00,254.5,255.0,254.0,254.5,37,257.15,3374
2026-06-02 10:10:00,254.5,255.5,254.0,254.0,94,257.11,3374
2026-06-02 10:15:00,254.0,254.5,254.0,254.5,27,257.1,3374
2026-06-02 10:20:00,254.5,255.0,253.5,254.0,128,257.04,3374
2026-06-02 10:25:00,254.5,254.5,253.5,254.0,56,257.01,3374
2026-06-02 10:30:00,253.5,255.0,253.5,255.0,77,256.98,3374
2026-06-02 10:35:00,255.0,255.0,254.0,254.5,53,256.96,3374
2026-06-02 10:40:00,254.5,255.0,254.0,254.0,61,256.93,3374
2026-06-02 10:45:00,254.5,254.5,253.5,254.0,126,256.87,3374
2026-06-02 10:50:00,253.5,254.0,253.0,253.5,182,256.77,3374
2026-06-02 10:55:00,253.5,253.5,253.0,253.0,71,256.74,3374
2026-06-02 11:00:00,253.0,253.5,252.5,253.0,245,256.6,3374
2026-06-02 11:05:00,253.0,253.0,252.0,252.5,268,256.44,3374
2026-06-02 11:10:00,252.0,253.0,252.0,252.0,116,256.38,3374
2026-06-02 11:15:00,252.5,252.5,250.0,250.0,574,255.97,3374
2026-06-02 11:20:00,250.0,250.0,248.0,248.0,612,255.48,3374
2026-06-02 11:25:00,248.0,248.5,246.5,247.5,290,255.2,3374
2026-06-02 11:30:00,248.0,250.0,248.0,249.0,178,255.09,3374
2026-06-02 11:35:00,249.0,251.0,249.0,251.0,77,255.04,3374
2026-06-02 11:40:00,251.0,251.0,250.0,250.5,65,255.01,3374
2026-06-02 11:45:00,250.5,251.0,250.5,251.0,38,254.99,3374
2026-06-02 11:50:00,251.0,252.0,251.0,251.5,72,254.97,3374
2026-06-02 11:55:00,251.5,251.5,250.0,250.5,77,254.93,3374
2026-06-02 12:00:00,250.5,251.0,250.0,251.0,66,254.9,3374
2026-06-02 12:05:00,251.0,251.5,250.5,250.5,76,254.86,3374
2026-06-02 12:10:00,250.5,251.0,250.5,251.0,19,254.86,3374
2026-06-02 12:15:00,251.0,251.0,250.5,250.5,23,254.85,3374
2026-06-02 12:20:00,251.0,251.5,250.0,251.5,124,254.79,3374
2026-06-02 12:25:00,251.5,252.5,251.5,252.5,82,254.77,3374
2026-06-02 12:30:00,252.5,252.5,252.0,252.5,49,254.76,3374
2026-06-02 12:35:00,252.0,252.5,251.5,252.5,61,254.74,3374
2026-06-02 12:40:00,252.0,252.5,252.0,252.0,63,254.72,3374
2026-06-02 12:45:00,252.0,253.0,252.0,252.5,107,254.7,3374
2026-06-02 12:50:00,252.5,253.0,252.5,253.0,49,254.69,3374
2026-06-02 12:55:00,252.5,254.0,252.5,253.5,142,254.67,3374
2026-06-02 13:00:00,253.5,254.0,253.0,254.0,94,254.66,3374
2026-06-02 13:05:00,253.5,254.0,253.5,253.5,127,254.64,3374
2026-06-02 13:10:00,253.5,254.5,253.5,254.0,211,254.63,3374
2026-06-02 13:15:00,253.5,254.0,253.0,253.0,124,254.62,3374
2026-06-02 13:20:00,253.5,254.5,253.5,254.0,356,254.59,3374
2026-06-02 13:30:00,254.5,254.5,254.5,254.5,564,254.59,3374
2026-06-03 09:00:00,259.5,276.0,259.0,276.0,4559,267.83,3374
2026-06-03 09:05:00,274.5,279.0,271.0,274.0,3332,271.07,3374
2026-06-03 09:10:00,274.5,277.0,271.0,276.5,1525,271.57,3374
2026-06-03 09:15:00,276.5,279.5,274.5,278.5,6949,274.76,3374
2026-06-03 09:20:00,278.5,279.5,276.0,276.5,904,274.93,3374
2026-06-03 09:25:00,277.0,278.0,275.0,277.5,649,274.97,3374
2026-06-03 09:30:00,277.0,278.5,275.0,278.0,530,275.02,3374
2026-06-03 09:35:00,278.0,278.5,274.5,276.5,351,275.04,3374
2026-06-03 09:40:00,276.5,277.0,273.0,274.0,714,275.03,3374
2026-06-03 09:45:00,274.0,274.5,271.0,272.0,944,274.93,3374
2026-06-03 09:50:00,272.0,274.0,271.0,271.5,436,274.88,3374
2026-06-03 09:55:00,271.5,274.0,270.5,273.5,396,274.82,3374
2026-06-03 10:00:00,273.5,273.5,270.5,272.0,340,274.78,3374
2026-06-03 10:05:00,272.0,274.5,272.0,272.5,224,274.77,3374
2026-06-03 10:10:00,272.5,273.5,271.5,273.0,222,274.75,3374
2026-06-03 10:15:00,272.0,273.5,271.5,273.5,149,274.73,3374
2026-06-03 10:20:00,273.5,273.5,271.5,272.0,71,274.72,3374
2026-06-03 10:25:00,272.0,272.5,269.5,270.0,666,274.61,3374
2026-06-03 10:30:00,270.0,272.0,270.0,270.5,130,274.59,3374
2026-06-03 10:35:00,270.5,272.0,270.5,272.0,140,274.57,3374
2026-06-03 10:40:00,272.0,272.5,271.5,272.0,86,274.56,3374
2026-06-03 10:45:00,271.5,272.0,271.0,272.0,78,274.55,3374
2026-06-03 10:50:00,272.0,273.0,271.5,271.5,188,274.53,3374
2026-06-03 10:55:00,271.5,271.5,265.5,267.5,1107,274.24,3374
2026-06-03 11:00:00,267.0,269.0,265.0,269.0,334,274.14,3374
2026-06-03 11:05:00,269.0,269.5,266.5,268.0,326,274.06,3374
2026-06-03 11:10:00,268.0,268.0,267.0,267.0,122,274.03,3374
2026-06-03 11:15:00,267.0,267.5,266.5,266.5,128,273.99,3374
2026-06-03 11:20:00,266.5,270.5,266.5,270.5,298,273.93,3374
2026-06-03 11:25:00,271.0,271.5,270.5,270.5,112,273.92,3374
2026-06-03 11:30:00,270.5,270.5,270.0,270.0,50,273.91,3374
2026-06-03 11:35:00,270.0,271.0,270.0,270.5,70,273.9,3374
2026-06-03 11:40:00,270.5,271.0,269.0,269.0,85,273.89,3374
2026-06-03 11:45:00,269.0,269.0,268.5,268.5,77,273.87,3374
2026-06-03 11:50:00,268.5,269.0,267.5,269.0,114,273.85,3374
2026-06-03 11:55:00,269.0,271.5,269.0,271.0,103,273.84,3374
2026-06-03 12:00:00,271.0,272.0,270.5,272.0,130,273.82,3374
2026-06-03 12:05:00,272.0,272.0,270.5,271.5,309,273.79,3374
2026-06-03 12:10:00,271.5,272.0,270.5,271.5,195,273.77,3374
2026-06-03 12:15:00,271.5,272.0,271.0,272.0,133,273.76,3374
2026-06-03 12:20:00,272.0,272.5,271.5,272.0,127,273.76,3374
2026-06-03 12:25:00,271.5,274.0,271.5,274.0,349,273.75,3374
2026-06-03 12:30:00,274.0,274.5,273.5,274.0,229,273.75,3374
2026-06-03 12:35:00,274.0,274.5,272.5,274.0,245,273.75,3374
2026-06-03 12:40:00,274.0,277.5,274.0,277.5,800,273.81,3374
2026-06-03 12:45:00,277.5,279.0,277.5,278.0,672,273.91,3374
2026-06-03 12:50:00,278.5,279.5,278.0,278.0,925,274.06,3374
2026-06-03 12:55:00,278.0,278.0,276.5,276.5,219,274.08,3374
2026-06-03 13:00:00,276.5,276.5,275.0,275.5,206,274.09,3374
2026-06-03 13:05:00,275.5,276.0,275.0,275.0,162,274.09,3374
2026-06-03 13:10:00,275.0,276.0,275.0,276.0,143,274.1,3374
2026-06-03 13:15:00,275.5,276.5,275.5,276.0,203,274.12,3374
2026-06-03 13:20:00,276.0,276.5,275.5,276.0,342,274.14,3374
2026-06-03 13:30:00,275.5,275.5,275.5,275.5,615,274.16,3374
2026-06-04 09:00:00,270.0,270.0,263.0,264.0,1795,266.85,3374
2026-06-04 09:05:00,264.5,266.5,263.0,264.5,923,266.24,3374
2026-06-04 09:10:00,264.5,267.0,264.0,265.5,481,266.16,3374
2026-06-04 09:15:00,265.5,267.5,265.0,265.5,311,266.16,3374
2026-06-04 09:20:00,265.5,265.5,262.0,262.5,1022,265.54,3374
2026-06-04 09:25:00,262.5,262.5,259.0,260.0,1096,264.59,3374
2026-06-04 09:30:00,260.5,261.0,259.0,260.0,518,264.22,3374
2026-06-04 09:35:00,260.0,260.5,257.5,258.0,912,263.53,3374
2026-06-04 09:40:00,257.5,259.0,256.5,256.5,596,263.07,3374
2026-06-04 09:45:00,256.5,256.5,250.0,255.0,1822,261.25,3374
2026-06-04 09:50:00,255.0,255.0,251.0,253.5,1065,260.36,3374
2026-06-04 09:55:00,253.5,254.0,253.0,254.0,241,260.2,3374
2026-06-04 10:00:00,254.0,254.5,253.0,253.0,262,260.05,3374
2026-06-04 10:05:00,253.0,255.5,252.5,254.5,343,259.85,3374
2026-06-04 10:10:00,254.0,255.0,253.0,253.0,219,259.74,3374
2026-06-04 10:15:00,253.0,253.0,252.0,253.0,225,259.6,3374
2026-06-04 10:20:00,253.0,254.5,253.0,253.5,164,259.52,3374
2026-06-04 10:25:00,254.0,255.5,254.0,255.0,195,259.45,3374
2026-06-04 10:30:00,255.0,255.0,254.0,254.5,79,259.41,3374
2026-06-04 10:35:00,254.0,254.0,253.0,253.5,237,259.3,3374
2026-06-04 10:40:00,253.5,254.5,253.5,254.0,63,259.27,3374
2026-06-04 10:45:00,254.0,255.0,253.5,255.0,169,259.21,3374
2026-06-04 10:50:00,255.0,255.0,254.0,255.0,65,259.19,3374
2026-06-04 10:55:00,255.0,255.0,254.0,254.5,38,259.17,3374
2026-06-04 11:00:00,254.5,255.5,254.5,255.0,72,259.15,3374
2026-06-04 11:05:00,255.0,256.5,254.5,256.0,114,259.12,3374
2026-06-04 11:10:00,256.0,256.0,254.0,255.0,206,259.06,3374
2026-06-04 11:15:00,254.5,255.0,254.5,255.0,73,259.04,3374
2026-06-04 11:20:00,255.0,255.0,254.5,254.5,90,259.01,3374
2026-06-04 11:25:00,254.5,255.0,254.0,254.5,57,258.99,3374
2026-06-04 11:30:00,254.5,255.0,254.0,255.0,135,258.95,3374
2026-06-04 11:35:00,255.5,256.0,255.5,255.5,115,258.92,3374
2026-06-04 11:40:00,255.5,258.0,255.5,257.5,288,258.88,3374
2026-06-04 11:45:00,257.5,257.5,256.0,256.5,146,258.86,3374
2026-06-04 11:50:00,257.0,257.0,256.0,256.5,138,258.84,3374
2026-06-04 11:55:00,256.0,257.0,256.0,256.5,87,258.82,3374
2026-06-04 12:00:00,256.5,256.5,256.0,256.0,99,258.8,3374
2026-06-04 12:05:00,256.0,256.0,255.5,255.5,77,258.79,3374
2026-06-04 12:10:00,256.0,256.0,255.0,255.5,123,258.76,3374
2026-06-04 12:15:00,255.5,256.0,255.5,256.0,12,258.76,3374
2026-06-04 12:20:00,256.0,257.5,256.0,257.0,141,258.74,3374
2026-06-04 12:25:00,257.5,258.0,257.0,258.0,90,258.73,3374
2026-06-04 12:30:00,257.5,258.0,257.5,257.5,64,258.73,3374
2026-06-04 12:35:00,258.0,258.0,256.0,256.0,182,258.71,3374
2026-06-04 12:40:00,256.0,256.5,255.5,256.0,99,258.69,3374
2026-06-04 12:45:00,256.0,256.5,256.0,256.5,45,258.68,3374
2026-06-04 12:50:00,256.5,256.5,256.0,256.5,31,258.68,3374
2026-06-04 12:55:00,256.5,256.5,256.0,256.5,82,258.66,3374
2026-06-04 13:00:00,256.5,257.0,256.0,256.5,150,258.64,3374
2026-06-04 13:05:00,256.5,256.5,255.0,255.0,342,258.58,3374
2026-06-04 13:10:00,255.0,255.5,254.0,254.0,501,258.46,3374
2026-06-04 13:15:00,254.5,254.5,254.0,254.0,322,258.38,3374
2026-06-04 13:20:00,254.0,254.5,253.5,254.0,266,258.31,3374
2026-06-04 13:30:00,254.0,254.0,254.0,254.0,541,258.18,3374
2026-06-05 09:00:00,248.0,250.5,247.0,250.0,854,248.74,3374
2026-06-05 09:05:00,250.0,250.0,242.5,242.5,1297,247.03,3374
2026-06-05 09:10:00,242.5,242.5,238.0,238.5,1100,244.83,3374
2026-06-05 09:15:00,238.5,241.5,237.0,240.5,633,243.9,3374
2026-06-05 09:20:00,240.5,240.5,235.5,236.0,951,242.55,3374
2026-06-05 09:25:00,235.5,239.0,234.0,238.5,661,241.75,3374
2026-06-05 09:30:00,239.0,242.5,239.0,242.0,352,241.69,3374
2026-06-05 09:35:00,242.0,243.0,240.5,241.0,215,241.7,3374
2026-06-05 09:40:00,240.5,243.0,240.0,243.0,153,241.69,3374
2026-06-05 09:45:00,243.0,246.0,242.5,245.5,459,241.91,3374
2026-06-05 09:50:00,245.5,247.5,244.5,246.0,259,242.08,3374
2026-06-05 09:55:00,246.5,247.0,245.5,247.0,94,242.13,3374
2026-06-05 10:00:00,247.0,247.5,245.5,247.0,108,242.19,3374
2026-06-05 10:05:00,247.0,247.0,245.5,245.5,75,242.24,3374
2026-06-05 10:10:00,245.5,247.5,245.5,246.5,142,242.32,3374
2026-06-05 10:15:00,246.5,247.0,246.5,246.5,100,242.38,3374
2026-06-05 10:20:00,246.5,247.0,246.0,246.5,56,242.41,3374
2026-06-05 10:25:00,246.5,248.0,246.5,247.5,122,242.49,3374
2026-06-05 10:30:00,247.0,247.0,246.0,246.0,126,242.55,3374
2026-06-05 10:35:00,246.5,246.5,244.0,244.5,219,242.63,3374
2026-06-05 10:40:00,244.5,245.0,244.5,245.0,75,242.65,3374
2026-06-05 10:45:00,245.0,245.5,245.0,245.0,30,242.66,3374
2026-06-05 10:50:00,245.0,245.5,244.5,245.0,29,242.67,3374
2026-06-05 10:55:00,245.0,246.5,244.5,246.5,60,242.69,3374
2026-06-05 11:00:00,246.5,246.5,246.0,246.0,45,242.71,3374
2026-06-05 11:05:00,246.0,248.0,246.0,247.5,100,242.76,3374
2026-06-05 11:10:00,248.0,249.5,247.5,249.0,206,242.9,3374
2026-06-05 11:15:00,249.0,249.0,248.5,248.5,101,242.97,3374
2026-06-05 11:20:00,248.5,248.5,247.5,247.5,60,243.01,3374
2026-06-05 11:25:00,247.5,247.5,246.0,247.0,56,243.03,3374
2026-06-05 11:30:00,246.5,247.5,246.0,246.5,81,243.07,3374
2026-06-05 11:35:00,246.0,246.0,245.5,245.5,69,243.09,3374
2026-06-05 11:40:00,245.0,246.0,245.0,245.5,41,243.1,3374
2026-06-05 11:45:00,246.0,246.0,245.0,245.0,23,243.11,3374
2026-06-05 11:50:00,245.0,245.0,243.5,243.5,129,243.12,3374
2026-06-05 11:55:00,243.5,245.0,243.5,244.5,86,243.13,3374
2026-06-05 12:00:00,244.5,245.0,244.0,244.5,38,243.14,3374
2026-06-05 12:05:00,244.0,244.5,243.0,243.5,89,243.15,3374
2026-06-05 12:10:00,243.0,244.0,243.0,243.5,71,243.15,3374
2026-06-05 12:15:00,244.0,244.5,244.0,244.0,18,243.15,3374
2026-06-05 12:20:00,244.5,244.5,244.0,244.0,29,243.15,3374
2026-06-05 12:25:00,244.0,244.5,244.0,244.0,16,243.16,3374
2026-06-05 12:30:00,244.0,244.0,243.0,243.0,75,243.16,3374
2026-06-05 12:35:00,243.0,245.0,243.0,245.0,85,243.17,3374
2026-06-05 12:40:00,245.0,246.0,245.0,245.5,51,243.18,3374
2026-06-05 12:45:00,245.0,246.5,245.0,246.5,52,243.19,3374
2026-06-05 12:50:00,246.5,247.0,246.0,246.0,42,243.21,3374
2026-06-05 12:55:00,245.5,246.0,245.5,245.5,51,243.22,3374
2026-06-05 13:00:00,245.5,246.0,245.5,245.5,68,243.24,3374
2026-06-05 13:05:00,245.5,246.0,245.5,245.5,55,243.25,3374
2026-06-05 13:10:00,245.5,246.0,245.5,245.5,100,243.27,3374
2026-06-05 13:15:00,245.5,246.5,245.0,246.5,144,243.31,3374
2026-06-05 13:20:00,246.5,247.0,246.0,246.5,165,243.36,3374
2026-06-05 13:30:00,246.5,246.5,246.5,246.5,417,243.49,3374
2026-06-08 09:00:00,222.0,226.0,222.0,223.0,1386,222.48,3374
2026-06-08 09:05:00,223.5,224.0,222.5,224.0,299,222.63,3374
2026-06-08 09:10:00,224.0,224.0,222.5,223.5,359,222.73,3374
2026-06-08 09:15:00,223.5,223.5,222.0,222.0,279,222.69,3374
2026-06-08 09:20:00,222.0,223.0,222.0,222.5,178,222.67,3374
2026-06-08 09:25:00,222.5,222.5,222.0,222.0,949,222.49,3374
2026-06-08 09:30:00,222.0,222.5,222.0,222.0,109,222.48,3374
2026-06-08 09:35:00,222.0,222.5,222.0,222.0,98,222.47,3374
2026-06-08 09:40:00,222.0,222.5,222.0,222.5,47,222.47,3374
2026-06-08 09:45:00,223.0,223.0,222.0,222.0,158,222.45,3374
2026-06-08 09:50:00,222.0,223.0,222.0,222.5,83,222.45,3374
2026-06-08 09:55:00,222.5,223.0,222.5,223.0,44,222.45,3374
2026-06-08 10:00:00,223.0,224.0,222.5,223.5,84,222.47,3374
2026-06-08 10:05:00,224.0,224.5,223.5,223.5,93,222.5,3374
2026-06-08 10:10:00,223.5,224.5,223.0,224.5,107,222.54,3374
2026-06-08 10:15:00,224.5,224.5,224.0,224.0,69,222.57,3374
2026-06-08 10:20:00,224.0,224.0,223.5,223.5,65,222.59,3374
2026-06-08 10:25:00,224.0,225.0,223.5,224.5,102,222.63,3374
2026-06-08 10:30:00,224.5,224.5,223.0,224.5,120,222.65,3374
2026-06-08 10:35:00,224.0,224.5,224.0,224.5,19,222.66,3374
2026-06-08 10:40:00,224.0,224.0,223.5,224.0,46,222.67,3374
2026-06-08 10:45:00,224.0,225.5,223.5,225.5,121,222.72,3374
2026-06-08 10:50:00,225.0,226.5,225.0,225.5,147,222.81,3374
2026-06-08 10:55:00,225.5,225.5,225.0,225.5,22,222.82,3374
2026-06-08 11:00:00,225.5,226.5,225.5,225.5,96,222.88,3374
2026-06-08 11:05:00,225.5,226.0,225.5,226.0,50,222.9,3374
2026-06-08 11:10:00,226.0,226.5,225.0,225.0,70,222.94,3374
2026-06-08 11:15:00,225.5,226.0,224.5,224.5,116,222.99,3374
2026-06-08 11:20:00,224.5,227.0,224.5,227.0,116,223.05,3374
2026-06-08 11:25:00,227.0,228.0,226.5,228.0,103,223.14,3374
2026-06-08 11:30:00,228.0,228.5,228.0,228.0,61,223.19,3374
2026-06-08 11:35:00,228.0,229.5,228.0,229.0,90,223.27,3374
2026-06-08 11:40:00,229.5,229.5,228.5,228.5,68,223.34,3374
2026-06-08 11:45:00,228.5,229.0,228.5,229.0,54,223.39,3374
2026-06-08 11:50:00,229.0,229.0,228.0,228.0,39,223.43,3374
2026-06-08 11:55:00,228.0,228.5,228.0,228.5,36,223.46,3374
2026-06-08 12:00:00,228.5,229.0,228.0,228.5,52,223.5,3374
2026-06-08 12:05:00,228.5,228.5,226.5,227.5,105,223.57,3374
2026-06-08 12:10:00,227.5,229.0,227.5,228.5,68,223.62,3374
2026-06-08 12:15:00,228.5,230.5,228.5,229.0,145,223.76,3374
2026-06-08 12:20:00,229.0,229.5,228.5,229.0,42,223.79,3374
2026-06-08 12:25:00,229.0,229.0,228.0,228.0,53,223.83,3374
2026-06-08 12:30:00,228.5,229.5,228.0,228.5,56,223.88,3374
2026-06-08 12:35:00,228.0,229.5,228.0,229.5,68,223.93,3374
2026-06-08 12:40:00,229.5,229.5,228.0,228.5,56,223.98,3374
2026-06-08 12:45:00,228.5,229.5,228.0,229.0,75,224.03,3374
2026-06-08 12:50:00,229.5,231.5,229.5,231.5,225,224.26,3374
2026-06-08 12:55:00,231.0,233.0,230.5,232.5,89,224.36,3374
2026-06-08 13:00:00,232.5,233.0,232.0,233.0,61,224.43,3374
2026-06-08 13:05:00,233.0,233.5,232.0,232.5,60,224.5,3374
2026-06-08 13:10:00,233.0,233.5,232.0,232.5,82,224.59,3374
2026-06-08 13:15:00,232.5,235.5,232.5,235.5,196,224.86,3374
2026-06-08 13:20:00,235.5,235.5,234.0,234.0,155,225.06,3374
2026-06-08 13:30:00,233.0,233.0,233.0,233.0,112,225.17,3374
2026-06-09 09:00:00,234.5,234.5,231.0,231.0,974,233.09,3374
2026-06-09 09:05:00,231.5,234.5,231.0,234.5,202,233.14,3374
2026-06-09 09:10:00,234.5,234.5,233.0,234.5,122,233.22,3374
2026-06-09 09:15:00,234.0,234.0,229.0,230.0,452,232.73,3374
2026-06-09 09:20:00,230.0,232.5,230.0,232.5,113,232.68,3374
2026-06-09 09:25:00,232.5,236.0,232.5,234.5,313,232.94,3374
2026-06-09 09:30:00,235.0,235.0,234.0,234.0,49,232.97,3374
2026-06-09 09:35:00,233.5,235.0,233.5,234.0,43,232.99,3374
2026-06-09 09:40:00,234.5,235.0,234.0,234.5,35,233.02,3374
2026-06-09 09:45:00,234.0,235.0,234.0,234.5,75,233.06,3374
2026-06-09 09:50:00,234.0,234.5,233.0,233.5,56,233.07,3374
2026-06-09 09:55:00,233.5,234.0,233.5,233.5,9,233.08,3374
2026-06-09 10:00:00,234.0,235.0,233.5,234.5,75,233.11,3374
2026-06-09 10:05:00,234.5,235.5,234.5,235.0,77,233.17,3374
2026-06-09 10:10:00,235.0,235.5,235.0,235.5,57,233.21,3374
2026-06-09 10:15:00,235.0,236.0,235.0,235.5,40,233.25,3374
2026-06-09 10:20:00,235.5,235.5,234.5,234.5,77,233.3,3374
2026-06-09 10:25:00,234.5,236.5,234.5,236.5,128,233.41,3374
2026-06-09 10:30:00,236.5,236.5,236.0,236.0,51,233.46,3374
2026-06-09 10:35:00,236.0,236.5,235.0,235.5,109,233.54,3374
2026-06-09 10:40:00,235.5,236.0,235.0,235.5,29,233.55,3374
2026-06-09 10:45:00,235.5,236.0,235.5,235.5,25,233.57,3374
2026-06-09 10:50:00,236.0,236.0,235.0,235.0,41,233.6,3374
2026-06-09 10:55:00,235.0,242.0,235.0,240.0,450,234.3,3374
2026-06-09 11:00:00,239.5,240.5,239.5,240.0,87,234.43,3374
2026-06-09 11:05:00,240.0,240.0,239.0,239.5,80,234.54,3374
2026-06-09 11:10:00,239.5,240.5,239.0,240.5,84,234.66,3374
2026-06-09 11:15:00,240.5,240.5,240.0,240.0,16,234.68,3374
2026-06-09 11:20:00,240.0,240.0,239.5,239.5,28,234.72,3374
2026-06-09 11:25:00,239.5,241.0,239.5,240.0,110,234.89,3374
2026-06-09 11:30:00,240.0,240.5,239.0,239.0,24,234.91,3374
2026-06-09 11:35:00,239.0,239.5,239.0,239.5,53,234.97,3374
2026-06-09 11:40:00,239.5,240.0,239.5,239.5,11,234.98,3374
2026-06-09 11:45:00,239.0,240.0,239.0,240.0,20,235.01,3374
2026-06-09 11:50:00,239.5,239.5,239.0,239.0,33,235.04,3374
2026-06-09 11:55:00,238.5,239.5,238.5,239.0,45,235.08,3374
2026-06-09 12:00:00,239.0,239.0,239.0,239.0,13,235.09,3374
2026-06-09 12:05:00,239.0,239.5,239.0,239.5,8,235.1,3374
2026-06-09 12:10:00,239.5,239.5,238.5,238.5,42,235.14,3374
2026-06-09 12:15:00,238.5,239.0,238.5,239.0,15,235.15,3374
2026-06-09 12:20:00,239.0,239.5,239.0,239.0,20,235.17,3374
2026-06-09 12:25:00,239.0,239.0,238.5,239.0,15,235.18,3374
2026-06-09 12:30:00,239.0,239.5,239.0,239.5,28,235.2,3374
2026-06-09 12:35:00,239.5,239.5,239.5,239.5,35,235.24,3374
2026-06-09 12:40:00,239.5,239.5,239.0,239.0,30,235.27,3374
2026-06-09 12:45:00,238.5,238.5,238.0,238.5,30,235.29,3374
2026-06-09 12:50:00,238.5,238.5,238.0,238.0,30,235.31,3374
2026-06-09 12:55:00,238.0,239.5,238.0,239.5,93,235.38,3374
2026-06-09 13:00:00,239.5,240.0,239.5,239.5,34,235.41,3374
2026-06-09 13:05:00,240.0,241.0,240.0,240.5,206,235.62,3374
2026-06-09 13:10:00,241.0,241.0,240.0,240.5,78,235.7,3374
2026-06-09 13:15:00,240.5,241.0,240.0,240.0,125,235.83,3374
2026-06-09 13:20:00,240.0,240.5,240.0,240.5,56,235.88,3374
2026-06-09 13:30:00,241.0,241.0,241.0,241.0,242,236.11,3374
2026-06-10 09:00:00,236.0,238.5,235.5,237.5,302,236.55,3374
2026-06-10 09:05:00,237.0,237.5,236.0,236.5,168,236.52,3374
2026-06-10 09:10:00,236.0,239.0,235.0,239.0,282,236.54,3374
2026-06-10 09:15:00,239.0,240.0,239.0,240.0,131,236.98,3374
2026-06-10 09:20:00,240.0,240.0,238.5,238.5,101,237.2,3374
2026-06-10 09:25:00,238.5,239.0,237.0,238.5,120,237.29,3374
2026-06-10 09:30:00,238.0,238.5,236.5,238.5,84,237.28,3374
2026-06-10 09:35:00,238.0,238.0,237.0,237.0,57,237.28,3374
2026-06-10 09:40:00,237.5,237.5,235.0,235.0,134,237.16,3374
2026-06-10 09:45:00,235.0,236.0,234.0,235.5,191,236.87,3374
2026-06-10 09:50:00,235.5,235.5,234.0,235.0,81,236.75,3374
2026-06-10 09:55:00,235.0,235.0,234.0,234.5,53,236.69,3374
2026-06-10 10:00:00,235.0,235.0,233.5,233.5,79,236.57,3374
2026-06-10 10:05:00,233.5,233.5,232.5,233.0,130,236.34,3374
2026-06-10 10:10:00,232.5,234.0,232.0,233.0,88,236.18,3374
2026-06-10 10:15:00,233.5,234.5,233.5,234.5,24,236.15,3374
2026-06-10 10:20:00,234.5,234.5,233.5,234.0,48,236.11,3374
2026-06-10 10:25:00,233.5,233.5,233.0,233.5,47,236.04,3374
2026-06-10 10:30:00,233.5,234.0,233.5,233.5,27,236.02,3374
2026-06-10 10:35:00,234.0,234.5,233.5,234.0,32,235.99,3374
2026-06-10 10:40:00,233.5,234.0,233.5,234.0,16,235.97,3374
2026-06-10 10:45:00,234.0,234.0,233.5,233.5,9,235.96,3374
2026-06-10 10:50:00,233.5,233.5,232.0,232.0,157,235.73,3374
2026-06-10 10:55:00,232.0,233.0,232.0,232.5,21,235.7,3374
2026-06-10 11:00:00,232.5,232.5,232.0,232.5,39,235.65,3374
2026-06-10 11:05:00,232.0,232.5,232.0,232.5,92,235.53,3374
2026-06-10 11:10:00,232.5,233.0,232.5,232.5,23,235.5,3374
2026-06-10 11:15:00,232.5,233.5,232.5,233.5,26,235.48,3374
2026-06-10 11:20:00,233.5,233.5,233.5,233.5,15,235.47,3374
2026-06-10 11:25:00,233.0,233.0,232.5,232.5,23,235.44,3374
2026-06-10 11:30:00,233.0,233.0,232.0,232.0,45,235.39,3374
2026-06-10 11:35:00,232.0,232.5,232.0,232.0,61,235.32,3374
2026-06-10 11:40:00,232.0,232.5,232.0,232.0,14,235.3,3374
2026-06-10 11:45:00,232.0,232.5,232.0,232.0,17,235.28,3374
2026-06-10 11:50:00,232.0,232.0,231.5,232.0,40,235.23,3374
2026-06-10 11:55:00,232.0,232.5,231.5,232.5,41,235.18,3374
2026-06-10 12:00:00,232.0,232.5,231.5,231.5,16,235.16,3374
2026-06-10 12:05:00,231.5,231.5,230.0,231.0,130,234.97,3374
2026-06-10 12:10:00,230.5,231.0,229.5,229.5,220,234.63,3374
2026-06-10 12:15:00,229.5,230.5,229.5,230.0,119,234.46,3374
2026-06-10 12:20:00,230.0,230.5,230.0,230.0,39,234.41,3374
2026-06-10 12:25:00,230.0,230.5,230.0,230.0,35,234.36,3374
2026-06-10 12:30:00,230.0,230.0,228.5,229.0,171,234.11,3374
2026-06-10 12:35:00,229.0,229.0,228.0,228.5,92,233.97,3374
2026-06-10 12:40:00,228.5,229.0,226.5,227.0,170,233.69,3374
2026-06-10 12:45:00,227.5,228.5,226.5,228.0,133,233.49,3374
2026-06-10 12:50:00,228.0,228.5,227.5,228.0,55,233.42,3374
2026-06-10 12:55:00,227.5,228.5,227.0,228.0,101,233.27,3374
2026-06-10 13:00:00,227.5,228.0,227.0,227.5,59,233.19,3374
2026-06-10 13:05:00,227.5,229.0,227.5,228.0,163,233.01,3374
2026-06-10 13:10:00,228.0,228.0,227.0,227.0,137,232.83,3374
2026-06-10 13:15:00,227.0,227.0,225.0,225.0,242,232.48,3374
2026-06-10 13:20:00,225.5,226.0,224.5,224.5,253,232.1,3374
2026-06-10 13:30:00,224.5,224.5,224.5,224.5,257,231.73,3374
2026-06-11 09:00:00,222.0,224.5,221.0,222.5,730,222.83,3374
2026-06-11 09:05:00,222.5,223.0,220.0,222.0,380,222.29,3374
2026-06-11 09:10:00,222.5,225.5,222.0,225.5,168,222.49,3374
2026-06-11 09:15:00,225.5,226.0,224.0,224.5,217,222.89,3374
2026-06-11 09:20:00,224.5,225.5,223.5,225.5,136,223.01,3374
2026-06-11 09:25:00,225.0,225.5,224.0,225.5,54,223.07,3374
2026-06-11 09:30:00,225.5,226.0,223.5,223.5,133,223.2,3374
2026-06-11 09:35:00,223.5,224.5,222.5,224.5,110,223.2,3374
2026-06-11 09:40:00,224.5,225.5,224.5,224.5,55,223.25,3374
2026-06-11 09:45:00,224.0,224.0,223.5,223.5,24,223.26,3374
2026-06-11 09:50:00,223.5,223.5,222.5,223.5,55,223.25,3374
2026-06-11 09:55:00,223.5,223.5,221.0,221.0,105,223.18,3374
2026-06-11 10:00:00,221.0,223.0,221.0,223.0,100,223.13,3374
2026-06-11 10:05:00,223.5,223.5,222.0,222.0,17,223.12,3374
2026-06-11 10:10:00,222.0,222.0,220.0,220.0,82,223.04,3374
2026-06-11 10:15:00,220.5,220.5,219.0,219.5,156,222.85,3374
2026-06-11 10:20:00,219.5,220.0,216.5,217.5,277,222.39,3374
2026-06-11 10:25:00,217.5,218.5,215.5,216.5,266,221.92,3374
2026-06-11 10:30:00,216.0,218.0,215.5,217.0,285,221.43,3374
2026-06-11 10:35:00,216.5,218.0,216.5,218.0,59,221.36,3374
2026-06-11 10:40:00,218.0,219.0,218.0,219.0,100,221.28,3374
2026-06-11 10:45:00,219.5,220.5,218.5,219.0,57,221.26,3374
2026-06-11 10:50:00,219.0,219.0,218.0,218.5,47,221.22,3374
2026-06-11 10:55:00,218.5,221.0,218.5,221.0,66,221.2,3374
2026-06-11 11:00:00,221.0,221.5,220.5,220.5,43,221.2,3374
2026-06-11 11:05:00,220.5,221.0,220.0,221.0,27,221.19,3374
2026-06-11 11:10:00,221.0,221.0,219.0,219.5,42,221.18,3374
2026-06-11 11:15:00,219.5,219.5,218.5,219.0,41,221.15,3374
2026-06-11 11:20:00,218.5,219.0,217.5,219.0,77,221.09,3374
2026-06-11 11:25:00,219.0,219.0,218.0,219.0,19,221.08,3374
2026-06-11 11:30:00,218.5,221.0,218.5,220.5,67,221.06,3374
2026-06-11 11:35:00,221.0,222.0,221.0,222.0,61,221.06,3374
2026-06-11 11:40:00,221.0,222.5,221.0,222.5,40,221.07,3374
2026-06-11 11:45:00,222.5,222.5,221.5,222.0,27,221.08,3374
2026-06-11 11:50:00,222.0,222.5,222.0,222.5,29,221.08,3374
2026-06-11 11:55:00,222.5,223.0,222.0,223.0,22,221.09,3374
2026-06-11 12:00:00,223.0,224.0,222.5,222.5,60,221.12,3374
2026-06-11 12:05:00,222.5,223.5,222.5,223.0,20,221.13,3374
2026-06-11 12:10:00,223.0,223.5,222.5,222.5,32,221.15,3374
2026-06-11 12:15:00,222.5,222.5,222.0,222.0,22,221.15,3374
2026-06-11 12:20:00,222.0,222.5,222.0,222.5,17,221.16,3374
2026-06-11 12:25:00,222.5,223.0,222.5,223.0,13,221.16,3374
2026-06-11 12:30:00,223.0,223.5,223.0,223.0,27,221.18,3374
2026-06-11 12:35:00,222.5,223.5,222.5,223.5,27,221.19,3374
2026-06-11 12:40:00,223.5,224.0,223.5,224.0,27,221.2,3374
2026-06-11 12:45:00,224.0,224.0,223.5,224.0,16,221.21,3374
2026-06-11 12:50:00,223.5,223.5,223.0,223.0,35,221.23,3374
2026-06-11 12:55:00,223.0,223.5,223.0,223.0,27,221.24,3374
2026-06-11 13:00:00,223.0,223.0,223.0,223.0,13,221.25,3374
2026-06-11 13:05:00,223.5,224.0,223.0,223.5,108,221.3,3374
2026-06-11 13:10:00,223.5,223.5,223.0,223.5,22,221.31,3374
2026-06-11 13:15:00,223.5,223.5,222.5,222.5,86,221.34,3374
2026-06-11 13:20:00,223.0,223.0,222.0,222.0,103,221.36,3374
2026-06-11 13:30:00,223.0,223.0,223.0,223.0,221,221.43,3374
2026-06-12 09:00:00,233.5,234.5,232.5,233.0,434,233.49,3374
2026-06-12 09:05:00,233.0,233.5,231.0,233.0,339,233.18,3374
2026-06-12 09:10:00,233.5,235.0,233.0,234.5,283,233.48,3374
2026-06-12 09:15:00,234.5,234.5,233.5,234.0,98,233.52,3374
2026-06-12 09:20:00,233.5,234.0,232.5,232.5,108,233.47,3374
2026-06-12 09:25:00,232.5,232.5,230.0,232.5,148,233.26,3374
2026-06-12 09:30:00,232.5,233.0,232.0,232.5,54,233.25,3374
2026-06-12 09:35:00,232.0,232.0,231.0,231.5,69,233.16,3374
2026-06-12 09:40:00,231.5,233.0,231.5,232.5,78,233.11,3374
2026-06-12 09:45:00,233.0,233.5,232.5,233.5,85,233.11,3374
2026-06-12 09:50:00,233.5,233.5,233.0,233.0,57,233.12,3374
2026-06-12 09:55:00,233.0,235.0,233.0,234.5,134,233.19,3374
2026-06-12 10:00:00,234.5,237.0,234.5,235.5,365,233.58,3374
2026-06-12 10:05:00,235.5,236.0,235.0,235.5,69,233.63,3374
2026-06-12 10:10:00,235.5,235.5,234.5,235.0,34,233.65,3374
2026-06-12 10:15:00,235.0,235.5,234.5,235.0,50,233.68,3374
2026-06-12 10:20:00,235.5,235.5,235.0,235.0,16,233.69,3374
2026-06-12 10:25:00,235.0,235.0,234.5,234.5,20,233.7,3374
2026-06-12 10:30:00,235.0,235.5,234.5,235.5,54,233.74,3374
2026-06-12 10:35:00,235.0,236.5,235.0,236.5,90,233.81,3374
2026-06-12 10:40:00,236.5,237.0,236.0,236.5,119,233.94,3374
2026-06-12 10:45:00,236.0,236.5,236.0,236.0,30,233.96,3374
2026-06-12 10:50:00,236.0,236.0,235.5,236.0,33,233.98,3374
2026-06-12 10:55:00,236.0,236.0,235.5,236.0,10,233.99,3374
2026-06-12 11:00:00,236.0,236.5,236.0,236.0,21,234.01,3374
2026-06-12 11:05:00,235.5,236.0,235.5,235.5,9,234.01,3374
2026-06-12 11:10:00,236.0,236.0,236.0,236.0,19,234.03,3374
2026-06-12 11:15:00,236.0,236.0,235.0,235.0,33,234.04,3374
2026-06-12 11:20:00,235.0,235.0,235.0,235.0,31,234.05,3374
2026-06-12 11:25:00,234.5,234.5,234.5,234.5,43,234.06,3374
2026-06-12 11:30:00,234.5,234.5,234.0,234.5,29,234.06,3374
2026-06-12 11:35:00,234.0,234.5,234.0,234.0,29,234.06,3374
2026-06-12 11:40:00,234.0,235.0,234.0,235.0,18,234.06,3374
2026-06-12 11:45:00,234.5,234.5,233.0,233.0,30,234.06,3374
2026-06-12 11:50:00,233.0,233.5,233.0,233.5,26,234.05,3374
2026-06-12 11:55:00,233.5,234.0,233.5,234.0,6,234.05,3374
2026-06-12 12:00:00,234.0,234.0,233.5,233.5,6,234.05,3374
2026-06-12 12:05:00,233.5,234.0,233.5,233.5,6,234.05,3374
2026-06-12 12:10:00,234.0,234.5,234.0,234.0,27,234.05,3374
2026-06-12 12:15:00,234.5,235.0,233.5,233.5,35,234.06,3374
2026-06-12 12:20:00,233.5,234.0,233.5,233.5,4,234.05,3374
2026-06-12 12:25:00,233.5,233.5,233.0,233.5,24,234.05,3374
2026-06-12 12:30:00,233.5,233.5,233.5,233.5,14,234.05,3374
2026-06-12 12:35:00,233.5,234.0,233.5,234.0,23,234.05,3374
2026-06-12 12:40:00,234.0,234.0,234.0,234.0,17,234.05,3374
2026-06-12 12:45:00,233.5,233.5,233.5,233.5,13,234.04,3374
2026-06-12 12:50:00,233.5,234.5,233.5,234.5,33,234.04,3374
2026-06-12 12:55:00,234.5,235.0,234.0,234.5,44,234.05,3374
2026-06-12 13:00:00,235.0,235.0,234.0,234.0,35,234.06,3374
2026-06-12 13:05:00,234.5,234.5,233.5,233.5,42,234.05,3374
2026-06-12 13:10:00,234.0,234.0,233.5,233.5,52,234.05,3374
2026-06-12 13:15:00,234.0,234.0,233.0,233.0,42,234.04,3374
2026-06-12 13:20:00,233.0,233.5,233.0,233.0,93,234.02,3374
2026-06-12 13:30:00,233.0,233.0,233.0,233.0,193,233.96,3374
2026-06-15 09:00:00,239.5,245.0,238.0,245.0,809,241.1,3374
2026-06-15 09:05:00,245.0,245.0,240.5,242.0,233,241.44,3374
2026-06-15 09:10:00,241.5,243.0,241.0,242.0,180,241.49,3374
2026-06-15 09:15:00,241.5,241.5,240.0,241.0,135,241.41,3374
2026-06-15 09:20:00,240.5,243.0,240.0,242.0,149,241.47,3374
2026-06-15 09:25:00,241.5,241.5,241.0,241.5,43,241.46,3374
2026-06-15 09:30:00,241.0,243.5,241.0,243.0,170,241.55,3374
2026-06-15 09:35:00,243.0,243.0,242.0,242.0,38,241.57,3374
2026-06-15 09:40:00,242.0,242.0,241.5,241.5,39,241.57,3374
2026-06-15 09:45:00,241.5,242.0,241.0,241.0,40,241.57,3374
2026-06-15 09:50:00,241.0,241.5,241.0,241.5,33,241.56,3374
2026-06-15 09:55:00,241.5,242.0,241.0,242.0,18,241.56,3374
2026-06-15 10:00:00,242.0,242.5,241.5,242.0,35,241.56,3374
2026-06-15 10:05:00,242.0,242.0,241.5,242.0,38,241.57,3374
2026-06-15 10:10:00,242.0,242.0,242.0,242.0,21,241.58,3374
2026-06-15 10:15:00,242.0,242.0,242.0,242.0,19,241.58,3374
2026-06-15 10:20:00,241.5,242.0,241.5,241.5,16,241.58,3374
2026-06-15 10:25:00,242.0,242.0,241.5,241.5,23,241.58,3374
2026-06-15 10:30:00,242.0,242.0,241.5,241.5,13,241.58,3374
2026-06-15 10:35:00,241.5,243.5,241.5,243.5,221,241.68,3374
2026-06-15 10:40:00,243.5,244.0,243.0,243.5,74,241.74,3374
2026-06-15 10:45:00,243.5,243.5,243.0,243.0,25,241.76,3374
2026-06-15 10:50:00,243.5,243.5,243.0,243.5,74,241.81,3374
2026-06-15 10:55:00,244.0,244.0,243.5,243.5,29,241.83,3374
2026-06-15 11:00:00,243.5,244.5,243.5,244.5,124,241.94,3374
2026-06-15 11:05:00,244.0,244.5,243.5,243.5,43,241.98,3374
2026-06-15 11:10:00,243.5,244.0,243.5,244.0,11,241.99,3374
2026-06-15 11:15:00,244.0,244.0,243.0,243.5,42,242.01,3374
2026-06-15 11:20:00,243.5,244.0,243.5,243.5,12,242.02,3374
2026-06-15 11:25:00,243.5,243.5,243.0,243.0,6,242.02,3374
2026-06-15 11:30:00,243.0,243.0,243.0,243.0,11,242.03,3374
2026-06-15 11:35:00,242.5,242.5,242.5,242.5,23,242.03,3374
2026-06-15 11:40:00,242.5,242.5,242.5,242.5,10,242.03,3374
2026-06-15 11:45:00,242.5,242.5,242.0,242.0,12,242.03,3374
2026-06-15 11:50:00,242.5,242.5,242.0,242.5,19,242.03,3374
2026-06-15 11:55:00,242.0,242.5,242.0,242.0,7,242.03,3374
2026-06-15 12:00:00,242.0,243.0,242.0,242.5,22,242.04,3374
2026-06-15 12:05:00,242.5,242.5,242.5,242.5,7,242.04,3374
2026-06-15 12:10:00,242.5,243.0,242.5,243.0,6,242.04,3374
2026-06-15 12:15:00,243.0,243.0,242.5,243.0,18,242.04,3374
2026-06-15 12:20:00,242.5,243.0,242.5,242.5,10,242.05,3374
2026-06-15 12:25:00,242.5,243.0,242.5,242.5,19,242.05,3374
2026-06-15 12:30:00,242.5,242.5,241.5,241.5,92,242.05,3374
2026-06-15 12:35:00,242.0,242.5,241.5,242.0,63,242.04,3374
2026-06-15 12:40:00,242.0,242.0,241.5,241.5,14,242.04,3374
2026-06-15 12:45:00,242.0,242.0,241.5,241.5,12,242.04,3374
2026-06-15 12:50:00,241.5,242.0,241.5,241.5,13,242.04,3374
2026-06-15 12:55:00,241.5,242.0,241.0,241.0,35,242.03,3374
2026-06-15 13:00:00,241.5,241.5,241.0,241.0,28,242.02,3374
2026-06-15 13:05:00,241.0,241.5,241.0,241.0,45,242.01,3374
2026-06-15 13:10:00,241.5,241.5,240.5,240.5,48,242.0,3374
2026-06-15 13:15:00,240.5,241.0,240.5,240.5,33,241.98,3374
2026-06-15 13:20:00,241.0,241.0,240.0,240.5,121,241.93,3374
2026-06-15 13:30:00,240.0,240.0,240.0,240.0,240,241.8,3374
2026-06-16 09:00:00,245.5,245.5,241.5,242.0,321,243.33,3374
2026-06-16 09:05:00,242.0,242.5,239.0,239.5,233,242.08,3374
2026-06-16 09:10:00,240.0,242.0,239.5,242.0,125,241.84,3374
2026-06-16 09:15:00,242.0,243.5,241.0,241.0,168,241.95,3374
2026-06-16 09:20:00,240.5,241.5,239.5,241.5,73,241.83,3374
2026-06-16 09:25:00,241.0,241.0,239.5,240.5,96,241.68,3374
2026-06-16 09:30:00,240.5,241.0,240.0,240.0,50,241.63,3374
2026-06-16 09:35:00,240.5,240.5,239.5,240.0,105,241.48,3374
2026-06-16 09:40:00,240.0,240.5,239.5,240.0,35,241.44,3374
2026-06-16 09:45:00,240.0,240.0,239.0,240.0,51,241.36,3374
2026-06-16 09:50:00,239.5,241.0,239.5,241.0,104,241.26,3374
2026-06-16 09:55:00,241.0,241.5,240.5,240.5,82,241.24,3374
2026-06-16 10:00:00,240.5,241.0,240.0,240.5,18,241.23,3374
2026-06-16 10:05:00,240.5,240.5,239.5,239.5,32,241.21,3374
2026-06-16 10:10:00,239.5,239.5,238.0,238.0,193,240.9,3374
2026-06-16 10:15:00,238.5,239.5,238.5,238.5,49,240.85,3374
2026-06-16 10:20:00,238.5,238.5,238.0,238.5,73,240.74,3374
2026-06-16 10:25:00,238.5,238.5,237.5,238.0,45,240.67,3374
2026-06-16 10:30:00,238.0,238.5,238.0,238.5,22,240.64,3374
2026-06-16 10:35:00,238.0,238.5,238.0,238.5,34,240.6,3374
2026-06-16 10:40:00,238.5,238.5,238.0,238.0,16,240.58,3374
2026-06-16 10:45:00,238.5,238.5,238.0,238.0,16,240.56,3374
2026-06-16 10:50:00,238.5,238.5,237.5,238.0,24,240.53,3374
2026-06-16 10:55:00,237.5,237.5,236.5,236.5,110,240.35,3374
2026-06-16 11:00:00,236.5,237.0,236.5,236.5,22,240.31,3374
2026-06-16 11:05:00,236.5,237.0,236.5,236.5,28,240.26,3374
2026-06-16 11:10:00,237.0,237.0,236.0,236.5,29,240.21,3374
2026-06-16 11:15:00,236.5,237.0,236.5,236.5,9,240.2,3374
2026-06-16 11:20:00,236.5,237.0,236.5,236.5,15,240.17,3374
2026-06-16 11:25:00,236.5,237.0,236.5,237.0,40,240.11,3374
2026-06-16 11:30:00,237.5,237.5,237.5,237.5,21,240.09,3374
2026-06-16 11:35:00,237.5,237.5,237.0,237.0,23,240.06,3374
2026-06-16 11:40:00,237.0,237.5,236.5,237.5,21,240.03,3374
2026-06-16 11:45:00,237.0,237.5,236.5,237.0,30,239.99,3374
2026-06-16 11:50:00,236.5,237.0,235.0,235.5,202,239.67,3374
2026-06-16 11:55:00,235.5,236.0,235.5,236.0,36,239.61,3374
2026-06-16 12:00:00,235.5,236.0,235.0,235.0,30,239.56,3374
2026-06-16 12:05:00,235.5,235.5,235.0,235.0,47,239.48,3374
2026-06-16 12:10:00,235.0,235.5,235.0,235.0,46,239.41,3374
2026-06-16 12:15:00,235.5,235.5,234.5,234.5,62,239.31,3374
2026-06-16 12:20:00,234.5,234.5,233.0,233.5,127,239.06,3374
2026-06-16 12:25:00,233.5,234.0,232.5,232.5,142,238.78,3374
2026-06-16 12:30:00,232.5,233.0,232.5,233.0,81,238.62,3374
2026-06-16 12:35:00,233.0,233.0,232.5,232.5,48,238.53,3374
2026-06-16 12:40:00,232.5,233.5,232.5,233.0,39,238.46,3374
2026-06-16 12:45:00,233.0,233.0,232.5,232.5,42,238.39,3374
2026-06-16 12:50:00,233.0,233.0,232.5,232.5,41,238.32,3374
2026-06-16 12:55:00,232.5,233.5,232.5,233.5,70,238.2,3374
2026-06-16 13:00:00,233.0,234.0,233.0,233.5,58,238.12,3374
2026-06-16 13:05:00,233.5,234.5,233.5,234.5,55,238.06,3374
2026-06-16 13:10:00,234.5,235.0,234.0,234.5,71,237.99,3374
2026-06-16 13:15:00,234.5,234.5,234.0,234.5,62,237.93,3374
2026-06-16 13:20:00,234.5,235.0,234.0,234.0,74,237.86,3374
2026-06-16 13:30:00,234.5,234.5,234.5,234.5,230,237.66,3374
2026-06-17 09:00:00,232.0,232.0,229.0,230.5,203,230.37,3374
2026-06-17 09:05:00,230.5,232.5,230.5,232.0,94,230.78,3374
2026-06-17 09:10:00,232.0,232.0,229.5,230.5,139,230.67,3374
2026-06-17 09:15:00,230.5,231.0,230.0,230.5,43,230.66,3374
2026-06-17 09:20:00,230.5,231.0,230.0,231.0,50,230.64,3374
2026-06-17 09:25:00,231.0,232.0,231.0,231.5,39,230.7,3374
2026-06-17 09:30:00,231.5,231.5,230.5,230.5,55,230.73,3374
2026-06-17 09:35:00,231.0,231.0,230.0,230.0,43,230.72,3374
2026-06-17 09:40:00,230.0,230.5,229.5,229.5,95,230.61,3374
2026-06-17 09:45:00,229.5,231.5,229.0,231.5,60,230.57,3374
2026-06-17 09:50:00,231.5,232.5,231.0,231.5,77,230.66,3374
2026-06-17 09:55:00,232.0,233.5,232.0,233.5,91,230.87,3374
2026-06-17 10:00:00,233.0,233.0,232.0,232.0,31,230.91,3374
2026-06-17 10:05:00,232.0,232.0,231.0,232.0,54,230.95,3374
2026-06-17 10:10:00,232.0,232.5,232.0,232.5,15,230.97,3374
2026-06-17 10:15:00,233.0,233.0,232.5,232.5,8,230.99,3374
2026-06-17 10:20:00,233.0,233.0,232.5,232.5,18,231.01,3374
2026-06-17 10:25:00,233.0,234.0,233.0,233.5,89,231.2,3374
2026-06-17 10:30:00,233.5,234.0,233.5,234.0,20,231.24,3374
2026-06-17 10:35:00,234.0,234.0,233.5,233.5,14,231.26,3374
2026-06-17 10:40:00,233.5,234.0,233.5,234.0,13,231.29,3374
2026-06-17 10:45:00,234.0,234.0,233.0,233.0,20,231.32,3374
2026-06-17 10:50:00,233.0,233.5,233.0,233.5,15,231.35,3374
2026-06-17 10:55:00,233.5,233.5,233.0,233.0,4,231.35,3374
2026-06-17 11:00:00,233.0,233.5,233.0,233.0,8,231.36,3374
2026-06-17 11:05:00,233.0,233.5,232.5,232.5,29,231.4,3374
2026-06-17 11:10:00,232.5,232.5,232.5,232.5,10,231.41,3374
2026-06-17 11:15:00,232.0,232.0,231.0,232.0,122,231.44,3374
2026-06-17 11:20:00,232.0,232.5,232.0,232.5,13,231.45,3374
2026-06-17 11:25:00,232.5,233.0,232.5,233.0,15,231.46,3374
2026-06-17 11:30:00,233.0,235.5,233.0,235.0,119,231.68,3374
2026-06-17 11:35:00,234.5,236.0,234.5,235.5,51,231.8,3374
2026-06-17 11:40:00,235.5,235.5,235.0,235.0,26,231.85,3374
2026-06-17 11:45:00,235.0,235.0,233.5,233.5,50,231.92,3374
2026-06-17 11:50:00,233.0,233.0,233.0,233.0,28,231.94,3374
2026-06-17 11:55:00,233.0,233.5,233.0,233.0,25,231.96,3374
2026-06-17 12:00:00,233.0,234.0,233.0,233.5,26,231.98,3374
2026-06-17 12:05:00,233.5,234.0,233.0,233.0,38,232.0,3374
2026-06-17 12:10:00,233.5,235.0,233.0,234.0,61,232.07,3374
2026-06-17 12:15:00,234.0,236.0,234.0,235.5,65,232.17,3374
2026-06-17 12:20:00,235.5,237.0,235.5,236.0,118,232.41,3374
2026-06-17 12:25:00,236.0,236.5,235.5,235.5,36,232.46,3374
2026-06-17 12:30:00,235.5,239.0,235.5,239.0,106,232.68,3374
2026-06-17 12:35:00,239.0,241.0,238.5,240.0,221,233.32,3374
2026-06-17 12:40:00,240.5,241.0,240.0,240.5,113,233.64,3374
2026-06-17 12:45:00,241.0,242.5,240.5,242.0,220,234.27,3374
2026-06-17 12:50:00,242.5,243.0,241.5,242.5,225,234.86,3374
2026-06-17 12:55:00,243.0,243.0,240.5,241.5,160,235.22,3374
2026-06-17 13:00:00,241.5,244.0,241.5,244.0,198,235.68,3374
2026-06-17 13:05:00,244.0,244.5,243.0,243.5,124,235.96,3374
2026-06-17 13:10:00,244.0,244.5,243.0,244.0,244,236.48,3374
2026-06-17 13:15:00,244.5,244.5,244.0,244.0,116,236.71,3374
2026-06-17 13:20:00,244.5,245.0,244.0,244.5,218,237.13,3374
2026-06-17 13:30:00,244.5,244.5,244.5,244.5,162,237.41,3374
2026-06-18 09:00:00,243.5,245.0,242.0,245.0,261,243.31,3374
2026-06-18 09:05:00,245.5,245.5,243.5,243.5,289,244.03,3374
2026-06-18 09:10:00,243.5,246.0,243.5,246.0,198,244.28,3374
2026-06-18 09:15:00,246.0,252.5,245.5,252.0,560,246.34,3374
2026-06-18 09:20:00,252.0,252.0,247.5,248.0,290,246.97,3374
2026-06-18 09:25:00,247.5,249.0,247.5,248.0,151,247.07,3374
2026-06-18 09:30:00,248.0,249.0,248.0,249.0,63,247.11,3374
2026-06-18 09:35:00,249.0,250.0,248.5,249.5,144,247.28,3374
2026-06-18 09:40:00,249.5,249.5,248.5,249.0,97,247.37,3374
2026-06-18 09:45:00,249.0,249.5,247.0,247.5,111,247.41,3374
2026-06-18 09:50:00,247.5,248.5,247.0,248.5,62,247.42,3374
2026-06-18 09:55:00,248.0,248.0,246.5,246.5,100,247.4,3374
2026-06-18 10:00:00,246.5,252.0,246.5,251.5,499,247.78,3374
2026-06-18 10:05:00,251.5,252.0,249.5,251.5,151,247.94,3374
2026-06-18 10:10:00,252.0,252.0,250.0,250.0,79,248.02,3374
2026-06-18 10:15:00,250.0,251.0,250.0,251.0,52,248.06,3374
2026-06-18 10:20:00,251.0,251.0,250.0,250.5,34,248.09,3374
2026-06-18 10:25:00,250.0,253.0,250.0,250.5,441,248.53,3374
2026-06-18 10:30:00,250.5,250.5,250.0,250.5,62,248.56,3374
2026-06-18 10:35:00,251.0,252.0,251.0,251.5,124,248.66,3374
2026-06-18 10:40:00,251.5,252.0,251.5,252.0,62,248.7,3374
2026-06-18 10:45:00,252.0,252.0,251.0,251.0,50,248.74,3374
2026-06-18 10:50:00,251.0,251.0,250.0,250.0,30,248.75,3374
2026-06-18 10:55:00,250.0,250.0,250.0,250.0,54,248.77,3374
2026-06-18 11:00:00,250.0,251.0,250.0,251.0,66,248.8,3374
2026-06-18 11:05:00,251.0,253.0,251.0,253.0,191,248.95,3374
2026-06-18 11:10:00,253.0,254.0,252.0,252.0,302,249.22,3374
2026-06-18 11:15:00,252.5,253.0,252.5,252.5,34,249.25,3374
2026-06-18 11:20:00,252.5,253.0,251.5,251.5,40,249.27,3374
2026-06-18 11:25:00,252.0,252.5,251.5,252.0,40,249.3,3374
2026-06-18 11:30:00,252.0,252.5,252.0,252.0,28,249.31,3374
2026-06-18 11:35:00,251.5,252.0,251.0,251.5,52,249.34,3374
2026-06-18 11:40:00,251.0,251.0,250.5,251.0,33,249.35,3374
2026-06-18 11:45:00,250.5,251.0,250.5,251.0,24,249.35,3374
2026-06-18 11:50:00,251.0,251.5,251.0,251.0,29,249.37,3374
2026-06-18 11:55:00,251.0,251.5,251.0,251.5,21,249.37,3374
2026-06-18 12:00:00,251.5,251.5,251.5,251.5,26,249.38,3374
2026-06-18 12:05:00,251.5,252.5,251.5,252.0,73,249.42,3374
2026-06-18 12:10:00,252.0,252.5,251.5,252.5,49,249.45,3374
2026-06-18 12:15:00,252.5,252.5,251.5,252.0,37,249.46,3374
2026-06-18 12:20:00,252.0,252.0,251.5,251.5,22,249.48,3374
2026-06-18 12:25:00,251.5,251.5,251.0,251.0,22,249.48,3374
2026-06-18 12:30:00,251.0,251.5,251.0,251.5,13,249.49,3374
2026-06-18 12:35:00,251.5,252.5,251.0,252.0,83,249.53,3374
2026-06-18 12:40:00,252.0,253.0,252.0,252.0,152,249.61,3374
2026-06-18 12:45:00,252.0,254.0,252.0,253.5,239,249.76,3374
2026-06-18 12:50:00,253.5,253.5,252.5,253.0,55,249.79,3374
2026-06-18 12:55:00,252.5,253.0,252.5,253.0,44,249.82,3374
2026-06-18 13:00:00,253.0,253.0,252.0,253.0,120,249.87,3374
2026-06-18 13:05:00,253.0,253.0,252.0,252.5,51,249.89,3374
2026-06-18 13:10:00,252.0,252.5,251.5,252.0,72,249.92,3374
2026-06-18 13:15:00,251.5,252.5,251.5,252.0,85,249.95,3374
2026-06-18 13:20:00,252.0,252.0,251.0,251.5,125,249.98,3374
2026-06-18 13:30:00,251.0,251.0,251.0,251.0,243,250.02,3374
2026-06-22 09:00:00,263.0,274.0,263.0,271.5,2633,270.17,3374
2026-06-22 09:05:00,272.0,276.0,271.0,276.0,4196,273.25,3374
2026-06-22 09:10:00,276.0,276.0,276.0,276.0,1450,273.73,3374
2026-06-22 09:15:00,276.0,276.0,276.0,276.0,279,273.81,3374
2026-06-22 09:20:00,276.0,276.0,276.0,276.0,312,273.88,3374
2026-06-22 09:25:00,276.0,276.0,276.0,276.0,143,273.92,3374
2026-06-22 09:30:00,276.0,276.0,276.0,276.0,123,273.95,3374
2026-06-22 09:35:00,276.0,276.0,276.0,276.0,98,273.97,3374
2026-06-22 09:40:00,276.0,276.0,276.0,276.0,59,273.98,3374
2026-06-22 09:45:00,276.0,276.0,276.0,276.0,86,274.0,3374
2026-06-22 09:50:00,276.0,276.0,276.0,276.0,41,274.01,3374
2026-06-22 09:55:00,276.0,276.0,276.0,276.0,51,274.02,3374
2026-06-22 10:00:00,276.0,276.0,276.0,276.0,43,274.03,3374
2026-06-22 10:05:00,276.0,276.0,276.0,276.0,69,274.04,3374
2026-06-22 10:10:00,276.0,276.0,276.0,276.0,26,274.05,3374
2026-06-22 10:15:00,276.0,276.0,276.0,276.0,35,274.05,3374
2026-06-22 10:20:00,276.0,276.0,276.0,276.0,25,274.06,3374
2026-06-22 10:25:00,276.0,276.0,276.0,276.0,19,274.06,3374
2026-06-22 10:30:00,276.0,276.0,276.0,276.0,20,274.07,3374
2026-06-22 10:35:00,276.0,276.0,276.0,276.0,26,274.07,3374
2026-06-22 10:40:00,276.0,276.0,276.0,276.0,52,274.08,3374
2026-06-22 10:45:00,276.0,276.0,276.0,276.0,32,274.09,3374
2026-06-22 10:50:00,276.0,276.0,276.0,276.0,34,274.1,3374
2026-06-22 10:55:00,276.0,276.0,276.0,276.0,27,274.1,3374
2026-06-22 11:00:00,276.0,276.0,276.0,276.0,35,274.11,3374
2026-06-22 11:05:00,276.0,276.0,276.0,276.0,16,274.11,3374
2026-06-22 11:10:00,276.0,276.0,276.0,276.0,53,274.12,3374
2026-06-22 11:15:00,276.0,276.0,276.0,276.0,31,274.13,3374
2026-06-22 11:20:00,276.0,276.0,276.0,276.0,11,274.13,3374
2026-06-22 11:25:00,276.0,276.0,276.0,276.0,7,274.13,3374
2026-06-22 11:30:00,276.0,276.0,276.0,276.0,23,274.13,3374
2026-06-22 11:35:00,276.0,276.0,276.0,276.0,6,274.14,3374
2026-06-22 11:40:00,276.0,276.0,276.0,276.0,4,274.14,3374
2026-06-22 11:45:00,276.0,276.0,276.0,276.0,19,274.14,3374
2026-06-22 11:50:00,276.0,276.0,276.0,276.0,44,274.15,3374
2026-06-22 11:55:00,276.0,276.0,276.0,276.0,26,274.15,3374
2026-06-22 12:00:00,276.0,276.0,276.0,276.0,12,274.15,3374
2026-06-22 12:05:00,276.0,276.0,276.0,276.0,7,274.16,3374
2026-06-22 12:10:00,276.0,276.0,276.0,276.0,27,274.16,3374
2026-06-22 12:15:00,276.0,276.0,276.0,276.0,22,274.16,3374
2026-06-22 12:20:00,276.0,276.0,276.0,276.0,28,274.17,3374
2026-06-22 12:25:00,276.0,276.0,276.0,276.0,120,274.19,3374
2026-06-22 12:30:00,276.0,276.0,276.0,276.0,53,274.2,3374
2026-06-22 12:35:00,276.0,276.0,276.0,276.0,17,274.2,3374
2026-06-22 12:40:00,276.0,276.0,276.0,276.0,16,274.21,3374
2026-06-22 12:45:00,276.0,276.0,276.0,276.0,22,274.21,3374
2026-06-22 12:50:00,276.0,276.0,276.0,276.0,36,274.22,3374
2026-06-22 12:55:00,276.0,276.0,276.0,276.0,15,274.22,3374
2026-06-22 13:00:00,276.0,276.0,276.0,276.0,21,274.22,3374
2026-06-22 13:05:00,276.0,276.0,276.0,276.0,39,274.23,3374
2026-06-22 13:10:00,276.0,276.0,276.0,276.0,10,274.23,3374
2026-06-22 13:15:00,276.0,276.0,276.0,276.0,30,274.23,3374
2026-06-22 13:20:00,276.0,276.0,276.0,276.0,27,274.24,3374
2026-06-22 13:30:00,276.0,276.0,276.0,276.0,25,274.24,3374
2026-06-23 09:00:00,294.0,302.5,288.0,302.5,5484,296.62,3374
2026-06-23 09:05:00,301.5,303.5,300.0,301.5,5165,299.7,3374
2026-06-23 09:10:00,302.0,303.5,301.0,301.0,2106,300.28,3374
2026-06-23 09:15:00,301.0,303.0,298.5,300.0,1835,300.32,3374
2026-06-23 09:20:00,300.0,302.5,297.0,299.0,1540,300.3,3374
2026-06-23 09:25:00,300.0,303.5,299.0,303.5,3273,300.76,3374
2026-06-23 09:30:00,303.5,303.5,303.5,303.5,352,300.81,3374
2026-06-23 09:35:00,303.5,303.5,303.5,303.5,252,300.84,3374
2026-06-23 09:40:00,303.5,303.5,303.5,303.5,286,300.88,3374
2026-06-23 09:45:00,303.5,303.5,303.5,303.5,287,300.92,3374
2026-06-23 09:50:00,303.5,303.5,299.0,302.0,1840,300.96,3374
2026-06-23 09:55:00,302.0,302.5,297.5,299.5,763,300.92,3374
2026-06-23 10:00:00,300.0,303.5,299.5,302.5,943,300.96,3374
2026-06-23 10:05:00,303.0,303.5,301.0,301.0,323,300.98,3374
2026-06-23 10:10:00,301.0,302.5,299.5,301.0,305,300.98,3374
2026-06-23 10:15:00,301.0,303.5,301.0,303.5,1372,301.11,3374
2026-06-23 10:20:00,303.5,303.5,303.5,303.5,84,301.11,3374
2026-06-23 10:25:00,303.5,303.5,303.5,303.5,45,301.12,3374
2026-06-23 10:30:00,303.5,303.5,303.5,303.5,30,301.12,3374
2026-06-23 10:35:00,303.5,303.5,303.5,303.5,43,301.13,3374
2026-06-23 10:40:00,303.5,303.5,303.5,303.5,85,301.13,3374
2026-06-23 10:45:00,303.5,303.5,303.5,303.5,26,301.14,3374
2026-06-23 10:50:00,303.5,303.5,303.5,303.5,56,301.14,3374
2026-06-23 10:55:00,303.5,303.5,303.5,303.5,48,301.14,3374
2026-06-23 11:00:00,303.5,303.5,303.5,303.5,177,301.16,3374
2026-06-23 11:05:00,303.5,303.5,303.5,303.5,34,301.16,3374
2026-06-23 11:10:00,303.5,303.5,303.5,303.5,71,301.17,3374
2026-06-23 11:15:00,303.5,303.5,303.5,303.5,60,301.17,3374
2026-06-23 11:20:00,303.5,303.5,303.5,303.5,53,301.18,3374
2026-06-23 11:25:00,303.5,303.5,303.5,303.5,47,301.18,3374
2026-06-23 11:30:00,303.5,303.5,303.5,303.5,146,301.2,3374
2026-06-23 11:35:00,303.5,303.5,303.5,303.5,208,301.21,3374
2026-06-23 11:40:00,303.5,303.5,303.5,303.5,217,301.23,3374
2026-06-23 11:45:00,303.5,303.5,303.5,303.5,141,301.24,3374
2026-06-23 11:50:00,303.5,303.5,303.5,303.5,56,301.25,3374
2026-06-23 11:55:00,303.5,303.5,303.5,303.5,26,301.25,3374
2026-06-23 12:00:00,303.5,303.5,303.5,303.5,37,301.25,3374
2026-06-23 12:05:00,303.5,303.5,303.5,303.5,25,301.25,3374
2026-06-23 12:10:00,303.5,303.5,303.5,303.5,21,301.26,3374
2026-06-23 12:15:00,303.5,303.5,303.5,303.5,38,301.26,3374
2026-06-23 12:20:00,303.5,303.5,303.5,303.5,47,301.26,3374
2026-06-23 12:25:00,303.5,303.5,303.5,303.5,26,301.26,3374
2026-06-23 12:30:00,303.5,303.5,303.5,303.5,43,301.27,3374
2026-06-23 12:35:00,303.5,303.5,303.5,303.5,60,301.27,3374
2026-06-23 12:40:00,303.5,303.5,303.5,303.5,54,301.28,3374
2026-06-23 12:45:00,303.5,303.5,303.5,303.5,50,301.28,3374
2026-06-23 12:50:00,303.5,303.5,303.5,303.5,26,301.28,3374
2026-06-23 12:55:00,303.5,303.5,303.5,303.5,33,301.29,3374
2026-06-23 13:00:00,303.5,303.5,303.5,303.5,58,301.29,3374
2026-06-23 13:05:00,303.5,303.5,303.5,303.5,71,301.3,3374
2026-06-23 13:10:00,303.5,303.5,303.5,303.5,39,301.3,3374
2026-06-23 13:15:00,303.5,303.5,303.5,303.5,40,301.3,3374
2026-06-23 13:20:00,303.5,303.5,303.5,303.5,69,301.31,3374
2026-06-23 13:30:00,303.5,303.5,303.5,303.5,81,301.31,3374
2026-06-24 09:00:00,296.5,296.5,286.5,287.5,3507,291.01,3374
2026-06-24 09:05:00,287.0,296.0,286.0,296.0,1483,290.58,3374
2026-06-24 09:10:00,296.5,297.5,291.5,296.5,1769,291.74,3374
2026-06-24 09:15:00,296.5,298.0,290.0,296.5,1026,292.0,3374
2026-06-24 09:20:00,296.5,300.0,294.0,299.0,1091,292.71,3374
2026-06-24 09:25:00,299.0,301.0,297.5,300.5,1011,293.38,3374
2026-06-24 09:30:00,301.0,307.5,300.5,303.0,2095,295.36,3374
2026-06-24 09:35:00,303.5,306.0,301.0,306.0,836,295.93,3374
2026-06-24 09:40:00,305.5,309.5,304.0,305.0,1246,296.94,3374
2026-06-24 09:45:00,305.0,308.0,304.5,307.0,553,297.29,3374
2026-06-24 09:50:00,307.0,309.5,306.0,309.5,425,297.58,3374
2026-06-24 09:55:00,309.5,310.0,305.5,308.0,752,298.09,3374
2026-06-24 10:00:00,308.0,310.0,305.5,305.5,597,298.46,3374
2026-06-24 10:05:00,305.5,310.0,305.5,308.0,585,298.8,3374
2026-06-24 10:10:00,308.5,310.5,306.0,308.5,586,299.13,3374
2026-06-24 10:15:00,309.0,309.0,302.0,303.5,637,299.31,3374
2026-06-24 10:20:00,303.5,307.0,302.0,302.5,456,299.42,3374
2026-06-24 10:25:00,303.0,312.5,303.0,312.5,1289,300.08,3374
2026-06-24 10:30:00,312.5,314.5,310.5,310.5,907,300.64,3374
2026-06-24 10:35:00,311.0,311.0,309.0,310.0,349,300.79,3374
2026-06-24 10:40:00,310.0,313.5,309.5,313.0,415,301.0,3374
2026-06-24 10:45:00,313.0,313.5,309.5,310.0,603,301.29,3374
2026-06-24 10:50:00,309.5,309.5,308.0,308.0,276,301.38,3374
2026-06-24 10:55:00,308.0,309.0,305.5,306.0,364,301.48,3374
2026-06-24 11:00:00,305.5,307.5,304.0,305.5,244,301.52,3374
2026-06-24 11:05:00,305.0,308.5,304.5,308.5,394,301.61,3374
2026-06-24 11:10:00,309.0,311.5,309.0,309.5,378,301.74,3374
2026-06-24 11:15:00,309.5,309.5,307.5,308.0,85,301.77,3374
2026-06-24 11:20:00,307.5,309.5,307.0,307.5,267,301.84,3374
2026-06-24 11:25:00,307.5,310.0,307.0,310.0,208,301.9,3374
2026-06-24 11:30:00,310.0,311.5,309.5,310.0,281,301.99,3374
2026-06-24 11:35:00,310.5,314.0,310.0,313.5,484,302.19,3374
2026-06-24 11:40:00,314.0,315.0,312.5,312.5,549,302.45,3374
2026-06-24 11:45:00,313.0,314.5,311.5,314.0,168,302.52,3374
2026-06-24 11:50:00,314.0,314.0,313.0,313.0,114,302.57,3374
2026-06-24 11:55:00,312.5,313.0,312.0,312.5,134,302.62,3374
2026-06-24 12:00:00,312.5,313.0,309.5,309.5,121,302.65,3374
2026-06-24 12:05:00,309.5,310.0,309.0,310.0,72,302.67,3374
2026-06-24 12:10:00,309.5,309.5,308.5,308.5,75,302.69,3374
2026-06-24 12:15:00,308.5,308.5,307.5,307.5,103,302.71,3374
2026-06-24 12:20:00,307.5,310.0,307.0,309.5,258,302.77,3374
2026-06-24 12:25:00,309.5,309.5,309.0,309.5,75,302.79,3374
2026-06-24 12:30:00,309.5,311.0,309.5,311.0,109,302.82,3374
2026-06-24 12:35:00,311.0,311.5,310.5,311.0,163,302.87,3374
2026-06-24 12:40:00,311.0,312.5,310.5,312.5,169,302.92,3374
2026-06-24 12:45:00,312.0,312.0,309.0,309.5,118,302.96,3374
2026-06-24 12:50:00,309.5,310.0,308.5,309.5,112,302.98,3374
2026-06-24 12:55:00,309.0,311.0,309.0,310.0,114,303.01,3374
2026-06-24 13:00:00,310.0,310.5,309.0,309.5,101,303.03,3374
2026-06-24 13:05:00,309.5,311.5,309.0,311.5,319,303.11,3374
2026-06-24 13:10:00,311.5,312.0,310.0,310.0,226,303.18,3374
2026-06-24 13:15:00,310.0,310.5,309.0,309.5,172,303.22,3374
2026-06-24 13:20:00,309.0,310.0,309.0,310.0,285,303.28,3374
2026-06-24 13:30:00,312.0,312.0,312.0,312.0,864,303.54,3374
2026-06-25 09:00:00,317.5,317.5,307.5,310.5,1811,313.42,3374
2026-06-25 09:05:00,311.5,311.5,304.5,305.5,745,311.88,3374
2026-06-25 09:10:00,305.5,308.0,304.5,306.0,366,311.18,3374
2026-06-25 09:15:00,306.0,311.0,302.5,310.0,769,310.36,3374
2026-06-25 09:20:00,310.0,311.0,308.0,308.5,257,310.3,3374
2026-06-25 09:25:00,308.5,308.5,306.0,307.5,166,310.18,3374
2026-06-25 09:30:00,307.5,307.5,303.0,304.5,415,309.7,3374
2026-06-25 09:35:00,305.0,305.5,302.0,303.0,381,309.24,3374
2026-06-25 09:40:00,303.0,305.0,302.0,303.0,267,308.93,3374
2026-06-25 09:45:00,302.0,305.0,301.0,305.0,252,308.63,3374
2026-06-25 09:50:00,305.0,306.0,304.0,304.5,184,308.52,3374
2026-06-25 09:55:00,304.0,304.5,301.5,302.0,130,308.39,3374
2026-06-25 10:00:00,301.5,305.5,301.5,305.5,141,308.28,3374
2026-06-25 10:05:00,305.5,306.0,303.5,303.5,98,308.23,3374
2026-06-25 10:10:00,303.5,303.5,299.5,299.5,649,307.48,3374
2026-06-25 10:15:00,299.5,302.5,298.0,302.5,635,306.78,3374
2026-06-25 10:20:00,302.5,307.0,302.0,306.5,256,306.71,3374
2026-06-25 10:25:00,306.0,312.5,305.5,312.0,1028,307.12,3374
2026-06-25 10:30:00,312.5,314.5,311.0,314.0,674,307.52,3374
2026-06-25 10:35:00,313.5,313.5,310.0,310.5,291,307.65,3374
2026-06-25 10:40:00,310.5,310.5,307.0,307.0,163,307.66,3374
2026-06-25 10:45:00,307.0,309.0,306.5,307.5,101,307.66,3374
2026-06-25 10:50:00,307.5,308.0,306.5,308.0,106,307.65,3374
2026-06-25 10:55:00,308.0,309.0,308.0,308.5,68,307.66,3374
2026-06-25 11:00:00,309.0,309.0,307.0,308.0,71,307.66,3374
2026-06-25 11:05:00,308.5,309.0,308.0,308.0,34,307.67,3374
2026-06-25 11:10:00,308.5,309.0,308.0,308.5,26,307.67,3374
2026-06-25 11:15:00,308.0,308.0,306.5,306.5,143,307.66,3374
2026-06-25 11:20:00,306.0,306.0,304.5,304.5,238,307.6,3374
2026-06-25 11:25:00,304.5,304.5,303.0,304.0,183,307.54,3374
2026-06-25 11:30:00,304.0,305.5,304.0,304.5,91,307.51,3374
2026-06-25 11:35:00,304.5,304.5,302.5,302.5,145,307.46,3374
2026-06-25 11:40:00,302.5,302.5,298.5,299.5,639,307.09,3374
2026-06-25 11:45:00,299.5,300.0,298.0,300.0,247,306.91,3374
2026-06-25 11:50:00,299.5,302.0,299.0,301.5,119,306.85,3374
2026-06-25 11:55:00,301.5,302.0,301.5,301.5,44,306.83,3374
2026-06-25 12:00:00,301.5,302.0,301.0,301.5,49,306.81,3374
2026-06-25 12:05:00,301.5,302.5,301.5,302.0,23,306.8,3374
2026-06-25 12:10:00,302.5,302.5,302.0,302.0,16,306.8,3374
2026-06-25 12:15:00,302.0,303.0,301.5,301.5,73,306.77,3374
2026-06-25 12:20:00,301.5,301.5,301.0,301.5,67,306.74,3374
2026-06-25 12:25:00,301.5,301.5,301.0,301.5,29,306.72,3374
2026-06-25 12:30:00,301.5,301.5,301.0,301.0,51,306.7,3374
2026-06-25 12:35:00,301.0,301.0,300.0,300.0,197,306.6,3374
2026-06-25 12:40:00,300.0,300.0,299.5,299.5,68,306.56,3374
2026-06-25 12:45:00,299.5,304.5,299.5,304.0,316,306.47,3374
2026-06-25 12:50:00,304.0,304.0,301.5,301.5,64,306.45,3374
2026-06-25 12:55:00,301.5,302.0,301.5,302.0,23,306.44,3374
2026-06-25 13:00:00,301.5,303.0,301.5,302.5,74,306.42,3374
2026-06-25 13:05:00,303.5,304.5,303.0,303.0,129,306.39,3374
2026-06-25 13:10:00,303.0,303.5,302.0,302.0,138,306.35,3374
2026-06-25 13:15:00,302.0,302.5,301.0,301.5,252,306.27,3374
2026-06-25 13:20:00,301.5,302.5,301.0,302.5,309,306.17,3374
2026-06-25 13:30:00,301.5,301.5,301.5,301.5,419,306.03,3374
2026-06-26 09:00:00,297.5,298.5,287.5,293.5,1557,293.18,3374
2026-06-26 09:05:00,293.5,305.5,293.0,301.5,941,295.86,3374
2026-06-26 09:10:00,301.5,304.5,300.0,302.5,700,297.31,3374
2026-06-26 09:15:00,302.5,307.0,302.5,303.5,500,298.28,3374
2026-06-26 09:20:00,304.0,313.0,304.0,307.0,1615,301.61,3374
2026-06-26 09:25:00,307.0,307.5,303.5,305.5,520,301.95,3374
2026-06-26 09:30:00,306.0,307.0,302.5,304.0,253,302.07,3374
2026-06-26 09:35:00,305.0,306.0,302.5,303.5,148,302.12,3374
2026-06-26 09:40:00,303.5,303.5,299.5,300.0,514,302.02,3374
2026-06-26 09:45:00,300.0,300.0,297.5,298.5,276,301.9,3374
2026-06-26 09:50:00,298.0,299.5,295.5,296.0,404,301.62,3374
2026-06-26 09:55:00,296.0,298.5,295.5,298.5,231,301.48,3374
2026-06-26 10:00:00,299.0,300.0,297.5,297.5,167,301.43,3374
2026-06-26 10:05:00,297.5,298.0,297.5,298.0,98,301.38,3374
2026-06-26 10:10:00,298.5,299.0,298.0,298.0,63,301.36,3374
2026-06-26 10:15:00,298.5,298.5,297.5,297.5,61,301.33,3374
2026-06-26 10:20:00,297.0,297.5,296.5,296.5,73,301.29,3374
2026-06-26 10:25:00,296.5,298.0,295.5,297.5,152,301.21,3374
2026-06-26 10:30:00,297.5,297.5,294.5,294.5,194,301.07,3374
2026-06-26 10:35:00,294.5,295.0,292.5,294.5,228,300.88,3374
2026-06-26 10:40:00,294.5,294.5,292.0,292.5,140,300.76,3374
2026-06-26 10:45:00,292.0,292.5,290.0,290.5,337,300.41,3374
2026-06-26 10:50:00,290.5,291.0,290.0,291.0,114,300.29,3374
2026-06-26 10:55:00,291.0,292.0,291.0,292.0,108,300.19,3374
2026-06-26 11:00:00,292.0,292.0,288.5,288.5,302,299.87,3374
2026-06-26 11:05:00,289.0,289.0,286.5,287.5,494,299.28,3374
2026-06-26 11:10:00,287.5,289.5,285.0,289.5,318,298.91,3374
2026-06-26 11:15:00,289.5,292.0,289.5,291.5,209,298.75,3374
2026-06-26 11:20:00,291.5,292.0,287.5,287.5,212,298.56,3374
2026-06-26 11:25:00,287.5,289.5,287.0,289.5,104,298.46,3374
2026-06-26 11:30:00,289.5,289.5,288.5,288.5,53,298.41,3374
2026-06-26 11:35:00,288.5,289.0,287.5,287.5,113,298.31,3374
2026-06-26 11:40:00,287.5,289.0,287.5,289.0,98,298.22,3374
2026-06-26 11:45:00,289.5,290.0,288.0,288.0,88,298.15,3374
2026-06-26 11:50:00,288.0,290.0,288.0,289.5,49,298.11,3374
2026-06-26 11:55:00,290.0,291.0,290.0,290.5,123,298.03,3374
2026-06-26 12:00:00,290.5,290.5,288.0,288.0,117,297.94,3374
2026-06-26 12:05:00,288.0,288.5,287.5,288.5,59,297.89,3374
2026-06-26 12:10:00,288.5,289.0,288.0,289.0,59,297.84,3374
2026-06-26 12:15:00,288.5,289.5,288.5,289.5,45,297.81,3374
2026-06-26 12:20:00,289.5,289.5,287.5,288.0,241,297.62,3374
2026-06-26 12:25:00,288.0,288.0,287.0,287.0,136,297.51,3374
2026-06-26 12:30:00,287.0,287.0,285.5,285.5,127,297.39,3374
2026-06-26 12:35:00,285.5,285.5,283.5,284.5,321,297.08,3374
2026-06-26 12:40:00,284.5,285.5,284.0,285.0,226,296.86,3374
2026-06-26 12:45:00,285.0,285.5,283.0,283.5,154,296.7,3374
2026-06-26 12:50:00,283.5,284.0,283.0,283.0,159,296.54,3374
2026-06-26 12:55:00,283.0,283.5,281.5,282.5,303,296.23,3374
2026-06-26 13:00:00,282.0,283.5,280.5,280.5,276,295.94,3374
2026-06-26 13:05:00,280.5,281.5,280.5,281.0,234,295.68,3374
2026-06-26 13:10:00,281.0,283.5,280.5,281.5,241,295.45,3374
2026-06-26 13:15:00,281.5,281.5,278.5,279.0,433,295.0,3374
2026-06-26 13:20:00,278.5,279.0,276.5,278.0,381,294.57,3374
2026-06-26 13:30:00,279.5,279.5,279.5,279.5,542,294.05,3374
2026-06-29 09:00:00,280.0,282.5,273.0,278.0,1330,277.85,3374
2026-06-29 09:05:00,279.0,282.5,278.5,282.0,547,278.6,3374
2026-06-29 09:10:00,282.0,285.0,281.0,282.5,580,279.74,3374
2026-06-29 09:15:00,282.5,286.0,280.5,282.5,450,280.28,3374
2026-06-29 09:20:00,282.5,284.0,280.5,283.5,162,280.39,3374
2026-06-29 09:25:00,283.5,286.0,283.5,284.5,241,280.71,3374
2026-06-29 09:30:00,284.5,287.0,284.5,284.5,225,281.02,3374
2026-06-29 09:35:00,284.5,293.5,284.5,293.0,589,282.3,3374
2026-06-29 09:40:00,293.0,293.0,288.5,289.5,222,282.71,3374
2026-06-29 09:45:00,289.5,291.5,287.0,291.5,251,283.06,3374
2026-06-29 09:50:00,291.5,291.5,288.5,289.5,80,283.17,3374
2026-06-29 09:55:00,289.0,289.0,286.5,286.5,117,283.28,3374
2026-06-29 10:00:00,286.5,288.5,285.5,285.5,153,283.38,3374
2026-06-29 10:05:00,285.0,285.0,283.5,283.5,151,283.41,3374
2026-06-29 10:10:00,283.5,284.0,282.0,283.5,157,283.4,3374
2026-06-29 10:15:00,283.5,286.5,283.0,286.5,111,283.42,3374
2026-06-29 10:20:00,286.0,288.0,285.5,287.0,88,283.48,3374
2026-06-29 10:25:00,287.0,287.5,286.0,286.5,55,283.51,3374
2026-06-29 10:30:00,286.0,286.0,285.5,286.0,31,283.52,3374
2026-06-29 10:35:00,285.0,285.5,284.5,284.5,58,283.54,3374
2026-06-29 10:40:00,284.5,286.5,284.5,285.0,41,283.55,3374
2026-06-29 10:45:00,285.0,285.0,282.5,284.0,111,283.56,3374
2026-06-29 10:50:00,284.0,284.0,281.5,282.5,108,283.53,3374
2026-06-29 10:55:00,283.0,284.5,283.0,284.0,65,283.54,3374
2026-06-29 11:00:00,284.0,285.5,284.0,285.0,19,283.54,3374
2026-06-29 11:05:00,285.0,285.0,283.5,283.5,26,283.54,3374
2026-06-29 11:10:00,283.5,283.5,282.5,282.5,28,283.54,3374
2026-06-29 11:15:00,282.0,282.5,281.5,281.5,116,283.51,3374
2026-06-29 11:20:00,281.5,281.5,279.5,279.5,208,283.4,3374
2026-06-29 11:25:00,279.5,280.5,279.5,280.5,49,283.38,3374
2026-06-29 11:30:00,280.5,280.5,278.5,278.5,662,283.01,3374
2026-06-29 11:35:00,278.5,279.5,277.0,279.0,155,282.91,3374
2026-06-29 11:40:00,279.0,279.0,277.5,278.0,81,282.86,3374
2026-06-29 11:45:00,278.5,281.0,278.5,281.0,75,282.83,3374
2026-06-29 11:50:00,280.5,282.5,280.5,281.0,60,282.81,3374
2026-06-29 11:55:00,281.0,283.0,281.0,282.5,80,282.81,3374
2026-06-29 12:00:00,283.0,283.0,282.0,282.5,33,282.8,3374
2026-06-29 12:05:00,282.5,282.5,281.0,282.5,32,282.8,3374
2026-06-29 12:10:00,282.5,282.5,281.5,281.5,24,282.8,3374
2026-06-29 12:15:00,281.5,283.0,281.5,282.5,40,282.79,3374
2026-06-29 12:20:00,282.5,283.0,281.5,283.0,73,282.79,3374
2026-06-29 12:25:00,283.5,284.0,282.5,282.5,57,282.79,3374
2026-06-29 12:30:00,282.5,283.0,282.0,282.5,44,282.79,3374
2026-06-29 12:35:00,282.0,283.0,281.5,282.5,72,282.79,3374
2026-06-29 12:40:00,282.5,282.5,281.5,282.5,30,282.79,3374
2026-06-29 12:45:00,282.5,283.0,281.5,283.0,53,282.79,3374
2026-06-29 12:50:00,283.0,283.0,282.5,282.5,31,282.79,3374
2026-06-29 12:55:00,282.5,282.5,280.5,280.5,86,282.77,3374
2026-06-29 13:00:00,281.0,281.5,280.5,281.0,40,282.76,3374
2026-06-29 13:05:00,281.0,282.5,281.0,282.0,115,282.75,3374
2026-06-29 13:10:00,282.0,282.5,282.0,282.0,60,282.75,3374
2026-06-29 13:15:00,282.0,283.0,282.0,282.5,178,282.74,3374
2026-06-29 13:20:00,282.5,282.5,280.5,280.5,176,282.72,3374
2026-06-29 13:30:00,281.0,281.0,281.0,281.0,318,282.66,3374
2026-06-30 09:00:00,295.0,295.0,291.0,292.5,940,293.31,3374
2026-06-30 09:05:00,292.0,294.5,291.0,293.0,379,293.07,3374
2026-06-30 09:10:00,293.0,293.0,290.0,291.0,242,292.81,3374
2026-06-30 09:15:00,291.0,293.0,289.0,292.0,216,292.57,3374
2026-06-30 09:20:00,292.5,292.5,289.0,289.0,151,292.42,3374
2026-06-30 09:25:00,289.0,290.5,288.5,290.5,141,292.19,3374
2026-06-30 09:30:00,290.5,293.0,290.5,292.0,131,292.17,3374
2026-06-30 09:35:00,292.0,294.5,290.5,290.5,310,292.26,3374
2026-06-30 09:40:00,291.0,297.0,290.5,294.5,638,292.77,3374
2026-06-30 09:45:00,294.5,295.0,292.5,294.0,195,292.83,3374
2026-06-30 09:50:00,294.0,294.5,293.0,293.0,112,292.86,3374
2026-06-30 09:55:00,293.0,293.5,292.0,292.5,78,292.86,3374
2026-06-30 10:00:00,292.5,292.5,289.0,289.0,189,292.75,3374
2026-06-30 10:05:00,289.5,289.5,288.0,288.5,211,292.54,3374
2026-06-30 10:10:00,288.5,289.5,287.5,289.0,170,292.37,3374
2026-06-30 10:15:00,289.0,289.5,287.0,289.5,195,292.17,3374
2026-06-30 10:20:00,289.5,291.5,289.0,291.5,76,292.14,3374
2026-06-30 10:25:00,291.5,291.5,290.0,290.5,38,292.12,3374
2026-06-30 10:30:00,291.0,291.0,290.0,290.5,54,292.1,3374
2026-06-30 10:35:00,290.5,290.5,290.0,290.5,37,292.09,3374
2026-06-30 10:40:00,290.5,291.0,290.0,290.5,44,292.07,3374
2026-06-30 10:45:00,290.5,290.5,290.0,290.5,24,292.06,3374
2026-06-30 10:50:00,290.0,290.5,290.0,290.5,31,292.05,3374
2026-06-30 10:55:00,290.5,291.0,289.0,289.0,57,292.02,3374
2026-06-30 11:00:00,289.0,289.0,287.5,288.0,60,291.97,3374
2026-06-30 11:05:00,288.0,288.0,287.0,287.5,130,291.85,3374
2026-06-30 11:10:00,288.0,288.0,286.0,286.0,166,291.67,3374
2026-06-30 11:15:00,285.5,287.0,285.5,286.5,52,291.62,3374
2026-06-30 11:20:00,286.0,286.5,285.5,286.5,89,291.52,3374
2026-06-30 11:25:00,286.0,287.5,285.0,287.0,127,291.39,3374
2026-06-30 11:30:00,287.0,288.0,287.0,287.5,18,291.38,3374
2026-06-30 11:35:00,287.5,287.5,287.0,287.5,29,291.36,3374
2026-06-30 11:40:00,287.5,288.0,287.0,287.5,55,291.32,3374
2026-06-30 11:45:00,287.5,288.5,287.5,288.0,40,291.29,3374
2026-06-30 11:50:00,288.0,289.5,287.5,288.5,132,291.23,3374
2026-06-30 11:55:00,288.5,288.5,288.0,288.0,6,291.23,3374
2026-06-30 12:00:00,288.5,288.5,288.5,288.5,16,291.22,3374
2026-06-30 12:05:00,288.5,289.0,288.5,289.0,44,291.2,3374
2026-06-30 12:10:00,289.5,289.5,289.0,289.0,24,291.19,3374
2026-06-30 12:15:00,289.0,290.0,289.0,289.5,37,291.18,3374
2026-06-30 12:20:00,289.5,289.5,288.5,288.5,45,291.16,3374
2026-06-30 12:25:00,288.5,288.5,288.0,288.0,72,291.13,3374
2026-06-30 12:30:00,288.5,288.5,288.0,288.5,32,291.11,3374
2026-06-30 12:35:00,288.5,288.5,288.0,288.0,34,291.09,3374
2026-06-30 12:40:00,288.5,289.5,288.0,289.0,75,291.07,3374
2026-06-30 12:45:00,289.0,289.5,289.0,289.0,58,291.05,3374
2026-06-30 12:50:00,289.0,290.0,289.0,289.5,74,291.03,3374
2026-06-30 12:55:00,289.5,290.5,289.0,290.0,154,291.0,3374
2026-06-30 13:00:00,290.0,290.0,289.5,289.5,46,290.99,3374
2026-06-30 13:05:00,289.5,290.5,289.0,289.0,193,290.95,3374
2026-06-30 13:10:00,289.0,289.0,287.5,287.5,203,290.86,3374
2026-06-30 13:15:00,287.5,288.0,286.5,286.5,275,290.71,3374
2026-06-30 13:20:00,287.0,288.0,286.5,288.0,199,290.62,3374
2026-06-30 13:30:00,286.5,286.5,286.5,286.5,294,290.45,3374
2026-07-01 09:00:00,292.0,292.0,288.5,290.5,617,290.54,3374
2026-07-01 09:05:00,290.5,293.0,290.5,291.5,301,290.9,3374
2026-07-01 09:10:00,291.5,294.5,291.0,291.5,394,291.41,3374
2026-07-01 09:15:00,291.0,291.5,288.5,289.0,257,291.1,3374
2026-07-01 09:20:00,289.0,291.0,288.5,289.5,140,291.03,3374
2026-07-01 09:25:00,289.5,291.0,287.5,288.5,233,290.79,3374
2026-07-01 09:30:00,288.5,291.0,287.0,287.5,240,290.5,3374
2026-07-01 09:35:00,287.5,288.5,287.0,288.0,285,290.15,3374
2026-07-01 09:40:00,287.5,288.5,286.0,288.5,238,289.85,3374
2026-07-01 09:45:00,288.5,293.0,288.5,293.0,473,289.97,3374
2026-07-01 09:50:00,293.0,297.5,292.5,297.5,990,291.15,3374
2026-07-01 09:55:00,297.0,301.0,295.0,295.0,995,292.58,3374
2026-07-01 10:00:00,295.0,296.5,294.5,296.0,250,292.72,3374
2026-07-01 10:05:00,296.0,296.5,294.0,296.0,140,292.79,3374
2026-07-01 10:10:00,296.0,299.0,294.5,296.5,328,292.99,3374
2026-07-01 10:15:00,296.0,299.5,295.0,296.5,601,293.48,3374
2026-07-01 10:20:00,296.5,296.5,292.5,292.5,292,293.5,3374
2026-07-01 10:25:00,292.5,293.0,290.0,290.5,245,293.43,3374
2026-07-01 10:30:00,291.0,291.0,289.0,289.5,264,293.31,3374
2026-07-01 10:35:00,289.5,291.5,288.0,291.0,202,293.21,3374
2026-07-01 10:40:00,291.0,293.0,291.0,293.0,110,293.2,3374
2026-07-01 10:45:00,293.0,293.0,291.5,291.5,84,293.18,3374
2026-07-01 10:50:00,291.5,292.0,289.0,289.5,216,293.1,3374
2026-07-01 10:55:00,289.5,290.0,287.5,289.0,414,292.89,3374
2026-07-01 11:00:00,289.5,290.0,289.0,289.5,91,292.85,3374
2026-07-01 11:05:00,289.0,291.5,289.0,290.0,284,292.78,3374
2026-07-01 11:10:00,290.0,290.0,289.0,289.0,70,292.75,3374
2026-07-01 11:15:00,289.0,289.5,288.0,288.5,139,292.69,3374
2026-07-01 11:20:00,288.5,288.5,287.5,288.0,71,292.65,3374
2026-07-01 11:25:00,287.5,288.5,287.5,288.5,61,292.62,3374
2026-07-01 11:30:00,288.5,290.5,288.5,290.0,49,292.6,3374
2026-07-01 11:35:00,290.0,291.0,290.0,291.0,26,292.6,3374
2026-07-01 11:40:00,290.5,292.5,290.5,292.5,251,292.57,3374
2026-07-01 11:45:00,292.0,295.5,292.0,295.0,437,292.62,3374
2026-07-01 11:50:00,295.0,298.5,295.0,298.5,424,292.78,3374
2026-07-01 11:55:00,299.0,302.5,298.5,298.5,971,293.43,3374
2026-07-01 12:00:00,298.5,303.0,297.0,302.0,471,293.71,3374
2026-07-01 12:05:00,302.0,303.0,300.0,300.0,229,293.87,3374
2026-07-01 12:10:00,300.5,301.5,299.5,301.0,316,294.04,3374
2026-07-01 12:15:00,301.0,305.0,300.5,303.5,798,294.6,3374
2026-07-01 12:20:00,303.5,305.0,303.0,304.0,279,294.8,3374
2026-07-01 12:25:00,303.5,304.0,301.5,301.5,153,294.89,3374
2026-07-01 12:30:00,301.5,307.5,301.0,304.5,695,295.39,3374
2026-07-01 12:35:00,304.5,304.5,303.0,303.5,144,295.48,3374
2026-07-01 12:40:00,303.5,304.0,303.0,303.5,140,295.56,3374
2026-07-01 12:45:00,303.5,306.0,303.5,304.5,193,295.68,3374
2026-07-01 12:50:00,305.0,305.5,305.0,305.0,146,295.77,3374
2026-07-01 12:55:00,305.0,306.5,304.5,304.5,231,295.93,3374
2026-07-01 13:00:00,304.5,305.5,303.5,304.5,218,296.05,3374
2026-07-01 13:05:00,305.0,306.0,305.0,305.5,261,296.21,3374
2026-07-01 13:10:00,305.5,306.0,304.5,306.0,278,296.37,3374
2026-07-01 13:15:00,305.5,306.5,305.5,306.0,462,296.65,3374
2026-07-01 13:20:00,305.5,306.5,303.5,303.5,451,296.88,3374
2026-07-01 13:30:00,304.0,304.0,304.0,304.0,578,297.12,3374
2026-07-02 09:00:00,295.0,295.0,285.5,294.0,1987,291.04,3374
2026-07-02 09:05:00,294.0,302.0,294.0,301.0,922,293.23,3374
2026-07-02 09:10:00,301.5,306.5,300.0,302.5,868,295.63,3374
2026-07-02 09:15:00,302.5,302.5,298.0,300.0,733,296.34,3374
2026-07-02 09:20:00,300.5,301.0,296.5,297.0,368,296.47,3374
2026-07-02 09:25:00,297.0,300.5,297.0,300.0,164,296.56,3374
2026-07-02 09:30:00,299.5,301.5,299.0,300.0,150,296.67,3374
2026-07-02 09:35:00,300.0,302.5,299.5,301.0,154,296.8,3374
2026-07-02 09:40:00,300.5,301.0,300.0,300.5,65,296.84,3374
2026-07-02 09:45:00,301.0,302.0,300.5,301.0,66,296.89,3374
2026-07-02 09:50:00,301.0,306.0,301.0,305.5,444,297.43,3374
2026-07-02 09:55:00,306.0,312.0,304.5,309.0,1089,299.12,3374
2026-07-02 10:00:00,309.0,311.5,306.0,311.5,493,299.78,3374
2026-07-02 10:05:00,311.0,312.5,307.0,308.5,491,300.45,3374
2026-07-02 10:10:00,308.5,309.5,307.5,307.5,196,300.64,3374
2026-07-02 10:15:00,307.5,308.5,306.0,307.0,168,300.77,3374
2026-07-02 10:20:00,307.5,307.5,306.5,306.5,60,300.81,3374
2026-07-02 10:25:00,306.0,306.0,304.5,305.0,154,300.89,3374
2026-07-02 10:30:00,305.0,306.0,304.0,304.5,130,300.95,3374
2026-07-02 10:35:00,304.5,305.5,304.0,305.5,106,300.99,3374
2026-07-02 10:40:00,305.5,307.5,305.5,306.5,86,301.05,3374
2026-07-02 10:45:00,306.5,308.5,306.5,307.0,135,301.15,3374
2026-07-02 10:50:00,307.5,307.5,305.0,305.0,76,301.19,3374
2026-07-02 10:55:00,305.0,306.0,304.5,305.5,47,301.21,3374
2026-07-02 11:00:00,305.5,305.5,305.0,305.0,58,301.23,3374
2026-07-02 11:05:00,304.5,304.5,303.0,303.0,178,301.28,3374
2026-07-02 11:10:00,302.5,303.0,302.0,303.0,136,301.3,3374
2026-07-02 11:15:00,303.0,305.0,303.0,304.5,53,301.32,3374
2026-07-02 11:20:00,304.5,304.5,302.5,303.5,135,301.34,3374
2026-07-02 11:25:00,303.0,304.0,302.0,303.0,66,301.35,3374
2026-07-02 11:30:00,303.0,307.0,303.0,306.5,107,301.4,3374
2026-07-02 11:35:00,307.0,309.0,306.0,308.0,270,301.57,3374
2026-07-02 11:40:00,308.0,311.5,307.5,308.0,516,301.96,3374
2026-07-02 11:45:00,308.0,309.0,306.0,308.5,236,302.08,3374
2026-07-02 11:50:00,308.5,310.5,308.0,310.0,194,302.21,3374
2026-07-02 11:55:00,309.5,312.5,309.0,309.5,421,302.53,3374
2026-07-02 12:00:00,309.5,310.5,308.5,309.5,163,302.63,3374
2026-07-02 12:05:00,309.5,309.5,307.5,307.5,107,302.68,3374
2026-07-02 12:10:00,308.0,308.0,307.0,307.0,61,302.71,3374
2026-07-02 12:15:00,307.0,308.0,306.5,308.0,45,302.73,3374
2026-07-02 12:20:00,308.0,308.0,307.0,307.5,47,302.74,3374
2026-07-02 12:25:00,307.5,308.5,307.0,308.0,90,302.78,3374
2026-07-02 12:30:00,307.5,308.0,307.0,308.0,41,302.8,3374
2026-07-02 12:35:00,308.0,309.0,307.5,308.5,60,302.83,3374
2026-07-02 12:40:00,308.5,308.5,306.0,306.0,170,302.89,3374
2026-07-02 12:45:00,306.0,310.0,306.0,309.5,304,303.03,3374
2026-07-02 12:50:00,309.5,311.0,309.0,310.0,193,303.14,3374
2026-07-02 12:55:00,310.5,312.0,309.5,310.5,313,303.33,3374
2026-07-02 13:00:00,310.5,312.0,310.0,311.5,229,303.47,3374
2026-07-02 13:05:00,311.5,311.5,310.0,310.5,95,303.52,3374
2026-07-02 13:10:00,310.5,311.0,309.5,310.5,157,303.6,3374
2026-07-02 13:15:00,310.5,310.5,310.0,310.5,115,303.66,3374
2026-07-02 13:20:00,310.0,314.0,309.5,314.0,789,304.1,3374
2026-07-02 13:30:00,316.0,316.0,316.0,316.0,819,304.73,3374
2026-07-03 09:00:00,306.0,307.5,300.0,304.0,1607,303.44,3374
2026-07-03 09:05:00,303.5,309.0,302.5,308.0,1019,304.1,3374
2026-07-03 09:10:00,308.0,308.0,304.0,306.0,356,304.33,3374
2026-07-03 09:15:00,305.0,305.5,302.0,305.0,569,304.18,3374
2026-07-03 09:20:00,305.0,306.5,303.5,306.0,189,304.2,3374
2026-07-03 09:25:00,306.0,306.0,304.0,305.0,82,304.22,3374
2026-07-03 09:30:00,304.5,306.5,304.0,305.0,124,304.25,3374
2026-07-03 09:35:00,305.0,305.0,302.5,303.0,287,304.19,3374
2026-07-03 09:40:00,303.5,305.0,303.0,304.0,104,304.19,3374
2026-07-03 09:45:00,304.5,305.0,303.5,303.5,191,304.2,3374
2026-07-03 09:50:00,303.5,306.5,303.5,305.0,171,304.24,3374
2026-07-03 09:55:00,305.0,307.0,305.0,306.0,159,304.31,3374
2026-07-03 10:00:00,305.5,306.5,305.5,306.0,39,304.32,3374
2026-07-03 10:05:00,306.0,307.5,306.0,307.0,110,304.38,3374
2026-07-03 10:10:00,307.0,307.0,304.0,304.0,134,304.41,3374
2026-07-03 10:15:00,304.0,304.0,302.0,303.5,378,304.31,3374
2026-07-03 10:20:00,303.5,305.0,303.5,303.5,58,304.31,3374
2026-07-03 10:25:00,303.5,303.5,302.0,303.0,159,304.27,3374
2026-07-03 10:30:00,303.0,304.0,303.0,304.0,51,304.26,3374
2026-07-03 10:35:00,304.0,304.5,303.0,303.5,74,304.25,3374
2026-07-03 10:40:00,303.5,303.5,301.0,301.0,402,304.11,3374
2026-07-03 10:45:00,301.0,303.0,301.0,302.5,194,304.02,3374
2026-07-03 10:50:00,302.5,303.0,302.0,302.0,34,304.01,3374
2026-07-03 10:55:00,302.5,304.0,302.5,303.5,57,304.0,3374
2026-07-03 11:00:00,303.5,304.5,303.0,304.5,38,304.0,3374
2026-07-03 11:05:00,304.5,304.5,304.0,304.0,19,304.0,3374
2026-07-03 11:10:00,304.0,304.0,304.0,304.0,13,304.0,3374
2026-07-03 11:15:00,304.0,304.0,303.0,303.0,54,304.0,3374
2026-07-03 11:20:00,303.0,303.5,303.0,303.5,7,304.0,3374
2026-07-03 11:25:00,303.5,304.0,303.5,304.0,22,304.0,3374
2026-07-03 11:30:00,304.0,304.5,304.0,304.0,27,304.0,3374
2026-07-03 11:35:00,304.0,304.5,304.0,304.0,23,304.0,3374
2026-07-03 11:40:00,304.0,304.0,303.5,303.5,18,304.0,3374
2026-07-03 11:45:00,303.5,304.5,303.5,304.5,29,304.0,3374
2026-07-03 11:50:00,304.0,307.0,304.0,307.0,315,304.07,3374
2026-07-03 11:55:00,306.5,312.0,306.5,311.5,924,304.7,3374
2026-07-03 12:00:00,311.0,311.5,309.5,311.0,215,304.86,3374
2026-07-03 12:05:00,311.0,312.0,309.5,312.0,248,305.04,3374
2026-07-03 12:10:00,312.0,313.0,311.5,313.0,195,305.2,3374
2026-07-03 12:15:00,312.5,316.0,312.5,315.0,448,305.66,3374
2026-07-03 12:20:00,315.5,316.5,314.5,316.5,304,305.98,3374
2026-07-03 12:25:00,317.0,318.0,314.0,314.0,339,306.34,3374
2026-07-03 12:30:00,314.5,317.0,313.5,317.0,160,306.48,3374
2026-07-03 12:35:00,317.0,321.5,316.5,317.5,1030,307.7,3374
2026-07-03 12:40:00,317.5,318.0,315.5,317.0,174,307.83,3374
2026-07-03 12:45:00,317.0,317.0,313.5,314.0,160,307.94,3374
2026-07-03 12:50:00,314.0,314.5,312.5,312.5,94,307.98,3374
2026-07-03 12:55:00,312.5,315.0,312.0,315.0,158,308.05,3374
2026-07-03 13:00:00,315.5,315.5,313.5,313.5,101,308.11,3374
2026-07-03 13:05:00,313.5,314.0,313.0,313.0,80,308.15,3374
2026-07-03 13:10:00,313.5,314.0,312.5,312.5,172,308.22,3374
2026-07-03 13:15:00,312.5,312.5,311.0,311.5,236,308.29,3374
2026-07-03 13:20:00,311.5,311.5,310.0,310.5,216,308.33,3374
2026-07-03 13:30:00,313.0,313.0,313.0,313.0,501,308.51,3374
2026-07-06 09:00:00,330.0,344.0,329.5,344.0,2445,340.43,3374
2026-07-06 09:05:00,344.0,344.0,344.0,344.0,514,341.05,3374
2026-07-06 09:10:00,344.0,344.0,344.0,344.0,234,341.27,3374
2026-07-06 09:15:00,344.0,344.0,344.0,344.0,132,341.37,3374
2026-07-06 09:20:00,344.0,344.0,339.0,339.5,3285,342.36,3374
2026-07-06 09:25:00,339.5,340.5,335.5,336.0,1288,341.69,3374
2026-07-06 09:30:00,337.0,340.5,333.0,333.0,1051,341.11,3374
2026-07-06 09:35:00,333.0,338.0,332.5,336.0,588,340.77,3374
2026-07-06 09:40:00,337.0,338.5,332.0,335.5,497,340.52,3374
2026-07-06 09:45:00,335.0,340.0,334.5,339.5,475,340.38,3374
2026-07-06 09:50:00,339.5,341.0,336.0,337.5,373,340.32,3374
2026-07-06 09:55:00,337.5,339.5,335.0,336.5,369,340.23,3374
2026-07-06 10:00:00,336.5,338.5,333.0,333.0,337,340.07,3374
2026-07-06 10:05:00,333.0,333.5,328.0,329.5,911,339.32,3374
2026-07-06 10:10:00,329.5,331.0,325.0,325.5,733,338.66,3374
2026-07-06 10:15:00,325.5,327.5,322.5,327.5,502,338.16,3374
2026-07-06 10:20:00,327.5,329.0,326.0,327.0,370,337.88,3374
2026-07-06 10:25:00,327.0,327.5,323.5,323.5,321,337.61,3374
2026-07-06 10:30:00,323.5,325.0,322.5,323.5,375,337.25,3374
2026-07-06 10:35:00,323.5,325.0,320.0,324.0,324,336.94,3374
2026-07-06 10:40:00,324.0,324.0,319.5,320.5,409,336.52,3374
2026-07-06 10:45:00,320.5,322.0,318.5,319.5,407,336.1,3374
2026-07-06 10:50:00,319.0,324.0,319.0,324.0,295,335.84,3374
2026-07-06 10:55:00,324.5,324.5,322.0,324.0,187,335.7,3374
2026-07-06 11:00:00,324.0,324.0,321.0,323.5,117,335.6,3374
2026-07-06 11:05:00,324.0,324.5,321.0,324.0,175,335.47,3374
2026-07-06 11:10:00,324.0,327.0,324.0,325.5,323,335.29,3374
2026-07-06 11:15:00,325.5,326.5,325.0,325.0,112,335.22,3374
2026-07-06 11:20:00,325.0,325.0,324.5,325.0,25,335.21,3374
2026-07-06 11:25:00,325.5,326.0,324.5,324.5,91,335.16,3374
2026-07-06 11:30:00,325.0,326.0,324.0,325.5,72,335.12,3374
2026-07-06 11:35:00,325.5,327.0,325.0,325.5,138,335.04,3374
2026-07-06 11:40:00,325.5,325.5,324.0,324.0,59,335.01,3374
2026-07-06 11:45:00,324.0,326.5,323.5,324.0,148,334.92,3374
2026-07-06 11:50:00,324.0,324.5,322.5,323.5,97,334.86,3374
2026-07-06 11:55:00,323.5,323.5,323.0,323.5,30,334.84,3374
2026-07-06 12:00:00,323.5,323.5,322.0,323.0,56,334.8,3374
2026-07-06 12:05:00,322.5,322.5,320.0,320.0,211,334.64,3374
2026-07-06 12:10:00,320.0,326.0,320.0,326.0,139,334.55,3374
2026-07-06 12:15:00,325.5,325.5,324.5,325.5,78,334.51,3374
2026-07-06 12:20:00,325.5,327.5,324.5,324.5,136,334.45,3374
2026-07-06 12:25:00,324.5,324.5,323.5,324.0,26,334.44,3374
2026-07-06 12:30:00,324.0,324.5,323.5,324.0,42,334.41,3374
2026-07-06 12:35:00,324.0,324.5,324.0,324.0,37,334.39,3374
2026-07-06 12:40:00,323.5,324.0,322.5,322.5,48,334.36,3374
2026-07-06 12:45:00,323.0,325.0,323.0,324.0,64,334.33,3374
2026-07-06 12:50:00,324.5,324.5,324.0,324.5,24,334.31,3374
2026-07-06 12:55:00,324.0,324.5,322.5,324.5,111,334.25,3374
2026-07-06 13:00:00,324.5,325.0,323.5,323.5,117,334.19,3374
2026-07-06 13:05:00,323.5,326.5,323.5,325.5,356,334.02,3374
2026-07-06 13:10:00,325.0,326.0,322.5,323.5,466,333.79,3374
2026-07-06 13:15:00,323.5,324.5,322.0,322.5,215,333.67,3374
2026-07-06 13:20:00,323.0,323.5,322.0,322.0,498,333.41,3374
2026-07-06 13:30:00,322.0,322.0,322.0,322.0,601,333.08,3374
2026-07-07 09:00:00,325.5,325.5,321.0,323.5,895,323.23,3374
2026-07-07 09:05:00,323.5,326.5,318.5,320.5,1005,322.97,3374
2026-07-07 09:10:00,320.5,328.0,319.5,325.0,557,323.28,3374
2026-07-07 09:15:00,324.5,325.0,312.5,313.5,1427,320.52,3374
2026-07-07 09:20:00,313.5,315.0,312.5,313.0,628,319.53,3374
2026-07-07 09:25:00,313.0,320.5,310.5,320.0,631,318.96,3374
2026-07-07 09:30:00,320.0,320.0,316.0,317.5,150,318.92,3374
2026-07-07 09:35:00,318.0,319.0,316.5,318.5,171,318.89,3374
2026-07-07 09:40:00,318.5,323.5,318.5,323.0,366,319.04,3374
2026-07-07 09:45:00,323.0,325.0,321.0,321.0,262,319.23,3374
2026-07-07 09:50:00,321.0,321.0,319.0,319.5,92,319.24,3374
2026-07-07 09:55:00,320.0,320.0,317.0,317.0,113,319.23,3374
2026-07-07 10:00:00,317.0,317.5,316.0,317.0,77,319.2,3374
2026-07-07 10:05:00,317.0,317.0,316.5,316.5,75,319.18,3374
2026-07-07 10:10:00,316.5,316.5,314.5,314.5,176,319.08,3374
2026-07-07 10:15:00,314.5,314.5,312.0,312.0,339,318.8,3374
2026-07-07 10:20:00,312.0,313.0,311.0,311.5,196,318.61,3374
2026-07-07 10:25:00,311.5,312.5,311.0,312.5,95,318.52,3374
2026-07-07 10:30:00,312.0,312.0,311.0,311.0,169,318.36,3374
2026-07-07 10:35:00,311.5,313.5,310.5,312.0,188,318.19,3374
2026-07-07 10:40:00,312.0,313.0,311.0,312.0,48,318.15,3374
2026-07-07 10:45:00,312.0,312.0,311.0,311.0,74,318.09,3374
2026-07-07 10:50:00,311.0,311.0,309.5,311.0,343,317.76,3374
2026-07-07 10:55:00,311.0,311.0,308.0,308.0,138,317.62,3374
2026-07-07 11:00:00,308.0,310.5,308.0,309.0,219,317.39,3374
2026-07-07 11:05:00,309.0,310.0,308.5,308.5,79,317.32,3374
2026-07-07 11:10:00,308.5,309.0,305.5,306.5,346,316.91,3374
2026-07-07 11:15:00,306.5,307.0,303.5,303.5,299,316.52,3374
2026-07-07 11:20:00,303.5,303.5,302.0,303.5,333,316.04,3374
2026-07-07 11:25:00,303.0,303.5,300.5,300.5,313,315.59,3374
2026-07-07 11:30:00,300.5,304.5,299.0,304.0,447,314.97,3374
2026-07-07 11:35:00,304.0,304.5,302.0,302.0,115,314.84,3374
2026-07-07 11:40:00,302.5,303.5,300.0,300.0,113,314.69,3374
2026-07-07 11:45:00,300.0,300.5,297.5,299.5,314,314.23,3374
2026-07-07 11:50:00,299.5,301.5,299.5,300.0,144,314.06,3374
2026-07-07 11:55:00,300.5,302.0,300.0,302.0,85,313.95,3374
2026-07-07 12:00:00,301.5,302.0,300.0,301.5,120,313.81,3374
2026-07-07 12:05:00,301.5,303.0,301.5,302.0,76,313.73,3374
2026-07-07 12:10:00,302.0,302.5,300.0,300.0,121,313.6,3374
2026-07-07 12:15:00,300.0,300.0,298.5,300.0,145,313.42,3374
2026-07-07 12:20:00,299.5,299.5,298.5,298.5,145,313.24,3374
2026-07-07 12:25:00,298.5,299.0,296.5,299.0,385,312.75,3374
2026-07-07 12:30:00,299.0,301.0,298.5,300.5,145,312.59,3374
2026-07-07 12:35:00,300.5,301.5,300.0,301.0,70,312.53,3374
2026-07-07 12:40:00,301.0,301.5,300.0,300.0,73,312.46,3374
2026-07-07 12:45:00,300.0,300.0,298.0,298.0,86,312.36,3374
2026-07-07 12:50:00,298.0,298.5,297.0,298.0,112,312.23,3374
2026-07-07 12:55:00,298.0,298.5,296.5,297.5,262,311.93,3374
2026-07-07 13:00:00,297.0,297.5,294.0,295.0,601,311.2,3374
2026-07-07 13:05:00,295.0,296.0,294.0,294.5,589,310.51,3374
2026-07-07 13:10:00,294.5,295.5,292.5,292.5,832,309.6,3374
2026-07-07 13:15:00,293.0,294.0,292.5,293.0,505,309.06,3374
2026-07-07 13:20:00,293.5,295.5,293.5,295.0,490,308.6,3374
2026-07-07 13:30:00,295.0,295.0,295.0,295.0,365,308.29,3374
2026-07-08 09:00:00,313.0,324.5,312.0,324.5,4744,321.79,3374
2026-07-08 09:05:00,324.5,324.5,320.5,320.5,1832,322.13,3374
2026-07-08 09:10:00,320.5,324.5,320.5,324.5,2499,322.59,3374
2026-07-08 09:15:00,324.5,324.5,324.5,324.5,254,322.64,3374
2026-07-08 09:20:00,324.5,324.5,321.5,324.0,1841,322.9,3374
2026-07-08 09:25:00,324.0,324.5,321.5,321.5,618,322.97,3374
2026-07-08 09:30:00,322.0,323.5,320.5,321.5,650,322.9,3374
2026-07-08 09:35:00,322.0,324.5,320.5,323.5,651,322.88,3374
2026-07-08 09:40:00,324.0,324.5,323.0,324.0,361,322.9,3374
2026-07-08 09:45:00,324.0,324.5,324.0,324.5,1033,323.02,3374
2026-07-08 09:50:00,324.5,324.5,324.5,324.5,134,323.03,3374
2026-07-08 09:55:00,324.5,324.5,324.5,324.5,70,323.04,3374
2026-07-08 10:00:00,324.5,324.5,322.0,323.5,492,323.07,3374
2026-07-08 10:05:00,324.0,324.5,322.5,323.0,121,323.08,3374
2026-07-08 10:10:00,323.0,324.5,322.5,324.5,406,323.11,3374
2026-07-08 10:15:00,324.5,324.5,324.5,324.5,71,323.12,3374
2026-07-08 10:20:00,324.5,324.5,324.5,324.5,54,323.12,3374
2026-07-08 10:25:00,324.5,324.5,324.5,324.5,93,323.13,3374
2026-07-08 10:30:00,324.5,324.5,324.5,324.5,33,323.13,3374
2026-07-08 10:35:00,324.5,324.5,324.5,324.5,22,323.13,3374
2026-07-08 10:40:00,324.5,324.5,324.5,324.5,30,323.14,3374
2026-07-08 10:45:00,324.5,324.5,324.5,324.5,14,323.14,3374
2026-07-08 10:50:00,324.5,324.5,324.5,324.5,9,323.14,3374
2026-07-08 10:55:00,324.5,324.5,324.5,324.5,10,323.14,3374
2026-07-08 11:00:00,324.5,324.5,324.5,324.5,7,323.14,3374
2026-07-08 11:05:00,324.5,324.5,324.5,324.5,7,323.14,3374
2026-07-08 11:10:00,324.5,324.5,324.5,324.5,7,323.14,3374
2026-07-08 11:15:00,324.5,324.5,324.5,324.5,9,323.14,3374
2026-07-08 11:20:00,324.5,324.5,324.5,324.5,4,323.14,3374
2026-07-08 11:25:00,324.5,324.5,324.5,324.5,5,323.14,3374
2026-07-08 11:30:00,324.5,324.5,324.5,324.5,16,323.14,3374
2026-07-08 11:35:00,324.5,324.5,324.5,324.5,8,323.14,3374
2026-07-08 11:40:00,324.5,324.5,324.5,324.5,18,323.14,3374
2026-07-08 11:45:00,324.5,324.5,324.5,324.5,2,323.15,3374
2026-07-08 11:50:00,324.5,324.5,324.5,324.5,14,323.15,3374
2026-07-08 11:55:00,324.5,324.5,324.5,324.5,20,323.15,3374
2026-07-08 12:00:00,324.5,324.5,324.5,324.5,14,323.15,3374
2026-07-08 12:05:00,324.5,324.5,324.5,324.5,25,323.15,3374
2026-07-08 12:10:00,324.5,324.5,324.5,324.5,14,323.15,3374
2026-07-08 12:15:00,324.5,324.5,324.5,324.5,11,323.15,3374
2026-07-08 12:20:00,324.5,324.5,324.5,324.5,11,323.15,3374
2026-07-08 12:25:00,324.5,324.5,324.5,324.5,23,323.16,3374
2026-07-08 12:30:00,324.5,324.5,324.5,324.5,16,323.16,3374
2026-07-08 12:35:00,324.5,324.5,324.5,324.5,15,323.16,3374
2026-07-08 12:40:00,324.5,324.5,324.5,324.5,8,323.16,3374
2026-07-08 12:45:00,324.5,324.5,324.5,324.5,11,323.16,3374
2026-07-08 12:50:00,324.5,324.5,324.5,324.5,4,323.16,3374
2026-07-08 12:55:00,324.5,324.5,324.5,324.5,13,323.16,3374
2026-07-08 13:00:00,324.5,324.5,324.5,324.5,14,323.16,3374
2026-07-08 13:05:00,324.5,324.5,324.5,324.5,13,323.16,3374
2026-07-08 13:10:00,324.5,324.5,324.5,324.5,12,323.16,3374
2026-07-08 13:15:00,324.5,324.5,324.5,324.5,129,323.18,3374
2026-07-08 13:20:00,324.5,324.5,324.5,324.5,58,323.18,3374
2026-07-08 13:30:00,324.5,324.5,324.5,324.5,17,323.18,3374
2026-07-09 09:00:00,344.5,356.5,343.5,356.5,5497,351.91,3374
2026-07-09 09:05:00,356.5,356.5,356.5,356.5,359,352.19,3374
2026-07-09 09:10:00,356.5,356.5,356.5,356.5,117,352.28,3374
2026-07-09 09:15:00,356.5,356.5,356.5,356.5,97,352.34,3374
2026-07-09 09:20:00,356.5,356.5,356.5,356.5,61,352.39,3374
2026-07-09 09:25:00,356.5,356.5,356.5,356.5,33,352.41,3374
2026-07-09 09:30:00,356.5,356.5,356.5,356.5,50,352.44,3374
2026-07-09 09:35:00,356.5,356.5,356.5,356.5,62,352.48,3374
2026-07-09 09:40:00,356.5,356.5,356.5,356.5,71,352.53,3374
2026-07-09 09:45:00,356.5,356.5,356.5,356.5,20,352.54,3374
2026-07-09 09:50:00,356.5,356.5,356.5,356.5,25,352.55,3374
2026-07-09 09:55:00,356.5,356.5,356.5,356.5,42,352.58,3374
2026-07-09 10:00:00,356.5,356.5,356.5,356.5,42,352.61,3374
2026-07-09 10:05:00,356.5,356.5,356.5,356.5,29,352.62,3374
2026-07-09 10:10:00,356.5,356.5,356.5,356.5,35,352.64,3374
2026-07-09 10:15:00,356.5,356.5,356.5,356.5,52,352.67,3374
2026-07-09 10:20:00,356.5,356.5,356.5,356.5,8,352.68,3374
2026-07-09 10:25:00,356.5,356.5,356.5,356.5,30,352.7,3374
2026-07-09 10:30:00,356.5,356.5,356.5,356.5,18,352.71,3374
2026-07-09 10:35:00,356.5,356.5,356.5,356.5,28,352.72,3374
2026-07-09 10:40:00,356.5,356.5,356.5,356.5,15,352.73,3374
2026-07-09 10:45:00,356.5,356.5,356.5,356.5,29,352.75,3374
2026-07-09 10:50:00,356.5,356.5,356.5,356.5,45,352.77,3374
2026-07-09 10:55:00,356.5,356.5,356.5,356.5,16,352.78,3374
2026-07-09 11:00:00,356.5,356.5,356.5,356.5,48,352.81,3374
2026-07-09 11:05:00,356.5,356.5,356.5,356.5,41,352.83,3374
2026-07-09 11:10:00,356.5,356.5,352.5,354.0,3409,353.97,3374
2026-07-09 11:15:00,354.5,356.5,353.5,356.5,1097,354.16,3374
2026-07-09 11:20:00,356.5,356.5,356.5,356.5,44,354.17,3374
2026-07-09 11:25:00,356.5,356.5,356.5,356.5,18,354.18,3374
2026-07-09 11:30:00,356.5,356.5,356.5,356.5,13,354.18,3374
2026-07-09 11:35:00,356.5,356.5,356.5,356.5,24,354.18,3374
2026-07-09 11:40:00,356.5,356.5,356.5,356.5,17,354.19,3374
2026-07-09 11:45:00,356.5,356.5,356.5,356.5,4,354.19,3374
2026-07-09 11:50:00,356.5,356.5,356.5,356.5,1695,354.49,3374
2026-07-09 11:55:00,356.5,356.5,356.5,356.5,23,354.49,3374
2026-07-09 12:00:00,356.5,356.5,356.5,356.5,21,354.49,3374
2026-07-09 12:05:00,356.5,356.5,356.5,356.5,23,354.5,3374
2026-07-09 12:10:00,356.5,356.5,356.5,356.5,11,354.5,3374
2026-07-09 12:15:00,356.5,356.5,356.5,356.5,12,354.5,3374
2026-07-09 12:20:00,356.5,356.5,356.5,356.5,26,354.5,3374
2026-07-09 12:25:00,356.5,356.5,356.5,356.5,67,354.51,3374
2026-07-09 12:30:00,356.5,356.5,356.5,356.5,23,354.52,3374
2026-07-09 12:35:00,356.5,356.5,356.5,356.5,11,354.52,3374
2026-07-09 12:40:00,356.5,356.5,356.5,356.5,8,354.52,3374
2026-07-09 12:45:00,356.5,356.5,356.5,356.5,39,354.53,3374
2026-07-09 12:50:00,356.5,356.5,356.5,356.5,46,354.53,3374
2026-07-09 12:55:00,356.5,356.5,356.5,356.5,20,354.53,3374
2026-07-09 13:00:00,356.5,356.5,356.5,356.5,15,354.54,3374
2026-07-09 13:05:00,356.5,356.5,356.5,356.5,38,354.54,3374
2026-07-09 13:10:00,356.5,356.5,356.5,356.5,47,354.55,3374
2026-07-09 13:15:00,356.5,356.5,356.5,356.5,13,354.55,3374
2026-07-09 13:20:00,356.5,356.5,356.5,356.5,35,354.56,3374
2026-07-09 13:30:00,356.5,356.5,356.5,356.5,15,354.56,3374
2026-07-13 09:00:00,371.5,371.5,351.0,357.5,3722,364.64,3374
2026-07-13 09:05:00,357.0,360.0,350.5,359.0,2018,361.84,3374
2026-07-13 09:10:00,358.0,363.0,355.5,359.5,1498,361.43,3374
2026-07-13 09:15:00,360.5,360.5,357.0,359.5,449,361.3,3374
2026-07-13 09:20:00,359.5,360.5,357.5,358.0,427,361.17,3374
2026-07-13 09:25:00,358.0,359.5,355.0,359.0,673,360.82,3374
2026-07-13 09:30:00,359.0,359.0,348.0,350.0,1026,359.94,3374
2026-07-13 09:35:00,351.0,353.0,348.0,351.5,763,359.3,3374
2026-07-13 09:40:00,351.5,352.0,346.0,346.5,531,358.78,3374
2026-07-13 09:45:00,347.0,350.0,346.5,349.5,450,358.36,3374
2026-07-13 09:50:00,349.5,351.0,345.0,350.0,532,357.91,3374
2026-07-13 09:55:00,350.0,367.0,348.5,365.5,1343,357.94,3374
2026-07-13 10:00:00,365.5,370.0,363.5,367.5,1628,358.87,3374
2026-07-13 10:05:00,367.5,373.5,367.0,367.5,1781,360.05,3374
2026-07-13 10:10:00,368.0,370.5,367.5,369.0,543,360.33,3374
2026-07-13 10:15:00,368.5,369.0,365.5,367.5,357,360.46,3374
2026-07-13 10:20:00,367.0,372.0,367.0,371.0,688,360.83,3374
2026-07-13 10:25:00,371.5,377.0,371.0,374.0,1345,361.75,3374
2026-07-13 10:30:00,374.0,378.0,371.5,376.0,731,362.2,3374
2026-07-13 10:35:00,376.0,378.0,373.5,375.5,582,362.58,3374
2026-07-13 10:40:00,375.5,375.5,373.0,374.5,224,362.7,3374
2026-07-13 10:45:00,375.0,375.0,370.5,372.5,420,362.88,3374
2026-07-13 10:50:00,373.0,374.0,368.0,368.0,629,363.06,3374
2026-07-13 10:55:00,368.0,369.5,368.0,369.0,137,363.1,3374
2026-07-13 11:00:00,369.5,370.0,367.0,367.5,190,363.13,3374
2026-07-13 11:05:00,367.5,370.5,367.0,370.0,246,363.19,3374
2026-07-13 11:10:00,370.0,370.0,367.5,367.5,67,363.21,3374
2026-07-13 11:15:00,368.0,369.5,364.0,364.5,340,363.24,3374
2026-07-13 11:20:00,364.5,366.5,362.0,363.0,362,363.26,3374
2026-07-13 11:25:00,363.0,366.0,363.0,365.5,135,363.26,3374
2026-07-13 11:30:00,365.5,365.5,361.0,362.5,225,363.26,3374
2026-07-13 11:35:00,362.5,362.5,361.0,361.5,111,363.26,3374
2026-07-13 11:40:00,362.0,364.5,359.0,360.0,265,363.24,3374
2026-07-13 11:45:00,360.0,361.5,359.5,360.0,142,363.22,3374
2026-07-13 11:50:00,360.5,360.5,358.5,360.0,170,363.19,3374
2026-07-13 11:55:00,360.5,360.5,359.5,359.5,63,363.18,3374
2026-07-13 12:00:00,359.5,359.5,356.5,357.0,249,363.13,3374
2026-07-13 12:05:00,357.0,359.0,356.0,358.0,178,363.09,3374
2026-07-13 12:10:00,357.5,358.0,356.5,357.5,109,363.06,3374
2026-07-13 12:15:00,358.0,360.0,357.0,359.5,129,363.04,3374
2026-07-13 12:20:00,359.5,362.5,358.5,359.0,292,363.02,3374
2026-07-13 12:25:00,359.5,360.0,358.5,360.0,55,363.01,3374
2026-07-13 12:30:00,360.0,360.0,358.0,358.5,51,363.0,3374
2026-07-13 12:35:00,358.0,359.5,358.0,358.0,43,362.99,3374
2026-07-13 12:40:00,358.0,358.5,356.0,358.5,140,362.96,3374
2026-07-13 12:45:00,358.0,358.0,357.5,357.5,40,362.95,3374
2026-07-13 12:50:00,357.0,358.0,357.0,358.0,66,362.94,3374
2026-07-13 12:55:00,358.0,359.5,358.0,358.0,125,362.92,3374
2026-07-13 13:00:00,358.0,358.0,357.0,357.5,90,362.9,3374
2026-07-13 13:05:00,357.5,361.0,357.0,360.5,211,362.87,3374
2026-07-13 13:10:00,360.5,362.0,360.0,360.5,188,362.85,3374
2026-07-13 13:15:00,360.5,360.5,358.0,358.5,264,362.82,3374
2026-07-13 13:20:00,359.0,361.0,358.0,358.0,366,362.77,3374
2026-07-13 13:30:00,358.0,358.0,358.0,358.0,619,362.67,3374
2026-07-14 09:00:00,358.0,370.0,355.0,366.5,2213,362.86,3374
2026-07-14 09:05:00,366.5,369.0,360.5,364.0,1636,363.92,3374
2026-07-14 09:10:00,364.5,364.5,354.0,354.0,1257,362.5,3374
2026-07-14 09:15:00,354.0,357.0,350.0,354.5,939,361.11,3374
2026-07-14 09:20:00,355.0,358.0,353.0,353.0,455,360.73,3374
2026-07-14 09:25:00,353.0,355.0,350.5,351.0,488,360.18,3374
2026-07-14 09:30:00,351.5,354.0,347.5,348.0,713,359.23,3374
2026-07-14 09:35:00,348.0,353.0,345.0,352.0,656,358.34,3374
2026-07-14 09:40:00,351.5,353.0,348.0,351.0,418,357.99,3374
2026-07-14 09:45:00,351.0,352.0,348.0,348.5,183,357.82,3374
2026-07-14 09:50:00,348.0,352.0,347.5,350.5,299,357.54,3374
2026-07-14 09:55:00,350.0,351.0,347.0,348.0,390,357.17,3374
2026-07-14 10:00:00,348.0,350.5,347.0,348.0,219,356.99,3374
2026-07-14 10:05:00,348.0,351.0,347.0,350.5,205,356.84,3374
2026-07-14 10:10:00,350.0,350.0,346.0,346.5,441,356.44,3374
2026-07-14 10:15:00,346.0,346.0,340.0,341.5,962,355.34,3374
2026-07-14 10:20:00,342.0,344.0,340.5,341.0,361,354.94,3374
2026-07-14 10:25:00,341.0,342.0,338.5,342.0,400,354.46,3374
2026-07-14 10:30:00,341.5,343.0,337.5,338.5,229,354.19,3374
2026-07-14 10:35:00,339.0,345.0,338.5,345.0,354,353.84,3374
2026-07-14 10:40:00,345.0,346.0,342.5,344.5,301,353.62,3374
2026-07-14 10:45:00,344.5,347.0,344.0,347.0,212,353.5,3374
2026-07-14 10:50:00,347.0,349.5,344.0,346.0,245,353.39,3374
2026-07-14 10:55:00,345.5,352.0,345.0,351.5,346,353.29,3374
2026-07-14 11:00:00,351.0,351.5,347.0,347.0,132,353.25,3374
2026-07-14 11:05:00,347.0,349.0,345.5,346.0,170,353.18,3374
2026-07-14 11:10:00,346.0,346.0,344.0,344.0,73,353.14,3374
2026-07-14 11:15:00,344.0,346.0,344.0,345.5,116,353.07,3374
2026-07-14 11:20:00,345.5,346.0,343.0,346.0,144,352.99,3374
2026-07-14 11:25:00,346.0,351.5,346.0,351.0,225,352.93,3374
2026-07-14 11:30:00,351.0,352.5,349.0,350.0,196,352.91,3374
2026-07-14 11:35:00,349.5,350.5,347.5,348.5,73,352.89,3374
2026-07-14 11:40:00,348.5,349.0,345.5,347.5,88,352.86,3374
2026-07-14 11:45:00,347.5,350.0,347.0,349.5,82,352.84,3374
2026-07-14 11:50:00,349.5,352.0,349.5,351.5,130,352.82,3374
2026-07-14 11:55:00,352.0,354.5,351.5,354.0,269,352.83,3374
2026-07-14 12:00:00,354.0,354.5,351.5,352.5,165,352.83,3374
2026-07-14 12:05:00,352.5,355.0,351.5,353.5,186,352.84,3374
2026-07-14 12:10:00,353.5,353.5,350.5,351.0,87,352.84,3374
2026-07-14 12:15:00,351.5,351.5,349.0,349.5,71,352.83,3374
2026-07-14 12:20:00,349.5,352.5,349.0,352.0,59,352.82,3374
2026-07-14 12:25:00,352.0,354.5,352.0,353.5,98,352.82,3374
2026-07-14 12:30:00,353.5,355.5,353.5,354.5,154,352.84,3374
2026-07-14 12:35:00,354.5,361.5,354.0,361.0,768,353.1,3374
2026-07-14 12:40:00,360.5,362.0,359.0,360.0,551,353.34,3374
2026-07-14 12:45:00,359.5,362.0,359.5,360.5,277,353.46,3374
2026-07-14 12:50:00,361.0,361.5,358.0,361.0,219,353.53,3374
2026-07-14 12:55:00,361.0,364.5,360.5,363.0,549,353.81,3374
2026-07-14 13:00:00,363.0,365.0,362.0,363.0,307,353.97,3374
2026-07-14 13:05:00,363.0,363.0,361.0,362.5,220,354.07,3374
2026-07-14 13:10:00,362.5,364.0,362.0,363.0,309,354.21,3374
2026-07-14 13:15:00,363.0,363.0,361.5,362.5,255,354.32,3374
2026-07-14 13:20:00,363.0,365.0,362.5,364.5,485,354.55,3374
2026-07-14 13:30:00,365.5,365.5,365.5,365.5,690,354.91,3374
2026-07-15 09:00:00,392.0,402.0,392.0,402.0,3378,398.14,3374
2026-07-15 09:05:00,402.0,402.0,402.0,402.0,717,398.81,3374
2026-07-15 09:10:00,402.0,402.0,402.0,402.0,601,399.22,3374
2026-07-15 09:15:00,402.0,402.0,402.0,402.0,171,399.32,3374
2026-07-15 09:20:00,402.0,402.0,402.0,402.0,75,399.36,3374
2026-07-15 09:25:00,402.0,402.0,402.0,402.0,100,399.41,3374
2026-07-15 09:30:00,402.0,402.0,402.0,402.0,29,399.43,3374
2026-07-15 09:35:00,402.0,402.0,402.0,402.0,24,399.44,3374
2026-07-15 09:40:00,402.0,402.0,402.0,402.0,60,399.47,3374
2026-07-15 09:45:00,402.0,402.0,402.0,402.0,23,399.48,3374
2026-07-15 09:50:00,402.0,402.0,402.0,402.0,181,399.56,3374
2026-07-15 09:55:00,402.0,402.0,402.0,402.0,13,399.57,3374
2026-07-15 10:00:00,402.0,402.0,402.0,402.0,21,399.58,3374
2026-07-15 10:05:00,402.0,402.0,402.0,402.0,42,399.6,3374
2026-07-15 10:10:00,402.0,402.0,402.0,402.0,87,399.64,3374
2026-07-15 10:15:00,402.0,402.0,402.0,402.0,10,399.64,3374
2026-07-15 10:20:00,402.0,402.0,402.0,402.0,14,399.65,3374
2026-07-15 10:25:00,402.0,402.0,402.0,402.0,7,399.65,3374
2026-07-15 10:30:00,402.0,402.0,402.0,402.0,28,399.66,3374
2026-07-15 10:35:00,402.0,402.0,402.0,402.0,2,399.66,3374
2026-07-15 10:40:00,402.0,402.0,402.0,402.0,6,399.66,3374
2026-07-15 10:45:00,402.0,402.0,402.0,402.0,10,399.67,3374
2026-07-15 10:50:00,402.0,402.0,402.0,402.0,35,399.68,3374
2026-07-15 10:55:00,402.0,402.0,402.0,402.0,7,399.69,3374
2026-07-15 11:00:00,402.0,402.0,402.0,402.0,6,399.69,3374
2026-07-15 11:05:00,402.0,402.0,402.0,402.0,4,399.69,3374
2026-07-15 11:10:00,402.0,402.0,402.0,402.0,3,399.69,3374
2026-07-15 11:15:00,402.0,402.0,402.0,402.0,2,399.69,3374
2026-07-15 11:20:00,402.0,402.0,402.0,402.0,10,399.7,3374
2026-07-15 11:25:00,402.0,402.0,402.0,402.0,4,399.7,3374
2026-07-15 11:30:00,402.0,402.0,402.0,402.0,5,399.7,3374
2026-07-15 11:35:00,402.0,402.0,402.0,402.0,1,399.7,3374
2026-07-15 11:40:00,402.0,402.0,402.0,402.0,6,399.7,3374
2026-07-15 11:45:00,402.0,402.0,402.0,402.0,5,399.7,3374
2026-07-15 11:50:00,402.0,402.0,402.0,402.0,7,399.71,3374
2026-07-15 11:55:00,402.0,402.0,402.0,402.0,8,399.71,3374
2026-07-15 12:00:00,402.0,402.0,402.0,402.0,10,399.71,3374
2026-07-15 12:05:00,402.0,402.0,402.0,402.0,7,399.72,3374
2026-07-15 12:10:00,402.0,402.0,402.0,402.0,2,399.72,3374
2026-07-15 12:15:00,402.0,402.0,402.0,402.0,13,399.72,3374
2026-07-15 12:20:00,402.0,402.0,402.0,402.0,12,399.73,3374
2026-07-15 12:25:00,402.0,402.0,402.0,402.0,3,399.73,3374
2026-07-15 12:30:00,402.0,402.0,402.0,402.0,16,399.74,3374
2026-07-15 12:35:00,402.0,402.0,402.0,402.0,16,399.74,3374
2026-07-15 12:40:00,402.0,402.0,402.0,402.0,14,399.75,3374
2026-07-15 12:45:00,402.0,402.0,402.0,402.0,25,399.76,3374
2026-07-15 12:50:00,402.0,402.0,402.0,402.0,14,399.76,3374
2026-07-15 12:55:00,402.0,402.0,402.0,402.0,14,399.77,3374
2026-07-15 13:00:00,402.0,402.0,402.0,402.0,15,399.77,3374
2026-07-15 13:05:00,402.0,402.0,402.0,402.0,14,399.78,3374
2026-07-15 13:10:00,402.0,402.0,402.0,402.0,10,399.78,3374
2026-07-15 13:15:00,402.0,402.0,402.0,402.0,30,399.79,3374
2026-07-15 13:20:00,402.0,402.0,402.0,402.0,17,399.8,3374
2026-07-15 13:30:00,402.0,402.0,402.0,402.0,8,399.8,3374
2026-07-16 09:00:00,413.0,418.0,400.5,402.0,6223,410.75,3374
2026-07-16 09:05:00,402.0,406.0,393.5,395.5,2614,407.74,3374
2026-07-16 09:10:00,395.5,404.0,395.0,403.5,1516,406.7,3374
2026-07-16 09:15:00,403.5,404.0,396.5,397.0,1252,405.97,3374
2026-07-16 09:20:00,396.5,399.5,395.0,396.5,654,405.49,3374
2026-07-16 09:25:00,396.0,398.5,392.5,395.5,849,404.81,3374
2026-07-16 09:30:00,396.0,398.5,389.5,390.5,858,404.06,3374
2026-07-16 09:35:00,390.5,394.5,390.5,391.5,431,403.72,3374
2026-07-16 09:40:00,391.5,391.5,383.0,383.5,1270,402.32,3374
2026-07-16 09:45:00,384.0,389.5,384.0,389.5,499,401.84,3374
2026-07-16 09:50:00,389.0,393.5,388.0,393.0,542,401.45,3374
2026-07-16 09:55:00,393.0,395.0,390.5,390.5,439,401.24,3374
2026-07-16 10:00:00,390.0,391.0,388.5,391.0,221,401.09,3374
2026-07-16 10:05:00,391.0,393.5,389.0,392.0,141,401.02,3374
2026-07-16 10:10:00,391.5,396.5,391.0,396.0,324,400.9,3374
2026-07-16 10:15:00,396.0,396.0,394.0,395.5,234,400.83,3374
2026-07-16 10:20:00,394.5,399.5,394.5,399.5,490,400.73,3374
2026-07-16 10:25:00,399.0,402.0,399.0,400.0,626,400.72,3374
2026-07-16 10:30:00,400.5,401.0,398.5,401.0,232,400.71,3374
2026-07-16 10:35:00,401.0,402.5,399.5,399.5,498,400.73,3374
2026-07-16 10:40:00,399.5,400.0,398.5,398.5,183,400.72,3374
2026-07-16 10:45:00,398.5,399.0,397.5,399.0,123,400.7,3374
2026-07-16 10:50:00,399.5,401.0,398.5,401.0,74,400.7,3374
2026-07-16 10:55:00,401.0,405.0,401.0,404.5,752,400.8,3374
2026-07-16 11:00:00,404.5,406.0,403.0,403.0,444,400.88,3374
2026-07-16 11:05:00,403.0,404.0,402.5,404.0,84,400.89,3374
2026-07-16 11:10:00,404.0,404.0,401.5,402.5,149,400.9,3374
2026-07-16 11:15:00,402.5,405.0,401.0,401.0,249,400.92,3374
2026-07-16 11:20:00,401.0,402.5,401.0,401.5,99,400.93,3374
2026-07-16 11:25:00,401.5,403.0,400.0,403.0,282,400.93,3374
2026-07-16 11:30:00,403.0,410.0,403.0,409.5,1170,401.24,3374
2026-07-16 11:35:00,410.0,412.5,404.5,404.5,1015,401.61,3374
2026-07-16 11:40:00,404.5,405.5,403.0,404.0,246,401.64,3374
2026-07-16 11:45:00,405.0,405.5,402.0,404.5,131,401.65,3374
2026-07-16 11:50:00,404.5,406.0,403.5,405.0,105,401.66,3374
2026-07-16 11:55:00,405.5,408.0,405.5,406.0,180,401.7,3374
2026-07-16 12:00:00,407.0,408.0,405.5,405.5,125,401.72,3374
2026-07-16 12:05:00,405.5,405.5,403.5,404.0,70,401.73,3374
2026-07-16 12:10:00,404.0,407.5,403.5,407.0,194,401.76,3374
2026-07-16 12:15:00,407.5,410.0,405.5,406.0,467,401.87,3374
2026-07-16 12:20:00,405.5,406.0,403.0,403.0,166,401.89,3374
2026-07-16 12:25:00,403.5,404.0,401.0,403.0,266,401.89,3374
2026-07-16 12:30:00,403.0,404.5,402.5,402.5,95,401.9,3374
2026-07-16 12:35:00,403.5,404.0,400.5,400.5,158,401.9,3374
2026-07-16 12:40:00,401.0,402.0,396.5,396.5,375,401.86,3374
2026-07-16 12:45:00,397.0,397.5,394.5,395.0,493,401.74,3374
2026-07-16 12:50:00,394.5,394.5,390.0,392.0,547,401.54,3374
2026-07-16 12:55:00,392.0,392.5,388.5,390.0,376,401.4,3374
2026-07-16 13:00:00,390.5,393.5,389.0,391.0,246,401.31,3374
2026-07-16 13:05:00,391.0,391.5,387.0,390.5,652,401.03,3374
2026-07-16 13:10:00,390.5,394.5,390.5,394.5,280,400.96,3374
2026-07-16 13:15:00,394.0,394.5,391.0,391.0,235,400.89,3374
2026-07-16 13:20:00,391.5,394.5,390.5,393.5,683,400.7,3374
2026-07-16 13:30:00,395.0,395.0,395.0,395.0,793,400.56,3374
2026-07-17 09:00:00,369.0,381.5,368.0,381.5,1669,374.25,3374
2026-07-17 09:05:00,383.0,384.5,378.0,383.5,1531,377.58,3374
2026-07-17 09:10:00,384.0,390.0,379.5,388.0,1317,379.88,3374
2026-07-17 09:15:00,388.0,390.5,383.0,385.0,797,380.87,3374
2026-07-17 09:20:00,385.0,386.5,376.5,378.0,884,381.0,3374
2026-07-17 09:25:00,378.5,380.5,376.5,379.5,515,380.79,3374
2026-07-17 09:30:00,379.5,379.5,370.0,370.0,813,380.05,3374
2026-07-17 09:35:00,370.0,370.5,365.0,366.5,1403,378.15,3374
2026-07-17 09:40:00,367.0,368.5,366.5,366.5,406,377.68,3374
2026-07-17 09:45:00,367.0,371.5,363.5,370.5,832,376.78,3374
2026-07-17 09:50:00,370.5,373.5,368.0,373.5,244,376.66,3374
2026-07-17 09:55:00,374.0,376.5,372.5,374.5,378,376.59,3374
2026-07-17 10:00:00,374.5,378.0,372.0,373.5,338,376.56,3374
2026-07-17 10:05:00,373.5,374.5,371.5,372.0,112,376.53,3374
2026-07-17 10:10:00,372.0,372.5,370.5,371.0,176,376.45,3374
2026-07-17 10:15:00,371.0,372.5,370.0,372.5,102,376.4,3374
2026-07-17 10:20:00,373.0,373.0,371.0,371.5,46,376.38,3374
2026-07-17 10:25:00,371.5,373.0,368.5,370.5,198,376.28,3374
2026-07-17 10:30:00,371.0,371.0,367.5,368.0,145,376.18,3374
2026-07-17 10:35:00,368.0,368.0,366.0,367.0,184,376.04,3374
2026-07-17 10:40:00,367.5,369.0,367.0,368.5,260,375.87,3374
2026-07-17 10:45:00,368.5,368.5,366.0,366.0,134,375.78,3374
2026-07-17 10:50:00,366.0,367.0,364.0,367.0,277,375.55,3374
2026-07-17 10:55:00,367.0,369.5,367.0,368.5,145,375.47,3374
2026-07-17 11:00:00,368.5,370.0,368.0,370.0,182,375.39,3374
2026-07-17 11:05:00,370.0,374.0,370.0,373.5,249,375.32,3374
2026-07-17 11:10:00,373.5,374.0,371.0,371.0,154,375.29,3374
2026-07-17 11:15:00,370.5,372.0,370.0,371.5,41,375.28,3374
2026-07-17 11:20:00,371.5,374.0,371.0,373.5,105,375.26,3374
2026-07-17 11:25:00,373.5,374.0,373.0,373.0,97,375.25,3374
2026-07-17 11:30:00,373.0,373.0,369.0,369.0,85,375.22,3374
2026-07-17 11:35:00,368.5,368.5,365.0,366.0,230,375.08,3374
2026-07-17 11:40:00,366.0,368.0,366.0,366.5,86,375.03,3374
2026-07-17 11:45:00,366.5,366.5,365.5,365.5,294,374.84,3374
2026-07-17 11:50:00,365.5,366.5,363.5,364.0,266,374.65,3374
2026-07-17 11:55:00,363.5,364.0,362.5,362.5,127,374.55,3374
2026-07-17 12:00:00,362.5,363.5,359.0,360.0,717,373.92,3374
2026-07-17 12:05:00,361.0,361.5,360.0,360.5,146,373.8,3374
2026-07-17 12:10:00,360.0,363.5,360.0,360.5,208,373.64,3374
2026-07-17 12:15:00,360.5,362.5,360.5,361.0,84,373.57,3374
2026-07-17 12:20:00,361.0,362.0,356.0,357.5,953,372.7,3374
2026-07-17 12:25:00,356.5,359.0,356.5,358.5,324,372.43,3374
2026-07-17 12:30:00,359.0,359.5,356.5,358.0,189,372.27,3374
2026-07-17 12:35:00,358.0,359.5,358.0,358.5,101,372.19,3374
2026-07-17 12:40:00,358.0,361.0,357.5,361.0,171,372.07,3374
2026-07-17 12:45:00,361.0,361.0,360.0,360.5,61,372.03,3374
2026-07-17 12:50:00,360.5,361.5,360.5,361.0,89,371.97,3374
2026-07-17 12:55:00,360.5,360.5,357.0,358.5,150,371.86,3374
2026-07-17 13:00:00,358.0,358.0,356.0,356.5,227,371.67,3374
2026-07-17 13:05:00,357.0,357.5,355.5,355.5,1039,370.81,3374
2026-07-17 13:10:00,356.5,361.5,355.5,360.5,391,370.56,3374
2026-07-17 13:15:00,361.0,361.0,357.0,357.5,151,370.47,3374
2026-07-17 13:20:00,357.5,358.0,356.5,357.0,226,370.32,3374
2026-07-17 13:30:00,358.5,358.5,358.5,358.5,420,370.08,3374
2026-07-20 09:00:00,361.0,361.5,348.5,349.0,2071,355.21,3374
2026-07-20 09:05:00,350.0,362.0,350.0,362.0,780,355.94,3374
2026-07-20 09:10:00,362.5,362.5,340.5,343.0,797,355.07,3374
2026-07-20 09:15:00,343.5,348.5,341.5,343.0,822,353.14,3374
2026-07-20 09:20:00,343.0,346.0,339.5,345.0,784,351.53,3374
2026-07-20 09:25:00,345.5,348.0,334.0,335.5,1005,349.62,3374
2026-07-20 09:30:00,335.0,341.5,332.0,340.0,757,348.18,3374
2026-07-20 09:35:00,340.0,350.0,338.0,347.5,605,347.85,3374
2026-07-20 09:40:00,347.5,353.0,345.5,353.0,450,347.9,3374
2026-07-20 09:45:00,353.0,358.0,349.5,357.0,665,348.44,3374
2026-07-20 09:50:00,357.0,357.5,352.5,354.0,253,348.63,3374
2026-07-20 09:55:00,354.0,355.0,348.0,349.5,373,348.71,3374
2026-07-20 10:00:00,349.5,354.5,349.0,354.5,228,348.78,3374
2026-07-20 10:05:00,354.5,358.0,353.0,355.0,380,349.04,3374
2026-07-20 10:10:00,355.5,356.0,352.0,353.5,286,349.16,3374
2026-07-20 10:15:00,353.0,353.0,346.0,347.0,261,349.16,3374
2026-07-20 10:20:00,347.0,347.0,342.5,347.0,318,349.04,3374
2026-07-20 10:25:00,347.0,348.5,346.0,348.0,130,349.02,3374
2026-07-20 10:30:00,348.0,351.0,348.0,350.0,107,349.02,3374
2026-07-20 10:35:00,350.5,351.0,347.0,347.0,65,349.02,3374
2026-07-20 10:40:00,346.5,350.0,346.0,348.5,109,349.02,3374
2026-07-20 10:45:00,349.0,349.5,348.5,349.0,36,349.02,3374
2026-07-20 10:50:00,349.5,351.5,347.5,348.0,135,349.03,3374
2026-07-20 10:55:00,348.5,349.0,346.5,347.0,92,349.02,3374
2026-07-20 11:00:00,347.0,349.0,346.5,346.5,51,349.02,3374
2026-07-20 11:05:00,346.5,347.5,344.5,347.5,117,348.98,3374
2026-07-20 11:10:00,348.0,348.5,346.0,348.5,63,348.97,3374
2026-07-20 11:15:00,347.5,348.0,346.0,346.0,59,348.96,3374
2026-07-20 11:20:00,346.5,348.0,346.0,348.0,51,348.95,3374
2026-07-20 11:25:00,348.0,348.0,346.5,347.5,48,348.94,3374
2026-07-20 11:30:00,347.0,347.5,346.5,347.0,51,348.94,3374
2026-07-20 11:35:00,347.0,349.0,346.0,348.0,95,348.92,3374
2026-07-20 11:40:00,348.5,349.0,347.5,349.0,38,348.92,3374
2026-07-20 11:45:00,348.0,349.0,347.0,349.0,63,348.92,3374
2026-07-20 11:50:00,348.5,350.5,348.5,350.0,123,348.92,3374
2026-07-20 11:55:00,351.0,351.5,348.5,349.5,94,348.93,3374
2026-07-20 12:00:00,348.5,351.0,348.5,351.0,59,348.94,3374
2026-07-20 12:05:00,351.0,351.0,348.0,349.0,61,348.94,3374
2026-07-20 12:10:00,349.0,349.0,347.5,348.0,57,348.94,3374
2026-07-20 12:15:00,347.5,347.5,346.5,346.5,67,348.93,3374
2026-07-20 12:20:00,346.5,347.5,346.0,347.0,51,348.92,3374
2026-07-20 12:25:00,346.5,350.0,346.5,348.0,77,348.92,3374
2026-07-20 12:30:00,348.0,350.0,347.0,349.5,24,348.92,3374
2026-07-20 12:35:00,349.5,350.0,349.0,349.5,27,348.92,3374
2026-07-20 12:40:00,349.5,350.0,348.5,349.5,66,348.92,3374
2026-07-20 12:45:00,350.0,350.0,348.5,349.5,195,348.93,3374
2026-07-20 12:50:00,350.0,351.5,349.0,349.5,130,348.94,3374
2026-07-20 12:55:00,349.0,350.5,349.0,349.5,79,348.95,3374
2026-07-20 13:00:00,349.5,350.5,348.5,348.5,127,348.95,3374
2026-07-20 13:05:00,348.5,349.0,347.5,348.5,187,348.95,3374
2026-07-20 13:10:00,348.5,349.0,346.0,346.5,253,348.91,3374
2026-07-20 13:15:00,347.0,347.5,347.0,347.5,133,348.9,3374
2026-07-20 13:20:00,347.5,347.5,345.0,345.5,282,348.84,3374
2026-07-20 13:30:00,345.5,345.5,345.5,345.5,434,348.74,3374
2026-07-21 09:00:00,351.0,353.0,344.0,348.5,1357,347.35,3374
2026-07-21 09:05:00,348.5,348.5,344.0,346.0,659,347.08,3374
2026-07-21 09:10:00,346.0,349.0,345.0,347.5,491,347.06,3374
2026-07-21 09:15:00,348.0,355.0,348.0,353.0,1081,348.68,3374
2026-07-21 09:20:00,353.0,354.5,347.0,352.5,572,348.9,3374
2026-07-21 09:25:00,352.5,353.0,343.5,346.0,648,348.6,3374
2026-07-21 09:30:00,345.5,352.5,345.0,351.0,523,348.61,3374
2026-07-21 09:35:00,351.0,362.5,350.5,356.0,1744,351.0,3374
2026-07-21 09:40:00,355.5,355.5,351.0,351.0,403,351.15,3374
2026-07-21 09:45:00,351.0,353.0,349.5,351.5,359,351.16,3374
2026-07-21 09:50:00,351.5,353.0,350.0,353.0,211,351.16,3374
2026-07-21 09:55:00,352.0,358.5,351.5,357.5,590,351.5,3374
2026-07-21 10:00:00,357.5,367.5,356.0,366.5,1641,353.29,3374
2026-07-21 10:05:00,366.5,375.5,366.5,369.5,1570,355.68,3374
2026-07-21 10:10:00,369.5,370.0,365.0,365.5,339,356.0,3374
2026-07-21 10:15:00,365.5,367.5,363.0,363.0,294,356.21,3374
2026-07-21 10:20:00,363.0,367.0,362.5,366.0,257,356.38,3374
2026-07-21 10:25:00,366.5,367.5,364.0,364.0,216,356.54,3374
2026-07-21 10:30:00,364.0,373.5,364.0,373.5,825,357.37,3374
2026-07-21 10:35:00,373.5,380.0,372.5,378.5,1886,359.84,3374
2026-07-21 10:40:00,378.0,379.5,375.0,377.0,562,360.45,3374
2026-07-21 10:45:00,377.0,380.0,376.5,380.0,1846,362.42,3374
2026-07-21 10:50:00,380.0,380.0,380.0,380.0,244,362.66,3374
2026-07-21 10:55:00,380.0,380.0,380.0,380.0,82,362.73,3374
2026-07-21 11:00:00,380.0,380.0,380.0,380.0,80,362.81,3374
2026-07-21 11:05:00,380.0,380.0,380.0,380.0,88,362.89,3374
2026-07-21 11:10:00,380.0,380.0,380.0,380.0,13,362.9,3374
2026-07-21 11:15:00,380.0,380.0,380.0,380.0,69,362.96,3374
2026-07-21 11:20:00,380.0,380.0,380.0,380.0,24,362.99,3374
2026-07-21 11:25:00,380.0,380.0,380.0,380.0,16,363.0,3374
2026-07-21 11:30:00,380.0,380.0,380.0,380.0,25,363.02,3374
2026-07-21 11:35:00,380.0,380.0,380.0,380.0,20,363.04,3374
2026-07-21 11:40:00,380.0,380.0,380.0,380.0,16,363.06,3374
2026-07-21 11:45:00,380.0,380.0,380.0,380.0,3,363.06,3374
2026-07-21 11:50:00,380.0,380.0,380.0,380.0,5,363.06,3374
2026-07-21 11:55:00,380.0,380.0,380.0,380.0,10,363.07,3374
2026-07-21 12:00:00,380.0,380.0,380.0,380.0,9,363.08,3374
2026-07-21 12:05:00,380.0,380.0,380.0,380.0,8,363.09,3374
2026-07-21 12:10:00,380.0,380.0,380.0,380.0,7,363.09,3374
2026-07-21 12:15:00,380.0,380.0,380.0,380.0,13,363.11,3374
2026-07-21 12:20:00,380.0,380.0,380.0,380.0,3,363.11,3374
2026-07-21 12:25:00,380.0,380.0,380.0,380.0,20,363.13,3374
2026-07-21 12:30:00,380.0,380.0,380.0,380.0,9,363.13,3374
2026-07-21 12:35:00,380.0,380.0,380.0,380.0,24,363.16,3374
2026-07-21 12:40:00,380.0,380.0,380.0,380.0,15,363.17,3374
2026-07-21 12:45:00,380.0,380.0,380.0,380.0,29,363.19,3374
2026-07-21 12:50:00,380.0,380.0,380.0,380.0,23,363.22,3374
2026-07-21 12:55:00,380.0,380.0,380.0,380.0,21,363.23,3374
2026-07-21 13:00:00,380.0,380.0,380.0,380.0,13,363.25,3374
2026-07-21 13:05:00,380.0,380.0,380.0,380.0,27,363.27,3374
2026-07-21 13:10:00,380.0,380.0,380.0,380.0,18,363.28,3374
2026-07-21 13:15:00,380.0,380.0,380.0,380.0,28,363.31,3374
2026-07-21 13:20:00,380.0,380.0,380.0,380.0,38,363.34,3374
2026-07-21 13:30:00,380.0,380.0,380.0,380.0,15,363.36,3374
2026-07-22 09:00:00,395.5,401.5,393.5,396.5,4114,397.1,3374
2026-07-22 09:05:00,396.5,399.0,392.0,393.0,1866,396.73,3374
2026-07-22 09:10:00,393.0,399.0,392.5,398.5,1235,396.57,3374
2026-07-22 09:15:00,398.5,398.5,390.5,390.5,1002,396.32,3374
2026-07-22 09:20:00,391.5,395.0,387.5,390.0,1691,395.43,3374
2026-07-22 09:25:00,390.5,395.0,389.5,392.5,716,395.22,3374
2026-07-22 09:30:00,392.5,396.0,391.0,396.0,666,395.15,3374
2026-07-22 09:35:00,395.5,396.0,392.0,394.0,462,395.15,3374
2026-07-22 09:40:00,394.0,394.0,391.0,392.5,281,395.09,3374
2026-07-22 09:45:00,393.5,404.0,393.0,401.5,2197,395.75,3374
2026-07-22 09:50:00,401.5,410.0,401.0,405.0,2483,397.29,3374
2026-07-22 09:55:00,405.0,406.0,401.0,403.0,454,397.45,3374
2026-07-22 10:00:00,403.0,404.0,402.0,404.0,201,397.51,3374
2026-07-22 10:05:00,404.0,409.5,403.5,404.5,676,397.86,3374
2026-07-22 10:10:00,405.0,412.0,404.5,411.0,959,398.45,3374
2026-07-22 10:15:00,411.0,418.0,410.5,415.5,2955,400.79,3374
2026-07-22 10:20:00,415.5,416.5,413.5,414.5,354,401.02,3374
2026-07-22 10:25:00,414.5,418.0,414.0,418.0,3241,403.13,3374
2026-07-22 10:30:00,417.5,418.0,415.0,415.5,301,403.29,3374
2026-07-22 10:35:00,416.5,416.5,415.5,416.0,182,403.38,3374
2026-07-22 10:40:00,416.0,416.5,415.5,416.0,92,403.42,3374
2026-07-22 10:45:00,416.0,417.5,416.0,417.0,163,403.5,3374
2026-07-22 10:50:00,417.0,418.0,416.5,416.5,147,403.58,3374
2026-07-22 10:55:00,417.0,417.5,416.5,416.5,94,403.63,3374
2026-07-22 11:00:00,417.0,418.0,417.0,417.0,77,403.67,3374
2026-07-22 11:05:00,417.0,417.0,415.0,415.5,232,403.77,3374
2026-07-22 11:10:00,415.5,415.5,410.0,412.0,617,403.96,3374
2026-07-22 11:15:00,412.5,415.0,410.0,413.0,260,404.03,3374
2026-07-22 11:20:00,413.5,415.0,412.5,415.0,177,404.09,3374
2026-07-22 11:25:00,415.0,416.5,414.5,416.5,210,404.18,3374
2026-07-22 11:30:00,416.0,416.5,414.5,414.5,81,404.21,3374
2026-07-22 11:35:00,415.0,417.0,415.0,416.0,127,404.27,3374
2026-07-22 11:40:00,416.0,418.0,412.5,418.0,1848,405.07,3374
2026-07-22 11:45:00,418.0,418.0,417.0,418.0,587,405.31,3374
2026-07-22 11:50:00,418.0,418.0,418.0,418.0,73,405.34,3374
2026-07-22 11:55:00,418.0,418.0,418.0,418.0,143,405.4,3374
2026-07-22 12:00:00,418.0,418.0,418.0,418.0,93,405.44,3374
2026-07-22 12:05:00,418.0,418.0,418.0,418.0,35,405.45,3374
2026-07-22 12:10:00,418.0,418.0,418.0,418.0,231,405.55,3374
2026-07-22 12:15:00,418.0,418.0,418.0,418.0,30,405.56,3374
2026-07-22 12:20:00,418.0,418.0,418.0,418.0,21,405.57,3374
2026-07-22 12:25:00,418.0,418.0,418.0,418.0,21,405.58,3374
2026-07-22 12:30:00,418.0,418.0,418.0,418.0,26,405.59,3374
2026-07-22 12:35:00,418.0,418.0,418.0,418.0,22,405.59,3374
2026-07-22 12:40:00,418.0,418.0,418.0,418.0,11,405.6,3374
2026-07-22 12:45:00,418.0,418.0,418.0,418.0,76,405.63,3374
2026-07-22 12:50:00,418.0,418.0,418.0,418.0,32,405.64,3374
2026-07-22 12:55:00,418.0,418.0,418.0,418.0,108,405.68,3374
2026-07-22 13:00:00,418.0,418.0,418.0,418.0,12,405.69,3374
2026-07-22 13:05:00,418.0,418.0,418.0,418.0,33,405.7,3374
2026-07-22 13:10:00,418.0,418.0,418.0,418.0,45,405.72,3374
2026-07-22 13:15:00,418.0,418.0,416.0,417.5,1208,406.17,3374
2026-07-22 13:20:00,418.0,418.0,417.0,418.0,336,406.28,3374
2026-07-22 13:30:00,418.0,418.0,418.0,418.0,158,406.34,3374
2026-07-23 09:00:00,411.0,411.5,393.5,407.5,3830,402.9,3374
2026-07-23 09:05:00,407.0,412.5,399.5,409.5,2738,404.84,3374
2026-07-23 09:10:00,409.0,417.0,406.0,414.0,1770,406.63,3374
2026-07-23 09:15:00,413.5,418.5,411.5,418.0,1326,407.87,3374
2026-07-23 09:20:00,417.5,418.0,411.0,412.0,638,408.24,3374
2026-07-23 09:25:00,412.0,412.0,408.0,408.5,669,408.37,3374
2026-07-23 09:30:00,408.5,414.0,405.5,414.0,1066,408.37,3374
2026-07-23 09:35:00,414.0,415.0,407.0,407.0,787,408.6,3374
2026-07-23 09:40:00,407.0,409.5,406.5,409.0,190,408.58,3374
2026-07-23 09:45:00,409.0,409.0,405.0,406.5,487,408.49,3374
2026-07-23 09:50:00,407.0,407.5,403.5,404.5,472,408.38,3374
2026-07-23 09:55:00,404.5,406.5,402.0,402.0,355,408.26,3374
2026-07-23 10:00:00,402.0,412.0,400.0,412.0,782,408.06,3374
2026-07-23 10:05:00,412.0,415.0,409.0,411.5,609,408.2,3374
2026-07-23 10:10:00,411.5,412.0,409.0,409.5,244,408.24,3374
2026-07-23 10:15:00,409.5,410.5,406.0,406.5,209,408.24,3374
2026-07-23 10:20:00,406.0,408.5,404.5,405.0,201,408.2,3374
2026-07-23 10:25:00,405.0,406.5,400.0,405.5,680,407.97,3374
2026-07-23 10:30:00,405.5,408.5,405.0,407.0,155,407.96,3374
2026-07-23 10:35:00,407.0,410.5,406.0,406.0,281,407.97,3374
2026-07-23 10:40:00,406.5,408.0,405.0,407.0,111,407.96,3374
2026-07-23 10:45:00,408.0,413.5,407.5,410.0,591,408.08,3374
2026-07-23 10:50:00,410.0,412.0,409.5,411.0,305,408.12,3374
2026-07-23 10:55:00,411.0,412.5,410.0,411.5,163,408.15,3374
2026-07-23 11:00:00,411.0,411.5,408.5,408.5,90,408.16,3374
2026-07-23 11:05:00,408.5,409.0,405.5,406.0,153,408.15,3374
2026-07-23 11:10:00,406.0,406.0,402.5,404.5,189,408.11,3374
2026-07-23 11:15:00,405.0,405.5,402.0,403.5,149,408.07,3374
2026-07-23 11:20:00,404.0,405.0,403.5,403.5,104,408.05,3374
2026-07-23 11:25:00,403.5,405.5,403.5,405.0,87,408.03,3374
2026-07-23 11:30:00,405.0,405.5,403.5,404.5,54,408.02,3374
2026-07-23 11:35:00,405.0,405.0,403.5,404.0,48,408.01,3374
2026-07-23 11:40:00,404.0,404.5,403.5,404.0,56,408.0,3374
2026-07-23 11:45:00,404.0,404.5,402.5,402.5,86,407.98,3374
2026-07-23 11:50:00,402.0,406.5,402.0,406.0,97,407.96,3374
2026-07-23 11:55:00,406.0,406.0,402.0,402.0,66,407.95,3374
2026-07-23 12:00:00,402.0,402.0,401.0,401.0,135,407.91,3374
2026-07-23 12:05:00,401.0,401.0,396.5,398.0,764,407.55,3374
2026-07-23 12:10:00,398.0,405.0,397.0,405.0,361,407.45,3374
2026-07-23 12:15:00,404.5,405.0,402.0,403.5,137,407.43,3374
2026-07-23 12:20:00,403.0,405.5,402.5,404.0,151,407.4,3374
2026-07-23 12:25:00,404.0,407.5,404.0,407.0,291,407.38,3374
2026-07-23 12:30:00,407.5,410.0,406.5,407.0,319,407.4,3374
2026-07-23 12:35:00,407.5,407.5,405.0,407.0,83,407.4,3374
2026-07-23 12:40:00,407.0,407.5,406.0,406.0,39,407.39,3374
2026-07-23 12:45:00,406.0,406.0,405.0,406.0,66,407.39,3374
2026-07-23 12:50:00,405.5,406.0,403.0,403.0,157,407.37,3374
2026-07-23 12:55:00,403.0,403.5,401.0,402.0,147,407.33,3374
2026-07-23 13:00:00,401.5,403.0,399.0,401.5,300,407.23,3374
2026-07-23 13:05:00,401.0,401.5,398.5,399.0,250,407.16,3374
2026-07-23 13:10:00,399.5,401.5,399.5,400.0,230,407.09,3374
2026-07-23 13:15:00,400.0,403.0,399.5,402.0,483,406.96,3374
2026-07-23 13:20:00,402.5,404.5,400.0,400.5,602,406.84,3374
2026-07-23 13:30:00,403.0,403.0,403.0,403.0,899,406.7,3374
2026-07-24 09:00:00,391.0,396.0,377.5,386.5,3045,385.93,3374
2026-07-24 09:05:00,386.5,393.0,379.5,388.0,2173,386.63,3374
2026-07-24 09:10:00,388.0,390.5,385.0,389.0,926,386.85,3374
2026-07-24 09:15:00,388.0,392.0,385.5,390.0,409,387.01,3374
2026-07-24 09:20:00,390.0,399.5,389.5,398.5,821,387.81,3374
2026-07-24 09:25:00,399.0,400.0,396.5,399.5,728,388.8,3374
2026-07-24 09:30:00,399.0,399.5,394.5,396.5,451,389.23,3374
2026-07-24 09:35:00,397.0,401.0,395.0,395.5,447,389.7,3374
2026-07-24 09:40:00,395.5,398.0,393.5,397.0,223,389.83,3374
2026-07-24 09:45:00,397.0,397.5,393.5,393.5,179,389.94,3374
2026-07-24 09:50:00,394.0,394.5,390.0,394.0,344,390.02,3374
2026-07-24 09:55:00,393.5,395.5,393.5,394.0,130,390.08,3374
2026-07-24 10:00:00,393.5,394.0,392.0,392.0,111,390.11,3374
2026-07-24 10:05:00,391.5,391.5,388.5,388.5,387,390.09,3374
2026-07-24 10:10:00,389.0,390.0,385.5,386.0,443,389.98,3374
2026-07-24 10:15:00,386.0,388.0,384.5,385.0,434,389.82,3374
2026-07-24 10:20:00,385.0,385.0,381.0,381.5,344,389.61,3374
2026-07-24 10:25:00,381.5,385.5,381.0,381.0,519,389.31,3374
2026-07-24 10:30:00,381.0,381.0,376.5,376.5,1106,388.41,3374
2026-07-24 10:35:00,376.5,378.0,373.0,375.5,999,387.49,3374
2026-07-24 10:40:00,375.5,378.0,374.5,377.5,238,387.3,3374
2026-07-24 10:45:00,377.5,377.5,374.0,375.0,475,386.93,3374
2026-07-24 10:50:00,374.5,376.5,373.5,376.0,143,386.82,3374
2026-07-24 10:55:00,376.0,377.0,375.0,375.5,150,386.71,3374
2026-07-24 11:00:00,375.5,378.0,375.5,377.0,123,386.63,3374
2026-07-24 11:05:00,377.0,378.5,375.5,375.5,136,386.54,3374
2026-07-24 11:10:00,375.5,379.5,375.0,379.0,78,386.5,3374
2026-07-24 11:15:00,378.5,380.5,378.5,379.5,237,386.39,3374
2026-07-24 11:20:00,379.0,381.0,379.0,379.5,151,386.33,3374
2026-07-24 11:25:00,379.5,385.0,379.5,384.0,216,386.28,3374
2026-07-24 11:30:00,383.5,384.0,378.5,379.0,188,386.22,3374
2026-07-24 11:35:00,379.5,380.0,379.0,379.5,42,386.2,3374
2026-07-24 11:40:00,379.5,379.5,378.0,378.5,57,386.18,3374
2026-07-24 11:45:00,378.5,379.5,378.0,378.0,61,386.15,3374
2026-07-24 11:50:00,378.0,378.0,375.5,377.0,109,386.09,3374
2026-07-24 11:55:00,376.5,376.5,374.5,374.5,181,385.97,3374
2026-07-24 12:00:00,374.5,375.0,373.5,374.5,86,385.91,3374
2026-07-24 12:05:00,374.5,376.5,374.0,375.5,68,385.86,3374
2026-07-24 12:10:00,376.0,376.0,373.5,374.0,120,385.79,3374
2026-07-24 12:15:00,374.5,376.5,374.0,376.0,85,385.73,3374
2026-07-24 12:20:00,376.0,377.0,374.5,377.0,56,385.7,3374
2026-07-24 12:25:00,377.0,379.5,377.0,379.0,106,385.65,3374
2026-07-24 12:30:00,379.5,379.5,376.5,377.5,30,385.64,3374
2026-07-24 12:35:00,377.0,377.5,376.0,376.0,56,385.61,3374
2026-07-24 12:40:00,376.0,376.5,375.0,376.5,66,385.57,3374
2026-07-24 12:45:00,376.5,377.0,375.0,375.5,80,385.53,3374
2026-07-24 12:50:00,375.5,375.5,375.0,375.5,75,385.48,3374
2026-07-24 12:55:00,376.0,376.0,374.5,376.0,111,385.42,3374
2026-07-24 13:00:00,375.5,376.0,369.5,369.5,645,384.94,3374
2026-07-24 13:05:00,370.0,370.5,368.5,369.0,454,384.56,3374
2026-07-24 13:10:00,369.0,369.0,366.0,366.5,499,384.12,3374
2026-07-24 13:15:00,366.0,367.0,363.0,363.0,1233,382.91,3374
2026-07-24 13:20:00,363.0,365.0,363.0,364.5,595,382.35,3374
2026-07-24 13:30:00,365.0,365.0,365.0,365.0,219,382.18,3374
2026-07-27 09:00:00,365.0,373.0,364.0,369.5,2042,367.34,3374
2026-07-27 09:05:00,369.5,375.0,366.0,372.0,1412,369.13,3374
2026-07-27 09:10:00,371.5,371.5,358.5,364.0,1311,367.73,3374
2026-07-27 09:15:00,364.0,364.0,351.0,351.5,1209,365.36,3374
2026-07-27 09:20:00,351.5,352.0,348.0,350.0,1242,362.68,3374
2026-07-27 09:25:00,350.0,350.0,339.0,344.0,2581,357.31,3374
2026-07-27 09:30:00,344.0,353.0,344.0,351.5,924,356.65,3374
2026-07-27 09:35:00,352.0,356.0,348.0,355.5,643,356.41,3374
2026-07-27 09:40:00,355.0,355.0,350.0,351.0,332,356.3,3374
2026-07-27 09:45:00,351.0,354.0,349.0,354.0,244,356.2,3374
2026-07-27 09:50:00,353.5,354.5,350.5,350.5,165,356.15,3374
2026-07-27 09:55:00,351.0,353.5,348.0,353.5,515,355.87,3374
2026-07-27 10:00:00,353.5,354.0,351.0,351.0,122,355.83,3374
2026-07-27 10:05:00,351.0,352.0,350.5,351.5,57,355.81,3374
2026-07-27 10:10:00,351.5,354.5,351.5,353.5,119,355.79,3374
2026-07-27 10:15:00,353.5,355.0,352.5,353.5,216,355.76,3374
2026-07-27 10:20:00,354.0,354.5,353.0,354.0,100,355.74,3374
2026-07-27 10:25:00,354.0,356.0,354.0,354.5,227,355.73,3374
2026-07-27 10:30:00,354.5,354.5,351.5,352.0,123,355.7,3374
2026-07-27 10:35:00,352.0,354.0,352.0,354.0,39,355.69,3374
2026-07-27 10:40:00,354.0,355.0,352.0,352.0,63,355.69,3374
2026-07-27 10:45:00,352.0,352.0,348.5,348.5,248,355.59,3374
2026-07-27 10:50:00,348.5,349.5,347.5,348.5,149,355.51,3374
2026-07-27 10:55:00,349.0,349.0,346.0,346.0,246,355.36,3374
2026-07-27 11:00:00,345.5,348.0,344.0,344.5,272,355.18,3374
2026-07-27 11:05:00,344.5,346.5,341.5,341.5,395,354.88,3374
2026-07-27 11:10:00,342.0,342.5,341.0,342.5,306,354.62,3374
2026-07-27 11:15:00,343.0,344.0,341.5,343.0,188,354.48,3374
2026-07-27 11:20:00,343.0,343.5,338.5,338.5,358,354.16,3374
2026-07-27 11:25:00,338.5,339.0,335.0,335.0,712,353.41,3374
2026-07-27 11:30:00,335.5,337.5,334.5,337.0,490,352.9,3374
2026-07-27 11:35:00,337.0,337.0,335.0,336.0,87,352.82,3374
2026-07-27 11:40:00,336.0,337.0,335.5,336.0,134,352.69,3374
2026-07-27 11:45:00,335.5,335.5,333.5,335.0,201,352.48,3374
2026-07-27 11:50:00,334.5,335.0,330.5,332.0,681,351.71,3374
2026-07-27 11:55:00,332.0,334.0,330.5,333.5,411,351.28,3374
2026-07-27 12:00:00,333.5,334.5,332.5,332.5,66,351.21,3374
2026-07-27 12:05:00,333.0,334.5,333.0,333.5,92,351.13,3374
2026-07-27 12:10:00,333.5,333.5,331.5,332.5,90,351.04,3374
2026-07-27 12:15:00,332.5,334.0,332.5,334.0,60,350.98,3374
2026-07-27 12:20:00,334.0,338.0,333.5,336.0,290,350.76,3374
2026-07-27 12:25:00,336.0,336.5,334.0,336.0,107,350.68,3374
2026-07-27 12:30:00,336.0,339.0,335.0,339.0,112,350.6,3374
2026-07-27 12:35:00,338.5,340.0,336.5,336.5,168,350.5,3374
2026-07-27 12:40:00,336.5,340.5,336.5,339.5,117,350.43,3374
2026-07-27 12:45:00,339.5,340.0,338.5,339.5,74,350.38,3374
2026-07-27 12:50:00,339.5,343.0,339.5,342.0,140,350.32,3374
2026-07-27 12:55:00,342.0,342.5,340.0,340.5,210,350.23,3374
2026-07-27 13:00:00,340.5,346.5,340.5,345.0,310,350.14,3374
2026-07-27 13:05:00,345.0,346.0,344.0,345.0,150,350.1,3374
2026-07-27 13:10:00,345.0,345.0,341.5,342.0,162,350.05,3374
2026-07-27 13:15:00,342.0,343.5,341.0,342.5,222,349.96,3374
2026-07-27 13:20:00,342.5,346.0,342.5,343.0,546,349.82,3374
2026-07-27 13:30:00,345.0,345.0,345.0,345.0,751,349.65,3374
2026-07-28 09:00:00,313.0,319.0,312.0,318.0,1754,315.12,3374
2026-07-28 09:05:00,318.0,318.5,314.0,318.5,670,315.41,3374
2026-07-28 09:10:00,317.5,318.0,312.0,314.0,796,315.0,3374
2026-07-28 09:15:00,314.0,314.0,311.0,313.5,567,314.53,3374
2026-07-28 09:20:00,313.0,314.5,312.5,314.0,519,314.39,3374
2026-07-28 09:25:00,314.0,321.5,313.5,321.5,662,314.87,3374
2026-07-28 09:30:00,321.0,321.5,317.5,319.0,282,315.11,3374
2026-07-28 09:35:00,319.5,319.5,317.0,317.0,225,315.22,3374
2026-07-28 09:40:00,317.0,320.0,317.0,319.5,567,315.52,3374
2026-07-28 09:45:00,319.5,320.0,317.5,319.5,107,315.58,3374
2026-07-28 09:50:00,319.5,319.5,315.0,316.0,245,315.63,3374
2026-07-28 09:55:00,316.0,316.0,315.0,315.5,74,315.62,3374
2026-07-28 10:00:00,315.5,315.5,313.5,313.5,193,315.59,3374
2026-07-28 10:05:00,313.5,315.0,313.5,314.0,112,315.56,3374
2026-07-28 10:10:00,314.0,314.0,313.0,313.0,43,315.55,3374
2026-07-28 10:15:00,313.5,313.5,313.0,313.5,38,315.54,3374
2026-07-28 10:20:00,313.5,314.5,313.0,314.5,119,315.51,3374
2026-07-28 10:25:00,314.0,314.0,313.0,313.0,58,315.49,3374
2026-07-28 10:30:00,313.0,313.0,311.5,312.0,241,315.38,3374
2026-07-28 10:35:00,311.5,312.5,311.0,312.0,148,315.31,3374
2026-07-28 10:40:00,312.0,312.5,311.5,312.5,114,315.25,3374
2026-07-28 10:45:00,312.5,312.5,311.5,312.0,42,315.23,3374
2026-07-28 10:50:00,312.0,313.5,311.0,313.0,76,315.2,3374
2026-07-28 10:55:00,313.0,313.0,311.5,311.5,32,315.19,3374
2026-07-28 11:00:00,312.0,312.0,310.5,311.0,200,315.08,3374
2026-07-28 11:05:00,311.0,311.0,310.5,311.0,300,314.92,3374
2026-07-28 11:10:00,311.0,311.0,310.5,310.5,434,314.7,3374
2026-07-28 11:15:00,310.5,310.5,310.5,310.5,21,314.69,3374
2026-07-28 11:20:00,310.5,310.5,310.5,310.5,39,314.67,3374
2026-07-28 11:25:00,310.5,310.5,310.5,310.5,29,314.66,3374
2026-07-28 11:30:00,310.5,310.5,310.5,310.5,8,314.66,3374
2026-07-28 11:35:00,310.5,310.5,310.5,310.5,21,314.65,3374
2026-07-28 11:40:00,310.5,310.5,310.5,310.5,24,314.63,3374
2026-07-28 11:45:00,310.5,310.5,310.5,310.5,31,314.62,3374
2026-07-28 11:50:00,310.5,310.5,310.5,310.5,20,314.61,3374
2026-07-28 11:55:00,310.5,310.5,310.5,310.5,55,314.58,3374
2026-07-28 12:00:00,310.5,311.5,310.5,310.5,325,314.44,3374
2026-07-28 12:05:00,311.0,311.5,310.5,311.5,81,314.41,3374
2026-07-28 12:10:00,311.5,311.5,311.0,311.0,42,314.4,3374
2026-07-28 12:15:00,311.0,311.0,310.5,310.5,67,314.37,3374
2026-07-28 12:20:00,311.0,311.5,311.0,311.0,17,314.37,3374
2026-07-28 12:25:00,311.0,311.5,310.5,310.5,101,314.33,3374
2026-07-28 12:30:00,310.5,310.5,310.5,310.5,14,314.32,3374
2026-07-28 12:35:00,310.5,310.5,310.5,310.5,26,314.31,3374
2026-07-28 12:40:00,310.5,310.5,310.5,310.5,19,314.3,3374
2026-07-28 12:45:00,310.5,310.5,310.5,310.5,6,314.3,3374
2026-07-28 12:50:00,310.5,310.5,310.5,310.5,9,314.3,3374
2026-07-28 12:55:00,310.5,310.5,310.5,310.5,12,314.29,3374
2026-07-28 13:00:00,310.5,310.5,310.5,310.5,15,314.29,3374
2026-07-28 13:05:00,310.5,310.5,310.5,310.5,6,314.29,3374
2026-07-28 13:10:00,310.5,310.5,310.5,310.5,5,314.28,3374
2026-07-28 13:15:00,310.5,310.5,310.5,310.5,21,314.27,3374
2026-07-28 13:20:00,310.5,310.5,310.5,310.5,26,314.26,3374
2026-07-28 13:30:00,310.5,310.5,310.5,310.5,63,314.24,3374
2026-07-29 09:00:00,308.5,308.5,301.0,302.5,1206,304.72,3374
2026-07-29 09:05:00,302.5,304.0,292.0,293.0,1185,301.55,3374
2026-07-29 09:10:00,293.0,293.0,283.0,287.0,1326,296.56,3374
2026-07-29 09:15:00,286.5,290.0,281.0,289.5,929,294.23,3374
2026-07-29 09:20:00,289.5,300.0,289.0,300.0,814,294.32,3374
2026-07-29 09:25:00,299.5,299.5,292.0,292.5,434,294.47,3374
2026-07-29 09:30:00,292.5,293.0,288.0,290.0,316,294.26,3374
2026-07-29 09:35:00,290.0,290.0,287.0,287.0,366,293.91,3374
2026-07-29 09:40:00,287.0,287.0,283.5,287.0,621,293.15,3374
2026-07-29 09:45:00,287.0,288.0,283.0,283.0,161,292.97,3374
2026-07-29 09:50:00,282.5,283.0,279.5,280.0,926,291.61,3374
2026-07-29 09:55:00,280.0,280.5,279.5,279.5,699,290.68,3374
2026-07-29 10:00:00,279.5,279.5,279.5,279.5,96,290.56,3374
2026-07-29 10:05:00,279.5,279.5,279.5,279.5,68,290.48,3374
2026-07-29 10:10:00,279.5,279.5,279.5,279.5,100,290.36,3374
2026-07-29 10:15:00,279.5,280.0,279.5,279.5,163,290.18,3374
2026-07-29 10:20:00,279.5,279.5,279.5,279.5,27,290.14,3374
2026-07-29 10:25:00,279.5,279.5,279.5,279.5,27,290.11,3374
2026-07-29 10:30:00,279.5,279.5,279.5,279.5,114,289.99,3374
2026-07-29 10:35:00,279.5,279.5,279.5,279.5,23,289.96,3374
2026-07-29 10:40:00,279.5,279.5,279.5,279.5,11,289.95,3374
2026-07-29 10:45:00,279.5,279.5,279.5,279.5,6,289.94,3374
2026-07-29 10:50:00,279.5,279.5,279.5,279.5,17,289.93,3374
2026-07-29 10:55:00,279.5,279.5,279.5,279.5,7,289.92,3374
2026-07-29 11:00:00,279.5,279.5,279.5,279.5,3,289.91,3374
2026-07-29 11:05:00,279.5,279.5,279.5,279.5,15,289.9,3374
2026-07-29 11:10:00,279.5,279.5,279.5,279.5,21,289.88,3374
2026-07-29 11:15:00,279.5,279.5,279.5,279.5,48,289.83,3374
2026-07-29 11:20:00,279.5,279.5,279.5,279.5,12,289.81,3374
2026-07-29 11:25:00,279.5,279.5,279.5,279.5,8,289.8,3374
2026-07-29 11:30:00,279.5,279.5,279.5,279.5,4,289.8,3374
2026-07-29 11:35:00,279.5,279.5,279.5,279.5,2,289.8,3374
2026-07-29 11:40:00,279.5,279.5,279.5,279.5,2,289.8,3374
2026-07-29 11:45:00,279.5,279.5,279.5,279.5,9,289.79,3374
2026-07-29 11:50:00,279.5,279.5,279.5,279.5,6,289.78,3374
2026-07-29 11:55:00,279.5,279.5,279.5,279.5,8,289.77,3374
2026-07-29 12:00:00,279.5,279.5,279.5,279.5,3,289.77,3374
2026-07-29 12:05:00,279.5,279.5,279.5,279.5,5,289.76,3374
2026-07-29 12:10:00,279.5,279.5,279.5,279.5,6,289.76,3374
2026-07-29 12:15:00,279.5,279.5,279.5,279.5,3,289.75,3374
2026-07-29 12:20:00,279.5,279.5,279.5,279.5,3,289.75,3374
2026-07-29 12:25:00,279.5,279.5,279.5,279.5,11,289.74,3374
2026-07-29 12:30:00,279.5,279.5,279.5,279.5,8,289.73,3374
2026-07-29 12:35:00,279.5,279.5,279.5,279.5,3,289.73,3374
2026-07-29 12:40:00,279.5,279.5,279.5,279.5,1,289.73,3374
2026-07-29 12:45:00,279.5,279.5,279.5,279.5,2,289.72,3374
2026-07-29 12:50:00,279.5,279.5,279.5,279.5,12,289.71,3374
2026-07-29 12:55:00,279.5,279.5,279.5,279.5,26,289.68,3374
2026-07-29 13:00:00,279.5,279.5,279.5,279.5,23,289.66,3374
2026-07-29 13:05:00,279.5,279.5,279.5,279.5,17,289.64,3374
2026-07-29 13:10:00,279.5,279.5,279.5,279.5,207,289.44,3374
2026-07-29 13:15:00,279.5,279.5,279.5,279.5,55,289.38,3374
2026-07-29 13:20:00,279.5,279.5,279.5,279.5,64,289.32,3374
2026-07-29 13:30:00,279.5,279.5,279.5,279.5,52,289.27,3374
2026-07-30 09:00:00,265.0,265.5,254.5,257.5,1886,259.79,3374
2026-07-30 09:05:00,257.5,268.0,257.5,262.5,1592,261.24,3374
2026-07-30 09:10:00,262.5,266.0,258.0,258.0,964,261.39,3374
2026-07-30 09:15:00,258.5,264.5,254.0,264.0,735,261.08,3374
2026-07-30 09:20:00,264.0,265.0,261.0,263.5,275,261.18,3374
2026-07-30 09:25:00,263.5,267.0,262.5,266.0,393,261.43,3374
2026-07-30 09:30:00,266.0,271.5,266.0,271.5,526,262.04,3374
2026-07-30 09:35:00,271.5,275.5,270.5,274.0,771,263.32,3374
2026-07-30 09:40:00,274.5,279.5,273.5,273.5,1085,265.12,3374
2026-07-30 09:45:00,274.0,275.5,271.5,273.0,369,265.46,3374
2026-07-30 09:50:00,273.5,274.0,270.0,271.0,246,265.63,3374
2026-07-30 09:55:00,271.0,272.5,269.5,271.0,267,265.78,3374
2026-07-30 10:00:00,271.0,273.5,271.0,272.0,158,265.9,3374
2026-07-30 10:05:00,272.0,274.5,270.0,273.0,172,266.01,3374
2026-07-30 10:10:00,273.5,275.0,271.0,271.5,130,266.11,3374
2026-07-30 10:15:00,271.0,271.5,268.5,268.5,173,266.18,3374
2026-07-30 10:20:00,268.5,271.0,267.0,267.5,224,266.22,3374
2026-07-30 10:25:00,267.5,269.5,261.5,262.0,336,266.15,3374
2026-07-30 10:30:00,262.0,266.0,261.0,264.5,216,266.1,3374
2026-07-30 10:35:00,264.5,267.0,264.0,266.5,93,266.09,3374
2026-07-30 10:40:00,267.0,269.0,266.5,268.5,70,266.1,3374
2026-07-30 10:45:00,269.5,270.0,268.0,269.0,79,266.12,3374
2026-07-30 10:50:00,269.0,269.5,268.5,268.5,41,266.13,3374
2026-07-30 10:55:00,268.0,268.0,264.5,264.5,83,266.13,3374
2026-07-30 11:00:00,265.0,267.5,265.0,266.0,45,266.13,3374
2026-07-30 11:05:00,266.5,268.5,266.5,266.5,88,266.14,3374
2026-07-30 11:10:00,266.5,266.5,264.0,264.5,57,266.14,3374
2026-07-30 11:15:00,264.5,265.5,262.0,262.5,93,266.12,3374
2026-07-30 11:20:00,262.5,263.0,259.5,259.5,209,266.03,3374
2026-07-30 11:25:00,259.5,264.0,259.5,262.5,149,265.98,3374
2026-07-30 11:30:00,262.5,265.0,261.0,264.0,110,265.95,3374
2026-07-30 11:35:00,264.0,264.5,261.0,261.0,33,265.94,3374
2026-07-30 11:40:00,260.5,264.0,260.5,263.0,104,265.91,3374
2026-07-30 11:45:00,263.0,264.5,262.0,264.5,49,265.89,3374
2026-07-30 11:50:00,264.5,265.0,264.0,265.0,30,265.89,3374
2026-07-30 11:55:00,265.0,265.5,262.5,262.5,59,265.88,3374
2026-07-30 12:00:00,263.0,264.0,261.0,261.5,158,265.84,3374
2026-07-30 12:05:00,261.5,262.0,258.5,260.0,230,265.73,3374
2026-07-30 12:10:00,260.0,261.0,259.0,260.0,121,265.67,3374
2026-07-30 12:15:00,260.5,261.0,257.0,257.0,134,265.59,3374
2026-07-30 12:20:00,257.0,258.0,256.0,258.0,216,265.45,3374
2026-07-30 12:25:00,258.0,263.5,258.0,262.5,243,265.38,3374
2026-07-30 12:30:00,263.0,263.0,260.5,260.5,91,265.36,3374
2026-07-30 12:35:00,261.5,261.5,258.0,258.0,75,265.32,3374
2026-07-30 12:40:00,258.5,259.5,258.0,258.0,83,265.28,3374
2026-07-30 12:45:00,258.5,258.5,257.5,257.5,128,265.21,3374
2026-07-30 12:50:00,258.0,258.0,254.0,254.0,633,264.77,3374
2026-07-30 12:55:00,254.5,254.5,252.0,253.0,666,264.22,3374
2026-07-30 13:00:00,253.5,254.5,252.0,252.0,417,263.89,3374
2026-07-30 13:05:00,252.5,253.5,252.0,252.0,156,263.78,3374
2026-07-30 13:10:00,252.5,252.5,252.0,252.0,113,263.69,3374
2026-07-30 13:15:00,252.0,252.0,252.0,252.0,88,263.62,3374
2026-07-30 13:20:00,252.0,252.0,252.0,252.0,34,263.6,3374
2026-07-30 13:30:00,252.0,252.0,252.0,252.0,132,263.5,3374
2026-07-31 09:00:00,277.0,277.0,277.0,277.0,1049,277.0,3374
2026-07-31 09:05:00,277.0,277.0,277.0,277.0,79,277.0,3374
2026-07-31 09:10:00,277.0,277.0,277.0,277.0,183,277.0,3374
2026-07-31 09:15:00,277.0,277.0,277.0,277.0,29,277.0,3374
2026-07-31 09:20:00,277.0,277.0,277.0,277.0,24,277.0,3374
2026-07-31 09:25:00,277.0,277.0,277.0,277.0,14,277.0,3374
2026-07-31 09:30:00,277.0,277.0,277.0,277.0,30,277.0,3374
2026-07-31 09:35:00,277.0,277.0,277.0,277.0,254,277.0,3374
2026-07-31 09:40:00,277.0,277.0,277.0,277.0,27,277.0,3374
2026-07-31 09:45:00,277.0,277.0,277.0,277.0,31,277.0,3374
2026-07-31 09:50:00,277.0,277.0,277.0,277.0,8,277.0,3374
2026-07-31 09:55:00,277.0,277.0,277.0,277.0,36,277.0,3374
2026-07-31 10:00:00,277.0,277.0,277.0,277.0,4,277.0,3374
2026-07-31 10:05:00,277.0,277.0,277.0,277.0,2,277.0,3374
2026-07-31 10:10:00,277.0,277.0,277.0,277.0,5,277.0,3374
2026-07-31 10:15:00,277.0,277.0,277.0,277.0,4,277.0,3374
2026-07-31 10:20:00,277.0,277.0,277.0,277.0,3,277.0,3374
2026-07-31 10:25:00,277.0,277.0,277.0,277.0,5,277.0,3374
2026-07-31 10:30:00,277.0,277.0,277.0,277.0,4,277.0,3374
2026-07-31 10:35:00,277.0,277.0,277.0,277.0,2,277.0,3374
2026-07-31 10:40:00,277.0,277.0,277.0,277.0,1,277.0,3374
2026-07-31 10:50:00,277.0,277.0,277.0,277.0,3,277.0,3374
2026-07-31 10:55:00,277.0,277.0,277.0,277.0,2,277.0,3374
2026-07-31 11:00:00,277.0,277.0,277.0,277.0,5,277.0,3374
2026-07-31 11:05:00,277.0,277.0,277.0,277.0,2,277.0,3374
2026-07-31 11:10:00,277.0,277.0,277.0,277.0,1,277.0,3374
2026-07-31 11:15:00,277.0,277.0,277.0,277.0,1,277.0,3374
2026-07-31 11:20:00,277.0,277.0,277.0,277.0,1,277.0,3374
2026-07-31 11:25:00,277.0,277.0,277.0,277.0,2,277.0,3374
2026-07-31 11:30:00,277.0,277.0,277.0,277.0,2,277.0,3374
2026-07-31 11:35:00,277.0,277.0,277.0,277.0,13,277.0,3374
2026-07-31 11:40:00,277.0,277.0,277.0,277.0,1,277.0,3374
2026-07-31 11:45:00,277.0,277.0,277.0,277.0,76,277.0,3374
2026-07-31 11:50:00,277.0,277.0,277.0,277.0,4,277.0,3374
2026-07-31 11:55:00,277.0,277.0,277.0,277.0,1,277.0,3374
2026-07-31 12:00:00,277.0,277.0,277.0,277.0,1,277.0,3374
2026-07-31 12:10:00,277.0,277.0,277.0,277.0,3,277.0,3374
2026-07-31 12:20:00,277.0,277.0,277.0,277.0,1,277.0,3374
2026-07-31 12:25:00,277.0,277.0,277.0,277.0,13,277.0,3374
2026-07-31 12:30:00,277.0,277.0,277.0,277.0,13,277.0,3374
2026-07-31 12:35:00,277.0,277.0,277.0,277.0,1,277.0,3374
2026-07-31 12:40:00,277.0,277.0,277.0,277.0,1,277.0,3374
2026-07-31 12:45:00,277.0,277.0,277.0,277.0,1,277.0,3374
2026-07-31 12:55:00,277.0,277.0,277.0,277.0,2,277.0,3374
2026-07-31 13:00:00,277.0,277.0,277.0,277.0,5,277.0,3374
2026-07-31 13:05:00,277.0,277.0,277.0,277.0,2,277.0,3374
2026-07-31 13:10:00,277.0,277.0,277.0,277.0,13,277.0,3374
2026-07-31 13:15:00,277.0,277.0,277.0,277.0,1,277.0,3374
2026-07-31 13:20:00,277.0,277.0,277.0,277.0,10,277.0,3374
2026-07-31 13:30:00,277.0,277.0,277.0,277.0,15,277.0,3374
2026-08-03 09:00:00,290.5,303.5,287.5,296.0,2261,294.23,3374
2026-08-03 09:05:00,296.5,304.5,295.5,304.5,1447,297.41,3374
2026-08-03 09:10:00,304.5,304.5,304.5,304.5,53,297.51,3374
2026-08-03 09:15:00,304.5,304.5,304.5,304.5,42,297.59,3374
2026-08-03 09:20:00,304.5,304.5,304.5,304.5,20,297.62,3374
2026-08-03 09:25:00,304.5,304.5,304.5,304.5,6,297.63,3374
2026-08-03 09:30:00,304.5,304.5,304.5,304.5,4,297.64,3374
2026-08-03 09:35:00,304.5,304.5,304.5,304.5,6,297.65,3374
2026-08-03 09:40:00,304.5,304.5,304.5,304.5,21,297.69,3374
2026-08-03 09:45:00,304.5,304.5,304.5,304.5,2,297.69,3374
2026-08-03 09:50:00,304.5,304.5,304.5,304.5,6,297.7,3374
2026-08-03 09:55:00,304.5,304.5,304.5,304.5,2,297.71,3374
2026-08-03 10:00:00,304.5,304.5,304.5,304.5,1,297.71,3374
2026-08-03 10:05:00,304.5,304.5,304.5,304.5,17,297.74,3374
2026-08-03 10:15:00,304.5,304.5,304.5,304.5,2,297.74,3374
2026-08-03 10:20:00,304.5,304.5,304.5,304.5,10,297.76,3374
2026-08-03 10:25:00,304.5,304.5,304.5,304.5,2,297.76,3374
2026-08-03 10:30:00,304.5,304.5,304.5,304.5,1,297.76,3374
2026-08-03 10:35:00,304.5,304.5,304.5,304.5,4,297.77,3374
2026-08-03 10:40:00,304.5,304.5,304.5,304.5,6,297.78,3374
2026-08-03 10:45:00,304.5,304.5,304.5,304.5,9,297.8,3374
2026-08-03 10:50:00,304.5,304.5,304.5,304.5,1,297.8,3374
2026-08-03 11:00:00,304.5,304.5,304.5,304.5,3,297.8,3374
2026-08-03 11:05:00,304.5,304.5,304.5,304.5,5,297.81,3374
2026-08-03 11:10:00,304.5,304.5,304.5,304.5,3,297.82,3374
2026-08-03 11:15:00,304.5,304.5,304.5,304.5,1,297.82,3374
2026-08-03 11:20:00,304.5,304.5,304.5,304.5,1,297.82,3374
2026-08-03 11:25:00,304.5,304.5,304.5,304.5,11,297.84,3374
2026-08-03 11:30:00,304.5,304.5,304.5,304.5,5,297.85,3374
2026-08-03 11:35:00,304.5,304.5,304.5,304.5,2,297.85,3374
2026-08-03 11:45:00,304.5,304.5,304.5,304.5,1,297.85,3374
2026-08-03 11:50:00,304.5,304.5,304.5,304.5,1,297.85,3374
2026-08-03 12:00:00,304.5,304.5,304.5,304.5,2,297.86,3374
2026-08-03 12:05:00,304.5,304.5,304.5,304.5,9,297.87,3374
2026-08-03 12:15:00,304.5,304.5,304.5,304.5,4,297.88,3374
2026-08-03 12:25:00,304.5,304.5,304.5,304.5,1,297.88,3374
2026-08-03 12:30:00,304.5,304.5,304.5,304.5,1,297.88,3374
2026-08-03 12:35:00,304.5,304.5,304.5,304.5,2,297.88,3374
2026-08-03 12:50:00,304.5,304.5,304.5,304.5,4,297.89,3374
2026-08-03 12:55:00,304.5,304.5,304.5,304.5,6,297.9,3374
2026-08-03 13:00:00,304.5,304.5,304.5,304.5,4,297.91,3374
2026-08-03 13:10:00,304.5,304.5,304.5,304.5,11,297.93,3374
2026-08-03 13:15:00,304.5,304.5,304.5,304.5,12,297.95,3374
2026-08-03 13:20:00,304.5,304.5,304.5,304.5,15,297.97,3374
2026-08-03 13:30:00,304.5,304.5,304.5,304.5,9,297.98,3374
2026-08-04 09:00:00,324.0,324.0,310.5,312.0,2140,315.69,3374
2026-08-04 09:05:00,311.5,314.0,308.0,310.5,1230,313.87,3374
2026-08-04 09:10:00,311.0,313.0,306.0,312.5,1170,312.76,3374
2026-08-04 09:15:00,312.5,319.0,312.5,315.0,1726,313.76,3374
2026-08-04 09:20:00,314.5,324.0,314.5,318.5,1197,314.8,3374
2026-08-04 09:25:00,318.5,321.0,316.0,321.0,503,315.03,3374
2026-08-04 09:30:00,320.5,323.0,319.5,321.5,503,315.39,3374
2026-08-04 09:35:00,321.5,322.0,317.5,319.5,361,315.57,3374
2026-08-04 09:40:00,319.0,321.0,318.5,320.0,203,315.67,3374
2026-08-04 09:45:00,320.0,322.5,320.0,320.5,263,315.83,3374
2026-08-04 09:50:00,321.0,321.5,318.5,320.5,213,315.93,3374
2026-08-04 09:55:00,321.0,322.5,320.5,322.5,217,316.05,3374
2026-08-04 10:00:00,322.0,322.0,317.0,317.5,320,316.15,3374
2026-08-04 10:05:00,317.5,318.5,316.5,317.0,183,316.18,3374
2026-08-04 10:10:00,317.0,317.5,315.0,317.0,231,316.18,3374
2026-08-04 10:15:00,316.5,317.5,315.5,317.0,287,316.18,3374
2026-08-04 10:20:00,317.0,318.0,316.5,317.5,111,316.19,3374
2026-08-04 10:25:00,317.5,319.5,317.5,317.5,247,316.25,3374
2026-08-04 10:30:00,317.5,319.0,316.0,316.5,133,316.26,3374
2026-08-04 10:35:00,316.5,316.5,315.5,315.5,99,316.26,3374
2026-08-04 10:40:00,315.5,316.0,314.5,316.0,197,316.24,3374
2026-08-04 10:45:00,316.0,316.0,313.5,314.5,237,316.21,3374
2026-08-04 10:50:00,314.5,316.5,314.5,316.5,131,316.21,3374
2026-08-04 10:55:00,316.5,317.5,314.0,314.0,132,316.2,3374
2026-08-04 11:00:00,314.0,315.0,313.0,313.5,164,316.17,3374
2026-08-04 11:05:00,313.5,313.5,309.5,310.0,395,316.02,3374
2026-08-04 11:10:00,310.0,310.5,306.0,307.5,475,315.74,3374
2026-08-04 11:15:00,307.5,311.0,306.5,311.0,249,315.61,3374
2026-08-04 11:20:00,310.5,311.5,310.5,311.0,112,315.57,3374
2026-08-04 11:25:00,311.0,311.5,310.0,310.5,67,315.55,3374
2026-08-04 11:30:00,310.0,311.5,310.0,311.5,90,315.52,3374
2026-08-04 11:35:00,311.0,312.5,310.5,310.5,123,315.48,3374
2026-08-04 11:40:00,310.0,310.0,308.0,309.0,167,315.4,3374
2026-08-04 11:45:00,308.5,309.0,308.0,308.5,79,315.36,3374
2026-08-04 11:50:00,308.5,309.0,308.0,308.0,89,315.32,3374
2026-08-04 11:55:00,308.0,308.5,307.5,308.5,105,315.26,3374
2026-08-04 12:00:00,308.5,308.5,305.5,305.5,206,315.15,3374
2026-08-04 12:05:00,305.5,307.5,305.0,307.0,185,315.03,3374
2026-08-04 12:10:00,307.0,307.0,303.0,303.5,311,314.82,3374
2026-08-04 12:15:00,303.5,306.0,303.5,306.0,262,314.64,3374
2026-08-04 12:20:00,306.0,306.0,303.5,304.5,157,314.54,3374
2026-08-04 12:25:00,304.5,307.5,304.5,305.5,113,314.47,3374
2026-08-04 12:30:00,306.0,307.0,306.0,306.0,92,314.43,3374
2026-08-04 12:35:00,306.5,307.5,306.5,307.5,66,314.4,3374
2026-08-04 12:40:00,307.5,308.0,307.0,307.0,85,314.36,3374
2026-08-04 12:45:00,307.0,309.5,307.0,308.0,179,314.29,3374
2026-08-04 12:50:00,307.5,308.5,307.5,307.5,67,314.26,3374
2026-08-04 12:55:00,308.0,309.0,307.5,307.5,100,314.22,3374
2026-08-04 13:00:00,308.0,308.5,307.0,307.0,114,314.18,3374
2026-08-04 13:05:00,307.5,309.0,307.0,309.0,156,314.12,3374
2026-08-04 13:10:00,309.5,309.5,307.0,308.0,293,314.02,3374
2026-08-04 13:15:00,308.0,308.5,307.0,308.0,193,313.94,3374
2026-08-04 13:20:00,308.0,309.5,308.0,309.5,260,313.86,3374
2026-08-04 13:30:00,309.5,309.5,309.5,309.5,480,313.74,3374
2026-08-05 09:00:00,324.0,330.5,320.0,329.0,2019,325.97,3374
2026-08-05 09:05:00,328.5,332.0,324.5,324.5,730,326.73,3374
2026-08-05 09:10:00,324.0,326.5,320.0,321.0,970,325.8,3374
2026-08-05 09:15:00,321.0,325.0,320.0,320.5,514,325.4,3374
2026-08-05 09:20:00,320.5,324.5,320.0,320.0,239,325.23,3374
2026-08-05 09:25:00,320.0,322.0,318.5,322.0,338,324.85,3374
2026-08-05 09:30:00,321.5,328.5,320.5,328.0,693,324.98,3374
2026-08-05 09:35:00,327.5,337.0,327.0,336.5,1720,326.88,3374
2026-08-05 09:40:00,336.5,337.0,330.5,331.0,693,327.55,3374
2026-08-05 09:45:00,331.5,333.5,331.5,332.5,244,327.69,3374
2026-08-05 09:50:00,332.5,340.0,332.5,340.0,3200,330.98,3374
2026-08-05 09:55:00,340.0,340.0,340.0,340.0,277,331.19,3374
2026-08-05 10:00:00,340.0,340.0,340.0,340.0,86,331.26,3374
2026-08-05 10:05:00,340.0,340.0,340.0,340.0,101,331.33,3374
2026-08-05 10:10:00,340.0,340.0,340.0,340.0,41,331.36,3374
2026-08-05 10:15:00,340.0,340.0,340.0,340.0,29,331.38,3374
2026-08-05 10:20:00,340.0,340.0,340.0,340.0,22,331.4,3374
2026-08-05 10:25:00,340.0,340.0,340.0,340.0,15,331.41,3374
2026-08-05 10:30:00,340.0,340.0,340.0,340.0,25,331.43,3374
2026-08-05 10:35:00,340.0,340.0,340.0,340.0,22,331.44,3374
2026-08-05 10:40:00,340.0,340.0,340.0,340.0,18,331.46,3374
2026-08-05 10:45:00,340.0,340.0,340.0,340.0,15,331.47,3374
2026-08-05 10:50:00,340.0,340.0,340.0,340.0,11,331.48,3374
2026-08-05 10:55:00,340.0,340.0,340.0,340.0,15,331.49,3374
2026-08-05 11:00:00,340.0,340.0,340.0,340.0,4,331.49,3374
2026-08-05 11:05:00,340.0,340.0,340.0,340.0,16,331.5,3374
2026-08-05 11:10:00,340.0,340.0,340.0,340.0,20,331.51,3374
2026-08-05 11:15:00,340.0,340.0,340.0,340.0,16,331.53,3374
2026-08-05 11:20:00,340.0,340.0,340.0,340.0,22,331.54,3374
2026-08-05 11:25:00,340.0,340.0,334.0,334.0,1165,332.26,3374
2026-08-05 11:30:00,334.0,335.5,327.5,328.5,708,332.17,3374
2026-08-05 11:35:00,329.0,329.5,326.5,327.5,452,332.04,3374
2026-08-05 11:40:00,327.5,331.0,326.0,328.0,632,331.9,3374
2026-08-05 11:45:00,328.0,328.0,323.0,323.0,645,331.62,3374
2026-08-05 11:50:00,323.0,325.0,321.5,324.5,270,331.48,3374
2026-08-05 11:55:00,324.0,324.0,322.0,322.5,96,331.43,3374
2026-08-05 12:00:00,322.5,323.5,322.0,322.0,207,331.32,3374
2026-08-05 12:05:00,322.0,322.5,321.0,321.5,132,331.25,3374
2026-08-05 12:10:00,321.5,321.5,317.0,320.0,772,330.69,3374
2026-08-05 12:15:00,320.0,320.0,318.0,318.5,185,330.56,3374
2026-08-05 12:20:00,318.5,319.0,317.0,317.5,260,330.38,3374
2026-08-05 12:25:00,317.5,318.5,317.0,318.0,91,330.31,3374
2026-08-05 12:30:00,317.5,319.0,317.5,319.0,82,330.26,3374
2026-08-05 12:35:00,319.0,320.0,317.5,319.5,76,330.21,3374
2026-08-05 12:40:00,319.5,320.5,319.0,319.5,159,330.12,3374
2026-08-05 12:45:00,319.5,319.5,318.0,318.5,43,330.09,3374
2026-08-05 12:50:00,318.5,318.5,315.5,317.0,231,329.92,3374
2026-08-05 12:55:00,317.5,319.0,317.5,319.0,74,329.87,3374
2026-08-05 13:00:00,318.5,318.5,317.0,317.0,61,329.83,3374
2026-08-05 13:05:00,317.0,317.0,316.0,316.0,143,329.73,3374
2026-08-05 13:10:00,316.5,316.5,315.0,315.0,193,329.58,3374
2026-08-05 13:15:00,315.0,315.5,312.0,313.0,369,329.27,3374
2026-08-05 13:20:00,313.0,313.0,310.5,311.0,295,329.0,3374
2026-08-05 13:30:00,313.0,313.0,313.0,313.0,341,328.73,3374
2026-08-06 09:00:00,313.0,315.0,308.0,312.0,1012,311.57,3374
2026-08-06 09:05:00,312.0,314.5,309.0,311.5,544,311.79,3374
2026-08-06 09:10:00,311.5,314.0,310.0,311.5,406,311.84,3374
2026-08-06 09:15:00,311.5,312.0,305.0,305.0,657,310.94,3374
2026-08-06 09:20:00,305.0,308.5,304.5,308.5,292,310.43,3374
2026-08-06 09:25:00,309.0,311.0,308.0,309.5,221,310.36,3374
2026-08-06 09:30:00,310.0,311.0,308.5,308.5,240,310.31,3374
2026-08-06 09:35:00,309.0,309.0,306.5,308.5,139,310.21,3374
2026-08-06 09:40:00,308.5,309.0,305.0,305.5,253,309.96,3374
2026-08-06 09:45:00,306.0,306.5,304.0,306.0,238,309.67,3374
2026-08-06 09:50:00,306.5,308.5,305.5,308.0,165,309.56,3374
2026-08-06 09:55:00,308.5,309.0,307.0,307.0,58,309.54,3374
2026-08-06 10:00:00,307.0,310.0,307.0,310.0,152,309.53,3374
2026-08-06 10:05:00,310.0,312.5,310.0,312.0,299,309.63,3374
2026-08-06 10:10:00,312.0,312.5,310.5,311.0,195,309.71,3374
2026-08-06 10:15:00,311.0,311.0,309.5,310.0,92,309.73,3374
2026-08-06 10:20:00,310.5,313.0,310.0,313.0,154,309.8,3374
2026-08-06 10:25:00,313.0,313.0,311.5,312.5,167,309.88,3374
2026-08-06 10:30:00,312.5,316.5,312.0,315.5,349,310.18,3374
2026-08-06 10:35:00,315.5,315.5,313.0,314.0,152,310.29,3374
2026-08-06 10:40:00,314.0,315.5,313.5,314.5,66,310.34,3374
2026-08-06 10:45:00,314.5,315.5,313.5,314.0,159,310.45,3374
2026-08-06 10:50:00,314.5,315.5,314.0,315.0,135,310.54,3374
2026-08-06 10:55:00,314.0,314.5,312.5,312.5,113,310.6,3374
2026-08-06 11:00:00,312.5,313.5,312.5,313.5,33,310.61,3374
2026-08-06 11:05:00,313.5,314.0,311.0,311.5,150,310.65,3374
2026-08-06 11:10:00,311.5,316.0,311.5,315.5,184,310.75,3374
2026-08-06 11:15:00,316.0,316.0,312.5,312.5,62,310.79,3374
2026-08-06 11:20:00,313.0,313.5,312.5,313.5,34,310.8,3374
2026-08-06 11:25:00,313.5,313.5,312.0,312.5,129,310.83,3374
2026-08-06 11:30:00,312.5,313.0,312.5,313.0,36,310.84,3374
2026-08-06 11:35:00,313.0,313.5,312.5,313.5,38,310.85,3374
2026-08-06 11:40:00,313.5,313.5,312.5,312.5,44,310.86,3374
2026-08-06 11:45:00,312.5,313.5,312.5,313.0,16,310.87,3374
2026-08-06 11:50:00,313.0,313.0,312.0,312.0,30,310.88,3374
2026-08-06 11:55:00,312.5,313.0,312.5,313.0,12,310.88,3374
2026-08-06 12:00:00,313.5,313.5,312.0,312.0,37,310.89,3374
2026-08-06 12:05:00,312.0,313.5,312.0,313.0,48,310.9,3374
2026-08-06 12:10:00,313.0,313.0,311.5,312.0,121,310.92,3374
2026-08-06 12:15:00,311.5,311.5,310.5,311.0,83,310.93,3374
2026-08-06 12:20:00,311.0,311.5,310.5,311.0,57,310.93,3374
2026-08-06 12:25:00,311.5,313.0,311.0,313.0,83,310.94,3374
2026-08-06 12:30:00,313.5,314.0,313.0,313.0,140,310.99,3374
2026-08-06 12:35:00,313.0,314.0,312.0,312.0,33,311.0,3374
2026-08-06 12:40:00,311.5,312.0,311.5,312.0,29,311.0,3374
2026-08-06 12:45:00,311.5,311.5,311.0,311.5,39,311.0,3374
2026-08-06 12:50:00,311.5,313.0,311.5,312.0,54,311.01,3374
2026-08-06 12:55:00,312.0,312.5,311.5,312.0,44,311.02,3374
2026-08-06 13:00:00,312.0,313.5,312.0,313.0,120,311.04,3374
2026-08-06 13:05:00,313.0,313.5,312.5,313.5,114,311.07,3374
2026-08-06 13:10:00,313.5,313.5,312.0,313.5,250,311.14,3374
2026-08-06 13:15:00,314.0,317.5,313.5,315.5,371,311.33,3374
2026-08-06 13:20:00,315.0,316.0,314.5,315.0,209,311.42,3374
2026-08-06 13:30:00,316.0,316.0,316.0,316.0,318,311.58,3374
2026-08-07 09:00:00,310.0,320.0,307.5,314.0,1429,313.03,3374
2026-08-07 09:05:00,313.5,314.5,310.0,310.5,453,312.86,3374
2026-08-07 09:10:00,310.5,314.0,309.5,310.0,331,312.55,3374
2026-08-07 09:15:00,310.0,314.5,310.0,312.0,217,312.56,3374
2026-08-07 09:20:00,312.0,313.5,311.0,313.5,79,312.56,3374
2026-08-07 09:25:00,313.5,317.0,313.5,316.0,234,312.79,3374
2026-08-07 09:30:00,316.0,330.0,315.5,326.0,1732,317.43,3374
2026-08-07 09:35:00,326.0,326.0,317.5,318.0,558,317.97,3374
2026-08-07 09:40:00,317.5,320.0,316.0,319.0,358,317.98,3374
2026-08-07 09:45:00,319.0,319.0,316.5,318.5,263,317.97,3374
2026-08-07 09:50:00,318.5,319.5,317.0,317.0,213,317.98,3374
2026-08-07 09:55:00,317.0,317.0,313.5,314.0,324,317.82,3374
2026-08-07 10:00:00,314.0,314.0,312.0,313.5,216,317.66,3374
2026-08-07 10:05:00,313.5,314.0,311.0,311.5,198,317.51,3374
2026-08-07 10:10:00,311.0,315.5,311.0,314.5,218,317.37,3374
2026-08-07 10:15:00,314.5,316.5,314.0,314.0,144,317.33,3374
2026-08-07 10:20:00,314.5,314.5,313.0,314.5,52,317.31,3374
2026-08-07 10:25:00,314.5,315.0,313.5,314.0,31,317.29,3374
2026-08-07 10:30:00,313.5,313.5,312.5,313.0,57,317.26,3374
2026-08-07 10:35:00,313.0,313.5,311.5,312.0,93,317.19,3374
2026-08-07 10:40:00,312.0,312.0,311.5,312.0,46,317.16,3374
2026-08-07 10:45:00,311.5,312.5,310.0,312.5,135,317.04,3374
2026-08-07 10:50:00,312.5,313.0,310.5,310.5,106,316.96,3374
2026-08-07 10:55:00,310.5,310.5,309.0,309.0,237,316.74,3374
2026-08-07 11:00:00,309.0,314.0,309.0,314.0,158,316.63,3374
2026-08-07 11:05:00,314.0,316.0,312.0,312.0,190,316.57,3374
2026-08-07 11:10:00,312.0,312.5,311.0,311.5,61,316.54,3374
2026-08-07 11:15:00,311.0,311.0,309.5,310.0,96,316.46,3374
2026-08-07 11:20:00,309.5,310.0,309.0,309.0,68,316.41,3374
2026-08-07 11:25:00,309.0,309.5,308.0,308.5,219,316.2,3374
2026-08-07 11:30:00,308.0,310.5,308.0,309.5,82,316.14,3374
2026-08-07 11:35:00,309.0,310.0,309.0,310.0,50,316.1,3374
2026-08-07 11:40:00,309.5,309.5,308.5,309.0,46,316.06,3374
2026-08-07 11:45:00,309.0,309.5,309.0,309.5,17,316.05,3374
2026-08-07 11:50:00,309.5,309.5,308.5,309.0,46,316.01,3374
2026-08-07 11:55:00,309.0,309.0,308.0,308.0,60,315.96,3374
2026-08-07 12:00:00,308.0,308.5,307.0,307.5,151,315.82,3374
2026-08-07 12:05:00,307.5,308.5,307.0,308.0,78,315.75,3374
2026-08-07 12:10:00,308.5,308.5,308.5,308.5,35,315.73,3374
2026-08-07 12:15:00,308.5,308.5,306.0,306.5,182,315.55,3374
2026-08-07 12:20:00,306.5,307.5,306.0,307.5,70,315.49,3374
2026-08-07 12:25:00,307.0,307.0,306.5,306.5,35,315.45,3374
2026-08-07 12:30:00,306.5,307.5,306.5,307.5,52,315.41,3374
2026-08-07 12:35:00,307.0,307.5,305.0,305.0,188,315.22,3374
2026-08-07 12:40:00,305.0,305.0,302.5,303.0,277,314.9,3374
2026-08-07 12:45:00,302.5,303.5,302.0,303.0,113,314.76,3374
2026-08-07 12:50:00,303.0,303.0,301.0,301.0,126,314.6,3374
2026-08-07 12:55:00,301.5,303.5,301.5,303.0,167,314.41,3374
2026-08-07 13:00:00,303.0,305.5,303.0,305.0,122,314.29,3374
2026-08-07 13:05:00,305.5,305.5,303.5,303.5,98,314.2,3374
2026-08-07 13:10:00,303.5,304.0,302.5,302.5,180,314.01,3374
2026-08-07 13:15:00,302.0,303.5,301.5,303.0,267,313.72,3374
2026-08-07 13:20:00,303.0,305.0,303.0,304.5,307,313.45,3374
2026-08-07 13:30:00,306.5,306.5,306.5,306.5,699,313.04,3374
2026-08-10 09:00:00,325.5,337.0,325.5,337.0,3952,334.8,3374
2026-08-10 09:05:00,337.0,337.0,337.0,337.0,404,335.0,3374
2026-08-10 09:10:00,337.0,337.0,337.0,337.0,186,335.08,3374
2026-08-10 09:15:00,337.0,337.0,337.0,337.0,73,335.12,3374
2026-08-10 09:20:00,337.0,337.0,337.0,337.0,49,335.13,3374
2026-08-10 09:25:00,337.0,337.0,337.0,337.0,50,335.15,3374
2026-08-10 09:30:00,337.0,337.0,337.0,337.0,75,335.18,3374
2026-08-10 09:35:00,337.0,337.0,337.0,337.0,44,335.2,3374
2026-08-10 09:40:00,337.0,337.0,337.0,337.0,57,335.22,3374
2026-08-10 09:45:00,337.0,337.0,337.0,337.0,18,335.23,3374
2026-08-10 09:50:00,337.0,337.0,337.0,337.0,9,335.23,3374
2026-08-10 09:55:00,337.0,337.0,337.0,337.0,76,335.26,3374
2026-08-10 10:00:00,337.0,337.0,337.0,337.0,16,335.26,3374
2026-08-10 10:05:00,337.0,337.0,337.0,337.0,12,335.27,3374
2026-08-10 10:10:00,337.0,337.0,337.0,337.0,18,335.27,3374
2026-08-10 10:15:00,337.0,337.0,337.0,337.0,17,335.28,3374
2026-08-10 10:20:00,337.0,337.0,337.0,337.0,13,335.28,3374
2026-08-10 10:25:00,337.0,337.0,337.0,337.0,12,335.29,3374
2026-08-10 10:30:00,337.0,337.0,337.0,337.0,13,335.29,3374
2026-08-10 10:35:00,337.0,337.0,337.0,337.0,11,335.3,3374
2026-08-10 10:40:00,337.0,337.0,337.0,337.0,4,335.3,3374
2026-08-10 10:45:00,337.0,337.0,337.0,337.0,13,335.3,3374
2026-08-10 10:50:00,337.0,337.0,337.0,337.0,6,335.3,3374
2026-08-10 10:55:00,337.0,337.0,337.0,337.0,2,335.3,3374
2026-08-10 11:00:00,337.0,337.0,337.0,337.0,18,335.31,3374
2026-08-10 11:05:00,337.0,337.0,337.0,337.0,6,335.31,3374
2026-08-10 11:10:00,337.0,337.0,337.0,337.0,2,335.31,3374
2026-08-10 11:15:00,337.0,337.0,337.0,337.0,5,335.31,3374
2026-08-10 11:20:00,337.0,337.0,337.0,337.0,15,335.32,3374
2026-08-10 11:25:00,337.0,337.0,337.0,337.0,16,335.32,3374
2026-08-10 11:30:00,337.0,337.0,337.0,337.0,13,335.33,3374
2026-08-10 11:35:00,337.0,337.0,337.0,337.0,16,335.33,3374
2026-08-10 11:40:00,337.0,337.0,337.0,337.0,5,335.34,3374
2026-08-10 11:45:00,337.0,337.0,337.0,337.0,8,335.34,3374
2026-08-10 11:50:00,337.0,337.0,337.0,337.0,7,335.34,3374
2026-08-10 11:55:00,337.0,337.0,337.0,337.0,12,335.34,3374
2026-08-10 12:00:00,337.0,337.0,337.0,337.0,3,335.34,3374
2026-08-10 12:05:00,337.0,337.0,337.0,337.0,4,335.35,3374
2026-08-10 12:10:00,337.0,337.0,337.0,337.0,10,335.35,3374
2026-08-10 12:15:00,337.0,337.0,337.0,337.0,2,335.35,3374
2026-08-10 12:20:00,337.0,337.0,337.0,337.0,2,335.35,3374
2026-08-10 12:25:00,337.0,337.0,337.0,337.0,1,335.35,3374
2026-08-10 12:30:00,337.0,337.0,337.0,337.0,5,335.35,3374
2026-08-10 12:35:00,337.0,337.0,337.0,337.0,1,335.35,3374
2026-08-10 12:40:00,337.0,337.0,337.0,337.0,7,335.35,3374
2026-08-10 12:45:00,337.0,337.0,337.0,337.0,2,335.36,3374
2026-08-10 12:50:00,337.0,337.0,337.0,337.0,4,335.36,3374
2026-08-10 12:55:00,337.0,337.0,337.0,337.0,3,335.36,3374
2026-08-10 13:00:00,337.0,337.0,337.0,337.0,16,335.36,3374
2026-08-10 13:05:00,337.0,337.0,337.0,337.0,8,335.37,3374
2026-08-10 13:10:00,337.0,337.0,337.0,337.0,6,335.37,3374
2026-08-10 13:15:00,337.0,337.0,337.0,337.0,9,335.37,3374
2026-08-10 13:20:00,337.0,337.0,337.0,337.0,6,335.37,3374
2026-08-10 13:30:00,337.0,337.0,337.0,337.0,13,335.38,3374
2026-08-11 09:00:00,341.0,351.5,337.5,338.0,5921,343.99,3374
2026-08-11 09:05:00,338.5,341.0,332.0,333.0,1678,342.26,3374
2026-08-11 09:10:00,332.5,336.5,330.0,335.5,919,341.35,3374
2026-08-11 09:15:00,335.5,336.5,328.0,329.0,1023,340.39,3374
2026-08-11 09:20:00,329.0,333.5,328.0,333.0,567,339.87,3374
2026-08-11 09:25:00,332.5,333.0,330.5,331.0,205,339.7,3374
2026-08-11 09:30:00,331.0,331.5,327.5,327.5,519,339.2,3374
2026-08-11 09:35:00,328.0,328.0,324.5,325.0,505,338.6,3374
2026-08-11 09:40:00,325.0,328.0,324.0,325.5,459,338.11,3374
2026-08-11 09:45:00,325.5,329.5,324.0,329.5,394,337.76,3374
2026-08-11 09:50:00,329.5,333.0,329.5,332.5,595,337.48,3374
2026-08-11 09:55:00,332.5,334.0,329.5,329.5,373,337.33,3374
2026-08-11 10:00:00,329.5,330.5,328.5,329.0,110,337.27,3374
2026-08-11 10:05:00,329.5,332.0,327.0,328.0,229,337.13,3374
2026-08-11 10:10:00,328.0,330.0,328.0,330.0,52,337.1,3374
2026-08-11 10:15:00,330.0,330.0,329.0,329.5,46,337.07,3374
2026-08-11 10:20:00,329.5,330.5,328.5,330.0,60,337.04,3374
2026-08-11 10:25:00,330.0,330.0,328.0,329.5,90,336.99,3374
2026-08-11 10:30:00,329.5,333.5,329.0,333.5,208,336.91,3374
2026-08-11 10:35:00,333.0,334.5,332.0,332.0,301,336.84,3374
2026-08-11 10:40:00,332.5,337.0,332.5,336.0,435,336.78,3374
2026-08-11 10:45:00,336.0,338.5,334.5,334.5,498,336.79,3374
2026-08-11 10:50:00,334.5,335.0,333.5,333.5,81,336.77,3374
2026-08-11 10:55:00,333.5,334.5,332.0,333.5,113,336.74,3374
2026-08-11 11:00:00,333.5,334.5,333.0,334.5,46,336.74,3374
2026-08-11 11:05:00,334.5,334.5,331.5,332.0,74,336.72,3374
2026-08-11 11:10:00,332.0,334.0,331.0,333.5,211,336.65,3374
2026-08-11 11:15:00,333.5,336.0,333.5,335.5,104,336.64,3374
2026-08-11 11:20:00,335.0,335.5,334.5,335.5,53,336.63,3374
2026-08-11 11:25:00,335.5,337.5,335.5,336.0,232,336.64,3374
2026-08-11 11:30:00,336.5,336.5,334.0,334.0,155,336.63,3374
2026-08-11 11:35:00,334.0,334.0,333.5,333.5,32,336.62,3374
2026-08-11 11:40:00,333.5,336.0,333.5,334.0,169,336.6,3374
2026-08-11 11:45:00,334.0,335.5,334.0,335.0,37,336.6,3374
2026-08-11 11:50:00,335.0,335.0,334.0,334.5,32,336.59,3374
2026-08-11 11:55:00,334.5,335.0,334.0,334.5,50,336.59,3374
2026-08-11 12:00:00,334.5,334.5,333.5,334.0,62,336.58,3374
2026-08-11 12:05:00,333.5,335.0,333.5,335.0,73,336.57,3374
2026-08-11 12:10:00,335.0,335.5,334.0,334.0,61,336.56,3374
2026-08-11 12:15:00,334.0,334.5,334.0,334.0,44,336.56,3374
2026-08-11 12:20:00,334.0,334.0,332.5,332.5,84,336.54,3374
2026-08-11 12:25:00,332.5,333.0,332.0,332.0,74,336.52,3374
2026-08-11 12:30:00,332.0,332.5,331.5,331.5,81,336.5,3374
2026-08-11 12:35:00,331.5,332.0,331.0,332.0,68,336.48,3374
2026-08-11 12:40:00,332.0,332.0,331.5,331.5,69,336.46,3374
2026-08-11 12:45:00,331.5,332.0,330.5,330.5,100,336.43,3374
2026-08-11 12:50:00,331.0,333.0,330.5,333.0,135,336.39,3374
2026-08-11 12:55:00,333.0,333.5,332.5,333.0,75,336.38,3374
2026-08-11 13:00:00,333.0,334.5,332.0,332.0,148,336.35,3374
2026-08-11 13:05:00,332.0,333.5,331.5,333.5,158,336.32,3374
2026-08-11 13:10:00,333.0,334.0,332.5,333.5,205,336.28,3374
2026-08-11 13:15:00,333.5,334.0,333.0,333.0,300,336.24,3374
2026-08-11 13:20:00,333.5,334.0,333.0,333.0,455,336.17,3374
2026-08-11 13:30:00,334.0,334.0,334.0,334.0,799,336.09,3374
2026-08-12 09:00:00,332.0,335.5,324.0,335.0,1453,330.21,3374
2026-08-12 09:05:00,335.0,338.0,334.0,335.0,1129,332.72,3374
2026-08-12 09:10:00,335.0,335.5,331.0,332.0,496,332.82,3374
2026-08-12 09:15:00,331.5,332.5,328.0,328.0,512,332.48,3374
2026-08-12 09:20:00,328.5,328.5,325.0,328.0,685,331.51,3374
2026-08-12 09:25:00,328.0,334.0,328.0,333.5,476,331.48,3374
2026-08-12 09:30:00,333.0,334.5,329.0,329.0,204,331.5,3374
2026-08-12 09:35:00,330.0,330.5,328.0,329.5,173,331.42,3374
2026-08-12 09:40:00,329.5,331.5,329.5,331.5,74,331.41,3374
2026-08-12 09:45:00,331.0,331.5,328.0,329.5,196,331.33,3374
2026-08-12 09:50:00,329.5,330.0,329.5,330.0,65,331.31,3374
2026-08-12 09:55:00,330.0,330.5,330.0,330.5,43,331.3,3374
2026-08-12 10:00:00,331.0,334.0,331.0,332.5,213,331.35,3374
2026-08-12 10:05:00,332.5,333.0,332.0,332.5,68,331.36,3374
2026-08-12 10:10:00,332.5,333.0,332.0,332.0,70,331.37,3374
2026-08-12 10:15:00,332.0,337.0,331.5,335.0,568,331.67,3374
2026-08-12 10:20:00,334.0,334.5,332.0,332.5,69,331.68,3374
2026-08-12 10:25:00,332.5,335.0,332.5,335.0,71,331.71,3374
2026-08-12 10:30:00,335.0,335.5,334.0,334.0,108,331.76,3374
2026-08-12 10:35:00,334.0,334.5,331.0,331.5,177,331.77,3374
2026-08-12 10:40:00,331.5,333.5,331.5,333.5,37,331.77,3374
2026-08-12 10:45:00,333.5,335.0,333.5,335.0,72,331.8,3374
2026-08-12 10:50:00,335.0,335.0,333.5,334.5,114,331.84,3374
2026-08-12 10:55:00,334.0,334.5,333.5,334.5,49,331.86,3374
2026-08-12 11:00:00,334.5,334.5,334.0,334.5,59,331.88,3374
2026-08-12 11:05:00,334.5,336.0,334.0,335.0,231,331.97,3374
2026-08-12 11:10:00,335.0,335.5,333.5,335.0,138,332.01,3374
2026-08-12 11:15:00,334.5,334.5,333.5,333.5,45,332.02,3374
2026-08-12 11:20:00,333.0,333.5,332.5,332.5,52,332.03,3374
2026-08-12 11:25:00,332.5,332.5,330.5,331.5,155,332.01,3374
2026-08-12 11:30:00,331.5,331.5,330.0,330.0,93,332.0,3374
2026-08-12 11:35:00,330.0,330.5,328.5,328.5,184,331.94,3374
2026-08-12 11:40:00,328.5,329.0,327.5,327.5,188,331.86,3374
2026-08-12 11:45:00,327.0,330.0,327.0,330.0,59,331.83,3374
2026-08-12 11:50:00,330.0,330.0,328.5,329.0,67,331.81,3374
2026-08-12 11:55:00,328.5,329.5,328.0,329.5,21,331.8,3374
2026-08-12 12:00:00,330.0,330.5,328.5,329.0,57,331.78,3374
2026-08-12 12:05:00,329.0,329.0,328.0,328.5,56,331.76,3374
2026-08-12 12:10:00,328.5,328.5,328.0,328.5,21,331.75,3374
2026-08-12 12:15:00,328.5,328.5,327.0,327.5,141,331.69,3374
2026-08-12 12:20:00,328.0,328.0,327.0,328.0,77,331.65,3374
2026-08-12 12:25:00,328.0,329.5,328.0,329.5,29,331.65,3374
2026-08-12 12:30:00,329.0,330.5,329.0,330.0,53,331.63,3374
2026-08-12 12:35:00,329.5,330.5,329.5,330.5,42,331.63,3374
2026-08-12 12:40:00,330.0,332.0,330.0,331.5,115,331.62,3374
2026-08-12 12:45:00,331.5,334.0,330.5,333.5,234,331.64,3374
2026-08-12 12:50:00,333.5,334.0,332.0,332.0,88,331.66,3374
2026-08-12 12:55:00,332.0,332.0,331.5,332.0,47,331.66,3374
2026-08-12 13:00:00,331.5,331.5,330.5,330.5,63,331.65,3374
2026-08-12 13:05:00,330.5,331.5,330.5,331.5,185,331.64,3374
2026-08-12 13:10:00,332.0,332.5,331.5,332.0,115,331.65,3374
2026-08-12 13:15:00,332.0,332.0,331.5,332.0,149,331.65,3374
2026-08-12 13:20:00,332.0,332.5,331.0,331.0,201,331.65,3374
2026-08-12 13:30:00,330.0,330.0,330.0,330.0,436,331.58,3374
2026-08-13 09:00:00,333.5,337.5,329.0,329.0,1871,332.72,3374
2026-08-13 09:05:00,329.5,330.0,324.5,326.0,1262,330.68,3374
2026-08-13 09:10:00,326.0,329.5,324.5,329.5,830,329.64,3374
2026-08-13 09:15:00,329.5,330.5,329.0,329.0,491,329.67,3374
2026-08-13 09:20:00,329.5,334.0,329.0,333.5,478,329.87,3374
2026-08-13 09:25:00,333.5,339.5,333.0,339.0,1247,331.12,3374
2026-08-13 09:30:00,339.5,341.0,335.5,339.0,1271,332.46,3374
2026-08-13 09:35:00,338.0,339.5,335.5,336.5,351,332.68,3374
2026-08-13 09:40:00,336.5,336.5,334.0,334.5,204,332.74,3374
2026-08-13 09:45:00,334.5,337.0,334.5,335.5,153,332.79,3374
2026-08-13 09:50:00,335.5,335.5,334.0,335.5,121,332.82,3374
2026-08-13 09:55:00,335.0,337.0,335.0,335.5,105,332.86,3374
2026-08-13 10:00:00,335.5,335.5,333.5,333.5,98,332.88,3374
2026-08-13 10:05:00,333.5,334.5,333.5,334.0,71,332.89,3374
2026-08-13 10:10:00,333.5,335.0,333.5,334.5,80,332.9,3374
2026-08-13 10:15:00,334.0,334.0,332.0,333.0,263,332.91,3374
2026-08-13 10:20:00,333.0,333.0,331.5,332.0,94,332.9,3374
2026-08-13 10:25:00,332.0,332.0,330.5,330.5,150,332.87,3374
2026-08-13 10:30:00,330.5,330.5,328.5,328.5,277,332.77,3374
2026-08-13 10:35:00,328.5,330.5,327.0,330.0,293,332.64,3374
2026-08-13 10:40:00,330.5,331.0,329.0,329.5,138,332.61,3374
2026-08-13 10:45:00,329.5,329.5,328.0,328.5,105,332.57,3374
2026-08-13 10:50:00,328.5,330.0,328.0,328.5,108,332.53,3374
2026-08-13 10:55:00,328.5,330.0,327.5,330.0,174,332.45,3374
2026-08-13 11:00:00,330.0,331.0,329.5,329.5,64,332.44,3374
2026-08-13 11:05:00,330.0,330.0,329.5,330.0,40,332.43,3374
2026-08-13 11:10:00,330.0,332.0,330.0,331.0,88,332.42,3374
2026-08-13 11:15:00,331.0,331.0,330.0,330.0,22,332.42,3374
2026-08-13 11:20:00,330.5,331.0,330.5,330.5,18,332.41,3374
2026-08-13 11:25:00,330.5,331.0,329.5,329.5,51,332.4,3374
2026-08-13 11:30:00,329.5,329.5,329.0,329.5,20,332.4,3374
2026-08-13 11:35:00,329.0,329.5,329.0,329.0,13,332.39,3374
2026-08-13 11:40:00,329.0,329.5,327.5,327.5,120,332.35,3374
2026-08-13 11:45:00,327.5,329.0,327.5,328.5,71,332.32,3374
2026-08-13 11:50:00,328.5,329.0,328.5,329.0,14,332.31,3374
2026-08-13 11:55:00,328.5,328.5,327.5,328.0,65,332.29,3374
2026-08-13 12:00:00,328.0,328.5,328.0,328.0,39,332.27,3374
2026-08-13 12:05:00,328.0,328.0,328.0,328.0,36,332.26,3374
2026-08-13 12:10:00,328.0,328.5,328.0,328.5,24,332.25,3374
2026-08-13 12:15:00,328.5,328.5,327.0,327.5,123,332.2,3374
2026-08-13 12:20:00,327.5,327.5,326.5,326.5,146,332.13,3374
2026-08-13 12:25:00,326.5,328.0,326.0,327.5,169,332.05,3374
2026-08-13 12:30:00,327.5,328.0,327.5,328.0,34,332.04,3374
2026-08-13 12:35:00,327.5,328.5,327.5,327.5,31,332.03,3374
2026-08-13 12:40:00,328.0,328.0,327.5,327.5,69,332.0,3374
2026-08-13 12:45:00,327.5,327.5,327.0,327.5,30,331.99,3374
2026-08-13 12:50:00,327.0,328.5,327.0,328.0,126,331.94,3374
2026-08-13 12:55:00,328.0,328.5,327.5,328.0,78,331.92,3374
2026-08-13 13:00:00,328.0,328.5,327.0,327.0,125,331.87,3374
2026-08-13 13:05:00,327.0,328.0,327.0,327.5,237,331.78,3374
2026-08-13 13:10:00,327.0,328.0,327.0,327.0,192,331.72,3374
2026-08-13 13:15:00,327.5,327.5,326.5,326.5,169,331.65,3374
2026-08-13 13:20:00,327.0,327.5,325.0,325.0,470,331.45,3374
2026-08-13 13:30:00,325.0,325.0,325.0,325.0,519,331.2,3374
2026-08-14 09:00:00,327.5,340.5,327.5,335.5,1919,335.74,3374
2026-08-14 09:05:00,335.0,340.0,333.5,336.0,1040,336.08,3374
2026-08-14 09:10:00,336.0,337.5,332.5,333.0,431,335.92,3374
2026-08-14 09:15:00,333.0,333.0,329.0,330.0,447,335.3,3374
2026-08-14 09:20:00,330.0,332.5,328.0,331.5,465,334.8,3374
2026-08-14 09:25:00,331.5,331.5,329.5,329.5,169,334.63,3374
2026-08-14 09:30:00,329.5,330.5,326.5,327.0,392,334.12,3374
2026-08-14 09:35:00,327.0,334.0,326.5,334.0,357,333.89,3374
2026-08-14 09:40:00,334.0,342.0,333.0,342.0,1991,335.06,3374
2026-08-14 09:45:00,342.0,346.5,339.5,342.0,1964,336.72,3374
2026-08-14 09:50:00,342.0,343.0,339.0,339.0,480,336.96,3374
2026-08-14 09:55:00,338.5,338.5,335.5,336.0,389,336.95,3374
2026-08-14 10:00:00,336.0,336.0,333.0,334.5,403,336.85,3374
2026-08-14 10:05:00,334.5,336.5,334.0,336.0,368,336.79,3374
2026-08-14 10:10:00,336.5,339.0,336.5,338.0,224,336.81,3374
2026-08-14 10:15:00,337.5,339.5,336.5,337.0,212,336.82,3374
2026-08-14 10:20:00,337.0,337.0,335.0,335.0,139,336.81,3374
2026-08-14 10:25:00,335.0,335.0,333.5,334.5,201,336.77,3374
2026-08-14 10:30:00,334.5,336.0,334.5,334.5,36,336.76,3374
2026-08-14 10:35:00,334.5,334.5,333.0,333.5,116,336.73,3374
2026-08-14 10:40:00,333.5,334.5,333.0,333.5,76,336.71,3374
2026-08-14 10:45:00,334.0,337.5,334.0,336.0,187,336.7,3374
2026-08-14 10:50:00,335.5,336.0,334.5,334.5,120,336.68,3374
2026-08-14 10:55:00,334.5,334.5,333.0,333.0,129,336.65,3374
2026-08-14 11:00:00,333.0,334.0,332.5,332.5,163,336.6,3374
2026-08-14 11:05:00,332.0,332.5,330.0,330.5,354,336.45,3374
2026-08-14 11:10:00,330.5,330.5,328.5,329.0,326,336.28,3374
2026-08-14 11:15:00,329.0,332.0,328.5,331.0,108,336.23,3374
2026-08-14 11:20:00,331.0,332.0,331.0,331.5,55,336.21,3374
2026-08-14 11:25:00,331.5,332.0,330.5,331.0,56,336.19,3374
2026-08-14 11:30:00,331.0,331.0,328.5,328.5,187,336.1,3374
2026-08-14 11:35:00,329.0,329.5,328.5,329.0,122,336.04,3374
2026-08-14 11:40:00,329.0,329.5,327.5,328.0,209,335.92,3374
2026-08-14 11:45:00,327.5,328.5,326.5,327.0,269,335.75,3374
2026-08-14 11:50:00,326.5,327.5,326.5,327.0,66,335.71,3374
2026-08-14 11:55:00,327.5,327.5,326.0,326.0,116,335.64,3374
2026-08-14 12:00:00,326.0,326.5,325.5,325.5,148,335.54,3374
2026-08-14 12:05:00,325.5,326.5,324.0,326.5,314,335.31,3374
2026-08-14 12:10:00,326.0,326.5,325.0,325.0,78,335.26,3374
2026-08-14 12:15:00,325.0,326.0,324.5,324.5,90,335.2,3374
2026-08-14 12:20:00,324.5,325.0,323.0,323.5,266,335.0,3374
2026-08-14 12:25:00,323.5,324.5,323.0,323.0,83,334.94,3374
2026-08-14 12:30:00,323.0,323.5,321.0,321.5,211,334.76,3374
2026-08-14 12:35:00,321.0,323.0,318.0,322.5,462,334.33,3374
2026-08-14 12:40:00,323.0,323.0,321.0,321.0,97,334.26,3374
2026-08-14 12:45:00,321.5,321.5,320.0,320.5,91,334.18,3374
2026-08-14 12:50:00,321.0,321.0,318.0,318.5,219,333.98,3374
2026-08-14 12:55:00,318.5,321.0,318.5,320.5,96,333.9,3374
2026-08-14 13:00:00,320.5,321.0,320.0,321.0,80,333.83,3374
2026-08-14 13:05:00,320.5,325.0,319.5,324.5,420,333.54,3374
2026-08-14 13:10:00,324.0,327.0,324.0,325.5,259,333.42,3374
2026-08-14 13:15:00,325.5,327.0,325.0,325.5,179,333.35,3374
2026-08-14 13:20:00,325.0,326.0,325.0,325.0,187,333.26,3374
2026-08-14 13:30:00,325.0,325.0,325.0,325.0,673,332.96,3374
2026-08-17 09:00:00,299.5,301.0,292.5,293.5,4709,294.99,3374
2026-08-17 09:05:00,294.0,298.5,293.0,295.5,1309,295.02,3374
2026-08-17 09:10:00,296.0,296.0,292.5,293.0,3260,294.23,3374
2026-08-17 09:15:00,292.5,293.0,292.5,292.5,1185,294.04,3374
2026-08-17 09:20:00,292.5,292.5,292.5,292.5,175,294.01,3374
2026-08-17 09:25:00,292.5,292.5,292.5,292.5,129,293.99,3374
2026-08-17 09:30:00,292.5,292.5,292.5,292.5,141,293.97,3374
2026-08-17 09:35:00,292.5,292.5,292.5,292.5,114,293.96,3374
2026-08-17 09:40:00,292.5,292.5,292.5,292.5,78,293.95,3374
2026-08-17 09:45:00,292.5,292.5,292.5,292.5,63,293.94,3374
2026-08-17 09:50:00,292.5,292.5,292.5,292.5,78,293.93,3374
2026-08-17 09:55:00,292.5,292.5,292.5,292.5,42,293.93,3374
2026-08-17 10:00:00,292.5,292.5,292.5,292.5,68,293.92,3374
2026-08-17 10:05:00,292.5,292.5,292.5,292.5,48,293.91,3374
2026-08-17 10:10:00,292.5,292.5,292.5,292.5,41,293.91,3374
2026-08-17 10:15:00,292.5,292.5,292.5,292.5,42,293.9,3374
2026-08-17 10:20:00,292.5,292.5,292.5,292.5,43,293.9,3374
2026-08-17 10:25:00,292.5,292.5,292.5,292.5,60,293.89,3374
2026-08-17 10:30:00,292.5,292.5,292.5,292.5,132,293.87,3374
2026-08-17 10:35:00,292.5,292.5,292.5,292.5,46,293.87,3374
2026-08-17 10:40:00,292.5,292.5,292.5,292.5,41,293.86,3374
2026-08-17 10:45:00,292.5,292.5,292.5,292.5,46,293.86,3374
2026-08-17 10:50:00,292.5,292.5,292.5,292.5,47,293.85,3374
2026-08-17 10:55:00,292.5,292.5,292.5,292.5,43,293.85,3374
2026-08-17 11:00:00,292.5,292.5,292.5,292.5,24,293.84,3374
2026-08-17 11:05:00,292.5,292.5,292.5,292.5,77,293.84,3374
2026-08-17 11:10:00,292.5,292.5,292.5,292.5,25,293.83,3374
2026-08-17 11:15:00,292.5,292.5,292.5,292.5,31,293.83,3374
2026-08-17 11:20:00,292.5,292.5,292.5,292.5,32,293.83,3374
2026-08-17 11:25:00,292.5,292.5,292.5,292.5,18,293.82,3374
2026-08-17 11:30:00,292.5,292.5,292.5,292.5,20,293.82,3374
2026-08-17 11:35:00,292.5,292.5,292.5,292.5,10,293.82,3374
2026-08-17 11:40:00,292.5,292.5,292.5,292.5,17,293.82,3374
2026-08-17 11:45:00,292.5,292.5,292.5,292.5,45,293.81,3374
2026-08-17 11:50:00,292.5,292.5,292.5,292.5,21,293.81,3374
2026-08-17 11:55:00,292.5,292.5,292.5,292.5,24,293.81,3374
2026-08-17 12:00:00,292.5,292.5,292.5,292.5,13,293.81,3374
2026-08-17 12:05:00,292.5,292.5,292.5,292.5,36,293.8,3374
2026-08-17 12:10:00,292.5,292.5,292.5,292.5,26,293.8,3374
2026-08-17 12:15:00,292.5,292.5,292.5,292.5,38,293.8,3374
2026-08-17 12:20:00,292.5,292.5,292.5,292.5,20,293.8,3374
2026-08-17 12:25:00,292.5,292.5,292.5,292.5,64,293.79,3374
2026-08-17 12:30:00,292.5,292.5,292.5,292.5,32,293.79,3374
2026-08-17 12:35:00,292.5,292.5,292.5,292.5,46,293.78,3374
2026-08-17 12:40:00,292.5,292.5,292.5,292.5,37,293.78,3374
2026-08-17 12:45:00,292.5,292.5,292.5,292.5,22,293.78,3374
2026-08-17 12:50:00,292.5,292.5,292.5,292.5,24,293.77,3374
2026-08-17 12:55:00,292.5,292.5,292.5,292.5,26,293.77,3374
2026-08-17 13:00:00,292.5,292.5,292.5,292.5,32,293.77,3374
2026-08-17 13:05:00,292.5,292.5,292.5,292.5,23,293.76,3374
2026-08-17 13:10:00,292.5,292.5,292.5,292.5,90,293.76,3374
2026-08-17 13:15:00,292.5,292.5,292.5,292.5,36,293.75,3374
2026-08-17 13:20:00,292.5,292.5,292.5,292.5,63,293.75,3374
2026-08-17 13:30:00,292.5,292.5,292.5,292.5,103,293.74,3374
2026-08-18 09:00:00,291.0,297.5,288.0,292.0,3269,291.81,3374
2026-08-18 09:05:00,291.5,306.5,291.0,304.0,3059,295.53,3374
2026-08-18 09:10:00,304.0,313.0,303.5,312.0,3016,299.39,3374
2026-08-18 09:15:00,312.0,319.0,308.0,317.5,2525,302.44,3374
2026-08-18 09:20:00,317.5,321.5,312.0,313.5,3858,306.48,3374
2026-08-18 09:25:00,313.5,317.0,312.5,316.5,703,306.83,3374
2026-08-18 09:30:00,316.5,320.5,315.5,319.5,907,307.43,3374
2026-08-18 09:35:00,319.0,319.5,315.0,315.0,408,307.65,3374
2026-08-18 09:40:00,315.0,317.0,313.5,313.5,524,307.86,3374
2026-08-18 09:45:00,313.5,315.0,312.0,312.0,550,308.01,3374
2026-08-18 09:50:00,312.0,312.5,310.5,312.5,376,308.07,3374
2026-08-18 09:55:00,313.0,313.0,311.5,313.0,324,308.14,3374
2026-08-18 10:00:00,313.5,315.0,313.5,314.5,255,308.22,3374
2026-08-18 10:05:00,314.5,316.0,314.5,315.5,200,308.29,3374
2026-08-18 10:10:00,315.5,315.5,313.5,314.0,112,308.32,3374
2026-08-18 10:15:00,314.5,315.0,313.0,313.5,166,308.37,3374
2026-08-18 10:20:00,313.5,314.0,312.0,312.0,174,308.41,3374
2026-08-18 10:25:00,312.5,315.5,309.5,315.0,695,308.52,3374
2026-08-18 10:30:00,315.0,317.5,314.5,317.0,408,308.67,3374
2026-08-18 10:35:00,316.5,317.0,314.5,315.5,182,308.73,3374
2026-08-18 10:40:00,315.5,316.0,315.0,315.0,86,308.76,3374
2026-08-18 10:45:00,315.0,315.0,312.0,314.5,142,308.79,3374
2026-08-18 10:50:00,314.5,315.0,314.0,315.0,67,308.81,3374
2026-08-18 10:55:00,314.5,315.0,313.0,314.5,203,308.85,3374
2026-08-18 11:00:00,314.0,315.5,314.0,314.0,125,308.89,3374
2026-08-18 11:05:00,314.0,314.5,314.0,314.5,74,308.9,3374
2026-08-18 11:10:00,314.5,314.5,313.0,313.0,91,308.93,3374
2026-08-18 11:15:00,313.0,314.0,312.5,313.0,102,308.95,3374
2026-08-18 11:20:00,313.0,315.0,313.0,314.5,72,308.96,3374
2026-08-18 11:25:00,314.5,315.0,314.0,315.0,44,308.97,3374
2026-08-18 11:30:00,314.5,314.5,312.0,314.5,235,309.02,3374
2026-08-18 11:35:00,314.5,315.5,314.0,315.0,195,309.07,3374
2026-08-18 11:40:00,315.0,316.5,315.0,315.5,191,309.12,3374
2026-08-18 11:45:00,315.5,315.5,314.5,315.0,38,309.13,3374
2026-08-18 11:50:00,314.5,315.5,314.5,315.0,41,309.14,3374
2026-08-18 11:55:00,314.5,314.5,313.5,313.5,59,309.16,3374
2026-08-18 12:00:00,313.5,314.5,312.5,312.5,114,309.18,3374
2026-08-18 12:05:00,312.5,312.5,311.0,311.0,93,309.19,3374
2026-08-18 12:10:00,311.5,311.5,310.5,310.5,114,309.19,3374
2026-08-18 12:15:00,311.0,311.5,310.0,311.0,74,309.2,3374
2026-08-18 12:20:00,311.0,311.5,307.0,307.5,503,309.19,3374
2026-08-18 12:25:00,308.0,311.5,307.5,311.5,120,309.19,3374
2026-08-18 12:30:00,311.5,312.5,310.5,310.5,109,309.2,3374
2026-08-18 12:35:00,310.5,311.5,310.5,311.0,73,309.2,3374
2026-08-18 12:40:00,311.0,311.0,310.0,311.0,40,309.21,3374
2026-08-18 12:45:00,310.5,310.5,309.0,309.0,100,309.21,3374
2026-08-18 12:50:00,309.0,309.5,308.5,309.0,69,309.21,3374
2026-08-18 12:55:00,309.0,309.0,306.5,308.5,261,309.19,3374
2026-08-18 13:00:00,308.0,310.0,308.0,308.0,178,309.2,3374
2026-08-18 13:05:00,308.0,308.5,308.0,308.5,97,309.19,3374
2026-08-18 13:10:00,308.5,308.5,307.0,307.0,128,309.18,3374
2026-08-18 13:15:00,307.0,307.5,306.0,306.5,190,309.17,3374
2026-08-18 13:20:00,306.5,306.5,305.0,306.0,373,309.12,3374
2026-08-18 13:30:00,306.5,306.5,306.5,306.5,399,309.08,3374
2026-08-19 09:00:00,296.0,303.5,295.5,299.0,1327,297.86,3374
2026-08-19 09:05:00,299.0,300.5,296.5,297.0,620,298.21,3374
2026-08-19 09:10:00,297.0,299.5,296.5,297.5,306,298.24,3374
2026-08-19 09:15:00,298.0,301.0,296.0,297.5,636,298.14,3374
2026-08-19 09:20:00,297.5,299.0,297.5,298.5,208,298.14,3374
2026-08-19 09:25:00,298.5,306.5,297.5,304.5,1018,299.45,3374
2026-08-19 09:30:00,304.5,306.0,301.0,301.5,293,299.75,3374
2026-08-19 09:35:00,301.5,304.5,300.0,304.0,336,299.91,3374
2026-08-19 09:40:00,305.0,306.0,302.5,303.5,189,300.1,3374
2026-08-19 09:45:00,303.5,305.5,303.0,304.0,127,300.2,3374
2026-08-19 09:50:00,304.0,305.0,302.0,303.0,100,300.26,3374
2026-08-19 09:55:00,303.0,303.0,301.5,302.5,97,300.3,3374
2026-08-19 10:00:00,302.5,302.5,300.5,301.0,104,300.32,3374
2026-08-19 10:05:00,301.0,301.0,297.5,299.0,449,300.22,3374
2026-08-19 10:10:00,299.0,300.0,297.0,298.0,224,300.16,3374
2026-08-19 10:15:00,298.5,300.5,298.5,299.0,100,300.15,3374
2026-08-19 10:20:00,298.5,301.0,298.0,301.0,76,300.14,3374
2026-08-19 10:25:00,300.5,302.0,299.5,301.5,99,300.15,3374
2026-08-19 10:30:00,301.5,302.0,299.5,300.0,75,300.16,3374
2026-08-19 10:35:00,300.0,301.0,299.5,300.0,53,300.16,3374
2026-08-19 10:40:00,300.0,300.5,299.0,299.0,73,300.15,3374
2026-08-19 10:45:00,299.0,300.5,299.0,300.5,52,300.15,3374
2026-08-19 10:50:00,300.5,301.5,299.5,300.0,50,300.15,3374
2026-08-19 10:55:00,300.0,302.0,299.5,301.5,41,300.16,3374
2026-08-19 11:00:00,301.5,302.0,301.5,302.0,57,300.17,3374
2026-08-19 11:05:00,302.0,302.0,299.0,299.0,93,300.17,3374
2026-08-19 11:10:00,299.5,301.0,299.5,300.5,45,300.17,3374
2026-08-19 11:15:00,300.5,302.5,300.5,302.5,106,300.19,3374
2026-08-19 11:20:00,302.5,303.0,302.0,302.0,73,300.22,3374
2026-08-19 11:25:00,302.0,303.0,302.0,302.5,33,300.23,3374
2026-08-19 11:30:00,302.5,303.0,302.0,303.0,39,300.24,3374
2026-08-19 11:35:00,303.0,304.0,303.0,304.0,95,300.28,3374
2026-08-19 11:40:00,304.0,305.0,303.5,305.0,139,300.36,3374
2026-08-19 11:45:00,305.0,306.0,304.5,305.5,168,300.47,3374
2026-08-19 11:50:00,305.5,305.5,304.0,304.0,75,300.52,3374
2026-08-19 11:55:00,303.5,304.0,303.5,304.0,21,300.53,3374
2026-08-19 12:00:00,304.0,304.0,301.5,302.5,127,300.56,3374
2026-08-19 12:05:00,302.0,302.5,301.5,301.5,53,300.57,3374
2026-08-19 12:10:00,301.5,301.5,300.0,300.0,68,300.57,3374
2026-08-19 12:15:00,300.5,301.0,299.0,299.5,197,300.56,3374
2026-08-19 12:20:00,300.0,300.5,298.5,298.5,153,300.54,3374
2026-08-19 12:25:00,298.5,299.5,298.5,299.0,122,300.51,3374
2026-08-19 12:30:00,299.0,299.0,294.5,294.5,816,300.16,3374
2026-08-19 12:35:00,294.5,295.5,294.0,294.5,357,299.96,3374
2026-08-19 12:40:00,295.5,295.5,294.5,295.0,116,299.9,3374
2026-08-19 12:45:00,295.0,295.5,294.5,295.0,149,299.82,3374
2026-08-19 12:50:00,295.0,295.5,294.0,295.0,246,299.7,3374
2026-08-19 12:55:00,295.0,297.0,295.0,296.5,191,299.63,3374
2026-08-19 13:00:00,296.0,298.5,296.0,297.0,181,299.59,3374
2026-08-19 13:05:00,297.0,298.0,296.5,297.0,214,299.54,3374
2026-08-19 13:10:00,297.5,299.0,297.0,297.5,226,299.5,3374
2026-08-19 13:15:00,297.5,297.5,296.0,296.0,166,299.47,3374
2026-08-19 13:20:00,296.5,297.0,296.0,296.5,190,299.41,3374
2026-08-19 13:30:00,299.0,299.0,299.0,299.0,403,299.4,3374
2026-08-20 09:00:00,321.0,328.5,321.0,328.5,3731,326.88,3374
2026-08-20 09:05:00,328.5,328.5,328.5,328.5,527,327.08,3374
2026-08-20 09:10:00,328.5,328.5,328.5,328.5,267,327.16,3374
2026-08-20 09:15:00,328.5,328.5,328.5,328.5,231,327.23,3374
2026-08-20 09:20:00,328.5,328.5,328.5,328.5,283,327.3,3374
2026-08-20 09:25:00,328.5,328.5,328.5,328.5,109,327.33,3374
2026-08-20 09:30:00,328.5,328.5,328.5,328.5,508,327.43,3374
2026-08-20 09:35:00,328.5,328.5,316.5,319.5,4288,326.29,3374
2026-08-20 09:40:00,320.0,320.0,313.5,314.5,1253,325.28,3374
2026-08-20 09:45:00,314.5,316.0,310.5,314.5,1255,324.01,3374
2026-08-20 09:50:00,314.0,316.0,310.5,311.0,1197,323.04,3374
2026-08-20 09:55:00,310.5,315.5,310.0,311.5,582,322.61,3374
2026-08-20 10:00:00,311.5,314.5,311.0,312.5,364,322.37,3374
2026-08-20 10:05:00,312.5,312.5,307.0,310.0,1034,321.53,3374
2026-08-20 10:10:00,310.0,310.0,304.0,308.0,831,320.78,3374
2026-08-20 10:15:00,308.0,310.5,307.0,310.0,373,320.51,3374
2026-08-20 10:20:00,310.0,310.0,306.0,307.5,492,320.15,3374
2026-08-20 10:25:00,307.5,310.0,307.0,309.5,200,320.02,3374
2026-08-20 10:30:00,309.5,310.0,305.5,308.5,402,319.73,3374
2026-08-20 10:35:00,308.5,308.5,304.0,307.0,392,319.42,3374
2026-08-20 10:40:00,307.0,307.0,303.0,303.5,263,319.22,3374
2026-08-20 10:45:00,303.5,306.0,303.0,303.5,245,319.02,3374
2026-08-20 10:50:00,303.5,303.5,299.0,300.0,1828,317.4,3374
2026-08-20 10:55:00,300.0,300.5,299.0,300.5,309,317.14,3374
2026-08-20 11:00:00,300.5,301.5,300.0,301.5,180,317.0,3374
2026-08-20 11:05:00,301.5,301.5,299.0,299.0,275,316.79,3374
2026-08-20 11:10:00,299.0,300.5,297.5,300.5,516,316.36,3374
2026-08-20 11:15:00,300.5,300.5,300.0,300.5,99,316.29,3374
2026-08-20 11:20:00,300.5,300.5,299.0,299.5,158,316.17,3374
2026-08-20 11:25:00,299.5,299.5,297.5,297.5,298,315.93,3374
2026-08-20 11:30:00,297.5,298.0,297.0,297.5,172,315.79,3374
2026-08-20 11:35:00,296.5,297.0,295.0,295.5,340,315.5,3374
2026-08-20 11:40:00,296.0,296.5,294.5,296.5,430,315.13,3374
2026-08-20 11:45:00,296.0,298.0,295.5,296.5,179,314.99,3374
2026-08-20 11:50:00,297.0,297.5,296.0,296.5,45,314.96,3374
2026-08-20 11:55:00,296.5,297.0,296.0,296.0,75,314.9,3374
2026-08-20 12:00:00,296.5,297.5,296.0,297.5,49,314.86,3374
2026-08-20 12:05:00,297.5,297.5,297.0,297.5,125,314.77,3374
2026-08-20 12:10:00,297.5,300.0,297.5,299.5,155,314.67,3374
2026-08-20 12:15:00,299.5,300.0,299.0,300.0,158,314.57,3374
2026-08-20 12:20:00,300.0,300.5,298.5,298.5,231,314.43,3374
2026-08-20 12:25:00,298.5,298.5,298.0,298.5,77,314.38,3374
2026-08-20 12:30:00,298.5,299.0,298.5,298.5,69,314.33,3374
2026-08-20 12:35:00,298.5,299.5,298.0,299.5,221,314.19,3374
2026-08-20 12:40:00,299.5,299.5,298.5,298.5,81,314.14,3374
2026-08-20 12:45:00,298.5,299.0,298.5,299.0,59,314.11,3374
2026-08-20 12:50:00,299.0,299.0,297.5,297.5,157,314.01,3374
2026-08-20 12:55:00,297.5,299.0,297.5,298.5,161,313.9,3374
2026-08-20 13:00:00,299.0,303.0,298.5,302.5,549,313.62,3374
2026-08-20 13:05:00,302.5,304.5,301.5,304.0,477,313.43,3374
2026-08-20 13:10:00,304.0,304.0,302.0,302.0,287,313.31,3374
2026-08-20 13:15:00,302.0,304.0,302.0,303.5,315,313.2,3374
2026-08-20 13:20:00,303.5,304.0,303.0,303.5,394,313.06,3374
2026-08-20 13:30:00,303.5,303.5,303.5,303.5,561,312.86,3374
2026-08-21 09:00:00,304.0,316.0,304.0,305.5,3014,310.79,3374
2026-08-21 09:05:00,305.5,305.5,299.5,300.5,1074,308.5,3374
2026-08-21 09:10:00,301.0,304.0,298.5,303.5,632,307.47,3374
2026-08-21 09:15:00,303.0,305.5,302.0,302.5,779,306.98,3374
2026-08-21 09:20:00,302.5,302.5,299.0,300.5,418,306.55,3374
2026-08-21 09:25:00,300.5,303.5,300.5,303.5,233,306.37,3374
2026-08-21 09:30:00,303.5,306.5,303.0,305.5,411,306.28,3374
2026-08-21 09:35:00,305.5,305.5,303.5,305.0,241,306.23,3374
2026-08-21 09:40:00,305.0,306.5,304.5,306.0,227,306.21,3374
2026-08-21 09:45:00,306.0,310.5,306.0,310.0,703,306.47,3374
2026-08-21 09:50:00,309.5,310.0,307.5,307.5,254,306.55,3374
2026-08-21 09:55:00,307.5,307.5,304.0,304.0,427,306.52,3374
2026-08-21 10:00:00,304.0,305.0,302.0,302.5,428,306.33,3374
2026-08-21 10:05:00,302.5,303.5,302.0,303.0,137,306.28,3374
2026-08-21 10:10:00,303.0,303.0,302.5,302.5,82,306.24,3374
2026-08-21 10:15:00,303.0,305.0,303.0,304.5,99,306.22,3374
2026-08-21 10:20:00,304.5,304.5,303.5,304.5,29,306.22,3374
2026-08-21 10:25:00,304.0,304.5,303.5,304.0,51,306.2,3374
2026-08-21 10:30:00,304.0,307.0,304.0,307.0,208,306.2,3374
2026-08-21 10:35:00,307.0,310.0,307.0,307.5,456,306.3,3374
2026-08-21 10:40:00,307.5,308.0,306.5,306.5,70,306.3,3374
2026-08-21 10:45:00,307.0,307.5,306.5,307.5,97,306.31,3374
2026-08-21 10:50:00,307.0,308.0,307.0,307.5,40,306.31,3374
2026-08-21 10:55:00,307.5,308.0,307.0,307.0,68,306.32,3374
2026-08-21 11:00:00,307.0,307.0,306.0,306.0,45,306.32,3374
2026-08-21 11:05:00,306.0,306.5,305.0,305.0,61,306.32,3374
2026-08-21 11:10:00,305.5,307.0,305.5,306.0,68,306.32,3374
2026-08-21 11:15:00,306.0,307.0,305.5,305.5,98,306.32,3374
2026-08-21 11:20:00,305.5,305.5,305.0,305.0,45,306.31,3374
2026-08-21 11:25:00,305.0,305.5,305.0,305.0,39,306.31,3374
2026-08-21 11:30:00,305.0,306.5,305.0,306.5,107,306.3,3374
2026-08-21 11:35:00,306.5,306.5,305.5,305.5,43,306.3,3374
2026-08-21 11:40:00,305.0,305.0,303.5,303.5,80,306.29,3374
2026-08-21 11:45:00,303.5,304.0,303.5,303.5,66,306.27,3374
2026-08-21 11:50:00,303.5,304.5,303.5,303.5,54,306.26,3374
2026-08-21 11:55:00,303.5,305.0,302.5,304.5,150,306.22,3374
2026-08-21 12:00:00,304.0,304.5,304.0,304.5,11,306.22,3374
2026-08-21 12:05:00,305.0,306.0,305.0,305.0,53,306.21,3374
2026-08-21 12:10:00,305.0,305.0,302.0,303.0,281,306.15,3374
2026-08-21 12:15:00,303.0,303.5,303.0,303.0,38,306.14,3374
2026-08-21 12:20:00,303.0,303.0,302.5,302.5,20,306.13,3374
2026-08-21 12:25:00,302.5,303.5,302.0,303.5,73,306.11,3374
2026-08-21 12:30:00,303.5,303.5,303.0,303.5,31,306.1,3374
2026-08-21 12:35:00,303.0,303.5,302.5,303.0,86,306.08,3374
2026-08-21 12:40:00,303.0,303.0,302.5,302.5,110,306.05,3374
2026-08-21 12:45:00,303.0,304.5,303.0,304.0,98,306.03,3374
2026-08-21 12:50:00,304.0,304.5,303.5,303.5,95,306.01,3374
2026-08-21 12:55:00,303.5,304.5,303.5,304.0,135,305.99,3374
2026-08-21 13:00:00,304.0,305.0,304.0,304.0,157,305.97,3374
2026-08-21 13:05:00,304.5,304.5,303.5,304.0,158,305.94,3374
2026-08-21 13:10:00,304.0,304.0,303.5,303.5,131,305.91,3374
2026-08-21 13:15:00,304.0,305.0,303.5,304.5,316,305.88,3374
2026-08-21 13:20:00,304.5,305.5,303.5,304.0,393,305.84,3374
2026-08-21 13:30:00,306.5,306.5,306.5,306.5,643,305.87,3374
2026-08-24 09:00:00,302.0,303.5,299.0,301.5,676,301.15,3374
2026-08-24 09:05:00,301.5,306.0,301.5,304.5,461,302.45,3374
2026-08-24 09:10:00,304.5,307.0,304.0,305.5,190,302.9,3374
2026-08-24 09:15:00,305.0,307.5,305.0,306.5,192,303.34,3374
2026-08-24 09:20:00,306.5,312.5,306.0,310.0,628,305.25,3374
2026-08-24 09:25:00,310.0,311.0,309.5,310.5,176,305.62,3374
2026-08-24 09:30:00,310.5,312.0,307.5,307.5,290,306.12,3374
2026-08-24 09:35:00,307.5,309.5,307.0,308.5,137,306.21,3374
2026-08-24 09:40:00,308.5,309.0,308.0,308.5,48,306.25,3374
2026-08-24 09:45:00,309.0,310.0,308.5,308.5,105,306.36,3374
2026-08-24 09:50:00,308.5,309.0,307.5,307.5,291,306.55,3374
2026-08-24 09:55:00,307.5,307.5,304.0,304.0,307,306.47,3374
2026-08-24 10:00:00,304.0,304.0,302.0,304.0,351,306.14,3374
2026-08-24 10:05:00,304.0,304.5,302.5,303.0,139,306.05,3374
2026-08-24 10:10:00,303.5,304.5,303.5,304.5,39,306.03,3374
2026-08-24 10:15:00,305.0,305.0,304.5,304.5,96,306.0,3374
2026-08-24 10:20:00,304.0,306.0,304.0,306.0,85,305.99,3374
2026-08-24 10:25:00,305.5,306.0,305.5,306.0,16,305.99,3374
2026-08-24 10:30:00,306.0,308.0,306.0,308.0,128,306.02,3374
2026-08-24 10:35:00,308.0,308.0,306.5,306.5,56,306.04,3374
2026-08-24 10:40:00,306.5,307.5,306.5,307.5,66,306.05,3374
2026-08-24 10:45:00,307.0,307.0,307.0,307.0,31,306.06,3374
2026-08-24 10:50:00,306.5,306.5,306.0,306.5,28,306.06,3374
2026-08-24 10:55:00,306.5,306.5,306.0,306.0,20,306.06,3374
2026-08-24 11:00:00,306.0,306.0,306.0,306.0,21,306.06,3374
2026-08-24 11:05:00,306.0,306.5,306.0,306.0,22,306.06,3374
2026-08-24 11:10:00,306.0,306.0,305.0,305.0,20,306.06,3374
2026-08-24 11:15:00,305.0,305.0,305.0,305.0,30,306.05,3374
2026-08-24 11:20:00,305.0,305.5,303.0,305.0,174,305.98,3374
2026-08-24 11:25:00,305.0,305.5,304.0,305.5,19,305.98,3374
2026-08-24 11:30:00,305.0,305.0,304.0,304.5,24,305.97,3374
2026-08-24 11:35:00,304.5,305.0,304.5,305.0,8,305.97,3374
2026-08-24 11:40:00,304.5,304.5,304.5,304.5,7,305.97,3374
2026-08-24 11:45:00,304.5,305.0,304.5,304.5,7,305.97,3374
2026-08-24 11:50:00,304.5,304.5,304.0,304.5,22,305.96,3374
2026-08-24 11:55:00,304.5,305.0,304.5,305.0,26,305.95,3374
2026-08-24 12:00:00,304.5,304.5,304.5,304.5,21,305.95,3374
2026-08-24 12:05:00,304.5,305.5,304.5,305.5,39,305.94,3374
2026-08-24 12:10:00,305.5,305.5,305.5,305.5,24,305.94,3374
2026-08-24 12:15:00,305.5,306.0,305.5,305.5,15,305.94,3374
2026-08-24 12:20:00,305.0,305.5,304.5,305.0,32,305.93,3374
2026-08-24 12:25:00,304.5,305.0,304.5,304.5,22,305.92,3374
2026-08-24 12:30:00,304.5,305.0,304.0,304.0,48,305.91,3374
2026-08-24 12:35:00,304.0,304.5,304.0,304.5,33,305.9,3374
2026-08-24 12:40:00,305.0,306.0,305.0,305.5,57,305.89,3374
2026-08-24 12:45:00,305.5,306.5,305.5,306.0,60,305.89,3374
2026-08-24 12:50:00,306.0,307.0,306.0,306.5,58,305.9,3374
2026-08-24 12:55:00,306.5,306.5,305.5,305.5,37,305.9,3374
2026-08-24 13:00:00,305.5,306.0,304.5,304.5,83,305.89,3374
2026-08-24 13:05:00,304.5,305.0,304.0,304.5,72,305.87,3374
2026-08-24 13:10:00,304.5,305.5,304.0,304.0,85,305.85,3374
2026-08-24 13:15:00,304.5,305.0,303.5,303.5,127,305.81,3374
2026-08-24 13:20:00,303.5,304.0,303.0,303.0,196,305.73,3374
2026-08-24 13:30:00,302.5,302.5,302.5,302.5,364,305.55,3374
2026-08-25 09:00:00,299.0,299.0,290.5,292.5,1381,293.91,3374
2026-08-25 09:05:00,292.5,294.5,290.0,294.5,481,293.47,3374
2026-08-25 09:10:00,294.5,294.5,292.5,293.0,239,293.45,3374
2026-08-25 09:15:00,293.0,294.0,291.5,294.0,279,293.35,3374
2026-08-25 09:20:00,294.0,294.5,289.5,290.0,737,292.77,3374
2026-08-25 09:25:00,290.0,290.5,289.0,290.5,181,292.61,3374
2026-08-25 09:30:00,290.5,291.0,290.5,290.5,116,292.55,3374
2026-08-25 09:35:00,290.5,294.0,290.5,294.0,141,292.55,3374
2026-08-25 09:40:00,294.0,294.5,291.0,291.5,164,292.58,3374
2026-08-25 09:45:00,291.5,293.5,291.5,293.5,68,292.58,3374
2026-08-25 09:50:00,293.5,294.0,292.5,293.0,84,292.59,3374
2026-08-25 09:55:00,293.0,293.5,293.0,293.0,78,292.6,3374
2026-08-25 10:00:00,292.5,293.0,291.0,291.0,128,292.58,3374
2026-08-25 10:05:00,290.5,292.0,290.5,292.0,121,292.53,3374
2026-08-25 10:10:00,291.5,292.0,290.0,291.5,149,292.46,3374
2026-08-25 10:15:00,291.5,292.0,291.5,292.0,28,292.46,3374
2026-08-25 10:20:00,292.0,295.5,292.0,294.0,313,292.58,3374
2026-08-25 10:25:00,294.0,294.0,293.0,293.0,35,292.58,3374
2026-08-25 10:30:00,293.0,295.0,293.0,294.0,91,292.62,3374
2026-08-25 10:35:00,294.0,294.5,294.0,294.5,73,292.64,3374
2026-08-25 10:40:00,294.5,294.5,293.0,293.0,115,292.67,3374
2026-08-25 10:45:00,293.5,293.5,292.0,292.0,78,292.66,3374
2026-08-25 10:50:00,292.0,292.0,291.5,292.0,28,292.65,3374
2026-08-25 10:55:00,292.0,292.0,292.0,292.0,23,292.65,3374
2026-08-25 11:00:00,292.0,292.0,291.5,292.0,20,292.65,3374
2026-08-25 11:05:00,292.0,292.5,292.0,292.0,15,292.65,3374
2026-08-25 11:10:00,292.0,292.0,292.0,292.0,20,292.65,3374
2026-08-25 11:15:00,292.0,293.0,292.0,293.0,22,292.64,3374
2026-08-25 11:20:00,293.0,293.0,292.5,292.5,7,292.64,3374
2026-08-25 11:25:00,292.5,292.5,292.5,292.5,12,292.64,3374
2026-08-25 11:30:00,293.0,294.0,293.0,294.0,47,292.65,3374
2026-08-25 11:35:00,294.0,296.0,294.0,295.0,244,292.77,3374
2026-08-25 11:40:00,295.0,296.5,294.5,296.0,204,292.87,3374
2026-08-25 11:45:00,296.0,296.0,294.5,295.5,79,292.9,3374
2026-08-25 11:50:00,295.0,295.0,293.5,294.0,111,292.92,3374
2026-08-25 11:55:00,294.0,296.0,294.0,295.5,96,292.96,3374
2026-08-25 12:00:00,295.5,300.0,295.0,299.0,438,293.28,3374
2026-08-25 12:05:00,299.5,302.0,299.5,300.5,345,293.65,3374
2026-08-25 12:10:00,301.0,302.5,300.5,301.0,203,293.88,3374
2026-08-25 12:15:00,301.5,304.0,301.5,303.0,165,294.09,3374
2026-08-25 12:20:00,303.0,307.5,303.0,305.5,323,294.59,3374
2026-08-25 12:25:00,305.5,308.0,305.5,306.0,180,294.87,3374
2026-08-25 12:30:00,306.5,308.5,306.0,308.0,168,295.14,3374
2026-08-25 12:35:00,308.0,309.5,307.5,307.5,186,295.45,3374
2026-08-25 12:40:00,307.0,308.5,307.0,308.0,72,295.56,3374
2026-08-25 12:45:00,308.0,308.0,306.0,306.0,155,295.78,3374
2026-08-25 12:50:00,306.0,306.0,305.5,305.5,64,295.86,3374
2026-08-25 12:55:00,305.5,307.0,305.5,307.0,60,295.93,3374
2026-08-25 13:00:00,307.0,309.0,307.0,308.0,159,296.16,3374
2026-08-25 13:05:00,308.0,309.0,307.5,308.5,111,296.32,3374
2026-08-25 13:10:00,308.5,310.0,308.0,309.0,202,296.61,3374
2026-08-25 13:15:00,309.0,309.0,308.0,308.5,64,296.7,3374
2026-08-25 13:20:00,308.5,310.5,308.0,309.5,341,297.17,3374
2026-08-25 13:30:00,311.0,311.0,311.0,311.0,222,297.5,3374
2026-08-26 09:00:00,308.0,311.5,305.0,310.5,811,308.76,3374
2026-08-26 09:05:00,310.5,313.0,308.0,312.5,558,309.31,3374
2026-08-26 09:10:00,312.5,312.5,309.5,309.5,173,309.53,3374
2026-08-26 09:15:00,309.5,321.5,309.5,320.0,1094,312.42,3374
2026-08-26 09:20:00,320.5,323.0,318.0,320.5,1419,315.41,3374
2026-08-26 09:25:00,320.5,326.5,319.0,326.0,1562,317.63,3374
2026-08-26 09:30:00,326.0,330.0,325.0,329.5,1484,319.82,3374
2026-08-26 09:35:00,329.5,331.5,328.5,330.5,1021,321.09,3374
2026-08-26 09:40:00,330.0,331.0,325.0,330.5,1044,321.89,3374
2026-08-26 09:45:00,330.5,337.0,330.0,333.0,1557,323.67,3374
2026-08-26 09:50:00,333.0,340.0,333.0,339.5,1029,324.83,3374
2026-08-26 09:55:00,339.0,340.0,336.0,336.5,753,325.67,3374
2026-08-26 10:00:00,336.5,336.5,332.5,332.5,462,325.97,3374
2026-08-26 10:05:00,332.5,333.0,330.5,332.0,502,326.17,3374
2026-08-26 10:10:00,332.0,333.0,331.0,331.0,261,326.29,3374
2026-08-26 10:15:00,331.0,331.5,329.5,331.0,190,326.34,3374
2026-08-26 10:20:00,331.0,331.5,330.5,331.0,140,326.39,3374
2026-08-26 10:25:00,331.0,331.0,330.0,331.0,112,326.42,3374
2026-08-26 10:30:00,331.0,335.0,331.0,334.0,239,326.53,3374
2026-08-26 10:35:00,334.0,335.0,333.5,334.0,208,326.64,3374
2026-08-26 10:40:00,334.5,334.5,332.5,333.0,105,326.69,3374
2026-08-26 10:45:00,333.0,333.0,332.0,332.0,67,326.71,3374
2026-08-26 10:50:00,332.0,334.0,331.5,333.5,99,326.75,3374
2026-08-26 10:55:00,334.0,334.5,333.0,333.5,66,326.78,3374
2026-08-26 11:00:00,333.5,336.0,333.5,335.0,332,326.96,3374
2026-08-26 11:05:00,335.0,335.5,333.5,335.5,122,327.02,3374
2026-08-26 11:10:00,335.0,337.5,334.0,337.0,273,327.18,3374
2026-08-26 11:15:00,337.0,337.0,335.0,336.0,107,327.25,3374
2026-08-26 11:20:00,336.0,336.0,335.0,335.5,77,327.29,3374
2026-08-26 11:25:00,335.5,335.5,334.5,334.5,131,327.35,3374
2026-08-26 11:30:00,334.5,335.5,334.0,334.0,65,327.38,3374
2026-08-26 11:35:00,334.0,335.0,334.0,334.5,47,327.4,3374
2026-08-26 11:40:00,334.5,335.0,334.5,334.5,33,327.41,3374
2026-08-26 11:45:00,334.0,334.0,333.0,333.0,174,327.48,3374
2026-08-26 11:50:00,333.0,334.5,333.0,334.5,148,327.53,3374
2026-08-26 11:55:00,334.5,335.0,334.5,334.5,33,327.55,3374
2026-08-26 12:00:00,334.5,334.5,334.0,334.0,35,327.56,3374
2026-08-26 12:05:00,334.0,334.0,333.5,333.5,38,327.58,3374
2026-08-26 12:10:00,333.0,333.5,332.0,333.0,164,327.63,3374
2026-08-26 12:15:00,333.0,333.5,333.0,333.5,18,327.63,3374
2026-08-26 12:20:00,333.0,333.5,333.0,333.5,49,327.65,3374
2026-08-26 12:25:00,333.5,335.0,333.0,335.0,143,327.7,3374
2026-08-26 12:30:00,334.5,334.5,334.0,334.5,80,327.74,3374
2026-08-26 12:35:00,334.5,334.5,334.0,334.5,35,327.75,3374
2026-08-26 12:40:00,334.5,335.0,334.0,335.0,149,327.81,3374
2026-08-26 12:45:00,334.5,335.0,334.5,334.5,18,327.82,3374
2026-08-26 12:50:00,334.5,336.0,334.5,336.0,300,327.94,3374
2026-08-26 12:55:00,336.0,336.0,335.5,335.5,69,327.97,3374
2026-08-26 13:00:00,335.5,335.5,335.0,335.5,125,328.02,3374
2026-08-26 13:05:00,335.5,337.5,335.5,336.5,449,328.23,3374
2026-08-26 13:10:00,336.5,337.5,336.5,336.5,131,328.29,3374
2026-08-26 13:15:00,337.0,337.0,335.5,336.0,246,328.39,3374
2026-08-26 13:20:00,336.0,336.0,333.5,335.0,448,328.54,3374
2026-08-26 13:30:00,333.5,333.5,333.5,333.5,622,328.69,3374
2026-08-27 09:00:00,335.0,338.5,334.5,336.0,1701,336.06,3374
2026-08-27 09:05:00,336.0,336.0,332.0,332.5,1074,335.31,3374
2026-08-27 09:10:00,332.5,334.0,331.0,331.5,632,334.79,3374
2026-08-27 09:15:00,331.5,334.0,331.0,334.0,200,334.64,3374
2026-08-27 09:20:00,333.5,337.5,333.5,335.0,590,334.73,3374
2026-08-27 09:25:00,335.5,338.0,335.0,336.5,460,334.91,3374
2026-08-27 09:30:00,336.5,337.0,335.5,336.0,170,334.95,3374
2026-08-27 09:35:00,335.5,336.5,335.0,335.5,131,334.98,3374
2026-08-27 09:40:00,335.5,337.0,334.5,335.5,221,335.01,3374
2026-08-27 09:45:00,335.0,335.5,333.5,334.0,152,334.99,3374
2026-08-27 09:50:00,334.0,335.0,334.0,334.5,75,334.99,3374
2026-08-27 09:55:00,334.5,335.0,333.0,334.0,228,334.93,3374
2026-08-27 10:00:00,334.0,334.5,333.0,334.5,107,334.91,3374
2026-08-27 10:05:00,334.5,334.5,333.5,334.0,64,334.91,3374
2026-08-27 10:10:00,334.0,345.0,334.0,345.0,1827,336.09,3374
2026-08-27 10:15:00,345.0,345.0,339.0,339.5,1011,336.87,3374
2026-08-27 10:20:00,339.5,340.0,338.0,338.0,230,336.93,3374
2026-08-27 10:25:00,338.0,339.5,337.5,337.5,140,336.95,3374
2026-08-27 10:30:00,337.5,339.0,337.5,339.0,85,336.97,3374
2026-08-27 10:35:00,338.5,339.0,338.5,338.5,66,336.98,3374
2026-08-27 10:40:00,338.5,339.0,335.5,336.5,217,336.97,3374
2026-08-27 10:45:00,336.0,338.0,336.0,337.0,118,336.97,3374
2026-08-27 10:50:00,337.0,338.5,336.5,338.5,78,336.98,3374
2026-08-27 10:55:00,338.5,345.5,338.5,345.0,903,337.47,3374
2026-08-27 11:00:00,345.0,348.5,343.5,348.0,1229,338.37,3374
2026-08-27 11:05:00,348.0,356.0,346.0,356.0,1722,340.06,3374
2026-08-27 11:10:00,355.0,356.0,352.0,353.5,516,340.56,3374
2026-08-27 11:15:00,353.5,362.5,353.5,361.0,1506,342.24,3374
2026-08-27 11:20:00,360.5,361.0,356.0,358.0,526,342.76,3374
2026-08-27 11:25:00,357.5,359.0,356.5,358.0,276,343.01,3374
2026-08-27 11:30:00,358.0,359.5,356.5,357.5,243,343.24,3374
2026-08-27 11:35:00,357.5,357.5,354.5,355.5,303,343.46,3374
2026-08-27 11:40:00,355.5,355.5,353.5,354.0,163,343.56,3374
2026-08-27 11:45:00,353.5,353.5,351.0,351.0,251,343.69,3374
2026-08-27 11:50:00,351.0,353.0,349.0,349.0,282,343.81,3374
2026-08-27 11:55:00,349.0,352.5,349.0,352.0,298,343.92,3374
2026-08-27 12:00:00,352.5,357.5,352.5,353.5,492,344.24,3374
2026-08-27 12:05:00,353.5,354.5,353.0,353.0,51,344.27,3374
2026-08-27 12:10:00,353.0,353.0,350.5,351.0,159,344.33,3374
2026-08-27 12:15:00,351.0,352.5,351.0,352.5,75,344.36,3374
2026-08-27 12:20:00,352.5,352.5,352.0,352.0,57,344.38,3374
2026-08-27 12:25:00,352.0,352.0,351.0,351.0,142,344.44,3374
2026-08-27 12:30:00,351.0,352.5,351.0,352.0,85,344.47,3374
2026-08-27 12:35:00,352.5,354.5,351.5,352.5,115,344.52,3374
2026-08-27 12:40:00,353.0,353.0,351.5,351.5,72,344.55,3374
2026-08-27 12:45:00,352.0,354.0,351.5,352.0,120,344.6,3374
2026-08-27 12:50:00,352.5,352.5,351.0,351.0,95,344.64,3374
2026-08-27 12:55:00,351.5,351.5,350.0,350.5,107,344.67,3374
2026-08-27 13:00:00,351.0,351.5,350.0,351.0,123,344.71,3374
2026-08-27 13:05:00,351.5,353.5,351.0,351.5,209,344.79,3374
2026-08-27 13:10:00,352.0,352.0,351.0,352.0,192,344.86,3374
2026-08-27 13:15:00,352.5,352.5,351.0,351.5,223,344.93,3374
2026-08-27 13:20:00,352.0,352.0,350.0,350.0,299,345.02,3374
2026-08-27 13:30:00,351.0,351.0,351.0,351.0,434,345.14,3374
2026-08-28 09:00:00,352.0,358.0,350.0,354.0,1672,353.9,3374
2026-08-28 09:05:00,353.5,354.5,351.0,354.0,615,353.46,3374
2026-08-28 09:10:00,354.5,357.5,353.5,356.0,546,353.91,3374
2026-08-28 09:15:00,355.5,366.0,355.0,363.5,1311,356.32,3374
2026-08-28 09:20:00,363.0,370.5,360.0,369.5,1804,359.28,3374
2026-08-28 09:25:00,369.5,380.0,366.5,375.0,2656,363.86,3374
2026-08-28 09:30:00,374.5,382.0,367.0,379.5,2064,366.11,3374
2026-08-28 09:35:00,379.0,380.0,377.0,378.0,857,367.06,3374
2026-08-28 09:40:00,378.0,381.0,373.5,377.5,942,367.86,3374
2026-08-28 09:45:00,378.0,384.5,377.0,383.0,1651,369.43,3374
2026-08-28 09:50:00,383.5,383.5,375.5,376.0,472,369.75,3374
2026-08-28 09:55:00,376.0,376.5,372.5,375.0,550,369.94,3374
2026-08-28 10:00:00,375.0,378.0,375.0,377.5,303,370.07,3374
2026-08-28 10:05:00,377.0,378.5,376.5,378.5,238,370.18,3374
2026-08-28 10:10:00,378.5,384.0,378.5,381.5,1035,370.9,3374
2026-08-28 10:15:00,381.0,384.0,380.0,382.5,495,371.23,3374
2026-08-28 10:20:00,383.0,385.5,382.0,385.0,883,371.88,3374
2026-08-28 10:25:00,385.0,386.0,384.5,385.0,1281,372.79,3374
2026-08-28 10:30:00,385.0,386.0,384.0,385.5,601,373.17,3374
2026-08-28 10:35:00,385.5,385.5,383.0,384.0,180,373.26,3374
2026-08-28 10:40:00,384.0,385.0,383.5,384.5,149,373.34,3374
2026-08-28 10:45:00,384.5,386.0,383.5,386.0,2823,374.88,3374
2026-08-28 10:50:00,386.0,386.0,384.5,386.0,743,375.22,3374
2026-08-28 10:55:00,385.5,386.0,385.0,385.5,329,375.36,3374
2026-08-28 11:00:00,385.5,386.0,385.0,385.5,275,375.48,3374
2026-08-28 11:05:00,385.5,386.0,385.0,385.5,286,375.6,3374
2026-08-28 11:10:00,386.0,386.0,384.5,385.0,204,375.68,3374
2026-08-28 11:15:00,385.0,385.0,383.0,384.5,198,375.74,3374
2026-08-28 11:20:00,384.5,385.5,384.0,385.0,101,375.78,3374
2026-08-28 11:25:00,385.0,385.5,383.5,384.5,127,375.82,3374
2026-08-28 11:30:00,384.5,385.5,383.0,385.5,149,375.88,3374
2026-08-28 11:35:00,385.5,386.0,384.5,385.5,143,375.93,3374
2026-08-28 11:40:00,385.5,385.5,382.5,384.0,196,375.99,3374
2026-08-28 11:45:00,384.0,385.0,383.0,384.0,88,376.02,3374
2026-08-28 11:50:00,384.0,384.5,383.5,384.5,114,376.05,3374
2026-08-28 11:55:00,385.0,386.0,384.5,386.0,451,376.22,3374
2026-08-28 12:00:00,386.0,386.0,385.5,385.5,58,376.24,3374
2026-08-28 12:05:00,385.5,386.0,385.5,385.5,67,376.26,3374
2026-08-28 12:10:00,385.5,386.0,385.5,386.0,55,376.28,3374
2026-08-28 12:15:00,386.0,386.0,385.5,385.5,36,376.3,3374
2026-08-28 12:20:00,385.5,386.0,385.5,386.0,528,376.48,3374
2026-08-28 12:25:00,386.0,386.0,386.0,386.0,20,376.49,3374
2026-08-28 12:30:00,386.0,386.0,386.0,386.0,15,376.5,3374
2026-08-28 12:35:00,386.0,386.0,386.0,386.0,40,376.51,3374
2026-08-28 12:40:00,386.0,386.0,386.0,386.0,26,376.52,3374
2026-08-28 12:45:00,386.0,386.0,386.0,386.0,22,376.53,3374
2026-08-28 12:50:00,386.0,386.0,386.0,386.0,48,376.54,3374
2026-08-28 12:55:00,386.0,386.0,386.0,386.0,30,376.55,3374
2026-08-28 13:00:00,386.0,386.0,386.0,386.0,235,376.63,3374
2026-08-28 13:05:00,386.0,386.0,384.5,385.5,578,376.81,3374
2026-08-28 13:10:00,385.5,386.0,385.5,386.0,245,376.89,3374
2026-08-28 13:15:00,386.0,386.0,385.5,386.0,162,376.94,3374
2026-08-28 13:20:00,386.0,386.0,386.0,386.0,46,376.96,3374
2026-08-28 13:30:00,386.0,386.0,386.0,386.0,44,376.97,3374
2026-08-31 09:00:00,390.5,410.5,390.0,402.5,6330,402.16,3374
2026-08-31 09:05:00,402.0,402.5,392.0,396.5,2434,400.53,3374
2026-08-31 09:10:00,396.0,397.0,390.0,393.5,1781,399.27,3374
2026-08-31 09:15:00,393.0,394.5,388.5,392.5,1053,398.53,3374
2026-08-31 09:20:00,392.5,396.0,390.0,392.5,803,398.16,3374
2026-08-31 09:25:00,392.5,409.0,389.0,405.5,3074,398.77,3374
2026-08-31 09:30:00,405.5,406.0,400.0,404.0,1068,399.01,3374
2026-08-31 09:35:00,404.5,411.5,402.5,409.5,1958,399.98,3374
2026-08-31 09:40:00,409.5,414.0,407.0,408.0,1839,400.98,3374
2026-08-31 09:45:00,408.0,414.5,406.5,412.5,1060,401.48,3374
2026-08-31 09:50:00,412.5,413.0,409.0,409.0,409,401.65,3374
2026-08-31 09:55:00,409.5,409.5,406.5,408.5,416,401.76,3374
2026-08-31 10:00:00,408.5,409.5,402.0,402.5,1071,401.89,3374
2026-08-31 10:05:00,403.0,418.0,403.0,413.5,2600,403.12,3374
2026-08-31 10:10:00,413.5,420.0,412.0,418.0,1345,403.78,3374
2026-08-31 10:15:00,418.5,419.0,414.0,416.0,786,404.14,3374
2026-08-31 10:20:00,415.5,419.5,412.0,415.5,1057,404.57,3374
2026-08-31 10:25:00,415.0,420.0,413.5,419.0,1217,405.13,3374
2026-08-31 10:30:00,418.5,422.0,418.0,420.0,1292,405.74,3374
2026-08-31 10:35:00,420.0,421.0,417.5,419.0,854,406.11,3374
2026-08-31 10:40:00,418.5,419.5,416.0,417.0,402,406.25,3374
2026-08-31 10:45:00,417.0,422.0,416.5,421.5,659,406.53,3374
2026-08-31 10:50:00,421.5,421.5,420.0,421.0,117,406.57,3374
2026-08-31 10:55:00,420.5,421.0,420.0,420.5,119,406.62,3374
2026-08-31 11:00:00,420.5,423.5,420.5,420.5,795,406.98,3374
2026-08-31 11:05:00,421.0,421.0,420.0,420.5,164,407.04,3374
2026-08-31 11:10:00,421.0,421.5,420.0,421.5,162,407.11,3374
2026-08-31 11:15:00,421.5,421.5,418.0,420.5,453,407.27,3374
2026-08-31 11:20:00,420.5,420.5,417.5,418.0,163,407.32,3374
2026-08-31 11:25:00,418.0,420.5,416.0,419.5,222,407.39,3374
2026-08-31 11:30:00,420.0,420.5,418.0,420.0,158,407.45,3374
2026-08-31 11:35:00,420.0,420.0,418.5,419.5,132,407.49,3374
2026-08-31 11:40:00,419.0,420.5,417.5,420.5,146,407.54,3374
2026-08-31 11:45:00,420.5,420.5,419.0,420.0,198,407.6,3374
2026-08-31 11:50:00,420.0,420.5,419.5,420.5,79,407.63,3374
2026-08-31 11:55:00,420.5,423.0,420.5,423.0,354,407.77,3374
2026-08-31 12:00:00,423.0,424.5,421.0,421.5,884,408.14,3374
2026-08-31 12:05:00,421.5,423.0,421.5,422.0,140,408.19,3374
2026-08-31 12:10:00,422.0,422.5,421.5,422.0,71,408.22,3374
2026-08-31 12:15:00,421.5,422.0,420.5,422.0,121,408.26,3374
2026-08-31 12:20:00,422.0,422.0,420.5,421.0,90,408.29,3374
2026-08-31 12:25:00,421.0,421.5,420.5,420.5,68,408.32,3374
2026-08-31 12:30:00,420.5,421.0,420.5,421.0,122,408.35,3374
2026-08-31 12:35:00,421.5,422.0,421.0,422.0,52,408.37,3374
2026-08-31 12:40:00,422.0,423.0,422.0,422.5,172,408.44,3374
2026-08-31 12:45:00,422.5,422.5,420.0,420.0,375,408.55,3374
2026-08-31 12:50:00,420.0,420.5,420.0,420.5,255,408.62,3374
2026-08-31 12:55:00,420.0,420.5,418.5,419.0,241,408.69,3374
2026-08-31 13:00:00,418.5,419.0,418.0,418.5,108,408.72,3374
2026-08-31 13:05:00,418.0,420.0,418.0,418.0,232,408.78,3374
2026-08-31 13:10:00,418.0,422.0,417.0,421.0,543,408.92,3374
2026-08-31 13:15:00,421.5,421.5,420.5,420.5,82,408.95,3374
2026-08-31 13:20:00,420.5,422.0,420.5,421.5,555,409.12,3374
2026-08-31 13:30:00,422.5,422.5,422.5,422.5,673,409.33,3374
2026-09-01 09:00:00,422.5,422.5,412.0,417.5,2679,418.49,3374
2026-09-01 09:05:00,417.5,430.0,415.0,429.0,2493,421.34,3374
2026-09-01 09:10:00,429.0,429.0,422.5,425.5,1460,422.34,3374
2026-09-01 09:15:00,425.5,426.0,417.0,421.5,1403,422.15,3374
2026-09-01 09:20:00,422.0,425.5,419.0,424.0,908,422.07,3374
2026-09-01 09:25:00,424.0,424.0,416.0,421.0,751,421.82,3374
2026-09-01 09:30:00,420.5,422.5,419.0,421.0,287,421.79,3374
2026-09-01 09:35:00,421.0,425.5,421.0,425.5,586,421.92,3374
2026-09-01 09:40:00,425.5,425.5,422.5,423.5,309,421.97,3374
2026-09-01 09:45:00,423.5,424.0,421.5,422.0,154,421.98,3374
2026-09-01 09:50:00,422.0,422.0,419.5,421.0,227,421.95,3374
2026-09-01 09:55:00,421.5,423.0,420.5,421.5,120,421.95,3374
2026-09-01 10:00:00,421.5,421.5,418.5,420.0,243,421.9,3374
2026-09-01 10:05:00,420.5,420.5,418.0,418.5,209,421.84,3374
2026-09-01 10:10:00,418.5,419.5,414.5,415.0,520,421.61,3374
2026-09-01 10:15:00,415.5,418.5,415.5,418.5,331,421.49,3374
2026-09-01 10:20:00,418.5,420.0,415.5,417.5,206,421.42,3374
2026-09-01 10:25:00,417.5,418.0,415.5,416.0,157,421.36,3374
2026-09-01 10:30:00,416.0,420.0,415.5,418.0,188,421.32,3374
2026-09-01 10:35:00,418.5,421.0,418.5,418.5,229,421.28,3374
2026-09-01 10:40:00,418.0,421.5,417.5,420.5,278,421.25,3374
2026-09-01 10:45:00,420.5,420.5,419.0,419.0,84,421.24,3374
2026-09-01 10:50:00,418.5,418.5,417.5,418.5,80,421.22,3374
2026-09-01 10:55:00,417.5,420.0,417.5,419.0,52,421.22,3374
2026-09-01 11:00:00,419.0,420.0,418.5,420.0,43,421.21,3374
2026-09-01 11:05:00,419.5,420.0,419.0,419.5,112,421.2,3374
2026-09-01 11:10:00,419.0,422.0,419.0,422.0,193,421.2,3374
2026-09-01 11:15:00,422.0,422.5,421.0,421.0,111,421.2,3374
2026-09-01 11:20:00,421.0,423.0,420.0,420.5,201,421.21,3374
2026-09-01 11:25:00,420.0,421.0,420.0,421.0,32,421.2,3374
2026-09-01 11:30:00,421.0,421.0,420.5,421.0,23,421.2,3374
2026-09-01 11:35:00,421.5,421.5,420.5,420.5,44,421.2,3374
2026-09-01 11:40:00,421.0,421.5,420.5,420.5,77,421.2,3374
2026-09-01 11:45:00,420.5,423.0,420.5,422.5,260,421.22,3374
2026-09-01 11:50:00,423.0,427.0,423.0,426.0,1036,421.47,3374
2026-09-01 11:55:00,426.0,427.0,423.5,423.5,307,421.54,3374
2026-09-01 12:00:00,423.5,424.0,423.0,423.5,64,421.55,3374
2026-09-01 12:05:00,423.5,424.5,423.5,424.0,75,421.56,3374
2026-09-01 12:10:00,423.5,424.5,423.0,424.5,173,421.58,3374
2026-09-01 12:15:00,424.5,425.0,423.5,424.0,105,421.6,3374
2026-09-01 12:20:00,423.5,425.5,423.5,425.0,170,421.63,3374
2026-09-01 12:25:00,425.0,427.0,425.0,427.0,316,421.71,3374
2026-09-01 12:30:00,426.5,431.0,426.5,427.5,1340,422.25,3374
2026-09-01 12:35:00,427.5,431.0,426.5,431.0,365,422.37,3374
2026-09-01 12:40:00,430.5,431.0,428.5,429.0,238,422.47,3374
2026-09-01 12:45:00,429.0,429.0,427.5,427.5,190,422.52,3374
2026-09-01 12:50:00,427.5,428.0,425.0,425.5,247,422.57,3374
2026-09-01 12:55:00,425.5,426.0,424.5,424.5,114,422.59,3374
2026-09-01 13:00:00,424.5,425.0,423.0,423.5,197,422.6,3374
2026-09-01 13:05:00,423.5,426.0,423.0,425.5,292,422.63,3374
2026-09-01 13:10:00,425.5,427.0,425.5,425.5,231,422.67,3374
2026-09-01 13:15:00,425.5,426.0,423.5,423.5,261,422.69,3374
2026-09-01 13:20:00,424.0,424.0,420.0,421.0,537,422.67,3374
2026-09-01 13:30:00,421.5,421.5,421.5,421.5,626,422.64,3374
2026-09-02 09:00:00,418.0,418.0,417.0,417.0,149,417.59,3374
2026-09-02 09:05:00,419.0,422.5,419.0,422.5,115,418.83,3374
2026-09-02 09:10:00,424.0,424.0,423.5,424.0,114,420.33,3374
2026-09-02 09:15:00,424.5,426.5,424.5,426.5,116,421.56,3374
2026-09-02 09:20:00,429.5,430.0,429.5,430.0,278,424.55,3374
2026-09-02 09:25:00,430.0,430.0,429.5,429.5,112,425.22,3374
2026-09-02 09:30:00,427.0,427.0,425.0,425.0,145,425.27,3374
2026-09-02 09:35:00,425.0,425.0,422.5,422.5,109,425.07,3374
2026-09-02 09:40:00,422.5,422.5,421.5,421.5,104,424.79,3374
2026-09-02 09:45:00,421.5,421.5,420.5,420.5,41,424.66,3374
2026-09-02 09:50:00,420.0,421.5,420.0,421.5,149,424.3,3374
2026-09-02 09:55:00,422.0,422.0,422.0,422.0,198,424.02,3374
2026-09-02 10:00:00,423.0,424.5,422.0,422.0,148,423.91,3374
2026-09-02 10:05:00,420.5,420.5,418.5,418.5,137,423.58,3374
2026-09-02 10:10:00,418.0,420.0,417.5,420.0,88,423.35,3374
2026-09-02 10:15:00,422.0,422.0,422.0,422.0,48,423.32,3374
2026-09-02 10:20:00,422.5,422.5,422.5,422.5,33,423.31,3374
2026-09-02 10:25:00,422.0,422.0,421.0,421.0,23,423.29,3374
2026-09-02 10:30:00,420.0,420.0,419.0,419.0,42,423.22,3374
2026-09-02 10:35:00,419.0,419.0,418.0,418.0,47,423.12,3374
2026-09-02 10:40:00,417.5,417.5,417.0,417.0,111,422.83,3374
2026-09-02 10:45:00,418.0,418.0,418.0,418.0,23,422.79,3374
2026-09-02 10:50:00,419.5,419.5,418.5,418.5,68,422.69,3374
2026-09-02 10:55:00,418.5,418.5,418.5,418.5,11,422.67,3374
2026-09-02 11:00:00,418.0,418.0,417.5,417.5,47,422.57,3374
2026-09-02 11:05:00,417.0,417.0,416.0,416.0,68,422.41,3374
2026-09-02 11:10:00,415.0,417.0,415.0,417.0,68,422.22,3374
2026-09-02 11:15:00,417.0,417.0,417.0,417.0,11,422.2,3374
2026-09-02 11:20:00,417.0,417.0,416.5,416.5,16,422.17,3374
2026-09-02 11:25:00,416.0,416.0,415.0,415.0,30,422.09,3374
2026-09-02 11:30:00,415.0,415.0,413.5,413.5,108,421.77,3374
2026-09-02 11:35:00,413.5,413.5,413.0,413.0,47,421.63,3374
2026-09-02 11:40:00,413.0,415.5,413.0,415.5,51,421.49,3374
2026-09-02 11:45:00,418.0,418.0,416.5,416.5,32,421.45,3374
2026-09-02 11:50:00,418.5,418.5,417.0,417.0,23,421.42,3374
2026-09-02 11:55:00,416.5,416.5,416.5,416.5,6,421.41,3374
2026-09-02 12:00:00,416.5,416.5,415.0,415.0,75,421.27,3374
2026-09-02 12:05:00,415.0,415.5,415.0,415.5,35,421.2,3374
2026-09-02 12:10:00,415.0,415.0,415.0,415.0,31,421.13,3374
2026-09-02 12:15:00,415.5,415.5,415.0,415.0,5,421.12,3374
2026-09-02 12:20:00,415.5,416.5,415.5,416.5,20,421.09,3374
2026-09-02 12:25:00,417.0,417.0,417.0,417.0,17,421.07,3374
2026-09-02 12:30:00,418.0,418.0,417.5,417.5,10,421.06,3374
2026-09-02 12:35:00,418.5,418.5,418.5,418.5,40,421.03,3374
2026-09-02 12:40:00,418.5,418.5,418.0,418.0,18,421.01,3374
2026-09-02 12:45:00,418.0,418.5,418.0,418.5,23,420.99,3374
2026-09-02 12:50:00,418.0,418.5,418.0,418.0,21,420.97,3374
2026-09-02 12:55:00,416.5,416.5,416.5,416.5,23,420.94,3374
2026-09-02 13:00:00,416.0,419.5,416.0,419.5,82,420.88,3374
2026-09-02 13:05:00,420.0,420.0,419.0,419.0,58,420.86,3374
2026-09-02 13:10:00,419.5,419.5,419.0,419.5,38,420.84,3374
2026-09-02 13:15:00,419.0,419.0,419.0,419.0,33,420.82,3374
2026-09-02 13:20:00,419.0,419.0,419.0,419.0,59,420.79,3374
2026-09-02 13:30:00,419.5,419.5,419.5,419.5,146,420.74,3374
2026-09-03 09:00:00,420.0,421.5,420.0,421.0,99,420.71,3374
2026-09-03 09:05:00,420.5,420.5,420.0,420.0,60,420.52,3374
2026-09-03 09:10:00,419.5,419.5,419.5,419.5,92,420.14,3374
2026-09-03 09:15:00,419.5,419.5,419.5,419.5,32,420.07,3374
2026-09-03 09:20:00,419.5,420.0,419.5,420.0,43,420.02,3374
2026-09-03 09:25:00,420.0,420.0,419.0,419.0,89,419.86,3374
2026-09-03 09:30:00,417.5,417.5,410.0,410.0,222,417.56,3374
2026-09-03 09:35:00,410.0,410.0,405.0,405.0,237,414.78,3374
2026-09-03 09:40:00,400.0,400.0,398.0,400.0,376,410.16,3374
2026-09-03 09:45:00,403.5,403.5,402.0,402.0,153,409.32,3374
2026-09-03 09:50:00,404.0,404.0,402.0,402.0,132,408.77,3374
2026-09-03 09:55:00,400.0,400.0,398.0,398.0,180,407.72,3374
2026-09-03 10:00:00,395.0,395.0,393.0,393.0,333,405.39,3374
2026-09-03 10:05:00,394.5,397.0,394.5,397.0,120,404.88,3374
2026-09-03 10:10:00,397.0,400.5,397.0,400.5,141,404.51,3374
2026-09-03 10:15:00,400.5,400.5,400.5,400.5,44,404.44,3374
2026-09-03 10:20:00,401.0,403.5,401.0,403.5,91,404.38,3374
2026-09-03 10:25:00,404.0,404.5,404.0,404.5,26,404.38,3374
2026-09-03 10:30:00,405.0,409.0,405.0,406.5,99,404.5,3374
2026-09-03 10:35:00,406.0,406.0,404.5,404.5,25,404.51,3374
2026-09-03 10:40:00,403.0,403.0,402.5,403.0,63,404.47,3374
2026-09-03 10:45:00,401.0,401.0,401.0,401.0,24,404.44,3374
2026-09-03 10:50:00,401.0,404.0,401.0,404.0,20,404.43,3374
2026-09-03 10:55:00,405.0,405.0,405.0,405.0,10,404.43,3374
2026-09-03 11:00:00,405.0,408.0,405.0,408.0,51,404.48,3374
2026-09-03 11:05:00,410.0,410.0,410.0,410.0,77,404.63,3374
2026-09-03 11:10:00,410.0,413.5,410.0,413.5,51,404.76,3374
2026-09-03 11:15:00,415.0,416.5,415.0,416.5,63,404.99,3374
2026-09-03 11:20:00,418.0,421.0,418.0,421.0,135,405.64,3374
2026-09-03 11:25:00,421.5,423.5,421.5,423.5,85,406.1,3374
2026-09-03 11:30:00,424.0,424.0,422.5,422.5,81,406.53,3374
2026-09-03 11:35:00,420.5,421.0,420.5,421.0,40,406.7,3374
2026-09-03 11:40:00,421.0,421.0,420.0,420.0,45,406.89,3374
2026-09-03 11:45:00,419.5,419.5,419.0,419.0,15,406.94,3374
2026-09-03 11:50:00,418.5,418.5,418.0,418.0,22,407.02,3374
2026-09-03 11:55:00,417.0,417.0,416.0,416.0,41,407.13,3374
2026-09-03 12:00:00,415.5,417.5,415.5,417.5,34,407.22,3374
2026-09-03 12:05:00,418.0,418.0,418.0,418.0,8,407.25,3374
2026-09-03 12:10:00,418.0,418.0,417.0,417.0,23,407.31,3374
2026-09-03 12:15:00,417.5,417.5,417.5,417.5,7,407.33,3374
2026-09-03 12:20:00,418.0,418.0,417.5,417.5,14,407.38,3374
2026-09-03 12:25:00,417.5,418.0,417.5,418.0,8,407.4,3374
2026-09-03 12:30:00,417.5,418.0,417.5,417.5,12,407.43,3374
2026-09-03 12:35:00,417.0,417.0,416.5,416.5,17,407.48,3374
2026-09-03 12:40:00,415.5,415.5,415.5,415.5,47,407.58,3374
2026-09-03 12:45:00,415.5,415.5,415.0,415.0,15,407.62,3374
2026-09-03 12:50:00,416.0,416.5,416.0,416.5,43,407.72,3374
2026-09-03 12:55:00,416.5,416.5,416.5,416.5,8,407.74,3374
2026-09-03 13:00:00,415.0,415.0,411.0,411.0,72,407.85,3374
2026-09-03 13:05:00,410.5,410.5,410.5,410.5,31,407.87,3374
2026-09-03 13:10:00,409.0,409.0,405.0,405.0,105,407.84,3374
2026-09-03 13:15:00,402.5,402.5,400.0,400.0,142,407.59,3374
2026-09-03 13:20:00,399.5,399.5,398.0,398.0,248,407.08,3374
2026-09-03 13:30:00,400.0,400.0,400.0,400.0,262,406.67,3374
2026-09-04 09:00:00,420.0,420.0,416.5,417.0,244,418.6,3374
2026-09-04 09:05:00,416.5,416.5,413.0,413.0,88,417.66,3374
2026-09-04 09:10:00,412.0,412.0,410.5,410.5,119,415.98,3374
2026-09-04 09:15:00,410.0,412.0,410.0,412.0,150,414.71,3374
2026-09-04 09:20:00,412.5,413.0,412.0,412.0,131,414.31,3374
2026-09-04 09:25:00,408.5,408.5,403.0,403.0,93,413.27,3374
2026-09-04 09:30:00,405.5,411.0,405.5,411.0,96,412.76,3374
2026-09-04 09:35:00,413.5,413.5,411.0,411.0,186,412.7,3374
2026-09-04 09:40:00,410.0,410.0,408.0,408.0,56,412.55,3374
2026-09-04 09:45:00,408.5,408.5,408.5,408.5,37,412.42,3374
2026-09-04 09:50:00,408.5,408.5,405.5,405.5,47,412.21,3374
2026-09-04 09:55:00,404.5,406.0,404.5,406.0,119,411.63,3374
2026-09-04 10:00:00,408.5,410.0,408.5,410.0,50,411.55,3374
2026-09-04 10:05:00,410.0,412.0,410.0,412.0,96,411.53,3374
2026-09-04 10:10:00,415.0,417.0,415.0,417.0,196,412.04,3374
2026-09-04 10:15:00,416.0,418.0,416.0,418.0,106,412.34,3374
2026-09-04 10:20:00,418.0,420.0,418.0,420.0,318,413.43,3374
2026-09-04 10:25:00,424.0,424.0,424.0,424.0,196,414.32,3374
2026-09-04 10:30:00,424.0,424.0,421.5,421.5,131,414.79,3374
2026-09-04 10:35:00,421.0,422.5,421.0,422.5,42,414.91,3374
2026-09-04 10:40:00,423.0,423.0,423.0,423.0,75,415.15,3374
2026-09-04 10:45:00,422.5,422.5,422.0,422.0,25,415.22,3374
2026-09-04 10:50:00,421.5,422.0,421.5,422.0,50,415.34,3374
2026-09-04 10:55:00,423.0,423.0,423.0,423.0,39,415.45,3374
2026-09-04 11:00:00,423.0,423.0,423.0,423.0,17,415.5,3374
2026-09-04 11:05:00,423.0,423.0,423.0,423.0,28,415.58,3374
2026-09-04 11:10:00,423.0,423.0,422.5,422.5,31,415.66,3374
2026-09-04 11:15:00,422.5,422.5,422.0,422.0,19,415.7,3374
2026-09-04 11:20:00,422.0,422.0,422.0,422.0,19,415.75,3374
2026-09-04 11:25:00,422.0,422.0,421.5,421.5,27,415.8,3374
2026-09-04 11:30:00,421.5,422.0,421.5,422.0,27,415.86,3374
2026-09-04 11:35:00,421.5,422.0,421.5,422.0,23,415.91,3374
2026-09-04 11:40:00,422.0,422.0,421.0,421.0,19,415.94,3374
2026-09-04 11:45:00,421.0,421.0,420.0,420.0,20,415.97,3374
2026-09-04 11:50:00,420.0,421.0,420.0,421.0,34,416.02,3374
2026-09-04 11:55:00,422.5,422.5,422.5,422.5,62,416.16,3374
2026-09-04 12:00:00,422.5,422.5,422.5,422.5,27,416.21,3374
2026-09-04 12:05:00,422.5,422.5,422.5,422.5,20,416.25,3374
2026-09-04 12:10:00,423.0,423.5,423.0,423.5,122,416.52,3374
2026-09-04 12:15:00,423.5,424.0,423.5,424.0,90,416.72,3374
2026-09-04 12:20:00,424.0,424.0,424.0,424.0,77,416.89,3374
2026-09-04 12:25:00,424.5,424.5,424.0,424.0,24,416.94,3374
2026-09-04 12:30:00,424.0,424.0,423.5,423.5,22,416.99,3374
2026-09-04 12:35:00,423.5,423.5,423.5,423.5,15,417.02,3374
2026-09-04 12:40:00,424.5,424.5,424.5,424.5,126,417.28,3374
2026-09-04 12:45:00,424.5,424.5,424.5,424.5,26,417.33,3374
2026-09-04 12:50:00,424.0,424.0,423.5,423.5,37,417.4,3374
2026-09-04 12:55:00,423.5,424.0,423.5,424.0,28,417.45,3374
2026-09-04 13:00:00,424.0,424.5,424.0,424.5,38,417.52,3374
2026-09-04 13:05:00,424.5,424.5,424.5,424.5,76,417.66,3374
2026-09-04 13:10:00,425.0,425.0,425.0,425.0,116,417.88,3374
2026-09-04 13:15:00,426.0,427.0,426.0,427.0,371,418.62,3374
2026-09-04 13:20:00,427.5,428.0,427.5,428.0,180,418.99,3374
2026-09-04 13:30:00,430.0,430.0,430.0,430.0,257,419.6,3374
2026-09-07 09:00:00,448.0,449.0,448.0,448.5,496,448.38,3374
2026-09-07 09:05:00,447.0,447.0,443.0,443.0,173,447.43,3374
2026-09-07 09:10:00,436.0,445.0,436.0,445.0,346,444.98,3374
2026-09-07 09:15:00,444.0,445.0,444.0,445.0,84,444.95,3374
2026-09-07 09:20:00,445.0,445.0,445.0,445.0,106,444.95,3374
2026-09-07 09:25:00,446.0,450.0,446.0,450.0,240,445.62,3374
2026-09-07 09:30:00,455.0,460.5,455.0,460.5,465,448.5,3374
2026-09-07 09:35:00,465.0,467.0,465.0,467.0,212,450.25,3374
2026-09-07 09:40:00,466.5,466.5,466.0,466.5,145,451.28,3374
2026-09-07 09:45:00,466.5,470.0,466.5,470.0,204,452.77,3374
2026-09-07 09:50:00,472.5,472.5,472.0,472.0,333,455.11,3374
2026-09-07 09:55:00,472.0,472.0,472.0,472.0,71,455.53,3374
2026-09-07 10:00:00,471.0,471.0,470.0,470.0,72,455.89,3374
2026-09-07 10:05:00,470.0,470.0,469.0,469.0,76,456.24,3374
2026-09-07 10:10:00,468.0,468.0,466.0,466.0,100,456.59,3374
2026-09-07 10:15:00,468.0,470.0,468.0,470.0,75,456.88,3374
2026-09-07 10:20:00,470.0,470.0,469.5,470.0,58,457.11,3374
2026-09-07 10:25:00,468.5,470.0,468.5,470.0,36,457.25,3374
2026-09-07 10:30:00,470.0,470.0,470.0,470.0,54,457.45,3374
2026-09-07 10:35:00,470.0,470.0,470.0,470.0,30,457.56,3374
2026-09-07 10:40:00,471.0,472.0,471.0,472.0,77,457.87,3374
2026-09-07 10:45:00,472.0,472.0,472.0,472.0,61,458.12,3374
2026-09-07 10:50:00,472.0,472.0,471.5,471.5,37,458.26,3374
2026-09-07 10:55:00,471.0,471.0,471.0,471.0,11,458.3,3374
2026-09-07 11:00:00,471.0,471.0,470.0,470.0,44,458.44,3374
2026-09-07 11:05:00,468.0,468.0,468.0,468.0,32,458.52,3374
2026-09-07 11:10:00,467.5,468.5,467.5,468.5,31,458.61,3374
2026-09-07 11:15:00,469.0,470.0,469.0,470.0,10,458.64,3374
2026-09-07 11:20:00,470.0,470.0,470.0,470.0,10,458.67,3374
2026-09-07 11:25:00,470.0,470.0,470.0,470.0,9,458.69,3374
2026-09-07 11:30:00,470.0,470.5,470.0,470.5,37,458.81,3374
2026-09-07 11:35:00,471.0,471.0,471.0,471.0,16,458.86,3374
2026-09-07 11:40:00,471.0,471.0,471.0,471.0,18,458.92,3374
2026-09-07 11:45:00,470.0,470.0,469.0,469.0,26,458.99,3374
2026-09-07 11:50:00,468.0,470.0,468.0,470.0,42,459.1,3374
2026-09-07 11:55:00,470.0,470.0,470.0,470.0,12,459.13,3374
2026-09-07 12:00:00,469.5,469.5,466.5,466.5,27,459.19,3374
2026-09-07 12:05:00,466.0,466.0,465.5,465.5,23,459.23,3374
2026-09-07 12:10:00,464.0,464.0,463.5,463.5,74,459.31,3374
2026-09-07 12:15:00,461.5,462.0,461.5,462.0,27,459.33,3374
2026-09-07 12:20:00,463.5,464.5,463.5,464.5,24,459.36,3374
2026-09-07 12:25:00,465.0,465.0,465.0,465.0,5,459.36,3374
2026-09-07 12:30:00,464.0,465.0,464.0,465.0,37,459.41,3374
2026-09-07 12:35:00,465.0,465.0,465.0,465.0,20,459.44,3374
2026-09-07 12:40:00,465.5,465.5,465.0,465.5,21,459.47,3374
2026-09-07 12:45:00,465.0,465.0,465.0,465.0,10,459.48,3374
2026-09-07 12:50:00,465.5,465.5,465.5,465.5,15,459.51,3374
2026-09-07 12:55:00,465.5,466.0,465.5,466.0,31,459.55,3374
2026-09-07 13:00:00,466.0,468.5,466.0,468.5,50,459.65,3374
2026-09-07 13:05:00,468.5,469.0,468.5,469.0,17,459.68,3374
2026-09-07 13:10:00,468.0,468.5,468.0,468.5,80,459.84,3374
2026-09-07 13:15:00,468.0,468.0,468.0,468.0,29,459.89,3374
2026-09-07 13:20:00,468.0,468.5,468.0,468.0,44,459.98,3374
2026-09-07 13:30:00,469.5,469.5,469.5,469.5,155,460.3,3374
2026-09-08 09:00:00,474.0,474.0,471.0,471.0,227,472.61,3374
2026-09-08 09:05:00,467.0,467.0,463.0,463.0,146,469.59,3374
2026-09-08 09:10:00,469.0,471.0,469.0,471.0,119,469.71,3374
2026-09-08 09:15:00,473.0,474.0,473.0,474.0,95,470.33,3374
2026-09-08 09:20:00,474.0,478.0,474.0,478.0,168,471.61,3374
2026-09-08 09:25:00,476.0,476.0,475.5,475.5,102,472.11,3374
2026-09-08 09:30:00,471.0,473.0,469.5,473.0,105,471.96,3374
2026-09-08 09:35:00,474.0,474.0,474.0,474.0,28,472.02,3374
2026-09-08 09:40:00,478.0,481.0,478.0,481.0,220,473.44,3374
2026-09-08 09:45:00,482.0,482.0,481.0,481.0,116,474.14,3374
2026-09-08 09:50:00,478.5,478.5,475.5,475.5,62,474.23,3374
2026-09-08 09:55:00,478.0,481.0,478.0,481.0,39,474.39,3374
2026-09-08 10:00:00,482.0,482.5,480.0,480.0,68,474.73,3374
2026-09-08 10:05:00,480.0,481.0,480.0,481.0,24,474.81,3374
2026-09-08 10:10:00,481.5,481.5,481.0,481.0,39,474.97,3374
2026-09-08 10:15:00,482.0,482.0,482.0,482.0,35,475.13,3374
2026-09-08 10:20:00,482.5,482.5,482.5,482.5,52,475.36,3374
2026-09-08 10:25:00,482.5,482.5,482.0,482.0,25,475.46,3374
2026-09-08 10:30:00,481.5,481.5,481.0,481.0,48,475.62,3374
2026-09-08 10:35:00,480.5,480.5,478.5,478.5,63,475.74,3374
2026-09-08 10:40:00,477.0,477.0,475.0,475.0,60,475.74,3374
2026-09-08 10:45:00,475.0,475.0,475.0,475.0,55,475.72,3374
2026-09-08 10:50:00,475.0,475.0,474.0,474.0,42,475.7,3374
2026-09-08 10:55:00,472.0,472.0,472.0,472.0,58,475.59,3374
2026-09-08 11:00:00,474.5,474.5,474.0,474.0,22,475.57,3374
2026-09-08 11:05:00,474.0,474.0,474.0,474.0,9,475.57,3374
2026-09-08 11:10:00,472.5,472.5,472.0,472.0,27,475.52,3374
2026-09-08 11:15:00,472.0,472.0,472.0,472.0,6,475.51,3374
2026-09-08 11:20:00,472.0,472.0,471.5,471.5,24,475.47,3374
2026-09-08 11:25:00,471.0,471.0,471.0,471.0,27,475.41,3374
2026-09-08 11:30:00,470.0,471.0,470.0,471.0,38,475.33,3374
2026-09-08 11:35:00,471.0,471.0,471.0,471.0,9,475.31,3374
2026-09-08 11:40:00,471.0,471.0,470.0,470.5,28,475.24,3374
2026-09-08 11:45:00,472.0,473.0,472.0,473.0,53,475.18,3374
2026-09-08 11:50:00,474.0,474.0,472.0,472.0,37,475.14,3374
2026-09-08 11:55:00,472.0,472.0,471.0,471.0,19,475.11,3374
2026-09-08 12:00:00,470.0,471.0,469.5,469.5,65,474.97,3374
2026-09-08 12:05:00,469.5,469.5,469.5,469.5,24,474.92,3374
2026-09-08 12:10:00,470.0,470.0,469.5,469.5,35,474.84,3374
2026-09-08 12:15:00,470.0,470.0,470.0,470.0,13,474.82,3374
2026-09-08 12:20:00,469.5,469.5,469.0,469.0,55,474.7,3374
2026-09-08 12:25:00,469.0,469.0,469.0,469.0,26,474.64,3374
2026-09-08 12:30:00,469.0,469.5,468.0,469.5,45,474.53,3374
2026-09-08 12:35:00,468.0,468.0,468.0,468.0,27,474.46,3374
2026-09-08 12:40:00,468.0,469.0,468.0,468.0,35,474.38,3374
2026-09-08 12:45:00,469.5,469.5,468.0,468.0,17,474.34,3374
2026-09-08 12:50:00,468.0,468.0,467.5,468.0,30,474.27,3374
2026-09-08 12:55:00,467.0,467.0,466.5,466.5,41,474.15,3374
2026-09-08 13:00:00,466.0,466.0,463.0,463.0,107,473.78,3374
2026-09-08 13:05:00,459.5,459.5,456.0,456.0,107,473.19,3374
2026-09-08 13:10:00,460.0,469.5,460.0,469.5,136,472.76,3374
2026-09-08 13:15:00,470.0,470.0,470.0,470.0,75,472.7,3374
2026-09-08 13:20:00,470.0,473.0,470.0,473.0,102,472.67,3374
2026-09-08 13:30:00,475.0,475.0,475.0,475.0,142,472.77,3374
2026-09-09 09:00:00,471.0,473.0,471.0,473.0,87,471.69,3374
2026-09-09 09:05:00,476.0,478.0,476.0,478.0,77,474.24,3374
2026-09-09 09:10:00,480.0,483.5,480.0,483.5,153,478.03,3374
2026-09-09 09:15:00,485.0,485.0,484.5,484.5,145,480.17,3374
2026-09-09 09:20:00,480.5,480.5,476.5,476.5,108,479.82,3374
2026-09-09 09:25:00,480.0,482.0,480.0,482.0,66,479.98,3374
2026-09-09 09:30:00,481.0,482.0,480.0,482.0,54,480.09,3374
2026-09-09 09:35:00,482.5,485.0,482.5,485.0,79,480.53,3374
2026-09-09 09:40:00,484.0,485.0,484.0,485.0,60,480.82,3374
2026-09-09 09:45:00,485.0,485.0,483.0,483.0,60,481.06,3374
2026-09-09 09:50:00,483.0,483.5,483.0,483.0,60,481.19,3374
2026-09-09 09:55:00,484.0,484.0,483.0,483.0,41,481.3,3374
2026-09-09 10:00:00,483.0,483.0,482.0,482.0,49,481.34,3374
2026-09-09 10:05:00,483.5,485.0,483.5,485.0,89,481.58,3374
2026-09-09 10:10:00,486.0,487.0,486.0,486.5,178,482.24,3374
2026-09-09 10:15:00,486.0,486.0,485.0,485.0,31,482.32,3374
2026-09-09 10:20:00,484.5,485.0,483.5,485.0,22,482.36,3374
2026-09-09 10:25:00,485.0,485.0,484.5,484.5,9,482.37,3374
2026-09-09 10:30:00,484.5,484.5,484.0,484.5,26,482.4,3374
2026-09-09 10:35:00,484.5,485.0,484.5,485.0,14,482.43,3374
2026-09-09 10:40:00,484.0,485.0,484.0,485.0,14,482.45,3374
2026-09-09 10:45:00,485.0,485.0,485.0,485.0,25,482.49,3374
2026-09-09 10:50:00,484.5,484.5,484.5,484.5,14,482.51,3374
2026-09-09 10:55:00,484.0,484.0,484.0,484.0,7,482.52,3374
2026-09-09 11:00:00,483.5,483.5,482.5,482.5,20,482.52,3374
2026-09-09 11:05:00,480.5,480.5,478.5,478.5,44,482.43,3374
2026-09-09 11:10:00,476.5,476.5,475.5,475.5,87,482.09,3374
2026-09-09 11:15:00,479.0,482.0,479.0,482.0,30,482.07,3374
2026-09-09 11:20:00,478.5,482.5,478.5,481.5,51,482.01,3374
2026-09-09 11:25:00,481.0,481.0,480.0,480.0,10,482.0,3374
2026-09-09 11:30:00,480.0,481.0,480.0,480.5,10,482.0,3374
2026-09-09 11:35:00,481.0,481.0,480.0,480.0,10,481.99,3374
2026-09-09 11:40:00,479.5,479.5,478.0,478.0,10,481.97,3374
2026-09-09 11:45:00,476.5,476.5,475.0,475.0,74,481.7,3374
2026-09-09 11:50:00,475.0,475.0,472.0,472.0,85,481.31,3374
2026-09-09 11:55:00,472.5,473.5,472.5,473.5,16,481.24,3374
2026-09-09 12:00:00,474.0,475.0,474.0,475.0,17,481.18,3374
2026-09-09 12:05:00,473.0,473.0,472.5,472.5,28,481.06,3374
2026-09-09 12:10:00,473.0,473.0,473.0,473.0,9,481.02,3374
2026-09-09 12:15:00,472.5,472.5,472.5,472.5,5,481.0,3374
2026-09-09 12:20:00,473.5,475.0,473.5,475.0,19,480.94,3374
2026-09-09 12:25:00,475.0,476.0,475.0,476.0,16,480.89,3374
2026-09-09 12:30:00,476.0,476.0,475.0,475.0,31,480.8,3374
2026-09-09 12:35:00,475.0,475.0,475.0,475.0,11,480.77,3374
2026-09-09 12:40:00,475.0,477.0,475.0,477.0,15,480.74,3374
2026-09-09 12:45:00,477.5,478.0,477.5,478.0,9,480.73,3374
2026-09-09 12:50:00,478.0,478.0,477.0,477.0,19,480.7,3374
2026-09-09 12:55:00,477.0,477.0,477.0,477.0,7,480.69,3374
2026-09-09 13:00:00,477.5,477.5,476.0,476.0,22,480.65,3374
2026-09-09 13:05:00,476.0,476.0,476.0,476.0,19,480.61,3374
2026-09-09 13:10:00,477.0,477.5,477.0,477.5,27,480.57,3374
2026-09-09 13:15:00,477.5,477.5,477.5,477.5,19,480.54,3374
2026-09-09 13:20:00,477.5,477.5,477.5,477.5,47,480.48,3374
2026-09-09 13:30:00,478.5,478.5,478.5,478.5,104,480.39,3374
2026-09-10 09:00:00,481.0,481.0,476.0,477.0,112,479.1,3374
2026-09-10 09:05:00,477.5,479.0,477.5,479.0,28,478.91,3374
2026-09-10 09:10:00,480.0,484.0,480.0,484.0,133,480.45,3374
2026-09-10 09:15:00,484.0,485.0,484.0,485.0,93,481.51,3374
2026-09-10 09:20:00,485.0,485.0,483.0,483.0,120,482.26,3374
2026-09-10 09:25:00,482.0,482.0,480.0,480.0,40,482.17,3374
2026-09-10 09:30:00,480.0,480.0,478.0,478.0,72,481.77,3374
2026-09-10 09:35:00,477.0,477.0,476.0,476.0,75,481.22,3374
2026-09-10 09:40:00,477.0,480.0,477.0,480.0,71,480.96,3374
2026-09-10 09:45:00,480.0,480.0,480.0,480.0,29,480.92,3374
2026-09-10 09:50:00,478.5,482.0,478.5,482.0,45,480.92,3374
2026-09-10 09:55:00,481.5,482.0,481.5,482.0,16,480.93,3374
2026-09-10 10:00:00,482.0,482.0,482.0,482.0,30,480.97,3374
2026-09-10 10:05:00,483.0,483.5,483.0,483.5,36,481.06,3374
2026-09-10 10:10:00,482.5,482.5,482.0,482.0,20,481.08,3374
2026-09-10 10:15:00,482.0,482.0,481.5,481.5,12,481.09,3374
2026-09-10 10:20:00,481.5,483.0,481.0,483.0,40,481.14,3374
2026-09-10 10:25:00,480.5,483.0,480.5,483.0,37,481.19,3374
2026-09-10 10:30:00,483.0,483.5,483.0,483.5,28,481.24,3374
2026-09-10 10:35:00,485.0,485.0,485.0,485.0,183,481.8,3374
2026-09-10 10:40:00,486.0,487.0,486.0,487.0,151,482.34,3374
2026-09-10 10:45:00,487.5,488.0,487.5,488.0,78,482.62,3374
2026-09-10 10:50:00,488.0,488.0,487.5,488.0,78,482.89,3374
2026-09-10 10:55:00,488.0,488.0,488.0,488.0,42,483.03,3374
2026-09-10 11:00:00,487.5,487.5,487.0,487.0,51,483.16,3374
2026-09-10 11:05:00,489.5,490.0,489.5,490.0,260,484.06,3374
2026-09-10 11:10:00,490.0,491.0,490.0,490.5,106,484.4,3374
2026-09-10 11:15:00,492.0,492.5,492.0,492.5,60,484.63,3374
2026-09-10 11:20:00,493.0,494.0,493.0,494.0,63,484.89,3374
2026-09-10 11:25:00,494.0,494.0,492.5,492.5,36,485.03,3374
2026-09-10 11:30:00,492.0,492.0,491.0,491.0,36,485.14,3374
2026-09-10 11:35:00,490.5,490.5,490.0,490.0,24,485.2,3374
2026-09-10 11:40:00,490.0,490.5,490.0,490.5,46,485.3,3374
2026-09-10 11:45:00,490.5,491.0,490.5,491.0,5,485.31,3374
2026-09-10 11:50:00,491.0,491.0,491.0,491.0,13,485.34,3374
2026-09-10 11:55:00,491.0,491.0,491.0,491.0,11,485.37,3374
2026-09-10 12:00:00,490.5,491.0,490.5,491.0,26,485.43,3374
2026-09-10 12:05:00,491.5,492.0,491.5,492.0,38,485.54,3374
2026-09-10 12:10:00,492.0,492.0,491.5,491.5,25,485.6,3374
2026-09-10 12:15:00,491.0,491.0,491.0,491.0,18,485.64,3374
2026-09-10 12:20:00,490.0,490.0,488.0,488.0,98,485.78,3374
2026-09-10 12:25:00,490.0,490.0,490.0,490.0,18,485.81,3374
2026-09-10 12:30:00,490.0,490.0,488.5,489.5,16,485.83,3374
2026-09-10 12:35:00,490.0,490.0,490.0,490.0,12,485.85,3374
2026-09-10 12:40:00,489.5,489.5,489.0,489.0,8,485.86,3374
2026-09-10 12:45:00,489.0,489.0,488.5,488.5,13,485.88,3374
2026-09-10 12:50:00,488.0,488.5,488.0,488.5,18,485.9,3374
2026-09-10 12:55:00,489.0,489.0,489.0,489.0,12,485.91,3374
2026-09-10 13:00:00,489.0,489.0,489.0,489.0,49,485.97,3374
2026-09-10 13:05:00,489.0,489.0,488.5,488.5,27,486.0,3374
2026-09-10 13:10:00,488.0,488.0,484.5,484.5,114,486.0,3374
2026-09-10 13:15:00,485.5,487.0,485.5,487.0,26,486.0,3374
2026-09-10 13:20:00,486.0,487.0,486.0,487.0,65,486.01,3374
2026-09-10 13:30:00,488.0,488.0,488.0,488.0,133,486.09,3374
2026-09-11 09:00:00,472.0,476.0,464.0,470.0,1335,470.71,3374
2026-09-11 09:05:00,470.0,486.0,467.5,479.0,974,473.55,3374
2026-09-11 09:10:00,479.0,480.5,468.5,469.5,621,473.54,3374
2026-09-11 09:15:00,469.0,482.5,466.0,479.0,898,473.32,3374
2026-09-11 09:20:00,479.0,482.0,476.0,480.0,287,473.75,3374
2026-09-11 09:25:00,479.5,487.0,479.0,480.0,568,474.84,3374
2026-09-11 09:30:00,479.5,487.5,478.0,485.0,355,475.39,3374
2026-09-11 09:35:00,485.0,496.0,483.5,491.5,1021,478.04,3374
2026-09-11 09:40:00,491.5,492.5,483.0,483.0,432,478.7,3374
2026-09-11 09:45:00,483.0,487.0,481.0,486.5,262,478.92,3374
2026-09-11 09:50:00,486.0,490.0,485.0,488.5,311,479.31,3374
2026-09-11 09:55:00,489.5,490.5,488.5,490.0,236,479.65,3374
2026-09-11 10:00:00,490.0,491.5,484.0,485.0,273,479.97,3374
2026-09-11 10:05:00,485.0,487.0,482.5,485.0,188,480.07,3374
2026-09-11 10:10:00,485.0,489.5,485.0,489.5,128,480.2,3374
2026-09-11 10:15:00,489.5,490.0,487.5,488.0,98,480.3,3374
2026-09-11 10:20:00,488.0,488.5,485.5,486.5,90,480.38,3374
2026-09-11 10:25:00,486.0,487.0,482.5,483.0,249,480.48,3374
2026-09-11 10:30:00,483.0,483.5,479.0,479.0,226,480.5,3374
2026-09-11 10:35:00,479.0,482.5,478.0,479.5,198,480.48,3374
2026-09-11 10:40:00,480.0,481.0,473.5,474.0,312,480.34,3374
2026-09-11 10:45:00,475.0,479.0,473.5,478.0,253,480.19,3374
2026-09-11 10:50:00,478.0,479.0,477.0,478.0,91,480.17,3374
2026-09-11 10:55:00,478.0,478.0,475.0,477.5,116,480.12,3374
2026-09-11 11:00:00,477.5,478.0,476.0,476.5,72,480.1,3374
2026-09-11 11:05:00,475.5,477.0,472.0,472.0,234,479.96,3374
2026-09-11 11:10:00,472.5,475.0,471.0,474.0,204,479.81,3374
2026-09-11 11:15:00,474.0,474.0,473.0,474.0,62,479.77,3374
2026-09-11 11:20:00,474.0,477.0,474.0,477.0,93,479.73,3374
2026-09-11 11:25:00,477.0,481.0,477.0,480.0,189,479.72,3374
2026-09-11 11:30:00,480.0,480.0,476.5,477.0,78,479.7,3374
2026-09-11 11:35:00,477.5,477.5,475.0,475.5,67,479.68,3374
2026-09-11 11:40:00,476.0,478.0,475.0,475.5,92,479.66,3374
2026-09-11 11:45:00,476.0,477.0,474.5,476.0,72,479.63,3374
2026-09-11 11:50:00,475.0,477.0,474.5,476.0,56,479.61,3374
2026-09-11 11:55:00,476.0,477.5,475.5,476.5,78,479.59,3374
2026-09-11 12:00:00,476.5,478.0,475.5,477.0,68,479.57,3374
2026-09-11 12:05:00,477.0,479.0,476.0,478.5,95,479.55,3374
2026-09-11 12:10:00,478.5,479.5,478.0,478.5,58,479.54,3374
2026-09-11 12:15:00,479.0,480.0,478.5,479.0,78,479.54,3374
2026-09-11 12:20:00,479.5,479.5,478.0,479.0,83,479.54,3374
2026-09-11 12:25:00,479.5,480.0,478.5,480.0,53,479.54,3374
2026-09-11 12:30:00,480.0,480.0,476.5,477.0,92,479.52,3374
2026-09-11 12:35:00,477.0,478.5,476.5,477.0,57,479.51,3374
2026-09-11 12:40:00,477.0,478.5,472.5,474.0,233,479.43,3374
2026-09-11 12:45:00,474.5,475.5,468.0,470.0,548,479.04,3374
2026-09-11 12:50:00,470.5,471.0,468.5,470.0,167,478.91,3374
2026-09-11 12:55:00,470.5,471.0,466.5,467.0,243,478.7,3374
2026-09-11 13:00:00,468.5,468.5,465.5,466.0,286,478.43,3374
2026-09-11 13:05:00,466.5,469.0,465.0,467.5,311,478.15,3374
2026-09-11 13:10:00,467.0,471.5,466.5,469.5,314,477.95,3374
2026-09-11 13:15:00,469.5,469.5,468.0,468.0,207,477.81,3374
2026-09-11 13:20:00,468.5,469.0,463.0,463.0,614,477.27,3374
2026-09-11 13:30:00,463.5,463.5,463.5,463.5,795,476.54,3374
