date,open,high,low,close,volume,average,stock_code
2026-04-24 09:00:00,24.2,24.3,23.95,24.05,16257,24.1,3481
2026-04-24 09:05:00,24.05,24.05,23.9,23.95,7408,24.07,3481
2026-04-24 09:10:00,23.95,23.95,23.65,23.65,15317,23.95,3481
2026-04-24 09:15:00,23.65,23.85,23.65,23.8,7964,23.92,3481
2026-04-24 09:20:00,23.8,23.85,23.75,23.8,2666,23.92,3481
2026-04-24 09:25:00,23.8,23.95,23.75,23.8,4322,23.91,3481
2026-04-24 09:30:00,23.85,23.85,23.6,23.65,9392,23.88,3481
2026-04-24 09:35:00,23.7,23.7,23.55,23.6,8415,23.85,3481
2026-04-24 09:40:00,23.55,23.6,23.35,23.4,18663,23.77,3481
2026-04-24 09:45:00,23.35,23.4,23.25,23.4,11301,23.72,3481
2026-04-24 09:50:00,23.4,23.45,23.3,23.35,5441,23.7,3481
2026-04-24 09:55:00,23.35,23.35,23.25,23.3,7774,23.67,3481
2026-04-24 10:00:00,23.3,23.35,23.25,23.25,4706,23.66,3481
2026-04-24 10:05:00,23.25,23.4,23.2,23.35,3704,23.65,3481
2026-04-24 10:10:00,23.35,23.4,23.3,23.4,1853,23.64,3481
2026-04-24 10:15:00,23.4,23.4,23.3,23.35,1613,23.64,3481
2026-04-24 10:20:00,23.35,23.4,23.15,23.15,10269,23.61,3481
2026-04-24 10:25:00,23.15,23.2,23.0,23.1,11996,23.57,3481
2026-04-24 10:30:00,23.1,23.3,23.1,23.2,5682,23.55,3481
2026-04-24 10:35:00,23.15,23.15,23.05,23.1,2595,23.55,3481
2026-04-24 10:40:00,23.05,23.25,23.05,23.2,3023,23.54,3481
2026-04-24 10:45:00,23.2,23.2,23.1,23.15,2137,23.53,3481
2026-04-24 10:50:00,23.1,23.3,23.1,23.3,1918,23.53,3481
2026-04-24 10:55:00,23.3,23.4,23.25,23.4,1679,23.53,3481
2026-04-24 11:00:00,23.4,23.45,23.4,23.45,1851,23.53,3481
2026-04-24 11:05:00,23.45,23.5,23.4,23.45,1952,23.52,3481
2026-04-24 11:10:00,23.45,23.5,23.4,23.45,1494,23.52,3481
2026-04-24 11:15:00,23.45,23.5,23.4,23.5,1192,23.52,3481
2026-04-24 11:20:00,23.5,23.55,23.4,23.4,2331,23.52,3481
2026-04-24 11:25:00,23.4,23.45,23.4,23.4,581,23.52,3481
2026-04-24 11:30:00,23.4,23.4,23.3,23.35,3523,23.52,3481
2026-04-24 11:35:00,23.35,23.35,23.3,23.35,644,23.52,3481
2026-04-24 11:40:00,23.35,23.35,23.3,23.3,687,23.52,3481
2026-04-24 11:45:00,23.3,23.4,23.3,23.4,1038,23.52,3481
2026-04-24 11:50:00,23.4,23.4,23.3,23.35,905,23.52,3481
2026-04-24 11:55:00,23.35,23.4,23.3,23.35,1676,23.52,3481
2026-04-24 12:00:00,23.35,23.4,23.3,23.35,1049,23.51,3481
2026-04-24 12:05:00,23.35,23.4,23.35,23.4,452,23.51,3481
2026-04-24 12:10:00,23.4,23.4,23.3,23.35,1263,23.51,3481
2026-04-24 12:15:00,23.35,23.35,23.3,23.35,1195,23.51,3481
2026-04-24 12:20:00,23.35,23.35,23.3,23.3,735,23.51,3481
2026-04-24 12:25:00,23.3,23.4,23.3,23.4,1757,23.51,3481
2026-04-24 12:30:00,23.4,23.4,23.35,23.4,637,23.51,3481
2026-04-24 12:35:00,23.35,23.4,23.35,23.35,1054,23.51,3481
2026-04-24 12:40:00,23.35,23.4,23.3,23.35,3055,23.51,3481
2026-04-24 12:45:00,23.4,23.4,23.35,23.35,939,23.5,3481
2026-04-24 12:50:00,23.35,23.4,23.3,23.35,1912,23.5,3481
2026-04-24 12:55:00,23.3,23.45,23.3,23.4,4588,23.5,3481
2026-04-24 13:00:00,23.4,23.55,23.4,23.5,4215,23.5,3481
2026-04-24 13:05:00,23.5,23.6,23.4,23.45,3532,23.5,3481
2026-04-24 13:10:00,23.45,23.45,23.4,23.4,1877,23.5,3481
2026-04-24 13:15:00,23.45,23.55,23.4,23.5,4114,23.5,3481
2026-04-24 13:20:00,23.5,23.55,23.45,23.45,3743,23.5,3481
2026-04-24 13:30:00,23.4,23.4,23.4,23.4,11500,23.49,3481
2026-04-27 09:00:00,23.5,23.65,23.3,23.5,20743,23.46,3481
2026-04-27 09:05:00,23.55,23.6,23.0,23.05,15013,23.36,3481
2026-04-27 09:10:00,23.05,23.2,22.95,23.15,16760,23.26,3481
2026-04-27 09:15:00,23.2,23.45,23.0,23.4,9129,23.25,3481
2026-04-27 09:20:00,23.35,23.4,23.15,23.15,3461,23.25,3481
2026-04-27 09:25:00,23.15,23.35,22.95,23.2,8910,23.23,3481
2026-04-27 09:30:00,23.25,23.8,23.15,23.75,11001,23.27,3481
2026-04-27 09:35:00,23.75,24.0,23.55,23.6,15649,23.36,3481
2026-04-27 09:40:00,23.6,23.8,23.45,23.55,6458,23.38,3481
2026-04-27 09:45:00,23.6,24.05,23.55,24.05,10639,23.42,3481
2026-04-27 09:50:00,24.05,24.05,23.85,24.0,7889,23.46,3481
2026-04-27 09:55:00,24.0,24.4,24.0,24.05,15224,23.53,3481
2026-04-27 10:00:00,24.05,24.25,24.0,24.25,5257,23.56,3481
2026-04-27 10:05:00,24.25,24.25,24.05,24.1,3341,23.57,3481
2026-04-27 10:10:00,24.05,24.05,23.8,23.9,6379,23.59,3481
2026-04-27 10:15:00,23.9,24.15,23.85,24.15,3960,23.6,3481
2026-04-27 10:20:00,24.15,24.4,24.1,24.3,9957,23.64,3481
2026-04-27 10:25:00,24.35,24.4,24.15,24.2,3040,23.65,3481
2026-04-27 10:30:00,24.2,24.6,24.2,24.6,10547,23.69,3481
2026-04-27 10:35:00,24.55,24.7,24.4,24.55,5694,23.72,3481
2026-04-27 10:40:00,24.55,24.6,24.5,24.5,2818,23.73,3481
2026-04-27 10:45:00,24.55,24.65,24.5,24.6,4025,23.75,3481
2026-04-27 10:50:00,24.6,24.65,24.35,24.4,5005,23.77,3481
2026-04-27 10:55:00,24.4,24.45,24.3,24.4,2151,23.77,3481
2026-04-27 11:00:00,24.45,24.45,24.2,24.3,2526,23.78,3481
2026-04-27 11:05:00,24.3,24.35,24.15,24.2,2272,23.79,3481
2026-04-27 11:10:00,24.2,24.3,24.2,24.3,1198,23.79,3481
2026-04-27 11:15:00,24.3,24.35,24.3,24.35,617,23.79,3481
2026-04-27 11:20:00,24.35,24.35,24.2,24.2,963,23.79,3481
2026-04-27 11:25:00,24.25,24.3,24.2,24.25,1324,23.8,3481
2026-04-27 11:30:00,24.25,24.3,24.2,24.25,852,23.8,3481
2026-04-27 11:35:00,24.3,24.3,24.2,24.25,557,23.8,3481
2026-04-27 11:40:00,24.25,24.3,24.2,24.25,303,23.8,3481
2026-04-27 11:45:00,24.25,24.3,24.2,24.2,625,23.8,3481
2026-04-27 11:50:00,24.25,24.3,24.2,24.25,955,23.8,3481
2026-04-27 11:55:00,24.3,24.35,24.25,24.25,600,23.8,3481
2026-04-27 12:00:00,24.25,24.3,24.2,24.2,740,23.81,3481
2026-04-27 12:05:00,24.2,24.25,24.2,24.25,690,23.81,3481
2026-04-27 12:10:00,24.3,24.3,24.15,24.2,1768,23.81,3481
2026-04-27 12:15:00,24.2,24.2,24.15,24.15,546,23.81,3481
2026-04-27 12:20:00,24.15,24.25,24.15,24.2,1724,23.81,3481
2026-04-27 12:25:00,24.25,24.4,24.25,24.35,2881,23.82,3481
2026-04-27 12:30:00,24.4,24.45,24.35,24.4,2989,23.83,3481
2026-04-27 12:35:00,24.4,24.45,24.35,24.35,1034,23.83,3481
2026-04-27 12:40:00,24.4,24.45,24.3,24.4,1725,23.83,3481
2026-04-27 12:45:00,24.45,24.45,24.4,24.4,874,23.84,3481
2026-04-27 12:50:00,24.4,24.45,24.35,24.35,1411,23.84,3481
2026-04-27 12:55:00,24.35,24.4,24.3,24.35,2852,23.85,3481
2026-04-27 13:00:00,24.35,24.45,24.35,24.35,2260,23.85,3481
2026-04-27 13:05:00,24.35,24.5,24.35,24.4,4391,23.86,3481
2026-04-27 13:10:00,24.45,24.5,24.4,24.45,2585,23.87,3481
2026-04-27 13:15:00,24.45,24.45,24.25,24.35,3854,23.88,3481
2026-04-27 13:20:00,24.3,24.4,24.3,24.35,3111,23.88,3481
2026-04-27 13:30:00,24.3,24.3,24.3,24.3,6260,23.89,3481
2026-04-28 09:00:00,24.3,24.4,24.0,24.3,8701,24.22,3481
2026-04-28 09:05:00,24.3,24.35,24.1,24.1,4991,24.21,3481
2026-04-28 09:10:00,24.15,24.45,24.1,24.4,3648,24.23,3481
2026-04-28 09:15:00,24.4,24.65,24.4,24.6,7992,24.32,3481
2026-04-28 09:20:00,24.6,25.0,24.6,24.9,12191,24.48,3481
2026-04-28 09:25:00,24.9,24.95,24.65,24.7,7754,24.54,3481
2026-04-28 09:30:00,24.7,24.75,24.55,24.65,4549,24.55,3481
2026-04-28 09:35:00,24.65,24.8,24.5,24.7,4313,24.55,3481
2026-04-28 09:40:00,24.75,24.75,24.6,24.6,1845,24.56,3481
2026-04-28 09:45:00,24.6,24.7,24.6,24.65,1463,24.56,3481
2026-04-28 09:50:00,24.65,24.75,24.55,24.75,2756,24.56,3481
2026-04-28 09:55:00,24.7,25.0,24.7,24.85,7951,24.6,3481
2026-04-28 10:00:00,24.85,24.85,24.65,24.65,2365,24.6,3481
2026-04-28 10:05:00,24.65,24.7,24.6,24.7,1430,24.6,3481
2026-04-28 10:10:00,24.7,24.7,24.55,24.65,2777,24.61,3481
2026-04-28 10:15:00,24.65,24.65,24.6,24.6,597,24.61,3481
2026-04-28 10:20:00,24.6,24.65,24.5,24.55,2267,24.6,3481
2026-04-28 10:25:00,24.5,24.55,24.45,24.45,3634,24.6,3481
2026-04-28 10:30:00,24.5,24.55,24.45,24.55,1240,24.6,3481
2026-04-28 10:35:00,24.6,24.65,24.55,24.65,686,24.6,3481
2026-04-28 10:40:00,24.65,24.65,24.55,24.6,465,24.6,3481
2026-04-28 10:45:00,24.6,24.6,24.5,24.5,575,24.6,3481
2026-04-28 10:50:00,24.5,24.55,24.5,24.5,351,24.6,3481
2026-04-28 10:55:00,24.5,24.6,24.5,24.55,651,24.6,3481
2026-04-28 11:00:00,24.55,24.6,24.55,24.55,366,24.6,3481
2026-04-28 11:05:00,24.55,24.6,24.55,24.55,411,24.6,3481
2026-04-28 11:10:00,24.55,24.65,24.55,24.55,1141,24.6,3481
2026-04-28 11:15:00,24.55,24.6,24.55,24.55,402,24.6,3481
2026-04-28 11:20:00,24.55,24.7,24.55,24.65,1199,24.6,3481
2026-04-28 11:25:00,24.65,24.7,24.6,24.6,650,24.6,3481
2026-04-28 11:30:00,24.6,24.65,24.6,24.6,289,24.6,3481
2026-04-28 11:35:00,24.65,24.7,24.6,24.7,878,24.6,3481
2026-04-28 11:40:00,24.7,24.7,24.65,24.7,358,24.6,3481
2026-04-28 11:45:00,24.65,24.7,24.6,24.6,650,24.6,3481
2026-04-28 11:50:00,24.6,24.65,24.55,24.55,1362,24.6,3481
2026-04-28 11:55:00,24.55,24.65,24.55,24.6,739,24.6,3481
2026-04-28 12:00:00,24.65,24.65,24.6,24.6,349,24.6,3481
2026-04-28 12:05:00,24.6,24.65,24.55,24.6,623,24.6,3481
2026-04-28 12:10:00,24.55,24.6,24.55,24.55,446,24.6,3481
2026-04-28 12:15:00,24.6,24.65,24.55,24.6,1034,24.6,3481
2026-04-28 12:20:00,24.6,24.65,24.6,24.6,624,24.6,3481
2026-04-28 12:25:00,24.6,24.65,24.5,24.5,2606,24.6,3481
2026-04-28 12:30:00,24.5,24.6,24.5,24.55,1462,24.6,3481
2026-04-28 12:35:00,24.55,24.6,24.5,24.5,965,24.6,3481
2026-04-28 12:40:00,24.5,24.6,24.5,24.55,1558,24.6,3481
2026-04-28 12:45:00,24.55,24.6,24.5,24.5,1091,24.6,3481
2026-04-28 12:50:00,24.5,24.55,24.5,24.5,802,24.6,3481
2026-04-28 12:55:00,24.5,24.55,24.45,24.45,2280,24.59,3481
2026-04-28 13:00:00,24.45,24.5,24.45,24.45,2886,24.59,3481
2026-04-28 13:05:00,24.45,24.5,24.4,24.4,2643,24.59,3481
2026-04-28 13:10:00,24.45,24.45,24.35,24.4,4221,24.58,3481
2026-04-28 13:15:00,24.35,24.4,24.3,24.35,3823,24.57,3481
2026-04-28 13:20:00,24.4,24.4,24.35,24.4,3243,24.57,3481
2026-04-28 13:30:00,24.35,24.35,24.35,24.35,5725,24.56,3481
2026-04-29 09:00:00,24.4,24.7,24.15,24.5,11297,24.45,3481
2026-04-29 09:05:00,24.55,24.7,24.25,24.3,9162,24.46,3481
2026-04-29 09:10:00,24.3,24.6,24.25,24.55,4391,24.46,3481
2026-04-29 09:15:00,24.55,24.55,24.4,24.45,1835,24.46,3481
2026-04-29 09:20:00,24.45,24.55,24.35,24.35,3808,24.46,3481
2026-04-29 09:25:00,24.35,24.5,24.35,24.5,1083,24.46,3481
2026-04-29 09:30:00,24.45,24.5,24.35,24.4,1702,24.46,3481
2026-04-29 09:35:00,24.4,24.45,24.35,24.4,1727,24.45,3481
2026-04-29 09:40:00,24.4,24.4,24.3,24.35,1170,24.45,3481
2026-04-29 09:45:00,24.35,24.35,24.2,24.3,3569,24.43,3481
2026-04-29 09:50:00,24.25,24.4,24.25,24.4,1098,24.43,3481
2026-04-29 09:55:00,24.4,24.4,24.3,24.3,682,24.43,3481
2026-04-29 10:00:00,24.3,24.45,24.3,24.4,1992,24.43,3481
2026-04-29 10:05:00,24.4,24.55,24.35,24.55,4140,24.43,3481
2026-04-29 10:10:00,24.5,24.55,24.35,24.4,1596,24.43,3481
2026-04-29 10:15:00,24.4,24.4,24.3,24.35,1748,24.43,3481
2026-04-29 10:20:00,24.35,24.35,24.2,24.2,3543,24.42,3481
2026-04-29 10:25:00,24.2,24.3,24.15,24.25,4025,24.41,3481
2026-04-29 10:30:00,24.2,24.25,24.1,24.15,5838,24.38,3481
2026-04-29 10:35:00,24.15,24.15,24.0,24.05,5268,24.36,3481
2026-04-29 10:40:00,24.05,24.15,24.0,24.1,2183,24.35,3481
2026-04-29 10:45:00,24.1,24.15,24.05,24.15,1014,24.35,3481
2026-04-29 10:50:00,24.15,24.2,24.1,24.15,908,24.34,3481
2026-04-29 10:55:00,24.1,24.15,24.1,24.15,321,24.34,3481
2026-04-29 11:00:00,24.15,24.15,24.1,24.15,927,24.34,3481
2026-04-29 11:05:00,24.15,24.2,24.1,24.2,502,24.34,3481
2026-04-29 11:10:00,24.2,24.2,24.1,24.15,693,24.34,3481
2026-04-29 11:15:00,24.15,24.2,24.1,24.2,308,24.34,3481
2026-04-29 11:20:00,24.2,24.2,24.1,24.15,790,24.34,3481
2026-04-29 11:25:00,24.15,24.15,24.05,24.1,2264,24.33,3481
2026-04-29 11:30:00,24.1,24.15,24.05,24.1,1138,24.33,3481
2026-04-29 11:35:00,24.1,24.15,24.05,24.15,1086,24.32,3481
2026-04-29 11:40:00,24.1,24.15,24.1,24.1,393,24.32,3481
2026-04-29 11:45:00,24.1,24.15,24.1,24.15,776,24.32,3481
2026-04-29 11:50:00,24.15,24.2,24.15,24.15,274,24.32,3481
2026-04-29 11:55:00,24.15,24.15,24.1,24.1,533,24.32,3481
2026-04-29 12:00:00,24.15,24.2,24.1,24.15,528,24.32,3481
2026-04-29 12:05:00,24.15,24.2,24.15,24.15,309,24.32,3481
2026-04-29 12:10:00,24.2,24.2,24.15,24.2,367,24.32,3481
2026-04-29 12:15:00,24.2,24.2,24.1,24.15,1114,24.31,3481
2026-04-29 12:20:00,24.1,24.15,24.1,24.1,447,24.31,3481
2026-04-29 12:25:00,24.1,24.15,24.05,24.05,2337,24.31,3481
2026-04-29 12:30:00,24.05,24.15,24.05,24.15,2726,24.3,3481
2026-04-29 12:35:00,24.15,24.15,24.1,24.1,540,24.3,3481
2026-04-29 12:40:00,24.1,24.15,24.1,24.1,370,24.3,3481
2026-04-29 12:45:00,24.1,24.15,24.1,24.1,670,24.3,3481
2026-04-29 12:50:00,24.15,24.15,24.05,24.1,2263,24.29,3481
2026-04-29 12:55:00,24.1,24.1,24.05,24.1,1385,24.29,3481
2026-04-29 13:00:00,24.05,24.1,24.05,24.05,1359,24.29,3481
2026-04-29 13:05:00,24.05,24.1,23.9,24.0,13794,24.25,3481
2026-04-29 13:10:00,23.95,24.0,23.95,24.0,5309,24.24,3481
2026-04-29 13:15:00,24.0,24.0,23.95,24.0,2513,24.23,3481
2026-04-29 13:20:00,24.0,24.0,23.9,23.95,4769,24.22,3481
2026-04-29 13:30:00,23.95,23.95,23.95,23.95,7584,24.2,3481
2026-04-30 09:00:00,24.05,24.1,23.75,23.8,10790,23.92,3481
2026-04-30 09:05:00,23.85,23.9,23.65,23.7,7271,23.84,3481
2026-04-30 09:10:00,23.75,23.85,23.7,23.75,3048,23.83,3481
2026-04-30 09:15:00,23.8,23.9,23.75,23.85,1746,23.83,3481
2026-04-30 09:20:00,23.85,23.95,23.8,23.9,873,23.84,3481
2026-04-30 09:25:00,23.9,24.0,23.85,23.9,2009,23.84,3481
2026-04-30 09:30:00,23.9,24.0,23.85,24.0,1814,23.85,3481
2026-04-30 09:35:00,24.0,24.05,23.9,24.0,3164,23.86,3481
2026-04-30 09:40:00,23.95,24.1,23.95,23.95,2511,23.87,3481
2026-04-30 09:45:00,24.0,24.05,23.95,24.0,1151,23.88,3481
2026-04-30 09:50:00,24.05,24.3,24.0,24.25,6100,23.92,3481
2026-04-30 09:55:00,24.25,24.3,24.15,24.15,2354,23.94,3481
2026-04-30 10:00:00,24.2,24.2,24.1,24.1,996,23.95,3481
2026-04-30 10:05:00,24.1,24.15,24.05,24.05,1276,23.95,3481
2026-04-30 10:10:00,24.05,24.1,23.95,24.0,1774,23.95,3481
2026-04-30 10:15:00,24.0,24.05,23.95,24.0,1060,23.95,3481
2026-04-30 10:20:00,24.0,24.0,23.95,23.95,693,23.95,3481
2026-04-30 10:25:00,23.95,24.0,23.95,24.0,442,23.95,3481
2026-04-30 10:30:00,24.0,24.0,23.9,23.9,1603,23.95,3481
2026-04-30 10:35:00,23.9,23.95,23.9,23.9,319,23.95,3481
2026-04-30 10:40:00,23.95,23.95,23.9,23.95,819,23.95,3481
2026-04-30 10:45:00,24.0,24.0,23.95,24.0,420,23.95,3481
2026-04-30 10:50:00,24.0,24.0,23.9,23.9,629,23.95,3481
2026-04-30 10:55:00,23.9,23.95,23.9,23.9,1020,23.95,3481
2026-04-30 11:00:00,23.9,23.95,23.85,23.9,467,23.95,3481
2026-04-30 11:05:00,23.9,23.9,23.8,23.85,1578,23.95,3481
2026-04-30 11:10:00,23.85,23.9,23.8,23.85,1357,23.95,3481
2026-04-30 11:15:00,23.9,23.9,23.85,23.9,545,23.95,3481
2026-04-30 11:20:00,23.85,23.9,23.85,23.9,746,23.94,3481
2026-04-30 11:25:00,23.85,23.9,23.85,23.85,763,23.94,3481
2026-04-30 11:30:00,23.85,23.9,23.85,23.85,473,23.94,3481
2026-04-30 11:35:00,23.9,24.0,23.85,24.0,1870,23.94,3481
2026-04-30 11:40:00,23.95,24.0,23.95,24.0,441,23.94,3481
2026-04-30 11:45:00,23.95,24.05,23.95,24.0,989,23.94,3481
2026-04-30 11:50:00,24.0,24.05,24.0,24.0,356,23.94,3481
2026-04-30 11:55:00,24.0,24.05,24.0,24.05,507,23.94,3481
2026-04-30 12:00:00,24.0,24.05,24.0,24.0,580,23.94,3481
2026-04-30 12:05:00,24.0,24.05,24.0,24.0,453,23.94,3481
2026-04-30 12:10:00,24.0,24.05,24.0,24.0,563,23.95,3481
2026-04-30 12:15:00,24.0,24.05,23.9,23.9,810,23.95,3481
2026-04-30 12:20:00,23.95,23.95,23.85,23.9,580,23.95,3481
2026-04-30 12:25:00,23.9,23.95,23.85,23.85,669,23.94,3481
2026-04-30 12:30:00,23.85,23.9,23.8,23.8,2591,23.94,3481
2026-04-30 12:35:00,23.8,23.85,23.8,23.8,1958,23.94,3481
2026-04-30 12:40:00,23.8,23.85,23.75,23.8,1448,23.93,3481
2026-04-30 12:45:00,23.8,23.85,23.8,23.8,782,23.93,3481
2026-04-30 12:50:00,23.8,23.95,23.8,23.9,1863,23.93,3481
2026-04-30 12:55:00,23.9,23.95,23.85,23.85,1129,23.93,3481
2026-04-30 13:00:00,23.9,23.95,23.85,23.9,1710,23.93,3481
2026-04-30 13:05:00,23.85,24.0,23.85,23.9,2988,23.93,3481
2026-04-30 13:10:00,23.9,23.95,23.9,23.9,1158,23.93,3481
2026-04-30 13:15:00,23.9,24.05,23.9,24.05,4750,23.93,3481
2026-04-30 13:20:00,24.05,24.05,23.9,23.95,4194,23.93,3481
2026-04-30 13:30:00,23.95,23.95,23.95,23.95,10708,23.93,3481
2026-05-04 09:00:00,24.15,24.35,24.1,24.2,9812,24.2,3481
2026-05-04 09:05:00,24.2,24.3,24.05,24.25,4595,24.19,3481
2026-05-04 09:10:00,24.3,24.5,24.25,24.45,6472,24.26,3481
2026-05-04 09:15:00,24.45,24.8,24.45,24.6,10163,24.38,3481
2026-05-04 09:20:00,24.6,25.15,24.6,25.1,21680,24.59,3481
2026-05-04 09:25:00,25.1,25.1,24.85,24.85,7048,24.64,3481
2026-05-04 09:30:00,24.85,24.95,24.8,24.9,3857,24.65,3481
2026-05-04 09:35:00,24.85,24.95,24.7,24.75,4389,24.66,3481
2026-05-04 09:40:00,24.75,24.8,24.65,24.65,2377,24.66,3481
2026-05-04 09:45:00,24.65,24.7,24.6,24.7,2987,24.66,3481
2026-05-04 09:50:00,24.7,24.75,24.65,24.7,1263,24.67,3481
2026-05-04 09:55:00,24.75,24.85,24.7,24.8,1825,24.67,3481
2026-05-04 10:00:00,24.8,24.85,24.75,24.75,1079,24.67,3481
2026-05-04 10:05:00,24.75,24.8,24.7,24.75,962,24.67,3481
2026-05-04 10:10:00,24.75,24.85,24.75,24.85,2447,24.67,3481
2026-05-04 10:15:00,24.8,24.95,24.75,24.9,2983,24.68,3481
2026-05-04 10:20:00,24.9,25.1,24.9,25.0,9147,24.71,3481
2026-05-04 10:25:00,24.95,25.0,24.85,24.9,1576,24.72,3481
2026-05-04 10:30:00,24.9,25.0,24.9,24.9,1674,24.72,3481
2026-05-04 10:35:00,24.9,24.95,24.85,24.85,1085,24.72,3481
2026-05-04 10:40:00,24.85,24.9,24.75,24.8,1288,24.72,3481
2026-05-04 10:45:00,24.8,24.85,24.75,24.8,807,24.72,3481
2026-05-04 10:50:00,24.8,24.85,24.75,24.8,806,24.72,3481
2026-05-04 10:55:00,24.8,24.9,24.8,24.85,677,24.72,3481
2026-05-04 11:00:00,24.85,24.9,24.8,24.85,701,24.73,3481
2026-05-04 11:05:00,24.85,24.9,24.8,24.85,544,24.73,3481
2026-05-04 11:10:00,24.85,24.9,24.8,24.85,985,24.73,3481
2026-05-04 11:15:00,24.85,24.95,24.85,24.9,1877,24.73,3481
2026-05-04 11:20:00,24.9,24.95,24.85,24.95,765,24.73,3481
2026-05-04 11:25:00,24.95,25.15,24.9,25.1,11660,24.76,3481
2026-05-04 11:30:00,25.1,25.1,24.95,25.0,2163,24.77,3481
2026-05-04 11:35:00,25.05,25.05,24.95,24.95,874,24.77,3481
2026-05-04 11:40:00,24.95,25.0,24.95,24.95,715,24.77,3481
2026-05-04 11:45:00,24.95,25.0,24.95,24.95,460,24.77,3481
2026-05-04 11:50:00,25.0,25.0,24.95,24.95,441,24.77,3481
2026-05-04 11:55:00,24.95,25.0,24.9,24.95,751,24.77,3481
2026-05-04 12:00:00,24.95,25.0,24.9,24.9,569,24.77,3481
2026-05-04 12:05:00,24.9,24.95,24.85,24.95,1114,24.78,3481
2026-05-04 12:10:00,24.95,24.95,24.9,24.9,484,24.78,3481
2026-05-04 12:15:00,24.9,24.95,24.9,24.9,347,24.78,3481
2026-05-04 12:20:00,24.9,24.95,24.9,24.9,575,24.78,3481
2026-05-04 12:25:00,24.9,24.95,24.85,24.85,1046,24.78,3481
2026-05-04 12:30:00,24.85,24.9,24.8,24.8,1721,24.78,3481
2026-05-04 12:35:00,24.8,24.9,24.8,24.85,943,24.78,3481
2026-05-04 12:40:00,24.85,24.85,24.8,24.85,677,24.78,3481
2026-05-04 12:45:00,24.85,24.85,24.8,24.85,722,24.78,3481
2026-05-04 12:50:00,24.85,24.9,24.8,24.8,1359,24.78,3481
2026-05-04 12:55:00,24.85,24.9,24.8,24.85,916,24.78,3481
2026-05-04 13:00:00,24.85,24.9,24.85,24.85,744,24.78,3481
2026-05-04 13:05:00,24.85,24.95,24.85,24.9,2516,24.78,3481
2026-05-04 13:10:00,24.9,24.95,24.85,24.85,2403,24.78,3481
2026-05-04 13:15:00,24.85,24.9,24.85,24.85,2060,24.79,3481
2026-05-04 13:20:00,24.85,24.95,24.8,24.9,5267,24.79,3481
2026-05-04 13:30:00,24.8,24.8,24.8,24.8,4821,24.79,3481
2026-05-05 09:00:00,25.15,26.0,25.15,26.0,35232,25.67,3481
2026-05-05 09:05:00,25.95,26.35,25.9,26.1,30406,25.87,3481
2026-05-05 09:10:00,26.05,26.55,25.95,26.5,37793,26.03,3481
2026-05-05 09:15:00,26.45,26.75,26.45,26.65,26539,26.15,3481
2026-05-05 09:20:00,26.65,27.0,26.55,26.8,34494,26.29,3481
2026-05-05 09:25:00,26.8,26.85,26.45,26.45,15585,26.33,3481
2026-05-05 09:30:00,26.5,26.7,26.35,26.65,12273,26.34,3481
2026-05-05 09:35:00,26.65,26.75,26.6,26.65,6699,26.35,3481
2026-05-05 09:40:00,26.65,26.65,26.5,26.65,6255,26.36,3481
2026-05-05 09:45:00,26.65,26.95,26.6,26.8,17364,26.39,3481
2026-05-05 09:50:00,26.8,26.9,26.7,26.75,5067,26.4,3481
2026-05-05 09:55:00,26.75,26.75,26.65,26.65,3435,26.41,3481
2026-05-05 10:00:00,26.7,26.7,26.5,26.5,4404,26.41,3481
2026-05-05 10:05:00,26.55,26.75,26.5,26.6,4493,26.42,3481
2026-05-05 10:10:00,26.6,26.6,26.55,26.55,1913,26.42,3481
2026-05-05 10:15:00,26.55,26.6,26.5,26.55,2186,26.42,3481
2026-05-05 10:20:00,26.55,26.6,26.5,26.55,1512,26.42,3481
2026-05-05 10:25:00,26.6,26.6,26.4,26.4,3894,26.42,3481
2026-05-05 10:30:00,26.4,26.45,26.25,26.25,5276,26.42,3481
2026-05-05 10:35:00,26.25,26.35,26.25,26.35,3268,26.42,3481
2026-05-05 10:40:00,26.35,26.35,26.2,26.2,3117,26.42,3481
2026-05-05 10:45:00,26.2,26.25,26.15,26.15,3319,26.41,3481
2026-05-05 10:50:00,26.15,26.25,26.15,26.2,1449,26.41,3481
2026-05-05 10:55:00,26.25,26.25,26.15,26.2,1746,26.41,3481
2026-05-05 11:00:00,26.2,26.25,26.15,26.2,928,26.41,3481
2026-05-05 11:05:00,26.25,26.25,26.15,26.2,1900,26.41,3481
2026-05-05 11:10:00,26.25,26.3,26.2,26.3,1049,26.41,3481
2026-05-05 11:15:00,26.3,26.4,26.25,26.4,2572,26.41,3481
2026-05-05 11:20:00,26.45,26.45,26.4,26.45,1324,26.41,3481
2026-05-05 11:25:00,26.45,26.5,26.4,26.45,1367,26.41,3481
2026-05-05 11:30:00,26.45,26.5,26.4,26.45,1557,26.41,3481
2026-05-05 11:35:00,26.45,26.7,26.45,26.55,6027,26.41,3481
2026-05-05 11:40:00,26.6,26.6,26.55,26.55,801,26.41,3481
2026-05-05 11:45:00,26.55,26.6,26.45,26.5,1892,26.41,3481
2026-05-05 11:50:00,26.45,26.55,26.45,26.5,838,26.41,3481
2026-05-05 11:55:00,26.5,26.5,26.45,26.5,562,26.41,3481
2026-05-05 12:00:00,26.45,26.55,26.45,26.5,1221,26.41,3481
2026-05-05 12:05:00,26.5,26.55,26.45,26.5,820,26.41,3481
2026-05-05 12:10:00,26.5,26.5,26.45,26.45,580,26.41,3481
2026-05-05 12:15:00,26.45,26.6,26.4,26.55,4068,26.42,3481
2026-05-05 12:20:00,26.55,26.9,26.55,26.9,16094,26.43,3481
2026-05-05 12:25:00,26.9,27.25,26.85,27.2,113290,26.63,3481
2026-05-05 12:30:00,27.2,27.2,27.05,27.15,12142,26.64,3481
2026-05-05 12:35:00,27.15,27.25,27.15,27.25,28312,26.68,3481
2026-05-05 12:40:00,27.25,27.25,27.25,27.25,2975,26.68,3481
2026-05-05 12:45:00,27.25,27.25,27.25,27.25,3060,26.69,3481
2026-05-05 12:50:00,27.25,27.25,27.25,27.25,1915,26.69,3481
2026-05-05 12:55:00,27.25,27.25,27.25,27.25,2170,26.69,3481
2026-05-05 13:00:00,27.25,27.25,27.25,27.25,1669,26.69,3481
2026-05-05 13:05:00,27.25,27.25,27.25,27.25,2084,26.7,3481
2026-05-05 13:10:00,27.25,27.25,27.25,27.25,1525,26.7,3481
2026-05-05 13:15:00,27.25,27.25,27.25,27.25,1788,26.7,3481
2026-05-05 13:20:00,27.25,27.25,27.25,27.25,1032,26.7,3481
2026-05-05 13:30:00,27.25,27.25,27.25,27.25,1191,26.7,3481
2026-05-06 09:00:00,27.8,28.1,27.4,27.55,103313,27.78,3481
2026-05-06 09:05:00,27.55,27.8,27.35,27.75,41445,27.72,3481
2026-05-06 09:10:00,27.75,28.0,27.55,27.95,38644,27.74,3481
2026-05-06 09:15:00,27.95,28.8,27.85,28.65,72265,27.91,3481
2026-05-06 09:20:00,28.7,28.75,28.25,28.4,37231,27.98,3481
2026-05-06 09:25:00,28.35,28.65,28.3,28.4,22274,28.02,3481
2026-05-06 09:30:00,28.35,28.55,28.2,28.5,18383,28.04,3481
2026-05-06 09:35:00,28.55,28.9,28.5,28.8,41986,28.12,3481
2026-05-06 09:40:00,28.8,28.8,28.35,28.4,15791,28.14,3481
2026-05-06 09:45:00,28.4,28.45,28.0,28.05,20496,28.14,3481
2026-05-06 09:50:00,28.05,28.05,27.6,27.8,30738,28.12,3481
2026-05-06 09:55:00,27.75,28.0,27.6,27.75,16043,28.11,3481
2026-05-06 10:00:00,27.75,27.8,27.35,27.4,20571,28.08,3481
2026-05-06 10:05:00,27.4,27.45,26.95,27.15,29008,28.03,3481
2026-05-06 10:10:00,27.15,27.5,27.1,27.2,14247,28.01,3481
2026-05-06 10:15:00,27.2,27.25,27.05,27.2,9457,27.99,3481
2026-05-06 10:20:00,27.2,27.3,27.1,27.1,5092,27.98,3481
2026-05-06 10:25:00,27.1,27.15,26.8,26.9,19864,27.95,3481
2026-05-06 10:30:00,26.95,27.35,26.85,27.3,10538,27.93,3481
2026-05-06 10:35:00,27.3,27.3,27.1,27.15,4074,27.93,3481
2026-05-06 10:40:00,27.15,27.2,26.9,26.95,5206,27.92,3481
2026-05-06 10:45:00,27.0,27.15,26.95,27.05,3081,27.92,3481
2026-05-06 10:50:00,27.05,27.1,26.95,27.1,2925,27.91,3481
2026-05-06 10:55:00,27.1,27.3,27.05,27.1,5990,27.9,3481
2026-05-06 11:00:00,27.15,27.3,27.05,27.05,3340,27.9,3481
2026-05-06 11:05:00,27.05,27.2,27.0,27.15,2354,27.9,3481
2026-05-06 11:10:00,27.15,27.3,27.1,27.25,2181,27.89,3481
2026-05-06 11:15:00,27.3,27.35,27.2,27.25,4563,27.89,3481
2026-05-06 11:20:00,27.2,27.25,27.1,27.15,1522,27.89,3481
2026-05-06 11:25:00,27.15,27.25,27.1,27.25,1212,27.89,3481
2026-05-06 11:30:00,27.25,27.3,27.15,27.2,2280,27.88,3481
2026-05-06 11:35:00,27.2,27.25,27.15,27.25,1896,27.88,3481
2026-05-06 11:40:00,27.25,27.25,27.2,27.25,1467,27.88,3481
2026-05-06 11:45:00,27.25,27.4,27.2,27.4,3782,27.88,3481
2026-05-06 11:50:00,27.4,27.55,27.35,27.4,10959,27.87,3481
2026-05-06 11:55:00,27.4,27.5,27.4,27.45,3404,27.87,3481
2026-05-06 12:00:00,27.45,27.65,27.3,27.55,10449,27.86,3481
2026-05-06 12:05:00,27.55,27.75,27.5,27.65,8510,27.86,3481
2026-05-06 12:10:00,27.6,27.65,27.55,27.6,2997,27.86,3481
2026-05-06 12:15:00,27.6,27.8,27.5,27.75,7646,27.86,3481
2026-05-06 12:20:00,27.75,28.05,27.7,28.05,20904,27.86,3481
2026-05-06 12:25:00,28.05,28.35,27.95,28.1,21779,27.87,3481
2026-05-06 12:30:00,28.1,28.2,27.95,28.05,9810,27.87,3481
2026-05-06 12:35:00,28.1,28.1,27.9,28.0,5986,27.87,3481
2026-05-06 12:40:00,28.0,28.3,27.95,28.25,17782,27.88,3481
2026-05-06 12:45:00,28.3,28.45,28.1,28.35,15179,27.89,3481
2026-05-06 12:50:00,28.35,28.4,28.15,28.25,7860,27.89,3481
2026-05-06 12:55:00,28.25,28.45,28.2,28.4,12737,27.9,3481
2026-05-06 13:00:00,28.35,28.4,28.05,28.1,7480,27.9,3481
2026-05-06 13:05:00,28.1,28.2,27.85,27.95,11559,27.9,3481
2026-05-06 13:10:00,28.0,28.2,27.9,28.15,12505,27.9,3481
2026-05-06 13:15:00,28.15,28.2,28.0,28.0,6717,27.9,3481
2026-05-06 13:20:00,28.0,28.15,27.95,28.05,15968,27.91,3481
2026-05-06 13:30:00,28.1,28.1,28.1,28.1,18304,27.91,3481
2026-05-07 09:00:00,28.8,28.95,28.15,28.9,73363,28.71,3481
2026-05-07 09:05:00,28.85,29.0,28.45,28.8,38892,28.73,3481
2026-05-07 09:10:00,28.8,28.85,28.55,28.7,14686,28.73,3481
2026-05-07 09:15:00,28.7,28.8,28.5,28.6,11802,28.72,3481
2026-05-07 09:20:00,28.65,29.0,28.45,28.8,36658,28.73,3481
2026-05-07 09:25:00,28.8,28.85,28.6,28.65,10070,28.73,3481
2026-05-07 09:30:00,28.6,28.65,28.3,28.5,20685,28.7,3481
2026-05-07 09:35:00,28.5,28.6,28.4,28.5,5950,28.7,3481
2026-05-07 09:40:00,28.5,28.7,28.45,28.5,8318,28.69,3481
2026-05-07 09:45:00,28.5,28.8,28.4,28.8,14320,28.69,3481
2026-05-07 09:50:00,28.8,28.95,28.7,28.9,28662,28.71,3481
2026-05-07 09:55:00,28.9,29.4,28.9,29.4,76962,28.8,3481
2026-05-07 10:00:00,29.35,29.5,29.25,29.3,34575,28.86,3481
2026-05-07 10:05:00,29.3,29.45,29.15,29.2,17458,28.88,3481
2026-05-07 10:10:00,29.2,29.35,29.05,29.15,14081,28.89,3481
2026-05-07 10:15:00,29.15,29.55,29.1,29.3,34754,28.93,3481
2026-05-07 10:20:00,29.3,29.45,29.2,29.35,7684,28.94,3481
2026-05-07 10:25:00,29.35,29.45,29.3,29.35,9097,28.95,3481
2026-05-07 10:30:00,29.35,29.5,29.25,29.5,12606,28.96,3481
2026-05-07 10:35:00,29.5,29.5,29.2,29.25,6827,28.96,3481
2026-05-07 10:40:00,29.2,29.3,29.2,29.25,5592,28.97,3481
2026-05-07 10:45:00,29.25,29.4,29.1,29.35,8518,28.97,3481
2026-05-07 10:50:00,29.35,29.8,29.35,29.75,43071,29.02,3481
2026-05-07 10:55:00,29.7,29.9,29.7,29.9,20795,29.05,3481
2026-05-07 11:00:00,29.9,30.1,29.8,29.95,41239,29.12,3481
2026-05-07 11:05:00,29.9,30.1,29.9,30.0,17775,29.14,3481
2026-05-07 11:10:00,30.0,30.05,29.9,30.0,13088,29.16,3481
2026-05-07 11:15:00,30.0,30.0,29.85,29.95,8306,29.17,3481
2026-05-07 11:20:00,29.95,30.0,29.8,29.8,6914,29.18,3481
2026-05-07 11:25:00,29.8,29.85,29.5,29.55,10382,29.19,3481
2026-05-07 11:30:00,29.55,29.7,29.5,29.7,7701,29.19,3481
2026-05-07 11:35:00,29.7,29.7,29.5,29.7,4891,29.19,3481
2026-05-07 11:40:00,29.65,29.85,29.65,29.7,7387,29.2,3481
2026-05-07 11:45:00,29.7,29.85,29.7,29.8,6851,29.21,3481
2026-05-07 11:50:00,29.8,29.9,29.8,29.8,5973,29.21,3481
2026-05-07 11:55:00,29.8,29.85,29.8,29.8,3132,29.21,3481
2026-05-07 12:00:00,29.8,29.85,29.75,29.8,3875,29.22,3481
2026-05-07 12:05:00,29.75,29.8,29.7,29.7,3833,29.22,3481
2026-05-07 12:10:00,29.7,29.75,29.6,29.7,4189,29.22,3481
2026-05-07 12:15:00,29.65,29.7,29.35,29.35,9692,29.23,3481
2026-05-07 12:20:00,29.4,29.6,29.3,29.5,9249,29.23,3481
2026-05-07 12:25:00,29.5,29.6,29.5,29.5,3193,29.23,3481
2026-05-07 12:30:00,29.5,29.6,29.4,29.5,5681,29.23,3481
2026-05-07 12:35:00,29.5,29.55,29.45,29.45,2375,29.23,3481
2026-05-07 12:40:00,29.5,29.5,29.25,29.45,9382,29.23,3481
2026-05-07 12:45:00,29.45,29.8,29.4,29.75,13623,29.24,3481
2026-05-07 12:50:00,29.75,30.0,29.75,29.95,17698,29.26,3481
2026-05-07 12:55:00,30.0,30.05,29.8,29.85,26988,29.28,3481
2026-05-07 13:00:00,29.9,29.9,29.65,29.65,5438,29.28,3481
2026-05-07 13:05:00,29.7,29.8,29.6,29.8,6778,29.29,3481
2026-05-07 13:10:00,29.75,29.8,29.7,29.75,5272,29.29,3481
2026-05-07 13:15:00,29.75,29.75,29.6,29.6,5716,29.29,3481
2026-05-07 13:20:00,29.65,29.65,29.55,29.65,14034,29.3,3481
2026-05-07 13:30:00,29.75,29.75,29.75,29.75,20185,29.31,3481
2026-05-08 09:00:00,29.85,30.25,29.15,30.25,71214,29.74,3481
2026-05-08 09:05:00,30.25,31.0,30.15,30.3,70026,30.16,3481
2026-05-08 09:10:00,30.35,30.75,30.15,30.6,26985,30.2,3481
2026-05-08 09:15:00,30.55,30.8,30.45,30.75,23769,30.25,3481
2026-05-08 09:20:00,30.75,31.1,30.7,30.8,54587,30.4,3481
2026-05-08 09:25:00,30.8,31.45,30.75,31.25,44687,30.52,3481
2026-05-08 09:30:00,31.25,31.3,31.0,31.25,18173,30.56,3481
2026-05-08 09:35:00,31.3,31.3,30.65,30.75,25602,30.59,3481
2026-05-08 09:40:00,30.75,30.9,30.25,30.3,25549,30.58,3481
2026-05-08 09:45:00,30.25,30.8,30.15,30.6,18731,30.58,3481
2026-05-08 09:50:00,30.6,30.7,30.5,30.5,7263,30.58,3481
2026-05-08 09:55:00,30.55,30.55,30.0,30.0,18716,30.56,3481
2026-05-08 10:00:00,30.0,30.1,29.8,29.85,22895,30.53,3481
2026-05-08 10:05:00,29.85,29.9,29.5,29.8,23359,30.49,3481
2026-05-08 10:10:00,29.8,29.8,29.25,29.55,21244,30.44,3481
2026-05-08 10:15:00,29.5,29.5,28.85,28.85,33520,30.35,3481
2026-05-08 10:20:00,28.85,29.25,28.65,29.25,28762,30.28,3481
2026-05-08 10:25:00,29.25,29.35,28.9,29.0,13193,30.25,3481
2026-05-08 10:30:00,29.0,29.4,28.9,29.4,9557,30.23,3481
2026-05-08 10:35:00,29.4,29.55,29.1,29.15,11877,30.21,3481
2026-05-08 10:40:00,29.1,29.45,29.05,29.45,6008,30.2,3481
2026-05-08 10:45:00,29.45,29.55,29.25,29.3,8660,30.19,3481
2026-05-08 10:50:00,29.25,29.3,29.1,29.25,4598,30.18,3481
2026-05-08 10:55:00,29.25,29.4,29.25,29.3,5062,30.18,3481
2026-05-08 11:00:00,29.3,29.5,29.2,29.35,4699,30.17,3481
2026-05-08 11:05:00,29.35,29.5,29.2,29.25,3289,30.17,3481
2026-05-08 11:10:00,29.25,29.3,29.1,29.15,4233,30.16,3481
2026-05-08 11:15:00,29.15,29.3,29.1,29.15,4715,30.15,3481
2026-05-08 11:20:00,29.15,29.35,29.1,29.2,3887,30.15,3481
2026-05-08 11:25:00,29.15,29.4,29.1,29.3,3081,30.14,3481
2026-05-08 11:30:00,29.3,29.4,29.25,29.35,1899,30.14,3481
2026-05-08 11:35:00,29.35,29.4,29.2,29.2,3523,30.13,3481
2026-05-08 11:40:00,29.25,29.4,29.2,29.4,1333,30.13,3481
2026-05-08 11:45:00,29.4,29.5,29.25,29.35,5907,30.12,3481
2026-05-08 11:50:00,29.3,29.7,29.2,29.7,9988,30.11,3481
2026-05-08 11:55:00,29.7,30.0,29.65,29.75,18479,30.11,3481
2026-05-08 12:00:00,29.75,29.75,29.55,29.6,4416,30.1,3481
2026-05-08 12:05:00,29.6,29.75,29.55,29.7,4163,30.1,3481
2026-05-08 12:10:00,29.7,29.85,29.55,29.6,4894,30.1,3481
2026-05-08 12:15:00,29.6,29.7,29.55,29.65,3188,30.1,3481
2026-05-08 12:20:00,29.6,29.75,29.6,29.75,2584,30.09,3481
2026-05-08 12:25:00,29.75,29.85,29.7,29.8,3477,30.09,3481
2026-05-08 12:30:00,29.85,29.9,29.6,29.6,7092,30.09,3481
2026-05-08 12:35:00,29.6,29.65,29.55,29.6,2478,30.09,3481
2026-05-08 12:40:00,29.6,29.6,29.35,29.35,8945,30.08,3481
2026-05-08 12:45:00,29.35,29.5,29.35,29.4,3884,30.08,3481
2026-05-08 12:50:00,29.4,29.5,29.3,29.45,3293,30.07,3481
2026-05-08 12:55:00,29.45,29.5,29.3,29.4,2661,30.07,3481
2026-05-08 13:00:00,29.35,29.45,29.3,29.35,4510,30.07,3481
2026-05-08 13:05:00,29.4,29.4,29.1,29.15,13813,30.05,3481
2026-05-08 13:10:00,29.15,29.25,29.05,29.2,10565,30.04,3481
2026-05-08 13:15:00,29.25,29.4,29.2,29.35,8065,30.03,3481
2026-05-08 13:20:00,29.4,29.4,29.2,29.2,14025,30.02,3481
2026-05-08 13:30:00,29.4,29.4,29.4,29.4,19971,30.0,3481
2026-05-11 09:00:00,32.0,32.0,31.05,31.25,92606,31.66,3481
2026-05-11 09:05:00,31.3,31.9,31.25,31.55,48893,31.64,3481
2026-05-11 09:10:00,31.5,32.3,31.5,32.3,179805,31.94,3481
2026-05-11 09:15:00,32.3,32.3,32.3,32.3,23846,31.96,3481
2026-05-11 09:20:00,32.3,32.3,32.3,32.3,8713,31.97,3481
2026-05-11 09:25:00,32.3,32.3,32.3,32.3,5910,31.98,3481
2026-05-11 09:30:00,32.3,32.3,32.3,32.3,4329,31.98,3481
2026-05-11 09:35:00,32.3,32.3,32.3,32.3,3438,31.98,3481
2026-05-11 09:40:00,32.3,32.3,32.3,32.3,2605,31.98,3481
2026-05-11 09:45:00,32.3,32.3,32.3,32.3,3048,31.99,3481
2026-05-11 09:50:00,32.3,32.3,32.3,32.3,2925,31.99,3481
2026-05-11 09:55:00,32.3,32.3,32.3,32.3,1774,31.99,3481
2026-05-11 10:00:00,32.3,32.3,32.3,32.3,1880,31.99,3481
2026-05-11 10:05:00,32.3,32.3,32.3,32.3,1894,31.99,3481
2026-05-11 10:10:00,32.3,32.3,32.3,32.3,2400,32.0,3481
2026-05-11 10:15:00,32.3,32.3,32.3,32.3,1424,32.0,3481
2026-05-11 10:20:00,32.3,32.3,32.3,32.3,1631,32.0,3481
2026-05-11 10:25:00,32.3,32.3,32.3,32.3,1334,32.0,3481
2026-05-11 10:30:00,32.3,32.3,32.3,32.3,1192,32.0,3481
2026-05-11 10:35:00,32.3,32.3,32.3,32.3,969,32.0,3481
2026-05-11 10:40:00,32.3,32.3,32.3,32.3,1039,32.0,3481
2026-05-11 10:45:00,32.3,32.3,32.3,32.3,2002,32.0,3481
2026-05-11 10:50:00,32.3,32.3,32.3,32.3,714,32.0,3481
2026-05-11 10:55:00,32.3,32.3,32.3,32.3,817,32.0,3481
2026-05-11 11:00:00,32.3,32.3,32.3,32.3,583,32.0,3481
2026-05-11 11:05:00,32.3,32.3,32.3,32.3,649,32.01,3481
2026-05-11 11:10:00,32.3,32.3,32.3,32.3,631,32.01,3481
2026-05-11 11:15:00,32.3,32.3,32.3,32.3,673,32.01,3481
2026-05-11 11:20:00,32.3,32.3,32.3,32.3,542,32.01,3481
2026-05-11 11:25:00,32.3,32.3,32.3,32.3,536,32.01,3481
2026-05-11 11:30:00,32.3,32.3,32.3,32.3,639,32.01,3481
2026-05-11 11:35:00,32.3,32.3,32.3,32.3,751,32.01,3481
2026-05-11 11:40:00,32.3,32.3,32.3,32.3,466,32.01,3481
2026-05-11 11:45:00,32.3,32.3,32.3,32.3,495,32.01,3481
2026-05-11 11:50:00,32.3,32.3,32.3,32.3,546,32.01,3481
2026-05-11 11:55:00,32.3,32.3,32.3,32.3,553,32.01,3481
2026-05-11 12:00:00,32.3,32.3,32.3,32.3,470,32.01,3481
2026-05-11 12:05:00,32.3,32.3,32.3,32.3,504,32.01,3481
2026-05-11 12:10:00,32.3,32.3,32.3,32.3,487,32.01,3481
2026-05-11 12:15:00,32.3,32.3,32.3,32.3,789,32.01,3481
2026-05-11 12:20:00,32.3,32.3,32.3,32.3,932,32.01,3481
2026-05-11 12:25:00,32.3,32.3,32.3,32.3,677,32.01,3481
2026-05-11 12:30:00,32.3,32.3,32.3,32.3,632,32.01,3481
2026-05-11 12:35:00,32.3,32.3,32.3,32.3,653,32.01,3481
2026-05-11 12:40:00,32.3,32.3,32.3,32.3,472,32.01,3481
2026-05-11 12:45:00,32.3,32.3,32.3,32.3,1126,32.01,3481
2026-05-11 12:50:00,32.3,32.3,32.3,32.3,540,32.01,3481
2026-05-11 12:55:00,32.3,32.3,32.3,32.3,392,32.01,3481
2026-05-11 13:00:00,32.3,32.3,32.3,32.3,524,32.02,3481
2026-05-11 13:05:00,32.3,32.3,32.3,32.3,648,32.02,3481
2026-05-11 13:10:00,32.3,32.3,32.3,32.3,461,32.02,3481
2026-05-11 13:15:00,32.3,32.3,32.3,32.3,628,32.02,3481
2026-05-11 13:20:00,32.3,32.3,32.3,32.3,660,32.02,3481
2026-05-11 13:30:00,32.3,32.3,32.3,32.3,1158,32.02,3481
2026-05-12 09:00:00,34.7,35.2,33.8,35.0,186956,34.66,3481
2026-05-12 09:05:00,35.0,35.0,34.2,34.35,59270,34.63,3481
2026-05-12 09:10:00,34.35,35.0,33.95,34.95,67305,34.58,3481
2026-05-12 09:15:00,34.95,35.1,34.4,34.85,60852,34.64,3481
2026-05-12 09:20:00,34.9,35.0,34.65,34.75,18721,34.64,3481
2026-05-12 09:25:00,34.8,34.9,34.15,34.55,32843,34.63,3481
2026-05-12 09:30:00,34.55,34.55,33.7,33.8,43473,34.58,3481
2026-05-12 09:35:00,33.85,34.15,33.6,33.8,28645,34.55,3481
2026-05-12 09:40:00,33.8,34.5,33.7,34.4,34234,34.52,3481
2026-05-12 09:45:00,34.4,34.8,34.35,34.55,28419,34.52,3481
2026-05-12 09:50:00,34.55,34.9,34.5,34.8,22273,34.53,3481
2026-05-12 09:55:00,34.8,35.5,34.6,35.5,147650,34.69,3481
2026-05-12 10:00:00,35.5,35.5,35.5,35.5,36623,34.73,3481
2026-05-12 10:05:00,35.5,35.5,35.5,35.5,8738,34.74,3481
2026-05-12 10:10:00,35.5,35.5,35.5,35.5,4377,34.74,3481
2026-05-12 10:15:00,35.5,35.5,35.5,35.5,3789,34.74,3481
2026-05-12 10:20:00,35.5,35.5,35.5,35.5,2315,34.75,3481
2026-05-12 10:25:00,35.5,35.5,35.5,35.5,1595,34.75,3481
2026-05-12 10:30:00,35.5,35.5,35.5,35.5,1862,34.75,3481
2026-05-12 10:35:00,35.5,35.5,35.5,35.5,1588,34.75,3481
2026-05-12 10:40:00,35.5,35.5,35.5,35.5,1362,34.75,3481
2026-05-12 10:45:00,35.5,35.5,35.5,35.5,1084,34.75,3481
2026-05-12 10:50:00,35.5,35.5,35.5,35.5,1072,34.75,3481
2026-05-12 10:55:00,35.5,35.5,35.5,35.5,1369,34.76,3481
2026-05-12 11:00:00,35.5,35.5,35.5,35.5,1442,34.76,3481
2026-05-12 11:05:00,35.5,35.5,35.5,35.5,1002,34.76,3481
2026-05-12 11:10:00,35.5,35.5,35.5,35.5,991,34.76,3481
2026-05-12 11:15:00,35.5,35.5,35.5,35.5,746,34.76,3481
2026-05-12 11:20:00,35.5,35.5,35.5,35.5,657,34.76,3481
2026-05-12 11:25:00,35.5,35.5,35.5,35.5,997,34.76,3481
2026-05-12 11:30:00,35.5,35.5,35.5,35.5,1443,34.76,3481
2026-05-12 11:35:00,35.5,35.5,35.5,35.5,846,34.76,3481
2026-05-12 11:40:00,35.5,35.5,35.5,35.5,797,34.76,3481
2026-05-12 11:45:00,35.5,35.5,35.5,35.5,781,34.76,3481
2026-05-12 11:50:00,35.5,35.5,35.5,35.5,575,34.76,3481
2026-05-12 11:55:00,35.5,35.5,35.5,35.5,767,34.77,3481
2026-05-12 12:00:00,35.5,35.5,35.5,35.5,1028,34.77,3481
2026-05-12 12:05:00,35.5,35.5,35.5,35.5,1000,34.77,3481
2026-05-12 12:10:00,35.5,35.5,35.5,35.5,1105,34.77,3481
2026-05-12 12:15:00,35.5,35.5,35.5,35.5,1141,34.77,3481
2026-05-12 12:20:00,35.5,35.5,35.5,35.5,665,34.77,3481
2026-05-12 12:25:00,35.5,35.5,35.5,35.5,1238,34.77,3481
2026-05-12 12:30:00,35.5,35.5,35.5,35.5,775,34.77,3481
2026-05-12 12:35:00,35.5,35.5,35.5,35.5,863,34.77,3481
2026-05-12 12:40:00,35.5,35.5,35.5,35.5,750,34.77,3481
2026-05-12 12:45:00,35.5,35.5,35.5,35.5,1255,34.77,3481
2026-05-12 12:50:00,35.5,35.5,35.5,35.5,859,34.78,3481
2026-05-12 12:55:00,35.5,35.5,35.5,35.5,1836,34.78,3481
2026-05-12 13:00:00,35.5,35.5,35.5,35.5,2048,34.78,3481
2026-05-12 13:05:00,35.5,35.5,35.5,35.5,756,34.78,3481
2026-05-12 13:10:00,35.5,35.5,35.5,35.5,985,34.78,3481
2026-05-12 13:15:00,35.5,35.5,35.5,35.5,837,34.78,3481
2026-05-12 13:20:00,35.5,35.5,35.5,35.5,1333,34.78,3481
2026-05-12 13:30:00,35.5,35.5,35.5,35.5,2497,34.78,3481
2026-05-13 09:00:00,35.8,36.55,35.7,36.3,161166,36.11,3481
2026-05-13 09:05:00,36.3,36.35,35.1,35.35,87990,35.94,3481
2026-05-13 09:10:00,35.3,35.65,35.1,35.25,45293,35.85,3481
2026-05-13 09:15:00,35.3,35.3,34.1,34.4,73906,35.61,3481
2026-05-13 09:20:00,34.4,34.75,34.25,34.35,28902,35.52,3481
2026-05-13 09:25:00,34.35,34.75,33.85,34.7,69629,35.32,3481
2026-05-13 09:30:00,34.7,35.45,34.6,35.4,44198,35.3,3481
2026-05-13 09:35:00,35.4,36.3,35.1,36.1,80987,35.36,3481
2026-05-13 09:40:00,36.05,36.5,35.8,36.35,64125,35.44,3481
2026-05-13 09:45:00,36.35,36.4,35.7,36.2,34419,35.47,3481
2026-05-13 09:50:00,36.2,36.4,35.9,35.95,26149,35.5,3481
2026-05-13 09:55:00,35.9,36.25,35.5,36.15,21901,35.51,3481
2026-05-13 10:00:00,36.15,37.0,36.15,36.85,66757,35.6,3481
2026-05-13 10:05:00,36.85,36.85,36.3,36.35,25559,35.63,3481
2026-05-13 10:10:00,36.35,36.5,36.0,36.4,18551,35.65,3481
2026-05-13 10:15:00,36.4,36.5,36.05,36.2,11230,35.65,3481
2026-05-13 10:20:00,36.2,36.7,36.2,36.6,13987,35.67,3481
2026-05-13 10:25:00,36.6,37.2,36.55,37.1,37412,35.72,3481
2026-05-13 10:30:00,37.15,37.75,37.15,37.45,42019,35.79,3481
2026-05-13 10:35:00,37.5,37.5,37.05,37.45,16541,35.82,3481
2026-05-13 10:40:00,37.45,37.45,36.75,36.85,18890,35.84,3481
2026-05-13 10:45:00,36.85,37.15,36.65,37.05,13116,35.86,3481
2026-05-13 10:50:00,37.0,37.35,36.75,37.35,12631,35.87,3481
2026-05-13 10:55:00,37.35,37.95,37.3,37.65,30953,35.92,3481
2026-05-13 11:00:00,37.6,37.8,37.5,37.7,11326,35.94,3481
2026-05-13 11:05:00,37.7,37.9,37.6,37.85,13252,35.96,3481
2026-05-13 11:10:00,37.85,37.9,37.4,37.45,16061,35.99,3481
2026-05-13 11:15:00,37.45,37.6,37.3,37.55,10857,36.0,3481
2026-05-13 11:20:00,37.6,37.6,37.1,37.4,12038,36.02,3481
2026-05-13 11:25:00,37.35,37.5,37.05,37.35,11549,36.03,3481
2026-05-13 11:30:00,37.4,37.4,37.2,37.25,6447,36.04,3481
2026-05-13 11:35:00,37.25,37.3,36.85,36.9,15485,36.05,3481
2026-05-13 11:40:00,36.85,37.05,36.6,37.05,14423,36.06,3481
2026-05-13 11:45:00,37.0,37.05,36.7,36.85,7410,36.07,3481
2026-05-13 11:50:00,36.8,37.2,36.8,37.05,7301,36.07,3481
2026-05-13 11:55:00,37.05,37.05,36.65,36.75,7582,36.08,3481
2026-05-13 12:00:00,36.75,37.0,36.75,36.9,3656,36.08,3481
2026-05-13 12:05:00,36.9,36.9,36.7,36.7,4421,36.08,3481
2026-05-13 12:10:00,36.7,36.85,36.5,36.6,10031,36.09,3481
2026-05-13 12:15:00,36.6,36.9,36.6,36.85,4740,36.09,3481
2026-05-13 12:20:00,36.9,37.15,36.85,36.9,12731,36.1,3481
2026-05-13 12:25:00,36.9,37.05,36.85,36.85,5842,36.1,3481
2026-05-13 12:30:00,36.85,37.0,36.8,36.85,4504,36.11,3481
2026-05-13 12:35:00,36.85,36.9,36.7,36.85,6392,36.11,3481
2026-05-13 12:40:00,36.9,36.9,36.7,36.75,4543,36.11,3481
2026-05-13 12:45:00,36.75,36.75,36.4,36.65,19293,36.12,3481
2026-05-13 12:50:00,36.6,36.8,36.4,36.7,7508,36.12,3481
2026-05-13 12:55:00,36.7,36.8,36.6,36.8,7071,36.13,3481
2026-05-13 13:00:00,36.75,36.9,36.75,36.9,8068,36.13,3481
2026-05-13 13:05:00,36.9,37.1,36.85,37.1,17198,36.14,3481
2026-05-13 13:10:00,37.05,37.1,37.0,37.0,9763,36.15,3481
2026-05-13 13:15:00,37.0,37.3,36.95,37.25,20381,36.16,3481
2026-05-13 13:20:00,37.25,37.5,37.15,37.25,21337,36.18,3481
2026-05-13 13:30:00,37.5,37.5,37.5,37.5,26088,36.21,3481
2026-05-14 09:00:00,38.4,38.65,36.9,37.0,96815,37.88,3481
2026-05-14 09:05:00,37.0,37.0,36.3,36.7,67477,37.38,3481
2026-05-14 09:10:00,36.7,37.75,36.5,37.15,60155,37.35,3481
2026-05-14 09:15:00,37.15,37.45,36.65,36.75,31270,37.3,3481
2026-05-14 09:20:00,36.8,36.95,36.6,36.9,19383,37.26,3481
2026-05-14 09:25:00,36.9,37.3,36.8,37.2,14937,37.24,3481
2026-05-14 09:30:00,37.25,37.3,36.85,36.9,12374,37.24,3481
2026-05-14 09:35:00,36.85,37.5,36.85,37.3,17145,37.24,3481
2026-05-14 09:40:00,37.3,37.6,36.85,36.85,26920,37.25,3481
2026-05-14 09:45:00,36.85,37.0,36.65,36.95,19157,37.22,3481
2026-05-14 09:50:00,37.0,37.0,36.5,36.55,24328,37.19,3481
2026-05-14 09:55:00,36.5,36.7,36.4,36.55,24300,37.15,3481
2026-05-14 10:00:00,36.55,36.75,36.3,36.75,20861,37.12,3481
2026-05-14 10:05:00,36.75,36.75,36.2,36.3,24307,37.08,3481
2026-05-14 10:10:00,36.3,36.35,35.9,35.9,41693,37.0,3481
2026-05-14 10:15:00,35.9,36.2,35.75,36.05,34339,36.93,3481
2026-05-14 10:20:00,36.0,36.15,35.75,35.8,16201,36.9,3481
2026-05-14 10:25:00,35.75,35.8,35.1,35.45,47862,36.78,3481
2026-05-14 10:30:00,35.45,36.05,35.4,35.95,20540,36.75,3481
2026-05-14 10:35:00,35.95,36.15,35.8,35.95,11842,36.73,3481
2026-05-14 10:40:00,36.0,36.05,35.8,35.9,5986,36.72,3481
2026-05-14 10:45:00,35.95,36.1,35.7,35.75,9179,36.71,3481
2026-05-14 10:50:00,35.7,35.9,35.6,35.65,7359,36.7,3481
2026-05-14 10:55:00,35.65,35.85,35.6,35.7,4787,36.7,3481
2026-05-14 11:00:00,35.7,35.7,35.3,35.55,15091,36.67,3481
2026-05-14 11:05:00,35.5,35.6,35.25,35.45,12937,36.64,3481
2026-05-14 11:10:00,35.45,35.55,35.35,35.45,6561,36.63,3481
2026-05-14 11:15:00,35.45,35.55,35.4,35.45,5436,36.62,3481
2026-05-14 11:20:00,35.45,35.45,35.35,35.4,4347,36.62,3481
2026-05-14 11:25:00,35.4,35.7,35.35,35.4,7677,36.6,3481
2026-05-14 11:30:00,35.4,35.4,35.2,35.35,9549,36.59,3481
2026-05-14 11:35:00,35.35,35.45,35.3,35.35,3566,36.58,3481
2026-05-14 11:40:00,35.3,35.35,35.1,35.35,12572,36.56,3481
2026-05-14 11:45:00,35.35,35.4,35.15,35.2,6014,36.55,3481
2026-05-14 11:50:00,35.15,35.25,35.1,35.15,5950,36.54,3481
2026-05-14 11:55:00,35.15,35.25,35.0,35.15,15758,36.51,3481
2026-05-14 12:00:00,35.1,35.2,35.0,35.15,11964,36.48,3481
2026-05-14 12:05:00,35.15,35.5,35.1,35.45,12254,36.47,3481
2026-05-14 12:10:00,35.45,35.5,35.3,35.4,7079,36.46,3481
2026-05-14 12:15:00,35.4,35.75,35.3,35.75,14005,36.44,3481
2026-05-14 12:20:00,35.75,35.8,35.5,35.6,9245,36.43,3481
2026-05-14 12:25:00,35.65,35.65,35.45,35.55,3785,36.43,3481
2026-05-14 12:30:00,35.55,35.85,35.5,35.7,10967,36.42,3481
2026-05-14 12:35:00,35.75,35.8,35.55,35.6,5277,36.41,3481
2026-05-14 12:40:00,35.55,35.6,35.5,35.6,3637,36.41,3481
2026-05-14 12:45:00,35.6,35.9,35.55,35.75,9629,36.4,3481
2026-05-14 12:50:00,35.8,36.05,35.7,36.05,18586,36.39,3481
2026-05-14 12:55:00,36.05,36.05,35.65,35.65,9579,36.39,3481
2026-05-14 13:00:00,35.7,35.7,35.45,35.45,13031,36.37,3481
2026-05-14 13:05:00,35.5,35.6,35.35,35.4,12272,36.36,3481
2026-05-14 13:10:00,35.4,35.5,35.35,35.4,13694,36.35,3481
2026-05-14 13:15:00,35.4,35.45,35.25,35.4,19152,36.33,3481
2026-05-14 13:20:00,35.4,35.45,35.25,35.35,29682,36.3,3481
2026-05-14 13:30:00,35.4,35.4,35.4,35.4,24946,36.27,3481
2026-05-15 09:00:00,35.8,37.05,35.25,37.05,87836,36.19,3481
2026-05-15 09:05:00,36.95,38.0,36.9,37.55,88448,36.84,3481
2026-05-15 09:10:00,37.65,38.4,37.2,38.1,83416,37.19,3481
2026-05-15 09:15:00,38.05,38.25,37.7,37.8,40795,37.3,3481
2026-05-15 09:20:00,37.8,37.8,37.2,37.35,32494,37.32,3481
2026-05-15 09:25:00,37.3,37.5,36.9,37.0,29798,37.31,3481
2026-05-15 09:30:00,37.0,37.4,36.9,37.25,20814,37.3,3481
2026-05-15 09:35:00,37.3,37.35,36.8,36.8,18212,37.29,3481
2026-05-15 09:40:00,36.8,36.95,36.15,36.35,33751,37.23,3481
2026-05-15 09:45:00,36.35,36.55,36.0,36.2,27448,37.17,3481
2026-05-15 09:50:00,36.2,36.75,36.0,36.65,25605,37.13,3481
2026-05-15 09:55:00,36.7,36.75,35.75,35.8,30659,37.07,3481
2026-05-15 10:00:00,35.8,36.15,35.7,36.05,18617,37.03,3481
2026-05-15 10:05:00,36.05,36.1,35.55,35.85,21945,36.98,3481
2026-05-15 10:10:00,35.85,36.05,35.6,35.9,13734,36.96,3481
2026-05-15 10:15:00,35.9,36.35,35.9,36.3,12245,36.94,3481
2026-05-15 10:20:00,36.3,36.45,36.1,36.2,7708,36.93,3481
2026-05-15 10:25:00,36.2,36.75,36.2,36.45,16842,36.92,3481
2026-05-15 10:30:00,36.45,36.45,36.2,36.35,3836,36.91,3481
2026-05-15 10:35:00,36.4,36.5,36.05,36.1,5898,36.91,3481
2026-05-15 10:40:00,36.1,36.7,36.1,36.7,9903,36.9,3481
2026-05-15 10:45:00,36.7,36.8,36.45,36.8,12783,36.9,3481
2026-05-15 10:50:00,36.8,37.0,36.75,36.85,14059,36.9,3481
2026-05-15 10:55:00,36.8,36.95,36.55,36.95,7090,36.9,3481
2026-05-15 11:00:00,36.95,37.0,36.7,36.7,6270,36.9,3481
2026-05-15 11:05:00,36.75,36.8,36.55,36.75,4066,36.89,3481
2026-05-15 11:10:00,36.75,36.75,36.4,36.45,4634,36.89,3481
2026-05-15 11:15:00,36.45,36.55,36.25,36.35,6872,36.89,3481
2026-05-15 11:20:00,36.35,36.4,36.15,36.25,5392,36.88,3481
2026-05-15 11:25:00,36.25,36.4,36.15,36.2,4034,36.88,3481
2026-05-15 11:30:00,36.15,36.2,36.0,36.0,9206,36.87,3481
2026-05-15 11:35:00,36.05,36.15,35.8,36.05,13484,36.85,3481
2026-05-15 11:40:00,36.05,36.2,36.0,36.1,3520,36.85,3481
2026-05-15 11:45:00,36.1,36.3,36.05,36.25,2799,36.84,3481
2026-05-15 11:50:00,36.25,36.4,36.15,36.35,2972,36.84,3481
2026-05-15 11:55:00,36.35,36.35,36.2,36.25,2374,36.84,3481
2026-05-15 12:00:00,36.25,36.3,36.05,36.2,2582,36.84,3481
2026-05-15 12:05:00,36.15,36.45,36.15,36.35,3904,36.84,3481
2026-05-15 12:10:00,36.35,36.4,36.15,36.2,2602,36.83,3481
2026-05-15 12:15:00,36.25,36.25,36.1,36.15,1371,36.83,3481
2026-05-15 12:20:00,36.1,36.15,35.95,36.1,8968,36.82,3481
2026-05-15 12:25:00,36.1,36.15,35.95,36.0,5375,36.82,3481
2026-05-15 12:30:00,36.0,36.15,36.0,36.1,4241,36.81,3481
2026-05-15 12:35:00,36.15,36.2,36.0,36.05,3130,36.81,3481
2026-05-15 12:40:00,36.05,36.2,35.85,35.9,9792,36.8,3481
2026-05-15 12:45:00,35.9,36.0,35.8,35.9,7198,36.79,3481
2026-05-15 12:50:00,35.9,36.0,35.7,35.75,11534,36.78,3481
2026-05-15 12:55:00,35.7,35.8,35.6,35.7,13582,36.76,3481
2026-05-15 13:00:00,35.7,35.85,35.6,35.75,14445,36.74,3481
2026-05-15 13:05:00,35.85,36.0,35.75,35.95,9745,36.73,3481
2026-05-15 13:10:00,36.0,36.1,35.9,36.0,10532,36.72,3481
2026-05-15 13:15:00,36.0,36.1,35.95,36.05,11414,36.71,3481
2026-05-15 13:20:00,36.05,36.1,35.95,36.05,19015,36.7,3481
2026-05-15 13:30:00,36.1,36.1,36.1,36.1,18318,36.68,3481
2026-05-18 09:00:00,35.95,36.3,35.3,36.1,74596,35.89,3481
2026-05-18 09:05:00,36.15,36.35,35.5,35.85,41393,35.93,3481
2026-05-18 09:10:00,35.85,35.9,34.7,34.95,54811,35.68,3481
2026-05-18 09:15:00,35.0,35.35,34.55,35.35,31870,35.56,3481
2026-05-18 09:20:00,35.3,35.35,34.75,34.9,18200,35.51,3481
2026-05-18 09:25:00,34.95,35.2,34.8,35.1,13472,35.48,3481
2026-05-18 09:30:00,35.05,35.65,35.05,35.25,17951,35.47,3481
2026-05-18 09:35:00,35.25,35.55,35.1,35.45,11501,35.47,3481
2026-05-18 09:40:00,35.4,35.7,35.4,35.65,9657,35.47,3481
2026-05-18 09:45:00,35.65,35.75,35.35,35.75,11787,35.48,3481
2026-05-18 09:50:00,35.75,35.8,35.6,35.7,9479,35.48,3481
2026-05-18 09:55:00,35.7,36.1,35.65,35.8,20914,35.51,3481
2026-05-18 10:00:00,35.75,35.8,35.5,35.65,6921,35.52,3481
2026-05-18 10:05:00,35.65,35.85,35.65,35.65,3267,35.52,3481
2026-05-18 10:10:00,35.7,36.05,35.65,36.0,6414,35.52,3481
2026-05-18 10:15:00,36.0,36.65,36.0,36.6,35391,35.6,3481
2026-05-18 10:20:00,36.6,36.8,36.45,36.6,23660,35.66,3481
2026-05-18 10:25:00,36.6,37.3,36.6,37.0,41621,35.79,3481
2026-05-18 10:30:00,37.0,37.45,36.95,37.35,26023,35.88,3481
2026-05-18 10:35:00,37.35,37.35,36.9,37.0,15983,35.92,3481
2026-05-18 10:40:00,37.05,37.1,36.75,36.9,8980,35.94,3481
2026-05-18 10:45:00,36.9,37.15,36.85,36.95,8560,35.95,3481
2026-05-18 10:50:00,36.95,37.1,36.7,36.7,8886,35.97,3481
2026-05-18 10:55:00,36.7,36.8,36.5,36.6,13461,35.99,3481
2026-05-18 11:00:00,36.6,36.85,36.6,36.75,5607,36.0,3481
2026-05-18 11:05:00,36.75,37.0,36.75,36.9,4414,36.0,3481
2026-05-18 11:10:00,36.9,36.95,36.65,36.7,3731,36.01,3481
2026-05-18 11:15:00,36.7,36.95,36.7,36.9,3263,36.01,3481
2026-05-18 11:20:00,36.9,37.1,36.8,36.85,10658,36.03,3481
2026-05-18 11:25:00,36.85,36.9,36.7,36.9,4145,36.04,3481
2026-05-18 11:30:00,36.9,36.95,36.85,36.9,2450,36.04,3481
2026-05-18 11:35:00,36.9,37.35,36.9,37.35,22852,36.09,3481
2026-05-18 11:40:00,37.3,37.6,37.3,37.6,29480,36.16,3481
2026-05-18 11:45:00,37.6,37.8,37.45,37.8,16767,36.2,3481
2026-05-18 11:50:00,37.8,37.9,37.7,37.75,18119,36.24,3481
2026-05-18 11:55:00,37.75,37.95,37.5,37.65,19899,36.29,3481
2026-05-18 12:00:00,37.65,37.8,37.55,37.7,5741,36.3,3481
2026-05-18 12:05:00,37.7,37.75,37.55,37.55,4277,36.31,3481
2026-05-18 12:10:00,37.6,37.9,37.55,37.85,8418,36.33,3481
2026-05-18 12:15:00,37.85,38.5,37.7,38.45,41914,36.43,3481
2026-05-18 12:20:00,38.5,39.0,38.45,38.65,45912,36.57,3481
2026-05-18 12:25:00,38.65,38.7,38.15,38.35,17856,36.61,3481
2026-05-18 12:30:00,38.3,38.6,38.3,38.35,11497,36.64,3481
2026-05-18 12:35:00,38.35,38.7,38.3,38.55,8439,36.66,3481
2026-05-18 12:40:00,38.55,39.1,38.5,39.0,22683,36.72,3481
2026-05-18 12:45:00,39.0,39.4,38.85,38.85,22014,36.78,3481
2026-05-18 12:50:00,38.85,38.95,38.6,38.65,11096,36.81,3481
2026-05-18 12:55:00,38.65,39.0,38.6,39.0,11049,36.83,3481
2026-05-18 13:00:00,39.0,39.1,38.45,38.7,16657,36.87,3481
2026-05-18 13:05:00,38.7,38.85,38.65,38.8,6511,36.88,3481
2026-05-18 13:10:00,38.85,38.85,38.4,38.45,10860,36.9,3481
2026-05-18 13:15:00,38.45,38.55,38.35,38.35,9621,36.92,3481
2026-05-18 13:20:00,38.35,38.5,38.3,38.4,13957,36.94,3481
2026-05-18 13:30:00,38.7,38.7,38.7,38.7,19549,36.98,3481
2026-05-19 09:00:00,38.15,38.45,37.8,38.3,69553,38.14,3481
2026-05-19 09:05:00,38.3,39.1,38.25,39.0,58676,38.47,3481
2026-05-19 09:10:00,39.0,39.2,38.3,38.65,41519,38.55,3481
2026-05-19 09:15:00,38.65,38.7,38.1,38.15,27766,38.53,3481
2026-05-19 09:20:00,38.2,39.0,38.1,39.0,25099,38.54,3481
2026-05-19 09:25:00,39.0,39.15,38.6,38.85,25869,38.58,3481
2026-05-19 09:30:00,38.85,38.95,38.55,38.9,10952,38.59,3481
2026-05-19 09:35:00,38.9,39.1,38.8,38.85,14935,38.61,3481
2026-05-19 09:40:00,38.85,38.9,38.65,38.75,8878,38.62,3481
2026-05-19 09:45:00,38.75,38.75,38.25,38.3,21693,38.61,3481
2026-05-19 09:50:00,38.3,38.3,37.7,37.8,45835,38.53,3481
2026-05-19 09:55:00,37.8,38.1,37.55,37.95,28164,38.48,3481
2026-05-19 10:00:00,38.0,38.1,37.65,38.1,11614,38.46,3481
2026-05-19 10:05:00,38.1,38.15,37.8,37.95,8581,38.45,3481
2026-05-19 10:10:00,37.95,38.35,37.85,38.25,10503,38.44,3481
2026-05-19 10:15:00,38.25,38.35,38.05,38.1,5732,38.44,3481
2026-05-19 10:20:00,38.1,38.2,37.8,37.9,7990,38.43,3481
2026-05-19 10:25:00,37.9,38.15,37.75,37.85,6095,38.42,3481
2026-05-19 10:30:00,37.85,38.0,37.75,38.0,4400,38.41,3481
2026-05-19 10:35:00,38.0,38.05,37.75,37.8,5026,38.41,3481
2026-05-19 10:40:00,37.8,38.05,37.7,38.05,5123,38.4,3481
2026-05-19 10:45:00,38.05,38.25,38.0,38.05,6198,38.4,3481
2026-05-19 10:50:00,38.0,38.1,37.9,38.05,2685,38.39,3481
2026-05-19 10:55:00,38.1,38.1,37.9,38.05,3103,38.39,3481
2026-05-19 11:00:00,38.05,38.05,37.9,37.95,2130,38.39,3481
2026-05-19 11:05:00,37.9,38.25,37.9,38.1,5768,38.39,3481
2026-05-19 11:10:00,38.1,38.35,38.1,38.15,6984,38.38,3481
2026-05-19 11:15:00,38.1,38.15,38.0,38.05,1421,38.38,3481
2026-05-19 11:20:00,38.1,38.15,38.0,38.0,2587,38.38,3481
2026-05-19 11:25:00,38.0,38.05,37.95,38.05,1575,38.38,3481
2026-05-19 11:30:00,38.05,38.1,38.0,38.1,1594,38.38,3481
2026-05-19 11:35:00,38.05,38.1,37.9,37.95,3897,38.38,3481
2026-05-19 11:40:00,37.95,38.25,37.9,38.0,4850,38.37,3481
2026-05-19 11:45:00,38.0,38.0,37.8,37.85,6066,38.37,3481
2026-05-19 11:50:00,37.85,37.9,37.6,37.7,16827,38.35,3481
2026-05-19 11:55:00,37.75,37.75,37.4,37.5,20138,38.32,3481
2026-05-19 12:00:00,37.55,37.6,37.3,37.45,12356,38.29,3481
2026-05-19 12:05:00,37.45,37.5,37.2,37.25,10577,38.28,3481
2026-05-19 12:10:00,37.25,37.45,37.25,37.4,7492,38.26,3481
2026-05-19 12:15:00,37.35,37.4,37.25,37.25,4018,38.26,3481
2026-05-19 12:20:00,37.25,37.45,37.2,37.45,8605,38.24,3481
2026-05-19 12:25:00,37.5,37.65,37.45,37.65,6385,38.23,3481
2026-05-19 12:30:00,37.65,37.7,37.5,37.5,5097,38.23,3481
2026-05-19 12:35:00,37.5,37.65,37.4,37.6,6325,38.22,3481
2026-05-19 12:40:00,37.55,37.65,37.5,37.55,2779,38.22,3481
2026-05-19 12:45:00,37.55,37.65,37.45,37.5,4640,38.21,3481
2026-05-19 12:50:00,37.45,37.55,37.4,37.4,3877,38.21,3481
2026-05-19 12:55:00,37.4,37.45,37.3,37.4,7392,38.2,3481
2026-05-19 13:00:00,37.4,37.6,37.3,37.4,11989,38.18,3481
2026-05-19 13:05:00,37.4,37.45,37.3,37.4,12069,38.17,3481
2026-05-19 13:10:00,37.4,37.5,37.35,37.4,9915,38.16,3481
2026-05-19 13:15:00,37.4,37.5,37.35,37.45,16262,38.14,3481
2026-05-19 13:20:00,37.45,37.5,37.3,37.35,18126,38.12,3481
2026-05-19 13:30:00,37.45,37.45,37.45,37.45,29424,38.09,3481
2026-05-20 09:00:00,37.8,38.0,36.5,36.6,68233,37.25,3481
2026-05-20 09:05:00,36.6,36.75,36.15,36.7,43367,36.94,3481
2026-05-20 09:10:00,36.7,37.5,36.6,37.1,40083,36.98,3481
2026-05-20 09:15:00,37.1,37.4,36.95,37.05,18821,36.99,3481
2026-05-20 09:20:00,37.0,37.8,37.0,37.8,27204,37.06,3481
2026-05-20 09:25:00,37.8,37.85,37.1,37.15,19944,37.1,3481
2026-05-20 09:30:00,37.15,37.2,36.7,36.85,22869,37.08,3481
2026-05-20 09:35:00,36.8,37.0,36.7,36.95,8955,37.07,3481
2026-05-20 09:40:00,36.9,37.1,36.65,36.7,11265,37.06,3481
2026-05-20 09:45:00,36.75,37.15,36.7,37.1,6700,37.06,3481
2026-05-20 09:50:00,37.1,37.25,36.8,36.8,7285,37.06,3481
2026-05-20 09:55:00,36.8,37.0,36.75,37.0,4364,37.05,3481
2026-05-20 10:00:00,37.0,37.1,36.9,36.9,5099,37.05,3481
2026-05-20 10:05:00,36.95,37.55,36.9,37.2,21118,37.07,3481
2026-05-20 10:10:00,37.2,37.25,36.95,37.2,5941,37.07,3481
2026-05-20 10:15:00,37.2,37.25,37.1,37.15,3660,37.08,3481
2026-05-20 10:20:00,37.2,37.4,37.1,37.35,5373,37.08,3481
2026-05-20 10:25:00,37.35,37.5,37.2,37.2,6401,37.08,3481
2026-05-20 10:30:00,37.25,37.25,36.85,37.0,6820,37.08,3481
2026-05-20 10:35:00,37.0,37.1,36.9,36.95,2170,37.08,3481
2026-05-20 10:40:00,36.95,37.0,36.5,36.6,16930,37.06,3481
2026-05-20 10:45:00,36.55,36.7,36.4,36.5,18746,37.04,3481
2026-05-20 10:50:00,36.5,36.5,36.25,36.3,14365,37.01,3481
2026-05-20 10:55:00,36.3,36.4,36.2,36.35,13234,36.99,3481
2026-05-20 11:00:00,36.35,36.6,36.3,36.55,4144,36.98,3481
2026-05-20 11:05:00,36.55,36.65,36.4,36.45,4329,36.98,3481
2026-05-20 11:10:00,36.45,36.5,36.25,36.25,4580,36.97,3481
2026-05-20 11:15:00,36.3,36.45,36.2,36.4,5861,36.96,3481
2026-05-20 11:20:00,36.4,36.4,36.25,36.35,3831,36.96,3481
2026-05-20 11:25:00,36.3,36.4,36.25,36.35,2314,36.95,3481
2026-05-20 11:30:00,36.4,36.4,36.2,36.2,4122,36.95,3481
2026-05-20 11:35:00,36.25,36.25,36.0,36.15,20145,36.91,3481
2026-05-20 11:40:00,36.1,36.2,36.05,36.2,5371,36.9,3481
2026-05-20 11:45:00,36.2,36.3,36.1,36.25,4137,36.89,3481
2026-05-20 11:50:00,36.25,36.3,36.15,36.2,4759,36.89,3481
2026-05-20 11:55:00,36.2,36.4,36.15,36.4,4658,36.88,3481
2026-05-20 12:00:00,36.4,36.5,36.3,36.35,4931,36.87,3481
2026-05-20 12:05:00,36.35,36.6,36.35,36.55,5012,36.87,3481
2026-05-20 12:10:00,36.55,36.6,36.45,36.6,5694,36.87,3481
2026-05-20 12:15:00,36.6,36.7,36.5,36.55,6817,36.86,3481
2026-05-20 12:20:00,36.55,36.55,36.4,36.45,4228,36.86,3481
2026-05-20 12:25:00,36.45,36.7,36.4,36.7,7403,36.85,3481
2026-05-20 12:30:00,36.65,36.75,36.5,36.6,6685,36.85,3481
2026-05-20 12:35:00,36.65,36.75,36.55,36.7,8350,36.85,3481
2026-05-20 12:40:00,36.75,36.8,36.55,36.6,4650,36.85,3481
2026-05-20 12:45:00,36.65,36.7,36.6,36.6,3144,36.85,3481
2026-05-20 12:50:00,36.65,36.75,36.5,36.55,6598,36.84,3481
2026-05-20 12:55:00,36.55,36.6,36.3,36.35,7140,36.84,3481
2026-05-20 13:00:00,36.4,36.65,36.35,36.55,7389,36.83,3481
2026-05-20 13:05:00,36.55,36.65,36.5,36.55,7733,36.83,3481
2026-05-20 13:10:00,36.6,36.7,36.55,36.6,11919,36.83,3481
2026-05-20 13:15:00,36.6,36.75,36.55,36.55,11854,36.82,3481
2026-05-20 13:20:00,36.55,36.95,36.55,36.9,24773,36.82,3481
2026-05-20 13:30:00,36.95,36.95,36.95,36.95,20496,36.82,3481
2026-05-21 09:00:00,38.0,39.3,38.0,38.75,93281,38.77,3481
2026-05-21 09:05:00,38.7,39.65,38.5,39.65,77227,38.94,3481
2026-05-21 09:10:00,39.6,40.2,39.35,40.1,64268,39.17,3481
2026-05-21 09:15:00,40.1,40.5,39.9,40.15,47838,39.35,3481
2026-05-21 09:20:00,40.15,40.3,39.9,40.2,26405,39.42,3481
2026-05-21 09:25:00,40.2,40.6,40.2,40.6,142172,39.78,3481
2026-05-21 09:30:00,40.6,40.6,40.6,40.6,11070,39.8,3481
2026-05-21 09:35:00,40.6,40.6,40.6,40.6,5379,39.81,3481
2026-05-21 09:40:00,40.6,40.6,40.6,40.6,5584,39.82,3481
2026-05-21 09:45:00,40.6,40.6,40.6,40.6,2861,39.82,3481
2026-05-21 09:50:00,40.6,40.6,40.6,40.6,2165,39.82,3481
2026-05-21 09:55:00,40.6,40.6,40.6,40.6,1982,39.83,3481
2026-05-21 10:00:00,40.6,40.6,40.6,40.6,2315,39.83,3481
2026-05-21 10:05:00,40.6,40.6,40.6,40.6,1789,39.83,3481
2026-05-21 10:10:00,40.6,40.6,40.6,40.6,1501,39.84,3481
2026-05-21 10:15:00,40.6,40.6,40.6,40.6,1496,39.84,3481
2026-05-21 10:20:00,40.6,40.6,40.6,40.6,1321,39.84,3481
2026-05-21 10:25:00,40.6,40.6,40.6,40.6,955,39.84,3481
2026-05-21 10:30:00,40.6,40.6,40.6,40.6,1092,39.84,3481
2026-05-21 10:35:00,40.6,40.6,40.6,40.6,1234,39.85,3481
2026-05-21 10:40:00,40.6,40.6,40.6,40.6,639,39.85,3481
2026-05-21 10:45:00,40.6,40.6,40.6,40.6,678,39.85,3481
2026-05-21 10:50:00,40.6,40.6,40.6,40.6,864,39.85,3481
2026-05-21 10:55:00,40.6,40.6,40.6,40.6,782,39.85,3481
2026-05-21 11:00:00,40.6,40.6,40.6,40.6,580,39.85,3481
2026-05-21 11:05:00,40.6,40.6,40.6,40.6,537,39.85,3481
2026-05-21 11:10:00,40.6,40.6,40.6,40.6,635,39.85,3481
2026-05-21 11:15:00,40.6,40.6,40.6,40.6,528,39.85,3481
2026-05-21 11:20:00,40.6,40.6,40.6,40.6,652,39.85,3481
2026-05-21 11:25:00,40.6,40.6,40.6,40.6,524,39.86,3481
2026-05-21 11:30:00,40.6,40.6,40.6,40.6,535,39.86,3481
2026-05-21 11:35:00,40.6,40.6,40.6,40.6,502,39.86,3481
2026-05-21 11:40:00,40.6,40.6,40.6,40.6,592,39.86,3481
2026-05-21 11:45:00,40.6,40.6,40.6,40.6,463,39.86,3481
2026-05-21 11:50:00,40.6,40.6,40.6,40.6,762,39.86,3481
2026-05-21 11:55:00,40.6,40.6,40.6,40.6,551,39.86,3481
2026-05-21 12:00:00,40.6,40.6,40.6,40.6,1701,39.86,3481
2026-05-21 12:05:00,40.6,40.6,40.6,40.6,568,39.86,3481
2026-05-21 12:10:00,40.6,40.6,40.6,40.6,503,39.86,3481
2026-05-21 12:15:00,40.6,40.6,40.6,40.6,876,39.87,3481
2026-05-21 12:20:00,40.6,40.6,40.6,40.6,389,39.87,3481
2026-05-21 12:25:00,40.6,40.6,40.6,40.6,548,39.87,3481
2026-05-21 12:30:00,40.6,40.6,40.6,40.6,615,39.87,3481
2026-05-21 12:35:00,40.6,40.6,40.6,40.6,643,39.87,3481
2026-05-21 12:40:00,40.6,40.6,40.6,40.6,871,39.87,3481
2026-05-21 12:45:00,40.6,40.6,40.6,40.6,523,39.87,3481
2026-05-21 12:50:00,40.6,40.6,40.6,40.6,398,39.87,3481
2026-05-21 12:55:00,40.6,40.6,40.6,40.6,535,39.87,3481
2026-05-21 13:00:00,40.6,40.6,40.6,40.6,489,39.87,3481
2026-05-21 13:05:00,40.6,40.6,40.6,40.6,854,39.87,3481
2026-05-21 13:10:00,40.6,40.6,40.6,40.6,925,39.88,3481
2026-05-21 13:15:00,40.6,40.6,40.6,40.6,1038,39.88,3481
2026-05-21 13:20:00,40.6,40.6,40.6,40.6,1109,39.88,3481
2026-05-21 13:30:00,40.6,40.6,40.6,40.6,2064,39.88,3481
2026-05-22 09:00:00,42.45,43.9,42.35,43.5,151778,43.13,3481
2026-05-22 09:05:00,43.45,43.75,43.05,43.7,44073,43.21,3481
2026-05-22 09:10:00,43.65,44.65,43.5,44.65,118805,43.63,3481
2026-05-22 09:15:00,44.65,44.65,44.65,44.65,26838,43.71,3481
2026-05-22 09:20:00,44.65,44.65,44.65,44.65,6253,43.73,3481
2026-05-22 09:25:00,44.65,44.65,44.65,44.65,3707,43.74,3481
2026-05-22 09:30:00,44.65,44.65,44.65,44.65,2012,43.75,3481
2026-05-22 09:35:00,44.65,44.65,44.65,44.65,1621,43.75,3481
2026-05-22 09:40:00,44.65,44.65,44.65,44.65,1424,43.75,3481
2026-05-22 09:45:00,44.65,44.65,44.65,44.65,2724,43.76,3481
2026-05-22 09:50:00,44.65,44.65,44.65,44.65,1020,43.76,3481
2026-05-22 09:55:00,44.65,44.65,44.65,44.65,864,43.76,3481
2026-05-22 10:00:00,44.65,44.65,44.65,44.65,1128,43.77,3481
2026-05-22 10:05:00,44.65,44.65,44.65,44.65,695,43.77,3481
2026-05-22 10:10:00,44.65,44.65,44.65,44.65,1310,43.77,3481
2026-05-22 10:15:00,44.65,44.65,44.65,44.65,772,43.77,3481
2026-05-22 10:20:00,44.65,44.65,44.65,44.65,651,43.78,3481
2026-05-22 10:25:00,44.65,44.65,44.65,44.65,720,43.78,3481
2026-05-22 10:30:00,44.65,44.65,44.65,44.65,566,43.78,3481
2026-05-22 10:35:00,44.65,44.65,44.65,44.65,755,43.78,3481
2026-05-22 10:40:00,44.65,44.65,44.65,44.65,585,43.78,3481
2026-05-22 10:45:00,44.65,44.65,44.65,44.65,447,43.78,3481
2026-05-22 10:50:00,44.65,44.65,44.65,44.65,439,43.78,3481
2026-05-22 10:55:00,44.65,44.65,44.65,44.65,618,43.79,3481
2026-05-22 11:00:00,44.65,44.65,44.65,44.65,369,43.79,3481
2026-05-22 11:05:00,44.65,44.65,44.65,44.65,460,43.79,3481
2026-05-22 11:10:00,44.65,44.65,44.65,44.65,1087,43.79,3481
2026-05-22 11:15:00,44.65,44.65,44.65,44.65,524,43.79,3481
2026-05-22 11:20:00,44.65,44.65,44.65,44.65,372,43.79,3481
2026-05-22 11:25:00,44.65,44.65,44.65,44.65,472,43.79,3481
2026-05-22 11:30:00,44.65,44.65,44.65,44.65,481,43.79,3481
2026-05-22 11:35:00,44.65,44.65,44.65,44.65,549,43.8,3481
2026-05-22 11:40:00,44.65,44.65,44.65,44.65,328,43.8,3481
2026-05-22 11:45:00,44.65,44.65,44.65,44.65,359,43.8,3481
2026-05-22 11:50:00,44.65,44.65,44.65,44.65,499,43.8,3481
2026-05-22 11:55:00,44.65,44.65,44.65,44.65,386,43.8,3481
2026-05-22 12:00:00,44.65,44.65,44.65,44.65,405,43.8,3481
2026-05-22 12:05:00,44.65,44.65,44.65,44.65,523,43.8,3481
2026-05-22 12:10:00,44.65,44.65,44.65,44.65,448,43.8,3481
2026-05-22 12:15:00,44.65,44.65,44.65,44.65,652,43.8,3481
2026-05-22 12:20:00,44.65,44.65,44.65,44.65,670,43.8,3481
2026-05-22 12:25:00,44.65,44.65,44.65,44.65,594,43.81,3481
2026-05-22 12:30:00,44.65,44.65,44.65,44.65,420,43.81,3481
2026-05-22 12:35:00,44.65,44.65,44.65,44.65,387,43.81,3481
2026-05-22 12:40:00,44.65,44.65,44.65,44.65,443,43.81,3481
2026-05-22 12:45:00,44.65,44.65,44.65,44.65,555,43.81,3481
2026-05-22 12:50:00,44.65,44.65,44.65,44.65,362,43.81,3481
2026-05-22 12:55:00,44.65,44.65,44.65,44.65,490,43.81,3481
2026-05-22 13:00:00,44.65,44.65,44.65,44.65,443,43.81,3481
2026-05-22 13:05:00,44.65,44.65,44.65,44.65,568,43.81,3481
2026-05-22 13:10:00,44.65,44.65,44.65,44.65,479,43.82,3481
2026-05-22 13:15:00,44.65,44.65,44.65,44.65,449,43.82,3481
2026-05-22 13:20:00,44.65,44.65,44.65,44.65,1023,43.82,3481
2026-05-22 13:30:00,44.65,44.65,44.65,44.65,1096,43.82,3481
2026-05-25 09:00:00,49.1,49.1,49.1,49.1,46643,49.1,3481
2026-05-25 09:05:00,49.1,49.1,49.1,49.1,4057,49.1,3481
2026-05-25 09:10:00,49.1,49.1,49.1,49.1,1900,49.1,3481
2026-05-25 09:15:00,49.1,49.1,49.1,49.1,1484,49.1,3481
2026-05-25 09:20:00,49.1,49.1,49.1,49.1,855,49.1,3481
2026-05-25 09:25:00,49.1,49.1,49.1,49.1,702,49.1,3481
2026-05-25 09:30:00,49.1,49.1,49.1,49.1,936,49.1,3481
2026-05-25 09:35:00,49.1,49.1,49.1,49.1,434,49.1,3481
2026-05-25 09:40:00,49.1,49.1,49.1,49.1,633,49.1,3481
2026-05-25 09:45:00,49.1,49.1,49.1,49.1,955,49.1,3481
2026-05-25 09:50:00,49.1,49.1,49.1,49.1,261,49.1,3481
2026-05-25 09:55:00,49.1,49.1,49.1,49.1,349,49.1,3481
2026-05-25 10:00:00,49.1,49.1,49.1,49.1,254,49.1,3481
2026-05-25 10:05:00,49.1,49.1,49.1,49.1,346,49.1,3481
2026-05-25 10:10:00,49.1,49.1,49.1,49.1,251,49.1,3481
2026-05-25 10:15:00,49.1,49.1,49.1,49.1,161,49.1,3481
2026-05-25 10:20:00,49.1,49.1,49.1,49.1,319,49.1,3481
2026-05-25 10:25:00,49.1,49.1,49.1,49.1,418,49.1,3481
2026-05-25 10:30:00,49.1,49.1,49.1,49.1,144,49.1,3481
2026-05-25 10:35:00,49.1,49.1,49.1,49.1,248,49.1,3481
2026-05-25 10:40:00,49.1,49.1,49.1,49.1,183,49.1,3481
2026-05-25 10:45:00,49.1,49.1,49.1,49.1,110,49.1,3481
2026-05-25 10:50:00,49.1,49.1,49.1,49.1,109,49.1,3481
2026-05-25 10:55:00,49.1,49.1,49.1,49.1,169,49.1,3481
2026-05-25 11:00:00,49.1,49.1,49.1,49.1,208,49.1,3481
2026-05-25 11:05:00,49.1,49.1,49.1,49.1,115,49.1,3481
2026-05-25 11:10:00,49.1,49.1,49.1,49.1,195,49.1,3481
2026-05-25 11:15:00,49.1,49.1,49.1,49.1,112,49.1,3481
2026-05-25 11:20:00,49.1,49.1,49.1,49.1,147,49.1,3481
2026-05-25 11:25:00,49.1,49.1,49.1,49.1,112,49.1,3481
2026-05-25 11:30:00,49.1,49.1,49.1,49.1,167,49.1,3481
2026-05-25 11:35:00,49.1,49.1,49.1,49.1,100,49.1,3481
2026-05-25 11:40:00,49.1,49.1,49.1,49.1,124,49.1,3481
2026-05-25 11:45:00,49.1,49.1,49.1,49.1,121,49.1,3481
2026-05-25 11:50:00,49.1,49.1,49.1,49.1,120,49.1,3481
2026-05-25 11:55:00,49.1,49.1,49.1,49.1,95,49.1,3481
2026-05-25 12:00:00,49.1,49.1,49.1,49.1,257,49.1,3481
2026-05-25 12:05:00,49.1,49.1,49.1,49.1,97,49.1,3481
2026-05-25 12:10:00,49.1,49.1,49.1,49.1,185,49.1,3481
2026-05-25 12:15:00,49.1,49.1,49.1,49.1,113,49.1,3481
2026-05-25 12:20:00,49.1,49.1,49.1,49.1,156,49.1,3481
2026-05-25 12:25:00,49.1,49.1,49.1,49.1,132,49.1,3481
2026-05-25 12:30:00,49.1,49.1,49.1,49.1,181,49.1,3481
2026-05-25 12:35:00,49.1,49.1,49.1,49.1,108,49.1,3481
2026-05-25 12:40:00,49.1,49.1,49.1,49.1,399,49.1,3481
2026-05-25 12:45:00,49.1,49.1,49.1,49.1,104,49.1,3481
2026-05-25 12:50:00,49.1,49.1,49.1,49.1,108,49.1,3481
2026-05-25 12:55:00,49.1,49.1,49.1,49.1,217,49.1,3481
2026-05-25 13:00:00,49.1,49.1,49.1,49.1,206,49.1,3481
2026-05-25 13:05:00,49.1,49.1,49.1,49.1,213,49.1,3481
2026-05-25 13:10:00,49.1,49.1,49.1,49.1,243,49.1,3481
2026-05-25 13:15:00,49.1,49.1,49.1,49.1,184,49.1,3481
2026-05-25 13:20:00,49.1,49.1,49.1,49.1,212,49.1,3481
2026-05-25 13:30:00,49.1,49.1,49.1,49.1,593,49.1,3481
2026-05-26 09:00:00,52.0,52.2,50.3,51.0,228024,51.63,3481
2026-05-26 09:05:00,51.0,51.1,48.25,48.45,95964,51.04,3481
2026-05-26 09:10:00,48.35,50.0,48.25,50.0,90529,50.59,3481
2026-05-26 09:15:00,50.2,50.3,49.0,49.0,74897,50.48,3481
2026-05-26 09:20:00,49.0,49.35,48.45,49.05,56340,50.31,3481
2026-05-26 09:25:00,49.1,49.1,47.15,47.25,74295,50.05,3481
2026-05-26 09:30:00,47.25,47.5,46.25,47.25,70554,49.74,3481
2026-05-26 09:35:00,47.2,47.35,46.0,46.0,56511,49.5,3481
2026-05-26 09:40:00,46.0,46.6,45.6,46.6,66053,49.22,3481
2026-05-26 09:45:00,46.55,47.0,46.15,46.65,33510,49.11,3481
2026-05-26 09:50:00,46.65,47.2,46.6,46.9,24673,49.05,3481
2026-05-26 09:55:00,46.9,46.95,45.7,45.75,34341,48.94,3481
2026-05-26 10:00:00,45.75,45.8,45.3,45.4,42469,48.79,3481
2026-05-26 10:05:00,45.35,45.9,45.25,45.7,22874,48.72,3481
2026-05-26 10:10:00,45.75,46.1,45.55,45.7,17510,48.66,3481
2026-05-26 10:15:00,45.7,46.3,45.65,46.15,15124,48.62,3481
2026-05-26 10:20:00,46.1,46.3,45.85,45.85,19338,48.58,3481
2026-05-26 10:25:00,45.9,46.3,45.8,46.25,9854,48.55,3481
2026-05-26 10:30:00,46.3,46.5,46.15,46.45,9558,48.53,3481
2026-05-26 10:35:00,46.45,46.5,46.2,46.4,7720,48.52,3481
2026-05-26 10:40:00,46.4,46.45,45.8,45.8,16992,48.48,3481
2026-05-26 10:45:00,45.9,45.95,45.5,45.6,14757,48.44,3481
2026-05-26 10:50:00,45.6,45.7,45.4,45.55,17597,48.39,3481
2026-05-26 10:55:00,45.55,45.7,45.5,45.55,6340,48.38,3481
2026-05-26 11:00:00,45.55,45.8,45.5,45.8,7093,48.36,3481
2026-05-26 11:05:00,45.8,45.95,45.7,45.8,5432,48.35,3481
2026-05-26 11:10:00,45.8,45.85,45.5,45.55,6644,48.33,3481
2026-05-26 11:15:00,45.55,45.7,45.4,45.7,12032,48.3,3481
2026-05-26 11:20:00,45.7,46.0,45.7,45.85,7239,48.29,3481
2026-05-26 11:25:00,45.85,46.2,45.8,46.1,9236,48.27,3481
2026-05-26 11:30:00,46.1,46.25,46.0,46.05,9533,48.25,3481
2026-05-26 11:35:00,46.05,46.05,45.8,45.9,5771,48.24,3481
2026-05-26 11:40:00,45.9,45.95,45.6,45.65,7386,48.22,3481
2026-05-26 11:45:00,45.7,45.7,45.5,45.6,7311,48.21,3481
2026-05-26 11:50:00,45.6,45.6,45.05,45.35,30601,48.13,3481
2026-05-26 11:55:00,45.4,45.7,45.3,45.5,6786,48.12,3481
2026-05-26 12:00:00,45.5,45.7,45.3,45.35,6310,48.11,3481
2026-05-26 12:05:00,45.35,45.5,45.15,45.45,8376,48.09,3481
2026-05-26 12:10:00,45.45,45.7,45.3,45.7,6189,48.07,3481
2026-05-26 12:15:00,45.7,45.75,45.5,45.65,5945,48.06,3481
2026-05-26 12:20:00,45.65,45.7,45.5,45.55,4902,48.05,3481
2026-05-26 12:25:00,45.6,45.7,45.4,45.65,9240,48.03,3481
2026-05-26 12:30:00,45.65,45.85,45.55,45.85,7412,48.02,3481
2026-05-26 12:35:00,45.85,45.95,45.6,45.65,8047,48.01,3481
2026-05-26 12:40:00,45.65,45.7,45.45,45.5,9137,47.99,3481
2026-05-26 12:45:00,45.5,45.5,45.1,45.1,17057,47.95,3481
2026-05-26 12:50:00,45.15,45.25,45.05,45.05,14602,47.92,3481
2026-05-26 12:55:00,45.1,45.1,44.65,44.7,46696,47.82,3481
2026-05-26 13:00:00,44.75,45.1,44.65,45.05,17382,47.78,3481
2026-05-26 13:05:00,45.05,45.5,45.0,45.45,10455,47.76,3481
2026-05-26 13:10:00,45.45,45.45,45.3,45.35,9818,47.75,3481
2026-05-26 13:15:00,45.35,45.4,45.15,45.4,12731,47.73,3481
2026-05-26 13:20:00,45.4,45.65,45.3,45.6,19130,47.69,3481
2026-05-26 13:30:00,45.7,45.7,45.7,45.7,17220,47.67,3481
2026-05-27 09:00:00,47.0,48.45,46.6,47.75,109774,47.57,3481
2026-05-27 09:05:00,47.7,47.9,46.35,46.6,56125,47.47,3481
2026-05-27 09:10:00,46.5,46.75,45.65,46.0,55784,47.12,3481
2026-05-27 09:15:00,46.0,46.7,45.7,46.3,33181,47.01,3481
2026-05-27 09:20:00,46.25,46.6,46.1,46.35,16562,46.97,3481
2026-05-27 09:25:00,46.3,46.75,45.8,45.8,24808,46.91,3481
2026-05-27 09:30:00,45.85,45.85,44.45,44.45,61923,46.6,3481
2026-05-27 09:35:00,44.5,45.4,44.45,45.0,27722,46.48,3481
2026-05-27 09:40:00,45.05,45.3,44.8,44.9,21800,46.41,3481
2026-05-27 09:45:00,44.95,46.2,44.9,46.1,25377,46.37,3481
2026-05-27 09:50:00,46.1,46.75,45.6,46.7,32474,46.36,3481
2026-05-27 09:55:00,46.65,47.0,46.2,46.8,32705,46.39,3481
2026-05-27 10:00:00,46.8,47.95,46.8,47.85,67518,46.53,3481
2026-05-27 10:05:00,47.9,48.3,47.55,48.25,57377,46.66,3481
2026-05-27 10:10:00,48.25,48.75,47.7,48.1,56551,46.81,3481
2026-05-27 10:15:00,48.1,48.2,47.3,47.5,22896,46.83,3481
2026-05-27 10:20:00,47.5,47.85,47.15,47.8,17376,46.85,3481
2026-05-27 10:25:00,47.8,48.25,47.8,47.95,18335,46.88,3481
2026-05-27 10:30:00,47.9,48.45,47.8,48.3,18158,46.91,3481
2026-05-27 10:35:00,48.3,48.45,47.9,48.3,13445,46.93,3481
2026-05-27 10:40:00,48.25,48.75,48.1,48.5,27928,46.99,3481
2026-05-27 10:45:00,48.45,49.2,48.4,49.15,32679,47.06,3481
2026-05-27 10:50:00,49.15,50.2,49.1,49.5,113159,47.4,3481
2026-05-27 10:55:00,49.5,49.65,49.15,49.2,19735,47.45,3481
2026-05-27 11:00:00,49.2,49.25,48.35,48.4,31135,47.49,3481
2026-05-27 11:05:00,48.4,49.6,48.35,49.5,16106,47.51,3481
2026-05-27 11:10:00,49.5,49.6,49.35,49.45,7861,47.53,3481
2026-05-27 11:15:00,49.4,50.2,49.35,49.85,37873,47.62,3481
2026-05-27 11:20:00,49.8,49.85,49.3,49.45,9728,47.63,3481
2026-05-27 11:25:00,49.4,49.45,49.1,49.25,8256,47.65,3481
2026-05-27 11:30:00,49.25,49.35,48.8,49.3,11244,47.66,3481
2026-05-27 11:35:00,49.35,49.7,49.35,49.45,6084,47.67,3481
2026-05-27 11:40:00,49.4,49.65,49.4,49.4,4698,47.68,3481
2026-05-27 11:45:00,49.35,49.45,49.25,49.25,4394,47.69,3481
2026-05-27 11:50:00,49.25,49.85,49.2,49.65,8523,47.7,3481
2026-05-27 11:55:00,49.7,50.0,49.6,49.8,11060,47.72,3481
2026-05-27 12:00:00,49.85,49.85,49.35,49.45,7077,47.73,3481
2026-05-27 12:05:00,49.45,49.6,49.3,49.4,4204,47.74,3481
2026-05-27 12:10:00,49.35,49.45,49.0,49.05,10283,47.75,3481
2026-05-27 12:15:00,49.05,49.1,48.4,48.5,23021,47.77,3481
2026-05-27 12:20:00,48.45,48.6,48.2,48.35,15334,47.78,3481
2026-05-27 12:25:00,48.35,48.45,48.1,48.3,14876,47.79,3481
2026-05-27 12:30:00,48.25,48.7,48.0,48.65,15092,47.79,3481
2026-05-27 12:35:00,48.6,48.7,48.3,48.4,8415,47.8,3481
2026-05-27 12:40:00,48.4,48.5,47.95,48.35,10629,47.8,3481
2026-05-27 12:45:00,48.4,49.0,48.3,48.95,8857,47.81,3481
2026-05-27 12:50:00,49.0,49.15,48.85,49.0,9991,47.82,3481
2026-05-27 12:55:00,49.0,49.2,48.85,49.05,7034,47.82,3481
2026-05-27 13:00:00,49.05,49.1,48.85,49.0,6052,47.83,3481
2026-05-27 13:05:00,49.05,49.8,49.0,49.75,14140,47.84,3481
2026-05-27 13:10:00,49.75,50.2,49.6,50.2,68908,47.96,3481
2026-05-27 13:15:00,50.2,50.2,50.2,50.2,11377,47.98,3481
2026-05-27 13:20:00,50.2,50.2,50.2,50.2,4180,47.98,3481
2026-05-27 13:30:00,50.2,50.2,50.2,50.2,4005,47.99,3481
2026-05-28 09:00:00,50.2,51.9,49.4,51.5,137611,50.54,3481
2026-05-28 09:05:00,51.5,52.2,50.0,50.2,93517,50.86,3481
2026-05-28 09:10:00,50.2,50.8,49.9,50.6,49697,50.76,3481
2026-05-28 09:15:00,50.6,51.6,50.3,51.3,47371,50.8,3481
2026-05-28 09:20:00,51.3,51.4,50.5,50.9,21929,50.81,3481
2026-05-28 09:25:00,51.0,51.5,50.7,50.8,21817,50.82,3481
2026-05-28 09:30:00,50.8,51.0,50.4,50.5,21134,50.81,3481
2026-05-28 09:35:00,50.4,50.7,50.0,50.4,28619,50.77,3481
2026-05-28 09:40:00,50.4,50.6,50.2,50.4,13013,50.76,3481
2026-05-28 09:45:00,50.5,50.6,50.4,50.6,6488,50.76,3481
2026-05-28 09:50:00,50.6,50.9,50.5,50.8,12570,50.76,3481
2026-05-28 09:55:00,50.8,51.3,50.6,50.8,22818,50.77,3481
2026-05-28 10:00:00,50.9,50.9,50.4,50.7,11311,50.77,3481
2026-05-28 10:05:00,50.7,50.7,50.1,50.1,20365,50.75,3481
2026-05-28 10:10:00,50.1,50.2,49.5,49.55,60372,50.66,3481
2026-05-28 10:15:00,49.55,49.95,49.4,49.9,30759,50.6,3481
2026-05-28 10:20:00,49.95,49.95,49.45,49.55,18801,50.57,3481
2026-05-28 10:25:00,49.55,49.75,49.1,49.25,28370,50.52,3481
2026-05-28 10:30:00,49.25,49.7,49.2,49.55,11203,50.5,3481
2026-05-28 10:35:00,49.55,49.6,49.3,49.55,8096,50.49,3481
2026-05-28 10:40:00,49.55,49.55,49.35,49.45,5826,50.48,3481
2026-05-28 10:45:00,49.45,49.6,49.15,49.55,15332,50.45,3481
2026-05-28 10:50:00,49.55,49.7,49.4,49.45,8415,50.44,3481
2026-05-28 10:55:00,49.5,49.6,49.35,49.4,5143,50.44,3481
2026-05-28 11:00:00,49.4,49.65,49.35,49.65,3278,50.43,3481
2026-05-28 11:05:00,49.6,49.7,49.5,49.55,4842,50.43,3481
2026-05-28 11:10:00,49.55,49.55,49.3,49.35,6870,50.42,3481
2026-05-28 11:15:00,49.35,49.4,49.1,49.1,11260,50.4,3481
2026-05-28 11:20:00,49.1,49.15,48.5,48.55,41926,50.31,3481
2026-05-28 11:25:00,48.55,48.65,48.05,48.05,28867,50.24,3481
2026-05-28 11:30:00,48.1,48.15,47.3,47.3,45527,50.11,3481
2026-05-28 11:35:00,47.3,47.55,46.2,46.6,49935,49.93,3481
2026-05-28 11:40:00,46.65,47.55,46.6,47.25,35105,49.82,3481
2026-05-28 11:45:00,47.3,48.25,47.2,48.05,25219,49.77,3481
2026-05-28 11:50:00,48.05,48.05,47.5,47.65,12785,49.75,3481
2026-05-28 11:55:00,47.65,47.75,47.05,47.1,14491,49.71,3481
2026-05-28 12:00:00,47.05,47.45,47.0,47.25,9960,49.69,3481
2026-05-28 12:05:00,47.3,47.45,46.9,47.45,18503,49.64,3481
2026-05-28 12:10:00,47.45,47.5,46.8,46.85,14977,49.6,3481
2026-05-28 12:15:00,46.85,46.9,46.6,46.7,13284,49.57,3481
2026-05-28 12:20:00,46.65,46.95,46.55,46.9,9857,49.54,3481
2026-05-28 12:25:00,46.9,47.0,46.7,46.95,10445,49.51,3481
2026-05-28 12:30:00,46.95,47.15,46.65,47.15,10103,49.49,3481
2026-05-28 12:35:00,47.1,47.35,47.0,47.0,11026,49.47,3481
2026-05-28 12:40:00,47.0,47.2,47.0,47.05,6369,49.45,3481
2026-05-28 12:45:00,47.05,47.1,46.85,47.0,13391,49.42,3481
2026-05-28 12:50:00,47.0,47.0,46.8,46.85,8028,49.4,3481
2026-05-28 12:55:00,46.85,46.85,46.5,46.7,24081,49.34,3481
2026-05-28 13:00:00,46.7,46.8,46.3,46.4,21031,49.29,3481
2026-05-28 13:05:00,46.4,46.95,46.35,46.95,10570,49.27,3481
2026-05-28 13:10:00,46.95,47.15,46.9,47.1,13071,49.24,3481
2026-05-28 13:15:00,47.1,47.1,46.65,46.8,21673,49.2,3481
2026-05-28 13:20:00,46.75,46.8,46.5,46.55,25409,49.15,3481
2026-05-28 13:30:00,46.4,46.4,46.4,46.4,25636,49.09,3481
2026-05-29 09:00:00,48.55,49.2,47.65,48.1,78611,48.56,3481
2026-05-29 09:05:00,48.05,48.8,47.75,48.75,38049,48.46,3481
2026-05-29 09:10:00,48.8,49.5,48.6,49.45,55176,48.65,3481
2026-05-29 09:15:00,49.45,50.0,49.3,50.0,59043,48.91,3481
2026-05-29 09:20:00,50.0,50.1,49.65,50.0,42116,49.07,3481
2026-05-29 09:25:00,50.0,50.1,49.4,49.6,27923,49.13,3481
2026-05-29 09:30:00,49.65,51.0,49.65,50.2,78524,49.42,3481
2026-05-29 09:35:00,50.3,50.4,49.85,50.1,19002,49.45,3481
2026-05-29 09:40:00,50.1,50.3,49.6,49.65,17361,49.47,3481
2026-05-29 09:45:00,49.7,50.0,49.65,49.85,9642,49.48,3481
2026-05-29 09:50:00,49.85,49.85,48.9,49.55,26833,49.47,3481
2026-05-29 09:55:00,49.55,49.7,49.25,49.45,9343,49.47,3481
2026-05-29 10:00:00,49.5,49.6,49.2,49.5,6876,49.47,3481
2026-05-29 10:05:00,49.5,50.2,49.4,49.85,16451,49.49,3481
2026-05-29 10:10:00,49.9,49.9,49.7,49.7,3253,49.49,3481
2026-05-29 10:15:00,49.7,49.95,49.65,49.9,4122,49.49,3481
2026-05-29 10:20:00,49.95,50.0,49.7,49.8,4547,49.49,3481
2026-05-29 10:25:00,49.75,49.95,49.65,49.8,5037,49.5,3481
2026-05-29 10:30:00,49.8,49.95,49.75,49.9,4980,49.5,3481
2026-05-29 10:35:00,49.9,49.95,49.7,49.8,3699,49.5,3481
2026-05-29 10:40:00,49.8,49.8,49.65,49.7,4078,49.51,3481
2026-05-29 10:45:00,49.7,49.75,49.5,49.6,5666,49.51,3481
2026-05-29 10:50:00,49.55,49.6,49.0,49.25,12100,49.5,3481
2026-05-29 10:55:00,49.25,49.45,49.2,49.3,4873,49.5,3481
2026-05-29 11:00:00,49.3,49.65,49.2,49.65,4179,49.5,3481
2026-05-29 11:05:00,49.65,50.0,49.55,50.0,10230,49.51,3481
2026-05-29 11:10:00,49.95,50.1,49.8,50.0,14630,49.52,3481
2026-05-29 11:15:00,50.0,50.2,49.8,50.2,7842,49.53,3481
2026-05-29 11:20:00,50.1,50.5,50.1,50.2,12846,49.54,3481
2026-05-29 11:25:00,50.2,50.4,50.1,50.2,5629,49.55,3481
2026-05-29 11:30:00,50.2,50.3,50.0,50.1,3047,49.55,3481
2026-05-29 11:35:00,50.1,50.2,50.0,50.2,4540,49.56,3481
2026-05-29 11:40:00,50.1,50.2,50.1,50.1,2477,49.56,3481
2026-05-29 11:45:00,50.1,50.5,50.1,50.2,10198,49.57,3481
2026-05-29 11:50:00,50.2,50.5,50.1,50.4,5799,49.58,3481
2026-05-29 11:55:00,50.4,50.9,50.2,50.8,23816,49.62,3481
2026-05-29 12:00:00,50.8,50.9,50.4,50.4,14329,49.64,3481
2026-05-29 12:05:00,50.4,50.6,50.3,50.5,4373,49.65,3481
2026-05-29 12:10:00,50.5,50.6,50.3,50.4,3079,49.65,3481
2026-05-29 12:15:00,50.4,50.5,50.2,50.4,5272,49.66,3481
2026-05-29 12:20:00,50.4,50.7,50.4,50.6,6208,49.66,3481
2026-05-29 12:25:00,50.7,50.9,50.6,50.8,17847,49.69,3481
2026-05-29 12:30:00,50.9,50.9,50.6,50.7,5605,49.7,3481
2026-05-29 12:35:00,50.7,50.8,50.7,50.8,3256,49.71,3481
2026-05-29 12:40:00,50.8,50.9,50.7,50.9,7671,49.72,3481
2026-05-29 12:45:00,50.8,50.9,50.7,50.8,5963,49.73,3481
2026-05-29 12:50:00,50.8,50.9,50.7,50.9,6945,49.74,3481
2026-05-29 12:55:00,50.8,51.0,50.7,50.8,48933,49.81,3481
2026-05-29 13:00:00,50.8,51.0,50.7,51.0,90960,49.94,3481
2026-05-29 13:05:00,51.0,51.0,51.0,51.0,7267,49.95,3481
2026-05-29 13:10:00,51.0,51.0,51.0,51.0,3409,49.95,3481
2026-05-29 13:15:00,51.0,51.0,51.0,51.0,3169,49.95,3481
2026-05-29 13:20:00,51.0,51.0,51.0,51.0,3692,49.96,3481
2026-05-29 13:30:00,51.0,51.0,51.0,51.0,11094,49.97,3481
2026-06-01 09:00:00,54.5,54.9,53.7,54.3,145299,54.38,3481
2026-06-01 09:05:00,54.4,55.5,54.1,55.5,68121,54.57,3481
2026-06-01 09:10:00,55.5,55.5,54.0,54.3,47740,54.6,3481
2026-06-01 09:15:00,54.4,55.0,53.9,54.7,31431,54.57,3481
2026-06-01 09:20:00,54.7,54.9,54.4,54.6,17548,54.57,3481
2026-06-01 09:25:00,54.6,56.1,54.6,56.1,108667,54.89,3481
2026-06-01 09:30:00,56.1,56.1,56.1,56.1,14618,54.93,3481
2026-06-01 09:35:00,56.1,56.1,56.1,56.1,4538,54.94,3481
2026-06-01 09:40:00,56.1,56.1,56.1,56.1,2527,54.95,3481
2026-06-01 09:45:00,56.1,56.1,56.1,56.1,1947,54.95,3481
2026-06-01 09:50:00,56.1,56.1,56.1,56.1,1948,54.96,3481
2026-06-01 09:55:00,56.1,56.1,56.1,56.1,1222,54.96,3481
2026-06-01 10:00:00,56.1,56.1,56.1,56.1,1150,54.96,3481
2026-06-01 10:05:00,56.1,56.1,56.1,56.1,1004,54.97,3481
2026-06-01 10:10:00,56.1,56.1,56.1,56.1,1069,54.97,3481
2026-06-01 10:15:00,56.1,56.1,56.1,56.1,612,54.97,3481
2026-06-01 10:20:00,56.1,56.1,56.1,56.1,2086,54.98,3481
2026-06-01 10:25:00,56.1,56.1,56.1,56.1,716,54.98,3481
2026-06-01 10:30:00,56.1,56.1,56.1,56.1,519,54.98,3481
2026-06-01 10:35:00,56.1,56.1,56.1,56.1,672,54.98,3481
2026-06-01 10:40:00,56.1,56.1,56.1,56.1,919,54.98,3481
2026-06-01 10:45:00,56.1,56.1,56.1,56.1,987,54.99,3481
2026-06-01 10:50:00,56.1,56.1,56.1,56.1,662,54.99,3481
2026-06-01 10:55:00,56.1,56.1,56.1,56.1,1978,54.99,3481
2026-06-01 11:00:00,56.1,56.1,56.1,56.1,580,54.99,3481
2026-06-01 11:05:00,56.1,56.1,56.1,56.1,917,55.0,3481
2026-06-01 11:10:00,56.1,56.1,56.1,56.1,412,55.0,3481
2026-06-01 11:15:00,56.1,56.1,56.1,56.1,677,55.0,3481
2026-06-01 11:20:00,56.1,56.1,56.1,56.1,548,55.0,3481
2026-06-01 11:25:00,56.1,56.1,56.1,56.1,536,55.0,3481
2026-06-01 11:30:00,56.1,56.1,56.1,56.1,337,55.0,3481
2026-06-01 11:35:00,56.1,56.1,56.1,56.1,704,55.0,3481
2026-06-01 11:40:00,56.1,56.1,56.1,56.1,956,55.01,3481
2026-06-01 11:45:00,56.1,56.1,56.1,56.1,937,55.01,3481
2026-06-01 11:50:00,56.1,56.1,56.1,56.1,448,55.01,3481
2026-06-01 11:55:00,56.1,56.1,56.1,56.1,377,55.01,3481
2026-06-01 12:00:00,56.1,56.1,56.1,56.1,767,55.01,3481
2026-06-01 12:05:00,56.1,56.1,56.1,56.1,291,55.01,3481
2026-06-01 12:10:00,56.1,56.1,56.1,56.1,366,55.01,3481
2026-06-01 12:15:00,56.1,56.1,56.1,56.1,302,55.01,3481
2026-06-01 12:20:00,56.1,56.1,56.1,56.1,365,55.02,3481
2026-06-01 12:25:00,56.1,56.1,56.1,56.1,338,55.02,3481
2026-06-01 12:30:00,56.1,56.1,56.1,56.1,421,55.02,3481
2026-06-01 12:35:00,56.1,56.1,56.1,56.1,416,55.02,3481
2026-06-01 12:40:00,56.1,56.1,56.1,56.1,434,55.02,3481
2026-06-01 12:45:00,56.1,56.1,56.1,56.1,394,55.02,3481
2026-06-01 12:50:00,56.1,56.1,56.1,56.1,498,55.02,3481
2026-06-01 12:55:00,56.1,56.1,56.1,56.1,341,55.02,3481
2026-06-01 13:00:00,56.1,56.1,56.1,56.1,637,55.02,3481
2026-06-01 13:05:00,56.1,56.1,56.1,56.1,544,55.02,3481
2026-06-01 13:10:00,56.1,56.1,56.1,56.1,534,55.03,3481
2026-06-01 13:15:00,56.1,56.1,56.1,56.1,1101,55.03,3481
2026-06-01 13:20:00,56.1,56.1,56.1,56.1,904,55.03,3481
2026-06-01 13:30:00,56.1,56.1,56.1,56.1,944,55.03,3481
2026-06-02 09:00:00,58.0,58.8,56.6,57.0,158679,57.85,3481
2026-06-02 09:05:00,57.0,57.3,55.5,56.2,90920,57.42,3481
2026-06-02 09:10:00,56.2,56.6,55.3,56.3,59210,57.13,3481
2026-06-02 09:15:00,56.3,56.3,55.2,55.4,57282,56.91,3481
2026-06-02 09:20:00,55.5,56.0,54.6,54.7,54125,56.68,3481
2026-06-02 09:25:00,54.7,55.3,54.1,55.2,46251,56.47,3481
2026-06-02 09:30:00,55.2,56.0,54.8,55.9,42766,56.39,3481
2026-06-02 09:35:00,55.9,56.4,55.0,55.0,39888,56.35,3481
2026-06-02 09:40:00,55.0,55.2,54.7,55.0,23266,56.3,3481
2026-06-02 09:45:00,54.9,55.0,54.3,54.6,27250,56.22,3481
2026-06-02 09:50:00,54.5,55.2,54.5,54.9,15236,56.18,3481
2026-06-02 09:55:00,55.0,55.0,54.5,54.8,10439,56.16,3481
2026-06-02 10:00:00,54.8,55.4,54.6,55.4,9728,56.14,3481
2026-06-02 10:05:00,55.3,55.7,54.9,55.6,17832,56.12,3481
2026-06-02 10:10:00,55.5,55.8,55.2,55.6,9200,56.11,3481
2026-06-02 10:15:00,55.6,55.8,55.2,55.3,9830,56.1,3481
2026-06-02 10:20:00,55.2,55.8,55.2,55.7,8205,56.09,3481
2026-06-02 10:25:00,55.7,55.8,55.4,55.7,7297,56.09,3481
2026-06-02 10:30:00,55.7,56.2,55.5,55.7,20544,56.08,3481
2026-06-02 10:35:00,55.7,56.0,55.5,55.6,8632,56.08,3481
2026-06-02 10:40:00,55.6,55.9,55.5,55.7,4855,56.08,3481
2026-06-02 10:45:00,55.7,55.8,55.2,55.2,8627,56.07,3481
2026-06-02 10:50:00,55.2,55.3,54.8,54.9,15174,56.05,3481
2026-06-02 10:55:00,54.8,55.1,54.7,54.9,11985,56.03,3481
2026-06-02 11:00:00,54.9,55.2,54.8,55.2,3654,56.02,3481
2026-06-02 11:05:00,55.1,55.2,54.8,54.9,6280,56.02,3481
2026-06-02 11:10:00,54.9,55.0,54.8,54.9,3942,56.01,3481
2026-06-02 11:15:00,54.9,54.9,54.3,54.4,24471,55.97,3481
2026-06-02 11:20:00,54.5,54.5,54.1,54.2,19100,55.93,3481
2026-06-02 11:25:00,54.2,54.3,53.6,54.2,44703,55.82,3481
2026-06-02 11:30:00,54.2,54.5,54.0,54.2,12199,55.8,3481
2026-06-02 11:35:00,54.2,54.8,54.0,54.7,8270,55.79,3481
2026-06-02 11:40:00,54.7,54.9,54.5,54.8,5986,55.78,3481
2026-06-02 11:45:00,54.8,54.8,54.5,54.6,4190,55.78,3481
2026-06-02 11:50:00,54.6,54.7,54.5,54.6,4017,55.77,3481
2026-06-02 11:55:00,54.6,54.8,54.4,54.8,7531,55.76,3481
2026-06-02 12:00:00,54.8,55.1,54.7,55.0,10514,55.75,3481
2026-06-02 12:05:00,55.1,55.3,54.8,54.9,8520,55.75,3481
2026-06-02 12:10:00,54.9,55.1,54.7,55.0,4160,55.74,3481
2026-06-02 12:15:00,55.0,55.1,54.8,55.0,6856,55.74,3481
2026-06-02 12:20:00,55.0,55.1,54.7,54.8,6182,55.73,3481
2026-06-02 12:25:00,54.7,55.0,54.7,55.0,2879,55.73,3481
2026-06-02 12:30:00,55.0,55.1,54.9,55.0,5164,55.72,3481
2026-06-02 12:35:00,54.9,55.2,54.8,55.2,7143,55.72,3481
2026-06-02 12:40:00,55.2,56.2,55.1,56.2,34469,55.72,3481
2026-06-02 12:45:00,56.2,56.9,56.2,56.2,45505,55.76,3481
2026-06-02 12:50:00,56.3,56.6,56.0,56.6,17167,55.77,3481
2026-06-02 12:55:00,56.6,56.6,56.1,56.2,10263,55.78,3481
2026-06-02 13:00:00,56.3,56.3,56.1,56.2,10178,55.78,3481
2026-06-02 13:05:00,56.2,56.2,55.8,56.1,16694,55.78,3481
2026-06-02 13:10:00,56.2,56.3,56.1,56.2,10782,55.79,3481
2026-06-02 13:15:00,56.2,56.4,56.1,56.4,16643,55.8,3481
2026-06-02 13:20:00,56.4,56.4,56.2,56.2,16770,55.8,3481
2026-06-02 13:30:00,56.2,56.2,56.2,56.2,21705,55.81,3481
2026-06-03 09:00:00,57.0,58.3,56.2,56.2,85966,57.38,3481
2026-06-03 09:05:00,56.2,57.4,56.2,57.4,36852,57.22,3481
2026-06-03 09:10:00,57.4,58.5,57.2,58.1,56926,57.46,3481
2026-06-03 09:15:00,58.2,59.5,57.8,59.0,61041,57.8,3481
2026-06-03 09:20:00,59.0,59.1,58.2,58.5,24193,57.87,3481
2026-06-03 09:25:00,58.6,58.7,57.3,58.1,31871,57.86,3481
2026-06-03 09:30:00,58.0,58.5,57.6,58.1,15668,57.88,3481
2026-06-03 09:35:00,58.1,58.2,57.4,57.4,18957,57.86,3481
2026-06-03 09:40:00,57.5,57.5,56.8,57.1,26596,57.81,3481
2026-06-03 09:45:00,57.0,57.1,56.3,57.0,26498,57.73,3481
2026-06-03 09:50:00,57.1,57.7,56.9,57.3,13124,57.72,3481
2026-06-03 09:55:00,57.2,57.8,57.2,57.6,9226,57.71,3481
2026-06-03 10:00:00,57.6,57.7,57.3,57.7,5916,57.71,3481
2026-06-03 10:05:00,57.6,58.2,57.6,57.8,15443,57.72,3481
2026-06-03 10:10:00,57.8,58.1,57.7,57.7,9942,57.72,3481
2026-06-03 10:15:00,57.8,58.6,57.6,58.5,18283,57.74,3481
2026-06-03 10:20:00,58.5,58.5,57.7,58.0,9292,57.75,3481
2026-06-03 10:25:00,58.0,58.0,57.6,57.8,4954,57.75,3481
2026-06-03 10:30:00,57.8,58.9,57.7,58.7,24588,57.79,3481
2026-06-03 10:35:00,58.6,58.8,58.1,58.3,11660,57.81,3481
2026-06-03 10:40:00,58.3,59.2,58.0,59.1,28407,57.86,3481
2026-06-03 10:45:00,59.1,59.4,58.5,58.9,19727,57.91,3481
2026-06-03 10:50:00,59.0,59.1,58.8,59.0,6634,57.92,3481
2026-06-03 10:55:00,58.9,59.0,58.6,59.0,5902,57.93,3481
2026-06-03 11:00:00,59.0,60.3,58.9,60.0,61704,58.11,3481
2026-06-03 11:05:00,60.0,60.1,59.3,59.5,19974,58.16,3481
2026-06-03 11:10:00,59.6,60.1,59.4,59.9,13706,58.19,3481
2026-06-03 11:15:00,60.0,60.0,59.0,59.4,17108,58.22,3481
2026-06-03 11:20:00,59.4,60.0,59.3,59.7,7256,58.24,3481
2026-06-03 11:25:00,59.7,59.9,59.3,59.7,6061,58.25,3481
2026-06-03 11:30:00,59.8,60.4,59.7,60.3,20364,58.3,3481
2026-06-03 11:35:00,60.3,60.3,59.7,59.9,9639,58.33,3481
2026-06-03 11:40:00,59.9,60.0,59.4,59.6,9142,58.34,3481
2026-06-03 11:45:00,59.6,59.8,59.4,59.6,6145,58.35,3481
2026-06-03 11:50:00,59.6,60.0,59.3,59.9,9009,58.37,3481
2026-06-03 11:55:00,59.9,60.3,59.7,60.3,12431,58.4,3481
2026-06-03 12:00:00,60.3,60.5,59.7,59.8,11956,58.42,3481
2026-06-03 12:05:00,59.7,60.1,59.7,60.0,4245,58.43,3481
2026-06-03 12:10:00,60.1,60.2,59.9,59.9,5319,58.44,3481
2026-06-03 12:15:00,59.9,60.2,59.8,60.0,7654,58.46,3481
2026-06-03 12:20:00,60.1,60.2,59.8,60.2,6987,58.47,3481
2026-06-03 12:25:00,60.1,60.2,59.5,59.6,6217,58.48,3481
2026-06-03 12:30:00,59.5,59.8,59.4,59.6,7038,58.49,3481
2026-06-03 12:35:00,59.6,59.6,59.1,59.2,9051,58.5,3481
2026-06-03 12:40:00,59.1,59.6,59.1,59.6,5717,58.51,3481
2026-06-03 12:45:00,59.6,59.6,58.8,58.9,13247,58.52,3481
2026-06-03 12:50:00,59.0,59.0,58.7,58.8,10209,58.52,3481
2026-06-03 12:55:00,58.8,58.8,58.5,58.7,8580,58.52,3481
2026-06-03 13:00:00,58.6,59.2,58.6,59.0,9125,58.53,3481
2026-06-03 13:05:00,59.0,59.5,58.9,59.3,8887,58.53,3481
2026-06-03 13:10:00,59.3,59.4,59.0,59.3,8136,58.54,3481
2026-06-03 13:15:00,59.4,59.5,59.3,59.4,10943,58.55,3481
2026-06-03 13:20:00,59.4,59.9,59.2,59.4,19925,58.57,3481
2026-06-03 13:30:00,59.4,59.4,59.4,59.4,18060,58.59,3481
2026-06-04 09:00:00,56.9,56.9,56.9,56.9,7555,56.9,3481
2026-06-04 09:05:00,56.6,56.6,56.6,56.6,6288,56.76,3481
2026-06-04 09:10:00,56.4,56.4,56.4,56.4,7112,56.64,3481
2026-06-04 09:15:00,56.0,56.0,56.0,56.0,8638,56.45,3481
2026-06-04 09:20:00,55.9,55.9,55.9,55.9,7545,56.34,3481
2026-06-04 09:25:00,56.0,56.0,56.0,56.0,5169,56.3,3481
2026-06-04 09:30:00,56.5,56.5,56.5,56.5,3725,56.32,3481
2026-06-04 09:35:00,57.0,57.0,57.0,57.0,5032,56.38,3481
2026-06-04 09:40:00,56.8,56.8,56.8,56.8,4386,56.42,3481
2026-06-04 09:45:00,56.4,56.4,56.4,56.4,3591,56.42,3481
2026-06-04 09:50:00,56.3,56.3,56.3,56.3,2209,56.41,3481
2026-06-04 09:55:00,56.1,56.1,56.1,56.1,2413,56.4,3481
2026-06-04 10:00:00,56.0,56.0,56.0,56.0,4827,56.37,3481
2026-06-04 10:05:00,55.9,55.9,55.9,55.9,2402,56.35,3481
2026-06-04 10:10:00,55.9,55.9,55.9,55.9,2304,56.34,3481
2026-06-04 10:15:00,55.7,55.7,55.7,55.7,2306,56.32,3481
2026-06-04 10:20:00,55.6,55.6,55.6,55.6,3449,56.29,3481
2026-06-04 10:25:00,55.5,55.5,55.5,55.5,4760,56.24,3481
2026-06-04 10:30:00,55.3,55.3,55.3,55.3,4462,56.2,3481
2026-06-04 10:35:00,55.2,55.2,55.2,55.2,3699,56.16,3481
2026-06-04 10:40:00,55.2,55.2,55.2,55.2,2033,56.14,3481
2026-06-04 10:45:00,55.2,55.2,55.2,55.2,2615,56.11,3481
2026-06-04 10:50:00,55.3,55.3,55.3,55.3,2748,56.09,3481
2026-06-04 10:55:00,55.3,55.3,55.3,55.3,2252,56.07,3481
2026-06-04 11:00:00,55.6,55.6,55.6,55.6,2031,56.06,3481
2026-06-04 11:05:00,56.0,56.0,56.0,56.0,4436,56.06,3481
2026-06-04 11:10:00,56.0,56.0,56.0,56.0,2713,56.06,3481
2026-06-04 11:15:00,55.8,55.8,55.8,55.8,2663,56.05,3481
2026-06-04 11:20:00,55.8,55.8,55.8,55.8,1550,56.05,3481
2026-06-04 11:25:00,55.8,55.8,55.8,55.8,965,56.05,3481
2026-06-04 11:30:00,56.0,56.0,56.0,56.0,1042,56.05,3481
2026-06-04 11:35:00,56.0,56.0,56.0,56.0,1192,56.05,3481
2026-06-04 11:40:00,56.1,56.1,56.1,56.1,1292,56.05,3481
2026-06-04 11:45:00,56.1,56.1,56.1,56.1,1230,56.05,3481
2026-06-04 11:50:00,56.0,56.0,56.0,56.0,2221,56.05,3481
2026-06-04 11:55:00,55.9,55.9,55.9,55.9,1525,56.04,3481
2026-06-04 12:00:00,55.8,55.8,55.8,55.8,1549,56.04,3481
2026-06-04 12:05:00,55.7,55.7,55.7,55.7,1949,56.04,3481
2026-06-04 12:10:00,55.6,55.6,55.6,55.6,1739,56.03,3481
2026-06-04 12:15:00,55.6,55.6,55.6,55.6,1157,56.03,3481
2026-06-04 12:20:00,55.5,55.5,55.5,55.5,1301,56.02,3481
2026-06-04 12:25:00,55.5,55.5,55.5,55.5,2552,56.01,3481
2026-06-04 12:30:00,55.5,55.5,55.5,55.5,1694,56.0,3481
2026-06-04 12:35:00,55.6,55.6,55.6,55.6,1602,56.0,3481
2026-06-04 12:40:00,55.6,55.6,55.6,55.6,2467,55.99,3481
2026-06-04 12:45:00,55.7,55.7,55.7,55.7,1697,55.99,3481
2026-06-04 12:50:00,55.8,55.8,55.8,55.8,1439,55.99,3481
2026-06-04 12:55:00,56.0,56.0,56.0,56.0,2634,55.99,3481
2026-06-04 13:00:00,56.1,56.1,56.1,56.1,1690,55.99,3481
2026-06-04 13:05:00,56.3,56.3,56.3,56.3,1810,55.99,3481
2026-06-04 13:10:00,56.1,56.1,56.1,56.1,2013,55.99,3481
2026-06-04 13:15:00,56.0,56.0,56.0,56.0,3819,55.99,3481
2026-06-04 13:20:00,56.0,56.0,56.0,56.0,2809,55.99,3481
2026-06-04 13:30:00,55.8,55.8,55.8,55.8,8594,55.98,3481
2026-06-05 09:00:00,53.3,53.3,53.3,53.3,6452,53.3,3481
2026-06-05 09:05:00,53.0,53.0,53.0,53.0,8121,53.13,3481
2026-06-05 09:10:00,52.6,52.6,52.6,52.6,6405,52.97,3481
2026-06-05 09:15:00,51.5,51.5,51.5,51.5,8609,52.54,3481
2026-06-05 09:20:00,50.3,50.3,50.3,50.3,13629,51.84,3481
2026-06-05 09:25:00,50.3,50.3,50.3,50.3,19610,51.36,3481
2026-06-05 09:30:00,50.3,50.3,50.3,50.3,10852,51.2,3481
2026-06-05 09:35:00,50.4,50.4,50.4,50.4,4287,51.16,3481
2026-06-05 09:40:00,51.5,51.5,51.5,51.5,4976,51.18,3481
2026-06-05 09:45:00,52.0,52.0,52.0,52.0,3885,51.21,3481
2026-06-05 09:50:00,52.5,52.5,52.5,52.5,3296,51.26,3481
2026-06-05 09:55:00,52.5,52.5,52.5,52.5,2293,51.29,3481
2026-06-05 10:00:00,52.5,52.5,52.5,52.5,2208,51.32,3481
2026-06-05 10:05:00,52.6,52.6,52.6,52.6,1561,51.34,3481
2026-06-05 10:10:00,52.6,52.6,52.6,52.6,1586,51.36,3481
2026-06-05 10:15:00,52.7,52.7,52.7,52.7,1318,51.38,3481
2026-06-05 10:20:00,52.9,52.9,52.9,52.9,1516,51.4,3481
2026-06-05 10:25:00,53.0,53.0,53.0,53.0,1645,51.43,3481
2026-06-05 10:30:00,53.3,53.3,53.3,53.3,1148,51.45,3481
2026-06-05 10:35:00,53.6,53.6,53.6,53.6,1031,51.47,3481
2026-06-05 10:40:00,53.9,53.9,53.9,53.9,1144,51.5,3481
2026-06-05 10:45:00,53.9,53.9,53.9,53.9,1899,51.54,3481
2026-06-05 10:50:00,54.0,54.0,54.0,54.0,1373,51.57,3481
2026-06-05 10:55:00,54.0,54.0,54.0,54.0,1411,51.6,3481
2026-06-05 11:00:00,53.9,53.9,53.9,53.9,1461,51.63,3481
2026-06-05 11:05:00,53.9,53.9,53.9,53.9,1106,51.65,3481
2026-06-05 11:10:00,53.8,53.8,53.8,53.8,1188,51.68,3481
2026-06-05 11:15:00,53.7,53.7,53.7,53.7,904,51.69,3481
2026-06-05 11:20:00,53.6,53.6,53.6,53.6,942,51.71,3481
2026-06-05 11:25:00,53.5,53.5,53.5,53.5,1820,51.73,3481
2026-06-05 11:30:00,53.3,53.3,53.3,53.3,1146,51.75,3481
2026-06-05 11:35:00,53.0,53.0,53.0,53.0,1867,51.77,3481
2026-06-05 11:40:00,53.0,53.0,53.0,53.0,1619,51.79,3481
2026-06-05 11:45:00,52.8,52.8,52.8,52.8,1289,51.8,3481
2026-06-05 11:50:00,52.6,52.6,52.6,52.6,1809,51.81,3481
2026-06-05 11:55:00,52.5,52.5,52.5,52.5,2629,51.82,3481
2026-06-05 12:00:00,52.2,52.2,52.2,52.2,1303,51.83,3481
2026-06-05 12:05:00,52.0,52.0,52.0,52.0,2509,51.83,3481
2026-06-05 12:10:00,52.0,52.0,52.0,52.0,2629,51.83,3481
2026-06-05 12:15:00,51.9,51.9,51.9,51.9,1540,51.83,3481
2026-06-05 12:20:00,51.8,51.8,51.8,51.8,1338,51.83,3481
2026-06-05 12:25:00,51.7,51.7,51.7,51.7,1407,51.83,3481
2026-06-05 12:30:00,51.7,51.7,51.7,51.7,1625,51.83,3481
2026-06-05 12:35:00,51.8,51.8,51.8,51.8,1467,51.83,3481
2026-06-05 12:40:00,51.9,51.9,51.9,51.9,1698,51.83,3481
2026-06-05 12:45:00,52.0,52.0,52.0,52.0,2454,51.83,3481
2026-06-05 12:50:00,52.1,52.1,52.1,52.1,1216,51.84,3481
2026-06-05 12:55:00,52.0,52.0,52.0,52.0,2611,51.84,3481
2026-06-05 13:00:00,51.9,51.9,51.9,51.9,2070,51.84,3481
2026-06-05 13:05:00,51.9,51.9,51.9,51.9,2112,51.84,3481
2026-06-05 13:10:00,52.0,52.0,52.0,52.0,3027,51.84,3481
2026-06-05 13:15:00,52.5,52.5,52.5,52.5,2691,51.85,3481
2026-06-05 13:20:00,53.0,53.0,53.0,53.0,2909,51.87,3481
2026-06-05 13:30:00,53.7,53.7,53.7,53.7,7773,51.96,3481
2026-06-08 09:00:00,48.35,48.35,48.35,48.35,14593,48.35,3481
2026-06-08 09:05:00,48.35,48.35,48.35,48.35,4498,48.35,3481
2026-06-08 09:10:00,48.35,48.35,48.35,48.35,5300,48.35,3481
2026-06-08 09:15:00,48.35,48.35,48.35,48.35,4633,48.35,3481
2026-06-08 09:20:00,48.35,48.35,48.35,48.35,3007,48.35,3481
2026-06-08 09:25:00,48.35,48.35,48.35,48.35,2912,48.35,3481
2026-06-08 09:30:00,48.35,48.35,48.35,48.35,2143,48.35,3481
2026-06-08 09:35:00,48.35,48.35,48.35,48.35,1676,48.35,3481
2026-06-08 09:40:00,48.35,48.35,48.35,48.35,1219,48.35,3481
2026-06-08 09:45:00,48.35,48.35,48.35,48.35,1260,48.35,3481
2026-06-08 09:50:00,48.35,48.35,48.35,48.35,1097,48.35,3481
2026-06-08 09:55:00,48.35,48.35,48.35,48.35,1108,48.35,3481
2026-06-08 10:00:00,48.35,48.35,48.35,48.35,1111,48.35,3481
2026-06-08 10:05:00,48.35,48.35,48.35,48.35,1099,48.35,3481
2026-06-08 10:10:00,48.35,48.35,48.35,48.35,1398,48.35,3481
2026-06-08 10:15:00,48.35,48.35,48.35,48.35,1915,48.35,3481
2026-06-08 10:20:00,48.35,48.35,48.35,48.35,1513,48.35,3481
2026-06-08 10:25:00,48.35,48.35,48.35,48.35,3407,48.35,3481
2026-06-08 10:30:00,48.35,48.35,48.35,48.35,1079,48.35,3481
2026-06-08 10:35:00,48.35,48.35,48.35,48.35,1650,48.35,3481
2026-06-08 10:40:00,48.35,48.35,48.35,48.35,1108,48.35,3481
2026-06-08 10:45:00,48.35,48.35,48.35,48.35,997,48.35,3481
2026-06-08 10:50:00,48.35,48.35,48.35,48.35,935,48.35,3481
2026-06-08 10:55:00,48.35,48.35,48.35,48.35,1098,48.35,3481
2026-06-08 11:00:00,48.35,48.35,48.35,48.35,1130,48.35,3481
2026-06-08 11:05:00,48.35,48.35,48.35,48.35,1282,48.35,3481
2026-06-08 11:10:00,48.35,48.35,48.35,48.35,1274,48.35,3481
2026-06-08 11:15:00,48.35,48.35,48.35,48.35,1059,48.35,3481
2026-06-08 11:20:00,48.35,48.35,48.35,48.35,716,48.35,3481
2026-06-08 11:25:00,48.35,48.35,48.35,48.35,691,48.35,3481
2026-06-08 11:30:00,48.35,48.35,48.35,48.35,907,48.35,3481
2026-06-08 11:35:00,48.35,48.35,48.35,48.35,1261,48.35,3481
2026-06-08 11:40:00,48.35,48.35,48.35,48.35,715,48.35,3481
2026-06-08 11:45:00,48.35,48.35,48.35,48.35,894,48.35,3481
2026-06-08 11:50:00,48.35,48.35,48.35,48.35,650,48.35,3481
2026-06-08 11:55:00,48.35,48.35,48.35,48.35,556,48.35,3481
2026-06-08 12:00:00,48.35,48.35,48.35,48.35,690,48.35,3481
2026-06-08 12:05:00,48.35,48.35,48.35,48.35,561,48.35,3481
2026-06-08 12:10:00,48.35,48.35,48.35,48.35,603,48.35,3481
2026-06-08 12:15:00,48.35,48.35,48.35,48.35,577,48.35,3481
2026-06-08 12:20:00,48.35,48.35,48.35,48.35,664,48.35,3481
2026-06-08 12:25:00,48.35,48.35,48.35,48.35,570,48.35,3481
2026-06-08 12:30:00,48.35,48.35,48.35,48.35,518,48.35,3481
2026-06-08 12:35:00,48.35,48.35,48.35,48.35,569,48.35,3481
2026-06-08 12:40:00,48.35,48.35,48.35,48.35,753,48.35,3481
2026-06-08 12:45:00,48.35,48.35,48.35,48.35,471,48.35,3481
2026-06-08 12:50:00,48.35,48.35,48.35,48.35,566,48.35,3481
2026-06-08 12:55:00,48.35,48.35,48.35,48.35,574,48.35,3481
2026-06-08 13:00:00,48.35,48.35,48.35,48.35,545,48.35,3481
2026-06-08 13:05:00,48.35,48.35,48.35,48.35,597,48.35,3481
2026-06-08 13:10:00,48.35,48.35,48.35,48.35,667,48.35,3481
2026-06-08 13:15:00,48.35,48.35,48.35,48.35,729,48.35,3481
2026-06-08 13:20:00,48.35,48.35,48.35,48.35,694,48.35,3481
2026-06-08 13:30:00,48.35,48.35,48.35,48.35,2444,48.35,3481
2026-06-09 09:00:00,49.95,49.95,49.95,49.95,3800,49.95,3481
2026-06-09 09:05:00,49.95,49.95,49.95,49.95,4732,49.95,3481
2026-06-09 09:10:00,49.8,49.8,49.8,49.8,5140,49.89,3481
2026-06-09 09:15:00,49.0,49.0,49.0,49.0,3976,49.69,3481
2026-06-09 09:20:00,48.25,48.25,48.25,48.25,5735,49.34,3481
2026-06-09 09:25:00,47.15,47.15,47.15,47.15,4742,48.97,3481
2026-06-09 09:30:00,46.6,46.6,46.6,46.6,7662,48.46,3481
2026-06-09 09:35:00,46.65,46.65,46.65,46.65,5194,48.23,3481
2026-06-09 09:40:00,48.0,48.0,48.0,48.0,4236,48.21,3481
2026-06-09 09:45:00,48.5,48.5,48.5,48.5,3464,48.23,3481
2026-06-09 09:50:00,49.1,49.1,49.1,49.1,2319,48.27,3481
2026-06-09 09:55:00,49.45,49.45,49.45,49.45,2308,48.32,3481
2026-06-09 10:00:00,49.45,49.45,49.45,49.45,2470,48.37,3481
2026-06-09 10:05:00,49.5,49.5,49.5,49.5,1837,48.41,3481
2026-06-09 10:10:00,49.7,49.7,49.7,49.7,2198,48.46,3481
2026-06-09 10:15:00,49.9,49.9,49.9,49.9,1585,48.49,3481
2026-06-09 10:20:00,50.0,50.0,50.0,50.0,2187,48.54,3481
2026-06-09 10:25:00,50.4,50.4,50.4,50.4,2896,48.63,3481
2026-06-09 10:30:00,50.5,50.5,50.5,50.5,1908,48.68,3481
2026-06-09 10:35:00,50.5,50.5,50.5,50.5,2079,48.73,3481
2026-06-09 10:40:00,50.6,50.6,50.6,50.6,1623,48.77,3481
2026-06-09 10:45:00,50.5,50.5,50.5,50.5,1673,48.81,3481
2026-06-09 10:50:00,50.3,50.3,50.3,50.3,1355,48.84,3481
2026-06-09 10:55:00,50.0,50.0,50.0,50.0,1789,48.87,3481
2026-06-09 11:00:00,49.9,49.9,49.9,49.9,1119,48.88,3481
2026-06-09 11:05:00,49.8,49.8,49.8,49.8,1182,48.89,3481
2026-06-09 11:10:00,49.75,49.75,49.75,49.75,1100,48.91,3481
2026-06-09 11:15:00,49.6,49.6,49.6,49.6,1224,48.92,3481
2026-06-09 11:20:00,49.5,49.5,49.5,49.5,1205,48.93,3481
2026-06-09 11:25:00,49.55,49.55,49.55,49.55,927,48.93,3481
2026-06-09 11:30:00,49.55,49.55,49.55,49.55,1094,48.94,3481
2026-06-09 11:35:00,49.55,49.55,49.55,49.55,794,48.95,3481
2026-06-09 11:40:00,49.5,49.5,49.5,49.5,1060,48.95,3481
2026-06-09 11:45:00,49.5,49.5,49.5,49.5,1591,48.96,3481
2026-06-09 11:50:00,49.45,49.45,49.45,49.45,828,48.97,3481
2026-06-09 11:55:00,49.35,49.35,49.35,49.35,1588,48.97,3481
2026-06-09 12:00:00,49.15,49.15,49.15,49.15,1320,48.98,3481
2026-06-09 12:05:00,49.0,49.0,49.0,49.0,1838,48.98,3481
2026-06-09 12:10:00,49.0,49.0,49.0,49.0,1117,48.98,3481
2026-06-09 12:15:00,49.0,49.0,49.0,49.0,1347,48.98,3481
2026-06-09 12:20:00,48.95,48.95,48.95,48.95,753,48.98,3481
2026-06-09 12:25:00,48.8,48.8,48.8,48.8,1637,48.97,3481
2026-06-09 12:30:00,48.55,48.55,48.55,48.55,1565,48.97,3481
2026-06-09 12:35:00,48.45,48.45,48.45,48.45,2350,48.96,3481
2026-06-09 12:40:00,48.45,48.45,48.45,48.45,1576,48.95,3481
2026-06-09 12:45:00,48.5,48.5,48.5,48.5,1287,48.94,3481
2026-06-09 12:50:00,48.6,48.6,48.6,48.6,1159,48.94,3481
2026-06-09 12:55:00,48.7,48.7,48.7,48.7,831,48.94,3481
2026-06-09 13:00:00,48.75,48.75,48.75,48.75,1350,48.93,3481
2026-06-09 13:05:00,48.9,48.9,48.9,48.9,1146,48.93,3481
2026-06-09 13:10:00,49.1,49.1,49.1,49.1,2140,48.94,3481
2026-06-09 13:15:00,49.25,49.25,49.25,49.25,1737,48.94,3481
2026-06-09 13:20:00,49.25,49.25,49.25,49.25,1838,48.95,3481
2026-06-09 13:30:00,49.1,49.1,49.1,49.1,6769,48.96,3481
2026-06-10 09:00:00,47.4,47.4,47.4,47.4,2990,47.4,3481
2026-06-10 09:05:00,48.15,48.15,48.15,48.15,1474,47.65,3481
2026-06-10 09:10:00,48.55,48.55,48.55,48.55,2712,47.99,3481
2026-06-10 09:15:00,50.0,50.0,50.0,50.0,4363,48.75,3481
2026-06-10 09:20:00,49.8,49.8,49.8,49.8,1634,48.88,3481
2026-06-10 09:25:00,49.25,49.25,49.25,49.25,1635,48.92,3481
2026-06-10 09:30:00,49.75,49.75,49.75,49.75,3031,49.06,3481
2026-06-10 09:35:00,49.65,49.65,49.65,49.65,1538,49.11,3481
2026-06-10 09:40:00,49.55,49.55,49.55,49.55,1021,49.13,3481
2026-06-10 09:45:00,49.55,49.55,49.55,49.55,1088,49.15,3481
2026-06-10 09:50:00,49.0,49.0,49.0,49.0,1438,49.14,3481
2026-06-10 09:55:00,48.9,48.9,48.9,48.9,1277,49.13,3481
2026-06-10 10:00:00,48.6,48.6,48.6,48.6,1251,49.1,3481
2026-06-10 10:05:00,48.45,48.45,48.45,48.45,2041,49.05,3481
2026-06-10 10:10:00,48.1,48.1,48.1,48.1,1612,49.0,3481
2026-06-10 10:15:00,48.0,48.0,48.0,48.0,2502,48.92,3481
2026-06-10 10:20:00,48.0,48.0,48.0,48.0,2024,48.87,3481
2026-06-10 10:25:00,48.0,48.0,48.0,48.0,1494,48.83,3481
2026-06-10 10:30:00,48.1,48.1,48.1,48.1,1146,48.81,3481
2026-06-10 10:35:00,48.15,48.15,48.15,48.15,1348,48.78,3481
2026-06-10 10:40:00,48.25,48.25,48.25,48.25,897,48.77,3481
2026-06-10 10:45:00,48.3,48.3,48.3,48.3,691,48.76,3481
2026-06-10 10:50:00,48.45,48.45,48.45,48.45,667,48.76,3481
2026-06-10 10:55:00,48.45,48.45,48.45,48.45,895,48.75,3481
2026-06-10 11:00:00,48.4,48.4,48.4,48.4,1087,48.74,3481
2026-06-10 11:05:00,48.35,48.35,48.35,48.35,696,48.74,3481
2026-06-10 11:10:00,48.4,48.4,48.4,48.4,641,48.73,3481
2026-06-10 11:15:00,48.4,48.4,48.4,48.4,551,48.73,3481
2026-06-10 11:20:00,48.45,48.45,48.45,48.45,920,48.72,3481
2026-06-10 11:25:00,48.5,48.5,48.5,48.5,822,48.72,3481
2026-06-10 11:30:00,48.5,48.5,48.5,48.5,403,48.71,3481
2026-06-10 11:35:00,48.5,48.5,48.5,48.5,545,48.71,3481
2026-06-10 11:40:00,48.5,48.5,48.5,48.5,1013,48.71,3481
2026-06-10 11:45:00,48.4,48.4,48.4,48.4,954,48.7,3481
2026-06-10 11:50:00,48.3,48.3,48.3,48.3,1058,48.69,3481
2026-06-10 11:55:00,48.3,48.3,48.3,48.3,715,48.69,3481
2026-06-10 12:00:00,48.25,48.25,48.25,48.25,698,48.68,3481
2026-06-10 12:05:00,48.2,48.2,48.2,48.2,792,48.67,3481
2026-06-10 12:10:00,48.05,48.05,48.05,48.05,1449,48.66,3481
2026-06-10 12:15:00,48.0,48.0,48.0,48.0,3252,48.62,3481
2026-06-10 12:20:00,47.85,47.85,47.85,47.85,1870,48.59,3481
2026-06-10 12:25:00,47.7,47.7,47.7,47.7,1740,48.57,3481
2026-06-10 12:30:00,47.5,47.5,47.5,47.5,2285,48.53,3481
2026-06-10 12:35:00,47.4,47.4,47.4,47.4,3635,48.47,3481
2026-06-10 12:40:00,47.1,47.1,47.1,47.1,2864,48.41,3481
2026-06-10 12:45:00,47.0,47.0,47.0,47.0,4623,48.32,3481
2026-06-10 12:50:00,46.75,46.75,46.75,46.75,2622,48.27,3481
2026-06-10 12:55:00,46.5,46.5,46.5,46.5,4584,48.17,3481
2026-06-10 13:00:00,46.1,46.1,46.1,46.1,3514,48.08,3481
2026-06-10 13:05:00,45.9,45.9,45.9,45.9,5067,47.96,3481
2026-06-10 13:10:00,45.5,45.5,45.5,45.5,5025,47.83,3481
2026-06-10 13:15:00,45.0,45.0,45.0,45.0,7929,47.61,3481
2026-06-10 13:20:00,44.65,44.65,44.65,44.65,5784,47.45,3481
2026-06-10 13:30:00,44.3,44.3,44.3,44.3,17626,47.01,3481
2026-06-11 09:00:00,42.6,42.6,42.6,42.6,6348,42.6,3481
2026-06-11 09:05:00,42.65,42.65,42.65,42.65,4903,42.62,3481
2026-06-11 09:10:00,42.5,42.5,42.5,42.5,6074,42.58,3481
2026-06-11 09:15:00,43.05,43.05,43.05,43.05,8792,42.74,3481
2026-06-11 09:20:00,43.6,43.6,43.6,43.6,4030,42.85,3481
2026-06-11 09:25:00,44.3,44.3,44.3,44.3,3220,42.99,3481
2026-06-11 09:30:00,44.3,44.3,44.3,44.3,3476,43.12,3481
2026-06-11 09:35:00,43.6,43.6,43.6,43.6,3863,43.16,3481
2026-06-11 09:40:00,43.35,43.35,43.35,43.35,3997,43.18,3481
2026-06-11 09:45:00,43.3,43.3,43.3,43.3,2622,43.19,3481
2026-06-11 09:50:00,43.35,43.35,43.35,43.35,2265,43.19,3481
2026-06-11 09:55:00,43.35,43.35,43.35,43.35,2085,43.2,3481
2026-06-11 10:00:00,43.15,43.15,43.15,43.15,2951,43.2,3481
2026-06-11 10:05:00,42.9,42.9,42.9,42.9,3304,43.18,3481
2026-06-11 10:10:00,42.5,42.5,42.5,42.5,3825,43.14,3481
2026-06-11 10:15:00,42.25,42.25,42.25,42.25,3117,43.09,3481
2026-06-11 10:20:00,42.0,42.0,42.0,42.0,6241,43.0,3481
2026-06-11 10:25:00,41.5,41.5,41.5,41.5,4011,42.92,3481
2026-06-11 10:30:00,40.5,40.5,40.5,40.5,7841,42.69,3481
2026-06-11 10:35:00,40.25,40.25,40.25,40.25,6444,42.51,3481
2026-06-11 10:40:00,40.5,40.5,40.5,40.5,8872,42.33,3481
2026-06-11 10:45:00,40.9,40.9,40.9,40.9,3372,42.28,3481
2026-06-11 10:50:00,41.0,41.0,41.0,41.0,4046,42.24,3481
2026-06-11 10:55:00,41.05,41.05,41.05,41.05,2730,42.21,3481
2026-06-11 11:00:00,41.55,41.55,41.55,41.55,2466,42.19,3481
2026-06-11 11:05:00,41.95,41.95,41.95,41.95,1465,42.19,3481
2026-06-11 11:10:00,42.1,42.1,42.1,42.1,2226,42.19,3481
2026-06-11 11:15:00,41.6,41.6,41.6,41.6,2854,42.17,3481
2026-06-11 11:20:00,41.85,41.85,41.85,41.85,1448,42.17,3481
2026-06-11 11:25:00,41.65,41.65,41.65,41.65,939,42.16,3481
2026-06-11 11:30:00,41.65,41.65,41.65,41.65,1003,42.16,3481
2026-06-11 11:35:00,42.15,42.15,42.15,42.15,2018,42.16,3481
2026-06-11 11:40:00,42.4,42.4,42.4,42.4,1277,42.16,3481
2026-06-11 11:45:00,42.6,42.6,42.6,42.6,1628,42.17,3481
2026-06-11 11:50:00,42.95,42.95,42.95,42.95,1594,42.18,3481
2026-06-11 11:55:00,43.0,43.0,43.0,43.0,1379,42.19,3481
2026-06-11 12:00:00,43.45,43.45,43.45,43.45,1455,42.2,3481
2026-06-11 12:05:00,43.5,43.5,43.5,43.5,1742,42.22,3481
2026-06-11 12:10:00,43.45,43.45,43.45,43.45,1728,42.23,3481
2026-06-11 12:15:00,43.45,43.45,43.45,43.45,1881,42.25,3481
2026-06-11 12:20:00,43.2,43.2,43.2,43.2,1721,42.26,3481
2026-06-11 12:25:00,43.2,43.2,43.2,43.2,1496,42.27,3481
2026-06-11 12:30:00,43.5,43.5,43.5,43.5,1342,42.28,3481
2026-06-11 12:35:00,43.7,43.7,43.7,43.7,1347,42.3,3481
2026-06-11 12:40:00,44.25,44.25,44.25,44.25,1586,42.32,3481
2026-06-11 12:45:00,44.75,44.75,44.75,44.75,1566,42.35,3481
2026-06-11 12:50:00,44.6,44.6,44.6,44.6,2607,42.39,3481
2026-06-11 12:55:00,44.8,44.8,44.8,44.8,2202,42.42,3481
2026-06-11 13:00:00,44.9,44.9,44.9,44.9,2301,42.46,3481
2026-06-11 13:05:00,45.0,45.0,45.0,45.0,3586,42.52,3481
2026-06-11 13:10:00,45.4,45.4,45.4,45.4,1906,42.55,3481
2026-06-11 13:15:00,45.75,45.75,45.75,45.75,2526,42.6,3481
2026-06-11 13:20:00,46.0,46.0,46.0,46.0,3583,42.68,3481
2026-06-11 13:30:00,46.95,46.95,46.95,46.95,9058,42.9,3481
2026-06-12 09:00:00,50.5,50.5,50.5,50.5,6727,50.5,3481
2026-06-12 09:05:00,50.4,50.4,50.4,50.4,4961,50.46,3481
2026-06-12 09:10:00,49.0,49.0,49.0,49.0,4012,50.09,3481
2026-06-12 09:15:00,49.25,49.25,49.25,49.25,4850,49.89,3481
2026-06-12 09:20:00,49.6,49.6,49.6,49.6,3566,49.85,3481
2026-06-12 09:25:00,49.45,49.45,49.45,49.45,4265,49.79,3481
2026-06-12 09:30:00,48.95,48.95,48.95,48.95,4167,49.68,3481
2026-06-12 09:35:00,48.75,48.75,48.75,48.75,3439,49.59,3481
2026-06-12 09:40:00,48.5,48.5,48.5,48.5,2358,49.52,3481
2026-06-12 09:45:00,48.5,48.5,48.5,48.5,2119,49.47,3481
2026-06-12 09:50:00,49.0,49.0,49.0,49.0,2368,49.44,3481
2026-06-12 09:55:00,49.1,49.1,49.1,49.1,1798,49.43,3481
2026-06-12 10:00:00,49.25,49.25,49.25,49.25,1416,49.42,3481
2026-06-12 10:05:00,49.25,49.25,49.25,49.25,1265,49.42,3481
2026-06-12 10:10:00,49.3,49.3,49.3,49.3,1392,49.42,3481
2026-06-12 10:15:00,49.1,49.1,49.1,49.1,1294,49.41,3481
2026-06-12 10:20:00,49.1,49.1,49.1,49.1,662,49.4,3481
2026-06-12 10:25:00,49.05,49.05,49.05,49.05,912,49.4,3481
2026-06-12 10:30:00,49.0,49.0,49.0,49.0,1833,49.38,3481
2026-06-12 10:35:00,49.0,49.0,49.0,49.0,1382,49.37,3481
2026-06-12 10:40:00,49.1,49.1,49.1,49.1,1302,49.37,3481
2026-06-12 10:45:00,49.1,49.1,49.1,49.1,683,49.36,3481
2026-06-12 10:50:00,49.2,49.2,49.2,49.2,759,49.36,3481
2026-06-12 10:55:00,49.1,49.1,49.1,49.1,632,49.36,3481
2026-06-12 11:00:00,49.1,49.1,49.1,49.1,665,49.36,3481
2026-06-12 11:05:00,49.1,49.1,49.1,49.1,657,49.35,3481
2026-06-12 11:10:00,49.1,49.1,49.1,49.1,1255,49.35,3481
2026-06-12 11:15:00,49.1,49.1,49.1,49.1,771,49.35,3481
2026-06-12 11:20:00,49.1,49.1,49.1,49.1,845,49.34,3481
2026-06-12 11:25:00,49.0,49.0,49.0,49.0,1283,49.34,3481
2026-06-12 11:30:00,48.9,48.9,48.9,48.9,1081,49.33,3481
2026-06-12 11:35:00,49.0,49.0,49.0,49.0,885,49.32,3481
2026-06-12 11:40:00,49.1,49.1,49.1,49.1,1599,49.32,3481
2026-06-12 11:45:00,49.1,49.1,49.1,49.1,763,49.32,3481
2026-06-12 11:50:00,49.1,49.1,49.1,49.1,590,49.31,3481
2026-06-12 11:55:00,49.15,49.15,49.15,49.15,835,49.31,3481
2026-06-12 12:00:00,49.2,49.2,49.2,49.2,1657,49.31,3481
2026-06-12 12:05:00,49.15,49.15,49.15,49.15,834,49.31,3481
2026-06-12 12:10:00,49.15,49.15,49.15,49.15,666,49.31,3481
2026-06-12 12:15:00,49.1,49.1,49.1,49.1,802,49.3,3481
2026-06-12 12:20:00,49.1,49.1,49.1,49.1,991,49.3,3481
2026-06-12 12:25:00,49.05,49.05,49.05,49.05,718,49.3,3481
2026-06-12 12:30:00,49.05,49.05,49.05,49.05,805,49.3,3481
2026-06-12 12:35:00,49.05,49.05,49.05,49.05,835,49.29,3481
2026-06-12 12:40:00,49.0,49.0,49.0,49.0,826,49.29,3481
2026-06-12 12:45:00,49.0,49.0,49.0,49.0,1230,49.29,3481
2026-06-12 12:50:00,48.9,48.9,48.9,48.9,1527,49.28,3481
2026-06-12 12:55:00,48.9,48.9,48.9,48.9,1158,49.27,3481
2026-06-12 13:00:00,48.9,48.9,48.9,48.9,895,49.27,3481
2026-06-12 13:05:00,48.8,48.8,48.8,48.8,1175,49.26,3481
2026-06-12 13:10:00,48.65,48.65,48.65,48.65,1740,49.25,3481
2026-06-12 13:15:00,48.55,48.55,48.55,48.55,1878,49.23,3481
2026-06-12 13:20:00,48.55,48.55,48.55,48.55,1692,49.22,3481
2026-06-12 13:30:00,48.55,48.55,48.55,48.55,5231,49.18,3481
2026-06-15 09:00:00,51.0,51.0,51.0,51.0,5361,51.0,3481
2026-06-15 09:05:00,50.6,50.6,50.6,50.6,4052,50.83,3481
2026-06-15 09:10:00,49.8,49.8,49.8,49.8,4393,50.5,3481
2026-06-15 09:15:00,49.8,49.8,49.8,49.8,3580,50.36,3481
2026-06-15 09:20:00,49.95,49.95,49.95,49.95,2205,50.31,3481
2026-06-15 09:25:00,50.0,50.0,50.0,50.0,3092,50.27,3481
2026-06-15 09:30:00,50.2,50.2,50.2,50.2,2035,50.26,3481
2026-06-15 09:35:00,50.4,50.4,50.4,50.4,1457,50.27,3481
2026-06-15 09:40:00,50.5,50.5,50.5,50.5,2287,50.29,3481
2026-06-15 09:45:00,50.3,50.3,50.3,50.3,3282,50.29,3481
2026-06-15 09:50:00,50.2,50.2,50.2,50.2,1511,50.29,3481
2026-06-15 09:55:00,50.2,50.2,50.2,50.2,1262,50.28,3481
2026-06-15 10:00:00,50.2,50.2,50.2,50.2,1471,50.28,3481
2026-06-15 10:05:00,50.3,50.3,50.3,50.3,1358,50.28,3481
2026-06-15 10:10:00,50.4,50.4,50.4,50.4,1899,50.29,3481
2026-06-15 10:15:00,50.4,50.4,50.4,50.4,1322,50.29,3481
2026-06-15 10:20:00,50.3,50.3,50.3,50.3,796,50.29,3481
2026-06-15 10:25:00,50.3,50.3,50.3,50.3,1125,50.29,3481
2026-06-15 10:30:00,50.2,50.2,50.2,50.2,668,50.29,3481
2026-06-15 10:35:00,50.3,50.3,50.3,50.3,884,50.29,3481
2026-06-15 10:40:00,50.2,50.2,50.2,50.2,544,50.29,3481
2026-06-15 10:45:00,50.2,50.2,50.2,50.2,688,50.29,3481
2026-06-15 10:50:00,50.2,50.2,50.2,50.2,636,50.29,3481
2026-06-15 10:55:00,50.3,50.3,50.3,50.3,1042,50.29,3481
2026-06-15 11:00:00,50.4,50.4,50.4,50.4,900,50.29,3481
2026-06-15 11:05:00,50.4,50.4,50.4,50.4,854,50.29,3481
2026-06-15 11:10:00,50.6,50.6,50.6,50.6,3295,50.31,3481
2026-06-15 11:15:00,51.0,51.0,51.0,51.0,5964,50.38,3481
2026-06-15 11:20:00,51.2,51.2,51.2,51.2,4473,50.44,3481
2026-06-15 11:25:00,51.5,51.5,51.5,51.5,2901,50.49,3481
2026-06-15 11:30:00,51.1,51.1,51.1,51.1,2870,50.51,3481
2026-06-15 11:35:00,51.2,51.2,51.2,51.2,972,50.52,3481
2026-06-15 11:40:00,51.2,51.2,51.2,51.2,1033,50.53,3481
2026-06-15 11:45:00,51.3,51.3,51.3,51.3,1018,50.54,3481
2026-06-15 11:50:00,51.5,51.5,51.5,51.5,1056,50.56,3481
2026-06-15 11:55:00,51.5,51.5,51.5,51.5,1621,50.58,3481
2026-06-15 12:00:00,51.3,51.3,51.3,51.3,1247,50.59,3481
2026-06-15 12:05:00,51.1,51.1,51.1,51.1,596,50.59,3481
2026-06-15 12:10:00,51.1,51.1,51.1,51.1,892,50.6,3481
2026-06-15 12:15:00,51.1,51.1,51.1,51.1,706,50.6,3481
2026-06-15 12:20:00,51.1,51.1,51.1,51.1,865,50.61,3481
2026-06-15 12:25:00,51.2,51.2,51.2,51.2,901,50.62,3481
2026-06-15 12:30:00,51.2,51.2,51.2,51.2,1016,50.62,3481
2026-06-15 12:35:00,51.2,51.2,51.2,51.2,907,50.63,3481
2026-06-15 12:40:00,51.2,51.2,51.2,51.2,945,50.64,3481
2026-06-15 12:45:00,51.2,51.2,51.2,51.2,951,50.64,3481
2026-06-15 12:50:00,51.2,51.2,51.2,51.2,1033,50.65,3481
2026-06-15 12:55:00,51.2,51.2,51.2,51.2,964,50.66,3481
2026-06-15 13:00:00,51.1,51.1,51.1,51.1,678,50.66,3481
2026-06-15 13:05:00,51.1,51.1,51.1,51.1,932,50.66,3481
2026-06-15 13:10:00,51.2,51.2,51.2,51.2,1759,50.68,3481
2026-06-15 13:15:00,51.2,51.2,51.2,51.2,2005,50.69,3481
2026-06-15 13:20:00,51.2,51.2,51.2,51.2,1753,50.7,3481
2026-06-15 13:30:00,51.4,51.4,51.4,51.4,6175,50.74,3481
2026-06-16 09:00:00,53.3,53.3,53.3,53.3,4075,53.3,3481
2026-06-16 09:05:00,53.1,53.1,53.1,53.1,3716,53.2,3481
2026-06-16 09:10:00,52.5,52.5,52.5,52.5,3401,52.99,3481
2026-06-16 09:15:00,52.0,52.0,52.0,52.0,4495,52.71,3481
2026-06-16 09:20:00,52.1,52.1,52.1,52.1,2947,52.61,3481
2026-06-16 09:25:00,52.4,52.4,52.4,52.4,1877,52.59,3481
2026-06-16 09:30:00,52.5,52.5,52.5,52.5,2766,52.58,3481
2026-06-16 09:35:00,52.9,52.9,52.9,52.9,2627,52.61,3481
2026-06-16 09:40:00,52.9,52.9,52.9,52.9,2065,52.63,3481
2026-06-16 09:45:00,52.9,52.9,52.9,52.9,1245,52.65,3481
2026-06-16 09:50:00,53.0,53.0,53.0,53.0,1832,52.67,3481
2026-06-16 09:55:00,53.3,53.3,53.3,53.3,7649,52.79,3481
2026-06-16 10:00:00,53.7,53.7,53.7,53.7,5541,52.91,3481
2026-06-16 10:05:00,54.0,54.0,54.0,54.0,5989,53.04,3481
2026-06-16 10:10:00,54.0,54.0,54.0,54.0,3285,53.1,3481
2026-06-16 10:15:00,53.3,53.3,53.3,53.3,2559,53.1,3481
2026-06-16 10:20:00,53.1,53.1,53.1,53.1,1279,53.1,3481
2026-06-16 10:25:00,53.2,53.2,53.2,53.2,1568,53.11,3481
2026-06-16 10:30:00,53.4,53.4,53.4,53.4,913,53.11,3481
2026-06-16 10:35:00,53.5,53.5,53.5,53.5,1109,53.12,3481
2026-06-16 10:40:00,53.7,53.7,53.7,53.7,1675,53.13,3481
2026-06-16 10:45:00,53.6,53.6,53.6,53.6,931,53.14,3481
2026-06-16 10:50:00,53.6,53.6,53.6,53.6,928,53.15,3481
2026-06-16 10:55:00,53.5,53.5,53.5,53.5,880,53.15,3481
2026-06-16 11:00:00,53.3,53.3,53.3,53.3,771,53.15,3481
2026-06-16 11:05:00,53.2,53.2,53.2,53.2,751,53.15,3481
2026-06-16 11:10:00,53.3,53.3,53.3,53.3,1391,53.16,3481
2026-06-16 11:15:00,53.3,53.3,53.3,53.3,924,53.16,3481
2026-06-16 11:20:00,53.3,53.3,53.3,53.3,656,53.16,3481
2026-06-16 11:25:00,53.5,53.5,53.5,53.5,1830,53.17,3481
2026-06-16 11:30:00,53.5,53.5,53.5,53.5,1406,53.18,3481
2026-06-16 11:35:00,53.8,53.8,53.8,53.8,2309,53.19,3481
2026-06-16 11:40:00,54.0,54.0,54.0,54.0,2930,53.22,3481
2026-06-16 11:45:00,54.0,54.0,54.0,54.0,2189,53.25,3481
2026-06-16 11:50:00,54.0,54.0,54.0,54.0,1455,53.26,3481
2026-06-16 11:55:00,54.0,54.0,54.0,54.0,5111,53.3,3481
2026-06-16 12:00:00,54.2,54.2,54.2,54.2,4975,53.35,3481
2026-06-16 12:05:00,54.5,54.5,54.5,54.5,4487,53.4,3481
2026-06-16 12:10:00,55.0,55.0,55.0,55.0,4518,53.48,3481
2026-06-16 12:15:00,54.9,54.9,54.9,54.9,3777,53.53,3481
2026-06-16 12:20:00,54.8,54.8,54.8,54.8,1631,53.55,3481
2026-06-16 12:25:00,54.7,54.7,54.7,54.7,1847,53.57,3481
2026-06-16 12:30:00,54.6,54.6,54.6,54.6,1571,53.58,3481
2026-06-16 12:35:00,54.3,54.3,54.3,54.3,1504,53.59,3481
2026-06-16 12:40:00,54.0,54.0,54.0,54.0,1739,53.6,3481
2026-06-16 12:45:00,54.0,54.0,54.0,54.0,2643,53.61,3481
2026-06-16 12:50:00,54.1,54.1,54.1,54.1,1961,53.61,3481
2026-06-16 12:55:00,53.9,53.9,53.9,53.9,2634,53.62,3481
2026-06-16 13:00:00,53.5,53.5,53.5,53.5,2484,53.62,3481
2026-06-16 13:05:00,53.2,53.2,53.2,53.2,1747,53.61,3481
2026-06-16 13:10:00,53.3,53.3,53.3,53.3,1996,53.61,3481
2026-06-16 13:15:00,53.4,53.4,53.4,53.4,2033,53.6,3481
2026-06-16 13:20:00,53.4,53.4,53.4,53.4,2319,53.6,3481
2026-06-16 13:30:00,53.3,53.3,53.3,53.3,6559,53.59,3481
2026-06-17 09:00:00,53.2,53.2,53.2,53.2,4408,53.2,3481
2026-06-17 09:05:00,54.2,54.2,54.2,54.2,4522,53.71,3481
2026-06-17 09:10:00,55.0,55.0,55.0,55.0,5771,54.21,3481
2026-06-17 09:15:00,55.7,55.7,55.7,55.7,5841,54.64,3481
2026-06-17 09:20:00,55.4,55.4,55.4,55.4,4167,54.77,3481
2026-06-17 09:25:00,55.0,55.0,55.0,55.0,4227,54.8,3481
2026-06-17 09:30:00,55.0,55.0,55.0,55.0,3831,54.82,3481
2026-06-17 09:35:00,55.3,55.3,55.3,55.3,2402,54.86,3481
2026-06-17 09:40:00,55.3,55.3,55.3,55.3,2386,54.88,3481
2026-06-17 09:45:00,55.3,55.3,55.3,55.3,2030,54.91,3481
2026-06-17 09:50:00,55.6,55.6,55.6,55.6,5619,54.99,3481
2026-06-17 09:55:00,56.0,56.0,56.0,56.0,11910,55.2,3481
2026-06-17 10:00:00,57.0,57.0,57.0,57.0,8322,55.43,3481
2026-06-17 10:05:00,57.0,57.0,57.0,57.0,7813,55.6,3481
2026-06-17 10:10:00,56.9,56.9,56.9,56.9,4183,55.67,3481
2026-06-17 10:15:00,57.4,57.4,57.4,57.4,5549,55.78,3481
2026-06-17 10:20:00,57.5,57.5,57.5,57.5,5411,55.89,3481
2026-06-17 10:25:00,57.6,57.6,57.6,57.6,4239,55.97,3481
2026-06-17 10:30:00,58.0,58.0,58.0,58.0,6868,56.11,3481
2026-06-17 10:35:00,58.0,58.0,58.0,58.0,4832,56.2,3481
2026-06-17 10:40:00,58.1,58.1,58.1,58.1,3469,56.26,3481
2026-06-17 10:45:00,58.1,58.1,58.1,58.1,2325,56.3,3481
2026-06-17 10:50:00,58.2,58.2,58.2,58.2,1961,56.33,3481
2026-06-17 10:55:00,58.1,58.1,58.1,58.1,2000,56.36,3481
2026-06-17 11:00:00,57.9,57.9,57.9,57.9,2950,56.4,3481
2026-06-17 11:05:00,57.6,57.6,57.6,57.6,2115,56.42,3481
2026-06-17 11:10:00,57.3,57.3,57.3,57.3,2305,56.44,3481
2026-06-17 11:15:00,57.0,57.0,57.0,57.0,3266,56.45,3481
2026-06-17 11:20:00,56.9,56.9,56.9,56.9,2081,56.46,3481
2026-06-17 11:25:00,56.8,56.8,56.8,56.8,2396,56.47,3481
2026-06-17 11:30:00,56.9,56.9,56.9,56.9,1940,56.47,3481
2026-06-17 11:35:00,57.2,57.2,57.2,57.2,2569,56.49,3481
2026-06-17 11:40:00,58.0,58.0,58.0,58.0,3335,56.52,3481
2026-06-17 11:45:00,58.0,58.0,58.0,58.0,3383,56.56,3481
2026-06-17 11:50:00,57.9,57.9,57.9,57.9,1886,56.58,3481
2026-06-17 11:55:00,57.8,57.8,57.8,57.8,1446,56.59,3481
2026-06-17 12:00:00,57.8,57.8,57.8,57.8,1350,56.6,3481
2026-06-17 12:05:00,57.8,57.8,57.8,57.8,1393,56.61,3481
2026-06-17 12:10:00,57.7,57.7,57.7,57.7,1795,56.62,3481
2026-06-17 12:15:00,57.6,57.6,57.6,57.6,1833,56.64,3481
2026-06-17 12:20:00,57.9,57.9,57.9,57.9,3040,56.66,3481
2026-06-17 12:25:00,57.9,57.9,57.9,57.9,1874,56.68,3481
2026-06-17 12:30:00,58.0,58.0,58.0,58.0,1955,56.69,3481
2026-06-17 12:35:00,58.0,58.0,58.0,58.0,2965,56.72,3481
2026-06-17 12:40:00,57.9,57.9,57.9,57.9,2115,56.73,3481
2026-06-17 12:45:00,57.8,57.8,57.8,57.8,2428,56.75,3481
2026-06-17 12:50:00,57.9,57.9,57.9,57.9,2297,56.76,3481
2026-06-17 12:55:00,58.0,58.0,58.0,58.0,10841,56.84,3481
2026-06-17 13:00:00,58.6,58.6,58.6,58.6,41553,57.17,3481
2026-06-17 13:05:00,58.6,58.6,58.6,58.6,5424,57.21,3481
2026-06-17 13:10:00,58.6,58.6,58.6,58.6,2799,57.22,3481
2026-06-17 13:15:00,58.6,58.6,58.6,58.6,2501,57.24,3481
2026-06-17 13:20:00,58.6,58.6,58.6,58.6,2098,57.25,3481
2026-06-17 13:30:00,58.6,58.6,58.6,58.6,3796,57.27,3481
2026-06-18 09:00:00,62.0,62.7,59.9,59.9,96204,61.64,3481
2026-06-18 09:05:00,60.0,60.0,58.9,59.4,58277,60.79,3481
2026-06-18 09:10:00,59.5,60.0,58.5,60.0,49701,60.42,3481
2026-06-18 09:15:00,59.9,61.3,59.6,60.9,41929,60.44,3481
2026-06-18 09:20:00,61.0,61.9,60.5,61.8,42265,60.56,3481
2026-06-18 09:25:00,61.8,62.2,61.2,61.5,40904,60.71,3481
2026-06-18 09:30:00,61.5,62.0,60.9,61.4,23416,60.76,3481
2026-06-18 09:35:00,61.4,61.7,61.2,61.2,9456,60.78,3481
2026-06-18 09:40:00,61.3,61.7,61.1,61.4,10651,60.79,3481
2026-06-18 09:45:00,61.4,61.7,60.8,61.1,13117,60.81,3481
2026-06-18 09:50:00,61.2,62.2,60.7,62.1,29546,60.86,3481
2026-06-18 09:55:00,62.2,62.5,61.6,62.5,26301,60.94,3481
2026-06-18 10:00:00,62.5,63.3,62.3,62.8,42131,61.1,3481
2026-06-18 10:05:00,62.8,62.9,62.1,62.8,11086,61.13,3481
2026-06-18 10:10:00,62.8,62.9,62.3,62.8,8619,61.16,3481
2026-06-18 10:15:00,62.8,63.3,62.7,62.8,18235,61.22,3481
2026-06-18 10:20:00,62.8,62.8,62.3,62.5,8225,61.24,3481
2026-06-18 10:25:00,62.5,63.0,62.1,62.9,8658,61.27,3481
2026-06-18 10:30:00,62.9,62.9,62.4,62.6,5124,61.28,3481
2026-06-18 10:35:00,62.6,62.8,62.3,62.6,7175,61.29,3481
2026-06-18 10:40:00,62.5,62.9,62.2,62.8,8181,61.31,3481
2026-06-18 10:45:00,62.9,62.9,61.8,62.0,11569,61.33,3481
2026-06-18 10:50:00,62.0,62.5,61.9,62.3,4785,61.34,3481
2026-06-18 10:55:00,62.4,63.2,62.2,63.1,21894,61.4,3481
2026-06-18 11:00:00,63.1,63.9,63.1,63.2,26564,61.49,3481
2026-06-18 11:05:00,63.2,63.8,63.2,63.6,7409,61.51,3481
2026-06-18 11:10:00,63.6,64.4,63.5,64.4,108486,61.92,3481
2026-06-18 11:15:00,64.4,64.4,64.4,64.4,14380,61.97,3481
2026-06-18 11:20:00,64.4,64.4,64.4,64.4,7349,62.0,3481
2026-06-18 11:25:00,64.4,64.4,64.4,64.4,41030,62.12,3481
2026-06-18 11:30:00,64.4,64.4,64.4,64.4,5532,62.13,3481
2026-06-18 11:35:00,64.4,64.4,64.4,64.4,3149,62.14,3481
2026-06-18 11:40:00,64.4,64.4,64.4,64.4,2844,62.15,3481
2026-06-18 11:45:00,64.4,64.4,64.4,64.4,2491,62.16,3481
2026-06-18 11:50:00,64.4,64.4,64.4,64.4,2063,62.16,3481
2026-06-18 11:55:00,64.4,64.4,64.4,64.4,1503,62.17,3481
2026-06-18 12:00:00,64.4,64.4,64.4,64.4,1643,62.17,3481
2026-06-18 12:05:00,64.4,64.4,64.4,64.4,1310,62.18,3481
2026-06-18 12:10:00,64.4,64.4,64.4,64.4,1839,62.18,3481
2026-06-18 12:15:00,64.4,64.4,64.4,64.4,1554,62.18,3481
2026-06-18 12:20:00,64.4,64.4,64.4,64.4,2442,62.19,3481
2026-06-18 12:25:00,64.4,64.4,64.4,64.4,1521,62.2,3481
2026-06-18 12:30:00,64.4,64.4,64.4,64.4,1391,62.2,3481
2026-06-18 12:35:00,64.4,64.4,64.4,64.4,6585,62.22,3481
2026-06-18 12:40:00,64.4,64.4,64.4,64.4,1034,62.22,3481
2026-06-18 12:45:00,64.4,64.4,64.4,64.4,1385,62.22,3481
2026-06-18 12:50:00,64.4,64.4,64.4,64.4,2433,62.23,3481
2026-06-18 12:55:00,64.4,64.4,64.4,64.4,1037,62.23,3481
2026-06-18 13:00:00,64.4,64.4,64.4,64.4,1033,62.23,3481
2026-06-18 13:05:00,64.4,64.4,64.4,64.4,1121,62.24,3481
2026-06-18 13:10:00,64.4,64.4,64.4,64.4,1308,62.24,3481
2026-06-18 13:15:00,64.4,64.4,64.4,64.4,1770,62.24,3481
2026-06-18 13:20:00,64.4,64.4,64.4,64.4,1435,62.25,3481
2026-06-18 13:30:00,64.4,64.4,64.4,64.4,2940,62.26,3481
2026-06-22 09:00:00,69.4,69.7,67.4,67.7,129198,68.89,3481
2026-06-22 09:05:00,67.6,68.8,67.3,68.1,59884,68.63,3481
2026-06-22 09:10:00,68.0,69.1,68.0,68.5,56183,68.64,3481
2026-06-22 09:15:00,68.4,68.6,68.1,68.4,30980,68.62,3481
2026-06-22 09:20:00,68.5,68.5,67.6,68.1,41308,68.54,3481
2026-06-22 09:25:00,68.1,68.6,68.0,68.6,18962,68.53,3481
2026-06-22 09:30:00,68.5,69.2,68.4,69.2,42351,68.57,3481
2026-06-22 09:35:00,69.2,69.9,69.1,69.8,46431,68.68,3481
2026-06-22 09:40:00,69.8,69.9,68.7,69.1,31401,68.73,3481
2026-06-22 09:45:00,69.1,69.1,68.2,68.6,22181,68.72,3481
2026-06-22 09:50:00,68.6,68.8,68.5,68.8,9557,68.72,3481
2026-06-22 09:55:00,68.7,69.3,68.7,68.9,15447,68.73,3481
2026-06-22 10:00:00,68.8,69.0,68.6,69.0,9607,68.73,3481
2026-06-22 10:05:00,68.9,69.3,68.9,69.0,10148,68.74,3481
2026-06-22 10:10:00,68.9,69.1,68.9,69.1,3598,68.74,3481
2026-06-22 10:15:00,69.0,69.4,69.0,69.3,7229,68.75,3481
2026-06-22 10:20:00,69.3,69.4,69.2,69.4,7254,68.75,3481
2026-06-22 10:25:00,69.4,69.4,68.2,68.4,25095,68.75,3481
2026-06-22 10:30:00,68.4,68.8,67.8,68.5,27673,68.72,3481
2026-06-22 10:35:00,68.4,68.8,68.4,68.7,5704,68.72,3481
2026-06-22 10:40:00,68.7,68.7,68.3,68.4,5105,68.72,3481
2026-06-22 10:45:00,68.4,68.6,68.1,68.1,6765,68.71,3481
2026-06-22 10:50:00,68.2,68.6,68.1,68.2,5935,68.71,3481
2026-06-22 10:55:00,68.3,68.6,68.2,68.4,4337,68.71,3481
2026-06-22 11:00:00,68.4,68.6,68.2,68.4,3723,68.7,3481
2026-06-22 11:05:00,68.5,68.6,67.9,67.9,15807,68.69,3481
2026-06-22 11:10:00,67.9,68.1,66.9,67.6,39628,68.62,3481
2026-06-22 11:15:00,67.5,68.0,67.5,68.0,12391,68.6,3481
2026-06-22 11:20:00,68.0,68.1,67.6,67.6,6666,68.6,3481
2026-06-22 11:25:00,67.6,67.7,67.1,67.1,13095,68.57,3481
2026-06-22 11:30:00,67.1,67.7,67.1,67.7,6447,68.56,3481
2026-06-22 11:35:00,67.6,67.7,67.2,67.4,6552,68.55,3481
2026-06-22 11:40:00,67.4,67.9,67.3,67.8,4004,68.55,3481
2026-06-22 11:45:00,67.8,67.8,67.7,67.8,2227,68.54,3481
2026-06-22 11:50:00,67.7,67.9,67.5,67.5,5238,68.54,3481
2026-06-22 11:55:00,67.6,67.6,67.3,67.3,3822,68.53,3481
2026-06-22 12:00:00,67.4,67.6,67.3,67.4,5738,68.52,3481
2026-06-22 12:05:00,67.4,67.4,67.0,67.0,8220,68.51,3481
2026-06-22 12:10:00,67.0,67.2,66.3,66.3,23878,68.46,3481
2026-06-22 12:15:00,66.4,66.8,66.1,66.7,16875,68.42,3481
2026-06-22 12:20:00,66.7,66.8,66.5,66.8,7410,68.4,3481
2026-06-22 12:25:00,66.7,67.3,66.6,67.1,10602,68.38,3481
2026-06-22 12:30:00,67.0,67.1,66.7,66.8,4455,68.38,3481
2026-06-22 12:35:00,66.7,67.0,66.7,67.0,3824,68.37,3481
2026-06-22 12:40:00,67.0,67.5,66.9,67.1,8356,68.36,3481
2026-06-22 12:45:00,67.1,67.2,66.8,66.8,5080,68.35,3481
2026-06-22 12:50:00,66.8,66.9,66.4,66.8,10414,68.33,3481
2026-06-22 12:55:00,66.9,66.9,66.7,66.8,3069,68.32,3481
2026-06-22 13:00:00,66.7,66.8,66.1,66.2,11699,68.3,3481
2026-06-22 13:05:00,66.2,66.6,66.1,66.2,10686,68.27,3481
2026-06-22 13:10:00,66.3,66.3,66.1,66.2,10834,68.25,3481
2026-06-22 13:15:00,66.2,67.1,66.1,66.9,21053,68.21,3481
2026-06-22 13:20:00,66.8,66.9,66.0,66.2,17815,68.17,3481
2026-06-22 13:30:00,66.0,66.0,66.0,66.0,23337,68.12,3481
2026-06-23 09:00:00,65.9,68.2,65.0,68.2,76224,66.67,3481
2026-06-23 09:05:00,68.2,69.2,67.3,68.8,48354,67.34,3481
2026-06-23 09:10:00,68.7,70.1,68.4,69.5,58106,67.98,3481
2026-06-23 09:15:00,69.5,69.5,68.2,68.8,38244,68.11,3481
2026-06-23 09:20:00,69.0,69.4,68.0,68.1,28063,68.16,3481
2026-06-23 09:25:00,68.2,68.8,68.1,68.4,13140,68.18,3481
2026-06-23 09:30:00,68.5,68.6,67.2,67.2,27446,68.15,3481
2026-06-23 09:35:00,67.2,67.4,66.2,66.4,31484,68.03,3481
2026-06-23 09:40:00,66.4,67.1,66.2,66.6,15990,67.96,3481
2026-06-23 09:45:00,66.7,66.9,66.0,66.1,22318,67.87,3481
2026-06-23 09:50:00,66.1,67.9,66.0,67.8,22421,67.82,3481
2026-06-23 09:55:00,67.8,68.2,67.3,67.8,16219,67.82,3481
2026-06-23 10:00:00,67.9,68.4,67.7,67.9,14492,67.83,3481
2026-06-23 10:05:00,67.8,68.0,67.5,67.8,6872,67.83,3481
2026-06-23 10:10:00,67.8,68.3,67.5,68.2,10878,67.83,3481
2026-06-23 10:15:00,68.2,68.5,67.6,68.5,11793,67.84,3481
2026-06-23 10:20:00,68.5,69.2,68.4,68.5,29092,67.91,3481
2026-06-23 10:25:00,68.6,69.0,68.4,68.5,8092,67.92,3481
2026-06-23 10:30:00,68.4,68.8,68.2,68.4,5417,67.92,3481
2026-06-23 10:35:00,68.5,68.6,68.2,68.3,3542,67.93,3481
2026-06-23 10:40:00,68.3,68.3,67.7,68.0,7150,67.93,3481
2026-06-23 10:45:00,68.0,68.1,67.7,67.8,2459,67.93,3481
2026-06-23 10:50:00,67.8,67.8,67.1,67.4,7236,67.92,3481
2026-06-23 10:55:00,67.4,67.4,66.6,66.6,11517,67.9,3481
2026-06-23 11:00:00,66.6,67.0,66.4,66.9,11440,67.88,3481
2026-06-23 11:05:00,66.9,66.9,66.5,66.5,6509,67.86,3481
2026-06-23 11:10:00,66.6,66.8,66.3,66.6,8814,67.84,3481
2026-06-23 11:15:00,66.6,66.8,66.5,66.7,3566,67.83,3481
2026-06-23 11:20:00,66.7,66.9,66.6,66.7,3434,67.83,3481
2026-06-23 11:25:00,66.6,66.9,66.5,66.5,4333,67.82,3481
2026-06-23 11:30:00,66.5,66.6,66.2,66.3,8194,67.8,3481
2026-06-23 11:35:00,66.4,66.4,66.0,66.0,12791,67.76,3481
2026-06-23 11:40:00,66.0,66.1,65.5,65.7,20123,67.69,3481
2026-06-23 11:45:00,65.8,66.1,65.6,66.1,7790,67.67,3481
2026-06-23 11:50:00,66.1,66.8,66.0,66.5,10439,67.65,3481
2026-06-23 11:55:00,66.5,66.8,66.3,66.8,4760,67.64,3481
2026-06-23 12:00:00,66.7,67.0,66.6,66.8,5608,67.63,3481
2026-06-23 12:05:00,66.8,67.0,66.6,66.6,5086,67.63,3481
2026-06-23 12:10:00,66.6,66.7,66.2,66.3,3682,67.62,3481
2026-06-23 12:15:00,66.3,66.4,66.0,66.1,6106,67.6,3481
2026-06-23 12:20:00,66.1,66.4,66.0,66.3,3631,67.6,3481
2026-06-23 12:25:00,66.4,66.5,66.2,66.5,2767,67.59,3481
2026-06-23 12:30:00,66.5,66.5,66.2,66.3,2789,67.59,3481
2026-06-23 12:35:00,66.3,66.4,66.2,66.4,2136,67.58,3481
2026-06-23 12:40:00,66.3,66.4,66.0,66.1,5587,67.57,3481
2026-06-23 12:45:00,66.1,66.2,65.7,65.9,17797,67.53,3481
2026-06-23 12:50:00,65.9,66.0,65.6,66.0,9484,67.5,3481
2026-06-23 12:55:00,66.0,66.0,65.8,65.9,4414,67.49,3481
2026-06-23 13:00:00,65.9,66.0,65.5,65.6,9223,67.47,3481
2026-06-23 13:05:00,65.5,66.0,65.5,65.9,10796,67.44,3481
2026-06-23 13:10:00,65.9,66.3,65.9,66.2,11151,67.42,3481
2026-06-23 13:15:00,66.3,66.3,66.0,66.2,9719,67.4,3481
2026-06-23 13:20:00,66.2,66.2,66.0,66.2,11721,67.38,3481
2026-06-23 13:30:00,66.0,66.0,66.0,66.0,17048,67.35,3481
2026-06-24 09:00:00,65.0,67.0,63.9,66.3,66533,65.56,3481
2026-06-24 09:05:00,66.2,68.8,65.8,67.9,55993,66.57,3481
2026-06-24 09:10:00,67.9,68.6,67.4,67.8,40249,66.95,3481
2026-06-24 09:15:00,67.8,69.4,67.6,68.8,57365,67.41,3481
2026-06-24 09:20:00,68.8,69.7,68.3,69.7,40841,67.7,3481
2026-06-24 09:25:00,69.6,71.5,69.4,71.5,81242,68.32,3481
2026-06-24 09:30:00,71.5,72.6,71.4,72.6,122990,69.35,3481
2026-06-24 09:35:00,72.6,72.6,72.6,72.6,22425,69.5,3481
2026-06-24 09:40:00,72.6,72.6,72.6,72.6,8820,69.56,3481
2026-06-24 09:45:00,72.6,72.6,72.6,72.6,5550,69.59,3481
2026-06-24 09:50:00,72.6,72.6,72.6,72.6,3147,69.61,3481
2026-06-24 09:55:00,72.6,72.6,72.6,72.6,2160,69.62,3481
2026-06-24 10:00:00,72.6,72.6,72.6,72.6,2023,69.63,3481
2026-06-24 10:05:00,72.6,72.6,71.4,72.0,60610,69.94,3481
2026-06-24 10:10:00,72.0,72.6,70.4,71.1,95212,70.26,3481
2026-06-24 10:15:00,71.1,71.2,69.2,70.0,37397,70.25,3481
2026-06-24 10:20:00,70.0,70.5,68.3,69.4,48936,70.19,3481
2026-06-24 10:25:00,69.4,69.9,68.5,69.9,23954,70.16,3481
2026-06-24 10:30:00,69.9,70.0,68.7,69.3,18749,70.14,3481
2026-06-24 10:35:00,69.3,69.7,68.9,69.3,7242,70.14,3481
2026-06-24 10:40:00,69.3,69.3,68.5,69.0,14604,70.11,3481
2026-06-24 10:45:00,69.0,69.4,68.3,68.6,15751,70.09,3481
2026-06-24 10:50:00,68.6,68.8,68.2,68.8,10855,70.06,3481
2026-06-24 10:55:00,68.7,69.3,68.7,69.0,8036,70.05,3481
2026-06-24 11:00:00,69.0,69.2,68.1,68.3,12337,70.03,3481
2026-06-24 11:05:00,68.4,68.6,67.6,68.5,22357,69.98,3481
2026-06-24 11:10:00,68.5,68.9,68.4,68.8,9917,69.97,3481
2026-06-24 11:15:00,68.8,68.9,68.3,68.7,6389,69.96,3481
2026-06-24 11:20:00,68.7,68.7,68.0,68.1,7262,69.94,3481
2026-06-24 11:25:00,68.0,68.6,68.0,68.3,5667,69.93,3481
2026-06-24 11:30:00,68.3,68.9,68.2,68.8,5044,69.92,3481
2026-06-24 11:35:00,68.8,69.0,68.4,68.7,6381,69.92,3481
2026-06-24 11:40:00,68.6,68.6,68.2,68.2,3362,69.91,3481
2026-06-24 11:45:00,68.2,68.5,68.1,68.5,4148,69.9,3481
2026-06-24 11:50:00,68.5,68.7,68.3,68.6,2882,69.9,3481
2026-06-24 11:55:00,68.6,68.9,68.3,68.7,4121,69.89,3481
2026-06-24 12:00:00,68.7,68.7,68.1,68.3,5503,69.88,3481
2026-06-24 12:05:00,68.3,68.3,67.7,68.1,13287,69.86,3481
2026-06-24 12:10:00,68.1,68.4,67.7,68.4,4499,69.85,3481
2026-06-24 12:15:00,68.3,68.5,68.2,68.3,3179,69.85,3481
2026-06-24 12:20:00,68.2,68.5,68.2,68.5,1842,69.84,3481
2026-06-24 12:25:00,68.5,69.1,68.4,68.6,11158,69.83,3481
2026-06-24 12:30:00,68.6,68.6,68.0,68.4,5500,69.82,3481
2026-06-24 12:35:00,68.3,68.9,68.3,68.8,5135,69.82,3481
2026-06-24 12:40:00,68.9,69.3,68.8,68.9,12808,69.81,3481
2026-06-24 12:45:00,68.9,69.5,68.8,69.3,13488,69.8,3481
2026-06-24 12:50:00,69.2,69.3,68.9,68.9,8105,69.79,3481
2026-06-24 12:55:00,69.0,69.3,68.9,69.1,5430,69.79,3481
2026-06-24 13:00:00,69.1,69.2,68.9,69.1,6184,69.78,3481
2026-06-24 13:05:00,69.1,69.5,69.1,69.4,8946,69.78,3481
2026-06-24 13:10:00,69.5,69.5,69.0,69.1,7979,69.78,3481
2026-06-24 13:15:00,69.1,69.2,69.0,69.2,5987,69.77,3481
2026-06-24 13:20:00,69.2,69.3,68.9,69.1,16079,69.76,3481
2026-06-24 13:30:00,69.4,69.4,69.4,69.4,14304,69.76,3481
2026-06-25 09:00:00,70.5,70.8,69.2,69.8,102344,70.04,3481
2026-06-25 09:05:00,69.8,69.9,68.6,69.0,37271,69.84,3481
2026-06-25 09:10:00,69.1,69.6,68.7,69.0,23356,69.73,3481
2026-06-25 09:15:00,69.0,69.9,68.6,69.7,22082,69.66,3481
2026-06-25 09:20:00,69.7,69.7,68.9,69.2,11926,69.64,3481
2026-06-25 09:25:00,69.1,69.7,68.4,68.4,25030,69.55,3481
2026-06-25 09:30:00,68.4,68.9,68.4,68.8,12637,69.5,3481
2026-06-25 09:35:00,68.8,69.2,68.6,68.7,7424,69.48,3481
2026-06-25 09:40:00,68.8,68.9,68.2,68.4,15244,69.42,3481
2026-06-25 09:45:00,68.4,68.7,68.3,68.6,6223,69.4,3481
2026-06-25 09:50:00,68.6,68.9,68.3,68.7,5826,69.38,3481
2026-06-25 09:55:00,68.6,68.7,68.0,68.6,13049,69.33,3481
2026-06-25 10:00:00,68.6,69.3,68.5,69.2,7677,69.32,3481
2026-06-25 10:05:00,69.3,69.3,68.5,68.6,7475,69.31,3481
2026-06-25 10:10:00,68.7,68.7,67.8,67.9,26702,69.2,3481
2026-06-25 10:15:00,67.8,68.5,67.6,68.4,18930,69.13,3481
2026-06-25 10:20:00,68.4,69.2,68.4,68.7,9929,69.13,3481
2026-06-25 10:25:00,68.8,69.3,68.6,69.0,7961,69.12,3481
2026-06-25 10:30:00,68.9,69.7,68.8,69.4,16115,69.14,3481
2026-06-25 10:35:00,69.4,69.5,68.7,68.8,5762,69.14,3481
2026-06-25 10:40:00,68.8,68.8,68.4,68.7,5259,69.13,3481
2026-06-25 10:45:00,68.7,69.1,68.5,68.9,3582,69.13,3481
2026-06-25 10:50:00,68.9,69.3,68.7,69.2,4681,69.13,3481
2026-06-25 10:55:00,69.3,69.6,69.1,69.4,8806,69.13,3481
2026-06-25 11:00:00,69.5,69.6,68.8,69.1,7632,69.14,3481
2026-06-25 11:05:00,69.1,69.2,68.9,69.0,2463,69.14,3481
2026-06-25 11:10:00,69.0,69.1,68.8,68.9,1918,69.13,3481
2026-06-25 11:15:00,68.9,69.7,68.8,69.7,11120,69.14,3481
2026-06-25 11:20:00,69.7,69.7,69.4,69.4,4713,69.15,3481
2026-06-25 11:25:00,69.5,69.5,68.9,69.1,3576,69.15,3481
2026-06-25 11:30:00,69.1,69.2,69.0,69.0,1140,69.15,3481
2026-06-25 11:35:00,69.1,69.2,68.9,69.1,2484,69.15,3481
2026-06-25 11:40:00,69.2,69.2,68.9,69.0,1402,69.15,3481
2026-06-25 11:45:00,69.0,69.0,68.9,69.0,824,69.15,3481
2026-06-25 11:50:00,68.9,69.2,68.9,69.0,2618,69.14,3481
2026-06-25 11:55:00,69.0,69.3,69.0,69.0,2840,69.14,3481
2026-06-25 12:00:00,69.0,69.2,68.8,69.1,3356,69.14,3481
2026-06-25 12:05:00,69.1,69.2,68.9,69.1,2924,69.14,3481
2026-06-25 12:10:00,69.1,69.2,69.0,69.1,1808,69.14,3481
2026-06-25 12:15:00,69.1,69.4,69.1,69.3,4890,69.14,3481
2026-06-25 12:20:00,69.3,69.8,69.3,69.4,14489,69.16,3481
2026-06-25 12:25:00,69.5,69.5,69.3,69.5,4410,69.16,3481
2026-06-25 12:30:00,69.5,69.5,69.1,69.2,3710,69.16,3481
2026-06-25 12:35:00,69.2,69.4,69.2,69.3,2542,69.16,3481
2026-06-25 12:40:00,69.3,69.6,69.3,69.6,6609,69.16,3481
2026-06-25 12:45:00,69.6,69.6,69.3,69.4,5382,69.17,3481
2026-06-25 12:50:00,69.4,69.4,69.3,69.3,3106,69.17,3481
2026-06-25 12:55:00,69.3,69.6,69.3,69.6,8870,69.17,3481
2026-06-25 13:00:00,69.6,70.3,69.6,69.9,32378,69.22,3481
2026-06-25 13:05:00,70.0,71.5,69.9,71.2,33301,69.31,3481
2026-06-25 13:10:00,71.1,72.0,70.7,71.4,29533,69.41,3481
2026-06-25 13:15:00,71.4,71.8,71.3,71.4,15872,69.46,3481
2026-06-25 13:20:00,71.4,71.4,71.0,71.2,14669,69.51,3481
2026-06-25 13:30:00,70.9,70.9,70.9,70.9,13827,69.53,3481
2026-06-26 09:00:00,69.3,69.9,67.9,68.0,64872,68.83,3481
2026-06-26 09:05:00,67.9,68.6,67.4,68.3,40498,68.47,3481
2026-06-26 09:10:00,68.2,68.6,67.6,68.2,20520,68.41,3481
2026-06-26 09:15:00,68.2,68.6,68.0,68.2,15547,68.4,3481
2026-06-26 09:20:00,68.3,69.2,68.1,69.0,16203,68.43,3481
2026-06-26 09:25:00,69.0,69.7,68.7,69.5,16411,68.5,3481
2026-06-26 09:30:00,69.5,70.9,69.1,69.6,32088,68.75,3481
2026-06-26 09:35:00,69.6,69.9,68.8,69.3,13949,68.79,3481
2026-06-26 09:40:00,69.3,69.4,68.5,68.5,13394,68.79,3481
2026-06-26 09:45:00,68.5,68.7,67.9,68.5,24753,68.73,3481
2026-06-26 09:50:00,68.5,68.7,68.1,68.3,8922,68.72,3481
2026-06-26 09:55:00,68.3,68.7,68.2,68.7,3653,68.72,3481
2026-06-26 10:00:00,68.7,69.0,68.5,68.7,6358,68.72,3481
2026-06-26 10:05:00,68.7,68.9,68.4,68.8,5339,68.72,3481
2026-06-26 10:10:00,68.8,69.0,68.5,68.7,2913,68.72,3481
2026-06-26 10:15:00,68.7,68.8,68.2,68.3,5573,68.71,3481
2026-06-26 10:20:00,68.3,68.4,68.1,68.1,6372,68.7,3481
2026-06-26 10:25:00,68.1,68.4,67.8,68.4,15574,68.67,3481
2026-06-26 10:30:00,68.3,68.5,67.9,68.0,5698,68.66,3481
2026-06-26 10:35:00,68.0,68.0,67.5,67.8,22069,68.6,3481
2026-06-26 10:40:00,67.8,67.9,67.3,67.3,21219,68.54,3481
2026-06-26 10:45:00,67.3,67.4,66.5,66.5,30615,68.42,3481
2026-06-26 10:50:00,66.6,67.2,66.5,67.2,16063,68.35,3481
2026-06-26 10:55:00,67.2,67.3,66.9,67.2,7725,68.33,3481
2026-06-26 11:00:00,67.2,67.2,66.0,66.1,18485,68.25,3481
2026-06-26 11:05:00,66.0,66.2,65.5,66.0,22386,68.13,3481
2026-06-26 11:10:00,66.0,67.0,65.5,66.9,14657,68.07,3481
2026-06-26 11:15:00,66.9,67.3,66.8,67.3,10130,68.05,3481
2026-06-26 11:20:00,67.3,67.4,66.4,66.5,7767,68.03,3481
2026-06-26 11:25:00,66.5,67.0,66.4,67.0,4375,68.02,3481
2026-06-26 11:30:00,67.0,67.1,66.6,66.7,3702,68.01,3481
2026-06-26 11:35:00,66.7,67.0,66.5,66.6,4031,68.0,3481
2026-06-26 11:40:00,66.7,67.0,66.6,67.0,2560,67.99,3481
2026-06-26 11:45:00,66.9,67.1,66.6,66.6,4413,67.98,3481
2026-06-26 11:50:00,66.7,67.2,66.6,67.2,2686,67.98,3481
2026-06-26 11:55:00,67.2,67.5,67.1,67.3,7820,67.97,3481
2026-06-26 12:00:00,67.4,67.4,67.1,67.2,3461,67.96,3481
2026-06-26 12:05:00,67.3,67.3,67.0,67.1,2174,67.96,3481
2026-06-26 12:10:00,67.1,67.2,67.0,67.2,2183,67.95,3481
2026-06-26 12:15:00,67.2,67.4,67.1,67.3,2233,67.95,3481
2026-06-26 12:20:00,67.3,67.3,67.0,67.1,3899,67.95,3481
2026-06-26 12:25:00,67.1,67.1,66.8,66.9,6206,67.93,3481
2026-06-26 12:30:00,66.9,67.0,66.7,66.8,3153,67.93,3481
2026-06-26 12:35:00,66.7,66.8,66.5,66.6,5610,67.91,3481
2026-06-26 12:40:00,66.5,66.6,66.1,66.2,10698,67.88,3481
2026-06-26 12:45:00,66.3,66.3,66.1,66.1,5666,67.87,3481
2026-06-26 12:50:00,66.1,66.2,65.5,65.9,21260,67.79,3481
2026-06-26 12:55:00,65.8,66.0,65.6,65.8,7288,67.77,3481
2026-06-26 13:00:00,65.8,65.8,65.5,65.5,11973,67.73,3481
2026-06-26 13:05:00,65.5,65.6,64.8,64.8,34373,67.59,3481
2026-06-26 13:10:00,64.9,65.2,64.8,65.2,15594,67.53,3481
2026-06-26 13:15:00,65.2,65.2,64.0,64.1,36414,67.37,3481
2026-06-26 13:20:00,64.2,65.0,64.0,64.9,17755,67.3,3481
2026-06-26 13:30:00,65.0,65.0,65.0,65.0,15612,67.25,3481
2026-06-29 09:00:00,65.2,66.6,63.5,66.4,63441,64.83,3481
2026-06-29 09:05:00,66.4,67.6,66.1,66.8,32925,65.56,3481
2026-06-29 09:10:00,66.8,67.4,66.4,66.9,22893,65.82,3481
2026-06-29 09:15:00,66.8,67.4,66.5,67.3,16389,65.95,3481
2026-06-29 09:20:00,67.4,68.2,66.7,67.7,36636,66.33,3481
2026-06-29 09:25:00,67.7,68.2,67.0,67.1,17584,66.46,3481
2026-06-29 09:30:00,67.1,67.5,66.8,67.3,12957,66.5,3481
2026-06-29 09:35:00,67.2,68.4,67.2,68.1,26874,66.66,3481
2026-06-29 09:40:00,68.1,68.1,67.8,68.1,8986,66.71,3481
2026-06-29 09:45:00,68.1,68.7,68.0,68.0,23601,66.86,3481
2026-06-29 09:50:00,68.0,68.3,67.8,68.1,8472,66.9,3481
2026-06-29 09:55:00,68.0,68.1,67.6,67.7,6967,66.92,3481
2026-06-29 10:00:00,67.7,68.4,67.5,67.6,7871,66.95,3481
2026-06-29 10:05:00,67.7,67.7,66.9,66.9,13902,66.97,3481
2026-06-29 10:10:00,66.9,67.1,66.3,66.3,17445,66.95,3481
2026-06-29 10:15:00,66.3,67.4,66.2,67.2,11312,66.94,3481
2026-06-29 10:20:00,67.2,67.7,67.1,67.2,5644,66.95,3481
2026-06-29 10:25:00,67.2,67.7,67.0,67.5,4869,66.96,3481
2026-06-29 10:30:00,67.5,67.8,67.5,67.6,4629,66.97,3481
2026-06-29 10:35:00,67.6,67.7,67.4,67.5,2394,66.97,3481
2026-06-29 10:40:00,67.6,68.1,67.5,67.8,11360,67.0,3481
2026-06-29 10:45:00,67.8,68.0,67.4,67.7,3216,67.01,3481
2026-06-29 10:50:00,67.8,67.8,67.4,67.4,2146,67.01,3481
2026-06-29 10:55:00,67.4,68.9,67.4,68.7,36308,67.14,3481
2026-06-29 11:00:00,68.6,69.2,68.6,68.7,27296,67.26,3481
2026-06-29 11:05:00,68.7,69.3,68.5,69.3,11018,67.3,3481
2026-06-29 11:10:00,69.3,69.3,68.5,68.5,8271,67.33,3481
2026-06-29 11:15:00,68.6,69.0,68.3,68.3,5977,67.35,3481
2026-06-29 11:20:00,68.3,68.5,68.2,68.4,5443,67.36,3481
2026-06-29 11:25:00,68.4,68.9,68.1,68.6,4069,67.37,3481
2026-06-29 11:30:00,68.6,68.9,67.7,67.9,10016,67.39,3481
2026-06-29 11:35:00,68.0,68.1,67.6,67.7,6501,67.39,3481
2026-06-29 11:40:00,67.7,67.8,67.2,67.4,7874,67.39,3481
2026-06-29 11:45:00,67.3,68.0,67.2,67.9,6214,67.4,3481
2026-06-29 11:50:00,67.9,68.6,67.8,68.5,8951,67.41,3481
2026-06-29 11:55:00,68.5,68.7,68.0,68.3,4970,67.42,3481
2026-06-29 12:00:00,68.4,68.5,68.1,68.3,2650,67.43,3481
2026-06-29 12:05:00,68.3,68.4,67.9,68.0,3057,67.43,3481
2026-06-29 12:10:00,68.1,68.4,67.9,68.1,2953,67.43,3481
2026-06-29 12:15:00,68.1,68.2,67.8,67.9,1843,67.44,3481
2026-06-29 12:20:00,67.9,68.1,67.8,68.0,2970,67.44,3481
2026-06-29 12:25:00,68.0,68.1,67.5,67.5,4101,67.44,3481
2026-06-29 12:30:00,67.5,67.6,67.3,67.3,5115,67.44,3481
2026-06-29 12:35:00,67.3,67.8,67.1,67.6,5718,67.44,3481
2026-06-29 12:40:00,67.6,67.6,67.0,67.3,5721,67.44,3481
2026-06-29 12:45:00,67.3,67.8,67.2,67.7,2976,67.44,3481
2026-06-29 12:50:00,67.7,67.9,67.5,67.8,2395,67.44,3481
2026-06-29 12:55:00,67.8,67.9,67.3,67.4,2832,67.44,3481
2026-06-29 13:00:00,67.5,67.6,67.4,67.6,2911,67.44,3481
2026-06-29 13:05:00,67.5,68.1,67.5,67.9,8596,67.45,3481
2026-06-29 13:10:00,67.9,67.9,67.7,67.8,4332,67.45,3481
2026-06-29 13:15:00,67.7,67.9,67.6,67.6,7732,67.45,3481
2026-06-29 13:20:00,67.6,67.7,67.1,67.2,14048,67.45,3481
2026-06-29 13:30:00,67.0,67.0,67.0,67.0,13105,67.44,3481
2026-06-30 09:00:00,69.3,70.4,68.6,70.2,66673,69.61,3481
2026-06-30 09:05:00,70.1,71.0,69.5,69.7,45927,69.94,3481
2026-06-30 09:10:00,69.6,70.8,69.6,70.8,28429,70.0,3481
2026-06-30 09:15:00,70.7,70.9,70.1,70.4,19324,70.07,3481
2026-06-30 09:20:00,70.5,70.8,70.4,70.6,16723,70.13,3481
2026-06-30 09:25:00,70.6,70.7,70.3,70.6,13358,70.15,3481
2026-06-30 09:30:00,70.6,70.7,69.6,69.7,17598,70.15,3481
2026-06-30 09:35:00,69.7,69.8,68.5,68.5,35225,70.03,3481
2026-06-30 09:40:00,68.7,69.3,68.5,69.1,17403,69.96,3481
2026-06-30 09:45:00,69.1,70.0,68.9,69.9,13418,69.94,3481
2026-06-30 09:50:00,69.9,69.9,69.6,69.9,5919,69.94,3481
2026-06-30 09:55:00,69.9,70.3,69.8,69.9,15071,69.94,3481
2026-06-30 10:00:00,69.9,70.0,69.6,70.0,3786,69.94,3481
2026-06-30 10:05:00,69.9,70.4,69.9,69.9,10774,69.95,3481
2026-06-30 10:10:00,69.9,70.0,69.7,70.0,3122,69.95,3481
2026-06-30 10:15:00,70.0,70.0,69.4,69.8,7351,69.94,3481
2026-06-30 10:20:00,69.8,70.0,69.6,69.6,3115,69.94,3481
2026-06-30 10:25:00,69.7,70.2,69.6,70.0,8948,69.94,3481
2026-06-30 10:30:00,69.9,70.2,69.8,70.1,4570,69.94,3481
2026-06-30 10:35:00,70.0,70.2,69.9,70.0,4217,69.94,3481
2026-06-30 10:40:00,70.0,70.0,69.6,69.6,2590,69.94,3481
2026-06-30 10:45:00,69.7,69.8,69.5,69.5,3888,69.94,3481
2026-06-30 10:50:00,69.6,69.7,69.3,69.7,4796,69.93,3481
2026-06-30 10:55:00,69.7,69.8,69.5,69.6,1432,69.93,3481
2026-06-30 11:00:00,69.6,69.7,69.4,69.6,2628,69.93,3481
2026-06-30 11:05:00,69.6,69.7,69.4,69.7,1991,69.93,3481
2026-06-30 11:10:00,69.7,69.8,69.5,69.5,2284,69.92,3481
2026-06-30 11:15:00,69.6,69.6,69.1,69.3,7311,69.91,3481
2026-06-30 11:20:00,69.3,69.4,69.0,69.0,6985,69.9,3481
2026-06-30 11:25:00,69.0,69.4,69.0,69.4,3272,69.89,3481
2026-06-30 11:30:00,69.3,69.6,69.3,69.4,2145,69.89,3481
2026-06-30 11:35:00,69.5,69.5,69.1,69.1,2220,69.89,3481
2026-06-30 11:40:00,69.1,69.4,69.1,69.4,2105,69.88,3481
2026-06-30 11:45:00,69.4,69.7,69.3,69.6,3808,69.88,3481
2026-06-30 11:50:00,69.6,69.6,69.2,69.3,1922,69.88,3481
2026-06-30 11:55:00,69.3,69.4,69.2,69.2,1369,69.87,3481
2026-06-30 12:00:00,69.3,69.5,69.2,69.5,1389,69.87,3481
2026-06-30 12:05:00,69.4,69.7,69.4,69.5,3130,69.87,3481
2026-06-30 12:10:00,69.5,69.6,69.4,69.5,1262,69.87,3481
2026-06-30 12:15:00,69.6,69.6,69.3,69.4,2200,69.87,3481
2026-06-30 12:20:00,69.5,69.6,69.4,69.5,3047,69.86,3481
2026-06-30 12:25:00,69.5,70.2,69.5,69.7,25477,69.87,3481
2026-06-30 12:30:00,69.8,69.8,69.4,69.6,3493,69.87,3481
2026-06-30 12:35:00,69.6,69.8,69.5,69.7,2185,69.86,3481
2026-06-30 12:40:00,69.7,69.9,69.6,69.7,3635,69.86,3481
2026-06-30 12:45:00,69.8,69.9,69.5,69.6,3089,69.86,3481
2026-06-30 12:50:00,69.7,69.7,69.6,69.7,2743,69.86,3481
2026-06-30 12:55:00,69.7,69.8,69.5,69.6,4853,69.86,3481
2026-06-30 13:00:00,69.6,69.6,69.4,69.5,7116,69.85,3481
2026-06-30 13:05:00,69.4,69.5,69.3,69.4,6241,69.85,3481
2026-06-30 13:10:00,69.4,69.4,69.1,69.2,8972,69.84,3481
2026-06-30 13:15:00,69.2,69.3,68.8,69.0,13469,69.81,3481
2026-06-30 13:20:00,69.0,69.0,68.6,68.8,14347,69.78,3481
2026-06-30 13:30:00,68.7,68.7,68.7,68.7,20638,69.74,3481
2026-07-01 09:00:00,70.8,72.5,70.8,71.8,67017,71.6,3481
2026-07-01 09:05:00,71.8,72.3,71.0,72.0,38939,71.63,3481
2026-07-01 09:10:00,72.1,72.4,71.2,71.3,29058,71.71,3481
2026-07-01 09:15:00,71.3,71.6,70.7,71.5,22786,71.63,3481
2026-07-01 09:20:00,71.5,71.5,70.8,70.8,12025,71.6,3481
2026-07-01 09:25:00,70.8,70.9,70.1,70.3,25841,71.44,3481
2026-07-01 09:30:00,70.4,70.4,69.1,69.4,30633,71.2,3481
2026-07-01 09:35:00,69.3,69.4,68.4,68.9,33444,70.9,3481
2026-07-01 09:40:00,69.0,69.4,68.4,69.4,16732,70.78,3481
2026-07-01 09:45:00,69.4,69.4,68.1,68.9,17077,70.66,3481
2026-07-01 09:50:00,68.9,69.3,68.3,69.3,11392,70.59,3481
2026-07-01 09:55:00,69.2,69.7,68.9,69.0,12245,70.54,3481
2026-07-01 10:00:00,69.0,69.2,68.8,68.8,3649,70.52,3481
2026-07-01 10:05:00,68.9,69.1,68.8,68.9,2813,70.51,3481
2026-07-01 10:10:00,69.0,69.4,68.8,69.4,3890,70.49,3481
2026-07-01 10:15:00,69.3,70.7,69.3,70.4,28478,70.47,3481
2026-07-01 10:20:00,70.4,70.8,70.0,70.0,15572,70.47,3481
2026-07-01 10:25:00,70.0,70.1,69.7,69.8,6055,70.46,3481
2026-07-01 10:30:00,69.8,70.0,69.7,69.8,3353,70.45,3481
2026-07-01 10:35:00,69.8,69.9,69.5,69.5,4382,70.45,3481
2026-07-01 10:40:00,69.6,69.9,69.5,69.7,2701,70.44,3481
2026-07-01 10:45:00,69.7,69.7,69.1,69.3,4587,70.43,3481
2026-07-01 10:50:00,69.4,69.5,69.2,69.4,2092,70.42,3481
2026-07-01 10:55:00,69.4,69.5,69.1,69.1,3424,70.41,3481
2026-07-01 11:00:00,69.1,69.2,68.8,68.9,6332,70.39,3481
2026-07-01 11:05:00,68.9,69.3,68.8,69.2,1949,70.38,3481
2026-07-01 11:10:00,69.2,69.2,69.0,69.1,1506,70.38,3481
2026-07-01 11:15:00,69.1,69.1,68.6,68.8,7762,70.35,3481
2026-07-01 11:20:00,68.8,69.0,68.7,68.9,2405,70.34,3481
2026-07-01 11:25:00,68.9,69.0,68.8,68.9,1323,70.34,3481
2026-07-01 11:30:00,69.0,69.0,68.5,68.6,5522,70.31,3481
2026-07-01 11:35:00,68.7,68.9,68.6,68.7,2016,70.31,3481
2026-07-01 11:40:00,68.8,68.8,68.2,68.5,12130,70.26,3481
2026-07-01 11:45:00,68.5,68.8,68.3,68.8,4131,70.24,3481
2026-07-01 11:50:00,68.8,68.9,68.6,68.9,2872,70.23,3481
2026-07-01 11:55:00,68.9,68.9,68.7,68.8,1738,70.22,3481
2026-07-01 12:00:00,68.8,68.8,68.6,68.7,1936,70.22,3481
2026-07-01 12:05:00,68.7,68.8,68.5,68.7,2367,70.21,3481
2026-07-01 12:10:00,68.6,68.7,68.3,68.3,3811,70.19,3481
2026-07-01 12:15:00,68.4,68.5,67.8,67.8,16577,70.12,3481
2026-07-01 12:20:00,67.8,68.5,67.8,68.3,6149,70.1,3481
2026-07-01 12:25:00,68.3,68.5,68.1,68.5,2717,70.09,3481
2026-07-01 12:30:00,68.5,68.7,68.3,68.6,3680,70.07,3481
2026-07-01 12:35:00,68.5,68.7,68.5,68.5,1287,70.07,3481
2026-07-01 12:40:00,68.5,69.3,68.5,69.1,12531,70.04,3481
2026-07-01 12:45:00,69.2,69.5,68.7,68.8,7170,70.03,3481
2026-07-01 12:50:00,68.8,69.0,68.8,68.9,2047,70.03,3481
2026-07-01 12:55:00,68.9,68.9,68.5,68.7,3579,70.02,3481
2026-07-01 13:00:00,68.8,68.9,68.4,68.5,5539,70.0,3481
2026-07-01 13:05:00,68.4,68.6,68.0,68.0,8239,69.98,3481
2026-07-01 13:10:00,68.0,68.1,67.5,67.5,13227,69.92,3481
2026-07-01 13:15:00,67.5,67.9,67.5,67.7,11006,69.88,3481
2026-07-01 13:20:00,67.7,67.7,67.1,67.4,19606,69.79,3481
2026-07-01 13:30:00,67.4,67.4,67.4,67.4,13979,69.74,3481
2026-07-02 09:00:00,66.1,66.9,65.2,65.9,47089,65.95,3481
2026-07-02 09:05:00,66.0,68.0,65.9,67.5,30408,66.44,3481
2026-07-02 09:10:00,67.4,68.2,67.4,67.6,20395,66.71,3481
2026-07-02 09:15:00,67.6,68.4,67.2,68.3,17046,66.88,3481
2026-07-02 09:20:00,68.2,68.3,67.8,68.0,10260,66.98,3481
2026-07-02 09:25:00,67.9,68.5,67.9,68.5,9886,67.06,3481
2026-07-02 09:30:00,68.4,69.4,68.3,69.4,20817,67.29,3481
2026-07-02 09:35:00,69.3,69.7,69.1,69.2,20322,67.54,3481
2026-07-02 09:40:00,69.2,69.3,68.7,68.9,11627,67.63,3481
2026-07-02 09:45:00,69.0,69.4,68.6,69.3,8888,67.69,3481
2026-07-02 09:50:00,69.3,69.5,68.9,68.9,7250,67.74,3481
2026-07-02 09:55:00,68.9,69.1,68.6,69.1,6229,67.78,3481
2026-07-02 10:00:00,69.0,69.1,68.6,68.9,3914,67.8,3481
2026-07-02 10:05:00,68.9,69.8,68.8,69.1,19693,67.94,3481
2026-07-02 10:10:00,69.1,69.1,68.7,68.7,4594,67.96,3481
2026-07-02 10:15:00,68.7,68.9,68.4,68.4,8192,67.98,3481
2026-07-02 10:20:00,68.5,68.9,68.2,68.3,5447,67.99,3481
2026-07-02 10:25:00,68.3,68.5,67.8,68.0,11486,67.99,3481
2026-07-02 10:30:00,67.9,68.2,67.9,67.9,4303,67.99,3481
2026-07-02 10:35:00,68.0,68.6,67.8,68.4,4721,68.0,3481
2026-07-02 10:40:00,68.4,68.6,68.3,68.5,1594,68.0,3481
2026-07-02 10:45:00,68.5,69.3,68.4,68.5,9791,68.03,3481
2026-07-02 10:50:00,68.6,68.6,68.4,68.4,1744,68.03,3481
2026-07-02 10:55:00,68.5,68.8,68.4,68.7,1638,68.04,3481
2026-07-02 11:00:00,68.6,68.7,68.0,68.0,3974,68.04,3481
2026-07-02 11:05:00,68.0,68.1,67.4,67.5,11721,68.03,3481
2026-07-02 11:10:00,67.5,67.8,67.4,67.7,5746,68.02,3481
2026-07-02 11:15:00,67.7,67.8,67.2,67.2,7738,68.01,3481
2026-07-02 11:20:00,67.2,67.7,67.2,67.4,5628,68.0,3481
2026-07-02 11:25:00,67.4,67.4,67.2,67.2,2884,67.99,3481
2026-07-02 11:30:00,67.3,67.7,67.2,67.6,3157,67.99,3481
2026-07-02 11:35:00,67.7,67.7,67.5,67.5,1478,67.99,3481
2026-07-02 11:40:00,67.6,67.6,67.3,67.3,2280,67.98,3481
2026-07-02 11:45:00,67.4,67.4,67.0,67.3,5820,67.97,3481
2026-07-02 11:50:00,67.3,67.3,67.0,67.2,3593,67.96,3481
2026-07-02 11:55:00,67.2,67.2,66.7,66.8,8207,67.94,3481
2026-07-02 12:00:00,66.8,67.0,66.7,66.9,3668,67.92,3481
2026-07-02 12:05:00,67.0,67.0,66.8,67.0,2026,67.92,3481
2026-07-02 12:10:00,66.9,67.3,66.8,67.3,3663,67.91,3481
2026-07-02 12:15:00,67.3,67.4,67.1,67.3,1836,67.91,3481
2026-07-02 12:20:00,67.3,67.6,67.2,67.6,2458,67.9,3481
2026-07-02 12:25:00,67.6,67.7,67.5,67.6,2859,67.9,3481
2026-07-02 12:30:00,67.6,67.8,67.5,67.8,2573,67.9,3481
2026-07-02 12:35:00,67.8,68.2,67.7,68.0,8623,67.9,3481
2026-07-02 12:40:00,68.0,68.1,67.5,67.6,3217,67.9,3481
2026-07-02 12:45:00,67.6,67.7,67.5,67.5,1370,67.9,3481
2026-07-02 12:50:00,67.5,67.7,67.5,67.5,1975,67.9,3481
2026-07-02 12:55:00,67.5,67.6,67.4,67.4,2126,67.89,3481
2026-07-02 13:00:00,67.4,67.6,67.1,67.1,5445,67.89,3481
2026-07-02 13:05:00,67.2,67.5,67.2,67.5,3454,67.88,3481
2026-07-02 13:10:00,67.4,67.7,67.4,67.6,3740,67.88,3481
2026-07-02 13:15:00,67.6,67.7,67.4,67.5,6614,67.87,3481
2026-07-02 13:20:00,67.5,67.7,67.4,67.7,8188,67.87,3481
2026-07-02 13:30:00,67.6,67.6,67.6,67.6,10008,67.86,3481
2026-07-03 09:00:00,66.8,67.2,65.8,66.7,43948,66.42,3481
2026-07-03 09:05:00,66.8,67.3,66.5,66.8,17773,66.55,3481
2026-07-03 09:10:00,66.8,66.9,66.3,66.5,11081,66.56,3481
2026-07-03 09:15:00,66.4,66.9,66.3,66.7,5938,66.56,3481
2026-07-03 09:20:00,66.7,67.0,66.4,66.4,7856,66.58,3481
2026-07-03 09:25:00,66.5,66.5,66.0,66.4,12191,66.54,3481
2026-07-03 09:30:00,66.4,66.4,66.1,66.4,5300,66.52,3481
2026-07-03 09:35:00,66.4,66.5,66.2,66.4,3251,66.52,3481
2026-07-03 09:40:00,66.4,66.9,66.4,66.6,6400,66.53,3481
2026-07-03 09:45:00,66.5,67.2,66.5,66.6,8681,66.55,3481
2026-07-03 09:50:00,66.7,66.8,66.5,66.6,2890,66.56,3481
2026-07-03 09:55:00,66.6,66.7,66.3,66.4,3583,66.55,3481
2026-07-03 10:00:00,66.4,66.7,66.3,66.7,1752,66.55,3481
2026-07-03 10:05:00,66.6,66.8,66.6,66.7,1625,66.55,3481
2026-07-03 10:10:00,66.6,66.8,66.5,66.6,2388,66.56,3481
2026-07-03 10:15:00,66.5,66.5,66.4,66.5,2435,66.55,3481
2026-07-03 10:20:00,66.4,66.5,66.4,66.4,1820,66.55,3481
2026-07-03 10:25:00,66.5,66.5,66.2,66.4,4649,66.55,3481
2026-07-03 10:30:00,66.4,66.8,66.4,66.7,3064,66.55,3481
2026-07-03 10:35:00,66.6,67.3,66.6,66.9,12802,66.59,3481
2026-07-03 10:40:00,66.8,66.9,66.3,66.4,4691,66.58,3481
2026-07-03 10:45:00,66.4,66.5,66.3,66.5,1937,66.58,3481
2026-07-03 10:50:00,66.4,66.5,66.3,66.4,2661,66.58,3481
2026-07-03 10:55:00,66.4,66.5,66.3,66.4,1240,66.58,3481
2026-07-03 11:00:00,66.5,66.5,66.3,66.4,1488,66.58,3481
2026-07-03 11:05:00,66.4,66.5,66.3,66.3,1432,66.57,3481
2026-07-03 11:10:00,66.4,66.4,66.3,66.4,970,66.57,3481
2026-07-03 11:15:00,66.4,66.4,66.2,66.3,3447,66.57,3481
2026-07-03 11:20:00,66.2,66.3,66.0,66.1,8324,66.55,3481
2026-07-03 11:25:00,66.1,66.4,66.0,66.4,8190,66.53,3481
2026-07-03 11:30:00,66.4,66.6,66.3,66.4,2068,66.53,3481
2026-07-03 11:35:00,66.4,66.5,66.1,66.1,1830,66.52,3481
2026-07-03 11:40:00,66.2,66.2,66.0,66.0,3423,66.52,3481
2026-07-03 11:45:00,66.1,66.2,66.0,66.2,1602,66.51,3481
2026-07-03 11:50:00,66.1,66.3,66.1,66.2,1404,66.51,3481
2026-07-03 11:55:00,66.2,66.5,66.2,66.4,1428,66.51,3481
2026-07-03 12:00:00,66.5,66.6,66.3,66.4,2951,66.51,3481
2026-07-03 12:05:00,66.4,66.7,66.4,66.7,2718,66.51,3481
2026-07-03 12:10:00,66.7,66.7,66.4,66.5,1639,66.51,3481
2026-07-03 12:15:00,66.5,67.2,66.4,67.0,13246,66.54,3481
2026-07-03 12:20:00,67.0,67.3,66.7,66.7,6119,66.55,3481
2026-07-03 12:25:00,66.7,66.8,66.6,66.7,1541,66.55,3481
2026-07-03 12:30:00,66.7,66.7,66.5,66.6,2402,66.55,3481
2026-07-03 12:35:00,66.6,66.6,66.4,66.4,2871,66.55,3481
2026-07-03 12:40:00,66.4,66.6,66.4,66.5,1656,66.55,3481
2026-07-03 12:45:00,66.5,66.6,66.4,66.6,1907,66.55,3481
2026-07-03 12:50:00,66.6,66.6,66.4,66.4,3426,66.55,3481
2026-07-03 12:55:00,66.4,66.5,66.3,66.4,4432,66.55,3481
2026-07-03 13:00:00,66.4,66.4,66.3,66.4,2233,66.54,3481
2026-07-03 13:05:00,66.3,66.4,66.2,66.2,4605,66.54,3481
2026-07-03 13:10:00,66.3,66.3,66.1,66.1,6164,66.53,3481
2026-07-03 13:15:00,66.2,66.2,66.0,66.2,10618,66.51,3481
2026-07-03 13:20:00,66.1,66.2,66.0,66.1,10620,66.5,3481
2026-07-03 13:30:00,66.0,66.0,66.0,66.0,12907,66.48,3481
2026-07-06 09:00:00,66.6,67.3,66.0,66.8,37508,66.61,3481
2026-07-06 09:05:00,66.8,67.1,66.5,66.8,11332,66.65,3481
2026-07-06 09:10:00,66.8,68.4,66.8,68.0,30665,67.06,3481
2026-07-06 09:15:00,68.0,68.2,67.6,67.8,10795,67.15,3481
2026-07-06 09:20:00,67.8,68.8,67.7,68.6,25285,67.41,3481
2026-07-06 09:25:00,68.6,68.8,68.0,68.2,16681,67.55,3481
2026-07-06 09:30:00,68.3,69.5,68.2,69.2,33167,67.84,3481
2026-07-06 09:35:00,69.2,70.0,68.7,69.9,30943,68.1,3481
2026-07-06 09:40:00,70.0,70.1,69.2,69.4,26746,68.3,3481
2026-07-06 09:45:00,69.5,69.7,69.0,69.0,8961,68.34,3481
2026-07-06 09:50:00,69.0,69.1,68.5,68.7,11503,68.37,3481
2026-07-06 09:55:00,68.7,69.8,68.6,69.1,13289,68.42,3481
2026-07-06 10:00:00,69.1,69.6,69.1,69.6,7456,68.45,3481
2026-07-06 10:05:00,69.6,69.6,68.8,68.8,3705,68.46,3481
2026-07-06 10:10:00,68.8,68.8,68.0,68.1,12042,68.46,3481
2026-07-06 10:15:00,68.1,68.5,67.9,68.3,10672,68.45,3481
2026-07-06 10:20:00,68.3,69.2,68.2,68.7,7683,68.45,3481
2026-07-06 10:25:00,68.8,69.1,68.6,68.7,3759,68.46,3481
2026-07-06 10:30:00,68.8,69.2,68.6,68.8,7518,68.47,3481
2026-07-06 10:35:00,68.8,69.0,68.6,68.6,3540,68.48,3481
2026-07-06 10:40:00,68.8,68.8,68.1,68.2,7217,68.48,3481
2026-07-06 10:45:00,68.2,68.4,67.7,67.9,10455,68.46,3481
2026-07-06 10:50:00,68.0,68.9,67.9,68.9,6967,68.46,3481
2026-07-06 10:55:00,68.9,69.1,68.6,69.1,9638,68.47,3481
2026-07-06 11:00:00,69.1,69.3,68.6,69.2,7810,68.48,3481
2026-07-06 11:05:00,69.2,69.3,68.7,69.2,5791,68.49,3481
2026-07-06 11:10:00,69.3,69.6,69.1,69.2,17079,68.54,3481
2026-07-06 11:15:00,69.3,69.6,69.2,69.4,7871,68.55,3481
2026-07-06 11:20:00,69.4,69.8,69.3,69.8,10527,68.58,3481
2026-07-06 11:25:00,69.8,69.9,69.2,69.3,8419,68.6,3481
2026-07-06 11:30:00,69.4,69.5,69.2,69.3,1993,68.61,3481
2026-07-06 11:35:00,69.4,69.5,69.1,69.2,2576,68.61,3481
2026-07-06 11:40:00,69.2,69.3,68.9,69.0,2774,68.61,3481
2026-07-06 11:45:00,69.0,69.2,68.8,69.0,2660,68.62,3481
2026-07-06 11:50:00,69.0,69.4,68.9,69.3,3159,68.62,3481
2026-07-06 11:55:00,69.3,69.8,69.2,69.8,8245,68.64,3481
2026-07-06 12:00:00,69.8,69.8,69.2,69.5,5519,68.65,3481
2026-07-06 12:05:00,69.5,69.5,69.2,69.3,1730,68.65,3481
2026-07-06 12:10:00,69.3,69.7,69.2,69.6,4927,68.66,3481
2026-07-06 12:15:00,69.6,69.7,69.4,69.4,1889,68.67,3481
2026-07-06 12:20:00,69.4,69.6,69.4,69.4,2139,68.67,3481
2026-07-06 12:25:00,69.4,69.5,69.3,69.4,1885,68.67,3481
2026-07-06 12:30:00,69.4,69.5,69.3,69.5,2686,68.68,3481
2026-07-06 12:35:00,69.5,69.6,69.5,69.5,4434,68.69,3481
2026-07-06 12:40:00,69.5,69.6,69.3,69.4,3346,68.69,3481
2026-07-06 12:45:00,69.5,69.5,69.0,69.0,3485,68.7,3481
2026-07-06 12:50:00,69.0,69.5,69.0,69.4,4289,68.7,3481
2026-07-06 12:55:00,69.5,69.5,69.2,69.3,3040,68.71,3481
2026-07-06 13:00:00,69.3,69.5,69.1,69.3,5179,68.71,3481
2026-07-06 13:05:00,69.2,69.8,69.2,69.5,15232,68.74,3481
2026-07-06 13:10:00,69.5,69.6,69.4,69.4,5163,68.75,3481
2026-07-06 13:15:00,69.5,69.6,69.4,69.4,5723,68.76,3481
2026-07-06 13:20:00,69.5,69.5,69.1,69.2,7514,68.76,3481
2026-07-06 13:30:00,69.2,69.2,69.2,69.2,11663,68.77,3481
2026-07-07 09:00:00,70.2,72.0,69.6,70.9,80518,70.7,3481
2026-07-07 09:05:00,71.0,72.2,70.9,71.7,56072,71.12,3481
2026-07-07 09:10:00,71.6,72.0,71.0,71.7,29409,71.18,3481
2026-07-07 09:15:00,71.8,71.8,70.5,70.7,28314,71.16,3481
2026-07-07 09:20:00,70.6,70.7,69.3,69.4,37937,70.96,3481
2026-07-07 09:25:00,69.4,69.9,69.0,69.6,24738,70.83,3481
2026-07-07 09:30:00,69.6,70.0,69.3,69.8,10989,70.78,3481
2026-07-07 09:35:00,69.7,70.0,69.6,69.8,7027,70.75,3481
2026-07-07 09:40:00,69.8,69.8,69.3,69.6,10364,70.71,3481
2026-07-07 09:45:00,69.6,69.8,69.5,69.7,3375,70.7,3481
2026-07-07 09:50:00,69.6,69.7,69.1,69.4,12323,70.64,3481
2026-07-07 09:55:00,69.4,69.5,68.7,68.7,15672,70.56,3481
2026-07-07 10:00:00,68.8,69.1,68.4,68.8,16056,70.47,3481
2026-07-07 10:05:00,68.7,69.1,68.7,68.9,5053,70.45,3481
2026-07-07 10:10:00,68.9,69.0,68.4,68.7,8716,70.4,3481
2026-07-07 10:15:00,68.7,68.9,68.6,68.8,2465,70.39,3481
2026-07-07 10:20:00,68.9,68.9,68.1,68.2,10288,70.34,3481
2026-07-07 10:25:00,68.2,68.5,68.2,68.5,4860,70.31,3481
2026-07-07 10:30:00,68.5,68.6,68.1,68.6,6807,70.27,3481
2026-07-07 10:35:00,68.6,68.9,68.3,68.4,3548,70.26,3481
2026-07-07 10:40:00,68.4,68.6,68.2,68.2,2793,70.24,3481
2026-07-07 10:45:00,68.3,68.3,67.7,67.7,14730,70.16,3481
2026-07-07 10:50:00,67.7,67.8,67.4,67.6,12657,70.08,3481
2026-07-07 10:55:00,67.6,67.7,66.6,66.7,19419,69.94,3481
2026-07-07 11:00:00,66.8,67.5,66.7,67.5,9059,69.88,3481
2026-07-07 11:05:00,67.5,67.6,67.1,67.4,4581,69.85,3481
2026-07-07 11:10:00,67.3,67.4,66.9,66.9,5000,69.82,3481
2026-07-07 11:15:00,66.9,67.0,66.2,66.3,15702,69.71,3481
2026-07-07 11:20:00,66.3,66.5,66.1,66.1,12457,69.62,3481
2026-07-07 11:25:00,66.1,66.3,65.4,65.6,24484,69.43,3481
2026-07-07 11:30:00,65.5,66.5,65.1,66.3,14268,69.33,3481
2026-07-07 11:35:00,66.3,66.4,65.8,66.1,6702,69.29,3481
2026-07-07 11:40:00,66.1,66.2,65.5,65.6,6264,69.25,3481
2026-07-07 11:45:00,65.6,65.8,65.2,65.5,9620,69.18,3481
2026-07-07 11:50:00,65.6,66.1,65.5,65.6,5016,69.15,3481
2026-07-07 11:55:00,65.6,66.0,65.5,66.0,2760,69.13,3481
2026-07-07 12:00:00,66.0,66.1,65.6,65.8,5317,69.1,3481
2026-07-07 12:05:00,66.0,66.2,65.7,65.8,4237,69.07,3481
2026-07-07 12:10:00,65.8,65.8,65.5,65.6,6624,69.03,3481
2026-07-07 12:15:00,65.6,65.6,65.0,65.0,14116,68.94,3481
2026-07-07 12:20:00,65.0,65.1,64.6,64.7,17734,68.81,3481
2026-07-07 12:25:00,64.7,65.0,64.5,65.0,11717,68.73,3481
2026-07-07 12:30:00,65.0,65.5,64.8,65.2,9494,68.68,3481
2026-07-07 12:35:00,65.2,65.4,65.1,65.1,3585,68.66,3481
2026-07-07 12:40:00,65.2,65.2,64.8,64.9,5807,68.62,3481
2026-07-07 12:45:00,64.9,64.9,64.6,64.6,5872,68.59,3481
2026-07-07 12:50:00,64.6,64.7,64.5,64.5,7197,68.54,3481
2026-07-07 12:55:00,64.6,65.0,64.5,64.8,9463,68.48,3481
2026-07-07 13:00:00,64.7,64.8,64.3,64.4,14205,68.4,3481
2026-07-07 13:05:00,64.4,64.5,64.0,64.0,17896,68.29,3481
2026-07-07 13:10:00,64.0,64.7,63.8,64.2,19334,68.17,3481
2026-07-07 13:15:00,64.3,64.5,64.1,64.5,10835,68.11,3481
2026-07-07 13:20:00,64.5,64.6,64.3,64.4,12366,68.05,3481
2026-07-07 13:30:00,64.2,64.2,64.2,64.2,13944,67.97,3481
2026-07-08 09:00:00,66.1,66.7,65.2,65.8,44526,66.02,3481
2026-07-08 09:05:00,65.7,65.8,64.3,64.5,23406,65.66,3481
2026-07-08 09:10:00,64.6,65.4,64.4,65.2,13885,65.54,3481
2026-07-08 09:15:00,65.2,65.3,64.5,64.7,10328,65.46,3481
2026-07-08 09:20:00,64.7,65.0,64.2,64.8,11317,65.36,3481
2026-07-08 09:25:00,64.8,65.2,64.1,64.1,11905,65.29,3481
2026-07-08 09:30:00,64.1,64.5,63.1,63.2,21551,65.05,3481
2026-07-08 09:35:00,63.1,63.2,62.4,63.1,25773,64.69,3481
2026-07-08 09:40:00,63.1,63.6,62.5,63.4,14524,64.56,3481
2026-07-08 09:45:00,63.5,64.0,63.3,63.7,9115,64.52,3481
2026-07-08 09:50:00,63.8,64.2,63.7,63.9,7127,64.5,3481
2026-07-08 09:55:00,63.9,64.1,63.5,63.9,4886,64.48,3481
2026-07-08 10:00:00,63.9,64.0,63.3,63.5,6795,64.45,3481
2026-07-08 10:05:00,63.4,63.6,63.1,63.2,5198,64.42,3481
2026-07-08 10:10:00,63.3,63.9,63.2,63.7,3738,64.41,3481
2026-07-08 10:15:00,63.7,64.1,63.6,64.1,4142,64.4,3481
2026-07-08 10:20:00,64.1,64.8,64.1,64.8,11149,64.4,3481
2026-07-08 10:25:00,64.8,65.1,64.4,64.4,11164,64.42,3481
2026-07-08 10:30:00,64.4,64.5,63.8,64.2,5197,64.42,3481
2026-07-08 10:35:00,64.2,64.2,63.7,63.9,2879,64.41,3481
2026-07-08 10:40:00,64.0,64.1,63.4,64.1,6752,64.39,3481
2026-07-08 10:45:00,64.1,64.6,63.9,64.5,4102,64.39,3481
2026-07-08 10:50:00,64.5,64.5,63.9,64.2,2915,64.39,3481
2026-07-08 10:55:00,64.2,64.4,64.1,64.3,1718,64.39,3481
2026-07-08 11:00:00,64.3,64.8,64.3,64.7,3561,64.39,3481
2026-07-08 11:05:00,64.7,65.2,64.6,64.8,8530,64.41,3481
2026-07-08 11:10:00,64.8,65.6,64.7,65.4,12351,64.44,3481
2026-07-08 11:15:00,65.4,65.7,65.1,65.2,7388,64.47,3481
2026-07-08 11:20:00,65.2,66.0,65.2,65.9,9010,64.5,3481
2026-07-08 11:25:00,65.9,66.2,65.5,65.7,13214,64.56,3481
2026-07-08 11:30:00,65.6,65.7,65.2,65.2,4774,64.57,3481
2026-07-08 11:35:00,65.2,65.5,65.1,65.1,2926,64.58,3481
2026-07-08 11:40:00,65.1,65.2,64.8,64.8,4187,64.59,3481
2026-07-08 11:45:00,64.8,65.2,64.7,64.7,3212,64.59,3481
2026-07-08 11:50:00,64.7,64.8,64.4,64.6,3379,64.59,3481
2026-07-08 11:55:00,64.6,64.7,64.2,64.3,3407,64.59,3481
2026-07-08 12:00:00,64.2,64.3,64.0,64.3,4641,64.58,3481
2026-07-08 12:05:00,64.3,64.5,64.2,64.2,1918,64.58,3481
2026-07-08 12:10:00,64.3,64.4,64.0,64.1,2734,64.58,3481
2026-07-08 12:15:00,64.1,64.3,64.0,64.2,1504,64.58,3481
2026-07-08 12:20:00,64.3,64.6,64.2,64.5,1328,64.57,3481
2026-07-08 12:25:00,64.6,64.6,64.4,64.5,1251,64.57,3481
2026-07-08 12:30:00,64.5,64.8,64.2,64.3,3036,64.57,3481
2026-07-08 12:35:00,64.3,64.5,64.2,64.3,2320,64.57,3481
2026-07-08 12:40:00,64.2,64.6,64.2,64.6,1667,64.57,3481
2026-07-08 12:45:00,64.5,64.8,64.4,64.7,2693,64.57,3481
2026-07-08 12:50:00,64.7,64.7,64.4,64.5,1267,64.57,3481
2026-07-08 12:55:00,64.5,64.9,64.4,64.9,4046,64.57,3481
2026-07-08 13:00:00,64.9,65.2,64.8,65.1,8209,64.58,3481
2026-07-08 13:05:00,65.1,65.8,65.1,65.6,10524,64.61,3481
2026-07-08 13:10:00,65.7,65.7,65.3,65.3,5051,64.62,3481
2026-07-08 13:15:00,65.3,65.5,65.1,65.1,3855,64.63,3481
2026-07-08 13:20:00,65.1,65.3,65.0,65.1,6636,64.63,3481
2026-07-08 13:30:00,65.2,65.2,65.2,65.2,10702,64.65,3481
2026-07-09 09:00:00,66.2,66.3,65.1,65.3,34399,65.77,3481
2026-07-09 09:05:00,65.3,66.4,64.8,66.0,18661,65.68,3481
2026-07-09 09:10:00,65.9,66.0,65.5,65.8,6284,65.69,3481
2026-07-09 09:15:00,65.7,66.1,65.5,66.0,6560,65.71,3481
2026-07-09 09:20:00,65.9,66.2,65.4,65.5,8503,65.72,3481
2026-07-09 09:25:00,65.5,65.7,65.2,65.4,7452,65.69,3481
2026-07-09 09:30:00,65.4,65.8,65.3,65.7,4588,65.68,3481
2026-07-09 09:35:00,65.7,66.1,65.6,66.1,7125,65.7,3481
2026-07-09 09:40:00,66.0,66.3,65.8,66.2,9931,65.73,3481
2026-07-09 09:45:00,66.3,66.4,66.0,66.0,9422,65.77,3481
2026-07-09 09:50:00,66.0,66.1,65.4,65.5,7413,65.77,3481
2026-07-09 09:55:00,65.5,65.6,65.1,65.3,11276,65.73,3481
2026-07-09 10:00:00,65.3,65.5,65.2,65.4,2820,65.72,3481
2026-07-09 10:05:00,65.5,65.8,65.3,65.7,1596,65.72,3481
2026-07-09 10:10:00,65.7,66.5,65.7,66.4,17305,65.77,3481
2026-07-09 10:15:00,66.4,66.4,66.0,66.4,6990,65.79,3481
2026-07-09 10:20:00,66.4,67.0,66.3,67.0,21629,65.89,3481
2026-07-09 10:25:00,66.9,67.0,66.4,66.4,10590,65.94,3481
2026-07-09 10:30:00,66.4,66.8,66.3,66.4,5706,65.96,3481
2026-07-09 10:35:00,66.4,67.2,66.3,67.2,15221,66.02,3481
2026-07-09 10:40:00,67.2,67.5,66.6,66.6,14093,66.09,3481
2026-07-09 10:45:00,66.6,67.2,66.4,66.7,8430,66.12,3481
2026-07-09 10:50:00,66.6,66.7,66.4,66.4,4003,66.12,3481
2026-07-09 10:55:00,66.4,66.8,66.4,66.5,3270,66.13,3481
2026-07-09 11:00:00,66.5,66.6,66.2,66.3,3392,66.13,3481
2026-07-09 11:05:00,66.3,66.6,66.1,66.1,3929,66.14,3481
2026-07-09 11:10:00,66.2,66.3,65.5,65.7,9541,66.13,3481
2026-07-09 11:15:00,65.7,65.9,65.3,65.6,7999,66.11,3481
2026-07-09 11:20:00,65.5,66.3,65.5,66.2,3793,66.11,3481
2026-07-09 11:25:00,66.3,66.7,66.2,66.7,5635,66.12,3481
2026-07-09 11:30:00,66.6,66.9,66.3,66.9,4630,66.13,3481
2026-07-09 11:35:00,66.8,67.0,66.6,66.8,4787,66.14,3481
2026-07-09 11:40:00,66.8,66.9,66.5,66.6,1575,66.14,3481
2026-07-09 11:45:00,66.7,67.4,66.6,67.2,15234,66.19,3481
2026-07-09 11:50:00,67.2,67.3,66.8,66.8,2580,66.19,3481
2026-07-09 11:55:00,66.8,67.0,66.6,66.7,2732,66.2,3481
2026-07-09 12:00:00,66.6,66.8,66.6,66.8,917,66.2,3481
2026-07-09 12:05:00,66.8,66.8,66.3,66.4,3111,66.21,3481
2026-07-09 12:10:00,66.5,66.5,66.2,66.3,1940,66.21,3481
2026-07-09 12:15:00,66.3,66.3,65.6,65.7,5868,66.2,3481
2026-07-09 12:20:00,65.7,66.1,65.7,66.0,2997,66.2,3481
2026-07-09 12:25:00,66.0,66.0,65.6,65.7,4154,66.19,3481
2026-07-09 12:30:00,65.7,66.4,65.6,66.2,2477,66.19,3481
2026-07-09 12:35:00,66.3,66.4,66.0,66.3,1924,66.19,3481
2026-07-09 12:40:00,66.4,66.5,66.2,66.3,1541,66.19,3481
2026-07-09 12:45:00,66.4,66.4,65.9,66.0,2083,66.19,3481
2026-07-09 12:50:00,66.0,66.3,66.0,66.1,1630,66.19,3481
2026-07-09 12:55:00,66.2,66.4,66.1,66.2,1255,66.19,3481
2026-07-09 13:00:00,66.1,66.2,65.7,65.7,3643,66.19,3481
2026-07-09 13:05:00,65.7,65.8,65.5,65.6,4419,66.18,3481
2026-07-09 13:10:00,65.5,66.0,65.5,65.8,4820,66.18,3481
2026-07-09 13:15:00,65.8,65.9,65.6,65.6,4246,66.17,3481
2026-07-09 13:20:00,65.7,65.7,65.3,65.5,11298,66.15,3481
2026-07-09 13:30:00,65.3,65.3,65.3,65.3,11414,66.13,3481
2026-07-13 09:00:00,66.4,67.2,65.7,67.0,36060,66.6,3481
2026-07-13 09:05:00,67.0,67.2,66.4,66.5,13681,66.64,3481
2026-07-13 09:10:00,66.5,66.7,66.3,66.4,8500,66.62,3481
2026-07-13 09:15:00,66.3,66.8,66.2,66.2,7252,66.6,3481
2026-07-13 09:20:00,66.2,66.3,65.5,65.6,16522,66.45,3481
2026-07-13 09:25:00,65.6,66.3,65.4,66.2,10199,66.37,3481
2026-07-13 09:30:00,66.2,66.3,65.6,65.9,4266,66.35,3481
2026-07-13 09:35:00,66.0,66.2,65.8,66.0,2726,66.34,3481
2026-07-13 09:40:00,65.9,66.0,65.5,65.6,4066,66.32,3481
2026-07-13 09:45:00,65.6,65.6,65.0,65.5,10205,66.23,3481
2026-07-13 09:50:00,65.5,65.5,65.1,65.5,4394,66.19,3481
2026-07-13 09:55:00,65.5,65.6,65.3,65.5,2714,66.17,3481
2026-07-13 10:00:00,65.5,65.6,65.1,65.3,4050,66.15,3481
2026-07-13 10:05:00,65.3,65.7,65.2,65.7,2338,66.13,3481
2026-07-13 10:10:00,65.7,65.7,65.2,65.3,3436,66.12,3481
2026-07-13 10:15:00,65.2,65.5,65.1,65.5,3563,66.09,3481
2026-07-13 10:20:00,65.4,65.7,65.4,65.7,1334,66.09,3481
2026-07-13 10:25:00,65.7,66.1,65.7,65.8,5784,66.08,3481
2026-07-13 10:30:00,65.8,65.8,65.5,65.6,1812,66.07,3481
2026-07-13 10:35:00,65.6,65.6,65.4,65.5,1397,66.07,3481
2026-07-13 10:40:00,65.4,65.6,65.4,65.5,647,66.07,3481
2026-07-13 10:45:00,65.6,65.6,65.3,65.5,1437,66.06,3481
2026-07-13 10:50:00,65.4,65.8,65.4,65.4,1591,66.06,3481
2026-07-13 10:55:00,65.5,65.6,65.4,65.5,927,66.05,3481
2026-07-13 11:00:00,65.5,65.5,65.2,65.2,3079,66.04,3481
2026-07-13 11:05:00,65.2,65.3,65.1,65.3,3304,66.02,3481
2026-07-13 11:10:00,65.2,65.3,65.0,65.1,3514,66.0,3481
2026-07-13 11:15:00,65.0,65.3,64.7,64.7,9512,65.94,3481
2026-07-13 11:20:00,64.8,64.9,64.7,64.8,2783,65.92,3481
2026-07-13 11:25:00,64.9,65.2,64.8,65.2,1699,65.91,3481
2026-07-13 11:30:00,65.1,65.1,64.8,64.8,1574,65.91,3481
2026-07-13 11:35:00,64.8,64.9,64.6,64.7,2921,65.89,3481
2026-07-13 11:40:00,64.7,64.9,64.5,64.5,3125,65.87,3481
2026-07-13 11:45:00,64.6,64.6,64.1,64.1,7192,65.81,3481
2026-07-13 11:50:00,64.2,64.2,63.7,63.9,9967,65.72,3481
2026-07-13 11:55:00,64.0,64.0,63.7,63.8,4970,65.67,3481
2026-07-13 12:00:00,63.8,63.8,62.5,62.8,18985,65.44,3481
2026-07-13 12:05:00,62.7,62.8,62.0,62.1,15793,65.23,3481
2026-07-13 12:10:00,62.1,62.1,61.0,61.1,22401,64.91,3481
2026-07-13 12:15:00,61.1,62.1,60.5,62.0,24142,64.6,3481
2026-07-13 12:20:00,62.0,62.1,61.3,61.5,9148,64.51,3481
2026-07-13 12:25:00,61.5,61.9,61.5,61.6,4517,64.47,3481
2026-07-13 12:30:00,61.7,61.7,61.2,61.2,6249,64.4,3481
2026-07-13 12:35:00,61.3,61.7,60.8,61.5,10415,64.29,3481
2026-07-13 12:40:00,61.5,61.6,61.2,61.4,3735,64.26,3481
2026-07-13 12:45:00,61.4,61.5,61.2,61.2,3700,64.23,3481
2026-07-13 12:50:00,61.3,61.5,61.0,61.4,7109,64.16,3481
2026-07-13 12:55:00,61.4,62.0,61.3,61.7,6765,64.11,3481
2026-07-13 13:00:00,61.7,62.3,61.5,62.0,6665,64.07,3481
2026-07-13 13:05:00,62.1,62.4,61.8,62.4,7109,64.03,3481
2026-07-13 13:10:00,62.4,62.7,62.1,62.3,7487,64.0,3481
2026-07-13 13:15:00,62.3,62.3,61.8,61.9,7731,63.96,3481
2026-07-13 13:20:00,61.9,61.9,61.2,61.3,14320,63.87,3481
2026-07-13 13:30:00,61.0,61.0,61.0,61.0,14752,63.76,3481
2026-07-14 09:00:00,60.2,61.1,60.0,60.4,35045,60.37,3481
2026-07-14 09:05:00,60.3,60.9,58.2,58.7,40136,59.84,3481
2026-07-14 09:10:00,58.6,58.9,56.8,56.9,47278,59.04,3481
2026-07-14 09:15:00,57.1,57.9,56.7,57.8,25423,58.75,3481
2026-07-14 09:20:00,57.8,58.4,57.5,58.0,13730,58.68,3481
2026-07-14 09:25:00,58.0,58.8,58.0,58.1,11219,58.66,3481
2026-07-14 09:30:00,58.1,58.2,57.3,57.3,12319,58.6,3481
2026-07-14 09:35:00,57.4,57.6,57.1,57.4,11228,58.53,3481
2026-07-14 09:40:00,57.4,57.5,57.0,57.3,9677,58.47,3481
2026-07-14 09:45:00,57.3,57.4,56.8,56.8,17240,58.35,3481
2026-07-14 09:50:00,56.8,56.9,56.2,56.3,20479,58.2,3481
2026-07-14 09:55:00,56.3,56.4,55.6,56.2,25939,57.98,3481
2026-07-14 10:00:00,56.2,56.3,55.8,56.1,9060,57.92,3481
2026-07-14 10:05:00,56.1,56.5,56.0,56.3,6177,57.89,3481
2026-07-14 10:10:00,56.3,56.3,55.4,55.5,13820,57.79,3481
2026-07-14 10:15:00,55.4,55.5,55.0,55.0,32431,57.52,3481
2026-07-14 10:20:00,55.0,55.6,54.9,55.3,12698,57.44,3481
2026-07-14 10:25:00,55.2,55.4,55.0,55.3,7499,57.39,3481
2026-07-14 10:30:00,55.2,55.5,55.2,55.5,4403,57.37,3481
2026-07-14 10:35:00,55.3,55.9,55.2,55.8,6229,57.33,3481
2026-07-14 10:40:00,55.8,55.9,55.5,55.6,4362,57.32,3481
2026-07-14 10:45:00,55.5,55.7,55.4,55.5,2672,57.3,3481
2026-07-14 10:50:00,55.6,55.6,55.0,55.1,5650,57.27,3481
2026-07-14 10:55:00,55.1,55.3,55.0,55.2,3687,57.25,3481
2026-07-14 11:00:00,55.2,55.3,55.0,55.1,3537,57.23,3481
2026-07-14 11:05:00,55.1,55.2,55.1,55.1,2294,57.22,3481
2026-07-14 11:10:00,55.1,55.2,55.0,55.0,7506,57.18,3481
2026-07-14 11:15:00,55.0,55.1,54.9,55.0,11124,57.11,3481
2026-07-14 11:20:00,55.0,55.1,55.0,55.1,2631,57.1,3481
2026-07-14 11:25:00,55.0,55.3,55.0,55.2,1965,57.09,3481
2026-07-14 11:30:00,55.2,55.3,55.2,55.2,1314,57.09,3481
2026-07-14 11:35:00,55.2,55.3,55.1,55.2,1704,57.08,3481
2026-07-14 11:40:00,55.2,55.3,55.1,55.2,1907,57.07,3481
2026-07-14 11:45:00,55.2,55.4,55.1,55.3,3213,57.05,3481
2026-07-14 11:50:00,55.3,55.5,55.2,55.4,2459,57.05,3481
2026-07-14 11:55:00,55.5,55.7,55.4,55.6,5167,57.03,3481
2026-07-14 12:00:00,55.6,55.8,55.5,55.7,2937,57.02,3481
2026-07-14 12:05:00,55.6,55.8,55.5,55.5,2879,57.01,3481
2026-07-14 12:10:00,55.5,55.6,55.2,55.3,3900,56.99,3481
2026-07-14 12:15:00,55.3,55.3,55.2,55.2,1436,56.99,3481
2026-07-14 12:20:00,55.2,55.7,55.2,55.6,3169,56.98,3481
2026-07-14 12:25:00,55.7,55.7,55.5,55.6,2136,56.97,3481
2026-07-14 12:30:00,55.6,55.9,55.5,55.9,3853,56.96,3481
2026-07-14 12:35:00,55.9,56.5,55.8,56.4,7511,56.95,3481
2026-07-14 12:40:00,56.4,56.5,56.2,56.5,3824,56.94,3481
2026-07-14 12:45:00,56.4,56.8,56.4,56.8,3611,56.94,3481
2026-07-14 12:50:00,56.8,56.8,56.1,56.3,4906,56.93,3481
2026-07-14 12:55:00,56.4,56.5,56.2,56.5,1999,56.93,3481
2026-07-14 13:00:00,56.5,56.5,56.3,56.5,3981,56.93,3481
2026-07-14 13:05:00,56.4,56.6,56.4,56.5,3462,56.92,3481
2026-07-14 13:10:00,56.6,56.6,56.5,56.6,3089,56.92,3481
2026-07-14 13:15:00,56.5,57.0,56.4,56.9,9300,56.92,3481
2026-07-14 13:20:00,56.8,57.5,56.8,57.4,10191,56.92,3481
2026-07-14 13:30:00,57.2,57.2,57.2,57.2,8021,56.93,3481
2026-07-15 09:00:00,58.4,58.6,57.4,58.1,35666,58.04,3481
2026-07-15 09:05:00,58.1,58.4,57.6,57.9,14646,58.01,3481
2026-07-15 09:10:00,57.8,59.0,57.8,58.4,21195,58.17,3481
2026-07-15 09:15:00,58.4,58.6,58.0,58.1,8000,58.18,3481
2026-07-15 09:20:00,58.1,58.7,57.9,58.5,8865,58.19,3481
2026-07-15 09:25:00,58.5,58.9,58.3,58.8,9323,58.24,3481
2026-07-15 09:30:00,58.8,59.1,58.4,58.5,13103,58.3,3481
2026-07-15 09:35:00,58.5,58.6,58.3,58.5,4665,58.31,3481
2026-07-15 09:40:00,58.4,58.5,57.6,57.7,14917,58.27,3481
2026-07-15 09:45:00,57.7,58.3,57.7,58.3,5523,58.25,3481
2026-07-15 09:50:00,58.3,58.4,58.0,58.3,3091,58.25,3481
2026-07-15 09:55:00,58.2,58.9,58.2,58.8,7207,58.27,3481
2026-07-15 10:00:00,58.9,59.2,58.5,58.6,12421,58.32,3481
2026-07-15 10:05:00,58.6,58.6,58.4,58.5,3056,58.32,3481
2026-07-15 10:10:00,58.5,58.5,58.2,58.4,3323,58.32,3481
2026-07-15 10:15:00,58.4,58.6,58.3,58.5,2737,58.33,3481
2026-07-15 10:20:00,58.5,58.6,58.4,58.6,1337,58.33,3481
2026-07-15 10:25:00,58.5,58.6,58.4,58.5,1477,58.33,3481
2026-07-15 10:30:00,58.5,58.7,58.4,58.7,2139,58.33,3481
2026-07-15 10:35:00,58.7,58.7,58.4,58.4,1922,58.33,3481
2026-07-15 10:40:00,58.5,58.6,58.4,58.5,1698,58.34,3481
2026-07-15 10:45:00,58.5,58.7,58.4,58.6,1625,58.34,3481
2026-07-15 10:50:00,58.5,58.6,58.5,58.6,944,58.34,3481
2026-07-15 10:55:00,58.5,58.6,58.4,58.4,1352,58.34,3481
2026-07-15 11:00:00,58.4,58.5,58.3,58.3,1435,58.34,3481
2026-07-15 11:05:00,58.4,58.4,58.2,58.2,1705,58.34,3481
2026-07-15 11:10:00,58.2,58.3,58.1,58.2,2946,58.34,3481
2026-07-15 11:15:00,58.2,58.3,58.1,58.3,1141,58.34,3481
2026-07-15 11:20:00,58.2,58.5,58.2,58.5,1572,58.34,3481
2026-07-15 11:25:00,58.5,58.5,58.4,58.5,1126,58.34,3481
2026-07-15 11:30:00,58.4,58.6,58.4,58.6,2003,58.34,3481
2026-07-15 11:35:00,58.6,59.0,58.5,58.8,6928,58.36,3481
2026-07-15 11:40:00,58.8,58.9,58.6,58.6,1614,58.36,3481
2026-07-15 11:45:00,58.6,58.7,58.6,58.7,458,58.36,3481
2026-07-15 11:50:00,58.6,58.7,58.6,58.6,1113,58.36,3481
2026-07-15 11:55:00,58.7,58.7,58.5,58.5,1472,58.36,3481
2026-07-15 12:00:00,58.6,58.6,58.5,58.6,767,58.36,3481
2026-07-15 12:05:00,58.5,58.6,58.2,58.3,2633,58.36,3481
2026-07-15 12:10:00,58.3,58.5,58.2,58.4,1741,58.36,3481
2026-07-15 12:15:00,58.5,58.5,58.3,58.5,1318,58.36,3481
2026-07-15 12:20:00,58.5,58.6,58.4,58.5,1676,58.37,3481
2026-07-15 12:25:00,58.5,58.5,58.2,58.3,2458,58.37,3481
2026-07-15 12:30:00,58.3,58.5,58.2,58.5,1398,58.37,3481
2026-07-15 12:35:00,58.5,58.6,58.4,58.6,1922,58.37,3481
2026-07-15 12:40:00,58.6,58.6,58.4,58.5,2089,58.37,3481
2026-07-15 12:45:00,58.5,58.6,58.3,58.6,3938,58.37,3481
2026-07-15 12:50:00,58.6,58.6,58.3,58.5,2614,58.37,3481
2026-07-15 12:55:00,58.4,58.5,58.4,58.5,2050,58.37,3481
2026-07-15 13:00:00,58.5,58.6,58.4,58.6,3311,58.37,3481
2026-07-15 13:05:00,58.6,58.6,58.3,58.4,4933,58.37,3481
2026-07-15 13:10:00,58.4,58.6,58.3,58.5,6029,58.38,3481
2026-07-15 13:15:00,58.5,58.6,58.4,58.6,4817,58.38,3481
2026-07-15 13:20:00,58.6,58.6,58.5,58.6,7552,58.38,3481
2026-07-15 13:30:00,58.5,58.5,58.5,58.5,8893,58.39,3481
2026-07-16 09:00:00,57.4,57.9,56.5,56.8,23300,57.1,3481
2026-07-16 09:05:00,56.7,56.9,56.2,56.3,14431,56.89,3481
2026-07-16 09:10:00,56.3,56.6,55.9,56.2,12649,56.7,3481
2026-07-16 09:15:00,56.3,56.3,55.9,56.0,8710,56.6,3481
2026-07-16 09:20:00,56.0,56.1,55.5,55.8,9841,56.49,3481
2026-07-16 09:25:00,55.8,56.0,55.6,55.7,4321,56.45,3481
2026-07-16 09:30:00,55.6,56.0,55.6,55.7,3200,56.42,3481
2026-07-16 09:35:00,55.7,56.3,55.7,56.1,5420,56.39,3481
2026-07-16 09:40:00,56.1,56.2,55.8,55.9,2979,56.38,3481
2026-07-16 09:45:00,55.9,56.3,55.6,56.3,5768,56.35,3481
2026-07-16 09:50:00,56.3,56.5,56.1,56.2,3831,56.35,3481
2026-07-16 09:55:00,56.2,56.4,56.0,56.0,3346,56.34,3481
2026-07-16 10:00:00,56.1,56.2,55.8,55.8,2271,56.33,3481
2026-07-16 10:05:00,55.9,55.9,55.7,55.7,4857,56.31,3481
2026-07-16 10:10:00,55.7,55.9,55.6,55.9,1786,56.3,3481
2026-07-16 10:15:00,55.8,56.1,55.8,56.1,1324,56.29,3481
2026-07-16 10:20:00,56.2,56.3,56.1,56.3,2708,56.29,3481
2026-07-16 10:25:00,56.3,56.3,56.1,56.2,1746,56.29,3481
2026-07-16 10:30:00,56.3,56.5,56.2,56.5,2248,56.29,3481
2026-07-16 10:35:00,56.5,56.9,56.4,56.4,6941,56.31,3481
2026-07-16 10:40:00,56.5,56.8,56.4,56.7,1731,56.31,3481
2026-07-16 10:45:00,56.7,56.9,56.6,56.8,3611,56.33,3481
2026-07-16 10:50:00,56.9,56.9,56.7,56.9,2206,56.34,3481
2026-07-16 10:55:00,56.9,57.3,56.9,57.3,9084,56.39,3481
2026-07-16 11:00:00,57.3,57.3,56.8,56.9,2831,56.4,3481
2026-07-16 11:05:00,57.0,57.2,56.8,57.2,2247,56.41,3481
2026-07-16 11:10:00,57.2,57.2,57.0,57.1,1531,56.42,3481
2026-07-16 11:15:00,57.1,57.1,56.7,56.8,2235,56.43,3481
2026-07-16 11:20:00,56.7,56.8,56.6,56.6,1591,56.43,3481
2026-07-16 11:25:00,56.7,56.7,56.3,56.4,3344,56.43,3481
2026-07-16 11:30:00,56.4,56.9,56.4,56.9,1211,56.43,3481
2026-07-16 11:35:00,56.9,57.0,56.8,56.8,913,56.43,3481
2026-07-16 11:40:00,56.9,57.6,56.8,57.6,6984,56.47,3481
2026-07-16 11:45:00,57.5,57.8,57.2,57.7,5074,56.5,3481
2026-07-16 11:50:00,57.8,58.9,57.7,58.7,13440,56.64,3481
2026-07-16 11:55:00,58.6,58.7,58.3,58.4,5468,56.69,3481
2026-07-16 12:00:00,58.4,58.5,58.1,58.1,3185,56.72,3481
2026-07-16 12:05:00,58.2,58.8,58.1,58.1,4439,56.76,3481
2026-07-16 12:10:00,58.1,58.4,58.1,58.2,2040,56.77,3481
2026-07-16 12:15:00,58.2,58.3,57.6,57.7,4324,56.8,3481
2026-07-16 12:20:00,57.6,57.9,57.3,57.6,3259,56.81,3481
2026-07-16 12:25:00,57.6,57.8,57.4,57.4,1682,56.82,3481
2026-07-16 12:30:00,57.4,57.8,57.4,57.7,1317,56.82,3481
2026-07-16 12:35:00,57.7,57.7,57.4,57.5,1452,56.83,3481
2026-07-16 12:40:00,57.4,57.5,57.1,57.1,2700,56.83,3481
2026-07-16 12:45:00,57.1,57.4,57.1,57.3,1631,56.84,3481
2026-07-16 12:50:00,57.3,57.3,56.9,57.1,3787,56.84,3481
2026-07-16 12:55:00,57.2,57.2,56.9,56.9,1560,56.84,3481
2026-07-16 13:00:00,56.9,57.1,56.9,57.0,2133,56.84,3481
2026-07-16 13:05:00,57.0,57.1,56.8,57.0,3660,56.85,3481
2026-07-16 13:10:00,57.1,57.2,57.0,57.1,2063,56.85,3481
2026-07-16 13:15:00,57.1,57.3,57.0,57.0,3197,56.85,3481
2026-07-16 13:20:00,57.1,57.3,57.0,57.1,6376,56.86,3481
2026-07-16 13:30:00,57.3,57.3,57.3,57.3,6623,56.87,3481
2026-07-17 09:00:00,53.4,54.7,53.4,54.2,30888,53.92,3481
2026-07-17 09:05:00,54.3,54.6,53.6,54.0,17549,53.95,3481
2026-07-17 09:10:00,54.0,54.9,54.0,54.5,10054,54.04,3481
2026-07-17 09:15:00,54.5,54.7,54.2,54.6,8351,54.09,3481
2026-07-17 09:20:00,54.5,54.7,54.3,54.4,4704,54.12,3481
2026-07-17 09:25:00,54.4,54.5,54.2,54.3,3824,54.13,3481
2026-07-17 09:30:00,54.3,54.4,53.7,53.7,13888,54.1,3481
2026-07-17 09:35:00,53.7,54.3,53.6,54.3,7972,54.09,3481
2026-07-17 09:40:00,54.3,54.7,54.2,54.4,7582,54.12,3481
2026-07-17 09:45:00,54.4,54.6,54.2,54.3,3664,54.12,3481
2026-07-17 09:50:00,54.3,55.1,54.2,54.8,11381,54.19,3481
2026-07-17 09:55:00,54.8,55.0,54.4,54.6,5326,54.21,3481
2026-07-17 10:00:00,54.5,54.6,54.3,54.3,2810,54.22,3481
2026-07-17 10:05:00,54.4,54.5,54.0,54.1,4700,54.22,3481
2026-07-17 10:10:00,54.0,54.2,53.8,53.8,6862,54.2,3481
2026-07-17 10:15:00,53.8,54.3,53.7,54.2,5171,54.19,3481
2026-07-17 10:20:00,54.3,54.3,54.0,54.0,2040,54.19,3481
2026-07-17 10:25:00,54.0,54.2,53.9,54.0,2952,54.19,3481
2026-07-17 10:30:00,54.0,54.0,53.8,53.9,2326,54.19,3481
2026-07-17 10:35:00,53.8,54.0,53.7,53.7,4517,54.17,3481
2026-07-17 10:40:00,53.7,53.9,53.5,53.8,10023,54.14,3481
2026-07-17 10:45:00,53.8,54.1,53.6,53.7,4026,54.14,3481
2026-07-17 10:50:00,53.7,53.7,53.3,53.5,9637,54.1,3481
2026-07-17 10:55:00,53.4,53.8,53.3,53.7,5337,54.08,3481
2026-07-17 11:00:00,53.6,54.2,53.6,54.1,4986,54.08,3481
2026-07-17 11:05:00,54.0,54.3,53.8,53.9,4816,54.08,3481
2026-07-17 11:10:00,53.9,54.0,53.6,53.9,2488,54.08,3481
2026-07-17 11:15:00,54.0,54.1,53.7,54.0,2354,54.08,3481
2026-07-17 11:20:00,53.9,54.2,53.9,54.0,2565,54.08,3481
2026-07-17 11:25:00,54.0,54.2,53.9,54.2,2104,54.08,3481
2026-07-17 11:30:00,54.2,54.2,53.8,53.9,2043,54.07,3481
2026-07-17 11:35:00,53.9,53.9,53.6,53.6,1455,54.07,3481
2026-07-17 11:40:00,53.6,53.7,53.5,53.6,3112,54.07,3481
2026-07-17 11:45:00,53.6,53.6,53.4,53.6,5147,54.05,3481
2026-07-17 11:50:00,53.5,53.6,53.3,53.4,5615,54.04,3481
2026-07-17 11:55:00,53.4,53.6,53.3,53.5,2622,54.03,3481
2026-07-17 12:00:00,53.5,53.6,53.3,53.3,3103,54.02,3481
2026-07-17 12:05:00,53.3,53.5,53.0,53.1,7615,53.99,3481
2026-07-17 12:10:00,53.0,53.3,53.0,53.2,9538,53.96,3481
2026-07-17 12:15:00,53.2,53.5,53.1,53.2,3056,53.95,3481
2026-07-17 12:20:00,53.2,53.3,53.0,53.0,4100,53.93,3481
2026-07-17 12:25:00,53.0,53.2,52.9,53.0,7986,53.91,3481
2026-07-17 12:30:00,53.0,53.3,52.9,53.1,4535,53.89,3481
2026-07-17 12:35:00,53.1,53.1,52.7,52.8,7233,53.87,3481
2026-07-17 12:40:00,52.9,52.9,52.6,52.8,6478,53.84,3481
2026-07-17 12:45:00,52.8,53.0,52.7,53.0,4291,53.82,3481
2026-07-17 12:50:00,52.9,53.3,52.9,53.2,6008,53.81,3481
2026-07-17 12:55:00,53.2,53.3,52.8,52.9,4115,53.8,3481
2026-07-17 13:00:00,52.9,53.0,52.8,52.9,4687,53.78,3481
2026-07-17 13:05:00,52.9,53.0,52.7,52.7,6370,53.76,3481
2026-07-17 13:10:00,52.7,53.1,52.7,53.0,10224,53.73,3481
2026-07-17 13:15:00,53.0,53.2,52.9,52.9,5675,53.72,3481
2026-07-17 13:20:00,53.0,53.0,52.7,52.8,7785,53.7,3481
2026-07-17 13:30:00,52.6,52.6,52.6,52.6,10347,53.67,3481
2026-07-20 09:00:00,53.1,53.3,52.2,52.3,34399,52.82,3481
2026-07-20 09:05:00,52.4,53.3,52.3,52.8,15309,52.85,3481
2026-07-20 09:10:00,52.8,53.0,51.2,51.4,18634,52.62,3481
2026-07-20 09:15:00,51.3,51.6,50.1,50.1,22931,52.17,3481
2026-07-20 09:20:00,50.2,50.5,49.3,50.3,25769,51.67,3481
2026-07-20 09:25:00,50.3,50.9,49.3,49.45,16051,51.49,3481
2026-07-20 09:30:00,49.45,49.95,49.1,49.8,15312,51.29,3481
2026-07-20 09:35:00,49.8,50.6,49.5,50.4,10598,51.21,3481
2026-07-20 09:40:00,50.3,50.4,49.55,49.8,6062,51.17,3481
2026-07-20 09:45:00,49.85,51.0,49.65,51.0,9263,51.12,3481
2026-07-20 09:50:00,51.0,51.0,50.4,50.4,5848,51.11,3481
2026-07-20 09:55:00,50.5,50.7,50.2,50.4,5557,51.09,3481
2026-07-20 10:00:00,50.4,50.9,50.3,50.8,4550,51.08,3481
2026-07-20 10:05:00,50.8,51.2,50.8,51.0,10368,51.08,3481
2026-07-20 10:10:00,50.9,51.0,50.3,50.3,5228,51.07,3481
2026-07-20 10:15:00,50.3,50.4,49.75,49.85,8594,51.02,3481
2026-07-20 10:20:00,49.85,50.0,49.55,49.9,7119,50.98,3481
2026-07-20 10:25:00,49.9,50.1,49.7,50.0,3568,50.96,3481
2026-07-20 10:30:00,50.0,50.4,50.0,50.2,3176,50.95,3481
2026-07-20 10:35:00,50.3,50.4,50.1,50.1,2012,50.95,3481
2026-07-20 10:40:00,50.1,51.0,50.0,50.8,6004,50.94,3481
2026-07-20 10:45:00,50.8,51.3,50.7,51.3,6622,50.94,3481
2026-07-20 10:50:00,51.3,51.5,51.1,51.1,6893,50.95,3481
2026-07-20 10:55:00,51.1,51.4,50.9,51.3,4269,50.96,3481
2026-07-20 11:00:00,51.3,51.8,50.9,51.0,6821,50.97,3481
2026-07-20 11:05:00,51.0,51.3,50.8,51.3,2729,50.97,3481
2026-07-20 11:10:00,51.3,51.4,51.0,51.3,2445,50.97,3481
2026-07-20 11:15:00,51.2,51.3,51.0,51.0,1432,50.97,3481
2026-07-20 11:20:00,51.0,51.1,50.8,51.0,1920,50.97,3481
2026-07-20 11:25:00,51.1,51.1,50.8,50.8,1636,50.97,3481
2026-07-20 11:30:00,50.8,51.1,50.8,50.9,1447,50.97,3481
2026-07-20 11:35:00,50.9,51.1,50.7,51.0,2408,50.97,3481
2026-07-20 11:40:00,51.1,51.2,50.9,51.0,1666,50.97,3481
2026-07-20 11:45:00,51.0,51.3,50.9,51.3,2663,50.97,3481
2026-07-20 11:50:00,51.3,51.5,51.1,51.4,2630,50.98,3481
2026-07-20 11:55:00,51.4,51.5,50.8,50.9,3637,50.98,3481
2026-07-20 12:00:00,50.9,51.4,50.9,51.2,2010,50.98,3481
2026-07-20 12:05:00,51.3,51.3,50.9,51.0,1850,50.98,3481
2026-07-20 12:10:00,51.0,51.0,50.8,50.8,1531,50.98,3481
2026-07-20 12:15:00,50.8,50.9,50.6,50.7,3072,50.98,3481
2026-07-20 12:20:00,50.6,50.8,50.5,50.7,3605,50.97,3481
2026-07-20 12:25:00,50.7,51.3,50.7,51.0,4280,50.97,3481
2026-07-20 12:30:00,51.0,51.3,51.0,51.2,2360,50.98,3481
2026-07-20 12:35:00,51.2,51.4,51.1,51.4,3267,50.98,3481
2026-07-20 12:40:00,51.3,51.4,51.1,51.3,2239,50.98,3481
2026-07-20 12:45:00,51.4,51.5,51.2,51.3,4785,50.99,3481
2026-07-20 12:50:00,51.2,51.4,51.0,51.1,2625,50.99,3481
2026-07-20 12:55:00,51.0,51.1,50.8,50.9,2872,50.99,3481
2026-07-20 13:00:00,50.9,50.9,50.6,50.6,4374,50.98,3481
2026-07-20 13:05:00,50.7,50.7,50.4,50.5,6452,50.98,3481
2026-07-20 13:10:00,50.5,50.6,50.2,50.4,6443,50.96,3481
2026-07-20 13:15:00,50.5,50.9,50.3,50.6,6541,50.96,3481
2026-07-20 13:20:00,50.7,50.7,50.3,50.4,7772,50.95,3481
2026-07-20 13:30:00,50.4,50.4,50.4,50.4,8911,50.93,3481
2026-07-21 09:00:00,51.9,52.1,50.9,52.0,28565,51.53,3481
2026-07-21 09:05:00,52.0,52.4,51.5,51.7,16374,51.69,3481
2026-07-21 09:10:00,51.7,51.9,51.3,51.5,10907,51.66,3481
2026-07-21 09:15:00,51.5,51.7,50.8,51.1,17035,51.56,3481
2026-07-21 09:20:00,51.1,51.2,50.5,51.1,14567,51.45,3481
2026-07-21 09:25:00,51.1,51.2,50.7,51.1,6364,51.42,3481
2026-07-21 09:30:00,51.1,51.5,51.0,51.5,5251,51.41,3481
2026-07-21 09:35:00,51.5,51.6,51.1,51.1,5802,51.41,3481
2026-07-21 09:40:00,51.1,51.2,50.8,50.9,5429,51.39,3481
2026-07-21 09:45:00,50.9,51.1,50.7,50.8,6829,51.35,3481
2026-07-21 09:50:00,50.8,51.2,50.7,51.1,4376,51.34,3481
2026-07-21 09:55:00,51.1,51.1,50.5,50.6,9959,51.29,3481
2026-07-21 10:00:00,50.6,50.9,50.5,50.7,4523,51.27,3481
2026-07-21 10:05:00,50.7,51.0,50.6,50.6,2408,51.26,3481
2026-07-21 10:10:00,50.7,50.8,50.5,50.7,3531,51.25,3481
2026-07-21 10:15:00,50.7,50.8,50.3,50.3,9939,51.2,3481
2026-07-21 10:20:00,50.3,50.7,50.2,50.4,7190,51.16,3481
2026-07-21 10:25:00,50.5,50.6,50.2,50.3,4106,51.14,3481
2026-07-21 10:30:00,50.3,50.6,50.2,50.6,1709,51.13,3481
2026-07-21 10:35:00,50.6,50.7,50.4,50.5,2000,51.13,3481
2026-07-21 10:40:00,50.5,50.7,50.4,50.5,2248,51.12,3481
2026-07-21 10:45:00,50.6,50.6,50.2,50.3,3978,51.1,3481
2026-07-21 10:50:00,50.3,50.4,50.1,50.2,4616,51.08,3481
2026-07-21 10:55:00,50.2,50.4,50.2,50.2,2711,51.07,3481
2026-07-21 11:00:00,50.3,50.4,50.2,50.4,1537,51.06,3481
2026-07-21 11:05:00,50.3,50.4,50.1,50.2,3394,51.05,3481
2026-07-21 11:10:00,50.2,50.6,50.1,50.4,3768,51.03,3481
2026-07-21 11:15:00,50.5,50.6,50.4,50.5,1183,51.03,3481
2026-07-21 11:20:00,50.6,50.6,50.4,50.5,1938,51.02,3481
2026-07-21 11:25:00,50.4,50.5,50.3,50.4,2417,51.02,3481
2026-07-21 11:30:00,50.4,50.5,50.3,50.5,1721,51.01,3481
2026-07-21 11:35:00,50.5,50.5,50.4,50.5,1001,51.01,3481
2026-07-21 11:40:00,50.5,50.5,50.3,50.3,2155,51.0,3481
2026-07-21 11:45:00,50.4,50.4,50.2,50.2,3312,50.99,3481
2026-07-21 11:50:00,50.2,50.3,50.2,50.3,1227,50.99,3481
2026-07-21 11:55:00,50.2,50.5,50.2,50.5,3011,50.98,3481
2026-07-21 12:00:00,50.4,50.7,50.4,50.5,6887,50.96,3481
2026-07-21 12:05:00,50.4,50.5,50.4,50.5,1645,50.96,3481
2026-07-21 12:10:00,50.4,50.6,50.4,50.5,2178,50.95,3481
2026-07-21 12:15:00,50.6,50.6,50.3,50.3,3667,50.95,3481
2026-07-21 12:20:00,50.3,50.5,50.3,50.5,2478,50.94,3481
2026-07-21 12:25:00,50.4,50.5,50.4,50.4,1447,50.94,3481
2026-07-21 12:30:00,50.5,50.7,50.5,50.7,6210,50.93,3481
2026-07-21 12:35:00,50.7,51.6,50.6,51.5,26267,50.96,3481
2026-07-21 12:40:00,51.5,51.5,50.9,51.2,6202,50.96,3481
2026-07-21 12:45:00,51.2,51.2,50.8,51.0,3205,50.96,3481
2026-07-21 12:50:00,51.0,51.1,50.7,50.7,2997,50.96,3481
2026-07-21 12:55:00,50.8,50.8,50.4,50.5,5588,50.96,3481
2026-07-21 13:00:00,50.5,50.8,50.5,50.8,2859,50.95,3481
2026-07-21 13:05:00,50.8,50.8,50.5,50.6,4358,50.95,3481
2026-07-21 13:10:00,50.6,50.9,50.6,50.8,5434,50.94,3481
2026-07-21 13:15:00,50.9,50.9,50.6,50.7,6109,50.94,3481
2026-07-21 13:20:00,50.8,50.8,50.6,50.7,8773,50.93,3481
2026-07-21 13:30:00,50.7,50.7,50.7,50.7,11520,50.92,3481
2026-07-22 09:00:00,51.5,52.8,51.5,52.2,32830,52.17,3481
2026-07-22 09:05:00,52.2,53.0,52.1,52.6,20667,52.37,3481
2026-07-22 09:10:00,52.7,53.6,52.6,53.6,22596,52.58,3481
2026-07-22 09:15:00,53.6,54.1,53.4,53.5,21570,52.83,3481
2026-07-22 09:20:00,53.5,53.6,52.8,52.8,13150,52.87,3481
2026-07-22 09:25:00,52.8,53.2,52.6,52.6,10151,52.87,3481
2026-07-22 09:30:00,52.6,52.7,52.3,52.4,11147,52.83,3481
2026-07-22 09:35:00,52.3,52.6,52.2,52.4,6215,52.82,3481
2026-07-22 09:40:00,52.4,52.6,52.1,52.4,5482,52.8,3481
2026-07-22 09:45:00,52.3,52.6,52.3,52.6,2675,52.79,3481
2026-07-22 09:50:00,52.5,53.0,52.4,52.9,4314,52.79,3481
2026-07-22 09:55:00,52.9,53.0,52.5,52.5,4294,52.79,3481
2026-07-22 10:00:00,52.5,52.6,52.4,52.6,2455,52.78,3481
2026-07-22 10:05:00,52.6,52.7,52.5,52.7,1768,52.78,3481
2026-07-22 10:10:00,52.6,53.1,52.6,52.9,6104,52.79,3481
2026-07-22 10:15:00,52.9,53.2,52.7,53.2,3201,52.79,3481
2026-07-22 10:20:00,53.2,53.7,53.1,53.1,12476,52.83,3481
2026-07-22 10:25:00,53.2,53.5,53.0,53.4,4984,52.84,3481
2026-07-22 10:30:00,53.4,53.6,53.2,53.3,3869,52.86,3481
2026-07-22 10:35:00,53.3,53.4,53.2,53.4,2015,52.86,3481
2026-07-22 10:40:00,53.3,53.4,53.2,53.2,897,52.86,3481
2026-07-22 10:45:00,53.2,53.4,53.2,53.3,1898,52.87,3481
2026-07-22 10:50:00,53.3,53.4,53.1,53.3,1418,52.87,3481
2026-07-22 10:55:00,53.3,53.3,52.8,52.9,3194,52.87,3481
2026-07-22 11:00:00,52.9,53.2,52.9,53.1,1528,52.87,3481
2026-07-22 11:05:00,53.1,53.2,52.9,53.0,1435,52.87,3481
2026-07-22 11:10:00,53.0,53.0,52.6,52.7,2494,52.87,3481
2026-07-22 11:15:00,52.6,52.9,52.6,52.8,1735,52.87,3481
2026-07-22 11:20:00,52.8,52.9,52.7,52.9,1009,52.87,3481
2026-07-22 11:25:00,52.9,53.1,52.8,53.1,1651,52.87,3481
2026-07-22 11:30:00,53.1,53.2,52.9,52.9,1546,52.87,3481
2026-07-22 11:35:00,52.9,53.1,52.9,53.0,1270,52.87,3481
2026-07-22 11:40:00,53.0,53.2,52.9,53.1,1245,52.88,3481
2026-07-22 11:45:00,53.1,53.7,53.1,53.6,10367,52.9,3481
2026-07-22 11:50:00,53.6,53.8,53.0,53.0,5544,52.92,3481
2026-07-22 11:55:00,53.0,53.2,53.0,53.1,915,52.92,3481
2026-07-22 12:00:00,53.0,53.1,52.9,53.1,3068,52.92,3481
2026-07-22 12:05:00,53.0,53.2,53.0,53.1,1158,52.92,3481
2026-07-22 12:10:00,53.2,53.2,53.0,53.0,724,52.92,3481
2026-07-22 12:15:00,53.1,53.1,52.7,52.9,4624,52.92,3481
2026-07-22 12:20:00,52.9,53.0,52.8,52.9,970,52.92,3481
2026-07-22 12:25:00,53.0,53.0,52.8,52.9,1655,52.92,3481
2026-07-22 12:30:00,52.9,53.0,52.8,53.0,1061,52.92,3481
2026-07-22 12:35:00,52.9,53.1,52.8,53.0,2046,52.92,3481
2026-07-22 12:40:00,53.0,53.0,52.8,52.9,1442,52.92,3481
2026-07-22 12:45:00,52.9,53.0,52.8,52.9,1098,52.92,3481
2026-07-22 12:50:00,53.0,53.1,52.9,53.0,2407,52.92,3481
2026-07-22 12:55:00,53.1,53.1,52.9,52.9,3497,52.92,3481
2026-07-22 13:00:00,52.9,53.0,52.8,52.8,1476,52.92,3481
2026-07-22 13:05:00,52.8,52.9,52.6,52.6,5362,52.91,3481
2026-07-22 13:10:00,52.7,52.7,52.5,52.5,6465,52.91,3481
2026-07-22 13:15:00,52.6,52.6,52.5,52.5,3519,52.9,3481
2026-07-22 13:20:00,52.5,52.8,52.5,52.7,7101,52.89,3481
2026-07-22 13:30:00,52.5,52.5,52.5,52.5,9274,52.88,3481
2026-07-23 09:00:00,53.0,53.5,52.6,52.8,18545,53.07,3481
2026-07-23 09:05:00,52.8,52.9,52.0,52.2,16921,52.72,3481
2026-07-23 09:10:00,52.3,52.6,52.0,52.5,9990,52.62,3481
2026-07-23 09:15:00,52.5,52.8,52.4,52.6,7134,52.62,3481
2026-07-23 09:20:00,52.6,53.3,52.4,53.2,8572,52.65,3481
2026-07-23 09:25:00,53.1,53.8,53.0,53.5,16451,52.82,3481
2026-07-23 09:30:00,53.4,53.6,53.1,53.4,6527,52.86,3481
2026-07-23 09:35:00,53.4,53.6,53.1,53.2,5651,52.9,3481
2026-07-23 09:40:00,53.1,53.3,53.0,53.2,3477,52.91,3481
2026-07-23 09:45:00,53.2,53.2,52.9,53.1,4048,52.91,3481
2026-07-23 09:50:00,53.1,53.3,52.7,52.7,4974,52.92,3481
2026-07-23 09:55:00,52.7,53.0,52.7,52.9,1687,52.92,3481
2026-07-23 10:00:00,52.9,53.1,52.6,53.0,3833,52.91,3481
2026-07-23 10:05:00,53.0,53.1,52.7,52.8,1603,52.91,3481
2026-07-23 10:10:00,52.8,52.9,52.7,52.7,1244,52.91,3481
2026-07-23 10:15:00,52.7,52.8,52.3,52.3,6104,52.89,3481
2026-07-23 10:20:00,52.3,52.4,51.8,51.9,12736,52.81,3481
2026-07-23 10:25:00,51.8,52.0,51.5,52.0,6891,52.75,3481
2026-07-23 10:30:00,52.0,52.4,52.0,52.3,3631,52.74,3481
2026-07-23 10:35:00,52.2,52.3,51.8,51.9,2327,52.73,3481
2026-07-23 10:40:00,51.9,52.0,51.8,51.9,2049,52.71,3481
2026-07-23 10:45:00,51.9,52.0,51.8,51.8,3052,52.7,3481
2026-07-23 10:50:00,51.8,52.0,51.7,52.0,1407,52.69,3481
2026-07-23 10:55:00,51.9,52.0,51.8,51.9,867,52.68,3481
2026-07-23 11:00:00,52.0,52.0,51.8,51.9,1812,52.67,3481
2026-07-23 11:05:00,52.0,52.0,51.7,51.7,2527,52.66,3481
2026-07-23 11:10:00,51.7,51.8,51.5,51.8,3595,52.64,3481
2026-07-23 11:15:00,51.7,51.9,51.6,51.6,1363,52.63,3481
2026-07-23 11:20:00,51.6,51.9,51.6,51.7,1606,52.62,3481
2026-07-23 11:25:00,51.7,51.8,51.7,51.8,718,52.62,3481
2026-07-23 11:30:00,51.7,51.9,51.6,51.6,1480,52.61,3481
2026-07-23 11:35:00,51.6,51.8,51.6,51.6,1573,52.6,3481
2026-07-23 11:40:00,51.6,51.7,51.6,51.6,1199,52.59,3481
2026-07-23 11:45:00,51.6,51.9,51.6,51.7,1722,52.58,3481
2026-07-23 11:50:00,51.7,51.9,51.7,51.8,568,52.58,3481
2026-07-23 11:55:00,51.9,51.9,51.7,51.7,857,52.58,3481
2026-07-23 12:00:00,51.7,51.8,51.6,51.7,1275,52.57,3481
2026-07-23 12:05:00,51.6,51.7,51.3,51.4,7116,52.52,3481
2026-07-23 12:10:00,51.3,51.6,51.2,51.6,2329,52.51,3481
2026-07-23 12:15:00,51.6,51.6,51.2,51.2,1953,52.5,3481
2026-07-23 12:20:00,51.1,51.3,51.0,51.2,2307,52.48,3481
2026-07-23 12:25:00,51.3,51.6,51.3,51.5,2191,52.47,3481
2026-07-23 12:30:00,51.6,51.7,51.5,51.6,1579,52.46,3481
2026-07-23 12:35:00,51.7,51.8,51.5,51.7,1767,52.45,3481
2026-07-23 12:40:00,51.7,51.8,51.6,51.7,755,52.45,3481
2026-07-23 12:45:00,51.6,51.8,51.6,51.7,1608,52.44,3481
2026-07-23 12:50:00,51.7,51.8,51.5,51.5,1044,52.44,3481
2026-07-23 12:55:00,51.5,51.6,51.4,51.5,2316,52.43,3481
2026-07-23 13:00:00,51.5,51.6,51.2,51.3,3292,52.41,3481
2026-07-23 13:05:00,51.3,51.4,51.3,51.3,2883,52.39,3481
2026-07-23 13:10:00,51.3,51.6,51.3,51.6,4557,52.37,3481
2026-07-23 13:15:00,51.5,51.9,51.4,51.8,6461,52.35,3481
2026-07-23 13:20:00,51.8,52.2,51.8,51.9,9116,52.34,3481
2026-07-23 13:30:00,51.9,51.9,51.9,51.9,8581,52.32,3481
2026-07-24 09:00:00,50.7,50.8,49.7,50.0,23138,50.09,3481
2026-07-24 09:05:00,50.0,50.5,50.0,50.2,10271,50.12,3481
2026-07-24 09:10:00,50.3,50.3,49.8,50.1,8933,50.1,3481
2026-07-24 09:15:00,50.0,50.4,49.85,50.3,5258,50.1,3481
2026-07-24 09:20:00,50.3,50.4,50.2,50.3,3496,50.12,3481
2026-07-24 09:25:00,50.3,50.5,50.2,50.3,4176,50.14,3481
2026-07-24 09:30:00,50.4,51.0,50.3,50.7,7463,50.2,3481
2026-07-24 09:35:00,50.7,50.9,50.6,50.6,3606,50.23,3481
2026-07-24 09:40:00,50.6,51.1,50.5,50.9,4076,50.27,3481
2026-07-24 09:45:00,50.9,51.3,50.8,50.8,4663,50.32,3481
2026-07-24 09:50:00,50.9,51.1,50.6,51.0,3245,50.34,3481
2026-07-24 09:55:00,51.0,51.0,50.8,50.8,1189,50.35,3481
2026-07-24 10:00:00,50.8,50.9,50.7,50.9,1132,50.35,3481
2026-07-24 10:05:00,50.9,50.9,50.5,50.6,3099,50.36,3481
2026-07-24 10:10:00,50.6,50.9,50.6,50.9,1076,50.37,3481
2026-07-24 10:15:00,50.9,50.9,50.6,50.6,1298,50.37,3481
2026-07-24 10:20:00,50.7,50.7,50.2,50.3,4968,50.37,3481
2026-07-24 10:25:00,50.3,50.6,50.2,50.3,2387,50.37,3481
2026-07-24 10:30:00,50.3,50.4,50.0,50.1,4314,50.37,3481
2026-07-24 10:35:00,50.0,50.1,49.65,49.65,14407,50.3,3481
2026-07-24 10:40:00,49.7,49.95,49.55,49.85,7891,50.26,3481
2026-07-24 10:45:00,49.85,50.1,49.85,49.95,3489,50.26,3481
2026-07-24 10:50:00,49.9,49.95,49.8,49.9,1488,50.25,3481
2026-07-24 10:55:00,49.9,50.2,49.9,49.95,2739,50.25,3481
2026-07-24 11:00:00,49.95,50.1,49.85,50.1,1262,50.24,3481
2026-07-24 11:05:00,50.0,50.1,49.9,49.95,1447,50.24,3481
2026-07-24 11:10:00,49.95,50.2,49.85,50.1,2114,50.24,3481
2026-07-24 11:15:00,50.1,50.3,50.1,50.2,1504,50.24,3481
2026-07-24 11:20:00,50.2,50.3,50.1,50.1,1107,50.24,3481
2026-07-24 11:25:00,50.2,50.4,50.1,50.3,1268,50.24,3481
2026-07-24 11:30:00,50.4,50.4,50.1,50.3,1426,50.24,3481
2026-07-24 11:35:00,50.2,50.3,50.1,50.2,595,50.24,3481
2026-07-24 11:40:00,50.2,50.3,50.2,50.3,241,50.24,3481
2026-07-24 11:45:00,50.2,50.3,50.1,50.1,901,50.24,3481
2026-07-24 11:50:00,50.1,50.2,50.1,50.1,754,50.24,3481
2026-07-24 11:55:00,50.2,50.2,50.0,50.0,1167,50.23,3481
2026-07-24 12:00:00,50.0,50.1,50.0,50.0,690,50.23,3481
2026-07-24 12:05:00,50.0,50.1,50.0,50.1,993,50.23,3481
2026-07-24 12:10:00,50.0,50.1,49.95,49.95,2356,50.23,3481
2026-07-24 12:15:00,49.95,49.95,49.8,49.95,3447,50.22,3481
2026-07-24 12:20:00,49.9,49.95,49.85,49.95,1006,50.22,3481
2026-07-24 12:25:00,49.95,50.1,49.9,50.1,1731,50.22,3481
2026-07-24 12:30:00,50.1,50.1,49.95,50.0,2069,50.21,3481
2026-07-24 12:35:00,50.0,50.0,49.9,49.95,1407,50.21,3481
2026-07-24 12:40:00,49.9,49.95,49.8,49.85,2583,50.21,3481
2026-07-24 12:45:00,49.85,49.9,49.8,49.85,2618,50.2,3481
2026-07-24 12:50:00,49.85,49.9,49.7,49.8,5362,50.19,3481
2026-07-24 12:55:00,49.75,49.8,49.7,49.7,2577,50.18,3481
2026-07-24 13:00:00,49.75,49.8,49.6,49.65,4353,50.17,3481
2026-07-24 13:05:00,49.6,49.7,49.6,49.65,3006,50.16,3481
2026-07-24 13:10:00,49.65,49.7,49.6,49.65,2435,50.15,3481
2026-07-24 13:15:00,49.65,49.65,49.5,49.55,6798,50.13,3481
2026-07-24 13:20:00,49.6,49.6,49.5,49.5,8664,50.1,3481
2026-07-24 13:30:00,49.5,49.5,49.5,49.5,7832,50.08,3481
2026-07-27 09:00:00,49.7,50.2,49.3,49.5,22634,49.59,3481
2026-07-27 09:05:00,49.5,49.7,49.3,49.65,12304,49.56,3481
2026-07-27 09:10:00,49.65,49.7,48.9,49.0,11816,49.49,3481
2026-07-27 09:15:00,49.0,49.1,48.05,48.1,19730,49.18,3481
2026-07-27 09:20:00,48.05,48.1,47.7,47.85,13823,48.96,3481
2026-07-27 09:25:00,47.85,48.0,47.2,47.45,15848,48.72,3481
2026-07-27 09:30:00,47.4,48.05,47.4,47.75,9485,48.64,3481
2026-07-27 09:35:00,47.8,47.9,47.4,47.85,5282,48.59,3481
2026-07-27 09:40:00,47.9,47.95,47.6,47.7,5262,48.56,3481
2026-07-27 09:45:00,47.75,47.8,47.35,47.4,6304,48.5,3481
2026-07-27 09:50:00,47.4,47.45,47.0,47.05,10857,48.39,3481
2026-07-27 09:55:00,47.05,47.3,46.8,47.25,14335,48.26,3481
2026-07-27 10:00:00,47.3,47.5,47.1,47.3,5820,48.22,3481
2026-07-27 10:05:00,47.25,47.35,47.15,47.15,1798,48.21,3481
2026-07-27 10:10:00,47.15,47.4,47.1,47.2,2663,48.2,3481
2026-07-27 10:15:00,47.2,47.2,46.85,47.05,4704,48.16,3481
2026-07-27 10:20:00,47.05,47.15,46.85,47.0,5099,48.13,3481
2026-07-27 10:25:00,47.05,47.4,47.0,47.4,4417,48.1,3481
2026-07-27 10:30:00,47.35,47.4,46.95,46.95,3105,48.09,3481
2026-07-27 10:35:00,47.0,47.4,46.95,47.25,2205,48.08,3481
2026-07-27 10:40:00,47.3,47.35,47.1,47.1,1410,48.07,3481
2026-07-27 10:45:00,47.15,47.15,46.75,46.8,6953,48.02,3481
2026-07-27 10:50:00,46.75,46.8,46.35,46.55,10767,47.95,3481
2026-07-27 10:55:00,46.55,46.9,46.55,46.7,5240,47.92,3481
2026-07-27 11:00:00,46.65,47.05,46.6,46.7,4124,47.89,3481
2026-07-27 11:05:00,46.7,46.8,46.55,46.6,2510,47.88,3481
2026-07-27 11:10:00,46.55,46.6,46.4,46.55,5621,47.84,3481
2026-07-27 11:15:00,46.55,46.6,46.4,46.45,2170,47.83,3481
2026-07-27 11:20:00,46.45,46.5,46.3,46.35,4380,47.8,3481
2026-07-27 11:25:00,46.35,46.35,46.05,46.05,7636,47.75,3481
2026-07-27 11:30:00,46.05,46.25,45.85,46.15,9347,47.68,3481
2026-07-27 11:35:00,46.15,46.15,45.9,45.9,3879,47.65,3481
2026-07-27 11:40:00,45.95,46.15,45.9,46.05,4255,47.63,3481
2026-07-27 11:45:00,46.05,46.1,45.9,45.9,2672,47.61,3481
2026-07-27 11:50:00,45.9,45.95,45.6,45.75,10232,47.53,3481
2026-07-27 11:55:00,45.75,46.0,45.6,45.75,4987,47.5,3481
2026-07-27 12:00:00,45.75,46.1,45.75,45.9,4674,47.47,3481
2026-07-27 12:05:00,45.9,46.15,45.85,46.0,4083,47.45,3481
2026-07-27 12:10:00,46.0,46.0,45.85,45.9,1408,47.44,3481
2026-07-27 12:15:00,45.9,46.05,45.8,46.0,3311,47.43,3481
2026-07-27 12:20:00,46.0,46.35,45.95,46.05,6872,47.39,3481
2026-07-27 12:25:00,46.05,46.35,46.05,46.35,3313,47.38,3481
2026-07-27 12:30:00,46.3,46.5,46.25,46.45,3370,47.37,3481
2026-07-27 12:35:00,46.5,46.5,46.2,46.25,1898,47.36,3481
2026-07-27 12:40:00,46.25,46.5,46.2,46.45,2549,47.35,3481
2026-07-27 12:45:00,46.45,46.5,46.3,46.35,2326,47.35,3481
2026-07-27 12:50:00,46.4,46.7,46.35,46.6,4703,47.33,3481
2026-07-27 12:55:00,46.6,46.65,46.5,46.6,2167,47.33,3481
2026-07-27 13:00:00,46.55,46.7,46.4,46.65,4469,47.32,3481
2026-07-27 13:05:00,46.65,47.15,46.65,47.1,7370,47.31,3481
2026-07-27 13:10:00,47.1,47.15,46.9,46.95,4638,47.3,3481
2026-07-27 13:15:00,46.95,47.2,46.9,47.2,6659,47.3,3481
2026-07-27 13:20:00,47.2,47.35,47.15,47.3,10536,47.3,3481
2026-07-27 13:30:00,47.35,47.35,47.35,47.35,10439,47.3,3481
2026-07-28 09:00:00,45.0,45.2,44.4,45.0,34900,44.84,3481
2026-07-28 09:05:00,45.0,45.0,44.25,44.3,16393,44.74,3481
2026-07-28 09:10:00,44.35,44.35,43.5,43.6,21275,44.47,3481
2026-07-28 09:15:00,43.65,43.8,43.35,43.6,12746,44.34,3481
2026-07-28 09:20:00,43.6,44.3,43.5,44.3,9760,44.3,3481
2026-07-28 09:25:00,44.3,44.8,44.25,44.55,10158,44.32,3481
2026-07-28 09:30:00,44.6,44.65,44.35,44.4,6941,44.33,3481
2026-07-28 09:35:00,44.4,44.55,44.1,44.25,5850,44.33,3481
2026-07-28 09:40:00,44.25,44.5,44.0,44.4,4464,44.32,3481
2026-07-28 09:45:00,44.4,44.45,44.2,44.35,3765,44.33,3481
2026-07-28 09:50:00,44.4,44.4,44.2,44.4,2868,44.32,3481
2026-07-28 09:55:00,44.4,44.7,44.15,44.7,6603,44.33,3481
2026-07-28 10:00:00,44.7,44.75,44.15,44.15,6342,44.33,3481
2026-07-28 10:05:00,44.15,44.5,44.1,44.2,4002,44.33,3481
2026-07-28 10:10:00,44.2,44.45,44.2,44.35,2528,44.33,3481
2026-07-28 10:15:00,44.35,44.65,44.25,44.6,4328,44.33,3481
2026-07-28 10:20:00,44.65,44.95,44.55,44.9,10839,44.37,3481
2026-07-28 10:25:00,44.95,44.95,44.7,44.8,3919,44.38,3481
2026-07-28 10:30:00,44.8,44.8,44.2,44.35,5326,44.38,3481
2026-07-28 10:35:00,44.35,44.4,44.15,44.2,5162,44.37,3481
2026-07-28 10:40:00,44.2,44.35,43.95,43.95,9484,44.36,3481
2026-07-28 10:45:00,43.95,44.3,43.95,44.3,6440,44.35,3481
2026-07-28 10:50:00,44.3,44.6,44.2,44.5,5113,44.35,3481
2026-07-28 10:55:00,44.5,44.55,44.4,44.4,2261,44.35,3481
2026-07-28 11:00:00,44.4,44.45,44.2,44.2,1933,44.35,3481
2026-07-28 11:05:00,44.25,44.3,44.05,44.05,2274,44.35,3481
2026-07-28 11:10:00,44.05,44.4,44.05,44.25,3032,44.35,3481
2026-07-28 11:15:00,44.25,44.75,44.2,44.7,5756,44.35,3481
2026-07-28 11:20:00,44.7,44.7,44.5,44.55,2223,44.35,3481
2026-07-28 11:25:00,44.55,44.75,44.45,44.5,2811,44.36,3481
2026-07-28 11:30:00,44.5,44.9,44.4,44.9,5378,44.37,3481
2026-07-28 11:35:00,44.9,45.45,44.85,45.3,13423,44.41,3481
2026-07-28 11:40:00,45.3,46.2,45.3,46.15,11279,44.47,3481
2026-07-28 11:45:00,46.15,46.7,46.0,46.4,14116,44.57,3481
2026-07-28 11:50:00,46.4,46.45,45.9,46.15,7543,44.62,3481
2026-07-28 11:55:00,46.2,46.2,45.9,46.1,3991,44.64,3481
2026-07-28 12:00:00,46.1,46.1,45.6,45.75,5879,44.66,3481
2026-07-28 12:05:00,45.7,45.8,45.5,45.5,4335,44.68,3481
2026-07-28 12:10:00,45.5,45.6,45.25,45.3,4155,44.69,3481
2026-07-28 12:15:00,45.3,45.6,45.3,45.5,3196,44.69,3481
2026-07-28 12:20:00,45.5,45.55,45.2,45.2,2657,44.7,3481
2026-07-28 12:25:00,45.25,45.45,45.25,45.4,2940,44.71,3481
2026-07-28 12:30:00,45.35,45.55,45.3,45.5,2196,44.71,3481
2026-07-28 12:35:00,45.5,45.8,45.45,45.75,3471,44.72,3481
2026-07-28 12:40:00,45.75,45.75,45.45,45.45,3321,44.73,3481
2026-07-28 12:45:00,45.45,45.75,45.45,45.6,2714,44.74,3481
2026-07-28 12:50:00,45.55,45.6,45.3,45.45,3403,44.75,3481
2026-07-28 12:55:00,45.45,45.5,45.3,45.45,1999,44.75,3481
2026-07-28 13:00:00,45.5,45.6,45.35,45.4,2697,44.76,3481
2026-07-28 13:05:00,45.35,45.4,45.05,45.1,6078,44.77,3481
2026-07-28 13:10:00,45.1,45.25,44.8,44.85,7730,44.77,3481
2026-07-28 13:15:00,44.9,45.1,44.8,45.0,6561,44.78,3481
2026-07-28 13:20:00,45.0,45.1,44.95,45.0,8152,44.78,3481
2026-07-28 13:30:00,45.0,45.0,45.0,45.0,10110,44.79,3481
2026-07-29 09:00:00,45.4,45.5,44.2,44.95,39252,45.02,3481
2026-07-29 09:05:00,44.95,44.95,43.6,43.75,27365,44.7,3481
2026-07-29 09:10:00,43.75,43.85,42.5,42.95,29457,44.22,3481
2026-07-29 09:15:00,42.95,43.25,42.1,43.15,20703,43.95,3481
2026-07-29 09:20:00,43.2,43.95,43.2,43.8,17722,43.89,3481
2026-07-29 09:25:00,43.8,43.85,43.4,43.5,10397,43.87,3481
2026-07-29 09:30:00,43.45,43.5,42.85,43.2,11195,43.81,3481
2026-07-29 09:35:00,43.2,43.25,42.65,42.65,11639,43.75,3481
2026-07-29 09:40:00,42.65,42.9,42.3,42.9,11861,43.66,3481
2026-07-29 09:45:00,42.9,42.95,42.35,42.4,5974,43.63,3481
2026-07-29 09:50:00,42.4,42.4,41.95,42.0,21061,43.48,3481
2026-07-29 09:55:00,42.0,42.1,41.55,41.65,15994,43.36,3481
2026-07-29 10:00:00,41.65,42.1,41.5,41.65,12026,43.28,3481
2026-07-29 10:05:00,41.6,41.8,41.2,41.3,13529,43.18,3481
2026-07-29 10:10:00,41.25,41.6,41.25,41.5,6017,43.14,3481
2026-07-29 10:15:00,41.5,41.8,41.0,41.05,9963,43.07,3481
2026-07-29 10:20:00,41.0,41.7,40.5,41.45,35204,42.81,3481
2026-07-29 10:25:00,41.4,41.75,41.3,41.65,5274,42.78,3481
2026-07-29 10:30:00,41.65,42.05,41.5,41.5,8786,42.76,3481
2026-07-29 10:35:00,41.55,41.55,41.0,41.1,6134,42.73,3481
2026-07-29 10:40:00,41.1,41.25,41.0,41.05,3745,42.71,3481
2026-07-29 10:45:00,41.05,41.05,40.55,40.55,12726,42.63,3481
2026-07-29 10:50:00,40.55,41.0,40.55,40.85,5850,42.6,3481
2026-07-29 10:55:00,40.9,40.9,40.55,40.8,5705,42.57,3481
2026-07-29 11:00:00,40.75,41.0,40.75,40.9,4021,42.55,3481
2026-07-29 11:05:00,40.85,41.55,40.85,41.45,8153,42.52,3481
2026-07-29 11:10:00,41.45,41.55,41.05,41.2,4026,42.5,3481
2026-07-29 11:15:00,41.3,41.35,41.0,41.05,2220,42.5,3481
2026-07-29 11:20:00,41.05,41.25,41.0,41.1,1422,42.49,3481
2026-07-29 11:25:00,41.05,41.1,40.95,40.95,2892,42.48,3481
2026-07-29 11:30:00,40.95,41.0,40.8,40.95,2458,42.47,3481
2026-07-29 11:35:00,40.95,41.25,40.95,40.95,2653,42.46,3481
2026-07-29 11:40:00,40.95,41.0,40.9,40.95,1410,42.45,3481
2026-07-29 11:45:00,41.0,41.0,40.85,40.9,2049,42.45,3481
2026-07-29 11:50:00,40.85,40.9,40.6,40.65,3895,42.43,3481
2026-07-29 11:55:00,40.6,40.7,40.55,40.6,5373,42.4,3481
2026-07-29 12:00:00,40.65,40.7,40.55,40.6,3967,42.38,3481
2026-07-29 12:05:00,40.6,40.7,40.5,40.5,27902,42.26,3481
2026-07-29 12:10:00,40.5,40.5,40.5,40.5,2506,42.25,3481
2026-07-29 12:15:00,40.5,40.5,40.5,40.5,1722,42.24,3481
2026-07-29 12:20:00,40.5,40.5,40.5,40.5,1221,42.24,3481
2026-07-29 12:25:00,40.5,40.5,40.5,40.5,1251,42.23,3481
2026-07-29 12:30:00,40.5,40.5,40.5,40.5,1325,42.23,3481
2026-07-29 12:35:00,40.5,40.5,40.5,40.5,971,42.22,3481
2026-07-29 12:40:00,40.5,40.5,40.5,40.5,1472,42.22,3481
2026-07-29 12:45:00,40.5,40.5,40.5,40.5,765,42.21,3481
2026-07-29 12:50:00,40.5,40.5,40.5,40.5,3771,42.2,3481
2026-07-29 12:55:00,40.5,40.5,40.5,40.5,3972,42.18,3481
2026-07-29 13:00:00,40.5,41.35,40.5,41.3,32523,42.08,3481
2026-07-29 13:05:00,41.3,41.9,41.15,41.9,8374,42.07,3481
2026-07-29 13:10:00,41.9,42.8,41.8,42.4,15657,42.08,3481
2026-07-29 13:15:00,42.4,42.45,41.85,41.9,7041,42.08,3481
2026-07-29 13:20:00,41.9,42.2,41.5,41.6,8152,42.08,3481
2026-07-29 13:30:00,41.8,41.8,41.8,41.8,7718,42.07,3481
2026-07-30 09:00:00,40.7,42.0,40.65,41.95,41548,41.22,3481
2026-07-30 09:05:00,41.95,43.5,41.95,43.0,38970,42.03,3481
2026-07-30 09:10:00,43.05,43.6,42.5,42.55,23324,42.28,3481
2026-07-30 09:15:00,42.6,43.0,42.15,42.95,19693,42.32,3481
2026-07-30 09:20:00,42.95,43.2,42.6,43.05,11619,42.37,3481
2026-07-30 09:25:00,43.0,43.4,42.95,43.1,14309,42.45,3481
2026-07-30 09:30:00,43.1,43.85,43.1,43.8,18886,42.57,3481
2026-07-30 09:35:00,43.85,44.9,43.75,44.45,25465,42.82,3481
2026-07-30 09:40:00,44.5,45.95,44.45,45.15,46228,43.34,3481
2026-07-30 09:45:00,45.1,45.3,44.55,45.15,12754,43.42,3481
2026-07-30 09:50:00,45.2,45.3,44.45,45.0,10352,43.48,3481
2026-07-30 09:55:00,44.95,45.0,44.6,44.65,4610,43.5,3481
2026-07-30 10:00:00,44.6,45.0,44.55,44.55,6265,43.53,3481
2026-07-30 10:05:00,44.55,44.6,44.0,44.55,12501,43.56,3481
2026-07-30 10:10:00,44.6,44.8,44.2,44.25,5513,43.58,3481
2026-07-30 10:15:00,44.2,44.35,43.8,43.8,9531,43.59,3481
2026-07-30 10:20:00,43.8,44.0,43.4,43.55,9415,43.6,3481
2026-07-30 10:25:00,43.6,43.8,42.95,43.0,10185,43.59,3481
2026-07-30 10:30:00,43.0,43.25,42.8,43.15,9179,43.57,3481
2026-07-30 10:35:00,43.2,43.5,43.0,43.5,5575,43.56,3481
2026-07-30 10:40:00,43.45,43.9,43.4,43.85,5726,43.57,3481
2026-07-30 10:45:00,43.85,43.9,43.55,43.7,4694,43.57,3481
2026-07-30 10:50:00,43.7,43.7,43.3,43.55,2914,43.57,3481
2026-07-30 10:55:00,43.55,43.6,42.85,42.9,6081,43.56,3481
2026-07-30 11:00:00,42.95,43.3,42.9,43.05,2820,43.56,3481
2026-07-30 11:05:00,43.05,43.25,42.9,43.15,3121,43.55,3481
2026-07-30 11:10:00,43.1,43.2,42.65,42.85,5681,43.54,3481
2026-07-30 11:15:00,42.85,42.85,42.35,42.5,7337,43.52,3481
2026-07-30 11:20:00,42.5,42.55,42.25,42.25,4405,43.51,3481
2026-07-30 11:25:00,42.25,42.9,42.25,42.65,4589,43.5,3481
2026-07-30 11:30:00,42.7,42.95,42.4,42.85,2792,43.49,3481
2026-07-30 11:35:00,42.85,42.95,42.5,42.5,2388,43.49,3481
2026-07-30 11:40:00,42.5,42.9,42.5,42.9,1601,43.48,3481
2026-07-30 11:45:00,42.85,43.15,42.7,43.0,4188,43.48,3481
2026-07-30 11:50:00,43.0,43.15,42.9,42.95,2374,43.48,3481
2026-07-30 11:55:00,42.9,43.0,42.6,42.75,2825,43.47,3481
2026-07-30 12:00:00,42.8,42.95,42.75,42.85,1197,43.47,3481
2026-07-30 12:05:00,42.85,42.9,42.6,42.65,2273,43.46,3481
2026-07-30 12:10:00,42.65,42.7,42.55,42.55,2404,43.46,3481
2026-07-30 12:15:00,42.55,42.6,42.2,42.2,5136,43.45,3481
2026-07-30 12:20:00,42.2,42.55,42.1,42.55,4477,43.43,3481
2026-07-30 12:25:00,42.5,42.85,42.4,42.75,2836,43.43,3481
2026-07-30 12:30:00,42.75,42.85,42.65,42.75,2380,43.42,3481
2026-07-30 12:35:00,42.7,42.8,42.4,42.4,2459,43.42,3481
2026-07-30 12:40:00,42.4,42.55,42.25,42.35,3750,43.41,3481
2026-07-30 12:45:00,42.4,42.6,42.3,42.35,2541,43.4,3481
2026-07-30 12:50:00,42.4,42.5,41.8,41.9,10807,43.37,3481
2026-07-30 12:55:00,41.95,41.95,41.45,41.8,10749,43.33,3481
2026-07-30 13:00:00,41.8,41.95,41.35,41.5,6682,43.31,3481
2026-07-30 13:05:00,41.5,41.7,40.95,40.95,12940,43.25,3481
2026-07-30 13:10:00,41.0,41.45,40.85,41.45,7410,43.22,3481
2026-07-30 13:15:00,41.5,42.05,41.4,41.9,7926,43.2,3481
2026-07-30 13:20:00,41.9,42.1,41.3,41.35,10228,43.17,3481
2026-07-30 13:30:00,41.4,41.4,41.4,41.4,12098,43.12,3481
2026-07-31 09:00:00,45.35,45.35,44.4,44.95,40136,45.05,3481
2026-07-31 09:05:00,45.0,45.15,44.75,44.95,16464,45.03,3481
2026-07-31 09:10:00,44.9,45.05,44.45,44.9,16543,44.96,3481
2026-07-31 09:15:00,44.85,45.05,44.65,45.0,10899,44.96,3481
2026-07-31 09:20:00,45.05,45.3,44.8,44.9,15433,44.98,3481
2026-07-31 09:25:00,44.9,45.2,44.85,45.15,5484,44.98,3481
2026-07-31 09:30:00,45.15,45.2,44.8,44.9,5986,44.98,3481
2026-07-31 09:35:00,44.95,44.95,44.6,44.75,7902,44.96,3481
2026-07-31 09:40:00,44.75,44.8,44.6,44.6,4684,44.95,3481
2026-07-31 09:45:00,44.6,44.7,44.3,44.35,13622,44.91,3481
2026-07-31 09:50:00,44.3,44.6,44.1,44.4,8454,44.87,3481
2026-07-31 09:55:00,44.35,44.35,44.15,44.35,6232,44.85,3481
2026-07-31 10:00:00,44.4,44.45,44.15,44.2,4481,44.83,3481
2026-07-31 10:05:00,44.2,44.6,44.1,44.6,6798,44.81,3481
2026-07-31 10:10:00,44.6,44.75,44.4,44.6,5222,44.8,3481
2026-07-31 10:15:00,44.6,44.75,44.4,44.45,2912,44.8,3481
2026-07-31 10:20:00,44.5,44.7,44.45,44.65,2199,44.8,3481
2026-07-31 10:25:00,44.65,44.95,44.65,44.75,6786,44.8,3481
2026-07-31 10:30:00,44.8,44.85,44.7,44.75,2121,44.8,3481
2026-07-31 10:35:00,44.8,44.8,44.7,44.7,906,44.8,3481
2026-07-31 10:40:00,44.75,45.0,44.7,45.0,4263,44.8,3481
2026-07-31 10:45:00,45.0,45.3,44.95,45.1,16481,44.83,3481
2026-07-31 10:50:00,45.15,45.5,45.05,45.45,25628,44.89,3481
2026-07-31 10:55:00,45.45,45.5,45.25,45.25,12968,44.92,3481
2026-07-31 11:00:00,45.25,45.3,45.0,45.25,5051,44.92,3481
2026-07-31 11:05:00,45.3,45.35,45.1,45.1,1997,44.93,3481
2026-07-31 11:10:00,45.1,45.2,45.0,45.05,2504,44.93,3481
2026-07-31 11:15:00,45.0,45.3,45.0,45.25,1961,44.93,3481
2026-07-31 11:20:00,45.2,45.3,45.1,45.3,1428,44.93,3481
2026-07-31 11:25:00,45.3,45.5,45.25,45.5,30592,44.99,3481
2026-07-31 11:30:00,45.45,45.5,45.3,45.45,3261,45.0,3481
2026-07-31 11:35:00,45.45,45.5,45.4,45.5,4667,45.0,3481
2026-07-31 11:40:00,45.5,45.5,45.35,45.5,3809,45.01,3481
2026-07-31 11:45:00,45.5,45.5,45.35,45.45,2073,45.01,3481
2026-07-31 11:50:00,45.45,45.45,45.4,45.45,1216,45.02,3481
2026-07-31 11:55:00,45.4,45.45,45.4,45.45,714,45.02,3481
2026-07-31 12:00:00,45.45,45.45,45.15,45.25,3191,45.02,3481
2026-07-31 12:05:00,45.25,45.3,45.1,45.3,1990,45.02,3481
2026-07-31 12:10:00,45.3,45.3,45.05,45.1,1875,45.02,3481
2026-07-31 12:15:00,45.1,45.3,45.05,45.25,2526,45.02,3481
2026-07-31 12:20:00,45.3,45.3,44.75,44.85,8650,45.02,3481
2026-07-31 12:25:00,44.85,44.95,44.75,44.9,2470,45.02,3481
2026-07-31 12:30:00,44.95,45.05,44.8,45.05,2388,45.02,3481
2026-07-31 12:35:00,45.05,45.2,44.9,45.15,3152,45.02,3481
2026-07-31 12:40:00,45.15,45.15,44.9,45.0,3199,45.02,3481
2026-07-31 12:45:00,44.95,45.15,44.95,45.1,2684,45.02,3481
2026-07-31 12:50:00,45.05,45.15,45.05,45.05,3529,45.02,3481
2026-07-31 12:55:00,45.05,45.2,45.05,45.15,2503,45.02,3481
2026-07-31 13:00:00,45.1,45.45,45.1,45.45,4352,45.02,3481
2026-07-31 13:05:00,45.4,45.5,45.4,45.5,10939,45.04,3481
2026-07-31 13:10:00,45.5,45.5,45.5,45.5,1091,45.04,3481
2026-07-31 13:15:00,45.5,45.5,45.5,45.5,739,45.04,3481
2026-07-31 13:20:00,45.5,45.5,45.5,45.5,753,45.04,3481
2026-07-31 13:30:00,45.5,45.5,45.5,45.5,5226,45.05,3481
2026-08-03 09:00:00,45.0,45.05,43.8,44.15,35839,44.37,3481
2026-08-03 09:05:00,44.1,44.8,44.05,44.75,19184,44.38,3481
2026-08-03 09:10:00,44.75,45.3,44.55,44.6,22485,44.54,3481
2026-08-03 09:15:00,44.6,44.65,44.05,44.1,14638,44.51,3481
2026-08-03 09:20:00,44.1,45.2,43.95,45.15,16930,44.52,3481
2026-08-03 09:25:00,45.2,45.5,45.0,45.1,15868,44.61,3481
2026-08-03 09:30:00,45.1,45.25,44.85,44.9,6891,44.64,3481
2026-08-03 09:35:00,44.85,44.9,44.6,44.8,6211,44.64,3481
2026-08-03 09:40:00,44.85,45.2,44.8,45.2,3841,44.65,3481
2026-08-03 09:45:00,45.15,45.4,45.15,45.2,6205,44.68,3481
2026-08-03 09:50:00,45.2,45.7,45.1,45.3,14374,44.75,3481
2026-08-03 09:55:00,45.25,45.95,45.25,45.75,9116,44.81,3481
2026-08-03 10:00:00,45.8,45.95,45.55,45.85,6246,44.84,3481
2026-08-03 10:05:00,45.8,45.85,45.4,45.45,5818,44.86,3481
2026-08-03 10:10:00,45.45,46.1,45.45,46.1,7765,44.9,3481
2026-08-03 10:15:00,46.05,46.15,45.8,46.0,7101,44.94,3481
2026-08-03 10:20:00,46.0,46.4,45.8,45.85,11308,45.01,3481
2026-08-03 10:25:00,45.85,45.9,45.5,45.65,7823,45.03,3481
2026-08-03 10:30:00,45.65,45.7,45.5,45.6,4879,45.04,3481
2026-08-03 10:35:00,45.6,45.6,45.3,45.35,6720,45.05,3481
2026-08-03 10:40:00,45.4,45.55,45.35,45.45,2595,45.06,3481
2026-08-03 10:45:00,45.45,45.6,45.4,45.5,2285,45.06,3481
2026-08-03 10:50:00,45.5,45.9,45.5,45.8,3803,45.07,3481
2026-08-03 10:55:00,45.8,46.15,45.7,46.1,5986,45.09,3481
2026-08-03 11:00:00,46.15,46.15,45.8,45.95,4591,45.11,3481
2026-08-03 11:05:00,45.9,45.9,45.55,45.75,2206,45.12,3481
2026-08-03 11:10:00,45.8,45.8,45.7,45.8,1015,45.12,3481
2026-08-03 11:15:00,45.75,45.8,45.5,45.55,2801,45.13,3481
2026-08-03 11:20:00,45.55,45.6,45.4,45.45,3025,45.13,3481
2026-08-03 11:25:00,45.5,45.5,45.3,45.35,3590,45.13,3481
2026-08-03 11:30:00,45.3,45.6,45.3,45.55,2155,45.14,3481
2026-08-03 11:35:00,45.55,45.85,45.5,45.8,1973,45.14,3481
2026-08-03 11:40:00,45.8,45.8,45.55,45.65,1608,45.14,3481
2026-08-03 11:45:00,45.7,45.85,45.7,45.8,2376,45.15,3481
2026-08-03 11:50:00,45.8,46.0,45.75,45.95,3892,45.16,3481
2026-08-03 11:55:00,46.0,46.0,45.7,45.75,1568,45.16,3481
2026-08-03 12:00:00,45.7,45.8,45.7,45.75,1496,45.17,3481
2026-08-03 12:05:00,45.75,46.0,45.75,45.95,3402,45.18,3481
2026-08-03 12:10:00,45.95,46.1,45.85,46.05,4694,45.19,3481
2026-08-03 12:15:00,46.1,46.65,46.05,46.45,17207,45.26,3481
2026-08-03 12:20:00,46.5,46.55,46.25,46.55,5256,45.28,3481
2026-08-03 12:25:00,46.6,46.7,46.4,46.6,5701,45.3,3481
2026-08-03 12:30:00,46.55,46.6,46.2,46.3,3605,45.31,3481
2026-08-03 12:35:00,46.3,46.35,46.0,46.3,4941,45.33,3481
2026-08-03 12:40:00,46.3,46.3,45.85,46.1,4185,45.34,3481
2026-08-03 12:45:00,46.05,46.25,46.05,46.2,1829,45.34,3481
2026-08-03 12:50:00,46.25,46.25,45.8,46.0,3232,45.35,3481
2026-08-03 12:55:00,45.95,46.0,45.7,45.75,4025,45.35,3481
2026-08-03 13:00:00,45.8,45.85,45.5,45.55,6814,45.36,3481
2026-08-03 13:05:00,45.6,45.65,45.4,45.55,5048,45.36,3481
2026-08-03 13:10:00,45.55,45.6,45.3,45.35,4841,45.36,3481
2026-08-03 13:15:00,45.35,45.35,45.2,45.3,6086,45.36,3481
2026-08-03 13:20:00,45.35,45.35,45.1,45.2,7704,45.36,3481
2026-08-03 13:30:00,45.8,45.8,45.8,45.8,12305,45.37,3481
2026-08-04 09:00:00,45.65,45.65,44.7,45.05,23855,45.11,3481
2026-08-04 09:05:00,45.0,45.4,44.95,45.1,10734,45.12,3481
2026-08-04 09:10:00,45.05,45.4,44.95,45.3,9208,45.13,3481
2026-08-04 09:15:00,45.35,45.8,44.95,45.75,10129,45.15,3481
2026-08-04 09:20:00,45.75,45.85,45.45,45.7,12467,45.25,3481
2026-08-04 09:25:00,45.75,45.85,45.5,45.7,7411,45.3,3481
2026-08-04 09:30:00,45.65,46.35,45.65,46.3,16955,45.43,3481
2026-08-04 09:35:00,46.3,46.55,46.0,46.4,12890,45.54,3481
2026-08-04 09:40:00,46.4,47.0,46.3,46.95,13184,45.66,3481
2026-08-04 09:45:00,47.0,47.35,46.95,47.25,16013,45.84,3481
2026-08-04 09:50:00,47.25,48.5,47.0,48.45,18830,46.06,3481
2026-08-04 09:55:00,48.45,48.55,47.75,47.95,17714,46.27,3481
2026-08-04 10:00:00,47.95,48.15,47.35,47.4,13169,46.37,3481
2026-08-04 10:05:00,47.4,47.8,47.25,47.45,8642,46.42,3481
2026-08-04 10:10:00,47.45,47.5,47.05,47.25,7914,46.46,3481
2026-08-04 10:15:00,47.25,47.3,46.7,47.05,12856,46.48,3481
2026-08-04 10:20:00,47.0,47.25,46.9,47.1,4264,46.5,3481
2026-08-04 10:25:00,47.1,47.1,46.85,46.95,3068,46.5,3481
2026-08-04 10:30:00,46.95,47.25,46.95,47.05,3179,46.51,3481
2026-08-04 10:35:00,47.1,47.25,46.95,47.0,2372,46.52,3481
2026-08-04 10:40:00,47.0,47.05,46.9,47.0,1862,46.52,3481
2026-08-04 10:45:00,47.0,47.0,46.5,46.55,7863,46.53,3481
2026-08-04 10:50:00,46.55,46.85,46.45,46.85,5244,46.53,3481
2026-08-04 10:55:00,46.85,46.85,46.55,46.6,2241,46.53,3481
2026-08-04 11:00:00,46.55,46.7,46.45,46.55,4243,46.53,3481
2026-08-04 11:05:00,46.55,46.6,46.4,46.4,3218,46.53,3481
2026-08-04 11:10:00,46.4,46.5,46.05,46.2,8260,46.52,3481
2026-08-04 11:15:00,46.2,46.55,46.1,46.55,3660,46.52,3481
2026-08-04 11:20:00,46.5,46.55,46.35,46.55,1736,46.52,3481
2026-08-04 11:25:00,46.55,46.65,46.5,46.55,2082,46.52,3481
2026-08-04 11:30:00,46.55,46.95,46.55,46.9,4129,46.52,3481
2026-08-04 11:35:00,46.85,46.9,46.65,46.75,1486,46.52,3481
2026-08-04 11:40:00,46.75,46.75,46.5,46.5,1057,46.52,3481
2026-08-04 11:45:00,46.5,46.65,46.5,46.55,671,46.52,3481
2026-08-04 11:50:00,46.55,46.7,46.5,46.6,1324,46.52,3481
2026-08-04 11:55:00,46.6,46.8,46.55,46.75,1120,46.53,3481
2026-08-04 12:00:00,46.75,46.8,46.6,46.6,1296,46.53,3481
2026-08-04 12:05:00,46.6,46.8,46.55,46.65,1312,46.53,3481
2026-08-04 12:10:00,46.65,46.65,46.35,46.45,2012,46.53,3481
2026-08-04 12:15:00,46.4,46.75,46.35,46.75,1736,46.53,3481
2026-08-04 12:20:00,46.75,46.75,46.5,46.55,1054,46.53,3481
2026-08-04 12:25:00,46.55,46.9,46.55,46.8,3688,46.53,3481
2026-08-04 12:30:00,46.8,47.1,46.75,46.8,5521,46.54,3481
2026-08-04 12:35:00,46.8,46.95,46.75,46.85,1769,46.54,3481
2026-08-04 12:40:00,46.85,46.95,46.75,46.8,1431,46.54,3481
2026-08-04 12:45:00,46.75,47.1,46.75,47.05,4099,46.55,3481
2026-08-04 12:50:00,47.1,47.1,46.95,47.0,2315,46.55,3481
2026-08-04 12:55:00,46.95,47.3,46.95,47.05,6770,46.56,3481
2026-08-04 13:00:00,47.05,47.15,46.9,47.0,3348,46.57,3481
2026-08-04 13:05:00,46.95,47.15,46.95,47.1,3266,46.57,3481
2026-08-04 13:10:00,47.05,47.1,46.85,46.85,3179,46.58,3481
2026-08-04 13:15:00,46.9,47.3,46.85,47.2,7110,46.59,3481
2026-08-04 13:20:00,47.25,47.55,47.15,47.5,10905,46.62,3481
2026-08-04 13:30:00,47.8,47.8,47.8,47.8,10554,46.65,3481
2026-08-05 09:00:00,49.3,50.2,49.2,49.5,51918,49.61,3481
2026-08-05 09:05:00,49.55,50.0,49.4,49.7,20201,49.64,3481
2026-08-05 09:10:00,49.7,49.8,48.9,49.25,20128,49.57,3481
2026-08-05 09:15:00,49.2,49.3,48.65,48.7,15343,49.49,3481
2026-08-05 09:20:00,48.65,49.2,48.6,49.0,8388,49.45,3481
2026-08-05 09:25:00,49.0,49.6,48.8,49.6,11116,49.43,3481
2026-08-05 09:30:00,49.55,49.75,49.2,49.3,9792,49.44,3481
2026-08-05 09:35:00,49.3,49.35,49.2,49.25,3497,49.43,3481
2026-08-05 09:40:00,49.25,49.5,49.1,49.2,4284,49.43,3481
2026-08-05 09:45:00,49.15,49.75,49.15,49.7,6138,49.43,3481
2026-08-05 09:50:00,49.7,49.95,49.55,49.8,14160,49.46,3481
2026-08-05 09:55:00,49.8,49.9,49.6,49.6,4347,49.47,3481
2026-08-05 10:00:00,49.6,49.75,49.55,49.6,2590,49.47,3481
2026-08-05 10:05:00,49.6,50.2,49.55,50.0,17318,49.52,3481
2026-08-05 10:10:00,50.1,50.2,49.85,50.2,6859,49.54,3481
2026-08-05 10:15:00,50.1,50.4,49.55,49.95,11327,49.56,3481
2026-08-05 10:20:00,49.95,50.2,49.9,50.1,6821,49.58,3481
2026-08-05 10:25:00,50.1,50.5,50.1,50.1,10552,49.61,3481
2026-08-05 10:30:00,50.1,50.2,49.85,50.0,6040,49.62,3481
2026-08-05 10:35:00,50.0,50.2,49.9,49.9,3255,49.63,3481
2026-08-05 10:40:00,49.9,49.9,49.7,49.85,4506,49.63,3481
2026-08-05 10:45:00,49.85,50.1,49.8,49.9,2168,49.63,3481
2026-08-05 10:50:00,49.9,49.95,49.85,49.9,953,49.64,3481
2026-08-05 10:55:00,49.85,49.9,49.55,49.55,4743,49.64,3481
2026-08-05 11:00:00,49.6,49.75,49.55,49.65,4772,49.64,3481
2026-08-05 11:05:00,49.65,49.7,49.5,49.6,3145,49.64,3481
2026-08-05 11:10:00,49.6,49.65,49.3,49.3,6920,49.63,3481
2026-08-05 11:15:00,49.35,49.45,49.2,49.3,6673,49.62,3481
2026-08-05 11:20:00,49.25,49.35,49.1,49.15,4682,49.62,3481
2026-08-05 11:25:00,49.15,49.2,48.95,48.95,9171,49.6,3481
2026-08-05 11:30:00,48.9,49.0,48.8,49.0,5462,49.59,3481
2026-08-05 11:35:00,48.95,49.2,48.9,49.2,3390,49.58,3481
2026-08-05 11:40:00,49.15,49.2,49.0,49.05,2043,49.58,3481
2026-08-05 11:45:00,49.05,49.1,48.7,48.75,5539,49.56,3481
2026-08-05 11:50:00,48.75,48.85,48.75,48.85,2704,49.56,3481
2026-08-05 11:55:00,48.85,48.95,48.75,48.8,2474,49.55,3481
2026-08-05 12:00:00,48.8,48.8,48.65,48.65,3067,49.54,3481
2026-08-05 12:05:00,48.65,48.7,48.55,48.55,5806,49.53,3481
2026-08-05 12:10:00,48.6,48.65,48.5,48.5,4167,49.51,3481
2026-08-05 12:15:00,48.5,48.5,48.2,48.25,8476,49.48,3481
2026-08-05 12:20:00,48.2,48.3,48.05,48.1,6442,49.46,3481
2026-08-05 12:25:00,48.1,48.15,47.75,47.95,12262,49.4,3481
2026-08-05 12:30:00,47.95,48.2,47.8,48.2,6111,49.38,3481
2026-08-05 12:35:00,48.2,48.35,48.05,48.2,3887,49.37,3481
2026-08-05 12:40:00,48.2,48.35,48.15,48.15,2340,49.36,3481
2026-08-05 12:45:00,48.15,48.3,48.05,48.25,3714,49.35,3481
2026-08-05 12:50:00,48.25,48.25,48.1,48.15,2463,49.34,3481
2026-08-05 12:55:00,48.2,48.35,48.15,48.35,2939,49.33,3481
2026-08-05 13:00:00,48.35,48.6,48.3,48.45,5171,49.32,3481
2026-08-05 13:05:00,48.4,48.85,48.4,48.45,7581,49.3,3481
2026-08-05 13:10:00,48.45,48.5,48.1,48.1,6313,49.29,3481
2026-08-05 13:15:00,48.15,48.25,47.95,48.0,8252,49.26,3481
2026-08-05 13:20:00,47.95,48.1,47.8,47.85,11922,49.22,3481
2026-08-05 13:30:00,47.8,47.8,47.8,47.8,14473,49.17,3481
2026-08-06 09:00:00,47.9,48.6,47.75,48.2,24732,48.07,3481
2026-08-06 09:05:00,48.2,48.3,47.5,47.75,13956,48.01,3481
2026-08-06 09:10:00,47.7,47.8,47.25,47.65,13001,47.89,3481
2026-08-06 09:15:00,47.65,47.65,47.05,47.1,10358,47.78,3481
2026-08-06 09:20:00,47.15,47.15,46.7,47.05,14645,47.62,3481
2026-08-06 09:25:00,47.05,47.3,46.9,47.3,4926,47.59,3481
2026-08-06 09:30:00,47.3,47.55,47.1,47.35,6010,47.57,3481
2026-08-06 09:35:00,47.3,47.45,47.1,47.2,2725,47.56,3481
2026-08-06 09:40:00,47.2,47.3,47.0,47.1,2930,47.55,3481
2026-08-06 09:45:00,47.1,47.5,47.05,47.25,3160,47.54,3481
2026-08-06 09:50:00,47.25,47.3,47.05,47.2,2359,47.53,3481
2026-08-06 09:55:00,47.2,47.25,46.9,47.0,4551,47.51,3481
2026-08-06 10:00:00,47.05,47.55,47.0,47.5,3957,47.5,3481
2026-08-06 10:05:00,47.55,47.55,47.3,47.4,1842,47.5,3481
2026-08-06 10:10:00,47.4,47.55,47.3,47.5,4004,47.5,3481
2026-08-06 10:15:00,47.5,47.75,47.5,47.65,4313,47.5,3481
2026-08-06 10:20:00,47.65,48.15,47.6,48.05,9932,47.54,3481
2026-08-06 10:25:00,48.05,48.15,47.6,47.75,4549,47.55,3481
2026-08-06 10:30:00,47.75,48.1,47.6,48.1,2991,47.56,3481
2026-08-06 10:35:00,48.1,48.1,47.85,48.05,3247,47.57,3481
2026-08-06 10:40:00,48.05,48.2,47.95,48.15,4040,47.58,3481
2026-08-06 10:45:00,48.15,48.3,47.95,47.95,4611,47.6,3481
2026-08-06 10:50:00,47.95,48.2,47.9,48.2,1942,47.6,3481
2026-08-06 10:55:00,48.2,48.2,48.0,48.0,1405,47.61,3481
2026-08-06 11:00:00,48.0,48.05,47.8,47.9,3305,47.62,3481
2026-08-06 11:05:00,47.9,47.9,47.5,47.55,3135,47.62,3481
2026-08-06 11:10:00,47.55,47.85,47.5,47.8,1641,47.62,3481
2026-08-06 11:15:00,47.8,47.85,47.55,47.65,1227,47.62,3481
2026-08-06 11:20:00,47.7,48.0,47.65,47.95,1439,47.62,3481
2026-08-06 11:25:00,47.95,48.3,47.9,48.15,6822,47.64,3481
2026-08-06 11:30:00,48.1,48.15,48.0,48.05,1823,47.65,3481
2026-08-06 11:35:00,48.05,48.4,47.95,48.25,7213,47.67,3481
2026-08-06 11:40:00,48.25,48.25,48.15,48.15,1621,47.68,3481
2026-08-06 11:45:00,48.15,48.5,48.1,48.4,5640,47.7,3481
2026-08-06 11:50:00,48.4,48.75,48.3,48.7,7673,47.73,3481
2026-08-06 11:55:00,48.7,48.7,48.4,48.65,4705,47.75,3481
2026-08-06 12:00:00,48.65,48.75,48.45,48.6,3888,47.77,3481
2026-08-06 12:05:00,48.6,49.1,48.55,49.05,11146,47.83,3481
2026-08-06 12:10:00,49.0,49.1,48.7,48.75,4228,47.85,3481
2026-08-06 12:15:00,48.7,48.95,48.7,48.8,2182,47.86,3481
2026-08-06 12:20:00,48.8,48.95,48.75,48.95,2169,47.87,3481
2026-08-06 12:25:00,49.0,49.2,48.9,49.1,8237,47.91,3481
2026-08-06 12:30:00,49.1,49.25,48.85,48.9,5704,47.94,3481
2026-08-06 12:35:00,48.9,48.95,48.7,48.85,2507,47.95,3481
2026-08-06 12:40:00,48.85,48.9,48.8,48.8,1331,47.95,3481
2026-08-06 12:45:00,48.8,48.9,48.75,48.85,1769,47.96,3481
2026-08-06 12:50:00,48.85,49.1,48.85,49.05,2454,47.97,3481
2026-08-06 12:55:00,49.05,49.4,49.0,49.4,7089,48.0,3481
2026-08-06 13:00:00,49.4,49.4,49.1,49.3,4229,48.02,3481
2026-08-06 13:05:00,49.3,49.4,49.25,49.35,5536,48.05,3481
2026-08-06 13:10:00,49.35,49.4,49.25,49.3,2922,48.07,3481
2026-08-06 13:15:00,49.3,49.65,49.3,49.6,9773,48.12,3481
2026-08-06 13:20:00,49.6,50.0,49.6,49.95,12228,48.19,3481
2026-08-06 13:30:00,50.0,50.0,50.0,50.0,12195,48.27,3481
2026-08-07 09:00:00,49.7,50.1,49.4,49.65,29567,49.78,3481
2026-08-07 09:05:00,49.7,50.1,49.55,49.7,14365,49.81,3481
2026-08-07 09:10:00,49.75,49.95,49.1,49.15,15746,49.72,3481
2026-08-07 09:15:00,49.15,49.55,49.05,49.35,10462,49.65,3481
2026-08-07 09:20:00,49.35,49.45,49.05,49.4,6027,49.61,3481
2026-08-07 09:25:00,49.4,49.65,49.2,49.55,6697,49.6,3481
2026-08-07 09:30:00,49.5,50.4,49.5,50.1,16372,49.67,3481
2026-08-07 09:35:00,50.1,50.2,49.45,49.45,9204,49.68,3481
2026-08-07 09:40:00,49.5,49.8,49.35,49.8,4146,49.68,3481
2026-08-07 09:45:00,49.8,49.95,49.55,49.8,3367,49.68,3481
2026-08-07 09:50:00,49.75,49.8,49.45,49.6,3493,49.68,3481
2026-08-07 09:55:00,49.55,49.6,49.45,49.6,2311,49.68,3481
2026-08-07 10:00:00,49.55,49.6,49.45,49.55,1890,49.67,3481
2026-08-07 10:05:00,49.6,49.6,49.2,49.2,4192,49.67,3481
2026-08-07 10:10:00,49.25,49.55,49.2,49.5,3590,49.66,3481
2026-08-07 10:15:00,49.5,49.6,49.45,49.55,1310,49.66,3481
2026-08-07 10:20:00,49.55,49.6,49.4,49.5,1250,49.65,3481
2026-08-07 10:25:00,49.5,49.5,49.25,49.35,2287,49.65,3481
2026-08-07 10:30:00,49.35,49.4,49.25,49.3,2294,49.64,3481
2026-08-07 10:35:00,49.25,49.35,49.2,49.25,2133,49.64,3481
2026-08-07 10:40:00,49.25,49.3,49.1,49.15,3273,49.63,3481
2026-08-07 10:45:00,49.1,49.35,49.0,49.3,5379,49.61,3481
2026-08-07 10:50:00,49.3,49.55,49.15,49.2,2812,49.6,3481
2026-08-07 10:55:00,49.2,49.25,49.15,49.15,888,49.6,3481
2026-08-07 11:00:00,49.2,49.5,49.15,49.5,1237,49.6,3481
2026-08-07 11:05:00,49.45,49.5,49.3,49.35,801,49.6,3481
2026-08-07 11:10:00,49.35,49.5,49.25,49.25,2042,49.6,3481
2026-08-07 11:15:00,49.25,49.3,49.15,49.15,1563,49.59,3481
2026-08-07 11:20:00,49.2,49.2,49.05,49.05,2289,49.59,3481
2026-08-07 11:25:00,49.05,49.1,48.8,49.0,9965,49.55,3481
2026-08-07 11:30:00,49.05,49.35,49.0,49.15,1948,49.55,3481
2026-08-07 11:35:00,49.15,49.3,49.15,49.25,640,49.55,3481
2026-08-07 11:40:00,49.3,49.3,49.1,49.1,545,49.54,3481
2026-08-07 11:45:00,49.1,49.2,49.1,49.15,556,49.54,3481
2026-08-07 11:50:00,49.15,49.15,48.85,48.9,2613,49.53,3481
2026-08-07 11:55:00,48.9,49.0,48.85,48.85,2702,49.52,3481
2026-08-07 12:00:00,48.9,49.0,48.8,48.85,1823,49.52,3481
2026-08-07 12:05:00,48.85,49.2,48.85,49.2,1597,49.51,3481
2026-08-07 12:10:00,49.2,49.25,48.95,49.0,1373,49.51,3481
2026-08-07 12:15:00,48.95,49.0,48.8,48.9,1969,49.5,3481
2026-08-07 12:20:00,48.9,49.0,48.9,48.95,791,49.5,3481
2026-08-07 12:25:00,48.95,49.0,48.85,48.85,1204,49.5,3481
2026-08-07 12:30:00,48.9,48.95,48.85,48.95,1392,49.49,3481
2026-08-07 12:35:00,48.95,48.95,48.55,48.6,6184,49.47,3481
2026-08-07 12:40:00,48.55,48.6,48.25,48.35,7840,49.43,3481
2026-08-07 12:45:00,48.35,48.5,48.3,48.4,3525,49.41,3481
2026-08-07 12:50:00,48.4,48.4,47.95,48.25,10580,49.35,3481
2026-08-07 12:55:00,48.25,48.35,48.1,48.35,2935,49.34,3481
2026-08-07 13:00:00,48.35,48.75,48.35,48.6,4563,49.32,3481
2026-08-07 13:05:00,48.6,48.75,48.3,48.35,4413,49.31,3481
2026-08-07 13:10:00,48.3,48.4,48.1,48.25,4603,49.28,3481
2026-08-07 13:15:00,48.25,48.25,47.85,47.95,8553,49.24,3481
2026-08-07 13:20:00,48.0,48.0,47.55,47.75,12747,49.17,3481
2026-08-07 13:30:00,47.55,47.55,47.55,47.55,12289,49.09,3481
2026-08-10 09:00:00,48.6,50.3,48.55,50.3,34252,49.7,3481
2026-08-10 09:05:00,50.2,51.2,50.1,51.1,41900,50.25,3481
2026-08-10 09:10:00,51.2,51.8,50.8,51.7,26155,50.52,3481
2026-08-10 09:15:00,51.6,52.3,51.5,52.3,76281,51.23,3481
2026-08-10 09:20:00,52.3,52.3,52.3,52.3,5735,51.27,3481
2026-08-10 09:25:00,52.3,52.3,52.3,52.3,5356,51.3,3481
2026-08-10 09:30:00,52.3,52.3,52.3,52.3,3649,51.32,3481
2026-08-10 09:35:00,52.3,52.3,52.3,52.3,1744,51.32,3481
2026-08-10 09:40:00,52.3,52.3,52.3,52.3,1299,51.33,3481
2026-08-10 09:45:00,52.3,52.3,52.3,52.3,1137,51.34,3481
2026-08-10 09:50:00,52.3,52.3,52.3,52.3,806,51.34,3481
2026-08-10 09:55:00,52.3,52.3,52.3,52.3,789,51.34,3481
2026-08-10 10:00:00,52.3,52.3,52.3,52.3,922,51.35,3481
2026-08-10 10:05:00,52.3,52.3,52.3,52.3,624,51.35,3481
2026-08-10 10:10:00,52.3,52.3,52.3,52.3,474,51.35,3481
2026-08-10 10:15:00,52.3,52.3,52.3,52.3,611,51.36,3481
2026-08-10 10:20:00,52.3,52.3,52.3,52.3,541,51.36,3481
2026-08-10 10:25:00,52.3,52.3,52.3,52.3,384,51.36,3481
2026-08-10 10:30:00,52.3,52.3,52.3,52.3,411,51.36,3481
2026-08-10 10:35:00,52.3,52.3,52.3,52.3,333,51.36,3481
2026-08-10 10:40:00,52.3,52.3,52.3,52.3,399,51.37,3481
2026-08-10 10:45:00,52.3,52.3,52.3,52.3,300,51.37,3481
2026-08-10 10:50:00,52.3,52.3,52.3,52.3,230,51.37,3481
2026-08-10 10:55:00,52.3,52.3,52.3,52.3,337,51.37,3481
2026-08-10 11:00:00,52.3,52.3,52.3,52.3,248,51.37,3481
2026-08-10 11:05:00,52.3,52.3,52.3,52.3,311,51.37,3481
2026-08-10 11:10:00,52.3,52.3,52.3,52.3,354,51.37,3481
2026-08-10 11:15:00,52.3,52.3,52.3,52.3,379,51.38,3481
2026-08-10 11:20:00,52.3,52.3,52.3,52.3,312,51.38,3481
2026-08-10 11:25:00,52.3,52.3,52.3,52.3,257,51.38,3481
2026-08-10 11:30:00,52.3,52.3,52.3,52.3,374,51.38,3481
2026-08-10 11:35:00,52.3,52.3,52.3,52.3,181,51.38,3481
2026-08-10 11:40:00,52.3,52.3,52.3,52.3,342,51.38,3481
2026-08-10 11:45:00,52.3,52.3,52.3,52.3,228,51.38,3481
2026-08-10 11:50:00,52.3,52.3,52.3,52.3,238,51.38,3481
2026-08-10 11:55:00,52.3,52.3,52.3,52.3,254,51.39,3481
2026-08-10 12:00:00,52.3,52.3,52.3,52.3,293,51.39,3481
2026-08-10 12:05:00,52.3,52.3,52.3,52.3,519,51.39,3481
2026-08-10 12:10:00,52.3,52.3,52.3,52.3,262,51.39,3481
2026-08-10 12:15:00,52.3,52.3,52.3,52.3,264,51.39,3481
2026-08-10 12:20:00,52.3,52.3,52.3,52.3,238,51.39,3481
2026-08-10 12:25:00,52.3,52.3,52.3,52.3,409,51.39,3481
2026-08-10 12:30:00,52.3,52.3,52.3,52.3,216,51.4,3481
2026-08-10 12:35:00,52.3,52.3,52.3,52.3,313,51.4,3481
2026-08-10 12:40:00,52.3,52.3,52.3,52.3,194,51.4,3481
2026-08-10 12:45:00,52.3,52.3,52.3,52.3,1058,51.4,3481
2026-08-10 12:50:00,52.3,52.3,52.3,52.3,532,51.4,3481
2026-08-10 12:55:00,52.3,52.3,52.3,52.3,222,51.4,3481
2026-08-10 13:00:00,52.3,52.3,52.3,52.3,500,51.41,3481
2026-08-10 13:05:00,52.3,52.3,52.3,52.3,419,51.41,3481
2026-08-10 13:10:00,52.3,52.3,52.3,52.3,248,51.41,3481
2026-08-10 13:15:00,52.3,52.3,52.3,52.3,304,51.41,3481
2026-08-10 13:20:00,52.3,52.3,52.3,52.3,2886,51.42,3481
2026-08-10 13:30:00,52.3,52.3,52.3,52.3,555,51.43,3481
2026-08-11 09:00:00,51.4,52.3,50.7,51.3,66187,51.46,3481
2026-08-11 09:05:00,51.3,51.8,50.9,51.7,26207,51.44,3481
2026-08-11 09:10:00,51.7,52.0,51.1,51.7,16492,51.46,3481
2026-08-11 09:15:00,51.7,51.9,51.1,51.1,15120,51.47,3481
2026-08-11 09:20:00,51.2,51.6,51.0,51.6,8049,51.46,3481
2026-08-11 09:25:00,51.6,51.6,51.0,51.2,8412,51.45,3481
2026-08-11 09:30:00,51.1,51.2,50.4,50.5,25021,51.35,3481
2026-08-11 09:35:00,50.5,50.6,49.85,49.95,31006,51.17,3481
2026-08-11 09:40:00,49.95,50.5,49.9,50.2,9607,51.12,3481
2026-08-11 09:45:00,50.2,50.4,50.0,50.3,5551,51.1,3481
2026-08-11 09:50:00,50.3,50.4,50.1,50.2,4046,51.08,3481
2026-08-11 09:55:00,50.2,50.3,49.9,49.9,8036,51.05,3481
2026-08-11 10:00:00,49.9,50.0,49.8,49.95,8471,51.0,3481
2026-08-11 10:05:00,49.95,50.0,49.65,49.95,7977,50.96,3481
2026-08-11 10:10:00,49.95,50.2,49.8,50.0,4041,50.95,3481
2026-08-11 10:15:00,50.1,50.2,49.9,50.1,2087,50.94,3481
2026-08-11 10:20:00,50.1,50.5,50.0,50.4,3387,50.93,3481
2026-08-11 10:25:00,50.4,50.4,50.1,50.3,2302,50.92,3481
2026-08-11 10:30:00,50.3,50.6,50.2,50.6,3616,50.92,3481
2026-08-11 10:35:00,50.6,50.7,50.4,50.6,3801,50.91,3481
2026-08-11 10:40:00,50.5,50.8,50.5,50.7,3277,50.91,3481
2026-08-11 10:45:00,50.7,50.9,50.6,50.6,3337,50.91,3481
2026-08-11 10:50:00,50.7,50.7,50.3,50.3,3012,50.9,3481
2026-08-11 10:55:00,50.3,50.4,50.2,50.3,2068,50.9,3481
2026-08-11 11:00:00,50.2,50.5,50.2,50.5,1350,50.9,3481
2026-08-11 11:05:00,50.5,50.5,50.3,50.5,1152,50.89,3481
2026-08-11 11:10:00,50.5,50.6,50.4,50.5,870,50.89,3481
2026-08-11 11:15:00,50.5,50.7,50.3,50.6,2635,50.89,3481
2026-08-11 11:20:00,50.6,50.7,50.5,50.7,1038,50.89,3481
2026-08-11 11:25:00,50.7,50.9,50.6,50.8,5274,50.89,3481
2026-08-11 11:30:00,50.8,50.9,50.6,50.7,2178,50.89,3481
2026-08-11 11:35:00,50.7,50.8,50.6,50.7,1095,50.88,3481
2026-08-11 11:40:00,50.8,50.8,50.6,50.6,1186,50.88,3481
2026-08-11 11:45:00,50.6,50.7,50.5,50.7,816,50.88,3481
2026-08-11 11:50:00,50.7,50.7,50.5,50.5,1030,50.88,3481
2026-08-11 11:55:00,50.5,50.6,50.2,50.4,3417,50.88,3481
2026-08-11 12:00:00,50.3,50.5,50.3,50.4,936,50.87,3481
2026-08-11 12:05:00,50.4,50.5,50.4,50.5,798,50.87,3481
2026-08-11 12:10:00,50.5,50.6,50.4,50.5,1115,50.87,3481
2026-08-11 12:15:00,50.5,50.6,50.4,50.5,857,50.87,3481
2026-08-11 12:20:00,50.5,50.5,50.4,50.4,692,50.87,3481
2026-08-11 12:25:00,50.5,50.6,50.4,50.5,2092,50.87,3481
2026-08-11 12:30:00,50.5,50.5,50.2,50.2,3260,50.86,3481
2026-08-11 12:35:00,50.3,50.4,50.2,50.3,906,50.86,3481
2026-08-11 12:40:00,50.4,50.4,50.3,50.4,848,50.86,3481
2026-08-11 12:45:00,50.3,50.4,50.3,50.3,1058,50.86,3481
2026-08-11 12:50:00,50.3,50.5,50.3,50.4,3675,50.85,3481
2026-08-11 12:55:00,50.4,50.5,50.3,50.4,1507,50.85,3481
2026-08-11 13:00:00,50.5,50.5,50.4,50.4,2218,50.85,3481
2026-08-11 13:05:00,50.4,50.5,50.1,50.2,7877,50.83,3481
2026-08-11 13:10:00,50.2,50.3,50.1,50.2,5456,50.82,3481
2026-08-11 13:15:00,50.2,50.3,50.1,50.1,5560,50.81,3481
2026-08-11 13:20:00,50.1,50.3,50.0,50.1,12884,50.78,3481
2026-08-11 13:30:00,50.1,50.1,50.1,50.1,12219,50.76,3481
2026-08-12 09:00:00,51.0,52.1,50.8,51.7,31842,51.52,3481
2026-08-12 09:05:00,51.7,51.8,50.8,51.2,14758,51.44,3481
2026-08-12 09:10:00,51.2,51.4,50.7,50.8,10894,51.36,3481
2026-08-12 09:15:00,50.9,51.0,50.8,51.0,4025,51.33,3481
2026-08-12 09:20:00,51.0,51.2,50.6,50.9,8027,51.27,3481
2026-08-12 09:25:00,50.8,50.9,50.7,50.8,2747,51.25,3481
2026-08-12 09:30:00,50.9,50.9,50.6,50.6,3534,51.23,3481
2026-08-12 09:35:00,50.6,50.8,50.5,50.5,3294,51.21,3481
2026-08-12 09:40:00,50.6,50.9,50.5,50.8,4002,51.18,3481
2026-08-12 09:45:00,50.9,51.0,50.7,51.0,3099,51.17,3481
2026-08-12 09:50:00,51.1,51.4,51.0,51.2,6267,51.17,3481
2026-08-12 09:55:00,51.1,51.2,50.9,51.1,2433,51.17,3481
2026-08-12 10:00:00,51.1,51.2,50.8,50.9,1574,51.17,3481
2026-08-12 10:05:00,50.8,50.9,50.7,50.8,1383,51.16,3481
2026-08-12 10:10:00,50.8,50.9,50.7,50.7,2049,51.16,3481
2026-08-12 10:15:00,50.8,50.8,50.7,50.8,719,51.15,3481
2026-08-12 10:20:00,50.8,50.8,50.6,50.7,2040,51.14,3481
2026-08-12 10:25:00,50.7,51.0,50.7,51.0,1306,51.14,3481
2026-08-12 10:30:00,51.0,51.1,50.9,51.1,1561,51.14,3481
2026-08-12 10:35:00,51.1,51.4,51.0,51.2,6583,51.14,3481
2026-08-12 10:40:00,51.3,51.5,51.2,51.4,5003,51.15,3481
2026-08-12 10:45:00,51.4,51.5,51.2,51.5,3289,51.16,3481
2026-08-12 10:50:00,51.5,51.5,51.2,51.2,2249,51.16,3481
2026-08-12 10:55:00,51.3,51.3,51.1,51.2,1592,51.16,3481
2026-08-12 11:00:00,51.2,51.4,51.2,51.3,1664,51.16,3481
2026-08-12 11:05:00,51.2,51.3,51.0,51.1,988,51.16,3481
2026-08-12 11:10:00,51.0,51.1,51.0,51.1,830,51.16,3481
2026-08-12 11:15:00,51.0,51.2,51.0,51.1,667,51.16,3481
2026-08-12 11:20:00,51.1,51.1,50.8,51.0,1838,51.16,3481
2026-08-12 11:25:00,50.9,51.0,50.9,50.9,335,51.16,3481
2026-08-12 11:30:00,50.9,51.0,50.8,50.8,1003,51.15,3481
2026-08-12 11:35:00,50.9,50.9,50.7,50.7,2150,51.15,3481
2026-08-12 11:40:00,50.8,50.8,50.6,50.7,2258,51.14,3481
2026-08-12 11:45:00,50.7,50.8,50.7,50.8,630,51.14,3481
2026-08-12 11:50:00,50.8,50.9,50.7,50.9,675,51.14,3481
2026-08-12 11:55:00,50.8,50.9,50.7,50.8,865,51.14,3481
2026-08-12 12:00:00,50.7,50.8,50.7,50.8,663,51.13,3481
2026-08-12 12:05:00,50.7,50.8,50.7,50.8,656,51.13,3481
2026-08-12 12:10:00,50.8,50.8,50.7,50.8,483,51.13,3481
2026-08-12 12:15:00,50.8,50.8,50.7,50.7,1687,51.13,3481
2026-08-12 12:20:00,50.7,50.7,50.6,50.7,1162,51.12,3481
2026-08-12 12:25:00,50.6,50.7,50.6,50.6,1675,51.12,3481
2026-08-12 12:30:00,50.7,50.7,50.6,50.7,747,51.11,3481
2026-08-12 12:35:00,50.6,51.0,50.6,50.9,3453,51.11,3481
2026-08-12 12:40:00,50.9,51.0,50.7,50.8,1023,51.1,3481
2026-08-12 12:45:00,50.7,50.8,50.5,50.6,3057,51.1,3481
2026-08-12 12:50:00,50.5,50.6,50.5,50.6,1841,51.09,3481
2026-08-12 12:55:00,50.6,50.6,50.4,50.4,4728,51.07,3481
2026-08-12 13:00:00,50.4,50.5,50.3,50.4,2423,51.06,3481
2026-08-12 13:05:00,50.4,50.5,50.3,50.4,2301,51.05,3481
2026-08-12 13:10:00,50.5,50.7,50.4,50.6,3886,51.04,3481
2026-08-12 13:15:00,50.6,50.6,50.4,50.4,4393,51.02,3481
2026-08-12 13:20:00,50.4,50.5,50.3,50.3,6091,51.0,3481
2026-08-12 13:30:00,50.4,50.4,50.4,50.4,9177,50.97,3481
2026-08-13 09:00:00,51.5,51.9,51.2,51.5,17714,51.54,3481
2026-08-13 09:05:00,51.5,51.5,51.0,51.1,6449,51.45,3481
2026-08-13 09:10:00,51.1,51.1,50.7,51.1,8380,51.31,3481
2026-08-13 09:15:00,51.1,51.2,50.7,50.8,6105,51.25,3481
2026-08-13 09:20:00,50.8,51.3,50.7,51.1,5200,51.22,3481
2026-08-13 09:25:00,51.1,51.2,50.9,51.0,3099,51.21,3481
2026-08-13 09:30:00,51.1,51.2,50.8,51.0,3995,51.19,3481
2026-08-13 09:35:00,51.0,51.1,50.8,50.9,2317,51.18,3481
2026-08-13 09:40:00,50.9,51.0,50.7,50.8,3020,51.16,3481
2026-08-13 09:45:00,50.8,50.9,50.6,50.7,3910,51.13,3481
2026-08-13 09:50:00,50.7,50.8,50.6,50.8,2919,51.11,3481
2026-08-13 09:55:00,50.8,50.8,50.5,50.5,4674,51.08,3481
2026-08-13 10:00:00,50.6,50.7,50.4,50.6,4973,51.04,3481
2026-08-13 10:05:00,50.5,50.7,50.5,50.7,1814,51.03,3481
2026-08-13 10:10:00,50.6,50.7,50.4,50.4,3945,51.0,3481
2026-08-13 10:15:00,50.5,50.5,50.2,50.5,5214,50.96,3481
2026-08-13 10:20:00,50.5,50.5,50.2,50.3,2650,50.94,3481
2026-08-13 10:25:00,50.3,50.4,50.0,50.0,5383,50.9,3481
2026-08-13 10:30:00,50.0,50.1,49.8,49.8,9267,50.81,3481
2026-08-13 10:35:00,49.8,50.1,49.65,50.1,7245,50.74,3481
2026-08-13 10:40:00,50.1,50.2,49.95,49.95,2435,50.73,3481
2026-08-13 10:45:00,49.95,50.0,49.8,49.9,1921,50.71,3481
2026-08-13 10:50:00,49.85,49.95,49.8,49.8,1931,50.7,3481
2026-08-13 10:55:00,49.8,50.0,49.8,50.0,2507,50.68,3481
2026-08-13 11:00:00,49.95,50.1,49.9,49.95,2599,50.67,3481
2026-08-13 11:05:00,49.95,49.95,49.85,49.9,1009,50.66,3481
2026-08-13 11:10:00,49.9,49.95,49.85,49.95,664,50.66,3481
2026-08-13 11:15:00,49.9,49.95,49.9,49.9,559,50.65,3481
2026-08-13 11:20:00,49.9,49.95,49.85,49.85,1484,50.65,3481
2026-08-13 11:25:00,49.9,49.9,49.7,49.75,3845,50.62,3481
2026-08-13 11:30:00,49.75,49.75,49.65,49.7,2595,50.6,3481
2026-08-13 11:35:00,49.65,49.7,49.5,49.55,5611,50.56,3481
2026-08-13 11:40:00,49.55,49.75,49.5,49.7,1411,50.55,3481
2026-08-13 11:45:00,49.7,49.9,49.7,49.85,1323,50.54,3481
2026-08-13 11:50:00,49.85,49.85,49.75,49.8,619,50.54,3481
2026-08-13 11:55:00,49.8,49.8,49.7,49.7,802,50.53,3481
2026-08-13 12:00:00,49.75,49.75,49.7,49.75,585,50.53,3481
2026-08-13 12:05:00,49.7,49.75,49.65,49.75,1146,50.52,3481
2026-08-13 12:10:00,49.75,49.95,49.7,49.85,1621,50.52,3481
2026-08-13 12:15:00,49.8,49.85,49.7,49.75,764,50.51,3481
2026-08-13 12:20:00,49.75,49.75,49.65,49.7,1025,50.51,3481
2026-08-13 12:25:00,49.7,49.7,49.65,49.7,848,50.5,3481
2026-08-13 12:30:00,49.65,49.8,49.6,49.8,1880,50.49,3481
2026-08-13 12:35:00,49.75,49.85,49.75,49.75,1182,50.49,3481
2026-08-13 12:40:00,49.75,49.8,49.7,49.75,908,50.48,3481
2026-08-13 12:45:00,49.75,49.75,49.6,49.6,1915,50.47,3481
2026-08-13 12:50:00,49.65,49.65,49.55,49.6,3969,50.45,3481
2026-08-13 12:55:00,49.55,49.6,49.5,49.55,1795,50.44,3481
2026-08-13 13:00:00,49.55,49.6,49.5,49.5,2699,50.42,3481
2026-08-13 13:05:00,49.55,49.55,49.4,49.4,8250,50.38,3481
2026-08-13 13:10:00,49.4,49.6,49.4,49.45,6297,50.34,3481
2026-08-13 13:15:00,49.45,49.6,49.45,49.5,4351,50.32,3481
2026-08-13 13:20:00,49.5,49.55,49.4,49.45,5985,50.3,3481
2026-08-13 13:30:00,49.4,49.4,49.4,49.4,8851,50.25,3481
2026-08-14 09:00:00,50.2,51.2,50.0,50.2,24967,50.58,3481
2026-08-14 09:05:00,50.3,50.9,50.1,50.8,11656,50.55,3481
2026-08-14 09:10:00,50.8,51.2,50.3,51.2,18379,50.63,3481
2026-08-14 09:15:00,51.1,51.4,50.5,50.7,15696,50.71,3481
2026-08-14 09:20:00,50.7,51.1,50.5,51.0,9052,50.74,3481
2026-08-14 09:25:00,50.9,51.1,50.6,50.8,5143,50.74,3481
2026-08-14 09:30:00,50.8,50.9,50.3,50.3,5248,50.73,3481
2026-08-14 09:35:00,50.3,50.6,50.3,50.4,4013,50.72,3481
2026-08-14 09:40:00,50.4,50.5,50.2,50.4,3944,50.7,3481
2026-08-14 09:45:00,50.4,50.9,50.4,50.7,3949,50.7,3481
2026-08-14 09:50:00,50.7,51.5,50.7,51.0,25967,50.8,3481
2026-08-14 09:55:00,50.9,51.0,50.7,51.0,2960,50.8,3481
2026-08-14 10:00:00,51.0,51.2,50.8,50.9,3451,50.81,3481
2026-08-14 10:05:00,50.9,51.0,50.8,50.8,1278,50.81,3481
2026-08-14 10:10:00,50.9,50.9,50.6,50.7,2660,50.81,3481
2026-08-14 10:15:00,50.6,50.7,50.4,50.5,4038,50.8,3481
2026-08-14 10:20:00,50.5,50.5,50.4,50.5,1814,50.8,3481
2026-08-14 10:25:00,50.5,50.6,50.4,50.4,1648,50.79,3481
2026-08-14 10:30:00,50.4,50.5,50.3,50.4,1901,50.79,3481
2026-08-14 10:35:00,50.4,50.5,50.3,50.5,970,50.79,3481
2026-08-14 10:40:00,50.5,50.5,50.4,50.4,544,50.78,3481
2026-08-14 10:45:00,50.4,50.5,50.4,50.5,463,50.78,3481
2026-08-14 10:50:00,50.4,50.5,50.2,50.2,2897,50.77,3481
2026-08-14 10:55:00,50.3,50.3,50.2,50.2,3194,50.76,3481
2026-08-14 11:00:00,50.2,50.4,50.1,50.1,2547,50.75,3481
2026-08-14 11:05:00,50.2,50.2,50.0,50.2,4307,50.74,3481
2026-08-14 11:10:00,50.1,50.1,50.0,50.0,1207,50.73,3481
2026-08-14 11:15:00,50.0,50.4,50.0,50.3,1851,50.73,3481
2026-08-14 11:20:00,50.3,50.4,50.2,50.3,896,50.72,3481
2026-08-14 11:25:00,50.4,50.4,50.3,50.3,594,50.72,3481
2026-08-14 11:30:00,50.3,50.4,50.2,50.2,942,50.72,3481
2026-08-14 11:35:00,50.2,50.4,50.2,50.4,1170,50.72,3481
2026-08-14 11:40:00,50.3,50.8,50.3,50.7,4369,50.71,3481
2026-08-14 11:45:00,50.7,50.8,50.4,50.4,1901,50.71,3481
2026-08-14 11:50:00,50.4,50.5,50.3,50.4,686,50.71,3481
2026-08-14 11:55:00,50.3,50.4,50.3,50.3,500,50.71,3481
2026-08-14 12:00:00,50.3,50.4,50.2,50.3,1210,50.71,3481
2026-08-14 12:05:00,50.2,50.3,50.1,50.1,2355,50.7,3481
2026-08-14 12:10:00,50.1,50.2,50.0,50.1,1889,50.69,3481
2026-08-14 12:15:00,50.2,50.2,50.1,50.1,647,50.69,3481
2026-08-14 12:20:00,50.1,50.2,50.0,50.1,1525,50.69,3481
2026-08-14 12:25:00,50.0,50.1,50.0,50.1,1200,50.68,3481
2026-08-14 12:30:00,50.1,50.1,49.75,49.85,6517,50.66,3481
2026-08-14 12:35:00,49.85,50.2,49.7,50.1,4362,50.64,3481
2026-08-14 12:40:00,50.1,50.2,50.1,50.1,928,50.64,3481
2026-08-14 12:45:00,50.1,50.3,50.0,50.2,1888,50.63,3481
2026-08-14 12:50:00,50.2,50.2,50.0,50.1,1444,50.63,3481
2026-08-14 12:55:00,50.1,50.5,50.1,50.4,4172,50.62,3481
2026-08-14 13:00:00,50.3,50.5,50.0,50.0,2567,50.62,3481
2026-08-14 13:05:00,50.0,50.2,49.95,50.1,3529,50.61,3481
2026-08-14 13:10:00,50.1,50.3,49.95,50.1,5778,50.59,3481
2026-08-14 13:15:00,50.2,50.4,50.1,50.2,4284,50.59,3481
2026-08-14 13:20:00,50.2,50.3,50.0,50.1,5021,50.58,3481
2026-08-14 13:30:00,50.1,50.1,50.1,50.1,7889,50.56,3481
2026-08-17 09:00:00,50.5,50.6,49.55,49.75,24994,50.08,3481
2026-08-17 09:05:00,49.7,49.95,49.25,49.85,13441,49.92,3481
2026-08-17 09:10:00,49.8,49.8,48.9,49.2,16861,49.72,3481
2026-08-17 09:15:00,49.2,49.85,48.85,49.8,14116,49.62,3481
2026-08-17 09:20:00,49.8,50.8,49.75,50.2,17968,49.75,3481
2026-08-17 09:25:00,50.2,50.4,49.85,50.0,6132,49.78,3481
2026-08-17 09:30:00,49.95,50.3,49.75,49.8,4248,49.79,3481
2026-08-17 09:35:00,49.8,50.0,49.75,49.95,2674,49.79,3481
2026-08-17 09:40:00,49.95,49.95,49.55,49.65,4209,49.79,3481
2026-08-17 09:45:00,49.7,49.8,49.65,49.8,1687,49.78,3481
2026-08-17 09:50:00,49.8,49.8,49.55,49.65,2269,49.78,3481
2026-08-17 09:55:00,49.65,50.0,49.6,49.8,2821,49.78,3481
2026-08-17 10:00:00,49.85,49.85,49.65,49.65,1147,49.78,3481
2026-08-17 10:05:00,49.7,49.75,49.5,49.7,3002,49.78,3481
2026-08-17 10:10:00,49.7,50.2,49.7,50.1,3431,49.79,3481
2026-08-17 10:15:00,50.1,50.6,50.1,50.3,9497,49.83,3481
2026-08-17 10:20:00,50.3,50.3,50.1,50.1,1744,49.83,3481
2026-08-17 10:25:00,50.1,50.5,50.1,50.3,2902,49.84,3481
2026-08-17 10:30:00,50.3,50.8,50.3,50.3,9481,49.89,3481
2026-08-17 10:35:00,50.3,50.4,50.0,50.0,2165,49.9,3481
2026-08-17 10:40:00,50.0,50.2,49.95,50.2,1991,49.9,3481
2026-08-17 10:45:00,50.2,50.4,50.1,50.2,1495,49.9,3481
2026-08-17 10:50:00,50.2,50.3,50.1,50.3,675,49.9,3481
2026-08-17 10:55:00,50.2,50.3,50.0,50.3,1348,49.9,3481
2026-08-17 11:00:00,50.3,50.3,50.1,50.2,1108,49.91,3481
2026-08-17 11:05:00,50.2,50.8,50.2,50.7,7779,49.94,3481
2026-08-17 11:10:00,50.7,50.8,50.5,50.6,5175,49.96,3481
2026-08-17 11:15:00,50.6,51.0,50.4,50.4,8106,50.0,3481
2026-08-17 11:20:00,50.4,50.8,50.4,50.4,2741,50.01,3481
2026-08-17 11:25:00,50.5,50.5,50.3,50.4,1048,50.01,3481
2026-08-17 11:30:00,50.4,50.6,50.3,50.5,1312,50.02,3481
2026-08-17 11:35:00,50.5,50.6,50.4,50.6,572,50.02,3481
2026-08-17 11:40:00,50.5,50.6,50.4,50.5,505,50.02,3481
2026-08-17 11:45:00,50.5,50.6,50.3,50.4,733,50.02,3481
2026-08-17 11:50:00,50.4,50.5,50.3,50.3,607,50.02,3481
2026-08-17 11:55:00,50.3,50.4,50.3,50.3,356,50.02,3481
2026-08-17 12:00:00,50.4,50.6,50.3,50.6,1425,50.03,3481
2026-08-17 12:05:00,50.6,50.6,50.4,50.6,1669,50.03,3481
2026-08-17 12:10:00,50.6,50.6,50.4,50.4,1419,50.03,3481
2026-08-17 12:15:00,50.4,50.6,50.3,50.6,1435,50.04,3481
2026-08-17 12:20:00,50.6,50.6,50.4,50.4,667,50.04,3481
2026-08-17 12:25:00,50.5,50.6,50.4,50.5,1074,50.04,3481
2026-08-17 12:30:00,50.5,50.6,50.4,50.6,1162,50.04,3481
2026-08-17 12:35:00,50.5,50.7,50.4,50.7,3717,50.06,3481
2026-08-17 12:40:00,50.6,50.8,50.6,50.8,3798,50.07,3481
2026-08-17 12:45:00,50.7,51.1,50.7,50.7,12892,50.12,3481
2026-08-17 12:50:00,50.7,50.8,50.6,50.7,1864,50.13,3481
2026-08-17 12:55:00,50.8,50.8,50.5,50.5,1630,50.13,3481
2026-08-17 13:00:00,50.6,50.8,50.5,50.7,2094,50.14,3481
2026-08-17 13:05:00,50.7,51.3,50.7,51.2,12774,50.19,3481
2026-08-17 13:10:00,51.2,51.3,51.0,51.0,2853,50.2,3481
2026-08-17 13:15:00,51.1,51.1,50.8,50.9,3990,50.21,3481
2026-08-17 13:20:00,50.9,51.0,50.8,51.0,3873,50.22,3481
2026-08-17 13:30:00,51.2,51.2,51.2,51.2,8505,50.25,3481
2026-08-18 09:00:00,50.8,51.2,50.4,50.7,16663,50.74,3481
2026-08-18 09:05:00,50.6,50.7,50.2,50.3,10013,50.62,3481
2026-08-18 09:10:00,50.2,50.5,50.0,50.5,9032,50.53,3481
2026-08-18 09:15:00,50.5,50.5,50.1,50.3,4046,50.5,3481
2026-08-18 09:20:00,50.2,50.4,50.1,50.2,3544,50.48,3481
2026-08-18 09:25:00,50.2,50.3,50.1,50.3,2561,50.46,3481
2026-08-18 09:30:00,50.2,50.4,50.2,50.3,1609,50.46,3481
2026-08-18 09:35:00,50.3,50.3,50.0,50.1,6399,50.42,3481
2026-08-18 09:40:00,50.1,50.2,49.55,49.6,15019,50.3,3481
2026-08-18 09:45:00,49.65,49.9,49.55,49.75,5323,50.25,3481
2026-08-18 09:50:00,49.75,49.85,49.5,49.65,4691,50.22,3481
2026-08-18 09:55:00,49.6,49.85,49.6,49.8,2561,50.2,3481
2026-08-18 10:00:00,49.85,50.0,49.8,49.85,3168,50.19,3481
2026-08-18 10:05:00,49.85,49.95,49.75,49.8,1313,50.18,3481
2026-08-18 10:10:00,49.8,49.9,49.55,49.55,3513,50.16,3481
2026-08-18 10:15:00,49.55,49.65,49.35,49.4,9355,50.1,3481
2026-08-18 10:20:00,49.4,49.45,49.25,49.25,4704,50.06,3481
2026-08-18 10:25:00,49.25,49.55,49.2,49.5,3146,50.04,3481
2026-08-18 10:30:00,49.5,49.7,49.45,49.6,1464,50.04,3481
2026-08-18 10:35:00,49.6,49.75,49.6,49.75,949,50.03,3481
2026-08-18 10:40:00,49.7,49.75,49.6,49.65,956,50.03,3481
2026-08-18 10:45:00,49.6,49.65,49.45,49.5,1583,50.02,3481
2026-08-18 10:50:00,49.55,49.55,49.4,49.5,743,50.02,3481
2026-08-18 10:55:00,49.55,49.55,49.45,49.55,644,50.02,3481
2026-08-18 11:00:00,49.5,49.6,49.5,49.55,551,50.02,3481
2026-08-18 11:05:00,49.55,49.55,49.4,49.5,1563,50.01,3481
2026-08-18 11:10:00,49.45,49.5,49.4,49.45,1028,50.0,3481
2026-08-18 11:15:00,49.45,49.5,49.4,49.5,909,50.0,3481
2026-08-18 11:20:00,49.45,49.6,49.4,49.6,2154,49.99,3481
2026-08-18 11:25:00,49.6,50.3,49.55,50.3,10648,50.0,3481
2026-08-18 11:30:00,50.2,50.3,49.95,50.0,2554,50.0,3481
2026-08-18 11:35:00,50.0,50.2,49.95,50.1,1745,50.0,3481
2026-08-18 11:40:00,50.1,50.4,50.1,50.4,3591,50.0,3481
2026-08-18 11:45:00,50.4,50.7,50.3,50.4,8518,50.03,3481
2026-08-18 11:50:00,50.4,50.5,50.3,50.3,1806,50.04,3481
2026-08-18 11:55:00,50.3,50.4,50.2,50.3,1366,50.04,3481
2026-08-18 12:00:00,50.3,50.3,50.1,50.3,1171,50.04,3481
2026-08-18 12:05:00,50.2,50.3,50.1,50.1,1135,50.04,3481
2026-08-18 12:10:00,50.1,50.2,50.0,50.1,1768,50.04,3481
2026-08-18 12:15:00,50.1,50.2,50.0,50.1,1268,50.05,3481
2026-08-18 12:20:00,50.1,50.2,49.9,49.9,2286,50.05,3481
2026-08-18 12:25:00,49.9,50.3,49.85,50.2,3536,50.05,3481
2026-08-18 12:30:00,50.3,50.5,50.2,50.2,3064,50.05,3481
2026-08-18 12:35:00,50.3,50.6,50.2,50.3,4563,50.06,3481
2026-08-18 12:40:00,50.3,50.4,50.2,50.2,1253,50.06,3481
2026-08-18 12:45:00,50.2,50.3,50.1,50.3,1619,50.07,3481
2026-08-18 12:50:00,50.2,50.4,50.2,50.2,2132,50.07,3481
2026-08-18 12:55:00,50.3,50.3,50.1,50.2,1969,50.07,3481
2026-08-18 13:00:00,50.2,50.2,49.9,50.0,4209,50.07,3481
2026-08-18 13:05:00,50.0,50.1,49.95,50.0,4132,50.07,3481
2026-08-18 13:10:00,50.0,50.1,49.95,50.0,2398,50.07,3481
2026-08-18 13:15:00,49.95,50.0,49.8,49.85,4565,50.06,3481
2026-08-18 13:20:00,49.85,49.9,49.5,49.55,8132,50.05,3481
2026-08-18 13:30:00,49.5,49.5,49.5,49.5,9238,50.02,3481
2026-08-19 09:00:00,47.25,47.7,46.3,47.0,30619,46.89,3481
2026-08-19 09:05:00,47.0,47.35,46.75,47.0,13090,46.96,3481
2026-08-19 09:10:00,46.95,47.25,46.9,47.0,8096,46.97,3481
2026-08-19 09:15:00,47.0,47.3,46.9,47.25,8752,46.99,3481
2026-08-19 09:20:00,47.3,47.75,47.25,47.6,11413,47.08,3481
2026-08-19 09:25:00,47.6,47.95,47.3,47.95,8898,47.14,3481
2026-08-19 09:30:00,47.95,48.05,47.2,47.2,12069,47.21,3481
2026-08-19 09:35:00,47.25,47.55,47.15,47.5,4100,47.21,3481
2026-08-19 09:40:00,47.55,47.6,47.35,47.45,3587,47.22,3481
2026-08-19 09:45:00,47.45,47.5,47.2,47.35,3042,47.22,3481
2026-08-19 09:50:00,47.3,47.35,47.05,47.1,4862,47.22,3481
2026-08-19 09:55:00,47.15,47.3,47.1,47.25,1978,47.22,3481
2026-08-19 10:00:00,47.25,47.3,47.2,47.3,1606,47.22,3481
2026-08-19 10:05:00,47.35,47.35,46.9,46.9,8771,47.21,3481
2026-08-19 10:10:00,46.95,47.1,46.9,46.95,4106,47.2,3481
2026-08-19 10:15:00,46.95,47.05,46.9,46.95,3591,47.19,3481
2026-08-19 10:20:00,46.95,47.1,46.9,47.05,2449,47.19,3481
2026-08-19 10:25:00,47.05,47.15,47.0,47.1,1333,47.19,3481
2026-08-19 10:30:00,47.1,47.15,46.95,46.95,2693,47.19,3481
2026-08-19 10:35:00,47.0,47.15,46.95,47.1,1224,47.18,3481
2026-08-19 10:40:00,47.1,47.1,47.0,47.05,657,47.18,3481
2026-08-19 10:45:00,47.05,47.1,47.0,47.1,741,47.18,3481
2026-08-19 10:50:00,47.1,47.15,47.05,47.1,609,47.18,3481
2026-08-19 10:55:00,47.1,47.15,47.05,47.15,654,47.18,3481
2026-08-19 11:00:00,47.15,47.3,47.1,47.2,2190,47.18,3481
2026-08-19 11:05:00,47.2,47.25,47.15,47.15,941,47.18,3481
2026-08-19 11:10:00,47.15,47.2,47.1,47.15,704,47.18,3481
2026-08-19 11:15:00,47.15,47.25,47.15,47.25,1220,47.18,3481
2026-08-19 11:20:00,47.25,47.3,47.2,47.2,973,47.18,3481
2026-08-19 11:25:00,47.25,47.25,47.2,47.2,476,47.18,3481
2026-08-19 11:30:00,47.25,47.45,47.25,47.35,3339,47.19,3481
2026-08-19 11:35:00,47.35,47.4,47.3,47.3,996,47.19,3481
2026-08-19 11:40:00,47.35,47.35,47.2,47.25,1845,47.19,3481
2026-08-19 11:45:00,47.25,47.65,47.2,47.65,4370,47.2,3481
2026-08-19 11:50:00,47.6,47.8,47.5,47.55,5858,47.21,3481
2026-08-19 11:55:00,47.55,47.55,47.4,47.4,1661,47.22,3481
2026-08-19 12:00:00,47.45,47.45,47.35,47.35,1094,47.22,3481
2026-08-19 12:05:00,47.4,47.4,47.3,47.3,1005,47.22,3481
2026-08-19 12:10:00,47.35,47.35,47.25,47.25,1023,47.22,3481
2026-08-19 12:15:00,47.3,47.3,47.2,47.3,1643,47.22,3481
2026-08-19 12:20:00,47.25,47.35,47.25,47.35,1703,47.22,3481
2026-08-19 12:25:00,47.35,47.35,47.2,47.25,1479,47.22,3481
2026-08-19 12:30:00,47.25,47.25,47.0,47.0,4852,47.22,3481
2026-08-19 12:35:00,47.05,47.1,47.0,47.05,863,47.22,3481
2026-08-19 12:40:00,47.05,47.1,47.0,47.0,2969,47.21,3481
2026-08-19 12:45:00,47.0,47.05,46.9,46.9,6164,47.21,3481
2026-08-19 12:50:00,46.95,47.0,46.9,46.95,3887,47.2,3481
2026-08-19 12:55:00,46.95,47.0,46.9,47.0,1492,47.2,3481
2026-08-19 13:00:00,47.0,47.0,46.95,46.95,1844,47.2,3481
2026-08-19 13:05:00,46.95,47.0,46.85,46.85,4121,47.19,3481
2026-08-19 13:10:00,46.9,46.95,46.85,46.9,3829,47.19,3481
2026-08-19 13:15:00,46.85,46.9,46.8,46.8,4537,47.18,3481
2026-08-19 13:20:00,46.85,46.85,46.75,46.85,7734,47.16,3481
2026-08-19 13:30:00,46.75,46.75,46.75,46.75,7977,47.15,3481
2026-08-20 09:00:00,47.2,47.65,47.0,47.3,19095,47.25,3481
2026-08-20 09:05:00,47.25,47.4,47.05,47.1,7599,47.24,3481
2026-08-20 09:10:00,47.1,47.1,46.7,46.8,13672,47.13,3481
2026-08-20 09:15:00,46.8,46.95,46.55,46.7,7866,47.06,3481
2026-08-20 09:20:00,46.7,46.75,46.25,46.35,10906,46.95,3481
2026-08-20 09:25:00,46.35,46.5,46.25,46.45,5314,46.9,3481
2026-08-20 09:30:00,46.45,46.55,46.1,46.3,6072,46.85,3481
2026-08-20 09:35:00,46.3,46.5,46.3,46.45,2611,46.83,3481
2026-08-20 09:40:00,46.4,46.7,46.4,46.55,3711,46.82,3481
2026-08-20 09:45:00,46.55,46.6,46.25,46.35,2668,46.81,3481
2026-08-20 09:50:00,46.3,46.4,46.3,46.4,1585,46.8,3481
2026-08-20 09:55:00,46.4,46.4,46.2,46.25,2244,46.78,3481
2026-08-20 10:00:00,46.2,46.4,46.15,46.4,3955,46.76,3481
2026-08-20 10:05:00,46.4,46.4,46.2,46.2,1547,46.75,3481
2026-08-20 10:10:00,46.25,46.25,46.0,46.05,5858,46.71,3481
2026-08-20 10:15:00,46.05,46.1,45.95,45.95,7739,46.66,3481
2026-08-20 10:20:00,45.95,46.0,45.6,45.65,9659,46.58,3481
2026-08-20 10:25:00,45.65,45.7,45.6,45.65,4457,46.54,3481
2026-08-20 10:30:00,45.65,46.0,45.65,45.95,4097,46.52,3481
2026-08-20 10:35:00,45.95,45.95,45.8,45.85,1444,46.51,3481
2026-08-20 10:40:00,45.8,45.85,45.75,45.75,1214,46.5,3481
2026-08-20 10:45:00,45.75,45.8,45.7,45.7,1876,46.49,3481
2026-08-20 10:50:00,45.7,45.7,45.4,45.55,8572,46.43,3481
2026-08-20 10:55:00,45.55,45.7,45.5,45.7,2337,46.42,3481
2026-08-20 11:00:00,45.65,45.8,45.55,45.8,2041,46.41,3481
2026-08-20 11:05:00,45.75,45.8,45.65,45.65,1117,46.4,3481
2026-08-20 11:10:00,45.65,45.7,45.6,45.65,1329,46.39,3481
2026-08-20 11:15:00,45.65,45.75,45.6,45.7,918,46.39,3481
2026-08-20 11:20:00,45.75,45.75,45.65,45.65,940,46.38,3481
2026-08-20 11:25:00,45.7,45.7,45.55,45.6,1298,46.38,3481
2026-08-20 11:30:00,45.6,45.6,45.5,45.5,1540,46.37,3481
2026-08-20 11:35:00,45.5,45.55,45.4,45.4,2833,46.35,3481
2026-08-20 11:40:00,45.4,45.8,45.4,45.75,2954,46.34,3481
2026-08-20 11:45:00,45.75,45.95,45.7,45.7,2614,46.33,3481
2026-08-20 11:50:00,45.7,45.9,45.65,45.9,1096,46.32,3481
2026-08-20 11:55:00,45.9,45.95,45.8,45.85,1815,46.32,3481
2026-08-20 12:00:00,45.85,45.85,45.65,45.75,1945,46.31,3481
2026-08-20 12:05:00,45.75,46.0,45.75,46.0,2684,46.3,3481
2026-08-20 12:10:00,45.95,46.05,45.9,46.05,2778,46.3,3481
2026-08-20 12:15:00,46.0,46.25,46.0,46.2,3978,46.29,3481
2026-08-20 12:20:00,46.25,46.25,46.05,46.1,2300,46.29,3481
2026-08-20 12:25:00,46.1,46.2,46.05,46.05,1182,46.29,3481
2026-08-20 12:30:00,46.05,46.1,46.0,46.05,1541,46.29,3481
2026-08-20 12:35:00,46.05,46.05,45.9,45.95,2131,46.29,3481
2026-08-20 12:40:00,45.95,46.0,45.9,45.95,1069,46.28,3481
2026-08-20 12:45:00,45.95,45.95,45.85,45.9,1561,46.28,3481
2026-08-20 12:50:00,45.85,45.9,45.75,45.75,2239,46.27,3481
2026-08-20 12:55:00,45.75,45.9,45.75,45.85,2103,46.27,3481
2026-08-20 13:00:00,45.8,45.9,45.8,45.8,1448,46.27,3481
2026-08-20 13:05:00,45.8,46.05,45.8,45.95,4615,46.26,3481
2026-08-20 13:10:00,45.95,46.05,45.85,46.0,5154,46.25,3481
2026-08-20 13:15:00,46.0,46.15,45.95,46.1,6457,46.24,3481
2026-08-20 13:20:00,46.15,46.2,46.05,46.05,4793,46.24,3481
2026-08-20 13:30:00,46.0,46.0,46.0,46.0,10396,46.23,3481
2026-08-21 09:00:00,45.95,46.3,45.6,45.65,11855,45.91,3481
2026-08-21 09:05:00,45.65,45.7,45.2,45.45,9794,45.69,3481
2026-08-21 09:10:00,45.4,45.5,45.05,45.4,6890,45.59,3481
2026-08-21 09:15:00,45.4,45.75,45.3,45.65,4601,45.58,3481
2026-08-21 09:20:00,45.65,45.65,45.1,45.25,6671,45.54,3481
2026-08-21 09:25:00,45.2,45.45,45.2,45.35,1826,45.53,3481
2026-08-21 09:30:00,45.35,45.5,45.3,45.4,1544,45.53,3481
2026-08-21 09:35:00,45.45,45.5,45.35,45.4,1351,45.53,3481
2026-08-21 09:40:00,45.45,45.6,45.35,45.6,1772,45.52,3481
2026-08-21 09:45:00,45.6,45.95,45.6,45.9,3821,45.54,3481
2026-08-21 09:50:00,45.9,45.95,45.7,45.75,3572,45.56,3481
2026-08-21 09:55:00,45.75,45.75,45.45,45.55,2626,45.56,3481
2026-08-21 10:00:00,45.55,45.7,45.45,45.5,1448,45.56,3481
2026-08-21 10:05:00,45.5,45.5,45.4,45.5,1249,45.56,3481
2026-08-21 10:10:00,45.45,45.55,45.45,45.5,886,45.56,3481
2026-08-21 10:15:00,45.5,45.55,45.45,45.45,1067,45.56,3481
2026-08-21 10:20:00,45.45,45.5,45.4,45.5,900,45.56,3481
2026-08-21 10:25:00,45.5,45.5,45.4,45.45,849,45.55,3481
2026-08-21 10:30:00,45.45,45.6,45.45,45.55,798,45.55,3481
2026-08-21 10:35:00,45.55,45.55,45.4,45.45,1260,45.55,3481
2026-08-21 10:40:00,45.4,45.55,45.4,45.5,904,45.55,3481
2026-08-21 10:45:00,45.5,45.6,45.4,45.6,1510,45.55,3481
2026-08-21 10:50:00,45.6,45.75,45.55,45.65,1318,45.55,3481
2026-08-21 10:55:00,45.7,45.75,45.6,45.65,1063,45.55,3481
2026-08-21 11:00:00,45.6,45.65,45.55,45.55,475,45.55,3481
2026-08-21 11:05:00,45.55,45.55,45.4,45.5,1015,45.55,3481
2026-08-21 11:10:00,45.45,45.5,45.4,45.45,634,45.55,3481
2026-08-21 11:15:00,45.45,45.45,45.35,45.4,1707,45.55,3481
2026-08-21 11:20:00,45.4,45.4,45.35,45.4,739,45.55,3481
2026-08-21 11:25:00,45.4,45.45,45.35,45.35,594,45.54,3481
2026-08-21 11:30:00,45.35,45.5,45.35,45.5,604,45.54,3481
2026-08-21 11:35:00,45.5,45.5,45.35,45.4,832,45.54,3481
2026-08-21 11:40:00,45.4,45.4,45.3,45.35,1617,45.54,3481
2026-08-21 11:45:00,45.35,45.35,45.25,45.3,2475,45.53,3481
2026-08-21 11:50:00,45.3,45.3,45.2,45.25,1400,45.53,3481
2026-08-21 11:55:00,45.25,45.35,45.2,45.3,1181,45.52,3481
2026-08-21 12:00:00,45.3,45.45,45.3,45.4,561,45.52,3481
2026-08-21 12:05:00,45.4,45.45,45.3,45.35,626,45.52,3481
2026-08-21 12:10:00,45.3,45.35,45.3,45.3,441,45.52,3481
2026-08-21 12:15:00,45.3,45.35,45.25,45.25,735,45.52,3481
2026-08-21 12:20:00,45.25,45.3,45.25,45.25,748,45.51,3481
2026-08-21 12:25:00,45.25,45.3,45.25,45.25,786,45.51,3481
2026-08-21 12:30:00,45.3,45.4,45.25,45.4,1293,45.51,3481
2026-08-21 12:35:00,45.4,45.4,45.35,45.35,900,45.51,3481
2026-08-21 12:40:00,45.35,45.55,45.3,45.5,2629,45.51,3481
2026-08-21 12:45:00,45.55,46.1,45.5,45.85,8656,45.53,3481
2026-08-21 12:50:00,45.8,45.95,45.7,45.8,2124,45.54,3481
2026-08-21 12:55:00,45.85,45.9,45.75,45.75,1997,45.54,3481
2026-08-21 13:00:00,45.8,45.95,45.75,45.95,2237,45.55,3481
2026-08-21 13:05:00,45.9,46.05,45.85,46.0,3230,45.56,3481
2026-08-21 13:10:00,45.95,46.05,45.95,46.05,1890,45.57,3481
2026-08-21 13:15:00,46.05,46.05,45.9,46.0,2896,45.58,3481
2026-08-21 13:20:00,46.0,46.0,45.8,45.9,3622,45.59,3481
2026-08-21 13:30:00,46.05,46.05,46.05,46.05,6620,45.61,3481
2026-08-24 09:00:00,46.05,46.4,45.9,46.4,11773,46.12,3481
2026-08-24 09:05:00,46.35,46.4,46.05,46.05,4480,46.17,3481
2026-08-24 09:10:00,46.1,46.25,45.95,46.15,4849,46.15,3481
2026-08-24 09:15:00,46.15,46.8,46.15,46.7,7466,46.24,3481
2026-08-24 09:20:00,46.7,46.7,46.25,46.25,3608,46.27,3481
2026-08-24 09:25:00,46.25,46.45,46.25,46.4,1824,46.28,3481
2026-08-24 09:30:00,46.4,46.4,46.1,46.15,3056,46.27,3481
2026-08-24 09:35:00,46.15,46.3,46.1,46.25,2109,46.27,3481
2026-08-24 09:40:00,46.2,46.5,46.2,46.5,1529,46.27,3481
2026-08-24 09:45:00,46.45,46.8,46.25,46.8,5400,46.3,3481
2026-08-24 09:50:00,46.8,46.95,46.45,46.55,7943,46.38,3481
2026-08-24 09:55:00,46.55,46.55,46.1,46.1,4706,46.37,3481
2026-08-24 10:00:00,46.15,46.45,46.1,46.4,4602,46.35,3481
2026-08-24 10:05:00,46.4,46.5,46.2,46.25,1403,46.35,3481
2026-08-24 10:10:00,46.25,46.4,46.2,46.4,1002,46.35,3481
2026-08-24 10:15:00,46.4,46.4,46.25,46.25,781,46.35,3481
2026-08-24 10:20:00,46.3,46.3,46.2,46.25,737,46.35,3481
2026-08-24 10:25:00,46.25,46.65,46.2,46.4,2847,46.36,3481
2026-08-24 10:30:00,46.4,46.45,46.35,46.35,454,46.36,3481
2026-08-24 10:35:00,46.35,46.45,46.35,46.45,685,46.36,3481
2026-08-24 10:40:00,46.4,46.45,46.35,46.4,805,46.36,3481
2026-08-24 10:45:00,46.45,46.45,46.35,46.4,440,46.36,3481
2026-08-24 10:50:00,46.35,46.45,46.3,46.4,778,46.36,3481
2026-08-24 10:55:00,46.4,46.4,46.35,46.4,498,46.36,3481
2026-08-24 11:00:00,46.45,46.45,46.4,46.45,462,46.36,3481
2026-08-24 11:05:00,46.4,46.5,46.3,46.35,1064,46.36,3481
2026-08-24 11:10:00,46.3,46.35,46.25,46.3,927,46.36,3481
2026-08-24 11:15:00,46.3,46.35,46.2,46.2,1168,46.36,3481
2026-08-24 11:20:00,46.2,46.25,46.2,46.2,451,46.36,3481
2026-08-24 11:25:00,46.25,46.25,46.1,46.1,1760,46.35,3481
2026-08-24 11:30:00,46.1,46.2,46.1,46.15,821,46.35,3481
2026-08-24 11:35:00,46.15,46.2,46.15,46.15,304,46.35,3481
2026-08-24 11:40:00,46.15,46.2,46.15,46.15,411,46.35,3481
2026-08-24 11:45:00,46.2,46.2,46.15,46.15,702,46.35,3481
2026-08-24 11:50:00,46.15,46.2,46.1,46.2,670,46.35,3481
2026-08-24 11:55:00,46.2,46.2,46.15,46.2,227,46.34,3481
2026-08-24 12:00:00,46.15,46.25,46.15,46.15,760,46.34,3481
2026-08-24 12:05:00,46.2,46.2,46.1,46.1,787,46.34,3481
2026-08-24 12:10:00,46.1,46.15,46.1,46.1,499,46.34,3481
2026-08-24 12:15:00,46.15,46.15,46.1,46.1,490,46.34,3481
2026-08-24 12:20:00,46.1,46.15,46.1,46.15,452,46.34,3481
2026-08-24 12:25:00,46.15,46.15,46.0,46.05,2321,46.33,3481
2026-08-24 12:30:00,46.0,46.05,46.0,46.05,592,46.33,3481
2026-08-24 12:35:00,46.0,46.1,46.0,46.1,1369,46.32,3481
2026-08-24 12:40:00,46.1,46.1,46.05,46.1,700,46.32,3481
2026-08-24 12:45:00,46.1,46.15,46.1,46.15,952,46.32,3481
2026-08-24 12:50:00,46.1,46.15,46.0,46.0,1607,46.32,3481
2026-08-24 12:55:00,46.0,46.05,46.0,46.0,770,46.31,3481
2026-08-24 13:00:00,46.0,46.05,45.95,45.95,3753,46.3,3481
2026-08-24 13:05:00,45.95,45.95,45.7,45.8,5450,46.28,3481
2026-08-24 13:10:00,45.8,45.85,45.7,45.7,2813,46.26,3481
2026-08-24 13:15:00,45.7,45.85,45.7,45.75,3344,46.25,3481
2026-08-24 13:20:00,45.7,45.7,45.6,45.65,4836,46.22,3481
2026-08-24 13:30:00,45.45,45.45,45.45,45.45,7245,46.18,3481
2026-08-25 09:00:00,45.3,46.75,45.3,46.15,22045,46.15,3481
2026-08-25 09:05:00,46.15,47.0,46.1,46.45,20658,46.33,3481
2026-08-25 09:10:00,46.4,46.45,45.75,45.85,14583,46.24,3481
2026-08-25 09:15:00,45.85,45.9,45.45,45.65,10097,46.14,3481
2026-08-25 09:20:00,45.6,45.6,45.1,45.1,10948,46.03,3481
2026-08-25 09:25:00,45.15,45.3,44.95,45.2,9021,45.93,3481
2026-08-25 09:30:00,45.2,45.55,45.2,45.45,4254,45.91,3481
2026-08-25 09:35:00,45.45,45.7,45.45,45.6,3332,45.89,3481
2026-08-25 09:40:00,45.6,45.7,45.45,45.65,2500,45.88,3481
2026-08-25 09:45:00,45.7,45.7,45.45,45.55,1054,45.88,3481
2026-08-25 09:50:00,45.55,45.65,45.45,45.65,1132,45.88,3481
2026-08-25 09:55:00,45.6,45.75,45.5,45.55,2125,45.87,3481
2026-08-25 10:00:00,45.55,45.6,45.45,45.45,941,45.87,3481
2026-08-25 10:05:00,45.45,45.5,45.3,45.35,2006,45.86,3481
2026-08-25 10:10:00,45.35,45.85,45.3,45.65,3942,45.85,3481
2026-08-25 10:15:00,45.65,45.7,45.45,45.6,923,45.85,3481
2026-08-25 10:20:00,45.6,45.6,45.5,45.6,576,45.85,3481
2026-08-25 10:25:00,45.6,45.6,45.5,45.55,405,45.85,3481
2026-08-25 10:30:00,45.55,45.6,45.5,45.6,394,45.85,3481
2026-08-25 10:35:00,45.6,45.6,45.5,45.55,716,45.85,3481
2026-08-25 10:40:00,45.55,45.6,45.5,45.5,347,45.84,3481
2026-08-25 10:45:00,45.5,45.5,45.3,45.35,2108,45.84,3481
2026-08-25 10:50:00,45.35,45.4,45.3,45.3,1145,45.83,3481
2026-08-25 10:55:00,45.35,45.35,45.2,45.25,1615,45.82,3481
2026-08-25 11:00:00,45.25,45.4,45.2,45.4,624,45.82,3481
2026-08-25 11:05:00,45.4,45.6,45.4,45.55,684,45.82,3481
2026-08-25 11:10:00,45.55,45.6,45.5,45.5,593,45.82,3481
2026-08-25 11:15:00,45.5,45.65,45.45,45.55,1207,45.82,3481
2026-08-25 11:20:00,45.55,45.6,45.45,45.5,324,45.81,3481
2026-08-25 11:25:00,45.5,45.6,45.45,45.6,579,45.81,3481
2026-08-25 11:30:00,45.6,45.8,45.55,45.7,2524,45.81,3481
2026-08-25 11:35:00,45.75,45.75,45.55,45.6,965,45.81,3481
2026-08-25 11:40:00,45.6,45.6,45.5,45.55,379,45.81,3481
2026-08-25 11:45:00,45.55,45.55,45.45,45.45,714,45.81,3481
2026-08-25 11:50:00,45.45,45.5,45.45,45.45,324,45.81,3481
2026-08-25 11:55:00,45.45,45.6,45.45,45.55,457,45.81,3481
2026-08-25 12:00:00,45.6,45.7,45.55,45.7,976,45.8,3481
2026-08-25 12:05:00,45.7,45.8,45.65,45.75,1918,45.8,3481
2026-08-25 12:10:00,45.75,45.85,45.7,45.8,1886,45.8,3481
2026-08-25 12:15:00,45.8,46.1,45.75,45.9,5830,45.81,3481
2026-08-25 12:20:00,45.9,46.05,45.85,45.95,1900,45.81,3481
2026-08-25 12:25:00,46.0,46.1,45.95,46.05,1854,45.81,3481
2026-08-25 12:30:00,46.05,46.3,46.05,46.3,3827,45.82,3481
2026-08-25 12:35:00,46.3,46.3,46.05,46.2,1965,45.83,3481
2026-08-25 12:40:00,46.25,46.6,46.2,46.4,7239,45.86,3481
2026-08-25 12:45:00,46.45,46.5,46.2,46.2,2459,45.87,3481
2026-08-25 12:50:00,46.25,46.3,46.1,46.2,1529,45.87,3481
2026-08-25 12:55:00,46.15,46.35,46.15,46.35,1503,45.87,3481
2026-08-25 13:00:00,46.3,46.45,46.25,46.4,2299,45.88,3481
2026-08-25 13:05:00,46.4,46.55,46.35,46.4,3760,45.89,3481
2026-08-25 13:10:00,46.35,46.6,46.35,46.5,3191,45.9,3481
2026-08-25 13:15:00,46.5,46.65,46.45,46.6,3806,45.92,3481
2026-08-25 13:20:00,46.6,46.65,46.4,46.65,5336,45.94,3481
2026-08-25 13:30:00,46.8,46.8,46.8,46.8,8292,45.98,3481
2026-08-26 09:00:00,46.8,47.1,46.65,47.0,12375,46.83,3481
2026-08-26 09:05:00,46.95,47.1,46.65,46.95,8625,46.84,3481
2026-08-26 09:10:00,46.9,46.95,46.7,46.8,2760,46.84,3481
2026-08-26 09:15:00,46.8,46.85,46.7,46.75,2064,46.83,3481
2026-08-26 09:20:00,46.75,46.8,46.6,46.6,4005,46.81,3481
2026-08-26 09:25:00,46.65,46.7,46.45,46.7,3978,46.78,3481
2026-08-26 09:30:00,46.7,46.8,46.65,46.8,1375,46.78,3481
2026-08-26 09:35:00,46.8,47.05,46.75,46.85,5751,46.8,3481
2026-08-26 09:40:00,46.85,46.85,46.55,46.6,3541,46.8,3481
2026-08-26 09:45:00,46.6,46.75,46.55,46.6,2053,46.79,3481
2026-08-26 09:50:00,46.6,46.65,46.5,46.55,2307,46.78,3481
2026-08-26 09:55:00,46.6,46.8,46.55,46.65,1498,46.78,3481
2026-08-26 10:00:00,46.7,46.7,46.55,46.6,1602,46.77,3481
2026-08-26 10:05:00,46.6,46.6,46.5,46.6,1598,46.77,3481
2026-08-26 10:10:00,46.6,46.65,46.55,46.65,549,46.76,3481
2026-08-26 10:15:00,46.65,46.7,46.6,46.7,400,46.76,3481
2026-08-26 10:20:00,46.7,46.8,46.65,46.8,620,46.76,3481
2026-08-26 10:25:00,46.75,47.0,46.75,46.95,3961,46.77,3481
2026-08-26 10:30:00,46.95,47.1,46.9,47.05,5858,46.8,3481
2026-08-26 10:35:00,47.0,47.05,46.9,46.9,1274,46.8,3481
2026-08-26 10:40:00,46.9,47.0,46.9,47.0,2301,46.81,3481
2026-08-26 10:45:00,46.95,47.05,46.95,46.95,1521,46.81,3481
2026-08-26 10:50:00,47.0,47.0,46.9,46.9,726,46.81,3481
2026-08-26 10:55:00,46.9,46.95,46.9,46.95,510,46.81,3481
2026-08-26 11:00:00,46.95,46.95,46.8,46.9,1174,46.81,3481
2026-08-26 11:05:00,46.9,46.9,46.85,46.85,484,46.81,3481
2026-08-26 11:10:00,46.9,46.95,46.8,46.95,1070,46.81,3481
2026-08-26 11:15:00,46.95,47.0,46.9,47.0,1177,46.82,3481
2026-08-26 11:20:00,46.95,47.0,46.9,46.95,742,46.82,3481
2026-08-26 11:25:00,46.95,46.95,46.85,46.85,784,46.82,3481
2026-08-26 11:30:00,46.85,46.95,46.85,46.9,563,46.82,3481
2026-08-26 11:35:00,46.9,46.95,46.85,46.85,502,46.82,3481
2026-08-26 11:40:00,46.85,46.9,46.7,46.7,1582,46.82,3481
2026-08-26 11:45:00,46.7,46.8,46.7,46.8,668,46.82,3481
2026-08-26 11:50:00,46.8,46.85,46.8,46.85,306,46.82,3481
2026-08-26 11:55:00,46.85,46.85,46.75,46.75,525,46.82,3481
2026-08-26 12:00:00,46.75,46.8,46.6,46.7,2612,46.81,3481
2026-08-26 12:05:00,46.7,46.7,46.65,46.7,399,46.81,3481
2026-08-26 12:10:00,46.7,46.75,46.65,46.75,598,46.81,3481
2026-08-26 12:15:00,46.75,46.75,46.65,46.65,523,46.81,3481
2026-08-26 12:20:00,46.65,46.7,46.65,46.65,472,46.81,3481
2026-08-26 12:25:00,46.65,46.7,46.65,46.7,745,46.81,3481
2026-08-26 12:30:00,46.7,46.75,46.65,46.65,799,46.81,3481
2026-08-26 12:35:00,46.65,46.7,46.65,46.65,558,46.81,3481
2026-08-26 12:40:00,46.7,46.7,46.65,46.7,607,46.81,3481
2026-08-26 12:45:00,46.65,46.7,46.6,46.6,2031,46.8,3481
2026-08-26 12:50:00,46.6,46.65,46.55,46.55,1571,46.8,3481
2026-08-26 12:55:00,46.55,46.65,46.55,46.6,1233,46.8,3481
2026-08-26 13:00:00,46.6,46.65,46.6,46.65,587,46.8,3481
2026-08-26 13:05:00,46.6,46.65,46.6,46.6,2028,46.79,3481
2026-08-26 13:10:00,46.65,46.65,46.5,46.55,2658,46.78,3481
2026-08-26 13:15:00,46.5,46.55,46.5,46.5,3548,46.78,3481
2026-08-26 13:20:00,46.55,46.55,46.45,46.45,6068,46.76,3481
2026-08-26 13:30:00,46.4,46.4,46.4,46.4,7099,46.74,3481
2026-08-27 09:00:00,46.9,47.3,46.65,47.05,13525,46.98,3481
2026-08-27 09:05:00,47.05,47.1,46.75,46.75,5826,46.97,3481
2026-08-27 09:10:00,46.75,46.75,46.2,46.3,9639,46.79,3481
2026-08-27 09:15:00,46.3,46.5,46.25,46.5,3631,46.74,3481
2026-08-27 09:20:00,46.5,46.55,46.45,46.55,1669,46.73,3481
2026-08-27 09:25:00,46.55,46.55,46.3,46.45,2829,46.7,3481
2026-08-27 09:30:00,46.5,46.75,46.45,46.7,2866,46.7,3481
2026-08-27 09:35:00,46.75,47.2,46.7,47.05,10598,46.76,3481
2026-08-27 09:40:00,47.05,47.1,46.85,46.85,2683,46.77,3481
2026-08-27 09:45:00,46.9,46.95,46.8,46.9,1237,46.78,3481
2026-08-27 09:50:00,46.95,47.15,46.9,47.05,4775,46.8,3481
2026-08-27 09:55:00,47.05,47.15,47.0,47.1,2877,46.81,3481
2026-08-27 10:00:00,47.1,47.25,47.05,47.1,5859,46.84,3481
2026-08-27 10:05:00,47.05,47.1,46.85,46.9,2202,46.85,3481
2026-08-27 10:10:00,46.9,46.95,46.85,46.9,753,46.85,3481
2026-08-27 10:15:00,46.95,47.0,46.9,46.95,677,46.85,3481
2026-08-27 10:20:00,46.95,47.0,46.8,46.85,1631,46.85,3481
2026-08-27 10:25:00,46.85,46.9,46.75,46.85,1145,46.85,3481
2026-08-27 10:30:00,46.85,47.0,46.8,46.95,597,46.85,3481
2026-08-27 10:35:00,46.95,46.95,46.85,46.9,693,46.85,3481
2026-08-27 10:40:00,46.85,46.9,46.7,46.7,1786,46.85,3481
2026-08-27 10:45:00,46.75,46.8,46.7,46.75,760,46.85,3481
2026-08-27 10:50:00,46.75,46.75,46.65,46.7,941,46.84,3481
2026-08-27 10:55:00,46.7,46.7,46.6,46.6,891,46.84,3481
2026-08-27 11:00:00,46.6,46.65,46.5,46.6,2082,46.84,3481
2026-08-27 11:05:00,46.6,46.75,46.55,46.7,1022,46.83,3481
2026-08-27 11:10:00,46.65,46.7,46.65,46.7,284,46.83,3481
2026-08-27 11:15:00,46.65,46.75,46.6,46.7,695,46.83,3481
2026-08-27 11:20:00,46.75,46.9,46.75,46.8,1256,46.83,3481
2026-08-27 11:25:00,46.8,46.85,46.75,46.8,260,46.83,3481
2026-08-27 11:30:00,46.75,46.75,46.65,46.7,394,46.83,3481
2026-08-27 11:35:00,46.7,46.75,46.6,46.7,411,46.83,3481
2026-08-27 11:40:00,46.7,46.75,46.65,46.65,215,46.83,3481
2026-08-27 11:45:00,46.65,46.7,46.6,46.6,502,46.83,3481
2026-08-27 11:50:00,46.6,46.65,46.55,46.55,714,46.83,3481
2026-08-27 11:55:00,46.55,46.65,46.5,46.55,1458,46.82,3481
2026-08-27 12:00:00,46.55,46.6,46.5,46.6,496,46.82,3481
2026-08-27 12:05:00,46.55,46.6,46.5,46.5,509,46.82,3481
2026-08-27 12:10:00,46.5,46.55,46.4,46.4,2572,46.81,3481
2026-08-27 12:15:00,46.45,46.5,46.45,46.45,667,46.81,3481
2026-08-27 12:20:00,46.45,46.5,46.35,46.35,2200,46.8,3481
2026-08-27 12:25:00,46.35,46.4,46.25,46.3,2455,46.79,3481
2026-08-27 12:30:00,46.3,46.4,46.25,46.35,1940,46.78,3481
2026-08-27 12:35:00,46.35,46.45,46.3,46.45,688,46.77,3481
2026-08-27 12:40:00,46.45,46.45,46.35,46.35,815,46.77,3481
2026-08-27 12:45:00,46.35,46.45,46.35,46.4,1290,46.77,3481
2026-08-27 12:50:00,46.4,46.4,46.3,46.35,1064,46.76,3481
2026-08-27 12:55:00,46.3,46.35,46.3,46.35,771,46.76,3481
2026-08-27 13:00:00,46.35,46.35,46.25,46.35,1833,46.75,3481
2026-08-27 13:05:00,46.3,46.4,46.3,46.3,1447,46.75,3481
2026-08-27 13:10:00,46.35,46.35,46.25,46.3,1718,46.74,3481
2026-08-27 13:15:00,46.3,46.35,46.25,46.25,2367,46.73,3481
2026-08-27 13:20:00,46.25,46.3,46.15,46.25,4942,46.71,3481
2026-08-27 13:30:00,46.25,46.25,46.25,46.25,4755,46.69,3481
2026-08-28 09:00:00,46.7,47.05,46.6,46.9,10318,46.85,3481
2026-08-28 09:05:00,46.9,47.65,46.7,47.55,19025,47.09,3481
2026-08-28 09:10:00,47.6,47.9,47.35,47.45,15356,47.28,3481
2026-08-28 09:15:00,47.45,47.65,47.45,47.45,5923,47.31,3481
2026-08-28 09:20:00,47.45,47.5,47.1,47.25,5833,47.31,3481
2026-08-28 09:25:00,47.25,47.25,47.1,47.15,4391,47.3,3481
2026-08-28 09:30:00,47.15,47.15,46.85,47.05,5559,47.27,3481
2026-08-28 09:35:00,47.1,47.1,46.9,46.9,2844,47.27,3481
2026-08-28 09:40:00,46.9,46.95,46.75,46.85,4613,47.24,3481
2026-08-28 09:45:00,46.85,46.9,46.55,46.6,8408,47.18,3481
2026-08-28 09:50:00,46.6,46.75,46.6,46.65,2135,47.17,3481
2026-08-28 09:55:00,46.65,46.7,46.45,46.45,5047,47.13,3481
2026-08-28 10:00:00,46.45,46.6,46.45,46.55,2142,47.12,3481
2026-08-28 10:05:00,46.55,46.6,46.5,46.6,1508,47.11,3481
2026-08-28 10:10:00,46.6,46.75,46.6,46.7,1222,47.11,3481
2026-08-28 10:15:00,46.7,46.9,46.7,46.85,1481,47.1,3481
2026-08-28 10:20:00,46.85,46.95,46.7,46.85,2600,47.09,3481
2026-08-28 10:25:00,46.9,46.95,46.75,46.85,1198,47.09,3481
2026-08-28 10:30:00,46.85,46.9,46.8,46.8,457,47.09,3481
2026-08-28 10:35:00,46.8,47.0,46.75,46.95,1967,47.09,3481
2026-08-28 10:40:00,46.95,46.95,46.85,46.85,693,47.08,3481
2026-08-28 10:45:00,46.9,47.0,46.8,46.95,1475,47.08,3481
2026-08-28 10:50:00,47.0,47.1,46.95,47.05,2314,47.08,3481
2026-08-28 10:55:00,47.05,48.7,47.0,48.2,38613,47.31,3481
2026-08-28 11:00:00,48.2,49.1,48.15,48.5,23553,47.5,3481
2026-08-28 11:05:00,48.5,48.55,48.2,48.5,6949,47.53,3481
2026-08-28 11:10:00,48.55,48.55,47.9,47.95,5358,47.55,3481
2026-08-28 11:15:00,48.0,48.2,47.9,48.0,5210,47.56,3481
2026-08-28 11:20:00,48.0,48.15,47.9,48.05,2228,47.57,3481
2026-08-28 11:25:00,48.05,48.5,47.95,48.45,4332,47.58,3481
2026-08-28 11:30:00,48.45,49.1,48.4,48.7,15063,47.67,3481
2026-08-28 11:35:00,48.75,49.2,48.6,48.9,11511,47.74,3481
2026-08-28 11:40:00,48.9,49.35,48.85,48.95,11536,47.8,3481
2026-08-28 11:45:00,48.95,49.0,48.65,48.65,4874,47.83,3481
2026-08-28 11:50:00,48.65,48.85,48.6,48.8,2262,47.83,3481
2026-08-28 11:55:00,48.8,48.95,48.75,48.9,1748,47.84,3481
2026-08-28 12:00:00,48.85,48.9,48.55,48.65,2815,47.85,3481
2026-08-28 12:05:00,48.6,48.85,48.6,48.8,1477,47.86,3481
2026-08-28 12:10:00,48.85,49.1,48.8,48.95,4418,47.88,3481
2026-08-28 12:15:00,48.95,49.0,48.85,48.85,1812,47.88,3481
2026-08-28 12:20:00,48.9,48.9,48.8,48.8,885,47.89,3481
2026-08-28 12:25:00,48.85,49.1,48.8,49.05,3604,47.9,3481
2026-08-28 12:30:00,49.05,49.1,48.9,48.95,2169,47.91,3481
2026-08-28 12:35:00,48.95,49.6,48.95,49.55,13702,47.98,3481
2026-08-28 12:40:00,49.6,49.6,48.9,49.0,7130,48.02,3481
2026-08-28 12:45:00,48.95,49.05,48.75,48.75,4774,48.03,3481
2026-08-28 12:50:00,48.75,48.9,48.65,48.85,2898,48.04,3481
2026-08-28 12:55:00,48.85,48.85,48.6,48.65,2974,48.04,3481
2026-08-28 13:00:00,48.65,48.75,48.55,48.55,2772,48.05,3481
2026-08-28 13:05:00,48.55,48.75,48.5,48.75,3276,48.06,3481
2026-08-28 13:10:00,48.7,48.75,48.6,48.7,3354,48.06,3481
2026-08-28 13:15:00,48.7,48.7,48.6,48.65,3366,48.07,3481
2026-08-28 13:20:00,48.6,48.65,48.6,48.65,4195,48.08,3481
2026-08-28 13:30:00,48.6,48.6,48.6,48.6,7125,48.09,3481
2026-08-31 09:00:00,48.15,48.55,47.6,48.3,18792,48.04,3481
2026-08-31 09:05:00,48.35,48.5,47.8,48.25,10838,48.07,3481
2026-08-31 09:10:00,48.25,49.15,47.75,49.0,12958,48.12,3481
2026-08-31 09:15:00,49.0,50.4,48.85,50.3,28576,48.66,3481
2026-08-31 09:20:00,50.1,50.5,49.3,49.55,19932,48.91,3481
2026-08-31 09:25:00,49.5,49.95,49.5,49.65,8461,48.98,3481
2026-08-31 09:30:00,49.7,50.2,49.65,49.65,11179,49.08,3481
2026-08-31 09:35:00,49.65,49.7,49.4,49.6,6812,49.11,3481
2026-08-31 09:40:00,49.6,49.65,49.35,49.5,5055,49.13,3481
2026-08-31 09:45:00,49.45,49.6,49.35,49.45,3700,49.13,3481
2026-08-31 09:50:00,49.4,49.45,49.05,49.35,6384,49.14,3481
2026-08-31 09:55:00,49.35,49.35,49.05,49.05,2539,49.14,3481
2026-08-31 10:00:00,49.05,49.2,48.85,49.1,7344,49.13,3481
2026-08-31 10:05:00,49.1,49.2,49.0,49.05,2499,49.13,3481
2026-08-31 10:10:00,49.05,49.15,48.85,48.9,3406,49.13,3481
2026-08-31 10:15:00,48.85,48.9,48.35,48.4,10467,49.1,3481
2026-08-31 10:20:00,48.4,48.55,48.1,48.15,8365,49.06,3481
2026-08-31 10:25:00,48.2,48.45,48.05,48.45,5178,49.03,3481
2026-08-31 10:30:00,48.45,48.5,48.25,48.25,3143,49.02,3481
2026-08-31 10:35:00,48.3,48.6,48.2,48.6,1983,49.01,3481
2026-08-31 10:40:00,48.55,48.7,48.45,48.55,2791,49.01,3481
2026-08-31 10:45:00,48.55,48.85,48.55,48.65,2675,49.0,3481
2026-08-31 10:50:00,48.65,48.7,48.5,48.65,1820,49.0,3481
2026-08-31 10:55:00,48.65,48.75,48.6,48.7,1041,49.0,3481
2026-08-31 11:00:00,48.7,48.7,48.6,48.65,875,49.0,3481
2026-08-31 11:05:00,48.65,48.7,48.6,48.65,693,48.99,3481
2026-08-31 11:10:00,48.7,48.8,48.6,48.65,1946,48.99,3481
2026-08-31 11:15:00,48.65,48.65,48.45,48.5,2678,48.99,3481
2026-08-31 11:20:00,48.45,48.55,48.45,48.55,413,48.98,3481
2026-08-31 11:25:00,48.55,49.0,48.55,48.85,3700,48.98,3481
2026-08-31 11:30:00,48.9,48.9,48.75,48.8,890,48.98,3481
2026-08-31 11:35:00,48.8,48.9,48.75,48.8,1182,48.98,3481
2026-08-31 11:40:00,48.85,48.85,48.6,48.6,1043,48.98,3481
2026-08-31 11:45:00,48.65,48.65,48.5,48.55,1173,48.98,3481
2026-08-31 11:50:00,48.55,48.6,48.5,48.5,1578,48.97,3481
2026-08-31 11:55:00,48.5,48.6,48.5,48.6,425,48.97,3481
2026-08-31 12:00:00,48.55,48.6,48.5,48.5,965,48.97,3481
2026-08-31 12:05:00,48.55,48.55,48.45,48.45,668,48.97,3481
2026-08-31 12:10:00,48.45,48.55,48.45,48.55,516,48.97,3481
2026-08-31 12:15:00,48.55,48.65,48.5,48.65,825,48.97,3481
2026-08-31 12:20:00,48.65,48.65,48.5,48.5,1125,48.96,3481
2026-08-31 12:25:00,48.55,48.55,48.45,48.5,976,48.96,3481
2026-08-31 12:30:00,48.5,48.65,48.45,48.6,1374,48.96,3481
2026-08-31 12:35:00,48.65,48.75,48.6,48.7,1187,48.96,3481
2026-08-31 12:40:00,48.65,48.7,48.65,48.7,914,48.96,3481
2026-08-31 12:45:00,48.7,48.7,48.6,48.6,1925,48.95,3481
2026-08-31 12:50:00,48.65,48.65,48.5,48.55,2201,48.95,3481
2026-08-31 12:55:00,48.6,48.85,48.55,48.75,3507,48.95,3481
2026-08-31 13:00:00,48.75,49.0,48.75,48.95,3759,48.94,3481
2026-08-31 13:05:00,48.95,49.05,48.85,49.0,5368,48.95,3481
2026-08-31 13:10:00,49.05,49.1,48.85,48.9,2804,48.95,3481
2026-08-31 13:15:00,48.9,49.0,48.85,48.95,3842,48.94,3481
2026-08-31 13:20:00,48.95,49.0,48.85,48.95,5364,48.94,3481
2026-08-31 13:30:00,49.85,49.85,49.85,49.85,22696,49.02,3481
2026-09-01 09:00:00,49.9,50.0,49.4,49.9,19053,49.72,3481
2026-09-01 09:05:00,49.85,50.1,49.65,49.95,10351,49.79,3481
2026-09-01 09:10:00,49.95,50.2,49.65,49.8,8504,49.81,3481
2026-09-01 09:15:00,49.75,50.0,49.75,49.85,3148,49.82,3481
2026-09-01 09:20:00,49.9,49.95,49.7,49.75,4026,49.81,3481
2026-09-01 09:25:00,49.75,49.8,49.45,49.6,6669,49.78,3481
2026-09-01 09:30:00,49.6,49.65,49.45,49.5,2892,49.77,3481
2026-09-01 09:35:00,49.5,49.7,49.5,49.65,1477,49.76,3481
2026-09-01 09:40:00,49.7,49.7,49.5,49.55,1884,49.76,3481
2026-09-01 09:45:00,49.55,49.6,49.5,49.55,1528,49.75,3481
2026-09-01 09:50:00,49.55,49.6,49.45,49.5,2323,49.74,3481
2026-09-01 09:55:00,49.45,49.5,49.4,49.45,2222,49.73,3481
2026-09-01 10:00:00,49.45,49.6,49.4,49.6,2549,49.72,3481
2026-09-01 10:05:00,49.65,49.65,49.6,49.6,830,49.72,3481
2026-09-01 10:10:00,49.6,49.65,49.55,49.65,1238,49.72,3481
2026-09-01 10:15:00,49.7,49.85,49.65,49.8,2567,49.72,3481
2026-09-01 10:20:00,49.75,49.8,49.55,49.55,867,49.72,3481
2026-09-01 10:25:00,49.6,49.6,49.5,49.55,957,49.72,3481
2026-09-01 10:30:00,49.55,49.55,49.5,49.5,624,49.72,3481
2026-09-01 10:35:00,49.5,49.55,49.3,49.35,4677,49.7,3481
2026-09-01 10:40:00,49.3,49.45,49.2,49.4,3228,49.68,3481
2026-09-01 10:45:00,49.4,49.45,49.35,49.4,584,49.68,3481
2026-09-01 10:50:00,49.35,49.4,49.35,49.4,565,49.68,3481
2026-09-01 10:55:00,49.35,49.45,49.35,49.45,1011,49.68,3481
2026-09-01 11:00:00,49.45,49.5,49.4,49.45,605,49.67,3481
2026-09-01 11:05:00,49.45,49.5,49.45,49.45,468,49.67,3481
2026-09-01 11:10:00,49.45,49.5,49.45,49.45,516,49.67,3481
2026-09-01 11:15:00,49.45,49.55,49.45,49.5,873,49.67,3481
2026-09-01 11:20:00,49.5,49.55,49.5,49.5,457,49.67,3481
2026-09-01 11:25:00,49.5,49.55,49.45,49.45,599,49.67,3481
2026-09-01 11:30:00,49.5,49.5,49.45,49.5,367,49.67,3481
2026-09-01 11:35:00,49.5,49.6,49.5,49.55,1244,49.67,3481
2026-09-01 11:40:00,49.5,49.55,49.45,49.45,620,49.66,3481
2026-09-01 11:45:00,49.5,49.6,49.45,49.55,765,49.66,3481
2026-09-01 11:50:00,49.55,49.75,49.55,49.75,2179,49.66,3481
2026-09-01 11:55:00,49.75,49.8,49.65,49.8,1382,49.66,3481
2026-09-01 12:00:00,49.75,49.8,49.65,49.65,945,49.66,3481
2026-09-01 12:05:00,49.65,49.7,49.5,49.5,948,49.66,3481
2026-09-01 12:10:00,49.5,49.55,49.5,49.5,522,49.66,3481
2026-09-01 12:15:00,49.5,49.55,49.5,49.55,706,49.66,3481
2026-09-01 12:20:00,49.5,49.55,49.45,49.45,956,49.66,3481
2026-09-01 12:25:00,49.45,49.5,49.45,49.45,607,49.66,3481
2026-09-01 12:30:00,49.5,49.6,49.4,49.55,2205,49.66,3481
2026-09-01 12:35:00,49.55,49.65,49.5,49.55,1182,49.65,3481
2026-09-01 12:40:00,49.55,49.6,49.5,49.5,1152,49.65,3481
2026-09-01 12:45:00,49.55,49.55,49.45,49.45,1451,49.65,3481
2026-09-01 12:50:00,49.5,49.5,49.4,49.45,1696,49.65,3481
2026-09-01 12:55:00,49.45,49.65,49.4,49.6,2969,49.64,3481
2026-09-01 13:00:00,49.6,49.75,49.5,49.5,2355,49.64,3481
2026-09-01 13:05:00,49.5,49.55,49.4,49.4,1989,49.64,3481
2026-09-01 13:10:00,49.45,49.6,49.4,49.55,3736,49.64,3481
2026-09-01 13:15:00,49.5,49.55,49.35,49.35,3747,49.63,3481
2026-09-01 13:20:00,49.35,49.4,49.2,49.25,7032,49.61,3481
2026-09-01 13:30:00,49.3,49.3,49.3,49.3,8520,49.59,3481
2026-09-02 09:00:00,49.3,49.35,48.7,49.05,12234,49.06,3481
2026-09-02 09:05:00,49.05,49.05,48.65,48.8,6927,48.97,3481
2026-09-02 09:10:00,48.8,49.6,48.75,49.6,8662,49.08,3481
2026-09-02 09:15:00,49.55,50.3,49.55,50.0,17991,49.44,3481
2026-09-02 09:20:00,50.1,50.1,49.9,50.1,10719,49.54,3481
2026-09-02 09:25:00,50.0,50.1,49.8,49.8,3934,49.57,3481
2026-09-02 09:30:00,49.8,50.2,49.7,50.0,11317,49.64,3481
2026-09-02 09:35:00,50.1,50.1,49.7,49.75,4055,49.65,3481
2026-09-02 09:40:00,49.8,49.9,49.6,49.65,3593,49.65,3481
2026-09-02 09:45:00,49.65,49.7,49.5,49.65,4346,49.65,3481
2026-09-02 09:50:00,49.65,49.75,49.6,49.7,1386,49.65,3481
2026-09-02 09:55:00,49.65,49.75,49.6,49.65,1176,49.65,3481
2026-09-02 10:00:00,49.65,49.7,49.5,49.55,2413,49.65,3481
2026-09-02 10:05:00,49.55,49.6,49.2,49.25,5671,49.63,3481
2026-09-02 10:10:00,49.2,49.5,49.2,49.5,3631,49.62,3481
2026-09-02 10:15:00,49.5,49.55,49.5,49.5,678,49.62,3481
2026-09-02 10:20:00,49.5,49.5,49.35,49.4,1243,49.62,3481
2026-09-02 10:25:00,49.4,49.55,49.35,49.5,811,49.62,3481
2026-09-02 10:30:00,49.5,49.55,49.4,49.5,902,49.62,3481
2026-09-02 10:35:00,49.45,49.5,49.35,49.35,858,49.61,3481
2026-09-02 10:40:00,49.4,49.45,49.35,49.45,769,49.61,3481
2026-09-02 10:45:00,49.4,49.5,49.4,49.5,417,49.61,3481
2026-09-02 10:50:00,49.45,49.55,49.45,49.55,984,49.61,3481
2026-09-02 10:55:00,49.55,49.55,49.45,49.45,681,49.61,3481
2026-09-02 11:00:00,49.5,49.5,49.4,49.4,751,49.61,3481
2026-09-02 11:05:00,49.4,49.45,49.35,49.4,924,49.61,3481
2026-09-02 11:10:00,49.4,49.45,49.4,49.4,299,49.61,3481
2026-09-02 11:15:00,49.4,49.45,49.4,49.45,400,49.61,3481
2026-09-02 11:20:00,49.45,49.45,49.35,49.35,798,49.6,3481
2026-09-02 11:25:00,49.35,49.4,49.25,49.3,2219,49.6,3481
2026-09-02 11:30:00,49.3,49.3,49.2,49.25,1416,49.59,3481
2026-09-02 11:35:00,49.25,49.3,49.2,49.2,1396,49.59,3481
2026-09-02 11:40:00,49.2,49.3,49.2,49.3,933,49.59,3481
2026-09-02 11:45:00,49.3,49.4,49.25,49.4,808,49.59,3481
2026-09-02 11:50:00,49.4,49.4,49.15,49.15,1553,49.58,3481
2026-09-02 11:55:00,49.15,49.2,49.05,49.1,1862,49.57,3481
2026-09-02 12:00:00,49.15,49.15,49.05,49.1,1110,49.57,3481
2026-09-02 12:05:00,49.1,49.2,49.1,49.15,816,49.57,3481
2026-09-02 12:10:00,49.2,49.25,49.15,49.25,530,49.56,3481
2026-09-02 12:15:00,49.25,49.6,49.2,49.45,3665,49.56,3481
2026-09-02 12:20:00,49.45,49.65,49.4,49.65,1875,49.56,3481
2026-09-02 12:25:00,49.65,49.7,49.55,49.55,1172,49.56,3481
2026-09-02 12:30:00,49.55,49.95,49.55,49.9,7646,49.57,3481
2026-09-02 12:35:00,49.9,49.95,49.7,49.75,2769,49.58,3481
2026-09-02 12:40:00,49.8,49.9,49.65,49.75,2193,49.58,3481
2026-09-02 12:45:00,49.8,49.95,49.7,49.85,3283,49.59,3481
2026-09-02 12:50:00,49.85,49.95,49.75,49.75,1359,49.59,3481
2026-09-02 12:55:00,49.75,49.8,49.55,49.6,1568,49.59,3481
2026-09-02 13:00:00,49.6,49.65,49.35,49.4,2231,49.59,3481
2026-09-02 13:05:00,49.45,49.45,49.3,49.35,2225,49.59,3481
2026-09-02 13:10:00,49.3,49.4,49.3,49.3,2253,49.58,3481
2026-09-02 13:15:00,49.35,49.4,49.3,49.35,2541,49.58,3481
2026-09-02 13:20:00,49.3,49.5,49.25,49.45,4791,49.57,3481
2026-09-02 13:30:00,49.05,49.05,49.05,49.05,8888,49.54,3481
2026-09-03 09:00:00,49.85,52.0,49.8,51.6,52922,51.22,3481
2026-09-03 09:05:00,51.7,52.4,51.4,52.0,41039,51.51,3481
2026-09-03 09:10:00,52.0,52.3,51.4,51.6,22036,51.55,3481
2026-09-03 09:15:00,51.6,51.6,50.9,51.0,15175,51.51,3481
2026-09-03 09:20:00,51.0,51.4,50.7,50.7,13471,51.47,3481
2026-09-03 09:25:00,50.7,51.0,50.5,50.7,10166,51.41,3481
2026-09-03 09:30:00,50.8,50.9,50.6,50.7,6474,51.39,3481
2026-09-03 09:35:00,50.7,50.7,49.85,50.0,16609,51.28,3481
2026-09-03 09:40:00,50.0,50.4,49.95,50.2,7174,51.23,3481
2026-09-03 09:45:00,50.2,50.7,50.1,50.6,4604,51.21,3481
2026-09-03 09:50:00,50.5,50.6,50.0,50.0,5568,51.18,3481
2026-09-03 09:55:00,50.1,50.2,49.55,49.6,14272,51.09,3481
2026-09-03 10:00:00,49.6,49.95,49.55,49.75,4652,51.06,3481
2026-09-03 10:05:00,49.75,50.1,49.7,50.1,3686,51.04,3481
2026-09-03 10:10:00,50.0,50.2,50.0,50.2,2557,51.03,3481
2026-09-03 10:15:00,50.2,50.4,50.1,50.2,2698,51.02,3481
2026-09-03 10:20:00,50.3,50.3,50.0,50.1,1793,51.02,3481
2026-09-03 10:25:00,50.0,50.2,49.95,50.2,1638,51.01,3481
2026-09-03 10:30:00,50.1,50.3,50.0,50.0,1490,51.0,3481
2026-09-03 10:35:00,50.1,50.1,49.9,50.0,1465,51.0,3481
2026-09-03 10:40:00,49.95,49.95,49.8,49.85,1727,50.99,3481
2026-09-03 10:45:00,49.85,49.9,49.65,49.7,3386,50.97,3481
2026-09-03 10:50:00,49.7,49.85,49.7,49.75,1471,50.96,3481
2026-09-03 10:55:00,49.75,49.95,49.7,49.9,737,50.96,3481
2026-09-03 11:00:00,49.9,50.2,49.85,50.1,2141,50.95,3481
2026-09-03 11:05:00,50.0,50.1,49.95,50.1,935,50.95,3481
2026-09-03 11:10:00,50.1,50.2,49.95,50.2,2050,50.94,3481
2026-09-03 11:15:00,50.1,51.1,50.1,50.7,19409,50.92,3481
2026-09-03 11:20:00,50.7,51.4,50.5,50.6,11159,50.93,3481
2026-09-03 11:25:00,50.6,50.7,50.4,50.5,2026,50.92,3481
2026-09-03 11:30:00,50.5,50.6,50.2,50.3,2135,50.92,3481
2026-09-03 11:35:00,50.3,50.4,50.2,50.3,1295,50.92,3481
2026-09-03 11:40:00,50.3,50.4,50.2,50.3,1123,50.91,3481
2026-09-03 11:45:00,50.3,50.3,50.1,50.2,1935,50.91,3481
2026-09-03 11:50:00,50.2,50.3,50.0,50.0,1158,50.91,3481
2026-09-03 11:55:00,50.1,50.2,49.95,50.0,2848,50.9,3481
2026-09-03 12:00:00,50.0,50.2,49.95,50.0,1217,50.89,3481
2026-09-03 12:05:00,50.0,50.1,49.95,50.0,1184,50.89,3481
2026-09-03 12:10:00,50.1,50.1,49.8,49.85,2601,50.88,3481
2026-09-03 12:15:00,49.85,49.95,49.8,49.9,1129,50.88,3481
2026-09-03 12:20:00,49.95,49.95,49.6,49.6,4227,50.86,3481
2026-09-03 12:25:00,49.65,49.7,49.4,49.5,7510,50.83,3481
2026-09-03 12:30:00,49.55,49.75,49.5,49.7,1826,50.82,3481
2026-09-03 12:35:00,49.65,49.65,49.5,49.55,1741,50.82,3481
2026-09-03 12:40:00,49.55,49.65,49.45,49.5,2832,50.8,3481
2026-09-03 12:45:00,49.45,49.6,49.45,49.45,1341,50.8,3481
2026-09-03 12:50:00,49.45,49.55,49.45,49.5,1588,50.79,3481
2026-09-03 12:55:00,49.5,49.55,49.2,49.25,4891,50.77,3481
2026-09-03 13:00:00,49.3,49.3,49.05,49.1,5555,50.74,3481
2026-09-03 13:05:00,49.05,49.25,49.05,49.05,4428,50.72,3481
2026-09-03 13:10:00,49.1,49.1,48.8,48.8,8626,50.67,3481
2026-09-03 13:15:00,48.85,48.9,48.55,48.55,7105,50.63,3481
2026-09-03 13:20:00,48.55,48.65,48.3,48.35,8791,50.58,3481
2026-09-03 13:30:00,48.1,48.1,48.1,48.1,11362,50.5,3481
2026-09-04 09:00:00,49.0,49.4,48.5,48.8,26729,48.85,3481
2026-09-04 09:05:00,48.8,48.95,48.55,48.6,7708,48.83,3481
2026-09-04 09:10:00,48.6,48.8,48.6,48.65,3709,48.82,3481
2026-09-04 09:15:00,48.65,49.1,48.55,48.95,7134,48.82,3481
2026-09-04 09:20:00,48.95,48.95,48.65,48.7,2779,48.82,3481
2026-09-04 09:25:00,48.7,48.75,48.4,48.4,7453,48.78,3481
2026-09-04 09:30:00,48.4,48.65,48.4,48.55,2536,48.77,3481
2026-09-04 09:35:00,48.55,48.55,48.25,48.35,4913,48.74,3481
2026-09-04 09:40:00,48.4,48.45,48.3,48.35,1901,48.73,3481
2026-09-04 09:45:00,48.35,48.4,48.1,48.15,5431,48.69,3481
2026-09-04 09:50:00,48.1,48.4,48.1,48.35,2587,48.67,3481
2026-09-04 09:55:00,48.3,48.6,48.25,48.55,2521,48.67,3481
2026-09-04 10:00:00,48.55,48.55,48.3,48.35,1017,48.66,3481
2026-09-04 10:05:00,48.35,48.5,48.3,48.5,923,48.66,3481
2026-09-04 10:10:00,48.5,48.55,48.45,48.45,666,48.66,3481
2026-09-04 10:15:00,48.45,48.5,48.4,48.45,333,48.66,3481
2026-09-04 10:20:00,48.4,48.5,48.4,48.5,463,48.66,3481
2026-09-04 10:25:00,48.5,48.6,48.45,48.55,1017,48.66,3481
2026-09-04 10:30:00,48.6,48.7,48.55,48.55,1756,48.65,3481
2026-09-04 10:35:00,48.55,48.55,48.5,48.55,314,48.65,3481
2026-09-04 10:40:00,48.55,48.55,48.45,48.5,512,48.65,3481
2026-09-04 10:45:00,48.5,48.55,48.45,48.5,304,48.65,3481
2026-09-04 10:50:00,48.5,48.6,48.45,48.6,513,48.65,3481
2026-09-04 10:55:00,48.6,48.65,48.55,48.6,495,48.65,3481
2026-09-04 11:00:00,48.6,48.75,48.6,48.75,1257,48.65,3481
2026-09-04 11:05:00,48.7,48.75,48.65,48.65,472,48.65,3481
2026-09-04 11:10:00,48.65,48.7,48.65,48.7,376,48.65,3481
2026-09-04 11:15:00,48.65,48.7,48.5,48.6,1317,48.65,3481
2026-09-04 11:20:00,48.6,48.65,48.55,48.6,457,48.65,3481
2026-09-04 11:25:00,48.6,48.6,48.55,48.55,197,48.65,3481
2026-09-04 11:30:00,48.55,48.6,48.45,48.5,1150,48.65,3481
2026-09-04 11:35:00,48.5,48.5,48.45,48.45,404,48.65,3481
2026-09-04 11:40:00,48.45,48.5,48.35,48.35,851,48.65,3481
2026-09-04 11:45:00,48.35,48.4,48.35,48.4,450,48.64,3481
2026-09-04 11:50:00,48.4,48.45,48.35,48.45,709,48.64,3481
2026-09-04 11:55:00,48.45,48.55,48.4,48.55,604,48.64,3481
2026-09-04 12:00:00,48.55,48.55,48.5,48.5,419,48.64,3481
2026-09-04 12:05:00,48.5,48.55,48.4,48.55,1662,48.64,3481
2026-09-04 12:10:00,48.55,48.65,48.5,48.65,1459,48.64,3481
2026-09-04 12:15:00,48.65,48.65,48.6,48.6,736,48.64,3481
2026-09-04 12:20:00,48.6,48.75,48.55,48.6,1941,48.64,3481
2026-09-04 12:25:00,48.6,48.65,48.55,48.55,621,48.64,3481
2026-09-04 12:30:00,48.55,48.65,48.55,48.6,530,48.64,3481
2026-09-04 12:35:00,48.65,48.65,48.55,48.55,622,48.64,3481
2026-09-04 12:40:00,48.55,48.6,48.55,48.55,1003,48.64,3481
2026-09-04 12:45:00,48.55,48.6,48.35,48.4,1746,48.63,3481
2026-09-04 12:50:00,48.4,48.65,48.35,48.6,2543,48.63,3481
2026-09-04 12:55:00,48.6,48.6,48.5,48.55,949,48.63,3481
2026-09-04 13:00:00,48.6,48.7,48.55,48.6,2143,48.63,3481
2026-09-04 13:05:00,48.6,48.65,48.55,48.6,2230,48.63,3481
2026-09-04 13:10:00,48.55,48.6,48.45,48.5,3090,48.63,3481
2026-09-04 13:15:00,48.5,48.7,48.45,48.65,3921,48.62,3481
2026-09-04 13:20:00,48.65,48.7,48.5,48.55,3759,48.62,3481
2026-09-04 13:30:00,48.5,48.5,48.5,48.5,8348,48.61,3481
2026-09-07 09:00:00,49.4,49.6,48.25,48.3,19336,48.8,3481
2026-09-07 09:05:00,48.25,48.65,48.0,48.45,12926,48.57,3481
2026-09-07 09:10:00,48.4,49.05,48.4,48.95,8387,48.62,3481
2026-09-07 09:15:00,48.95,49.35,48.8,49.2,10176,48.73,3481
2026-09-07 09:20:00,49.2,49.8,49.1,49.5,16256,48.93,3481
2026-09-07 09:25:00,49.5,49.65,49.3,49.5,6266,48.98,3481
2026-09-07 09:30:00,49.5,49.55,49.35,49.45,3343,48.99,3481
2026-09-07 09:35:00,49.45,49.55,49.3,49.5,3485,49.01,3481
2026-09-07 09:40:00,49.5,49.55,49.2,49.25,3403,49.03,3481
2026-09-07 09:45:00,49.25,49.55,49.25,49.5,2314,49.04,3481
2026-09-07 09:50:00,49.5,49.85,49.5,49.7,11001,49.12,3481
2026-09-07 09:55:00,49.65,49.9,49.65,49.75,5578,49.15,3481
2026-09-07 10:00:00,49.75,49.8,49.55,49.55,1880,49.16,3481
2026-09-07 10:05:00,49.6,49.8,49.55,49.75,3196,49.18,3481
2026-09-07 10:10:00,49.8,49.8,49.55,49.6,1089,49.18,3481
2026-09-07 10:15:00,49.6,49.75,49.35,49.4,2283,49.19,3481
2026-09-07 10:20:00,49.4,49.5,49.3,49.35,1811,49.19,3481
2026-09-07 10:25:00,49.35,49.45,49.3,49.35,1133,49.19,3481
2026-09-07 10:30:00,49.35,49.4,49.25,49.4,1436,49.2,3481
2026-09-07 10:35:00,49.4,49.45,49.3,49.3,676,49.2,3481
2026-09-07 10:40:00,49.3,49.5,49.3,49.45,1082,49.2,3481
2026-09-07 10:45:00,49.45,49.5,49.3,49.3,893,49.2,3481
2026-09-07 10:50:00,49.3,49.35,49.2,49.25,2300,49.2,3481
2026-09-07 10:55:00,49.25,49.3,49.1,49.1,2189,49.2,3481
2026-09-07 11:00:00,49.1,49.3,49.1,49.15,1591,49.2,3481
2026-09-07 11:05:00,49.2,49.2,49.05,49.15,1308,49.2,3481
2026-09-07 11:10:00,49.15,49.2,49.15,49.15,569,49.2,3481
2026-09-07 11:15:00,49.15,49.35,49.1,49.35,836,49.2,3481
2026-09-07 11:20:00,49.35,49.35,49.2,49.2,467,49.2,3481
2026-09-07 11:25:00,49.2,49.2,49.1,49.1,862,49.2,3481
2026-09-07 11:30:00,49.1,49.15,48.9,49.1,3815,49.2,3481
2026-09-07 11:35:00,49.05,49.1,48.9,48.9,1432,49.19,3481
2026-09-07 11:40:00,48.95,49.0,48.9,48.95,1116,49.19,3481
2026-09-07 11:45:00,48.95,49.0,48.85,48.95,1160,49.19,3481
2026-09-07 11:50:00,48.95,49.05,48.95,49.0,947,49.19,3481
2026-09-07 11:55:00,49.0,49.1,48.95,48.95,1116,49.19,3481
2026-09-07 12:00:00,49.0,49.05,48.9,48.95,1371,49.18,3481
2026-09-07 12:05:00,48.9,48.95,48.85,48.9,1302,49.18,3481
2026-09-07 12:10:00,48.9,49.9,48.9,49.75,13832,49.21,3481
2026-09-07 12:15:00,49.8,49.8,49.55,49.6,3651,49.22,3481
2026-09-07 12:20:00,49.6,50.2,49.6,50.0,19383,49.3,3481
2026-09-07 12:25:00,49.95,50.1,49.8,50.0,6317,49.33,3481
2026-09-07 12:30:00,50.0,50.2,49.95,50.0,6249,49.35,3481
2026-09-07 12:35:00,50.0,50.2,49.95,50.1,5095,49.37,3481
2026-09-07 12:40:00,50.1,50.2,50.0,50.1,3323,49.38,3481
2026-09-07 12:45:00,50.2,50.2,49.95,50.1,4484,49.4,3481
2026-09-07 12:50:00,50.1,50.2,50.0,50.1,2613,49.41,3481
2026-09-07 12:55:00,50.1,50.4,50.0,50.4,9183,49.44,3481
2026-09-07 13:00:00,50.4,50.7,50.2,50.3,14378,49.51,3481
2026-09-07 13:05:00,50.3,50.3,49.95,50.0,4427,49.52,3481
2026-09-07 13:10:00,50.0,50.2,50.0,50.0,3038,49.52,3481
2026-09-07 13:15:00,50.0,50.2,50.0,50.1,3255,49.53,3481
2026-09-07 13:20:00,50.0,50.1,49.95,50.0,4280,49.54,3481
2026-09-07 13:30:00,49.95,49.95,49.95,49.95,5860,49.55,3481
2026-09-08 09:00:00,50.0,50.6,49.75,49.9,17601,50.13,3481
2026-09-08 09:05:00,49.85,50.0,49.55,49.85,10523,50.01,3481
2026-09-08 09:10:00,49.85,49.9,49.5,49.7,9216,49.92,3481
2026-09-08 09:15:00,49.7,49.85,49.5,49.55,4652,49.89,3481
2026-09-08 09:20:00,49.6,49.65,49.4,49.45,6104,49.84,3481
2026-09-08 09:25:00,49.45,49.6,49.25,49.25,4922,49.8,3481
2026-09-08 09:30:00,49.3,49.45,49.2,49.4,3668,49.77,3481
2026-09-08 09:35:00,49.4,49.6,49.35,49.5,2576,49.75,3481
2026-09-08 09:40:00,49.5,49.5,49.4,49.5,1562,49.74,3481
2026-09-08 09:45:00,49.45,49.5,49.25,49.25,2674,49.73,3481
2026-09-08 09:50:00,49.3,49.35,49.2,49.35,2358,49.71,3481
2026-09-08 09:55:00,49.35,49.65,49.3,49.55,2785,49.7,3481
2026-09-08 10:00:00,49.6,49.8,49.6,49.65,2998,49.7,3481
2026-09-08 10:05:00,49.65,49.85,49.6,49.65,3340,49.71,3481
2026-09-08 10:10:00,49.65,49.85,49.55,49.85,3483,49.71,3481
2026-09-08 10:15:00,49.85,50.1,49.8,50.1,9884,49.74,3481
2026-09-08 10:20:00,50.1,50.1,49.8,49.9,4340,49.75,3481
2026-09-08 10:25:00,49.9,50.0,49.8,49.9,3148,49.75,3481
2026-09-08 10:30:00,49.9,50.0,49.75,49.9,2854,49.76,3481
2026-09-08 10:35:00,49.85,50.1,49.75,50.0,4443,49.77,3481
2026-09-08 10:40:00,50.0,50.2,49.8,49.9,3842,49.78,3481
2026-09-08 10:45:00,49.9,49.9,49.6,49.7,3382,49.77,3481
2026-09-08 10:50:00,49.7,49.75,49.55,49.55,2224,49.77,3481
2026-09-08 10:55:00,49.55,49.65,49.55,49.6,2155,49.77,3481
2026-09-08 11:00:00,49.6,49.7,49.6,49.65,590,49.77,3481
2026-09-08 11:05:00,49.65,49.7,49.65,49.65,438,49.77,3481
2026-09-08 11:10:00,49.7,49.8,49.65,49.8,878,49.77,3481
2026-09-08 11:15:00,49.8,49.8,49.7,49.75,499,49.77,3481
2026-09-08 11:20:00,49.8,49.85,49.6,49.6,1128,49.77,3481
2026-09-08 11:25:00,49.65,49.7,49.6,49.7,463,49.76,3481
2026-09-08 11:30:00,49.65,49.7,49.55,49.55,1248,49.76,3481
2026-09-08 11:35:00,49.55,49.65,49.55,49.6,586,49.76,3481
2026-09-08 11:40:00,49.55,49.6,49.45,49.45,2261,49.76,3481
2026-09-08 11:45:00,49.45,49.5,49.35,49.4,2371,49.75,3481
2026-09-08 11:50:00,49.4,49.5,49.3,49.3,2740,49.74,3481
2026-09-08 11:55:00,49.3,49.55,49.3,49.55,1278,49.74,3481
2026-09-08 12:00:00,49.5,49.55,49.4,49.45,536,49.74,3481
2026-09-08 12:05:00,49.45,49.5,49.4,49.4,673,49.74,3481
2026-09-08 12:10:00,49.4,49.45,49.3,49.3,1001,49.73,3481
2026-09-08 12:15:00,49.35,49.4,49.3,49.35,930,49.73,3481
2026-09-08 12:20:00,49.35,49.4,49.3,49.35,812,49.73,3481
2026-09-08 12:25:00,49.3,49.3,49.2,49.2,3813,49.72,3481
2026-09-08 12:30:00,49.25,49.25,49.1,49.15,4422,49.7,3481
2026-09-08 12:35:00,49.15,49.25,49.1,49.25,1080,49.69,3481
2026-09-08 12:40:00,49.25,49.3,49.2,49.3,1482,49.69,3481
2026-09-08 12:45:00,49.3,49.35,49.2,49.2,1153,49.69,3481
2026-09-08 12:50:00,49.2,49.25,49.1,49.1,2416,49.68,3481
2026-09-08 12:55:00,49.1,49.15,49.05,49.05,2955,49.67,3481
2026-09-08 13:00:00,49.05,49.1,49.0,49.05,3104,49.65,3481
2026-09-08 13:05:00,49.0,49.05,48.8,48.85,7448,49.62,3481
2026-09-08 13:10:00,48.85,48.95,48.8,48.95,3939,49.6,3481
2026-09-08 13:15:00,48.95,48.95,48.8,48.85,4513,49.58,3481
2026-09-08 13:20:00,48.85,48.95,48.8,48.9,5938,49.56,3481
2026-09-08 13:30:00,48.8,48.8,48.8,48.8,11191,49.51,3481
2026-09-09 09:00:00,49.35,51.0,49.35,50.6,50562,50.35,3481
2026-09-09 09:05:00,50.7,51.2,50.5,50.8,35052,50.57,3481
2026-09-09 09:10:00,50.7,51.5,50.5,51.1,27446,50.69,3481
2026-09-09 09:15:00,51.2,51.4,51.0,51.0,12241,50.74,3481
2026-09-09 09:20:00,51.1,51.4,50.7,50.8,10115,50.76,3481
2026-09-09 09:25:00,50.8,51.5,50.8,51.4,14223,50.8,3481
2026-09-09 09:30:00,51.5,51.6,51.2,51.3,20772,50.88,3481
2026-09-09 09:35:00,51.3,51.4,50.8,50.9,6269,50.89,3481
2026-09-09 09:40:00,50.9,51.0,50.6,50.6,5647,50.89,3481
2026-09-09 09:45:00,50.6,50.8,50.5,50.6,5599,50.88,3481
2026-09-09 09:50:00,50.6,50.7,50.4,50.6,6686,50.87,3481
2026-09-09 09:55:00,50.6,50.7,50.4,50.6,5573,50.86,3481
2026-09-09 10:00:00,50.6,51.2,50.4,51.1,6954,50.86,3481
2026-09-09 10:05:00,51.2,51.4,51.0,51.1,8788,50.87,3481
2026-09-09 10:10:00,51.1,51.2,50.7,50.7,2861,50.87,3481
2026-09-09 10:15:00,50.7,50.9,50.7,50.7,1252,50.87,3481
2026-09-09 10:20:00,50.8,50.8,50.6,50.7,1536,50.87,3481
2026-09-09 10:25:00,50.8,50.8,50.5,50.7,2077,50.87,3481
2026-09-09 10:30:00,50.7,50.8,50.4,50.4,2868,50.86,3481
2026-09-09 10:35:00,50.4,50.6,50.4,50.5,2293,50.86,3481
2026-09-09 10:40:00,50.5,50.8,50.5,50.6,936,50.86,3481
2026-09-09 10:45:00,50.7,50.9,50.6,50.9,1786,50.86,3481
2026-09-09 10:50:00,50.8,50.9,50.7,50.7,935,50.86,3481
2026-09-09 10:55:00,50.7,50.7,50.5,50.6,1664,50.86,3481
2026-09-09 11:00:00,50.6,50.7,50.5,50.5,800,50.86,3481
2026-09-09 11:05:00,50.5,50.6,50.4,50.4,2113,50.85,3481
2026-09-09 11:10:00,50.4,50.5,50.3,50.3,2714,50.85,3481
2026-09-09 11:15:00,50.4,50.5,50.3,50.5,1105,50.85,3481
2026-09-09 11:20:00,50.4,50.6,50.3,50.3,2144,50.84,3481
2026-09-09 11:25:00,50.3,50.5,50.3,50.5,912,50.84,3481
2026-09-09 11:30:00,50.4,50.6,50.4,50.6,856,50.84,3481
2026-09-09 11:35:00,50.6,50.7,50.5,50.7,919,50.84,3481
2026-09-09 11:40:00,50.7,50.7,50.3,50.3,2108,50.83,3481
2026-09-09 11:45:00,50.3,50.4,50.2,50.3,2261,50.83,3481
2026-09-09 11:50:00,50.3,50.4,50.0,50.0,4396,50.82,3481
2026-09-09 11:55:00,50.1,50.2,50.0,50.1,1364,50.81,3481
2026-09-09 12:00:00,50.1,50.2,50.0,50.1,1646,50.81,3481
2026-09-09 12:05:00,50.0,50.1,50.0,50.1,930,50.81,3481
2026-09-09 12:10:00,50.0,50.1,49.95,50.1,4999,50.79,3481
2026-09-09 12:15:00,50.0,50.1,49.95,50.0,1503,50.79,3481
2026-09-09 12:20:00,50.0,50.1,49.95,50.1,1239,50.78,3481
2026-09-09 12:25:00,50.1,50.2,50.0,50.1,1843,50.78,3481
2026-09-09 12:30:00,50.1,50.3,50.0,50.2,1024,50.78,3481
2026-09-09 12:35:00,50.3,50.3,50.2,50.2,532,50.78,3481
2026-09-09 12:40:00,50.3,50.4,50.2,50.2,1043,50.77,3481
2026-09-09 12:45:00,50.2,50.4,50.2,50.3,1585,50.77,3481
2026-09-09 12:50:00,50.3,50.4,50.2,50.4,1180,50.77,3481
2026-09-09 12:55:00,50.4,50.5,50.2,50.2,3016,50.76,3481
2026-09-09 13:00:00,50.2,50.3,50.2,50.2,1199,50.76,3481
2026-09-09 13:05:00,50.2,50.3,50.0,50.1,3519,50.75,3481
2026-09-09 13:10:00,50.1,50.3,50.1,50.2,2659,50.75,3481
2026-09-09 13:15:00,50.2,50.3,50.1,50.1,2475,50.74,3481
2026-09-09 13:20:00,50.1,50.2,50.0,50.2,5632,50.73,3481
2026-09-09 13:30:00,50.1,50.1,50.1,50.1,9346,50.71,3481
2026-09-10 09:00:00,49.9,49.9,48.85,49.05,28817,49.26,3481
2026-09-10 09:05:00,49.05,49.2,48.8,49.15,12060,49.18,3481
2026-09-10 09:10:00,49.1,49.15,48.95,49.1,5607,49.16,3481
2026-09-10 09:15:00,49.15,49.4,49.0,49.35,5076,49.16,3481
2026-09-10 09:20:00,49.3,49.4,49.1,49.25,3882,49.17,3481
2026-09-10 09:25:00,49.25,49.25,49.0,49.05,3909,49.16,3481
2026-09-10 09:30:00,49.0,49.2,49.0,49.05,1992,49.16,3481
2026-09-10 09:35:00,49.05,49.15,48.9,49.15,4158,49.15,3481
2026-09-10 09:40:00,49.15,49.45,49.15,49.25,3271,49.16,3481
2026-09-10 09:45:00,49.3,49.5,49.2,49.5,3136,49.17,3481
2026-09-10 09:50:00,49.5,49.55,49.3,49.35,3618,49.18,3481
2026-09-10 09:55:00,49.4,49.6,49.4,49.6,4644,49.2,3481
2026-09-10 10:00:00,49.6,49.6,49.35,49.45,3191,49.21,3481
2026-09-10 10:05:00,49.45,49.6,49.35,49.4,1637,49.22,3481
2026-09-10 10:10:00,49.4,49.4,49.2,49.35,1306,49.22,3481
2026-09-10 10:15:00,49.35,49.35,49.1,49.15,1857,49.22,3481
2026-09-10 10:20:00,49.2,49.25,49.15,49.2,764,49.22,3481
2026-09-10 10:25:00,49.2,49.25,49.1,49.15,1075,49.22,3481
2026-09-10 10:30:00,49.1,49.35,49.1,49.35,883,49.22,3481
2026-09-10 10:35:00,49.35,49.4,49.3,49.3,518,49.22,3481
2026-09-10 10:40:00,49.35,49.45,49.3,49.4,722,49.22,3481
2026-09-10 10:45:00,49.4,49.4,49.2,49.25,1105,49.22,3481
2026-09-10 10:50:00,49.25,49.35,49.25,49.25,286,49.22,3481
2026-09-10 10:55:00,49.3,49.3,49.2,49.25,1038,49.22,3481
2026-09-10 11:00:00,49.2,49.25,49.2,49.2,580,49.22,3481
2026-09-10 11:05:00,49.2,49.25,49.15,49.15,572,49.22,3481
2026-09-10 11:10:00,49.2,49.25,49.1,49.15,921,49.22,3481
2026-09-10 11:15:00,49.15,49.15,49.05,49.05,1570,49.22,3481
2026-09-10 11:20:00,49.1,49.15,49.0,49.05,2639,49.21,3481
2026-09-10 11:25:00,49.05,49.15,49.0,49.1,690,49.21,3481
2026-09-10 11:30:00,49.1,49.15,49.1,49.15,370,49.21,3481
2026-09-10 11:35:00,49.15,49.15,49.05,49.1,417,49.21,3481
2026-09-10 11:40:00,49.1,49.1,49.0,49.05,1111,49.21,3481
2026-09-10 11:45:00,49.05,49.1,49.0,49.1,695,49.21,3481
2026-09-10 11:50:00,49.05,49.15,49.05,49.1,827,49.21,3481
2026-09-10 11:55:00,49.15,49.25,49.1,49.2,977,49.21,3481
2026-09-10 12:00:00,49.2,49.25,49.15,49.2,405,49.21,3481
2026-09-10 12:05:00,49.2,49.25,49.15,49.15,572,49.21,3481
2026-09-10 12:10:00,49.15,49.2,49.1,49.15,406,49.21,3481
2026-09-10 12:15:00,49.15,49.2,49.1,49.15,678,49.21,3481
2026-09-10 12:20:00,49.1,49.15,49.05,49.1,754,49.21,3481
2026-09-10 12:25:00,49.1,49.15,49.1,49.15,616,49.21,3481
2026-09-10 12:30:00,49.15,49.2,49.1,49.2,1101,49.21,3481
2026-09-10 12:35:00,49.2,49.2,49.1,49.15,662,49.21,3481
2026-09-10 12:40:00,49.15,49.2,49.1,49.15,806,49.21,3481
2026-09-10 12:45:00,49.15,49.25,49.1,49.2,1814,49.2,3481
2026-09-10 12:50:00,49.2,49.4,49.2,49.3,3206,49.21,3481
2026-09-10 12:55:00,49.35,49.5,49.3,49.45,3590,49.21,3481
2026-09-10 13:00:00,49.45,49.6,49.35,49.55,5362,49.22,3481
2026-09-10 13:05:00,49.5,49.55,49.35,49.4,2517,49.23,3481
2026-09-10 13:10:00,49.35,49.4,49.25,49.25,1916,49.23,3481
2026-09-10 13:15:00,49.25,49.35,49.25,49.3,2093,49.23,3481
2026-09-10 13:20:00,49.3,49.3,49.2,49.25,3485,49.23,3481
2026-09-10 13:30:00,49.35,49.35,49.35,49.35,8179,49.24,3481
