date,open,high,low,close,volume,average,stock_code
2026-04-27 09:00:00,4355,4380,4245,4280,401,4323.33,3661
2026-04-27 09:05:00,4280,4355,4280,4340,164,4324.29,3661
2026-04-27 09:10:00,4340,4345,4205,4215,153,4314.66,3661
2026-04-27 09:15:00,4220,4255,4200,4255,114,4301.78,3661
2026-04-27 09:20:00,4255,4270,4240,4245,49,4299.23,3661
2026-04-27 09:25:00,4250,4250,4215,4240,47,4295.68,3661
2026-04-27 09:30:00,4240,4260,4220,4255,55,4292.8,3661
2026-04-27 09:35:00,4255,4255,4205,4205,55,4289.19,3661
2026-04-27 09:40:00,4205,4205,4155,4165,100,4279.84,3661
2026-04-27 09:45:00,4165,4175,4165,4175,22,4277.74,3661
2026-04-27 09:50:00,4180,4190,4170,4180,18,4276.23,3661
2026-04-27 09:55:00,4170,4180,4155,4160,32,4273.21,3661
2026-04-27 10:00:00,4165,4185,4165,4175,22,4271.53,3661
2026-04-27 10:05:00,4180,4180,4150,4170,39,4268.3,3661
2026-04-27 10:10:00,4175,4180,4170,4175,5,4267.93,3661
2026-04-27 10:15:00,4175,4210,4175,4210,36,4265.93,3661
2026-04-27 10:20:00,4210,4230,4210,4215,49,4264.22,3661
2026-04-27 10:25:00,4210,4210,4175,4180,24,4263.04,3661
2026-04-27 10:30:00,4175,4175,4155,4155,29,4261.02,3661
2026-04-27 10:35:00,4150,4160,4145,4160,28,4258.9,3661
2026-04-27 10:40:00,4160,4170,4160,4170,13,4258.04,3661
2026-04-27 10:45:00,4175,4200,4175,4190,21,4257.05,3661
2026-04-27 10:50:00,4190,4200,4190,4190,8,4256.72,3661
2026-04-27 10:55:00,4190,4225,4190,4215,85,4254.34,3661
2026-04-27 11:00:00,4205,4205,4190,4190,4,4254.2,3661
2026-04-27 11:05:00,4190,4190,4175,4175,13,4253.63,3661
2026-04-27 11:10:00,4170,4170,4160,4160,14,4252.85,3661
2026-04-27 11:15:00,4160,4170,4160,4170,7,4252.46,3661
2026-04-27 11:20:00,4170,4180,4170,4175,7,4252.13,3661
2026-04-27 11:25:00,4170,4170,4155,4155,31,4250.4,3661
2026-04-27 11:30:00,4155,4155,4150,4150,15,4249.5,3661
2026-04-27 11:35:00,4150,4150,4150,4150,2,4249.38,3661
2026-04-27 11:40:00,4155,4165,4155,4165,8,4248.95,3661
2026-04-27 11:45:00,4165,4165,4160,4165,7,4248.59,3661
2026-04-27 11:50:00,4160,4160,4150,4150,24,4247.25,3661
2026-04-27 11:55:00,4145,4145,4110,4115,58,4243.38,3661
2026-04-27 12:00:00,4115,4120,4110,4110,26,4241.49,3661
2026-04-27 12:05:00,4105,4105,4090,4100,53,4237.39,3661
2026-04-27 12:10:00,4100,4105,4095,4105,12,4236.5,3661
2026-04-27 12:15:00,4105,4105,4105,4105,4,4236.22,3661
2026-04-27 12:20:00,4105,4110,4090,4090,30,4234.06,3661
2026-04-27 12:25:00,4085,4090,4080,4085,15,4232.89,3661
2026-04-27 12:30:00,4090,4095,4080,4095,20,4231.43,3661
2026-04-27 12:35:00,4095,4140,4095,4135,45,4228.82,3661
2026-04-27 12:40:00,4130,4130,4100,4110,75,4224.45,3661
2026-04-27 12:45:00,4115,4125,4115,4120,19,4223.5,3661
2026-04-27 12:50:00,4120,4120,4110,4110,12,4222.85,3661
2026-04-27 12:55:00,4110,4110,4100,4110,33,4220.99,3661
2026-04-27 13:00:00,4115,4120,4105,4120,17,4220.12,3661
2026-04-27 13:05:00,4115,4155,4115,4145,56,4217.94,3661
2026-04-27 13:10:00,4140,4175,4140,4175,50,4216.64,3661
2026-04-27 13:15:00,4170,4170,4135,4160,38,4215.59,3661
2026-04-27 13:20:00,4160,4160,4150,4160,69,4213.81,3661
2026-04-27 13:30:00,4160,4160,4160,4160,131,4210.95,3661
2026-04-28 09:00:00,4185,4210,4160,4165,218,4183.58,3661
2026-04-28 09:05:00,4160,4195,4140,4150,88,4177.94,3661
2026-04-28 09:10:00,4150,4195,4145,4190,124,4177.36,3661
2026-04-28 09:15:00,4190,4205,4180,4185,81,4179.85,3661
2026-04-28 09:20:00,4190,4200,4185,4195,33,4180.75,3661
2026-04-28 09:25:00,4195,4240,4195,4240,99,4186.38,3661
2026-04-28 09:30:00,4240,4245,4220,4225,64,4190.62,3661
2026-04-28 09:35:00,4220,4220,4190,4220,35,4191.27,3661
2026-04-28 09:40:00,4220,4220,4180,4180,34,4191.73,3661
2026-04-28 09:45:00,4180,4190,4170,4170,30,4191.35,3661
2026-04-28 09:50:00,4175,4175,4160,4165,22,4190.66,3661
2026-04-28 09:55:00,4160,4165,4155,4155,25,4189.7,3661
2026-04-28 10:00:00,4150,4150,4120,4125,59,4186.01,3661
2026-04-28 10:05:00,4130,4140,4125,4140,19,4184.92,3661
2026-04-28 10:10:00,4145,4145,4125,4125,42,4182.75,3661
2026-04-28 10:15:00,4130,4130,4120,4125,20,4181.6,3661
2026-04-28 10:20:00,4120,4135,4115,4115,41,4179.32,3661
2026-04-28 10:25:00,4115,4115,4085,4090,61,4174.76,3661
2026-04-28 10:30:00,4090,4090,4080,4090,28,4172.58,3661
2026-04-28 10:35:00,4095,4100,4085,4100,18,4171.32,3661
2026-04-28 10:40:00,4095,4100,4095,4095,7,4170.86,3661
2026-04-28 10:45:00,4090,4090,4085,4085,10,4170.16,3661
2026-04-28 10:50:00,4090,4090,4090,4090,7,4169.67,3661
2026-04-28 10:55:00,4090,4090,4020,4020,90,4161.72,3661
2026-04-28 11:00:00,4025,4050,4015,4030,67,4155.31,3661
2026-04-28 11:05:00,4030,4040,4030,4035,25,4153.06,3661
2026-04-28 11:10:00,4030,4035,4030,4035,16,4151.66,3661
2026-04-28 11:15:00,4030,4030,3995,4015,104,4141.34,3661
2026-04-28 11:20:00,4015,4030,4000,4030,78,4134.67,3661
2026-04-28 11:25:00,4025,4025,4020,4020,9,4134.03,3661
2026-04-28 11:30:00,4015,4020,4005,4005,16,4132.77,3661
2026-04-28 11:35:00,4005,4010,4005,4010,16,4131.52,3661
2026-04-28 11:40:00,4010,4010,4000,4000,17,4130.17,3661
2026-04-28 11:45:00,4005,4025,4000,4025,52,4126.36,3661
2026-04-28 11:50:00,4025,4040,4025,4025,47,4123.79,3661
2026-04-28 11:55:00,4025,4040,4025,4035,22,4122.61,3661
2026-04-28 12:00:00,4040,4040,4030,4030,7,4122.25,3661
2026-04-28 12:05:00,4025,4030,4025,4030,3,4122.08,3661
2026-04-28 12:10:00,4035,4035,4035,4035,5,4121.83,3661
2026-04-28 12:15:00,4035,4035,4035,4035,9,4121.39,3661
2026-04-28 12:20:00,4030,4030,4030,4030,3,4121.23,3661
2026-04-28 12:25:00,4025,4025,4025,4025,7,4120.85,3661
2026-04-28 12:30:00,4025,4025,4025,4025,4,4120.63,3661
2026-04-28 12:35:00,4025,4030,4025,4030,6,4120.32,3661
2026-04-28 12:40:00,4030,4030,4025,4025,3,4120.16,3661
2026-04-28 12:45:00,4025,4025,4020,4025,16,4119.28,3661
2026-04-28 12:50:00,4025,4025,4020,4020,14,4118.54,3661
2026-04-28 12:55:00,4015,4015,4010,4010,14,4117.72,3661
2026-04-28 13:00:00,4010,4015,4010,4010,18,4116.69,3661
2026-04-28 13:05:00,4015,4015,4010,4010,13,4115.96,3661
2026-04-28 13:10:00,4010,4010,3995,3995,49,4113.05,3661
2026-04-28 13:15:00,3995,3995,3990,3995,47,4110.16,3661
2026-04-28 13:20:00,3990,4000,3990,3995,56,4106.94,3661
2026-04-28 13:30:00,4000,4000,4000,4000,143,4099.79,3661
2026-04-29 09:00:00,4000,4005,3930,3940,166,3978.01,3661
2026-04-29 09:05:00,3940,3960,3920,3920,86,3964.37,3661
2026-04-29 09:10:00,3920,3930,3900,3925,72,3953.38,3661
2026-04-29 09:15:00,3925,3980,3925,3965,74,3954.67,3661
2026-04-29 09:20:00,3960,3965,3950,3950,32,3954.76,3661
2026-04-29 09:25:00,3950,3965,3935,3935,25,3954.25,3661
2026-04-29 09:30:00,3930,3975,3930,3970,60,3954.48,3661
2026-04-29 09:35:00,3970,3970,3940,3945,15,3954.51,3661
2026-04-29 09:40:00,3950,3965,3950,3960,15,3954.68,3661
2026-04-29 09:45:00,3955,3955,3945,3945,13,3954.53,3661
2026-04-29 09:50:00,3945,3945,3940,3940,5,3954.43,3661
2026-04-29 09:55:00,3945,3945,3930,3930,33,3953.57,3661
2026-04-29 10:00:00,3935,3945,3925,3935,25,3952.84,3661
2026-04-29 10:05:00,3940,3950,3940,3945,16,3952.68,3661
2026-04-29 10:10:00,3940,3940,3930,3930,6,3952.5,3661
2026-04-29 10:15:00,3930,3960,3930,3945,22,3952.26,3661
2026-04-29 10:20:00,3940,3945,3915,3940,56,3950.01,3661
2026-04-29 10:25:00,3945,3960,3945,3955,18,3950.12,3661
2026-04-29 10:30:00,3955,3985,3955,3985,44,3951.49,3661
2026-04-29 10:35:00,3985,3985,3980,3980,14,3952.03,3661
2026-04-29 10:40:00,3975,4010,3970,4010,83,3955.99,3661
2026-04-29 10:45:00,4015,4015,4000,4005,22,3957.25,3661
2026-04-29 10:50:00,4005,4030,4005,4020,57,3960.91,3661
2026-04-29 10:55:00,4015,4040,4015,4040,20,3962.35,3661
2026-04-29 11:00:00,4040,4060,4040,4055,48,3966.45,3661
2026-04-29 11:05:00,4055,4065,4040,4045,25,3968.47,3661
2026-04-29 11:10:00,4045,4050,4045,4050,12,3969.37,3661
2026-04-29 11:15:00,4050,4060,4050,4050,29,3971.65,3661
2026-04-29 11:20:00,4050,4050,4045,4050,22,3973.18,3661
2026-04-29 11:25:00,4050,4055,4045,4050,18,3974.4,3661
2026-04-29 11:30:00,4050,4050,4050,4050,5,3974.73,3661
2026-04-29 11:35:00,4045,4055,4045,4055,14,3975.66,3661
2026-04-29 11:40:00,4055,4060,4055,4055,8,3976.21,3661
2026-04-29 11:45:00,4060,4065,4060,4060,20,3977.67,3661
2026-04-29 11:50:00,4060,4065,4060,4065,6,3978.11,3661
2026-04-29 11:55:00,4065,4065,4060,4060,16,3979.21,3661
2026-04-29 12:00:00,4060,4060,4055,4055,7,3979.65,3661
2026-04-29 12:05:00,4055,4055,4040,4045,15,3980.49,3661
2026-04-29 12:10:00,4045,4050,4040,4050,9,3980.96,3661
2026-04-29 12:15:00,4045,4045,4040,4040,10,3981.44,3661
2026-04-29 12:20:00,4040,4040,4035,4040,11,3981.95,3661
2026-04-29 12:25:00,4040,4040,4035,4035,12,3982.47,3661
2026-04-29 12:30:00,4035,4035,4030,4035,7,3982.76,3661
2026-04-29 12:35:00,4035,4040,4035,4040,5,3982.97,3661
2026-04-29 12:40:00,4040,4040,4025,4025,21,3983.79,3661
2026-04-29 12:45:00,4025,4025,4010,4025,26,3984.48,3661
2026-04-29 12:50:00,4025,4030,4025,4030,3,3984.57,3661
2026-04-29 12:55:00,4025,4030,4015,4015,22,3985.2,3661
2026-04-29 13:00:00,4015,4015,4010,4010,17,3985.56,3661
2026-04-29 13:05:00,4010,4010,4000,4000,25,3985.9,3661
2026-04-29 13:10:00,3995,4005,3995,4000,18,3986.1,3661
2026-04-29 13:15:00,4000,4005,3990,3990,26,3986.36,3661
2026-04-29 13:20:00,3995,4005,3990,3990,46,3986.65,3661
2026-04-29 13:30:00,4005,4005,4005,4005,96,3987.77,3661
2026-04-30 09:00:00,4135,4275,4130,4250,542,4207.09,3661
2026-04-30 09:05:00,4250,4260,4215,4240,171,4215.46,3661
2026-04-30 09:10:00,4235,4270,4230,4245,179,4222.97,3661
2026-04-30 09:15:00,4245,4255,4235,4235,72,4224.64,3661
2026-04-30 09:20:00,4230,4240,4205,4225,88,4224.39,3661
2026-04-30 09:25:00,4225,4245,4225,4245,37,4224.94,3661
2026-04-30 09:30:00,4240,4240,4210,4210,30,4224.94,3661
2026-04-30 09:35:00,4215,4215,4185,4205,92,4223.1,3661
2026-04-30 09:40:00,4205,4205,4175,4175,33,4222.19,3661
2026-04-30 09:45:00,4175,4190,4170,4180,27,4221.27,3661
2026-04-30 09:50:00,4180,4195,4175,4195,18,4220.77,3661
2026-04-30 09:55:00,4195,4205,4190,4190,27,4220.29,3661
2026-04-30 10:00:00,4190,4190,4150,4155,44,4218.58,3661
2026-04-30 10:05:00,4155,4180,4155,4160,20,4217.79,3661
2026-04-30 10:10:00,4160,4165,4160,4165,8,4217.46,3661
2026-04-30 10:15:00,4165,4165,4150,4155,24,4216.44,3661
2026-04-30 10:20:00,4155,4160,4130,4155,48,4214.04,3661
2026-04-30 10:25:00,4155,4165,4155,4165,5,4213.85,3661
2026-04-30 10:30:00,4160,4190,4145,4185,35,4212.87,3661
2026-04-30 10:35:00,4180,4205,4180,4185,28,4212.54,3661
2026-04-30 10:40:00,4190,4190,4180,4190,8,4212.4,3661
2026-04-30 10:45:00,4180,4185,4155,4160,16,4211.96,3661
2026-04-30 10:50:00,4175,4190,4160,4160,16,4211.61,3661
2026-04-30 10:55:00,4160,4160,4150,4150,11,4211.23,3661
2026-04-30 11:00:00,4150,4170,4150,4170,5,4211.07,3661
2026-04-30 11:05:00,4170,4170,4160,4160,13,4210.7,3661
2026-04-30 11:10:00,4165,4175,4165,4175,8,4210.5,3661
2026-04-30 11:15:00,4175,4180,4175,4180,7,4210.36,3661
2026-04-30 11:20:00,4185,4195,4185,4195,12,4210.21,3661
2026-04-30 11:25:00,4195,4195,4185,4190,21,4209.99,3661
2026-04-30 11:30:00,4190,4190,4190,4190,1,4209.98,3661
2026-04-30 11:35:00,4190,4215,4190,4215,39,4209.78,3661
2026-04-30 11:40:00,4215,4215,4200,4205,30,4209.69,3661
2026-04-30 11:45:00,4200,4210,4200,4210,10,4209.68,3661
2026-04-30 11:50:00,4205,4225,4205,4225,34,4209.78,3661
2026-04-30 11:55:00,4225,4225,4215,4215,22,4209.95,3661
2026-04-30 12:00:00,4210,4245,4210,4235,62,4210.66,3661
2026-04-30 12:05:00,4235,4250,4230,4245,65,4211.69,3661
2026-04-30 12:10:00,4245,4245,4240,4240,19,4211.98,3661
2026-04-30 12:15:00,4240,4240,4225,4225,21,4212.23,3661
2026-04-30 12:20:00,4225,4230,4225,4225,10,4212.31,3661
2026-04-30 12:25:00,4230,4230,4225,4225,6,4212.35,3661
2026-04-30 12:30:00,4220,4220,4195,4195,65,4212.04,3661
2026-04-30 12:35:00,4195,4195,4185,4185,23,4211.79,3661
2026-04-30 12:40:00,4180,4185,4170,4185,46,4211.03,3661
2026-04-30 12:45:00,4180,4190,4175,4190,5,4210.96,3661
2026-04-30 12:50:00,4190,4190,4170,4170,54,4210.16,3661
2026-04-30 12:55:00,4170,4175,4160,4165,29,4209.58,3661
2026-04-30 13:00:00,4165,4165,4160,4160,22,4209.09,3661
2026-04-30 13:05:00,4155,4160,4140,4145,55,4207.65,3661
2026-04-30 13:10:00,4150,4155,4145,4155,42,4206.58,3661
2026-04-30 13:15:00,4155,4155,4145,4145,24,4205.97,3661
2026-04-30 13:20:00,4145,4150,4140,4145,52,4204.67,3661
2026-04-30 13:30:00,4135,4135,4135,4135,144,4200.69,3661
2026-05-04 09:00:00,4290,4305,4155,4170,358,4256.06,3661
2026-05-04 09:05:00,4170,4175,4145,4155,148,4228.1,3661
2026-05-04 09:10:00,4155,4165,4135,4160,105,4214.29,3661
2026-05-04 09:15:00,4155,4205,4155,4180,155,4207.87,3661
2026-05-04 09:20:00,4175,4235,4175,4195,92,4207.63,3661
2026-05-04 09:25:00,4195,4210,4195,4195,28,4207.46,3661
2026-05-04 09:30:00,4185,4200,4185,4190,27,4206.97,3661
2026-05-04 09:35:00,4190,4210,4185,4210,33,4206.5,3661
2026-05-04 09:40:00,4200,4225,4200,4210,44,4206.97,3661
2026-05-04 09:45:00,4210,4230,4200,4230,38,4207.32,3661
2026-05-04 09:50:00,4230,4275,4225,4260,116,4211.78,3661
2026-05-04 09:55:00,4260,4270,4260,4270,24,4212.83,3661
2026-05-04 10:00:00,4265,4315,4265,4315,192,4224.44,3661
2026-05-04 10:05:00,4320,4340,4310,4320,125,4232.77,3661
2026-05-04 10:10:00,4325,4325,4305,4305,33,4234.54,3661
2026-05-04 10:15:00,4305,4310,4295,4295,32,4235.94,3661
2026-05-04 10:20:00,4300,4300,4295,4295,16,4236.56,3661
2026-05-04 10:25:00,4295,4300,4275,4275,36,4237.77,3661
2026-05-04 10:30:00,4275,4295,4270,4290,20,4238.28,3661
2026-05-04 10:35:00,4285,4290,4270,4270,17,4238.67,3661
2026-05-04 10:40:00,4270,4285,4260,4285,24,4239.16,3661
2026-05-04 10:45:00,4275,4295,4275,4295,22,4239.8,3661
2026-05-04 10:50:00,4290,4295,4290,4290,11,4240.14,3661
2026-05-04 10:55:00,4290,4300,4285,4295,16,4240.65,3661
2026-05-04 11:00:00,4290,4290,4280,4290,9,4240.87,3661
2026-05-04 11:05:00,4290,4295,4290,4295,11,4241.2,3661
2026-05-04 11:10:00,4295,4295,4280,4290,27,4241.93,3661
2026-05-04 11:15:00,4290,4295,4290,4295,7,4242.13,3661
2026-05-04 11:20:00,4295,4310,4290,4305,32,4243.15,3661
2026-05-04 11:25:00,4305,4305,4290,4300,11,4243.48,3661
2026-05-04 11:30:00,4295,4300,4295,4300,9,4243.75,3661
2026-05-04 11:35:00,4300,4300,4285,4300,16,4244.21,3661
2026-05-04 11:40:00,4295,4300,4285,4295,18,4244.7,3661
2026-05-04 11:45:00,4295,4325,4295,4315,59,4246.78,3661
2026-05-04 11:50:00,4320,4320,4310,4315,13,4247.23,3661
2026-05-04 11:55:00,4310,4320,4310,4320,17,4247.84,3661
2026-05-04 12:00:00,4325,4325,4315,4320,19,4248.56,3661
2026-05-04 12:05:00,4315,4325,4315,4320,14,4249.05,3661
2026-05-04 12:10:00,4320,4320,4300,4300,21,4249.68,3661
2026-05-04 12:15:00,4300,4305,4295,4295,14,4250.01,3661
2026-05-04 12:20:00,4295,4300,4290,4295,22,4250.49,3661
2026-05-04 12:25:00,4295,4295,4245,4250,74,4251.1,3661
2026-05-04 12:30:00,4250,4250,4235,4240,35,4250.95,3661
2026-05-04 12:35:00,4240,4245,4235,4245,22,4250.83,3661
2026-05-04 12:40:00,4250,4250,4240,4250,17,4250.82,3661
2026-05-04 12:45:00,4255,4255,4235,4235,22,4250.76,3661
2026-05-04 12:50:00,4245,4250,4240,4250,13,4250.72,3661
2026-05-04 12:55:00,4250,4255,4240,4250,22,4250.73,3661
2026-05-04 13:00:00,4255,4255,4245,4250,19,4250.71,3661
2026-05-04 13:05:00,4255,4255,4245,4250,18,4250.69,3661
2026-05-04 13:10:00,4250,4255,4250,4255,44,4250.73,3661
2026-05-04 13:15:00,4250,4255,4245,4250,37,4250.72,3661
2026-05-04 13:20:00,4250,4265,4245,4250,125,4250.89,3661
2026-05-04 13:30:00,4250,4250,4250,4250,143,4250.84,3661
2026-05-05 09:00:00,4260,4270,4215,4220,130,4244.5,3661
2026-05-05 09:05:00,4210,4220,4210,4215,31,4238.42,3661
2026-05-05 09:10:00,4210,4235,4190,4215,85,4228.92,3661
2026-05-05 09:15:00,4210,4220,4190,4190,35,4225.05,3661
2026-05-05 09:20:00,4195,4195,4170,4170,53,4218.79,3661
2026-05-05 09:25:00,4175,4175,4155,4160,37,4213.33,3661
2026-05-05 09:30:00,4160,4160,4135,4160,63,4203.33,3661
2026-05-05 09:35:00,4160,4170,4145,4170,39,4199.36,3661
2026-05-05 09:40:00,4170,4170,4160,4160,16,4198.21,3661
2026-05-05 09:45:00,4160,4170,4160,4170,11,4197.45,3661
2026-05-05 09:50:00,4175,4200,4175,4200,51,4196.42,3661
2026-05-05 09:55:00,4200,4200,4140,4150,64,4193.02,3661
2026-05-05 10:00:00,4150,4150,4135,4140,72,4188.11,3661
2026-05-05 10:05:00,4140,4140,4125,4130,30,4185.88,3661
2026-05-05 10:10:00,4130,4140,4130,4140,12,4185.07,3661
2026-05-05 10:15:00,4140,4140,4135,4135,11,4184.35,3661
2026-05-05 10:20:00,4140,4140,4135,4140,10,4183.73,3661
2026-05-05 10:25:00,4140,4145,4140,4140,11,4183.12,3661
2026-05-05 10:30:00,4140,4140,4135,4135,14,4182.3,3661
2026-05-05 10:35:00,4130,4140,4120,4120,40,4179.61,3661
2026-05-05 10:40:00,4120,4130,4115,4120,57,4175.76,3661
2026-05-05 10:45:00,4125,4125,4115,4120,34,4173.66,3661
2026-05-05 10:50:00,4120,4120,4120,4120,22,4172.39,3661
2026-05-05 10:55:00,4120,4125,4115,4115,44,4169.96,3661
2026-05-05 11:00:00,4115,4140,4110,4135,62,4166.86,3661
2026-05-05 11:05:00,4130,4135,4115,4120,28,4165.65,3661
2026-05-05 11:10:00,4120,4135,4115,4120,26,4164.55,3661
2026-05-05 11:15:00,4120,4120,4110,4110,24,4163.57,3661
2026-05-05 11:20:00,4120,4120,4110,4110,16,4162.86,3661
2026-05-05 11:25:00,4110,4115,4110,4110,9,4162.45,3661
2026-05-05 11:30:00,4105,4115,4105,4110,21,4161.44,3661
2026-05-05 11:35:00,4105,4110,4095,4095,37,4159.62,3661
2026-05-05 11:40:00,4095,4095,4095,4095,8,4159.19,3661
2026-05-05 11:45:00,4095,4100,4095,4100,8,4158.79,3661
2026-05-05 11:50:00,4100,4100,4100,4100,2,4158.69,3661
2026-05-05 12:00:00,4100,4120,4100,4120,77,4155.5,3661
2026-05-05 12:05:00,4120,4130,4120,4120,36,4154.62,3661
2026-05-05 12:10:00,4130,4130,4130,4130,2,4154.58,3661
2026-05-05 12:15:00,4130,4150,4130,4150,31,4154.3,3661
2026-05-05 12:20:00,4150,4165,4150,4160,63,4154.35,3661
2026-05-05 12:25:00,4160,4160,4145,4145,8,4154.33,3661
2026-05-05 12:30:00,4145,4145,4145,4145,6,4154.29,3661
2026-05-05 12:35:00,4145,4145,4140,4140,8,4154.21,3661
2026-05-05 12:40:00,4140,4140,4130,4130,10,4154.08,3661
2026-05-05 12:45:00,4130,4140,4130,4140,5,4154.02,3661
2026-05-05 12:50:00,4140,4140,4125,4125,9,4153.89,3661
2026-05-05 12:55:00,4125,4125,4125,4125,1,4153.87,3661
2026-05-05 13:00:00,4130,4130,4125,4130,10,4153.69,3661
2026-05-05 13:05:00,4130,4135,4125,4135,10,4153.53,3661
2026-05-05 13:10:00,4135,4140,4135,4140,10,4153.43,3661
2026-05-05 13:15:00,4140,4150,4140,4140,36,4153.25,3661
2026-05-05 13:20:00,4145,4145,4140,4145,40,4153.01,3661
2026-05-05 13:30:00,4150,4150,4150,4150,97,4152.83,3661
2026-05-06 09:00:00,4270,4270,4200,4250,216,4241.74,3661
2026-05-06 09:05:00,4250,4260,4190,4245,139,4238.3,3661
2026-05-06 09:10:00,4235,4240,4205,4240,36,4237.03,3661
2026-05-06 09:15:00,4245,4265,4240,4250,64,4239.01,3661
2026-05-06 09:20:00,4250,4270,4240,4260,66,4241.63,3661
2026-05-06 09:25:00,4260,4260,4235,4250,29,4242.02,3661
2026-05-06 09:30:00,4245,4260,4245,4260,20,4242.46,3661
2026-05-06 09:35:00,4260,4315,4260,4300,174,4253.86,3661
2026-05-06 09:40:00,4305,4310,4250,4250,40,4255.24,3661
2026-05-06 09:45:00,4250,4255,4225,4240,65,4254.03,3661
2026-05-06 09:50:00,4240,4245,4195,4195,96,4249.44,3661
2026-05-06 09:55:00,4200,4235,4195,4230,49,4247.65,3661
2026-05-06 10:00:00,4230,4230,4215,4225,27,4246.96,3661
2026-05-06 10:05:00,4215,4230,4150,4230,114,4240.89,3661
2026-05-06 10:10:00,4225,4230,4215,4225,23,4240.56,3661
2026-05-06 10:15:00,4230,4260,4230,4250,52,4240.91,3661
2026-05-06 10:20:00,4245,4250,4235,4235,23,4240.95,3661
2026-05-06 10:25:00,4230,4255,4220,4255,47,4240.85,3661
2026-05-06 10:30:00,4245,4275,4245,4270,27,4241.29,3661
2026-05-06 10:35:00,4260,4280,4255,4265,32,4241.96,3661
2026-05-06 10:40:00,4260,4260,4250,4255,15,4242.11,3661
2026-05-06 10:45:00,4255,4290,4255,4290,37,4243.0,3661
2026-05-06 10:50:00,4290,4300,4275,4290,59,4245.09,3661
2026-05-06 10:55:00,4290,4290,4280,4280,12,4245.44,3661
2026-05-06 11:00:00,4280,4315,4280,4310,96,4249.03,3661
2026-05-06 11:05:00,4310,4360,4310,4360,201,4259.09,3661
2026-05-06 11:10:00,4365,4450,4360,4440,203,4274.15,3661
2026-05-06 11:15:00,4435,4495,4430,4485,152,4287.58,3661
2026-05-06 11:20:00,4495,4535,4495,4535,153,4302.97,3661
2026-05-06 11:25:00,4540,4565,4535,4565,445,4345.01,3661
2026-05-06 11:30:00,4565,4565,4565,4565,72,4350.7,3661
2026-05-06 11:35:00,4565,4565,4565,4565,14,4351.77,3661
2026-05-06 11:40:00,4565,4565,4565,4565,24,4353.58,3661
2026-05-06 11:45:00,4565,4565,4565,4565,7,4354.11,3661
2026-05-06 11:50:00,4565,4565,4565,4565,4,4354.41,3661
2026-05-06 11:55:00,4565,4565,4565,4565,5,4354.78,3661
2026-05-06 12:00:00,4565,4565,4565,4565,12,4355.66,3661
2026-05-06 12:05:00,4565,4565,4565,4565,13,4356.61,3661
2026-05-06 12:10:00,4565,4565,4565,4565,4,4356.9,3661
2026-05-06 12:15:00,4565,4565,4565,4565,7,4357.41,3661
2026-05-06 12:20:00,4565,4565,4565,4565,14,4358.42,3661
2026-05-06 12:25:00,4565,4565,4565,4565,4,4358.7,3661
2026-05-06 12:30:00,4565,4565,4565,4565,4,4358.99,3661
2026-05-06 12:35:00,4565,4565,4565,4565,1,4359.06,3661
2026-05-06 12:40:00,4565,4565,4565,4565,4,4359.34,3661
2026-05-06 12:45:00,4565,4565,4565,4565,2,4359.48,3661
2026-05-06 12:50:00,4565,4565,4565,4565,3,4359.7,3661
2026-05-06 12:55:00,4565,4565,4565,4565,6,4360.12,3661
2026-05-06 13:05:00,4565,4565,4565,4565,4,4360.4,3661
2026-05-06 13:10:00,4565,4565,4565,4565,2,4360.54,3661
2026-05-06 13:20:00,4565,4565,4565,4565,6,4360.96,3661
2026-05-06 13:30:00,4565,4565,4565,4565,5,4361.31,3661
2026-05-07 09:00:00,4770,4870,4750,4860,603,4794.25,3661
2026-05-07 09:05:00,4860,4860,4700,4770,235,4785.24,3661
2026-05-07 09:10:00,4780,4785,4670,4670,135,4774.45,3661
2026-05-07 09:15:00,4665,4790,4635,4785,300,4751.56,3661
2026-05-07 09:20:00,4790,4820,4765,4780,116,4754.95,3661
2026-05-07 09:25:00,4780,4830,4780,4780,107,4758.51,3661
2026-05-07 09:30:00,4775,4795,4770,4795,42,4759.15,3661
2026-05-07 09:35:00,4790,4800,4765,4790,36,4759.7,3661
2026-05-07 09:40:00,4775,4785,4770,4775,9,4759.78,3661
2026-05-07 09:45:00,4775,4835,4775,4835,80,4762.14,3661
2026-05-07 09:50:00,4830,4860,4830,4835,132,4768.41,3661
2026-05-07 09:55:00,4835,4860,4815,4830,68,4771.04,3661
2026-05-07 10:00:00,4830,4845,4820,4820,27,4771.95,3661
2026-05-07 10:05:00,4820,4830,4815,4825,23,4772.57,3661
2026-05-07 10:10:00,4830,4840,4775,4775,36,4773.31,3661
2026-05-07 10:15:00,4790,4825,4785,4820,15,4773.51,3661
2026-05-07 10:20:00,4815,4815,4795,4800,17,4773.75,3661
2026-05-07 10:25:00,4805,4825,4800,4825,17,4774.12,3661
2026-05-07 10:30:00,4825,4825,4815,4820,14,4774.43,3661
2026-05-07 10:35:00,4820,4845,4805,4845,33,4775.26,3661
2026-05-07 10:40:00,4845,4860,4840,4860,41,4776.73,3661
2026-05-07 10:45:00,4860,4865,4840,4840,18,4777.38,3661
2026-05-07 10:50:00,4840,4845,4840,4845,5,4777.54,3661
2026-05-07 10:55:00,4835,4845,4835,4845,12,4777.89,3661
2026-05-07 11:00:00,4845,4855,4845,4855,28,4778.83,3661
2026-05-07 11:05:00,4855,4855,4810,4810,24,4779.37,3661
2026-05-07 11:10:00,4810,4820,4800,4800,11,4779.52,3661
2026-05-07 11:15:00,4800,4805,4785,4785,27,4779.7,3661
2026-05-07 11:20:00,4785,4800,4785,4795,9,4779.75,3661
2026-05-07 11:25:00,4800,4825,4800,4820,10,4779.91,3661
2026-05-07 11:30:00,4820,4820,4820,4820,6,4780.01,3661
2026-05-07 11:35:00,4825,4825,4825,4825,5,4780.11,3661
2026-05-07 11:40:00,4825,4825,4825,4825,6,4780.23,3661
2026-05-07 11:45:00,4825,4825,4825,4825,4,4780.31,3661
2026-05-07 11:50:00,4825,4830,4820,4820,21,4780.73,3661
2026-05-07 11:55:00,4820,4820,4820,4820,7,4780.85,3661
2026-05-07 12:00:00,4820,4835,4820,4830,20,4781.26,3661
2026-05-07 12:05:00,4830,4835,4820,4820,21,4781.68,3661
2026-05-07 12:10:00,4820,4820,4820,4820,4,4781.74,3661
2026-05-07 12:15:00,4820,4820,4800,4800,21,4781.98,3661
2026-05-07 12:20:00,4795,4805,4795,4805,13,4782.08,3661
2026-05-07 12:25:00,4805,4815,4800,4800,7,4782.15,3661
2026-05-07 12:30:00,4800,4810,4800,4810,7,4782.21,3661
2026-05-07 12:35:00,4810,4815,4810,4810,11,4782.36,3661
2026-05-07 12:40:00,4820,4825,4810,4825,19,4782.66,3661
2026-05-07 12:45:00,4825,4835,4825,4835,24,4783.14,3661
2026-05-07 12:50:00,4840,4840,4815,4820,37,4783.87,3661
2026-05-07 12:55:00,4810,4820,4810,4815,10,4783.99,3661
2026-05-07 13:00:00,4810,4830,4810,4820,35,4784.48,3661
2026-05-07 13:05:00,4820,4830,4815,4830,38,4785.07,3661
2026-05-07 13:10:00,4825,4830,4820,4825,31,4785.55,3661
2026-05-07 13:15:00,4820,4830,4815,4815,67,4786.53,3661
2026-05-07 13:20:00,4815,4825,4805,4815,77,4787.32,3661
2026-05-07 13:30:00,4795,4795,4795,4795,128,4787.66,3661
2026-05-08 09:00:00,4805,4830,4740,4810,226,4787.17,3661
2026-05-08 09:05:00,4815,4870,4810,4870,160,4812.31,3661
2026-05-08 09:10:00,4870,4940,4840,4940,137,4831.4,3661
2026-05-08 09:15:00,4945,4970,4935,4935,153,4858.38,3661
2026-05-08 09:20:00,4935,4965,4920,4945,46,4863.67,3661
2026-05-08 09:25:00,4935,4975,4910,4960,85,4872.92,3661
2026-05-08 09:30:00,4970,5000,4945,4995,110,4885.4,3661
2026-05-08 09:35:00,4995,4995,4930,4945,66,4889.74,3661
2026-05-08 09:40:00,4950,4955,4905,4905,51,4891.45,3661
2026-05-08 09:45:00,4910,4910,4870,4875,43,4891.3,3661
2026-05-08 09:50:00,4875,4940,4870,4925,44,4892.44,3661
2026-05-08 09:55:00,4930,4935,4920,4925,21,4893.11,3661
2026-05-08 10:00:00,4920,4920,4855,4855,79,4892.76,3661
2026-05-08 10:05:00,4850,4860,4800,4845,101,4887.77,3661
2026-05-08 10:10:00,4845,4850,4810,4835,36,4886.17,3661
2026-05-08 10:15:00,4835,4840,4705,4705,187,4872.55,3661
2026-05-08 10:20:00,4705,4765,4680,4760,129,4860.15,3661
2026-05-08 10:25:00,4755,4775,4705,4740,81,4854.72,3661
2026-05-08 10:30:00,4720,4800,4720,4795,51,4852.51,3661
2026-05-08 10:35:00,4800,4840,4790,4810,56,4851.37,3661
2026-05-08 10:40:00,4805,4845,4800,4830,27,4851.0,3661
2026-05-08 10:45:00,4830,4890,4830,4890,41,4851.25,3661
2026-05-08 10:50:00,4890,4890,4870,4880,38,4851.74,3661
2026-05-08 10:55:00,4890,4925,4880,4900,72,4853.56,3661
2026-05-08 11:00:00,4900,4905,4870,4870,28,4854.04,3661
2026-05-08 11:05:00,4885,4920,4885,4905,34,4854.79,3661
2026-05-08 11:10:00,4910,4915,4900,4910,19,4855.25,3661
2026-05-08 11:15:00,4910,4935,4875,4875,60,4857.1,3661
2026-05-08 11:20:00,4875,4895,4875,4895,7,4857.2,3661
2026-05-08 11:25:00,4885,4885,4880,4880,4,4857.25,3661
2026-05-08 11:30:00,4875,4895,4875,4885,14,4857.43,3661
2026-05-08 11:35:00,4880,4880,4840,4855,26,4857.47,3661
2026-05-08 11:40:00,4850,4855,4850,4855,11,4857.44,3661
2026-05-08 11:45:00,4850,4850,4815,4815,17,4857.27,3661
2026-05-08 11:50:00,4820,4825,4795,4820,38,4856.53,3661
2026-05-08 11:55:00,4820,4870,4820,4865,29,4856.44,3661
2026-05-08 12:00:00,4875,4880,4870,4880,17,4856.59,3661
2026-05-08 12:05:00,4890,4895,4885,4890,24,4856.94,3661
2026-05-08 12:10:00,4890,4910,4890,4910,37,4857.64,3661
2026-05-08 12:15:00,4910,4950,4895,4950,90,4860.26,3661
2026-05-08 12:20:00,4950,4960,4945,4950,51,4862.18,3661
2026-05-08 12:25:00,4945,4945,4930,4945,31,4863.1,3661
2026-05-08 12:30:00,4940,4945,4930,4935,22,4863.74,3661
2026-05-08 12:35:00,4935,4945,4935,4940,11,4864.06,3661
2026-05-08 12:40:00,4940,4940,4915,4915,29,4864.81,3661
2026-05-08 12:45:00,4910,4920,4910,4910,9,4864.98,3661
2026-05-08 12:50:00,4910,4925,4895,4925,30,4865.45,3661
2026-05-08 12:55:00,4915,4945,4905,4940,50,4866.53,3661
2026-05-08 13:00:00,4940,4960,4925,4930,55,4868.18,3661
2026-05-08 13:05:00,4930,4935,4920,4935,19,4868.59,3661
2026-05-08 13:10:00,4930,4930,4915,4925,25,4869.08,3661
2026-05-08 13:15:00,4930,4930,4910,4915,23,4869.5,3661
2026-05-08 13:20:00,4915,4915,4885,4885,43,4869.97,3661
2026-05-08 13:30:00,4890,4890,4890,4890,127,4870.82,3661
2026-05-11 09:00:00,5200,5375,5180,5375,735,5306.42,3661
2026-05-11 09:05:00,5375,5375,5375,5375,60,5311.6,3661
2026-05-11 09:10:00,5375,5375,5375,5375,20,5313.15,3661
2026-05-11 09:15:00,5375,5375,5375,5375,14,5314.2,3661
2026-05-11 09:20:00,5375,5375,5375,5375,6,5314.63,3661
2026-05-11 09:25:00,5375,5375,5375,5375,80,5319.91,3661
2026-05-11 09:30:00,5375,5375,5375,5375,23,5321.26,3661
2026-05-11 09:35:00,5375,5375,5375,5375,9,5321.77,3661
2026-05-11 09:40:00,5375,5375,5375,5375,11,5322.39,3661
2026-05-11 09:45:00,5375,5375,5375,5375,4,5322.6,3661
2026-05-11 09:55:00,5375,5375,5375,5375,56,5325.49,3661
2026-05-11 10:00:00,5375,5375,5375,5375,3,5325.63,3661
2026-05-11 10:05:00,5375,5375,5375,5375,2,5325.73,3661
2026-05-11 10:15:00,5375,5375,5375,5375,25,5326.9,3661
2026-05-11 10:20:00,5375,5375,5375,5375,2,5327.0,3661
2026-05-11 10:30:00,5375,5375,5375,5375,2,5327.09,3661
2026-05-11 10:45:00,5375,5375,5375,5375,12,5327.63,3661
2026-05-11 10:50:00,5375,5375,5375,5375,33,5329.05,3661
2026-05-11 10:55:00,5375,5375,5375,5375,2,5329.14,3661
2026-05-11 11:05:00,5375,5375,5375,5375,3,5329.26,3661
2026-05-11 11:25:00,5375,5375,5375,5375,2,5329.34,3661
2026-05-11 11:30:00,5375,5375,5375,5375,1,5329.38,3661
2026-05-11 11:35:00,5375,5375,5375,5375,10,5329.79,3661
2026-05-11 11:40:00,5375,5375,5375,5375,3,5329.92,3661
2026-05-11 11:55:00,5375,5375,5375,5375,1,5329.96,3661
2026-05-11 12:00:00,5375,5375,5375,5375,7,5330.24,3661
2026-05-11 12:05:00,5375,5375,5375,5375,3,5330.35,3661
2026-05-11 12:10:00,5375,5375,5375,5375,1,5330.39,3661
2026-05-11 12:30:00,5375,5375,5375,5375,2,5330.47,3661
2026-05-11 12:50:00,5375,5375,5375,5375,1,5330.51,3661
2026-05-11 12:55:00,5375,5375,5375,5375,1,5330.55,3661
2026-05-11 13:05:00,5375,5375,5375,5375,1,5330.59,3661
2026-05-11 13:10:00,5375,5375,5375,5375,2,5330.67,3661
2026-05-11 13:15:00,5375,5375,5375,5375,4,5330.82,3661
2026-05-11 13:20:00,5375,5375,5375,5375,2,5330.9,3661
2026-05-11 13:30:00,5375,5375,5375,5375,12,5331.36,3661
2026-05-12 09:00:00,5555,5640,5480,5480,719,5558.73,3661
2026-05-12 09:05:00,5495,5560,5455,5540,180,5548.42,3661
2026-05-12 09:10:00,5540,5540,5370,5390,197,5525.53,3661
2026-05-12 09:15:00,5400,5405,5340,5400,106,5511.26,3661
2026-05-12 09:20:00,5400,5440,5390,5405,78,5505.51,3661
2026-05-12 09:25:00,5400,5400,5330,5355,81,5496.53,3661
2026-05-12 09:30:00,5350,5380,5325,5370,92,5487.65,3661
2026-05-12 09:35:00,5365,5380,5345,5370,77,5481.4,3661
2026-05-12 09:40:00,5365,5370,5330,5350,80,5474.78,3661
2026-05-12 09:45:00,5350,5360,5325,5350,24,5472.83,3661
2026-05-12 09:50:00,5335,5375,5335,5360,66,5468.35,3661
2026-05-12 09:55:00,5365,5425,5360,5410,79,5465.16,3661
2026-05-12 10:00:00,5400,5405,5385,5385,21,5464.33,3661
2026-05-12 10:05:00,5390,5435,5390,5410,78,5462.24,3661
2026-05-12 10:10:00,5430,5460,5425,5425,43,5461.8,3661
2026-05-12 10:15:00,5440,5440,5395,5395,21,5461.27,3661
2026-05-12 10:20:00,5395,5395,5375,5385,34,5459.98,3661
2026-05-12 10:25:00,5385,5395,5370,5395,10,5459.59,3661
2026-05-12 10:30:00,5395,5395,5330,5330,53,5456.87,3661
2026-05-12 10:35:00,5330,5335,5305,5325,51,5453.54,3661
2026-05-12 10:40:00,5335,5350,5335,5350,8,5453.12,3661
2026-05-12 10:45:00,5350,5350,5320,5320,13,5452.42,3661
2026-05-12 10:50:00,5325,5345,5320,5345,15,5451.54,3661
2026-05-12 10:55:00,5350,5355,5350,5355,6,5451.27,3661
2026-05-12 11:00:00,5355,5360,5350,5350,10,5450.82,3661
2026-05-12 11:05:00,5350,5390,5350,5390,7,5450.56,3661
2026-05-12 11:10:00,5390,5400,5360,5360,27,5449.79,3661
2026-05-12 11:15:00,5355,5365,5350,5365,4,5449.62,3661
2026-05-12 11:20:00,5365,5370,5360,5360,14,5449.08,3661
2026-05-12 11:25:00,5360,5360,5360,5360,3,5448.96,3661
2026-05-12 11:30:00,5360,5360,5350,5360,11,5448.51,3661
2026-05-12 11:35:00,5360,5365,5360,5365,5,5448.32,3661
2026-05-12 11:40:00,5365,5390,5365,5375,36,5447.18,3661
2026-05-12 11:45:00,5385,5390,5385,5390,13,5446.84,3661
2026-05-12 11:50:00,5385,5385,5380,5380,6,5446.67,3661
2026-05-12 11:55:00,5375,5380,5365,5370,20,5446.03,3661
2026-05-12 12:00:00,5370,5380,5370,5380,7,5445.81,3661
2026-05-12 12:05:00,5385,5395,5385,5390,18,5445.38,3661
2026-05-12 12:10:00,5375,5375,5355,5355,11,5445.01,3661
2026-05-12 12:15:00,5365,5375,5365,5375,19,5444.41,3661
2026-05-12 12:20:00,5380,5380,5365,5375,13,5444.03,3661
2026-05-12 12:25:00,5375,5400,5375,5385,59,5442.76,3661
2026-05-12 12:30:00,5390,5390,5380,5380,11,5442.5,3661
2026-05-12 12:35:00,5380,5380,5370,5370,9,5442.25,3661
2026-05-12 12:40:00,5370,5375,5360,5360,19,5441.69,3661
2026-05-12 12:45:00,5355,5355,5350,5350,9,5441.36,3661
2026-05-12 12:50:00,5345,5345,5345,5345,10,5440.97,3661
2026-05-12 12:55:00,5345,5350,5340,5340,16,5440.33,3661
2026-05-12 13:00:00,5335,5335,5305,5305,42,5438.31,3661
2026-05-12 13:05:00,5310,5340,5310,5340,26,5437.15,3661
2026-05-12 13:10:00,5335,5340,5330,5330,24,5436.21,3661
2026-05-12 13:15:00,5330,5345,5330,5345,40,5434.65,3661
2026-05-12 13:20:00,5345,5345,5300,5300,59,5432.06,3661
2026-05-12 13:30:00,5310,5310,5310,5310,145,5425.79,3661
2026-05-13 09:00:00,5115,5135,5015,5085,365,5085.9,3661
2026-05-13 09:05:00,5095,5095,5020,5055,120,5077.03,3661
2026-05-13 09:10:00,5055,5065,5030,5045,64,5073.33,3661
2026-05-13 09:15:00,5035,5035,4900,4955,250,5038.7,3661
2026-05-13 09:20:00,4955,4955,4885,4885,189,5015.4,3661
2026-05-13 09:25:00,4880,4910,4820,4910,214,4988.36,3661
2026-05-13 09:30:00,4915,4925,4845,4850,87,4981.61,3661
2026-05-13 09:35:00,4840,4845,4790,4800,232,4955.21,3661
2026-05-13 09:40:00,4800,4805,4780,4780,305,4926.69,3661
2026-05-13 09:45:00,4780,4780,4780,4780,153,4915.35,3661
2026-05-13 09:50:00,4780,4810,4780,4805,191,4903.94,3661
2026-05-13 09:55:00,4805,4810,4785,4790,43,4901.85,3661
2026-05-13 10:00:00,4790,4795,4785,4790,16,4901.05,3661
2026-05-13 10:05:00,4790,4790,4780,4780,148,4893.59,3661
2026-05-13 10:10:00,4780,4780,4780,4780,6,4893.31,3661
2026-05-13 10:15:00,4780,4780,4780,4780,4,4893.12,3661
2026-05-13 10:20:00,4780,4780,4780,4780,1,4893.07,3661
2026-05-13 10:25:00,4780,4780,4780,4780,5,4892.83,3661
2026-05-13 10:30:00,4780,4780,4780,4780,7,4892.5,3661
2026-05-13 10:35:00,4780,4780,4780,4780,2,4892.41,3661
2026-05-13 10:40:00,4780,4780,4780,4780,3,4892.27,3661
2026-05-13 10:45:00,4780,4780,4780,4780,5,4892.04,3661
2026-05-13 10:50:00,4780,4780,4780,4780,3,4891.9,3661
2026-05-13 11:00:00,4780,4780,4780,4780,3,4891.76,3661
2026-05-13 11:05:00,4780,4780,4780,4780,3,4891.62,3661
2026-05-13 11:10:00,4780,4780,4780,4780,137,4885.64,3661
2026-05-13 11:15:00,4780,4780,4780,4780,36,4884.17,3661
2026-05-13 11:20:00,4780,4780,4780,4780,26,4883.14,3661
2026-05-13 11:25:00,4780,4780,4780,4780,12,4882.67,3661
2026-05-13 11:30:00,4780,4780,4780,4780,6,4882.43,3661
2026-05-13 11:35:00,4780,4780,4780,4780,8,4882.12,3661
2026-05-13 11:40:00,4780,4780,4780,4780,11,4881.7,3661
2026-05-13 11:45:00,4780,4800,4780,4800,130,4877.16,3661
2026-05-13 11:50:00,4795,4810,4790,4805,30,4876.32,3661
2026-05-13 11:55:00,4795,4800,4790,4795,26,4875.57,3661
2026-05-13 12:00:00,4800,4805,4800,4805,7,4875.4,3661
2026-05-13 12:05:00,4800,4800,4790,4795,17,4874.93,3661
2026-05-13 12:10:00,4790,4790,4780,4780,47,4873.45,3661
2026-05-13 12:15:00,4780,4780,4780,4780,7,4873.23,3661
2026-05-13 12:20:00,4780,4780,4780,4780,7,4873.0,3661
2026-05-13 12:30:00,4780,4780,4780,4780,2,4872.94,3661
2026-05-13 12:50:00,4780,4780,4780,4780,4,4872.81,3661
2026-05-13 12:55:00,4780,4785,4780,4780,142,4868.54,3661
2026-05-13 13:00:00,4780,4780,4780,4780,23,4867.88,3661
2026-05-13 13:05:00,4780,4780,4780,4780,11,4867.57,3661
2026-05-13 13:10:00,4780,4780,4780,4780,4,4867.46,3661
2026-05-13 13:15:00,4780,4785,4780,4780,47,4866.16,3661
2026-05-13 13:20:00,4785,4790,4780,4780,31,4865.33,3661
2026-05-13 13:30:00,4780,4780,4780,4780,36,4864.38,3661
2026-05-14 09:00:00,4870,4940,4810,4870,471,4882.2,3661
2026-05-14 09:05:00,4870,4875,4760,4780,151,4867.96,3661
2026-05-14 09:10:00,4770,4775,4735,4735,119,4850.13,3661
2026-05-14 09:15:00,4735,4800,4720,4760,135,4835.65,3661
2026-05-14 09:20:00,4760,4850,4750,4840,141,4830.21,3661
2026-05-14 09:25:00,4835,4845,4810,4830,80,4830.32,3661
2026-05-14 09:30:00,4830,4870,4825,4860,84,4831.47,3661
2026-05-14 09:35:00,4855,4905,4850,4895,157,4837.69,3661
2026-05-14 09:40:00,4900,4900,4860,4865,59,4839.83,3661
2026-05-14 09:45:00,4865,4865,4810,4825,58,4839.52,3661
2026-05-14 09:50:00,4840,4920,4840,4920,80,4842.08,3661
2026-05-14 09:55:00,4925,4930,4895,4910,87,4846.37,3661
2026-05-14 10:00:00,4910,4920,4910,4920,30,4847.67,3661
2026-05-14 10:05:00,4925,4960,4925,4950,134,4855.07,3661
2026-05-14 10:10:00,4950,4950,4920,4925,35,4856.58,3661
2026-05-14 10:15:00,4930,4960,4930,4960,24,4857.82,3661
2026-05-14 10:20:00,4955,5000,4950,4995,127,4865.43,3661
2026-05-14 10:25:00,5000,5005,4940,4970,76,4869.8,3661
2026-05-14 10:30:00,4970,4995,4970,4995,30,4871.44,3661
2026-05-14 10:35:00,4990,4990,4955,4955,27,4872.75,3661
2026-05-14 10:40:00,4960,4965,4945,4950,18,4873.45,3661
2026-05-14 10:45:00,4940,4940,4895,4895,40,4874.28,3661
2026-05-14 10:50:00,4895,4945,4890,4910,40,4874.94,3661
2026-05-14 10:55:00,4905,4920,4900,4905,22,4875.28,3661
2026-05-14 11:00:00,4900,4900,4890,4890,25,4875.48,3661
2026-05-14 11:05:00,4890,4900,4890,4895,11,4875.57,3661
2026-05-14 11:10:00,4900,4915,4900,4915,8,4875.67,3661
2026-05-14 11:15:00,4915,4915,4900,4910,23,4876.0,3661
2026-05-14 11:20:00,4910,4915,4880,4880,30,4876.32,3661
2026-05-14 11:25:00,4895,4905,4895,4905,7,4876.4,3661
2026-05-14 11:30:00,4910,4915,4905,4910,16,4876.63,3661
2026-05-14 11:35:00,4905,4905,4890,4895,9,4876.7,3661
2026-05-14 11:40:00,4890,4890,4885,4890,12,4876.76,3661
2026-05-14 11:45:00,4890,4895,4890,4895,10,4876.82,3661
2026-05-14 11:50:00,4900,4905,4895,4900,10,4876.92,3661
2026-05-14 11:55:00,4900,4900,4895,4895,6,4876.97,3661
2026-05-14 12:00:00,4895,4895,4870,4880,35,4877.1,3661
2026-05-14 12:05:00,4875,4880,4875,4880,4,4877.1,3661
2026-05-14 12:10:00,4880,4890,4880,4890,18,4877.16,3661
2026-05-14 12:15:00,4895,4910,4890,4900,21,4877.36,3661
2026-05-14 12:20:00,4905,4925,4905,4915,26,4877.79,3661
2026-05-14 12:25:00,4915,4915,4905,4910,17,4878.02,3661
2026-05-14 12:30:00,4910,4915,4910,4915,10,4878.16,3661
2026-05-14 12:35:00,4920,4920,4895,4905,37,4878.56,3661
2026-05-14 12:40:00,4900,4900,4895,4895,12,4878.65,3661
2026-05-14 12:45:00,4895,4895,4880,4880,37,4878.75,3661
2026-05-14 12:50:00,4875,4880,4870,4880,22,4878.73,3661
2026-05-14 12:55:00,4875,4880,4870,4870,15,4878.71,3661
2026-05-14 13:00:00,4875,4875,4840,4840,64,4878.3,3661
2026-05-14 13:05:00,4840,4845,4835,4840,27,4877.92,3661
2026-05-14 13:10:00,4840,4840,4815,4820,46,4877.11,3661
2026-05-14 13:15:00,4830,4840,4815,4835,50,4876.3,3661
2026-05-14 13:20:00,4835,4840,4820,4830,47,4875.55,3661
2026-05-14 13:30:00,4830,4830,4830,4830,93,4874.13,3661
2026-05-15 09:00:00,4990,5010,4885,4905,220,4963.43,3661
2026-05-15 09:05:00,4905,4920,4870,4920,68,4947.83,3661
2026-05-15 09:10:00,4920,4920,4885,4890,32,4943.83,3661
2026-05-15 09:15:00,4890,4890,4855,4855,50,4933.64,3661
2026-05-15 09:20:00,4855,4855,4780,4815,121,4905.63,3661
2026-05-15 09:25:00,4815,4815,4775,4790,63,4892.8,3661
2026-05-15 09:30:00,4790,4790,4735,4775,75,4876.48,3661
2026-05-15 09:35:00,4775,4840,4775,4830,45,4872.78,3661
2026-05-15 09:40:00,4830,4855,4830,4850,48,4870.79,3661
2026-05-15 09:45:00,4850,4865,4785,4790,50,4868.25,3661
2026-05-15 09:50:00,4785,4800,4755,4755,87,4859.07,3661
2026-05-15 09:55:00,4750,4750,4670,4705,137,4839.17,3661
2026-05-15 10:00:00,4700,4730,4695,4725,55,4832.49,3661
2026-05-15 10:05:00,4720,4720,4695,4695,50,4826.86,3661
2026-05-15 10:10:00,4700,4760,4685,4755,53,4822.18,3661
2026-05-15 10:15:00,4755,4755,4740,4740,13,4821.36,3661
2026-05-15 10:20:00,4735,4790,4735,4790,37,4819.65,3661
2026-05-15 10:25:00,4790,4790,4740,4740,32,4818.3,3661
2026-05-15 10:30:00,4735,4735,4725,4725,8,4817.74,3661
2026-05-15 10:35:00,4725,4725,4700,4700,21,4815.93,3661
2026-05-15 10:40:00,4695,4735,4690,4730,19,4814.23,3661
2026-05-15 10:45:00,4730,4730,4700,4705,10,4813.47,3661
2026-05-15 10:50:00,4705,4730,4705,4730,6,4813.04,3661
2026-05-15 10:55:00,4735,4735,4710,4710,22,4811.6,3661
2026-05-15 11:00:00,4715,4720,4710,4720,4,4811.3,3661
2026-05-15 11:05:00,4715,4735,4715,4720,17,4810.2,3661
2026-05-15 11:10:00,4715,4715,4715,4715,5,4809.84,3661
2026-05-15 11:15:00,4710,4710,4690,4695,26,4807.71,3661
2026-05-15 11:20:00,4700,4700,4670,4670,46,4803.57,3661
2026-05-15 11:25:00,4670,4690,4670,4675,21,4801.76,3661
2026-05-15 11:30:00,4675,4680,4665,4670,24,4799.6,3661
2026-05-15 11:35:00,4670,4710,4655,4700,60,4794.82,3661
2026-05-15 11:40:00,4700,4715,4695,4695,17,4793.81,3661
2026-05-15 11:45:00,4695,4720,4695,4720,30,4792.17,3661
2026-05-15 11:50:00,4725,4725,4720,4725,10,4791.73,3661
2026-05-15 11:55:00,4720,4720,4720,4720,18,4790.92,3661
2026-05-15 12:00:00,4715,4720,4700,4715,24,4789.72,3661
2026-05-15 12:05:00,4715,4715,4705,4705,10,4789.24,3661
2026-05-15 12:10:00,4705,4705,4695,4700,21,4788.12,3661
2026-05-15 12:15:00,4705,4710,4700,4700,14,4787.42,3661
2026-05-15 12:20:00,4705,4705,4695,4695,14,4786.69,3661
2026-05-15 12:25:00,4695,4695,4680,4680,14,4785.87,3661
2026-05-15 12:30:00,4685,4685,4670,4675,31,4783.94,3661
2026-05-15 12:35:00,4675,4675,4655,4655,40,4781.18,3661
2026-05-15 12:40:00,4655,4670,4650,4650,42,4778.21,3661
2026-05-15 12:45:00,4650,4650,4620,4620,75,4772.62,3661
2026-05-15 12:50:00,4615,4630,4610,4620,36,4769.78,3661
2026-05-15 12:55:00,4620,4635,4610,4620,35,4767.23,3661
2026-05-15 13:00:00,4620,4620,4595,4605,92,4759.95,3661
2026-05-15 13:05:00,4610,4625,4600,4625,73,4754.91,3661
2026-05-15 13:10:00,4625,4650,4620,4630,79,4750.75,3661
2026-05-15 13:15:00,4630,4665,4620,4640,86,4746.84,3661
2026-05-15 13:20:00,4635,4635,4620,4635,47,4744.5,3661
2026-05-15 13:30:00,4605,4605,4605,4605,155,4735.81,3661
2026-05-18 09:00:00,4450,4465,4340,4380,356,4394.0,3661
2026-05-18 09:05:00,4400,4430,4355,4385,142,4393.53,3661
2026-05-18 09:10:00,4385,4415,4355,4375,58,4391.79,3661
2026-05-18 09:15:00,4370,4400,4370,4395,48,4391.42,3661
2026-05-18 09:20:00,4395,4400,4370,4395,51,4390.83,3661
2026-05-18 09:25:00,4395,4425,4395,4410,66,4392.87,3661
2026-05-18 09:30:00,4410,4415,4400,4410,23,4393.29,3661
2026-05-18 09:35:00,4410,4445,4405,4410,49,4395.19,3661
2026-05-18 09:40:00,4410,4450,4410,4445,24,4396.24,3661
2026-05-18 09:45:00,4445,4475,4445,4470,41,4399.2,3661
2026-05-18 09:50:00,4470,4485,4445,4445,57,4403.72,3661
2026-05-18 09:55:00,4445,4460,4445,4460,19,4404.68,3661
2026-05-18 10:00:00,4455,4460,4450,4455,13,4405.36,3661
2026-05-18 10:05:00,4455,4465,4455,4465,14,4406.11,3661
2026-05-18 10:10:00,4465,4475,4460,4475,13,4406.93,3661
2026-05-18 10:15:00,4470,4475,4470,4470,19,4408.22,3661
2026-05-18 10:20:00,4480,4485,4470,4485,28,4410.16,3661
2026-05-18 10:25:00,4485,4550,4485,4500,72,4417.01,3661
2026-05-18 10:30:00,4500,4505,4485,4500,18,4418.29,3661
2026-05-18 10:35:00,4500,4535,4500,4525,21,4420.16,3661
2026-05-18 10:40:00,4530,4550,4520,4520,23,4422.38,3661
2026-05-18 10:45:00,4515,4515,4500,4500,14,4423.42,3661
2026-05-18 10:50:00,4505,4515,4500,4500,14,4424.41,3661
2026-05-18 10:55:00,4500,4500,4470,4475,25,4425.63,3661
2026-05-18 11:00:00,4480,4500,4480,4495,14,4426.37,3661
2026-05-18 11:05:00,4500,4515,4500,4515,12,4427.17,3661
2026-05-18 11:10:00,4525,4525,4520,4520,4,4427.48,3661
2026-05-18 11:15:00,4520,4530,4515,4530,8,4428.06,3661
2026-05-18 11:20:00,4525,4525,4520,4520,4,4428.36,3661
2026-05-18 11:25:00,4520,4520,4510,4520,8,4428.91,3661
2026-05-18 11:30:00,4520,4530,4520,4530,13,4429.87,3661
2026-05-18 11:35:00,4530,4560,4530,4560,27,4432.26,3661
2026-05-18 11:40:00,4560,4560,4555,4560,13,4433.52,3661
2026-05-18 11:45:00,4560,4565,4550,4555,19,4435.33,3661
2026-05-18 11:50:00,4555,4555,4545,4550,10,4436.18,3661
2026-05-18 11:55:00,4560,4580,4560,4580,19,4438.05,3661
2026-05-18 12:00:00,4575,4590,4560,4565,35,4441.53,3661
2026-05-18 12:05:00,4565,4575,4565,4575,12,4442.61,3661
2026-05-18 12:10:00,4580,4595,4580,4595,13,4443.96,3661
2026-05-18 12:15:00,4595,4600,4590,4590,19,4445.96,3661
2026-05-18 12:20:00,4590,4590,4570,4570,17,4447.55,3661
2026-05-18 12:25:00,4570,4570,4555,4555,14,4448.65,3661
2026-05-18 12:30:00,4555,4565,4555,4565,8,4449.25,3661
2026-05-18 12:35:00,4565,4565,4555,4555,6,4449.7,3661
2026-05-18 12:40:00,4560,4575,4555,4575,25,4451.66,3661
2026-05-18 12:45:00,4580,4580,4550,4550,17,4452.91,3661
2026-05-18 12:50:00,4550,4550,4525,4545,45,4455.42,3661
2026-05-18 12:55:00,4545,4550,4540,4550,11,4456.05,3661
2026-05-18 13:00:00,4550,4570,4550,4570,6,4456.44,3661
2026-05-18 13:05:00,4560,4575,4560,4565,31,4458.58,3661
2026-05-18 13:10:00,4565,4570,4560,4565,18,4459.72,3661
2026-05-18 13:15:00,4560,4565,4560,4565,28,4461.45,3661
2026-05-18 13:20:00,4570,4595,4570,4590,48,4464.9,3661
2026-05-18 13:30:00,4590,4590,4590,4590,79,4470.42,3661
2026-05-19 09:00:00,4420,4515,4410,4515,185,4457.14,3661
2026-05-19 09:05:00,4510,4540,4485,4515,63,4472.5,3661
2026-05-19 09:10:00,4530,4575,4505,4570,48,4483.24,3661
2026-05-19 09:15:00,4575,4615,4565,4580,53,4499.61,3661
2026-05-19 09:20:00,4590,4615,4570,4605,33,4507.93,3661
2026-05-19 09:25:00,4595,4595,4550,4560,24,4511.39,3661
2026-05-19 09:30:00,4570,4570,4545,4565,14,4512.89,3661
2026-05-19 09:35:00,4565,4585,4565,4575,10,4514.36,3661
2026-05-19 09:40:00,4575,4575,4560,4570,26,4517.45,3661
2026-05-19 09:45:00,4585,4585,4560,4560,12,4518.75,3661
2026-05-19 09:50:00,4555,4570,4515,4525,40,4520.7,3661
2026-05-19 09:55:00,4525,4525,4490,4500,35,4519.29,3661
2026-05-19 10:00:00,4505,4505,4445,4465,53,4515.3,3661
2026-05-19 10:05:00,4485,4490,4485,4490,9,4514.92,3661
2026-05-19 10:10:00,4490,4490,4490,4490,2,4514.84,3661
2026-05-19 10:15:00,4480,4495,4470,4495,15,4514.19,3661
2026-05-19 10:20:00,4505,4510,4460,4460,17,4513.46,3661
2026-05-19 10:25:00,4470,4485,4470,4485,9,4512.96,3661
2026-05-19 10:30:00,4485,4485,4475,4475,6,4512.68,3661
2026-05-19 10:35:00,4485,4485,4480,4480,2,4512.59,3661
2026-05-19 10:40:00,4475,4490,4475,4490,7,4512.25,3661
2026-05-19 10:45:00,4495,4520,4495,4510,20,4512.14,3661
2026-05-19 10:50:00,4500,4505,4500,4505,6,4512.05,3661
2026-05-19 10:55:00,4500,4500,4475,4475,12,4511.64,3661
2026-05-19 11:00:00,4470,4475,4465,4475,11,4511.0,3661
2026-05-19 11:05:00,4475,4500,4475,4500,8,4510.74,3661
2026-05-19 11:10:00,4500,4500,4485,4485,15,4510.46,3661
2026-05-19 11:15:00,4485,4485,4470,4470,7,4510.13,3661
2026-05-19 11:20:00,4470,4470,4460,4460,7,4509.7,3661
2026-05-19 11:25:00,4470,4470,4460,4460,15,4508.8,3661
2026-05-19 11:30:00,4460,4470,4460,4470,10,4508.2,3661
2026-05-19 11:35:00,4470,4485,4470,4475,14,4507.67,3661
2026-05-19 11:40:00,4470,4480,4470,4475,5,4507.48,3661
2026-05-19 11:45:00,4475,4475,4475,4475,2,4507.4,3661
2026-05-19 11:50:00,4470,4470,4460,4460,7,4507.01,3661
2026-05-19 11:55:00,4455,4455,4435,4445,30,4504.84,3661
2026-05-19 12:00:00,4440,4440,4430,4435,18,4503.37,3661
2026-05-19 12:05:00,4445,4445,4430,4430,9,4502.69,3661
2026-05-19 12:10:00,4435,4440,4435,4435,13,4501.73,3661
2026-05-19 12:15:00,4445,4450,4435,4435,4,4501.46,3661
2026-05-19 12:20:00,4445,4470,4445,4465,21,4500.4,3661
2026-05-19 12:25:00,4465,4485,4465,4485,16,4499.95,3661
2026-05-19 12:30:00,4485,4490,4480,4480,10,4499.78,3661
2026-05-19 12:35:00,4465,4465,4465,4465,1,4499.74,3661
2026-05-19 12:40:00,4475,4480,4470,4470,9,4499.5,3661
2026-05-19 12:45:00,4475,4480,4465,4465,9,4499.22,3661
2026-05-19 12:50:00,4470,4470,4440,4440,14,4498.6,3661
2026-05-19 12:55:00,4440,4450,4430,4445,8,4498.12,3661
2026-05-19 13:00:00,4450,4460,4445,4460,14,4497.45,3661
2026-05-19 13:05:00,4455,4455,4440,4445,23,4496.3,3661
2026-05-19 13:10:00,4450,4470,4450,4465,49,4494.52,3661
2026-05-19 13:15:00,4465,4470,4460,4460,19,4493.98,3661
2026-05-19 13:20:00,4465,4465,4435,4435,57,4491.64,3661
2026-05-19 13:30:00,4430,4430,4430,4430,165,4483.76,3661
2026-05-20 09:00:00,4515,4550,4470,4505,210,4525.57,3661
2026-05-20 09:05:00,4500,4545,4485,4535,91,4521.54,3661
2026-05-20 09:10:00,4535,4535,4485,4505,40,4518.74,3661
2026-05-20 09:15:00,4505,4570,4500,4535,90,4522.29,3661
2026-05-20 09:20:00,4535,4555,4530,4530,15,4522.91,3661
2026-05-20 09:25:00,4525,4525,4485,4500,22,4522.08,3661
2026-05-20 09:30:00,4495,4495,4455,4470,73,4515.27,3661
2026-05-20 09:35:00,4470,4530,4470,4530,29,4514.77,3661
2026-05-20 09:40:00,4535,4570,4535,4550,58,4518.33,3661
2026-05-20 09:45:00,4555,4625,4555,4615,149,4532.03,3661
2026-05-20 09:50:00,4620,4650,4615,4635,99,4543.37,3661
2026-05-20 09:55:00,4635,4670,4635,4660,68,4551.37,3661
2026-05-20 10:00:00,4660,4660,4630,4630,45,4555.82,3661
2026-05-20 10:05:00,4625,4640,4580,4580,26,4557.3,3661
2026-05-20 10:10:00,4580,4615,4580,4610,33,4558.7,3661
2026-05-20 10:15:00,4615,4655,4615,4655,60,4563.19,3661
2026-05-20 10:20:00,4655,4665,4650,4660,31,4565.76,3661
2026-05-20 10:25:00,4660,4660,4595,4595,29,4567.28,3661
2026-05-20 10:30:00,4590,4615,4585,4610,38,4568.23,3661
2026-05-20 10:35:00,4615,4620,4595,4595,21,4568.91,3661
2026-05-20 10:40:00,4595,4595,4585,4585,14,4569.14,3661
2026-05-20 10:45:00,4580,4610,4580,4610,26,4569.57,3661
2026-05-20 10:50:00,4610,4615,4595,4595,6,4569.74,3661
2026-05-20 10:55:00,4595,4595,4585,4585,15,4569.97,3661
2026-05-20 11:00:00,4585,4585,4580,4585,19,4570.15,3661
2026-05-20 11:05:00,4585,4605,4585,4595,19,4570.54,3661
2026-05-20 11:10:00,4595,4595,4570,4575,24,4570.73,3661
2026-05-20 11:15:00,4575,4600,4565,4600,42,4571.04,3661
2026-05-20 11:20:00,4605,4610,4600,4610,19,4571.49,3661
2026-05-20 11:25:00,4610,4610,4605,4605,11,4571.76,3661
2026-05-20 11:30:00,4605,4605,4595,4595,12,4571.99,3661
2026-05-20 11:35:00,4590,4590,4580,4580,15,4572.13,3661
2026-05-20 11:40:00,4585,4610,4580,4610,36,4572.75,3661
2026-05-20 11:45:00,4610,4630,4610,4610,32,4573.76,3661
2026-05-20 11:50:00,4605,4610,4595,4595,6,4573.87,3661
2026-05-20 11:55:00,4590,4615,4590,4615,13,4574.13,3661
2026-05-20 12:00:00,4620,4625,4620,4625,9,4574.4,3661
2026-05-20 12:05:00,4625,4630,4620,4625,10,4574.72,3661
2026-05-20 12:10:00,4630,4640,4630,4640,19,4575.43,3661
2026-05-20 12:15:00,4640,4640,4635,4640,14,4575.97,3661
2026-05-20 12:20:00,4635,4635,4630,4630,18,4576.59,3661
2026-05-20 12:25:00,4630,4635,4630,4635,9,4576.9,3661
2026-05-20 12:30:00,4640,4640,4610,4610,27,4577.7,3661
2026-05-20 12:35:00,4605,4615,4605,4615,9,4577.88,3661
2026-05-20 12:40:00,4620,4620,4595,4615,31,4578.42,3661
2026-05-20 12:45:00,4615,4630,4615,4625,11,4578.7,3661
2026-05-20 12:50:00,4620,4620,4600,4600,30,4579.3,3661
2026-05-20 12:55:00,4605,4605,4580,4585,40,4579.5,3661
2026-05-20 13:00:00,4585,4595,4580,4595,23,4579.63,3661
2026-05-20 13:05:00,4595,4620,4595,4610,53,4580.35,3661
2026-05-20 13:10:00,4610,4610,4595,4595,26,4580.62,3661
2026-05-20 13:15:00,4590,4600,4585,4590,29,4580.79,3661
2026-05-20 13:20:00,4595,4615,4595,4595,68,4581.53,3661
2026-05-20 13:30:00,4600,4600,4600,4600,124,4582.63,3661
2026-05-21 09:00:00,5000,5050,4975,4980,326,5003.16,3661
2026-05-21 09:05:00,4980,4995,4935,4965,127,4993.49,3661
2026-05-21 09:10:00,4965,4985,4955,4970,66,4990.77,3661
2026-05-21 09:15:00,4975,4975,4895,4895,83,4982.92,3661
2026-05-21 09:20:00,4900,4930,4880,4915,49,4977.31,3661
2026-05-21 09:25:00,4910,4910,4850,4870,45,4971.28,3661
2026-05-21 09:30:00,4895,4895,4850,4865,29,4967.14,3661
2026-05-21 09:35:00,4875,4905,4875,4905,37,4963.51,3661
2026-05-21 09:40:00,4905,4915,4905,4910,23,4962.01,3661
2026-05-21 09:45:00,4910,4930,4900,4925,39,4959.82,3661
2026-05-21 09:50:00,4935,4955,4910,4920,66,4958.15,3661
2026-05-21 09:55:00,4920,4920,4900,4900,9,4957.63,3661
2026-05-21 10:00:00,4900,4920,4900,4920,10,4957.15,3661
2026-05-21 10:05:00,4915,4935,4915,4935,12,4956.78,3661
2026-05-21 10:10:00,4930,4940,4915,4940,10,4956.44,3661
2026-05-21 10:15:00,4940,4970,4915,4915,41,4956.13,3661
2026-05-21 10:20:00,4920,4920,4920,4920,1,4956.09,3661
2026-05-21 10:25:00,4930,4930,4900,4905,21,4955.15,3661
2026-05-21 10:30:00,4910,4930,4910,4925,7,4954.92,3661
2026-05-21 10:35:00,4930,4935,4905,4905,15,4954.44,3661
2026-05-21 10:40:00,4910,4915,4910,4915,2,4954.36,3661
2026-05-21 10:45:00,4930,4935,4925,4925,11,4954.12,3661
2026-05-21 10:50:00,4925,4930,4925,4930,4,4954.02,3661
2026-05-21 10:55:00,4930,4935,4930,4935,12,4953.78,3661
2026-05-21 11:00:00,4935,4945,4935,4940,24,4953.47,3661
2026-05-21 11:05:00,4940,4945,4930,4935,15,4953.24,3661
2026-05-21 11:10:00,4940,4980,4940,4965,72,4953.58,3661
2026-05-21 11:15:00,4965,4965,4950,4950,14,4953.62,3661
2026-05-21 11:20:00,4945,4965,4945,4965,8,4953.62,3661
2026-05-21 11:25:00,4965,4965,4960,4960,13,4953.74,3661
2026-05-21 11:30:00,4960,4970,4960,4970,7,4953.82,3661
2026-05-21 11:35:00,4970,4970,4950,4950,12,4953.87,3661
2026-05-21 11:40:00,4950,4955,4950,4955,3,4953.87,3661
2026-05-21 11:45:00,4950,4960,4950,4960,6,4953.87,3661
2026-05-21 11:50:00,4960,4960,4950,4950,5,4953.87,3661
2026-05-21 11:55:00,4950,4960,4950,4960,6,4953.89,3661
2026-05-21 12:00:00,4965,4970,4940,4940,17,4953.91,3661
2026-05-21 12:05:00,4940,4940,4915,4920,21,4953.51,3661
2026-05-21 12:10:00,4920,4920,4920,4920,2,4953.45,3661
2026-05-21 12:15:00,4930,4940,4930,4940,9,4953.35,3661
2026-05-21 12:20:00,4940,4955,4940,4955,15,4953.3,3661
2026-05-21 12:25:00,4955,4960,4950,4950,9,4953.32,3661
2026-05-21 12:30:00,4955,4960,4950,4955,14,4953.34,3661
2026-05-21 12:35:00,4950,4950,4945,4945,7,4953.3,3661
2026-05-21 12:40:00,4940,4940,4935,4940,6,4953.23,3661
2026-05-21 12:45:00,4940,4940,4940,4940,4,4953.19,3661
2026-05-21 12:50:00,4940,4940,4930,4930,8,4953.09,3661
2026-05-21 12:55:00,4935,4940,4930,4930,15,4952.87,3661
2026-05-21 13:00:00,4930,4930,4920,4920,8,4952.69,3661
2026-05-21 13:05:00,4920,4925,4910,4925,27,4952.05,3661
2026-05-21 13:10:00,4925,4930,4915,4915,19,4951.69,3661
2026-05-21 13:15:00,4920,4925,4915,4920,29,4951.05,3661
2026-05-21 13:20:00,4925,4930,4920,4930,30,4950.49,3661
2026-05-21 13:30:00,4905,4905,4905,4905,112,4947.27,3661
2026-05-22 09:00:00,4955,4955,4835,4895,201,4911.09,3661
2026-05-22 09:05:00,4900,4960,4895,4950,74,4915.65,3661
2026-05-22 09:10:00,4940,4950,4920,4925,27,4916.79,3661
2026-05-22 09:15:00,4925,4925,4910,4915,36,4917.0,3661
2026-05-22 09:20:00,4915,4915,4895,4895,40,4915.34,3661
2026-05-22 09:25:00,4895,4900,4870,4880,43,4912.6,3661
2026-05-22 09:30:00,4880,4895,4850,4850,33,4908.93,3661
2026-05-22 09:35:00,4850,4855,4830,4850,60,4901.07,3661
2026-05-22 09:40:00,4850,4880,4850,4880,21,4899.64,3661
2026-05-22 09:45:00,4880,4885,4855,4860,16,4898.75,3661
2026-05-22 09:50:00,4870,4870,4860,4865,3,4898.56,3661
2026-05-22 09:55:00,4865,4865,4830,4840,38,4895.05,3661
2026-05-22 10:00:00,4840,4855,4830,4830,17,4893.58,3661
2026-05-22 10:05:00,4835,4835,4810,4810,29,4890.37,3661
2026-05-22 10:10:00,4810,4810,4795,4800,52,4883.55,3661
2026-05-22 10:15:00,4800,4800,4800,4800,2,4883.31,3661
2026-05-22 10:20:00,4800,4805,4800,4805,13,4881.78,3661
2026-05-22 10:25:00,4805,4835,4800,4830,47,4877.81,3661
2026-05-22 10:30:00,4835,4845,4835,4840,8,4877.4,3661
2026-05-22 10:35:00,4840,4865,4835,4855,27,4876.59,3661
2026-05-22 10:40:00,4850,4850,4835,4835,9,4876.24,3661
2026-05-22 10:45:00,4835,4835,4820,4820,10,4875.66,3661
2026-05-22 10:50:00,4825,4825,4800,4800,19,4874.24,3661
2026-05-22 10:55:00,4800,4805,4785,4795,40,4870.59,3661
2026-05-22 11:00:00,4795,4805,4795,4795,8,4869.94,3661
2026-05-22 11:05:00,4795,4795,4770,4770,23,4867.68,3661
2026-05-22 11:10:00,4775,4780,4750,4780,42,4863.1,3661
2026-05-22 11:15:00,4780,4780,4780,4780,1,4863.01,3661
2026-05-22 11:20:00,4790,4795,4790,4795,4,4862.71,3661
2026-05-22 11:25:00,4795,4815,4790,4815,18,4861.58,3661
2026-05-22 11:30:00,4815,4835,4815,4835,30,4860.38,3661
2026-05-22 11:35:00,4840,4845,4835,4840,33,4859.73,3661
2026-05-22 11:40:00,4840,4855,4840,4855,19,4859.57,3661
2026-05-22 11:45:00,4850,4850,4840,4840,9,4859.43,3661
2026-05-22 11:50:00,4830,4845,4830,4845,7,4859.29,3661
2026-05-22 11:55:00,4845,4860,4840,4860,21,4859.14,3661
2026-05-22 12:00:00,4860,4865,4860,4860,26,4859.23,3661
2026-05-22 12:05:00,4860,4880,4860,4880,23,4859.47,3661
2026-05-22 12:10:00,4875,4875,4870,4870,6,4859.53,3661
2026-05-22 12:15:00,4875,4905,4875,4905,38,4860.46,3661
2026-05-22 12:20:00,4900,4905,4890,4900,19,4861.07,3661
2026-05-22 12:25:00,4890,4890,4885,4885,6,4861.2,3661
2026-05-22 12:30:00,4890,4900,4890,4900,11,4861.5,3661
2026-05-22 12:35:00,4900,4900,4895,4900,9,4861.77,3661
2026-05-22 12:40:00,4890,4920,4890,4920,48,4863.43,3661
2026-05-22 12:45:00,4920,4920,4895,4895,19,4864.13,3661
2026-05-22 12:50:00,4900,4905,4895,4905,6,4864.3,3661
2026-05-22 12:55:00,4905,4910,4900,4910,11,4864.65,3661
2026-05-22 13:00:00,4910,4910,4905,4905,14,4865.1,3661
2026-05-22 13:05:00,4900,4910,4900,4910,18,4865.68,3661
2026-05-22 13:10:00,4905,4910,4905,4910,14,4866.11,3661
2026-05-22 13:15:00,4905,4905,4900,4900,23,4866.7,3661
2026-05-22 13:20:00,4895,4905,4895,4905,47,4867.82,3661
2026-05-22 13:30:00,4895,4895,4895,4895,82,4869.3,3661
2026-05-25 09:00:00,5020,5050,4955,4965,195,5002.08,3661
2026-05-25 09:05:00,4960,4990,4930,4990,62,4990.99,3661
2026-05-25 09:10:00,4990,4995,4985,4990,23,4990.86,3661
2026-05-25 09:15:00,4985,5005,4975,5000,58,4990.99,3661
2026-05-25 09:20:00,5000,5040,4995,5040,70,4995.86,3661
2026-05-25 09:25:00,5040,5045,4990,4990,44,4997.6,3661
2026-05-25 09:30:00,4995,5000,4985,4990,18,4997.44,3661
2026-05-25 09:35:00,5000,5005,5000,5005,7,4997.51,3661
2026-05-25 09:40:00,5000,5020,4995,5020,18,4997.83,3661
2026-05-25 09:45:00,5025,5030,5020,5025,27,4999.35,3661
2026-05-25 09:50:00,5020,5030,4995,4995,24,5000.12,3661
2026-05-25 09:55:00,4990,4990,4945,4965,79,4996.02,3661
2026-05-25 10:00:00,4970,4985,4970,4980,15,4995.72,3661
2026-05-25 10:05:00,4980,5010,4970,5005,49,4995.57,3661
2026-05-25 10:10:00,5005,5010,4990,4990,16,4995.7,3661
2026-05-25 10:15:00,4985,4985,4970,4975,13,4995.37,3661
2026-05-25 10:20:00,4975,4975,4920,4935,70,4990.77,3661
2026-05-25 10:25:00,4940,4940,4915,4935,46,4987.37,3661
2026-05-25 10:30:00,4940,4945,4940,4940,7,4986.99,3661
2026-05-25 10:35:00,4945,5010,4945,4995,65,4986.83,3661
2026-05-25 10:40:00,4980,4985,4980,4985,5,4986.81,3661
2026-05-25 10:45:00,4980,4985,4980,4985,6,4986.78,3661
2026-05-25 10:50:00,4985,4990,4980,4980,7,4986.76,3661
2026-05-25 10:55:00,4975,4975,4960,4965,7,4986.61,3661
2026-05-25 11:00:00,4965,4965,4965,4965,2,4986.56,3661
2026-05-25 11:05:00,4960,4960,4945,4950,13,4986.13,3661
2026-05-25 11:10:00,4950,4950,4940,4945,16,4985.45,3661
2026-05-25 11:15:00,4945,4945,4945,4945,3,4985.33,3661
2026-05-25 11:20:00,4945,4945,4935,4940,13,4984.69,3661
2026-05-25 11:25:00,4940,4940,4925,4925,22,4983.54,3661
2026-05-25 11:30:00,4925,4925,4920,4925,14,4982.71,3661
2026-05-25 11:35:00,4930,4935,4925,4935,12,4982.1,3661
2026-05-25 11:40:00,4930,4935,4925,4925,17,4981.23,3661
2026-05-25 11:45:00,4930,4935,4930,4935,8,4980.85,3661
2026-05-25 11:50:00,4930,4940,4930,4940,9,4980.48,3661
2026-05-25 11:55:00,4940,4940,4935,4935,5,4980.28,3661
2026-05-25 12:00:00,4935,4940,4935,4935,3,4980.15,3661
2026-05-25 12:05:00,4935,4935,4935,4935,2,4980.07,3661
2026-05-25 12:10:00,4935,4935,4925,4925,18,4979.25,3661
2026-05-25 12:15:00,4925,4935,4925,4935,9,4978.86,3661
2026-05-25 12:20:00,4935,4940,4935,4940,11,4978.45,3661
2026-05-25 12:25:00,4940,4940,4935,4940,6,4978.24,3661
2026-05-25 12:30:00,4940,4940,4930,4930,10,4977.85,3661
2026-05-25 12:35:00,4930,4930,4925,4925,5,4977.62,3661
2026-05-25 12:40:00,4925,4935,4925,4925,10,4977.18,3661
2026-05-25 12:45:00,4930,4930,4930,4930,4,4977.02,3661
2026-05-25 12:50:00,4930,4930,4925,4925,7,4976.72,3661
2026-05-25 12:55:00,4925,4930,4920,4920,10,4976.28,3661
2026-05-25 13:00:00,4920,4925,4915,4915,18,4975.43,3661
2026-05-25 13:05:00,4915,4920,4900,4900,42,4973.13,3661
2026-05-25 13:10:00,4900,4910,4900,4910,25,4971.76,3661
2026-05-25 13:15:00,4905,4905,4900,4905,23,4970.53,3661
2026-05-25 13:20:00,4905,4920,4905,4910,53,4968.25,3661
2026-05-25 13:30:00,4900,4900,4900,4900,108,4963.09,3661
2026-05-26 09:00:00,4945,4955,4860,4860,125,4919.6,3661
2026-05-26 09:05:00,4865,4870,4775,4790,93,4882.02,3661
2026-05-26 09:10:00,4790,4815,4790,4800,43,4868.79,3661
2026-05-26 09:15:00,4795,4810,4775,4800,64,4852.88,3661
2026-05-26 09:20:00,4800,4800,4785,4785,14,4850.21,3661
2026-05-26 09:25:00,4785,4785,4775,4775,23,4845.76,3661
2026-05-26 09:30:00,4785,4785,4750,4770,53,4835.37,3661
2026-05-26 09:35:00,4765,4765,4720,4720,49,4826.12,3661
2026-05-26 09:40:00,4720,4760,4710,4760,42,4817.83,3661
2026-05-26 09:45:00,4755,4775,4750,4770,16,4816.09,3661
2026-05-26 09:50:00,4765,4765,4755,4760,10,4815.08,3661
2026-05-26 09:55:00,4755,4755,4750,4750,6,4814.39,3661
2026-05-26 10:00:00,4745,4745,4735,4740,4,4813.85,3661
2026-05-26 10:05:00,4735,4760,4735,4760,6,4813.13,3661
2026-05-26 10:10:00,4760,4760,4740,4740,6,4812.45,3661
2026-05-26 10:15:00,4740,4745,4700,4715,55,4803.83,3661
2026-05-26 10:20:00,4715,4725,4715,4720,13,4802.09,3661
2026-05-26 10:25:00,4715,4750,4710,4750,17,4799.92,3661
2026-05-26 10:30:00,4750,4755,4750,4750,14,4798.88,3661
2026-05-26 10:35:00,4750,4760,4750,4760,2,4798.75,3661
2026-05-26 10:40:00,4760,4760,4740,4740,16,4797.67,3661
2026-05-26 10:45:00,4740,4740,4740,4740,1,4797.58,3661
2026-05-26 10:50:00,4735,4740,4735,4735,6,4797.04,3661
2026-05-26 10:55:00,4740,4740,4735,4735,16,4795.71,3661
2026-05-26 11:00:00,4735,4740,4730,4735,10,4794.87,3661
2026-05-26 11:05:00,4735,4740,4735,4735,5,4794.45,3661
2026-05-26 11:10:00,4735,4735,4725,4725,10,4793.57,3661
2026-05-26 11:15:00,4725,4725,4720,4725,7,4792.9,3661
2026-05-26 11:20:00,4730,4735,4730,4730,8,4792.22,3661
2026-05-26 11:25:00,4730,4730,4725,4725,6,4791.71,3661
2026-05-26 11:30:00,4725,4725,4720,4720,9,4790.87,3661
2026-05-26 11:35:00,4720,4720,4710,4710,16,4789.26,3661
2026-05-26 11:40:00,4715,4715,4705,4705,23,4786.94,3661
2026-05-26 11:45:00,4705,4705,4680,4680,80,4778.43,3661
2026-05-26 11:50:00,4685,4685,4660,4660,49,4772.61,3661
2026-05-26 11:55:00,4660,4680,4655,4680,33,4768.86,3661
2026-05-26 12:00:00,4685,4690,4675,4675,17,4767.34,3661
2026-05-26 12:05:00,4675,4675,4665,4670,25,4764.89,3661
2026-05-26 12:10:00,4670,4685,4670,4670,22,4762.99,3661
2026-05-26 12:15:00,4675,4690,4665,4675,24,4760.97,3661
2026-05-26 12:20:00,4690,4690,4675,4675,21,4759.37,3661
2026-05-26 12:25:00,4675,4685,4670,4670,26,4757.34,3661
2026-05-26 12:30:00,4670,4675,4665,4675,20,4755.72,3661
2026-05-26 12:35:00,4665,4680,4665,4665,23,4754.02,3661
2026-05-26 12:40:00,4665,4685,4660,4665,23,4752.29,3661
2026-05-26 12:45:00,4665,4680,4665,4680,20,4750.85,3661
2026-05-26 12:50:00,4665,4675,4660,4665,30,4748.78,3661
2026-05-26 12:55:00,4665,4690,4665,4685,32,4746.93,3661
2026-05-26 13:00:00,4675,4690,4675,4680,30,4745.36,3661
2026-05-26 13:05:00,4680,4685,4675,4680,32,4743.71,3661
2026-05-26 13:10:00,4675,4680,4660,4660,45,4741.21,3661
2026-05-26 13:15:00,4660,4660,4650,4650,61,4737.42,3661
2026-05-26 13:20:00,4650,4655,4640,4640,70,4733.32,3661
2026-05-26 13:30:00,4640,4640,4640,4640,139,4725.26,3661
2026-05-27 09:00:00,4785,4785,4720,4765,225,4763.09,3661
2026-05-27 09:05:00,4760,4830,4760,4820,88,4773.02,3661
2026-05-27 09:10:00,4820,4830,4760,4815,75,4775.82,3661
2026-05-27 09:15:00,4815,4845,4815,4815,87,4785.58,3661
2026-05-27 09:20:00,4815,4840,4810,4820,44,4789.24,3661
2026-05-27 09:25:00,4820,4825,4735,4760,91,4786.88,3661
2026-05-27 09:30:00,4755,4755,4685,4710,85,4778.59,3661
2026-05-27 09:35:00,4700,4725,4690,4725,51,4773.42,3661
2026-05-27 09:40:00,4725,4750,4715,4725,33,4771.77,3661
2026-05-27 09:45:00,4725,4725,4690,4690,16,4770.47,3661
2026-05-27 09:50:00,4695,4695,4640,4660,75,4761.64,3661
2026-05-27 09:55:00,4660,4660,4630,4630,79,4751.74,3661
2026-05-27 10:00:00,4630,4675,4630,4670,46,4747.35,3661
2026-05-27 10:05:00,4670,4695,4670,4695,27,4745.65,3661
2026-05-27 10:10:00,4690,4690,4685,4685,9,4745.14,3661
2026-05-27 10:15:00,4680,4680,4660,4665,10,4744.42,3661
2026-05-27 10:20:00,4660,4665,4660,4660,11,4743.55,3661
2026-05-27 10:25:00,4660,4660,4650,4655,16,4742.24,3661
2026-05-27 10:30:00,4650,4650,4630,4635,23,4740.05,3661
2026-05-27 10:35:00,4635,4650,4635,4640,12,4738.98,3661
2026-05-27 10:40:00,4645,4660,4645,4660,15,4737.8,3661
2026-05-27 10:45:00,4665,4675,4655,4660,18,4736.68,3661
2026-05-27 10:50:00,4670,4675,4670,4670,10,4736.11,3661
2026-05-27 10:55:00,4680,4680,4670,4675,11,4735.54,3661
2026-05-27 11:00:00,4675,4680,4650,4650,12,4734.8,3661
2026-05-27 11:05:00,4645,4645,4630,4640,41,4731.58,3661
2026-05-27 11:10:00,4645,4645,4645,4645,3,4731.36,3661
2026-05-27 11:15:00,4645,4650,4645,4645,5,4731.01,3661
2026-05-27 11:20:00,4650,4650,4640,4640,10,4730.31,3661
2026-05-27 11:25:00,4645,4645,4635,4635,13,4729.34,3661
2026-05-27 11:30:00,4635,4635,4630,4630,13,4728.34,3661
2026-05-27 11:35:00,4630,4630,4595,4595,51,4723.8,3661
2026-05-27 11:40:00,4595,4605,4595,4600,16,4722.29,3661
2026-05-27 11:45:00,4600,4600,4585,4585,32,4719.21,3661
2026-05-27 11:50:00,4585,4585,4575,4580,40,4715.23,3661
2026-05-27 11:55:00,4575,4580,4560,4565,30,4712.1,3661
2026-05-27 12:00:00,4555,4575,4550,4560,37,4708.29,3661
2026-05-27 12:05:00,4560,4575,4560,4560,11,4707.24,3661
2026-05-27 12:10:00,4560,4560,4555,4560,7,4706.54,3661
2026-05-27 12:15:00,4560,4560,4530,4535,38,4702.44,3661
2026-05-27 12:20:00,4530,4530,4485,4500,79,4692.86,3661
2026-05-27 12:25:00,4500,4510,4480,4480,38,4688.23,3661
2026-05-27 12:30:00,4475,4505,4470,4485,80,4678.66,3661
2026-05-27 12:35:00,4475,4500,4470,4490,89,4669.32,3661
2026-05-27 12:40:00,4495,4495,4465,4475,28,4666.42,3661
2026-05-27 12:45:00,4475,4485,4465,4470,29,4663.42,3661
2026-05-27 12:50:00,4490,4495,4475,4480,26,4660.93,3661
2026-05-27 12:55:00,4500,4505,4490,4490,36,4657.91,3661
2026-05-27 13:00:00,4490,4490,4460,4460,35,4654.53,3661
2026-05-27 13:05:00,4465,4480,4460,4475,40,4650.82,3661
2026-05-27 13:10:00,4475,4490,4470,4485,35,4647.93,3661
2026-05-27 13:15:00,4490,4490,4485,4485,33,4645.38,3661
2026-05-27 13:20:00,4485,4495,4480,4485,52,4641.52,3661
2026-05-27 13:30:00,4500,4500,4500,4500,87,4635.93,3661
2026-05-28 09:00:00,4530,4530,4455,4470,171,4485.58,3661
2026-05-28 09:05:00,4460,4530,4445,4510,92,4486.77,3661
2026-05-28 09:10:00,4510,4520,4490,4520,51,4489.65,3661
2026-05-28 09:15:00,4530,4570,4530,4570,67,4499.93,3661
2026-05-28 09:20:00,4575,4575,4550,4555,47,4506.6,3661
2026-05-28 09:25:00,4550,4550,4510,4535,42,4508.7,3661
2026-05-28 09:30:00,4535,4535,4510,4515,11,4509.06,3661
2026-05-28 09:35:00,4515,4515,4470,4495,34,4507.77,3661
2026-05-28 09:40:00,4495,4495,4455,4455,40,4504.79,3661
2026-05-28 09:45:00,4455,4460,4440,4450,42,4500.87,3661
2026-05-28 09:50:00,4455,4455,4440,4445,22,4498.96,3661
2026-05-28 09:55:00,4445,4465,4445,4465,16,4497.9,3661
2026-05-28 10:00:00,4465,4470,4460,4460,11,4497.32,3661
2026-05-28 10:05:00,4470,4470,4435,4435,37,4494.7,3661
2026-05-28 10:10:00,4435,4435,4405,4405,49,4489.9,3661
2026-05-28 10:15:00,4410,4410,4380,4395,67,4481.98,3661
2026-05-28 10:20:00,4395,4410,4390,4410,26,4479.45,3661
2026-05-28 10:25:00,4415,4415,4385,4385,22,4477.43,3661
2026-05-28 10:30:00,4385,4405,4380,4405,32,4474.29,3661
2026-05-28 10:35:00,4405,4415,4395,4395,16,4472.99,3661
2026-05-28 10:40:00,4395,4410,4395,4400,10,4472.22,3661
2026-05-28 10:45:00,4400,4445,4400,4440,32,4470.5,3661
2026-05-28 10:50:00,4440,4440,4420,4425,9,4470.14,3661
2026-05-28 10:55:00,4425,4425,4410,4410,11,4469.51,3661
2026-05-28 11:00:00,4410,4410,4405,4405,10,4468.88,3661
2026-05-28 11:05:00,4405,4425,4400,4410,13,4468.14,3661
2026-05-28 11:10:00,4405,4415,4405,4415,8,4467.68,3661
2026-05-28 11:15:00,4415,4425,4400,4405,10,4467.1,3661
2026-05-28 11:20:00,4405,4405,4380,4380,29,4464.93,3661
2026-05-28 11:25:00,4380,4380,4365,4375,32,4462.19,3661
2026-05-28 11:30:00,4370,4370,4330,4330,58,4456.31,3661
2026-05-28 11:35:00,4330,4330,4245,4255,169,4434.09,3661
2026-05-28 11:40:00,4260,4325,4255,4295,83,4425.41,3661
2026-05-28 11:45:00,4290,4335,4285,4320,42,4421.9,3661
2026-05-28 11:50:00,4330,4340,4315,4325,49,4418.76,3661
2026-05-28 11:55:00,4330,4340,4325,4325,20,4417.59,3661
2026-05-28 12:00:00,4320,4320,4300,4305,33,4415.21,3661
2026-05-28 12:05:00,4300,4350,4290,4345,28,4413.51,3661
2026-05-28 12:10:00,4340,4345,4300,4300,15,4412.57,3661
2026-05-28 12:15:00,4300,4300,4285,4290,22,4410.91,3661
2026-05-28 12:20:00,4285,4295,4280,4285,17,4409.56,3661
2026-05-28 12:25:00,4285,4290,4265,4280,30,4407.16,3661
2026-05-28 12:30:00,4290,4310,4285,4290,19,4405.86,3661
2026-05-28 12:35:00,4290,4305,4290,4295,10,4405.21,3661
2026-05-28 12:40:00,4295,4300,4285,4285,21,4403.8,3661
2026-05-28 12:45:00,4285,4295,4265,4265,25,4401.95,3661
2026-05-28 12:50:00,4265,4270,4255,4255,33,4399.29,3661
2026-05-28 12:55:00,4255,4260,4245,4260,59,4394.45,3661
2026-05-28 13:00:00,4250,4265,4230,4230,39,4391.25,3661
2026-05-28 13:05:00,4245,4295,4235,4280,56,4387.56,3661
2026-05-28 13:10:00,4295,4310,4290,4290,43,4385.6,3661
2026-05-28 13:15:00,4290,4295,4280,4290,22,4384.52,3661
2026-05-28 13:20:00,4290,4290,4270,4280,32,4382.83,3661
2026-05-28 13:30:00,4300,4300,4300,4300,112,4378.4,3661
2026-05-29 09:00:00,4470,4470,4315,4350,195,4402.85,3661
2026-05-29 09:05:00,4345,4415,4340,4385,62,4399.73,3661
2026-05-29 09:10:00,4385,4410,4375,4375,27,4399.3,3661
2026-05-29 09:15:00,4375,4400,4375,4390,24,4398.54,3661
2026-05-29 09:20:00,4400,4430,4380,4385,70,4399.84,3661
2026-05-29 09:25:00,4385,4390,4345,4360,40,4396.39,3661
2026-05-29 09:30:00,4365,4420,4360,4400,33,4396.08,3661
2026-05-29 09:35:00,4385,4415,4375,4405,38,4396.5,3661
2026-05-29 09:40:00,4405,4430,4405,4430,18,4397.37,3661
2026-05-29 09:45:00,4430,4440,4400,4400,29,4398.86,3661
2026-05-29 09:50:00,4395,4395,4390,4395,12,4398.72,3661
2026-05-29 09:55:00,4410,4420,4400,4405,14,4398.93,3661
2026-05-29 10:00:00,4400,4400,4385,4385,7,4398.84,3661
2026-05-29 10:05:00,4390,4400,4390,4400,9,4398.78,3661
2026-05-29 10:10:00,4400,4400,4365,4365,28,4397.85,3661
2026-05-29 10:15:00,4370,4370,4340,4345,12,4397.0,3661
2026-05-29 10:20:00,4345,4345,4330,4345,26,4394.6,3661
2026-05-29 10:25:00,4345,4345,4340,4340,10,4393.81,3661
2026-05-29 10:30:00,4335,4355,4335,4355,11,4392.95,3661
2026-05-29 10:35:00,4355,4365,4355,4360,7,4392.6,3661
2026-05-29 10:40:00,4370,4375,4370,4370,7,4392.37,3661
2026-05-29 10:45:00,4375,4375,4370,4370,10,4392.09,3661
2026-05-29 10:50:00,4365,4365,4360,4360,5,4391.89,3661
2026-05-29 10:55:00,4365,4365,4355,4360,4,4391.7,3661
2026-05-29 11:00:00,4365,4365,4360,4360,2,4391.62,3661
2026-05-29 11:05:00,4365,4365,4360,4365,8,4391.3,3661
2026-05-29 11:10:00,4365,4390,4365,4380,28,4390.81,3661
2026-05-29 11:15:00,4385,4385,4380,4380,8,4390.72,3661
2026-05-29 11:20:00,4385,4440,4385,4425,76,4392.74,3661
2026-05-29 11:25:00,4425,4450,4425,4445,21,4393.88,3661
2026-05-29 11:30:00,4445,4495,4445,4495,77,4399.55,3661
2026-05-29 11:35:00,4495,4535,4470,4520,92,4409.21,3661
2026-05-29 11:40:00,4515,4575,4515,4540,90,4420.81,3661
2026-05-29 11:45:00,4545,4550,4540,4540,15,4422.48,3661
2026-05-29 11:50:00,4535,4550,4510,4515,26,4424.99,3661
2026-05-29 11:55:00,4505,4520,4500,4520,18,4426.28,3661
2026-05-29 12:00:00,4515,4515,4485,4485,13,4427.17,3661
2026-05-29 12:05:00,4490,4490,4485,4485,14,4427.88,3661
2026-05-29 12:10:00,4485,4485,4450,4460,29,4428.76,3661
2026-05-29 12:15:00,4465,4475,4465,4465,23,4429.55,3661
2026-05-29 12:20:00,4475,4485,4475,4485,7,4429.83,3661
2026-05-29 12:25:00,4485,4505,4485,4505,19,4430.81,3661
2026-05-29 12:30:00,4500,4500,4490,4500,21,4431.84,3661
2026-05-29 12:35:00,4500,4500,4480,4480,10,4432.31,3661
2026-05-29 12:40:00,4480,4490,4480,4485,12,4432.78,3661
2026-05-29 12:45:00,4475,4475,4475,4475,5,4432.94,3661
2026-05-29 12:50:00,4475,4480,4470,4480,22,4433.66,3661
2026-05-29 12:55:00,4480,4485,4480,4480,5,4433.84,3661
2026-05-29 13:00:00,4480,4490,4480,4490,12,4434.28,3661
2026-05-29 13:05:00,4485,4485,4475,4480,21,4434.95,3661
2026-05-29 13:10:00,4475,4475,4465,4465,15,4435.35,3661
2026-05-29 13:15:00,4465,4470,4460,4460,28,4435.92,3661
2026-05-29 13:20:00,4465,4485,4465,4475,24,4436.54,3661
2026-05-29 13:30:00,4415,4415,4415,4415,578,4430.37,3661
2026-06-01 09:00:00,4485,4640,4450,4640,254,4557.6,3661
2026-06-01 09:05:00,4670,4730,4665,4705,258,4628.49,3661
2026-06-01 09:10:00,4705,4715,4680,4700,48,4634.47,3661
2026-06-01 09:15:00,4700,4715,4650,4650,45,4638.22,3661
2026-06-01 09:20:00,4650,4655,4630,4640,43,4638.56,3661
2026-06-01 09:25:00,4645,4645,4625,4640,17,4638.45,3661
2026-06-01 09:30:00,4640,4640,4610,4610,29,4637.86,3661
2026-06-01 09:35:00,4610,4630,4605,4630,19,4637.34,3661
2026-06-01 09:40:00,4645,4725,4635,4695,72,4642.44,3661
2026-06-01 09:45:00,4695,4785,4695,4775,139,4658.0,3661
2026-06-01 09:50:00,4780,4785,4750,4750,26,4661.12,3661
2026-06-01 09:55:00,4750,4765,4750,4760,11,4662.23,3661
2026-06-01 10:00:00,4765,4795,4765,4770,55,4668.81,3661
2026-06-01 10:05:00,4760,4765,4740,4740,20,4670.48,3661
2026-06-01 10:10:00,4735,4735,4690,4705,36,4671.81,3661
2026-06-01 10:15:00,4715,4715,4690,4690,18,4672.34,3661
2026-06-01 10:20:00,4700,4720,4700,4720,9,4672.67,3661
2026-06-01 10:25:00,4720,4720,4705,4705,12,4673.13,3661
2026-06-01 10:30:00,4700,4705,4675,4705,32,4673.57,3661
2026-06-01 10:35:00,4715,4845,4715,4845,231,4694.01,3661
2026-06-01 10:40:00,4835,4850,4800,4805,78,4701.28,3661
2026-06-01 10:45:00,4810,4815,4810,4815,10,4702.05,3661
2026-06-01 10:50:00,4815,4815,4780,4780,22,4703.39,3661
2026-06-01 10:55:00,4775,4775,4765,4775,13,4703.95,3661
2026-06-01 11:00:00,4775,4810,4775,4805,26,4705.59,3661
2026-06-01 11:05:00,4800,4800,4800,4800,6,4705.96,3661
2026-06-01 11:10:00,4805,4820,4805,4805,22,4707.47,3661
2026-06-01 11:15:00,4810,4810,4795,4795,6,4707.85,3661
2026-06-01 11:20:00,4790,4790,4780,4790,16,4708.66,3661
2026-06-01 11:25:00,4800,4800,4790,4790,6,4708.99,3661
2026-06-01 11:30:00,4780,4780,4775,4775,7,4709.29,3661
2026-06-01 11:35:00,4770,4770,4755,4755,20,4709.97,3661
2026-06-01 11:40:00,4750,4755,4745,4755,10,4710.22,3661
2026-06-01 11:45:00,4755,4825,4755,4825,33,4711.87,3661
2026-06-01 11:50:00,4815,4850,4815,4835,55,4715.9,3661
2026-06-01 11:55:00,4835,4840,4835,4840,2,4716.04,3661
2026-06-01 12:00:00,4830,4830,4810,4810,13,4716.82,3661
2026-06-01 12:05:00,4820,4820,4820,4820,1,4716.88,3661
2026-06-01 12:10:00,4825,4825,4825,4825,7,4717.31,3661
2026-06-01 12:15:00,4825,4825,4820,4820,5,4717.61,3661
2026-06-01 12:25:00,4830,4855,4830,4855,177,4730.13,3661
2026-06-01 12:30:00,4855,4855,4855,4855,28,4731.93,3661
2026-06-01 12:35:00,4855,4855,4855,4855,5,4732.25,3661
2026-06-01 12:40:00,4855,4855,4855,4855,22,4733.62,3661
2026-06-01 12:45:00,4855,4855,4855,4855,7,4734.05,3661
2026-06-01 12:50:00,4855,4855,4855,4855,6,4734.42,3661
2026-06-01 12:55:00,4855,4855,4855,4855,2,4734.54,3661
2026-06-01 13:00:00,4855,4855,4855,4855,9,4735.09,3661
2026-06-01 13:05:00,4855,4855,4855,4855,6,4735.45,3661
2026-06-01 13:10:00,4855,4855,4855,4855,5,4735.75,3661
2026-06-01 13:15:00,4855,4855,4855,4855,115,4742.24,3661
2026-06-01 13:20:00,4855,4855,4855,4855,6,4742.55,3661
2026-06-01 13:30:00,4855,4855,4855,4855,4,4742.77,3661
2026-06-02 09:00:00,4870,4870,4750,4770,245,4823.1,3661
2026-06-02 09:05:00,4770,4785,4725,4750,133,4799.11,3661
2026-06-02 09:10:00,4750,4795,4725,4770,86,4790.66,3661
2026-06-02 09:15:00,4775,4790,4695,4720,104,4779.57,3661
2026-06-02 09:20:00,4720,4725,4650,4680,104,4764.82,3661
2026-06-02 09:25:00,4670,4675,4635,4650,87,4751.53,3661
2026-06-02 09:30:00,4645,4655,4615,4635,52,4744.2,3661
2026-06-02 09:35:00,4640,4645,4625,4645,42,4738.71,3661
2026-06-02 09:40:00,4645,4680,4630,4660,27,4736.38,3661
2026-06-02 09:45:00,4665,4665,4655,4660,7,4735.78,3661
2026-06-02 09:50:00,4655,4675,4655,4665,19,4734.25,3661
2026-06-02 09:55:00,4660,4660,4640,4640,21,4732.34,3661
2026-06-02 10:00:00,4640,4640,4625,4625,15,4730.72,3661
2026-06-02 10:05:00,4630,4645,4630,4640,12,4729.58,3661
2026-06-02 10:10:00,4635,4635,4620,4620,19,4727.56,3661
2026-06-02 10:15:00,4620,4630,4620,4630,11,4726.41,3661
2026-06-02 10:20:00,4635,4655,4635,4655,9,4725.72,3661
2026-06-02 10:25:00,4650,4650,4625,4630,31,4723.09,3661
2026-06-02 10:30:00,4645,4650,4645,4650,5,4722.73,3661
2026-06-02 10:35:00,4650,4650,4645,4645,3,4722.51,3661
2026-06-02 10:40:00,4640,4640,4600,4600,50,4717.65,3661
2026-06-02 10:45:00,4605,4630,4605,4615,12,4716.5,3661
2026-06-02 10:50:00,4615,4615,4610,4610,5,4716.02,3661
2026-06-02 10:55:00,4605,4605,4600,4605,12,4714.8,3661
2026-06-02 11:00:00,4605,4605,4585,4585,46,4710.09,3661
2026-06-02 11:05:00,4585,4595,4585,4590,15,4708.53,3661
2026-06-02 11:10:00,4590,4590,4570,4570,18,4706.6,3661
2026-06-02 11:15:00,4565,4570,4550,4550,39,4701.82,3661
2026-06-02 11:20:00,4545,4550,4535,4540,32,4697.7,3661
2026-06-02 11:25:00,4545,4545,4500,4515,54,4690.26,3661
2026-06-02 11:30:00,4505,4535,4500,4530,13,4688.57,3661
2026-06-02 11:35:00,4535,4560,4535,4560,12,4687.33,3661
2026-06-02 11:40:00,4560,4560,4550,4550,8,4686.56,3661
2026-06-02 11:45:00,4555,4575,4550,4575,10,4685.62,3661
2026-06-02 11:50:00,4575,4595,4575,4595,20,4684.22,3661
2026-06-02 11:55:00,4600,4600,4590,4590,8,4683.69,3661
2026-06-02 12:00:00,4595,4600,4590,4590,9,4683.13,3661
2026-06-02 12:05:00,4590,4595,4570,4570,9,4682.51,3661
2026-06-02 12:10:00,4580,4580,4575,4575,6,4682.06,3661
2026-06-02 12:15:00,4580,4580,4570,4570,5,4681.69,3661
2026-06-02 12:20:00,4570,4570,4560,4565,8,4681.04,3661
2026-06-02 12:25:00,4575,4580,4575,4580,6,4680.61,3661
2026-06-02 12:30:00,4580,4590,4570,4590,13,4679.73,3661
2026-06-02 12:35:00,4595,4595,4590,4590,5,4679.43,3661
2026-06-02 12:40:00,4595,4600,4590,4595,11,4678.79,3661
2026-06-02 12:45:00,4595,4600,4590,4590,8,4678.33,3661
2026-06-02 12:50:00,4585,4590,4585,4585,7,4677.89,3661
2026-06-02 12:55:00,4580,4595,4580,4580,23,4676.49,3661
2026-06-02 13:00:00,4585,4590,4575,4585,25,4674.94,3661
2026-06-02 13:05:00,4585,4590,4575,4585,30,4673.14,3661
2026-06-02 13:10:00,4585,4595,4585,4590,26,4671.76,3661
2026-06-02 13:15:00,4585,4590,4570,4575,42,4669.41,3661
2026-06-02 13:20:00,4570,4585,4565,4575,63,4665.77,3661
2026-06-02 13:30:00,4575,4575,4575,4575,160,4657.88,3661
2026-06-03 09:00:00,4600,4600,4555,4560,158,4581.65,3661
2026-06-03 09:05:00,4560,4685,4560,4650,125,4610.41,3661
2026-06-03 09:10:00,4660,4665,4600,4600,46,4612.9,3661
2026-06-03 09:15:00,4600,4620,4595,4595,34,4611.87,3661
2026-06-03 09:20:00,4590,4590,4570,4570,26,4609.78,3661
2026-06-03 09:25:00,4570,4575,4565,4575,20,4607.87,3661
2026-06-03 09:30:00,4570,4610,4565,4610,26,4606.59,3661
2026-06-03 09:35:00,4620,4620,4550,4555,58,4602.18,3661
2026-06-03 09:40:00,4565,4575,4565,4570,12,4601.39,3661
2026-06-03 09:45:00,4570,4580,4555,4575,37,4598.87,3661
2026-06-03 09:50:00,4580,4585,4560,4580,28,4597.54,3661
2026-06-03 09:55:00,4580,4585,4545,4555,40,4595.06,3661
2026-06-03 10:00:00,4545,4565,4530,4565,19,4593.55,3661
2026-06-03 10:05:00,4570,4570,4565,4565,3,4593.43,3661
2026-06-03 10:10:00,4560,4560,4530,4545,11,4592.61,3661
2026-06-03 10:15:00,4545,4545,4545,4545,5,4592.25,3661
2026-06-03 10:20:00,4545,4545,4545,4545,5,4591.88,3661
2026-06-03 10:25:00,4545,4560,4545,4560,15,4590.97,3661
2026-06-03 10:30:00,4550,4550,4550,4550,3,4590.79,3661
2026-06-03 10:35:00,4560,4580,4560,4580,6,4590.61,3661
2026-06-03 10:40:00,4580,4585,4580,4580,4,4590.55,3661
2026-06-03 10:45:00,4575,4610,4565,4610,30,4590.37,3661
2026-06-03 10:50:00,4610,4615,4580,4580,11,4590.53,3661
2026-06-03 10:55:00,4585,4585,4580,4580,2,4590.51,3661
2026-06-03 11:00:00,4580,4580,4560,4565,11,4590.21,3661
2026-06-03 11:05:00,4565,4565,4565,4565,3,4590.11,3661
2026-06-03 11:10:00,4575,4585,4575,4585,4,4590.04,3661
2026-06-03 11:15:00,4590,4590,4585,4585,6,4590.01,3661
2026-06-03 11:20:00,4585,4585,4585,4585,1,4590.0,3661
2026-06-03 11:25:00,4585,4585,4585,4585,5,4589.97,3661
2026-06-03 11:30:00,4585,4585,4585,4585,8,4589.91,3661
2026-06-03 11:35:00,4585,4585,4585,4585,4,4589.89,3661
2026-06-03 11:40:00,4585,4600,4585,4600,14,4589.94,3661
2026-06-03 11:45:00,4605,4610,4600,4600,12,4590.16,3661
2026-06-03 11:50:00,4605,4605,4605,4605,1,4590.18,3661
2026-06-03 11:55:00,4605,4610,4605,4610,8,4590.34,3661
2026-06-03 12:00:00,4600,4600,4590,4590,13,4590.47,3661
2026-06-03 12:05:00,4590,4590,4585,4585,4,4590.46,3661
2026-06-03 12:10:00,4585,4590,4580,4580,5,4590.42,3661
2026-06-03 12:15:00,4590,4590,4575,4575,4,4590.39,3661
2026-06-03 12:20:00,4585,4600,4585,4595,14,4590.45,3661
2026-06-03 12:25:00,4595,4600,4590,4590,7,4590.48,3661
2026-06-03 12:30:00,4590,4590,4590,4590,2,4590.48,3661
2026-06-03 12:35:00,4590,4600,4590,4600,4,4590.5,3661
2026-06-03 12:40:00,4595,4595,4590,4590,8,4590.5,3661
2026-06-03 12:45:00,4585,4590,4585,4590,6,4590.47,3661
2026-06-03 12:50:00,4585,4585,4585,4585,1,4590.47,3661
2026-06-03 12:55:00,4585,4590,4580,4580,10,4590.38,3661
2026-06-03 13:00:00,4580,4580,4575,4580,12,4590.19,3661
2026-06-03 13:05:00,4580,4585,4575,4575,9,4590.08,3661
2026-06-03 13:10:00,4575,4585,4575,4585,27,4589.75,3661
2026-06-03 13:15:00,4585,4605,4580,4600,37,4589.95,3661
2026-06-03 13:20:00,4605,4605,4600,4600,28,4590.31,3661
2026-06-03 13:30:00,4595,4595,4595,4595,88,4590.69,3661
2026-06-04 09:00:00,4530,4555,4485,4485,92,4523.97,3661
2026-06-04 09:05:00,4485,4540,4480,4490,64,4514.01,3661
2026-06-04 09:10:00,4500,4505,4470,4495,45,4507.21,3661
2026-06-04 09:15:00,4490,4495,4460,4465,53,4500.39,3661
2026-06-04 09:20:00,4460,4470,4440,4450,46,4493.4,3661
2026-06-04 09:25:00,4450,4475,4445,4460,14,4492.04,3661
2026-06-04 09:30:00,4460,4470,4455,4455,16,4490.56,3661
2026-06-04 09:35:00,4460,4475,4450,4475,13,4489.4,3661
2026-06-04 09:40:00,4475,4490,4455,4455,29,4488.33,3661
2026-06-04 09:45:00,4450,4450,4420,4425,55,4481.52,3661
2026-06-04 09:50:00,4430,4430,4410,4410,27,4477.65,3661
2026-06-04 09:55:00,4430,4430,4410,4410,10,4476.36,3661
2026-06-04 10:00:00,4405,4410,4385,4400,56,4468.08,3661
2026-06-04 10:05:00,4400,4455,4400,4445,30,4465.66,3661
2026-06-04 10:10:00,4445,4445,4440,4440,3,4465.54,3661
2026-06-04 10:15:00,4440,4440,4435,4435,15,4464.83,3661
2026-06-04 10:20:00,4440,4450,4440,4450,7,4464.6,3661
2026-06-04 10:25:00,4445,4445,4430,4430,9,4464.17,3661
2026-06-04 10:30:00,4420,4420,4420,4420,6,4463.72,3661
2026-06-04 10:35:00,4415,4415,4400,4400,9,4462.85,3661
2026-06-04 10:40:00,4400,4415,4400,4415,9,4462.02,3661
2026-06-04 10:45:00,4420,4440,4420,4440,11,4461.55,3661
2026-06-04 10:50:00,4435,4435,4415,4415,14,4460.7,3661
2026-06-04 10:55:00,4415,4415,4415,4415,2,4460.55,3661
2026-06-04 11:00:00,4415,4415,4415,4415,3,4460.34,3661
2026-06-04 11:05:00,4420,4430,4415,4420,26,4458.84,3661
2026-06-04 11:10:00,4430,4435,4420,4435,19,4457.94,3661
2026-06-04 11:15:00,4440,4445,4440,4445,10,4457.73,3661
2026-06-04 11:20:00,4445,4460,4445,4460,9,4457.64,3661
2026-06-04 11:25:00,4460,4460,4455,4455,3,4457.64,3661
2026-06-04 11:30:00,4460,4460,4460,4460,2,4457.64,3661
2026-06-04 11:35:00,4460,4460,4455,4455,5,4457.65,3661
2026-06-04 11:40:00,4450,4450,4450,4450,1,4457.64,3661
2026-06-04 11:45:00,4455,4455,4430,4430,14,4457.36,3661
2026-06-04 11:50:00,4430,4435,4420,4425,46,4455.46,3661
2026-06-04 11:55:00,4420,4425,4410,4420,18,4454.6,3661
2026-06-04 12:00:00,4410,4420,4405,4410,13,4453.91,3661
2026-06-04 12:05:00,4425,4425,4405,4410,19,4452.98,3661
2026-06-04 12:10:00,4405,4410,4405,4405,7,4452.58,3661
2026-06-04 12:15:00,4405,4410,4405,4410,5,4452.31,3661
2026-06-04 12:20:00,4410,4410,4410,4410,6,4452.01,3661
2026-06-04 12:25:00,4415,4425,4415,4420,11,4451.58,3661
2026-06-04 12:30:00,4420,4420,4415,4420,11,4451.14,3661
2026-06-04 12:35:00,4420,4420,4415,4415,6,4450.9,3661
2026-06-04 12:40:00,4415,4415,4415,4415,7,4450.62,3661
2026-06-04 12:45:00,4410,4410,4405,4410,13,4450.02,3661
2026-06-04 12:50:00,4415,4415,4405,4405,10,4449.54,3661
2026-06-04 12:55:00,4405,4410,4405,4405,10,4449.09,3661
2026-06-04 13:00:00,4410,4410,4405,4405,10,4448.64,3661
2026-06-04 13:05:00,4405,4405,4390,4395,41,4446.51,3661
2026-06-04 13:10:00,4390,4390,4370,4375,69,4442.01,3661
2026-06-04 13:15:00,4375,4375,4355,4355,32,4439.69,3661
2026-06-04 13:20:00,4355,4360,4335,4355,80,4433.43,3661
2026-06-04 13:30:00,4340,4340,4340,4340,103,4425.69,3661
2026-06-05 09:00:00,4325,4350,4260,4330,127,4321.1,3661
2026-06-05 09:05:00,4315,4330,4270,4270,54,4313.34,3661
2026-06-05 09:10:00,4270,4270,4225,4225,91,4289.82,3661
2026-06-05 09:15:00,4225,4235,4195,4215,68,4273.75,3661
2026-06-05 09:20:00,4210,4210,4165,4170,65,4260.0,3661
2026-06-05 09:25:00,4165,4175,4135,4165,61,4246.19,3661
2026-06-05 09:30:00,4185,4230,4185,4230,64,4242.06,3661
2026-06-05 09:35:00,4235,4320,4230,4290,73,4246.73,3661
2026-06-05 09:40:00,4295,4325,4290,4290,24,4248.97,3661
2026-06-05 09:45:00,4290,4290,4290,4290,2,4249.1,3661
2026-06-05 09:50:00,4295,4370,4295,4350,81,4259.03,3661
2026-06-05 09:55:00,4355,4365,4345,4360,13,4260.81,3661
2026-06-05 10:00:00,4355,4390,4345,4390,40,4266.1,3661
2026-06-05 10:05:00,4390,4415,4390,4400,40,4272.82,3661
2026-06-05 10:10:00,4400,4440,4400,4420,45,4280.73,3661
2026-06-05 10:15:00,4420,4440,4420,4435,41,4287.9,3661
2026-06-05 10:20:00,4415,4425,4400,4400,13,4289.63,3661
2026-06-05 10:25:00,4405,4415,4405,4415,9,4290.8,3661
2026-06-05 10:30:00,4410,4410,4375,4385,47,4295.65,3661
2026-06-05 10:35:00,4390,4390,4365,4365,9,4296.41,3661
2026-06-05 10:40:00,4360,4360,4340,4350,14,4297.17,3661
2026-06-05 10:45:00,4360,4360,4360,4360,2,4297.3,3661
2026-06-05 10:50:00,4365,4365,4365,4365,1,4297.37,3661
2026-06-05 10:55:00,4365,4365,4350,4350,14,4298.24,3661
2026-06-05 11:00:00,4350,4350,4335,4350,22,4299.3,3661
2026-06-05 11:05:00,4345,4345,4330,4335,5,4299.47,3661
2026-06-05 11:10:00,4335,4335,4335,4335,4,4299.61,3661
2026-06-05 11:15:00,4335,4340,4335,4340,5,4299.8,3661
2026-06-05 11:20:00,4330,4330,4305,4310,14,4300.01,3661
2026-06-05 11:25:00,4315,4315,4295,4300,17,4300.05,3661
2026-06-05 11:30:00,4300,4300,4295,4295,5,4300.04,3661
2026-06-05 11:35:00,4295,4300,4295,4300,5,4300.04,3661
2026-06-05 11:40:00,4300,4300,4300,4300,3,4300.04,3661
2026-06-05 11:45:00,4300,4300,4280,4280,13,4299.91,3661
2026-06-05 11:50:00,4280,4280,4250,4255,47,4298.15,3661
2026-06-05 11:55:00,4250,4260,4200,4220,46,4295.48,3661
2026-06-05 12:00:00,4220,4260,4220,4240,13,4294.98,3661
2026-06-05 12:10:00,4240,4250,4240,4250,9,4294.63,3661
2026-06-05 12:15:00,4255,4270,4255,4255,15,4294.23,3661
2026-06-05 12:20:00,4245,4245,4245,4245,3,4294.11,3661
2026-06-05 12:25:00,4240,4260,4240,4260,6,4293.91,3661
2026-06-05 12:30:00,4255,4255,4250,4250,5,4293.74,3661
2026-06-05 12:35:00,4250,4250,4245,4245,8,4293.45,3661
2026-06-05 12:40:00,4255,4265,4255,4255,12,4293.14,3661
2026-06-05 12:45:00,4260,4265,4255,4265,7,4292.96,3661
2026-06-05 12:50:00,4260,4265,4260,4260,3,4292.89,3661
2026-06-05 12:55:00,4260,4260,4260,4260,6,4292.73,3661
2026-06-05 13:00:00,4255,4260,4250,4250,10,4292.45,3661
2026-06-05 13:05:00,4250,4270,4250,4250,31,4291.62,3661
2026-06-05 13:10:00,4255,4260,4250,4250,19,4291.06,3661
2026-06-05 13:15:00,4250,4265,4250,4265,25,4290.48,3661
2026-06-05 13:20:00,4265,4295,4260,4280,32,4290.3,3661
2026-06-05 13:30:00,4285,4285,4285,4285,77,4290.02,3661
2026-06-08 09:00:00,3900,4005,3895,4000,246,3926.06,3661
2026-06-08 09:05:00,4005,4010,3985,4005,67,3941.39,3661
2026-06-08 09:10:00,4005,4020,3955,4010,89,3952.71,3661
2026-06-08 09:15:00,4005,4005,3955,3980,56,3955.66,3661
2026-06-08 09:20:00,3975,4015,3975,3990,55,3960.31,3661
2026-06-08 09:25:00,3990,3990,3960,3960,35,3961.08,3661
2026-06-08 09:30:00,3955,4000,3950,3980,30,3961.76,3661
2026-06-08 09:35:00,3980,4000,3960,3990,44,3962.92,3661
2026-06-08 09:40:00,4000,4010,3980,3995,17,3963.83,3661
2026-06-08 09:45:00,3995,4000,3985,3990,11,3964.34,3661
2026-06-08 09:50:00,3990,4010,3985,4010,35,3966.35,3661
2026-06-08 09:55:00,4015,4015,4000,4005,17,3967.39,3661
2026-06-08 10:00:00,4015,4085,4015,4075,70,3973.83,3661
2026-06-08 10:05:00,4085,4150,4070,4120,54,3982.24,3661
2026-06-08 10:10:00,4120,4145,4095,4130,32,3987.58,3661
2026-06-08 10:15:00,4130,4130,4100,4100,24,3991.04,3661
2026-06-08 10:20:00,4100,4110,4100,4105,7,3991.95,3661
2026-06-08 10:25:00,4105,4120,4105,4110,10,3993.28,3661
2026-06-08 10:30:00,4115,4125,4085,4125,22,3995.91,3661
2026-06-08 10:35:00,4120,4130,4105,4110,9,3997.1,3661
2026-06-08 10:40:00,4110,4110,4090,4090,13,3998.54,3661
2026-06-08 10:45:00,4090,4115,4090,4115,7,3999.34,3661
2026-06-08 10:50:00,4110,4110,4100,4100,4,3999.79,3661
2026-06-08 10:55:00,4105,4110,4105,4105,7,4000.57,3661
2026-06-08 11:00:00,4115,4115,4100,4105,9,4001.58,3661
2026-06-08 11:05:00,4100,4105,4090,4105,9,4002.47,3661
2026-06-08 11:10:00,4105,4110,4095,4095,12,4003.7,3661
2026-06-08 11:15:00,4100,4110,4100,4110,11,4004.81,3661
2026-06-08 11:20:00,4115,4165,4115,4165,43,4010.49,3661
2026-06-08 11:25:00,4165,4170,4155,4160,13,4012.35,3661
2026-06-08 11:30:00,4165,4165,4140,4140,9,4013.55,3661
2026-06-08 11:35:00,4140,4140,4140,4140,1,4013.67,3661
2026-06-08 11:40:00,4140,4140,4135,4135,14,4015.28,3661
2026-06-08 11:50:00,4135,4135,4135,4135,1,4015.39,3661
2026-06-08 11:55:00,4130,4140,4115,4140,23,4017.7,3661
2026-06-08 12:00:00,4140,4145,4135,4135,6,4018.36,3661
2026-06-08 12:05:00,4130,4130,4125,4125,5,4018.85,3661
2026-06-08 12:10:00,4120,4125,4120,4125,3,4019.12,3661
2026-06-08 12:15:00,4125,4135,4125,4130,8,4019.92,3661
2026-06-08 12:20:00,4130,4130,4115,4115,5,4020.38,3661
2026-06-08 12:25:00,4115,4120,4115,4120,7,4020.98,3661
2026-06-08 12:30:00,4120,4145,4120,4145,16,4022.54,3661
2026-06-08 12:35:00,4135,4135,4135,4135,4,4022.93,3661
2026-06-08 12:40:00,4125,4140,4125,4130,8,4023.68,3661
2026-06-08 12:45:00,4130,4145,4125,4145,14,4025.01,3661
2026-06-08 12:50:00,4150,4155,4150,4155,12,4026.27,3661
2026-06-08 12:55:00,4145,4155,4145,4155,4,4026.69,3661
2026-06-08 13:00:00,4155,4175,4150,4175,22,4029.14,3661
2026-06-08 13:05:00,4170,4175,4170,4175,9,4030.19,3661
2026-06-08 13:10:00,4175,4180,4155,4160,21,4032.46,3661
2026-06-08 13:15:00,4165,4170,4160,4170,16,4034.17,3661
2026-06-08 13:20:00,4170,4180,4165,4170,21,4036.44,3661
2026-06-08 13:30:00,4170,4170,4170,4170,67,4043.05,3661
2026-06-09 09:00:00,4185,4190,4125,4165,147,4162.52,3661
2026-06-09 09:05:00,4155,4195,4130,4195,67,4163.22,3661
2026-06-09 09:10:00,4190,4210,4160,4175,67,4169.54,3661
2026-06-09 09:15:00,4165,4165,4115,4130,60,4163.58,3661
2026-06-09 09:20:00,4125,4165,4115,4160,36,4161.26,3661
2026-06-09 09:25:00,4165,4210,4165,4195,44,4164.0,3661
2026-06-09 09:30:00,4190,4190,4175,4180,7,4164.25,3661
2026-06-09 09:35:00,4190,4235,4190,4210,57,4170.49,3661
2026-06-09 09:40:00,4205,4220,4205,4220,10,4171.35,3661
2026-06-09 09:45:00,4210,4235,4210,4220,36,4174.86,3661
2026-06-09 09:50:00,4220,4230,4215,4220,10,4175.73,3661
2026-06-09 09:55:00,4215,4215,4210,4210,12,4176.53,3661
2026-06-09 10:00:00,4220,4220,4215,4220,10,4177.25,3661
2026-06-09 10:05:00,4220,4230,4220,4230,8,4177.95,3661
2026-06-09 10:10:00,4235,4240,4230,4240,10,4178.92,3661
2026-06-09 10:15:00,4240,4250,4240,4240,17,4180.77,3661
2026-06-09 10:20:00,4240,4245,4240,4245,10,4181.79,3661
2026-06-09 10:25:00,4245,4250,4240,4245,11,4182.92,3661
2026-06-09 10:30:00,4245,4260,4245,4250,29,4186.05,3661
2026-06-09 10:35:00,4240,4240,4210,4210,29,4187.69,3661
2026-06-09 10:40:00,4210,4230,4210,4230,5,4187.89,3661
2026-06-09 10:45:00,4225,4235,4225,4235,4,4188.12,3661
2026-06-09 10:50:00,4220,4225,4210,4210,15,4188.69,3661
2026-06-09 10:55:00,4210,4225,4210,4225,7,4188.96,3661
2026-06-09 11:00:00,4225,4225,4225,4225,2,4189.06,3661
2026-06-09 11:05:00,4225,4235,4220,4220,4,4189.27,3661
2026-06-09 11:10:00,4225,4235,4225,4235,2,4189.39,3661
2026-06-09 11:15:00,4230,4230,4230,4230,2,4189.5,3661
2026-06-09 11:20:00,4235,4235,4225,4225,5,4189.76,3661
2026-06-09 11:25:00,4215,4215,4215,4215,1,4189.79,3661
2026-06-09 11:30:00,4225,4225,4220,4225,4,4189.98,3661
2026-06-09 11:35:00,4220,4230,4220,4230,4,4190.16,3661
2026-06-09 11:40:00,4230,4230,4230,4230,3,4190.32,3661
2026-06-09 11:45:00,4235,4235,4230,4230,2,4190.43,3661
2026-06-09 11:50:00,4230,4235,4230,4235,4,4190.67,3661
2026-06-09 11:55:00,4230,4260,4230,4245,43,4193.77,3661
2026-06-09 12:00:00,4245,4255,4240,4245,6,4194.18,3661
2026-06-09 12:05:00,4245,4245,4245,4245,1,4194.24,3661
2026-06-09 12:10:00,4250,4250,4245,4250,5,4194.59,3661
2026-06-09 12:15:00,4245,4250,4245,4250,4,4194.84,3661
2026-06-09 12:20:00,4240,4240,4230,4230,12,4195.44,3661
2026-06-09 12:25:00,4230,4235,4230,4230,5,4195.66,3661
2026-06-09 12:30:00,4230,4230,4225,4225,7,4195.95,3661
2026-06-09 12:35:00,4230,4235,4230,4235,7,4196.25,3661
2026-06-09 12:40:00,4240,4240,4235,4235,5,4196.48,3661
2026-06-09 12:45:00,4230,4240,4230,4240,7,4196.8,3661
2026-06-09 12:50:00,4240,4245,4240,4245,3,4196.96,3661
2026-06-09 12:55:00,4240,4255,4240,4250,25,4198.46,3661
2026-06-09 13:00:00,4250,4265,4250,4260,23,4199.94,3661
2026-06-09 13:05:00,4260,4265,4260,4265,19,4201.26,3661
2026-06-09 13:10:00,4265,4265,4260,4260,8,4201.8,3661
2026-06-09 13:15:00,4255,4255,4250,4250,12,4202.45,3661
2026-06-09 13:20:00,4250,4250,4245,4250,21,4203.46,3661
2026-06-09 13:30:00,4250,4250,4250,4250,68,4206.56,3661
2026-06-10 09:00:00,4250,4250,4170,4200,110,4200.73,3661
2026-06-10 09:05:00,4210,4220,4185,4215,36,4201.06,3661
2026-06-10 09:10:00,4215,4265,4200,4255,54,4212.05,3661
2026-06-10 09:15:00,4255,4270,4235,4240,39,4219.44,3661
2026-06-10 09:20:00,4240,4245,4230,4240,20,4220.69,3661
2026-06-10 09:25:00,4230,4230,4210,4230,19,4220.56,3661
2026-06-10 09:30:00,4225,4240,4190,4240,38,4218.66,3661
2026-06-10 09:35:00,4240,4240,4215,4220,6,4218.85,3661
2026-06-10 09:40:00,4220,4225,4200,4215,19,4218.46,3661
2026-06-10 09:45:00,4220,4220,4200,4205,13,4218.19,3661
2026-06-10 09:50:00,4200,4200,4180,4185,24,4216.18,3661
2026-06-10 09:55:00,4185,4205,4180,4200,11,4215.54,3661
2026-06-10 10:00:00,4200,4210,4200,4200,19,4215.02,3661
2026-06-10 10:05:00,4190,4190,4190,4190,6,4214.66,3661
2026-06-10 10:10:00,4190,4190,4155,4185,46,4210.21,3661
2026-06-10 10:15:00,4195,4220,4195,4220,20,4209.95,3661
2026-06-10 10:20:00,4220,4230,4210,4210,38,4210.94,3661
2026-06-10 10:25:00,4200,4225,4200,4225,7,4210.98,3661
2026-06-10 10:30:00,4215,4230,4205,4205,11,4211.17,3661
2026-06-10 10:35:00,4215,4230,4210,4230,12,4211.45,3661
2026-06-10 10:40:00,4235,4235,4225,4235,18,4212.11,3661
2026-06-10 10:45:00,4235,4240,4220,4220,24,4212.92,3661
2026-06-10 10:50:00,4215,4215,4195,4195,12,4212.82,3661
2026-06-10 10:55:00,4195,4200,4195,4200,7,4212.65,3661
2026-06-10 11:00:00,4200,4205,4195,4195,9,4212.48,3661
2026-06-10 11:05:00,4195,4210,4195,4210,6,4212.42,3661
2026-06-10 11:10:00,4200,4215,4200,4215,3,4212.41,3661
2026-06-10 11:15:00,4205,4210,4200,4200,14,4212.24,3661
2026-06-10 11:20:00,4195,4205,4185,4205,21,4211.65,3661
2026-06-10 11:25:00,4210,4210,4195,4195,8,4211.6,3661
2026-06-10 11:30:00,4195,4195,4195,4195,4,4211.51,3661
2026-06-10 11:35:00,4195,4195,4170,4180,22,4210.62,3661
2026-06-10 11:40:00,4175,4175,4175,4175,7,4210.26,3661
2026-06-10 11:45:00,4170,4170,4160,4160,19,4209.04,3661
2026-06-10 11:50:00,4160,4160,4150,4155,23,4207.39,3661
2026-06-10 11:55:00,4160,4165,4160,4165,7,4206.97,3661
2026-06-10 12:00:00,4170,4170,4150,4155,23,4205.63,3661
2026-06-10 12:05:00,4155,4155,4130,4130,33,4202.8,3661
2026-06-10 12:10:00,4130,4135,4120,4135,12,4201.7,3661
2026-06-10 12:15:00,4135,4140,4115,4115,15,4200.36,3661
2026-06-10 12:20:00,4125,4140,4120,4125,14,4199.19,3661
2026-06-10 12:25:00,4125,4125,4110,4110,16,4197.73,3661
2026-06-10 12:30:00,4105,4105,4075,4080,61,4190.44,3661
2026-06-10 12:35:00,4080,4080,4060,4065,37,4185.78,3661
2026-06-10 12:40:00,4070,4080,4050,4060,21,4183.2,3661
2026-06-10 12:45:00,4060,4075,4060,4075,18,4181.08,3661
2026-06-10 12:50:00,4075,4090,4075,4090,30,4178.16,3661
2026-06-10 12:55:00,4080,4085,4080,4080,11,4177.17,3661
2026-06-10 13:00:00,4080,4080,4065,4080,23,4174.93,3661
2026-06-10 13:05:00,4080,4085,4070,4080,12,4173.89,3661
2026-06-10 13:10:00,4065,4065,4055,4055,14,4172.47,3661
2026-06-10 13:15:00,4060,4060,4045,4045,32,4169.04,3661
2026-06-10 13:20:00,4045,4045,4015,4015,47,4163.63,3661
2026-06-10 13:30:00,4040,4040,4040,4040,99,4153.99,3661
2026-06-11 09:00:00,4000,4050,4000,4000,116,4015.73,3661
2026-06-11 09:05:00,3995,3995,3955,3960,99,3995.07,3661
2026-06-11 09:10:00,3980,3995,3950,3995,88,3989.29,3661
2026-06-11 09:15:00,3995,4000,3965,3975,89,3988.57,3661
2026-06-11 09:20:00,3975,4020,3970,4020,46,3988.87,3661
2026-06-11 09:25:00,4025,4055,4015,4050,68,3994.88,3661
2026-06-11 09:30:00,4060,4065,3995,3995,55,3999.14,3661
2026-06-11 09:35:00,3990,3990,3960,3980,53,3997.28,3661
2026-06-11 09:40:00,3990,4000,3985,3985,21,3997.18,3661
2026-06-11 09:45:00,3980,3980,3960,3975,23,3996.34,3661
2026-06-11 09:50:00,3980,3980,3950,3970,42,3994.29,3661
2026-06-11 09:55:00,3955,3970,3940,3960,59,3990.96,3661
2026-06-11 10:00:00,3955,3990,3945,3990,47,3989.56,3661
2026-06-11 10:05:00,3995,3995,3970,3970,15,3989.49,3661
2026-06-11 10:10:00,3965,3965,3940,3945,40,3987.71,3661
2026-06-11 10:15:00,3940,3960,3925,3935,43,3985.43,3661
2026-06-11 10:20:00,3935,3935,3885,3890,97,3977.78,3661
2026-06-11 10:25:00,3890,3895,3865,3870,79,3970.7,3661
2026-06-11 10:30:00,3870,3900,3850,3875,49,3966.31,3661
2026-06-11 10:35:00,3870,3915,3870,3900,28,3964.72,3661
2026-06-11 10:40:00,3900,3930,3900,3930,37,3963.2,3661
2026-06-11 10:45:00,3920,3940,3910,3910,23,3962.55,3661
2026-06-11 10:50:00,3910,3930,3910,3920,12,3962.1,3661
2026-06-11 10:55:00,3935,3950,3925,3940,21,3961.71,3661
2026-06-11 11:00:00,3935,3945,3935,3945,14,3961.5,3661
2026-06-11 11:05:00,3950,3965,3940,3965,36,3961.36,3661
2026-06-11 11:10:00,3970,3970,3940,3940,13,3961.31,3661
2026-06-11 11:15:00,3935,3940,3935,3935,9,3961.13,3661
2026-06-11 11:20:00,3945,3945,3920,3930,17,3960.71,3661
2026-06-11 11:25:00,3935,3940,3930,3940,14,3960.48,3661
2026-06-11 11:30:00,3950,3970,3945,3970,20,3960.42,3661
2026-06-11 11:35:00,3975,3975,3965,3975,18,3960.57,3661
2026-06-11 11:40:00,3970,3980,3970,3975,22,3960.79,3661
2026-06-11 11:45:00,3975,3980,3970,3980,14,3960.93,3661
2026-06-11 11:50:00,3980,3995,3975,3995,34,3961.48,3661
2026-06-11 11:55:00,3995,4010,3995,4010,26,3962.22,3661
2026-06-11 12:00:00,4005,4010,3980,3980,20,3962.67,3661
2026-06-11 12:05:00,3985,4015,3985,4015,17,3963.16,3661
2026-06-11 12:10:00,4015,4020,4015,4020,18,3963.79,3661
2026-06-11 12:15:00,4020,4020,3990,3990,11,3964.12,3661
2026-06-11 12:20:00,3995,4010,3995,4005,10,3964.36,3661
2026-06-11 12:25:00,3995,4010,3995,4000,7,3964.53,3661
2026-06-11 12:30:00,4005,4005,3995,3995,9,3964.72,3661
2026-06-11 12:35:00,3995,4010,3995,4010,14,3965.08,3661
2026-06-11 12:40:00,4015,4025,4015,4025,29,3966.05,3661
2026-06-11 12:45:00,4020,4035,4020,4025,19,3966.78,3661
2026-06-11 12:50:00,4035,4050,4025,4050,35,3968.25,3661
2026-06-11 12:55:00,4050,4060,4040,4040,27,3969.59,3661
2026-06-11 13:00:00,4035,4045,4035,4045,11,3970.04,3661
2026-06-11 13:05:00,4050,4050,4035,4035,18,3970.78,3661
2026-06-11 13:10:00,4040,4060,4035,4060,24,3971.89,3661
2026-06-11 13:15:00,4055,4060,4035,4035,15,3972.58,3661
2026-06-11 13:20:00,4045,4055,4045,4050,17,3973.3,3661
2026-06-11 13:30:00,4060,4060,4060,4060,63,3976.25,3661
2026-06-12 09:00:00,4295,4295,4215,4230,139,4260.07,3661
2026-06-12 09:05:00,4230,4240,4205,4210,41,4251.39,3661
2026-06-12 09:10:00,4205,4205,4165,4170,31,4241.3,3661
2026-06-12 09:15:00,4185,4215,4170,4180,48,4232.88,3661
2026-06-12 09:20:00,4175,4180,4155,4160,28,4226.39,3661
2026-06-12 09:25:00,4160,4160,4115,4125,42,4214.56,3661
2026-06-12 09:30:00,4120,4140,4120,4130,23,4209.13,3661
2026-06-12 09:35:00,4125,4125,4105,4115,19,4204.34,3661
2026-06-12 09:40:00,4120,4135,4115,4120,16,4201.1,3661
2026-06-12 09:45:00,4130,4160,4130,4155,14,4199.24,3661
2026-06-12 09:50:00,4155,4165,4150,4160,19,4197.4,3661
2026-06-12 09:55:00,4160,4215,4160,4210,54,4196.53,3661
2026-06-12 10:00:00,4210,4215,4195,4195,32,4197.2,3661
2026-06-12 10:05:00,4190,4200,4190,4195,15,4197.13,3661
2026-06-12 10:10:00,4190,4190,4180,4185,11,4196.93,3661
2026-06-12 10:15:00,4180,4225,4180,4220,49,4198.14,3661
2026-06-12 10:20:00,4220,4240,4210,4210,23,4199.3,3661
2026-06-12 10:25:00,4205,4220,4205,4220,5,4199.37,3661
2026-06-12 10:30:00,4215,4225,4215,4215,8,4199.64,3661
2026-06-12 10:35:00,4215,4215,4185,4195,20,4199.65,3661
2026-06-12 10:40:00,4190,4190,4175,4175,7,4199.46,3661
2026-06-12 10:45:00,4175,4200,4175,4190,10,4199.27,3661
2026-06-12 10:50:00,4190,4205,4185,4185,4,4199.23,3661
2026-06-12 10:55:00,4190,4190,4190,4190,2,4199.2,3661
2026-06-12 11:00:00,4185,4190,4175,4190,14,4198.88,3661
2026-06-12 11:05:00,4195,4195,4190,4190,4,4198.84,3661
2026-06-12 11:10:00,4185,4195,4175,4190,11,4198.63,3661
2026-06-12 11:15:00,4180,4180,4165,4170,19,4197.98,3661
2026-06-12 11:20:00,4175,4175,4155,4155,12,4197.46,3661
2026-06-12 11:25:00,4155,4155,4155,4155,6,4197.11,3661
2026-06-12 11:30:00,4155,4165,4145,4165,16,4196.11,3661
2026-06-12 11:35:00,4150,4160,4150,4160,4,4195.9,3661
2026-06-12 11:40:00,4165,4170,4150,4150,16,4195.12,3661
2026-06-12 11:45:00,4150,4160,4150,4150,38,4193.2,3661
2026-06-12 11:50:00,4145,4150,4140,4150,7,4192.79,3661
2026-06-12 11:55:00,4145,4145,4140,4140,3,4192.6,3661
2026-06-12 12:00:00,4140,4145,4140,4145,7,4192.16,3661
2026-06-12 12:05:00,4135,4145,4135,4140,3,4191.97,3661
2026-06-12 12:10:00,4140,4155,4140,4150,15,4191.17,3661
2026-06-12 12:15:00,4150,4155,4150,4150,5,4190.93,3661
2026-06-12 12:20:00,4145,4155,4145,4150,17,4190.11,3661
2026-06-12 12:25:00,4150,4170,4150,4170,50,4188.42,3661
2026-06-12 12:30:00,4165,4175,4165,4165,8,4188.25,3661
2026-06-12 12:35:00,4170,4190,4170,4180,23,4188.07,3661
2026-06-12 12:40:00,4175,4185,4165,4180,10,4187.96,3661
2026-06-12 12:45:00,4175,4175,4170,4170,6,4187.86,3661
2026-06-12 12:50:00,4165,4165,4155,4165,15,4187.49,3661
2026-06-12 12:55:00,4160,4175,4160,4175,18,4187.2,3661
2026-06-12 13:00:00,4165,4170,4165,4165,13,4186.94,3661
2026-06-12 13:05:00,4165,4165,4150,4150,33,4186.02,3661
2026-06-12 13:10:00,4155,4155,4145,4155,23,4185.29,3661
2026-06-12 13:15:00,4150,4155,4145,4145,34,4184.22,3661
2026-06-12 13:20:00,4145,4160,4145,4145,39,4183.05,3661
2026-06-12 13:30:00,4105,4105,4105,4105,112,4176.01,3661
2026-06-15 09:00:00,4280,4370,4280,4360,233,4326.18,3661
2026-06-15 09:05:00,4365,4380,4290,4300,111,4333.33,3661
2026-06-15 09:10:00,4305,4315,4265,4280,77,4325.44,3661
2026-06-15 09:15:00,4280,4295,4280,4285,27,4323.14,3661
2026-06-15 09:20:00,4280,4280,4260,4260,29,4319.86,3661
2026-06-15 09:25:00,4265,4270,4255,4270,28,4316.6,3661
2026-06-15 09:30:00,4270,4285,4260,4285,34,4313.56,3661
2026-06-15 09:35:00,4285,4295,4250,4250,44,4310.8,3661
2026-06-15 09:40:00,4250,4280,4250,4265,19,4309.17,3661
2026-06-15 09:45:00,4275,4275,4275,4275,2,4309.06,3661
2026-06-15 09:50:00,4275,4285,4270,4285,17,4308.16,3661
2026-06-15 09:55:00,4285,4305,4285,4305,28,4307.67,3661
2026-06-15 10:00:00,4305,4305,4290,4290,20,4307.35,3661
2026-06-15 10:05:00,4290,4290,4290,4290,6,4307.19,3661
2026-06-15 10:10:00,4290,4290,4285,4285,6,4307.02,3661
2026-06-15 10:15:00,4290,4290,4275,4275,8,4306.73,3661
2026-06-15 10:20:00,4275,4275,4265,4265,13,4306.03,3661
2026-06-15 10:25:00,4265,4280,4265,4280,6,4305.72,3661
2026-06-15 10:30:00,4280,4280,4255,4255,23,4304.35,3661
2026-06-15 10:35:00,4255,4255,4240,4250,31,4302.09,3661
2026-06-15 10:40:00,4250,4250,4250,4250,3,4301.89,3661
2026-06-15 10:45:00,4245,4250,4245,4245,14,4300.87,3661
2026-06-15 10:50:00,4245,4250,4245,4250,8,4300.34,3661
2026-06-15 10:55:00,4255,4280,4255,4280,13,4299.76,3661
2026-06-15 11:00:00,4275,4300,4275,4290,46,4299.2,3661
2026-06-15 11:05:00,4285,4290,4275,4275,8,4299.04,3661
2026-06-15 11:10:00,4270,4280,4265,4275,11,4298.69,3661
2026-06-15 11:15:00,4280,4285,4270,4270,21,4298.04,3661
2026-06-15 11:20:00,4265,4265,4265,4265,3,4297.93,3661
2026-06-15 11:25:00,4265,4265,4255,4255,7,4297.63,3661
2026-06-15 11:30:00,4260,4260,4260,4260,4,4297.47,3661
2026-06-15 11:35:00,4265,4265,4260,4260,8,4297.15,3661
2026-06-15 11:40:00,4265,4265,4265,4265,1,4297.11,3661
2026-06-15 11:45:00,4260,4260,4260,4260,6,4296.87,3661
2026-06-15 11:50:00,4260,4270,4260,4265,7,4296.63,3661
2026-06-15 11:55:00,4265,4265,4265,4265,1,4296.59,3661
2026-06-15 12:00:00,4265,4275,4260,4275,16,4296.05,3661
2026-06-15 12:05:00,4275,4275,4275,4275,1,4296.03,3661
2026-06-15 12:10:00,4275,4275,4275,4275,1,4296.01,3661
2026-06-15 12:15:00,4270,4270,4270,4270,1,4295.98,3661
2026-06-15 12:20:00,4270,4270,4270,4270,7,4295.79,3661
2026-06-15 12:30:00,4265,4270,4265,4270,3,4295.7,3661
2026-06-15 12:35:00,4265,4270,4265,4270,5,4295.55,3661
2026-06-15 12:40:00,4265,4270,4265,4270,8,4295.32,3661
2026-06-15 12:45:00,4265,4265,4265,4265,9,4295.04,3661
2026-06-15 12:50:00,4265,4265,4260,4265,11,4294.69,3661
2026-06-15 12:55:00,4260,4275,4260,4275,32,4293.88,3661
2026-06-15 13:00:00,4280,4280,4275,4275,13,4293.66,3661
2026-06-15 13:05:00,4270,4270,4265,4265,7,4293.48,3661
2026-06-15 13:10:00,4260,4265,4260,4265,8,4293.26,3661
2026-06-15 13:15:00,4265,4265,4245,4245,49,4291.54,3661
2026-06-15 13:20:00,4250,4250,4240,4240,31,4290.27,3661
2026-06-15 13:30:00,4250,4250,4250,4250,73,4287.82,3661
2026-06-16 09:00:00,4335,4335,4290,4305,119,4315.21,3661
2026-06-16 09:05:00,4310,4310,4235,4245,55,4300.17,3661
2026-06-16 09:10:00,4250,4260,4240,4240,23,4294.29,3661
2026-06-16 09:15:00,4250,4250,4225,4230,36,4285.92,3661
2026-06-16 09:20:00,4230,4265,4230,4250,26,4282.68,3661
2026-06-16 09:25:00,4250,4285,4245,4285,33,4280.17,3661
2026-06-16 09:30:00,4290,4300,4280,4280,69,4283.01,3661
2026-06-16 09:35:00,4280,4315,4270,4315,57,4284.28,3661
2026-06-16 09:40:00,4310,4310,4295,4295,16,4284.99,3661
2026-06-16 09:45:00,4295,4300,4290,4290,6,4285.09,3661
2026-06-16 09:50:00,4285,4285,4270,4270,12,4284.89,3661
2026-06-16 09:55:00,4275,4280,4265,4265,20,4284.4,3661
2026-06-16 10:00:00,4260,4260,4240,4240,26,4282.51,3661
2026-06-16 10:05:00,4240,4300,4235,4285,45,4281.22,3661
2026-06-16 10:10:00,4270,4270,4265,4265,8,4281.0,3661
2026-06-16 10:15:00,4255,4260,4250,4250,9,4280.6,3661
2026-06-16 10:20:00,4250,4275,4250,4275,16,4279.99,3661
2026-06-16 10:25:00,4270,4270,4270,4270,2,4279.96,3661
2026-06-16 10:30:00,4265,4265,4265,4265,4,4279.85,3661
2026-06-16 10:35:00,4270,4270,4270,4270,3,4279.8,3661
2026-06-16 10:40:00,4265,4265,4255,4255,5,4279.64,3661
2026-06-16 10:45:00,4255,4265,4255,4255,3,4279.53,3661
2026-06-16 10:50:00,4260,4260,4250,4255,7,4279.24,3661
2026-06-16 10:55:00,4255,4270,4255,4270,10,4278.98,3661
2026-06-16 11:00:00,4270,4270,4270,4270,2,4278.95,3661
2026-06-16 11:05:00,4270,4275,4270,4270,9,4278.84,3661
2026-06-16 11:10:00,4270,4270,4270,4270,1,4278.83,3661
2026-06-16 11:15:00,4270,4270,4265,4265,7,4278.68,3661
2026-06-16 11:20:00,4260,4270,4260,4270,12,4278.39,3661
2026-06-16 11:25:00,4280,4310,4280,4310,47,4279.69,3661
2026-06-16 11:30:00,4310,4315,4300,4300,17,4280.33,3661
2026-06-16 11:35:00,4295,4295,4290,4290,8,4280.44,3661
2026-06-16 11:40:00,4290,4295,4290,4295,8,4280.59,3661
2026-06-16 11:45:00,4290,4290,4260,4260,12,4280.52,3661
2026-06-16 11:50:00,4270,4280,4270,4280,5,4280.49,3661
2026-06-16 11:55:00,4280,4285,4275,4275,3,4280.49,3661
2026-06-16 12:00:00,4275,4280,4275,4280,2,4280.48,3661
2026-06-16 12:05:00,4280,4285,4280,4280,5,4280.49,3661
2026-06-16 12:10:00,4270,4280,4270,4275,5,4280.44,3661
2026-06-16 12:15:00,4280,4300,4280,4295,17,4280.6,3661
2026-06-16 12:20:00,4295,4295,4290,4290,8,4280.75,3661
2026-06-16 12:25:00,4290,4295,4285,4295,5,4280.8,3661
2026-06-16 12:30:00,4295,4295,4280,4285,4,4280.83,3661
2026-06-16 12:35:00,4285,4295,4285,4295,10,4280.95,3661
2026-06-16 12:40:00,4295,4300,4295,4295,16,4281.24,3661
2026-06-16 12:45:00,4295,4295,4285,4285,11,4281.34,3661
2026-06-16 12:50:00,4280,4280,4280,4280,13,4281.32,3661
2026-06-16 12:55:00,4280,4295,4280,4295,36,4281.56,3661
2026-06-16 13:00:00,4300,4300,4290,4290,18,4281.9,3661
2026-06-16 13:05:00,4295,4295,4295,4295,2,4281.93,3661
2026-06-16 13:10:00,4295,4305,4295,4305,15,4282.18,3661
2026-06-16 13:15:00,4305,4310,4295,4295,21,4282.68,3661
2026-06-16 13:20:00,4300,4305,4290,4300,28,4283.06,3661
2026-06-16 13:30:00,4315,4315,4315,4315,86,4285.69,3661
2026-06-17 09:00:00,4265,4270,4240,4270,104,4257.45,3661
2026-06-17 09:05:00,4270,4300,4265,4285,34,4264.42,3661
2026-06-17 09:10:00,4285,4300,4265,4285,37,4267.71,3661
2026-06-17 09:15:00,4300,4340,4275,4340,84,4284.88,3661
2026-06-17 09:20:00,4340,4360,4330,4360,58,4296.31,3661
2026-06-17 09:25:00,4360,4385,4360,4375,57,4308.02,3661
2026-06-17 09:30:00,4370,4385,4370,4370,37,4314.17,3661
2026-06-17 09:35:00,4370,4370,4315,4320,42,4316.68,3661
2026-06-17 09:40:00,4325,4325,4290,4290,36,4315.87,3661
2026-06-17 09:45:00,4295,4300,4290,4290,16,4315.29,3661
2026-06-17 09:50:00,4290,4290,4265,4285,50,4311.96,3661
2026-06-17 09:55:00,4285,4285,4275,4275,16,4311.07,3661
2026-06-17 10:00:00,4270,4270,4255,4265,32,4308.53,3661
2026-06-17 10:05:00,4265,4270,4255,4255,14,4307.48,3661
2026-06-17 10:10:00,4260,4260,4250,4250,15,4306.23,3661
2026-06-17 10:15:00,4255,4260,4245,4260,22,4304.39,3661
2026-06-17 10:20:00,4250,4250,4245,4250,13,4303.28,3661
2026-06-17 10:25:00,4250,4260,4250,4255,16,4302.18,3661
2026-06-17 10:30:00,4255,4255,4240,4250,20,4300.64,3661
2026-06-17 10:35:00,4255,4255,4230,4230,39,4297.51,3661
2026-06-17 10:40:00,4235,4240,4235,4240,3,4297.27,3661
2026-06-17 10:45:00,4240,4240,4230,4235,12,4296.31,3661
2026-06-17 10:55:00,4240,4240,4240,4240,2,4296.16,3661
2026-06-17 11:00:00,4240,4240,4240,4240,3,4295.94,3661
2026-06-17 11:05:00,4245,4245,4230,4230,18,4294.49,3661
2026-06-17 11:10:00,4230,4230,4220,4220,21,4292.68,3661
2026-06-17 11:15:00,4220,4220,4205,4205,37,4289.12,3661
2026-06-17 11:20:00,4210,4210,4200,4200,22,4286.94,3661
2026-06-17 11:25:00,4200,4200,4195,4200,8,4286.12,3661
2026-06-17 11:30:00,4200,4210,4200,4210,11,4285.12,3661
2026-06-17 11:35:00,4205,4235,4205,4230,14,4284.12,3661
2026-06-17 11:40:00,4235,4250,4235,4250,14,4283.46,3661
2026-06-17 11:45:00,4250,4265,4250,4265,35,4282.52,3661
2026-06-17 11:50:00,4265,4265,4260,4260,3,4282.46,3661
2026-06-17 11:55:00,4265,4265,4250,4250,10,4282.19,3661
2026-06-17 12:00:00,4255,4270,4255,4270,12,4281.98,3661
2026-06-17 12:05:00,4270,4280,4270,4280,11,4281.89,3661
2026-06-17 12:10:00,4280,4285,4280,4285,8,4281.88,3661
2026-06-17 12:15:00,4285,4300,4285,4300,37,4282.26,3661
2026-06-17 12:20:00,4305,4310,4305,4310,22,4282.8,3661
2026-06-17 12:25:00,4305,4305,4300,4300,5,4282.89,3661
2026-06-17 12:30:00,4295,4295,4290,4290,10,4282.98,3661
2026-06-17 12:35:00,4285,4285,4260,4260,17,4282.86,3661
2026-06-17 12:40:00,4260,4280,4260,4275,18,4282.63,3661
2026-06-17 12:45:00,4270,4295,4265,4295,32,4282.59,3661
2026-06-17 12:50:00,4300,4300,4285,4290,19,4282.82,3661
2026-06-17 12:55:00,4290,4295,4280,4295,22,4282.92,3661
2026-06-17 13:00:00,4285,4320,4285,4310,70,4284.19,3661
2026-06-17 13:05:00,4310,4310,4295,4305,30,4284.63,3661
2026-06-17 13:10:00,4305,4310,4285,4290,46,4285.07,3661
2026-06-17 13:15:00,4295,4305,4285,4305,52,4285.45,3661
2026-06-17 13:20:00,4305,4310,4295,4310,48,4286.06,3661
2026-06-17 13:30:00,4320,4320,4320,4320,88,4288.05,3661
2026-06-18 09:00:00,4320,4390,4270,4380,240,4335.08,3661
2026-06-18 09:05:00,4380,4380,4280,4280,124,4331.06,3661
2026-06-18 09:10:00,4300,4305,4290,4290,18,4329.42,3661
2026-06-18 09:15:00,4300,4330,4300,4330,17,4328.65,3661
2026-06-18 09:20:00,4330,4330,4320,4320,17,4328.44,3661
2026-06-18 09:25:00,4310,4310,4275,4280,70,4322.12,3661
2026-06-18 09:30:00,4290,4325,4290,4320,17,4321.76,3661
2026-06-18 09:35:00,4315,4360,4310,4340,71,4324.86,3661
2026-06-18 09:40:00,4340,4340,4340,4340,9,4325.09,3661
2026-06-18 09:45:00,4340,4395,4335,4395,107,4331.52,3661
2026-06-18 09:50:00,4400,4445,4390,4405,156,4347.06,3661
2026-06-18 09:55:00,4410,4440,4400,4410,45,4350.59,3661
2026-06-18 10:00:00,4420,4450,4415,4450,69,4356.83,3661
2026-06-18 10:05:00,4450,4515,4445,4510,150,4373.78,3661
2026-06-18 10:10:00,4510,4530,4485,4490,55,4380.38,3661
2026-06-18 10:15:00,4485,4500,4480,4485,27,4382.88,3661
2026-06-18 10:20:00,4470,4495,4470,4495,24,4384.99,3661
2026-06-18 10:25:00,4495,4495,4490,4495,14,4386.22,3661
2026-06-18 10:30:00,4495,4500,4485,4485,13,4387.35,3661
2026-06-18 10:35:00,4485,4510,4485,4510,21,4389.17,3661
2026-06-18 10:40:00,4505,4510,4480,4480,18,4390.71,3661
2026-06-18 10:45:00,4480,4480,4460,4465,16,4391.66,3661
2026-06-18 10:50:00,4465,4465,4435,4435,29,4393.03,3661
2026-06-18 10:55:00,4445,4475,4440,4475,15,4393.73,3661
2026-06-18 11:00:00,4475,4475,4460,4460,24,4395.06,3661
2026-06-18 11:05:00,4460,4460,4440,4440,17,4395.76,3661
2026-06-18 11:10:00,4435,4435,4415,4415,15,4396.15,3661
2026-06-18 11:15:00,4420,4435,4420,4425,14,4396.43,3661
2026-06-18 11:20:00,4425,4430,4420,4430,22,4396.9,3661
2026-06-18 11:25:00,4425,4425,4420,4420,4,4396.98,3661
2026-06-18 11:30:00,4425,4440,4425,4430,18,4397.47,3661
2026-06-18 11:35:00,4425,4425,4415,4415,10,4397.62,3661
2026-06-18 11:40:00,4410,4410,4405,4405,17,4397.73,3661
2026-06-18 11:45:00,4410,4415,4410,4415,9,4397.81,3661
2026-06-18 11:50:00,4420,4425,4420,4420,9,4397.96,3661
2026-06-18 11:55:00,4420,4420,4405,4405,11,4398.07,3661
2026-06-18 12:00:00,4405,4405,4400,4400,22,4398.13,3661
2026-06-18 12:05:00,4395,4395,4380,4385,21,4397.98,3661
2026-06-18 12:10:00,4385,4385,4365,4365,14,4397.75,3661
2026-06-18 12:15:00,4360,4365,4360,4360,7,4397.6,3661
2026-06-18 12:20:00,4365,4380,4365,4380,24,4397.18,3661
2026-06-18 12:25:00,4390,4390,4380,4380,18,4397.02,3661
2026-06-18 12:30:00,4380,4395,4380,4390,13,4396.95,3661
2026-06-18 12:35:00,4390,4390,4380,4380,6,4396.9,3661
2026-06-18 12:40:00,4380,4380,4380,4380,2,4396.88,3661
2026-06-18 12:45:00,4380,4385,4380,4380,11,4396.77,3661
2026-06-18 12:50:00,4385,4390,4385,4390,12,4396.7,3661
2026-06-18 12:55:00,4385,4390,4375,4375,26,4396.47,3661
2026-06-18 13:00:00,4370,4370,4365,4365,15,4396.23,3661
2026-06-18 13:05:00,4365,4375,4365,4370,30,4395.79,3661
2026-06-18 13:10:00,4370,4385,4370,4380,24,4395.55,3661
2026-06-18 13:15:00,4375,4375,4370,4370,13,4395.37,3661
2026-06-18 13:20:00,4375,4420,4375,4420,54,4395.12,3661
2026-06-18 13:30:00,4380,4380,4380,4380,278,4393.12,3661
2026-06-22 09:00:00,4510,4565,4475,4550,241,4524.02,3661
2026-06-22 09:05:00,4555,4580,4510,4510,153,4535.1,3661
2026-06-22 09:10:00,4515,4545,4495,4495,50,4533.42,3661
2026-06-22 09:15:00,4495,4510,4460,4460,75,4527.74,3661
2026-06-22 09:20:00,4465,4500,4460,4495,19,4526.29,3661
2026-06-22 09:25:00,4500,4505,4450,4465,52,4522.15,3661
2026-06-22 09:30:00,4465,4485,4455,4460,37,4518.92,3661
2026-06-22 09:35:00,4465,4480,4465,4475,18,4517.71,3661
2026-06-22 09:40:00,4480,4485,4470,4470,27,4516.03,3661
2026-06-22 09:45:00,4465,4465,4450,4465,34,4513.12,3661
2026-06-22 09:50:00,4470,4470,4445,4450,42,4509.84,3661
2026-06-22 09:55:00,4450,4470,4440,4440,20,4508.37,3661
2026-06-22 10:00:00,4450,4450,4430,4435,39,4504.95,3661
2026-06-22 10:05:00,4435,4440,4420,4440,43,4500.99,3661
2026-06-22 10:10:00,4450,4475,4450,4460,21,4500.09,3661
2026-06-22 10:15:00,4455,4455,4455,4455,2,4499.99,3661
2026-06-22 10:20:00,4455,4455,4440,4450,21,4498.78,3661
2026-06-22 10:25:00,4450,4450,4410,4410,44,4495.22,3661
2026-06-22 10:30:00,4405,4410,4400,4405,30,4492.42,3661
2026-06-22 10:35:00,4410,4410,4395,4395,26,4490.16,3661
2026-06-22 10:40:00,4395,4395,4375,4380,42,4485.89,3661
2026-06-22 10:45:00,4380,4390,4375,4375,37,4482.29,3661
2026-06-22 10:50:00,4375,4385,4370,4380,24,4479.95,3661
2026-06-22 10:55:00,4380,4380,4355,4370,41,4475.87,3661
2026-06-22 11:00:00,4365,4365,4365,4365,12,4474.71,3661
2026-06-22 11:05:00,4365,4365,4335,4335,41,4470.51,3661
2026-06-22 11:10:00,4330,4330,4315,4315,19,4468.22,3661
2026-06-22 11:15:00,4310,4325,4310,4315,48,4462.35,3661
2026-06-22 11:20:00,4315,4320,4310,4315,17,4460.4,3661
2026-06-22 11:25:00,4315,4315,4310,4315,7,4459.61,3661
2026-06-22 11:30:00,4315,4345,4315,4330,27,4456.87,3661
2026-06-22 11:35:00,4330,4330,4330,4330,1,4456.77,3661
2026-06-22 11:40:00,4335,4335,4330,4335,14,4455.48,3661
2026-06-22 11:45:00,4335,4340,4335,4335,9,4454.68,3661
2026-06-22 11:50:00,4335,4335,4305,4310,48,4449.92,3661
2026-06-22 11:55:00,4310,4310,4305,4310,28,4447.11,3661
2026-06-22 12:00:00,4315,4315,4305,4310,22,4445.01,3661
2026-06-22 12:05:00,4310,4310,4305,4310,11,4443.97,3661
2026-06-22 12:10:00,4310,4310,4305,4310,17,4442.39,3661
2026-06-22 12:15:00,4310,4310,4310,4310,4,4442.03,3661
2026-06-22 12:20:00,4310,4310,4305,4305,9,4441.21,3661
2026-06-22 12:25:00,4305,4315,4305,4315,13,4440.08,3661
2026-06-22 12:30:00,4320,4330,4295,4295,57,4435.1,3661
2026-06-22 12:35:00,4295,4295,4285,4285,30,4432.32,3661
2026-06-22 12:40:00,4290,4315,4285,4305,42,4428.83,3661
2026-06-22 12:45:00,4310,4315,4310,4315,9,4428.19,3661
2026-06-22 12:55:00,4315,4340,4315,4340,30,4426.41,3661
2026-06-22 13:00:00,4340,4355,4340,4340,21,4425.38,3661
2026-06-22 13:05:00,4340,4360,4340,4360,21,4424.41,3661
2026-06-22 13:10:00,4360,4360,4355,4355,13,4423.91,3661
2026-06-22 13:15:00,4350,4360,4340,4340,39,4422.35,3661
2026-06-22 13:20:00,4340,4345,4315,4315,37,4420.52,3661
2026-06-22 13:30:00,4325,4325,4325,4325,96,4415.64,3661
2026-06-23 09:00:00,4410,4410,4300,4305,148,4370.88,3661
2026-06-23 09:05:00,4305,4325,4275,4310,61,4349.98,3661
2026-06-23 09:10:00,4310,4320,4305,4320,28,4345.99,3661
2026-06-23 09:15:00,4320,4325,4230,4260,114,4323.09,3661
2026-06-23 09:20:00,4260,4265,4240,4240,38,4316.48,3661
2026-06-23 09:25:00,4240,4260,4230,4235,28,4311.63,3661
2026-06-23 09:30:00,4240,4255,4225,4235,54,4303.31,3661
2026-06-23 09:35:00,4240,4240,4235,4235,3,4302.89,3661
2026-06-23 09:40:00,4245,4270,4240,4240,39,4299.03,3661
2026-06-23 09:45:00,4245,4245,4220,4220,31,4295.09,3661
2026-06-23 09:50:00,4215,4280,4215,4280,42,4291.63,3661
2026-06-23 09:55:00,4280,4335,4280,4325,99,4294.79,3661
2026-06-23 10:00:00,4325,4335,4310,4310,28,4296.0,3661
2026-06-23 10:05:00,4320,4335,4320,4320,37,4297.58,3661
2026-06-23 10:10:00,4320,4325,4320,4320,8,4297.83,3661
2026-06-23 10:15:00,4315,4320,4295,4315,24,4298.16,3661
2026-06-23 10:20:00,4320,4320,4315,4315,5,4298.29,3661
2026-06-23 10:25:00,4320,4360,4320,4355,57,4301.29,3661
2026-06-23 10:30:00,4355,4380,4350,4370,32,4303.7,3661
2026-06-23 10:35:00,4370,4370,4355,4355,13,4304.61,3661
2026-06-23 10:40:00,4365,4440,4365,4420,172,4321.08,3661
2026-06-23 10:45:00,4420,4490,4410,4480,122,4334.09,3661
2026-06-23 10:50:00,4490,4515,4485,4490,134,4350.92,3661
2026-06-23 10:55:00,4490,4525,4470,4470,83,4359.7,3661
2026-06-23 11:00:00,4460,4465,4445,4465,32,4361.84,3661
2026-06-23 11:05:00,4465,4465,4440,4440,20,4363.05,3661
2026-06-23 11:10:00,4435,4435,4425,4430,31,4364.45,3661
2026-06-23 11:15:00,4430,4430,4410,4410,24,4365.35,3661
2026-06-23 11:20:00,4410,4410,4400,4400,31,4366.17,3661
2026-06-23 11:25:00,4400,4430,4400,4430,20,4366.69,3661
2026-06-23 11:30:00,4435,4435,4400,4420,20,4367.28,3661
2026-06-23 11:35:00,4405,4405,4385,4385,17,4367.57,3661
2026-06-23 11:40:00,4385,4385,4365,4370,26,4367.7,3661
2026-06-23 11:45:00,4365,4385,4365,4375,19,4367.79,3661
2026-06-23 11:50:00,4380,4405,4380,4405,25,4368.18,3661
2026-06-23 11:55:00,4405,4415,4405,4415,15,4368.56,3661
2026-06-23 12:00:00,4415,4425,4405,4415,16,4369.0,3661
2026-06-23 12:05:00,4425,4430,4420,4430,22,4369.72,3661
2026-06-23 12:10:00,4430,4430,4410,4410,22,4370.41,3661
2026-06-23 12:15:00,4410,4410,4395,4395,15,4370.67,3661
2026-06-23 12:20:00,4395,4400,4390,4400,21,4370.95,3661
2026-06-23 12:25:00,4400,4405,4390,4405,14,4371.18,3661
2026-06-23 12:30:00,4415,4415,4400,4415,18,4371.55,3661
2026-06-23 12:35:00,4410,4425,4405,4410,14,4371.88,3661
2026-06-23 12:40:00,4410,4420,4400,4400,6,4372.01,3661
2026-06-23 12:45:00,4400,4405,4390,4390,19,4372.28,3661
2026-06-23 12:50:00,4395,4395,4375,4375,21,4372.4,3661
2026-06-23 12:55:00,4375,4375,4365,4365,9,4372.39,3661
2026-06-23 13:00:00,4365,4380,4365,4375,26,4372.4,3661
2026-06-23 13:05:00,4375,4375,4350,4360,39,4372.18,3661
2026-06-23 13:10:00,4365,4375,4365,4375,14,4372.18,3661
2026-06-23 13:15:00,4380,4385,4375,4380,23,4372.29,3661
2026-06-23 13:20:00,4380,4380,4375,4375,18,4372.32,3661
2026-06-23 13:30:00,4375,4375,4375,4375,87,4372.43,3661
2026-06-24 09:00:00,4315,4315,4245,4265,159,4271.38,3661
2026-06-24 09:05:00,4260,4265,4225,4230,100,4261.74,3661
2026-06-24 09:10:00,4230,4250,4225,4245,43,4258.16,3661
2026-06-24 09:15:00,4245,4245,4220,4220,54,4254.24,3661
2026-06-24 09:20:00,4230,4275,4225,4275,21,4254.26,3661
2026-06-24 09:25:00,4275,4280,4255,4260,37,4255.7,3661
2026-06-24 09:30:00,4260,4345,4255,4325,102,4265.16,3661
2026-06-24 09:35:00,4320,4325,4285,4290,23,4267.09,3661
2026-06-24 09:40:00,4295,4300,4285,4285,10,4267.5,3661
2026-06-24 09:45:00,4285,4305,4285,4305,13,4268.1,3661
2026-06-24 09:50:00,4310,4310,4300,4310,15,4269.12,3661
2026-06-24 09:55:00,4315,4320,4315,4315,17,4270.54,3661
2026-06-24 10:00:00,4320,4320,4310,4310,8,4271.12,3661
2026-06-24 10:05:00,4300,4300,4285,4290,12,4271.58,3661
2026-06-24 10:10:00,4295,4305,4295,4305,16,4272.36,3661
2026-06-24 10:15:00,4290,4300,4285,4300,5,4272.54,3661
2026-06-24 10:20:00,4305,4305,4260,4260,36,4272.77,3661
2026-06-24 10:25:00,4270,4290,4265,4290,13,4272.79,3661
2026-06-24 10:30:00,4300,4310,4285,4300,10,4273.18,3661
2026-06-24 10:35:00,4300,4300,4285,4285,3,4273.26,3661
2026-06-24 10:40:00,4290,4290,4265,4265,9,4273.31,3661
2026-06-24 10:45:00,4280,4280,4265,4265,7,4273.26,3661
2026-06-24 10:50:00,4260,4260,4245,4245,21,4272.65,3661
2026-06-24 10:55:00,4245,4250,4245,4245,13,4272.24,3661
2026-06-24 11:00:00,4245,4245,4235,4235,11,4271.79,3661
2026-06-24 11:05:00,4235,4240,4235,4240,8,4271.44,3661
2026-06-24 11:10:00,4245,4255,4245,4255,12,4271.11,3661
2026-06-24 11:15:00,4250,4250,4245,4245,5,4270.96,3661
2026-06-24 11:20:00,4245,4260,4245,4260,12,4270.69,3661
2026-06-24 11:25:00,4265,4275,4265,4275,5,4270.67,3661
2026-06-24 11:30:00,4275,4285,4275,4285,12,4270.81,3661
2026-06-24 11:35:00,4280,4280,4275,4275,6,4270.85,3661
2026-06-24 11:40:00,4280,4290,4280,4290,7,4270.98,3661
2026-06-24 11:45:00,4285,4285,4270,4270,6,4271.04,3661
2026-06-24 11:50:00,4275,4275,4275,4275,1,4271.05,3661
2026-06-24 11:55:00,4270,4275,4270,4275,7,4271.06,3661
2026-06-24 12:00:00,4275,4280,4265,4265,14,4271.11,3661
2026-06-24 12:05:00,4270,4270,4270,4270,1,4271.11,3661
2026-06-24 12:10:00,4265,4265,4265,4265,1,4271.11,3661
2026-06-24 12:15:00,4260,4270,4250,4250,12,4270.9,3661
2026-06-24 12:20:00,4255,4260,4255,4255,4,4270.83,3661
2026-06-24 12:25:00,4260,4270,4260,4270,12,4270.77,3661
2026-06-24 12:30:00,4265,4265,4265,4265,2,4270.76,3661
2026-06-24 12:35:00,4280,4295,4280,4290,23,4271.18,3661
2026-06-24 12:40:00,4290,4300,4280,4300,14,4271.51,3661
2026-06-24 12:45:00,4300,4305,4300,4300,12,4271.88,3661
2026-06-24 12:50:00,4305,4305,4300,4305,17,4272.46,3661
2026-06-24 12:55:00,4305,4305,4305,4305,9,4272.77,3661
2026-06-24 13:00:00,4300,4305,4300,4305,19,4273.39,3661
2026-06-24 13:05:00,4305,4315,4305,4315,18,4274.06,3661
2026-06-24 13:10:00,4320,4325,4315,4325,23,4275.13,3661
2026-06-24 13:15:00,4330,4335,4330,4335,15,4275.96,3661
2026-06-24 13:20:00,4330,4340,4325,4335,26,4277.37,3661
2026-06-24 13:30:00,4330,4330,4330,4330,72,4280.71,3661
2026-06-25 09:00:00,4350,4415,4300,4400,190,4355.74,3661
2026-06-25 09:05:00,4400,4460,4375,4385,137,4384.77,3661
2026-06-25 09:10:00,4385,4395,4330,4340,42,4382.26,3661
2026-06-25 09:15:00,4340,4380,4330,4355,59,4377.82,3661
2026-06-25 09:20:00,4370,4380,4370,4375,10,4377.73,3661
2026-06-25 09:25:00,4375,4375,4345,4345,18,4377.04,3661
2026-06-25 09:30:00,4355,4360,4345,4345,22,4375.86,3661
2026-06-25 09:35:00,4340,4355,4335,4355,19,4374.61,3661
2026-06-25 09:40:00,4345,4345,4330,4335,17,4373.26,3661
2026-06-25 09:45:00,4335,4335,4305,4305,48,4368.72,3661
2026-06-25 09:50:00,4305,4305,4265,4270,96,4356.53,3661
2026-06-25 09:55:00,4270,4270,4240,4260,98,4343.25,3661
2026-06-25 10:00:00,4260,4275,4225,4225,98,4331.88,3661
2026-06-25 10:05:00,4225,4235,4205,4205,73,4323.12,3661
2026-06-25 10:10:00,4205,4205,4135,4150,108,4306.97,3661
2026-06-25 10:15:00,4160,4185,4150,4175,52,4300.1,3661
2026-06-25 10:20:00,4180,4185,4170,4170,17,4298.21,3661
2026-06-25 10:25:00,4175,4195,4175,4185,17,4296.54,3661
2026-06-25 10:30:00,4180,4190,4175,4180,16,4294.93,3661
2026-06-25 10:35:00,4180,4185,4160,4170,28,4291.99,3661
2026-06-25 10:40:00,4170,4175,4150,4175,24,4289.31,3661
2026-06-25 10:45:00,4170,4185,4170,4175,9,4288.46,3661
2026-06-25 10:50:00,4185,4205,4185,4200,20,4286.92,3661
2026-06-25 10:55:00,4200,4205,4200,4205,8,4286.37,3661
2026-06-25 11:00:00,4205,4205,4200,4200,4,4286.1,3661
2026-06-25 11:05:00,4205,4240,4205,4230,39,4284.21,3661
2026-06-25 11:10:00,4225,4240,4225,4225,13,4283.67,3661
2026-06-25 11:15:00,4225,4235,4225,4230,8,4283.33,3661
2026-06-25 11:20:00,4225,4225,4215,4215,2,4283.24,3661
2026-06-25 11:25:00,4215,4215,4205,4205,4,4283.01,3661
2026-06-25 11:30:00,4205,4215,4205,4215,8,4282.57,3661
2026-06-25 11:35:00,4205,4205,4205,4205,3,4282.39,3661
2026-06-25 11:40:00,4205,4205,4200,4200,11,4281.71,3661
2026-06-25 11:45:00,4200,4200,4190,4190,9,4281.13,3661
2026-06-25 11:50:00,4190,4195,4190,4195,8,4280.6,3661
2026-06-25 11:55:00,4195,4215,4195,4215,15,4279.76,3661
2026-06-25 12:00:00,4215,4235,4200,4235,35,4278.26,3661
2026-06-25 12:05:00,4240,4310,4240,4260,123,4278.14,3661
2026-06-25 12:10:00,4255,4260,4250,4260,5,4278.07,3661
2026-06-25 12:15:00,4265,4295,4265,4275,33,4278.21,3661
2026-06-25 12:20:00,4275,4285,4275,4280,11,4278.22,3661
2026-06-25 12:25:00,4275,4275,4260,4270,19,4278.13,3661
2026-06-25 12:30:00,4260,4265,4260,4260,9,4278.04,3661
2026-06-25 12:35:00,4265,4270,4265,4270,10,4277.99,3661
2026-06-25 12:40:00,4270,4270,4250,4250,13,4277.85,3661
2026-06-25 12:45:00,4260,4265,4260,4260,11,4277.75,3661
2026-06-25 12:50:00,4265,4265,4265,4265,7,4277.69,3661
2026-06-25 12:55:00,4250,4250,4245,4250,15,4277.42,3661
2026-06-25 13:00:00,4250,4250,4250,4250,20,4277.09,3661
2026-06-25 13:05:00,4255,4265,4255,4255,21,4276.88,3661
2026-06-25 13:10:00,4255,4260,4240,4240,29,4276.44,3661
2026-06-25 13:15:00,4240,4250,4230,4230,34,4275.7,3661
2026-06-25 13:20:00,4230,4240,4220,4230,48,4274.45,3661
2026-06-25 13:30:00,4230,4230,4230,4230,142,4271.18,3661
2026-06-26 09:00:00,4135,4155,4085,4110,235,4120.0,3661
2026-06-26 09:05:00,4115,4115,4055,4110,146,4106.34,3661
2026-06-26 09:10:00,4115,4135,4100,4125,71,4108.54,3661
2026-06-26 09:15:00,4120,4155,4120,4135,71,4112.69,3661
2026-06-26 09:20:00,4135,4140,4130,4135,21,4113.5,3661
2026-06-26 09:25:00,4130,4135,4115,4135,28,4114.07,3661
2026-06-26 09:30:00,4130,4170,4130,4150,58,4117.56,3661
2026-06-26 09:35:00,4165,4170,4140,4140,30,4119.37,3661
2026-06-26 09:40:00,4135,4135,4095,4095,47,4118.91,3661
2026-06-26 09:45:00,4100,4100,4055,4060,78,4114.66,3661
2026-06-26 09:50:00,4055,4090,4055,4070,48,4112.28,3661
2026-06-26 09:55:00,4070,4085,4060,4075,39,4110.41,3661
2026-06-26 10:00:00,4075,4075,4070,4075,14,4109.81,3661
2026-06-26 10:05:00,4075,4075,4060,4060,28,4108.54,3661
2026-06-26 10:10:00,4060,4070,4060,4060,25,4107.31,3661
2026-06-26 10:15:00,4060,4070,4060,4065,13,4106.7,3661
2026-06-26 10:20:00,4060,4060,4050,4050,32,4104.95,3661
2026-06-26 10:25:00,4050,4065,4045,4065,23,4103.79,3661
2026-06-26 10:30:00,4065,4065,4055,4060,8,4103.45,3661
2026-06-26 10:35:00,4055,4055,4025,4035,58,4100.0,3661
2026-06-26 10:40:00,4035,4035,4010,4010,36,4097.36,3661
2026-06-26 10:45:00,4010,4010,3985,3990,42,4093.87,3661
2026-06-26 10:50:00,3990,4000,3980,4000,31,4091.18,3661
2026-06-26 10:55:00,4000,4005,3995,3995,14,4090.1,3661
2026-06-26 11:00:00,3995,3995,3935,3945,46,4085.52,3661
2026-06-26 11:05:00,3945,3950,3900,3905,130,4069.52,3661
2026-06-26 11:10:00,3910,3925,3890,3925,62,4062.59,3661
2026-06-26 11:15:00,3930,3955,3930,3955,42,4059.12,3661
2026-06-26 11:20:00,3950,3950,3905,3905,41,4055.4,3661
2026-06-26 11:25:00,3910,3950,3910,3945,12,4054.43,3661
2026-06-26 11:30:00,3950,3950,3925,3930,15,4053.31,3661
2026-06-26 11:35:00,3940,3945,3935,3935,9,4052.66,3661
2026-06-26 11:40:00,3935,3940,3935,3940,7,4052.14,3661
2026-06-26 11:45:00,3950,3955,3945,3945,10,4051.48,3661
2026-06-26 11:50:00,3955,3975,3955,3975,16,4050.58,3661
2026-06-26 11:55:00,3980,3995,3980,3980,19,4049.8,3661
2026-06-26 12:00:00,3985,3985,3965,3980,16,4049.07,3661
2026-06-26 12:05:00,3985,3985,3980,3985,6,4048.83,3661
2026-06-26 12:10:00,3980,3990,3980,3990,5,4048.64,3661
2026-06-26 12:15:00,3990,3990,3980,3985,8,4048.33,3661
2026-06-26 12:20:00,3985,3985,3965,3970,12,4047.81,3661
2026-06-26 12:25:00,3970,3970,3965,3965,9,4047.38,3661
2026-06-26 12:30:00,3965,3970,3960,3960,11,4046.83,3661
2026-06-26 12:35:00,3960,3960,3955,3955,18,4045.86,3661
2026-06-26 12:40:00,3955,3955,3945,3955,27,4044.37,3661
2026-06-26 12:45:00,3955,3955,3945,3950,10,4043.83,3661
2026-06-26 12:50:00,3950,3950,3935,3935,17,4042.84,3661
2026-06-26 12:55:00,3935,3935,3930,3930,16,4041.84,3661
2026-06-26 13:00:00,3925,3930,3920,3925,24,4040.26,3661
2026-06-26 13:05:00,3920,3920,3905,3905,32,4038.0,3661
2026-06-26 13:10:00,3905,3915,3905,3905,26,4036.18,3661
2026-06-26 13:15:00,3910,3910,3885,3885,70,4031.11,3661
2026-06-26 13:20:00,3885,3900,3885,3885,59,4026.82,3661
2026-06-26 13:30:00,3870,3870,3870,3870,106,4018.82,3661
2026-06-29 09:00:00,3900,3960,3895,3945,141,3929.61,3661
2026-06-29 09:05:00,3945,3975,3930,3930,62,3938.4,3661
2026-06-29 09:10:00,3935,3945,3900,3940,37,3936.44,3661
2026-06-29 09:15:00,3940,3975,3915,3920,47,3939.16,3661
2026-06-29 09:20:00,3915,3940,3890,3925,29,3937.41,3661
2026-06-29 09:25:00,3925,3950,3900,3905,26,3936.01,3661
2026-06-29 09:30:00,3915,3930,3910,3910,20,3935.18,3661
2026-06-29 09:35:00,3910,3930,3910,3915,12,3934.49,3661
2026-06-29 09:40:00,3925,3930,3920,3930,8,3934.27,3661
2026-06-29 09:45:00,3935,3980,3925,3975,60,3936.97,3661
2026-06-29 09:50:00,3975,3975,3960,3960,22,3938.39,3661
2026-06-29 09:55:00,3965,3970,3950,3950,14,3939.06,3661
2026-06-29 10:00:00,3950,3990,3950,3965,61,3942.69,3661
2026-06-29 10:05:00,3970,3970,3955,3955,16,3943.14,3661
2026-06-29 10:10:00,3960,3970,3960,3960,8,3943.42,3661
2026-06-29 10:15:00,3960,3990,3960,3985,24,3944.88,3661
2026-06-29 10:20:00,3990,3990,3980,3980,7,3945.38,3661
2026-06-29 10:25:00,3980,4015,3980,3985,55,3949.68,3661
2026-06-29 10:30:00,3980,3990,3980,3980,6,3949.99,3661
2026-06-29 10:35:00,3975,3975,3960,3960,9,3950.2,3661
2026-06-29 10:40:00,3965,3965,3950,3950,19,3950.42,3661
2026-06-29 10:45:00,3950,3950,3945,3945,17,3950.4,3661
2026-06-29 10:50:00,3955,3955,3950,3950,3,3950.41,3661
2026-06-29 10:55:00,3950,3955,3950,3955,5,3950.43,3661
2026-06-29 11:00:00,3960,3980,3960,3975,8,3950.67,3661
2026-06-29 11:05:00,3985,3985,3975,3985,8,3951.0,3661
2026-06-29 11:10:00,3985,3985,3965,3965,10,3951.36,3661
2026-06-29 11:20:00,3965,3965,3965,3965,3,3951.41,3661
2026-06-29 11:25:00,3960,3970,3960,3970,7,3951.53,3661
2026-06-29 11:30:00,3970,3970,3970,3970,2,3951.58,3661
2026-06-29 11:35:00,3955,3955,3940,3950,12,3951.52,3661
2026-06-29 11:40:00,3940,3945,3935,3945,16,3951.29,3661
2026-06-29 11:45:00,3940,3945,3940,3945,2,3951.26,3661
2026-06-29 11:50:00,3950,3970,3950,3970,9,3951.37,3661
2026-06-29 11:55:00,3965,3965,3965,3965,2,3951.4,3661
2026-06-29 12:00:00,3965,3965,3965,3965,5,3951.49,3661
2026-06-29 12:05:00,3960,3960,3960,3960,2,3951.51,3661
2026-06-29 12:10:00,3965,3965,3965,3965,2,3951.55,3661
2026-06-29 12:15:00,3955,3955,3955,3955,1,3951.55,3661
2026-06-29 12:20:00,3955,3975,3955,3975,6,3951.65,3661
2026-06-29 12:25:00,3965,3970,3965,3965,5,3951.74,3661
2026-06-29 12:30:00,3970,3970,3960,3965,8,3951.88,3661
2026-06-29 12:35:00,3960,3975,3960,3975,17,3952.18,3661
2026-06-29 12:40:00,3970,3970,3970,3970,3,3952.24,3661
2026-06-29 12:45:00,3970,3980,3970,3975,8,3952.47,3661
2026-06-29 12:50:00,3975,3990,3975,3985,29,3953.44,3661
2026-06-29 12:55:00,3980,3985,3980,3980,3,3953.53,3661
2026-06-29 13:00:00,3975,3975,3965,3975,20,3953.93,3661
2026-06-29 13:05:00,3970,3975,3965,3975,21,3954.28,3661
2026-06-29 13:10:00,3980,3985,3980,3980,15,3954.7,3661
2026-06-29 13:15:00,3980,3985,3980,3985,20,3955.26,3661
2026-06-29 13:20:00,3985,4000,3980,3985,27,3956.21,3661
2026-06-29 13:30:00,3985,3985,3985,3985,76,3958.28,3661
2026-06-30 09:00:00,4150,4150,4050,4095,121,4109.34,3661
2026-06-30 09:05:00,4095,4125,4090,4095,50,4107.78,3661
2026-06-30 09:10:00,4095,4125,4080,4095,38,4106.27,3661
2026-06-30 09:15:00,4085,4100,4070,4100,33,4102.73,3661
2026-06-30 09:20:00,4100,4115,4090,4110,17,4102.92,3661
2026-06-30 09:25:00,4105,4160,4100,4160,73,4110.32,3661
2026-06-30 09:30:00,4160,4160,4135,4135,27,4113.38,3661
2026-06-30 09:35:00,4130,4135,4100,4130,24,4113.54,3661
2026-06-30 09:40:00,4130,4150,4130,4150,14,4114.51,3661
2026-06-30 09:45:00,4150,4170,4145,4165,46,4119.11,3661
2026-06-30 09:50:00,4160,4160,4145,4150,10,4119.83,3661
2026-06-30 09:55:00,4150,4185,4150,4175,58,4125.56,3661
2026-06-30 10:00:00,4175,4175,4155,4165,19,4126.96,3661
2026-06-30 10:05:00,4170,4240,4170,4240,103,4139.84,3661
2026-06-30 10:10:00,4245,4260,4235,4235,85,4152.68,3661
2026-06-30 10:15:00,4250,4260,4245,4245,64,4160.86,3661
2026-06-30 10:20:00,4250,4320,4250,4320,114,4176.74,3661
2026-06-30 10:25:00,4320,4325,4305,4315,39,4182.57,3661
2026-06-30 10:30:00,4310,4310,4265,4265,37,4186.77,3661
2026-06-30 10:35:00,4265,4275,4265,4275,24,4188.8,3661
2026-06-30 10:40:00,4275,4275,4255,4255,42,4191.89,3661
2026-06-30 10:45:00,4260,4265,4260,4260,18,4193.09,3661
2026-06-30 10:50:00,4260,4260,4260,4260,7,4193.53,3661
2026-06-30 10:55:00,4265,4270,4215,4215,62,4196.2,3661
2026-06-30 11:00:00,4215,4220,4210,4215,21,4196.51,3661
2026-06-30 11:05:00,4220,4225,4220,4220,8,4196.69,3661
2026-06-30 11:10:00,4220,4220,4200,4210,42,4197.09,3661
2026-06-30 11:15:00,4225,4250,4225,4250,12,4197.51,3661
2026-06-30 11:20:00,4240,4240,4240,4240,1,4197.55,3661
2026-06-30 11:25:00,4235,4235,4220,4230,6,4197.7,3661
2026-06-30 11:30:00,4240,4240,4235,4235,3,4197.8,3661
2026-06-30 11:35:00,4235,4255,4235,4245,24,4198.78,3661
2026-06-30 11:40:00,4240,4240,4240,4240,2,4198.85,3661
2026-06-30 11:45:00,4235,4255,4225,4255,16,4199.36,3661
2026-06-30 11:50:00,4255,4260,4250,4250,24,4200.38,3661
2026-06-30 11:55:00,4250,4250,4250,4250,3,4200.49,3661
2026-06-30 12:00:00,4245,4250,4245,4250,9,4200.83,3661
2026-06-30 12:05:00,4255,4260,4255,4255,29,4202.05,3661
2026-06-30 12:10:00,4250,4250,4250,4250,6,4202.27,3661
2026-06-30 12:15:00,4255,4255,4255,4255,6,4202.5,3661
2026-06-30 12:20:00,4260,4260,4260,4260,10,4202.93,3661
2026-06-30 12:25:00,4260,4270,4260,4260,28,4204.17,3661
2026-06-30 12:35:00,4260,4260,4255,4255,12,4204.63,3661
2026-06-30 12:40:00,4245,4245,4245,4245,6,4204.8,3661
2026-06-30 12:45:00,4250,4255,4250,4250,9,4205.1,3661
2026-06-30 12:50:00,4250,4260,4250,4260,8,4205.4,3661
2026-06-30 12:55:00,4260,4260,4245,4245,18,4205.98,3661
2026-06-30 13:00:00,4245,4245,4245,4245,7,4206.17,3661
2026-06-30 13:05:00,4245,4250,4240,4240,11,4206.44,3661
2026-06-30 13:10:00,4240,4245,4240,4240,8,4206.64,3661
2026-06-30 13:15:00,4240,4250,4240,4250,23,4207.26,3661
2026-06-30 13:20:00,4245,4245,4200,4200,74,4207.92,3661
2026-06-30 13:30:00,4180,4180,4180,4180,210,4204.59,3661
2026-07-01 09:00:00,4200,4275,4200,4215,130,4226.19,3661
2026-07-01 09:05:00,4220,4250,4220,4240,42,4228.78,3661
2026-07-01 09:10:00,4240,4260,4215,4215,49,4231.38,3661
2026-07-01 09:15:00,4215,4215,4175,4200,67,4223.21,3661
2026-07-01 09:20:00,4205,4230,4200,4220,45,4222.16,3661
2026-07-01 09:25:00,4220,4290,4215,4280,90,4228.94,3661
2026-07-01 09:30:00,4260,4260,4215,4215,50,4230.23,3661
2026-07-01 09:35:00,4220,4220,4195,4215,26,4228.94,3661
2026-07-01 09:40:00,4215,4225,4200,4225,12,4228.54,3661
2026-07-01 09:45:00,4225,4225,4205,4210,12,4228.28,3661
2026-07-01 09:50:00,4215,4225,4205,4210,25,4227.42,3661
2026-07-01 09:55:00,4235,4235,4230,4230,3,4227.45,3661
2026-07-01 10:00:00,4230,4235,4220,4220,6,4227.45,3661
2026-07-01 10:05:00,4220,4220,4220,4220,3,4227.41,3661
2026-07-01 10:10:00,4220,4250,4220,4250,23,4227.85,3661
2026-07-01 10:15:00,4250,4255,4240,4250,12,4228.29,3661
2026-07-01 10:20:00,4250,4280,4250,4265,37,4230.44,3661
2026-07-01 10:25:00,4260,4260,4250,4250,8,4230.77,3661
2026-07-01 10:35:00,4250,4255,4250,4250,5,4230.93,3661
2026-07-01 10:40:00,4250,4300,4245,4300,72,4236.26,3661
2026-07-01 10:45:00,4300,4310,4300,4305,37,4239.52,3661
2026-07-01 10:50:00,4300,4370,4300,4360,127,4253.58,3661
2026-07-01 10:55:00,4360,4360,4330,4335,36,4257.42,3661
2026-07-01 11:00:00,4330,4345,4330,4340,15,4258.68,3661
2026-07-01 11:05:00,4340,4350,4340,4340,10,4259.58,3661
2026-07-01 11:10:00,4340,4360,4340,4355,21,4261.55,3661
2026-07-01 11:15:00,4355,4355,4330,4345,15,4262.8,3661
2026-07-01 11:20:00,4350,4360,4350,4360,12,4263.91,3661
2026-07-01 11:25:00,4360,4375,4360,4360,38,4267.77,3661
2026-07-01 11:30:00,4360,4360,4320,4325,23,4269.26,3661
2026-07-01 11:35:00,4330,4340,4330,4340,7,4269.72,3661
2026-07-01 11:40:00,4340,4340,4335,4335,3,4269.91,3661
2026-07-01 11:45:00,4340,4360,4340,4360,14,4270.97,3661
2026-07-01 11:50:00,4360,4360,4355,4355,3,4271.21,3661
2026-07-01 11:55:00,4350,4360,4340,4360,16,4272.39,3661
2026-07-01 12:00:00,4355,4355,4350,4350,8,4272.97,3661
2026-07-01 12:05:00,4355,4355,4350,4355,3,4273.19,3661
2026-07-01 12:10:00,4350,4350,4335,4335,12,4273.94,3661
2026-07-01 12:15:00,4330,4330,4330,4330,3,4274.09,3661
2026-07-01 12:20:00,4330,4345,4330,4345,12,4274.74,3661
2026-07-01 12:25:00,4345,4370,4345,4365,40,4277.65,3661
2026-07-01 12:30:00,4365,4405,4365,4395,85,4285.16,3661
2026-07-01 12:35:00,4400,4400,4390,4400,25,4287.34,3661
2026-07-01 12:40:00,4405,4410,4400,4405,27,4289.77,3661
2026-07-01 12:45:00,4405,4450,4400,4450,85,4298.12,3661
2026-07-01 12:50:00,4450,4455,4440,4455,42,4302.49,3661
2026-07-01 12:55:00,4455,4455,4425,4440,21,4304.51,3661
2026-07-01 13:00:00,4440,4450,4420,4440,18,4306.14,3661
2026-07-01 13:05:00,4430,4440,4430,4440,14,4307.33,3661
2026-07-01 13:10:00,4440,4445,4435,4440,19,4309.01,3661
2026-07-01 13:15:00,4440,4440,4425,4435,13,4310.07,3661
2026-07-01 13:20:00,4440,4445,4430,4430,32,4312.66,3661
2026-07-01 13:30:00,4450,4450,4450,4450,119,4322.44,3661
2026-07-02 09:00:00,4300,4440,4280,4430,288,4354.57,3661
2026-07-02 09:05:00,4430,4480,4415,4475,180,4390.58,3661
2026-07-02 09:10:00,4480,4520,4425,4440,191,4413.58,3661
2026-07-02 09:15:00,4440,4560,4425,4545,151,4430.44,3661
2026-07-02 09:20:00,4545,4550,4475,4500,138,4442.74,3661
2026-07-02 09:25:00,4500,4520,4475,4475,53,4445.71,3661
2026-07-02 09:30:00,4475,4520,4455,4510,46,4447.4,3661
2026-07-02 09:35:00,4505,4575,4500,4570,144,4459.03,3661
2026-07-02 09:40:00,4575,4625,4565,4610,181,4478.05,3661
2026-07-02 09:45:00,4610,4615,4550,4550,143,4488.33,3661
2026-07-02 09:50:00,4545,4555,4535,4550,35,4489.65,3661
2026-07-02 09:55:00,4550,4550,4535,4540,25,4490.5,3661
2026-07-02 10:00:00,4555,4555,4530,4535,28,4491.31,3661
2026-07-02 10:05:00,4530,4540,4515,4515,29,4491.88,3661
2026-07-02 10:10:00,4510,4510,4505,4510,20,4492.09,3661
2026-07-02 10:15:00,4510,4540,4510,4510,30,4492.56,3661
2026-07-02 10:20:00,4505,4530,4505,4520,18,4492.8,3661
2026-07-02 10:25:00,4515,4520,4505,4505,25,4493.05,3661
2026-07-02 10:30:00,4525,4535,4520,4530,12,4493.28,3661
2026-07-02 10:35:00,4530,4530,4515,4530,8,4493.43,3661
2026-07-02 10:40:00,4520,4530,4520,4530,11,4493.65,3661
2026-07-02 10:45:00,4540,4545,4520,4520,20,4494.12,3661
2026-07-02 10:50:00,4515,4515,4505,4505,25,4494.31,3661
2026-07-02 10:55:00,4505,4520,4505,4520,13,4494.42,3661
2026-07-02 11:00:00,4520,4535,4520,4535,15,4494.68,3661
2026-07-02 11:05:00,4530,4535,4510,4510,22,4495.08,3661
2026-07-02 11:10:00,4510,4510,4495,4510,55,4495.22,3661
2026-07-02 11:15:00,4515,4515,4510,4515,9,4495.31,3661
2026-07-02 11:20:00,4515,4515,4500,4510,33,4495.55,3661
2026-07-02 11:25:00,4510,4510,4495,4500,25,4495.6,3661
2026-07-02 11:30:00,4495,4535,4495,4535,38,4496.05,3661
2026-07-02 11:35:00,4535,4555,4535,4540,48,4497.22,3661
2026-07-02 11:40:00,4535,4535,4520,4520,17,4497.46,3661
2026-07-02 11:45:00,4520,4545,4500,4545,33,4497.89,3661
2026-07-02 11:50:00,4550,4615,4550,4600,141,4503.07,3661
2026-07-02 11:55:00,4600,4600,4570,4580,21,4503.84,3661
2026-07-02 12:00:00,4580,4660,4575,4650,180,4512.9,3661
2026-07-02 12:05:00,4650,4735,4615,4720,188,4525.03,3661
2026-07-02 12:10:00,4720,4730,4695,4730,105,4532.28,3661
2026-07-02 12:15:00,4730,4730,4660,4700,56,4535.58,3661
2026-07-02 12:20:00,4690,4750,4675,4740,113,4542.67,3661
2026-07-02 12:25:00,4745,4780,4745,4755,123,4551.49,3661
2026-07-02 12:30:00,4760,4785,4755,4785,83,4557.22,3661
2026-07-02 12:35:00,4785,4790,4755,4765,42,4560.07,3661
2026-07-02 12:40:00,4755,4775,4720,4760,82,4564.79,3661
2026-07-02 12:45:00,4740,4780,4725,4770,58,4568.28,3661
2026-07-02 12:50:00,4775,4840,4770,4830,122,4576.83,3661
2026-07-02 12:55:00,4835,4895,4825,4895,404,4609.53,3661
2026-07-02 13:00:00,4895,4895,4895,4895,28,4611.61,3661
2026-07-02 13:05:00,4895,4895,4895,4895,17,4612.85,3661
2026-07-02 13:10:00,4895,4895,4895,4895,13,4613.79,3661
2026-07-02 13:15:00,4895,4895,4895,4895,6,4614.23,3661
2026-07-02 13:20:00,4895,4895,4895,4895,10,4614.95,3661
2026-07-02 13:30:00,4895,4895,4895,4895,15,4616.02,3661
2026-07-03 09:00:00,4880,4890,4755,4810,522,4840.77,3661
2026-07-03 09:05:00,4815,4885,4815,4870,205,4846.62,3661
2026-07-03 09:10:00,4865,4870,4775,4775,98,4842.93,3661
2026-07-03 09:15:00,4770,4770,4700,4765,204,4821.64,3661
2026-07-03 09:20:00,4765,4775,4745,4750,80,4817.18,3661
2026-07-03 09:25:00,4760,4770,4725,4725,45,4814.46,3661
2026-07-03 09:30:00,4725,4735,4690,4735,111,4805.59,3661
2026-07-03 09:35:00,4735,4750,4705,4745,36,4803.58,3661
2026-07-03 09:40:00,4750,4770,4740,4740,46,4802.11,3661
2026-07-03 09:45:00,4735,4745,4710,4710,46,4799.8,3661
2026-07-03 09:50:00,4705,4710,4690,4710,107,4792.65,3661
2026-07-03 09:55:00,4715,4750,4715,4745,32,4791.48,3661
2026-07-03 10:00:00,4750,4770,4735,4735,36,4790.67,3661
2026-07-03 10:05:00,4740,4760,4740,4750,21,4790.16,3661
2026-07-03 10:10:00,4755,4755,4725,4725,12,4789.81,3661
2026-07-03 10:15:00,4725,4730,4710,4730,34,4788.28,3661
2026-07-03 10:20:00,4730,4745,4730,4740,10,4787.97,3661
2026-07-03 10:25:00,4730,4730,4720,4730,9,4787.64,3661
2026-07-03 10:30:00,4735,4735,4720,4720,6,4787.43,3661
2026-07-03 10:35:00,4725,4725,4720,4720,6,4787.19,3661
2026-07-03 10:40:00,4720,4725,4720,4725,13,4786.69,3661
2026-07-03 10:45:00,4725,4725,4720,4720,16,4786.08,3661
2026-07-03 10:50:00,4715,4730,4705,4715,25,4785.01,3661
2026-07-03 10:55:00,4730,4730,4725,4725,2,4784.94,3661
2026-07-03 11:00:00,4730,4730,4710,4715,14,4784.4,3661
2026-07-03 11:05:00,4715,4730,4715,4730,7,4784.15,3661
2026-07-03 11:10:00,4730,4735,4730,4735,7,4783.94,3661
2026-07-03 11:15:00,4735,4735,4735,4735,1,4783.91,3661
2026-07-03 11:20:00,4720,4720,4710,4710,35,4782.54,3661
2026-07-03 11:25:00,4715,4715,4700,4700,12,4782.03,3661
2026-07-03 11:30:00,4700,4705,4700,4705,20,4781.14,3661
2026-07-03 11:35:00,4705,4710,4670,4670,58,4778.3,3661
2026-07-03 11:40:00,4675,4685,4675,4675,27,4776.89,3661
2026-07-03 11:45:00,4675,4685,4675,4685,13,4776.24,3661
2026-07-03 11:50:00,4690,4690,4690,4690,1,4776.19,3661
2026-07-03 11:55:00,4685,4720,4685,4710,42,4774.58,3661
2026-07-03 12:00:00,4710,4710,4695,4700,8,4774.29,3661
2026-07-03 12:05:00,4710,4715,4705,4710,5,4774.13,3661
2026-07-03 12:10:00,4710,4710,4685,4685,19,4773.43,3661
2026-07-03 12:15:00,4690,4710,4690,4710,22,4772.59,3661
2026-07-03 12:20:00,4715,4740,4710,4740,38,4771.76,3661
2026-07-03 12:25:00,4730,4730,4725,4730,12,4771.51,3661
2026-07-03 12:30:00,4730,4735,4715,4715,21,4771.06,3661
2026-07-03 12:35:00,4700,4715,4700,4715,10,4770.77,3661
2026-07-03 12:40:00,4715,4730,4715,4725,18,4770.35,3661
2026-07-03 12:45:00,4720,4720,4700,4705,36,4769.37,3661
2026-07-03 12:50:00,4710,4710,4695,4695,18,4768.83,3661
2026-07-03 12:55:00,4695,4705,4695,4700,23,4768.09,3661
2026-07-03 13:00:00,4695,4695,4670,4685,51,4766.17,3661
2026-07-03 13:05:00,4685,4700,4685,4685,22,4765.45,3661
2026-07-03 13:10:00,4690,4690,4680,4685,31,4764.38,3661
2026-07-03 13:15:00,4680,4685,4655,4655,98,4760.53,3661
2026-07-03 13:20:00,4655,4660,4630,4640,135,4754.43,3661
2026-07-03 13:30:00,4650,4650,4650,4650,162,4748.13,3661
2026-07-06 09:00:00,4700,4700,4585,4585,208,4666.35,3661
2026-07-06 09:05:00,4585,4600,4525,4560,114,4630.43,3661
2026-07-06 09:10:00,4565,4565,4535,4545,68,4616.01,3661
2026-07-06 09:15:00,4560,4575,4535,4535,64,4607.54,3661
2026-07-06 09:20:00,4530,4530,4465,4470,120,4584.63,3661
2026-07-06 09:25:00,4465,4475,4460,4460,45,4576.04,3661
2026-07-06 09:30:00,4460,4475,4440,4475,59,4565.49,3661
2026-07-06 09:35:00,4475,4480,4465,4480,17,4563.23,3661
2026-07-06 09:40:00,4485,4485,4455,4455,35,4558.74,3661
2026-07-06 09:45:00,4465,4470,4450,4465,18,4556.4,3661
2026-07-06 09:50:00,4460,4460,4420,4420,63,4547.52,3661
2026-07-06 09:55:00,4415,4430,4410,4430,17,4544.94,3661
2026-07-06 10:00:00,4435,4445,4435,4445,10,4543.68,3661
2026-07-06 10:05:00,4445,4445,4415,4420,33,4539.37,3661
2026-07-06 10:10:00,4420,4420,4365,4370,74,4527.89,3661
2026-07-06 10:15:00,4365,4365,4320,4335,85,4512.5,3661
2026-07-06 10:20:00,4330,4400,4330,4395,41,4507.23,3661
2026-07-06 10:25:00,4385,4385,4350,4350,6,4506.41,3661
2026-07-06 10:30:00,4335,4340,4315,4315,46,4499.04,3661
2026-07-06 10:35:00,4315,4315,4300,4310,30,4494.03,3661
2026-07-06 10:40:00,4315,4315,4280,4285,51,4485.57,3661
2026-07-06 10:45:00,4280,4280,4230,4230,67,4473.28,3661
2026-07-06 10:50:00,4240,4280,4240,4280,51,4465.18,3661
2026-07-06 10:55:00,4285,4300,4270,4295,27,4461.66,3661
2026-07-06 11:00:00,4295,4335,4290,4315,37,4457.63,3661
2026-07-06 11:05:00,4320,4320,4305,4305,8,4456.8,3661
2026-07-06 11:10:00,4305,4305,4290,4290,17,4454.91,3661
2026-07-06 11:15:00,4290,4305,4290,4305,5,4454.35,3661
2026-07-06 11:20:00,4305,4305,4290,4295,19,4452.25,3661
2026-07-06 11:25:00,4295,4295,4295,4295,3,4451.92,3661
2026-07-06 11:30:00,4300,4330,4300,4320,13,4450.65,3661
2026-07-06 11:35:00,4325,4325,4320,4325,8,4449.95,3661
2026-07-06 11:40:00,4325,4325,4310,4310,10,4449.03,3661
2026-07-06 11:45:00,4310,4315,4305,4305,5,4448.56,3661
2026-07-06 11:50:00,4310,4310,4300,4310,7,4447.88,3661
2026-07-06 11:55:00,4305,4310,4305,4310,2,4447.69,3661
2026-07-06 12:00:00,4310,4310,4300,4300,3,4447.4,3661
2026-07-06 12:05:00,4300,4300,4280,4280,17,4445.59,3661
2026-07-06 12:10:00,4280,4305,4280,4305,18,4443.76,3661
2026-07-06 12:15:00,4305,4310,4300,4310,6,4443.22,3661
2026-07-06 12:20:00,4315,4315,4315,4315,3,4442.97,3661
2026-07-06 12:25:00,4310,4310,4300,4300,7,4442.35,3661
2026-07-06 12:30:00,4300,4305,4300,4300,8,4441.61,3661
2026-07-06 12:35:00,4295,4310,4290,4310,15,4440.25,3661
2026-07-06 12:40:00,4305,4310,4300,4300,4,4439.9,3661
2026-07-06 12:45:00,4300,4305,4285,4285,15,4438.51,3661
2026-07-06 12:50:00,4285,4285,4275,4280,27,4435.86,3661
2026-07-06 12:55:00,4280,4285,4280,4280,6,4435.28,3661
2026-07-06 13:00:00,4280,4285,4240,4245,88,4426.09,3661
2026-07-06 13:05:00,4240,4240,4215,4220,52,4420.25,3661
2026-07-06 13:10:00,4225,4235,4220,4235,21,4417.98,3661
2026-07-06 13:15:00,4230,4235,4225,4225,37,4414.1,3661
2026-07-06 13:20:00,4225,4225,4210,4215,43,4409.6,3661
2026-07-06 13:30:00,4215,4215,4215,4215,101,4399.54,3661
2026-07-07 09:00:00,4250,4355,4250,4340,200,4286.93,3661
2026-07-07 09:05:00,4335,4350,4305,4330,84,4299.15,3661
2026-07-07 09:10:00,4330,4360,4305,4330,72,4306.85,3661
2026-07-07 09:15:00,4330,4330,4295,4295,39,4307.44,3661
2026-07-07 09:20:00,4300,4300,4275,4275,45,4305.38,3661
2026-07-07 09:25:00,4270,4310,4270,4310,20,4304.43,3661
2026-07-07 09:30:00,4300,4320,4295,4305,25,4304.47,3661
2026-07-07 09:35:00,4315,4345,4315,4315,31,4306.12,3661
2026-07-07 09:40:00,4315,4315,4300,4305,6,4306.12,3661
2026-07-07 09:45:00,4305,4325,4305,4305,14,4306.3,3661
2026-07-07 09:50:00,4305,4340,4305,4340,12,4306.68,3661
2026-07-07 09:55:00,4330,4330,4320,4325,14,4307.15,3661
2026-07-07 10:00:00,4330,4330,4320,4330,5,4307.3,3661
2026-07-07 10:05:00,4320,4320,4310,4310,8,4307.41,3661
2026-07-07 10:10:00,4310,4310,4275,4275,30,4306.66,3661
2026-07-07 10:15:00,4275,4300,4275,4295,11,4306.23,3661
2026-07-07 10:20:00,4295,4295,4290,4290,3,4306.16,3661
2026-07-07 10:25:00,4285,4290,4275,4275,8,4305.86,3661
2026-07-07 10:30:00,4275,4290,4270,4290,12,4305.27,3661
2026-07-07 10:35:00,4280,4280,4280,4280,2,4305.19,3661
2026-07-07 10:40:00,4285,4285,4215,4215,60,4300.18,3661
2026-07-07 10:45:00,4215,4225,4200,4200,55,4293.88,3661
2026-07-07 10:50:00,4200,4215,4190,4210,22,4291.28,3661
2026-07-07 10:55:00,4220,4225,4195,4195,14,4289.81,3661
2026-07-07 11:00:00,4200,4220,4195,4215,18,4287.89,3661
2026-07-07 11:05:00,4220,4225,4215,4220,11,4286.98,3661
2026-07-07 11:10:00,4215,4215,4200,4205,13,4285.73,3661
2026-07-07 11:15:00,4200,4200,4135,4140,69,4275.92,3661
2026-07-07 11:20:00,4130,4145,4120,4135,37,4270.27,3661
2026-07-07 11:25:00,4135,4135,4120,4120,21,4267.19,3661
2026-07-07 11:30:00,4120,4155,4105,4155,47,4260.34,3661
2026-07-07 11:35:00,4145,4150,4120,4140,24,4257.51,3661
2026-07-07 11:40:00,4135,4135,4110,4110,8,4256.47,3661
2026-07-07 11:45:00,4105,4105,4060,4090,55,4247.62,3661
2026-07-07 11:50:00,4090,4110,4085,4105,23,4244.6,3661
2026-07-07 11:55:00,4090,4110,4080,4105,14,4242.77,3661
2026-07-07 12:00:00,4110,4115,4095,4110,14,4241.1,3661
2026-07-07 12:05:00,4115,4125,4105,4110,14,4239.55,3661
2026-07-07 12:10:00,4110,4110,4100,4105,8,4238.64,3661
2026-07-07 12:15:00,4100,4100,4060,4075,36,4233.78,3661
2026-07-07 12:20:00,4065,4070,4050,4050,44,4227.51,3661
2026-07-07 12:25:00,4055,4065,4040,4065,39,4221.99,3661
2026-07-07 12:30:00,4075,4090,4060,4085,31,4218.57,3661
2026-07-07 12:35:00,4080,4095,4075,4095,19,4216.65,3661
2026-07-07 12:40:00,4095,4095,4065,4075,14,4215.26,3661
2026-07-07 12:45:00,4070,4075,4055,4060,18,4213.25,3661
2026-07-07 12:50:00,4060,4065,4050,4050,12,4211.88,3661
2026-07-07 12:55:00,4050,4060,4050,4050,34,4208.06,3661
2026-07-07 13:00:00,4060,4060,4025,4030,39,4203.45,3661
2026-07-07 13:05:00,4040,4040,4035,4035,22,4201.01,3661
2026-07-07 13:10:00,4035,4040,4030,4035,56,4194.92,3661
2026-07-07 13:15:00,4035,4040,4025,4035,30,4191.79,3661
2026-07-07 13:20:00,4035,4050,4035,4050,45,4187.6,3661
2026-07-07 13:30:00,4035,4035,4035,4035,84,4180.02,3661
2026-07-08 09:00:00,4085,4085,3985,4030,176,4029.97,3661
2026-07-08 09:05:00,4030,4040,4000,4005,69,4026.43,3661
2026-07-08 09:10:00,4010,4035,4010,4025,34,4025.82,3661
2026-07-08 09:15:00,4025,4025,4010,4025,48,4024.65,3661
2026-07-08 09:20:00,4030,4070,4030,4050,61,4028.43,3661
2026-07-08 09:25:00,4050,4065,4010,4010,36,4029.45,3661
2026-07-08 09:30:00,4015,4025,3980,3995,57,4025.64,3661
2026-07-08 09:35:00,3990,4000,3965,3980,29,4023.04,3661
2026-07-08 09:40:00,3990,4015,3990,4015,23,4021.88,3661
2026-07-08 09:45:00,4020,4020,4010,4010,17,4021.68,3661
2026-07-08 09:50:00,4015,4035,4015,4025,27,4022.0,3661
2026-07-08 09:55:00,4025,4030,4020,4030,16,4022.11,3661
2026-07-08 10:00:00,4030,4030,4010,4010,13,4022.01,3661
2026-07-08 10:05:00,4005,4005,3980,3980,47,4019.67,3661
2026-07-08 10:10:00,3990,3995,3980,3985,19,4018.75,3661
2026-07-08 10:15:00,3980,3995,3980,3995,18,4017.83,3661
2026-07-08 10:20:00,3995,4000,3990,4000,8,4017.59,3661
2026-07-08 10:25:00,4010,4030,4010,4020,26,4017.73,3661
2026-07-08 10:30:00,4015,4015,3995,3995,11,4017.5,3661
2026-07-08 10:35:00,4005,4015,4005,4015,3,4017.47,3661
2026-07-08 10:40:00,4015,4025,4015,4025,17,4017.52,3661
2026-07-08 10:45:00,4025,4050,4025,4050,38,4018.51,3661
2026-07-08 10:50:00,4045,4045,4020,4035,24,4018.91,3661
2026-07-08 10:55:00,4035,4045,4035,4045,14,4019.26,3661
2026-07-08 11:00:00,4040,4045,4040,4045,4,4019.38,3661
2026-07-08 11:05:00,4045,4050,4045,4050,8,4019.64,3661
2026-07-08 11:10:00,4050,4065,4045,4065,31,4020.89,3661
2026-07-08 11:15:00,4070,4070,4055,4060,31,4022.19,3661
2026-07-08 11:20:00,4055,4065,4055,4065,18,4022.92,3661
2026-07-08 11:25:00,4065,4080,4065,4080,25,4024.27,3661
2026-07-08 11:30:00,4075,4075,4060,4060,16,4025.02,3661
2026-07-08 11:35:00,4055,4060,4055,4055,12,4025.41,3661
2026-07-08 11:40:00,4050,4050,4050,4050,12,4025.71,3661
2026-07-08 11:45:00,4055,4055,4040,4045,13,4025.99,3661
2026-07-08 11:50:00,4045,4045,4035,4035,11,4026.14,3661
2026-07-08 11:55:00,4030,4045,4030,4035,18,4026.34,3661
2026-07-08 12:00:00,4030,4030,4030,4030,1,4026.35,3661
2026-07-08 12:05:00,4040,4045,4040,4045,5,4026.43,3661
2026-07-08 12:10:00,4045,4045,4035,4035,12,4026.6,3661
2026-07-08 12:15:00,4040,4055,4040,4055,11,4026.81,3661
2026-07-08 12:20:00,4055,4060,4045,4055,18,4027.28,3661
2026-07-08 12:25:00,4050,4055,4050,4050,7,4027.45,3661
2026-07-08 12:30:00,4045,4050,4045,4045,7,4027.58,3661
2026-07-08 12:35:00,4045,4045,4030,4030,12,4027.66,3661
2026-07-08 12:40:00,4030,4035,4030,4035,17,4027.71,3661
2026-07-08 12:45:00,4040,4040,4030,4040,6,4027.75,3661
2026-07-08 12:50:00,4035,4035,4025,4025,21,4027.83,3661
2026-07-08 12:55:00,4020,4025,4010,4025,53,4027.47,3661
2026-07-08 13:00:00,4025,4035,4025,4030,28,4027.53,3661
2026-07-08 13:05:00,4030,4075,4030,4065,64,4028.7,3661
2026-07-08 13:10:00,4060,4060,4055,4055,14,4029.01,3661
2026-07-08 13:15:00,4055,4055,4045,4050,26,4029.4,3661
2026-07-08 13:20:00,4050,4065,4045,4060,47,4030.26,3661
2026-07-08 13:30:00,4065,4065,4065,4065,115,4032.94,3661
2026-07-09 09:00:00,4105,4245,4105,4240,178,4191.15,3661
2026-07-09 09:05:00,4240,4360,4240,4330,213,4258.2,3661
2026-07-09 09:10:00,4330,4330,4250,4250,83,4262.93,3661
2026-07-09 09:15:00,4250,4270,4225,4270,47,4261.46,3661
2026-07-09 09:20:00,4270,4300,4260,4290,41,4263.22,3661
2026-07-09 09:25:00,4280,4290,4270,4285,11,4263.58,3661
2026-07-09 09:30:00,4285,4300,4275,4300,9,4264.0,3661
2026-07-09 09:35:00,4300,4305,4275,4305,22,4265.25,3661
2026-07-09 09:40:00,4310,4310,4310,4310,10,4265.98,3661
2026-07-09 09:45:00,4315,4330,4310,4310,22,4267.96,3661
2026-07-09 09:50:00,4315,4315,4300,4300,18,4269.05,3661
2026-07-09 09:55:00,4285,4290,4260,4265,24,4269.12,3661
2026-07-09 10:00:00,4275,4280,4275,4275,6,4269.18,3661
2026-07-09 10:05:00,4290,4315,4290,4300,17,4270.06,3661
2026-07-09 10:10:00,4295,4315,4295,4315,8,4270.48,3661
2026-07-09 10:15:00,4320,4325,4315,4325,16,4271.58,3661
2026-07-09 10:20:00,4325,4325,4305,4305,10,4272.22,3661
2026-07-09 10:25:00,4300,4305,4280,4280,15,4272.65,3661
2026-07-09 10:30:00,4280,4295,4280,4295,7,4272.79,3661
2026-07-09 10:35:00,4285,4285,4280,4280,7,4272.88,3661
2026-07-09 10:40:00,4275,4275,4240,4270,56,4271.41,3661
2026-07-09 10:45:00,4255,4255,4235,4235,17,4270.91,3661
2026-07-09 10:50:00,4235,4235,4215,4215,31,4269.21,3661
2026-07-09 10:55:00,4215,4220,4215,4220,2,4269.09,3661
2026-07-09 11:00:00,4220,4240,4220,4235,12,4268.56,3661
2026-07-09 11:05:00,4235,4240,4235,4240,4,4268.41,3661
2026-07-09 11:10:00,4235,4235,4200,4200,40,4265.82,3661
2026-07-09 11:15:00,4200,4200,4175,4175,60,4260.88,3661
2026-07-09 11:20:00,4175,4220,4175,4215,18,4259.71,3661
2026-07-09 11:25:00,4220,4240,4220,4230,22,4259.09,3661
2026-07-09 11:30:00,4235,4240,4230,4240,3,4259.02,3661
2026-07-09 11:40:00,4240,4240,4240,4240,2,4258.98,3661
2026-07-09 11:45:00,4240,4270,4235,4265,41,4258.9,3661
2026-07-09 11:50:00,4265,4275,4260,4270,9,4258.97,3661
2026-07-09 11:55:00,4270,4270,4265,4265,11,4259.07,3661
2026-07-09 12:00:00,4260,4265,4255,4265,4,4259.07,3661
2026-07-09 12:05:00,4270,4275,4270,4275,14,4259.22,3661
2026-07-09 12:10:00,4275,4275,4275,4275,7,4259.32,3661
2026-07-09 12:15:00,4275,4275,4270,4270,9,4259.42,3661
2026-07-09 12:20:00,4270,4270,4270,4270,7,4259.49,3661
2026-07-09 12:25:00,4260,4260,4235,4235,11,4259.37,3661
2026-07-09 12:30:00,4230,4250,4230,4245,3,4259.32,3661
2026-07-09 12:35:00,4265,4265,4255,4265,8,4259.35,3661
2026-07-09 12:40:00,4270,4270,4255,4265,7,4259.37,3661
2026-07-09 12:45:00,4255,4270,4255,4260,13,4259.43,3661
2026-07-09 12:50:00,4260,4260,4245,4260,15,4259.34,3661
2026-07-09 12:55:00,4260,4260,4250,4250,8,4259.31,3661
2026-07-09 13:00:00,4260,4265,4235,4235,24,4259.13,3661
2026-07-09 13:05:00,4240,4240,4220,4230,19,4258.65,3661
2026-07-09 13:10:00,4230,4260,4230,4250,23,4258.43,3661
2026-07-09 13:15:00,4250,4250,4225,4230,23,4258.05,3661
2026-07-09 13:20:00,4235,4235,4215,4225,35,4257.2,3661
2026-07-09 13:30:00,4210,4210,4210,4210,96,4254.01,3661
2026-07-13 09:00:00,4230,4300,4230,4240,188,4264.57,3661
2026-07-13 09:05:00,4235,4240,4200,4210,78,4250.06,3661
2026-07-13 09:10:00,4210,4230,4205,4215,26,4246.93,3661
2026-07-13 09:15:00,4210,4220,4170,4180,63,4236.96,3661
2026-07-13 09:20:00,4175,4195,4170,4175,36,4231.64,3661
2026-07-13 09:25:00,4180,4180,4175,4175,15,4229.69,3661
2026-07-13 09:30:00,4170,4190,4155,4170,45,4223.09,3661
2026-07-13 09:35:00,4175,4190,4175,4190,13,4221.84,3661
2026-07-13 09:40:00,4190,4210,4135,4135,53,4216.2,3661
2026-07-13 09:45:00,4130,4130,4100,4115,40,4208.69,3661
2026-07-13 09:50:00,4120,4125,4105,4115,22,4205.19,3661
2026-07-13 09:55:00,4115,4160,4100,4160,40,4199.47,3661
2026-07-13 10:00:00,4160,4170,4155,4170,17,4198.44,3661
2026-07-13 10:05:00,4170,4175,4170,4175,15,4197.83,3661
2026-07-13 10:10:00,4170,4170,4165,4170,6,4197.57,3661
2026-07-13 10:15:00,4170,4175,4160,4175,16,4196.82,3661
2026-07-13 10:20:00,4180,4195,4180,4195,24,4196.44,3661
2026-07-13 10:25:00,4195,4210,4195,4210,37,4196.9,3661
2026-07-13 10:30:00,4205,4230,4195,4215,34,4197.74,3661
2026-07-13 10:35:00,4210,4210,4195,4195,19,4197.87,3661
2026-07-13 10:40:00,4190,4195,4190,4195,4,4197.84,3661
2026-07-13 10:45:00,4190,4190,4175,4175,16,4197.55,3661
2026-07-13 10:50:00,4175,4185,4175,4185,9,4197.33,3661
2026-07-13 10:55:00,4185,4185,4180,4180,5,4197.23,3661
2026-07-13 11:00:00,4180,4180,4155,4155,12,4196.8,3661
2026-07-13 11:05:00,4150,4155,4145,4155,12,4196.13,3661
2026-07-13 11:10:00,4160,4165,4160,4165,6,4195.88,3661
2026-07-13 11:15:00,4165,4165,4155,4155,7,4195.59,3661
2026-07-13 11:20:00,4155,4160,4155,4160,4,4195.41,3661
2026-07-13 11:25:00,4160,4160,4155,4160,10,4194.98,3661
2026-07-13 11:30:00,4165,4165,4135,4135,19,4194.01,3661
2026-07-13 11:35:00,4140,4140,4120,4125,19,4192.66,3661
2026-07-13 11:40:00,4125,4135,4125,4125,11,4191.91,3661
2026-07-13 11:45:00,4120,4125,4120,4125,6,4191.46,3661
2026-07-13 11:50:00,4125,4125,4105,4105,19,4189.89,3661
2026-07-13 11:55:00,4115,4120,4115,4120,6,4189.44,3661
2026-07-13 12:00:00,4115,4115,4100,4100,22,4187.67,3661
2026-07-13 12:05:00,4100,4105,4090,4105,23,4185.63,3661
2026-07-13 12:10:00,4115,4115,4105,4105,2,4185.48,3661
2026-07-13 12:15:00,4110,4110,4105,4105,12,4184.54,3661
2026-07-13 12:20:00,4110,4120,4100,4120,15,4183.47,3661
2026-07-13 12:25:00,4115,4115,4095,4110,30,4181.16,3661
2026-07-13 12:30:00,4110,4110,4100,4100,11,4180.34,3661
2026-07-13 12:35:00,4100,4110,4100,4110,24,4178.62,3661
2026-07-13 12:40:00,4105,4125,4105,4125,17,4177.69,3661
2026-07-13 12:45:00,4130,4130,4130,4130,3,4177.57,3661
2026-07-13 12:50:00,4130,4145,4130,4145,13,4177.06,3661
2026-07-13 12:55:00,4130,4140,4130,4135,8,4176.75,3661
2026-07-13 13:00:00,4135,4150,4135,4145,18,4176.21,3661
2026-07-13 13:05:00,4145,4160,4135,4160,50,4174.9,3661
2026-07-13 13:10:00,4160,4175,4160,4175,20,4174.81,3661
2026-07-13 13:15:00,4175,4180,4165,4165,24,4174.77,3661
2026-07-13 13:20:00,4170,4170,4150,4155,42,4174.24,3661
2026-07-13 13:30:00,4135,4135,4135,4135,115,4171.02,3661
2026-07-14 09:00:00,4090,4100,3875,3890,406,3992.38,3661
2026-07-14 09:05:00,3890,3890,3735,3770,358,3908.91,3661
2026-07-14 09:10:00,3780,3795,3725,3725,546,3835.95,3661
2026-07-14 09:15:00,3725,3745,3725,3745,139,3826.1,3661
2026-07-14 09:20:00,3750,3765,3730,3740,128,3819.51,3661
2026-07-14 09:25:00,3745,3785,3740,3760,122,3815.59,3661
2026-07-14 09:30:00,3770,3785,3765,3770,48,3814.54,3661
2026-07-14 09:35:00,3770,3770,3750,3750,41,3813.26,3661
2026-07-14 09:40:00,3750,3750,3725,3740,144,3807.17,3661
2026-07-14 09:45:00,3740,3750,3735,3745,48,3805.56,3661
2026-07-14 09:50:00,3740,3740,3725,3725,125,3800.83,3661
2026-07-14 09:55:00,3725,3725,3725,3725,14,3800.33,3661
2026-07-14 10:00:00,3725,3725,3725,3725,28,3799.34,3661
2026-07-14 10:05:00,3725,3725,3725,3725,12,3798.93,3661
2026-07-14 10:10:00,3725,3725,3725,3725,6,3798.73,3661
2026-07-14 10:15:00,3725,3725,3725,3725,6,3798.52,3661
2026-07-14 10:20:00,3725,3725,3725,3725,2,3798.45,3661
2026-07-14 10:25:00,3725,3725,3725,3725,3,3798.35,3661
2026-07-14 10:30:00,3725,3725,3725,3725,13,3797.92,3661
2026-07-14 10:35:00,3725,3725,3725,3725,4,3797.78,3661
2026-07-14 10:40:00,3725,3725,3725,3725,8,3797.52,3661
2026-07-14 10:45:00,3725,3725,3725,3725,6,3797.32,3661
2026-07-14 10:50:00,3725,3725,3725,3725,1,3797.29,3661
2026-07-14 10:55:00,3725,3725,3725,3725,4,3797.16,3661
2026-07-14 11:00:00,3725,3725,3725,3725,3,3797.06,3661
2026-07-14 11:05:00,3725,3725,3725,3725,4,3796.93,3661
2026-07-14 11:10:00,3725,3725,3725,3725,5,3796.77,3661
2026-07-14 11:15:00,3725,3725,3725,3725,1,3796.74,3661
2026-07-14 11:25:00,3725,3725,3725,3725,4,3796.61,3661
2026-07-14 11:30:00,3725,3725,3725,3725,1,3796.58,3661
2026-07-14 11:35:00,3725,3725,3725,3725,4,3796.45,3661
2026-07-14 11:40:00,3725,3725,3725,3725,3,3796.35,3661
2026-07-14 11:45:00,3725,3725,3725,3725,14,3795.91,3661
2026-07-14 11:50:00,3725,3725,3725,3725,4,3795.78,3661
2026-07-14 11:55:00,3725,3725,3725,3725,8,3795.53,3661
2026-07-14 12:00:00,3725,3725,3725,3725,5,3795.38,3661
2026-07-14 12:05:00,3725,3725,3725,3725,7,3795.16,3661
2026-07-14 12:10:00,3725,3725,3725,3725,4,3795.04,3661
2026-07-14 12:15:00,3725,3725,3725,3725,4,3794.91,3661
2026-07-14 12:20:00,3725,3725,3725,3725,17,3794.4,3661
2026-07-14 12:25:00,3725,3725,3725,3725,4,3794.28,3661
2026-07-14 12:30:00,3725,3725,3725,3725,6,3794.1,3661
2026-07-14 12:35:00,3725,3725,3725,3725,9,3793.83,3661
2026-07-14 12:40:00,3725,3725,3725,3725,9,3793.56,3661
2026-07-14 12:45:00,3725,3725,3725,3725,15,3793.12,3661
2026-07-14 12:50:00,3725,3725,3725,3725,13,3792.75,3661
2026-07-14 12:55:00,3725,3725,3725,3725,7,3792.55,3661
2026-07-14 13:00:00,3725,3725,3725,3725,17,3792.07,3661
2026-07-14 13:05:00,3725,3725,3725,3725,36,3791.07,3661
2026-07-14 13:10:00,3725,3725,3725,3725,49,3789.75,3661
2026-07-14 13:15:00,3725,3745,3725,3735,298,3783.04,3661
2026-07-14 13:20:00,3735,3740,3725,3725,99,3781.16,3661
2026-07-14 13:30:00,3725,3725,3725,3725,117,3778.95,3661
2026-07-15 09:00:00,3750,3785,3650,3665,392,3718.07,3661
2026-07-15 09:05:00,3670,3680,3625,3660,151,3702.14,3661
2026-07-15 09:10:00,3665,3745,3665,3735,166,3704.01,3661
2026-07-15 09:15:00,3735,3755,3720,3735,85,3708.01,3661
2026-07-15 09:20:00,3735,3740,3715,3740,38,3708.76,3661
2026-07-15 09:25:00,3740,3760,3740,3755,46,3710.86,3661
2026-07-15 09:30:00,3755,3765,3730,3760,52,3712.9,3661
2026-07-15 09:35:00,3755,3760,3750,3750,29,3714.19,3661
2026-07-15 09:40:00,3745,3745,3725,3740,43,3714.88,3661
2026-07-15 09:45:00,3735,3770,3735,3760,31,3716.07,3661
2026-07-15 09:50:00,3760,3775,3750,3755,49,3718.16,3661
2026-07-15 09:55:00,3760,3770,3760,3770,42,3719.95,3661
2026-07-15 10:00:00,3770,3780,3760,3765,29,3721.27,3661
2026-07-15 10:05:00,3760,3760,3740,3760,32,3722.11,3661
2026-07-15 10:10:00,3760,3760,3740,3745,11,3722.38,3661
2026-07-15 10:15:00,3750,3755,3750,3750,20,3722.89,3661
2026-07-15 10:20:00,3745,3745,3730,3740,21,3723.17,3661
2026-07-15 10:25:00,3740,3765,3740,3755,35,3723.99,3661
2026-07-15 10:30:00,3755,3760,3755,3760,16,3724.4,3661
2026-07-15 10:35:00,3755,3755,3755,3755,5,3724.52,3661
2026-07-15 10:40:00,3755,3760,3755,3755,13,3724.83,3661
2026-07-15 10:45:00,3755,3760,3755,3755,19,3725.31,3661
2026-07-15 10:50:00,3755,3755,3750,3750,22,3725.73,3661
2026-07-15 10:55:00,3750,3755,3750,3755,7,3725.88,3661
2026-07-15 11:00:00,3750,3750,3745,3745,4,3725.95,3661
2026-07-15 11:05:00,3750,3750,3705,3705,90,3725.88,3661
2026-07-15 11:10:00,3705,3715,3705,3715,17,3725.72,3661
2026-07-15 11:15:00,3715,3720,3715,3715,14,3725.65,3661
2026-07-15 11:20:00,3715,3715,3700,3710,32,3725.29,3661
2026-07-15 11:25:00,3710,3710,3680,3700,73,3723.92,3661
2026-07-15 11:30:00,3700,3700,3690,3690,12,3723.7,3661
2026-07-15 11:35:00,3690,3695,3685,3695,39,3722.88,3661
2026-07-15 11:40:00,3695,3695,3690,3695,25,3722.4,3661
2026-07-15 11:45:00,3690,3700,3690,3700,22,3722.03,3661
2026-07-15 11:50:00,3700,3700,3690,3695,20,3721.75,3661
2026-07-15 11:55:00,3695,3700,3695,3695,11,3721.58,3661
2026-07-15 12:00:00,3695,3695,3690,3690,25,3721.16,3661
2026-07-15 12:05:00,3685,3690,3680,3685,45,3720.24,3661
2026-07-15 12:10:00,3685,3685,3675,3680,32,3719.53,3661
2026-07-15 12:15:00,3685,3690,3680,3690,29,3719.02,3661
2026-07-15 12:20:00,3690,3690,3685,3685,11,3718.84,3661
2026-07-15 12:25:00,3685,3685,3680,3685,23,3718.42,3661
2026-07-15 12:30:00,3685,3685,3680,3685,11,3718.23,3661
2026-07-15 12:35:00,3690,3695,3685,3685,72,3717.17,3661
2026-07-15 12:40:00,3680,3680,3670,3670,70,3715.77,3661
2026-07-15 12:45:00,3665,3680,3660,3680,54,3714.58,3661
2026-07-15 12:50:00,3680,3680,3670,3670,18,3714.23,3661
2026-07-15 12:55:00,3675,3685,3670,3685,28,3713.78,3661
2026-07-15 13:00:00,3685,3700,3685,3700,68,3713.12,3661
2026-07-15 13:05:00,3700,3720,3700,3720,24,3713.06,3661
2026-07-15 13:10:00,3715,3715,3705,3710,41,3712.98,3661
2026-07-15 13:15:00,3710,3730,3705,3730,53,3713.09,3661
2026-07-15 13:20:00,3730,3730,3720,3725,47,3713.34,3661
2026-07-15 13:30:00,3735,3735,3735,3735,173,3714.81,3661
2026-07-16 09:00:00,3700,3740,3650,3705,168,3701.96,3661
2026-07-16 09:05:00,3705,3705,3665,3685,88,3694.14,3661
2026-07-16 09:10:00,3690,3700,3680,3700,43,3693.29,3661
2026-07-16 09:15:00,3695,3700,3685,3690,19,3693.35,3661
2026-07-16 09:20:00,3685,3690,3655,3665,90,3687.45,3661
2026-07-16 09:25:00,3665,3675,3665,3670,23,3686.53,3661
2026-07-16 09:30:00,3675,3675,3655,3665,30,3684.99,3661
2026-07-16 09:35:00,3680,3685,3670,3670,14,3684.81,3661
2026-07-16 09:40:00,3685,3685,3670,3670,10,3684.73,3661
2026-07-16 09:45:00,3670,3690,3670,3685,12,3684.57,3661
2026-07-16 09:50:00,3690,3705,3690,3695,28,3685.26,3661
2026-07-16 09:55:00,3700,3715,3690,3690,47,3686.73,3661
2026-07-16 10:00:00,3690,3695,3680,3680,7,3686.74,3661
2026-07-16 10:05:00,3680,3680,3665,3670,21,3686.24,3661
2026-07-16 10:10:00,3670,3675,3670,3675,11,3685.97,3661
2026-07-16 10:15:00,3680,3700,3680,3700,9,3686.0,3661
2026-07-16 10:20:00,3710,3730,3710,3725,51,3688.76,3661
2026-07-16 10:25:00,3725,3725,3715,3715,16,3689.55,3661
2026-07-16 10:30:00,3715,3730,3715,3730,17,3690.43,3661
2026-07-16 10:35:00,3730,3745,3720,3720,34,3692.51,3661
2026-07-16 10:40:00,3725,3735,3725,3735,16,3693.34,3661
2026-07-16 10:45:00,3735,3735,3730,3730,7,3693.69,3661
2026-07-16 10:50:00,3735,3740,3735,3740,18,3694.7,3661
2026-07-16 10:55:00,3745,3755,3745,3750,25,3696.37,3661
2026-07-16 11:00:00,3750,3750,3750,3750,7,3696.83,3661
2026-07-16 11:05:00,3745,3790,3740,3785,58,3701.05,3661
2026-07-16 11:10:00,3785,3790,3780,3780,12,3702.17,3661
2026-07-16 11:15:00,3785,3820,3785,3785,62,3708.7,3661
2026-07-16 11:20:00,3780,3790,3780,3790,15,3709.91,3661
2026-07-16 11:25:00,3790,3795,3775,3775,22,3711.65,3661
2026-07-16 11:30:00,3775,3795,3775,3795,14,3712.69,3661
2026-07-16 11:35:00,3790,3795,3775,3775,12,3713.56,3661
2026-07-16 11:40:00,3770,3770,3770,3770,8,3714.0,3661
2026-07-16 11:45:00,3785,3785,3775,3775,5,3714.31,3661
2026-07-16 11:50:00,3775,3780,3775,3780,3,3714.5,3661
2026-07-16 11:55:00,3780,3780,3770,3775,19,3715.56,3661
2026-07-16 12:00:00,3780,3780,3780,3780,8,3716.05,3661
2026-07-16 12:05:00,3780,3780,3780,3780,8,3716.53,3661
2026-07-16 12:10:00,3785,3790,3780,3790,14,3717.46,3661
2026-07-16 12:15:00,3795,3800,3780,3780,31,3719.59,3661
2026-07-16 12:20:00,3780,3780,3775,3775,14,3720.29,3661
2026-07-16 12:25:00,3790,3790,3780,3780,6,3720.62,3661
2026-07-16 12:30:00,3775,3775,3770,3770,13,3721.22,3661
2026-07-16 12:35:00,3770,3780,3770,3770,14,3721.85,3661
2026-07-16 12:40:00,3770,3775,3770,3775,5,3722.06,3661
2026-07-16 12:45:00,3765,3765,3760,3760,26,3722.94,3661
2026-07-16 12:50:00,3770,3775,3765,3765,19,3723.72,3661
2026-07-16 12:55:00,3765,3775,3765,3775,8,3724.03,3661
2026-07-16 13:00:00,3775,3790,3775,3790,31,3725.45,3661
2026-07-16 13:05:00,3785,3785,3770,3770,17,3726.12,3661
2026-07-16 13:10:00,3765,3775,3765,3775,5,3726.3,3661
2026-07-16 13:15:00,3775,3775,3770,3770,20,3727.03,3661
2026-07-16 13:20:00,3770,3780,3770,3775,50,3728.81,3661
2026-07-16 13:30:00,3770,3770,3770,3770,109,3731.93,3661
2026-07-17 09:00:00,3585,3650,3585,3635,176,3613.95,3661
2026-07-17 09:05:00,3635,3635,3555,3600,166,3600.92,3661
2026-07-17 09:10:00,3605,3655,3605,3655,64,3607.32,3661
2026-07-17 09:15:00,3655,3655,3635,3655,47,3611.43,3661
2026-07-17 09:20:00,3655,3655,3640,3640,27,3613.48,3661
2026-07-17 09:25:00,3635,3635,3625,3625,12,3613.87,3661
2026-07-17 09:30:00,3620,3625,3560,3560,116,3608.63,3661
2026-07-17 09:35:00,3565,3605,3560,3585,59,3606.12,3661
2026-07-17 09:40:00,3590,3590,3565,3565,32,3604.91,3661
2026-07-17 09:45:00,3570,3570,3550,3570,129,3597.63,3661
2026-07-17 09:50:00,3570,3570,3560,3560,10,3597.2,3661
2026-07-17 09:55:00,3570,3590,3565,3565,17,3596.86,3661
2026-07-17 10:00:00,3565,3580,3565,3580,10,3596.58,3661
2026-07-17 10:05:00,3580,3590,3545,3545,56,3594.41,3661
2026-07-17 10:10:00,3545,3555,3540,3555,24,3593.25,3661
2026-07-17 10:15:00,3555,3560,3550,3555,17,3592.57,3661
2026-07-17 10:20:00,3550,3560,3545,3555,41,3590.83,3661
2026-07-17 10:25:00,3560,3570,3560,3570,11,3590.57,3661
2026-07-17 10:30:00,3565,3570,3550,3555,17,3590.08,3661
2026-07-17 10:35:00,3555,3555,3525,3540,66,3587.07,3661
2026-07-17 10:40:00,3545,3555,3540,3550,22,3586.3,3661
2026-07-17 10:45:00,3550,3550,3535,3535,12,3585.82,3661
2026-07-17 10:50:00,3530,3535,3515,3520,54,3583.07,3661
2026-07-17 10:55:00,3525,3545,3525,3545,18,3582.34,3661
2026-07-17 11:00:00,3545,3570,3545,3570,23,3581.77,3661
2026-07-17 11:05:00,3565,3570,3560,3560,8,3581.68,3661
2026-07-17 11:10:00,3570,3570,3560,3565,11,3581.52,3661
2026-07-17 11:15:00,3565,3565,3560,3565,8,3581.4,3661
2026-07-17 11:20:00,3570,3585,3570,3570,25,3581.28,3661
2026-07-17 11:25:00,3570,3590,3570,3590,9,3581.28,3661
2026-07-17 11:30:00,3580,3580,3570,3575,13,3581.21,3661
2026-07-17 11:35:00,3570,3575,3560,3560,16,3581.03,3661
2026-07-17 11:40:00,3560,3565,3545,3550,17,3580.71,3661
2026-07-17 11:45:00,3550,3550,3545,3545,3,3580.63,3661
2026-07-17 11:50:00,3540,3545,3535,3545,24,3579.92,3661
2026-07-17 11:55:00,3540,3545,3540,3540,8,3579.69,3661
2026-07-17 12:00:00,3535,3535,3530,3530,15,3579.18,3661
2026-07-17 12:05:00,3535,3540,3530,3540,13,3578.75,3661
2026-07-17 12:10:00,3535,3540,3535,3540,7,3578.55,3661
2026-07-17 12:15:00,3540,3540,3530,3530,8,3578.3,3661
2026-07-17 12:20:00,3530,3530,3505,3510,34,3576.89,3661
2026-07-17 12:25:00,3510,3520,3500,3500,26,3575.68,3661
2026-07-17 12:30:00,3505,3505,3490,3490,30,3574.16,3661
2026-07-17 12:35:00,3490,3500,3485,3495,29,3572.59,3661
2026-07-17 12:40:00,3485,3500,3485,3495,11,3572.02,3661
2026-07-17 12:45:00,3500,3505,3500,3500,11,3571.52,3661
2026-07-17 12:50:00,3500,3525,3500,3520,26,3570.61,3661
2026-07-17 12:55:00,3520,3525,3505,3505,14,3570.12,3661
2026-07-17 13:00:00,3505,3505,3490,3500,44,3568.19,3661
2026-07-17 13:05:00,3500,3505,3495,3495,21,3567.3,3661
2026-07-17 13:10:00,3495,3495,3490,3495,26,3566.13,3661
2026-07-17 13:15:00,3490,3505,3490,3500,27,3565.04,3661
2026-07-17 13:20:00,3500,3500,3480,3480,77,3561.79,3661
2026-07-17 13:30:00,3480,3480,3480,3480,89,3557.91,3661
2026-07-20 09:00:00,3480,3500,3450,3455,171,3476.78,3661
2026-07-20 09:05:00,3475,3490,3465,3470,48,3476.76,3661
2026-07-20 09:10:00,3470,3495,3405,3405,65,3471.09,3661
2026-07-20 09:15:00,3410,3420,3360,3360,130,3447.43,3661
2026-07-20 09:20:00,3360,3385,3290,3350,145,3416.46,3661
2026-07-20 09:25:00,3350,3355,3260,3260,70,3404.17,3661
2026-07-20 09:30:00,3275,3305,3245,3295,154,3377.77,3661
2026-07-20 09:35:00,3290,3330,3265,3325,71,3371.3,3661
2026-07-20 09:40:00,3315,3325,3290,3305,52,3367.83,3661
2026-07-20 09:45:00,3315,3360,3315,3355,50,3366.4,3661
2026-07-20 09:50:00,3355,3355,3300,3300,36,3364.69,3661
2026-07-20 09:55:00,3300,3325,3300,3310,25,3363.36,3661
2026-07-20 10:00:00,3300,3340,3300,3340,16,3362.69,3661
2026-07-20 10:05:00,3345,3365,3345,3360,29,3362.47,3661
2026-07-20 10:10:00,3345,3355,3330,3330,16,3362.18,3661
2026-07-20 10:15:00,3330,3335,3310,3310,17,3361.58,3661
2026-07-20 10:20:00,3300,3305,3285,3295,23,3360.21,3661
2026-07-20 10:25:00,3300,3310,3280,3305,26,3358.72,3661
2026-07-20 10:30:00,3320,3335,3320,3330,10,3358.46,3661
2026-07-20 10:35:00,3335,3350,3325,3325,21,3358.16,3661
2026-07-20 10:40:00,3330,3355,3320,3350,23,3357.9,3661
2026-07-20 10:45:00,3340,3360,3335,3345,22,3357.72,3661
2026-07-20 10:50:00,3355,3360,3350,3350,14,3357.69,3661
2026-07-20 10:55:00,3345,3365,3345,3355,25,3357.67,3661
2026-07-20 11:00:00,3350,3355,3340,3340,28,3357.47,3661
2026-07-20 11:05:00,3340,3340,3315,3330,15,3357.09,3661
2026-07-20 11:10:00,3330,3335,3320,3335,14,3356.76,3661
2026-07-20 11:15:00,3345,3350,3335,3340,14,3356.63,3661
2026-07-20 11:20:00,3325,3330,3325,3325,8,3356.45,3661
2026-07-20 11:25:00,3325,3325,3310,3320,15,3356.03,3661
2026-07-20 11:30:00,3315,3340,3315,3320,10,3355.83,3661
2026-07-20 11:35:00,3320,3345,3315,3345,11,3355.59,3661
2026-07-20 11:40:00,3335,3340,3330,3335,12,3355.42,3661
2026-07-20 11:45:00,3335,3360,3325,3355,35,3355.3,3661
2026-07-20 11:50:00,3355,3380,3355,3380,36,3355.55,3661
2026-07-20 11:55:00,3380,3385,3365,3365,28,3355.94,3661
2026-07-20 12:00:00,3370,3400,3360,3400,37,3356.68,3661
2026-07-20 12:05:00,3405,3410,3395,3405,21,3357.3,3661
2026-07-20 12:10:00,3400,3410,3390,3390,11,3357.61,3661
2026-07-20 12:15:00,3385,3385,3360,3375,14,3357.76,3661
2026-07-20 12:20:00,3365,3385,3365,3385,10,3357.88,3661
2026-07-20 12:25:00,3390,3410,3385,3400,15,3358.26,3661
2026-07-20 12:30:00,3390,3415,3390,3405,17,3358.74,3661
2026-07-20 12:35:00,3405,3410,3400,3410,12,3359.09,3661
2026-07-20 12:40:00,3405,3415,3405,3405,10,3359.39,3661
2026-07-20 12:45:00,3415,3415,3405,3410,7,3359.61,3661
2026-07-20 12:50:00,3405,3415,3405,3405,9,3359.87,3661
2026-07-20 12:55:00,3405,3405,3395,3395,13,3360.17,3661
2026-07-20 13:00:00,3395,3395,3365,3370,29,3360.51,3661
2026-07-20 13:05:00,3365,3375,3365,3365,30,3360.66,3661
2026-07-20 13:10:00,3365,3370,3355,3360,21,3360.66,3661
2026-07-20 13:15:00,3360,3375,3360,3370,21,3360.73,3661
2026-07-20 13:20:00,3365,3365,3345,3350,44,3360.53,3661
2026-07-20 13:30:00,3365,3365,3365,3365,100,3360.77,3661
2026-07-21 09:00:00,3450,3470,3415,3470,112,3443.44,3661
2026-07-21 09:05:00,3465,3545,3465,3535,126,3476.93,3661
2026-07-21 09:10:00,3535,3535,3495,3495,39,3482.36,3661
2026-07-21 09:15:00,3495,3500,3480,3480,40,3483.41,3661
2026-07-21 09:20:00,3490,3490,3470,3480,28,3483.12,3661
2026-07-21 09:25:00,3485,3490,3475,3485,18,3482.96,3661
2026-07-21 09:30:00,3490,3505,3490,3500,29,3484.2,3661
2026-07-21 09:35:00,3500,3505,3480,3480,21,3484.82,3661
2026-07-21 09:40:00,3480,3480,3445,3450,54,3482.46,3661
2026-07-21 09:45:00,3450,3475,3445,3465,22,3481.49,3661
2026-07-21 09:50:00,3465,3480,3460,3475,12,3481.14,3661
2026-07-21 09:55:00,3470,3470,3455,3460,16,3480.59,3661
2026-07-21 10:00:00,3465,3465,3460,3465,11,3480.24,3661
2026-07-21 10:05:00,3465,3465,3445,3445,19,3479.31,3661
2026-07-21 10:10:00,3445,3445,3430,3435,27,3477.36,3661
2026-07-21 10:15:00,3430,3430,3405,3410,41,3473.27,3661
2026-07-21 10:20:00,3410,3445,3410,3445,20,3471.85,3661
2026-07-21 10:25:00,3450,3465,3440,3445,26,3471.2,3661
2026-07-21 10:30:00,3445,3450,3445,3445,9,3470.86,3661
2026-07-21 10:35:00,3445,3450,3445,3450,2,3470.79,3661
2026-07-21 10:40:00,3450,3455,3450,3450,11,3470.5,3661
2026-07-21 10:45:00,3450,3470,3450,3460,27,3470.11,3661
2026-07-21 10:50:00,3460,3460,3450,3450,5,3470.01,3661
2026-07-21 10:55:00,3455,3455,3455,3455,5,3469.91,3661
2026-07-21 11:00:00,3455,3455,3455,3455,2,3469.87,3661
2026-07-21 11:05:00,3455,3460,3455,3455,9,3469.69,3661
2026-07-21 11:10:00,3450,3475,3450,3475,26,3469.56,3661
2026-07-21 11:15:00,3470,3475,3470,3475,5,3469.59,3661
2026-07-21 11:20:00,3475,3475,3465,3470,19,3469.59,3661
2026-07-21 11:25:00,3470,3470,3470,3470,3,3469.59,3661
2026-07-21 11:30:00,3470,3470,3470,3470,1,3469.59,3661
2026-07-21 11:35:00,3475,3480,3475,3480,8,3469.67,3661
2026-07-21 11:40:00,3485,3490,3485,3490,7,3469.83,3661
2026-07-21 11:45:00,3490,3490,3485,3485,12,3470.06,3661
2026-07-21 11:50:00,3485,3505,3485,3505,36,3471.12,3661
2026-07-21 11:55:00,3505,3505,3495,3495,10,3471.48,3661
2026-07-21 12:00:00,3495,3500,3495,3500,6,3471.66,3661
2026-07-21 12:05:00,3505,3510,3505,3510,19,3472.45,3661
2026-07-21 12:10:00,3510,3535,3510,3535,39,3474.56,3661
2026-07-21 12:15:00,3535,3550,3530,3535,52,3477.92,3661
2026-07-21 12:20:00,3535,3535,3535,3535,14,3478.73,3661
2026-07-21 12:25:00,3535,3535,3525,3530,16,3479.55,3661
2026-07-21 12:30:00,3535,3540,3525,3530,10,3480.07,3661
2026-07-21 12:35:00,3525,3535,3520,3525,28,3481.31,3661
2026-07-21 12:40:00,3520,3520,3515,3515,3,3481.42,3661
2026-07-21 12:45:00,3510,3510,3500,3500,14,3481.73,3661
2026-07-21 12:50:00,3500,3500,3490,3495,20,3481.98,3661
2026-07-21 12:55:00,3500,3500,3500,3500,6,3482.08,3661
2026-07-21 13:00:00,3495,3495,3485,3485,19,3482.22,3661
2026-07-21 13:05:00,3485,3505,3485,3495,27,3482.48,3661
2026-07-21 13:10:00,3495,3495,3485,3495,19,3482.62,3661
2026-07-21 13:15:00,3495,3495,3485,3485,10,3482.68,3661
2026-07-21 13:20:00,3490,3495,3485,3485,45,3482.86,3661
2026-07-21 13:30:00,3490,3490,3490,3490,106,3483.44,3661
2026-07-22 09:00:00,3645,3650,3615,3615,174,3634.14,3661
2026-07-22 09:05:00,3620,3640,3615,3630,65,3632.36,3661
2026-07-22 09:10:00,3635,3650,3620,3645,46,3632.51,3661
2026-07-22 09:15:00,3645,3650,3615,3615,38,3632.63,3661
2026-07-22 09:20:00,3610,3620,3585,3585,49,3629.07,3661
2026-07-22 09:25:00,3585,3605,3580,3590,34,3626.01,3661
2026-07-22 09:30:00,3590,3610,3590,3605,30,3624.17,3661
2026-07-22 09:35:00,3600,3615,3590,3615,30,3622.78,3661
2026-07-22 09:40:00,3605,3615,3605,3610,18,3622.27,3661
2026-07-22 09:45:00,3610,3690,3610,3690,167,3631.4,3661
2026-07-22 09:50:00,3690,3720,3685,3710,114,3641.79,3661
2026-07-22 09:55:00,3710,3710,3660,3660,47,3644.37,3661
2026-07-22 10:00:00,3660,3665,3655,3665,27,3644.88,3661
2026-07-22 10:05:00,3670,3675,3640,3650,39,3645.47,3661
2026-07-22 10:10:00,3655,3655,3655,3655,3,3645.51,3661
2026-07-22 10:15:00,3660,3665,3655,3665,7,3645.62,3661
2026-07-22 10:20:00,3665,3675,3660,3660,15,3645.96,3661
2026-07-22 10:25:00,3660,3660,3660,3660,8,3646.09,3661
2026-07-22 10:30:00,3660,3665,3660,3660,12,3646.29,3661
2026-07-22 10:35:00,3665,3675,3665,3675,5,3646.42,3661
2026-07-22 10:40:00,3675,3680,3675,3680,5,3646.59,3661
2026-07-22 10:45:00,3680,3680,3665,3665,8,3646.81,3661
2026-07-22 10:50:00,3670,3675,3670,3675,2,3646.86,3661
2026-07-22 10:55:00,3670,3670,3665,3665,9,3647.06,3661
2026-07-22 11:00:00,3660,3665,3660,3665,11,3647.22,3661
2026-07-22 11:05:00,3660,3660,3650,3650,20,3647.41,3661
2026-07-22 11:10:00,3645,3645,3620,3630,23,3646.99,3661
2026-07-22 11:15:00,3630,3645,3630,3645,7,3646.92,3661
2026-07-22 11:20:00,3645,3665,3645,3655,17,3647.07,3661
2026-07-22 11:25:00,3655,3655,3655,3655,1,3647.08,3661
2026-07-22 11:30:00,3660,3660,3655,3655,6,3647.14,3661
2026-07-22 11:35:00,3650,3650,3645,3645,10,3647.14,3661
2026-07-22 11:40:00,3640,3645,3630,3640,10,3647.06,3661
2026-07-22 11:45:00,3640,3640,3640,3640,2,3647.05,3661
2026-07-22 11:50:00,3640,3640,3630,3630,12,3646.9,3661
2026-07-22 11:55:00,3630,3630,3625,3630,8,3646.76,3661
2026-07-22 12:00:00,3630,3645,3630,3645,7,3646.71,3661
2026-07-22 12:05:00,3650,3665,3650,3655,20,3646.92,3661
2026-07-22 12:10:00,3650,3655,3650,3655,4,3646.95,3661
2026-07-22 12:15:00,3655,3660,3655,3655,6,3646.99,3661
2026-07-22 12:20:00,3660,3660,3660,3660,7,3647.07,3661
2026-07-22 12:25:00,3665,3665,3665,3665,4,3647.14,3661
2026-07-22 12:30:00,3665,3665,3660,3665,13,3647.34,3661
2026-07-22 12:35:00,3665,3670,3665,3665,5,3647.42,3661
2026-07-22 12:40:00,3665,3670,3660,3660,11,3647.59,3661
2026-07-22 12:45:00,3660,3660,3655,3655,13,3647.72,3661
2026-07-22 12:50:00,3655,3655,3650,3650,8,3647.74,3661
2026-07-22 12:55:00,3645,3645,3630,3630,17,3647.58,3661
2026-07-22 13:00:00,3630,3640,3630,3630,22,3647.31,3661
2026-07-22 13:05:00,3625,3625,3610,3620,38,3646.43,3661
2026-07-22 13:10:00,3615,3620,3610,3610,20,3645.92,3661
2026-07-22 13:15:00,3605,3610,3605,3610,33,3644.96,3661
2026-07-22 13:20:00,3605,3605,3585,3590,45,3643.37,3661
2026-07-22 13:30:00,3590,3590,3590,3590,108,3639.42,3661
2026-07-23 09:00:00,3590,3630,3590,3595,99,3612.32,3661
2026-07-23 09:05:00,3595,3610,3565,3570,85,3600.84,3661
2026-07-23 09:10:00,3580,3580,3560,3560,39,3594.8,3661
2026-07-23 09:15:00,3560,3580,3560,3575,39,3591.3,3661
2026-07-23 09:20:00,3575,3575,3565,3570,18,3590.04,3661
2026-07-23 09:25:00,3570,3570,3550,3555,44,3585.65,3661
2026-07-23 09:30:00,3550,3560,3540,3560,31,3582.23,3661
2026-07-23 09:35:00,3570,3570,3560,3560,17,3581.44,3661
2026-07-23 09:40:00,3565,3565,3560,3560,9,3581.0,3661
2026-07-23 09:45:00,3560,3565,3560,3560,11,3580.43,3661
2026-07-23 09:50:00,3565,3575,3565,3575,17,3580.09,3661
2026-07-23 09:55:00,3575,3580,3565,3565,16,3579.82,3661
2026-07-23 10:00:00,3565,3565,3565,3565,7,3579.58,3661
2026-07-23 10:05:00,3570,3570,3560,3560,4,3579.47,3661
2026-07-23 10:10:00,3565,3565,3560,3565,6,3579.24,3661
2026-07-23 10:15:00,3565,3565,3520,3530,77,3573.24,3661
2026-07-23 10:20:00,3535,3535,3510,3515,26,3570.79,3661
2026-07-23 10:25:00,3515,3520,3500,3515,38,3566.56,3661
2026-07-23 10:30:00,3515,3540,3515,3535,18,3565.5,3661
2026-07-23 10:35:00,3535,3535,3515,3515,10,3564.9,3661
2026-07-23 10:40:00,3510,3515,3510,3515,11,3563.98,3661
2026-07-23 10:45:00,3520,3535,3520,3530,16,3563.04,3661
2026-07-23 10:50:00,3525,3525,3525,3525,4,3562.8,3661
2026-07-23 10:55:00,3525,3525,3520,3520,10,3562.2,3661
2026-07-23 11:00:00,3525,3525,3525,3525,5,3561.92,3661
2026-07-23 11:05:00,3525,3525,3520,3520,9,3561.41,3661
2026-07-23 11:10:00,3520,3520,3510,3515,15,3560.4,3661
2026-07-23 11:15:00,3515,3515,3515,3515,3,3560.2,3661
2026-07-23 11:20:00,3515,3525,3515,3520,16,3559.3,3661
2026-07-23 11:25:00,3520,3530,3520,3530,16,3558.53,3661
2026-07-23 11:30:00,3535,3535,3525,3525,13,3558.05,3661
2026-07-23 11:35:00,3520,3520,3520,3520,1,3558.0,3661
2026-07-23 11:40:00,3520,3530,3520,3525,7,3557.71,3661
2026-07-23 11:45:00,3530,3530,3530,3530,2,3557.63,3661
2026-07-23 11:50:00,3535,3535,3530,3535,11,3557.28,3661
2026-07-23 11:55:00,3530,3530,3530,3530,4,3557.14,3661
2026-07-23 12:00:00,3525,3525,3525,3525,8,3556.8,3661
2026-07-23 12:05:00,3520,3520,3500,3500,31,3554.94,3661
2026-07-23 12:10:00,3500,3510,3500,3510,15,3554.01,3661
2026-07-23 12:15:00,3510,3510,3500,3500,9,3553.46,3661
2026-07-23 12:20:00,3500,3500,3495,3500,21,3552.09,3661
2026-07-23 12:25:00,3505,3515,3505,3505,10,3551.59,3661
2026-07-23 12:30:00,3505,3520,3505,3515,18,3550.75,3661
2026-07-23 12:35:00,3515,3515,3515,3515,3,3550.63,3661
2026-07-23 12:40:00,3520,3520,3515,3515,5,3550.43,3661
2026-07-23 12:45:00,3515,3515,3505,3505,13,3549.79,3661
2026-07-23 12:50:00,3505,3505,3500,3500,6,3549.47,3661
2026-07-23 12:55:00,3500,3505,3500,3505,10,3548.93,3661
2026-07-23 13:00:00,3505,3505,3495,3495,10,3548.38,3661
2026-07-23 13:05:00,3495,3495,3495,3495,20,3547.23,3661
2026-07-23 13:10:00,3495,3495,3495,3495,15,3546.41,3661
2026-07-23 13:15:00,3500,3520,3500,3515,53,3544.43,3661
2026-07-23 13:20:00,3520,3535,3510,3520,45,3543.5,3661
2026-07-23 13:30:00,3510,3510,3510,3510,129,3539.82,3661
2026-07-24 09:00:00,3420,3440,3390,3440,145,3414.79,3661
2026-07-24 09:05:00,3445,3485,3445,3485,81,3432.26,3661
2026-07-24 09:10:00,3480,3510,3465,3475,62,3443.73,3661
2026-07-24 09:15:00,3465,3480,3460,3470,27,3445.97,3661
2026-07-24 09:20:00,3470,3520,3465,3520,39,3451.37,3661
2026-07-24 09:25:00,3515,3520,3510,3515,27,3455.91,3661
2026-07-24 09:30:00,3515,3525,3510,3515,29,3460.26,3661
2026-07-24 09:35:00,3510,3515,3500,3505,33,3464.01,3661
2026-07-24 09:40:00,3505,3565,3490,3560,99,3475.96,3661
2026-07-24 09:45:00,3565,3565,3505,3505,43,3480.14,3661
2026-07-24 09:50:00,3500,3515,3500,3515,28,3481.35,3661
2026-07-24 09:55:00,3515,3515,3485,3505,33,3482.19,3661
2026-07-24 10:00:00,3500,3500,3490,3490,19,3482.49,3661
2026-07-24 10:05:00,3490,3490,3470,3475,42,3482.36,3661
2026-07-24 10:10:00,3475,3485,3470,3470,20,3482.25,3661
2026-07-24 10:15:00,3470,3470,3450,3450,26,3481.52,3661
2026-07-24 10:20:00,3450,3450,3430,3435,46,3479.02,3661
2026-07-24 10:25:00,3435,3450,3435,3445,17,3478.31,3661
2026-07-24 10:30:00,3440,3440,3415,3420,37,3475.97,3661
2026-07-24 10:35:00,3420,3420,3395,3395,49,3472.16,3661
2026-07-24 10:40:00,3395,3420,3395,3420,20,3470.68,3661
2026-07-24 10:45:00,3420,3420,3405,3405,23,3469.19,3661
2026-07-24 10:50:00,3400,3410,3395,3400,16,3468.06,3661
2026-07-24 10:55:00,3400,3420,3400,3410,15,3467.15,3661
2026-07-24 11:00:00,3400,3415,3400,3415,9,3466.63,3661
2026-07-24 11:05:00,3415,3415,3405,3405,9,3466.11,3661
2026-07-24 11:10:00,3400,3405,3400,3405,10,3465.46,3661
2026-07-24 11:15:00,3410,3425,3410,3425,29,3464.17,3661
2026-07-24 11:20:00,3425,3425,3420,3420,5,3463.96,3661
2026-07-24 11:25:00,3415,3415,3405,3415,9,3463.51,3661
2026-07-24 11:30:00,3415,3415,3400,3400,27,3461.97,3661
2026-07-24 11:35:00,3405,3405,3400,3400,12,3461.33,3661
2026-07-24 11:40:00,3405,3405,3400,3405,4,3461.11,3661
2026-07-24 11:45:00,3405,3410,3400,3410,19,3460.16,3661
2026-07-24 11:50:00,3405,3410,3405,3410,9,3459.73,3661
2026-07-24 11:55:00,3405,3405,3395,3400,16,3458.91,3661
2026-07-24 12:00:00,3395,3395,3385,3385,33,3456.99,3661
2026-07-24 12:05:00,3385,3400,3380,3400,26,3455.47,3661
2026-07-24 12:10:00,3400,3400,3395,3395,7,3455.14,3661
2026-07-24 12:15:00,3390,3400,3390,3400,18,3454.23,3661
2026-07-24 12:20:00,3400,3400,3400,3400,1,3454.19,3661
2026-07-24 12:25:00,3400,3410,3395,3410,24,3453.27,3661
2026-07-24 12:30:00,3405,3405,3395,3395,19,3452.5,3661
2026-07-24 12:35:00,3400,3405,3400,3405,9,3452.16,3661
2026-07-24 12:45:00,3400,3400,3400,3400,5,3451.95,3661
2026-07-24 12:50:00,3400,3410,3400,3410,23,3451.13,3661
2026-07-24 12:55:00,3410,3410,3400,3400,10,3450.76,3661
2026-07-24 13:00:00,3405,3405,3400,3400,11,3450.38,3661
2026-07-24 13:05:00,3400,3400,3395,3400,31,3449.19,3661
2026-07-24 13:10:00,3400,3405,3395,3400,31,3448.11,3661
2026-07-24 13:15:00,3395,3400,3395,3395,18,3447.44,3661
2026-07-24 13:20:00,3400,3415,3400,3405,46,3446.05,3661
2026-07-24 13:30:00,3405,3405,3405,3405,134,3442.57,3661
2026-07-27 09:00:00,3385,3385,3360,3380,102,3377.45,3661
2026-07-27 09:05:00,3380,3420,3375,3390,50,3385.3,3661
2026-07-27 09:10:00,3395,3395,3315,3340,66,3374.75,3661
2026-07-27 09:15:00,3340,3345,3315,3315,35,3368.22,3661
2026-07-27 09:20:00,3320,3325,3310,3325,44,3360.2,3661
2026-07-27 09:25:00,3320,3325,3285,3310,60,3350.11,3661
2026-07-27 09:30:00,3310,3350,3310,3345,42,3348.51,3661
2026-07-27 09:35:00,3335,3375,3320,3370,33,3348.84,3661
2026-07-27 09:40:00,3375,3375,3360,3360,18,3349.6,3661
2026-07-27 09:45:00,3365,3390,3365,3385,30,3351.56,3661
2026-07-27 09:50:00,3385,3385,3360,3380,44,3353.71,3661
2026-07-27 09:55:00,3380,3390,3380,3390,16,3354.56,3661
2026-07-27 10:00:00,3390,3400,3390,3395,45,3357.74,3661
2026-07-27 10:05:00,3395,3395,3390,3390,3,3357.93,3661
2026-07-27 10:10:00,3390,3390,3385,3390,9,3358.38,3661
2026-07-27 10:15:00,3380,3380,3365,3365,18,3358.85,3661
2026-07-27 10:20:00,3365,3375,3365,3375,9,3359.03,3661
2026-07-27 10:25:00,3375,3395,3375,3395,22,3360.04,3661
2026-07-27 10:30:00,3400,3400,3370,3370,10,3360.43,3661
2026-07-27 10:35:00,3370,3395,3370,3390,21,3361.08,3661
2026-07-27 10:40:00,3395,3395,3380,3380,14,3361.59,3661
2026-07-27 10:45:00,3375,3375,3365,3370,6,3361.68,3661
2026-07-27 10:50:00,3370,3375,3370,3375,5,3361.75,3661
2026-07-27 10:55:00,3370,3370,3360,3365,17,3361.82,3661
2026-07-27 11:00:00,3365,3380,3365,3375,34,3362.37,3661
2026-07-27 11:05:00,3375,3375,3365,3365,7,3362.44,3661
2026-07-27 11:10:00,3365,3365,3360,3360,14,3362.41,3661
2026-07-27 11:15:00,3360,3365,3360,3365,2,3362.41,3661
2026-07-27 11:20:00,3365,3370,3365,3365,14,3362.47,3661
2026-07-27 11:25:00,3365,3365,3350,3350,17,3362.39,3661
2026-07-27 11:30:00,3350,3355,3340,3350,23,3361.97,3661
2026-07-27 11:35:00,3355,3355,3350,3350,7,3361.88,3661
2026-07-27 11:40:00,3345,3355,3340,3355,22,3361.53,3661
2026-07-27 11:45:00,3350,3355,3345,3345,12,3361.36,3661
2026-07-27 11:50:00,3345,3350,3340,3350,7,3361.24,3661
2026-07-27 11:55:00,3345,3350,3345,3345,9,3361.08,3661
2026-07-27 12:00:00,3350,3360,3350,3360,11,3360.99,3661
2026-07-27 12:05:00,3355,3365,3355,3365,13,3360.98,3661
2026-07-27 12:10:00,3370,3370,3365,3365,17,3361.14,3661
2026-07-27 12:15:00,3370,3370,3370,3370,7,3361.2,3661
2026-07-27 12:20:00,3370,3380,3370,3375,15,3361.41,3661
2026-07-27 12:25:00,3380,3385,3380,3385,7,3361.55,3661
2026-07-27 12:30:00,3380,3385,3380,3380,16,3361.9,3661
2026-07-27 12:35:00,3385,3390,3385,3385,6,3362.06,3661
2026-07-27 12:40:00,3390,3400,3390,3400,36,3363.2,3661
2026-07-27 12:45:00,3400,3400,3395,3400,16,3363.76,3661
2026-07-27 12:50:00,3400,3410,3400,3405,18,3364.49,3661
2026-07-27 12:55:00,3405,3410,3400,3400,57,3366.55,3661
2026-07-27 13:00:00,3400,3405,3400,3405,26,3367.42,3661
2026-07-27 13:05:00,3410,3435,3405,3435,50,3369.49,3661
2026-07-27 13:10:00,3430,3450,3430,3450,28,3371.17,3661
2026-07-27 13:15:00,3445,3460,3445,3460,28,3373.0,3661
2026-07-27 13:20:00,3465,3470,3445,3460,49,3376.31,3661
2026-07-27 13:30:00,3460,3460,3460,3460,92,3381.89,3661
2026-07-28 09:00:00,3255,3255,3165,3245,199,3226.26,3661
2026-07-28 09:05:00,3240,3240,3185,3225,73,3223.42,3661
2026-07-28 09:10:00,3230,3235,3195,3205,52,3221.77,3661
2026-07-28 09:15:00,3205,3215,3180,3185,72,3216.57,3661
2026-07-28 09:20:00,3190,3220,3190,3215,39,3215.85,3661
2026-07-28 09:25:00,3220,3245,3215,3240,42,3217.03,3661
2026-07-28 09:30:00,3240,3255,3225,3240,51,3219.25,3661
2026-07-28 09:35:00,3245,3250,3235,3235,17,3220.02,3661
2026-07-28 09:40:00,3240,3255,3230,3250,24,3221.1,3661
2026-07-28 09:45:00,3250,3250,3235,3245,14,3221.6,3661
2026-07-28 09:50:00,3245,3245,3215,3220,24,3221.85,3661
2026-07-28 09:55:00,3220,3220,3210,3215,12,3221.71,3661
2026-07-28 10:00:00,3215,3215,3190,3190,29,3220.69,3661
2026-07-28 10:05:00,3190,3200,3170,3180,74,3217.08,3661
2026-07-28 10:10:00,3175,3180,3170,3175,31,3215.32,3661
2026-07-28 10:15:00,3175,3180,3170,3180,17,3214.45,3661
2026-07-28 10:20:00,3185,3190,3175,3180,44,3212.65,3661
2026-07-28 10:25:00,3180,3185,3175,3180,11,3212.22,3661
2026-07-28 10:30:00,3180,3180,3165,3165,28,3210.91,3661
2026-07-28 10:35:00,3165,3165,3125,3125,166,3199.43,3661
2026-07-28 10:40:00,3135,3145,3125,3125,27,3197.83,3661
2026-07-28 10:45:00,3135,3135,3125,3130,25,3196.22,3661
2026-07-28 10:50:00,3145,3170,3140,3170,23,3195.31,3661
2026-07-28 10:55:00,3165,3165,3155,3155,18,3194.76,3661
2026-07-28 11:00:00,3160,3160,3135,3135,17,3194.05,3661
2026-07-28 11:05:00,3135,3140,3120,3120,39,3191.82,3661
2026-07-28 11:10:00,3125,3130,3120,3130,26,3190.33,3661
2026-07-28 11:15:00,3135,3145,3130,3145,10,3189.88,3661
2026-07-28 11:20:00,3150,3170,3150,3160,14,3189.55,3661
2026-07-28 11:25:00,3165,3175,3155,3160,19,3189.12,3661
2026-07-28 11:30:00,3160,3165,3160,3165,8,3188.94,3661
2026-07-28 11:35:00,3165,3185,3165,3170,12,3188.81,3661
2026-07-28 11:40:00,3180,3195,3180,3195,16,3188.77,3661
2026-07-28 11:45:00,3195,3200,3195,3200,12,3188.86,3661
2026-07-28 11:50:00,3195,3195,3185,3190,12,3188.89,3661
2026-07-28 11:55:00,3190,3190,3185,3185,5,3188.88,3661
2026-07-28 12:00:00,3180,3180,3180,3180,3,3188.86,3661
2026-07-28 12:05:00,3180,3180,3165,3175,8,3188.77,3661
2026-07-28 12:10:00,3170,3170,3160,3160,7,3188.64,3661
2026-07-28 12:15:00,3160,3170,3155,3160,16,3188.32,3661
2026-07-28 12:20:00,3160,3160,3160,3160,2,3188.28,3661
2026-07-28 12:25:00,3160,3165,3155,3155,10,3188.07,3661
2026-07-28 12:30:00,3155,3155,3150,3155,12,3187.77,3661
2026-07-28 12:35:00,3155,3160,3150,3155,14,3187.43,3661
2026-07-28 12:40:00,3155,3155,3150,3150,10,3187.19,3661
2026-07-28 12:45:00,3155,3160,3150,3150,14,3186.89,3661
2026-07-28 12:50:00,3160,3160,3145,3145,19,3186.45,3661
2026-07-28 12:55:00,3145,3145,3135,3140,18,3185.89,3661
2026-07-28 13:00:00,3140,3150,3135,3135,27,3185.11,3661
2026-07-28 13:05:00,3135,3135,3120,3125,44,3183.44,3661
2026-07-28 13:10:00,3120,3130,3115,3115,103,3179.24,3661
2026-07-28 13:15:00,3115,3115,3115,3115,42,3177.6,3661
2026-07-28 13:20:00,3115,3115,3115,3115,11,3177.19,3661
2026-07-28 13:30:00,3115,3115,3115,3115,39,3175.76,3661
2026-07-29 09:00:00,3000,3055,3000,3020,344,3022.51,3661
2026-07-29 09:05:00,3020,3035,2985,2990,111,3020.22,3661
2026-07-29 09:10:00,2990,2990,2905,2925,175,3000.79,3661
2026-07-29 09:15:00,2930,2965,2905,2965,143,2987.92,3661
2026-07-29 09:20:00,2965,3010,2955,3010,98,2986.82,3661
2026-07-29 09:25:00,3010,3015,2985,2990,65,2987.33,3661
2026-07-29 09:30:00,2985,2995,2960,2975,74,2986.58,3661
2026-07-29 09:35:00,2975,2980,2960,2965,37,2985.99,3661
2026-07-29 09:40:00,2965,2965,2915,2955,75,2982.68,3661
2026-07-29 09:45:00,2955,2955,2920,2920,48,2980.77,3661
2026-07-29 09:50:00,2915,2915,2890,2895,76,2975.99,3661
2026-07-29 09:55:00,2890,2895,2835,2840,110,2966.54,3661
2026-07-29 10:00:00,2840,2875,2825,2850,121,2956.67,3661
2026-07-29 10:05:00,2850,2865,2845,2845,45,2953.59,3661
2026-07-29 10:10:00,2845,2870,2840,2860,49,2950.41,3661
2026-07-29 10:15:00,2860,2865,2820,2830,57,2946.47,3661
2026-07-29 10:20:00,2830,2875,2825,2855,55,2943.31,3661
2026-07-29 10:25:00,2860,2865,2845,2855,29,2941.82,3661
2026-07-29 10:30:00,2855,2855,2830,2835,35,2939.89,3661
2026-07-29 10:35:00,2830,2830,2805,2805,247,2923.52,3661
2026-07-29 10:40:00,2805,2805,2805,2805,22,2922.23,3661
2026-07-29 10:45:00,2805,2805,2805,2805,15,2921.36,3661
2026-07-29 10:50:00,2805,2805,2805,2805,21,2920.17,3661
2026-07-29 10:55:00,2805,2805,2805,2805,7,2919.78,3661
2026-07-29 11:00:00,2805,2805,2805,2805,6,2919.45,3661
2026-07-29 11:05:00,2805,2805,2805,2805,13,2918.73,3661
2026-07-29 11:10:00,2805,2805,2805,2805,20,2917.65,3661
2026-07-29 11:15:00,2805,2805,2805,2805,37,2915.69,3661
2026-07-29 11:20:00,2805,2805,2805,2805,5,2915.43,3661
2026-07-29 11:30:00,2805,2805,2805,2805,38,2913.51,3661
2026-07-29 11:35:00,2805,2805,2805,2805,36,2911.74,3661
2026-07-29 11:40:00,2805,2805,2805,2805,70,2908.47,3661
2026-07-29 11:45:00,2805,2805,2805,2805,26,2907.31,3661
2026-07-29 11:50:00,2805,2805,2805,2805,5,2907.09,3661
2026-07-29 11:55:00,2805,2805,2805,2805,3,2906.95,3661
2026-07-29 12:00:00,2805,2805,2805,2805,4,2906.78,3661
2026-07-29 12:05:00,2805,2805,2805,2805,3,2906.65,3661
2026-07-29 12:10:00,2805,2805,2805,2805,2,2906.56,3661
2026-07-29 12:15:00,2805,2805,2805,2805,4,2906.39,3661
2026-07-29 12:20:00,2805,2805,2805,2805,4,2906.21,3661
2026-07-29 12:25:00,2805,2805,2805,2805,5,2906.0,3661
2026-07-29 12:30:00,2805,2805,2805,2805,8,2905.65,3661
2026-07-29 12:35:00,2805,2805,2805,2805,17,2904.93,3661
2026-07-29 12:40:00,2805,2805,2805,2805,5,2904.72,3661
2026-07-29 12:45:00,2805,2805,2805,2805,9,2904.34,3661
2026-07-29 12:50:00,2805,2805,2805,2805,3,2904.21,3661
2026-07-29 12:55:00,2805,2805,2805,2805,4,2904.05,3661
2026-07-29 13:00:00,2805,2805,2805,2805,21,2903.18,3661
2026-07-29 13:05:00,2805,2805,2805,2805,13,2902.66,3661
2026-07-29 13:10:00,2805,2830,2805,2830,108,2898.68,3661
2026-07-29 13:15:00,2820,2835,2810,2825,82,2896.33,3661
2026-07-29 13:20:00,2825,2830,2810,2820,90,2893.78,3661
2026-07-29 13:30:00,2805,2805,2805,2805,89,2890.94,3661
2026-07-30 09:00:00,2680,2745,2630,2730,283,2678.57,3661
2026-07-30 09:05:00,2740,2845,2740,2815,210,2735.35,3661
2026-07-30 09:10:00,2810,2855,2795,2805,137,2755.99,3661
2026-07-30 09:15:00,2805,2840,2780,2830,114,2764.35,3661
2026-07-30 09:20:00,2840,2840,2815,2835,50,2768.6,3661
2026-07-30 09:25:00,2830,2840,2820,2830,31,2770.97,3661
2026-07-30 09:30:00,2830,2890,2825,2890,115,2781.86,3661
2026-07-30 09:35:00,2890,2940,2875,2940,124,2797.04,3661
2026-07-30 09:40:00,2940,2975,2910,2920,133,2813.78,3661
2026-07-30 09:45:00,2910,2930,2900,2910,45,2817.49,3661
2026-07-30 09:50:00,2915,2915,2890,2910,42,2820.35,3661
2026-07-30 09:55:00,2910,2930,2905,2925,29,2822.54,3661
2026-07-30 10:00:00,2925,2950,2915,2920,67,2827.72,3661
2026-07-30 10:05:00,2920,2920,2895,2910,45,2830.22,3661
2026-07-30 10:10:00,2905,2915,2885,2900,29,2831.59,3661
2026-07-30 10:15:00,2885,2890,2870,2870,53,2833.29,3661
2026-07-30 10:20:00,2875,2880,2835,2850,66,2834.04,3661
2026-07-30 10:25:00,2850,2855,2820,2820,43,2834.17,3661
2026-07-30 10:30:00,2820,2850,2805,2840,38,2833.82,3661
2026-07-30 10:35:00,2835,2860,2830,2855,32,2834.09,3661
2026-07-30 10:40:00,2860,2880,2855,2880,28,2834.64,3661
2026-07-30 10:45:00,2880,2880,2870,2875,21,2835.14,3661
2026-07-30 10:50:00,2875,2880,2870,2870,20,2835.56,3661
2026-07-30 10:55:00,2870,2870,2830,2840,22,2835.73,3661
2026-07-30 11:00:00,2840,2865,2840,2855,24,2835.99,3661
2026-07-30 11:05:00,2860,2870,2840,2840,11,2836.1,3661
2026-07-30 11:10:00,2840,2845,2820,2845,33,2836.0,3661
2026-07-30 11:15:00,2840,2840,2810,2810,39,2835.78,3661
2026-07-30 11:20:00,2820,2825,2810,2810,12,2835.67,3661
2026-07-30 11:25:00,2810,2830,2810,2825,36,2835.37,3661
2026-07-30 11:30:00,2825,2840,2815,2840,24,2835.24,3661
2026-07-30 11:35:00,2840,2845,2815,2815,28,2835.15,3661
2026-07-30 11:40:00,2820,2850,2820,2840,20,2835.2,3661
2026-07-30 11:45:00,2850,2865,2845,2865,14,2835.33,3661
2026-07-30 11:50:00,2865,2870,2845,2870,14,2835.47,3661
2026-07-30 11:55:00,2860,2860,2835,2840,24,2835.64,3661
2026-07-30 12:00:00,2855,2885,2855,2870,173,2838.34,3661
2026-07-30 12:05:00,2870,2890,2845,2845,108,2839.64,3661
2026-07-30 12:10:00,2845,2855,2845,2855,9,2839.68,3661
2026-07-30 12:15:00,2850,2850,2825,2825,27,2839.71,3661
2026-07-30 12:20:00,2825,2830,2825,2830,19,2839.63,3661
2026-07-30 12:25:00,2835,2860,2835,2850,63,2839.93,3661
2026-07-30 12:30:00,2850,2850,2845,2845,9,2839.96,3661
2026-07-30 12:35:00,2845,2845,2840,2840,19,2839.97,3661
2026-07-30 12:40:00,2835,2835,2810,2815,25,2839.79,3661
2026-07-30 12:45:00,2820,2830,2815,2815,12,2839.69,3661
2026-07-30 12:50:00,2815,2815,2795,2795,53,2838.98,3661
2026-07-30 12:55:00,2790,2790,2775,2775,28,2838.34,3661
2026-07-30 13:00:00,2785,2790,2730,2750,76,2836.03,3661
2026-07-30 13:05:00,2755,2775,2755,2755,47,2834.74,3661
2026-07-30 13:10:00,2755,2785,2750,2780,67,2832.96,3661
2026-07-30 13:15:00,2785,2805,2785,2795,71,2832.1,3661
2026-07-30 13:20:00,2795,2800,2775,2775,32,2831.63,3661
2026-07-30 13:30:00,2785,2785,2785,2785,120,2829.77,3661
2026-07-31 09:00:00,3060,3060,2990,3015,1035,3057.14,3661
2026-07-31 09:05:00,3005,3045,3005,3030,154,3053.09,3661
2026-07-31 09:10:00,3030,3045,3000,3000,104,3050.28,3661
2026-07-31 09:15:00,3000,3020,2995,3020,71,3048.11,3661
2026-07-31 09:20:00,3015,3020,3010,3010,24,3047.54,3661
2026-07-31 09:25:00,3010,3015,3005,3015,20,3047.03,3661
2026-07-31 09:30:00,3010,3010,2995,3010,62,3045.09,3661
2026-07-31 09:35:00,3010,3010,2995,3000,24,3044.41,3661
2026-07-31 09:40:00,3000,3005,2980,2990,108,3040.91,3661
2026-07-31 09:45:00,2990,3000,2965,2965,68,3038.58,3661
2026-07-31 09:50:00,2965,2975,2960,2960,56,3036.24,3661
2026-07-31 09:55:00,2965,2970,2945,2965,89,3032.32,3661
2026-07-31 10:00:00,2965,2985,2965,2980,56,3030.68,3661
2026-07-31 10:05:00,2975,2980,2975,2980,11,3030.36,3661
2026-07-31 10:10:00,2985,2985,2975,2985,31,3029.57,3661
2026-07-31 10:15:00,2985,2985,2980,2985,18,3029.14,3661
2026-07-31 10:20:00,2990,3010,2990,3000,65,3028.27,3661
2026-07-31 10:25:00,2995,3000,2995,3000,14,3028.05,3661
2026-07-31 10:30:00,3000,3000,3000,3000,17,3027.81,3661
2026-07-31 10:35:00,3000,3000,2985,2990,21,3027.46,3661
2026-07-31 10:40:00,2990,2990,2990,2990,5,3027.37,3661
2026-07-31 10:45:00,2990,2995,2990,2995,6,3027.27,3661
2026-07-31 10:50:00,2995,3015,2995,3015,17,3027.08,3661
2026-07-31 10:55:00,3015,3015,3005,3005,16,3026.94,3661
2026-07-31 11:00:00,3005,3005,3005,3005,8,3026.86,3661
2026-07-31 11:05:00,3005,3005,2995,2995,25,3026.53,3661
2026-07-31 11:10:00,2995,2995,2985,2985,32,3025.98,3661
2026-07-31 11:15:00,2985,2995,2985,2995,10,3025.82,3661
2026-07-31 11:20:00,3000,3040,3000,3035,116,3025.9,3661
2026-07-31 11:25:00,3035,3035,3025,3025,16,3025.91,3661
2026-07-31 11:30:00,3025,3045,3025,3040,29,3026.08,3661
2026-07-31 11:35:00,3035,3040,3030,3035,42,3026.22,3661
2026-07-31 11:40:00,3030,3035,3030,3030,14,3026.25,3661
2026-07-31 11:45:00,3035,3035,3035,3035,24,3026.34,3661
2026-07-31 11:50:00,3035,3040,3035,3040,15,3026.4,3661
2026-07-31 11:55:00,3040,3050,3040,3050,40,3026.74,3661
2026-07-31 12:00:00,3045,3045,3035,3040,15,3026.84,3661
2026-07-31 12:05:00,3045,3060,3045,3060,69,3027.63,3661
2026-07-31 12:10:00,3055,3060,3050,3060,251,3030.45,3661
2026-07-31 12:15:00,3060,3060,3045,3050,66,3030.96,3661
2026-07-31 12:20:00,3055,3060,3030,3045,45,3031.18,3661
2026-07-31 12:25:00,3045,3050,3045,3050,6,3031.22,3661
2026-07-31 12:30:00,3045,3050,3045,3050,13,3031.3,3661
2026-07-31 12:35:00,3050,3050,3040,3040,14,3031.37,3661
2026-07-31 12:40:00,3040,3045,3035,3045,22,3031.44,3661
2026-07-31 12:45:00,3045,3060,3045,3060,57,3031.94,3661
2026-07-31 12:50:00,3060,3060,3055,3060,19,3032.1,3661
2026-07-31 12:55:00,3060,3060,3060,3060,5,3032.15,3661
2026-07-31 13:00:00,3055,3055,3055,3055,6,3032.19,3661
2026-07-31 13:05:00,3055,3055,3050,3055,11,3032.27,3661
2026-07-31 13:10:00,3055,3060,3050,3060,37,3032.58,3661
2026-07-31 13:15:00,3060,3060,3060,3060,18,3032.74,3661
2026-07-31 13:30:00,3060,3060,3060,3060,18,3032.89,3661
2026-08-03 09:00:00,3070,3115,3050,3095,238,3084.35,3661
2026-08-03 09:05:00,3100,3230,3100,3220,259,3132.22,3661
2026-08-03 09:10:00,3215,3235,3185,3195,164,3151.83,3661
2026-08-03 09:15:00,3195,3225,3175,3205,66,3155.89,3661
2026-08-03 09:20:00,3205,3255,3205,3255,96,3165.27,3661
2026-08-03 09:25:00,3260,3265,3230,3235,45,3169.53,3661
2026-08-03 09:30:00,3230,3245,3230,3240,36,3172.16,3661
2026-08-03 09:35:00,3240,3240,3200,3205,58,3174.67,3661
2026-08-03 09:40:00,3210,3225,3210,3225,12,3175.16,3661
2026-08-03 09:45:00,3230,3250,3230,3235,33,3177.35,3661
2026-08-03 09:50:00,3230,3235,3225,3225,6,3177.66,3661
2026-08-03 09:55:00,3230,3260,3230,3255,32,3179.9,3661
2026-08-03 10:00:00,3255,3255,3240,3255,18,3181.06,3661
2026-08-03 10:05:00,3255,3255,3240,3250,13,3181.88,3661
2026-08-03 10:10:00,3240,3255,3240,3255,11,3182.59,3661
2026-08-03 10:15:00,3255,3260,3255,3260,23,3184.17,3661
2026-08-03 10:20:00,3255,3265,3245,3245,25,3185.71,3661
2026-08-03 10:25:00,3245,3245,3230,3240,24,3186.79,3661
2026-08-03 10:30:00,3245,3255,3245,3250,12,3187.44,3661
2026-08-03 10:35:00,3250,3255,3250,3255,8,3187.89,3661
2026-08-03 10:40:00,3250,3250,3245,3245,4,3188.1,3661
2026-08-03 10:45:00,3245,3245,3235,3240,36,3189.67,3661
2026-08-03 10:50:00,3240,3250,3240,3250,7,3190.0,3661
2026-08-03 10:55:00,3245,3260,3245,3255,16,3190.83,3661
2026-08-03 11:00:00,3255,3255,3250,3255,7,3191.18,3661
2026-08-03 11:05:00,3245,3245,3230,3230,33,3192.33,3661
2026-08-03 11:10:00,3235,3245,3235,3245,11,3192.71,3661
2026-08-03 11:15:00,3240,3240,3225,3225,9,3192.98,3661
2026-08-03 11:20:00,3225,3230,3210,3220,22,3193.41,3661
2026-08-03 11:25:00,3215,3215,3205,3205,24,3193.69,3661
2026-08-03 11:30:00,3205,3215,3205,3215,10,3193.79,3661
2026-08-03 11:35:00,3220,3240,3220,3240,14,3194.13,3661
2026-08-03 11:40:00,3235,3240,3235,3240,5,3194.28,3661
2026-08-03 11:45:00,3235,3250,3235,3250,17,3194.85,3661
2026-08-03 11:50:00,3250,3265,3250,3260,50,3197.01,3661
2026-08-03 11:55:00,3260,3260,3250,3250,15,3197.61,3661
2026-08-03 12:00:00,3250,3250,3250,3250,2,3197.68,3661
2026-08-03 12:05:00,3250,3250,3250,3250,2,3197.75,3661
2026-08-03 12:10:00,3250,3255,3250,3255,11,3198.15,3661
2026-08-03 12:15:00,3255,3260,3255,3260,14,3198.72,3661
2026-08-03 12:20:00,3255,3265,3250,3265,22,3199.55,3661
2026-08-03 12:25:00,3265,3270,3265,3270,19,3200.41,3661
2026-08-03 12:30:00,3270,3270,3260,3270,12,3200.91,3661
2026-08-03 12:35:00,3270,3270,3260,3260,14,3201.47,3661
2026-08-03 12:40:00,3260,3265,3255,3260,21,3202.25,3661
2026-08-03 12:45:00,3265,3265,3265,3265,7,3202.53,3661
2026-08-03 12:50:00,3270,3275,3270,3275,28,3203.75,3661
2026-08-03 12:55:00,3270,3275,3265,3270,22,3204.63,3661
2026-08-03 13:00:00,3275,3275,3270,3270,18,3205.35,3661
2026-08-03 13:05:00,3265,3265,3255,3260,26,3206.23,3661
2026-08-03 13:10:00,3255,3255,3250,3255,18,3206.73,3661
2026-08-03 13:15:00,3250,3250,3245,3250,21,3207.25,3661
2026-08-03 13:20:00,3250,3255,3240,3240,46,3208.39,3661
2026-08-03 13:30:00,3250,3250,3250,3250,97,3210.56,3661
2026-08-04 09:00:00,3265,3275,3200,3240,189,3243.6,3661
2026-08-04 09:05:00,3240,3260,3235,3250,63,3245.02,3661
2026-08-04 09:10:00,3255,3265,3245,3250,55,3247.1,3661
2026-08-04 09:15:00,3255,3315,3255,3315,98,3256.4,3661
2026-08-04 09:20:00,3320,3350,3315,3325,79,3269.18,3661
2026-08-04 09:25:00,3315,3330,3310,3330,33,3272.43,3661
2026-08-04 09:30:00,3335,3335,3330,3330,19,3274.56,3661
2026-08-04 09:35:00,3330,3330,3285,3295,43,3276.82,3661
2026-08-04 09:40:00,3290,3325,3290,3320,13,3277.53,3661
2026-08-04 09:45:00,3330,3390,3330,3385,97,3289.71,3661
2026-08-04 09:50:00,3385,3395,3380,3380,30,3293.82,3661
2026-08-04 09:55:00,3385,3410,3385,3400,52,3300.91,3661
2026-08-04 10:00:00,3400,3400,3345,3345,46,3304.58,3661
2026-08-04 10:05:00,3340,3345,3325,3340,36,3305.87,3661
2026-08-04 10:10:00,3340,3345,3330,3340,11,3306.27,3661
2026-08-04 10:15:00,3340,3340,3310,3315,41,3307.13,3661
2026-08-04 10:20:00,3320,3355,3320,3355,18,3307.7,3661
2026-08-04 10:25:00,3355,3375,3345,3350,28,3309.26,3661
2026-08-04 10:30:00,3350,3350,3350,3350,3,3309.39,3661
2026-08-04 10:35:00,3350,3350,3340,3340,3,3309.49,3661
2026-08-04 10:40:00,3345,3350,3345,3350,8,3309.82,3661
2026-08-04 10:45:00,3345,3345,3325,3330,14,3310.18,3661
2026-08-04 10:50:00,3330,3330,3330,3330,1,3310.2,3661
2026-08-04 10:55:00,3335,3335,3330,3330,4,3310.29,3661
2026-08-04 11:00:00,3325,3340,3320,3340,10,3310.45,3661
2026-08-04 11:05:00,3335,3335,3315,3315,17,3310.69,3661
2026-08-04 11:10:00,3315,3315,3305,3305,24,3310.69,3661
2026-08-04 11:15:00,3310,3340,3310,3340,15,3310.84,3661
2026-08-04 11:20:00,3350,3350,3350,3350,6,3311.06,3661
2026-08-04 11:25:00,3350,3360,3345,3350,12,3311.53,3661
2026-08-04 11:30:00,3355,3375,3355,3370,22,3312.65,3661
2026-08-04 11:35:00,3370,3370,3355,3355,7,3312.96,3661
2026-08-04 11:40:00,3355,3355,3340,3340,14,3313.37,3661
2026-08-04 11:45:00,3345,3345,3345,3345,1,3313.4,3661
2026-08-04 11:50:00,3345,3355,3345,3355,4,3313.53,3661
2026-08-04 11:55:00,3350,3350,3350,3350,1,3313.56,3661
2026-08-04 12:00:00,3350,3355,3350,3350,5,3313.73,3661
2026-08-04 12:05:00,3350,3360,3350,3360,17,3314.36,3661
2026-08-04 12:10:00,3350,3350,3340,3340,10,3314.63,3661
2026-08-04 12:15:00,3340,3365,3340,3365,21,3315.21,3661
2026-08-04 12:20:00,3365,3370,3365,3370,10,3315.65,3661
2026-08-04 12:25:00,3370,3370,3370,3370,13,3316.24,3661
2026-08-04 12:30:00,3370,3370,3365,3365,11,3316.71,3661
2026-08-04 12:40:00,3360,3360,3355,3355,6,3316.92,3661
2026-08-04 12:45:00,3360,3365,3360,3365,6,3317.14,3661
2026-08-04 12:50:00,3365,3390,3365,3385,34,3318.82,3661
2026-08-04 12:55:00,3390,3390,3385,3385,9,3319.31,3661
2026-08-04 13:00:00,3385,3395,3385,3390,9,3319.82,3661
2026-08-04 13:05:00,3390,3390,3385,3385,18,3320.75,3661
2026-08-04 13:10:00,3385,3385,3380,3380,13,3321.36,3661
2026-08-04 13:15:00,3380,3390,3370,3390,45,3323.33,3661
2026-08-04 13:20:00,3385,3395,3375,3390,34,3324.82,3661
2026-08-04 13:30:00,3390,3390,3390,3390,127,3330.32,3661
2026-08-05 09:00:00,3550,3560,3520,3525,215,3536.63,3661
2026-08-05 09:05:00,3525,3585,3520,3575,108,3542.91,3661
2026-08-05 09:10:00,3570,3570,3515,3515,60,3541.72,3661
2026-08-05 09:15:00,3515,3520,3490,3495,73,3535.43,3661
2026-08-05 09:20:00,3495,3515,3490,3505,28,3533.74,3661
2026-08-05 09:25:00,3500,3545,3495,3545,42,3532.08,3661
2026-08-05 09:30:00,3545,3575,3540,3570,82,3535.75,3661
2026-08-05 09:35:00,3570,3590,3570,3590,85,3541.2,3661
2026-08-05 09:40:00,3590,3595,3560,3590,57,3544.61,3661
2026-08-05 09:45:00,3595,3605,3595,3600,66,3549.06,3661
2026-08-05 09:50:00,3600,3640,3600,3605,94,3557.06,3661
2026-08-05 09:55:00,3605,3615,3605,3605,13,3557.78,3661
2026-08-05 10:00:00,3605,3620,3605,3610,29,3559.52,3661
2026-08-05 10:05:00,3610,3640,3610,3630,35,3561.98,3661
2026-08-05 10:10:00,3625,3630,3625,3630,5,3562.31,3661
2026-08-05 10:15:00,3625,3630,3620,3630,12,3563.07,3661
2026-08-05 10:20:00,3630,3630,3625,3630,6,3563.46,3661
2026-08-05 10:25:00,3635,3640,3615,3615,19,3564.68,3661
2026-08-05 10:30:00,3615,3615,3615,3615,5,3564.93,3661
2026-08-05 10:35:00,3615,3625,3615,3620,10,3565.45,3661
2026-08-05 10:40:00,3620,3620,3615,3620,6,3565.76,3661
2026-08-05 10:45:00,3620,3625,3620,3625,6,3566.07,3661
2026-08-05 10:50:00,3625,3625,3625,3625,8,3566.52,3661
2026-08-05 10:55:00,3620,3620,3615,3615,11,3567.03,3661
2026-08-05 11:00:00,3615,3620,3615,3620,4,3567.22,3661
2026-08-05 11:05:00,3625,3625,3615,3615,7,3567.56,3661
2026-08-05 11:10:00,3615,3615,3610,3610,8,3567.88,3661
2026-08-05 11:15:00,3605,3605,3600,3600,17,3568.4,3661
2026-08-05 11:20:00,3605,3615,3605,3610,9,3568.73,3661
2026-08-05 11:25:00,3615,3615,3580,3585,35,3569.58,3661
2026-08-05 11:30:00,3585,3590,3570,3585,26,3569.81,3661
2026-08-05 11:35:00,3590,3610,3590,3610,16,3570.23,3661
2026-08-05 11:40:00,3610,3625,3605,3625,20,3571.01,3661
2026-08-05 11:45:00,3620,3645,3615,3640,36,3572.85,3661
2026-08-05 11:50:00,3635,3640,3635,3640,13,3573.53,3661
2026-08-05 11:55:00,3645,3700,3645,3675,148,3584.12,3661
2026-08-05 12:00:00,3675,3675,3670,3670,9,3584.68,3661
2026-08-05 12:05:00,3670,3670,3660,3660,19,3585.71,3661
2026-08-05 12:10:00,3665,3670,3665,3670,20,3586.86,3661
2026-08-05 12:15:00,3670,3675,3650,3670,23,3588.09,3661
2026-08-05 12:20:00,3655,3655,3645,3655,18,3588.85,3661
2026-08-05 12:25:00,3650,3655,3640,3640,31,3590.05,3661
2026-08-05 12:30:00,3645,3660,3645,3660,27,3591.15,3661
2026-08-05 12:35:00,3655,3655,3645,3650,15,3591.72,3661
2026-08-05 12:45:00,3650,3665,3650,3665,17,3592.38,3661
2026-08-05 12:50:00,3665,3665,3655,3660,14,3592.97,3661
2026-08-05 12:55:00,3660,3660,3650,3655,11,3593.4,3661
2026-08-05 13:00:00,3650,3655,3640,3640,26,3594.29,3661
2026-08-05 13:05:00,3645,3645,3640,3640,10,3594.56,3661
2026-08-05 13:10:00,3640,3640,3640,3640,21,3595.13,3661
2026-08-05 13:15:00,3635,3635,3605,3605,25,3595.54,3661
2026-08-05 13:20:00,3605,3610,3595,3600,23,3595.61,3661
2026-08-05 13:30:00,3610,3610,3610,3610,114,3596.5,3661
2026-08-06 09:00:00,3620,3700,3610,3670,240,3644.96,3661
2026-08-06 09:05:00,3670,3710,3660,3695,147,3660.93,3661
2026-08-06 09:10:00,3685,3690,3640,3650,81,3661.61,3661
2026-08-06 09:15:00,3650,3650,3600,3600,82,3656.67,3661
2026-08-06 09:20:00,3600,3605,3580,3600,69,3649.52,3661
2026-08-06 09:25:00,3605,3640,3600,3640,49,3647.19,3661
2026-08-06 09:30:00,3635,3670,3635,3650,53,3647.6,3661
2026-08-06 09:35:00,3660,3660,3630,3630,28,3647.38,3661
2026-08-06 09:40:00,3625,3630,3620,3625,14,3646.95,3661
2026-08-06 09:45:00,3625,3640,3625,3635,13,3646.77,3661
2026-08-06 09:50:00,3635,3645,3630,3645,19,3646.53,3661
2026-08-06 09:55:00,3635,3660,3630,3660,34,3646.5,3661
2026-08-06 10:00:00,3655,3690,3655,3665,51,3648.22,3661
2026-08-06 10:05:00,3665,3670,3665,3665,20,3648.64,3661
2026-08-06 10:10:00,3665,3670,3640,3645,24,3648.87,3661
2026-08-06 10:15:00,3650,3675,3650,3675,7,3648.99,3661
2026-08-06 10:20:00,3675,3680,3675,3680,16,3649.47,3661
2026-08-06 10:25:00,3680,3680,3660,3660,31,3650.15,3661
2026-08-06 10:30:00,3660,3685,3655,3685,8,3650.28,3661
2026-08-06 10:35:00,3685,3685,3670,3675,18,3650.81,3661
2026-08-06 10:40:00,3680,3680,3670,3680,18,3651.24,3661
2026-08-06 10:45:00,3680,3685,3675,3675,18,3651.75,3661
2026-08-06 10:50:00,3675,3680,3670,3680,17,3652.17,3661
2026-08-06 10:55:00,3680,3710,3680,3710,49,3654.1,3661
2026-08-06 11:00:00,3715,3720,3705,3705,44,3656.39,3661
2026-08-06 11:05:00,3700,3700,3680,3680,14,3656.78,3661
2026-08-06 11:10:00,3675,3680,3670,3680,20,3657.08,3661
2026-08-06 11:15:00,3680,3685,3675,3685,10,3657.27,3661
2026-08-06 11:20:00,3675,3675,3675,3675,4,3657.32,3661
2026-08-06 11:25:00,3675,3675,3665,3665,12,3657.47,3661
2026-08-06 11:30:00,3670,3685,3670,3685,14,3657.68,3661
2026-08-06 11:35:00,3685,3685,3680,3680,10,3657.89,3661
2026-08-06 11:40:00,3680,3685,3680,3680,7,3658.03,3661
2026-08-06 11:45:00,3680,3685,3680,3685,6,3658.15,3661
2026-08-06 11:50:00,3680,3685,3670,3670,14,3658.36,3661
2026-08-06 11:55:00,3670,3670,3660,3660,15,3658.44,3661
2026-08-06 12:00:00,3660,3660,3650,3650,14,3658.41,3661
2026-08-06 12:05:00,3655,3665,3655,3655,5,3658.41,3661
2026-08-06 12:10:00,3655,3660,3645,3645,22,3658.32,3661
2026-08-06 12:15:00,3645,3670,3640,3660,25,3658.21,3661
2026-08-06 12:20:00,3650,3650,3645,3645,12,3658.13,3661
2026-08-06 12:25:00,3645,3650,3645,3650,11,3658.04,3661
2026-08-06 12:30:00,3650,3650,3640,3640,20,3657.85,3661
2026-08-06 12:35:00,3640,3640,3635,3640,22,3657.54,3661
2026-08-06 12:40:00,3640,3645,3640,3645,8,3657.45,3661
2026-08-06 12:45:00,3640,3640,3635,3635,17,3657.23,3661
2026-08-06 12:50:00,3640,3645,3640,3645,6,3657.16,3661
2026-08-06 12:55:00,3650,3650,3650,3650,13,3657.1,3661
2026-08-06 13:00:00,3650,3655,3645,3650,20,3657.02,3661
2026-08-06 13:05:00,3650,3660,3650,3660,21,3657.01,3661
2026-08-06 13:10:00,3655,3655,3650,3655,16,3656.97,3661
2026-08-06 13:15:00,3650,3650,3645,3645,22,3656.82,3661
2026-08-06 13:20:00,3645,3650,3640,3640,48,3656.39,3661
2026-08-06 13:30:00,3660,3660,3660,3660,107,3656.62,3661
2026-08-07 09:00:00,3665,3680,3620,3635,152,3654.97,3661
2026-08-07 09:05:00,3645,3705,3640,3670,97,3663.07,3661
2026-08-07 09:10:00,3665,3665,3610,3610,57,3658.56,3661
2026-08-07 09:15:00,3610,3650,3605,3625,45,3654.25,3661
2026-08-07 09:20:00,3625,3675,3625,3670,36,3654.44,3661
2026-08-07 09:25:00,3665,3665,3655,3655,15,3654.68,3661
2026-08-07 09:30:00,3660,3665,3660,3660,6,3654.8,3661
2026-08-07 09:35:00,3655,3655,3610,3610,30,3652.88,3661
2026-08-07 09:40:00,3605,3635,3605,3620,19,3651.19,3661
2026-08-07 09:45:00,3620,3645,3620,3630,16,3650.57,3661
2026-08-07 09:50:00,3630,3630,3630,3630,2,3650.48,3661
2026-08-07 09:55:00,3630,3630,3625,3630,8,3650.09,3661
2026-08-07 10:00:00,3630,3655,3630,3655,11,3649.86,3661
2026-08-07 10:05:00,3655,3745,3655,3705,132,3660.62,3661
2026-08-07 10:10:00,3705,3845,3705,3800,220,3690.64,3661
2026-08-07 10:15:00,3795,3835,3775,3780,118,3705.63,3661
2026-08-07 10:20:00,3785,3835,3780,3835,66,3712.17,3661
2026-08-07 10:25:00,3835,3835,3785,3790,48,3716.35,3661
2026-08-07 10:30:00,3790,3790,3770,3780,27,3718.0,3661
2026-08-07 10:35:00,3785,3800,3780,3795,28,3719.77,3661
2026-08-07 10:40:00,3790,3815,3765,3765,34,3721.86,3661
2026-08-07 10:45:00,3765,3790,3740,3785,43,3723.45,3661
2026-08-07 10:50:00,3785,3795,3775,3775,22,3724.55,3661
2026-08-07 10:55:00,3775,3780,3770,3770,19,3725.33,3661
2026-08-07 11:00:00,3770,3810,3770,3790,55,3728.27,3661
2026-08-07 11:05:00,3790,3790,3785,3790,15,3728.95,3661
2026-08-07 11:10:00,3790,3800,3785,3790,26,3730.16,3661
2026-08-07 11:15:00,3785,3785,3760,3765,37,3731.21,3661
2026-08-07 11:20:00,3765,3765,3750,3760,30,3731.75,3661
2026-08-07 11:25:00,3750,3755,3750,3755,9,3731.89,3661
2026-08-07 11:30:00,3755,3790,3755,3780,24,3732.57,3661
2026-08-07 11:35:00,3785,3790,3780,3790,12,3733.02,3661
2026-08-07 11:40:00,3795,3795,3775,3775,11,3733.4,3661
2026-08-07 11:45:00,3770,3780,3770,3780,15,3733.82,3661
2026-08-07 11:50:00,3780,3780,3765,3765,10,3734.11,3661
2026-08-07 11:55:00,3760,3760,3755,3755,15,3734.34,3661
2026-08-07 12:00:00,3760,3765,3755,3755,7,3734.45,3661
2026-08-07 12:05:00,3755,3760,3750,3755,11,3734.6,3661
2026-08-07 12:10:00,3755,3760,3750,3750,9,3734.71,3661
2026-08-07 12:15:00,3750,3750,3730,3740,46,3734.79,3661
2026-08-07 12:20:00,3740,3755,3740,3750,16,3734.94,3661
2026-08-07 12:25:00,3745,3745,3740,3740,10,3734.99,3661
2026-08-07 12:30:00,3740,3740,3715,3730,56,3734.66,3661
2026-08-07 12:35:00,3725,3725,3710,3720,26,3734.43,3661
2026-08-07 12:40:00,3715,3720,3700,3715,70,3733.5,3661
2026-08-07 12:45:00,3710,3715,3710,3715,22,3733.22,3661
2026-08-07 12:50:00,3705,3705,3685,3685,57,3732.04,3661
2026-08-07 12:55:00,3680,3720,3680,3715,28,3731.6,3661
2026-08-07 13:00:00,3720,3750,3720,3750,28,3731.72,3661
2026-08-07 13:05:00,3750,3755,3730,3730,17,3731.83,3661
2026-08-07 13:10:00,3725,3725,3715,3725,22,3731.7,3661
2026-08-07 13:15:00,3730,3730,3710,3710,27,3731.5,3661
2026-08-07 13:20:00,3710,3740,3700,3730,46,3731.11,3661
2026-08-07 13:30:00,3715,3715,3715,3715,120,3730.2,3661
2026-08-10 09:00:00,3850,3955,3790,3820,345,3866.84,3661
2026-08-10 09:05:00,3820,3890,3800,3885,172,3857.08,3661
2026-08-10 09:10:00,3890,3890,3800,3830,120,3852.03,3661
2026-08-10 09:15:00,3840,3850,3790,3795,195,3841.62,3661
2026-08-10 09:20:00,3800,3820,3770,3805,106,3836.12,3661
2026-08-10 09:25:00,3810,3845,3805,3805,90,3835.81,3661
2026-08-10 09:30:00,3800,3805,3760,3780,83,3831.74,3661
2026-08-10 09:35:00,3785,3800,3770,3770,35,3830.35,3661
2026-08-10 09:40:00,3770,3775,3760,3770,41,3828.12,3661
2026-08-10 09:45:00,3765,3795,3765,3790,17,3827.5,3661
2026-08-10 09:50:00,3790,3800,3790,3790,17,3827.01,3661
2026-08-10 09:55:00,3795,3820,3795,3805,48,3826.25,3661
2026-08-10 10:00:00,3800,3820,3800,3815,22,3825.99,3661
2026-08-10 10:05:00,3810,3810,3795,3795,21,3825.59,3661
2026-08-10 10:10:00,3795,3795,3790,3790,11,3825.31,3661
2026-08-10 10:15:00,3790,3790,3720,3720,154,3817.21,3661
2026-08-10 10:20:00,3720,3745,3720,3725,77,3812.98,3661
2026-08-10 10:25:00,3725,3750,3725,3725,90,3808.8,3661
2026-08-10 10:30:00,3730,3740,3710,3710,74,3804.99,3661
2026-08-10 10:35:00,3705,3720,3665,3705,127,3796.88,3661
2026-08-10 10:40:00,3705,3730,3700,3730,23,3795.8,3661
2026-08-10 10:45:00,3735,3740,3725,3730,25,3795.0,3661
2026-08-10 10:50:00,3730,3745,3730,3745,35,3793.96,3661
2026-08-10 10:55:00,3745,3750,3720,3720,33,3793.05,3661
2026-08-10 11:00:00,3720,3755,3720,3745,31,3792.28,3661
2026-08-10 11:05:00,3740,3740,3740,3740,3,3792.21,3661
2026-08-10 11:10:00,3735,3735,3725,3725,9,3791.93,3661
2026-08-10 11:15:00,3725,3730,3725,3730,7,3791.71,3661
2026-08-10 11:20:00,3730,3745,3725,3730,26,3790.95,3661
2026-08-10 11:25:00,3740,3740,3730,3730,7,3790.75,3661
2026-08-10 11:30:00,3720,3725,3710,3720,34,3789.56,3661
2026-08-10 11:35:00,3720,3720,3720,3720,1,3789.52,3661
2026-08-10 11:40:00,3715,3750,3715,3740,53,3788.26,3661
2026-08-10 11:45:00,3740,3750,3740,3745,15,3787.97,3661
2026-08-10 11:50:00,3740,3740,3740,3740,4,3787.88,3661
2026-08-10 11:55:00,3735,3740,3735,3740,4,3787.79,3661
2026-08-10 12:00:00,3740,3740,3715,3715,16,3787.36,3661
2026-08-10 12:05:00,3715,3720,3715,3720,18,3786.78,3661
2026-08-10 12:10:00,3720,3720,3715,3720,10,3786.47,3661
2026-08-10 12:15:00,3725,3730,3715,3730,16,3786.02,3661
2026-08-10 12:20:00,3730,3730,3725,3725,5,3785.88,3661
2026-08-10 12:25:00,3725,3725,3720,3725,3,3785.8,3661
2026-08-10 12:30:00,3730,3740,3730,3735,26,3785.22,3661
2026-08-10 12:35:00,3735,3740,3730,3740,7,3785.06,3661
2026-08-10 12:40:00,3735,3760,3730,3755,84,3783.66,3661
2026-08-10 12:45:00,3755,3755,3750,3750,18,3783.42,3661
2026-08-10 12:50:00,3745,3745,3745,3745,4,3783.36,3661
2026-08-10 12:55:00,3740,3750,3735,3750,27,3782.88,3661
2026-08-10 13:00:00,3750,3775,3750,3770,101,3782.11,3661
2026-08-10 13:05:00,3770,3790,3770,3780,74,3782.07,3661
2026-08-10 13:10:00,3775,3800,3775,3785,129,3782.32,3661
2026-08-10 13:15:00,3785,3800,3780,3795,40,3782.47,3661
2026-08-10 13:20:00,3795,3795,3770,3790,95,3782.37,3661
2026-08-10 13:30:00,3800,3800,3800,3800,186,3783.45,3661
2026-08-11 09:00:00,4000,4025,3925,3985,718,3991.47,3661
2026-08-11 09:05:00,3980,4050,3960,4030,401,3996.38,3661
2026-08-11 09:10:00,4030,4150,4015,4125,495,4026.06,3661
2026-08-11 09:15:00,4125,4130,4055,4070,128,4030.8,3661
2026-08-11 09:20:00,4075,4115,4050,4115,200,4036.78,3661
2026-08-11 09:25:00,4115,4115,4090,4095,89,4039.73,3661
2026-08-11 09:30:00,4100,4115,4030,4040,168,4042.42,3661
2026-08-11 09:35:00,4040,4060,4000,4005,147,4041.27,3661
2026-08-11 09:40:00,4000,4050,4000,4050,71,4040.94,3661
2026-08-11 09:45:00,4050,4060,4015,4050,58,4040.86,3661
2026-08-11 09:50:00,4055,4060,4040,4055,26,4041.0,3661
2026-08-11 09:55:00,4050,4055,4020,4030,50,4040.93,3661
2026-08-11 10:00:00,4025,4050,4025,4030,30,4040.86,3661
2026-08-11 10:05:00,4035,4040,4005,4010,41,4040.51,3661
2026-08-11 10:10:00,4015,4025,4010,4020,23,4040.32,3661
2026-08-11 10:15:00,4015,4020,3995,4020,49,4039.69,3661
2026-08-11 10:20:00,4015,4045,4015,4035,30,4039.58,3661
2026-08-11 10:25:00,4035,4045,4020,4040,24,4039.53,3661
2026-08-11 10:30:00,4040,4055,4035,4055,60,4039.77,3661
2026-08-11 10:35:00,4055,4055,4050,4055,17,4039.85,3661
2026-08-11 10:40:00,4050,4060,4035,4040,30,4039.98,3661
2026-08-11 10:45:00,4050,4065,4050,4065,46,4040.25,3661
2026-08-11 10:50:00,4060,4060,4045,4045,15,4040.3,3661
2026-08-11 10:55:00,4045,4045,4035,4040,31,4040.28,3661
2026-08-11 11:00:00,4040,4060,4030,4055,41,4040.29,3661
2026-08-11 11:05:00,4060,4060,4060,4060,12,4040.37,3661
2026-08-11 11:10:00,4055,4055,4030,4030,31,4040.35,3661
2026-08-11 11:15:00,4035,4045,4035,4040,19,4040.34,3661
2026-08-11 11:20:00,4040,4060,4040,4055,31,4040.46,3661
2026-08-11 11:25:00,4065,4105,4065,4090,144,4042.6,3661
2026-08-11 11:30:00,4090,4095,4075,4075,33,4043.09,3661
2026-08-11 11:35:00,4070,4085,4065,4065,20,4043.28,3661
2026-08-11 11:40:00,4070,4085,4055,4055,23,4043.46,3661
2026-08-11 11:45:00,4050,4070,4040,4060,29,4043.54,3661
2026-08-11 11:50:00,4050,4050,4025,4030,30,4043.44,3661
2026-08-11 11:55:00,4030,4030,4000,4010,67,4042.75,3661
2026-08-11 12:00:00,4005,4010,3995,4005,70,4041.94,3661
2026-08-11 12:05:00,4000,4015,3995,4015,48,4041.39,3661
2026-08-11 12:10:00,4020,4025,4020,4025,13,4041.32,3661
2026-08-11 12:15:00,4020,4020,4015,4015,9,4041.26,3661
2026-08-11 12:20:00,4015,4025,4010,4025,31,4041.05,3661
2026-08-11 12:25:00,4025,4035,4025,4030,12,4041.01,3661
2026-08-11 12:30:00,4025,4025,4010,4010,5,4040.97,3661
2026-08-11 12:35:00,4010,4010,4005,4010,32,4040.67,3661
2026-08-11 12:40:00,4015,4015,3995,3995,41,4040.24,3661
2026-08-11 12:45:00,3995,4000,3995,4000,25,4039.95,3661
2026-08-11 12:50:00,3995,3995,3975,3975,57,4039.12,3661
2026-08-11 12:55:00,3975,4000,3950,4000,82,4037.66,3661
2026-08-11 13:00:00,3995,4000,3980,3985,21,4037.4,3661
2026-08-11 13:05:00,3985,3990,3975,3985,42,4036.79,3661
2026-08-11 13:10:00,3985,3985,3970,3980,40,4036.19,3661
2026-08-11 13:15:00,3980,3985,3970,3970,72,4035.08,3661
2026-08-11 13:20:00,3970,3970,3950,3955,88,4033.5,3661
2026-08-11 13:30:00,3955,3955,3955,3955,200,4029.86,3661
2026-08-12 09:00:00,3960,4095,3950,4095,408,4019.63,3661
2026-08-12 09:05:00,4070,4100,4070,4080,117,4034.05,3661
2026-08-12 09:10:00,4085,4090,4020,4025,129,4036.71,3661
2026-08-12 09:15:00,4025,4040,4005,4010,63,4035.03,3661
2026-08-12 09:20:00,4015,4015,3980,4000,78,4031.48,3661
2026-08-12 09:25:00,4010,4015,3990,3990,31,4030.41,3661
2026-08-12 09:30:00,3990,4000,3985,3990,20,4029.5,3661
2026-08-12 09:35:00,3995,4020,3990,4020,21,4029.07,3661
2026-08-12 09:40:00,4020,4035,4020,4025,27,4028.99,3661
2026-08-12 09:45:00,4025,4025,4010,4020,18,4028.73,3661
2026-08-12 09:50:00,4025,4030,4025,4030,15,4028.72,3661
2026-08-12 09:55:00,4025,4040,4020,4030,30,4028.85,3661
2026-08-12 10:00:00,4035,4080,4035,4060,101,4032.11,3661
2026-08-12 10:05:00,4060,4080,4040,4070,45,4033.26,3661
2026-08-12 10:10:00,4065,4065,4040,4055,9,4033.45,3661
2026-08-12 10:15:00,4050,4050,4035,4035,9,4033.54,3661
2026-08-12 10:20:00,4040,4045,4035,4035,11,4033.6,3661
2026-08-12 10:25:00,4030,4055,4030,4040,23,4033.83,3661
2026-08-12 10:30:00,4035,4040,4035,4040,19,4033.87,3661
2026-08-12 10:35:00,4045,4050,4035,4035,20,4033.99,3661
2026-08-12 10:40:00,4030,4035,4030,4035,6,4033.98,3661
2026-08-12 10:45:00,4035,4040,4035,4040,3,4033.99,3661
2026-08-12 10:50:00,4045,4055,4040,4055,9,4034.1,3661
2026-08-12 10:55:00,4055,4060,4045,4045,13,4034.27,3661
2026-08-12 11:00:00,4040,4040,4035,4040,28,4034.38,3661
2026-08-12 11:05:00,4035,4040,4030,4030,13,4034.4,3661
2026-08-12 11:10:00,4040,4045,4040,4045,5,4034.43,3661
2026-08-12 11:15:00,4040,4040,4035,4035,4,4034.44,3661
2026-08-12 11:20:00,4040,4045,4040,4040,12,4034.49,3661
2026-08-12 11:25:00,4040,4040,4030,4030,15,4034.49,3661
2026-08-12 11:30:00,4030,4060,4030,4050,41,4034.98,3661
2026-08-12 11:35:00,4050,4060,4045,4045,29,4035.41,3661
2026-08-12 11:40:00,4045,4045,4035,4035,5,4035.42,3661
2026-08-12 11:45:00,4040,4055,4040,4050,17,4035.6,3661
2026-08-12 11:50:00,4055,4055,4045,4045,16,4035.77,3661
2026-08-12 11:55:00,4035,4055,4035,4055,27,4036.0,3661
2026-08-12 12:00:00,4060,4065,4055,4060,17,4036.28,3661
2026-08-12 12:05:00,4060,4060,4050,4055,14,4036.47,3661
2026-08-12 12:10:00,4050,4050,4050,4050,8,4036.54,3661
2026-08-12 12:15:00,4055,4055,4050,4050,8,4036.63,3661
2026-08-12 12:20:00,4050,4050,4045,4045,9,4036.68,3661
2026-08-12 12:25:00,4045,4045,4040,4045,9,4036.73,3661
2026-08-12 12:30:00,4045,4045,4040,4040,10,4036.78,3661
2026-08-12 12:35:00,4040,4040,4040,4040,6,4036.8,3661
2026-08-12 12:40:00,4040,4040,4025,4025,18,4036.77,3661
2026-08-12 12:45:00,4025,4030,4025,4030,13,4036.69,3661
2026-08-12 12:50:00,4030,4030,4025,4025,18,4036.58,3661
2026-08-12 12:55:00,4025,4030,4025,4030,10,4036.52,3661
2026-08-12 13:00:00,4030,4030,4025,4025,18,4036.43,3661
2026-08-12 13:05:00,4025,4025,4015,4020,40,4035.99,3661
2026-08-12 13:10:00,4020,4020,4015,4015,8,4035.9,3661
2026-08-12 13:15:00,4015,4045,4015,4040,74,4035.59,3661
2026-08-12 13:20:00,4035,4045,4030,4045,49,4035.64,3661
2026-08-12 13:30:00,4055,4055,4055,4055,142,4037.08,3661
2026-08-13 09:00:00,4100,4170,4090,4140,362,4136.31,3661
2026-08-13 09:05:00,4140,4140,4100,4135,107,4132.64,3661
2026-08-13 09:10:00,4135,4200,4135,4200,204,4141.99,3661
2026-08-13 09:15:00,4200,4225,4165,4170,155,4152.79,3661
2026-08-13 09:20:00,4170,4195,4165,4190,56,4154.75,3661
2026-08-13 09:25:00,4190,4195,4175,4185,43,4156.19,3661
2026-08-13 09:30:00,4185,4205,4175,4190,53,4157.93,3661
2026-08-13 09:35:00,4190,4200,4165,4165,51,4159.17,3661
2026-08-13 09:40:00,4165,4170,4150,4150,45,4159.24,3661
2026-08-13 09:45:00,4155,4160,4120,4125,79,4158.26,3661
2026-08-13 09:50:00,4125,4170,4120,4165,63,4157.91,3661
2026-08-13 09:55:00,4165,4190,4160,4185,58,4158.8,3661
2026-08-13 10:00:00,4185,4190,4175,4175,19,4159.15,3661
2026-08-13 10:05:00,4175,4180,4165,4165,21,4159.38,3661
2026-08-13 10:10:00,4165,4165,4140,4140,27,4159.28,3661
2026-08-13 10:15:00,4135,4140,4105,4105,98,4156.63,3661
2026-08-13 10:20:00,4100,4115,4090,4115,58,4154.48,3661
2026-08-13 10:25:00,4115,4135,4115,4120,30,4153.86,3661
2026-08-13 10:30:00,4120,4120,4110,4120,25,4153.25,3661
2026-08-13 10:35:00,4120,4130,4110,4130,29,4152.62,3661
2026-08-13 10:40:00,4135,4175,4135,4160,60,4152.79,3661
2026-08-13 10:45:00,4155,4165,4155,4160,17,4152.88,3661
2026-08-13 10:50:00,4155,4155,4150,4150,5,4152.88,3661
2026-08-13 10:55:00,4150,4150,4145,4150,22,4152.83,3661
2026-08-13 11:00:00,4150,4155,4140,4155,34,4152.72,3661
2026-08-13 11:05:00,4160,4180,4155,4175,60,4153.26,3661
2026-08-13 11:10:00,4175,4185,4170,4170,31,4153.68,3661
2026-08-13 11:15:00,4170,4175,4165,4165,17,4153.83,3661
2026-08-13 11:20:00,4165,4165,4155,4160,11,4153.87,3661
2026-08-13 11:25:00,4155,4155,4155,4155,14,4153.88,3661
2026-08-13 11:30:00,4155,4170,4155,4165,21,4153.97,3661
2026-08-13 11:35:00,4160,4160,4155,4155,8,4153.99,3661
2026-08-13 11:40:00,4155,4155,4150,4150,11,4153.97,3661
2026-08-13 11:45:00,4150,4150,4150,4150,9,4153.95,3661
2026-08-13 11:50:00,4150,4150,4150,4150,7,4153.94,3661
2026-08-13 11:55:00,4150,4165,4150,4165,30,4153.95,3661
2026-08-13 12:00:00,4165,4165,4155,4155,11,4153.99,3661
2026-08-13 12:05:00,4155,4155,4145,4150,22,4153.95,3661
2026-08-13 12:10:00,4150,4155,4150,4150,20,4153.92,3661
2026-08-13 12:15:00,4150,4150,4150,4150,9,4153.91,3661
2026-08-13 12:20:00,4150,4155,4150,4155,16,4153.89,3661
2026-08-13 12:25:00,4155,4165,4155,4155,23,4153.94,3661
2026-08-13 12:30:00,4155,4155,4145,4155,20,4153.93,3661
2026-08-13 12:35:00,4155,4160,4150,4160,23,4153.96,3661
2026-08-13 12:40:00,4160,4175,4160,4175,31,4154.14,3661
2026-08-13 12:45:00,4170,4175,4165,4165,23,4154.32,3661
2026-08-13 12:50:00,4170,4170,4160,4160,30,4154.51,3661
2026-08-13 12:55:00,4160,4160,4150,4150,14,4154.51,3661
2026-08-13 13:00:00,4150,4155,4150,4155,25,4154.51,3661
2026-08-13 13:05:00,4155,4155,4150,4150,17,4154.49,3661
2026-08-13 13:10:00,4155,4155,4150,4155,26,4154.47,3661
2026-08-13 13:15:00,4150,4155,4140,4145,80,4154.24,3661
2026-08-13 13:20:00,4145,4170,4145,4170,114,4154.3,3661
2026-08-13 13:30:00,4190,4190,4190,4190,237,4157.46,3661
2026-08-14 09:00:00,4225,4370,4185,4360,463,4291.7,3661
2026-08-14 09:05:00,4350,4470,4320,4465,420,4348.4,3661
2026-08-14 09:10:00,4465,4530,4430,4460,299,4380.49,3661
2026-08-14 09:15:00,4455,4480,4400,4430,154,4386.25,3661
2026-08-14 09:20:00,4430,4430,4400,4405,61,4387.46,3661
2026-08-14 09:25:00,4410,4410,4380,4385,83,4387.71,3661
2026-08-14 09:30:00,4400,4415,4350,4365,94,4387.21,3661
2026-08-14 09:35:00,4360,4390,4355,4380,65,4386.58,3661
2026-08-14 09:40:00,4385,4440,4375,4400,85,4387.8,3661
2026-08-14 09:45:00,4400,4410,4370,4375,37,4387.74,3661
2026-08-14 09:50:00,4370,4425,4365,4400,48,4387.91,3661
2026-08-14 09:55:00,4400,4410,4395,4410,26,4388.15,3661
2026-08-14 10:00:00,4410,4420,4405,4415,35,4388.65,3661
2026-08-14 10:05:00,4415,4425,4390,4390,45,4389.26,3661
2026-08-14 10:10:00,4390,4390,4375,4380,22,4389.16,3661
2026-08-14 10:15:00,4375,4390,4335,4335,73,4388.02,3661
2026-08-14 10:20:00,4335,4360,4330,4345,37,4387.24,3661
2026-08-14 10:25:00,4345,4350,4340,4350,13,4386.98,3661
2026-08-14 10:30:00,4345,4355,4340,4340,19,4386.63,3661
2026-08-14 10:35:00,4335,4340,4305,4335,65,4384.7,3661
2026-08-14 10:40:00,4335,4335,4325,4325,18,4384.25,3661
2026-08-14 10:45:00,4325,4335,4325,4330,21,4383.71,3661
2026-08-14 10:50:00,4330,4330,4300,4300,33,4382.65,3661
2026-08-14 10:55:00,4300,4305,4275,4275,74,4379.63,3661
2026-08-14 11:00:00,4275,4290,4255,4255,49,4377.4,3661
2026-08-14 11:05:00,4250,4270,4235,4260,58,4374.45,3661
2026-08-14 11:10:00,4260,4265,4245,4255,18,4373.56,3661
2026-08-14 11:15:00,4260,4270,4255,4265,21,4372.58,3661
2026-08-14 11:20:00,4270,4270,4255,4255,25,4371.49,3661
2026-08-14 11:25:00,4255,4260,4245,4250,14,4370.82,3661
2026-08-14 11:30:00,4250,4250,4230,4245,55,4367.91,3661
2026-08-14 11:35:00,4245,4255,4240,4245,14,4367.24,3661
2026-08-14 11:40:00,4245,4280,4245,4275,24,4366.3,3661
2026-08-14 11:45:00,4260,4270,4245,4245,13,4365.75,3661
2026-08-14 11:50:00,4245,4270,4240,4265,14,4365.17,3661
2026-08-14 11:55:00,4270,4270,4250,4250,11,4364.72,3661
2026-08-14 12:00:00,4245,4250,4240,4240,14,4364.08,3661
2026-08-14 12:05:00,4240,4255,4240,4255,20,4363.19,3661
2026-08-14 12:10:00,4260,4265,4245,4245,20,4362.38,3661
2026-08-14 12:15:00,4245,4250,4240,4245,13,4361.81,3661
2026-08-14 12:20:00,4245,4250,4240,4240,19,4360.98,3661
2026-08-14 12:25:00,4245,4245,4230,4230,12,4360.43,3661
2026-08-14 12:30:00,4235,4235,4225,4230,45,4358.28,3661
2026-08-14 12:35:00,4235,4240,4230,4235,25,4357.15,3661
2026-08-14 12:40:00,4240,4245,4235,4235,21,4356.27,3661
2026-08-14 12:45:00,4235,4235,4225,4225,16,4355.56,3661
2026-08-14 12:50:00,4225,4230,4220,4230,32,4354.1,3661
2026-08-14 12:55:00,4230,4230,4220,4225,20,4353.2,3661
2026-08-14 13:00:00,4220,4220,4200,4200,37,4351.41,3661
2026-08-14 13:05:00,4200,4200,4180,4185,78,4347.3,3661
2026-08-14 13:10:00,4185,4200,4180,4200,71,4343.71,3661
2026-08-14 13:15:00,4200,4205,4190,4195,34,4342.11,3661
2026-08-14 13:20:00,4190,4210,4190,4200,60,4339.37,3661
2026-08-14 13:30:00,4210,4210,4210,4210,132,4334.15,3661
2026-08-17 09:00:00,4350,4490,4345,4440,974,4409.59,3661
2026-08-17 09:05:00,4445,4460,4320,4330,359,4399.96,3661
2026-08-17 09:10:00,4325,4325,4140,4165,375,4365.71,3661
2026-08-17 09:15:00,4150,4215,4120,4185,205,4344.06,3661
2026-08-17 09:20:00,4185,4205,4160,4170,127,4334.29,3661
2026-08-17 09:25:00,4175,4180,4125,4125,158,4320.85,3661
2026-08-17 09:30:00,4125,4140,4075,4095,192,4303.97,3661
2026-08-17 09:35:00,4100,4125,4100,4125,63,4299.02,3661
2026-08-17 09:40:00,4130,4155,4130,4155,97,4293.05,3661
2026-08-17 09:45:00,4155,4170,4140,4170,57,4290.05,3661
2026-08-17 09:50:00,4170,4170,4120,4120,61,4286.9,3661
2026-08-17 09:55:00,4120,4120,4080,4110,94,4280.49,3661
2026-08-17 10:00:00,4110,4130,4105,4120,52,4277.49,3661
2026-08-17 10:05:00,4120,4120,4090,4110,51,4274.47,3661
2026-08-17 10:10:00,4115,4115,4100,4110,15,4273.62,3661
2026-08-17 10:15:00,4105,4105,4080,4080,50,4270.44,3661
2026-08-17 10:20:00,4075,4110,4075,4105,76,4265.92,3661
2026-08-17 10:25:00,4100,4125,4090,4125,64,4262.64,3661
2026-08-17 10:30:00,4125,4140,4125,4135,33,4261.28,3661
2026-08-17 10:35:00,4135,4140,4120,4140,33,4259.91,3661
2026-08-17 10:40:00,4140,4165,4140,4160,62,4257.79,3661
2026-08-17 10:45:00,4160,4180,4160,4165,57,4256.29,3661
2026-08-17 10:50:00,4170,4170,4135,4135,28,4255.42,3661
2026-08-17 10:55:00,4135,4155,4135,4155,22,4254.65,3661
2026-08-17 11:00:00,4155,4165,4140,4140,16,4254.16,3661
2026-08-17 11:05:00,4135,4135,4130,4130,12,4253.72,3661
2026-08-17 11:10:00,4130,4160,4125,4160,42,4252.33,3661
2026-08-17 11:15:00,4155,4165,4150,4165,40,4251.24,3661
2026-08-17 11:20:00,4160,4160,4145,4145,6,4251.06,3661
2026-08-17 11:25:00,4140,4140,4125,4125,18,4250.43,3661
2026-08-17 11:30:00,4120,4120,4110,4110,23,4249.53,3661
2026-08-17 11:35:00,4110,4120,4110,4120,15,4248.96,3661
2026-08-17 11:40:00,4120,4120,4110,4115,4,4248.8,3661
2026-08-17 11:45:00,4115,4115,4100,4110,32,4247.51,3661
2026-08-17 11:50:00,4110,4110,4090,4090,54,4245.29,3661
2026-08-17 11:55:00,4090,4110,4085,4100,19,4244.49,3661
2026-08-17 12:00:00,4115,4125,4115,4125,18,4243.87,3661
2026-08-17 12:05:00,4125,4125,4120,4120,10,4243.53,3661
2026-08-17 12:10:00,4125,4135,4125,4130,16,4243.03,3661
2026-08-17 12:15:00,4130,4130,4115,4115,16,4242.49,3661
2026-08-17 12:20:00,4115,4115,4105,4105,19,4241.8,3661
2026-08-17 12:25:00,4110,4115,4110,4115,15,4241.27,3661
2026-08-17 12:30:00,4110,4110,4100,4100,22,4240.45,3661
2026-08-17 12:35:00,4095,4095,4090,4095,22,4239.58,3661
2026-08-17 12:40:00,4095,4095,4090,4095,12,4239.1,3661
2026-08-17 12:45:00,4090,4090,4080,4085,42,4237.4,3661
2026-08-17 12:50:00,4080,4095,4080,4095,53,4235.32,3661
2026-08-17 12:55:00,4095,4100,4085,4090,21,4234.54,3661
2026-08-17 13:00:00,4090,4095,4085,4090,27,4233.52,3661
2026-08-17 13:05:00,4090,4090,4075,4075,63,4231.09,3661
2026-08-17 13:10:00,4075,4090,4070,4075,58,4228.86,3661
2026-08-17 13:15:00,4075,4075,4060,4065,87,4225.42,3661
2026-08-17 13:20:00,4065,4065,4060,4060,91,4221.87,3661
2026-08-17 13:30:00,4060,4060,4060,4060,198,4214.55,3661
2026-08-18 09:00:00,4105,4135,3965,3965,276,4051.39,3661
2026-08-18 09:05:00,3965,3985,3910,3930,305,3997.41,3661
2026-08-18 09:10:00,3925,3960,3900,3930,166,3981.37,3661
2026-08-18 09:15:00,3935,3955,3930,3945,57,3978.56,3661
2026-08-18 09:20:00,3940,3970,3925,3950,74,3975.48,3661
2026-08-18 09:25:00,3945,3975,3920,3925,107,3971.8,3661
2026-08-18 09:30:00,3920,3930,3905,3910,90,3966.97,3661
2026-08-18 09:35:00,3915,3915,3890,3910,110,3960.96,3661
2026-08-18 09:40:00,3900,3900,3840,3855,253,3943.9,3661
2026-08-18 09:45:00,3855,3865,3840,3865,126,3936.34,3661
2026-08-18 09:50:00,3870,3870,3850,3855,36,3934.63,3661
2026-08-18 09:55:00,3850,3870,3850,3870,44,3932.54,3661
2026-08-18 10:00:00,3870,3895,3870,3875,41,3931.28,3661
2026-08-18 10:05:00,3875,3880,3860,3860,21,3930.54,3661
2026-08-18 10:10:00,3855,3865,3855,3855,20,3929.7,3661
2026-08-18 10:15:00,3855,3865,3850,3855,27,3928.57,3661
2026-08-18 10:20:00,3850,3850,3835,3835,45,3926.44,3661
2026-08-18 10:25:00,3830,3830,3800,3810,150,3917.72,3661
2026-08-18 10:30:00,3810,3825,3810,3820,17,3916.84,3661
2026-08-18 10:35:00,3820,3845,3820,3835,26,3915.76,3661
2026-08-18 10:40:00,3835,3835,3810,3825,24,3914.67,3661
2026-08-18 10:45:00,3825,3825,3800,3810,85,3910.24,3661
2026-08-18 10:50:00,3810,3820,3810,3820,8,3909.87,3661
2026-08-18 10:55:00,3820,3820,3815,3815,6,3909.61,3661
2026-08-18 11:00:00,3815,3820,3810,3815,19,3908.76,3661
2026-08-18 11:05:00,3810,3815,3805,3810,14,3908.11,3661
2026-08-18 11:10:00,3810,3825,3805,3810,38,3906.38,3661
2026-08-18 11:15:00,3815,3820,3815,3820,18,3905.66,3661
2026-08-18 11:20:00,3815,3820,3790,3790,102,3901.12,3661
2026-08-18 11:25:00,3785,3800,3785,3795,41,3899.21,3661
2026-08-18 11:30:00,3790,3790,3760,3770,69,3895.6,3661
2026-08-18 11:35:00,3770,3800,3770,3795,28,3894.39,3661
2026-08-18 11:40:00,3800,3805,3800,3800,11,3893.97,3661
2026-08-18 11:45:00,3795,3795,3785,3785,18,3893.24,3661
2026-08-18 11:50:00,3790,3805,3785,3795,18,3892.52,3661
2026-08-18 11:55:00,3790,3790,3780,3785,23,3891.55,3661
2026-08-18 12:00:00,3780,3785,3765,3765,45,3889.51,3661
2026-08-18 12:05:00,3765,3765,3750,3755,48,3887.06,3661
2026-08-18 12:10:00,3755,3760,3755,3755,12,3886.46,3661
2026-08-18 12:15:00,3755,3755,3755,3755,7,3886.11,3661
2026-08-18 12:20:00,3755,3755,3730,3730,71,3882.29,3661
2026-08-18 12:25:00,3730,3750,3720,3750,58,3879.11,3661
2026-08-18 12:30:00,3750,3755,3745,3745,14,3878.45,3661
2026-08-18 12:35:00,3750,3755,3745,3745,22,3877.45,3661
2026-08-18 12:40:00,3745,3745,3725,3730,31,3875.87,3661
2026-08-18 12:45:00,3730,3730,3705,3705,66,3872.22,3661
2026-08-18 12:50:00,3715,3720,3705,3715,48,3869.64,3661
2026-08-18 12:55:00,3715,3725,3710,3710,38,3867.72,3661
2026-08-18 13:00:00,3715,3715,3680,3690,147,3859.58,3661
2026-08-18 13:05:00,3690,3705,3680,3705,80,3855.38,3661
2026-08-18 13:10:00,3700,3705,3700,3700,13,3854.76,3661
2026-08-18 13:15:00,3700,3710,3695,3700,53,3852.21,3661
2026-08-18 13:20:00,3710,3720,3705,3715,60,3849.72,3661
2026-08-18 13:30:00,3715,3715,3715,3715,148,3843.98,3661
2026-08-19 09:00:00,3585,3640,3585,3620,264,3605.02,3661
2026-08-19 09:05:00,3620,3660,3610,3615,107,3613.3,3661
2026-08-19 09:10:00,3615,3650,3610,3640,53,3615.06,3661
2026-08-19 09:15:00,3635,3680,3635,3665,66,3620.65,3661
2026-08-19 09:20:00,3680,3700,3680,3685,83,3630.7,3661
2026-08-19 09:25:00,3685,3695,3680,3685,43,3634.69,3661
2026-08-19 09:30:00,3690,3695,3685,3690,28,3637.21,3661
2026-08-19 09:35:00,3685,3730,3685,3710,78,3645.24,3661
2026-08-19 09:40:00,3705,3705,3675,3680,54,3648.13,3661
2026-08-19 09:45:00,3680,3680,3660,3670,37,3649.06,3661
2026-08-19 09:50:00,3665,3675,3655,3655,35,3649.59,3661
2026-08-19 09:55:00,3655,3660,3650,3660,28,3649.78,3661
2026-08-19 10:00:00,3665,3665,3640,3640,29,3649.8,3661
2026-08-19 10:05:00,3640,3640,3625,3625,31,3649.19,3661
2026-08-19 10:10:00,3625,3625,3610,3620,35,3648.06,3661
2026-08-19 10:15:00,3620,3620,3610,3615,22,3647.31,3661
2026-08-19 10:20:00,3610,3625,3605,3625,49,3645.73,3661
2026-08-19 10:25:00,3630,3645,3630,3645,23,3645.6,3661
2026-08-19 10:30:00,3645,3645,3635,3635,11,3645.56,3661
2026-08-19 10:35:00,3630,3635,3630,3635,6,3645.49,3661
2026-08-19 10:40:00,3635,3635,3620,3620,9,3645.36,3661
2026-08-19 10:45:00,3625,3625,3615,3625,21,3644.92,3661
2026-08-19 10:50:00,3630,3640,3630,3640,12,3644.82,3661
2026-08-19 10:55:00,3640,3640,3640,3640,4,3644.8,3661
2026-08-19 11:00:00,3640,3645,3640,3645,4,3644.8,3661
2026-08-19 11:05:00,3645,3645,3635,3635,18,3644.72,3661
2026-08-19 11:10:00,3630,3635,3630,3635,8,3644.62,3661
2026-08-19 11:15:00,3640,3650,3640,3645,14,3644.62,3661
2026-08-19 11:20:00,3645,3645,3640,3640,6,3644.61,3661
2026-08-19 11:25:00,3640,3640,3640,3640,2,3644.61,3661
2026-08-19 11:35:00,3645,3650,3645,3645,23,3644.66,3661
2026-08-19 11:40:00,3640,3650,3640,3650,15,3644.64,3661
2026-08-19 11:45:00,3650,3650,3650,3650,4,3644.66,3661
2026-08-19 11:50:00,3650,3660,3650,3660,13,3644.76,3661
2026-08-19 11:55:00,3660,3665,3660,3660,9,3644.88,3661
2026-08-19 12:00:00,3655,3655,3650,3655,13,3644.98,3661
2026-08-19 12:05:00,3650,3650,3645,3645,4,3644.99,3661
2026-08-19 12:10:00,3645,3645,3635,3635,17,3644.93,3661
2026-08-19 12:15:00,3635,3640,3635,3640,5,3644.9,3661
2026-08-19 12:20:00,3640,3645,3640,3640,16,3644.87,3661
2026-08-19 12:25:00,3640,3640,3635,3635,11,3644.81,3661
2026-08-19 12:30:00,3635,3645,3625,3625,23,3644.58,3661
2026-08-19 12:35:00,3630,3635,3625,3630,7,3644.51,3661
2026-08-19 12:40:00,3630,3630,3610,3610,35,3643.92,3661
2026-08-19 12:45:00,3610,3615,3605,3610,25,3643.32,3661
2026-08-19 12:50:00,3610,3610,3600,3610,26,3642.63,3661
2026-08-19 12:55:00,3605,3630,3605,3625,35,3642.01,3661
2026-08-19 13:00:00,3635,3635,3620,3625,27,3641.78,3661
2026-08-19 13:05:00,3630,3630,3610,3610,16,3641.52,3661
2026-08-19 13:10:00,3615,3620,3610,3615,23,3641.14,3661
2026-08-19 13:15:00,3620,3620,3615,3620,32,3640.66,3661
2026-08-19 13:20:00,3620,3625,3615,3620,49,3640.04,3661
2026-08-19 13:30:00,3630,3630,3630,3630,131,3639.28,3661
2026-08-20 09:00:00,3690,3755,3655,3730,273,3705.37,3661
2026-08-20 09:05:00,3725,3760,3710,3725,161,3716.58,3661
2026-08-20 09:10:00,3725,3800,3705,3790,146,3724.97,3661
2026-08-20 09:15:00,3790,3815,3755,3800,128,3736.79,3661
2026-08-20 09:20:00,3805,3815,3750,3755,64,3740.52,3661
2026-08-20 09:25:00,3750,3750,3725,3725,57,3740.56,3661
2026-08-20 09:30:00,3725,3730,3710,3725,35,3739.76,3661
2026-08-20 09:35:00,3730,3750,3730,3745,29,3739.83,3661
2026-08-20 09:40:00,3750,3770,3750,3755,31,3740.55,3661
2026-08-20 09:45:00,3755,3755,3730,3730,13,3740.61,3661
2026-08-20 09:50:00,3740,3745,3730,3735,12,3740.6,3661
2026-08-20 09:55:00,3740,3740,3720,3730,19,3740.36,3661
2026-08-20 10:00:00,3730,3760,3730,3760,13,3740.44,3661
2026-08-20 10:05:00,3760,3760,3755,3755,10,3740.62,3661
2026-08-20 10:10:00,3750,3775,3750,3760,28,3741.32,3661
2026-08-20 10:15:00,3760,3760,3760,3760,2,3741.35,3661
2026-08-20 10:20:00,3750,3755,3735,3735,23,3741.32,3661
2026-08-20 10:25:00,3745,3760,3745,3760,21,3741.64,3661
2026-08-20 10:30:00,3770,3780,3760,3775,36,3742.71,3661
2026-08-20 10:35:00,3780,3785,3775,3775,19,3743.33,3661
2026-08-20 10:40:00,3780,3790,3775,3775,26,3744.29,3661
2026-08-20 10:45:00,3775,3775,3750,3750,21,3744.64,3661
2026-08-20 10:50:00,3755,3755,3730,3730,23,3744.61,3661
2026-08-20 10:55:00,3740,3760,3740,3760,4,3744.63,3661
2026-08-20 11:00:00,3760,3760,3755,3755,4,3744.67,3661
2026-08-20 11:05:00,3760,3765,3760,3765,6,3744.75,3661
2026-08-20 11:10:00,3755,3755,3750,3750,8,3744.81,3661
2026-08-20 11:15:00,3745,3745,3745,3745,1,3744.81,3661
2026-08-20 11:20:00,3740,3750,3730,3730,36,3744.62,3661
2026-08-20 11:25:00,3725,3735,3715,3735,29,3744.14,3661
2026-08-20 11:30:00,3730,3735,3730,3735,4,3744.1,3661
2026-08-20 11:35:00,3730,3730,3725,3730,12,3743.93,3661
2026-08-20 11:40:00,3730,3735,3725,3735,9,3743.83,3661
2026-08-20 11:45:00,3740,3740,3740,3740,10,3743.8,3661
2026-08-20 11:50:00,3740,3740,3730,3730,4,3743.77,3661
2026-08-20 12:00:00,3735,3735,3735,3735,3,3743.75,3661
2026-08-20 12:05:00,3735,3750,3735,3745,43,3743.83,3661
2026-08-20 12:10:00,3735,3745,3735,3745,9,3743.8,3661
2026-08-20 12:15:00,3745,3755,3745,3750,15,3743.88,3661
2026-08-20 12:20:00,3750,3750,3740,3745,45,3743.88,3661
2026-08-20 12:25:00,3750,3755,3750,3755,8,3743.93,3661
2026-08-20 12:30:00,3755,3755,3745,3745,7,3743.97,3661
2026-08-20 12:35:00,3750,3765,3750,3760,19,3744.15,3661
2026-08-20 12:40:00,3760,3760,3755,3755,6,3744.21,3661
2026-08-20 12:45:00,3755,3755,3755,3755,3,3744.23,3661
2026-08-20 12:50:00,3755,3755,3745,3745,17,3744.27,3661
2026-08-20 12:55:00,3745,3745,3735,3735,23,3744.18,3661
2026-08-20 13:00:00,3730,3735,3720,3735,35,3743.81,3661
2026-08-20 13:05:00,3735,3740,3730,3740,28,3743.66,3661
2026-08-20 13:10:00,3735,3735,3725,3725,18,3743.51,3661
2026-08-20 13:15:00,3730,3735,3730,3735,46,3743.2,3661
2026-08-20 13:20:00,3735,3740,3725,3735,56,3742.83,3661
2026-08-20 13:30:00,3750,3750,3750,3750,105,3743.25,3661
2026-08-21 09:00:00,3740,3755,3700,3745,144,3735.0,3661
2026-08-21 09:05:00,3745,3745,3670,3690,112,3722.99,3661
2026-08-21 09:10:00,3695,3710,3670,3710,80,3715.94,3661
2026-08-21 09:15:00,3710,3720,3690,3700,47,3714.74,3661
2026-08-21 09:20:00,3705,3720,3705,3710,33,3714.64,3661
2026-08-21 09:25:00,3720,3770,3720,3750,84,3720.61,3661
2026-08-21 09:30:00,3750,3765,3745,3745,25,3722.26,3661
2026-08-21 09:35:00,3745,3745,3740,3740,5,3722.44,3661
2026-08-21 09:40:00,3735,3745,3725,3740,24,3723.01,3661
2026-08-21 09:45:00,3745,3770,3740,3765,39,3725.25,3661
2026-08-21 09:50:00,3765,3765,3750,3755,12,3725.97,3661
2026-08-21 09:55:00,3755,3770,3750,3765,38,3728.06,3661
2026-08-21 10:00:00,3775,3790,3745,3745,45,3730.8,3661
2026-08-21 10:05:00,3745,3770,3745,3770,16,3731.35,3661
2026-08-21 10:10:00,3770,3770,3755,3755,9,3731.75,3661
2026-08-21 10:15:00,3755,3755,3740,3740,12,3732.06,3661
2026-08-21 10:20:00,3750,3750,3750,3750,6,3732.2,3661
2026-08-21 10:25:00,3750,3750,3745,3745,21,3732.66,3661
2026-08-21 10:30:00,3745,3745,3745,3745,3,3732.71,3661
2026-08-21 10:35:00,3740,3740,3710,3710,38,3732.48,3661
2026-08-21 10:40:00,3710,3715,3710,3715,5,3732.36,3661
2026-08-21 10:45:00,3715,3715,3710,3715,10,3732.13,3661
2026-08-21 10:50:00,3720,3725,3720,3720,10,3732.0,3661
2026-08-21 10:55:00,3725,3725,3710,3710,18,3731.63,3661
2026-08-21 11:00:00,3715,3720,3715,3715,6,3731.52,3661
2026-08-21 11:05:00,3725,3725,3720,3725,23,3731.27,3661
2026-08-21 11:10:00,3725,3725,3710,3710,5,3731.18,3661
2026-08-21 11:15:00,3710,3710,3705,3705,18,3730.69,3661
2026-08-21 11:20:00,3705,3710,3705,3705,11,3730.38,3661
2026-08-21 11:25:00,3705,3705,3690,3690,49,3728.68,3661
2026-08-21 11:30:00,3705,3715,3705,3715,11,3728.44,3661
2026-08-21 11:35:00,3715,3715,3695,3695,12,3728.12,3661
2026-08-21 11:40:00,3695,3695,3690,3690,11,3727.7,3661
2026-08-21 11:45:00,3690,3690,3690,3690,5,3727.51,3661
2026-08-21 11:50:00,3690,3690,3685,3685,17,3726.84,3661
2026-08-21 11:55:00,3685,3690,3685,3690,11,3726.4,3661
2026-08-21 12:00:00,3695,3695,3695,3695,3,3726.31,3661
2026-08-21 12:05:00,3700,3705,3700,3705,3,3726.24,3661
2026-08-21 12:10:00,3705,3705,3705,3705,5,3726.14,3661
2026-08-21 12:15:00,3705,3710,3705,3705,7,3726.0,3661
2026-08-21 12:20:00,3705,3705,3700,3700,4,3725.91,3661
2026-08-21 12:25:00,3695,3695,3695,3695,2,3725.85,3661
2026-08-21 12:30:00,3695,3700,3695,3700,4,3725.75,3661
2026-08-21 12:35:00,3700,3700,3695,3695,2,3725.69,3661
2026-08-21 12:45:00,3700,3700,3695,3700,18,3725.25,3661
2026-08-21 12:50:00,3700,3700,3700,3700,6,3725.11,3661
2026-08-21 12:55:00,3700,3700,3690,3690,23,3724.46,3661
2026-08-21 13:00:00,3690,3695,3690,3695,8,3724.23,3661
2026-08-21 13:05:00,3695,3695,3695,3695,5,3724.1,3661
2026-08-21 13:10:00,3695,3695,3685,3690,27,3723.3,3661
2026-08-21 13:15:00,3690,3690,3685,3685,15,3722.8,3661
2026-08-21 13:20:00,3685,3690,3680,3685,64,3720.79,3661
2026-08-21 13:30:00,3700,3700,3700,3700,76,3719.56,3661
2026-08-24 09:00:00,3730,3735,3680,3725,146,3711.85,3661
2026-08-24 09:05:00,3725,3725,3695,3700,31,3711.02,3661
2026-08-24 09:10:00,3705,3725,3705,3725,17,3711.47,3661
2026-08-24 09:15:00,3715,3720,3710,3720,18,3711.77,3661
2026-08-24 09:20:00,3715,3745,3710,3730,41,3715.06,3661
2026-08-24 09:25:00,3730,3760,3730,3745,35,3719.18,3661
2026-08-24 09:30:00,3750,3775,3740,3770,47,3725.04,3661
2026-08-24 09:35:00,3765,3790,3765,3780,49,3731.61,3661
2026-08-24 09:40:00,3780,3785,3775,3775,8,3732.6,3661
2026-08-24 09:45:00,3775,3775,3765,3765,11,3733.59,3661
2026-08-24 09:50:00,3765,3795,3765,3770,29,3736.77,3661
2026-08-24 09:55:00,3765,3765,3725,3730,46,3737.55,3661
2026-08-24 10:00:00,3725,3750,3725,3735,23,3737.57,3661
2026-08-24 10:05:00,3740,3740,3730,3730,14,3737.43,3661
2026-08-24 10:10:00,3730,3730,3725,3730,12,3737.24,3661
2026-08-24 10:15:00,3735,3740,3735,3735,4,3737.23,3661
2026-08-24 10:20:00,3735,3735,3730,3735,4,3737.2,3661
2026-08-24 10:25:00,3735,3735,3730,3730,2,3737.18,3661
2026-08-24 10:30:00,3730,3740,3725,3740,11,3737.07,3661
2026-08-24 10:35:00,3745,3750,3745,3750,9,3737.25,3661
2026-08-24 10:40:00,3740,3755,3735,3735,10,3737.41,3661
2026-08-24 10:45:00,3730,3730,3720,3720,18,3737.08,3661
2026-08-24 10:50:00,3720,3720,3710,3720,29,3736.07,3661
2026-08-24 10:55:00,3720,3720,3710,3720,6,3735.87,3661
2026-08-24 11:00:00,3720,3725,3715,3725,9,3735.67,3661
2026-08-24 11:05:00,3720,3735,3720,3735,10,3735.52,3661
2026-08-24 11:10:00,3725,3735,3720,3735,8,3735.39,3661
2026-08-24 11:15:00,3720,3740,3720,3730,12,3735.38,3661
2026-08-24 11:20:00,3720,3730,3715,3730,10,3735.16,3661
2026-08-24 11:25:00,3725,3725,3715,3715,7,3734.98,3661
2026-08-24 11:30:00,3715,3715,3710,3710,6,3734.79,3661
2026-08-24 11:35:00,3710,3715,3710,3710,5,3734.61,3661
2026-08-24 11:40:00,3710,3710,3705,3705,9,3734.26,3661
2026-08-24 11:45:00,3705,3705,3705,3705,6,3734.01,3661
2026-08-24 11:50:00,3705,3705,3695,3695,36,3732.37,3661
2026-08-24 11:55:00,3695,3705,3690,3690,11,3731.81,3661
2026-08-24 12:00:00,3690,3695,3690,3690,10,3731.3,3661
2026-08-24 12:05:00,3690,3700,3690,3690,6,3730.99,3661
2026-08-24 12:10:00,3685,3690,3685,3685,4,3730.75,3661
2026-08-24 12:15:00,3690,3705,3690,3700,15,3730.11,3661
2026-08-24 12:20:00,3705,3705,3700,3700,7,3729.85,3661
2026-08-24 12:25:00,3695,3705,3695,3705,7,3729.56,3661
2026-08-24 12:30:00,3700,3715,3700,3705,6,3729.38,3661
2026-08-24 12:35:00,3700,3700,3695,3695,6,3729.16,3661
2026-08-24 12:40:00,3710,3710,3705,3705,3,3729.08,3661
2026-08-24 12:45:00,3715,3715,3710,3715,6,3728.97,3661
2026-08-24 12:50:00,3720,3730,3720,3730,24,3728.87,3661
2026-08-24 12:55:00,3725,3725,3725,3725,2,3728.86,3661
2026-08-24 13:00:00,3725,3730,3725,3730,6,3728.87,3661
2026-08-24 13:05:00,3730,3735,3725,3730,29,3728.88,3661
2026-08-24 13:10:00,3725,3730,3725,3725,10,3728.84,3661
2026-08-24 13:15:00,3725,3730,3720,3725,24,3728.73,3661
2026-08-24 13:20:00,3725,3740,3725,3735,52,3728.88,3661
2026-08-24 13:30:00,3735,3735,3735,3735,96,3729.43,3661
2026-08-25 09:00:00,3700,3720,3665,3705,107,3695.98,3661
2026-08-25 09:05:00,3705,3730,3695,3720,73,3704.53,3661
2026-08-25 09:10:00,3720,3760,3720,3750,78,3714.36,3661
2026-08-25 09:15:00,3745,3745,3725,3730,22,3715.79,3661
2026-08-25 09:20:00,3730,3730,3700,3700,30,3715.19,3661
2026-08-25 09:25:00,3700,3710,3700,3705,6,3714.97,3661
2026-08-25 09:30:00,3710,3710,3705,3705,8,3714.75,3661
2026-08-25 09:35:00,3710,3760,3710,3760,50,3718.13,3661
2026-08-25 09:40:00,3760,3765,3750,3755,53,3723.2,3661
2026-08-25 09:45:00,3760,3765,3755,3765,19,3724.81,3661
2026-08-25 09:50:00,3765,3765,3755,3760,16,3726.05,3661
2026-08-25 09:55:00,3760,3765,3750,3750,7,3726.49,3661
2026-08-25 10:00:00,3750,3755,3745,3750,16,3727.27,3661
2026-08-25 10:05:00,3740,3755,3735,3740,10,3727.6,3661
2026-08-25 10:10:00,3740,3750,3735,3750,6,3727.75,3661
2026-08-25 10:15:00,3750,3750,3750,3750,1,3727.8,3661
2026-08-25 10:20:00,3750,3750,3745,3745,4,3727.94,3661
2026-08-25 10:25:00,3745,3745,3745,3745,2,3728.01,3661
2026-08-25 10:30:00,3745,3760,3745,3760,18,3728.79,3661
2026-08-25 10:35:00,3760,3760,3755,3755,3,3728.96,3661
2026-08-25 10:40:00,3755,3755,3755,3755,7,3729.3,3661
2026-08-25 10:45:00,3750,3750,3735,3735,11,3729.52,3661
2026-08-25 10:50:00,3735,3735,3735,3735,3,3729.55,3661
2026-08-25 10:55:00,3735,3735,3725,3725,10,3729.54,3661
2026-08-25 11:00:00,3725,3735,3720,3735,13,3729.48,3661
2026-08-25 11:10:00,3730,3730,3730,3730,1,3729.48,3661
2026-08-25 11:15:00,3725,3730,3725,3730,2,3729.47,3661
2026-08-25 11:20:00,3730,3730,3725,3725,5,3729.46,3661
2026-08-25 11:25:00,3720,3720,3720,3720,1,3729.44,3661
2026-08-25 11:30:00,3720,3735,3715,3735,14,3729.35,3661
2026-08-25 11:35:00,3735,3760,3735,3745,36,3730.41,3661
2026-08-25 11:40:00,3740,3760,3740,3760,21,3731.22,3661
2026-08-25 11:45:00,3760,3760,3760,3760,9,3731.61,3661
2026-08-25 11:50:00,3755,3755,3750,3750,7,3731.82,3661
2026-08-25 11:55:00,3750,3755,3750,3750,11,3732.15,3661
2026-08-25 12:00:00,3755,3755,3755,3755,8,3732.42,3661
2026-08-25 12:05:00,3760,3760,3760,3760,8,3732.74,3661
2026-08-25 12:10:00,3760,3760,3755,3755,2,3732.81,3661
2026-08-25 12:15:00,3755,3760,3755,3760,14,3733.33,3661
2026-08-25 12:20:00,3760,3780,3760,3780,52,3735.93,3661
2026-08-25 12:25:00,3780,3785,3780,3785,10,3736.56,3661
2026-08-25 12:30:00,3785,3805,3785,3805,30,3738.75,3661
2026-08-25 12:35:00,3810,3810,3805,3805,26,3740.91,3661
2026-08-25 12:40:00,3805,3840,3800,3835,52,3745.9,3661
2026-08-25 12:45:00,3835,3840,3835,3835,15,3747.42,3661
2026-08-25 12:50:00,3835,3835,3820,3825,24,3749.6,3661
2026-08-25 12:55:00,3825,3850,3825,3850,23,3751.69,3661
2026-08-25 13:00:00,3850,3870,3845,3850,54,3757.41,3661
2026-08-25 13:05:00,3855,3860,3850,3855,26,3759.85,3661
2026-08-25 13:10:00,3855,3860,3855,3855,12,3760.97,3661
2026-08-25 13:15:00,3860,3870,3860,3860,17,3762.65,3661
2026-08-25 13:20:00,3865,3875,3865,3865,31,3765.67,3661
2026-08-25 13:30:00,3865,3865,3865,3865,72,3771.86,3661
2026-08-26 09:00:00,3855,3900,3830,3880,212,3859.88,3661
2026-08-26 09:05:00,3890,3900,3875,3890,74,3867.03,3661
2026-08-26 09:10:00,3895,3935,3895,3915,117,3881.55,3661
2026-08-26 09:15:00,3910,4000,3910,4000,143,3903.87,3661
2026-08-26 09:20:00,4000,4030,3960,3960,144,3924.09,3661
2026-08-26 09:25:00,3955,3990,3940,3980,95,3928.56,3661
2026-08-26 09:30:00,3975,4010,3975,4005,62,3933.39,3661
2026-08-26 09:35:00,4015,4045,4015,4045,134,3946.53,3661
2026-08-26 09:40:00,4045,4045,4000,4000,69,3951.5,3661
2026-08-26 09:45:00,4000,4010,3970,3975,52,3953.26,3661
2026-08-26 09:50:00,3980,4015,3980,4010,55,3955.56,3661
2026-08-26 09:55:00,4010,4020,4005,4010,45,3957.65,3661
2026-08-26 10:00:00,4010,4010,3985,3985,18,3958.25,3661
2026-08-26 10:05:00,3985,3985,3985,3985,15,3958.58,3661
2026-08-26 10:10:00,3985,4000,3985,4000,35,3959.66,3661
2026-08-26 10:15:00,4005,4010,3995,4005,33,3960.73,3661
2026-08-26 10:20:00,4000,4025,4000,4025,55,3962.95,3661
2026-08-26 10:25:00,4025,4030,4015,4020,58,3965.47,3661
2026-08-26 10:30:00,4025,4025,4015,4020,9,3965.8,3661
2026-08-26 10:35:00,4020,4045,4020,4035,105,3970.72,3661
2026-08-26 10:40:00,4035,4035,4005,4010,26,3971.47,3661
2026-08-26 10:45:00,4010,4010,4000,4000,16,3971.8,3661
2026-08-26 10:50:00,4000,4000,3995,3995,16,3972.06,3661
2026-08-26 10:55:00,3995,4010,3995,4010,25,3972.52,3661
2026-08-26 11:00:00,4010,4010,4005,4010,5,3972.62,3661
2026-08-26 11:05:00,4010,4010,4000,4000,18,3972.97,3661
2026-08-26 11:10:00,3995,3995,3990,3990,22,3973.22,3661
2026-08-26 11:15:00,3985,3990,3985,3990,23,3973.4,3661
2026-08-26 11:20:00,3990,3990,3970,3975,37,3973.51,3661
2026-08-26 11:25:00,3970,3970,3965,3965,11,3973.46,3661
2026-08-26 11:30:00,3965,3965,3965,3965,10,3973.41,3661
2026-08-26 11:35:00,3965,3980,3965,3980,10,3973.41,3661
2026-08-26 11:40:00,3980,3980,3960,3960,33,3973.27,3661
2026-08-26 11:45:00,3965,3965,3965,3965,2,3973.27,3661
2026-08-26 11:50:00,3970,3980,3970,3980,7,3973.27,3661
2026-08-26 11:55:00,3985,3985,3980,3980,8,3973.32,3661
2026-08-26 12:00:00,3980,3980,3975,3975,5,3973.33,3661
2026-08-26 12:05:00,3970,3970,3960,3960,13,3973.27,3661
2026-08-26 12:10:00,3960,3960,3955,3955,16,3973.13,3661
2026-08-26 12:15:00,3955,3960,3955,3960,4,3973.1,3661
2026-08-26 12:20:00,3960,3960,3940,3945,26,3972.74,3661
2026-08-26 12:25:00,3940,3950,3940,3950,5,3972.67,3661
2026-08-26 12:30:00,3950,3955,3950,3950,4,3972.63,3661
2026-08-26 12:35:00,3950,3950,3950,3950,5,3972.57,3661
2026-08-26 12:40:00,3950,3950,3950,3950,5,3972.51,3661
2026-08-26 12:45:00,3955,3955,3950,3950,17,3972.34,3661
2026-08-26 12:50:00,3950,3955,3950,3955,4,3972.29,3661
2026-08-26 12:55:00,3955,3955,3955,3955,4,3972.25,3661
2026-08-26 13:00:00,3960,3965,3960,3965,24,3972.14,3661
2026-08-26 13:05:00,3965,3975,3960,3970,28,3972.09,3661
2026-08-26 13:10:00,3970,3970,3970,3970,25,3972.06,3661
2026-08-26 13:15:00,3970,3970,3960,3960,41,3971.95,3661
2026-08-26 13:20:00,3960,3970,3960,3965,59,3971.74,3661
2026-08-26 13:30:00,3960,3960,3960,3960,131,3971.05,3661
2026-08-27 09:00:00,3970,3995,3955,3980,209,3975.31,3661
2026-08-27 09:05:00,3980,3995,3960,3960,69,3975.58,3661
2026-08-27 09:10:00,3960,3960,3890,3895,141,3959.63,3661
2026-08-27 09:15:00,3900,3925,3900,3925,38,3955.44,3661
2026-08-27 09:20:00,3940,3955,3940,3945,26,3954.95,3661
2026-08-27 09:25:00,3950,3960,3950,3955,39,3954.79,3661
2026-08-27 09:30:00,3955,3965,3955,3960,15,3954.94,3661
2026-08-27 09:35:00,3960,3975,3945,3975,31,3955.17,3661
2026-08-27 09:40:00,3975,3975,3940,3940,37,3955.42,3661
2026-08-27 09:45:00,3935,3965,3935,3965,30,3955.46,3661
2026-08-27 09:50:00,3970,3970,3965,3965,8,3955.59,3661
2026-08-27 09:55:00,3970,3975,3970,3975,24,3956.21,3661
2026-08-27 10:00:00,3970,3970,3970,3970,1,3956.23,3661
2026-08-27 10:05:00,3970,3970,3965,3965,10,3956.36,3661
2026-08-27 10:10:00,3965,3965,3965,3965,2,3956.39,3661
2026-08-27 10:15:00,3965,3965,3940,3960,30,3956.35,3661
2026-08-27 10:20:00,3950,3950,3940,3950,10,3956.19,3661
2026-08-27 10:25:00,3950,3955,3950,3955,3,3956.18,3661
2026-08-27 10:30:00,3955,3960,3955,3960,6,3956.19,3661
2026-08-27 10:35:00,3960,3960,3960,3960,2,3956.2,3661
2026-08-27 10:40:00,3950,3950,3935,3935,10,3956.01,3661
2026-08-27 10:45:00,3935,3940,3935,3940,5,3955.88,3661
2026-08-27 10:50:00,3945,3945,3945,3945,2,3955.86,3661
2026-08-27 10:55:00,3950,3950,3945,3945,3,3955.83,3661
2026-08-27 11:00:00,3945,3945,3940,3940,12,3955.62,3661
2026-08-27 11:05:00,3940,3940,3935,3935,10,3955.36,3661
2026-08-27 11:10:00,3930,3930,3925,3930,29,3954.39,3661
2026-08-27 11:15:00,3930,3930,3925,3925,8,3954.12,3661
2026-08-27 11:20:00,3925,3930,3910,3910,18,3953.35,3661
2026-08-27 11:25:00,3910,3910,3905,3905,38,3951.29,3661
2026-08-27 11:30:00,3905,3905,3905,3905,11,3950.71,3661
2026-08-27 11:35:00,3910,3920,3910,3920,8,3950.37,3661
2026-08-27 11:40:00,3920,3920,3915,3915,3,3950.26,3661
2026-08-27 11:45:00,3910,3910,3895,3895,51,3947.62,3661
2026-08-27 11:50:00,3895,3900,3895,3895,16,3946.81,3661
2026-08-27 11:55:00,3895,3910,3895,3910,15,3946.14,3661
2026-08-27 12:00:00,3915,3920,3915,3915,7,3945.93,3661
2026-08-27 12:05:00,3910,3910,3910,3910,3,3945.82,3661
2026-08-27 12:10:00,3910,3910,3900,3900,7,3945.53,3661
2026-08-27 12:15:00,3900,3900,3900,3900,3,3945.39,3661
2026-08-27 12:20:00,3905,3905,3895,3895,29,3944.04,3661
2026-08-27 12:25:00,3890,3895,3890,3890,11,3943.47,3661
2026-08-27 12:30:00,3895,3895,3880,3880,62,3940.15,3661
2026-08-27 12:35:00,3885,3885,3885,3885,4,3939.95,3661
2026-08-27 12:40:00,3880,3880,3875,3875,16,3939.06,3661
2026-08-27 12:45:00,3875,3890,3875,3890,11,3938.5,3661
2026-08-27 12:50:00,3890,3890,3885,3885,6,3938.22,3661
2026-08-27 12:55:00,3880,3890,3880,3890,30,3936.84,3661
2026-08-27 13:00:00,3890,3895,3890,3895,13,3936.35,3661
2026-08-27 13:05:00,3895,3895,3885,3885,15,3935.76,3661
2026-08-27 13:10:00,3885,3885,3880,3885,9,3935.36,3661
2026-08-27 13:15:00,3885,3885,3875,3875,30,3934.02,3661
2026-08-27 13:20:00,3875,3885,3875,3875,49,3931.88,3661
2026-08-27 13:30:00,3870,3870,3870,3870,113,3926.84,3661
2026-08-28 09:00:00,3910,3910,3855,3895,176,3880.63,3661
2026-08-28 09:05:00,3895,3920,3895,3915,58,3888.18,3661
2026-08-28 09:10:00,3915,3980,3915,3975,119,3907.61,3661
2026-08-28 09:15:00,3975,4020,3970,4000,163,3935.92,3661
2026-08-28 09:20:00,3995,4010,3980,4000,44,3940.3,3661
2026-08-28 09:25:00,4000,4005,3990,3990,32,3943.31,3661
2026-08-28 09:30:00,3985,4035,3970,4035,158,3955.92,3661
2026-08-28 09:35:00,4030,4035,4005,4005,41,3959.2,3661
2026-08-28 09:40:00,4005,4005,3995,3995,12,3959.83,3661
2026-08-28 09:45:00,3995,3995,3970,3985,42,3960.67,3661
2026-08-28 09:50:00,3985,3995,3985,3990,9,3961.0,3661
2026-08-28 09:55:00,3985,3985,3965,3965,21,3961.33,3661
2026-08-28 10:00:00,3965,3975,3955,3975,20,3961.32,3661
2026-08-28 10:05:00,3975,3985,3970,3985,22,3961.7,3661
2026-08-28 10:10:00,3990,4005,3990,3995,34,3963.02,3661
2026-08-28 10:15:00,3995,4010,3995,4010,31,3964.42,3661
2026-08-28 10:20:00,4010,4010,3995,4000,16,3965.03,3661
2026-08-28 10:25:00,4000,4005,4000,4000,5,3965.21,3661
2026-08-28 10:30:00,4000,4020,4000,4010,33,3966.65,3661
2026-08-28 10:35:00,4010,4010,4005,4005,2,3966.73,3661
2026-08-28 10:40:00,4000,4000,4000,4000,1,3966.76,3661
2026-08-28 10:45:00,4000,4000,4000,4000,1,3966.79,3661
2026-08-28 10:50:00,3995,4000,3995,4000,7,3967.01,3661
2026-08-28 10:55:00,4000,4010,4000,4010,18,3967.69,3661
2026-08-28 11:00:00,4010,4010,4005,4010,11,3968.11,3661
2026-08-28 11:05:00,4010,4020,4010,4020,25,3969.23,3661
2026-08-28 11:10:00,4020,4020,4010,4010,4,3969.39,3661
2026-08-28 11:15:00,4010,4010,4005,4010,6,3969.6,3661
2026-08-28 11:20:00,4010,4010,4010,4010,1,3969.64,3661
2026-08-28 11:25:00,4015,4015,4010,4010,10,3970.04,3661
2026-08-28 11:30:00,4015,4035,4010,4035,69,3973.17,3661
2026-08-28 11:35:00,4035,4040,4035,4035,34,3974.91,3661
2026-08-28 11:40:00,4035,4050,4035,4045,48,3977.51,3661
2026-08-28 11:45:00,4045,4045,4030,4040,19,3978.37,3661
2026-08-28 11:50:00,4035,4045,4035,4045,12,3978.96,3661
2026-08-28 11:55:00,4045,4070,4040,4060,81,3983.36,3661
2026-08-28 12:00:00,4070,4090,4070,4085,61,3987.49,3661
2026-08-28 12:05:00,4085,4105,4085,4100,51,3991.18,3661
2026-08-28 12:10:00,4100,4100,4070,4070,34,3993.22,3661
2026-08-28 12:15:00,4065,4065,4065,4065,12,3993.78,3661
2026-08-28 12:20:00,4070,4085,4070,4080,35,3995.7,3661
2026-08-28 12:25:00,4080,4080,4065,4065,17,3996.51,3661
2026-08-28 12:30:00,4060,4060,4040,4040,29,3997.45,3661
2026-08-28 12:35:00,4050,4060,4050,4060,14,3997.94,3661
2026-08-28 12:40:00,4065,4065,4060,4065,10,3998.33,3661
2026-08-28 12:45:00,4065,4065,4060,4065,12,3998.81,3661
2026-08-28 12:50:00,4060,4080,4060,4080,15,3999.44,3661
2026-08-28 12:55:00,4080,4080,4075,4075,5,3999.67,3661
2026-08-28 13:00:00,4075,4085,4070,4070,21,4000.62,3661
2026-08-28 13:05:00,4070,4075,4070,4075,18,4001.36,3661
2026-08-28 13:10:00,4075,4075,4070,4075,10,4001.78,3661
2026-08-28 13:15:00,4070,4080,4065,4075,31,4003.01,3661
2026-08-28 13:20:00,4065,4070,4065,4070,27,4004.02,3661
2026-08-28 13:30:00,4065,4065,4065,4065,74,4006.44,3661
2026-08-31 09:00:00,4015,4020,3965,3980,163,3991.63,3661
2026-08-31 09:05:00,3980,3980,3900,3915,138,3966.2,3661
2026-08-31 09:10:00,3920,3985,3920,3980,75,3962.89,3661
2026-08-31 09:15:00,3980,3980,3960,3965,22,3963.28,3661
2026-08-31 09:20:00,3975,3990,3975,3980,50,3965.44,3661
2026-08-31 09:25:00,3985,4040,3980,4035,107,3974.47,3661
2026-08-31 09:30:00,4025,4040,4005,4005,31,3976.95,3661
2026-08-31 09:35:00,4000,4005,3990,4005,41,3978.3,3661
2026-08-31 09:40:00,3995,4005,3995,4000,30,3979.36,3661
2026-08-31 09:45:00,3995,3995,3955,3985,48,3979.28,3661
2026-08-31 09:50:00,3985,3995,3985,3995,6,3979.4,3661
2026-08-31 09:55:00,4000,4020,4000,4000,34,3980.85,3661
2026-08-31 10:00:00,4000,4015,3980,3980,34,3981.78,3661
2026-08-31 10:05:00,3990,4010,3990,4010,25,3982.51,3661
2026-08-31 10:10:00,4010,4020,4010,4010,33,3983.75,3661
2026-08-31 10:15:00,4010,4010,3995,3995,31,3984.42,3661
2026-08-31 10:20:00,3995,4000,3980,3980,47,3984.83,3661
2026-08-31 10:25:00,3980,4000,3975,4000,15,3984.8,3661
2026-08-31 10:30:00,3995,3995,3985,3985,5,3984.83,3661
2026-08-31 10:35:00,3985,4000,3985,3985,6,3984.85,3661
2026-08-31 10:40:00,3985,4005,3985,4000,18,3985.11,3661
2026-08-31 10:45:00,4010,4025,4010,4020,46,3986.63,3661
2026-08-31 10:50:00,4020,4025,4010,4025,8,3986.87,3661
2026-08-31 10:55:00,4025,4030,4025,4030,26,3987.9,3661
2026-08-31 11:00:00,4030,4055,4030,4055,52,3990.4,3661
2026-08-31 11:05:00,4060,4060,4045,4050,26,3991.92,3661
2026-08-31 11:10:00,4055,4055,4040,4040,23,3993.0,3661
2026-08-31 11:15:00,4035,4035,4030,4030,10,3993.33,3661
2026-08-31 11:20:00,4030,4030,4030,4030,7,3993.55,3661
2026-08-31 11:25:00,4030,4050,4030,4040,28,3994.64,3661
2026-08-31 11:30:00,4045,4045,4040,4040,5,3994.84,3661
2026-08-31 11:35:00,4035,4035,4020,4020,12,3995.13,3661
2026-08-31 11:40:00,4020,4025,4020,4025,6,3995.27,3661
2026-08-31 11:45:00,4030,4035,4025,4030,13,3995.63,3661
2026-08-31 11:50:00,4035,4035,4030,4035,6,3995.82,3661
2026-08-31 11:55:00,4040,4065,4040,4055,38,3997.65,3661
2026-08-31 12:00:00,4060,4060,4060,4060,10,3998.14,3661
2026-08-31 12:05:00,4060,4060,4055,4055,5,3998.37,3661
2026-08-31 12:10:00,4055,4055,4055,4055,3,3998.5,3661
2026-08-31 12:15:00,4055,4055,4055,4055,2,3998.59,3661
2026-08-31 12:20:00,4050,4050,4040,4040,21,3999.36,3661
2026-08-31 12:25:00,4040,4040,4040,4040,4,3999.48,3661
2026-08-31 12:30:00,4040,4040,4035,4035,10,3999.77,3661
2026-08-31 12:35:00,4030,4035,4030,4035,4,3999.86,3661
2026-08-31 12:40:00,4040,4045,4040,4040,7,4000.08,3661
2026-08-31 12:45:00,4040,4040,4030,4030,11,4000.34,3661
2026-08-31 12:50:00,4035,4045,4035,4045,8,4000.57,3661
2026-08-31 12:55:00,4050,4070,4050,4070,34,4002.02,3661
2026-08-31 13:00:00,4070,4075,4065,4070,28,4003.31,3661
2026-08-31 13:05:00,4075,4075,4060,4075,38,4004.97,3661
2026-08-31 13:10:00,4070,4075,4065,4070,9,4005.37,3661
2026-08-31 13:15:00,4065,4080,4065,4075,40,4007.1,3661
2026-08-31 13:20:00,4080,4085,4070,4070,45,4009.11,3661
2026-08-31 13:30:00,4075,4075,4075,4075,339,4020.97,3661
2026-09-01 09:00:00,4235,4325,4170,4210,504,4251.8,3661
2026-09-01 09:05:00,4210,4235,4190,4200,143,4243.25,3661
2026-09-01 09:10:00,4200,4210,4180,4210,46,4239.99,3661
2026-09-01 09:15:00,4205,4215,4195,4210,16,4239.26,3661
2026-09-01 09:20:00,4210,4235,4200,4235,36,4238.15,3661
2026-09-01 09:25:00,4235,4240,4220,4220,36,4237.82,3661
2026-09-01 09:30:00,4220,4220,4185,4190,47,4235.6,3661
2026-09-01 09:35:00,4190,4210,4190,4205,14,4235.04,3661
2026-09-01 09:40:00,4205,4215,4205,4215,13,4234.65,3661
2026-09-01 09:45:00,4220,4230,4200,4225,19,4234.29,3661
2026-09-01 09:50:00,4220,4220,4190,4190,20,4233.57,3661
2026-09-01 09:55:00,4195,4225,4195,4225,23,4233.08,3661
2026-09-01 10:00:00,4225,4230,4215,4215,22,4232.88,3661
2026-09-01 10:05:00,4205,4210,4200,4200,16,4232.36,3661
2026-09-01 10:10:00,4200,4240,4200,4235,50,4232.07,3661
2026-09-01 10:15:00,4230,4235,4225,4225,5,4232.06,3661
2026-09-01 10:20:00,4230,4275,4225,4275,113,4233.94,3661
2026-09-01 10:25:00,4275,4310,4275,4300,133,4240.52,3661
2026-09-01 10:30:00,4305,4310,4275,4285,42,4242.15,3661
2026-09-01 10:35:00,4280,4280,4220,4220,47,4242.47,3661
2026-09-01 10:40:00,4220,4255,4220,4255,20,4242.49,3661
2026-09-01 10:45:00,4260,4300,4260,4300,40,4243.83,3661
2026-09-01 10:50:00,4300,4300,4280,4280,18,4244.44,3661
2026-09-01 10:55:00,4280,4290,4270,4290,11,4244.71,3661
2026-09-01 11:00:00,4295,4305,4295,4305,37,4246.15,3661
2026-09-01 11:05:00,4305,4320,4300,4300,73,4249.33,3661
2026-09-01 11:10:00,4300,4305,4300,4300,5,4249.5,3661
2026-09-01 11:15:00,4300,4300,4290,4290,12,4249.87,3661
2026-09-01 11:20:00,4295,4305,4295,4305,11,4250.22,3661
2026-09-01 11:25:00,4305,4310,4305,4305,11,4250.61,3661
2026-09-01 11:30:00,4310,4310,4310,4310,7,4250.87,3661
2026-09-01 11:35:00,4310,4330,4310,4320,64,4253.61,3661
2026-09-01 11:40:00,4320,4340,4320,4340,38,4255.33,3661
2026-09-01 11:45:00,4340,4345,4335,4335,32,4256.92,3661
2026-09-01 11:50:00,4335,4345,4335,4340,24,4258.07,3661
2026-09-01 11:55:00,4340,4350,4340,4345,24,4259.23,3661
2026-09-01 12:00:00,4345,4350,4335,4335,26,4260.42,3661
2026-09-01 12:05:00,4330,4335,4320,4335,10,4260.81,3661
2026-09-01 12:10:00,4335,4340,4330,4335,17,4261.48,3661
2026-09-01 12:15:00,4340,4345,4340,4345,11,4261.98,3661
2026-09-01 12:20:00,4345,4345,4325,4325,16,4262.66,3661
2026-09-01 12:25:00,4325,4330,4325,4330,4,4262.8,3661
2026-09-01 12:30:00,4325,4335,4325,4335,4,4262.94,3661
2026-09-01 12:35:00,4335,4335,4310,4320,24,4263.65,3661
2026-09-01 12:40:00,4320,4320,4300,4300,20,4264.14,3661
2026-09-01 12:45:00,4300,4300,4290,4295,11,4264.32,3661
2026-09-01 12:50:00,4295,4295,4275,4285,21,4264.52,3661
2026-09-01 12:55:00,4290,4290,4280,4280,8,4264.6,3661
2026-09-01 13:00:00,4285,4285,4275,4280,15,4264.71,3661
2026-09-01 13:05:00,4280,4280,4270,4270,19,4264.81,3661
2026-09-01 13:10:00,4275,4275,4255,4255,41,4264.78,3661
2026-09-01 13:15:00,4255,4265,4250,4255,48,4264.6,3661
2026-09-01 13:20:00,4255,4265,4250,4250,41,4264.44,3661
2026-09-01 13:30:00,4275,4275,4275,4275,106,4264.95,3661
2026-09-02 09:00:00,4260,4300,4235,4265,137,4268.61,3661
2026-09-02 09:05:00,4265,4270,4210,4210,84,4256.63,3661
2026-09-02 09:10:00,4220,4235,4200,4230,59,4248.64,3661
2026-09-02 09:15:00,4230,4265,4225,4230,40,4248.23,3661
2026-09-02 09:20:00,4225,4235,4215,4215,34,4245.78,3661
2026-09-02 09:25:00,4225,4235,4225,4230,8,4245.46,3661
2026-09-02 09:30:00,4220,4225,4205,4225,29,4243.08,3661
2026-09-02 09:35:00,4225,4225,4195,4195,49,4238.98,3661
2026-09-02 09:40:00,4195,4215,4190,4210,24,4236.9,3661
2026-09-02 09:45:00,4200,4200,4185,4190,31,4234.2,3661
2026-09-02 09:50:00,4195,4200,4195,4200,14,4233.23,3661
2026-09-02 09:55:00,4200,4210,4190,4195,27,4231.6,3661
2026-09-02 10:00:00,4200,4205,4195,4195,15,4230.74,3661
2026-09-02 10:05:00,4195,4195,4180,4180,36,4228.02,3661
2026-09-02 10:10:00,4180,4200,4180,4200,16,4226.96,3661
2026-09-02 10:15:00,4200,4210,4200,4205,4,4226.81,3661
2026-09-02 10:20:00,4210,4210,4190,4210,11,4226.38,3661
2026-09-02 10:25:00,4205,4260,4205,4260,78,4227.49,3661
2026-09-02 10:30:00,4260,4260,4235,4235,14,4227.85,3661
2026-09-02 10:35:00,4235,4240,4225,4225,14,4228.0,3661
2026-09-02 10:40:00,4225,4225,4225,4225,5,4227.98,3661
2026-09-02 10:45:00,4230,4235,4230,4230,5,4228.0,3661
2026-09-02 10:50:00,4235,4250,4235,4245,11,4228.21,3661
2026-09-02 10:55:00,4245,4255,4235,4255,24,4228.82,3661
2026-09-02 11:00:00,4250,4275,4250,4255,45,4230.83,3661
2026-09-02 11:05:00,4255,4260,4250,4250,12,4231.16,3661
2026-09-02 11:10:00,4255,4285,4255,4280,40,4233.15,3661
2026-09-02 11:15:00,4280,4305,4280,4290,71,4237.85,3661
2026-09-02 11:20:00,4295,4310,4285,4300,38,4240.19,3661
2026-09-02 11:25:00,4295,4300,4290,4300,6,4240.52,3661
2026-09-02 11:30:00,4290,4290,4280,4285,14,4241.13,3661
2026-09-02 11:35:00,4285,4300,4275,4300,41,4242.97,3661
2026-09-02 11:40:00,4295,4300,4280,4285,17,4243.75,3661
2026-09-02 11:45:00,4295,4300,4285,4295,11,4244.27,3661
2026-09-02 11:50:00,4300,4300,4280,4280,21,4245.26,3661
2026-09-02 11:55:00,4280,4280,4270,4275,14,4245.65,3661
2026-09-02 12:00:00,4270,4270,4260,4260,11,4245.86,3661
2026-09-02 12:05:00,4260,4260,4255,4260,6,4245.93,3661
2026-09-02 12:10:00,4260,4260,4260,4260,2,4245.95,3661
2026-09-02 12:15:00,4265,4280,4265,4280,3,4246.03,3661
2026-09-02 12:20:00,4280,4280,4275,4275,7,4246.23,3661
2026-09-02 12:25:00,4275,4280,4275,4275,8,4246.44,3661
2026-09-02 12:30:00,4270,4275,4270,4275,4,4246.53,3661
2026-09-02 12:35:00,4270,4270,4270,4270,4,4246.61,3661
2026-09-02 12:40:00,4270,4275,4265,4270,8,4246.78,3661
2026-09-02 12:45:00,4265,4270,4265,4265,5,4246.86,3661
2026-09-02 12:50:00,4265,4270,4255,4255,13,4247.02,3661
2026-09-02 12:55:00,4250,4250,4235,4235,29,4246.96,3661
2026-09-02 13:00:00,4245,4245,4235,4240,18,4246.88,3661
2026-09-02 13:05:00,4240,4245,4230,4230,27,4246.72,3661
2026-09-02 13:10:00,4230,4230,4230,4230,13,4246.55,3661
2026-09-02 13:15:00,4230,4235,4225,4225,23,4246.22,3661
2026-09-02 13:20:00,4225,4225,4215,4225,67,4244.98,3661
2026-09-02 13:30:00,4200,4200,4200,4200,152,4240.42,3661
2026-09-03 09:00:00,4210,4230,4190,4200,155,4207.26,3661
2026-09-03 09:05:00,4210,4230,4195,4210,96,4207.01,3661
2026-09-03 09:10:00,4205,4220,4185,4220,61,4205.11,3661
2026-09-03 09:15:00,4220,4260,4220,4230,86,4212.85,3661
2026-09-03 09:20:00,4235,4240,4225,4235,28,4214.2,3661
2026-09-03 09:25:00,4225,4225,4180,4190,73,4211.9,3661
2026-09-03 09:30:00,4190,4195,4185,4185,28,4210.64,3661
2026-09-03 09:35:00,4185,4185,4105,4130,164,4195.75,3661
2026-09-03 09:40:00,4130,4130,4110,4125,47,4190.83,3661
2026-09-03 09:45:00,4125,4140,4120,4140,21,4189.16,3661
2026-09-03 09:50:00,4145,4155,4135,4145,32,4187.38,3661
2026-09-03 09:55:00,4140,4140,4095,4100,61,4181.73,3661
2026-09-03 10:00:00,4100,4145,4100,4125,25,4180.12,3661
2026-09-03 10:05:00,4125,4165,4125,4165,32,4179.17,3661
2026-09-03 10:10:00,4165,4195,4165,4195,46,4179.14,3661
2026-09-03 10:15:00,4190,4195,4175,4185,19,4179.24,3661
2026-09-03 10:20:00,4180,4180,4165,4165,6,4179.2,3661
2026-09-03 10:25:00,4160,4165,4160,4165,9,4179.06,3661
2026-09-03 10:30:00,4165,4165,4160,4160,6,4178.95,3661
2026-09-03 10:35:00,4155,4160,4155,4160,2,4178.91,3661
2026-09-03 10:40:00,4155,4155,4140,4140,13,4178.51,3661
2026-09-03 10:45:00,4135,4135,4120,4125,17,4177.61,3661
2026-09-03 10:50:00,4130,4140,4130,4135,7,4177.34,3661
2026-09-03 10:55:00,4135,4140,4135,4140,3,4177.22,3661
2026-09-03 11:00:00,4150,4155,4150,4155,3,4177.15,3661
2026-09-03 11:05:00,4150,4150,4145,4145,5,4177.0,3661
2026-09-03 11:10:00,4150,4160,4145,4160,10,4176.79,3661
2026-09-03 11:15:00,4165,4165,4160,4165,7,4176.7,3661
2026-09-03 11:20:00,4170,4190,4170,4190,21,4176.78,3661
2026-09-03 11:25:00,4190,4195,4190,4195,14,4176.96,3661
2026-09-03 11:30:00,4195,4195,4185,4190,11,4177.08,3661
2026-09-03 11:35:00,4185,4185,4170,4180,8,4177.08,3661
2026-09-03 11:40:00,4180,4185,4180,4180,4,4177.09,3661
2026-09-03 11:45:00,4180,4180,4165,4165,3,4177.08,3661
2026-09-03 11:50:00,4165,4175,4165,4175,4,4177.06,3661
2026-09-03 11:55:00,4170,4170,4170,4170,7,4177.01,3661
2026-09-03 12:00:00,4170,4170,4170,4170,5,4176.98,3661
2026-09-03 12:05:00,4170,4170,4165,4170,4,4176.96,3661
2026-09-03 12:10:00,4170,4170,4160,4165,13,4176.81,3661
2026-09-03 12:15:00,4160,4205,4160,4205,74,4177.57,3661
2026-09-03 12:20:00,4200,4200,4195,4200,16,4177.84,3661
2026-09-03 12:25:00,4205,4205,4190,4200,9,4178.0,3661
2026-09-03 12:30:00,4190,4190,4185,4185,2,4178.02,3661
2026-09-03 12:35:00,4185,4185,4180,4180,7,4178.04,3661
2026-09-03 12:40:00,4185,4185,4180,4180,6,4178.06,3661
2026-09-03 12:45:00,4180,4190,4180,4180,7,4178.08,3661
2026-09-03 12:50:00,4180,4180,4165,4165,17,4177.98,3661
2026-09-03 12:55:00,4170,4170,4160,4160,15,4177.85,3661
2026-09-03 13:00:00,4160,4160,4120,4125,52,4176.48,3661
2026-09-03 13:05:00,4125,4135,4110,4110,36,4175.13,3661
2026-09-03 13:10:00,4110,4115,4070,4080,80,4170.59,3661
2026-09-03 13:15:00,4080,4080,4065,4065,68,4166.19,3661
2026-09-03 13:20:00,4070,4070,4010,4055,118,4157.58,3661
2026-09-03 13:30:00,4050,4050,4050,4050,72,4153.11,3661
2026-09-04 09:00:00,4155,4225,4155,4175,145,4189.86,3661
2026-09-04 09:05:00,4175,4195,4160,4165,51,4187.5,3661
2026-09-04 09:10:00,4185,4190,4150,4170,46,4184.21,3661
2026-09-04 09:15:00,4170,4205,4160,4205,81,4185.0,3661
2026-09-04 09:20:00,4200,4275,4200,4235,216,4209.91,3661
2026-09-04 09:25:00,4230,4230,4180,4185,63,4209.9,3661
2026-09-04 09:30:00,4185,4205,4175,4195,32,4208.95,3661
2026-09-04 09:35:00,4200,4200,4180,4180,20,4208.29,3661
2026-09-04 09:40:00,4175,4185,4175,4185,10,4207.88,3661
2026-09-04 09:45:00,4180,4180,4140,4140,54,4204.12,3661
2026-09-04 09:50:00,4135,4140,4120,4120,41,4200.13,3661
2026-09-04 09:55:00,4120,4160,4110,4150,37,4197.2,3661
2026-09-04 10:00:00,4150,4150,4125,4125,15,4196.02,3661
2026-09-04 10:05:00,4125,4140,4125,4140,5,4195.65,3661
2026-09-04 10:10:00,4145,4160,4145,4155,11,4195.1,3661
2026-09-04 10:15:00,4155,4230,4155,4230,110,4196.14,3661
2026-09-04 10:20:00,4230,4240,4200,4205,50,4197.88,3661
2026-09-04 10:25:00,4205,4215,4205,4215,8,4197.97,3661
2026-09-04 10:30:00,4210,4210,4190,4195,10,4197.98,3661
2026-09-04 10:35:00,4190,4190,4155,4165,14,4197.63,3661
2026-09-04 10:40:00,4175,4175,4175,4175,2,4197.59,3661
2026-09-04 10:45:00,4175,4190,4175,4190,5,4197.52,3661
2026-09-04 10:50:00,4195,4195,4190,4190,7,4197.48,3661
2026-09-04 10:55:00,4185,4205,4185,4200,11,4197.42,3661
2026-09-04 11:00:00,4195,4195,4190,4195,6,4197.4,3661
2026-09-04 11:05:00,4195,4195,4195,4195,3,4197.39,3661
2026-09-04 11:10:00,4195,4195,4160,4165,20,4197.0,3661
2026-09-04 11:15:00,4165,4185,4165,4185,10,4196.74,3661
2026-09-04 11:20:00,4185,4190,4175,4175,7,4196.63,3661
2026-09-04 11:25:00,4175,4175,4165,4165,9,4196.42,3661
2026-09-04 11:30:00,4160,4165,4155,4155,16,4195.87,3661
2026-09-04 11:35:00,4150,4150,4140,4145,9,4195.48,3661
2026-09-04 11:40:00,4150,4150,4135,4135,8,4195.11,3661
2026-09-04 11:45:00,4135,4145,4135,4145,8,4194.73,3661
2026-09-04 11:50:00,4145,4155,4145,4155,7,4194.45,3661
2026-09-04 11:55:00,4150,4150,4150,4150,4,4194.29,3661
2026-09-04 12:00:00,4150,4150,4135,4140,9,4193.89,3661
2026-09-04 12:05:00,4145,4155,4145,4155,5,4193.71,3661
2026-09-04 12:10:00,4170,4170,4170,4170,2,4193.67,3661
2026-09-04 12:15:00,4175,4180,4160,4170,15,4193.39,3661
2026-09-04 12:20:00,4170,4170,4170,4170,3,4193.33,3661
2026-09-04 12:25:00,4165,4165,4160,4165,7,4193.15,3661
2026-09-04 12:30:00,4165,4165,4165,4165,4,4193.06,3661
2026-09-04 12:35:00,4170,4195,4170,4180,39,4192.74,3661
2026-09-04 12:40:00,4180,4180,4180,4180,13,4192.61,3661
2026-09-04 12:45:00,4180,4180,4175,4175,11,4192.47,3661
2026-09-04 12:50:00,4175,4175,4165,4165,8,4192.33,3661
2026-09-04 12:55:00,4165,4175,4165,4175,7,4192.2,3661
2026-09-04 13:00:00,4180,4205,4180,4195,63,4192.32,3661
2026-09-04 13:05:00,4190,4220,4185,4215,74,4193.04,3661
2026-09-04 13:10:00,4215,4215,4200,4215,35,4193.39,3661
2026-09-04 13:15:00,4215,4230,4210,4220,35,4194.01,3661
2026-09-04 13:20:00,4220,4230,4215,4215,55,4195.13,3661
2026-09-04 13:30:00,4220,4220,4220,4220,92,4196.53,3661
2026-09-07 09:00:00,4175,4180,4000,4010,479,4081.42,3661
2026-09-07 09:05:00,4010,4075,4005,4075,204,4066.27,3661
2026-09-07 09:10:00,4080,4155,4080,4090,150,4074.47,3661
2026-09-07 09:15:00,4105,4105,4065,4075,74,4074.87,3661
2026-09-07 09:20:00,4080,4085,4060,4065,62,4074.4,3661
2026-09-07 09:25:00,4065,4120,4065,4115,72,4075.46,3661
2026-09-07 09:30:00,4115,4120,4080,4080,76,4076.9,3661
2026-09-07 09:35:00,4095,4110,4090,4100,60,4078.02,3661
2026-09-07 09:40:00,4100,4105,4070,4070,63,4078.42,3661
2026-09-07 09:45:00,4075,4130,4075,4130,66,4080.03,3661
2026-09-07 09:50:00,4130,4140,4100,4100,45,4081.61,3661
2026-09-07 09:55:00,4100,4155,4100,4155,78,4084.83,3661
2026-09-07 10:00:00,4140,4140,4115,4120,23,4085.49,3661
2026-09-07 10:05:00,4125,4150,4120,4135,32,4086.6,3661
2026-09-07 10:10:00,4140,4175,4135,4175,86,4090.68,3661
2026-09-07 10:15:00,4175,4180,4140,4145,73,4093.88,3661
2026-09-07 10:20:00,4140,4140,4100,4100,61,4094.71,3661
2026-09-07 10:25:00,4100,4110,4090,4110,54,4094.83,3661
2026-09-07 10:30:00,4110,4110,4090,4090,25,4094.87,3661
2026-09-07 10:35:00,4095,4105,4090,4105,37,4094.95,3661
2026-09-07 10:40:00,4105,4120,4105,4115,23,4095.18,3661
2026-09-07 10:45:00,4115,4115,4100,4105,25,4095.31,3661
2026-09-07 10:50:00,4095,4100,4090,4090,12,4095.32,3661
2026-09-07 10:55:00,4090,4090,4080,4085,32,4095.17,3661
2026-09-07 11:00:00,4085,4085,4070,4070,41,4094.82,3661
2026-09-07 11:05:00,4070,4080,4060,4075,68,4093.95,3661
2026-09-07 11:10:00,4075,4080,4070,4075,10,4093.86,3661
2026-09-07 11:15:00,4070,4085,4070,4085,17,4093.74,3661
2026-09-07 11:20:00,4085,4090,4080,4085,13,4093.67,3661
2026-09-07 11:25:00,4080,4095,4075,4090,21,4093.61,3661
2026-09-07 11:30:00,4085,4085,4080,4080,7,4093.57,3661
2026-09-07 11:35:00,4080,4080,4075,4075,10,4093.5,3661
2026-09-07 11:40:00,4075,4075,4065,4065,17,4093.31,3661
2026-09-07 11:45:00,4065,4065,4060,4060,20,4093.03,3661
2026-09-07 11:50:00,4060,4070,4060,4065,43,4092.46,3661
2026-09-07 11:55:00,4065,4075,4065,4070,13,4092.32,3661
2026-09-07 12:00:00,4070,4070,4065,4065,17,4092.13,3661
2026-09-07 12:05:00,4060,4065,4060,4060,21,4091.83,3661
2026-09-07 12:10:00,4060,4065,4060,4060,15,4091.62,3661
2026-09-07 12:15:00,4060,4060,4050,4060,39,4091.0,3661
2026-09-07 12:20:00,4060,4060,4055,4055,12,4090.83,3661
2026-09-07 12:25:00,4055,4055,4055,4055,9,4090.69,3661
2026-09-07 12:30:00,4055,4060,4055,4055,13,4090.49,3661
2026-09-07 12:35:00,4055,4055,4050,4050,29,4090.0,3661
2026-09-07 12:40:00,4050,4055,4040,4050,92,4088.39,3661
2026-09-07 12:45:00,4055,4060,4055,4060,10,4088.26,3661
2026-09-07 12:50:00,4060,4060,4055,4055,19,4088.04,3661
2026-09-07 12:55:00,4055,4055,4045,4045,22,4087.71,3661
2026-09-07 13:00:00,4045,4045,4040,4040,26,4087.24,3661
2026-09-07 13:05:00,4040,4050,4040,4045,52,4086.39,3661
2026-09-07 13:10:00,4045,4060,4040,4050,59,4085.56,3661
2026-09-07 13:15:00,4050,4055,4040,4040,47,4084.87,3661
2026-09-07 13:20:00,4040,4055,4040,4045,110,4083.23,3661
2026-09-07 13:30:00,4040,4040,4040,4040,185,4080.54,3661
2026-09-08 09:00:00,4090,4105,4010,4025,158,4051.3,3661
2026-09-08 09:05:00,4030,4035,3985,4015,153,4030.26,3661
2026-09-08 09:10:00,4020,4050,4015,4015,46,4030.67,3661
2026-09-08 09:15:00,4015,4045,4015,4045,33,4030.55,3661
2026-09-08 09:20:00,4045,4045,4015,4015,18,4030.83,3661
2026-09-08 09:25:00,4015,4015,4005,4005,37,4029.13,3661
2026-09-08 09:30:00,4015,4035,4015,4030,14,4029.06,3661
2026-09-08 09:35:00,4035,4065,4035,4050,74,4031.56,3661
2026-09-08 09:40:00,4050,4050,4025,4025,22,4031.69,3661
2026-09-08 09:45:00,4025,4030,4025,4030,23,4031.55,3661
2026-09-08 09:50:00,4025,4025,4005,4020,49,4030.03,3661
2026-09-08 09:55:00,4020,4025,4020,4025,5,4029.98,3661
2026-09-08 10:00:00,4025,4025,4010,4010,20,4029.56,3661
2026-09-08 10:05:00,4010,4010,4005,4010,12,4029.17,3661
2026-09-08 10:10:00,4010,4010,4010,4010,1,4029.14,3661
2026-09-08 10:15:00,4010,4010,4000,4010,41,4027.79,3661
2026-09-08 10:20:00,4015,4040,4015,4030,29,4027.86,3661
2026-09-08 10:25:00,4025,4025,4010,4010,20,4027.48,3661
2026-09-08 10:30:00,4010,4010,4000,4005,32,4026.55,3661
2026-09-08 10:35:00,4005,4025,4005,4025,17,4026.32,3661
2026-09-08 10:40:00,4020,4020,4015,4015,3,4026.29,3661
2026-09-08 10:45:00,4010,4015,4005,4015,11,4026.08,3661
2026-09-08 10:50:00,4015,4020,4010,4010,12,4025.95,3661
2026-09-08 10:55:00,4015,4015,4010,4015,4,4025.89,3661
2026-09-08 11:00:00,4010,4015,4010,4015,12,4025.72,3661
2026-09-08 11:05:00,4015,4015,4015,4015,12,4025.57,3661
2026-09-08 11:10:00,4015,4025,4015,4020,9,4025.5,3661
2026-09-08 11:15:00,4015,4015,4015,4015,3,4025.47,3661
2026-09-08 11:20:00,4015,4020,4015,4015,12,4025.37,3661
2026-09-08 11:25:00,4020,4020,4020,4020,9,4025.31,3661
2026-09-08 11:30:00,4020,4055,4020,4040,65,4026.28,3661
2026-09-08 11:35:00,4040,4040,4040,4040,4,4026.34,3661
2026-09-08 11:40:00,4040,4040,4015,4015,12,4026.36,3661
2026-09-08 11:45:00,4015,4020,4015,4020,8,4026.3,3661
2026-09-08 11:50:00,4015,4015,4015,4015,6,4026.23,3661
2026-09-08 11:55:00,4015,4020,4005,4020,59,4025.29,3661
2026-09-08 12:00:00,4020,4030,4020,4030,11,4025.26,3661
2026-09-08 12:05:00,4030,4040,4030,4040,7,4025.31,3661
2026-09-08 12:10:00,4030,4030,4025,4025,10,4025.31,3661
2026-09-08 12:15:00,4020,4020,4020,4020,3,4025.3,3661
2026-09-08 12:20:00,4025,4025,4020,4020,3,4025.29,3661
2026-09-08 12:25:00,4020,4020,4015,4015,9,4025.23,3661
2026-09-08 12:30:00,4015,4015,4010,4010,12,4025.1,3661
2026-09-08 12:35:00,4010,4010,4010,4010,8,4024.99,3661
2026-09-08 12:40:00,4015,4015,4010,4015,11,4024.88,3661
2026-09-08 12:45:00,4015,4015,4015,4015,4,4024.84,3661
2026-09-08 12:50:00,4020,4020,4015,4015,10,4024.76,3661
2026-09-08 12:55:00,4015,4015,4015,4015,3,4024.74,3661
2026-09-08 13:00:00,4015,4015,4015,4015,17,4024.59,3661
2026-09-08 13:05:00,4015,4015,4000,4000,73,4023.52,3661
2026-09-08 13:10:00,4000,4010,4000,4010,31,4023.1,3661
2026-09-08 13:15:00,4010,4025,4010,4020,28,4022.96,3661
2026-09-08 13:20:00,4025,4055,4020,4055,105,4024.27,3661
2026-09-08 13:30:00,4030,4030,4030,4030,134,4024.77,3661
2026-09-09 09:00:00,3985,3990,3850,3855,554,3892.17,3661
2026-09-09 09:05:00,3890,3910,3855,3905,251,3889.85,3661
2026-09-09 09:10:00,3905,3920,3895,3900,106,3891.76,3661
2026-09-09 09:15:00,3900,3910,3865,3870,160,3890.41,3661
2026-09-09 09:20:00,3870,3880,3865,3870,74,3889.11,3661
2026-09-09 09:25:00,3870,3895,3865,3880,53,3888.83,3661
2026-09-09 09:30:00,3875,3885,3870,3880,24,3888.62,3661
2026-09-09 09:35:00,3880,3890,3870,3870,63,3888.04,3661
2026-09-09 09:40:00,3870,3870,3850,3870,190,3884.21,3661
2026-09-09 09:45:00,3870,3935,3870,3935,215,3886.31,3661
2026-09-09 09:50:00,3935,3935,3895,3915,93,3887.81,3661
2026-09-09 09:55:00,3910,3915,3900,3915,35,3888.21,3661
2026-09-09 10:00:00,3915,3930,3915,3930,40,3888.97,3661
2026-09-09 10:05:00,3930,3940,3920,3940,52,3890.0,3661
2026-09-09 10:10:00,3940,3955,3940,3955,93,3892.57,3661
2026-09-09 10:15:00,3955,3970,3950,3960,51,3894.24,3661
2026-09-09 10:20:00,3960,3960,3950,3955,38,3895.38,3661
2026-09-09 10:25:00,3955,3960,3950,3950,29,3896.17,3661
2026-09-09 10:30:00,3950,3955,3945,3950,26,3896.81,3661
2026-09-09 10:35:00,3950,3950,3945,3945,9,3897.02,3661
2026-09-09 10:40:00,3945,3950,3935,3940,27,3897.57,3661
2026-09-09 10:45:00,3935,3935,3915,3915,29,3897.93,3661
2026-09-09 10:50:00,3915,3925,3915,3925,23,3898.16,3661
2026-09-09 10:55:00,3925,3925,3925,3925,8,3898.26,3661
2026-09-09 11:00:00,3920,3920,3915,3915,8,3898.33,3661
2026-09-09 11:05:00,3910,3915,3895,3895,37,3898.41,3661
2026-09-09 11:10:00,3900,3900,3895,3895,19,3898.42,3661
2026-09-09 11:15:00,3895,3915,3895,3910,18,3898.45,3661
2026-09-09 11:20:00,3910,3910,3910,3910,2,3898.46,3661
2026-09-09 11:25:00,3915,3920,3915,3920,8,3898.52,3661
2026-09-09 11:30:00,3920,3920,3920,3920,5,3898.57,3661
2026-09-09 11:35:00,3920,3920,3915,3915,8,3898.63,3661
2026-09-09 11:40:00,3915,3915,3910,3910,4,3898.65,3661
2026-09-09 11:45:00,3910,3910,3905,3905,5,3898.67,3661
2026-09-09 11:50:00,3905,3905,3890,3890,31,3898.65,3661
2026-09-09 11:55:00,3890,3900,3890,3895,19,3898.62,3661
2026-09-09 12:00:00,3895,3895,3890,3890,8,3898.61,3661
2026-09-09 12:05:00,3890,3890,3880,3880,47,3898.36,3661
2026-09-09 12:10:00,3885,3885,3885,3885,16,3898.27,3661
2026-09-09 12:15:00,3880,3880,3880,3880,7,3898.22,3661
2026-09-09 12:20:00,3885,3900,3885,3900,20,3898.15,3661
2026-09-09 12:25:00,3900,3900,3900,3900,10,3898.16,3661
2026-09-09 12:30:00,3905,3905,3900,3905,11,3898.19,3661
2026-09-09 12:35:00,3910,3910,3910,3910,7,3898.22,3661
2026-09-09 12:40:00,3905,3905,3900,3900,10,3898.24,3661
2026-09-09 12:45:00,3895,3895,3890,3895,21,3898.2,3661
2026-09-09 12:50:00,3895,3895,3890,3890,15,3898.15,3661
2026-09-09 12:55:00,3900,3900,3895,3900,13,3898.16,3661
2026-09-09 13:00:00,3900,3900,3895,3900,7,3898.16,3661
2026-09-09 13:05:00,3895,3895,3890,3890,16,3898.12,3661
2026-09-09 13:10:00,3890,3900,3890,3900,32,3898.05,3661
2026-09-09 13:15:00,3895,3900,3890,3895,31,3898.04,3661
2026-09-09 13:20:00,3895,3900,3885,3890,59,3897.87,3661
2026-09-09 13:30:00,3905,3905,3905,3905,177,3898.3,3661
2026-09-10 09:00:00,3880,3900,3815,3835,243,3852.7,3661
2026-09-10 09:05:00,3835,3855,3825,3850,84,3849.97,3661
2026-09-10 09:10:00,3840,3865,3835,3860,67,3849.78,3661
2026-09-10 09:15:00,3860,3875,3855,3875,48,3851.36,3661
2026-09-10 09:20:00,3875,3885,3875,3885,56,3854.64,3661
2026-09-10 09:25:00,3885,3885,3865,3865,34,3855.83,3661
2026-09-10 09:30:00,3870,3920,3870,3905,78,3860.67,3661
2026-09-10 09:35:00,3905,3930,3890,3915,65,3865.79,3661
2026-09-10 09:40:00,3915,3930,3900,3900,33,3868.23,3661
2026-09-10 09:45:00,3900,3900,3890,3895,22,3869.05,3661
2026-09-10 09:50:00,3900,3915,3900,3910,27,3870.5,3661
2026-09-10 09:55:00,3905,3910,3905,3910,10,3870.98,3661
2026-09-10 10:00:00,3910,3910,3905,3905,12,3871.54,3661
2026-09-10 10:05:00,3905,3915,3905,3910,19,3872.44,3661
2026-09-10 10:10:00,3905,3905,3900,3900,19,3873.12,3661
2026-09-10 10:15:00,3895,3895,3880,3880,24,3873.55,3661
2026-09-10 10:20:00,3880,3910,3880,3900,22,3874.11,3661
2026-09-10 10:25:00,3900,3900,3885,3885,15,3874.41,3661
2026-09-10 10:30:00,3885,3905,3885,3905,12,3874.7,3661
2026-09-10 10:35:00,3910,3920,3900,3900,23,3875.58,3661
2026-09-10 10:40:00,3905,3910,3905,3905,20,3876.24,3661
2026-09-10 10:45:00,3905,3940,3905,3920,79,3880.27,3661
2026-09-10 10:50:00,3920,3940,3920,3935,19,3881.22,3661
2026-09-10 10:55:00,3935,3935,3920,3925,24,3882.16,3661
2026-09-10 11:00:00,3925,3930,3925,3930,10,3882.56,3661
2026-09-10 11:05:00,3930,4000,3930,3990,119,3891.05,3661
2026-09-10 11:10:00,3985,3995,3980,3985,28,3893.34,3661
2026-09-10 11:15:00,3985,4010,3985,4005,59,3898.29,3661
2026-09-10 11:20:00,4005,4030,4005,4025,81,3905.42,3661
2026-09-10 11:25:00,4030,4035,3995,4000,45,3908.9,3661
2026-09-10 11:30:00,4000,4005,3985,3985,19,3910.05,3661
2026-09-10 11:35:00,3990,4010,3985,4000,19,3911.17,3661
2026-09-10 11:40:00,4000,4005,4000,4000,10,3911.79,3661
2026-09-10 11:45:00,4005,4010,4005,4010,9,3912.4,3661
2026-09-10 11:50:00,4010,4010,4000,4000,5,3912.71,3661
2026-09-10 11:55:00,4005,4020,4005,4020,22,3914.21,3661
2026-09-10 12:00:00,4025,4025,4015,4015,14,3915.22,3661
2026-09-10 12:05:00,4015,4020,4015,4020,5,3915.56,3661
2026-09-10 12:10:00,4020,4030,4020,4030,23,3917.21,3661
2026-09-10 12:15:00,4030,4030,4025,4025,10,3917.92,3661
2026-09-10 12:20:00,4020,4020,4015,4015,12,3918.69,3661
2026-09-10 12:25:00,4010,4015,4010,4015,9,3919.24,3661
2026-09-10 12:30:00,4015,4015,4010,4015,7,3919.67,3661
2026-09-10 12:35:00,4015,4015,4010,4010,4,3919.91,3661
2026-09-10 12:40:00,4010,4010,4005,4005,9,3920.42,3661
2026-09-10 12:45:00,4005,4020,4005,4020,26,3921.95,3661
2026-09-10 12:50:00,4025,4045,4025,4045,61,3926.2,3661
2026-09-10 12:55:00,4045,4045,4030,4040,25,3927.87,3661
2026-09-10 13:00:00,4040,4055,4040,4050,70,3932.73,3661
2026-09-10 13:05:00,4050,4055,4040,4055,34,3934.91,3661
2026-09-10 13:10:00,4050,4050,4045,4050,28,3936.67,3661
2026-09-10 13:15:00,4050,4060,4050,4060,48,3939.72,3661
2026-09-10 13:20:00,4060,4075,4055,4075,88,3945.4,3661
2026-09-10 13:30:00,4055,4055,4055,4055,146,3953.02,3661
2026-09-11 09:00:00,3870,3870,3770,3830,752,3831.85,3661
2026-09-11 09:05:00,3830,3835,3715,3740,466,3811.01,3661
2026-09-11 09:10:00,3740,3790,3740,3770,180,3805.37,3661
2026-09-11 09:15:00,3770,3770,3740,3750,240,3797.72,3661
2026-09-11 09:20:00,3750,3755,3735,3755,163,3792.57,3661
2026-09-11 09:25:00,3755,3755,3710,3710,250,3784.37,3661
2026-09-11 09:30:00,3710,3735,3700,3735,115,3780.73,3661
2026-09-11 09:35:00,3740,3765,3725,3730,99,3779.3,3661
2026-09-11 09:40:00,3725,3725,3700,3705,116,3776.0,3661
2026-09-11 09:45:00,3710,3710,3680,3680,275,3767.36,3661
2026-09-11 09:50:00,3680,3680,3650,3675,551,3748.16,3661
2026-09-11 09:55:00,3675,3705,3670,3690,81,3746.7,3661
2026-09-11 10:00:00,3690,3690,3680,3680,46,3745.84,3661
2026-09-11 10:05:00,3680,3685,3680,3680,27,3745.33,3661
2026-09-11 10:10:00,3685,3710,3685,3710,40,3744.78,3661
2026-09-11 10:15:00,3710,3715,3685,3685,59,3743.99,3661
2026-09-11 10:20:00,3685,3685,3665,3665,72,3742.55,3661
2026-09-11 10:25:00,3670,3675,3660,3665,32,3741.86,3661
2026-09-11 10:30:00,3670,3675,3665,3665,28,3741.3,3661
2026-09-11 10:35:00,3665,3670,3665,3665,24,3740.82,3661
2026-09-11 10:40:00,3665,3670,3665,3670,14,3740.54,3661
2026-09-11 10:45:00,3670,3670,3655,3655,62,3739.2,3661
2026-09-11 10:50:00,3655,3660,3650,3655,61,3737.83,3661
2026-09-11 10:55:00,3655,3660,3650,3650,48,3736.76,3661
2026-09-11 11:00:00,3650,3660,3650,3660,23,3736.28,3661
2026-09-11 11:05:00,3660,3660,3655,3660,17,3735.93,3661
2026-09-11 11:10:00,3660,3665,3650,3650,55,3734.81,3661
2026-09-11 11:15:00,3655,3655,3655,3655,19,3734.43,3661
2026-09-11 11:20:00,3655,3660,3650,3655,30,3733.81,3661
2026-09-11 11:25:00,3655,3670,3650,3660,28,3733.27,3661
2026-09-11 11:30:00,3660,3665,3660,3665,12,3733.06,3661
2026-09-11 11:35:00,3660,3665,3660,3660,11,3732.87,3661
2026-09-11 11:40:00,3660,3665,3660,3660,25,3732.43,3661
2026-09-11 11:45:00,3660,3665,3660,3660,8,3732.29,3661
2026-09-11 11:50:00,3665,3665,3655,3660,35,3731.66,3661
2026-09-11 11:55:00,3660,3665,3655,3665,22,3731.29,3661
2026-09-11 12:00:00,3660,3670,3660,3665,23,3730.92,3661
2026-09-11 12:05:00,3670,3670,3660,3660,18,3730.63,3661
2026-09-11 12:10:00,3665,3670,3665,3670,9,3730.49,3661
2026-09-11 12:15:00,3670,3670,3665,3665,26,3730.1,3661
2026-09-11 12:20:00,3665,3670,3660,3665,22,3729.76,3661
2026-09-11 12:25:00,3665,3670,3660,3670,20,3729.44,3661
2026-09-11 12:30:00,3670,3675,3665,3665,21,3729.14,3661
2026-09-11 12:35:00,3665,3675,3665,3665,11,3728.98,3661
2026-09-11 12:40:00,3665,3670,3665,3665,25,3728.61,3661
2026-09-11 12:45:00,3665,3665,3660,3660,32,3728.12,3661
2026-09-11 12:50:00,3660,3660,3655,3655,37,3727.53,3661
2026-09-11 12:55:00,3655,3660,3655,3655,24,3727.13,3661
2026-09-11 13:00:00,3655,3660,3655,3655,45,3726.4,3661
2026-09-11 13:05:00,3655,3660,3655,3660,31,3725.91,3661
2026-09-11 13:10:00,3660,3660,3655,3655,63,3724.96,3661
2026-09-11 13:15:00,3660,3660,3650,3655,110,3723.24,3661
2026-09-11 13:20:00,3650,3655,3650,3655,86,3721.93,3661
2026-09-11 13:30:00,3650,3650,3650,3650,137,3719.89,3661
