date,open,high,low,close,volume,average,stock_code
2026-04-27 09:00:00,601,609,599,602,1227,604.01,6488
2026-04-27 09:05:00,603,612,600,609,864,605.98,6488
2026-04-27 09:10:00,609,610,600,601,376,605.89,6488
2026-04-27 09:15:00,600,619,598,616,973,606.89,6488
2026-04-27 09:20:00,616,627,614,622,913,610.19,6488
2026-04-27 09:25:00,623,625,616,620,528,611.32,6488
2026-04-27 09:30:00,618,633,617,630,973,614.05,6488
2026-04-27 09:35:00,630,630,617,621,541,614.81,6488
2026-04-27 09:40:00,620,622,605,606,630,614.76,6488
2026-04-27 09:45:00,605,618,604,611,526,614.43,6488
2026-04-27 09:50:00,610,610,602,606,321,614.08,6488
2026-04-27 09:55:00,606,607,602,607,241,613.79,6488
2026-04-27 10:00:00,608,616,608,613,242,613.71,6488
2026-04-27 10:05:00,613,613,609,609,138,613.68,6488
2026-04-27 10:10:00,609,609,606,606,138,613.57,6488
2026-04-27 10:15:00,606,611,605,610,228,613.45,6488
2026-04-27 10:20:00,609,611,606,606,177,613.35,6488
2026-04-27 10:25:00,607,607,605,606,167,613.23,6488
2026-04-27 10:30:00,606,606,602,603,174,613.06,6488
2026-04-27 10:35:00,603,607,603,605,133,612.95,6488
2026-04-27 10:40:00,605,606,604,605,87,612.87,6488
2026-04-27 10:45:00,604,607,603,607,139,612.77,6488
2026-04-27 10:50:00,607,615,607,609,317,612.72,6488
2026-04-27 10:55:00,609,614,605,611,291,612.65,6488
2026-04-27 11:00:00,610,610,607,607,83,612.62,6488
2026-04-27 11:05:00,608,609,604,605,290,612.46,6488
2026-04-27 11:10:00,605,609,604,608,89,612.41,6488
2026-04-27 11:15:00,609,609,605,607,205,612.32,6488
2026-04-27 11:20:00,608,608,607,607,66,612.3,6488
2026-04-27 11:25:00,607,612,606,609,288,612.21,6488
2026-04-27 11:30:00,609,612,609,612,90,612.2,6488
2026-04-27 11:35:00,612,613,610,612,182,612.19,6488
2026-04-27 11:40:00,612,617,612,617,249,612.25,6488
2026-04-27 11:45:00,616,622,616,617,302,612.41,6488
2026-04-27 11:50:00,617,620,616,619,145,612.47,6488
2026-04-27 11:55:00,619,622,617,621,190,612.57,6488
2026-04-27 12:00:00,622,623,618,619,169,612.68,6488
2026-04-27 12:05:00,620,622,620,621,138,612.76,6488
2026-04-27 12:10:00,621,622,620,622,72,612.81,6488
2026-04-27 12:15:00,621,622,620,621,89,612.87,6488
2026-04-27 12:20:00,621,624,621,623,239,613.04,6488
2026-04-27 12:25:00,622,623,622,622,115,613.12,6488
2026-04-27 12:30:00,623,626,621,624,456,613.49,6488
2026-04-27 12:35:00,624,625,620,625,412,613.73,6488
2026-04-27 12:40:00,625,625,619,621,301,613.88,6488
2026-04-27 12:45:00,621,622,618,620,131,613.93,6488
2026-04-27 12:50:00,620,623,619,621,119,613.99,6488
2026-04-27 12:55:00,621,622,618,619,195,614.06,6488
2026-04-27 13:00:00,619,621,619,620,191,614.14,6488
2026-04-27 13:05:00,619,621,618,621,110,614.18,6488
2026-04-27 13:10:00,621,621,620,621,79,614.21,6488
2026-04-27 13:15:00,621,621,620,620,93,614.25,6488
2026-04-27 13:20:00,621,621,619,620,340,614.38,6488
2026-04-27 13:30:00,620,620,620,620,404,614.52,6488
2026-04-28 09:00:00,603,604,573,577,1207,591.46,6488
2026-04-28 09:05:00,577,581,562,568,1423,579.59,6488
2026-04-28 09:10:00,568,573,565,567,551,577.73,6488
2026-04-28 09:15:00,567,580,566,579,484,577.43,6488
2026-04-28 09:20:00,578,579,570,570,325,577.1,6488
2026-04-28 09:25:00,571,573,570,571,229,576.79,6488
2026-04-28 09:30:00,570,573,569,569,296,576.39,6488
2026-04-28 09:35:00,568,575,568,574,203,576.12,6488
2026-04-28 09:40:00,575,578,574,577,128,576.13,6488
2026-04-28 09:45:00,577,586,577,582,274,576.47,6488
2026-04-28 09:50:00,582,594,581,586,391,577.27,6488
2026-04-28 09:55:00,587,593,586,587,253,577.82,6488
2026-04-28 10:00:00,586,586,582,586,177,578.01,6488
2026-04-28 10:05:00,585,591,585,589,95,578.18,6488
2026-04-28 10:10:00,589,591,584,584,102,578.35,6488
2026-04-28 10:15:00,584,585,583,584,35,578.38,6488
2026-04-28 10:20:00,584,586,584,584,57,578.44,6488
2026-04-28 10:25:00,584,587,584,585,55,578.5,6488
2026-04-28 10:30:00,584,584,580,581,182,578.57,6488
2026-04-28 10:35:00,582,584,582,582,25,578.59,6488
2026-04-28 10:40:00,581,582,580,582,52,578.61,6488
2026-04-28 10:45:00,582,584,582,584,29,578.62,6488
2026-04-28 10:50:00,584,584,583,583,28,578.65,6488
2026-04-28 10:55:00,583,585,583,585,32,578.67,6488
2026-04-28 11:00:00,584,587,584,585,71,578.75,6488
2026-04-28 11:05:00,585,585,580,581,61,578.78,6488
2026-04-28 11:10:00,582,584,582,584,19,578.79,6488
2026-04-28 11:15:00,584,584,581,581,27,578.8,6488
2026-04-28 11:20:00,583,583,579,579,72,578.82,6488
2026-04-28 11:25:00,579,580,578,579,30,578.82,6488
2026-04-28 11:30:00,579,582,578,581,41,578.83,6488
2026-04-28 11:35:00,581,582,579,582,29,578.83,6488
2026-04-28 11:40:00,582,582,580,581,16,578.84,6488
2026-04-28 11:45:00,581,582,579,579,29,578.85,6488
2026-04-28 11:50:00,579,580,578,578,40,578.85,6488
2026-04-28 11:55:00,579,580,578,580,24,578.85,6488
2026-04-28 12:00:00,580,581,578,579,40,578.85,6488
2026-04-28 12:05:00,579,580,577,578,37,578.84,6488
2026-04-28 12:10:00,579,580,578,579,21,578.85,6488
2026-04-28 12:15:00,580,584,580,584,49,578.87,6488
2026-04-28 12:20:00,583,584,582,582,37,578.89,6488
2026-04-28 12:25:00,582,583,580,581,57,578.91,6488
2026-04-28 12:30:00,581,582,580,581,29,578.92,6488
2026-04-28 12:35:00,581,582,581,581,21,578.92,6488
2026-04-28 12:40:00,581,582,579,580,60,578.93,6488
2026-04-28 12:45:00,580,581,580,580,22,578.94,6488
2026-04-28 12:50:00,580,581,579,579,25,578.94,6488
2026-04-28 12:55:00,579,580,578,580,41,578.94,6488
2026-04-28 13:00:00,580,582,578,581,116,578.96,6488
2026-04-28 13:05:00,582,582,580,581,56,578.97,6488
2026-04-28 13:10:00,581,581,579,579,152,578.99,6488
2026-04-28 13:15:00,580,580,578,579,93,579.0,6488
2026-04-28 13:20:00,579,580,578,579,133,579.0,6488
2026-04-28 13:30:00,580,580,580,580,292,579.03,6488
2026-04-29 09:00:00,563,567,556,557,873,561.66,6488
2026-04-29 09:05:00,557,557,542,542,862,555.53,6488
2026-04-29 09:10:00,542,555,538,546,843,552.14,6488
2026-04-29 09:15:00,547,551,546,547,277,551.84,6488
2026-04-29 09:20:00,547,550,543,546,351,551.18,6488
2026-04-29 09:25:00,546,546,542,543,190,550.79,6488
2026-04-29 09:30:00,543,545,541,542,337,550.07,6488
2026-04-29 09:35:00,544,546,540,542,405,549.31,6488
2026-04-29 09:40:00,541,542,538,541,336,548.61,6488
2026-04-29 09:45:00,541,544,540,543,132,548.4,6488
2026-04-29 09:50:00,543,544,541,543,88,548.29,6488
2026-04-29 09:55:00,543,544,540,543,258,547.98,6488
2026-04-29 10:00:00,542,543,539,541,318,547.53,6488
2026-04-29 10:05:00,540,542,540,542,123,547.38,6488
2026-04-29 10:10:00,541,541,538,539,296,546.96,6488
2026-04-29 10:15:00,540,542,539,541,135,546.81,6488
2026-04-29 10:20:00,541,541,539,541,161,546.63,6488
2026-04-29 10:25:00,539,544,539,541,139,546.53,6488
2026-04-29 10:30:00,541,542,540,541,77,546.46,6488
2026-04-29 10:35:00,541,545,541,544,119,546.4,6488
2026-04-29 10:40:00,544,545,543,543,109,546.36,6488
2026-04-29 10:45:00,543,544,542,542,110,546.3,6488
2026-04-29 10:50:00,541,543,539,541,225,546.12,6488
2026-04-29 10:55:00,542,545,541,543,187,546.05,6488
2026-04-29 11:00:00,543,544,539,539,130,545.96,6488
2026-04-29 11:05:00,539,541,538,540,240,545.75,6488
2026-04-29 11:10:00,540,542,539,542,180,545.62,6488
2026-04-29 11:15:00,542,542,540,541,145,545.53,6488
2026-04-29 11:20:00,542,542,540,541,123,545.46,6488
2026-04-29 11:25:00,540,544,540,544,128,545.4,6488
2026-04-29 11:30:00,543,544,539,540,230,545.27,6488
2026-04-29 11:35:00,539,542,539,540,207,545.15,6488
2026-04-29 11:40:00,541,541,539,540,219,545.02,6488
2026-04-29 11:45:00,540,541,539,539,137,544.94,6488
2026-04-29 11:50:00,539,541,539,540,137,544.87,6488
2026-04-29 11:55:00,540,542,539,539,100,544.82,6488
2026-04-29 12:00:00,540,542,539,541,121,544.76,6488
2026-04-29 12:05:00,542,543,540,542,163,544.71,6488
2026-04-29 12:10:00,542,543,540,540,170,544.65,6488
2026-04-29 12:15:00,540,541,539,541,123,544.59,6488
2026-04-29 12:20:00,540,541,539,539,115,544.54,6488
2026-04-29 12:25:00,539,541,539,541,139,544.47,6488
2026-04-29 12:30:00,541,542,540,541,112,544.44,6488
2026-04-29 12:35:00,542,542,539,539,194,544.36,6488
2026-04-29 12:40:00,540,541,539,539,111,544.31,6488
2026-04-29 12:45:00,540,541,539,539,112,544.26,6488
2026-04-29 12:50:00,539,540,539,539,92,544.21,6488
2026-04-29 12:55:00,539,539,538,538,78,544.17,6488
2026-04-29 13:00:00,539,539,538,538,238,544.04,6488
2026-04-29 13:05:00,538,539,537,538,224,543.91,6488
2026-04-29 13:10:00,538,538,536,536,115,543.83,6488
2026-04-29 13:15:00,536,537,535,536,211,543.68,6488
2026-04-29 13:20:00,535,538,534,536,286,543.48,6488
2026-04-29 13:30:00,536,536,536,536,397,543.23,6488
2026-04-30 09:00:00,559,577,558,569,1325,568.06,6488
2026-04-30 09:05:00,569,570,562,569,529,567.36,6488
2026-04-30 09:10:00,569,569,562,564,154,567.14,6488
2026-04-30 09:15:00,564,577,564,574,694,568.43,6488
2026-04-30 09:20:00,574,575,572,575,203,568.78,6488
2026-04-30 09:25:00,575,577,573,577,248,569.25,6488
2026-04-30 09:30:00,576,576,566,566,153,569.35,6488
2026-04-30 09:35:00,565,567,563,564,147,569.17,6488
2026-04-30 09:40:00,565,572,564,571,88,569.13,6488
2026-04-30 09:45:00,571,573,570,573,73,569.19,6488
2026-04-30 09:50:00,573,578,573,576,367,569.82,6488
2026-04-30 09:55:00,576,580,575,578,235,570.29,6488
2026-04-30 10:00:00,579,581,577,581,303,570.9,6488
2026-04-30 10:05:00,581,582,578,581,100,571.11,6488
2026-04-30 10:10:00,582,584,580,581,145,571.44,6488
2026-04-30 10:15:00,582,583,581,581,53,571.55,6488
2026-04-30 10:20:00,582,582,580,581,49,571.65,6488
2026-04-30 10:25:00,581,582,578,580,83,571.78,6488
2026-04-30 10:30:00,578,580,577,578,58,571.86,6488
2026-04-30 10:35:00,579,581,578,581,47,571.93,6488
2026-04-30 10:40:00,580,582,580,582,76,572.07,6488
2026-04-30 10:45:00,582,582,579,580,75,572.18,6488
2026-04-30 10:50:00,580,582,579,581,69,572.29,6488
2026-04-30 10:55:00,581,582,580,580,82,572.43,6488
2026-04-30 11:00:00,581,581,579,579,56,572.5,6488
2026-04-30 11:05:00,579,581,578,579,51,572.57,6488
2026-04-30 11:10:00,580,581,578,580,35,572.61,6488
2026-04-30 11:15:00,580,582,578,580,86,572.72,6488
2026-04-30 11:20:00,580,582,577,579,65,572.79,6488
2026-04-30 11:25:00,580,582,578,581,57,572.87,6488
2026-04-30 11:30:00,582,582,580,582,66,572.97,6488
2026-04-30 11:35:00,582,583,582,583,55,573.06,6488
2026-04-30 11:40:00,583,584,582,584,95,573.22,6488
2026-04-30 11:45:00,584,588,583,588,322,573.84,6488
2026-04-30 11:50:00,588,588,585,587,165,574.18,6488
2026-04-30 11:55:00,587,589,587,588,816,575.81,6488
2026-04-30 12:00:00,588,589,587,589,37,575.87,6488
2026-04-30 12:05:00,589,589,587,587,85,576.02,6488
2026-04-30 12:10:00,588,588,584,586,253,576.33,6488
2026-04-30 12:15:00,586,587,585,586,32,576.37,6488
2026-04-30 12:20:00,585,586,583,584,135,576.52,6488
2026-04-30 12:25:00,583,584,580,583,86,576.58,6488
2026-04-30 12:30:00,583,583,578,578,121,576.63,6488
2026-04-30 12:35:00,579,582,579,580,67,576.66,6488
2026-04-30 12:40:00,580,581,574,577,153,576.66,6488
2026-04-30 12:45:00,577,581,577,581,66,576.68,6488
2026-04-30 12:50:00,580,582,579,582,28,576.69,6488
2026-04-30 12:55:00,582,582,580,580,74,576.73,6488
2026-04-30 13:00:00,581,582,578,578,87,576.77,6488
2026-04-30 13:05:00,579,581,577,581,58,576.78,6488
2026-04-30 13:10:00,581,584,580,584,76,576.83,6488
2026-04-30 13:15:00,584,585,582,584,117,576.91,6488
2026-04-30 13:20:00,584,585,582,584,235,577.1,6488
2026-04-30 13:30:00,580,580,580,580,244,577.18,6488
2026-05-04 09:00:00,605,612,597,607,632,605.37,6488
2026-05-04 09:05:00,607,623,607,623,891,612.02,6488
2026-05-04 09:10:00,622,628,615,623,773,615.52,6488
2026-05-04 09:15:00,623,623,610,610,236,615.47,6488
2026-05-04 09:20:00,610,615,607,614,300,615.02,6488
2026-05-04 09:25:00,614,621,614,618,406,615.34,6488
2026-05-04 09:30:00,619,621,616,621,254,615.65,6488
2026-05-04 09:35:00,622,625,616,616,428,616.39,6488
2026-05-04 09:40:00,616,619,612,613,130,616.38,6488
2026-05-04 09:45:00,612,616,608,612,284,616.09,6488
2026-05-04 09:50:00,612,614,606,613,245,615.72,6488
2026-05-04 09:55:00,613,614,610,612,143,615.61,6488
2026-05-04 10:00:00,612,614,608,614,170,615.42,6488
2026-05-04 10:05:00,613,616,610,616,147,615.36,6488
2026-05-04 10:10:00,615,616,610,614,124,615.32,6488
2026-05-04 10:15:00,614,617,610,610,150,615.3,6488
2026-05-04 10:20:00,610,612,609,609,100,615.2,6488
2026-05-04 10:25:00,610,610,608,609,74,615.12,6488
2026-05-04 10:30:00,608,612,608,611,117,615.02,6488
2026-05-04 10:35:00,612,612,609,610,115,614.93,6488
2026-05-04 10:40:00,611,616,610,612,242,614.86,6488
2026-05-04 10:45:00,613,614,612,612,124,614.82,6488
2026-05-04 10:50:00,613,613,608,610,220,614.65,6488
2026-05-04 10:55:00,610,611,608,608,76,614.59,6488
2026-05-04 11:00:00,608,609,607,608,73,614.52,6488
2026-05-04 11:05:00,608,609,608,609,61,614.47,6488
2026-05-04 11:10:00,609,609,608,608,70,614.4,6488
2026-05-04 11:15:00,609,609,606,608,115,614.29,6488
2026-05-04 11:20:00,608,609,607,607,68,614.23,6488
2026-05-04 11:25:00,607,608,604,605,144,614.06,6488
2026-05-04 11:30:00,605,608,604,607,133,613.91,6488
2026-05-04 11:35:00,607,608,605,605,102,613.8,6488
2026-05-04 11:40:00,606,608,605,607,91,613.71,6488
2026-05-04 11:45:00,606,607,605,607,81,613.62,6488
2026-05-04 11:50:00,606,607,604,605,87,613.52,6488
2026-05-04 11:55:00,605,605,603,604,105,613.39,6488
2026-05-04 12:00:00,604,608,603,607,124,613.26,6488
2026-05-04 12:05:00,606,608,605,607,72,613.2,6488
2026-05-04 12:10:00,607,611,607,611,135,613.14,6488
2026-05-04 12:15:00,611,611,607,608,115,613.08,6488
2026-05-04 12:20:00,607,608,605,605,82,613.01,6488
2026-05-04 12:25:00,606,606,604,606,72,612.94,6488
2026-05-04 12:30:00,606,606,604,606,91,612.85,6488
2026-05-04 12:35:00,606,606,602,604,150,612.7,6488
2026-05-04 12:40:00,603,605,601,602,104,612.57,6488
2026-05-04 12:45:00,601,604,601,604,150,612.4,6488
2026-05-04 12:50:00,603,607,602,607,143,612.27,6488
2026-05-04 12:55:00,607,607,605,606,58,612.23,6488
2026-05-04 13:00:00,607,610,607,610,92,612.19,6488
2026-05-04 13:05:00,609,610,608,609,77,612.16,6488
2026-05-04 13:10:00,607,608,605,607,104,612.1,6488
2026-05-04 13:15:00,607,610,607,610,170,612.04,6488
2026-05-04 13:20:00,610,610,606,607,164,611.97,6488
2026-05-04 13:30:00,606,606,606,606,333,611.76,6488
2026-05-05 09:00:00,615,628,615,621,1065,620.51,6488
2026-05-05 09:05:00,621,647,621,644,1324,629.07,6488
2026-05-05 09:10:00,644,660,640,657,1314,635.99,6488
2026-05-05 09:15:00,657,661,651,655,1003,640.51,6488
2026-05-05 09:20:00,656,663,652,654,996,643.69,6488
2026-05-05 09:25:00,652,660,651,654,487,644.62,6488
2026-05-05 09:30:00,653,658,648,658,555,645.32,6488
2026-05-05 09:35:00,658,662,653,660,673,646.58,6488
2026-05-05 09:40:00,658,660,652,652,146,646.77,6488
2026-05-05 09:45:00,652,657,652,655,116,646.89,6488
2026-05-05 09:50:00,655,658,654,655,99,647.0,6488
2026-05-05 09:55:00,656,659,654,655,193,647.25,6488
2026-05-05 10:00:00,654,659,654,659,171,647.46,6488
2026-05-05 10:05:00,658,660,656,657,175,647.7,6488
2026-05-05 10:10:00,656,657,654,654,101,647.8,6488
2026-05-05 10:15:00,654,656,646,647,285,647.93,6488
2026-05-05 10:20:00,647,650,646,650,160,647.93,6488
2026-05-05 10:25:00,648,651,648,650,95,647.94,6488
2026-05-05 10:30:00,651,652,649,650,189,648.0,6488
2026-05-05 10:35:00,650,655,650,653,119,648.05,6488
2026-05-05 10:40:00,653,661,652,660,444,648.51,6488
2026-05-05 10:45:00,660,663,656,663,675,649.26,6488
2026-05-05 10:50:00,662,665,659,659,578,650.02,6488
2026-05-05 10:55:00,659,665,659,664,470,650.6,6488
2026-05-05 11:00:00,664,666,663,665,240,650.9,6488
2026-05-05 11:05:00,664,665,663,664,85,650.99,6488
2026-05-05 11:10:00,664,664,658,660,206,651.15,6488
2026-05-05 11:15:00,661,661,658,658,74,651.2,6488
2026-05-05 11:20:00,658,664,657,664,146,651.32,6488
2026-05-05 11:25:00,662,664,661,663,117,651.43,6488
2026-05-05 11:30:00,664,665,662,662,98,651.52,6488
2026-05-05 11:35:00,662,663,661,661,51,651.56,6488
2026-05-05 11:40:00,661,662,660,660,53,651.6,6488
2026-05-05 11:45:00,660,663,660,661,49,651.64,6488
2026-05-05 11:50:00,661,664,661,661,56,651.69,6488
2026-05-05 11:55:00,662,663,661,661,51,651.73,6488
2026-05-05 12:00:00,661,663,660,661,37,651.76,6488
2026-05-05 12:05:00,662,663,660,662,43,651.79,6488
2026-05-05 12:10:00,661,663,660,661,47,651.82,6488
2026-05-05 12:15:00,660,662,660,660,41,651.85,6488
2026-05-05 12:20:00,660,661,657,658,56,651.88,6488
2026-05-05 12:25:00,658,659,654,655,99,651.91,6488
2026-05-05 12:30:00,656,662,655,662,189,652.02,6488
2026-05-05 12:35:00,662,666,661,666,1624,653.52,6488
2026-05-05 12:40:00,666,666,666,666,54,653.57,6488
2026-05-05 12:45:00,666,666,666,666,15,653.58,6488
2026-05-05 12:50:00,666,666,666,666,21,653.6,6488
2026-05-05 12:55:00,666,666,666,666,73,653.66,6488
2026-05-05 13:00:00,666,666,666,666,74,653.72,6488
2026-05-05 13:05:00,666,666,663,666,416,654.04,6488
2026-05-05 13:10:00,666,666,663,663,116,654.12,6488
2026-05-05 13:15:00,663,666,661,666,233,654.28,6488
2026-05-05 13:20:00,666,666,666,666,44,654.31,6488
2026-05-05 13:30:00,666,666,666,666,26,654.33,6488
2026-05-06 09:00:00,660,661,637,637,2820,651.08,6488
2026-05-06 09:05:00,637,645,629,637,2126,645.05,6488
2026-05-06 09:10:00,638,655,636,651,1249,645.86,6488
2026-05-06 09:15:00,651,689,651,689,2029,651.15,6488
2026-05-06 09:20:00,704,717,692,698,2655,664.86,6488
2026-05-06 09:25:00,698,703,685,701,932,667.19,6488
2026-05-06 09:30:00,700,706,697,703,542,668.73,6488
2026-05-06 09:35:00,704,717,702,708,859,671.55,6488
2026-05-06 09:40:00,708,716,704,704,420,672.77,6488
2026-05-06 09:45:00,704,710,695,697,554,673.87,6488
2026-05-06 09:50:00,697,699,675,685,1017,674.56,6488
2026-05-06 09:55:00,683,710,683,694,849,675.79,6488
2026-05-06 10:00:00,694,701,690,698,424,676.31,6488
2026-05-06 10:05:00,696,702,680,699,533,676.79,6488
2026-05-06 10:10:00,698,711,698,703,488,677.59,6488
2026-05-06 10:15:00,703,705,698,701,251,677.92,6488
2026-05-06 10:20:00,700,708,693,697,578,678.62,6488
2026-05-06 10:25:00,696,707,695,707,417,679.13,6488
2026-05-06 10:30:00,707,710,699,710,652,679.99,6488
2026-05-06 10:35:00,710,710,701,702,158,680.19,6488
2026-05-06 10:40:00,703,704,697,698,172,680.36,6488
2026-05-06 10:45:00,696,705,696,703,147,680.51,6488
2026-05-06 10:50:00,702,704,700,703,48,680.56,6488
2026-05-06 10:55:00,701,702,696,697,114,680.66,6488
2026-05-06 11:00:00,697,698,693,697,109,680.74,6488
2026-05-06 11:05:00,695,702,695,702,116,680.85,6488
2026-05-06 11:10:00,702,708,701,707,241,681.12,6488
2026-05-06 11:15:00,707,715,704,713,602,681.97,6488
2026-05-06 11:20:00,712,713,708,711,100,682.1,6488
2026-05-06 11:25:00,710,730,710,729,1415,684.65,6488
2026-05-06 11:30:00,729,730,726,730,306,685.23,6488
2026-05-06 11:35:00,729,729,724,727,175,685.55,6488
2026-05-06 11:40:00,725,727,724,725,96,685.71,6488
2026-05-06 11:45:00,726,729,725,728,195,686.06,6488
2026-05-06 11:50:00,728,729,720,722,180,686.34,6488
2026-05-06 11:55:00,722,724,718,719,141,686.55,6488
2026-05-06 12:00:00,719,725,719,724,122,686.74,6488
2026-05-06 12:05:00,725,731,724,731,759,688.03,6488
2026-05-06 12:10:00,731,732,729,729,630,689.11,6488
2026-05-06 12:15:00,730,730,728,730,67,689.22,6488
2026-05-06 12:20:00,730,731,729,730,117,689.41,6488
2026-05-06 12:25:00,730,730,727,729,55,689.49,6488
2026-05-06 12:30:00,728,732,728,730,223,689.85,6488
2026-05-06 12:35:00,731,732,730,730,114,690.03,6488
2026-05-06 12:40:00,730,730,729,730,31,690.08,6488
2026-05-06 12:45:00,729,731,729,730,72,690.19,6488
2026-05-06 12:50:00,730,732,729,732,245,690.57,6488
2026-05-06 12:55:00,732,732,728,730,98,690.72,6488
2026-05-06 13:00:00,730,730,721,725,270,691.07,6488
2026-05-06 13:05:00,727,728,725,726,101,691.2,6488
2026-05-06 13:10:00,726,730,726,728,83,691.31,6488
2026-05-06 13:15:00,728,731,726,729,255,691.68,6488
2026-05-06 13:20:00,727,729,722,723,253,691.99,6488
2026-05-06 13:30:00,721,721,721,721,272,692.28,6488
2026-05-07 09:00:00,720,766,720,740,1409,739.1,6488
2026-05-07 09:05:00,744,765,730,745,1839,746.32,6488
2026-05-07 09:10:00,745,762,743,757,699,747.72,6488
2026-05-07 09:15:00,756,772,755,772,851,750.69,6488
2026-05-07 09:20:00,772,773,759,764,786,753.08,6488
2026-05-07 09:25:00,764,773,764,773,610,754.62,6488
2026-05-07 09:30:00,772,788,768,786,979,757.75,6488
2026-05-07 09:35:00,785,788,782,782,376,759.14,6488
2026-05-07 09:40:00,782,787,781,786,224,759.86,6488
2026-05-07 09:45:00,786,788,780,782,298,760.76,6488
2026-05-07 09:50:00,782,786,777,783,197,761.25,6488
2026-05-07 09:55:00,782,790,782,790,523,762.85,6488
2026-05-07 10:00:00,790,793,790,793,1794,767.9,6488
2026-05-07 10:05:00,793,793,793,793,151,768.25,6488
2026-05-07 10:10:00,793,793,793,793,257,768.83,6488
2026-05-07 10:15:00,793,793,786,789,194,769.22,6488
2026-05-07 10:20:00,789,792,785,791,113,769.41,6488
2026-05-07 10:25:00,792,793,792,793,361,770.14,6488
2026-05-07 10:30:00,793,793,793,793,19,770.17,6488
2026-05-07 10:35:00,793,793,793,793,22,770.22,6488
2026-05-07 10:40:00,793,793,793,793,33,770.28,6488
2026-05-07 10:45:00,793,793,793,793,73,770.42,6488
2026-05-07 10:50:00,793,793,793,793,15,770.45,6488
2026-05-07 10:55:00,793,793,793,793,26,770.5,6488
2026-05-07 11:00:00,793,793,793,793,11,770.52,6488
2026-05-07 11:05:00,793,793,793,793,62,770.64,6488
2026-05-07 11:10:00,793,793,793,793,126,770.87,6488
2026-05-07 11:15:00,793,793,793,793,16,770.9,6488
2026-05-07 11:20:00,793,793,793,793,8,770.92,6488
2026-05-07 11:25:00,793,793,793,793,33,770.98,6488
2026-05-07 11:30:00,793,793,793,793,11,771.0,6488
2026-05-07 11:35:00,793,793,793,793,9,771.01,6488
2026-05-07 11:40:00,793,793,793,793,7,771.02,6488
2026-05-07 11:45:00,793,793,793,793,33,771.08,6488
2026-05-07 11:50:00,793,793,793,793,6,771.09,6488
2026-05-07 11:55:00,793,793,793,793,11,771.11,6488
2026-05-07 12:00:00,793,793,793,793,9,771.13,6488
2026-05-07 12:05:00,793,793,793,793,2,771.13,6488
2026-05-07 12:10:00,793,793,793,793,2,771.14,6488
2026-05-07 12:15:00,793,793,793,793,7,771.15,6488
2026-05-07 12:20:00,793,793,793,793,3,771.16,6488
2026-05-07 12:25:00,793,793,793,793,35,771.22,6488
2026-05-07 12:30:00,793,793,793,793,16,771.25,6488
2026-05-07 12:35:00,793,793,793,793,15,771.27,6488
2026-05-07 12:40:00,793,793,793,793,10,771.29,6488
2026-05-07 12:45:00,793,793,793,793,11,771.31,6488
2026-05-07 12:50:00,793,793,793,793,8,771.32,6488
2026-05-07 12:55:00,793,793,793,793,13,771.35,6488
2026-05-07 13:00:00,793,793,793,793,20,771.38,6488
2026-05-07 13:05:00,793,793,793,793,6,771.39,6488
2026-05-07 13:10:00,793,793,793,793,8,771.41,6488
2026-05-07 13:15:00,793,793,793,793,12,771.43,6488
2026-05-07 13:20:00,793,793,793,793,6,771.44,6488
2026-05-07 13:30:00,793,793,793,793,13,771.46,6488
2026-05-08 09:00:00,808,838,805,831,2809,824.91,6488
2026-05-08 09:05:00,831,842,821,823,1600,827.1,6488
2026-05-08 09:10:00,823,835,815,826,724,826.51,6488
2026-05-08 09:15:00,826,835,820,823,473,826.53,6488
2026-05-08 09:20:00,824,832,817,819,453,826.25,6488
2026-05-08 09:25:00,820,822,803,807,752,824.55,6488
2026-05-08 09:30:00,807,817,802,815,457,823.59,6488
2026-05-08 09:35:00,816,820,810,812,400,823.13,6488
2026-05-08 09:40:00,811,812,800,803,427,822.16,6488
2026-05-08 09:45:00,803,816,801,813,291,821.77,6488
2026-05-08 09:50:00,813,815,803,808,165,821.52,6488
2026-05-08 09:55:00,810,814,805,805,222,821.2,6488
2026-05-08 10:00:00,806,808,802,805,211,820.81,6488
2026-05-08 10:05:00,805,805,797,801,439,819.91,6488
2026-05-08 10:10:00,800,801,792,798,599,818.52,6488
2026-05-08 10:15:00,799,799,783,783,644,816.76,6488
2026-05-08 10:20:00,784,795,772,793,856,814.23,6488
2026-05-08 10:25:00,793,802,785,793,367,813.6,6488
2026-05-08 10:30:00,793,800,784,799,370,813.02,6488
2026-05-08 10:35:00,798,798,792,793,195,812.73,6488
2026-05-08 10:40:00,794,811,791,804,460,812.4,6488
2026-05-08 10:45:00,805,814,805,814,505,812.29,6488
2026-05-08 10:50:00,814,815,808,810,406,812.26,6488
2026-05-08 10:55:00,811,826,811,824,686,812.61,6488
2026-05-08 11:00:00,825,828,820,826,359,812.88,6488
2026-05-08 11:05:00,827,827,820,822,164,813.01,6488
2026-05-08 11:10:00,822,828,820,825,190,813.14,6488
2026-05-08 11:15:00,825,826,818,818,125,813.22,6488
2026-05-08 11:20:00,818,818,814,815,128,813.24,6488
2026-05-08 11:25:00,815,816,810,810,84,813.24,6488
2026-05-08 11:30:00,810,812,809,810,145,813.21,6488
2026-05-08 11:35:00,810,814,810,811,46,813.21,6488
2026-05-08 11:40:00,812,814,810,813,29,813.21,6488
2026-05-08 11:45:00,813,813,809,809,73,813.2,6488
2026-05-08 11:50:00,808,811,807,810,97,813.17,6488
2026-05-08 11:55:00,811,811,809,811,31,813.17,6488
2026-05-08 12:00:00,811,811,809,810,43,813.16,6488
2026-05-08 12:05:00,810,810,806,808,87,813.13,6488
2026-05-08 12:10:00,809,810,807,808,58,813.11,6488
2026-05-08 12:15:00,808,814,808,814,112,813.1,6488
2026-05-08 12:20:00,815,818,814,816,144,813.13,6488
2026-05-08 12:25:00,814,814,810,811,57,813.12,6488
2026-05-08 12:30:00,813,814,808,809,69,813.12,6488
2026-05-08 12:35:00,808,811,808,811,52,813.1,6488
2026-05-08 12:40:00,811,811,808,808,93,813.08,6488
2026-05-08 12:45:00,808,809,807,808,83,813.06,6488
2026-05-08 12:50:00,808,810,808,810,88,813.04,6488
2026-05-08 12:55:00,810,812,809,811,85,813.02,6488
2026-05-08 13:00:00,812,812,807,809,167,812.98,6488
2026-05-08 13:05:00,808,810,807,809,141,812.95,6488
2026-05-08 13:10:00,808,809,807,808,202,812.9,6488
2026-05-08 13:15:00,808,808,805,806,175,812.83,6488
2026-05-08 13:20:00,806,807,800,802,423,812.63,6488
2026-05-08 13:30:00,802,802,802,802,726,812.22,6488
2026-05-11 09:00:00,820,848,816,848,1859,829.1,6488
2026-05-11 09:05:00,849,849,820,822,1182,830.82,6488
2026-05-11 09:10:00,823,838,823,826,503,830.78,6488
2026-05-11 09:15:00,826,830,823,824,233,830.51,6488
2026-05-11 09:20:00,824,828,814,814,336,829.67,6488
2026-05-11 09:25:00,815,816,790,798,660,826.37,6488
2026-05-11 09:30:00,799,820,797,820,425,824.86,6488
2026-05-11 09:35:00,819,820,813,819,281,824.47,6488
2026-05-11 09:40:00,819,825,816,823,248,824.3,6488
2026-05-11 09:45:00,823,827,820,826,168,824.29,6488
2026-05-11 09:50:00,827,829,823,825,259,824.36,6488
2026-05-11 09:55:00,825,825,819,825,111,824.32,6488
2026-05-11 10:00:00,825,832,824,827,289,824.52,6488
2026-05-11 10:05:00,828,837,828,837,241,824.86,6488
2026-05-11 10:10:00,837,837,833,835,116,825.03,6488
2026-05-11 10:15:00,835,838,831,837,190,825.33,6488
2026-05-11 10:20:00,837,845,834,845,356,826.05,6488
2026-05-11 10:25:00,845,846,837,837,205,826.49,6488
2026-05-11 10:30:00,836,841,835,841,86,826.63,6488
2026-05-11 10:35:00,839,841,835,836,63,826.72,6488
2026-05-11 10:40:00,835,840,835,840,111,826.87,6488
2026-05-11 10:45:00,839,843,838,839,76,827.0,6488
2026-05-11 10:50:00,838,840,838,840,68,827.1,6488
2026-05-11 10:55:00,839,841,838,839,120,827.28,6488
2026-05-11 11:00:00,838,841,835,835,64,827.37,6488
2026-05-11 11:05:00,836,838,835,837,45,827.42,6488
2026-05-11 11:10:00,836,838,832,833,85,827.49,6488
2026-05-11 11:15:00,832,834,832,834,37,827.52,6488
2026-05-11 11:20:00,834,838,834,837,56,827.57,6488
2026-05-11 11:25:00,837,837,835,836,39,827.61,6488
2026-05-11 11:30:00,834,837,833,834,34,827.64,6488
2026-05-11 11:35:00,833,837,833,834,55,827.69,6488
2026-05-11 11:40:00,835,837,833,833,57,827.74,6488
2026-05-11 11:45:00,833,833,829,830,95,827.77,6488
2026-05-11 11:50:00,831,833,831,832,33,827.79,6488
2026-05-11 11:55:00,832,837,830,837,78,827.84,6488
2026-05-11 12:00:00,836,837,835,835,38,827.87,6488
2026-05-11 12:05:00,835,835,833,835,30,827.89,6488
2026-05-11 12:10:00,834,836,834,836,44,827.93,6488
2026-05-11 12:15:00,836,840,835,840,219,828.16,6488
2026-05-11 12:20:00,840,840,837,837,38,828.21,6488
2026-05-11 12:25:00,836,838,836,838,23,828.23,6488
2026-05-11 12:30:00,836,838,836,838,54,828.28,6488
2026-05-11 12:35:00,837,839,837,839,33,828.31,6488
2026-05-11 12:40:00,838,838,836,837,96,828.41,6488
2026-05-11 12:45:00,836,838,835,836,74,828.47,6488
2026-05-11 12:50:00,835,836,835,836,42,828.5,6488
2026-05-11 12:55:00,835,836,832,833,95,828.55,6488
2026-05-11 13:00:00,832,836,832,835,90,828.61,6488
2026-05-11 13:05:00,835,836,834,835,42,828.64,6488
2026-05-11 13:10:00,835,835,833,834,78,828.68,6488
2026-05-11 13:15:00,833,834,832,834,140,828.74,6488
2026-05-11 13:20:00,833,837,833,835,250,828.88,6488
2026-05-11 13:30:00,835,835,835,835,460,829.14,6488
2026-05-12 09:00:00,829,829,829,829,74,829.0,6488
2026-05-12 09:05:00,833,833,833,833,43,830.47,6488
2026-05-12 09:10:00,819,819,819,819,96,825.3,6488
2026-05-12 09:15:00,810,810,810,810,135,819.36,6488
2026-05-12 09:20:00,809,809,809,809,131,816.53,6488
2026-05-12 09:25:00,813,813,813,813,129,815.78,6488
2026-05-12 09:30:00,807,807,807,807,111,814.43,6488
2026-05-12 09:35:00,802,802,802,802,99,812.92,6488
2026-05-12 09:40:00,799,799,799,799,104,811.35,6488
2026-05-12 09:45:00,802,802,802,802,117,810.3,6488
2026-05-12 09:50:00,806,806,806,806,56,810.08,6488
2026-05-12 09:55:00,807,807,807,807,57,809.93,6488
2026-05-12 10:00:00,804,804,804,804,39,809.73,6488
2026-05-12 10:05:00,800,800,800,800,55,809.3,6488
2026-05-12 10:10:00,800,800,800,800,70,808.81,6488
2026-05-12 10:15:00,804,804,804,804,85,808.52,6488
2026-05-12 10:20:00,801,801,801,801,35,808.33,6488
2026-05-12 10:25:00,800,800,800,800,43,808.09,6488
2026-05-12 10:30:00,805,805,805,805,30,808.03,6488
2026-05-12 10:35:00,806,806,806,806,30,807.99,6488
2026-05-12 10:40:00,801,801,801,801,57,807.74,6488
2026-05-12 10:45:00,804,804,804,804,29,807.67,6488
2026-05-12 10:50:00,806,806,806,806,72,807.6,6488
2026-05-12 10:55:00,806,806,806,806,25,807.58,6488
2026-05-12 11:00:00,805,805,805,805,34,807.53,6488
2026-05-12 11:05:00,800,800,800,800,36,807.38,6488
2026-05-12 11:10:00,800,800,800,800,57,807.15,6488
2026-05-12 11:15:00,801,801,801,801,67,806.94,6488
2026-05-12 11:20:00,800,800,800,800,32,806.82,6488
2026-05-12 11:25:00,799,799,799,799,24,806.73,6488
2026-05-12 11:30:00,799,799,799,799,51,806.53,6488
2026-05-12 11:35:00,798,798,798,798,57,806.3,6488
2026-05-12 11:40:00,796,796,796,796,44,806.08,6488
2026-05-12 11:45:00,797,797,797,797,33,805.95,6488
2026-05-12 11:50:00,798,798,798,798,24,805.86,6488
2026-05-12 11:55:00,797,797,797,797,40,805.7,6488
2026-05-12 12:00:00,796,796,796,796,40,805.53,6488
2026-05-12 12:05:00,798,798,798,798,22,805.45,6488
2026-05-12 12:10:00,797,797,797,797,26,805.36,6488
2026-05-12 12:15:00,796,796,796,796,27,805.25,6488
2026-05-12 12:20:00,795,795,795,795,38,805.09,6488
2026-05-12 12:25:00,796,796,796,796,38,804.94,6488
2026-05-12 12:30:00,795,795,795,795,34,804.81,6488
2026-05-12 12:35:00,795,795,795,795,39,804.65,6488
2026-05-12 12:40:00,795,795,795,795,27,804.55,6488
2026-05-12 12:45:00,795,795,795,795,34,804.42,6488
2026-05-12 12:50:00,795,795,795,795,67,804.18,6488
2026-05-12 12:55:00,793,793,793,793,57,803.94,6488
2026-05-12 13:00:00,790,790,790,790,86,803.51,6488
2026-05-12 13:05:00,789,789,789,789,58,803.21,6488
2026-05-12 13:10:00,788,788,788,788,57,802.9,6488
2026-05-12 13:15:00,786,786,786,786,117,802.24,6488
2026-05-12 13:20:00,786,786,786,786,89,801.77,6488
2026-05-12 13:30:00,785,785,785,785,320,800.19,6488
2026-05-13 09:00:00,755,755,755,755,131,755.0,6488
2026-05-13 09:05:00,753,753,753,753,97,754.15,6488
2026-05-13 09:10:00,753,753,753,753,216,753.59,6488
2026-05-13 09:15:00,761,761,761,761,152,755.48,6488
2026-05-13 09:20:00,760,760,760,760,146,756.37,6488
2026-05-13 09:25:00,754,754,754,754,67,756.17,6488
2026-05-13 09:30:00,750,750,750,750,176,755.07,6488
2026-05-13 09:35:00,750,750,750,750,157,754.37,6488
2026-05-13 09:40:00,750,750,750,750,100,754.02,6488
2026-05-13 09:45:00,750,750,750,750,80,753.78,6488
2026-05-13 09:50:00,748,748,748,748,83,753.44,6488
2026-05-13 09:55:00,743,743,743,743,79,752.88,6488
2026-05-13 10:00:00,740,740,740,740,127,751.87,6488
2026-05-13 10:05:00,744,744,744,744,129,751.28,6488
2026-05-13 10:10:00,740,740,740,740,78,750.8,6488
2026-05-13 10:15:00,740,740,740,740,47,750.53,6488
2026-05-13 10:20:00,739,739,739,739,45,750.25,6488
2026-05-13 10:25:00,738,738,738,738,39,750.01,6488
2026-05-13 10:30:00,739,739,739,739,64,749.66,6488
2026-05-13 10:35:00,740,740,740,740,52,749.42,6488
2026-05-13 10:40:00,739,739,739,739,43,749.2,6488
2026-05-13 10:45:00,736,736,736,736,51,748.89,6488
2026-05-13 10:50:00,736,736,736,736,42,748.65,6488
2026-05-13 10:55:00,730,730,730,730,98,747.85,6488
2026-05-13 11:00:00,727,727,727,727,101,746.97,6488
2026-05-13 11:05:00,720,720,720,720,131,745.58,6488
2026-05-13 11:10:00,712,712,712,712,207,743.04,6488
2026-05-13 11:15:00,723,723,723,723,81,742.46,6488
2026-05-13 11:20:00,732,732,732,732,109,742.07,6488
2026-05-13 11:25:00,734,734,734,734,47,741.95,6488
2026-05-13 11:30:00,735,735,735,735,50,741.83,6488
2026-05-13 11:35:00,734,734,734,734,54,741.69,6488
2026-05-13 11:40:00,732,732,732,732,33,741.59,6488
2026-05-13 11:45:00,732,732,732,732,28,741.51,6488
2026-05-13 11:50:00,734,734,734,734,22,741.45,6488
2026-05-13 11:55:00,738,738,738,738,29,741.42,6488
2026-05-13 12:00:00,738,738,738,738,31,741.39,6488
2026-05-13 12:05:00,735,735,735,735,44,741.3,6488
2026-05-13 12:10:00,735,735,735,735,26,741.25,6488
2026-05-13 12:15:00,735,735,735,735,49,741.16,6488
2026-05-13 12:20:00,735,735,735,735,38,741.09,6488
2026-05-13 12:25:00,734,734,734,734,28,741.03,6488
2026-05-13 12:30:00,733,733,733,733,38,740.95,6488
2026-05-13 12:35:00,734,734,734,734,33,740.88,6488
2026-05-13 12:40:00,734,734,734,734,34,740.81,6488
2026-05-13 12:45:00,734,734,734,734,37,740.74,6488
2026-05-13 12:50:00,738,738,738,738,38,740.71,6488
2026-05-13 12:55:00,742,742,742,742,53,740.73,6488
2026-05-13 13:00:00,735,735,735,735,57,740.64,6488
2026-05-13 13:05:00,739,739,739,739,50,740.62,6488
2026-05-13 13:10:00,740,740,740,740,52,740.61,6488
2026-05-13 13:15:00,745,745,745,745,113,740.74,6488
2026-05-13 13:20:00,750,750,750,750,75,740.91,6488
2026-05-13 13:30:00,750,750,750,750,373,741.69,6488
2026-05-14 09:00:00,785,785,785,785,107,785.0,6488
2026-05-14 09:05:00,793,793,793,793,102,788.9,6488
2026-05-14 09:10:00,798,798,798,798,138,792.52,6488
2026-05-14 09:15:00,790,790,790,790,123,791.86,6488
2026-05-14 09:20:00,784,784,784,784,81,790.71,6488
2026-05-14 09:25:00,785,785,785,785,63,790.12,6488
2026-05-14 09:30:00,793,793,793,793,47,790.33,6488
2026-05-14 09:35:00,800,800,800,800,127,791.88,6488
2026-05-14 09:40:00,805,805,805,805,87,793.19,6488
2026-05-14 09:45:00,800,800,800,800,101,793.89,6488
2026-05-14 09:50:00,795,795,795,795,66,793.96,6488
2026-05-14 09:55:00,795,795,795,795,49,794.01,6488
2026-05-14 10:00:00,799,799,799,799,39,794.18,6488
2026-05-14 10:05:00,800,800,800,800,66,794.5,6488
2026-05-14 10:10:00,800,800,800,800,64,794.78,6488
2026-05-14 10:15:00,801,801,801,801,41,794.98,6488
2026-05-14 10:20:00,801,801,801,801,52,795.21,6488
2026-05-14 10:25:00,801,801,801,801,87,795.56,6488
2026-05-14 10:30:00,794,794,794,794,44,795.51,6488
2026-05-14 10:35:00,795,795,795,795,17,795.51,6488
2026-05-14 10:40:00,800,800,800,800,42,795.63,6488
2026-05-14 10:45:00,802,802,802,802,106,796.04,6488
2026-05-14 10:50:00,800,800,800,800,25,796.1,6488
2026-05-14 10:55:00,790,790,790,790,53,795.91,6488
2026-05-14 11:00:00,790,790,790,790,28,795.82,6488
2026-05-14 11:05:00,789,789,789,789,15,795.76,6488
2026-05-14 11:10:00,788,788,788,788,28,795.64,6488
2026-05-14 11:15:00,788,788,788,788,14,795.58,6488
2026-05-14 11:20:00,789,789,789,789,30,795.47,6488
2026-05-14 11:25:00,789,789,789,789,12,795.43,6488
2026-05-14 11:30:00,789,789,789,789,21,795.36,6488
2026-05-14 11:35:00,788,788,788,788,27,795.25,6488
2026-05-14 11:40:00,786,786,786,786,22,795.15,6488
2026-05-14 11:45:00,786,786,786,786,13,795.09,6488
2026-05-14 11:50:00,786,786,786,786,10,795.04,6488
2026-05-14 11:55:00,786,786,786,786,14,794.98,6488
2026-05-14 12:00:00,787,787,787,787,5,794.96,6488
2026-05-14 12:05:00,784,784,784,784,38,794.75,6488
2026-05-14 12:10:00,780,780,780,780,26,794.56,6488
2026-05-14 12:15:00,785,785,785,785,18,794.47,6488
2026-05-14 12:20:00,788,788,788,788,18,794.42,6488
2026-05-14 12:25:00,788,788,788,788,18,794.36,6488
2026-05-14 12:30:00,789,789,789,789,81,794.16,6488
2026-05-14 12:35:00,790,790,790,790,32,794.1,6488
2026-05-14 12:40:00,791,791,791,791,32,794.06,6488
2026-05-14 12:45:00,788,788,788,788,29,793.98,6488
2026-05-14 12:50:00,788,788,788,788,13,793.94,6488
2026-05-14 12:55:00,788,788,788,788,25,793.88,6488
2026-05-14 13:00:00,789,789,789,789,20,793.84,6488
2026-05-14 13:05:00,788,788,788,788,11,793.81,6488
2026-05-14 13:10:00,789,789,789,789,102,793.61,6488
2026-05-14 13:15:00,788,788,788,788,38,793.52,6488
2026-05-14 13:20:00,786,786,786,786,29,793.43,6488
2026-05-14 13:30:00,788,788,788,788,109,793.21,6488
2026-05-15 09:00:00,797,797,797,797,72,797.0,6488
2026-05-15 09:05:00,791,791,791,791,35,795.04,6488
2026-05-15 09:10:00,788,788,788,788,56,792.62,6488
2026-05-15 09:15:00,785,785,785,785,34,791.3,6488
2026-05-15 09:20:00,778,778,778,778,32,789.45,6488
2026-05-15 09:25:00,773,773,773,773,26,787.77,6488
2026-05-15 09:30:00,776,776,776,776,49,785.87,6488
2026-05-15 09:35:00,774,774,774,774,53,784.11,6488
2026-05-15 09:40:00,772,772,772,772,39,782.92,6488
2026-05-15 09:45:00,767,767,767,767,41,781.42,6488
2026-05-15 09:50:00,755,755,755,755,58,778.33,6488
2026-05-15 09:55:00,739,739,739,739,90,772.28,6488
2026-05-15 10:00:00,730,730,730,730,140,764.11,6488
2026-05-15 10:05:00,735,735,735,735,110,760.28,6488
2026-05-15 10:10:00,728,728,728,728,127,756.02,6488
2026-05-15 10:15:00,731,731,731,731,145,752.74,6488
2026-05-15 10:20:00,728,728,728,728,102,750.65,6488
2026-05-15 10:25:00,732,732,732,732,84,749.44,6488
2026-05-15 10:30:00,728,728,728,728,70,748.34,6488
2026-05-15 10:35:00,728,728,728,728,71,747.33,6488
2026-05-15 10:40:00,727,727,727,727,51,746.63,6488
2026-05-15 10:45:00,726,726,726,726,91,745.44,6488
2026-05-15 10:50:00,726,726,726,726,63,744.7,6488
2026-05-15 10:55:00,726,726,726,726,82,743.8,6488
2026-05-15 11:00:00,727,727,727,727,35,743.47,6488
2026-05-15 11:05:00,728,728,728,728,41,743.12,6488
2026-05-15 11:10:00,728,728,728,728,30,742.87,6488
2026-05-15 11:15:00,724,724,724,724,105,741.84,6488
2026-05-15 11:20:00,721,721,721,721,47,741.35,6488
2026-05-15 11:25:00,719,719,719,719,77,740.51,6488
2026-05-15 11:30:00,715,715,715,715,76,739.6,6488
2026-05-15 11:35:00,713,713,713,713,58,738.9,6488
2026-05-15 11:40:00,711,711,711,711,156,737.04,6488
2026-05-15 11:45:00,713,713,713,713,75,736.3,6488
2026-05-15 11:50:00,713,713,713,713,79,735.56,6488
2026-05-15 11:55:00,714,714,714,714,28,735.32,6488
2026-05-15 12:00:00,713,713,713,713,43,734.95,6488
2026-05-15 12:05:00,713,713,713,713,52,734.51,6488
2026-05-15 12:10:00,712,712,712,712,26,734.29,6488
2026-05-15 12:15:00,711,711,711,711,40,733.95,6488
2026-05-15 12:20:00,711,711,711,711,37,733.63,6488
2026-05-15 12:25:00,711,711,711,711,52,733.21,6488
2026-05-15 12:30:00,711,711,711,711,31,732.97,6488
2026-05-15 12:35:00,711,711,711,711,65,732.47,6488
2026-05-15 12:40:00,710,710,710,710,40,732.16,6488
2026-05-15 12:45:00,710,710,710,710,190,730.8,6488
2026-05-15 12:50:00,710,710,710,710,145,729.88,6488
2026-05-15 12:55:00,710,710,710,710,29,729.7,6488
2026-05-15 13:00:00,710,710,710,710,11,729.63,6488
2026-05-15 13:05:00,710,710,710,710,21,729.51,6488
2026-05-15 13:10:00,710,710,710,710,17,729.41,6488
2026-05-15 13:15:00,710,710,710,710,26,729.26,6488
2026-05-15 13:20:00,710,710,710,710,40,729.03,6488
2026-05-15 13:30:00,710,710,710,710,81,728.59,6488
2026-05-18 09:00:00,661,661,661,661,437,661.0,6488
2026-05-18 09:05:00,670,670,670,670,188,663.71,6488
2026-05-18 09:10:00,666,666,666,666,190,664.24,6488
2026-05-18 09:15:00,662,662,662,662,161,663.87,6488
2026-05-18 09:20:00,667,667,667,667,225,664.46,6488
2026-05-18 09:25:00,667,667,667,667,156,664.75,6488
2026-05-18 09:30:00,668,668,668,668,178,665.13,6488
2026-05-18 09:35:00,670,670,670,670,151,665.56,6488
2026-05-18 09:40:00,671,671,671,671,78,665.8,6488
2026-05-18 09:45:00,681,681,681,681,41,666.15,6488
2026-05-18 09:50:00,698,698,698,698,49,666.99,6488
2026-05-18 09:55:00,702,702,702,702,67,668.21,6488
2026-05-18 10:00:00,698,698,698,698,41,668.83,6488
2026-05-18 10:05:00,693,693,693,693,43,669.35,6488
2026-05-18 10:10:00,678,678,678,678,72,669.65,6488
2026-05-18 10:15:00,690,690,690,690,34,669.98,6488
2026-05-18 10:20:00,689,689,689,689,57,670.48,6488
2026-05-18 10:25:00,688,688,688,688,34,670.75,6488
2026-05-18 10:30:00,689,689,689,689,66,671.28,6488
2026-05-18 10:35:00,690,690,690,690,79,671.91,6488
2026-05-18 10:40:00,688,688,688,688,45,672.21,6488
2026-05-18 10:45:00,681,681,681,681,56,672.42,6488
2026-05-18 10:50:00,685,685,685,685,29,672.56,6488
2026-05-18 10:55:00,679,679,679,679,51,672.69,6488
2026-05-18 11:00:00,677,677,677,677,54,672.78,6488
2026-05-18 11:05:00,683,683,683,683,18,672.85,6488
2026-05-18 11:10:00,684,684,684,684,44,673.04,6488
2026-05-18 11:15:00,677,677,677,677,42,673.1,6488
2026-05-18 11:20:00,678,678,678,678,20,673.14,6488
2026-05-18 11:25:00,678,678,678,678,42,673.21,6488
2026-05-18 11:30:00,679,679,679,679,45,673.3,6488
2026-05-18 11:35:00,680,680,680,680,35,673.39,6488
2026-05-18 11:40:00,685,685,685,685,47,673.58,6488
2026-05-18 11:45:00,688,688,688,688,39,673.77,6488
2026-05-18 11:50:00,690,690,690,690,68,674.14,6488
2026-05-18 11:55:00,696,696,696,696,111,674.92,6488
2026-05-18 12:00:00,699,699,699,699,94,675.64,6488
2026-05-18 12:05:00,700,700,700,700,47,675.99,6488
2026-05-18 12:10:00,701,701,701,701,20,676.14,6488
2026-05-18 12:15:00,710,710,710,710,124,677.39,6488
2026-05-18 12:20:00,708,708,708,708,70,678.01,6488
2026-05-18 12:25:00,692,692,692,692,33,678.14,6488
2026-05-18 12:30:00,693,693,693,693,21,678.23,6488
2026-05-18 12:35:00,695,695,695,695,14,678.3,6488
2026-05-18 12:40:00,699,699,699,699,16,678.39,6488
2026-05-18 12:45:00,703,703,703,703,17,678.51,6488
2026-05-18 12:50:00,708,708,708,708,36,678.8,6488
2026-05-18 12:55:00,700,700,700,700,72,679.22,6488
2026-05-18 13:00:00,693,693,693,693,51,679.41,6488
2026-05-18 13:05:00,695,695,695,695,104,679.84,6488
2026-05-18 13:10:00,695,695,695,695,46,680.02,6488
2026-05-18 13:15:00,697,697,697,697,23,680.12,6488
2026-05-18 13:20:00,700,700,700,700,30,680.27,6488
2026-05-18 13:30:00,698,698,698,698,230,681.25,6488
2026-05-19 09:00:00,680,680,680,680,94,680.0,6488
2026-05-19 09:05:00,684,684,684,684,64,681.62,6488
2026-05-19 09:10:00,686,686,686,686,70,682.96,6488
2026-05-19 09:15:00,681,681,681,681,157,682.16,6488
2026-05-19 09:20:00,675,675,675,675,130,680.36,6488
2026-05-19 09:25:00,672,672,672,672,79,679.24,6488
2026-05-19 09:30:00,676,676,676,676,66,678.92,6488
2026-05-19 09:35:00,679,679,679,679,57,678.93,6488
2026-05-19 09:40:00,678,678,678,678,47,678.87,6488
2026-05-19 09:45:00,674,674,674,674,42,678.62,6488
2026-05-19 09:50:00,672,672,672,672,47,678.25,6488
2026-05-19 09:55:00,671,671,671,671,163,677.09,6488
2026-05-19 10:00:00,666,666,666,666,136,675.78,6488
2026-05-19 10:05:00,656,656,656,656,123,673.87,6488
2026-05-19 10:10:00,653,653,653,653,76,672.7,6488
2026-05-19 10:15:00,653,653,653,653,96,671.39,6488
2026-05-19 10:20:00,650,650,650,650,100,670.01,6488
2026-05-19 10:25:00,646,646,646,646,173,667.59,6488
2026-05-19 10:30:00,641,641,641,641,172,665.17,6488
2026-05-19 10:35:00,643,643,643,643,193,663.12,6488
2026-05-19 10:40:00,647,647,647,647,94,662.43,6488
2026-05-19 10:45:00,646,646,646,646,67,661.94,6488
2026-05-19 10:50:00,646,646,646,646,84,661.36,6488
2026-05-19 10:55:00,647,647,647,647,55,661.03,6488
2026-05-19 11:00:00,645,645,645,645,88,660.46,6488
2026-05-19 11:05:00,648,648,648,648,74,660.1,6488
2026-05-19 11:10:00,654,654,654,654,81,659.91,6488
2026-05-19 11:15:00,658,658,658,658,64,659.87,6488
2026-05-19 11:20:00,658,658,658,658,46,659.83,6488
2026-05-19 11:25:00,656,656,656,656,56,659.76,6488
2026-05-19 11:30:00,659,659,659,659,40,659.75,6488
2026-05-19 11:35:00,668,668,668,668,80,659.97,6488
2026-05-19 11:40:00,667,667,667,667,40,660.07,6488
2026-05-19 11:45:00,663,663,663,663,34,660.1,6488
2026-05-19 11:50:00,666,666,666,666,40,660.18,6488
2026-05-19 11:55:00,661,661,661,661,34,660.19,6488
2026-05-19 12:00:00,661,661,661,661,42,660.2,6488
2026-05-19 12:05:00,656,656,656,656,39,660.15,6488
2026-05-19 12:10:00,650,650,650,650,59,659.96,6488
2026-05-19 12:15:00,650,650,650,650,43,659.83,6488
2026-05-19 12:20:00,653,653,653,653,47,659.73,6488
2026-05-19 12:25:00,651,651,651,651,63,659.57,6488
2026-05-19 12:30:00,651,651,651,651,58,659.42,6488
2026-05-19 12:35:00,653,653,653,653,39,659.35,6488
2026-05-19 12:40:00,658,658,658,658,49,659.33,6488
2026-05-19 12:45:00,660,660,660,660,43,659.34,6488
2026-05-19 12:50:00,665,665,665,665,35,659.39,6488
2026-05-19 12:55:00,664,664,664,664,51,659.46,6488
2026-05-19 13:00:00,665,665,665,665,39,659.52,6488
2026-05-19 13:05:00,664,664,664,664,82,659.62,6488
2026-05-19 13:10:00,665,665,665,665,78,659.72,6488
2026-05-19 13:15:00,667,667,667,667,46,659.81,6488
2026-05-19 13:20:00,668,668,668,668,49,659.91,6488
2026-05-19 13:30:00,665,665,665,665,301,660.28,6488
2026-05-20 09:00:00,684,684,684,684,131,684.0,6488
2026-05-20 09:05:00,686,686,686,686,90,684.81,6488
2026-05-20 09:10:00,676,676,676,676,147,681.29,6488
2026-05-20 09:15:00,682,682,682,682,100,681.44,6488
2026-05-20 09:20:00,685,685,685,685,88,682.01,6488
2026-05-20 09:25:00,685,685,685,685,89,682.42,6488
2026-05-20 09:30:00,678,678,678,678,103,681.81,6488
2026-05-20 09:35:00,675,675,675,675,67,681.25,6488
2026-05-20 09:40:00,672,672,672,672,62,680.6,6488
2026-05-20 09:45:00,675,675,675,675,65,680.21,6488
2026-05-20 09:50:00,672,672,672,672,51,679.79,6488
2026-05-20 09:55:00,672,672,672,672,53,679.39,6488
2026-05-20 10:00:00,672,672,672,672,43,679.1,6488
2026-05-20 10:05:00,672,672,672,672,41,678.85,6488
2026-05-20 10:10:00,670,670,670,670,43,678.52,6488
2026-05-20 10:15:00,665,665,665,665,55,677.92,6488
2026-05-20 10:20:00,661,661,661,661,55,677.19,6488
2026-05-20 10:25:00,660,660,660,660,76,676.23,6488
2026-05-20 10:30:00,651,651,651,651,74,674.93,6488
2026-05-20 10:35:00,647,647,647,647,92,673.24,6488
2026-05-20 10:40:00,648,648,648,648,93,671.79,6488
2026-05-20 10:45:00,646,646,646,646,88,670.46,6488
2026-05-20 10:50:00,643,643,643,643,77,669.27,6488
2026-05-20 10:55:00,642,642,642,642,80,668.1,6488
2026-05-20 11:00:00,643,643,643,643,62,667.29,6488
2026-05-20 11:05:00,648,648,648,648,74,666.58,6488
2026-05-20 11:10:00,648,648,648,648,59,666.05,6488
2026-05-20 11:15:00,640,640,640,640,107,664.76,6488
2026-05-20 11:20:00,634,634,634,634,144,662.84,6488
2026-05-20 11:25:00,630,630,630,630,108,661.37,6488
2026-05-20 11:30:00,632,632,632,632,174,659.4,6488
2026-05-20 11:35:00,640,640,640,640,58,658.98,6488
2026-05-20 11:40:00,634,634,634,634,57,658.45,6488
2026-05-20 11:45:00,633,633,633,633,65,657.85,6488
2026-05-20 11:50:00,633,633,633,633,53,657.39,6488
2026-05-20 11:55:00,633,633,633,633,40,657.05,6488
2026-05-20 12:00:00,635,635,635,635,71,656.51,6488
2026-05-20 12:05:00,638,638,638,638,65,656.11,6488
2026-05-20 12:10:00,640,640,640,640,51,655.84,6488
2026-05-20 12:15:00,642,642,642,642,36,655.68,6488
2026-05-20 12:20:00,642,642,642,642,53,655.45,6488
2026-05-20 12:25:00,645,645,645,645,34,655.34,6488
2026-05-20 12:30:00,645,645,645,645,59,655.15,6488
2026-05-20 12:35:00,645,645,645,645,111,654.81,6488
2026-05-20 12:40:00,645,645,645,645,79,654.59,6488
2026-05-20 12:45:00,641,641,641,641,111,654.16,6488
2026-05-20 12:50:00,638,638,638,638,75,653.82,6488
2026-05-20 12:55:00,636,636,636,636,74,653.47,6488
2026-05-20 13:00:00,631,631,631,631,120,652.76,6488
2026-05-20 13:05:00,631,631,631,631,148,651.94,6488
2026-05-20 13:10:00,631,631,631,631,64,651.61,6488
2026-05-20 13:15:00,636,636,636,636,69,651.34,6488
2026-05-20 13:20:00,634,634,634,634,87,650.98,6488
2026-05-20 13:30:00,638,638,638,638,262,650.22,6488
2026-05-21 09:00:00,701,701,701,701,562,701.0,6488
2026-05-21 09:05:00,701,701,701,701,370,701.0,6488
2026-05-21 09:10:00,701,701,701,701,296,701.0,6488
2026-05-21 09:15:00,701,701,701,701,62,701.0,6488
2026-05-21 09:20:00,701,701,701,701,22,701.0,6488
2026-05-21 09:25:00,701,701,701,701,22,701.0,6488
2026-05-21 09:30:00,701,701,701,701,11,701.0,6488
2026-05-21 09:35:00,701,701,701,701,6,701.0,6488
2026-05-21 09:40:00,701,701,701,701,7,701.0,6488
2026-05-21 09:45:00,701,701,701,701,33,701.0,6488
2026-05-21 09:50:00,701,701,701,701,69,701.0,6488
2026-05-21 09:55:00,701,701,701,701,28,701.0,6488
2026-05-21 10:00:00,701,701,701,701,29,701.0,6488
2026-05-21 10:05:00,701,701,701,701,19,701.0,6488
2026-05-21 10:10:00,701,701,701,701,53,701.0,6488
2026-05-21 10:15:00,701,701,701,701,554,701.0,6488
2026-05-21 10:20:00,701,701,701,701,575,701.0,6488
2026-05-21 10:25:00,701,701,701,701,52,701.0,6488
2026-05-21 10:30:00,701,701,701,701,43,701.0,6488
2026-05-21 10:35:00,701,701,701,701,23,701.0,6488
2026-05-21 10:40:00,701,701,701,701,131,701.0,6488
2026-05-21 10:45:00,701,701,701,701,18,701.0,6488
2026-05-21 10:50:00,701,701,701,701,24,701.0,6488
2026-05-21 10:55:00,701,701,701,701,16,701.0,6488
2026-05-21 11:00:00,701,701,701,701,22,701.0,6488
2026-05-21 11:05:00,701,701,701,701,16,701.0,6488
2026-05-21 11:10:00,701,701,701,701,16,701.0,6488
2026-05-21 11:15:00,701,701,701,701,45,701.0,6488
2026-05-21 11:20:00,701,701,701,701,17,701.0,6488
2026-05-21 11:25:00,701,701,701,701,25,701.0,6488
2026-05-21 11:30:00,701,701,701,701,17,701.0,6488
2026-05-21 11:35:00,701,701,701,701,50,701.0,6488
2026-05-21 11:40:00,701,701,701,701,16,701.0,6488
2026-05-21 11:45:00,701,701,701,701,19,701.0,6488
2026-05-21 11:50:00,701,701,701,701,16,701.0,6488
2026-05-21 11:55:00,701,701,701,701,23,701.0,6488
2026-05-21 12:00:00,701,701,701,701,16,701.0,6488
2026-05-21 12:05:00,701,701,701,701,2,701.0,6488
2026-05-21 12:10:00,701,701,701,701,12,701.0,6488
2026-05-21 12:20:00,701,701,701,701,8,701.0,6488
2026-05-21 12:30:00,701,701,701,701,2,701.0,6488
2026-05-21 12:35:00,701,701,701,701,2,701.0,6488
2026-05-21 12:40:00,701,701,701,701,2,701.0,6488
2026-05-21 12:45:00,701,701,701,701,1,701.0,6488
2026-05-21 12:55:00,701,701,701,701,9,701.0,6488
2026-05-21 13:00:00,701,701,701,701,2,701.0,6488
2026-05-21 13:10:00,701,701,701,701,1,701.0,6488
2026-05-21 13:15:00,701,701,701,701,3,701.0,6488
2026-05-21 13:20:00,701,701,701,701,1,701.0,6488
2026-05-21 13:30:00,701,701,701,701,17,701.0,6488
2026-05-22 09:00:00,716,716,716,716,452,716.0,6488
2026-05-22 09:05:00,717,717,717,717,196,716.3,6488
2026-05-22 09:10:00,722,722,722,722,181,717.55,6488
2026-05-22 09:15:00,726,726,726,726,188,719.11,6488
2026-05-22 09:20:00,730,730,730,730,288,721.51,6488
2026-05-22 09:25:00,729,729,729,729,212,722.56,6488
2026-05-22 09:30:00,722,722,722,722,178,722.5,6488
2026-05-22 09:35:00,725,725,725,725,120,722.67,6488
2026-05-22 09:40:00,722,722,722,722,100,722.63,6488
2026-05-22 09:45:00,715,715,715,715,112,722.21,6488
2026-05-22 09:50:00,711,711,711,711,87,721.75,6488
2026-05-22 09:55:00,716,716,716,716,69,721.57,6488
2026-05-22 10:00:00,720,720,720,720,108,721.49,6488
2026-05-22 10:05:00,721,721,721,721,59,721.48,6488
2026-05-22 10:10:00,722,722,722,722,45,721.49,6488
2026-05-22 10:15:00,723,723,723,723,44,721.52,6488
2026-05-22 10:20:00,723,723,723,723,34,721.54,6488
2026-05-22 10:25:00,724,724,724,724,124,721.65,6488
2026-05-22 10:30:00,721,721,721,721,45,721.64,6488
2026-05-22 10:35:00,723,723,723,723,82,721.68,6488
2026-05-22 10:40:00,723,723,723,723,27,721.7,6488
2026-05-22 10:45:00,724,724,724,724,92,721.77,6488
2026-05-22 10:50:00,724,724,724,724,76,721.83,6488
2026-05-22 10:55:00,725,725,725,725,71,721.91,6488
2026-05-22 11:00:00,725,725,725,725,51,721.96,6488
2026-05-22 11:05:00,726,726,726,726,83,722.06,6488
2026-05-22 11:10:00,721,721,721,721,132,722.02,6488
2026-05-22 11:15:00,721,721,721,721,60,722.0,6488
2026-05-22 11:20:00,720,720,720,720,74,721.96,6488
2026-05-22 11:25:00,725,725,725,725,70,722.02,6488
2026-05-22 11:30:00,727,727,727,727,48,722.09,6488
2026-05-22 11:35:00,730,730,730,730,199,722.51,6488
2026-05-22 11:40:00,735,735,735,735,218,723.21,6488
2026-05-22 11:45:00,738,738,738,738,140,723.72,6488
2026-05-22 11:50:00,739,739,739,739,114,724.13,6488
2026-05-22 11:55:00,736,736,736,736,95,724.4,6488
2026-05-22 12:00:00,734,734,734,734,59,724.53,6488
2026-05-22 12:05:00,734,734,734,734,141,724.83,6488
2026-05-22 12:10:00,739,739,739,739,74,725.06,6488
2026-05-22 12:15:00,745,745,745,745,103,725.5,6488
2026-05-22 12:20:00,745,745,745,745,80,725.83,6488
2026-05-22 12:25:00,744,744,744,744,67,726.08,6488
2026-05-22 12:30:00,747,747,747,747,63,726.35,6488
2026-05-22 12:35:00,746,746,746,746,40,726.51,6488
2026-05-22 12:40:00,745,745,745,745,49,726.7,6488
2026-05-22 12:45:00,740,740,740,740,76,726.9,6488
2026-05-22 12:50:00,739,739,739,739,53,727.02,6488
2026-05-22 12:55:00,741,741,741,741,122,727.35,6488
2026-05-22 13:00:00,741,741,741,741,80,727.56,6488
2026-05-22 13:05:00,738,738,738,738,96,727.75,6488
2026-05-22 13:10:00,734,734,734,734,127,727.89,6488
2026-05-22 13:15:00,729,729,729,729,135,727.92,6488
2026-05-22 13:20:00,723,723,723,723,157,727.78,6488
2026-05-22 13:30:00,717,717,717,717,498,726.93,6488
2026-05-25 09:00:00,773,773,773,773,421,773.0,6488
2026-05-25 09:05:00,784,784,784,784,387,778.27,6488
2026-05-25 09:10:00,780,780,780,780,370,778.81,6488
2026-05-25 09:15:00,783,783,783,783,157,779.3,6488
2026-05-25 09:20:00,783,783,783,783,166,779.71,6488
2026-05-25 09:25:00,785,785,785,785,227,780.41,6488
2026-05-25 09:30:00,786,786,786,786,116,780.76,6488
2026-05-25 09:35:00,788,788,788,788,123,781.21,6488
2026-05-25 09:40:00,788,788,788,788,368,782.28,6488
2026-05-25 09:45:00,788,788,788,788,228,782.79,6488
2026-05-25 09:50:00,788,788,788,788,150,783.08,6488
2026-05-25 09:55:00,788,788,788,788,14,783.1,6488
2026-05-25 10:00:00,788,788,788,788,98,783.27,6488
2026-05-25 10:05:00,788,788,788,788,151,783.51,6488
2026-05-25 10:10:00,788,788,788,788,20,783.54,6488
2026-05-25 10:15:00,788,788,788,788,251,783.89,6488
2026-05-25 10:20:00,784,784,784,784,92,783.89,6488
2026-05-25 10:25:00,782,782,782,782,29,783.88,6488
2026-05-25 10:30:00,785,785,785,785,53,783.89,6488
2026-05-25 10:35:00,787,787,787,787,47,783.93,6488
2026-05-25 10:40:00,788,788,788,788,64,784.01,6488
2026-05-25 10:45:00,788,788,788,788,13,784.02,6488
2026-05-25 10:50:00,788,788,788,788,10,784.03,6488
2026-05-25 10:55:00,788,788,788,788,27,784.06,6488
2026-05-25 11:00:00,788,788,788,788,9,784.07,6488
2026-05-25 11:05:00,788,788,788,788,3,784.08,6488
2026-05-25 11:10:00,788,788,788,788,62,784.14,6488
2026-05-25 11:15:00,788,788,788,788,347,784.48,6488
2026-05-25 11:20:00,788,788,788,788,41,784.51,6488
2026-05-25 11:25:00,788,788,788,788,22,784.53,6488
2026-05-25 11:30:00,783,783,783,783,52,784.51,6488
2026-05-25 11:35:00,783,783,783,783,66,784.49,6488
2026-05-25 11:40:00,780,780,780,780,53,784.43,6488
2026-05-25 11:45:00,779,779,779,779,49,784.37,6488
2026-05-25 11:50:00,785,785,785,785,14,784.37,6488
2026-05-25 11:55:00,788,788,788,788,364,784.66,6488
2026-05-25 12:00:00,788,788,788,788,136,784.75,6488
2026-05-25 12:05:00,788,788,788,788,12,784.76,6488
2026-05-25 12:10:00,788,788,788,788,13,784.77,6488
2026-05-25 12:15:00,788,788,788,788,3,784.77,6488
2026-05-25 12:20:00,788,788,788,788,9,784.78,6488
2026-05-25 12:25:00,788,788,788,788,2,784.78,6488
2026-05-25 12:30:00,788,788,788,788,4,784.78,6488
2026-05-25 12:35:00,788,788,788,788,9,784.79,6488
2026-05-25 12:40:00,788,788,788,788,5,784.79,6488
2026-05-25 12:45:00,788,788,788,788,1,784.79,6488
2026-05-25 12:50:00,788,788,788,788,2,784.79,6488
2026-05-25 12:55:00,788,788,788,788,9,784.8,6488
2026-05-25 13:00:00,788,788,788,788,4,784.8,6488
2026-05-25 13:05:00,788,788,788,788,99,784.86,6488
2026-05-25 13:10:00,788,788,788,788,62,784.9,6488
2026-05-25 13:15:00,788,788,788,788,40,784.93,6488
2026-05-25 13:20:00,788,788,788,788,368,785.13,6488
2026-05-25 13:30:00,788,788,788,788,29,785.15,6488
2026-05-26 09:00:00,866,866,866,866,1289,866.0,6488
2026-05-26 09:05:00,866,866,866,866,210,866.0,6488
2026-05-26 09:10:00,866,866,866,866,117,866.0,6488
2026-05-26 09:15:00,866,866,866,866,97,866.0,6488
2026-05-26 09:20:00,866,866,866,866,40,866.0,6488
2026-05-26 09:25:00,866,866,866,866,42,866.0,6488
2026-05-26 09:30:00,866,866,866,866,67,866.0,6488
2026-05-26 09:35:00,866,866,866,866,49,866.0,6488
2026-05-26 09:40:00,866,866,866,866,72,866.0,6488
2026-05-26 09:45:00,866,866,866,866,20,866.0,6488
2026-05-26 09:50:00,866,866,866,866,15,866.0,6488
2026-05-26 09:55:00,866,866,866,866,10,866.0,6488
2026-05-26 10:00:00,866,866,866,866,12,866.0,6488
2026-05-26 10:05:00,866,866,866,866,21,866.0,6488
2026-05-26 10:10:00,866,866,866,866,26,866.0,6488
2026-05-26 10:15:00,866,866,866,866,20,866.0,6488
2026-05-26 10:20:00,866,866,866,866,10,866.0,6488
2026-05-26 10:25:00,866,866,866,866,7,866.0,6488
2026-05-26 10:30:00,866,866,866,866,18,866.0,6488
2026-05-26 10:35:00,866,866,866,866,7,866.0,6488
2026-05-26 10:40:00,866,866,866,866,5,866.0,6488
2026-05-26 10:45:00,866,866,866,866,5,866.0,6488
2026-05-26 10:50:00,866,866,866,866,8,866.0,6488
2026-05-26 10:55:00,866,866,866,866,6,866.0,6488
2026-05-26 11:00:00,866,866,866,866,21,866.0,6488
2026-05-26 11:05:00,866,866,866,866,5,866.0,6488
2026-05-26 11:10:00,866,866,866,866,3,866.0,6488
2026-05-26 11:20:00,866,866,866,866,54,866.0,6488
2026-05-26 11:25:00,866,866,866,866,6,866.0,6488
2026-05-26 11:30:00,866,866,866,866,7,866.0,6488
2026-05-26 11:35:00,866,866,866,866,3,866.0,6488
2026-05-26 11:40:00,866,866,866,866,1,866.0,6488
2026-05-26 11:45:00,866,866,866,866,7,866.0,6488
2026-05-26 11:50:00,866,866,866,866,2,866.0,6488
2026-05-26 11:55:00,866,866,866,866,8,866.0,6488
2026-05-26 12:00:00,866,866,866,866,1,866.0,6488
2026-05-26 12:05:00,866,866,866,866,150,866.0,6488
2026-05-26 12:10:00,866,866,866,866,3,866.0,6488
2026-05-26 12:15:00,866,866,866,866,4,866.0,6488
2026-05-26 12:20:00,866,866,866,866,26,866.0,6488
2026-05-26 12:25:00,866,866,866,866,127,866.0,6488
2026-05-26 12:30:00,866,866,866,866,10,866.0,6488
2026-05-26 12:35:00,866,866,866,866,5,866.0,6488
2026-05-26 12:40:00,866,866,866,866,32,866.0,6488
2026-05-26 12:45:00,866,866,866,866,13,866.0,6488
2026-05-26 12:50:00,866,866,866,866,19,866.0,6488
2026-05-26 12:55:00,866,866,866,866,4,866.0,6488
2026-05-26 13:05:00,866,866,866,866,4,866.0,6488
2026-05-26 13:10:00,866,866,866,866,3,866.0,6488
2026-05-26 13:15:00,866,866,866,866,9,866.0,6488
2026-05-26 13:20:00,866,866,866,866,18,866.0,6488
2026-05-26 13:30:00,866,866,866,866,20,866.0,6488
2026-05-27 09:00:00,883,886,854,879,4769,869.8,6488
2026-05-27 09:05:00,878,917,870,892,3094,879.47,6488
2026-05-27 09:10:00,892,915,887,915,1343,882.39,6488
2026-05-27 09:15:00,915,919,900,911,790,884.67,6488
2026-05-27 09:20:00,912,922,907,917,869,887.2,6488
2026-05-27 09:25:00,918,920,901,901,754,888.81,6488
2026-05-27 09:30:00,900,909,895,897,601,889.43,6488
2026-05-27 09:35:00,897,901,892,897,388,889.64,6488
2026-05-27 09:40:00,898,916,897,916,476,890.41,6488
2026-05-27 09:45:00,916,935,915,931,922,892.78,6488
2026-05-27 09:50:00,931,949,931,946,549,894.63,6488
2026-05-27 09:55:00,946,947,926,926,409,895.69,6488
2026-05-27 10:00:00,927,930,920,928,252,896.18,6488
2026-05-27 10:05:00,928,930,919,926,261,896.62,6488
2026-05-27 10:10:00,927,933,923,924,252,897.13,6488
2026-05-27 10:15:00,925,930,920,923,160,897.39,6488
2026-05-27 10:20:00,924,926,918,922,179,897.65,6488
2026-05-27 10:25:00,922,930,922,926,155,897.93,6488
2026-05-27 10:30:00,925,935,924,930,176,898.27,6488
2026-05-27 10:35:00,930,933,929,931,95,898.46,6488
2026-05-27 10:40:00,930,934,930,934,133,898.73,6488
2026-05-27 10:45:00,932,934,928,930,157,899.03,6488
2026-05-27 10:50:00,931,942,931,940,266,899.61,6488
2026-05-27 10:55:00,939,942,937,942,195,900.07,6488
2026-05-27 11:00:00,943,944,938,941,273,900.71,6488
2026-05-27 11:05:00,941,943,940,943,113,900.98,6488
2026-05-27 11:10:00,943,947,943,946,170,901.4,6488
2026-05-27 11:15:00,945,947,940,944,255,902.01,6488
2026-05-27 11:20:00,945,946,944,944,115,902.29,6488
2026-05-27 11:25:00,944,948,944,948,179,902.72,6488
2026-05-27 11:30:00,947,948,934,941,396,903.53,6488
2026-05-27 11:35:00,941,945,941,944,101,903.75,6488
2026-05-27 11:40:00,943,948,942,945,182,904.15,6488
2026-05-27 11:45:00,945,947,942,942,100,904.36,6488
2026-05-27 11:50:00,944,944,939,942,196,904.73,6488
2026-05-27 11:55:00,942,945,940,940,98,904.92,6488
2026-05-27 12:00:00,940,944,937,940,204,905.28,6488
2026-05-27 12:05:00,938,940,934,938,104,905.45,6488
2026-05-27 12:10:00,938,939,930,930,119,905.63,6488
2026-05-27 12:15:00,930,933,924,925,211,905.86,6488
2026-05-27 12:20:00,924,925,915,922,514,906.21,6488
2026-05-27 12:25:00,922,926,920,923,174,906.36,6488
2026-05-27 12:30:00,924,930,916,929,196,906.52,6488
2026-05-27 12:35:00,929,930,925,929,84,906.6,6488
2026-05-27 12:40:00,928,929,920,922,85,906.67,6488
2026-05-27 12:45:00,923,928,923,927,56,906.72,6488
2026-05-27 12:50:00,928,931,928,931,58,906.78,6488
2026-05-27 12:55:00,932,941,932,933,247,907.13,6488
2026-05-27 13:00:00,932,932,922,922,106,907.22,6488
2026-05-27 13:05:00,922,925,919,925,198,907.34,6488
2026-05-27 13:10:00,925,930,925,928,72,907.41,6488
2026-05-27 13:15:00,928,928,925,926,76,907.48,6488
2026-05-27 13:20:00,925,927,920,920,282,907.7,6488
2026-05-27 13:30:00,930,930,930,930,289,907.99,6488
2026-05-28 09:00:00,935,953,926,949,1765,941.02,6488
2026-05-28 09:05:00,951,952,942,944,543,942.61,6488
2026-05-28 09:10:00,944,947,935,939,325,942.44,6488
2026-05-28 09:15:00,939,951,937,950,379,942.68,6488
2026-05-28 09:20:00,950,955,944,945,511,944.01,6488
2026-05-28 09:25:00,944,957,944,955,481,945.13,6488
2026-05-28 09:30:00,955,957,947,955,553,945.99,6488
2026-05-28 09:35:00,955,978,955,962,833,949.31,6488
2026-05-28 09:40:00,962,964,955,961,253,949.74,6488
2026-05-28 09:45:00,960,965,956,963,115,949.96,6488
2026-05-28 09:50:00,963,973,963,965,379,951.12,6488
2026-05-28 09:55:00,965,968,958,958,184,951.49,6488
2026-05-28 10:00:00,959,980,959,980,567,953.31,6488
2026-05-28 10:05:00,981,991,981,987,727,956.43,6488
2026-05-28 10:10:00,988,995,985,989,404,958.11,6488
2026-05-28 10:15:00,990,990,976,982,290,958.95,6488
2026-05-28 10:20:00,982,995,982,995,349,960.21,6488
2026-05-28 10:25:00,995,998,989,989,445,961.88,6488
2026-05-28 10:30:00,990,998,985,996,270,962.8,6488
2026-05-28 10:35:00,997,1020,996,1020,1690,970.1,6488
2026-05-28 10:40:00,1020,1020,1000,1000,283,971.07,6488
2026-05-28 10:45:00,1005,1020,1005,1010,279,972.07,6488
2026-05-28 10:50:00,1015,1015,1005,1010,130,972.5,6488
2026-05-28 10:55:00,1010,1010,983,988,487,973.26,6488
2026-05-28 11:00:00,988,992,987,992,172,973.49,6488
2026-05-28 11:05:00,992,1005,990,998,296,974.04,6488
2026-05-28 11:10:00,996,996,976,981,268,974.24,6488
2026-05-28 11:15:00,981,987,972,974,273,974.37,6488
2026-05-28 11:20:00,973,978,963,963,319,974.24,6488
2026-05-28 11:25:00,963,966,953,953,366,973.88,6488
2026-05-28 11:30:00,952,960,946,949,406,973.26,6488
2026-05-28 11:35:00,949,950,926,933,929,971.0,6488
2026-05-28 11:40:00,932,949,921,944,733,969.6,6488
2026-05-28 11:45:00,944,974,943,961,730,969.24,6488
2026-05-28 11:50:00,961,963,954,958,241,969.1,6488
2026-05-28 11:55:00,958,963,948,949,203,968.94,6488
2026-05-28 12:00:00,948,953,945,948,196,968.72,6488
2026-05-28 12:05:00,947,960,940,960,306,968.36,6488
2026-05-28 12:10:00,961,962,940,945,196,968.15,6488
2026-05-28 12:15:00,945,945,935,938,175,967.86,6488
2026-05-28 12:20:00,938,938,932,934,165,967.56,6488
2026-05-28 12:25:00,932,938,926,935,263,967.04,6488
2026-05-28 12:30:00,936,944,936,938,175,966.79,6488
2026-05-28 12:35:00,939,941,937,938,85,966.67,6488
2026-05-28 12:40:00,937,940,930,930,144,966.44,6488
2026-05-28 12:45:00,932,933,924,924,179,966.06,6488
2026-05-28 12:50:00,923,924,914,915,311,965.3,6488
2026-05-28 12:55:00,916,927,915,927,130,965.01,6488
2026-05-28 13:00:00,927,927,916,918,160,964.64,6488
2026-05-28 13:05:00,918,938,918,938,231,964.21,6488
2026-05-28 13:10:00,937,945,936,944,306,963.86,6488
2026-05-28 13:15:00,943,943,934,934,229,963.57,6488
2026-05-28 13:20:00,934,935,926,927,261,963.14,6488
2026-05-28 13:30:00,927,927,927,927,420,962.42,6488
2026-05-29 09:00:00,1015,1015,1015,1015,2153,1015.0,6488
2026-05-29 09:05:00,1015,1015,1015,1015,1299,1015.0,6488
2026-05-29 09:10:00,1015,1015,990,999,1430,1012.99,6488
2026-05-29 09:15:00,999,1010,996,996,530,1011.95,6488
2026-05-29 09:20:00,1000,1005,997,1000,158,1011.61,6488
2026-05-29 09:25:00,1000,1015,994,1015,1315,1011.53,6488
2026-05-29 09:30:00,1015,1015,1000,1010,348,1011.59,6488
2026-05-29 09:35:00,1010,1010,1000,1005,123,1011.44,6488
2026-05-29 09:40:00,1005,1010,1005,1010,50,1011.42,6488
2026-05-29 09:45:00,1005,1005,997,1000,158,1011.2,6488
2026-05-29 09:50:00,1005,1015,1000,1005,254,1011.11,6488
2026-05-29 09:55:00,1010,1015,1005,1015,137,1011.14,6488
2026-05-29 10:00:00,1015,1015,1010,1015,148,1011.21,6488
2026-05-29 10:05:00,1010,1015,1010,1015,335,1011.36,6488
2026-05-29 10:10:00,1015,1015,1015,1015,33,1011.37,6488
2026-05-29 10:15:00,1015,1015,1015,1015,42,1011.39,6488
2026-05-29 10:20:00,1015,1015,1010,1015,819,1011.7,6488
2026-05-29 10:25:00,1015,1015,1015,1015,35,1011.71,6488
2026-05-29 10:30:00,1015,1015,1015,1015,42,1011.73,6488
2026-05-29 10:35:00,1015,1015,1015,1015,26,1011.74,6488
2026-05-29 10:40:00,1015,1015,1015,1015,37,1011.75,6488
2026-05-29 10:45:00,1015,1015,1015,1015,7,1011.75,6488
2026-05-29 10:50:00,1015,1015,1015,1015,12,1011.76,6488
2026-05-29 10:55:00,1015,1015,1015,1015,47,1011.77,6488
2026-05-29 11:00:00,1015,1015,1015,1015,37,1011.78,6488
2026-05-29 11:05:00,1015,1015,1015,1015,2,1011.79,6488
2026-05-29 11:10:00,1015,1015,1015,1015,85,1011.81,6488
2026-05-29 11:15:00,1015,1015,1015,1015,3,1011.81,6488
2026-05-29 11:20:00,1015,1015,1015,1015,13,1011.82,6488
2026-05-29 11:25:00,1015,1015,1015,1015,10,1011.82,6488
2026-05-29 11:30:00,1015,1015,1015,1015,3,1011.82,6488
2026-05-29 11:35:00,1015,1015,1015,1015,10,1011.83,6488
2026-05-29 11:40:00,1015,1015,1015,1015,20,1011.83,6488
2026-05-29 11:45:00,1015,1015,1015,1015,3,1011.83,6488
2026-05-29 11:50:00,1015,1015,1015,1015,3,1011.83,6488
2026-05-29 11:55:00,1015,1015,1015,1015,4,1011.84,6488
2026-05-29 12:00:00,1015,1015,1015,1015,26,1011.84,6488
2026-05-29 12:05:00,1015,1015,1015,1015,3,1011.85,6488
2026-05-29 12:10:00,1015,1015,1015,1015,8,1011.85,6488
2026-05-29 12:15:00,1015,1015,1015,1015,6,1011.85,6488
2026-05-29 12:20:00,1015,1015,1015,1015,203,1011.91,6488
2026-05-29 12:25:00,1015,1015,1015,1015,5,1011.92,6488
2026-05-29 12:30:00,1015,1015,1015,1015,28,1011.92,6488
2026-05-29 12:35:00,1015,1015,1015,1015,174,1011.98,6488
2026-05-29 12:40:00,1015,1015,1015,1015,19,1011.98,6488
2026-05-29 12:45:00,1015,1015,1015,1015,15,1011.99,6488
2026-05-29 12:50:00,1015,1015,1015,1015,3,1011.99,6488
2026-05-29 12:55:00,1015,1015,1015,1015,6,1011.99,6488
2026-05-29 13:00:00,1015,1015,1015,1015,19,1012.0,6488
2026-05-29 13:05:00,1015,1015,1015,1015,98,1012.02,6488
2026-05-29 13:10:00,1015,1015,1015,1015,19,1012.03,6488
2026-05-29 13:15:00,1015,1015,1015,1015,11,1012.03,6488
2026-05-29 13:20:00,1015,1015,1015,1015,11,1012.04,6488
2026-05-29 13:30:00,1015,1015,1015,1015,370,1012.14,6488
2026-06-01 09:00:00,1015,1015,1015,1015,78,1015.0,6488
2026-06-01 09:20:00,980,980,980,980,215,989.32,6488
2026-06-01 09:40:00,1025,1025,1025,1025,417,1010.27,6488
2026-06-01 10:00:00,1030,1030,1030,1030,229,1015.09,6488
2026-06-01 10:20:00,1040,1040,1040,1040,203,1019.51,6488
2026-06-01 10:40:00,1030,1030,1030,1030,147,1020.71,6488
2026-06-01 11:00:00,974,974,974,974,428,1009.07,6488
2026-06-01 11:20:00,950,950,950,950,450,996.8,6488
2026-06-01 11:40:00,950,950,950,950,392,989.63,6488
2026-06-01 12:00:00,950,950,950,950,330,985.1,6488
2026-06-01 12:20:00,950,950,950,950,167,983.19,6488
2026-06-01 12:40:00,950,950,950,950,194,981.21,6488
2026-06-01 13:00:00,950,950,950,950,258,978.91,6488
2026-06-01 13:20:00,936,936,936,936,301,975.52,6488
2026-06-01 13:30:00,950,950,950,950,459,972.77,6488
2026-06-02 09:00:00,951,951,951,951,64,951.0,6488
2026-06-02 09:20:00,949,949,949,949,95,949.81,6488
2026-06-02 09:40:00,951,951,951,951,153,950.39,6488
2026-06-02 10:00:00,950,950,950,950,97,950.3,6488
2026-06-02 10:20:00,954,954,954,954,103,951.04,6488
2026-06-02 10:40:00,967,967,967,967,134,954.35,6488
2026-06-02 11:00:00,967,967,967,967,116,956.28,6488
2026-06-02 11:20:00,960,960,960,960,103,956.72,6488
2026-06-02 11:40:00,941,941,941,941,154,954.35,6488
2026-06-02 12:00:00,923,923,923,923,182,949.6,6488
2026-06-02 12:20:00,929,929,929,929,150,947.31,6488
2026-06-02 12:40:00,943,943,943,943,140,946.9,6488
2026-06-02 13:00:00,946,946,946,946,109,946.84,6488
2026-06-02 13:20:00,949,949,949,949,132,947.01,6488
2026-06-02 13:30:00,940,940,940,940,284,946.02,6488
2026-06-03 09:00:00,940,940,940,940,27,940.0,6488
2026-06-03 09:20:00,940,940,940,940,73,940.0,6488
2026-06-03 09:40:00,950,950,950,950,114,945.33,6488
2026-06-03 10:00:00,951,951,951,951,240,948.33,6488
2026-06-03 10:20:00,955,955,955,955,112,949.65,6488
2026-06-03 10:40:00,950,950,950,950,154,949.72,6488
2026-06-03 11:00:00,952,952,952,952,88,949.97,6488
2026-06-03 11:20:00,945,945,945,945,87,949.49,6488
2026-06-03 11:40:00,954,954,954,954,50,949.73,6488
2026-06-03 12:00:00,950,950,950,950,57,949.74,6488
2026-06-03 12:20:00,941,941,941,941,61,949.24,6488
2026-06-03 12:40:00,950,950,950,950,65,949.28,6488
2026-06-03 13:00:00,940,940,940,940,83,948.65,6488
2026-06-03 13:20:00,950,950,950,950,93,948.74,6488
2026-06-03 13:30:00,950,950,950,950,108,948.84,6488
2026-06-04 09:00:00,929,929,929,929,40,929.0,6488
2026-06-04 09:20:00,930,930,930,930,44,929.52,6488
2026-06-04 09:40:00,935,935,935,935,24,930.74,6488
2026-06-04 10:00:00,929,929,929,929,63,930.1,6488
2026-06-04 10:20:00,911,911,911,911,98,923.14,6488
2026-06-04 10:40:00,905,905,905,905,85,918.79,6488
2026-06-04 11:00:00,892,892,892,892,143,911.08,6488
2026-06-04 11:20:00,894,894,894,894,74,908.87,6488
2026-06-04 11:40:00,893,893,893,893,84,906.83,6488
2026-06-04 12:00:00,893,893,893,893,73,905.44,6488
2026-06-04 12:20:00,892,892,892,892,63,904.37,6488
2026-06-04 12:40:00,888,888,888,888,118,902.25,6488
2026-06-04 13:00:00,880,880,880,880,107,899.9,6488
2026-06-04 13:20:00,880,880,880,880,111,897.94,6488
2026-06-04 13:30:00,870,870,870,870,289,892.24,6488
2026-06-05 09:00:00,820,820,820,820,91,820.0,6488
2026-06-05 09:20:00,800,800,800,800,242,805.47,6488
2026-06-05 09:40:00,801,801,801,801,153,804.06,6488
2026-06-05 10:00:00,805,805,805,805,241,804.37,6488
2026-06-05 10:20:00,811,811,811,811,249,806.06,6488
2026-06-05 10:40:00,820,820,820,820,197,808.4,6488
2026-06-05 11:00:00,813,813,813,813,145,808.91,6488
2026-06-05 11:20:00,808,808,808,808,151,808.82,6488
2026-06-05 11:40:00,801,801,801,801,105,808.29,6488
2026-06-05 12:00:00,801,801,801,801,116,807.79,6488
2026-06-05 12:20:00,802,802,802,802,36,807.67,6488
2026-06-05 12:40:00,800,800,800,800,186,806.93,6488
2026-06-05 13:00:00,800,800,800,800,145,806.44,6488
2026-06-05 13:20:00,816,816,816,816,215,807.34,6488
2026-06-05 13:30:00,811,811,811,811,319,807.79,6488
2026-06-08 09:00:00,730,730,730,730,113,730.0,6488
2026-06-08 09:20:00,730,730,730,730,131,730.0,6488
2026-06-08 09:40:00,730,730,730,730,116,730.0,6488
2026-06-08 10:00:00,730,730,730,730,81,730.0,6488
2026-06-08 10:20:00,730,730,730,730,165,730.0,6488
2026-06-08 10:40:00,730,730,730,730,584,730.0,6488
2026-06-08 11:00:00,750,750,750,750,153,732.28,6488
2026-06-08 11:20:00,750,750,750,750,72,733.18,6488
2026-06-08 11:40:00,768,768,768,768,83,735.11,6488
2026-06-08 12:00:00,778,778,778,778,88,737.49,6488
2026-06-08 12:20:00,773,773,773,773,115,739.89,6488
2026-06-08 12:40:00,788,788,788,788,124,743.16,6488
2026-06-08 13:00:00,784,784,784,784,67,744.61,6488
2026-06-08 13:20:00,773,773,773,773,81,745.77,6488
2026-06-08 13:30:00,768,768,768,768,212,747.93,6488
2026-06-09 09:00:00,783,783,783,783,147,783.0,6488
2026-06-09 09:20:00,758,758,758,758,230,767.75,6488
2026-06-09 09:40:00,762,762,762,762,114,766.41,6488
2026-06-09 10:00:00,774,774,774,774,212,768.7,6488
2026-06-09 10:20:00,814,814,814,814,230,779.87,6488
2026-06-09 10:40:00,813,813,813,813,69,782.15,6488
2026-06-09 11:00:00,799,799,799,799,202,784.98,6488
2026-06-09 11:20:00,795,795,795,795,109,785.81,6488
2026-06-09 11:40:00,800,800,800,800,107,786.88,6488
2026-06-09 12:00:00,793,793,793,793,84,787.22,6488
2026-06-09 12:20:00,800,800,800,800,63,787.73,6488
2026-06-09 12:40:00,800,800,800,800,145,788.77,6488
2026-06-09 13:00:00,805,805,805,805,116,789.8,6488
2026-06-09 13:20:00,810,810,810,810,53,790.37,6488
2026-06-09 13:30:00,803,803,803,803,254,791.87,6488
2026-06-10 09:00:00,780,780,780,780,96,780.0,6488
2026-06-10 09:20:00,800,800,800,800,178,792.99,6488
2026-06-10 09:40:00,790,790,790,790,246,791.58,6488
2026-06-10 10:00:00,785,785,785,785,105,790.47,6488
2026-06-10 10:20:00,780,780,780,780,147,788.48,6488
2026-06-10 10:40:00,780,780,780,780,121,787.33,6488
2026-06-10 11:00:00,750,750,750,750,341,777.01,6488
2026-06-10 11:20:00,749,749,749,749,328,771.13,6488
2026-06-10 11:40:00,745,745,745,745,351,766.34,6488
2026-06-10 12:00:00,751,751,751,751,194,764.92,6488
2026-06-10 12:20:00,752,752,752,752,269,763.46,6488
2026-06-10 12:40:00,750,750,750,750,200,762.42,6488
2026-06-10 13:00:00,758,758,758,758,122,762.22,6488
2026-06-10 13:20:00,755,755,755,755,151,761.83,6488
2026-06-10 13:30:00,775,775,775,775,241,762.86,6488
2026-06-11 09:00:00,773,773,773,773,44,773.0,6488
2026-06-11 09:20:00,775,775,775,775,85,774.32,6488
2026-06-11 09:40:00,782,782,782,782,95,777.58,6488
2026-06-11 10:00:00,773,773,773,773,118,776.0,6488
2026-06-11 10:20:00,750,750,750,750,115,769.46,6488
2026-06-11 10:40:00,745,745,745,745,150,763.41,6488
2026-06-11 11:00:00,760,760,760,760,92,762.96,6488
2026-06-11 11:20:00,750,750,750,750,100,761.34,6488
2026-06-11 11:40:00,745,745,745,745,185,758.27,6488
2026-06-11 12:00:00,750,750,750,750,65,757.76,6488
2026-06-11 12:20:00,750,750,750,750,75,757.24,6488
2026-06-11 12:40:00,750,750,750,750,334,755.58,6488
2026-06-11 13:00:00,756,756,756,756,336,755.66,6488
2026-06-11 13:20:00,770,770,770,770,273,757.55,6488
2026-06-11 13:30:00,786,786,786,786,297,761.13,6488
2026-06-12 09:00:00,850,850,850,850,155,850.0,6488
2026-06-12 09:20:00,863,863,863,863,206,857.42,6488
2026-06-12 09:40:00,864,864,864,864,322,860.52,6488
2026-06-12 10:00:00,864,864,864,864,540,862.06,6488
2026-06-12 10:20:00,864,864,864,864,62,862.15,6488
2026-06-12 10:40:00,864,864,864,864,33,862.2,6488
2026-06-12 11:00:00,864,864,864,864,10,862.21,6488
2026-06-12 11:20:00,864,864,864,864,57,862.28,6488
2026-06-12 11:40:00,864,864,864,864,16,862.3,6488
2026-06-12 12:00:00,864,864,864,864,8,862.31,6488
2026-06-12 12:20:00,864,864,864,864,23,862.34,6488
2026-06-12 12:40:00,864,864,864,864,8,862.35,6488
2026-06-12 13:00:00,864,864,864,864,8,862.36,6488
2026-06-12 13:20:00,864,864,864,864,17,862.38,6488
2026-06-12 13:30:00,864,864,864,864,12,862.39,6488
2026-06-15 09:00:00,950,950,950,950,1640,950.0,6488
2026-06-15 09:05:00,950,950,950,950,41,950.0,6488
2026-06-15 09:10:00,950,950,950,950,18,950.0,6488
2026-06-15 09:15:00,950,950,950,950,9,950.0,6488
2026-06-15 09:20:00,950,950,950,950,8,950.0,6488
2026-06-15 09:25:00,950,950,950,950,4,950.0,6488
2026-06-15 09:30:00,950,950,918,950,2154,949.49,6488
2026-06-15 09:35:00,950,950,950,950,19,949.49,6488
2026-06-15 09:40:00,950,950,950,950,15,949.49,6488
2026-06-15 09:45:00,950,950,950,950,10,949.49,6488
2026-06-15 09:50:00,950,950,950,950,10,949.5,6488
2026-06-15 09:55:00,950,950,950,950,14,949.5,6488
2026-06-15 10:00:00,950,950,950,950,1,949.5,6488
2026-06-15 10:05:00,950,950,950,950,2,949.5,6488
2026-06-15 10:10:00,950,950,950,950,7,949.5,6488
2026-06-15 10:15:00,950,950,950,950,517,949.56,6488
2026-06-15 10:20:00,950,950,950,950,7,949.56,6488
2026-06-15 10:25:00,950,950,950,950,4,949.56,6488
2026-06-15 10:35:00,950,950,950,950,3,949.56,6488
2026-06-15 10:40:00,950,950,950,950,3,949.56,6488
2026-06-15 10:45:00,950,950,950,950,9,949.56,6488
2026-06-15 10:50:00,950,950,950,950,3,949.56,6488
2026-06-15 10:55:00,950,950,950,950,1,949.56,6488
2026-06-15 11:00:00,950,950,950,950,4,949.56,6488
2026-06-15 11:05:00,950,950,950,950,4,949.56,6488
2026-06-15 11:10:00,950,950,950,950,6,949.56,6488
2026-06-15 11:15:00,950,950,950,950,1,949.56,6488
2026-06-15 11:20:00,950,950,950,950,7,949.56,6488
2026-06-15 11:25:00,950,950,950,950,11,949.56,6488
2026-06-15 11:30:00,950,950,950,950,8,949.56,6488
2026-06-15 11:35:00,950,950,950,950,1,949.56,6488
2026-06-15 11:40:00,950,950,950,950,1,949.56,6488
2026-06-15 11:55:00,950,950,950,950,1,949.56,6488
2026-06-15 12:00:00,950,950,950,950,1,949.56,6488
2026-06-15 12:05:00,950,950,950,950,25,949.57,6488
2026-06-15 12:10:00,950,950,950,950,25,949.57,6488
2026-06-15 12:15:00,950,950,950,950,7,949.57,6488
2026-06-15 12:20:00,950,950,950,950,68,949.58,6488
2026-06-15 12:25:00,950,950,950,950,2,949.58,6488
2026-06-15 12:35:00,950,950,950,950,3,949.58,6488
2026-06-15 12:40:00,950,950,950,950,2,949.58,6488
2026-06-15 12:45:00,950,950,950,950,3,949.58,6488
2026-06-15 12:50:00,950,950,950,950,1,949.58,6488
2026-06-15 12:55:00,950,950,950,950,2,949.58,6488
2026-06-15 13:00:00,950,950,950,950,1,949.58,6488
2026-06-15 13:10:00,950,950,950,950,1,949.58,6488
2026-06-15 13:15:00,950,950,950,950,6,949.58,6488
2026-06-15 13:20:00,950,950,950,950,7,949.58,6488
2026-06-15 13:30:00,950,950,950,950,137,949.59,6488
2026-06-16 09:00:00,983,1045,981,1045,2849,1013.98,6488
2026-06-16 09:05:00,1045,1045,1045,1045,276,1016.72,6488
2026-06-16 09:10:00,1045,1045,1010,1045,1701,1025.43,6488
2026-06-16 09:15:00,1045,1045,1045,1045,578,1027.52,6488
2026-06-16 09:20:00,1045,1045,1045,1045,26,1027.6,6488
2026-06-16 09:25:00,1045,1045,1045,1045,48,1027.76,6488
2026-06-16 09:30:00,1045,1045,1045,1045,32,1027.86,6488
2026-06-16 09:35:00,1045,1045,1045,1045,38,1027.97,6488
2026-06-16 09:40:00,1045,1045,1045,1045,20,1028.03,6488
2026-06-16 09:45:00,1045,1045,1045,1045,21,1028.1,6488
2026-06-16 09:50:00,1045,1045,1045,1045,15,1028.14,6488
2026-06-16 09:55:00,1045,1045,1045,1045,37,1028.25,6488
2026-06-16 10:00:00,1045,1045,1045,1045,19,1028.31,6488
2026-06-16 10:05:00,1045,1045,1045,1045,17,1028.36,6488
2026-06-16 10:10:00,1045,1045,1045,1045,457,1029.6,6488
2026-06-16 10:15:00,1045,1045,1045,1045,113,1029.88,6488
2026-06-16 10:20:00,1045,1045,1045,1045,47,1029.99,6488
2026-06-16 10:25:00,1045,1045,1025,1040,1931,1032.81,6488
2026-06-16 10:30:00,1040,1045,1025,1035,525,1033.03,6488
2026-06-16 10:35:00,1035,1045,1035,1045,841,1034.04,6488
2026-06-16 10:40:00,1045,1045,1045,1045,24,1034.07,6488
2026-06-16 10:45:00,1045,1045,1045,1045,18,1034.09,6488
2026-06-16 10:50:00,1045,1045,1045,1045,28,1034.12,6488
2026-06-16 10:55:00,1045,1045,1045,1045,27,1034.15,6488
2026-06-16 11:00:00,1045,1045,1045,1045,21,1034.17,6488
2026-06-16 11:05:00,1045,1045,1045,1045,252,1034.45,6488
2026-06-16 11:10:00,1045,1045,1045,1045,53,1034.5,6488
2026-06-16 11:15:00,1045,1045,1045,1045,34,1034.54,6488
2026-06-16 11:20:00,1045,1045,1045,1045,652,1035.18,6488
2026-06-16 11:25:00,1045,1045,1045,1045,23,1035.2,6488
2026-06-16 11:30:00,1045,1045,1045,1045,15,1035.21,6488
2026-06-16 11:35:00,1045,1045,1045,1045,6,1035.22,6488
2026-06-16 11:40:00,1045,1045,1045,1045,12,1035.23,6488
2026-06-16 11:45:00,1045,1045,1045,1045,17,1035.24,6488
2026-06-16 11:50:00,1045,1045,1045,1045,7,1035.25,6488
2026-06-16 11:55:00,1045,1045,1045,1045,2,1035.25,6488
2026-06-16 12:00:00,1045,1045,1045,1045,14,1035.26,6488
2026-06-16 12:05:00,1045,1045,1045,1045,15,1035.28,6488
2026-06-16 12:10:00,1045,1045,1045,1045,20,1035.3,6488
2026-06-16 12:15:00,1045,1045,1045,1045,14,1035.31,6488
2026-06-16 12:20:00,1045,1045,1045,1045,24,1035.33,6488
2026-06-16 12:25:00,1045,1045,1045,1045,146,1035.46,6488
2026-06-16 12:30:00,1045,1045,1045,1045,641,1035.98,6488
2026-06-16 12:35:00,1045,1045,1040,1045,352,1036.22,6488
2026-06-16 12:40:00,1045,1045,1045,1045,49,1036.26,6488
2026-06-16 12:45:00,1045,1045,1045,1045,55,1036.3,6488
2026-06-16 12:50:00,1045,1045,1045,1045,249,1036.47,6488
2026-06-16 12:55:00,1045,1045,1045,1045,75,1036.53,6488
2026-06-16 13:00:00,1045,1045,1045,1045,19,1036.54,6488
2026-06-16 13:05:00,1045,1045,1045,1045,1,1036.54,6488
2026-06-16 13:10:00,1045,1045,1045,1045,6,1036.54,6488
2026-06-16 13:15:00,1045,1045,1045,1045,12,1036.55,6488
2026-06-16 13:20:00,1045,1045,1045,1045,27,1036.57,6488
2026-06-16 13:30:00,1045,1045,1045,1045,103,1036.64,6488
2026-06-17 09:00:00,1035,1070,1030,1060,1874,1053.58,6488
2026-06-17 09:05:00,1065,1070,1035,1040,657,1052.18,6488
2026-06-17 09:10:00,1045,1055,1025,1050,500,1050.18,6488
2026-06-17 09:15:00,1055,1070,1050,1065,968,1052.58,6488
2026-06-17 09:20:00,1070,1085,1065,1085,720,1055.88,6488
2026-06-17 09:25:00,1085,1125,1080,1105,1279,1065.99,6488
2026-06-17 09:30:00,1105,1110,1090,1100,378,1067.88,6488
2026-06-17 09:35:00,1100,1120,1095,1115,639,1071.82,6488
2026-06-17 09:40:00,1115,1130,1110,1120,781,1076.85,6488
2026-06-17 09:45:00,1120,1130,1105,1125,530,1079.46,6488
2026-06-17 09:50:00,1125,1140,1115,1135,946,1084.69,6488
2026-06-17 09:55:00,1140,1145,1130,1140,1052,1090.36,6488
2026-06-17 10:00:00,1140,1140,1130,1135,323,1091.77,6488
2026-06-17 10:05:00,1135,1140,1120,1130,202,1092.42,6488
2026-06-17 10:10:00,1130,1140,1130,1130,152,1093.01,6488
2026-06-17 10:15:00,1130,1135,1125,1125,96,1093.33,6488
2026-06-17 10:20:00,1130,1135,1130,1135,145,1093.83,6488
2026-06-17 10:25:00,1135,1140,1135,1135,72,1094.1,6488
2026-06-17 10:30:00,1140,1140,1135,1140,180,1094.81,6488
2026-06-17 10:35:00,1140,1145,1140,1140,389,1096.41,6488
2026-06-17 10:40:00,1145,1145,1140,1140,134,1096.93,6488
2026-06-17 10:45:00,1140,1145,1140,1140,64,1097.16,6488
2026-06-17 10:50:00,1135,1140,1130,1135,73,1097.39,6488
2026-06-17 10:55:00,1135,1140,1130,1130,55,1097.55,6488
2026-06-17 11:00:00,1130,1140,1125,1135,129,1097.92,6488
2026-06-17 11:05:00,1135,1135,1125,1125,49,1098.05,6488
2026-06-17 11:10:00,1130,1135,1125,1130,49,1098.18,6488
2026-06-17 11:15:00,1130,1135,1125,1130,114,1098.45,6488
2026-06-17 11:20:00,1130,1135,1125,1135,84,1098.68,6488
2026-06-17 11:25:00,1135,1135,1130,1130,36,1098.77,6488
2026-06-17 11:30:00,1130,1135,1125,1135,48,1098.9,6488
2026-06-17 11:35:00,1130,1140,1130,1140,83,1099.13,6488
2026-06-17 11:40:00,1140,1140,1125,1130,73,1099.31,6488
2026-06-17 11:45:00,1135,1135,1130,1130,32,1099.4,6488
2026-06-17 11:50:00,1130,1130,1120,1125,93,1099.59,6488
2026-06-17 11:55:00,1125,1125,1120,1125,27,1099.64,6488
2026-06-17 12:00:00,1120,1125,1110,1110,346,1100.13,6488
2026-06-17 12:05:00,1115,1120,1105,1120,221,1100.31,6488
2026-06-17 12:10:00,1115,1120,1105,1110,109,1100.41,6488
2026-06-17 12:15:00,1110,1110,1095,1105,479,1100.42,6488
2026-06-17 12:20:00,1105,1110,1095,1095,117,1100.45,6488
2026-06-17 12:25:00,1100,1100,1085,1090,220,1100.33,6488
2026-06-17 12:30:00,1090,1100,1085,1100,176,1100.19,6488
2026-06-17 12:35:00,1100,1105,1095,1095,91,1100.18,6488
2026-06-17 12:40:00,1095,1095,1090,1095,51,1100.16,6488
2026-06-17 12:45:00,1095,1095,1085,1090,65,1100.11,6488
2026-06-17 12:50:00,1090,1090,1070,1085,219,1099.79,6488
2026-06-17 12:55:00,1080,1085,1075,1080,68,1099.7,6488
2026-06-17 13:00:00,1080,1090,1075,1090,117,1099.57,6488
2026-06-17 13:05:00,1090,1090,1080,1080,98,1099.49,6488
2026-06-17 13:10:00,1085,1085,1080,1085,114,1099.36,6488
2026-06-17 13:15:00,1080,1090,1080,1090,129,1099.24,6488
2026-06-17 13:20:00,1090,1095,1085,1095,116,1099.18,6488
2026-06-17 13:30:00,1100,1100,1100,1100,320,1099.2,6488
2026-06-18 09:00:00,1110,1145,1090,1115,1538,1113.92,6488
2026-06-18 09:05:00,1115,1120,1070,1085,790,1104.82,6488
2026-06-18 09:10:00,1090,1115,1085,1110,416,1104.97,6488
2026-06-18 09:15:00,1110,1115,1100,1105,146,1105.08,6488
2026-06-18 09:20:00,1105,1105,1080,1090,175,1104.43,6488
2026-06-18 09:25:00,1090,1095,1065,1075,309,1102.0,6488
2026-06-18 09:30:00,1075,1085,1065,1085,425,1098.32,6488
2026-06-18 09:35:00,1085,1090,1075,1080,117,1097.88,6488
2026-06-18 09:40:00,1080,1080,1075,1080,95,1097.37,6488
2026-06-18 09:45:00,1080,1095,1075,1095,146,1096.96,6488
2026-06-18 09:50:00,1095,1105,1080,1100,398,1096.88,6488
2026-06-18 09:55:00,1100,1110,1100,1105,301,1097.27,6488
2026-06-18 10:00:00,1105,1125,1100,1100,470,1098.74,6488
2026-06-18 10:05:00,1100,1105,1095,1095,117,1098.74,6488
2026-06-18 10:10:00,1090,1095,1075,1080,196,1098.15,6488
2026-06-18 10:15:00,1080,1100,1080,1095,87,1098.05,6488
2026-06-18 10:20:00,1100,1105,1100,1105,152,1098.16,6488
2026-06-18 10:25:00,1105,1110,1090,1090,139,1098.27,6488
2026-06-18 10:30:00,1090,1100,1090,1090,118,1098.19,6488
2026-06-18 10:35:00,1090,1090,1085,1090,51,1098.12,6488
2026-06-18 10:40:00,1095,1105,1095,1105,134,1098.16,6488
2026-06-18 10:45:00,1105,1105,1090,1100,134,1098.16,6488
2026-06-18 10:50:00,1100,1100,1085,1085,190,1097.91,6488
2026-06-18 10:55:00,1085,1085,1080,1085,86,1097.73,6488
2026-06-18 11:00:00,1085,1090,1080,1090,115,1097.5,6488
2026-06-18 11:05:00,1090,1095,1085,1095,25,1097.47,6488
2026-06-18 11:10:00,1095,1095,1085,1085,102,1097.37,6488
2026-06-18 11:15:00,1090,1090,1090,1090,38,1097.33,6488
2026-06-18 11:20:00,1090,1095,1090,1095,75,1097.3,6488
2026-06-18 11:25:00,1095,1100,1095,1095,51,1097.28,6488
2026-06-18 11:30:00,1095,1100,1090,1100,88,1097.26,6488
2026-06-18 11:35:00,1100,1105,1090,1105,279,1097.34,6488
2026-06-18 11:40:00,1105,1105,1100,1105,103,1097.38,6488
2026-06-18 11:45:00,1100,1125,1100,1125,447,1098.33,6488
2026-06-18 11:50:00,1125,1125,1110,1120,315,1099.13,6488
2026-06-18 11:55:00,1115,1125,1115,1120,256,1099.8,6488
2026-06-18 12:00:00,1120,1120,1110,1110,48,1099.87,6488
2026-06-18 12:05:00,1115,1115,1110,1110,13,1099.89,6488
2026-06-18 12:10:00,1115,1115,1100,1100,114,1100.01,6488
2026-06-18 12:15:00,1100,1105,1100,1105,27,1100.01,6488
2026-06-18 12:20:00,1100,1115,1100,1110,61,1100.07,6488
2026-06-18 12:25:00,1115,1115,1100,1100,148,1100.19,6488
2026-06-18 12:30:00,1105,1105,1100,1105,30,1100.19,6488
2026-06-18 12:35:00,1105,1110,1100,1110,41,1100.21,6488
2026-06-18 12:40:00,1105,1110,1100,1100,128,1100.26,6488
2026-06-18 12:45:00,1100,1105,1100,1105,27,1100.26,6488
2026-06-18 12:50:00,1105,1105,1100,1100,147,1100.32,6488
2026-06-18 12:55:00,1100,1105,1095,1095,212,1100.24,6488
2026-06-18 13:00:00,1095,1100,1085,1095,342,1100.0,6488
2026-06-18 13:05:00,1095,1095,1085,1090,106,1099.9,6488
2026-06-18 13:10:00,1090,1110,1090,1105,308,1099.98,6488
2026-06-18 13:15:00,1105,1110,1100,1110,162,1100.05,6488
2026-06-18 13:20:00,1110,1115,1105,1110,257,1100.28,6488
2026-06-18 13:30:00,1110,1110,1110,1110,640,1100.82,6488
2026-06-22 09:00:00,1170,1170,1170,1170,114,1170.0,6488
2026-06-22 09:20:00,1140,1140,1140,1140,114,1155.0,6488
2026-06-22 09:40:00,1140,1140,1140,1140,168,1148.64,6488
2026-06-22 10:00:00,1140,1140,1140,1140,166,1146.09,6488
2026-06-22 10:20:00,1150,1150,1150,1150,155,1146.93,6488
2026-06-22 10:40:00,1150,1150,1150,1150,112,1147.35,6488
2026-06-22 11:00:00,1135,1135,1135,1135,81,1146.25,6488
2026-06-22 11:20:00,1125,1125,1125,1125,89,1144.35,6488
2026-06-22 11:40:00,1125,1125,1125,1125,56,1143.33,6488
2026-06-22 12:00:00,1110,1110,1110,1110,97,1140.52,6488
2026-06-22 12:20:00,1110,1110,1110,1110,116,1137.73,6488
2026-06-22 12:40:00,1110,1110,1110,1110,76,1136.16,6488
2026-06-22 13:00:00,1115,1115,1115,1115,126,1134.35,6488
2026-06-22 13:20:00,1110,1110,1110,1110,154,1132.04,6488
2026-06-22 13:30:00,1115,1115,1115,1115,136,1130.72,6488
2026-06-23 09:00:00,1095,1095,1095,1095,36,1095.0,6488
2026-06-23 09:20:00,1055,1055,1055,1055,83,1067.1,6488
2026-06-23 09:40:00,1070,1070,1070,1070,115,1068.53,6488
2026-06-23 10:00:00,1070,1070,1070,1070,82,1068.91,6488
2026-06-23 10:20:00,1055,1055,1055,1055,147,1064.49,6488
2026-06-23 10:40:00,1060,1060,1060,1060,109,1063.64,6488
2026-06-23 11:00:00,1035,1035,1035,1035,153,1057.59,6488
2026-06-23 11:20:00,1035,1035,1035,1035,96,1054.95,6488
2026-06-23 11:40:00,1030,1030,1030,1030,120,1051.77,6488
2026-06-23 12:00:00,1055,1055,1055,1055,156,1052.23,6488
2026-06-23 12:20:00,1035,1035,1035,1035,74,1051.14,6488
2026-06-23 12:40:00,1035,1035,1035,1035,82,1050.08,6488
2026-06-23 13:00:00,1020,1020,1020,1020,154,1046.79,6488
2026-06-23 13:20:00,1015,1015,1015,1015,147,1043.78,6488
2026-06-23 13:30:00,1010,1010,1010,1010,272,1038.75,6488
2026-06-24 09:00:00,953,953,953,953,204,953.0,6488
2026-06-24 09:20:00,981,981,981,981,108,962.69,6488
2026-06-24 09:40:00,987,987,987,987,95,968.37,6488
2026-06-24 10:00:00,995,995,995,995,105,973.83,6488
2026-06-24 10:20:00,990,990,990,990,94,976.34,6488
2026-06-24 10:40:00,973,973,973,973,46,976.1,6488
2026-06-24 11:00:00,970,970,970,970,56,975.62,6488
2026-06-24 11:20:00,958,958,958,958,124,972.99,6488
2026-06-24 11:40:00,958,958,958,958,63,971.94,6488
2026-06-24 12:00:00,959,959,959,959,50,971.25,6488
2026-06-24 12:20:00,950,950,950,950,149,968.36,6488
2026-06-24 12:40:00,962,962,962,962,109,967.78,6488
2026-06-24 13:00:00,978,978,978,978,85,968.46,6488
2026-06-24 13:20:00,984,984,984,984,85,969.42,6488
2026-06-24 13:30:00,965,965,965,965,191,968.88,6488
2026-06-25 09:00:00,990,990,990,990,38,990.0,6488
2026-06-25 09:20:00,994,994,994,994,121,993.04,6488
2026-06-25 09:40:00,1000,1000,1000,1000,102,995.76,6488
2026-06-25 10:00:00,1010,1010,1010,1010,91,999.44,6488
2026-06-25 10:20:00,990,990,990,990,69,997.9,6488
2026-06-25 10:40:00,981,981,981,981,96,994.76,6488
2026-06-25 11:00:00,998,998,998,998,43,995.01,6488
2026-06-25 11:20:00,998,998,998,998,79,995.38,6488
2026-06-25 11:40:00,995,995,995,995,66,995.34,6488
2026-06-25 12:00:00,981,981,981,981,101,993.54,6488
2026-06-25 12:20:00,1000,1000,1000,1000,78,994.11,6488
2026-06-25 12:40:00,1020,1020,1020,1020,70,996.01,6488
2026-06-25 13:00:00,1040,1040,1040,1040,92,999.88,6488
2026-06-25 13:20:00,1035,1035,1035,1035,79,1002.35,6488
2026-06-25 13:30:00,1040,1040,1040,1040,127,1006.17,6488
2026-06-26 09:00:00,1010,1010,1010,1010,41,1010.0,6488
2026-06-26 09:20:00,1010,1010,1010,1010,115,1010.0,6488
2026-06-26 09:40:00,1000,1000,1000,1000,126,1005.53,6488
2026-06-26 10:00:00,980,980,980,980,173,995.82,6488
2026-06-26 10:20:00,962,962,962,962,174,986.47,6488
2026-06-26 10:40:00,951,951,951,951,115,980.99,6488
2026-06-26 11:00:00,950,950,950,950,119,976.71,6488
2026-06-26 11:20:00,940,940,940,940,235,968.86,6488
2026-06-26 11:40:00,937,937,937,937,152,964.98,6488
2026-06-26 12:00:00,942,942,942,942,206,961.73,6488
2026-06-26 12:20:00,937,937,937,937,181,959.0,6488
2026-06-26 12:40:00,936,936,936,936,294,955.49,6488
2026-06-26 13:00:00,936,936,936,936,29,955.21,6488
2026-06-26 13:20:00,936,936,936,936,47,954.76,6488
2026-06-26 13:30:00,936,936,936,936,126,953.65,6488
2026-06-29 09:00:00,915,915,915,915,118,915.0,6488
2026-06-29 09:20:00,910,910,910,910,169,912.06,6488
2026-06-29 09:40:00,906,906,906,906,254,909.21,6488
2026-06-29 10:00:00,902,902,902,902,203,907.24,6488
2026-06-29 10:20:00,889,889,889,889,241,902.78,6488
2026-06-29 10:40:00,893,893,893,893,205,901.1,6488
2026-06-29 11:00:00,900,900,900,900,180,900.95,6488
2026-06-29 11:20:00,898,898,898,898,149,900.66,6488
2026-06-29 11:40:00,876,876,876,876,203,897.75,6488
2026-06-29 12:00:00,866,866,866,866,299,893.06,6488
2026-06-29 12:20:00,873,873,873,873,186,891.37,6488
2026-06-29 12:40:00,887,887,887,887,109,891.16,6488
2026-06-29 13:00:00,889,889,889,889,115,891.06,6488
2026-06-29 13:20:00,901,901,901,901,87,891.4,6488
2026-06-29 13:30:00,915,915,915,915,182,892.99,6488
2026-06-30 09:00:00,961,961,961,961,92,961.0,6488
2026-06-30 09:20:00,1005,1005,1005,1005,419,997.08,6488
2026-06-30 09:40:00,999,999,999,999,198,997.61,6488
2026-06-30 10:00:00,984,984,984,984,164,995.06,6488
2026-06-30 10:20:00,991,991,991,991,105,994.62,6488
2026-06-30 10:40:00,1000,1000,1000,1000,133,995.27,6488
2026-06-30 11:00:00,996,996,996,996,111,995.33,6488
2026-06-30 11:20:00,997,997,997,997,98,995.46,6488
2026-06-30 11:40:00,1000,1000,1000,1000,132,995.87,6488
2026-06-30 12:00:00,1005,1005,1005,1005,119,996.56,6488
2026-06-30 12:20:00,1005,1005,1005,1005,521,998.66,6488
2026-06-30 12:40:00,1005,1005,1005,1005,35,998.77,6488
2026-06-30 13:00:00,1005,1005,1005,1005,97,999.04,6488
2026-06-30 13:20:00,1005,1005,1005,1005,8,999.06,6488
2026-06-30 13:30:00,1005,1005,1005,1005,21,999.12,6488
2026-07-01 09:00:00,1105,1105,1105,1105,798,1105.0,6488
2026-07-01 09:20:00,1105,1105,1105,1105,303,1105.0,6488
2026-07-01 09:40:00,1105,1105,1105,1105,1202,1105.0,6488
2026-07-01 10:00:00,1105,1105,1105,1105,540,1105.0,6488
2026-07-01 10:20:00,1090,1090,1090,1090,278,1103.66,6488
2026-07-01 10:40:00,1105,1105,1105,1105,406,1103.82,6488
2026-07-01 11:00:00,1105,1105,1105,1105,43,1103.83,6488
2026-07-01 11:20:00,1105,1105,1105,1105,15,1103.84,6488
2026-07-01 11:40:00,1105,1105,1105,1105,13,1103.84,6488
2026-07-01 12:00:00,1105,1105,1105,1105,14,1103.85,6488
2026-07-01 12:20:00,1105,1105,1105,1105,17,1103.85,6488
2026-07-01 12:40:00,1105,1105,1105,1105,38,1103.86,6488
2026-07-01 13:00:00,1105,1105,1105,1105,1,1103.86,6488
2026-07-01 13:20:00,1105,1105,1105,1105,33,1103.87,6488
2026-07-01 13:30:00,1105,1105,1105,1105,1,1103.87,6488
2026-07-02 09:00:00,1085,1085,1085,1085,152,1085.0,6488
2026-07-02 09:20:00,1165,1165,1165,1165,485,1145.91,6488
2026-07-02 09:40:00,1190,1190,1190,1190,338,1161.19,6488
2026-07-02 10:00:00,1170,1170,1170,1170,227,1162.86,6488
2026-07-02 10:20:00,1170,1170,1170,1170,245,1164.07,6488
2026-07-02 10:40:00,1185,1185,1185,1185,208,1166.7,6488
2026-07-02 11:00:00,1195,1195,1195,1195,219,1170.01,6488
2026-07-02 11:20:00,1180,1180,1180,1180,183,1170.89,6488
2026-07-02 11:40:00,1170,1170,1170,1170,141,1170.84,6488
2026-07-02 12:00:00,1155,1155,1155,1155,188,1169.59,6488
2026-07-02 12:20:00,1150,1150,1150,1150,252,1167.72,6488
2026-07-02 12:40:00,1145,1145,1145,1145,278,1165.55,6488
2026-07-02 13:00:00,1145,1145,1145,1145,375,1163.21,6488
2026-07-02 13:20:00,1170,1170,1170,1170,223,1163.64,6488
2026-07-02 13:30:00,1205,1205,1205,1205,573,1169.44,6488
2026-07-03 09:00:00,1175,1175,1175,1175,175,1175.0,6488
2026-07-03 09:20:00,1170,1170,1170,1170,248,1172.07,6488
2026-07-03 09:40:00,1175,1175,1175,1175,255,1173.17,6488
2026-07-03 10:00:00,1175,1175,1175,1175,327,1173.77,6488
2026-07-03 10:20:00,1200,1200,1200,1200,392,1181.13,6488
2026-07-03 10:40:00,1225,1225,1225,1225,272,1188.28,6488
2026-07-03 11:00:00,1195,1195,1195,1195,234,1189.1,6488
2026-07-03 11:20:00,1190,1190,1190,1190,264,1189.21,6488
2026-07-03 11:40:00,1190,1190,1190,1190,173,1189.27,6488
2026-07-03 12:00:00,1200,1200,1200,1200,178,1190.03,6488
2026-07-03 12:20:00,1210,1210,1210,1210,158,1191.21,6488
2026-07-03 12:40:00,1230,1230,1230,1230,221,1194.17,6488
2026-07-03 13:00:00,1250,1250,1250,1250,253,1198.65,6488
2026-07-03 13:20:00,1255,1255,1255,1255,216,1202.27,6488
2026-07-03 13:30:00,1255,1255,1255,1255,350,1207.23,6488
2026-07-06 09:00:00,1290,1380,1280,1380,5038,1341.46,6488
2026-07-06 09:05:00,1380,1380,1330,1355,1882,1348.33,6488
2026-07-06 09:10:00,1350,1380,1350,1370,973,1350.35,6488
2026-07-06 09:15:00,1370,1380,1350,1380,1787,1355.11,6488
2026-07-06 09:20:00,1380,1380,1340,1380,2057,1358.38,6488
2026-07-06 09:25:00,1380,1380,1335,1345,596,1358.36,6488
2026-07-06 09:30:00,1345,1375,1345,1375,331,1358.43,6488
2026-07-06 09:35:00,1370,1370,1355,1355,150,1358.51,6488
2026-07-06 09:40:00,1360,1360,1330,1335,216,1358.23,6488
2026-07-06 09:45:00,1335,1340,1300,1310,589,1356.67,6488
2026-07-06 09:50:00,1315,1315,1300,1305,773,1353.91,6488
2026-07-06 09:55:00,1305,1325,1305,1325,332,1353.04,6488
2026-07-06 10:00:00,1325,1345,1320,1335,314,1352.64,6488
2026-07-06 10:05:00,1335,1335,1320,1320,88,1352.49,6488
2026-07-06 10:10:00,1325,1325,1300,1310,250,1351.82,6488
2026-07-06 10:15:00,1315,1340,1310,1325,267,1351.41,6488
2026-07-06 10:20:00,1320,1350,1320,1345,284,1351.21,6488
2026-07-06 10:25:00,1340,1345,1325,1325,252,1350.91,6488
2026-07-06 10:30:00,1325,1335,1320,1330,165,1350.68,6488
2026-07-06 10:35:00,1330,1335,1320,1330,87,1350.54,6488
2026-07-06 10:40:00,1330,1335,1320,1325,73,1350.44,6488
2026-07-06 10:45:00,1320,1335,1315,1325,226,1350.08,6488
2026-07-06 10:50:00,1325,1335,1320,1330,116,1349.92,6488
2026-07-06 10:55:00,1330,1335,1315,1325,201,1349.6,6488
2026-07-06 11:00:00,1325,1340,1320,1340,152,1349.45,6488
2026-07-06 11:05:00,1340,1340,1330,1335,100,1349.38,6488
2026-07-06 11:10:00,1330,1345,1330,1340,95,1349.33,6488
2026-07-06 11:15:00,1340,1350,1325,1325,191,1349.23,6488
2026-07-06 11:20:00,1330,1335,1315,1320,112,1349.06,6488
2026-07-06 11:25:00,1325,1330,1320,1325,128,1348.9,6488
2026-07-06 11:30:00,1325,1330,1320,1325,56,1348.83,6488
2026-07-06 11:35:00,1325,1345,1325,1340,93,1348.78,6488
2026-07-06 11:40:00,1340,1340,1325,1330,51,1348.74,6488
2026-07-06 11:45:00,1325,1350,1325,1345,277,1348.69,6488
2026-07-06 11:50:00,1345,1345,1335,1345,84,1348.66,6488
2026-07-06 11:55:00,1345,1360,1340,1360,135,1348.67,6488
2026-07-06 12:00:00,1360,1360,1330,1335,231,1348.67,6488
2026-07-06 12:05:00,1335,1345,1330,1345,204,1348.53,6488
2026-07-06 12:10:00,1345,1365,1345,1355,223,1348.61,6488
2026-07-06 12:15:00,1350,1355,1345,1355,80,1348.62,6488
2026-07-06 12:20:00,1355,1360,1345,1350,63,1348.63,6488
2026-07-06 12:25:00,1355,1355,1340,1345,93,1348.63,6488
2026-07-06 12:30:00,1345,1355,1345,1350,59,1348.63,6488
2026-07-06 12:35:00,1350,1355,1345,1350,62,1348.64,6488
2026-07-06 12:40:00,1355,1355,1335,1345,147,1348.6,6488
2026-07-06 12:45:00,1345,1345,1330,1330,94,1348.55,6488
2026-07-06 12:50:00,1335,1345,1330,1335,132,1348.47,6488
2026-07-06 12:55:00,1335,1335,1320,1335,178,1348.3,6488
2026-07-06 13:00:00,1330,1340,1325,1330,129,1348.19,6488
2026-07-06 13:05:00,1330,1340,1330,1335,145,1348.08,6488
2026-07-06 13:10:00,1335,1335,1320,1330,160,1347.91,6488
2026-07-06 13:15:00,1335,1345,1325,1335,145,1347.83,6488
2026-07-06 13:20:00,1345,1345,1325,1330,153,1347.7,6488
2026-07-06 13:30:00,1335,1335,1335,1335,497,1347.4,6488
2026-07-07 09:00:00,1320,1320,1250,1265,1044,1287.72,6488
2026-07-07 09:05:00,1270,1295,1240,1270,691,1278.71,6488
2026-07-07 09:10:00,1275,1295,1265,1265,328,1279.39,6488
2026-07-07 09:15:00,1265,1265,1240,1260,466,1273.78,6488
2026-07-07 09:20:00,1255,1265,1245,1245,204,1272.12,6488
2026-07-07 09:25:00,1250,1275,1235,1275,370,1269.17,6488
2026-07-07 09:30:00,1270,1275,1245,1250,208,1268.46,6488
2026-07-07 09:35:00,1250,1280,1245,1275,443,1267.51,6488
2026-07-07 09:40:00,1275,1300,1270,1300,405,1269.3,6488
2026-07-07 09:45:00,1300,1315,1290,1315,420,1272.38,6488
2026-07-07 09:50:00,1310,1310,1285,1290,216,1273.62,6488
2026-07-07 09:55:00,1290,1290,1260,1265,150,1273.54,6488
2026-07-07 10:00:00,1260,1265,1255,1255,94,1273.32,6488
2026-07-07 10:05:00,1255,1255,1250,1255,136,1272.8,6488
2026-07-07 10:10:00,1255,1255,1235,1245,242,1271.54,6488
2026-07-07 10:15:00,1240,1245,1235,1240,160,1270.56,6488
2026-07-07 10:20:00,1235,1255,1235,1240,229,1269.38,6488
2026-07-07 10:25:00,1240,1260,1240,1255,135,1268.86,6488
2026-07-07 10:30:00,1255,1260,1245,1255,78,1268.67,6488
2026-07-07 10:35:00,1255,1260,1250,1250,43,1268.58,6488
2026-07-07 10:40:00,1250,1265,1250,1260,93,1268.42,6488
2026-07-07 10:45:00,1255,1265,1255,1255,63,1268.32,6488
2026-07-07 10:50:00,1255,1260,1245,1245,100,1268.06,6488
2026-07-07 10:55:00,1245,1250,1235,1240,192,1267.31,6488
2026-07-07 11:00:00,1240,1245,1225,1235,286,1265.84,6488
2026-07-07 11:05:00,1230,1240,1230,1230,81,1265.48,6488
2026-07-07 11:10:00,1235,1245,1230,1235,141,1264.92,6488
2026-07-07 11:15:00,1235,1240,1215,1220,432,1262.56,6488
2026-07-07 11:20:00,1220,1225,1205,1205,979,1256.52,6488
2026-07-07 11:25:00,1205,1205,1205,1205,80,1256.04,6488
2026-07-07 11:30:00,1205,1205,1205,1205,32,1255.85,6488
2026-07-07 11:35:00,1205,1205,1205,1205,33,1255.65,6488
2026-07-07 11:40:00,1205,1205,1205,1205,25,1255.51,6488
2026-07-07 11:45:00,1205,1205,1205,1205,93,1254.97,6488
2026-07-07 11:50:00,1205,1205,1205,1205,12,1254.9,6488
2026-07-07 11:55:00,1205,1205,1205,1205,7,1254.86,6488
2026-07-07 12:00:00,1205,1205,1205,1205,17,1254.76,6488
2026-07-07 12:05:00,1205,1205,1205,1205,12,1254.69,6488
2026-07-07 12:10:00,1205,1205,1205,1205,15,1254.61,6488
2026-07-07 12:15:00,1205,1205,1205,1205,8,1254.56,6488
2026-07-07 12:20:00,1205,1205,1205,1205,3,1254.54,6488
2026-07-07 12:25:00,1205,1205,1205,1205,8,1254.5,6488
2026-07-07 12:30:00,1205,1205,1205,1205,8,1254.45,6488
2026-07-07 12:35:00,1205,1205,1205,1205,88,1253.96,6488
2026-07-07 12:40:00,1205,1205,1205,1205,6,1253.93,6488
2026-07-07 12:45:00,1205,1205,1205,1205,8,1253.89,6488
2026-07-07 12:50:00,1205,1205,1205,1205,922,1249.29,6488
2026-07-07 12:55:00,1205,1205,1205,1205,19,1249.2,6488
2026-07-07 13:00:00,1205,1205,1205,1205,66,1248.91,6488
2026-07-07 13:05:00,1205,1205,1205,1205,12,1248.86,6488
2026-07-07 13:10:00,1205,1205,1205,1205,73,1248.53,6488
2026-07-07 13:15:00,1205,1205,1205,1205,9,1248.5,6488
2026-07-07 13:20:00,1205,1205,1205,1205,19,1248.41,6488
2026-07-07 13:30:00,1205,1205,1205,1205,118,1247.91,6488
2026-07-08 09:00:00,1205,1210,1170,1200,791,1196.46,6488
2026-07-08 09:05:00,1195,1200,1180,1185,488,1192.54,6488
2026-07-08 09:10:00,1185,1210,1185,1210,271,1193.45,6488
2026-07-08 09:15:00,1210,1215,1195,1200,211,1195.22,6488
2026-07-08 09:20:00,1200,1210,1185,1200,126,1195.56,6488
2026-07-08 09:25:00,1205,1205,1165,1170,225,1194.36,6488
2026-07-08 09:30:00,1175,1180,1160,1165,470,1189.11,6488
2026-07-08 09:35:00,1165,1175,1160,1170,144,1187.83,6488
2026-07-08 09:40:00,1175,1185,1170,1180,167,1187.28,6488
2026-07-08 09:45:00,1180,1190,1160,1185,324,1185.66,6488
2026-07-08 09:50:00,1185,1205,1185,1190,213,1186.27,6488
2026-07-08 09:55:00,1190,1205,1175,1205,377,1187.3,6488
2026-07-08 10:00:00,1200,1200,1185,1190,166,1187.47,6488
2026-07-08 10:05:00,1190,1190,1175,1185,150,1187.3,6488
2026-07-08 10:10:00,1185,1205,1185,1190,127,1187.56,6488
2026-07-08 10:15:00,1190,1195,1185,1190,34,1187.57,6488
2026-07-08 10:20:00,1190,1205,1190,1205,187,1188.25,6488
2026-07-08 10:25:00,1205,1205,1195,1200,185,1188.77,6488
2026-07-08 10:30:00,1195,1195,1180,1190,115,1188.73,6488
2026-07-08 10:35:00,1190,1200,1185,1200,84,1188.82,6488
2026-07-08 10:40:00,1205,1220,1200,1220,462,1190.46,6488
2026-07-08 10:45:00,1220,1230,1215,1225,330,1192.38,6488
2026-07-08 10:50:00,1225,1225,1215,1215,123,1192.99,6488
2026-07-08 10:55:00,1210,1215,1205,1210,63,1193.18,6488
2026-07-08 11:00:00,1210,1210,1200,1210,46,1193.28,6488
2026-07-08 11:05:00,1210,1215,1195,1205,100,1193.45,6488
2026-07-08 11:10:00,1205,1205,1195,1200,34,1193.49,6488
2026-07-08 11:15:00,1200,1205,1190,1200,53,1193.52,6488
2026-07-08 11:20:00,1200,1210,1195,1205,181,1193.85,6488
2026-07-08 11:25:00,1205,1215,1205,1210,109,1194.1,6488
2026-07-08 11:30:00,1210,1215,1205,1215,65,1194.27,6488
2026-07-08 11:35:00,1215,1215,1205,1215,102,1194.54,6488
2026-07-08 11:40:00,1215,1215,1205,1210,68,1194.71,6488
2026-07-08 11:45:00,1215,1215,1205,1210,30,1194.78,6488
2026-07-08 11:50:00,1210,1210,1205,1210,28,1194.84,6488
2026-07-08 11:55:00,1210,1210,1205,1205,73,1194.96,6488
2026-07-08 12:00:00,1205,1210,1205,1210,51,1195.06,6488
2026-07-08 12:05:00,1210,1215,1210,1215,60,1195.21,6488
2026-07-08 12:10:00,1215,1215,1210,1210,42,1195.32,6488
2026-07-08 12:15:00,1210,1210,1200,1205,72,1195.42,6488
2026-07-08 12:20:00,1205,1210,1200,1210,37,1195.48,6488
2026-07-08 12:25:00,1210,1215,1205,1215,60,1195.62,6488
2026-07-08 12:30:00,1215,1215,1200,1205,80,1195.75,6488
2026-07-08 12:35:00,1205,1205,1195,1205,87,1195.83,6488
2026-07-08 12:40:00,1205,1210,1200,1210,65,1195.91,6488
2026-07-08 12:45:00,1205,1225,1205,1215,305,1196.71,6488
2026-07-08 12:50:00,1210,1230,1210,1225,180,1197.31,6488
2026-07-08 12:55:00,1225,1230,1215,1225,268,1198.13,6488
2026-07-08 13:00:00,1220,1230,1220,1230,226,1198.87,6488
2026-07-08 13:05:00,1230,1235,1220,1235,164,1199.46,6488
2026-07-08 13:10:00,1235,1235,1225,1235,204,1200.2,6488
2026-07-08 13:15:00,1235,1235,1225,1225,127,1200.6,6488
2026-07-08 13:20:00,1225,1230,1220,1230,163,1201.05,6488
2026-07-08 13:30:00,1230,1230,1230,1230,317,1202.05,6488
2026-07-09 09:00:00,1315,1330,1275,1315,1102,1307.7,6488
2026-07-09 09:05:00,1315,1325,1300,1315,414,1308.8,6488
2026-07-09 09:10:00,1310,1330,1305,1330,511,1311.34,6488
2026-07-09 09:15:00,1330,1335,1310,1315,298,1312.93,6488
2026-07-09 09:20:00,1315,1335,1310,1325,268,1313.94,6488
2026-07-09 09:25:00,1320,1335,1320,1330,250,1315.5,6488
2026-07-09 09:30:00,1330,1350,1325,1350,1178,1324.62,6488
2026-07-09 09:35:00,1350,1350,1350,1350,219,1325.93,6488
2026-07-09 09:40:00,1350,1350,1350,1350,440,1328.2,6488
2026-07-09 09:45:00,1350,1350,1350,1350,27,1328.32,6488
2026-07-09 09:50:00,1350,1350,1350,1350,12,1328.38,6488
2026-07-09 09:55:00,1350,1350,1350,1350,27,1328.5,6488
2026-07-09 10:00:00,1350,1350,1350,1350,17,1328.58,6488
2026-07-09 10:05:00,1350,1350,1350,1350,14,1328.64,6488
2026-07-09 10:10:00,1350,1350,1350,1350,3,1328.65,6488
2026-07-09 10:15:00,1350,1350,1350,1350,4,1328.67,6488
2026-07-09 10:20:00,1350,1350,1350,1350,14,1328.73,6488
2026-07-09 10:25:00,1350,1350,1350,1350,386,1330.32,6488
2026-07-09 10:30:00,1350,1350,1350,1350,227,1331.14,6488
2026-07-09 10:35:00,1350,1350,1350,1350,209,1331.84,6488
2026-07-09 10:40:00,1350,1350,1350,1350,18,1331.9,6488
2026-07-09 10:45:00,1350,1350,1350,1350,16,1331.95,6488
2026-07-09 10:50:00,1350,1350,1350,1350,22,1332.02,6488
2026-07-09 10:55:00,1350,1350,1350,1350,6,1332.04,6488
2026-07-09 11:00:00,1350,1350,1350,1350,14,1332.08,6488
2026-07-09 11:05:00,1350,1350,1350,1350,12,1332.12,6488
2026-07-09 11:10:00,1350,1350,1350,1350,300,1333.02,6488
2026-07-09 11:15:00,1350,1350,1350,1350,46,1333.14,6488
2026-07-09 11:20:00,1350,1350,1350,1350,86,1333.38,6488
2026-07-09 11:25:00,1350,1350,1350,1350,119,1333.7,6488
2026-07-09 11:30:00,1350,1350,1350,1350,1,1333.7,6488
2026-07-09 11:40:00,1350,1350,1350,1350,2,1333.7,6488
2026-07-09 11:45:00,1350,1350,1350,1350,2,1333.71,6488
2026-07-09 11:50:00,1350,1350,1350,1350,1,1333.71,6488
2026-07-09 11:55:00,1350,1350,1350,1350,3,1333.72,6488
2026-07-09 12:00:00,1350,1350,1350,1350,3,1333.73,6488
2026-07-09 12:05:00,1350,1350,1350,1350,7,1333.75,6488
2026-07-09 12:10:00,1350,1350,1350,1350,12,1333.78,6488
2026-07-09 12:15:00,1350,1350,1350,1350,2,1333.78,6488
2026-07-09 12:20:00,1350,1350,1350,1350,3,1333.79,6488
2026-07-09 12:25:00,1350,1350,1350,1350,40,1333.89,6488
2026-07-09 12:30:00,1350,1350,1350,1350,5,1333.9,6488
2026-07-09 12:35:00,1350,1350,1350,1350,3,1333.91,6488
2026-07-09 12:40:00,1350,1350,1350,1350,1,1333.91,6488
2026-07-09 12:45:00,1350,1350,1350,1350,12,1333.95,6488
2026-07-09 12:50:00,1350,1350,1350,1350,3,1333.95,6488
2026-07-09 12:55:00,1350,1350,1350,1350,25,1334.02,6488
2026-07-09 13:00:00,1350,1350,1350,1350,40,1334.12,6488
2026-07-09 13:05:00,1350,1350,1350,1350,3,1334.12,6488
2026-07-09 13:10:00,1350,1350,1350,1350,137,1334.45,6488
2026-07-09 13:15:00,1350,1350,1350,1350,4,1334.46,6488
2026-07-09 13:20:00,1350,1350,1350,1350,23,1334.52,6488
2026-07-09 13:30:00,1350,1350,1350,1350,23,1334.57,6488
2026-07-13 09:00:00,1485,1485,1485,1485,333,1485.0,6488
2026-07-13 09:05:00,1485,1485,1485,1485,354,1485.0,6488
2026-07-13 09:10:00,1485,1485,1485,1485,33,1485.0,6488
2026-07-13 09:15:00,1485,1485,1485,1485,9,1485.0,6488
2026-07-13 09:20:00,1485,1485,1485,1485,8,1485.0,6488
2026-07-13 09:25:00,1485,1485,1485,1485,13,1485.0,6488
2026-07-13 09:30:00,1485,1485,1485,1485,17,1485.0,6488
2026-07-13 09:35:00,1485,1485,1485,1485,301,1485.0,6488
2026-07-13 09:40:00,1485,1485,1485,1485,95,1485.0,6488
2026-07-13 09:45:00,1485,1485,1485,1485,11,1485.0,6488
2026-07-13 09:50:00,1485,1485,1485,1485,265,1485.0,6488
2026-07-13 09:55:00,1485,1485,1485,1485,7,1485.0,6488
2026-07-13 10:00:00,1485,1485,1485,1485,45,1485.0,6488
2026-07-13 10:05:00,1485,1485,1485,1485,9,1485.0,6488
2026-07-13 10:10:00,1485,1485,1485,1485,11,1485.0,6488
2026-07-13 10:15:00,1485,1485,1485,1485,5,1485.0,6488
2026-07-13 10:20:00,1485,1485,1485,1485,4,1485.0,6488
2026-07-13 10:25:00,1485,1485,1485,1485,24,1485.0,6488
2026-07-13 10:30:00,1485,1485,1485,1485,6,1485.0,6488
2026-07-13 10:35:00,1485,1485,1485,1485,22,1485.0,6488
2026-07-13 10:40:00,1485,1485,1485,1485,6,1485.0,6488
2026-07-13 10:45:00,1485,1485,1485,1485,9,1485.0,6488
2026-07-13 10:50:00,1485,1485,1485,1485,2,1485.0,6488
2026-07-13 10:55:00,1485,1485,1485,1485,2,1485.0,6488
2026-07-13 11:00:00,1485,1485,1485,1485,4,1485.0,6488
2026-07-13 11:05:00,1485,1485,1485,1485,18,1485.0,6488
2026-07-13 11:10:00,1485,1485,1485,1485,2,1485.0,6488
2026-07-13 11:15:00,1485,1485,1485,1485,2,1485.0,6488
2026-07-13 11:20:00,1485,1485,1485,1485,5,1485.0,6488
2026-07-13 11:25:00,1485,1485,1485,1485,5,1485.0,6488
2026-07-13 11:35:00,1485,1485,1485,1485,3,1485.0,6488
2026-07-13 11:40:00,1485,1485,1485,1485,2,1485.0,6488
2026-07-13 11:45:00,1485,1485,1485,1485,9,1485.0,6488
2026-07-13 11:50:00,1485,1485,1485,1485,2,1485.0,6488
2026-07-13 11:55:00,1485,1485,1485,1485,13,1485.0,6488
2026-07-13 12:00:00,1485,1485,1485,1485,16,1485.0,6488
2026-07-13 12:05:00,1485,1485,1485,1485,18,1485.0,6488
2026-07-13 12:10:00,1485,1485,1485,1485,7,1485.0,6488
2026-07-13 12:15:00,1485,1485,1485,1485,14,1485.0,6488
2026-07-13 12:20:00,1485,1485,1485,1485,10,1485.0,6488
2026-07-13 12:25:00,1485,1485,1485,1485,10,1485.0,6488
2026-07-13 12:30:00,1485,1485,1485,1485,2,1485.0,6488
2026-07-13 12:35:00,1485,1485,1485,1485,12,1485.0,6488
2026-07-13 12:40:00,1485,1485,1485,1485,4,1485.0,6488
2026-07-13 12:45:00,1485,1485,1485,1485,6,1485.0,6488
2026-07-13 12:50:00,1485,1485,1485,1485,21,1485.0,6488
2026-07-13 12:55:00,1485,1485,1485,1485,1,1485.0,6488
2026-07-13 13:00:00,1485,1485,1485,1485,2,1485.0,6488
2026-07-13 13:05:00,1485,1485,1485,1485,3,1485.0,6488
2026-07-13 13:10:00,1485,1485,1485,1485,7,1485.0,6488
2026-07-13 13:15:00,1485,1485,1485,1485,7,1485.0,6488
2026-07-13 13:20:00,1485,1485,1485,1485,49,1485.0,6488
2026-07-13 13:30:00,1485,1485,1485,1485,20,1485.0,6488
2026-07-14 09:00:00,1495,1555,1485,1530,4819,1519.07,6488
2026-07-14 09:05:00,1530,1565,1525,1560,2864,1528.58,6488
2026-07-14 09:10:00,1560,1575,1500,1500,1906,1533.01,6488
2026-07-14 09:15:00,1500,1555,1500,1550,1727,1531.78,6488
2026-07-14 09:20:00,1555,1555,1515,1530,562,1531.88,6488
2026-07-14 09:25:00,1530,1535,1485,1495,655,1530.67,6488
2026-07-14 09:30:00,1495,1500,1425,1430,886,1525.99,6488
2026-07-14 09:35:00,1430,1475,1425,1445,509,1523.31,6488
2026-07-14 09:40:00,1445,1460,1435,1445,302,1521.61,6488
2026-07-14 09:45:00,1440,1450,1425,1445,140,1520.8,6488
2026-07-14 09:50:00,1445,1460,1435,1445,291,1519.38,6488
2026-07-14 09:55:00,1445,1450,1425,1440,132,1518.65,6488
2026-07-14 10:00:00,1440,1445,1420,1425,239,1517.31,6488
2026-07-14 10:05:00,1420,1450,1420,1440,231,1516.12,6488
2026-07-14 10:10:00,1440,1440,1415,1415,186,1515.01,6488
2026-07-14 10:15:00,1415,1420,1395,1410,523,1511.45,6488
2026-07-14 10:20:00,1405,1435,1405,1425,183,1510.47,6488
2026-07-14 10:25:00,1425,1430,1395,1415,189,1509.27,6488
2026-07-14 10:30:00,1410,1415,1385,1395,209,1507.89,6488
2026-07-14 10:35:00,1395,1435,1395,1430,206,1506.8,6488
2026-07-14 10:40:00,1435,1460,1430,1435,530,1504.95,6488
2026-07-14 10:45:00,1435,1440,1420,1425,206,1504.07,6488
2026-07-14 10:50:00,1425,1425,1405,1405,78,1503.69,6488
2026-07-14 10:55:00,1400,1410,1395,1400,119,1502.99,6488
2026-07-14 11:00:00,1400,1415,1400,1415,64,1502.65,6488
2026-07-14 11:05:00,1410,1410,1390,1395,111,1502.0,6488
2026-07-14 11:10:00,1390,1405,1390,1400,81,1501.53,6488
2026-07-14 11:15:00,1395,1400,1385,1395,91,1500.98,6488
2026-07-14 11:20:00,1395,1400,1390,1395,104,1500.37,6488
2026-07-14 11:25:00,1400,1400,1395,1395,111,1499.75,6488
2026-07-14 11:30:00,1400,1400,1385,1385,127,1498.98,6488
2026-07-14 11:35:00,1385,1395,1385,1385,110,1498.32,6488
2026-07-14 11:40:00,1385,1400,1385,1395,72,1497.92,6488
2026-07-14 11:45:00,1395,1395,1385,1395,134,1497.15,6488
2026-07-14 11:50:00,1390,1415,1390,1415,158,1496.39,6488
2026-07-14 11:55:00,1420,1435,1420,1420,213,1495.61,6488
2026-07-14 12:00:00,1425,1435,1415,1425,173,1494.96,6488
2026-07-14 12:05:00,1430,1430,1400,1400,203,1494.11,6488
2026-07-14 12:10:00,1400,1410,1395,1410,99,1493.64,6488
2026-07-14 12:15:00,1410,1415,1405,1410,58,1493.38,6488
2026-07-14 12:20:00,1415,1435,1415,1430,139,1492.91,6488
2026-07-14 12:25:00,1430,1440,1415,1440,267,1492.06,6488
2026-07-14 12:30:00,1440,1465,1440,1460,470,1491.12,6488
2026-07-14 12:35:00,1460,1485,1460,1475,754,1490.55,6488
2026-07-14 12:40:00,1475,1485,1470,1480,388,1490.36,6488
2026-07-14 12:45:00,1480,1505,1475,1505,415,1490.32,6488
2026-07-14 12:50:00,1505,1510,1480,1490,496,1490.42,6488
2026-07-14 12:55:00,1490,1500,1485,1495,159,1490.44,6488
2026-07-14 13:00:00,1500,1500,1480,1490,185,1490.44,6488
2026-07-14 13:05:00,1485,1490,1475,1485,183,1490.36,6488
2026-07-14 13:10:00,1485,1490,1480,1490,93,1490.35,6488
2026-07-14 13:15:00,1485,1490,1480,1485,196,1490.3,6488
2026-07-14 13:20:00,1490,1510,1485,1500,536,1490.51,6488
2026-07-14 13:30:00,1515,1515,1515,1515,463,1490.98,6488
2026-07-15 09:00:00,1580,1600,1515,1530,1156,1560.07,6488
2026-07-15 09:05:00,1535,1545,1460,1480,600,1540.63,6488
2026-07-15 09:10:00,1480,1500,1455,1460,441,1528.69,6488
2026-07-15 09:15:00,1465,1480,1460,1470,257,1521.98,6488
2026-07-15 09:20:00,1470,1470,1445,1455,224,1516.42,6488
2026-07-15 09:25:00,1460,1465,1430,1450,343,1507.84,6488
2026-07-15 09:30:00,1445,1460,1435,1460,199,1504.12,6488
2026-07-15 09:35:00,1460,1495,1450,1475,306,1501.8,6488
2026-07-15 09:40:00,1480,1510,1475,1505,287,1501.36,6488
2026-07-15 09:45:00,1505,1525,1500,1520,464,1502.69,6488
2026-07-15 09:50:00,1515,1535,1515,1530,268,1503.94,6488
2026-07-15 09:55:00,1525,1530,1505,1505,144,1504.26,6488
2026-07-15 10:00:00,1505,1515,1500,1500,89,1504.33,6488
2026-07-15 10:05:00,1505,1505,1485,1485,104,1504.07,6488
2026-07-15 10:10:00,1485,1490,1460,1460,176,1502.96,6488
2026-07-15 10:15:00,1460,1480,1460,1465,152,1501.9,6488
2026-07-15 10:20:00,1460,1465,1455,1455,115,1500.96,6488
2026-07-15 10:25:00,1460,1470,1455,1460,87,1500.34,6488
2026-07-15 10:30:00,1460,1465,1460,1460,42,1500.04,6488
2026-07-15 10:35:00,1460,1460,1445,1450,159,1498.7,6488
2026-07-15 10:40:00,1450,1455,1445,1445,83,1497.96,6488
2026-07-15 10:45:00,1445,1455,1435,1445,157,1496.5,6488
2026-07-15 10:50:00,1445,1455,1440,1450,68,1495.95,6488
2026-07-15 10:55:00,1450,1455,1445,1455,23,1495.76,6488
2026-07-15 11:00:00,1455,1460,1450,1460,106,1495.09,6488
2026-07-15 11:05:00,1460,1460,1445,1445,90,1494.5,6488
2026-07-15 11:10:00,1445,1450,1440,1445,36,1494.21,6488
2026-07-15 11:15:00,1450,1455,1445,1455,85,1493.58,6488
2026-07-15 11:20:00,1455,1475,1455,1465,277,1492.31,6488
2026-07-15 11:25:00,1460,1475,1460,1465,334,1491.22,6488
2026-07-15 11:30:00,1465,1465,1455,1455,57,1490.97,6488
2026-07-15 11:35:00,1455,1465,1450,1455,63,1490.65,6488
2026-07-15 11:40:00,1455,1460,1445,1460,185,1489.64,6488
2026-07-15 11:45:00,1460,1460,1445,1445,37,1489.45,6488
2026-07-15 11:50:00,1445,1460,1445,1455,47,1489.21,6488
2026-07-15 11:55:00,1455,1455,1450,1455,12,1489.16,6488
2026-07-15 12:00:00,1455,1460,1455,1455,16,1489.08,6488
2026-07-15 12:05:00,1455,1460,1450,1450,52,1488.84,6488
2026-07-15 12:10:00,1455,1460,1450,1455,28,1488.71,6488
2026-07-15 12:15:00,1460,1465,1460,1465,58,1488.49,6488
2026-07-15 12:20:00,1465,1470,1460,1470,72,1488.26,6488
2026-07-15 12:25:00,1465,1470,1455,1455,122,1487.87,6488
2026-07-15 12:30:00,1460,1475,1460,1475,119,1487.54,6488
2026-07-15 12:35:00,1475,1475,1465,1465,132,1487.27,6488
2026-07-15 12:40:00,1465,1470,1460,1460,68,1487.06,6488
2026-07-15 12:45:00,1455,1465,1450,1465,143,1486.55,6488
2026-07-15 12:50:00,1465,1475,1465,1475,103,1486.35,6488
2026-07-15 12:55:00,1470,1475,1465,1465,133,1486.11,6488
2026-07-15 13:00:00,1465,1470,1465,1465,78,1485.92,6488
2026-07-15 13:05:00,1465,1490,1465,1485,882,1485.05,6488
2026-07-15 13:10:00,1485,1495,1480,1480,176,1485.1,6488
2026-07-15 13:15:00,1480,1485,1465,1470,158,1484.9,6488
2026-07-15 13:20:00,1475,1490,1470,1485,291,1484.79,6488
2026-07-15 13:30:00,1480,1480,1480,1480,462,1484.57,6488
2026-07-16 09:00:00,1420,1445,1385,1405,618,1416.07,6488
2026-07-16 09:05:00,1400,1415,1390,1405,270,1412.0,6488
2026-07-16 09:10:00,1405,1445,1405,1440,217,1414.33,6488
2026-07-16 09:15:00,1440,1440,1430,1430,156,1416.92,6488
2026-07-16 09:20:00,1430,1430,1400,1410,209,1416.47,6488
2026-07-16 09:25:00,1410,1420,1395,1415,191,1415.35,6488
2026-07-16 09:30:00,1415,1445,1415,1425,267,1418.0,6488
2026-07-16 09:35:00,1425,1460,1425,1450,226,1421.17,6488
2026-07-16 09:40:00,1450,1455,1420,1420,166,1422.47,6488
2026-07-16 09:45:00,1420,1435,1420,1435,52,1422.62,6488
2026-07-16 09:50:00,1435,1440,1420,1440,85,1422.9,6488
2026-07-16 09:55:00,1440,1455,1430,1430,111,1423.78,6488
2026-07-16 10:00:00,1430,1435,1420,1430,86,1423.9,6488
2026-07-16 10:05:00,1430,1430,1420,1425,44,1423.96,6488
2026-07-16 10:10:00,1420,1430,1420,1425,13,1423.96,6488
2026-07-16 10:15:00,1425,1445,1425,1440,71,1424.35,6488
2026-07-16 10:20:00,1440,1440,1430,1435,31,1424.46,6488
2026-07-16 10:25:00,1435,1445,1435,1445,71,1424.93,6488
2026-07-16 10:30:00,1445,1450,1445,1450,47,1425.31,6488
2026-07-16 10:35:00,1455,1455,1445,1455,104,1426.18,6488
2026-07-16 10:40:00,1455,1455,1445,1445,56,1426.62,6488
2026-07-16 10:45:00,1445,1450,1440,1440,23,1426.75,6488
2026-07-16 10:50:00,1445,1450,1440,1445,46,1427.0,6488
2026-07-16 10:55:00,1445,1455,1445,1450,46,1427.34,6488
2026-07-16 11:00:00,1445,1445,1440,1440,49,1427.58,6488
2026-07-16 11:05:00,1440,1445,1440,1445,21,1427.67,6488
2026-07-16 11:10:00,1445,1445,1430,1430,58,1427.84,6488
2026-07-16 11:15:00,1430,1430,1415,1415,135,1427.62,6488
2026-07-16 11:20:00,1420,1420,1410,1410,64,1427.41,6488
2026-07-16 11:25:00,1410,1410,1400,1400,170,1426.27,6488
2026-07-16 11:30:00,1400,1415,1400,1410,89,1425.77,6488
2026-07-16 11:35:00,1410,1415,1410,1415,123,1425.41,6488
2026-07-16 11:40:00,1415,1420,1405,1410,46,1425.27,6488
2026-07-16 11:45:00,1405,1410,1400,1405,19,1425.17,6488
2026-07-16 11:50:00,1405,1420,1405,1420,20,1425.11,6488
2026-07-16 11:55:00,1420,1420,1415,1420,10,1425.09,6488
2026-07-16 12:00:00,1415,1420,1415,1415,66,1424.95,6488
2026-07-16 12:05:00,1410,1410,1410,1410,7,1424.92,6488
2026-07-16 12:10:00,1405,1410,1405,1410,28,1424.82,6488
2026-07-16 12:15:00,1415,1415,1400,1400,144,1424.04,6488
2026-07-16 12:20:00,1400,1410,1395,1405,92,1423.57,6488
2026-07-16 12:25:00,1405,1405,1400,1405,133,1422.93,6488
2026-07-16 12:30:00,1405,1410,1400,1405,57,1422.69,6488
2026-07-16 12:35:00,1400,1400,1380,1385,294,1420.68,6488
2026-07-16 12:40:00,1385,1390,1375,1380,185,1419.24,6488
2026-07-16 12:45:00,1380,1385,1370,1375,195,1417.65,6488
2026-07-16 12:50:00,1375,1380,1355,1365,216,1415.55,6488
2026-07-16 12:55:00,1370,1375,1360,1360,96,1414.71,6488
2026-07-16 13:00:00,1360,1375,1360,1375,128,1413.67,6488
2026-07-16 13:05:00,1370,1385,1370,1375,119,1412.95,6488
2026-07-16 13:10:00,1380,1380,1365,1380,180,1411.71,6488
2026-07-16 13:15:00,1380,1380,1360,1365,177,1410.38,6488
2026-07-16 13:20:00,1365,1375,1355,1365,189,1409.04,6488
2026-07-16 13:30:00,1370,1370,1370,1370,322,1407.15,6488
2026-07-17 09:00:00,1235,1280,1235,1275,1451,1247.55,6488
2026-07-17 09:05:00,1275,1285,1245,1270,1132,1253.01,6488
2026-07-17 09:10:00,1275,1275,1245,1250,726,1253.18,6488
2026-07-17 09:15:00,1255,1290,1250,1285,335,1254.55,6488
2026-07-17 09:20:00,1285,1315,1285,1290,435,1259.41,6488
2026-07-17 09:25:00,1290,1290,1265,1285,191,1260.28,6488
2026-07-17 09:30:00,1285,1285,1250,1250,281,1260.47,6488
2026-07-17 09:35:00,1255,1295,1250,1295,285,1261.32,6488
2026-07-17 09:40:00,1300,1310,1290,1310,189,1262.81,6488
2026-07-17 09:45:00,1310,1320,1285,1305,340,1265.62,6488
2026-07-17 09:50:00,1305,1315,1305,1315,99,1266.42,6488
2026-07-17 09:55:00,1320,1320,1295,1295,190,1267.98,6488
2026-07-17 10:00:00,1295,1310,1285,1300,210,1269.01,6488
2026-07-17 10:05:00,1305,1310,1290,1295,112,1269.62,6488
2026-07-17 10:10:00,1290,1295,1275,1285,355,1270.41,6488
2026-07-17 10:15:00,1290,1295,1280,1295,85,1270.65,6488
2026-07-17 10:20:00,1295,1295,1280,1285,134,1270.92,6488
2026-07-17 10:25:00,1295,1295,1265,1280,153,1271.05,6488
2026-07-17 10:30:00,1280,1285,1275,1285,52,1271.1,6488
2026-07-17 10:35:00,1275,1280,1270,1270,70,1271.12,6488
2026-07-17 10:40:00,1270,1280,1270,1280,105,1271.2,6488
2026-07-17 10:45:00,1275,1280,1265,1270,69,1271.23,6488
2026-07-17 10:50:00,1275,1275,1260,1260,182,1271.04,6488
2026-07-17 10:55:00,1265,1270,1255,1270,124,1270.89,6488
2026-07-17 11:00:00,1265,1275,1265,1275,122,1270.9,6488
2026-07-17 11:05:00,1275,1290,1270,1275,104,1271.05,6488
2026-07-17 11:10:00,1275,1280,1270,1270,36,1271.06,6488
2026-07-17 11:15:00,1275,1285,1275,1275,51,1271.11,6488
2026-07-17 11:20:00,1275,1285,1275,1280,25,1271.14,6488
2026-07-17 11:25:00,1285,1300,1280,1300,106,1271.4,6488
2026-07-17 11:30:00,1290,1300,1285,1290,70,1271.58,6488
2026-07-17 11:35:00,1285,1295,1280,1280,46,1271.65,6488
2026-07-17 11:40:00,1280,1285,1270,1275,66,1271.67,6488
2026-07-17 11:45:00,1270,1280,1270,1270,27,1271.67,6488
2026-07-17 11:50:00,1270,1275,1260,1275,111,1271.61,6488
2026-07-17 11:55:00,1265,1275,1265,1270,51,1271.61,6488
2026-07-17 12:00:00,1270,1275,1265,1265,102,1271.56,6488
2026-07-17 12:05:00,1265,1275,1265,1275,65,1271.55,6488
2026-07-17 12:10:00,1270,1275,1260,1275,73,1271.51,6488
2026-07-17 12:15:00,1275,1275,1270,1275,23,1271.52,6488
2026-07-17 12:20:00,1270,1275,1250,1265,188,1271.3,6488
2026-07-17 12:25:00,1260,1265,1255,1260,272,1270.96,6488
2026-07-17 12:30:00,1265,1265,1250,1260,209,1270.68,6488
2026-07-17 12:35:00,1265,1270,1255,1265,114,1270.57,6488
2026-07-17 12:40:00,1265,1275,1260,1275,90,1270.52,6488
2026-07-17 12:45:00,1270,1275,1265,1270,72,1270.52,6488
2026-07-17 12:50:00,1270,1275,1260,1270,95,1270.49,6488
2026-07-17 12:55:00,1265,1270,1260,1265,83,1270.44,6488
2026-07-17 13:00:00,1265,1270,1250,1260,223,1270.16,6488
2026-07-17 13:05:00,1260,1260,1250,1255,259,1269.81,6488
2026-07-17 13:10:00,1255,1270,1255,1270,138,1269.69,6488
2026-07-17 13:15:00,1265,1270,1255,1260,155,1269.56,6488
2026-07-17 13:20:00,1260,1260,1235,1240,214,1269.15,6488
2026-07-17 13:30:00,1240,1240,1240,1240,368,1268.16,6488
2026-07-20 09:00:00,1270,1270,1205,1215,645,1235.52,6488
2026-07-20 09:05:00,1215,1285,1215,1265,800,1248.19,6488
2026-07-20 09:10:00,1265,1275,1210,1210,358,1246.46,6488
2026-07-20 09:15:00,1200,1225,1185,1185,772,1233.57,6488
2026-07-20 09:20:00,1190,1215,1185,1210,565,1226.47,6488
2026-07-20 09:25:00,1210,1210,1175,1185,443,1222.04,6488
2026-07-20 09:30:00,1180,1220,1170,1215,502,1218.95,6488
2026-07-20 09:35:00,1210,1245,1200,1245,449,1220.01,6488
2026-07-20 09:40:00,1240,1245,1225,1245,239,1220.78,6488
2026-07-20 09:45:00,1245,1275,1245,1275,478,1224.45,6488
2026-07-20 09:50:00,1275,1275,1245,1255,289,1226.23,6488
2026-07-20 09:55:00,1255,1255,1240,1245,191,1226.85,6488
2026-07-20 10:00:00,1240,1260,1225,1255,279,1227.57,6488
2026-07-20 10:05:00,1255,1260,1245,1245,192,1228.38,6488
2026-07-20 10:10:00,1245,1255,1235,1245,122,1228.68,6488
2026-07-20 10:15:00,1245,1245,1230,1230,62,1228.79,6488
2026-07-20 10:20:00,1230,1240,1225,1235,177,1228.76,6488
2026-07-20 10:25:00,1235,1245,1235,1245,51,1228.86,6488
2026-07-20 10:30:00,1250,1270,1250,1265,164,1229.55,6488
2026-07-20 10:35:00,1270,1275,1255,1255,162,1230.37,6488
2026-07-20 10:40:00,1255,1275,1250,1265,136,1231.05,6488
2026-07-20 10:45:00,1265,1270,1260,1270,187,1232.02,6488
2026-07-20 10:50:00,1270,1270,1265,1265,69,1232.35,6488
2026-07-20 10:55:00,1265,1275,1260,1260,127,1233.01,6488
2026-07-20 11:00:00,1265,1275,1260,1265,113,1233.56,6488
2026-07-20 11:05:00,1265,1275,1260,1270,61,1233.82,6488
2026-07-20 11:10:00,1275,1275,1260,1275,78,1234.21,6488
2026-07-20 11:15:00,1275,1275,1260,1260,77,1234.56,6488
2026-07-20 11:20:00,1265,1275,1265,1270,81,1234.91,6488
2026-07-20 11:25:00,1270,1275,1265,1270,41,1235.08,6488
2026-07-20 11:30:00,1270,1275,1265,1270,70,1235.39,6488
2026-07-20 11:35:00,1270,1270,1260,1270,49,1235.58,6488
2026-07-20 11:40:00,1270,1280,1265,1275,207,1236.56,6488
2026-07-20 11:45:00,1270,1285,1270,1285,267,1237.97,6488
2026-07-20 11:50:00,1285,1295,1280,1295,376,1240.12,6488
2026-07-20 11:55:00,1295,1300,1285,1290,233,1241.47,6488
2026-07-20 12:00:00,1290,1305,1290,1300,177,1242.57,6488
2026-07-20 12:05:00,1300,1300,1280,1290,186,1243.52,6488
2026-07-20 12:10:00,1285,1295,1280,1295,106,1244.01,6488
2026-07-20 12:15:00,1290,1295,1285,1290,106,1244.51,6488
2026-07-20 12:20:00,1295,1300,1290,1295,96,1245.01,6488
2026-07-20 12:25:00,1295,1320,1295,1310,260,1246.67,6488
2026-07-20 12:30:00,1305,1315,1300,1310,164,1247.66,6488
2026-07-20 12:35:00,1305,1310,1300,1310,65,1248.02,6488
2026-07-20 12:40:00,1310,1310,1300,1305,56,1248.33,6488
2026-07-20 12:45:00,1305,1320,1300,1315,105,1248.95,6488
2026-07-20 12:50:00,1315,1320,1295,1300,146,1249.72,6488
2026-07-20 12:55:00,1300,1305,1290,1290,80,1250.06,6488
2026-07-20 13:00:00,1290,1295,1280,1290,117,1250.46,6488
2026-07-20 13:05:00,1285,1290,1275,1280,113,1250.79,6488
2026-07-20 13:10:00,1280,1285,1265,1275,167,1251.12,6488
2026-07-20 13:15:00,1270,1280,1270,1280,93,1251.31,6488
2026-07-20 13:20:00,1280,1280,1260,1260,162,1251.55,6488
2026-07-20 13:30:00,1265,1265,1265,1265,384,1251.99,6488
2026-07-21 09:00:00,1270,1280,1240,1265,1135,1260.33,6488
2026-07-21 09:05:00,1265,1265,1225,1235,700,1253.58,6488
2026-07-21 09:10:00,1235,1255,1225,1255,604,1249.59,6488
2026-07-21 09:15:00,1255,1270,1245,1250,472,1251.16,6488
2026-07-21 09:20:00,1250,1255,1225,1235,435,1249.21,6488
2026-07-21 09:25:00,1240,1240,1200,1215,605,1244.29,6488
2026-07-21 09:30:00,1215,1220,1200,1215,650,1238.99,6488
2026-07-21 09:35:00,1215,1225,1195,1195,413,1236.57,6488
2026-07-21 09:40:00,1195,1195,1170,1170,489,1232.03,6488
2026-07-21 09:45:00,1170,1195,1165,1185,278,1229.53,6488
2026-07-21 09:50:00,1185,1195,1180,1185,202,1228.07,6488
2026-07-21 09:55:00,1185,1210,1185,1210,417,1226.26,6488
2026-07-21 10:00:00,1210,1215,1195,1195,174,1225.69,6488
2026-07-21 10:05:00,1195,1200,1185,1195,165,1224.88,6488
2026-07-21 10:10:00,1200,1200,1185,1190,86,1224.49,6488
2026-07-21 10:15:00,1190,1190,1170,1170,193,1223.16,6488
2026-07-21 10:20:00,1170,1190,1170,1190,255,1221.44,6488
2026-07-21 10:25:00,1190,1190,1180,1180,28,1221.3,6488
2026-07-21 10:30:00,1185,1195,1185,1190,87,1220.91,6488
2026-07-21 10:35:00,1185,1190,1180,1185,50,1220.66,6488
2026-07-21 10:40:00,1185,1185,1175,1185,67,1220.3,6488
2026-07-21 10:45:00,1185,1190,1175,1180,188,1219.43,6488
2026-07-21 10:50:00,1175,1180,1170,1180,131,1218.65,6488
2026-07-21 10:55:00,1180,1180,1175,1175,33,1218.48,6488
2026-07-21 11:00:00,1175,1180,1165,1170,141,1217.6,6488
2026-07-21 11:05:00,1170,1175,1165,1170,133,1216.77,6488
2026-07-21 11:10:00,1175,1180,1175,1180,132,1216.15,6488
2026-07-21 11:15:00,1185,1185,1175,1175,48,1215.95,6488
2026-07-21 11:20:00,1175,1180,1175,1180,33,1215.79,6488
2026-07-21 11:25:00,1180,1180,1170,1175,50,1215.54,6488
2026-07-21 11:30:00,1180,1180,1170,1170,27,1215.41,6488
2026-07-21 11:35:00,1170,1180,1170,1175,32,1215.26,6488
2026-07-21 11:40:00,1180,1180,1175,1175,33,1215.11,6488
2026-07-21 11:45:00,1175,1185,1175,1180,100,1214.74,6488
2026-07-21 11:50:00,1185,1210,1180,1200,390,1213.9,6488
2026-07-21 11:55:00,1195,1205,1195,1195,113,1213.72,6488
2026-07-21 12:00:00,1200,1205,1195,1200,147,1213.54,6488
2026-07-21 12:05:00,1205,1215,1205,1210,149,1213.49,6488
2026-07-21 12:10:00,1210,1220,1205,1205,190,1213.53,6488
2026-07-21 12:15:00,1205,1220,1205,1215,112,1213.55,6488
2026-07-21 12:20:00,1210,1235,1210,1230,370,1214.02,6488
2026-07-21 12:25:00,1230,1230,1225,1230,106,1214.17,6488
2026-07-21 12:30:00,1230,1235,1225,1225,111,1214.32,6488
2026-07-21 12:35:00,1225,1230,1225,1225,40,1214.37,6488
2026-07-21 12:40:00,1225,1235,1225,1225,199,1214.67,6488
2026-07-21 12:45:00,1230,1235,1225,1225,101,1214.81,6488
2026-07-21 12:50:00,1230,1235,1215,1215,215,1214.97,6488
2026-07-21 12:55:00,1220,1220,1210,1215,130,1214.94,6488
2026-07-21 13:00:00,1215,1220,1215,1215,102,1214.97,6488
2026-07-21 13:05:00,1220,1220,1210,1210,91,1214.97,6488
2026-07-21 13:10:00,1210,1215,1205,1210,241,1214.88,6488
2026-07-21 13:15:00,1205,1210,1200,1200,250,1214.62,6488
2026-07-21 13:20:00,1200,1205,1200,1205,263,1214.34,6488
2026-07-21 13:30:00,1205,1205,1205,1205,646,1213.86,6488
2026-07-22 09:00:00,1230,1270,1230,1270,1238,1252.62,6488
2026-07-22 09:05:00,1285,1295,1265,1285,1291,1267.84,6488
2026-07-22 09:10:00,1285,1295,1275,1285,574,1270.77,6488
2026-07-22 09:15:00,1285,1285,1245,1245,372,1269.88,6488
2026-07-22 09:20:00,1245,1260,1230,1230,589,1265.9,6488
2026-07-22 09:25:00,1235,1240,1215,1215,291,1263.4,6488
2026-07-22 09:30:00,1220,1225,1205,1215,235,1260.9,6488
2026-07-22 09:35:00,1215,1225,1205,1215,184,1259.25,6488
2026-07-22 09:40:00,1215,1235,1215,1235,145,1258.17,6488
2026-07-22 09:45:00,1235,1240,1230,1240,127,1257.56,6488
2026-07-22 09:50:00,1240,1265,1235,1260,311,1257.23,6488
2026-07-22 09:55:00,1260,1260,1240,1245,243,1256.95,6488
2026-07-22 10:00:00,1245,1250,1240,1250,115,1256.74,6488
2026-07-22 10:05:00,1250,1255,1250,1255,144,1256.68,6488
2026-07-22 10:10:00,1250,1265,1250,1265,148,1256.76,6488
2026-07-22 10:15:00,1265,1275,1260,1265,247,1257.11,6488
2026-07-22 10:20:00,1270,1270,1255,1260,94,1257.19,6488
2026-07-22 10:25:00,1260,1270,1255,1265,195,1257.46,6488
2026-07-22 10:30:00,1260,1275,1260,1265,279,1258.01,6488
2026-07-22 10:35:00,1265,1275,1265,1275,65,1258.13,6488
2026-07-22 10:40:00,1275,1305,1270,1290,756,1261.56,6488
2026-07-22 10:45:00,1290,1300,1285,1285,660,1264.02,6488
2026-07-22 10:50:00,1290,1295,1280,1280,188,1264.54,6488
2026-07-22 10:55:00,1285,1290,1285,1285,71,1264.73,6488
2026-07-22 11:00:00,1285,1290,1280,1290,47,1264.85,6488
2026-07-22 11:05:00,1290,1290,1280,1280,67,1265.03,6488
2026-07-22 11:10:00,1280,1285,1265,1265,176,1265.14,6488
2026-07-22 11:15:00,1270,1275,1260,1260,174,1265.18,6488
2026-07-22 11:20:00,1260,1270,1260,1270,79,1265.18,6488
2026-07-22 11:25:00,1275,1280,1270,1270,78,1265.24,6488
2026-07-22 11:30:00,1270,1275,1270,1270,38,1265.28,6488
2026-07-22 11:35:00,1270,1270,1265,1265,32,1265.29,6488
2026-07-22 11:40:00,1265,1270,1260,1270,56,1265.29,6488
2026-07-22 11:45:00,1270,1270,1265,1265,45,1265.31,6488
2026-07-22 11:50:00,1265,1265,1255,1260,106,1265.25,6488
2026-07-22 11:55:00,1260,1260,1250,1255,85,1265.15,6488
2026-07-22 12:00:00,1260,1260,1250,1255,78,1265.04,6488
2026-07-22 12:05:00,1255,1260,1255,1260,11,1265.03,6488
2026-07-22 12:10:00,1260,1260,1255,1255,41,1264.99,6488
2026-07-22 12:15:00,1255,1255,1245,1250,75,1264.86,6488
2026-07-22 12:20:00,1250,1255,1245,1250,73,1264.75,6488
2026-07-22 12:25:00,1245,1250,1245,1245,23,1264.71,6488
2026-07-22 12:30:00,1245,1255,1245,1255,66,1264.61,6488
2026-07-22 12:35:00,1255,1255,1245,1250,45,1264.53,6488
2026-07-22 12:40:00,1245,1255,1245,1250,48,1264.46,6488
2026-07-22 12:45:00,1245,1255,1245,1250,19,1264.44,6488
2026-07-22 12:50:00,1250,1250,1245,1245,63,1264.32,6488
2026-07-22 12:55:00,1245,1250,1240,1245,124,1264.07,6488
2026-07-22 13:00:00,1245,1255,1245,1245,125,1263.89,6488
2026-07-22 13:05:00,1245,1250,1245,1245,49,1263.81,6488
2026-07-22 13:10:00,1245,1245,1240,1240,139,1263.52,6488
2026-07-22 13:15:00,1240,1250,1235,1240,191,1263.16,6488
2026-07-22 13:20:00,1240,1250,1235,1240,244,1262.68,6488
2026-07-22 13:30:00,1240,1240,1240,1240,419,1261.84,6488
2026-07-23 09:00:00,1255,1295,1255,1270,950,1279.58,6488
2026-07-23 09:05:00,1270,1270,1240,1240,463,1269.74,6488
2026-07-23 09:10:00,1245,1250,1225,1230,326,1263.32,6488
2026-07-23 09:15:00,1235,1245,1215,1230,285,1258.66,6488
2026-07-23 09:20:00,1230,1230,1195,1205,460,1249.25,6488
2026-07-23 09:25:00,1205,1210,1185,1195,500,1240.3,6488
2026-07-23 09:30:00,1195,1205,1190,1205,93,1239.08,6488
2026-07-23 09:35:00,1205,1205,1185,1185,230,1235.81,6488
2026-07-23 09:40:00,1185,1205,1185,1205,138,1234.13,6488
2026-07-23 09:45:00,1205,1215,1195,1195,200,1232.51,6488
2026-07-23 09:50:00,1195,1195,1170,1170,442,1227.4,6488
2026-07-23 09:55:00,1175,1180,1165,1175,309,1223.46,6488
2026-07-23 10:00:00,1175,1185,1170,1180,141,1222.01,6488
2026-07-23 10:05:00,1180,1185,1175,1175,64,1221.42,6488
2026-07-23 10:10:00,1175,1180,1165,1165,154,1219.76,6488
2026-07-23 10:15:00,1165,1175,1160,1160,129,1218.39,6488
2026-07-23 10:20:00,1165,1165,1130,1130,1135,1204.42,6488
2026-07-23 10:25:00,1130,1135,1120,1125,1104,1191.96,6488
2026-07-23 10:30:00,1130,1140,1120,1135,309,1189.38,6488
2026-07-23 10:35:00,1135,1135,1125,1130,161,1188.1,6488
2026-07-23 10:40:00,1125,1125,1120,1120,347,1185.17,6488
2026-07-23 10:45:00,1120,1120,1120,1120,36,1184.87,6488
2026-07-23 10:50:00,1120,1120,1120,1120,22,1184.69,6488
2026-07-23 10:55:00,1120,1120,1120,1120,33,1184.43,6488
2026-07-23 11:00:00,1120,1120,1120,1120,31,1184.18,6488
2026-07-23 11:05:00,1120,1120,1120,1120,3,1184.16,6488
2026-07-23 11:10:00,1120,1120,1120,1120,3,1184.13,6488
2026-07-23 11:15:00,1120,1120,1120,1120,63,1183.64,6488
2026-07-23 11:20:00,1120,1120,1120,1120,43,1183.3,6488
2026-07-23 11:25:00,1120,1120,1120,1120,3,1183.28,6488
2026-07-23 11:30:00,1120,1120,1120,1120,6,1183.23,6488
2026-07-23 11:35:00,1120,1120,1120,1120,4,1183.2,6488
2026-07-23 11:40:00,1120,1120,1120,1120,3,1183.18,6488
2026-07-23 11:45:00,1120,1120,1120,1120,8,1183.12,6488
2026-07-23 11:50:00,1120,1120,1120,1120,1,1183.11,6488
2026-07-23 11:55:00,1120,1120,1120,1120,3,1183.09,6488
2026-07-23 12:00:00,1120,1120,1120,1120,3,1183.06,6488
2026-07-23 12:05:00,1120,1120,1120,1120,9,1182.99,6488
2026-07-23 12:10:00,1120,1120,1120,1120,4,1182.96,6488
2026-07-23 12:15:00,1120,1120,1120,1120,3,1182.94,6488
2026-07-23 12:20:00,1120,1120,1120,1120,4,1182.91,6488
2026-07-23 12:25:00,1120,1120,1120,1120,8,1182.85,6488
2026-07-23 12:30:00,1120,1120,1120,1120,19,1182.7,6488
2026-07-23 12:35:00,1120,1120,1120,1120,2,1182.69,6488
2026-07-23 12:40:00,1120,1120,1120,1120,11,1182.6,6488
2026-07-23 12:45:00,1120,1120,1120,1120,2,1182.59,6488
2026-07-23 12:50:00,1120,1120,1120,1120,17,1182.46,6488
2026-07-23 12:55:00,1120,1120,1120,1120,3,1182.44,6488
2026-07-23 13:00:00,1120,1120,1120,1120,6,1182.39,6488
2026-07-23 13:05:00,1120,1120,1120,1120,3,1182.37,6488
2026-07-23 13:10:00,1120,1120,1120,1120,4,1182.34,6488
2026-07-23 13:15:00,1120,1120,1120,1120,20,1182.19,6488
2026-07-23 13:20:00,1120,1120,1120,1120,24,1182.01,6488
2026-07-23 13:30:00,1120,1120,1120,1120,34,1181.76,6488
2026-07-24 09:00:00,1070,1080,1040,1050,1685,1057.69,6488
2026-07-24 09:05:00,1050,1055,1040,1045,447,1055.89,6488
2026-07-24 09:10:00,1045,1065,1040,1055,505,1056.12,6488
2026-07-24 09:15:00,1055,1065,1050,1055,324,1056.29,6488
2026-07-24 09:20:00,1055,1090,1050,1090,507,1058.72,6488
2026-07-24 09:25:00,1090,1100,1080,1080,376,1061.93,6488
2026-07-24 09:30:00,1080,1095,1080,1095,142,1062.97,6488
2026-07-24 09:35:00,1090,1090,1085,1085,105,1063.62,6488
2026-07-24 09:40:00,1080,1085,1070,1075,264,1064.51,6488
2026-07-24 09:45:00,1075,1075,1060,1065,107,1064.62,6488
2026-07-24 09:50:00,1060,1075,1060,1075,232,1064.62,6488
2026-07-24 09:55:00,1065,1080,1065,1075,120,1064.82,6488
2026-07-24 10:00:00,1070,1070,1065,1065,94,1064.87,6488
2026-07-24 10:05:00,1065,1065,1060,1065,105,1064.84,6488
2026-07-24 10:10:00,1065,1070,1065,1065,31,1064.84,6488
2026-07-24 10:15:00,1065,1070,1060,1060,109,1064.78,6488
2026-07-24 10:20:00,1060,1060,1025,1030,811,1061.88,6488
2026-07-24 10:25:00,1030,1045,1025,1040,551,1059.66,6488
2026-07-24 10:30:00,1040,1040,1030,1030,453,1058.05,6488
2026-07-24 10:35:00,1030,1035,1020,1025,697,1055.13,6488
2026-07-24 10:40:00,1025,1030,1020,1030,361,1053.7,6488
2026-07-24 10:45:00,1030,1030,1020,1030,169,1053.14,6488
2026-07-24 10:50:00,1030,1030,1025,1030,82,1052.9,6488
2026-07-24 10:55:00,1035,1035,1025,1030,135,1052.53,6488
2026-07-24 11:00:00,1030,1045,1025,1035,281,1051.97,6488
2026-07-24 11:05:00,1035,1035,1030,1030,62,1051.83,6488
2026-07-24 11:10:00,1030,1045,1025,1045,150,1051.51,6488
2026-07-24 11:15:00,1045,1045,1040,1040,99,1051.42,6488
2026-07-24 11:20:00,1040,1045,1040,1045,42,1051.38,6488
2026-07-24 11:25:00,1045,1050,1040,1050,94,1051.33,6488
2026-07-24 11:30:00,1050,1050,1035,1040,101,1051.25,6488
2026-07-24 11:35:00,1040,1040,1035,1035,50,1051.17,6488
2026-07-24 11:40:00,1035,1040,1030,1040,100,1051.02,6488
2026-07-24 11:45:00,1040,1045,1040,1040,24,1050.99,6488
2026-07-24 11:50:00,1045,1050,1035,1045,101,1050.9,6488
2026-07-24 11:55:00,1045,1045,1035,1035,50,1050.86,6488
2026-07-24 12:00:00,1035,1040,1035,1040,19,1050.83,6488
2026-07-24 12:05:00,1040,1050,1040,1045,70,1050.78,6488
2026-07-24 12:10:00,1050,1055,1045,1050,76,1050.77,6488
2026-07-24 12:15:00,1045,1050,1040,1050,76,1050.74,6488
2026-07-24 12:20:00,1050,1055,1045,1055,24,1050.74,6488
2026-07-24 12:25:00,1055,1055,1050,1055,106,1050.78,6488
2026-07-24 12:30:00,1055,1055,1055,1055,27,1050.79,6488
2026-07-24 12:35:00,1055,1060,1045,1045,94,1050.8,6488
2026-07-24 12:40:00,1045,1055,1045,1050,86,1050.79,6488
2026-07-24 12:45:00,1050,1050,1045,1050,61,1050.79,6488
2026-07-24 12:50:00,1050,1055,1045,1050,29,1050.79,6488
2026-07-24 12:55:00,1050,1050,1045,1050,38,1050.78,6488
2026-07-24 13:00:00,1050,1050,1035,1035,171,1050.65,6488
2026-07-24 13:05:00,1035,1040,1035,1035,86,1050.52,6488
2026-07-24 13:10:00,1035,1040,1030,1030,119,1050.35,6488
2026-07-24 13:15:00,1030,1035,1020,1020,296,1049.69,6488
2026-07-24 13:20:00,1020,1030,1020,1025,508,1048.54,6488
2026-07-24 13:30:00,1030,1030,1030,1030,411,1047.9,6488
2026-07-27 09:00:00,1030,1040,1020,1020,638,1031.08,6488
2026-07-27 09:05:00,1020,1030,1020,1030,179,1030.18,6488
2026-07-27 09:10:00,1030,1030,1025,1025,120,1030.05,6488
2026-07-27 09:15:00,1030,1030,1015,1020,215,1028.64,6488
2026-07-27 09:20:00,1015,1020,1010,1015,232,1026.06,6488
2026-07-27 09:25:00,1015,1025,1010,1015,188,1025.06,6488
2026-07-27 09:30:00,1020,1035,1020,1030,222,1025.55,6488
2026-07-27 09:35:00,1025,1030,1020,1030,133,1025.43,6488
2026-07-27 09:40:00,1035,1035,1025,1025,51,1025.55,6488
2026-07-27 09:45:00,1025,1025,1020,1025,22,1025.54,6488
2026-07-27 09:50:00,1020,1025,1015,1020,62,1025.36,6488
2026-07-27 09:55:00,1020,1035,1020,1035,61,1025.38,6488
2026-07-27 10:00:00,1035,1035,1030,1030,42,1025.49,6488
2026-07-27 10:05:00,1030,1030,1020,1025,39,1025.51,6488
2026-07-27 10:10:00,1025,1030,1025,1025,16,1025.51,6488
2026-07-27 10:15:00,1025,1025,1015,1020,133,1025.0,6488
2026-07-27 10:20:00,1020,1020,1015,1015,92,1024.64,6488
2026-07-27 10:25:00,1020,1020,1015,1020,17,1024.6,6488
2026-07-27 10:30:00,1020,1020,1010,1010,51,1024.41,6488
2026-07-27 10:35:00,1010,1025,1010,1025,132,1023.85,6488
2026-07-27 10:40:00,1025,1030,1025,1025,44,1023.89,6488
2026-07-27 10:45:00,1025,1025,1020,1020,40,1023.88,6488
2026-07-27 10:50:00,1020,1025,1020,1020,20,1023.86,6488
2026-07-27 10:55:00,1025,1025,1020,1020,13,1023.84,6488
2026-07-27 11:00:00,1020,1025,1020,1020,37,1023.81,6488
2026-07-27 11:05:00,1020,1020,1015,1020,8,1023.8,6488
2026-07-27 11:10:00,1015,1020,1015,1020,57,1023.63,6488
2026-07-27 11:15:00,1020,1020,1015,1015,26,1023.58,6488
2026-07-27 11:20:00,1015,1020,1015,1015,20,1023.53,6488
2026-07-27 11:25:00,1015,1015,1010,1010,70,1023.33,6488
2026-07-27 11:30:00,1010,1020,1010,1020,60,1023.13,6488
2026-07-27 11:35:00,1015,1015,1010,1010,72,1022.85,6488
2026-07-27 11:40:00,1010,1015,1010,1010,84,1022.51,6488
2026-07-27 11:45:00,1010,1010,1005,1005,36,1022.33,6488
2026-07-27 11:50:00,1005,1005,1005,1005,40,1022.12,6488
2026-07-27 11:55:00,1005,1015,1005,1010,57,1021.87,6488
2026-07-27 12:00:00,1010,1015,1010,1010,19,1021.8,6488
2026-07-27 12:05:00,1015,1025,1015,1020,124,1021.66,6488
2026-07-27 12:10:00,1020,1020,1020,1020,25,1021.65,6488
2026-07-27 12:15:00,1020,1020,1020,1020,41,1021.63,6488
2026-07-27 12:20:00,1020,1020,1015,1015,22,1021.61,6488
2026-07-27 12:25:00,1015,1020,1015,1015,13,1021.6,6488
2026-07-27 12:30:00,1020,1025,1015,1025,71,1021.57,6488
2026-07-27 12:35:00,1025,1025,1020,1020,54,1021.55,6488
2026-07-27 12:40:00,1020,1030,1020,1030,160,1021.81,6488
2026-07-27 12:45:00,1030,1035,1030,1035,186,1022.38,6488
2026-07-27 12:50:00,1035,1040,1035,1040,97,1022.78,6488
2026-07-27 12:55:00,1040,1045,1040,1040,122,1023.33,6488
2026-07-27 13:00:00,1035,1045,1035,1045,67,1023.6,6488
2026-07-27 13:05:00,1045,1050,1040,1050,65,1023.92,6488
2026-07-27 13:10:00,1050,1055,1045,1045,261,1025.45,6488
2026-07-27 13:15:00,1045,1065,1045,1055,357,1027.6,6488
2026-07-27 13:20:00,1055,1065,1055,1065,203,1028.9,6488
2026-07-27 13:30:00,1065,1065,1065,1065,377,1031.33,6488
2026-07-28 09:00:00,990,994,977,993,934,988.39,6488
2026-07-28 09:05:00,991,998,986,995,393,989.43,6488
2026-07-28 09:10:00,993,993,966,967,568,985.17,6488
2026-07-28 09:15:00,967,977,962,977,282,983.21,6488
2026-07-28 09:20:00,975,980,973,979,177,982.74,6488
2026-07-28 09:25:00,979,992,979,988,309,983.19,6488
2026-07-28 09:30:00,987,989,984,987,135,983.35,6488
2026-07-28 09:35:00,987,995,983,986,211,983.84,6488
2026-07-28 09:40:00,986,991,982,989,99,983.95,6488
2026-07-28 09:45:00,989,989,985,986,75,984.02,6488
2026-07-28 09:50:00,986,986,970,970,213,983.62,6488
2026-07-28 09:55:00,970,970,959,959,580,980.2,6488
2026-07-28 10:00:00,959,959,959,959,59,979.89,6488
2026-07-28 10:05:00,959,959,959,959,26,979.76,6488
2026-07-28 10:10:00,959,959,959,959,22,979.65,6488
2026-07-28 10:15:00,959,959,959,959,64,979.33,6488
2026-07-28 10:20:00,959,969,959,965,382,977.76,6488
2026-07-28 10:25:00,965,971,963,967,104,977.53,6488
2026-07-28 10:30:00,965,968,960,962,48,977.38,6488
2026-07-28 10:35:00,961,966,961,964,61,977.2,6488
2026-07-28 10:40:00,965,967,961,965,57,977.05,6488
2026-07-28 10:45:00,964,965,959,963,105,976.7,6488
2026-07-28 10:50:00,964,965,961,964,29,976.62,6488
2026-07-28 10:55:00,964,966,960,960,75,976.4,6488
2026-07-28 11:00:00,962,962,959,960,72,976.17,6488
2026-07-28 11:05:00,960,960,959,959,113,975.8,6488
2026-07-28 11:10:00,959,959,959,959,17,975.75,6488
2026-07-28 11:15:00,959,959,959,959,5,975.73,6488
2026-07-28 11:20:00,959,959,959,959,8,975.71,6488
2026-07-28 11:25:00,959,959,959,959,6,975.69,6488
2026-07-28 11:30:00,959,959,959,959,3,975.68,6488
2026-07-28 11:35:00,959,959,959,959,2,975.67,6488
2026-07-28 11:40:00,959,959,959,959,3,975.66,6488
2026-07-28 11:45:00,959,959,959,959,7,975.64,6488
2026-07-28 11:50:00,959,959,959,959,5,975.62,6488
2026-07-28 11:55:00,959,959,959,959,1,975.62,6488
2026-07-28 12:00:00,959,959,959,959,6,975.6,6488
2026-07-28 12:05:00,959,959,959,959,3,975.59,6488
2026-07-28 12:10:00,959,959,959,959,3,975.58,6488
2026-07-28 12:15:00,959,959,959,959,4,975.57,6488
2026-07-28 12:20:00,959,959,959,959,5,975.55,6488
2026-07-28 12:25:00,959,959,959,959,1,975.55,6488
2026-07-28 12:30:00,959,959,959,959,7,975.53,6488
2026-07-28 12:35:00,959,959,959,959,3,975.52,6488
2026-07-28 12:40:00,959,959,959,959,13,975.48,6488
2026-07-28 12:45:00,959,959,959,959,3,975.47,6488
2026-07-28 12:50:00,959,959,959,959,2,975.46,6488
2026-07-28 12:55:00,959,959,959,959,4,975.45,6488
2026-07-28 13:00:00,959,959,959,959,5,975.44,6488
2026-07-28 13:05:00,959,959,959,959,3,975.43,6488
2026-07-28 13:10:00,959,959,959,959,2,975.42,6488
2026-07-28 13:15:00,959,959,959,959,6,975.4,6488
2026-07-28 13:20:00,959,959,959,959,10,975.37,6488
2026-07-28 13:30:00,959,959,959,959,33,975.27,6488
2026-07-29 09:00:00,947,948,920,922,578,937.55,6488
2026-07-29 09:05:00,921,933,880,888,754,914.53,6488
2026-07-29 09:10:00,887,892,869,872,622,903.18,6488
2026-07-29 09:15:00,872,878,864,873,567,895.38,6488
2026-07-29 09:20:00,874,900,869,899,313,894.12,6488
2026-07-29 09:25:00,899,899,878,878,221,893.52,6488
2026-07-29 09:30:00,879,880,870,875,136,892.72,6488
2026-07-29 09:35:00,876,876,866,866,180,891.51,6488
2026-07-29 09:40:00,867,869,864,869,222,889.95,6488
2026-07-29 09:45:00,869,870,864,868,122,889.2,6488
2026-07-29 09:50:00,865,868,864,864,291,887.4,6488
2026-07-29 09:55:00,864,864,864,864,51,887.1,6488
2026-07-29 10:00:00,864,864,864,864,22,886.98,6488
2026-07-29 10:05:00,864,864,864,864,6,886.94,6488
2026-07-29 10:10:00,864,864,864,864,5,886.92,6488
2026-07-29 10:15:00,864,864,864,864,15,886.83,6488
2026-07-29 10:20:00,864,864,864,864,7,886.79,6488
2026-07-29 10:25:00,864,864,864,864,6,886.76,6488
2026-07-29 10:30:00,864,864,864,864,8,886.72,6488
2026-07-29 10:35:00,864,864,864,864,3,886.7,6488
2026-07-29 10:40:00,864,864,864,864,3,886.68,6488
2026-07-29 10:45:00,864,864,864,864,2,886.67,6488
2026-07-29 10:50:00,864,864,864,864,3,886.66,6488
2026-07-29 10:55:00,864,864,864,864,185,885.69,6488
2026-07-29 11:00:00,864,864,864,864,21,885.58,6488
2026-07-29 11:05:00,864,864,864,864,22,885.47,6488
2026-07-29 11:10:00,864,864,864,864,4,885.45,6488
2026-07-29 11:15:00,864,864,864,864,1,885.45,6488
2026-07-29 11:20:00,864,864,864,864,1,885.44,6488
2026-07-29 11:25:00,864,864,864,864,1,885.44,6488
2026-07-29 11:30:00,864,864,864,864,3,885.42,6488
2026-07-29 11:50:00,864,864,864,864,3,885.41,6488
2026-07-29 11:55:00,864,864,864,864,5,885.38,6488
2026-07-29 12:05:00,864,864,864,864,8,885.34,6488
2026-07-29 12:10:00,864,864,864,864,3,885.33,6488
2026-07-29 12:15:00,864,864,864,864,3,885.32,6488
2026-07-29 12:25:00,864,864,864,864,10,885.27,6488
2026-07-29 12:30:00,864,864,864,864,21,885.17,6488
2026-07-29 12:35:00,864,864,864,864,1,885.16,6488
2026-07-29 12:40:00,864,864,864,864,11,885.11,6488
2026-07-29 12:45:00,864,864,864,864,7,885.08,6488
2026-07-29 12:50:00,864,864,864,864,13,885.01,6488
2026-07-29 12:55:00,864,864,864,864,42,884.82,6488
2026-07-29 13:00:00,864,864,864,864,11,884.77,6488
2026-07-29 13:05:00,864,864,864,864,26,884.65,6488
2026-07-29 13:10:00,864,864,864,864,15,884.58,6488
2026-07-29 13:15:00,864,864,864,864,84,884.21,6488
2026-07-29 13:20:00,864,864,864,864,41,884.03,6488
2026-07-29 13:30:00,864,864,864,864,32,883.89,6488
2026-07-30 09:00:00,778,778,778,778,640,778.0,6488
2026-07-30 09:05:00,778,778,778,778,394,778.0,6488
2026-07-30 09:10:00,778,778,778,778,158,778.0,6488
2026-07-30 09:15:00,778,778,778,778,43,778.0,6488
2026-07-30 09:20:00,778,778,778,778,141,778.0,6488
2026-07-30 09:25:00,778,778,778,778,32,778.0,6488
2026-07-30 09:30:00,778,778,778,778,236,778.0,6488
2026-07-30 09:35:00,778,811,778,811,2874,782.17,6488
2026-07-30 09:40:00,820,825,793,798,1247,788.63,6488
2026-07-30 09:45:00,798,799,784,792,423,788.73,6488
2026-07-30 09:50:00,791,800,783,798,585,788.96,6488
2026-07-30 09:55:00,799,800,789,791,386,789.3,6488
2026-07-30 10:00:00,792,801,790,792,401,789.6,6488
2026-07-30 10:05:00,791,793,783,787,443,789.5,6488
2026-07-30 10:10:00,789,790,782,782,231,789.43,6488
2026-07-30 10:15:00,783,784,778,778,1036,788.2,6488
2026-07-30 10:20:00,778,778,778,778,27,788.17,6488
2026-07-30 10:25:00,778,778,778,778,56,788.11,6488
2026-07-30 10:30:00,778,778,778,778,55,788.05,6488
2026-07-30 10:35:00,778,778,778,778,8,788.04,6488
2026-07-30 10:40:00,778,778,778,778,9,788.03,6488
2026-07-30 10:45:00,778,778,778,778,22,788.01,6488
2026-07-30 10:50:00,778,778,778,778,16,787.99,6488
2026-07-30 10:55:00,778,778,778,778,15,787.97,6488
2026-07-30 11:00:00,778,778,778,778,11,787.96,6488
2026-07-30 11:05:00,778,778,778,778,4,787.96,6488
2026-07-30 11:10:00,778,778,778,778,21,787.94,6488
2026-07-30 11:15:00,778,778,778,778,5,787.93,6488
2026-07-30 11:20:00,778,778,778,778,3,787.93,6488
2026-07-30 11:25:00,778,778,778,778,114,787.81,6488
2026-07-30 11:30:00,778,778,778,778,5,787.81,6488
2026-07-30 11:35:00,778,778,778,778,6,787.8,6488
2026-07-30 11:40:00,778,778,778,778,2,787.8,6488
2026-07-30 11:45:00,778,778,778,778,6,787.79,6488
2026-07-30 11:50:00,778,778,778,778,5,787.79,6488
2026-07-30 11:55:00,778,778,778,778,4,787.78,6488
2026-07-30 12:00:00,778,778,778,778,2,787.78,6488
2026-07-30 12:05:00,778,778,778,778,4,787.78,6488
2026-07-30 12:10:00,778,778,778,778,3,787.77,6488
2026-07-30 12:15:00,778,778,778,778,1,787.77,6488
2026-07-30 12:20:00,778,778,778,778,6,787.77,6488
2026-07-30 12:25:00,778,778,778,778,4,787.76,6488
2026-07-30 12:30:00,778,778,778,778,95,787.67,6488
2026-07-30 12:35:00,778,778,778,778,3,787.66,6488
2026-07-30 12:40:00,778,778,778,778,2,787.66,6488
2026-07-30 12:45:00,778,778,778,778,2,787.66,6488
2026-07-30 12:50:00,778,778,778,778,4,787.66,6488
2026-07-30 12:55:00,778,778,778,778,11,787.65,6488
2026-07-30 13:00:00,778,778,778,778,19,787.63,6488
2026-07-30 13:05:00,778,778,778,778,12,787.62,6488
2026-07-30 13:10:00,778,778,778,778,4,787.61,6488
2026-07-30 13:15:00,778,778,778,778,21,787.59,6488
2026-07-30 13:20:00,778,778,778,778,24,787.57,6488
2026-07-30 13:30:00,778,778,778,778,28,787.54,6488
2026-07-31 09:00:00,855,855,826,849,3953,844.86,6488
2026-07-31 09:05:00,848,855,841,852,1618,845.74,6488
2026-07-31 09:10:00,851,853,838,841,864,845.47,6488
2026-07-31 09:15:00,840,849,834,848,902,845.0,6488
2026-07-31 09:20:00,848,849,841,842,682,845.09,6488
2026-07-31 09:25:00,842,845,835,845,535,844.72,6488
2026-07-31 09:30:00,844,845,831,837,628,844.07,6488
2026-07-31 09:35:00,837,837,818,827,736,842.67,6488
2026-07-31 09:40:00,826,828,815,818,540,841.54,6488
2026-07-31 09:45:00,818,820,802,806,770,839.52,6488
2026-07-31 09:50:00,805,834,803,829,985,838.02,6488
2026-07-31 09:55:00,828,846,827,844,679,837.92,6488
2026-07-31 10:00:00,845,855,843,851,2135,840.09,6488
2026-07-31 10:05:00,851,854,848,852,165,840.21,6488
2026-07-31 10:10:00,852,855,850,854,524,840.68,6488
2026-07-31 10:15:00,854,855,846,847,215,840.81,6488
2026-07-31 10:20:00,848,854,848,852,139,840.89,6488
2026-07-31 10:25:00,851,852,848,851,155,840.97,6488
2026-07-31 10:30:00,849,850,847,848,110,841.03,6488
2026-07-31 10:35:00,848,848,839,839,209,841.05,6488
2026-07-31 10:40:00,839,846,837,846,150,841.06,6488
2026-07-31 10:45:00,847,853,847,850,116,841.13,6488
2026-07-31 10:50:00,850,851,844,845,110,841.17,6488
2026-07-31 10:55:00,844,849,842,845,75,841.19,6488
2026-07-31 11:00:00,847,850,847,850,65,841.21,6488
2026-07-31 11:05:00,850,851,846,848,74,841.24,6488
2026-07-31 11:10:00,848,850,845,850,84,841.28,6488
2026-07-31 11:15:00,848,850,846,849,88,841.31,6488
2026-07-31 11:20:00,849,850,846,847,65,841.34,6488
2026-07-31 11:25:00,847,851,847,850,82,841.37,6488
2026-07-31 11:30:00,850,854,849,851,137,841.46,6488
2026-07-31 11:35:00,851,852,849,850,63,841.49,6488
2026-07-31 11:40:00,848,853,848,852,37,841.51,6488
2026-07-31 11:45:00,852,853,848,848,107,841.56,6488
2026-07-31 11:50:00,848,852,848,849,41,841.58,6488
2026-07-31 11:55:00,849,852,849,852,39,841.6,6488
2026-07-31 12:00:00,852,852,850,851,51,841.62,6488
2026-07-31 12:05:00,851,852,851,852,36,841.64,6488
2026-07-31 12:10:00,852,852,850,851,73,841.68,6488
2026-07-31 12:15:00,851,853,850,853,42,841.7,6488
2026-07-31 12:20:00,853,855,853,855,299,841.91,6488
2026-07-31 12:25:00,855,855,855,855,41,841.94,6488
2026-07-31 12:30:00,855,855,855,855,6,841.95,6488
2026-07-31 12:35:00,855,855,855,855,9,841.95,6488
2026-07-31 12:40:00,855,855,855,855,3,841.95,6488
2026-07-31 12:50:00,855,855,855,855,21,841.97,6488
2026-07-31 12:55:00,855,855,855,855,19,841.98,6488
2026-07-31 13:00:00,855,855,855,855,8,841.99,6488
2026-07-31 13:05:00,855,855,855,855,2,841.99,6488
2026-07-31 13:10:00,855,855,855,855,8,842.0,6488
2026-07-31 13:15:00,855,855,855,855,5,842.0,6488
2026-07-31 13:20:00,855,855,855,855,25,842.02,6488
2026-07-31 13:30:00,855,855,855,855,121,842.1,6488
2026-08-03 09:00:00,870,883,843,870,1447,863.11,6488
2026-08-03 09:05:00,868,917,864,910,1501,878.99,6488
2026-08-03 09:10:00,910,919,894,898,815,884.69,6488
2026-08-03 09:15:00,899,901,883,889,556,885.51,6488
2026-08-03 09:20:00,889,930,887,928,1024,890.46,6488
2026-08-03 09:25:00,927,927,912,916,630,893.69,6488
2026-08-03 09:30:00,915,919,904,905,334,894.57,6488
2026-08-03 09:35:00,905,905,883,889,605,894.38,6488
2026-08-03 09:40:00,889,897,889,894,327,894.36,6488
2026-08-03 09:45:00,894,901,888,889,329,894.4,6488
2026-08-03 09:50:00,889,898,886,891,313,894.24,6488
2026-08-03 09:55:00,891,906,889,903,329,894.48,6488
2026-08-03 10:00:00,903,913,895,909,391,895.0,6488
2026-08-03 10:05:00,909,909,901,901,127,895.14,6488
2026-08-03 10:10:00,900,905,900,903,104,895.21,6488
2026-08-03 10:15:00,903,910,901,907,192,895.47,6488
2026-08-03 10:20:00,907,912,902,904,241,895.8,6488
2026-08-03 10:25:00,904,904,895,903,217,895.89,6488
2026-08-03 10:30:00,902,903,895,901,124,895.92,6488
2026-08-03 10:35:00,900,905,900,902,60,895.95,6488
2026-08-03 10:40:00,901,902,896,896,64,895.97,6488
2026-08-03 10:45:00,896,903,895,896,95,896.0,6488
2026-08-03 10:50:00,897,899,893,898,124,895.99,6488
2026-08-03 10:55:00,898,899,897,897,30,896.0,6488
2026-08-03 11:00:00,896,896,890,890,162,895.93,6488
2026-08-03 11:05:00,890,893,885,890,265,895.74,6488
2026-08-03 11:10:00,891,894,891,893,19,895.73,6488
2026-08-03 11:15:00,894,894,888,889,57,895.71,6488
2026-08-03 11:20:00,888,890,880,881,204,895.47,6488
2026-08-03 11:25:00,881,884,880,880,138,895.3,6488
2026-08-03 11:30:00,881,890,881,889,121,895.2,6488
2026-08-03 11:35:00,890,894,888,892,109,895.16,6488
2026-08-03 11:40:00,891,891,886,888,50,895.13,6488
2026-08-03 11:45:00,888,894,888,892,58,895.12,6488
2026-08-03 11:50:00,893,894,892,892,51,895.11,6488
2026-08-03 11:55:00,891,893,889,889,67,895.08,6488
2026-08-03 12:00:00,888,892,886,889,94,895.02,6488
2026-08-03 12:05:00,888,893,887,893,82,894.99,6488
2026-08-03 12:10:00,893,893,887,890,90,894.95,6488
2026-08-03 12:15:00,890,891,889,891,48,894.93,6488
2026-08-03 12:20:00,891,891,887,890,76,894.89,6488
2026-08-03 12:25:00,890,891,889,890,70,894.86,6488
2026-08-03 12:30:00,889,890,882,883,200,894.69,6488
2026-08-03 12:35:00,882,886,881,884,102,894.6,6488
2026-08-03 12:40:00,883,884,874,878,306,894.19,6488
2026-08-03 12:45:00,877,885,876,882,154,894.03,6488
2026-08-03 12:50:00,882,886,880,886,104,893.94,6488
2026-08-03 12:55:00,886,886,881,884,89,893.86,6488
2026-08-03 13:00:00,883,884,877,879,152,893.7,6488
2026-08-03 13:05:00,879,880,871,874,340,893.2,6488
2026-08-03 13:10:00,874,874,863,866,386,892.5,6488
2026-08-03 13:15:00,866,866,862,863,278,891.93,6488
2026-08-03 13:20:00,863,866,861,862,626,890.69,6488
2026-08-03 13:30:00,866,866,866,866,490,889.88,6488
2026-08-04 09:00:00,888,912,875,884,1158,892.28,6488
2026-08-04 09:05:00,883,903,883,894,602,893.1,6488
2026-08-04 09:10:00,894,895,880,886,387,892.09,6488
2026-08-04 09:15:00,887,892,874,891,460,890.18,6488
2026-08-04 09:20:00,891,930,890,918,1290,897.86,6488
2026-08-04 09:25:00,918,940,914,931,909,903.88,6488
2026-08-04 09:30:00,934,945,931,940,398,906.64,6488
2026-08-04 09:35:00,940,940,915,928,306,907.69,6488
2026-08-04 09:40:00,929,942,927,941,185,908.51,6488
2026-08-04 09:45:00,941,948,936,936,194,909.64,6488
2026-08-04 09:50:00,936,952,936,952,1165,916.35,6488
2026-08-04 09:55:00,952,952,952,952,99,916.85,6488
2026-08-04 10:00:00,952,952,952,952,40,917.04,6488
2026-08-04 10:05:00,952,952,952,952,31,917.19,6488
2026-08-04 10:10:00,952,952,952,952,16,917.27,6488
2026-08-04 10:15:00,952,952,952,952,21,917.37,6488
2026-08-04 10:20:00,952,952,952,952,37,917.54,6488
2026-08-04 10:25:00,952,952,952,952,16,917.62,6488
2026-08-04 10:30:00,952,952,952,952,2,917.63,6488
2026-08-04 10:35:00,952,952,952,952,10,917.68,6488
2026-08-04 10:40:00,952,952,952,952,6,917.7,6488
2026-08-04 10:45:00,952,952,952,952,8,917.74,6488
2026-08-04 10:50:00,952,952,952,952,5,917.76,6488
2026-08-04 10:55:00,952,952,952,952,5,917.79,6488
2026-08-04 11:00:00,952,952,952,952,27,917.91,6488
2026-08-04 11:10:00,952,952,952,952,76,918.26,6488
2026-08-04 11:15:00,952,952,952,952,51,918.49,6488
2026-08-04 11:25:00,952,952,952,952,5,918.51,6488
2026-08-04 11:30:00,952,952,952,952,162,919.22,6488
2026-08-04 11:35:00,952,952,952,952,1,919.22,6488
2026-08-04 11:40:00,952,952,952,952,6,919.25,6488
2026-08-04 11:45:00,952,952,952,952,7,919.28,6488
2026-08-04 11:50:00,952,952,952,952,4,919.3,6488
2026-08-04 11:55:00,952,952,952,952,6,919.32,6488
2026-08-04 12:00:00,952,952,952,952,3,919.33,6488
2026-08-04 12:05:00,952,952,952,952,2,919.34,6488
2026-08-04 12:10:00,952,952,952,952,3,919.36,6488
2026-08-04 12:15:00,952,952,952,952,15,919.42,6488
2026-08-04 12:20:00,952,952,952,952,109,919.87,6488
2026-08-04 12:25:00,952,952,952,952,7,919.9,6488
2026-08-04 12:30:00,952,952,952,952,4,919.92,6488
2026-08-04 12:35:00,952,952,952,952,1,919.92,6488
2026-08-04 12:40:00,952,952,952,952,4,919.94,6488
2026-08-04 12:45:00,952,952,952,952,5,919.96,6488
2026-08-04 12:50:00,952,952,952,952,4,919.97,6488
2026-08-04 12:55:00,952,952,952,952,3,919.99,6488
2026-08-04 13:00:00,952,952,952,952,7,920.02,6488
2026-08-04 13:05:00,952,952,952,952,2,920.02,6488
2026-08-04 13:10:00,952,952,952,952,7,920.05,6488
2026-08-04 13:15:00,952,952,952,952,14,920.11,6488
2026-08-04 13:20:00,952,952,952,952,44,920.29,6488
2026-08-04 13:30:00,952,952,952,952,7,920.31,6488
2026-08-05 09:00:00,993,996,971,981,3278,985.31,6488
2026-08-05 09:05:00,982,983,960,972,1714,981.02,6488
2026-08-05 09:10:00,973,973,939,945,1813,974.55,6488
2026-08-05 09:15:00,945,948,910,912,1642,966.27,6488
2026-08-05 09:20:00,914,938,905,929,1380,959.89,6488
2026-08-05 09:25:00,929,930,916,922,500,958.1,6488
2026-08-05 09:30:00,922,923,916,917,398,956.67,6488
2026-08-05 09:35:00,917,938,917,930,656,955.16,6488
2026-08-05 09:40:00,929,931,918,928,339,954.27,6488
2026-08-05 09:45:00,928,929,920,929,164,953.87,6488
2026-08-05 09:50:00,929,934,924,929,228,953.41,6488
2026-08-05 09:55:00,928,930,921,923,229,952.89,6488
2026-08-05 10:00:00,923,926,919,919,307,952.13,6488
2026-08-05 10:05:00,919,925,917,923,154,951.75,6488
2026-08-05 10:10:00,923,925,921,922,138,951.45,6488
2026-08-05 10:15:00,921,930,918,926,376,950.66,6488
2026-08-05 10:20:00,927,930,926,930,164,950.39,6488
2026-08-05 10:25:00,929,931,926,929,181,950.11,6488
2026-08-05 10:30:00,929,930,923,923,154,949.83,6488
2026-08-05 10:35:00,923,925,908,909,934,947.61,6488
2026-08-05 10:40:00,909,917,909,915,445,946.57,6488
2026-08-05 10:45:00,914,919,914,919,175,946.22,6488
2026-08-05 10:50:00,917,920,916,917,108,946.03,6488
2026-08-05 10:55:00,917,918,913,913,158,945.73,6488
2026-08-05 11:00:00,914,918,914,917,104,945.53,6488
2026-08-05 11:05:00,917,918,903,909,764,943.82,6488
2026-08-05 11:10:00,909,909,890,892,901,941.43,6488
2026-08-05 11:15:00,892,902,890,894,434,940.32,6488
2026-08-05 11:20:00,894,894,887,892,532,938.86,6488
2026-08-05 11:25:00,893,894,885,885,334,937.98,6488
2026-08-05 11:30:00,885,886,868,873,1235,934.21,6488
2026-08-05 11:35:00,872,889,872,889,374,933.23,6488
2026-08-05 11:40:00,889,892,883,886,298,932.58,6488
2026-08-05 11:45:00,887,894,886,887,162,932.24,6488
2026-08-05 11:50:00,887,894,884,894,179,931.87,6488
2026-08-05 11:55:00,893,893,890,893,97,931.69,6488
2026-08-05 12:00:00,892,906,891,899,406,931.11,6488
2026-08-05 12:05:00,900,902,895,900,113,930.94,6488
2026-08-05 12:10:00,901,901,898,900,96,930.8,6488
2026-08-05 12:15:00,899,900,895,896,108,930.63,6488
2026-08-05 12:20:00,896,899,895,897,66,930.53,6488
2026-08-05 12:25:00,898,900,897,898,83,930.41,6488
2026-08-05 12:30:00,899,903,897,903,130,930.23,6488
2026-08-05 12:35:00,903,904,896,899,135,930.04,6488
2026-08-05 12:40:00,899,901,892,893,152,929.8,6488
2026-08-05 12:45:00,892,895,891,895,70,929.69,6488
2026-08-05 12:50:00,895,895,890,891,102,929.52,6488
2026-08-05 12:55:00,891,895,891,892,132,929.31,6488
2026-08-05 13:00:00,892,895,891,893,164,929.05,6488
2026-08-05 13:05:00,893,894,882,882,413,928.31,6488
2026-08-05 13:10:00,883,884,873,875,443,927.39,6488
2026-08-05 13:15:00,875,878,874,877,374,926.59,6488
2026-08-05 13:20:00,877,881,875,877,423,925.74,6488
2026-08-05 13:30:00,872,872,872,872,672,924.3,6488
2026-08-06 09:00:00,877,880,862,875,812,872.68,6488
2026-08-06 09:05:00,876,877,857,859,565,870.31,6488
2026-08-06 09:10:00,862,862,852,857,613,866.0,6488
2026-08-06 09:15:00,858,858,838,839,1061,858.77,6488
2026-08-06 09:20:00,839,841,831,838,558,855.29,6488
2026-08-06 09:25:00,839,841,828,838,454,852.96,6488
2026-08-06 09:30:00,839,854,837,848,456,852.31,6488
2026-08-06 09:35:00,848,855,840,845,248,852.15,6488
2026-08-06 09:40:00,845,846,839,843,159,851.82,6488
2026-08-06 09:45:00,843,850,841,849,234,851.61,6488
2026-08-06 09:50:00,849,851,846,848,175,851.54,6488
2026-08-06 09:55:00,850,850,846,846,55,851.5,6488
2026-08-06 10:00:00,846,852,845,850,199,851.44,6488
2026-08-06 10:05:00,851,852,851,852,60,851.44,6488
2026-08-06 10:10:00,852,853,846,847,91,851.41,6488
2026-08-06 10:15:00,850,869,850,867,528,852.14,6488
2026-08-06 10:20:00,866,878,865,874,342,853.21,6488
2026-08-06 10:25:00,874,879,868,873,228,853.9,6488
2026-08-06 10:30:00,873,880,869,880,243,854.67,6488
2026-08-06 10:35:00,879,883,872,879,238,855.47,6488
2026-08-06 10:40:00,879,883,875,882,87,855.76,6488
2026-08-06 10:45:00,882,885,870,871,229,856.45,6488
2026-08-06 10:50:00,872,877,872,874,106,856.71,6488
2026-08-06 10:55:00,874,874,870,870,72,856.85,6488
2026-08-06 11:00:00,870,875,870,872,113,857.07,6488
2026-08-06 11:05:00,873,873,859,859,237,857.28,6488
2026-08-06 11:10:00,860,866,860,865,110,857.35,6488
2026-08-06 11:15:00,866,867,860,861,86,857.4,6488
2026-08-06 11:20:00,861,867,859,864,122,857.48,6488
2026-08-06 11:25:00,864,867,862,862,57,857.53,6488
2026-08-06 11:30:00,863,867,862,865,79,857.59,6488
2026-08-06 11:35:00,865,872,862,870,168,857.79,6488
2026-08-06 11:40:00,869,872,866,867,72,857.89,6488
2026-08-06 11:45:00,867,872,866,868,72,857.97,6488
2026-08-06 11:50:00,867,869,866,867,62,858.04,6488
2026-08-06 11:55:00,868,872,866,872,117,858.17,6488
2026-08-06 12:00:00,871,874,870,872,84,858.3,6488
2026-08-06 12:05:00,872,873,868,872,61,858.39,6488
2026-08-06 12:10:00,871,872,869,872,58,858.46,6488
2026-08-06 12:15:00,871,871,867,867,62,858.53,6488
2026-08-06 12:20:00,868,871,868,869,28,858.56,6488
2026-08-06 12:25:00,870,870,866,866,77,858.64,6488
2026-08-06 12:30:00,867,870,867,869,40,858.68,6488
2026-08-06 12:35:00,869,869,868,869,22,858.7,6488
2026-08-06 12:40:00,869,870,868,869,40,858.75,6488
2026-08-06 12:45:00,870,870,869,869,19,858.77,6488
2026-08-06 12:50:00,869,870,868,869,54,858.82,6488
2026-08-06 12:55:00,869,869,865,868,108,858.91,6488
2026-08-06 13:00:00,867,870,867,870,78,858.99,6488
2026-08-06 13:05:00,870,873,869,872,158,859.18,6488
2026-08-06 13:10:00,873,873,869,870,130,859.34,6488
2026-08-06 13:15:00,870,872,870,872,68,859.41,6488
2026-08-06 13:20:00,872,874,870,873,186,859.63,6488
2026-08-06 13:30:00,872,872,872,872,398,860.09,6488
2026-08-07 09:00:00,879,888,862,883,933,877.59,6488
2026-08-07 09:05:00,881,886,870,870,563,877.94,6488
2026-08-07 09:10:00,870,875,856,856,477,874.69,6488
2026-08-07 09:15:00,856,866,855,860,228,873.33,6488
2026-08-07 09:20:00,860,861,855,861,141,872.39,6488
2026-08-07 09:25:00,858,868,857,865,105,871.99,6488
2026-08-07 09:30:00,866,900,866,895,793,875.46,6488
2026-08-07 09:35:00,895,910,884,884,855,880.44,6488
2026-08-07 09:40:00,885,900,881,894,452,881.68,6488
2026-08-07 09:45:00,895,900,886,894,252,882.33,6488
2026-08-07 09:50:00,895,895,884,891,163,882.56,6488
2026-08-07 09:55:00,892,892,885,885,92,882.66,6488
2026-08-07 10:00:00,885,899,885,899,149,882.94,6488
2026-08-07 10:05:00,899,899,886,886,110,883.13,6488
2026-08-07 10:10:00,885,891,882,885,205,883.25,6488
2026-08-07 10:15:00,885,889,882,887,112,883.27,6488
2026-08-07 10:20:00,887,887,880,884,77,883.27,6488
2026-08-07 10:25:00,883,883,875,876,151,883.17,6488
2026-08-07 10:30:00,876,878,870,872,175,882.91,6488
2026-08-07 10:35:00,872,875,872,872,104,882.73,6488
2026-08-07 10:40:00,873,879,873,873,71,882.65,6488
2026-08-07 10:45:00,873,875,865,875,274,882.11,6488
2026-08-07 10:50:00,875,875,870,872,45,882.05,6488
2026-08-07 10:55:00,872,875,871,871,41,881.99,6488
2026-08-07 11:00:00,871,877,871,876,44,881.94,6488
2026-08-07 11:05:00,876,876,873,876,58,881.88,6488
2026-08-07 11:10:00,876,878,874,874,83,881.81,6488
2026-08-07 11:15:00,875,875,872,873,68,881.73,6488
2026-08-07 11:20:00,873,874,871,873,74,881.62,6488
2026-08-07 11:25:00,874,874,871,873,82,881.51,6488
2026-08-07 11:30:00,872,882,872,878,150,881.45,6488
2026-08-07 11:35:00,878,881,878,881,44,881.44,6488
2026-08-07 11:40:00,881,881,877,879,52,881.43,6488
2026-08-07 11:45:00,878,879,875,877,44,881.4,6488
2026-08-07 11:50:00,879,879,873,875,50,881.36,6488
2026-08-07 11:55:00,876,876,872,873,45,881.32,6488
2026-08-07 12:00:00,875,876,872,875,82,881.23,6488
2026-08-07 12:05:00,875,876,872,873,37,881.2,6488
2026-08-07 12:10:00,874,876,872,874,46,881.15,6488
2026-08-07 12:15:00,872,873,869,870,121,880.99,6488
2026-08-07 12:20:00,870,875,870,873,49,880.93,6488
2026-08-07 12:25:00,874,875,872,875,33,880.9,6488
2026-08-07 12:30:00,875,875,873,875,44,880.86,6488
2026-08-07 12:35:00,875,875,868,868,124,880.7,6488
2026-08-07 12:40:00,868,869,865,865,97,880.53,6488
2026-08-07 12:45:00,864,867,863,867,74,880.39,6488
2026-08-07 12:50:00,867,867,860,862,149,880.04,6488
2026-08-07 12:55:00,862,869,862,869,46,879.97,6488
2026-08-07 13:00:00,867,873,866,870,91,879.86,6488
2026-08-07 13:05:00,872,872,866,866,56,879.78,6488
2026-08-07 13:10:00,866,867,864,866,89,879.64,6488
2026-08-07 13:15:00,866,869,864,869,124,879.44,6488
2026-08-07 13:20:00,869,870,862,862,195,879.13,6488
2026-08-07 13:30:00,872,872,872,872,412,878.81,6488
2026-08-10 09:00:00,880,885,876,880,491,879.93,6488
2026-08-10 09:05:00,880,885,876,878,188,880.19,6488
2026-08-10 09:10:00,877,877,858,865,578,874.15,6488
2026-08-10 09:15:00,865,886,865,880,367,874.88,6488
2026-08-10 09:20:00,881,884,875,877,119,875.14,6488
2026-08-10 09:25:00,878,880,873,875,126,875.23,6488
2026-08-10 09:30:00,875,875,870,872,143,875.04,6488
2026-08-10 09:35:00,873,888,873,882,313,876.07,6488
2026-08-10 09:40:00,883,883,878,881,45,876.14,6488
2026-08-10 09:45:00,881,885,878,882,150,876.5,6488
2026-08-10 09:50:00,882,883,880,881,42,876.57,6488
2026-08-10 09:55:00,881,881,875,876,67,876.6,6488
2026-08-10 10:00:00,876,879,876,879,44,876.61,6488
2026-08-10 10:05:00,878,880,877,879,38,876.63,6488
2026-08-10 10:10:00,879,879,878,879,32,876.65,6488
2026-08-10 10:15:00,880,880,877,879,45,876.67,6488
2026-08-10 10:20:00,879,879,874,875,65,876.65,6488
2026-08-10 10:25:00,876,877,874,874,37,876.63,6488
2026-08-10 10:30:00,874,875,869,869,178,876.34,6488
2026-08-10 10:35:00,869,869,862,862,236,875.57,6488
2026-08-10 10:40:00,862,863,855,859,470,873.58,6488
2026-08-10 10:45:00,859,867,859,866,143,873.19,6488
2026-08-10 10:50:00,866,869,865,867,115,873.02,6488
2026-08-10 10:55:00,868,868,865,867,89,872.9,6488
2026-08-10 11:00:00,866,867,865,866,39,872.83,6488
2026-08-10 11:05:00,865,866,863,863,42,872.75,6488
2026-08-10 11:10:00,863,864,861,861,54,872.61,6488
2026-08-10 11:15:00,862,862,859,859,99,872.33,6488
2026-08-10 11:20:00,859,863,859,863,70,872.15,6488
2026-08-10 11:25:00,863,864,859,859,45,872.03,6488
2026-08-10 11:30:00,859,860,856,856,133,871.61,6488
2026-08-10 11:35:00,857,858,856,856,80,871.37,6488
2026-08-10 11:40:00,856,858,855,858,72,871.14,6488
2026-08-10 11:45:00,857,861,857,860,42,871.04,6488
2026-08-10 11:50:00,859,862,858,859,64,870.89,6488
2026-08-10 11:55:00,858,859,856,858,51,870.75,6488
2026-08-10 12:00:00,858,858,856,857,36,870.65,6488
2026-08-10 12:05:00,857,859,856,858,73,870.46,6488
2026-08-10 12:10:00,858,858,854,854,119,870.11,6488
2026-08-10 12:15:00,854,856,853,855,81,869.86,6488
2026-08-10 12:20:00,855,856,852,852,49,869.71,6488
2026-08-10 12:25:00,852,858,852,858,88,869.46,6488
2026-08-10 12:30:00,858,859,854,855,38,869.37,6488
2026-08-10 12:35:00,854,855,853,854,53,869.22,6488
2026-08-10 12:40:00,853,854,852,853,85,868.97,6488
2026-08-10 12:45:00,852,853,852,853,29,868.88,6488
2026-08-10 12:50:00,852,854,852,854,50,868.74,6488
2026-08-10 12:55:00,854,854,853,854,17,868.7,6488
2026-08-10 13:00:00,853,856,852,856,129,868.35,6488
2026-08-10 13:05:00,856,857,855,855,68,868.2,6488
2026-08-10 13:10:00,855,859,854,859,133,867.94,6488
2026-08-10 13:15:00,858,859,855,855,137,867.7,6488
2026-08-10 13:20:00,855,856,852,854,243,867.19,6488
2026-08-10 13:30:00,854,854,854,854,357,866.49,6488
2026-08-11 09:00:00,847,850,832,838,553,840.58,6488
2026-08-11 09:05:00,838,840,826,830,491,836.9,6488
2026-08-11 09:10:00,832,866,832,865,645,841.19,6488
2026-08-11 09:15:00,865,883,848,848,830,850.17,6488
2026-08-11 09:20:00,848,855,840,855,360,849.82,6488
2026-08-11 09:25:00,854,856,845,852,194,849.84,6488
2026-08-11 09:30:00,850,850,834,837,411,848.68,6488
2026-08-11 09:35:00,837,837,823,827,678,845.4,6488
2026-08-11 09:40:00,827,836,826,833,207,844.76,6488
2026-08-11 09:45:00,834,836,830,833,126,844.43,6488
2026-08-11 09:50:00,833,834,830,833,96,844.18,6488
2026-08-11 09:55:00,833,839,832,832,152,843.89,6488
2026-08-11 10:00:00,832,836,831,836,49,843.78,6488
2026-08-11 10:05:00,836,836,829,830,74,843.59,6488
2026-08-11 10:10:00,830,831,825,827,129,843.17,6488
2026-08-11 10:15:00,828,828,827,827,46,843.03,6488
2026-08-11 10:20:00,828,831,827,831,106,842.74,6488
2026-08-11 10:25:00,831,831,827,828,48,842.6,6488
2026-08-11 10:30:00,829,837,828,837,179,842.25,6488
2026-08-11 10:35:00,837,839,835,838,137,842.14,6488
2026-08-11 10:40:00,838,843,836,840,196,842.06,6488
2026-08-11 10:45:00,841,843,838,840,90,842.05,6488
2026-08-11 10:50:00,841,842,835,835,60,842.01,6488
2026-08-11 10:55:00,837,838,834,837,76,841.94,6488
2026-08-11 11:00:00,837,841,835,840,108,841.87,6488
2026-08-11 11:05:00,840,840,836,838,27,841.85,6488
2026-08-11 11:10:00,837,839,837,837,28,841.83,6488
2026-08-11 11:15:00,836,841,836,840,67,841.8,6488
2026-08-11 11:20:00,840,841,837,841,62,841.78,6488
2026-08-11 11:25:00,842,844,840,842,82,841.79,6488
2026-08-11 11:30:00,841,843,840,842,48,841.79,6488
2026-08-11 11:35:00,843,847,842,846,118,841.84,6488
2026-08-11 11:40:00,845,849,844,844,108,841.93,6488
2026-08-11 11:45:00,845,848,845,847,74,841.98,6488
2026-08-11 11:50:00,847,847,843,843,41,842.0,6488
2026-08-11 11:55:00,843,844,840,841,50,842.0,6488
2026-08-11 12:00:00,840,842,839,840,49,841.98,6488
2026-08-11 12:05:00,839,841,839,839,43,841.97,6488
2026-08-11 12:10:00,839,842,839,840,49,841.96,6488
2026-08-11 12:15:00,839,842,839,840,38,841.95,6488
2026-08-11 12:20:00,842,843,840,842,73,841.96,6488
2026-08-11 12:25:00,842,849,842,845,167,842.05,6488
2026-08-11 12:30:00,844,844,842,844,33,842.05,6488
2026-08-11 12:35:00,843,844,841,842,52,842.06,6488
2026-08-11 12:40:00,842,844,841,842,44,842.05,6488
2026-08-11 12:45:00,843,846,842,843,82,842.08,6488
2026-08-11 12:50:00,844,845,842,843,37,842.08,6488
2026-08-11 12:55:00,843,843,841,842,48,842.08,6488
2026-08-11 13:00:00,842,846,842,843,102,842.1,6488
2026-08-11 13:05:00,842,844,840,840,78,842.1,6488
2026-08-11 13:10:00,841,841,839,839,117,842.07,6488
2026-08-11 13:15:00,840,843,840,841,157,842.05,6488
2026-08-11 13:20:00,841,843,840,840,222,842.03,6488
2026-08-11 13:30:00,849,849,849,849,355,842.32,6488
2026-08-12 09:00:00,844,895,844,886,1291,872.11,6488
2026-08-12 09:05:00,885,919,885,907,1392,888.49,6488
2026-08-12 09:10:00,906,909,892,897,796,890.92,6488
2026-08-12 09:15:00,895,905,894,900,458,891.99,6488
2026-08-12 09:20:00,899,903,880,888,645,891.53,6488
2026-08-12 09:25:00,889,895,885,895,302,891.41,6488
2026-08-12 09:30:00,895,902,892,902,397,891.87,6488
2026-08-12 09:35:00,901,915,901,906,836,894.29,6488
2026-08-12 09:40:00,907,918,906,914,426,895.54,6488
2026-08-12 09:45:00,915,916,905,908,205,896.03,6488
2026-08-12 09:50:00,909,916,909,910,149,896.38,6488
2026-08-12 09:55:00,910,910,903,904,171,896.59,6488
2026-08-12 10:00:00,903,915,902,905,182,896.89,6488
2026-08-12 10:05:00,905,907,900,900,109,896.97,6488
2026-08-12 10:10:00,900,908,900,908,124,897.06,6488
2026-08-12 10:15:00,907,913,902,913,134,897.25,6488
2026-08-12 10:20:00,912,933,912,933,2246,904.24,6488
2026-08-12 10:25:00,933,933,933,933,114,904.57,6488
2026-08-12 10:30:00,933,933,933,933,37,904.67,6488
2026-08-12 10:35:00,933,933,933,933,38,904.78,6488
2026-08-12 10:40:00,933,933,933,933,41,904.9,6488
2026-08-12 10:45:00,933,933,933,933,37,905.0,6488
2026-08-12 10:50:00,933,933,933,933,11,905.03,6488
2026-08-12 10:55:00,933,933,933,933,25,905.1,6488
2026-08-12 11:00:00,933,933,933,933,11,905.13,6488
2026-08-12 11:05:00,933,933,933,933,10,905.15,6488
2026-08-12 11:10:00,933,933,933,933,17,905.2,6488
2026-08-12 11:15:00,933,933,933,933,14,905.24,6488
2026-08-12 11:20:00,933,933,933,933,9,905.26,6488
2026-08-12 11:25:00,933,933,933,933,16,905.31,6488
2026-08-12 11:30:00,933,933,933,933,16,905.35,6488
2026-08-12 11:35:00,933,933,933,933,11,905.38,6488
2026-08-12 11:40:00,933,933,933,933,21,905.44,6488
2026-08-12 11:45:00,933,933,933,933,19,905.49,6488
2026-08-12 11:50:00,933,933,933,933,16,905.53,6488
2026-08-12 11:55:00,933,933,933,933,17,905.57,6488
2026-08-12 12:00:00,933,933,933,933,8,905.6,6488
2026-08-12 12:05:00,933,933,933,933,8,905.62,6488
2026-08-12 12:10:00,933,933,933,933,9,905.64,6488
2026-08-12 12:15:00,933,933,933,933,10,905.67,6488
2026-08-12 12:20:00,933,933,933,933,6,905.68,6488
2026-08-12 12:25:00,933,933,933,933,8,905.7,6488
2026-08-12 12:30:00,933,933,933,933,13,905.74,6488
2026-08-12 12:35:00,933,933,933,933,12,905.77,6488
2026-08-12 12:40:00,933,933,933,933,14,905.81,6488
2026-08-12 12:45:00,933,933,933,933,11,905.83,6488
2026-08-12 12:50:00,933,933,933,933,10,905.86,6488
2026-08-12 12:55:00,933,933,933,933,7,905.88,6488
2026-08-12 13:00:00,933,933,933,933,19,905.93,6488
2026-08-12 13:05:00,933,933,933,933,22,905.98,6488
2026-08-12 13:10:00,933,933,933,933,8,906.01,6488
2026-08-12 13:15:00,933,933,933,933,17,906.05,6488
2026-08-12 13:20:00,933,933,933,933,12,906.08,6488
2026-08-12 13:30:00,933,933,933,933,27,906.15,6488
2026-08-13 09:00:00,970,977,950,970,2517,965.14,6488
2026-08-13 09:05:00,970,1005,967,996,2735,977.04,6488
2026-08-13 09:10:00,997,1025,995,1025,3271,991.66,6488
2026-08-13 09:15:00,1025,1025,1025,1025,248,992.6,6488
2026-08-13 09:20:00,1025,1025,1025,1025,69,992.85,6488
2026-08-13 09:25:00,1025,1025,1025,1025,35,992.98,6488
2026-08-13 09:30:00,1025,1025,1025,1025,31,993.09,6488
2026-08-13 09:35:00,1025,1025,1025,1025,35,993.22,6488
2026-08-13 09:40:00,1025,1025,1025,1025,49,993.39,6488
2026-08-13 09:45:00,1025,1025,1025,1025,28,993.49,6488
2026-08-13 09:50:00,1025,1025,1025,1025,10,993.52,6488
2026-08-13 09:55:00,1025,1025,1025,1025,11,993.56,6488
2026-08-13 10:00:00,1025,1025,1025,1025,13,993.61,6488
2026-08-13 10:05:00,1025,1025,1025,1025,18,993.67,6488
2026-08-13 10:10:00,1025,1025,1025,1025,15,993.72,6488
2026-08-13 10:15:00,1025,1025,1025,1025,17,993.78,6488
2026-08-13 10:20:00,1025,1025,1025,1025,57,993.97,6488
2026-08-13 10:25:00,1025,1025,1025,1025,95,994.29,6488
2026-08-13 10:30:00,1025,1025,1025,1025,56,994.48,6488
2026-08-13 10:35:00,1025,1025,1025,1025,96,994.79,6488
2026-08-13 10:40:00,1025,1025,1025,1025,8,994.81,6488
2026-08-13 10:45:00,1025,1025,1025,1025,11,994.85,6488
2026-08-13 10:50:00,1025,1025,1025,1025,2,994.86,6488
2026-08-13 10:55:00,1025,1025,1025,1025,2,994.86,6488
2026-08-13 11:00:00,1025,1025,1025,1025,4,994.88,6488
2026-08-13 11:05:00,1025,1025,1025,1025,4,994.89,6488
2026-08-13 11:10:00,1025,1025,1025,1025,3,994.9,6488
2026-08-13 11:15:00,1025,1025,1025,1025,2,994.9,6488
2026-08-13 11:20:00,1025,1025,1025,1025,2,994.91,6488
2026-08-13 11:25:00,1025,1025,1025,1025,5,994.93,6488
2026-08-13 11:35:00,1025,1025,1025,1025,5,994.94,6488
2026-08-13 11:40:00,1025,1025,1025,1025,2,994.95,6488
2026-08-13 11:45:00,1025,1025,1025,1025,3,994.96,6488
2026-08-13 11:50:00,1025,1025,1025,1025,3,994.97,6488
2026-08-13 11:55:00,1025,1025,1025,1025,5,994.98,6488
2026-08-13 12:00:00,1025,1025,1025,1025,6,995.0,6488
2026-08-13 12:05:00,1025,1025,1025,1025,5,995.02,6488
2026-08-13 12:10:00,1025,1025,1025,1025,4,995.03,6488
2026-08-13 12:15:00,1025,1025,1025,1025,2,995.04,6488
2026-08-13 12:20:00,1025,1025,1025,1025,9,995.07,6488
2026-08-13 12:25:00,1025,1025,1025,1025,7,995.09,6488
2026-08-13 12:30:00,1025,1025,1025,1025,2,995.09,6488
2026-08-13 12:35:00,1025,1025,1025,1025,6,995.11,6488
2026-08-13 12:40:00,1025,1025,1025,1025,2,995.12,6488
2026-08-13 12:45:00,1025,1025,1025,1025,5,995.14,6488
2026-08-13 12:50:00,1025,1025,1025,1025,6,995.15,6488
2026-08-13 12:55:00,1025,1025,1025,1025,5,995.17,6488
2026-08-13 13:00:00,1025,1025,1025,1025,7,995.19,6488
2026-08-13 13:05:00,1025,1025,1025,1025,13,995.23,6488
2026-08-13 13:10:00,1025,1025,1025,1025,13,995.27,6488
2026-08-13 13:15:00,1025,1025,1025,1025,6,995.29,6488
2026-08-13 13:20:00,1025,1025,1025,1025,37,995.41,6488
2026-08-13 13:30:00,1025,1025,1025,1025,45,995.54,6488
2026-08-14 09:00:00,1025,1045,1000,1020,2762,1025.22,6488
2026-08-14 09:05:00,1020,1040,1015,1030,1756,1026.49,6488
2026-08-14 09:10:00,1030,1045,1020,1035,1456,1028.02,6488
2026-08-14 09:15:00,1035,1035,1010,1015,643,1027.35,6488
2026-08-14 09:20:00,1015,1030,1015,1020,203,1027.23,6488
2026-08-14 09:25:00,1015,1040,1005,1035,1038,1027.07,6488
2026-08-14 09:30:00,1035,1035,1015,1020,303,1027.21,6488
2026-08-14 09:35:00,1020,1025,1015,1020,69,1027.15,6488
2026-08-14 09:40:00,1025,1025,1015,1020,151,1026.98,6488
2026-08-14 09:45:00,1025,1025,1015,1020,148,1026.86,6488
2026-08-14 09:50:00,1020,1025,1015,1020,88,1026.8,6488
2026-08-14 09:55:00,1020,1025,1010,1025,292,1026.52,6488
2026-08-14 10:00:00,1015,1035,1010,1025,975,1026.43,6488
2026-08-14 10:05:00,1025,1040,1025,1030,182,1026.53,6488
2026-08-14 10:10:00,1025,1035,1025,1030,74,1026.56,6488
2026-08-14 10:15:00,1030,1035,1025,1030,95,1026.6,6488
2026-08-14 10:20:00,1025,1035,1020,1030,154,1026.62,6488
2026-08-14 10:25:00,1035,1035,1020,1025,42,1026.62,6488
2026-08-14 10:30:00,1025,1030,1025,1030,45,1026.61,6488
2026-08-14 10:35:00,1030,1030,1025,1025,60,1026.61,6488
2026-08-14 10:40:00,1025,1025,1020,1025,39,1026.6,6488
2026-08-14 10:45:00,1025,1025,1025,1025,38,1026.59,6488
2026-08-14 10:50:00,1025,1030,1015,1020,112,1026.54,6488
2026-08-14 10:55:00,1020,1020,1010,1015,133,1026.39,6488
2026-08-14 11:00:00,1015,1020,1010,1010,93,1026.29,6488
2026-08-14 11:05:00,1010,1020,1005,1020,183,1026.05,6488
2026-08-14 11:10:00,1020,1020,1015,1020,37,1026.03,6488
2026-08-14 11:15:00,1020,1020,1015,1020,46,1026.0,6488
2026-08-14 11:20:00,1020,1025,1015,1025,140,1025.97,6488
2026-08-14 11:25:00,1025,1035,1025,1025,264,1026.05,6488
2026-08-14 11:30:00,1025,1030,1020,1020,51,1026.04,6488
2026-08-14 11:35:00,1025,1025,1020,1025,84,1026.02,6488
2026-08-14 11:40:00,1025,1025,1020,1025,56,1026.0,6488
2026-08-14 11:45:00,1025,1025,1015,1015,32,1025.99,6488
2026-08-14 11:50:00,1020,1020,1015,1020,34,1025.96,6488
2026-08-14 11:55:00,1020,1020,1010,1015,94,1025.87,6488
2026-08-14 12:00:00,1015,1015,1005,1005,106,1025.73,6488
2026-08-14 12:05:00,1005,1005,999,1000,427,1024.89,6488
2026-08-14 12:10:00,1000,1005,1000,1000,94,1024.71,6488
2026-08-14 12:15:00,1000,1005,1000,1000,93,1024.54,6488
2026-08-14 12:20:00,1000,1005,993,996,283,1023.93,6488
2026-08-14 12:25:00,998,1005,996,1000,144,1023.66,6488
2026-08-14 12:30:00,999,1000,998,1000,92,1023.49,6488
2026-08-14 12:35:00,1000,1010,998,1010,163,1023.26,6488
2026-08-14 12:40:00,1010,1025,1010,1020,151,1023.19,6488
2026-08-14 12:45:00,1025,1025,1015,1020,110,1023.16,6488
2026-08-14 12:50:00,1015,1015,1010,1010,64,1023.1,6488
2026-08-14 12:55:00,1015,1015,1010,1015,12,1023.1,6488
2026-08-14 13:00:00,1010,1015,1005,1005,69,1023.02,6488
2026-08-14 13:05:00,1005,1010,1000,1000,153,1022.83,6488
2026-08-14 13:10:00,1005,1015,1005,1015,156,1022.7,6488
2026-08-14 13:15:00,1015,1025,1015,1025,148,1022.67,6488
2026-08-14 13:20:00,1025,1025,1010,1015,202,1022.6,6488
2026-08-14 13:30:00,1010,1010,1010,1010,457,1022.21,6488
2026-08-17 09:00:00,1000,1015,990,1010,681,1000.96,6488
2026-08-17 09:05:00,1010,1030,1005,1025,594,1009.95,6488
2026-08-17 09:10:00,1020,1025,1010,1010,202,1010.86,6488
2026-08-17 09:15:00,1010,1020,1000,1015,218,1010.66,6488
2026-08-17 09:20:00,1015,1015,1010,1010,129,1010.74,6488
2026-08-17 09:25:00,1010,1020,1005,1020,117,1010.93,6488
2026-08-17 09:30:00,1020,1025,1015,1020,129,1011.52,6488
2026-08-17 09:35:00,1020,1035,1020,1030,450,1014.37,6488
2026-08-17 09:40:00,1030,1030,1020,1020,170,1015.11,6488
2026-08-17 09:45:00,1025,1025,1010,1010,74,1015.15,6488
2026-08-17 09:50:00,1010,1035,1010,1035,176,1015.76,6488
2026-08-17 09:55:00,1035,1055,1030,1050,700,1021.05,6488
2026-08-17 10:00:00,1050,1050,1030,1035,307,1022.48,6488
2026-08-17 10:05:00,1030,1050,1030,1050,151,1023.07,6488
2026-08-17 10:10:00,1050,1060,1045,1050,398,1025.57,6488
2026-08-17 10:15:00,1050,1075,1050,1070,599,1030.05,6488
2026-08-17 10:20:00,1065,1085,1065,1080,570,1034.82,6488
2026-08-17 10:25:00,1080,1095,1075,1085,600,1039.81,6488
2026-08-17 10:30:00,1085,1095,1075,1080,313,1041.88,6488
2026-08-17 10:35:00,1075,1075,1065,1070,317,1043.21,6488
2026-08-17 10:40:00,1065,1070,1060,1070,142,1043.67,6488
2026-08-17 10:45:00,1070,1080,1070,1075,162,1044.42,6488
2026-08-17 10:50:00,1080,1080,1065,1070,109,1044.83,6488
2026-08-17 10:55:00,1070,1070,1050,1055,245,1045.28,6488
2026-08-17 11:00:00,1060,1065,1050,1055,119,1045.45,6488
2026-08-17 11:05:00,1060,1065,1055,1060,116,1045.65,6488
2026-08-17 11:10:00,1060,1070,1055,1070,83,1045.83,6488
2026-08-17 11:15:00,1070,1070,1060,1065,96,1046.06,6488
2026-08-17 11:20:00,1060,1065,1055,1060,148,1046.31,6488
2026-08-17 11:25:00,1060,1060,1055,1060,43,1046.38,6488
2026-08-17 11:30:00,1065,1065,1050,1055,81,1046.47,6488
2026-08-17 11:35:00,1055,1060,1055,1055,35,1046.51,6488
2026-08-17 11:40:00,1055,1060,1050,1050,130,1046.59,6488
2026-08-17 11:45:00,1055,1055,1045,1055,43,1046.61,6488
2026-08-17 11:50:00,1055,1055,1045,1050,53,1046.63,6488
2026-08-17 11:55:00,1045,1050,1045,1045,33,1046.64,6488
2026-08-17 12:00:00,1050,1050,1045,1045,28,1046.65,6488
2026-08-17 12:05:00,1045,1050,1035,1040,184,1046.52,6488
2026-08-17 12:10:00,1035,1040,1025,1025,153,1046.26,6488
2026-08-17 12:15:00,1030,1040,1025,1040,158,1045.96,6488
2026-08-17 12:20:00,1040,1040,1035,1040,36,1045.93,6488
2026-08-17 12:25:00,1040,1045,1035,1040,88,1045.88,6488
2026-08-17 12:30:00,1040,1045,1035,1040,73,1045.83,6488
2026-08-17 12:35:00,1040,1040,1040,1040,16,1045.82,6488
2026-08-17 12:40:00,1040,1040,1035,1040,51,1045.79,6488
2026-08-17 12:45:00,1040,1040,1030,1030,145,1045.59,6488
2026-08-17 12:50:00,1030,1030,1025,1025,31,1045.54,6488
2026-08-17 12:55:00,1025,1030,1025,1025,34,1045.47,6488
2026-08-17 13:00:00,1025,1030,1025,1030,110,1045.25,6488
2026-08-17 13:05:00,1025,1040,1025,1035,182,1045.0,6488
2026-08-17 13:10:00,1035,1035,1030,1035,48,1044.95,6488
2026-08-17 13:15:00,1030,1035,1025,1030,79,1044.83,6488
2026-08-17 13:20:00,1030,1030,1020,1025,201,1044.44,6488
2026-08-17 13:30:00,1020,1020,1020,1020,344,1043.64,6488
2026-08-18 09:00:00,1020,1050,1010,1035,1057,1025.83,6488
2026-08-18 09:05:00,1035,1070,1035,1055,1095,1040.34,6488
2026-08-18 09:10:00,1055,1090,1050,1090,1225,1054.66,6488
2026-08-18 09:15:00,1090,1095,1070,1090,641,1059.44,6488
2026-08-18 09:20:00,1090,1120,1090,1110,1408,1071.52,6488
2026-08-18 09:25:00,1105,1115,1095,1110,397,1073.93,6488
2026-08-18 09:30:00,1110,1115,1095,1105,466,1076.25,6488
2026-08-18 09:35:00,1105,1115,1105,1105,132,1076.91,6488
2026-08-18 09:40:00,1105,1110,1095,1095,253,1077.85,6488
2026-08-18 09:45:00,1095,1105,1085,1100,556,1079.09,6488
2026-08-18 09:50:00,1100,1105,1095,1100,200,1079.66,6488
2026-08-18 09:55:00,1100,1105,1095,1105,201,1080.25,6488
2026-08-18 10:00:00,1105,1110,1105,1105,71,1080.5,6488
2026-08-18 10:05:00,1105,1110,1100,1110,80,1080.75,6488
2026-08-18 10:10:00,1105,1110,1100,1100,42,1080.88,6488
2026-08-18 10:15:00,1100,1105,1090,1090,281,1081.4,6488
2026-08-18 10:20:00,1095,1100,1085,1095,284,1081.72,6488
2026-08-18 10:25:00,1095,1100,1080,1095,241,1081.97,6488
2026-08-18 10:30:00,1095,1105,1090,1100,336,1082.54,6488
2026-08-18 10:35:00,1100,1105,1090,1090,249,1083.04,6488
2026-08-18 10:40:00,1095,1100,1090,1095,81,1083.14,6488
2026-08-18 10:45:00,1095,1095,1085,1090,121,1083.23,6488
2026-08-18 10:50:00,1095,1095,1085,1090,83,1083.29,6488
2026-08-18 10:55:00,1090,1090,1085,1085,128,1083.34,6488
2026-08-18 11:00:00,1085,1095,1085,1095,76,1083.41,6488
2026-08-18 11:05:00,1095,1095,1090,1095,61,1083.48,6488
2026-08-18 11:10:00,1095,1095,1085,1090,101,1083.56,6488
2026-08-18 11:15:00,1095,1095,1085,1085,54,1083.6,6488
2026-08-18 11:20:00,1090,1090,1080,1080,138,1083.64,6488
2026-08-18 11:25:00,1080,1090,1080,1085,99,1083.68,6488
2026-08-18 11:30:00,1090,1090,1080,1080,153,1083.67,6488
2026-08-18 11:35:00,1080,1085,1075,1075,190,1083.55,6488
2026-08-18 11:40:00,1080,1080,1075,1080,51,1083.53,6488
2026-08-18 11:45:00,1080,1080,1075,1075,51,1083.51,6488
2026-08-18 11:50:00,1080,1080,1070,1075,68,1083.47,6488
2026-08-18 11:55:00,1070,1075,1065,1075,137,1083.31,6488
2026-08-18 12:00:00,1075,1075,1070,1070,77,1083.24,6488
2026-08-18 12:05:00,1070,1070,1065,1070,135,1083.03,6488
2026-08-18 12:10:00,1070,1070,1060,1065,149,1082.8,6488
2026-08-18 12:15:00,1065,1065,1055,1060,127,1082.54,6488
2026-08-18 12:20:00,1060,1065,1055,1055,128,1082.26,6488
2026-08-18 12:25:00,1060,1075,1050,1070,199,1081.92,6488
2026-08-18 12:30:00,1075,1075,1060,1065,82,1081.82,6488
2026-08-18 12:35:00,1065,1070,1065,1070,45,1081.77,6488
2026-08-18 12:40:00,1065,1070,1060,1065,70,1081.67,6488
2026-08-18 12:45:00,1065,1065,1060,1065,38,1081.61,6488
2026-08-18 12:50:00,1065,1065,1060,1065,24,1081.57,6488
2026-08-18 12:55:00,1060,1065,1055,1055,147,1081.29,6488
2026-08-18 13:00:00,1060,1060,1050,1055,173,1080.93,6488
2026-08-18 13:05:00,1050,1060,1050,1060,107,1080.69,6488
2026-08-18 13:10:00,1060,1060,1050,1050,72,1080.55,6488
2026-08-18 13:15:00,1055,1055,1050,1050,96,1080.32,6488
2026-08-18 13:20:00,1050,1065,1050,1060,227,1079.88,6488
2026-08-18 13:30:00,1060,1060,1060,1060,344,1079.36,6488
2026-08-19 09:00:00,1010,1030,993,1020,1343,1011.02,6488
2026-08-19 09:05:00,1020,1030,1015,1020,303,1013.07,6488
2026-08-19 09:10:00,1025,1025,1010,1015,240,1013.23,6488
2026-08-19 09:15:00,1015,1020,1000,1005,527,1011.43,6488
2026-08-19 09:20:00,1005,1020,1000,1015,358,1011.37,6488
2026-08-19 09:25:00,1015,1015,1005,1010,178,1011.23,6488
2026-08-19 09:30:00,1010,1010,982,982,799,1007.9,6488
2026-08-19 09:35:00,983,999,980,997,656,1005.02,6488
2026-08-19 09:40:00,998,1005,994,1000,269,1004.68,6488
2026-08-19 09:45:00,1005,1005,986,991,307,1003.98,6488
2026-08-19 09:50:00,991,993,989,993,121,1003.66,6488
2026-08-19 09:55:00,994,996,993,996,78,1003.52,6488
2026-08-19 10:00:00,996,997,988,990,160,1003.15,6488
2026-08-19 10:05:00,989,989,977,977,427,1001.58,6488
2026-08-19 10:10:00,978,983,972,974,311,1000.32,6488
2026-08-19 10:15:00,974,983,974,977,131,999.86,6488
2026-08-19 10:20:00,977,986,976,983,103,999.53,6488
2026-08-19 10:25:00,984,987,975,980,148,999.08,6488
2026-08-19 10:30:00,980,987,980,980,70,998.92,6488
2026-08-19 10:35:00,981,985,980,985,34,998.83,6488
2026-08-19 10:40:00,985,992,983,989,162,998.57,6488
2026-08-19 10:45:00,987,988,977,984,270,997.9,6488
2026-08-19 10:50:00,983,986,982,983,45,997.82,6488
2026-08-19 10:55:00,984,989,984,988,43,997.74,6488
2026-08-19 11:00:00,988,991,988,991,75,997.66,6488
2026-08-19 11:05:00,990,991,987,989,72,997.58,6488
2026-08-19 11:10:00,989,993,989,993,70,997.51,6488
2026-08-19 11:15:00,993,998,993,996,176,997.46,6488
2026-08-19 11:20:00,996,1000,996,1000,86,997.47,6488
2026-08-19 11:25:00,1000,1005,996,998,122,997.49,6488
2026-08-19 11:30:00,998,1000,994,995,79,997.49,6488
2026-08-19 11:35:00,995,997,994,996,45,997.48,6488
2026-08-19 11:40:00,996,999,994,998,76,997.47,6488
2026-08-19 11:45:00,998,1000,997,999,59,997.48,6488
2026-08-19 11:50:00,999,1000,998,999,50,997.48,6488
2026-08-19 11:55:00,999,999,995,996,69,997.48,6488
2026-08-19 12:00:00,996,996,992,993,76,997.44,6488
2026-08-19 12:05:00,994,995,992,993,32,997.43,6488
2026-08-19 12:10:00,992,993,989,989,59,997.37,6488
2026-08-19 12:15:00,988,990,987,990,61,997.31,6488
2026-08-19 12:20:00,991,993,990,990,44,997.28,6488
2026-08-19 12:25:00,990,992,989,989,56,997.23,6488
2026-08-19 12:30:00,990,990,986,987,103,997.12,6488
2026-08-19 12:35:00,987,990,985,989,112,996.98,6488
2026-08-19 12:40:00,989,989,985,985,70,996.91,6488
2026-08-19 12:45:00,985,986,981,981,137,996.69,6488
2026-08-19 12:50:00,981,982,978,982,153,996.41,6488
2026-08-19 12:55:00,981,985,980,984,94,996.27,6488
2026-08-19 13:00:00,983,988,983,985,153,996.08,6488
2026-08-19 13:05:00,985,985,982,984,133,995.89,6488
2026-08-19 13:10:00,983,986,983,986,224,995.62,6488
2026-08-19 13:15:00,986,987,980,981,131,995.45,6488
2026-08-19 13:20:00,982,983,979,983,303,995.0,6488
2026-08-19 13:30:00,983,983,983,983,426,994.51,6488
2026-08-20 09:00:00,1005,1015,998,1010,971,1005.64,6488
2026-08-20 09:05:00,1010,1010,993,994,427,1004.4,6488
2026-08-20 09:10:00,995,997,987,992,344,1001.94,6488
2026-08-20 09:15:00,992,996,971,971,599,996.43,6488
2026-08-20 09:20:00,972,972,956,966,563,990.24,6488
2026-08-20 09:25:00,964,974,959,965,237,988.4,6488
2026-08-20 09:30:00,964,965,954,965,331,985.63,6488
2026-08-20 09:35:00,964,966,959,964,88,985.06,6488
2026-08-20 09:40:00,965,969,965,966,104,984.55,6488
2026-08-20 09:45:00,967,967,961,965,136,983.8,6488
2026-08-20 09:50:00,966,975,959,970,614,981.3,6488
2026-08-20 09:55:00,969,974,960,968,117,980.92,6488
2026-08-20 10:00:00,970,974,967,973,92,980.74,6488
2026-08-20 10:05:00,972,990,970,988,382,980.95,6488
2026-08-20 10:10:00,987,988,973,980,93,980.93,6488
2026-08-20 10:15:00,979,985,975,978,82,980.92,6488
2026-08-20 10:20:00,978,994,977,979,259,981.2,6488
2026-08-20 10:25:00,979,979,976,978,38,981.18,6488
2026-08-20 10:30:00,978,982,975,976,79,981.12,6488
2026-08-20 10:35:00,978,978,972,972,45,981.07,6488
2026-08-20 10:40:00,973,974,968,970,99,980.89,6488
2026-08-20 10:45:00,970,970,967,968,34,980.81,6488
2026-08-20 10:50:00,967,968,961,964,115,980.47,6488
2026-08-20 10:55:00,964,969,960,969,92,980.24,6488
2026-08-20 11:00:00,969,981,969,979,141,980.13,6488
2026-08-20 11:05:00,979,980,975,975,59,980.1,6488
2026-08-20 11:10:00,975,977,974,975,31,980.08,6488
2026-08-20 11:15:00,974,978,974,977,36,980.06,6488
2026-08-20 11:20:00,978,978,974,975,45,980.03,6488
2026-08-20 11:25:00,974,976,973,976,38,980.0,6488
2026-08-20 11:30:00,976,977,974,974,36,979.97,6488
2026-08-20 11:35:00,974,976,973,974,26,979.95,6488
2026-08-20 11:40:00,973,977,972,977,43,979.91,6488
2026-08-20 11:45:00,977,978,975,976,32,979.89,6488
2026-08-20 11:50:00,975,977,975,976,24,979.88,6488
2026-08-20 11:55:00,976,977,975,977,28,979.86,6488
2026-08-20 12:00:00,976,979,976,978,36,979.85,6488
2026-08-20 12:05:00,978,986,977,986,153,979.92,6488
2026-08-20 12:10:00,986,989,983,989,106,980.01,6488
2026-08-20 12:15:00,989,990,985,990,105,980.13,6488
2026-08-20 12:20:00,990,993,988,990,164,980.36,6488
2026-08-20 12:25:00,991,994,990,992,97,980.53,6488
2026-08-20 12:30:00,993,997,991,993,167,980.84,6488
2026-08-20 12:35:00,993,994,988,993,119,981.0,6488
2026-08-20 12:40:00,993,993,988,988,79,981.11,6488
2026-08-20 12:45:00,989,991,987,990,94,981.22,6488
2026-08-20 12:50:00,989,990,988,989,88,981.3,6488
2026-08-20 12:55:00,989,990,988,989,56,981.36,6488
2026-08-20 13:00:00,989,993,988,993,136,981.51,6488
2026-08-20 13:05:00,993,996,993,996,152,981.77,6488
2026-08-20 13:10:00,995,998,995,998,98,981.95,6488
2026-08-20 13:15:00,998,999,990,994,194,982.25,6488
2026-08-20 13:20:00,995,995,992,992,157,982.46,6488
2026-08-20 13:30:00,993,993,993,993,421,982.96,6488
2026-08-21 09:00:00,991,1005,976,980,637,989.75,6488
2026-08-21 09:05:00,979,982,971,979,281,985.28,6488
2026-08-21 09:10:00,979,979,972,975,203,983.41,6488
2026-08-21 09:15:00,974,984,972,980,188,982.8,6488
2026-08-21 09:20:00,980,980,961,964,456,979.54,6488
2026-08-21 09:25:00,963,969,962,966,209,977.96,6488
2026-08-21 09:30:00,967,969,965,969,80,977.5,6488
2026-08-21 09:35:00,968,968,958,963,342,975.32,6488
2026-08-21 09:40:00,963,973,963,972,93,975.08,6488
2026-08-21 09:45:00,972,972,963,966,80,974.83,6488
2026-08-21 09:50:00,967,968,963,965,92,974.49,6488
2026-08-21 09:55:00,965,965,948,949,506,971.43,6488
2026-08-21 10:00:00,950,951,945,947,238,969.82,6488
2026-08-21 10:05:00,946,954,943,954,136,969.03,6488
2026-08-21 10:10:00,954,954,950,953,50,968.79,6488
2026-08-21 10:15:00,954,954,948,949,65,968.48,6488
2026-08-21 10:20:00,948,953,945,952,82,968.04,6488
2026-08-21 10:25:00,952,952,948,951,67,967.72,6488
2026-08-21 10:30:00,951,954,951,953,60,967.49,6488
2026-08-21 10:35:00,953,954,943,944,161,966.68,6488
2026-08-21 10:40:00,944,949,940,949,133,965.93,6488
2026-08-21 10:45:00,948,954,948,953,71,965.68,6488
2026-08-21 10:50:00,953,955,952,953,35,965.58,6488
2026-08-21 10:55:00,953,955,952,952,35,965.49,6488
2026-08-21 11:00:00,952,953,950,951,28,965.4,6488
2026-08-21 11:05:00,951,952,947,949,41,965.24,6488
2026-08-21 11:10:00,950,951,945,945,51,965.04,6488
2026-08-21 11:15:00,945,948,941,948,105,964.54,6488
2026-08-21 11:20:00,947,947,945,947,19,964.46,6488
2026-08-21 11:25:00,947,947,945,947,13,964.4,6488
2026-08-21 11:30:00,947,948,946,948,32,964.28,6488
2026-08-21 11:35:00,948,948,944,944,45,964.1,6488
2026-08-21 11:40:00,944,945,943,944,41,963.92,6488
2026-08-21 11:45:00,944,944,942,942,43,963.73,6488
2026-08-21 11:50:00,942,943,938,938,235,962.6,6488
2026-08-21 11:55:00,937,941,935,938,194,961.62,6488
2026-08-21 12:00:00,938,938,936,937,56,961.36,6488
2026-08-21 12:05:00,937,937,935,937,36,961.18,6488
2026-08-21 12:10:00,937,937,933,935,89,960.75,6488
2026-08-21 12:15:00,935,942,934,941,84,960.4,6488
2026-08-21 12:20:00,941,941,935,936,24,960.3,6488
2026-08-21 12:25:00,936,939,936,938,33,960.16,6488
2026-08-21 12:30:00,938,938,936,936,32,960.03,6488
2026-08-21 12:35:00,937,938,936,936,31,959.9,6488
2026-08-21 12:40:00,938,938,935,935,30,959.77,6488
2026-08-21 12:45:00,935,936,935,936,62,959.5,6488
2026-08-21 12:50:00,936,937,934,934,65,959.22,6488
2026-08-21 12:55:00,935,936,932,935,169,958.49,6488
2026-08-21 13:00:00,935,938,935,935,89,958.16,6488
2026-08-21 13:05:00,935,936,933,935,132,957.65,6488
2026-08-21 13:10:00,934,936,933,935,168,957.02,6488
2026-08-21 13:15:00,934,935,932,932,167,956.4,6488
2026-08-21 13:20:00,933,935,931,931,345,955.21,6488
2026-08-21 13:30:00,941,941,941,941,702,953.88,6488
2026-08-24 09:00:00,970,1020,970,1015,1683,991.84,6488
2026-08-24 09:05:00,1015,1025,1000,1000,1112,1000.02,6488
2026-08-24 09:10:00,1000,1010,992,997,767,999.82,6488
2026-08-24 09:15:00,997,1005,995,1005,275,999.81,6488
2026-08-24 09:20:00,1005,1010,1000,1000,168,1000.0,6488
2026-08-24 09:25:00,1000,1010,1000,1010,209,1000.23,6488
2026-08-24 09:30:00,1010,1020,1005,1020,499,1001.46,6488
2026-08-24 09:35:00,1020,1035,1015,1035,2292,1011.3,6488
2026-08-24 09:40:00,1035,1035,1035,1035,560,1013.06,6488
2026-08-24 09:45:00,1030,1035,1015,1020,239,1013.42,6488
2026-08-24 09:50:00,1020,1025,1015,1015,80,1013.49,6488
2026-08-24 09:55:00,1015,1015,997,1000,682,1012.74,6488
2026-08-24 10:00:00,1000,1010,999,1010,282,1012.4,6488
2026-08-24 10:05:00,1010,1010,1000,1005,163,1012.3,6488
2026-08-24 10:10:00,1005,1015,1000,1015,104,1012.23,6488
2026-08-24 10:15:00,1015,1020,1010,1020,125,1012.29,6488
2026-08-24 10:20:00,1020,1020,1015,1020,47,1012.32,6488
2026-08-24 10:25:00,1020,1020,1015,1020,33,1012.34,6488
2026-08-24 10:30:00,1020,1025,1015,1015,209,1012.51,6488
2026-08-24 10:35:00,1020,1020,1010,1010,65,1012.53,6488
2026-08-24 10:40:00,1015,1020,1010,1015,23,1012.54,6488
2026-08-24 10:45:00,1015,1020,1015,1015,20,1012.55,6488
2026-08-24 10:50:00,1020,1020,1015,1020,18,1012.57,6488
2026-08-24 10:55:00,1020,1020,1015,1020,36,1012.59,6488
2026-08-24 11:00:00,1015,1030,1015,1025,153,1012.79,6488
2026-08-24 11:05:00,1030,1030,1020,1020,57,1012.87,6488
2026-08-24 11:10:00,1020,1020,1015,1015,33,1012.89,6488
2026-08-24 11:15:00,1020,1020,1015,1015,44,1012.91,6488
2026-08-24 11:20:00,1015,1020,1015,1020,19,1012.92,6488
2026-08-24 11:25:00,1020,1020,1010,1015,74,1012.93,6488
2026-08-24 11:30:00,1020,1020,1015,1015,12,1012.94,6488
2026-08-24 11:35:00,1020,1020,1020,1020,11,1012.94,6488
2026-08-24 11:40:00,1020,1020,1015,1015,20,1012.95,6488
2026-08-24 11:45:00,1020,1020,1015,1020,8,1012.96,6488
2026-08-24 11:50:00,1020,1020,1010,1010,39,1012.97,6488
2026-08-24 11:55:00,1015,1015,1010,1010,12,1012.97,6488
2026-08-24 12:00:00,1015,1015,1010,1015,8,1012.97,6488
2026-08-24 12:05:00,1015,1015,1010,1015,34,1012.97,6488
2026-08-24 12:10:00,1015,1015,1010,1015,9,1012.97,6488
2026-08-24 12:15:00,1015,1020,1015,1015,56,1012.99,6488
2026-08-24 12:20:00,1020,1020,1015,1020,37,1013.01,6488
2026-08-24 12:25:00,1020,1020,1010,1015,22,1013.02,6488
2026-08-24 12:30:00,1010,1020,1010,1015,32,1013.03,6488
2026-08-24 12:35:00,1020,1020,1020,1020,9,1013.03,6488
2026-08-24 12:40:00,1020,1025,1015,1025,86,1013.09,6488
2026-08-24 12:45:00,1020,1025,1020,1025,22,1013.11,6488
2026-08-24 12:50:00,1025,1025,1020,1020,34,1013.14,6488
2026-08-24 12:55:00,1020,1020,1015,1015,69,1013.18,6488
2026-08-24 13:00:00,1020,1020,1005,1005,60,1013.16,6488
2026-08-24 13:05:00,1010,1010,1005,1005,213,1013.01,6488
2026-08-24 13:10:00,1005,1010,1005,1005,35,1012.98,6488
2026-08-24 13:15:00,1005,1015,1005,1015,117,1012.95,6488
2026-08-24 13:20:00,1015,1015,1005,1010,115,1012.91,6488
2026-08-24 13:30:00,1010,1010,1010,1010,298,1012.83,6488
2026-08-25 09:00:00,989,998,980,985,971,990.46,6488
2026-08-25 09:05:00,986,992,978,985,492,988.47,6488
2026-08-25 09:10:00,985,992,982,990,328,988.47,6488
2026-08-25 09:15:00,990,993,984,993,254,988.42,6488
2026-08-25 09:20:00,993,993,978,984,364,987.61,6488
2026-08-25 09:25:00,984,985,975,976,227,986.88,6488
2026-08-25 09:30:00,976,978,973,973,246,985.9,6488
2026-08-25 09:35:00,973,980,970,978,298,984.82,6488
2026-08-25 09:40:00,978,978,956,958,580,981.5,6488
2026-08-25 09:45:00,958,964,954,961,277,979.96,6488
2026-08-25 09:50:00,960,967,954,965,200,978.97,6488
2026-08-25 09:55:00,966,967,958,962,147,978.48,6488
2026-08-25 10:00:00,963,965,956,956,98,978.09,6488
2026-08-25 10:05:00,956,959,952,954,125,977.45,6488
2026-08-25 10:10:00,955,959,955,956,77,977.11,6488
2026-08-25 10:15:00,956,956,952,952,178,976.26,6488
2026-08-25 10:20:00,954,955,950,954,133,975.62,6488
2026-08-25 10:25:00,954,955,946,954,281,974.24,6488
2026-08-25 10:30:00,955,956,951,952,59,974.01,6488
2026-08-25 10:35:00,952,952,948,950,57,973.76,6488
2026-08-25 10:40:00,951,953,947,948,74,973.44,6488
2026-08-25 10:45:00,948,948,942,943,198,972.42,6488
2026-08-25 10:50:00,943,944,942,943,61,972.1,6488
2026-08-25 10:55:00,943,944,941,942,67,971.76,6488
2026-08-25 11:00:00,942,943,941,942,39,971.55,6488
2026-08-25 11:05:00,942,945,942,945,48,971.32,6488
2026-08-25 11:10:00,945,945,941,941,86,970.91,6488
2026-08-25 11:15:00,941,947,940,947,44,970.7,6488
2026-08-25 11:20:00,946,946,943,943,37,970.54,6488
2026-08-25 11:25:00,943,945,942,945,23,970.44,6488
2026-08-25 11:30:00,946,951,946,950,91,970.12,6488
2026-08-25 11:35:00,950,952,949,950,62,969.93,6488
2026-08-25 11:40:00,950,955,950,954,74,969.72,6488
2026-08-25 11:45:00,954,954,950,950,57,969.56,6488
2026-08-25 11:50:00,950,950,948,949,20,969.5,6488
2026-08-25 11:55:00,949,952,949,951,26,969.42,6488
2026-08-25 12:00:00,951,954,951,954,39,969.32,6488
2026-08-25 12:05:00,954,957,954,956,79,969.15,6488
2026-08-25 12:10:00,956,960,954,959,124,968.93,6488
2026-08-25 12:15:00,959,964,959,962,166,968.75,6488
2026-08-25 12:20:00,962,970,962,969,216,968.7,6488
2026-08-25 12:25:00,969,975,969,971,142,968.77,6488
2026-08-25 12:30:00,971,974,967,974,99,968.8,6488
2026-08-25 12:35:00,975,979,975,979,143,968.95,6488
2026-08-25 12:40:00,980,985,979,981,258,969.39,6488
2026-08-25 12:45:00,981,981,974,978,137,969.53,6488
2026-08-25 12:50:00,979,979,973,974,112,969.61,6488
2026-08-25 12:55:00,973,976,973,976,96,969.66,6488
2026-08-25 13:00:00,976,981,975,979,113,969.79,6488
2026-08-25 13:05:00,979,981,978,978,111,969.92,6488
2026-08-25 13:10:00,979,979,976,979,150,970.06,6488
2026-08-25 13:15:00,979,980,977,979,134,970.19,6488
2026-08-25 13:20:00,980,981,979,980,250,970.48,6488
2026-08-25 13:30:00,980,980,980,980,421,970.92,6488
2026-08-26 09:00:00,961,967,947,965,944,959.94,6488
2026-08-26 09:05:00,964,964,949,952,633,957.96,6488
2026-08-26 09:10:00,952,957,943,948,485,955.66,6488
2026-08-26 09:15:00,948,958,947,957,243,955.37,6488
2026-08-26 09:20:00,957,960,950,953,190,955.35,6488
2026-08-26 09:25:00,953,957,952,957,71,955.32,6488
2026-08-26 09:30:00,956,970,956,970,401,956.55,6488
2026-08-26 09:35:00,970,972,960,960,204,957.16,6488
2026-08-26 09:40:00,960,961,956,956,112,957.21,6488
2026-08-26 09:45:00,956,958,955,955,91,957.2,6488
2026-08-26 09:50:00,955,956,947,953,260,956.79,6488
2026-08-26 09:55:00,953,957,952,954,132,956.72,6488
2026-08-26 10:00:00,954,956,950,951,145,956.57,6488
2026-08-26 10:05:00,951,951,941,943,548,955.25,6488
2026-08-26 10:10:00,943,945,943,944,120,954.96,6488
2026-08-26 10:15:00,944,947,943,946,116,954.7,6488
2026-08-26 10:20:00,945,948,945,947,78,954.56,6488
2026-08-26 10:25:00,947,948,946,948,94,954.42,6488
2026-08-26 10:30:00,948,951,947,951,107,954.31,6488
2026-08-26 10:35:00,951,953,950,951,140,954.24,6488
2026-08-26 10:40:00,952,955,952,954,93,954.22,6488
2026-08-26 10:45:00,954,957,954,956,141,954.25,6488
2026-08-26 10:50:00,956,957,953,953,88,954.26,6488
2026-08-26 10:55:00,953,960,953,958,206,954.38,6488
2026-08-26 11:00:00,958,960,955,956,92,954.43,6488
2026-08-26 11:05:00,955,957,954,954,84,954.44,6488
2026-08-26 11:10:00,954,954,951,952,68,954.42,6488
2026-08-26 11:15:00,953,954,952,953,73,954.4,6488
2026-08-26 11:20:00,952,953,951,951,62,954.37,6488
2026-08-26 11:25:00,951,952,948,950,188,954.25,6488
2026-08-26 11:30:00,949,950,948,950,65,954.19,6488
2026-08-26 11:35:00,950,951,949,950,36,954.17,6488
2026-08-26 11:40:00,950,952,950,950,44,954.15,6488
2026-08-26 11:45:00,950,954,950,954,38,954.14,6488
2026-08-26 11:50:00,954,956,953,955,90,954.15,6488
2026-08-26 11:55:00,955,956,953,953,66,954.16,6488
2026-08-26 12:00:00,953,953,952,952,30,954.15,6488
2026-08-26 12:05:00,952,953,951,952,37,954.14,6488
2026-08-26 12:10:00,952,954,950,954,99,954.1,6488
2026-08-26 12:15:00,954,955,952,953,54,954.1,6488
2026-08-26 12:20:00,953,953,950,951,42,954.08,6488
2026-08-26 12:25:00,952,952,950,951,54,954.05,6488
2026-08-26 12:30:00,951,952,951,952,32,954.04,6488
2026-08-26 12:35:00,951,953,951,951,60,954.02,6488
2026-08-26 12:40:00,951,952,951,951,43,954.01,6488
2026-08-26 12:45:00,952,954,951,953,89,953.99,6488
2026-08-26 12:50:00,953,954,950,952,138,953.94,6488
2026-08-26 12:55:00,953,953,951,951,77,953.92,6488
2026-08-26 13:00:00,951,952,950,950,75,953.89,6488
2026-08-26 13:05:00,950,951,949,949,223,953.76,6488
2026-08-26 13:10:00,950,950,949,949,225,953.64,6488
2026-08-26 13:15:00,950,952,949,951,306,953.52,6488
2026-08-26 13:20:00,951,951,947,947,370,953.32,6488
2026-08-26 13:30:00,949,949,949,949,605,953.04,6488
2026-08-27 09:00:00,966,969,952,956,568,961.14,6488
2026-08-27 09:05:00,956,958,947,949,375,957.59,6488
2026-08-27 09:10:00,949,949,929,929,759,948.94,6488
2026-08-27 09:15:00,929,942,925,941,701,943.51,6488
2026-08-27 09:20:00,941,945,934,941,327,943.11,6488
2026-08-27 09:25:00,942,952,942,946,392,943.63,6488
2026-08-27 09:30:00,946,961,943,960,422,945.13,6488
2026-08-27 09:35:00,960,963,957,957,300,946.27,6488
2026-08-27 09:40:00,957,959,947,947,156,946.57,6488
2026-08-27 09:45:00,947,952,945,952,85,946.6,6488
2026-08-27 09:50:00,952,952,947,949,61,946.64,6488
2026-08-27 09:55:00,950,950,948,948,54,946.67,6488
2026-08-27 10:00:00,948,958,946,958,117,946.8,6488
2026-08-27 10:05:00,957,958,954,955,115,947.04,6488
2026-08-27 10:10:00,955,956,953,956,43,947.11,6488
2026-08-27 10:15:00,956,956,950,952,73,947.21,6488
2026-08-27 10:20:00,952,953,951,951,43,947.25,6488
2026-08-27 10:25:00,951,954,950,952,82,947.33,6488
2026-08-27 10:30:00,953,955,952,954,85,947.44,6488
2026-08-27 10:35:00,955,955,949,953,101,947.52,6488
2026-08-27 10:40:00,950,952,948,951,72,947.55,6488
2026-08-27 10:45:00,951,951,947,948,60,947.56,6488
2026-08-27 10:50:00,948,952,948,952,55,947.59,6488
2026-08-27 10:55:00,952,952,951,951,17,947.6,6488
2026-08-27 11:00:00,952,956,950,955,155,947.79,6488
2026-08-27 11:05:00,955,956,954,955,46,947.85,6488
2026-08-27 11:10:00,955,962,955,962,275,948.39,6488
2026-08-27 11:15:00,962,965,960,961,150,948.78,6488
2026-08-27 11:20:00,961,963,960,960,58,948.9,6488
2026-08-27 11:25:00,960,965,960,963,141,949.23,6488
2026-08-27 11:30:00,963,966,960,966,132,949.55,6488
2026-08-27 11:35:00,965,966,963,965,49,949.67,6488
2026-08-27 11:40:00,965,966,963,965,97,949.91,6488
2026-08-27 11:45:00,965,965,960,961,58,950.02,6488
2026-08-27 11:50:00,960,960,958,960,44,950.08,6488
2026-08-27 11:55:00,958,963,958,961,36,950.14,6488
2026-08-27 12:00:00,961,966,961,966,76,950.32,6488
2026-08-27 12:05:00,967,967,963,963,62,950.46,6488
2026-08-27 12:10:00,964,964,959,962,66,950.57,6488
2026-08-27 12:15:00,963,966,962,964,75,950.73,6488
2026-08-27 12:20:00,964,965,959,960,28,950.77,6488
2026-08-27 12:25:00,960,961,958,959,33,950.82,6488
2026-08-27 12:30:00,959,961,959,959,37,950.87,6488
2026-08-27 12:35:00,958,959,956,958,49,950.91,6488
2026-08-27 12:40:00,957,958,955,955,28,950.94,6488
2026-08-27 12:45:00,955,956,954,954,47,950.96,6488
2026-08-27 12:50:00,953,955,951,952,60,950.97,6488
2026-08-27 12:55:00,952,955,951,955,45,950.98,6488
2026-08-27 13:00:00,953,958,953,958,56,951.02,6488
2026-08-27 13:05:00,958,960,957,959,64,951.08,6488
2026-08-27 13:10:00,960,960,957,958,66,951.15,6488
2026-08-27 13:15:00,958,959,957,957,63,951.21,6488
2026-08-27 13:20:00,957,958,955,955,102,951.28,6488
2026-08-27 13:30:00,958,958,958,958,385,951.61,6488
2026-08-28 09:00:00,967,1015,967,1000,1378,993.09,6488
2026-08-28 09:05:00,1000,1005,979,1005,949,992.69,6488
2026-08-28 09:10:00,1000,1000,988,989,724,992.89,6488
2026-08-28 09:15:00,990,996,980,981,484,992.15,6488
2026-08-28 09:20:00,981,981,971,973,525,990.1,6488
2026-08-28 09:25:00,974,983,973,976,386,989.06,6488
2026-08-28 09:30:00,976,976,969,971,330,987.85,6488
2026-08-28 09:35:00,971,973,963,966,364,986.39,6488
2026-08-28 09:40:00,967,967,961,966,283,985.23,6488
2026-08-28 09:45:00,966,966,956,960,395,983.5,6488
2026-08-28 09:50:00,962,962,960,960,98,983.12,6488
2026-08-28 09:55:00,960,961,949,949,359,981.5,6488
2026-08-28 10:00:00,950,958,950,955,153,980.84,6488
2026-08-28 10:05:00,954,962,954,955,110,980.45,6488
2026-08-28 10:10:00,956,958,954,957,120,980.0,6488
2026-08-28 10:15:00,958,960,956,956,133,979.57,6488
2026-08-28 10:20:00,956,962,956,960,111,979.25,6488
2026-08-28 10:25:00,960,962,959,960,69,979.06,6488
2026-08-28 10:30:00,959,960,956,956,88,978.8,6488
2026-08-28 10:35:00,956,963,955,963,215,978.19,6488
2026-08-28 10:40:00,962,963,960,960,41,978.1,6488
2026-08-28 10:45:00,960,961,959,960,27,978.03,6488
2026-08-28 10:50:00,961,965,961,964,58,977.92,6488
2026-08-28 10:55:00,963,963,962,962,24,977.87,6488
2026-08-28 11:00:00,962,964,962,964,59,977.74,6488
2026-08-28 11:05:00,964,969,964,968,202,977.47,6488
2026-08-28 11:10:00,967,968,961,961,63,977.37,6488
2026-08-28 11:15:00,961,963,960,963,33,977.3,6488
2026-08-28 11:20:00,963,963,962,962,34,977.23,6488
2026-08-28 11:25:00,963,963,961,963,18,977.2,6488
2026-08-28 11:30:00,962,963,961,963,33,977.14,6488
2026-08-28 11:35:00,963,984,963,980,673,977.04,6488
2026-08-28 11:40:00,979,980,972,972,120,977.03,6488
2026-08-28 11:45:00,971,975,971,972,68,977.0,6488
2026-08-28 11:50:00,972,972,968,968,58,976.95,6488
2026-08-28 11:55:00,968,971,968,971,51,976.91,6488
2026-08-28 12:00:00,970,970,967,968,39,976.88,6488
2026-08-28 12:05:00,968,970,966,970,45,976.83,6488
2026-08-28 12:10:00,970,970,966,966,44,976.79,6488
2026-08-28 12:15:00,967,968,967,967,26,976.76,6488
2026-08-28 12:20:00,967,968,966,968,33,976.72,6488
2026-08-28 12:25:00,968,972,967,972,67,976.67,6488
2026-08-28 12:30:00,972,978,971,978,116,976.63,6488
2026-08-28 12:35:00,978,983,976,979,244,976.72,6488
2026-08-28 12:40:00,979,979,973,973,59,976.71,6488
2026-08-28 12:45:00,973,974,970,972,66,976.68,6488
2026-08-28 12:50:00,971,974,971,973,55,976.66,6488
2026-08-28 12:55:00,972,973,968,969,84,976.6,6488
2026-08-28 13:00:00,969,969,963,963,145,976.44,6488
2026-08-28 13:05:00,964,968,964,964,120,976.31,6488
2026-08-28 13:10:00,964,964,960,960,153,976.1,6488
2026-08-28 13:15:00,960,964,960,961,123,975.93,6488
2026-08-28 13:20:00,961,962,959,959,278,975.52,6488
2026-08-28 13:30:00,972,972,972,972,550,975.35,6488
2026-08-31 09:00:00,951,953,934,935,857,941.11,6488
2026-08-31 09:05:00,936,938,925,931,708,936.75,6488
2026-08-31 09:10:00,931,932,926,929,269,935.61,6488
2026-08-31 09:15:00,929,929,925,929,361,934.22,6488
2026-08-31 09:20:00,928,929,923,924,292,933.18,6488
2026-08-31 09:25:00,924,925,918,919,594,930.88,6488
2026-08-31 09:30:00,919,920,911,913,379,929.15,6488
2026-08-31 09:35:00,912,913,904,908,562,926.3,6488
2026-08-31 09:40:00,909,909,905,907,439,924.4,6488
2026-08-31 09:45:00,907,908,905,905,257,923.42,6488
2026-08-31 09:50:00,906,915,902,912,360,922.19,6488
2026-08-31 09:55:00,913,918,910,910,194,921.92,6488
2026-08-31 10:00:00,910,911,906,907,85,921.7,6488
2026-08-31 10:05:00,907,908,906,906,86,921.46,6488
2026-08-31 10:10:00,907,908,902,903,201,920.84,6488
2026-08-31 10:15:00,903,903,891,893,574,918.67,6488
2026-08-31 10:20:00,892,892,876,876,866,914.18,6488
2026-08-31 10:25:00,877,880,875,879,565,911.42,6488
2026-08-31 10:30:00,880,882,879,880,123,910.93,6488
2026-08-31 10:35:00,880,882,879,882,85,910.59,6488
2026-08-31 10:40:00,882,883,881,881,41,910.44,6488
2026-08-31 10:45:00,881,893,881,892,212,909.89,6488
2026-08-31 10:50:00,892,892,888,890,67,909.73,6488
2026-08-31 10:55:00,892,896,892,893,123,909.5,6488
2026-08-31 11:00:00,893,893,890,891,42,909.41,6488
2026-08-31 11:05:00,891,892,889,890,60,909.28,6488
2026-08-31 11:10:00,890,893,890,892,39,909.19,6488
2026-08-31 11:15:00,891,891,889,889,50,909.08,6488
2026-08-31 11:20:00,889,891,889,890,31,909.01,6488
2026-08-31 11:25:00,891,894,889,890,35,908.94,6488
2026-08-31 11:30:00,890,893,890,892,28,908.88,6488
2026-08-31 11:35:00,893,893,890,891,32,908.82,6488
2026-08-31 11:40:00,891,892,890,890,26,908.76,6488
2026-08-31 11:45:00,891,892,890,891,21,908.72,6488
2026-08-31 11:50:00,891,892,890,891,41,908.63,6488
2026-08-31 11:55:00,891,892,890,891,27,908.58,6488
2026-08-31 12:00:00,891,892,890,891,25,908.53,6488
2026-08-31 12:05:00,890,892,890,892,35,908.46,6488
2026-08-31 12:10:00,892,895,892,895,65,908.35,6488
2026-08-31 12:15:00,895,895,892,892,29,908.31,6488
2026-08-31 12:20:00,892,894,892,893,29,908.26,6488
2026-08-31 12:25:00,893,893,892,892,22,908.22,6488
2026-08-31 12:30:00,892,893,890,890,40,908.14,6488
2026-08-31 12:35:00,890,892,890,892,70,908.01,6488
2026-08-31 12:40:00,892,892,891,891,37,907.94,6488
2026-08-31 12:45:00,892,892,891,891,29,907.89,6488
2026-08-31 12:50:00,891,892,891,892,44,907.81,6488
2026-08-31 12:55:00,891,896,891,896,101,907.65,6488
2026-08-31 13:00:00,896,898,895,897,70,907.57,6488
2026-08-31 13:05:00,898,903,897,902,103,907.49,6488
2026-08-31 13:10:00,903,903,900,901,123,907.41,6488
2026-08-31 13:15:00,901,903,901,902,97,907.35,6488
2026-08-31 13:20:00,902,903,900,902,236,907.21,6488
2026-08-31 13:30:00,912,912,912,912,1003,907.65,6488
2026-09-01 09:00:00,908,937,908,934,736,923.55,6488
2026-09-01 09:05:00,933,965,929,963,1167,939.23,6488
2026-09-01 09:10:00,963,975,959,966,786,946.85,6488
2026-09-01 09:15:00,966,993,964,988,1451,957.71,6488
2026-09-01 09:20:00,988,988,976,983,425,959.92,6488
2026-09-01 09:25:00,983,985,967,967,421,961.1,6488
2026-09-01 09:30:00,967,973,963,970,266,961.41,6488
2026-09-01 09:35:00,970,970,965,965,164,961.63,6488
2026-09-01 09:40:00,965,965,955,960,309,961.52,6488
2026-09-01 09:45:00,961,962,956,957,99,961.47,6488
2026-09-01 09:50:00,958,960,957,957,82,961.43,6488
2026-09-01 09:55:00,957,965,953,963,190,961.31,6488
2026-09-01 10:00:00,964,965,963,965,55,961.34,6488
2026-09-01 10:05:00,965,966,961,963,50,961.36,6488
2026-09-01 10:10:00,963,983,963,980,530,962.37,6488
2026-09-01 10:15:00,979,983,974,982,345,963.23,6488
2026-09-01 10:20:00,982,985,976,976,300,964.03,6488
2026-09-01 10:25:00,976,981,975,980,226,964.43,6488
2026-09-01 10:30:00,981,985,979,983,343,965.21,6488
2026-09-01 10:35:00,983,985,977,977,212,965.6,6488
2026-09-01 10:40:00,977,984,973,983,257,966.01,6488
2026-09-01 10:45:00,983,983,978,981,78,966.14,6488
2026-09-01 10:50:00,981,981,977,977,49,966.22,6488
2026-09-01 10:55:00,978,981,977,981,50,966.29,6488
2026-09-01 11:00:00,982,985,981,984,188,966.65,6488
2026-09-01 11:05:00,984,987,982,982,225,967.11,6488
2026-09-01 11:10:00,982,982,979,982,33,967.16,6488
2026-09-01 11:15:00,983,983,979,979,22,967.19,6488
2026-09-01 11:20:00,979,982,979,982,21,967.22,6488
2026-09-01 11:25:00,981,987,981,986,126,967.47,6488
2026-09-01 11:30:00,987,994,986,991,548,968.75,6488
2026-09-01 11:35:00,992,992,990,990,59,968.89,6488
2026-09-01 11:40:00,991,991,989,989,51,969.0,6488
2026-09-01 11:45:00,989,990,988,989,39,969.08,6488
2026-09-01 11:50:00,990,998,990,997,273,969.75,6488
2026-09-01 11:55:00,997,998,991,991,104,970.01,6488
2026-09-01 12:00:00,991,992,991,991,45,970.1,6488
2026-09-01 12:05:00,991,992,989,990,39,970.17,6488
2026-09-01 12:10:00,989,993,989,991,56,970.29,6488
2026-09-01 12:15:00,990,993,990,992,54,970.4,6488
2026-09-01 12:20:00,992,994,991,992,32,970.47,6488
2026-09-01 12:25:00,991,992,989,990,43,970.55,6488
2026-09-01 12:30:00,991,993,989,993,30,970.61,6488
2026-09-01 12:35:00,992,993,991,991,41,970.69,6488
2026-09-01 12:40:00,993,993,986,986,85,970.84,6488
2026-09-01 12:45:00,986,990,986,990,48,970.92,6488
2026-09-01 12:50:00,988,990,987,990,51,971.0,6488
2026-09-01 12:55:00,990,992,988,992,52,971.09,6488
2026-09-01 13:00:00,992,992,988,989,38,971.16,6488
2026-09-01 13:05:00,989,991,985,991,285,971.59,6488
2026-09-01 13:10:00,991,993,988,992,109,971.78,6488
2026-09-01 13:15:00,992,995,991,994,194,972.14,6488
2026-09-01 13:20:00,994,995,986,988,174,972.42,6488
2026-09-01 13:30:00,994,994,994,994,351,973.05,6488
2026-09-02 09:00:00,976,982,966,969,978,974.09,6488
2026-09-02 09:05:00,969,971,960,970,514,970.93,6488
2026-09-02 09:10:00,970,975,962,974,231,970.52,6488
2026-09-02 09:15:00,975,976,970,970,253,970.86,6488
2026-09-02 09:20:00,970,971,965,965,138,970.59,6488
2026-09-02 09:25:00,967,970,965,965,50,970.52,6488
2026-09-02 09:30:00,965,965,956,963,600,968.21,6488
2026-09-02 09:35:00,964,964,955,959,312,967.17,6488
2026-09-02 09:40:00,959,960,955,956,123,966.78,6488
2026-09-02 09:45:00,957,957,951,956,240,965.87,6488
2026-09-02 09:50:00,956,960,956,959,59,965.75,6488
2026-09-02 09:55:00,959,964,958,962,124,965.6,6488
2026-09-02 10:00:00,963,966,959,959,107,965.54,6488
2026-09-02 10:05:00,958,959,955,955,97,965.31,6488
2026-09-02 10:10:00,956,964,956,962,65,965.23,6488
2026-09-02 10:15:00,962,964,961,963,55,965.19,6488
2026-09-02 10:20:00,962,971,961,968,250,965.32,6488
2026-09-02 10:25:00,968,969,967,968,87,965.38,6488
2026-09-02 10:30:00,967,967,965,965,89,965.39,6488
2026-09-02 10:35:00,964,965,963,963,65,965.37,6488
2026-09-02 10:40:00,963,965,962,965,41,965.35,6488
2026-09-02 10:45:00,965,966,963,963,37,965.34,6488
2026-09-02 10:50:00,964,966,963,965,47,965.34,6488
2026-09-02 10:55:00,964,964,962,962,42,965.31,6488
2026-09-02 11:00:00,962,963,961,961,70,965.26,6488
2026-09-02 11:05:00,961,962,961,961,44,965.23,6488
2026-09-02 11:10:00,962,968,961,967,74,965.23,6488
2026-09-02 11:15:00,967,967,966,967,34,965.24,6488
2026-09-02 11:20:00,967,967,965,966,79,965.26,6488
2026-09-02 11:25:00,965,965,961,963,50,965.24,6488
2026-09-02 11:30:00,963,963,961,962,57,965.2,6488
2026-09-02 11:35:00,961,964,960,963,67,965.14,6488
2026-09-02 11:40:00,963,964,961,964,23,965.13,6488
2026-09-02 11:45:00,964,964,963,964,22,965.13,6488
2026-09-02 11:50:00,963,963,961,963,32,965.11,6488
2026-09-02 11:55:00,963,963,960,961,64,965.06,6488
2026-09-02 12:00:00,961,962,960,962,24,965.04,6488
2026-09-02 12:05:00,961,962,961,962,32,965.02,6488
2026-09-02 12:10:00,961,963,961,962,24,965.01,6488
2026-09-02 12:15:00,962,963,962,962,19,965.0,6488
2026-09-02 12:20:00,962,963,962,962,35,964.98,6488
2026-09-02 12:25:00,963,965,962,965,63,964.97,6488
2026-09-02 12:30:00,966,967,965,967,76,964.99,6488
2026-09-02 12:35:00,966,969,966,968,91,965.03,6488
2026-09-02 12:40:00,969,969,967,968,81,965.07,6488
2026-09-02 12:45:00,968,969,968,969,53,965.1,6488
2026-09-02 12:50:00,968,969,966,966,81,965.13,6488
2026-09-02 12:55:00,967,967,965,966,55,965.13,6488
2026-09-02 13:00:00,965,966,964,964,71,965.12,6488
2026-09-02 13:05:00,964,965,963,964,83,965.11,6488
2026-09-02 13:10:00,964,965,962,963,123,965.08,6488
2026-09-02 13:15:00,964,965,963,964,87,965.06,6488
2026-09-02 13:20:00,964,964,961,962,194,964.97,6488
2026-09-02 13:30:00,967,967,967,967,517,965.13,6488
2026-09-03 09:00:00,970,974,958,965,736,966.93,6488
2026-09-03 09:05:00,964,972,956,957,462,965.3,6488
2026-09-03 09:10:00,956,960,954,958,279,963.54,6488
2026-09-03 09:15:00,958,962,953,955,177,962.89,6488
2026-09-03 09:20:00,954,955,946,947,345,960.81,6488
2026-09-03 09:25:00,947,948,940,944,370,958.0,6488
2026-09-03 09:30:00,942,947,942,945,171,957.07,6488
2026-09-03 09:35:00,946,947,938,940,211,955.92,6488
2026-09-03 09:40:00,940,944,939,943,64,955.58,6488
2026-09-03 09:45:00,943,945,943,945,27,955.47,6488
2026-09-03 09:50:00,946,946,939,939,97,955.01,6488
2026-09-03 09:55:00,939,939,926,927,343,952.7,6488
2026-09-03 10:00:00,927,932,925,928,141,951.7,6488
2026-09-03 10:05:00,929,933,928,933,66,951.29,6488
2026-09-03 10:10:00,932,945,932,944,100,950.98,6488
2026-09-03 10:15:00,944,949,943,949,107,950.82,6488
2026-09-03 10:20:00,949,952,946,947,140,950.81,6488
2026-09-03 10:25:00,947,949,947,947,25,950.79,6488
2026-09-03 10:30:00,947,948,944,944,51,950.73,6488
2026-09-03 10:35:00,943,947,942,947,41,950.67,6488
2026-09-03 10:40:00,947,947,945,945,27,950.64,6488
2026-09-03 10:45:00,945,945,940,943,53,950.53,6488
2026-09-03 10:50:00,943,944,943,943,15,950.5,6488
2026-09-03 10:55:00,942,944,941,943,22,950.46,6488
2026-09-03 11:00:00,943,954,943,954,133,950.46,6488
2026-09-03 11:05:00,953,957,951,956,137,950.58,6488
2026-09-03 11:10:00,957,961,955,961,186,950.91,6488
2026-09-03 11:15:00,961,966,961,964,226,951.5,6488
2026-09-03 11:20:00,963,967,962,964,134,951.86,6488
2026-09-03 11:25:00,964,972,964,965,305,952.85,6488
2026-09-03 11:30:00,965,965,961,962,35,952.92,6488
2026-09-03 11:35:00,962,963,960,962,48,953.0,6488
2026-09-03 11:40:00,961,964,960,961,26,953.05,6488
2026-09-03 11:45:00,960,961,958,959,43,953.1,6488
2026-09-03 11:50:00,958,958,956,957,44,953.13,6488
2026-09-03 11:55:00,957,957,956,956,22,953.14,6488
2026-09-03 12:00:00,956,958,955,956,46,953.17,6488
2026-09-03 12:05:00,955,955,951,952,52,953.17,6488
2026-09-03 12:10:00,952,953,949,949,32,953.16,6488
2026-09-03 12:15:00,949,952,947,951,54,953.11,6488
2026-09-03 12:20:00,951,951,948,949,42,953.09,6488
2026-09-03 12:25:00,949,952,949,951,31,953.07,6488
2026-09-03 12:30:00,950,953,950,951,22,953.06,6488
2026-09-03 12:35:00,951,952,950,952,16,953.06,6488
2026-09-03 12:40:00,951,952,947,947,67,953.02,6488
2026-09-03 12:45:00,947,949,945,945,78,952.94,6488
2026-09-03 12:50:00,945,947,943,943,73,952.84,6488
2026-09-03 12:55:00,943,945,943,945,47,952.77,6488
2026-09-03 13:00:00,944,945,941,941,92,952.61,6488
2026-09-03 13:05:00,941,942,939,939,128,952.37,6488
2026-09-03 13:10:00,939,939,930,930,191,951.83,6488
2026-09-03 13:15:00,930,931,920,925,342,950.5,6488
2026-09-03 13:20:00,926,926,921,922,215,949.64,6488
2026-09-03 13:30:00,927,927,927,927,382,948.46,6488
2026-09-04 09:00:00,953,969,946,969,879,957.99,6488
2026-09-04 09:05:00,969,970,954,955,364,959.42,6488
2026-09-04 09:10:00,955,957,950,951,161,958.71,6488
2026-09-04 09:15:00,951,954,948,952,161,957.93,6488
2026-09-04 09:20:00,952,953,943,943,142,957.08,6488
2026-09-04 09:25:00,943,945,940,942,176,955.66,6488
2026-09-04 09:30:00,942,950,942,948,107,955.18,6488
2026-09-04 09:35:00,947,948,940,948,134,954.44,6488
2026-09-04 09:40:00,948,962,947,960,353,954.53,6488
2026-09-04 09:45:00,960,960,951,952,133,954.54,6488
2026-09-04 09:50:00,952,955,950,953,109,954.46,6488
2026-09-04 09:55:00,953,954,951,952,51,954.43,6488
2026-09-04 10:00:00,952,952,947,948,57,954.35,6488
2026-09-04 10:05:00,948,952,947,952,47,954.26,6488
2026-09-04 10:10:00,953,954,953,954,40,954.25,6488
2026-09-04 10:15:00,954,961,953,960,210,954.54,6488
2026-09-04 10:20:00,959,964,957,960,171,954.9,6488
2026-09-04 10:25:00,959,970,958,970,277,955.64,6488
2026-09-04 10:30:00,969,982,966,977,745,958.73,6488
2026-09-04 10:35:00,977,979,969,979,262,959.61,6488
2026-09-04 10:40:00,979,979,970,971,117,959.97,6488
2026-09-04 10:45:00,971,972,968,968,45,960.06,6488
2026-09-04 10:50:00,968,973,968,973,60,960.19,6488
2026-09-04 10:55:00,974,976,972,973,101,960.49,6488
2026-09-04 11:00:00,974,974,962,962,106,960.63,6488
2026-09-04 11:05:00,963,967,961,961,115,960.69,6488
2026-09-04 11:10:00,962,962,956,956,155,960.64,6488
2026-09-04 11:15:00,956,962,955,962,59,960.62,6488
2026-09-04 11:20:00,962,963,960,960,33,960.63,6488
2026-09-04 11:25:00,961,962,961,962,21,960.63,6488
2026-09-04 11:30:00,962,963,962,962,17,960.64,6488
2026-09-04 11:35:00,963,963,960,961,20,960.64,6488
2026-09-04 11:40:00,962,962,956,956,38,960.63,6488
2026-09-04 11:45:00,956,958,955,956,30,960.61,6488
2026-09-04 11:50:00,957,962,955,960,79,960.55,6488
2026-09-04 11:55:00,961,962,959,960,20,960.55,6488
2026-09-04 12:00:00,962,962,958,960,19,960.55,6488
2026-09-04 12:05:00,962,962,960,960,27,960.55,6488
2026-09-04 12:10:00,961,965,961,964,29,960.56,6488
2026-09-04 12:15:00,964,969,963,968,97,960.67,6488
2026-09-04 12:20:00,968,973,968,971,147,960.92,6488
2026-09-04 12:25:00,972,972,969,970,87,961.06,6488
2026-09-04 12:30:00,970,975,970,974,160,961.35,6488
2026-09-04 12:35:00,975,975,970,973,98,961.53,6488
2026-09-04 12:40:00,974,974,970,973,58,961.63,6488
2026-09-04 12:45:00,972,975,971,972,121,961.84,6488
2026-09-04 12:50:00,972,973,971,972,27,961.88,6488
2026-09-04 12:55:00,972,975,972,973,107,962.07,6488
2026-09-04 13:00:00,974,975,973,973,119,962.28,6488
2026-09-04 13:05:00,974,980,974,980,296,962.9,6488
2026-09-04 13:10:00,980,983,977,983,417,963.87,6488
2026-09-04 13:15:00,982,983,978,980,139,964.18,6488
2026-09-04 13:20:00,979,981,978,980,186,964.55,6488
2026-09-04 13:30:00,981,981,981,981,348,965.26,6488
2026-09-07 09:00:00,990,991,976,978,1055,984.23,6488
2026-09-07 09:05:00,979,979,971,975,277,982.3,6488
2026-09-07 09:10:00,975,989,972,986,287,982.31,6488
2026-09-07 09:15:00,986,986,975,977,174,982.04,6488
2026-09-07 09:20:00,977,980,974,979,136,981.63,6488
2026-09-07 09:25:00,979,991,979,990,295,982.23,6488
2026-09-07 09:30:00,990,992,982,984,242,982.76,6488
2026-09-07 09:35:00,983,993,983,991,213,983.34,6488
2026-09-07 09:40:00,990,991,986,990,91,983.5,6488
2026-09-07 09:45:00,990,992,989,990,85,983.71,6488
2026-09-07 09:50:00,990,1010,989,1005,655,986.83,6488
2026-09-07 09:55:00,1005,1015,1000,1010,405,989.1,6488
2026-09-07 10:00:00,1010,1015,1000,1000,237,990.02,6488
2026-09-07 10:05:00,1005,1005,1000,1005,43,990.15,6488
2026-09-07 10:10:00,1000,1005,991,991,162,990.46,6488
2026-09-07 10:15:00,991,992,987,990,187,990.41,6488
2026-09-07 10:20:00,990,999,990,998,130,990.55,6488
2026-09-07 10:25:00,999,1005,999,1000,94,990.76,6488
2026-09-07 10:30:00,1000,1005,998,999,91,990.94,6488
2026-09-07 10:35:00,997,997,994,995,93,991.02,6488
2026-09-07 10:40:00,996,996,992,993,67,991.06,6488
2026-09-07 10:45:00,992,997,990,994,107,991.09,6488
2026-09-07 10:50:00,994,994,991,994,55,991.11,6488
2026-09-07 10:55:00,992,994,991,994,86,991.12,6488
2026-09-07 11:00:00,994,997,988,989,281,991.21,6488
2026-09-07 11:05:00,988,988,983,985,164,991.05,6488
2026-09-07 11:10:00,985,989,983,986,93,990.95,6488
2026-09-07 11:15:00,986,986,982,986,51,990.89,6488
2026-09-07 11:20:00,985,986,982,983,28,990.86,6488
2026-09-07 11:25:00,983,984,983,983,35,990.81,6488
2026-09-07 11:30:00,984,984,980,981,113,990.64,6488
2026-09-07 11:35:00,982,983,977,979,158,990.35,6488
2026-09-07 11:40:00,979,979,976,976,81,990.18,6488
2026-09-07 11:45:00,976,976,974,974,88,989.97,6488
2026-09-07 11:50:00,974,975,971,974,154,989.57,6488
2026-09-07 11:55:00,974,974,971,972,57,989.42,6488
2026-09-07 12:00:00,972,973,968,968,174,988.93,6488
2026-09-07 12:05:00,969,969,966,969,127,988.55,6488
2026-09-07 12:10:00,968,973,968,970,70,988.36,6488
2026-09-07 12:15:00,971,971,969,969,76,988.17,6488
2026-09-07 12:20:00,969,971,969,971,33,988.08,6488
2026-09-07 12:25:00,971,972,970,972,23,988.03,6488
2026-09-07 12:30:00,972,974,971,971,71,987.87,6488
2026-09-07 12:35:00,971,972,970,970,29,987.81,6488
2026-09-07 12:40:00,970,971,970,971,29,987.74,6488
2026-09-07 12:45:00,971,972,971,972,26,987.68,6488
2026-09-07 12:50:00,973,973,971,972,43,987.59,6488
2026-09-07 12:55:00,972,973,972,973,22,987.54,6488
2026-09-07 13:00:00,972,973,972,972,35,987.47,6488
2026-09-07 13:05:00,972,973,969,970,158,987.12,6488
2026-09-07 13:10:00,969,972,969,971,125,986.84,6488
2026-09-07 13:15:00,971,973,971,972,130,986.58,6488
2026-09-07 13:20:00,972,974,970,973,239,986.14,6488
2026-09-07 13:30:00,971,971,971,971,413,985.39,6488
2026-09-08 09:00:00,986,1010,986,997,1462,1000.36,6488
2026-09-08 09:05:00,999,999,978,989,706,995.37,6488
2026-09-08 09:10:00,989,991,973,980,495,992.95,6488
2026-09-08 09:15:00,980,981,971,977,355,990.97,6488
2026-09-08 09:20:00,977,979,970,970,312,989.41,6488
2026-09-08 09:25:00,971,973,967,968,424,987.2,6488
2026-09-08 09:30:00,969,969,963,964,276,985.79,6488
2026-09-08 09:35:00,965,975,962,975,249,984.78,6488
2026-09-08 09:40:00,975,975,968,969,180,984.26,6488
2026-09-08 09:45:00,969,972,968,970,56,984.08,6488
2026-09-08 09:50:00,970,971,960,962,353,982.57,6488
2026-09-08 09:55:00,963,966,962,966,138,982.05,6488
2026-09-08 10:00:00,966,972,966,967,152,981.68,6488
2026-09-08 10:05:00,968,968,964,965,67,981.47,6488
2026-09-08 10:10:00,966,968,966,967,28,981.4,6488
2026-09-08 10:15:00,967,970,964,965,116,981.08,6488
2026-09-08 10:20:00,966,967,964,964,60,980.9,6488
2026-09-08 10:25:00,964,964,959,959,260,979.98,6488
2026-09-08 10:30:00,959,962,957,959,157,979.41,6488
2026-09-08 10:35:00,959,961,959,961,59,979.22,6488
2026-09-08 10:40:00,960,961,955,956,166,978.62,6488
2026-09-08 10:45:00,956,958,953,958,103,978.24,6488
2026-09-08 10:50:00,958,960,956,956,53,978.07,6488
2026-09-08 10:55:00,957,959,957,958,33,977.96,6488
2026-09-08 11:00:00,958,962,958,962,38,977.85,6488
2026-09-08 11:05:00,961,962,958,962,22,977.79,6488
2026-09-08 11:10:00,961,962,959,960,47,977.66,6488
2026-09-08 11:15:00,959,960,956,960,55,977.49,6488
2026-09-08 11:20:00,960,961,958,958,40,977.38,6488
2026-09-08 11:25:00,958,960,957,959,21,977.32,6488
2026-09-08 11:30:00,959,961,959,960,24,977.26,6488
2026-09-08 11:35:00,958,959,957,959,58,977.08,6488
2026-09-08 11:40:00,958,958,955,955,90,976.81,6488
2026-09-08 11:45:00,957,959,956,958,30,976.72,6488
2026-09-08 11:50:00,958,959,955,955,63,976.53,6488
2026-09-08 11:55:00,955,958,953,956,124,976.14,6488
2026-09-08 12:00:00,958,959,954,955,44,976.02,6488
2026-09-08 12:05:00,955,957,954,956,28,975.94,6488
2026-09-08 12:10:00,956,956,951,954,107,975.59,6488
2026-09-08 12:15:00,954,954,952,952,41,975.46,6488
2026-09-08 12:20:00,952,953,951,952,50,975.29,6488
2026-09-08 12:25:00,953,955,951,953,62,975.1,6488
2026-09-08 12:30:00,953,953,951,952,41,974.97,6488
2026-09-08 12:35:00,951,952,951,951,38,974.85,6488
2026-09-08 12:40:00,952,952,951,952,45,974.7,6488
2026-09-08 12:45:00,952,955,952,952,97,974.42,6488
2026-09-08 12:50:00,953,954,952,953,23,974.35,6488
2026-09-08 12:55:00,953,953,951,951,42,974.23,6488
2026-09-08 13:00:00,952,952,948,948,302,973.28,6488
2026-09-08 13:05:00,948,949,945,946,187,972.65,6488
2026-09-08 13:10:00,945,950,944,950,237,971.88,6488
2026-09-08 13:15:00,950,950,946,946,115,971.55,6488
2026-09-08 13:20:00,946,948,945,947,257,970.79,6488
2026-09-08 13:30:00,955,955,955,955,534,969.87,6488
2026-09-09 09:00:00,961,965,952,955,458,957.49,6488
2026-09-09 09:05:00,956,956,947,949,251,955.15,6488
2026-09-09 09:10:00,949,961,948,961,192,955.3,6488
2026-09-09 09:15:00,961,962,951,951,318,955.59,6488
2026-09-09 09:20:00,951,953,950,952,66,955.38,6488
2026-09-09 09:25:00,952,954,949,952,202,954.8,6488
2026-09-09 09:30:00,951,953,949,953,38,954.71,6488
2026-09-09 09:35:00,953,958,953,958,105,954.76,6488
2026-09-09 09:40:00,957,957,952,954,60,954.76,6488
2026-09-09 09:45:00,954,960,954,960,167,955.08,6488
2026-09-09 09:50:00,960,964,951,952,263,955.48,6488
2026-09-09 09:55:00,953,953,950,950,72,955.35,6488
2026-09-09 10:00:00,951,953,949,953,81,955.16,6488
2026-09-09 10:05:00,954,957,954,954,19,955.16,6488
2026-09-09 10:10:00,955,957,955,957,14,955.17,6488
2026-09-09 10:15:00,957,957,955,955,23,955.17,6488
2026-09-09 10:20:00,955,956,953,953,60,955.14,6488
2026-09-09 10:25:00,954,955,953,955,10,955.13,6488
2026-09-09 10:30:00,955,957,952,952,38,955.12,6488
2026-09-09 10:35:00,952,953,951,953,27,955.08,6488
2026-09-09 10:40:00,954,954,954,954,3,955.08,6488
2026-09-09 10:45:00,954,955,954,955,9,955.07,6488
2026-09-09 10:50:00,955,955,954,955,13,955.07,6488
2026-09-09 10:55:00,954,954,953,953,16,955.06,6488
2026-09-09 11:00:00,953,953,952,952,9,955.06,6488
2026-09-09 11:05:00,953,953,950,950,44,954.99,6488
2026-09-09 11:10:00,951,951,950,951,31,954.95,6488
2026-09-09 11:15:00,950,952,950,952,17,954.92,6488
2026-09-09 11:20:00,952,953,952,952,19,954.91,6488
2026-09-09 11:25:00,951,952,951,952,12,954.89,6488
2026-09-09 11:30:00,952,953,951,951,13,954.88,6488
2026-09-09 11:35:00,952,952,951,952,36,954.83,6488
2026-09-09 11:40:00,952,952,951,951,16,954.81,6488
2026-09-09 11:45:00,951,951,951,951,10,954.8,6488
2026-09-09 11:50:00,951,951,949,949,68,954.68,6488
2026-09-09 11:55:00,949,950,948,948,63,954.55,6488
2026-09-09 12:00:00,948,950,948,949,28,954.5,6488
2026-09-09 12:05:00,949,950,949,949,25,954.45,6488
2026-09-09 12:10:00,949,949,946,947,127,954.16,6488
2026-09-09 12:15:00,947,948,946,947,46,954.06,6488
2026-09-09 12:20:00,947,949,947,949,31,954.0,6488
2026-09-09 12:25:00,949,952,949,952,32,953.97,6488
2026-09-09 12:30:00,952,953,951,952,22,953.95,6488
2026-09-09 12:35:00,952,957,952,956,103,953.99,6488
2026-09-09 12:40:00,956,957,955,955,51,954.02,6488
2026-09-09 12:45:00,955,957,953,957,77,954.04,6488
2026-09-09 12:50:00,957,958,955,955,45,954.08,6488
2026-09-09 12:55:00,955,958,955,957,72,954.13,6488
2026-09-09 13:00:00,957,958,956,956,52,954.17,6488
2026-09-09 13:05:00,956,957,955,956,81,954.21,6488
2026-09-09 13:10:00,957,957,955,956,50,954.24,6488
2026-09-09 13:15:00,956,958,956,957,91,954.3,6488
2026-09-09 13:20:00,957,958,956,957,121,954.38,6488
2026-09-09 13:30:00,955,955,955,955,358,954.44,6488
2026-09-10 09:00:00,941,941,931,934,418,936.38,6488
2026-09-10 09:05:00,934,935,931,934,163,935.28,6488
2026-09-10 09:10:00,935,935,926,927,320,933.25,6488
2026-09-10 09:15:00,928,931,925,931,184,932.27,6488
2026-09-10 09:20:00,931,931,924,924,174,931.54,6488
2026-09-10 09:25:00,924,925,911,911,612,926.91,6488
2026-09-10 09:30:00,911,917,905,913,419,924.0,6488
2026-09-10 09:35:00,914,917,910,917,136,923.41,6488
2026-09-10 09:40:00,917,918,915,918,74,923.21,6488
2026-09-10 09:45:00,918,918,911,917,161,922.63,6488
2026-09-10 09:50:00,916,918,915,918,28,922.57,6488
2026-09-10 09:55:00,918,919,914,917,180,922.15,6488
2026-09-10 10:00:00,918,918,916,916,36,922.09,6488
2026-09-10 10:05:00,919,919,915,916,58,921.99,6488
2026-09-10 10:10:00,916,916,908,909,289,921.02,6488
2026-09-10 10:15:00,909,909,906,907,220,920.16,6488
2026-09-10 10:20:00,907,910,906,908,101,919.81,6488
2026-09-10 10:25:00,908,909,905,905,138,919.33,6488
2026-09-10 10:30:00,905,908,903,908,332,918.16,6488
2026-09-10 10:35:00,908,910,906,908,109,917.9,6488
2026-09-10 10:40:00,908,911,905,909,126,917.56,6488
2026-09-10 10:45:00,909,910,905,906,111,917.3,6488
2026-09-10 10:50:00,906,907,905,906,72,917.12,6488
2026-09-10 10:55:00,908,908,905,906,63,916.96,6488
2026-09-10 11:00:00,906,907,905,906,67,916.8,6488
2026-09-10 11:05:00,906,907,904,907,184,916.35,6488
2026-09-10 11:10:00,905,907,905,907,61,916.22,6488
2026-09-10 11:15:00,907,908,905,907,72,916.07,6488
2026-09-10 11:20:00,908,910,907,908,65,915.98,6488
2026-09-10 11:25:00,908,909,906,906,66,915.86,6488
2026-09-10 11:30:00,907,909,906,909,53,915.77,6488
2026-09-10 11:35:00,907,908,905,906,66,915.65,6488
2026-09-10 11:40:00,906,907,905,905,45,915.57,6488
2026-09-10 11:45:00,906,907,905,905,54,915.46,6488
2026-09-10 11:50:00,906,909,905,907,56,915.37,6488
2026-09-10 11:55:00,907,909,906,909,85,915.24,6488
2026-09-10 12:00:00,909,909,906,907,51,915.17,6488
2026-09-10 12:05:00,907,909,906,906,54,915.09,6488
2026-09-10 12:10:00,906,908,906,906,81,914.97,6488
2026-09-10 12:15:00,906,907,905,906,94,914.82,6488
2026-09-10 12:20:00,907,907,905,907,46,914.75,6488
2026-09-10 12:25:00,907,909,906,907,66,914.66,6488
2026-09-10 12:30:00,907,913,906,911,133,914.56,6488
2026-09-10 12:35:00,912,913,911,912,50,914.54,6488
2026-09-10 12:40:00,912,913,911,913,26,914.53,6488
2026-09-10 12:45:00,912,917,912,915,130,914.52,6488
2026-09-10 12:50:00,915,918,914,918,68,914.54,6488
2026-09-10 12:55:00,917,918,916,916,71,914.56,6488
2026-09-10 13:00:00,916,917,910,912,227,914.49,6488
2026-09-10 13:05:00,912,915,912,912,47,914.48,6488
2026-09-10 13:10:00,913,913,911,911,72,914.45,6488
2026-09-10 13:15:00,911,912,911,911,60,914.42,6488
2026-09-10 13:20:00,912,913,911,912,163,914.36,6488
2026-09-10 13:30:00,917,917,917,917,410,914.51,6488
2026-09-11 09:00:00,887,895,882,894,791,886.64,6488
2026-09-11 09:05:00,894,895,889,893,195,887.77,6488
2026-09-11 09:10:00,893,894,888,890,172,888.21,6488
2026-09-11 09:15:00,889,896,889,896,140,888.73,6488
2026-09-11 09:20:00,897,899,893,895,173,889.66,6488
2026-09-11 09:25:00,894,896,892,893,104,889.93,6488
2026-09-11 09:30:00,892,895,891,894,63,890.05,6488
2026-09-11 09:35:00,894,896,893,896,23,890.12,6488
2026-09-11 09:40:00,896,897,895,896,28,890.22,6488
2026-09-11 09:45:00,896,896,892,895,75,890.37,6488
2026-09-11 09:50:00,896,903,896,902,117,890.93,6488
2026-09-11 09:55:00,902,902,897,902,130,891.46,6488
2026-09-11 10:00:00,901,902,901,901,43,891.67,6488
2026-09-11 10:05:00,901,907,901,903,69,892.08,6488
2026-09-11 10:10:00,902,912,902,907,107,892.87,6488
2026-09-11 10:15:00,907,912,904,909,154,893.89,6488
2026-09-11 10:20:00,910,910,901,901,55,894.13,6488
2026-09-11 10:25:00,901,903,898,901,64,894.29,6488
2026-09-11 10:30:00,901,902,898,899,43,894.39,6488
2026-09-11 10:35:00,899,901,899,900,24,894.44,6488
2026-09-11 10:40:00,900,901,896,896,94,894.58,6488
2026-09-11 10:45:00,897,898,895,898,134,894.64,6488
2026-09-11 10:50:00,898,898,896,898,29,894.67,6488
2026-09-11 10:55:00,897,897,893,894,58,894.67,6488
2026-09-11 11:00:00,894,896,894,894,41,894.67,6488
2026-09-11 11:05:00,894,899,894,894,59,894.68,6488
2026-09-11 11:10:00,894,894,892,892,52,894.65,6488
2026-09-11 11:15:00,893,895,892,895,27,894.64,6488
2026-09-11 11:20:00,895,895,894,895,11,894.64,6488
2026-09-11 11:25:00,896,899,896,899,14,894.65,6488
2026-09-11 11:30:00,899,899,897,898,29,894.68,6488
2026-09-11 11:35:00,898,898,897,897,7,894.69,6488
2026-09-11 11:40:00,898,899,897,899,11,894.7,6488
2026-09-11 11:45:00,899,901,899,900,33,894.75,6488
2026-09-11 11:50:00,900,901,899,901,39,894.81,6488
2026-09-11 11:55:00,902,907,902,907,58,894.99,6488
2026-09-11 12:00:00,907,910,905,909,84,895.3,6488
2026-09-11 12:05:00,909,909,908,908,40,895.45,6488
2026-09-11 12:10:00,908,912,907,912,79,895.76,6488
2026-09-11 12:15:00,912,912,910,911,29,895.89,6488
2026-09-11 12:20:00,910,910,906,906,37,896.02,6488
2026-09-11 12:25:00,906,911,906,910,43,896.17,6488
2026-09-11 12:30:00,909,909,907,908,16,896.23,6488
2026-09-11 12:35:00,907,910,905,910,40,896.34,6488
2026-09-11 12:40:00,908,908,907,907,27,896.42,6488
2026-09-11 12:45:00,906,907,906,906,25,896.49,6488
2026-09-11 12:50:00,905,906,905,905,24,896.54,6488
2026-09-11 12:55:00,905,906,904,905,58,896.67,6488
2026-09-11 13:00:00,905,905,901,901,60,896.77,6488
2026-09-11 13:05:00,901,902,901,902,28,896.8,6488
2026-09-11 13:10:00,902,905,902,905,85,896.96,6488
2026-09-11 13:15:00,904,905,901,903,62,897.05,6488
2026-09-11 13:20:00,903,905,902,902,130,897.24,6488
2026-09-11 13:30:00,902,902,902,902,239,897.5,6488
