date,open,high,low,close,volume,average,stock_code
2026-04-27 09:00:00,1750,1840,1750,1825,1753,1797.38,8299
2026-04-27 09:05:00,1825,1835,1805,1810,664,1803.54,8299
2026-04-27 09:10:00,1810,1815,1780,1790,725,1802.23,8299
2026-04-27 09:15:00,1795,1815,1765,1810,685,1800.74,8299
2026-04-27 09:20:00,1810,1815,1790,1805,221,1800.96,8299
2026-04-27 09:25:00,1805,1820,1795,1810,487,1801.72,8299
2026-04-27 09:30:00,1805,1815,1800,1800,148,1801.92,8299
2026-04-27 09:35:00,1800,1805,1780,1785,151,1801.67,8299
2026-04-27 09:40:00,1780,1790,1775,1780,163,1801.05,8299
2026-04-27 09:45:00,1780,1800,1770,1800,221,1800.28,8299
2026-04-27 09:50:00,1800,1815,1790,1815,338,1800.55,8299
2026-04-27 09:55:00,1815,1820,1800,1810,320,1801.15,8299
2026-04-27 10:00:00,1810,1835,1810,1835,572,1802.98,8299
2026-04-27 10:05:00,1830,1840,1825,1840,286,1804.31,8299
2026-04-27 10:10:00,1835,1840,1830,1835,237,1805.33,8299
2026-04-27 10:15:00,1835,1835,1825,1825,173,1805.97,8299
2026-04-27 10:20:00,1830,1840,1825,1835,203,1806.79,8299
2026-04-27 10:25:00,1835,1835,1825,1825,137,1807.19,8299
2026-04-27 10:30:00,1835,1835,1825,1825,64,1807.38,8299
2026-04-27 10:35:00,1825,1835,1820,1820,79,1807.6,8299
2026-04-27 10:40:00,1820,1825,1815,1820,92,1807.74,8299
2026-04-27 10:45:00,1820,1825,1815,1825,32,1807.8,8299
2026-04-27 10:50:00,1825,1830,1825,1825,21,1807.85,8299
2026-04-27 10:55:00,1825,1830,1820,1825,26,1807.91,8299
2026-04-27 11:00:00,1825,1825,1815,1820,59,1808.01,8299
2026-04-27 11:05:00,1815,1820,1815,1815,20,1808.04,8299
2026-04-27 11:10:00,1820,1825,1815,1815,64,1808.11,8299
2026-04-27 11:15:00,1820,1825,1810,1825,48,1808.18,8299
2026-04-27 11:20:00,1825,1825,1820,1820,30,1808.22,8299
2026-04-27 11:25:00,1815,1820,1805,1810,72,1808.25,8299
2026-04-27 11:30:00,1805,1810,1805,1810,23,1808.26,8299
2026-04-27 11:35:00,1805,1810,1800,1805,56,1808.23,8299
2026-04-27 11:40:00,1805,1810,1805,1805,27,1808.22,8299
2026-04-27 11:45:00,1810,1815,1810,1810,32,1808.24,8299
2026-04-27 11:50:00,1810,1815,1805,1805,37,1808.24,8299
2026-04-27 11:55:00,1805,1815,1805,1810,24,1808.25,8299
2026-04-27 12:00:00,1810,1815,1810,1815,22,1808.27,8299
2026-04-27 12:05:00,1820,1820,1815,1815,19,1808.28,8299
2026-04-27 12:10:00,1815,1815,1810,1815,14,1808.29,8299
2026-04-27 12:15:00,1815,1820,1805,1810,77,1808.32,8299
2026-04-27 12:20:00,1810,1815,1805,1810,19,1808.33,8299
2026-04-27 12:25:00,1805,1815,1805,1810,20,1808.33,8299
2026-04-27 12:30:00,1810,1815,1810,1815,16,1808.34,8299
2026-04-27 12:35:00,1815,1820,1810,1820,132,1808.45,8299
2026-04-27 12:40:00,1820,1820,1815,1820,64,1808.53,8299
2026-04-27 12:45:00,1820,1825,1820,1825,28,1808.58,8299
2026-04-27 12:50:00,1825,1830,1820,1825,139,1808.86,8299
2026-04-27 12:55:00,1830,1830,1820,1820,90,1809.02,8299
2026-04-27 13:00:00,1820,1825,1815,1815,57,1809.1,8299
2026-04-27 13:05:00,1815,1830,1815,1830,120,1809.28,8299
2026-04-27 13:10:00,1830,1835,1825,1830,224,1809.77,8299
2026-04-27 13:15:00,1830,1830,1825,1830,59,1809.89,8299
2026-04-27 13:20:00,1825,1835,1825,1830,162,1810.24,8299
2026-04-27 13:30:00,1835,1835,1835,1835,314,1811.03,8299
2026-04-28 09:00:00,1900,1925,1865,1925,1808,1894.0,8299
2026-04-28 09:05:00,1925,1930,1890,1905,778,1900.04,8299
2026-04-28 09:10:00,1905,1920,1880,1880,556,1900.0,8299
2026-04-28 09:15:00,1880,1915,1880,1910,282,1900.4,8299
2026-04-28 09:20:00,1910,1910,1900,1905,234,1900.59,8299
2026-04-28 09:25:00,1910,1920,1900,1915,349,1901.64,8299
2026-04-28 09:30:00,1910,1920,1895,1900,244,1901.95,8299
2026-04-28 09:35:00,1895,1905,1885,1900,247,1901.55,8299
2026-04-28 09:40:00,1905,1915,1900,1905,193,1901.7,8299
2026-04-28 09:45:00,1905,1945,1900,1925,1076,1906.84,8299
2026-04-28 09:50:00,1930,1930,1910,1910,202,1907.25,8299
2026-04-28 09:55:00,1910,1925,1910,1915,148,1907.53,8299
2026-04-28 10:00:00,1910,1910,1895,1905,262,1907.3,8299
2026-04-28 10:05:00,1910,1920,1905,1915,112,1907.38,8299
2026-04-28 10:10:00,1915,1935,1915,1930,233,1908.09,8299
2026-04-28 10:15:00,1930,1935,1920,1930,71,1908.29,8299
2026-04-28 10:20:00,1930,1945,1930,1935,305,1909.58,8299
2026-04-28 10:25:00,1935,1950,1935,1945,300,1910.89,8299
2026-04-28 10:30:00,1945,1945,1940,1940,128,1911.42,8299
2026-04-28 10:35:00,1940,1950,1935,1950,133,1911.96,8299
2026-04-28 10:40:00,1950,1950,1920,1925,229,1912.5,8299
2026-04-28 10:45:00,1925,1940,1925,1935,121,1912.8,8299
2026-04-28 10:50:00,1935,1945,1930,1940,147,1913.28,8299
2026-04-28 10:55:00,1940,1940,1925,1930,147,1913.58,8299
2026-04-28 11:00:00,1930,1940,1930,1940,57,1913.73,8299
2026-04-28 11:05:00,1940,1940,1925,1935,98,1913.97,8299
2026-04-28 11:10:00,1940,1940,1930,1935,51,1914.12,8299
2026-04-28 11:15:00,1940,1955,1940,1955,561,1916.36,8299
2026-04-28 11:20:00,1955,1955,1945,1945,95,1916.69,8299
2026-04-28 11:25:00,1950,1950,1940,1940,30,1916.78,8299
2026-04-28 11:30:00,1945,1945,1930,1935,131,1917.06,8299
2026-04-28 11:35:00,1930,1935,1925,1935,56,1917.13,8299
2026-04-28 11:40:00,1935,1940,1930,1940,53,1917.23,8299
2026-04-28 11:45:00,1940,1940,1925,1925,141,1917.37,8299
2026-04-28 11:50:00,1925,1925,1910,1910,293,1917.39,8299
2026-04-28 11:55:00,1910,1935,1910,1930,102,1917.46,8299
2026-04-28 12:00:00,1935,1940,1930,1930,107,1917.64,8299
2026-04-28 12:05:00,1930,1940,1925,1940,99,1917.77,8299
2026-04-28 12:10:00,1940,1955,1935,1950,228,1918.43,8299
2026-04-28 12:15:00,1950,1955,1945,1945,97,1918.73,8299
2026-04-28 12:20:00,1945,1955,1945,1955,91,1918.99,8299
2026-04-28 12:25:00,1955,1955,1945,1950,114,1919.33,8299
2026-04-28 12:30:00,1950,1965,1950,1965,320,1920.46,8299
2026-04-28 12:35:00,1965,1975,1960,1965,223,1921.4,8299
2026-04-28 12:40:00,1965,1975,1965,1970,107,1921.85,8299
2026-04-28 12:45:00,1970,1990,1970,1975,397,1923.76,8299
2026-04-28 12:50:00,1975,1975,1970,1975,71,1924.06,8299
2026-04-28 12:55:00,1970,1975,1965,1975,80,1924.38,8299
2026-04-28 13:00:00,1975,1975,1970,1975,134,1924.9,8299
2026-04-28 13:05:00,1975,1975,1960,1960,142,1925.38,8299
2026-04-28 13:10:00,1960,1965,1960,1965,88,1925.66,8299
2026-04-28 13:15:00,1965,1970,1960,1970,76,1925.9,8299
2026-04-28 13:20:00,1970,1970,1960,1960,163,1926.42,8299
2026-04-28 13:30:00,1970,1970,1970,1970,341,1927.57,8299
2026-04-29 09:00:00,1965,2030,1940,2030,1646,1976.64,8299
2026-04-29 09:05:00,2045,2055,2000,2005,1554,2004.1,8299
2026-04-29 09:10:00,2005,2025,1990,2020,659,2004.7,8299
2026-04-29 09:15:00,2020,2045,2010,2035,566,2007.81,8299
2026-04-29 09:20:00,2035,2035,2010,2010,331,2008.97,8299
2026-04-29 09:25:00,2010,2035,2010,2025,154,2009.46,8299
2026-04-29 09:30:00,2025,2040,2025,2025,283,2010.64,8299
2026-04-29 09:35:00,2020,2030,2010,2015,151,2010.92,8299
2026-04-29 09:40:00,2020,2030,2010,2010,119,2011.09,8299
2026-04-29 09:45:00,2010,2015,2000,2005,333,2010.87,8299
2026-04-29 09:50:00,2005,2010,1995,2010,199,2010.62,8299
2026-04-29 09:55:00,2010,2020,2000,2020,153,2010.53,8299
2026-04-29 10:00:00,2015,2035,2015,2030,344,2011.46,8299
2026-04-29 10:05:00,2030,2055,2030,2050,787,2015.34,8299
2026-04-29 10:10:00,2045,2050,2040,2050,112,2015.8,8299
2026-04-29 10:15:00,2050,2070,2035,2060,588,2018.82,8299
2026-04-29 10:20:00,2055,2065,2055,2060,227,2019.92,8299
2026-04-29 10:25:00,2060,2065,2050,2055,246,2020.95,8299
2026-04-29 10:30:00,2055,2065,2055,2060,99,2021.39,8299
2026-04-29 10:35:00,2060,2060,2045,2055,112,2021.78,8299
2026-04-29 10:40:00,2055,2055,2030,2030,179,2022.16,8299
2026-04-29 10:45:00,2030,2045,2030,2045,84,2022.31,8299
2026-04-29 10:50:00,2045,2060,2040,2055,151,2022.81,8299
2026-04-29 10:55:00,2055,2060,2050,2055,67,2023.03,8299
2026-04-29 11:00:00,2055,2055,2050,2055,26,2023.12,8299
2026-04-29 11:05:00,2055,2060,2055,2060,45,2023.29,8299
2026-04-29 11:10:00,2060,2060,2050,2060,68,2023.52,8299
2026-04-29 11:15:00,2060,2060,2050,2055,95,2023.84,8299
2026-04-29 11:20:00,2055,2060,2050,2060,83,2024.11,8299
2026-04-29 11:25:00,2060,2065,2055,2065,199,2024.9,8299
2026-04-29 11:30:00,2065,2065,2055,2055,84,2025.21,8299
2026-04-29 11:35:00,2055,2065,2050,2065,54,2025.38,8299
2026-04-29 11:40:00,2065,2065,2050,2050,62,2025.57,8299
2026-04-29 11:45:00,2050,2055,2045,2050,75,2025.73,8299
2026-04-29 11:50:00,2050,2060,2050,2060,30,2025.82,8299
2026-04-29 11:55:00,2055,2060,2055,2060,41,2025.96,8299
2026-04-29 12:00:00,2060,2060,2055,2060,28,2026.05,8299
2026-04-29 12:05:00,2060,2060,2055,2060,24,2026.13,8299
2026-04-29 12:10:00,2060,2060,2055,2055,32,2026.23,8299
2026-04-29 12:15:00,2060,2060,2045,2050,94,2026.47,8299
2026-04-29 12:20:00,2050,2060,2045,2055,89,2026.7,8299
2026-04-29 12:25:00,2055,2060,2055,2055,52,2026.85,8299
2026-04-29 12:30:00,2060,2070,2055,2065,265,2027.75,8299
2026-04-29 12:35:00,2070,2075,2065,2065,312,2028.99,8299
2026-04-29 12:40:00,2070,2075,2065,2070,108,2029.4,8299
2026-04-29 12:45:00,2070,2070,2060,2060,115,2029.79,8299
2026-04-29 12:50:00,2065,2065,2060,2060,61,2029.96,8299
2026-04-29 12:55:00,2060,2070,2060,2065,51,2030.12,8299
2026-04-29 13:00:00,2060,2070,2060,2065,123,2030.49,8299
2026-04-29 13:05:00,2065,2070,2065,2065,185,2031.12,8299
2026-04-29 13:10:00,2065,2070,2060,2065,153,2031.57,8299
2026-04-29 13:15:00,2065,2070,2060,2065,134,2031.94,8299
2026-04-29 13:20:00,2060,2065,2055,2060,209,2032.43,8299
2026-04-29 13:30:00,2070,2070,2070,2070,431,2033.73,8299
2026-04-30 09:00:00,2175,2175,2100,2100,1490,2146.4,8299
2026-04-30 09:05:00,2100,2100,2030,2030,974,2114.88,8299
2026-04-30 09:10:00,2035,2075,2020,2025,1305,2091.25,8299
2026-04-30 09:15:00,2025,2045,2015,2035,279,2086.99,8299
2026-04-30 09:20:00,2030,2050,2020,2035,313,2083.21,8299
2026-04-30 09:25:00,2035,2040,2010,2020,334,2078.81,8299
2026-04-30 09:30:00,2020,2030,2010,2010,302,2075.19,8299
2026-04-30 09:35:00,2015,2020,1970,1995,975,2061.85,8299
2026-04-30 09:40:00,1995,2015,1995,1995,307,2058.94,8299
2026-04-30 09:45:00,1995,2010,1995,2000,93,2058.15,8299
2026-04-30 09:50:00,2000,2000,1990,1990,196,2056.34,8299
2026-04-30 09:55:00,1990,2000,1980,2000,402,2052.35,8299
2026-04-30 10:00:00,1995,2010,1990,1995,195,2050.93,8299
2026-04-30 10:05:00,1995,2000,1985,1990,167,2049.54,8299
2026-04-30 10:10:00,1990,1995,1970,1985,512,2045.06,8299
2026-04-30 10:15:00,1985,2020,1980,2020,384,2043.12,8299
2026-04-30 10:20:00,2020,2025,2000,2010,114,2042.72,8299
2026-04-30 10:25:00,2010,2020,2005,2005,198,2041.98,8299
2026-04-30 10:30:00,2005,2005,2000,2000,69,2041.65,8299
2026-04-30 10:35:00,2000,2010,1995,2000,52,2041.41,8299
2026-04-30 10:40:00,2000,2010,2000,2005,22,2041.32,8299
2026-04-30 10:45:00,2005,2005,1995,2000,46,2041.11,8299
2026-04-30 10:50:00,1995,1995,1985,1995,212,2039.9,8299
2026-04-30 10:55:00,1995,2000,1985,1985,83,2039.44,8299
2026-04-30 11:00:00,1990,1990,1985,1985,81,2038.96,8299
2026-04-30 11:05:00,1985,1985,1970,1975,304,2036.99,8299
2026-04-30 11:10:00,1980,1990,1980,1985,70,2036.6,8299
2026-04-30 11:15:00,1980,1980,1965,1970,435,2033.69,8299
2026-04-30 11:20:00,1970,1975,1965,1970,102,2033.06,8299
2026-04-30 11:25:00,1970,1970,1960,1965,143,2032.1,8299
2026-04-30 11:30:00,1965,1980,1965,1975,67,2031.7,8299
2026-04-30 11:35:00,1970,1975,1965,1975,119,2030.97,8299
2026-04-30 11:40:00,1975,1975,1965,1975,53,2030.67,8299
2026-04-30 11:45:00,1980,1980,1975,1980,25,2030.54,8299
2026-04-30 11:50:00,1980,1980,1970,1970,50,2030.28,8299
2026-04-30 11:55:00,1975,1975,1965,1970,86,2029.79,8299
2026-04-30 12:00:00,1965,1970,1960,1960,155,2028.83,8299
2026-04-30 12:05:00,1960,1965,1945,1950,448,2025.84,8299
2026-04-30 12:10:00,1945,1950,1935,1940,258,2023.93,8299
2026-04-30 12:15:00,1940,1945,1935,1940,84,2023.32,8299
2026-04-30 12:20:00,1935,1940,1925,1935,246,2021.4,8299
2026-04-30 12:25:00,1940,1940,1930,1935,101,2020.65,8299
2026-04-30 12:30:00,1930,1935,1920,1925,204,2019.04,8299
2026-04-30 12:35:00,1925,1930,1915,1915,211,2017.36,8299
2026-04-30 12:40:00,1915,1925,1910,1925,252,2015.32,8299
2026-04-30 12:45:00,1920,1925,1915,1925,105,2014.54,8299
2026-04-30 12:50:00,1925,1935,1925,1935,87,2013.96,8299
2026-04-30 12:55:00,1930,1930,1920,1925,162,2012.86,8299
2026-04-30 13:00:00,1920,1925,1905,1905,253,2010.97,8299
2026-04-30 13:05:00,1905,1915,1905,1915,241,2009.13,8299
2026-04-30 13:10:00,1915,1920,1915,1920,128,2008.27,8299
2026-04-30 13:15:00,1920,1925,1910,1915,124,2007.45,8299
2026-04-30 13:20:00,1915,1915,1905,1910,275,2005.5,8299
2026-04-30 13:30:00,1900,1900,1900,1900,549,2001.49,8299
2026-05-04 09:00:00,1975,1980,1945,1945,760,1968.8,8299
2026-05-04 09:05:00,1945,1965,1920,1960,404,1960.62,8299
2026-05-04 09:10:00,1965,2005,1960,2000,781,1971.3,8299
2026-05-04 09:15:00,2000,2005,1985,1995,216,1973.76,8299
2026-05-04 09:20:00,1995,2025,1995,2020,706,1982.94,8299
2026-05-04 09:25:00,2015,2035,2010,2015,358,1987.73,8299
2026-05-04 09:30:00,2010,2010,1985,1995,258,1988.59,8299
2026-05-04 09:35:00,1995,1995,1980,1985,171,1988.64,8299
2026-05-04 09:40:00,1985,1990,1980,1985,147,1988.45,8299
2026-05-04 09:45:00,1985,1995,1975,1990,145,1988.29,8299
2026-05-04 09:50:00,1985,1985,1965,1965,225,1987.49,8299
2026-05-04 09:55:00,1965,1980,1965,1980,95,1987.16,8299
2026-05-04 10:00:00,1985,1990,1980,1990,86,1987.14,8299
2026-05-04 10:05:00,1990,2000,1990,1995,75,1987.25,8299
2026-05-04 10:10:00,1995,2010,1995,2005,162,1987.76,8299
2026-05-04 10:15:00,2010,2025,2010,2020,351,1989.79,8299
2026-05-04 10:20:00,2020,2030,2015,2025,341,1992.04,8299
2026-05-04 10:25:00,2020,2040,2020,2040,296,1994.11,8299
2026-05-04 10:30:00,2040,2040,2020,2020,100,1994.72,8299
2026-05-04 10:35:00,2015,2025,2015,2025,45,1994.94,8299
2026-05-04 10:40:00,2025,2025,2020,2020,28,1995.07,8299
2026-05-04 10:45:00,2015,2020,2010,2010,47,1995.21,8299
2026-05-04 10:50:00,2010,2020,2010,2015,26,1995.3,8299
2026-05-04 10:55:00,2015,2020,2010,2015,38,1995.43,8299
2026-05-04 11:00:00,2015,2030,2015,2030,52,1995.68,8299
2026-05-04 11:05:00,2030,2030,2025,2025,83,1996.15,8299
2026-05-04 11:10:00,2025,2025,2010,2010,76,1996.43,8299
2026-05-04 11:15:00,2015,2015,2005,2010,57,1996.56,8299
2026-05-04 11:20:00,2010,2015,2005,2010,44,1996.66,8299
2026-05-04 11:25:00,2010,2010,2005,2010,26,1996.71,8299
2026-05-04 11:30:00,2010,2015,2005,2005,54,1996.79,8299
2026-05-04 11:35:00,2000,2015,2000,2010,45,1996.84,8299
2026-05-04 11:40:00,2015,2025,2015,2020,84,1997.14,8299
2026-05-04 11:45:00,2025,2025,2015,2020,17,1997.2,8299
2026-05-04 11:50:00,2015,2025,2015,2025,56,1997.42,8299
2026-05-04 11:55:00,2025,2025,2020,2020,38,1997.57,8299
2026-05-04 12:00:00,2020,2025,2020,2025,8,1997.6,8299
2026-05-04 12:05:00,2025,2025,2010,2020,50,1997.76,8299
2026-05-04 12:10:00,2020,2020,2015,2015,18,1997.81,8299
2026-05-04 12:15:00,2015,2020,2015,2015,23,1997.87,8299
2026-05-04 12:20:00,2020,2025,2015,2020,51,1998.03,8299
2026-05-04 12:25:00,2015,2020,2015,2020,11,1998.07,8299
2026-05-04 12:30:00,2015,2020,2015,2015,23,1998.13,8299
2026-05-04 12:35:00,2015,2020,2010,2015,23,1998.19,8299
2026-05-04 12:40:00,2010,2015,2010,2010,31,1998.24,8299
2026-05-04 12:45:00,2010,2015,2000,2000,85,1998.34,8299
2026-05-04 12:50:00,2000,2005,1995,2005,131,1998.37,8299
2026-05-04 12:55:00,2010,2010,2000,2005,48,1998.4,8299
2026-05-04 13:00:00,2010,2010,2000,2005,52,1998.45,8299
2026-05-04 13:05:00,2010,2015,2005,2010,118,1998.64,8299
2026-05-04 13:10:00,2010,2015,2010,2015,46,1998.72,8299
2026-05-04 13:15:00,2010,2015,2010,2010,84,1998.86,8299
2026-05-04 13:20:00,2015,2020,2005,2010,277,1999.38,8299
2026-05-04 13:30:00,2010,2010,2010,2010,181,1999.62,8299
2026-05-05 09:00:00,2035,2045,2020,2040,650,2034.15,8299
2026-05-05 09:05:00,2040,2045,2020,2035,420,2034.2,8299
2026-05-05 09:10:00,2040,2055,2030,2040,403,2035.6,8299
2026-05-05 09:15:00,2040,2040,2030,2035,77,2035.6,8299
2026-05-05 09:20:00,2035,2035,2025,2025,146,2034.9,8299
2026-05-05 09:25:00,2020,2030,2010,2010,168,2033.77,8299
2026-05-05 09:30:00,2010,2035,2000,2035,294,2031.41,8299
2026-05-05 09:35:00,2030,2045,2025,2035,179,2031.69,8299
2026-05-05 09:40:00,2035,2035,2020,2025,53,2031.64,8299
2026-05-05 09:45:00,2025,2025,2010,2010,128,2030.89,8299
2026-05-05 09:50:00,2010,2025,2010,2020,41,2030.69,8299
2026-05-05 09:55:00,2020,2040,2020,2040,118,2030.68,8299
2026-05-05 10:00:00,2040,2050,2035,2045,237,2031.72,8299
2026-05-05 10:05:00,2045,2045,2040,2040,44,2031.87,8299
2026-05-05 10:10:00,2040,2075,2040,2065,583,2036.33,8299
2026-05-05 10:15:00,2065,2100,2065,2095,418,2041.28,8299
2026-05-05 10:20:00,2095,2120,2085,2110,502,2048.32,8299
2026-05-05 10:25:00,2115,2130,2105,2110,532,2055.75,8299
2026-05-05 10:30:00,2110,2110,2090,2090,274,2058.23,8299
2026-05-05 10:35:00,2095,2115,2085,2110,171,2059.66,8299
2026-05-05 10:40:00,2110,2110,2095,2100,55,2060.09,8299
2026-05-05 10:45:00,2095,2095,2085,2095,100,2060.64,8299
2026-05-05 10:50:00,2095,2095,2090,2090,51,2060.92,8299
2026-05-05 10:55:00,2090,2090,2075,2085,132,2061.41,8299
2026-05-05 11:00:00,2085,2090,2080,2085,51,2061.6,8299
2026-05-05 11:05:00,2080,2080,2065,2075,173,2061.89,8299
2026-05-05 11:10:00,2080,2080,2065,2075,45,2061.97,8299
2026-05-05 11:15:00,2070,2075,2070,2075,65,2062.09,8299
2026-05-05 11:20:00,2075,2085,2075,2085,90,2062.37,8299
2026-05-05 11:25:00,2085,2100,2085,2090,142,2063.15,8299
2026-05-05 11:30:00,2090,2090,2085,2085,23,2063.23,8299
2026-05-05 11:35:00,2080,2085,2080,2085,23,2063.3,8299
2026-05-05 11:40:00,2090,2095,2090,2095,48,2063.51,8299
2026-05-05 11:45:00,2090,2095,2085,2085,38,2063.66,8299
2026-05-05 11:50:00,2085,2085,2080,2080,31,2063.74,8299
2026-05-05 11:55:00,2080,2085,2080,2085,8,2063.77,8299
2026-05-05 12:00:00,2080,2085,2080,2085,27,2063.85,8299
2026-05-05 12:05:00,2085,2090,2085,2090,68,2064.1,8299
2026-05-05 12:10:00,2090,2100,2085,2095,76,2064.4,8299
2026-05-05 12:15:00,2100,2105,2095,2105,137,2065.14,8299
2026-05-05 12:20:00,2105,2115,2100,2115,165,2066.13,8299
2026-05-05 12:25:00,2110,2115,2105,2115,84,2066.68,8299
2026-05-05 12:30:00,2115,2120,2110,2115,82,2067.24,8299
2026-05-05 12:35:00,2115,2120,2100,2115,118,2067.95,8299
2026-05-05 12:40:00,2115,2120,2110,2115,45,2068.25,8299
2026-05-05 12:45:00,2115,2115,2110,2115,25,2068.4,8299
2026-05-05 12:50:00,2115,2115,2105,2110,119,2069.05,8299
2026-05-05 12:55:00,2110,2110,2105,2110,39,2069.24,8299
2026-05-05 13:00:00,2110,2130,2105,2125,393,2071.74,8299
2026-05-05 13:05:00,2125,2125,2120,2125,99,2072.36,8299
2026-05-05 13:10:00,2125,2125,2120,2125,102,2073.01,8299
2026-05-05 13:15:00,2120,2130,2120,2120,198,2074.24,8299
2026-05-05 13:20:00,2125,2125,2115,2120,190,2075.27,8299
2026-05-05 13:30:00,2115,2115,2115,2115,256,2076.43,8299
2026-05-06 09:00:00,2300,2325,2300,2325,2031,2312.15,8299
2026-05-06 09:05:00,2320,2325,2320,2325,1297,2317.09,8299
2026-05-06 09:10:00,2325,2325,2305,2305,1078,2317.68,8299
2026-05-06 09:15:00,2305,2325,2305,2325,799,2318.28,8299
2026-05-06 09:20:00,2325,2325,2325,2325,75,2318.38,8299
2026-05-06 09:25:00,2325,2325,2325,2325,46,2318.43,8299
2026-05-06 09:30:00,2325,2325,2325,2325,48,2318.49,8299
2026-05-06 09:35:00,2325,2325,2325,2325,48,2318.55,8299
2026-05-06 09:40:00,2325,2325,2325,2325,25,2318.58,8299
2026-05-06 09:45:00,2325,2325,2305,2310,934,2319.03,8299
2026-05-06 09:50:00,2310,2315,2235,2265,1605,2309.36,8299
2026-05-06 09:55:00,2270,2320,2265,2315,810,2308.75,8299
2026-05-06 10:00:00,2320,2320,2285,2290,368,2308.35,8299
2026-05-06 10:05:00,2290,2305,2245,2295,551,2306.53,8299
2026-05-06 10:10:00,2295,2320,2295,2310,372,2306.68,8299
2026-05-06 10:15:00,2310,2315,2305,2315,105,2306.7,8299
2026-05-06 10:20:00,2315,2325,2310,2315,248,2306.98,8299
2026-05-06 10:25:00,2310,2320,2305,2315,87,2307.02,8299
2026-05-06 10:30:00,2315,2325,2305,2320,217,2307.32,8299
2026-05-06 10:35:00,2325,2325,2320,2320,169,2307.59,8299
2026-05-06 10:40:00,2320,2325,2310,2320,65,2307.65,8299
2026-05-06 10:45:00,2320,2325,2315,2325,123,2307.78,8299
2026-05-06 10:50:00,2325,2325,2315,2315,79,2307.89,8299
2026-05-06 10:55:00,2315,2320,2310,2310,72,2307.93,8299
2026-05-06 11:00:00,2310,2320,2300,2310,149,2307.94,8299
2026-05-06 11:05:00,2310,2325,2310,2325,71,2308.0,8299
2026-05-06 11:10:00,2325,2325,2320,2325,445,2308.64,8299
2026-05-06 11:15:00,2325,2325,2325,2325,5,2308.64,8299
2026-05-06 11:20:00,2325,2325,2325,2325,18,2308.67,8299
2026-05-06 11:25:00,2325,2325,2325,2325,1,2308.67,8299
2026-05-06 11:30:00,2325,2325,2325,2325,11,2308.69,8299
2026-05-06 11:35:00,2325,2325,2325,2325,10,2308.7,8299
2026-05-06 11:40:00,2325,2325,2325,2325,147,2308.9,8299
2026-05-06 11:45:00,2325,2325,2325,2325,4,2308.9,8299
2026-05-06 11:50:00,2325,2325,2325,2325,5,2308.91,8299
2026-05-06 11:55:00,2325,2325,2325,2325,7,2308.92,8299
2026-05-06 12:00:00,2325,2325,2325,2325,7,2308.93,8299
2026-05-06 12:05:00,2325,2325,2325,2325,6,2308.94,8299
2026-05-06 12:10:00,2325,2325,2325,2325,6,2308.94,8299
2026-05-06 12:15:00,2325,2325,2325,2325,32,2308.99,8299
2026-05-06 12:20:00,2325,2325,2325,2325,3,2308.99,8299
2026-05-06 12:25:00,2325,2325,2325,2325,3,2308.99,8299
2026-05-06 12:30:00,2325,2325,2325,2325,4,2309.0,8299
2026-05-06 12:35:00,2325,2325,2325,2325,4,2309.0,8299
2026-05-06 12:40:00,2325,2325,2325,2325,3,2309.01,8299
2026-05-06 12:45:00,2325,2325,2325,2325,13,2309.03,8299
2026-05-06 12:50:00,2325,2325,2325,2325,2,2309.03,8299
2026-05-06 12:55:00,2325,2325,2325,2325,4,2309.03,8299
2026-05-06 13:00:00,2325,2325,2325,2325,3,2309.04,8299
2026-05-06 13:05:00,2325,2325,2325,2325,6,2309.05,8299
2026-05-06 13:10:00,2325,2325,2325,2325,7,2309.05,8299
2026-05-06 13:15:00,2325,2325,2325,2325,16,2309.08,8299
2026-05-06 13:20:00,2325,2325,2325,2325,17,2309.1,8299
2026-05-06 13:30:00,2325,2325,2325,2325,17,2309.12,8299
2026-05-07 09:00:00,2395,2415,2350,2365,2244,2386.19,8299
2026-05-07 09:05:00,2365,2440,2355,2415,960,2389.91,8299
2026-05-07 09:10:00,2415,2470,2405,2470,856,2400.78,8299
2026-05-07 09:15:00,2470,2495,2460,2490,656,2411.65,8299
2026-05-07 09:20:00,2495,2500,2460,2460,498,2418.4,8299
2026-05-07 09:25:00,2460,2485,2440,2480,317,2420.71,8299
2026-05-07 09:30:00,2480,2480,2450,2475,205,2422.29,8299
2026-05-07 09:35:00,2475,2475,2400,2415,392,2423.04,8299
2026-05-07 09:40:00,2410,2450,2410,2425,228,2423.42,8299
2026-05-07 09:45:00,2425,2450,2425,2435,152,2423.78,8299
2026-05-07 09:50:00,2435,2435,2405,2420,245,2423.52,8299
2026-05-07 09:55:00,2420,2435,2420,2420,77,2423.56,8299
2026-05-07 10:00:00,2425,2425,2410,2410,110,2423.48,8299
2026-05-07 10:05:00,2415,2415,2390,2395,303,2422.57,8299
2026-05-07 10:10:00,2395,2395,2345,2355,476,2419.12,8299
2026-05-07 10:15:00,2360,2370,2320,2330,556,2413.74,8299
2026-05-07 10:20:00,2330,2345,2320,2335,307,2410.86,8299
2026-05-07 10:25:00,2340,2375,2340,2370,276,2409.17,8299
2026-05-07 10:30:00,2370,2385,2365,2385,142,2408.62,8299
2026-05-07 10:35:00,2380,2380,2360,2370,102,2408.22,8299
2026-05-07 10:40:00,2370,2385,2370,2385,32,2408.11,8299
2026-05-07 10:45:00,2385,2385,2360,2375,54,2407.9,8299
2026-05-07 10:50:00,2375,2385,2370,2385,38,2407.77,8299
2026-05-07 10:55:00,2385,2385,2380,2380,52,2407.63,8299
2026-05-07 11:00:00,2375,2380,2375,2375,31,2407.52,8299
2026-05-07 11:05:00,2375,2380,2370,2380,45,2407.37,8299
2026-05-07 11:10:00,2380,2395,2380,2385,94,2407.18,8299
2026-05-07 11:15:00,2385,2390,2385,2390,24,2407.13,8299
2026-05-07 11:20:00,2395,2395,2385,2395,49,2407.05,8299
2026-05-07 11:25:00,2395,2400,2395,2395,114,2406.94,8299
2026-05-07 11:30:00,2395,2405,2395,2395,65,2406.89,8299
2026-05-07 11:35:00,2390,2400,2390,2400,20,2406.87,8299
2026-05-07 11:40:00,2400,2400,2390,2395,37,2406.82,8299
2026-05-07 11:45:00,2395,2395,2390,2390,30,2406.77,8299
2026-05-07 11:50:00,2385,2385,2375,2375,66,2406.6,8299
2026-05-07 11:55:00,2375,2375,2365,2365,54,2406.39,8299
2026-05-07 12:00:00,2365,2370,2360,2370,52,2406.18,8299
2026-05-07 12:05:00,2365,2370,2365,2370,37,2406.05,8299
2026-05-07 12:10:00,2365,2370,2350,2350,98,2405.58,8299
2026-05-07 12:15:00,2350,2350,2340,2345,106,2404.94,8299
2026-05-07 12:20:00,2345,2355,2340,2355,45,2404.7,8299
2026-05-07 12:25:00,2355,2355,2350,2350,35,2404.52,8299
2026-05-07 12:30:00,2350,2360,2345,2345,73,2404.13,8299
2026-05-07 12:35:00,2345,2355,2345,2350,53,2403.84,8299
2026-05-07 12:40:00,2350,2360,2350,2360,24,2403.73,8299
2026-05-07 12:45:00,2360,2365,2360,2365,12,2403.68,8299
2026-05-07 12:50:00,2360,2360,2355,2355,62,2403.4,8299
2026-05-07 12:55:00,2360,2380,2360,2380,170,2402.84,8299
2026-05-07 13:00:00,2380,2385,2375,2385,92,2402.65,8299
2026-05-07 13:05:00,2385,2385,2375,2375,37,2402.57,8299
2026-05-07 13:10:00,2375,2380,2370,2375,126,2402.24,8299
2026-05-07 13:15:00,2380,2380,2370,2375,166,2401.82,8299
2026-05-07 13:20:00,2370,2375,2365,2365,236,2401.15,8299
2026-05-07 13:30:00,2390,2390,2390,2390,454,2400.72,8299
2026-05-08 09:00:00,2355,2435,2350,2435,759,2398.45,8299
2026-05-08 09:05:00,2435,2500,2430,2500,1041,2436.53,8299
2026-05-08 09:10:00,2495,2500,2465,2485,545,2448.22,8299
2026-05-08 09:15:00,2485,2490,2455,2455,248,2450.37,8299
2026-05-08 09:20:00,2455,2460,2440,2450,197,2450.47,8299
2026-05-08 09:25:00,2440,2480,2435,2470,289,2451.41,8299
2026-05-08 09:30:00,2475,2495,2470,2470,246,2453.8,8299
2026-05-08 09:35:00,2470,2475,2435,2440,174,2453.7,8299
2026-05-08 09:40:00,2440,2445,2395,2405,444,2449.16,8299
2026-05-08 09:45:00,2400,2430,2400,2430,226,2447.59,8299
2026-05-08 09:50:00,2430,2435,2405,2405,139,2446.75,8299
2026-05-08 09:55:00,2405,2410,2370,2370,305,2442.85,8299
2026-05-08 10:00:00,2375,2385,2360,2385,347,2437.78,8299
2026-05-08 10:05:00,2385,2385,2355,2375,173,2435.4,8299
2026-05-08 10:10:00,2375,2375,2340,2345,284,2431.05,8299
2026-05-08 10:15:00,2350,2350,2260,2260,1100,2410.1,8299
2026-05-08 10:20:00,2265,2295,2230,2290,773,2394.12,8299
2026-05-08 10:25:00,2295,2310,2265,2270,340,2389.55,8299
2026-05-08 10:30:00,2275,2325,2275,2325,179,2387.5,8299
2026-05-08 10:35:00,2320,2325,2295,2295,181,2385.7,8299
2026-05-08 10:40:00,2295,2320,2295,2320,81,2384.93,8299
2026-05-08 10:45:00,2320,2320,2295,2305,122,2383.79,8299
2026-05-08 10:50:00,2305,2320,2305,2320,70,2383.17,8299
2026-05-08 10:55:00,2320,2340,2320,2325,210,2381.93,8299
2026-05-08 11:00:00,2335,2335,2325,2330,54,2381.6,8299
2026-05-08 11:05:00,2330,2330,2320,2325,41,2381.33,8299
2026-05-08 11:10:00,2325,2345,2325,2345,92,2380.85,8299
2026-05-08 11:15:00,2340,2340,2325,2325,115,2380.21,8299
2026-05-08 11:20:00,2320,2325,2315,2320,88,2379.62,8299
2026-05-08 11:25:00,2320,2350,2320,2340,71,2379.29,8299
2026-05-08 11:30:00,2340,2355,2340,2355,58,2379.1,8299
2026-05-08 11:35:00,2355,2365,2350,2365,121,2378.84,8299
2026-05-08 11:40:00,2365,2385,2365,2380,193,2378.79,8299
2026-05-08 11:45:00,2380,2385,2370,2380,104,2378.81,8299
2026-05-08 11:50:00,2380,2425,2380,2420,409,2379.7,8299
2026-05-08 11:55:00,2420,2435,2410,2420,259,2380.81,8299
2026-05-08 12:00:00,2420,2470,2420,2465,399,2383.54,8299
2026-05-08 12:05:00,2465,2470,2435,2440,176,2384.69,8299
2026-05-08 12:10:00,2440,2450,2425,2430,92,2385.14,8299
2026-05-08 12:15:00,2430,2455,2430,2445,107,2385.72,8299
2026-05-08 12:20:00,2445,2470,2445,2445,204,2387.1,8299
2026-05-08 12:25:00,2440,2450,2435,2435,83,2387.51,8299
2026-05-08 12:30:00,2435,2435,2415,2420,92,2387.82,8299
2026-05-08 12:35:00,2415,2420,2410,2420,41,2387.92,8299
2026-05-08 12:40:00,2415,2425,2415,2420,76,2388.16,8299
2026-05-08 12:45:00,2415,2420,2415,2415,24,2388.22,8299
2026-05-08 12:50:00,2420,2445,2420,2430,173,2388.87,8299
2026-05-08 12:55:00,2425,2435,2425,2435,38,2389.01,8299
2026-05-08 13:00:00,2435,2445,2435,2440,68,2389.29,8299
2026-05-08 13:05:00,2440,2440,2430,2435,85,2389.64,8299
2026-05-08 13:10:00,2435,2435,2420,2430,158,2390.15,8299
2026-05-08 13:15:00,2430,2435,2425,2430,208,2390.84,8299
2026-05-08 13:20:00,2430,2430,2420,2425,202,2391.43,8299
2026-05-08 13:30:00,2430,2430,2430,2430,311,2392.38,8299
2026-05-11 09:00:00,2670,2670,2670,2670,918,2670.0,8299
2026-05-11 09:05:00,2670,2670,2670,2670,167,2670.0,8299
2026-05-11 09:10:00,2670,2670,2670,2670,55,2670.0,8299
2026-05-11 09:15:00,2670,2670,2670,2670,43,2670.0,8299
2026-05-11 09:20:00,2670,2670,2670,2670,30,2670.0,8299
2026-05-11 09:25:00,2670,2670,2670,2670,22,2670.0,8299
2026-05-11 09:30:00,2670,2670,2670,2670,9,2670.0,8299
2026-05-11 09:35:00,2670,2670,2670,2670,5,2670.0,8299
2026-05-11 09:40:00,2670,2670,2670,2670,13,2670.0,8299
2026-05-11 09:45:00,2670,2670,2670,2670,104,2670.0,8299
2026-05-11 09:50:00,2670,2670,2670,2670,6,2670.0,8299
2026-05-11 09:55:00,2670,2670,2670,2670,4,2670.0,8299
2026-05-11 10:05:00,2670,2670,2670,2670,6,2670.0,8299
2026-05-11 10:10:00,2670,2670,2670,2670,6,2670.0,8299
2026-05-11 10:15:00,2670,2670,2670,2670,14,2670.0,8299
2026-05-11 10:20:00,2670,2670,2670,2670,2,2670.0,8299
2026-05-11 10:30:00,2670,2670,2670,2670,14,2670.0,8299
2026-05-11 10:35:00,2670,2670,2670,2670,7,2670.0,8299
2026-05-11 10:40:00,2670,2670,2670,2670,2,2670.0,8299
2026-05-11 10:45:00,2670,2670,2670,2670,2,2670.0,8299
2026-05-11 10:50:00,2670,2670,2670,2670,1,2670.0,8299
2026-05-11 10:55:00,2670,2670,2670,2670,2,2670.0,8299
2026-05-11 11:00:00,2670,2670,2670,2670,2,2670.0,8299
2026-05-11 11:05:00,2670,2670,2670,2670,4,2670.0,8299
2026-05-11 11:10:00,2670,2670,2670,2670,2,2670.0,8299
2026-05-11 11:15:00,2670,2670,2670,2670,1,2670.0,8299
2026-05-11 11:20:00,2670,2670,2670,2670,1,2670.0,8299
2026-05-11 11:25:00,2670,2670,2670,2670,4,2670.0,8299
2026-05-11 11:30:00,2670,2670,2670,2670,1,2670.0,8299
2026-05-11 11:35:00,2670,2670,2670,2670,1,2670.0,8299
2026-05-11 11:40:00,2670,2670,2670,2670,1,2670.0,8299
2026-05-11 11:45:00,2670,2670,2670,2670,1,2670.0,8299
2026-05-11 11:50:00,2670,2670,2670,2670,4,2670.0,8299
2026-05-11 11:55:00,2670,2670,2670,2670,6,2670.0,8299
2026-05-11 12:00:00,2670,2670,2670,2670,1,2670.0,8299
2026-05-11 12:05:00,2670,2670,2670,2670,1,2670.0,8299
2026-05-11 12:10:00,2670,2670,2670,2670,1,2670.0,8299
2026-05-11 12:15:00,2670,2670,2670,2670,2,2670.0,8299
2026-05-11 12:20:00,2670,2670,2670,2670,1,2670.0,8299
2026-05-11 12:25:00,2670,2670,2670,2670,3,2670.0,8299
2026-05-11 12:35:00,2670,2670,2670,2670,4,2670.0,8299
2026-05-11 12:45:00,2670,2670,2670,2670,2,2670.0,8299
2026-05-11 12:50:00,2670,2670,2670,2670,2,2670.0,8299
2026-05-11 12:55:00,2670,2670,2670,2670,2,2670.0,8299
2026-05-11 13:00:00,2670,2670,2670,2670,3,2670.0,8299
2026-05-11 13:05:00,2670,2670,2670,2670,21,2670.0,8299
2026-05-11 13:10:00,2670,2670,2670,2670,5,2670.0,8299
2026-05-11 13:15:00,2670,2670,2670,2670,3,2670.0,8299
2026-05-11 13:20:00,2670,2670,2670,2670,13,2670.0,8299
2026-05-11 13:30:00,2670,2670,2670,2670,24,2670.0,8299
2026-05-12 09:00:00,2780,2820,2735,2820,3055,2780.27,8299
2026-05-12 09:05:00,2815,2860,2800,2800,1115,2794.59,8299
2026-05-12 09:10:00,2800,2820,2780,2780,552,2794.94,8299
2026-05-12 09:15:00,2785,2785,2705,2725,893,2785.69,8299
2026-05-12 09:20:00,2725,2760,2720,2740,570,2781.64,8299
2026-05-12 09:25:00,2740,2740,2680,2720,640,2774.65,8299
2026-05-12 09:30:00,2725,2730,2695,2710,402,2771.33,8299
2026-05-12 09:35:00,2715,2730,2705,2725,164,2770.13,8299
2026-05-12 09:40:00,2720,2735,2690,2725,1107,2764.03,8299
2026-05-12 09:45:00,2730,2730,2705,2705,233,2762.9,8299
2026-05-12 09:50:00,2710,2730,2705,2720,142,2762.24,8299
2026-05-12 09:55:00,2720,2725,2710,2715,171,2761.36,8299
2026-05-12 10:00:00,2715,2715,2675,2685,356,2758.64,8299
2026-05-12 10:05:00,2685,2700,2670,2690,291,2756.24,8299
2026-05-12 10:10:00,2695,2730,2690,2730,192,2755.48,8299
2026-05-12 10:15:00,2720,2720,2700,2705,113,2754.93,8299
2026-05-12 10:20:00,2700,2710,2695,2700,73,2754.53,8299
2026-05-12 10:25:00,2705,2725,2705,2725,111,2754.13,8299
2026-05-12 10:30:00,2725,2730,2695,2700,182,2753.51,8299
2026-05-12 10:35:00,2700,2710,2690,2710,55,2753.22,8299
2026-05-12 10:40:00,2710,2715,2700,2710,100,2752.8,8299
2026-05-12 10:45:00,2705,2710,2690,2695,158,2751.97,8299
2026-05-12 10:50:00,2700,2720,2700,2715,42,2751.81,8299
2026-05-12 10:55:00,2715,2715,2685,2690,165,2751.01,8299
2026-05-12 11:00:00,2685,2690,2675,2675,153,2750.03,8299
2026-05-12 11:05:00,2680,2685,2675,2675,90,2749.44,8299
2026-05-12 11:10:00,2680,2680,2645,2645,404,2746.34,8299
2026-05-12 11:15:00,2645,2660,2645,2655,148,2745.13,8299
2026-05-12 11:20:00,2660,2685,2660,2685,109,2744.46,8299
2026-05-12 11:25:00,2685,2705,2680,2700,131,2743.92,8299
2026-05-12 11:30:00,2700,2710,2700,2700,62,2743.72,8299
2026-05-12 11:35:00,2700,2720,2700,2710,92,2743.47,8299
2026-05-12 11:40:00,2715,2725,2710,2720,195,2743.11,8299
2026-05-12 11:45:00,2715,2725,2715,2720,40,2743.03,8299
2026-05-12 11:50:00,2715,2720,2710,2710,56,2742.92,8299
2026-05-12 11:55:00,2710,2715,2705,2710,25,2742.85,8299
2026-05-12 12:00:00,2705,2715,2705,2705,31,2742.77,8299
2026-05-12 12:05:00,2705,2705,2695,2695,51,2742.59,8299
2026-05-12 12:10:00,2695,2705,2675,2705,104,2742.13,8299
2026-05-12 12:15:00,2700,2710,2680,2680,58,2741.9,8299
2026-05-12 12:20:00,2680,2705,2675,2705,50,2741.71,8299
2026-05-12 12:25:00,2705,2705,2695,2695,42,2741.57,8299
2026-05-12 12:30:00,2690,2695,2690,2695,23,2741.48,8299
2026-05-12 12:35:00,2690,2700,2690,2695,43,2741.32,8299
2026-05-12 12:40:00,2695,2700,2690,2695,41,2741.18,8299
2026-05-12 12:45:00,2700,2715,2700,2710,102,2740.91,8299
2026-05-12 12:50:00,2710,2720,2705,2710,115,2740.66,8299
2026-05-12 12:55:00,2715,2715,2705,2705,73,2740.5,8299
2026-05-12 13:00:00,2705,2755,2705,2755,505,2740.1,8299
2026-05-12 13:05:00,2755,2760,2740,2740,158,2740.23,8299
2026-05-12 13:10:00,2740,2745,2730,2740,169,2740.19,8299
2026-05-12 13:15:00,2740,2740,2730,2735,153,2740.14,8299
2026-05-12 13:20:00,2735,2735,2720,2730,244,2739.95,8299
2026-05-12 13:30:00,2725,2725,2725,2725,311,2739.64,8299
2026-05-13 09:00:00,2645,2660,2620,2660,907,2645.72,8299
2026-05-13 09:05:00,2660,2660,2610,2630,508,2640.21,8299
2026-05-13 09:10:00,2630,2645,2625,2625,129,2640.03,8299
2026-05-13 09:15:00,2625,2630,2600,2625,578,2631.91,8299
2026-05-13 09:20:00,2625,2640,2610,2610,183,2631.46,8299
2026-05-13 09:25:00,2605,2630,2585,2625,448,2626.81,8299
2026-05-13 09:30:00,2630,2660,2620,2620,339,2628.38,8299
2026-05-13 09:35:00,2620,2620,2605,2615,178,2627.47,8299
2026-05-13 09:40:00,2610,2615,2605,2610,105,2626.9,8299
2026-05-13 09:45:00,2605,2615,2595,2610,169,2625.66,8299
2026-05-13 09:50:00,2610,2635,2610,2620,136,2625.53,8299
2026-05-13 09:55:00,2615,2620,2590,2605,291,2623.5,8299
2026-05-13 10:00:00,2600,2605,2595,2600,118,2622.81,8299
2026-05-13 10:05:00,2595,2605,2595,2595,85,2622.3,8299
2026-05-13 10:10:00,2595,2595,2585,2595,97,2621.59,8299
2026-05-13 10:15:00,2595,2600,2580,2585,172,2620.3,8299
2026-05-13 10:20:00,2585,2590,2575,2575,212,2618.5,8299
2026-05-13 10:25:00,2575,2610,2575,2605,126,2617.88,8299
2026-05-13 10:30:00,2605,2605,2585,2585,121,2617.22,8299
2026-05-13 10:35:00,2585,2585,2575,2575,76,2616.63,8299
2026-05-13 10:40:00,2580,2580,2570,2575,91,2615.88,8299
2026-05-13 10:45:00,2570,2575,2565,2575,114,2614.87,8299
2026-05-13 10:50:00,2575,2575,2570,2575,59,2614.39,8299
2026-05-13 10:55:00,2575,2590,2575,2580,152,2613.55,8299
2026-05-13 11:00:00,2585,2585,2575,2575,50,2613.23,8299
2026-05-13 11:05:00,2580,2580,2575,2580,17,2613.11,8299
2026-05-13 11:10:00,2575,2580,2575,2580,42,2612.85,8299
2026-05-13 11:15:00,2585,2595,2580,2590,159,2612.17,8299
2026-05-13 11:20:00,2590,2605,2585,2600,319,2611.26,8299
2026-05-13 11:25:00,2605,2610,2600,2605,100,2611.12,8299
2026-05-13 11:30:00,2600,2605,2600,2605,50,2611.04,8299
2026-05-13 11:35:00,2605,2620,2605,2620,130,2611.05,8299
2026-05-13 11:40:00,2620,2620,2615,2620,75,2611.15,8299
2026-05-13 11:45:00,2620,2620,2610,2610,54,2611.19,8299
2026-05-13 11:50:00,2615,2615,2605,2605,48,2611.17,8299
2026-05-13 11:55:00,2600,2605,2600,2600,17,2611.14,8299
2026-05-13 12:00:00,2605,2605,2600,2605,37,2611.09,8299
2026-05-13 12:05:00,2610,2610,2605,2610,5,2611.09,8299
2026-05-13 12:10:00,2610,2610,2605,2605,33,2611.07,8299
2026-05-13 12:15:00,2600,2605,2595,2595,57,2610.96,8299
2026-05-13 12:20:00,2595,2600,2595,2600,17,2610.92,8299
2026-05-13 12:25:00,2600,2610,2600,2605,39,2610.88,8299
2026-05-13 12:30:00,2605,2615,2605,2615,65,2610.87,8299
2026-05-13 12:35:00,2615,2615,2595,2600,72,2610.81,8299
2026-05-13 12:40:00,2600,2600,2595,2595,23,2610.76,8299
2026-05-13 12:45:00,2595,2600,2595,2595,13,2610.74,8299
2026-05-13 12:50:00,2600,2600,2595,2595,62,2610.64,8299
2026-05-13 12:55:00,2595,2600,2595,2595,24,2610.58,8299
2026-05-13 13:00:00,2595,2610,2590,2605,195,2610.25,8299
2026-05-13 13:05:00,2605,2620,2605,2620,153,2610.32,8299
2026-05-13 13:10:00,2620,2625,2615,2620,207,2610.57,8299
2026-05-13 13:15:00,2620,2630,2615,2630,157,2610.81,8299
2026-05-13 13:20:00,2630,2635,2625,2635,238,2611.45,8299
2026-05-13 13:30:00,2620,2620,2620,2620,287,2611.75,8299
2026-05-14 09:00:00,2875,2880,2855,2880,2111,2876.49,8299
2026-05-14 09:05:00,2880,2880,2880,2880,156,2876.73,8299
2026-05-14 09:10:00,2880,2880,2880,2880,155,2876.94,8299
2026-05-14 09:15:00,2880,2880,2880,2880,83,2877.04,8299
2026-05-14 09:20:00,2880,2880,2880,2880,58,2877.11,8299
2026-05-14 09:25:00,2880,2880,2880,2880,14,2877.13,8299
2026-05-14 09:30:00,2880,2880,2880,2880,27,2877.16,8299
2026-05-14 09:35:00,2880,2880,2880,2880,26,2877.18,8299
2026-05-14 09:40:00,2880,2880,2880,2880,236,2877.42,8299
2026-05-14 09:45:00,2880,2880,2820,2880,2575,2874.31,8299
2026-05-14 09:50:00,2880,2880,2850,2860,448,2874.1,8299
2026-05-14 09:55:00,2860,2875,2825,2845,627,2871.24,8299
2026-05-14 10:00:00,2845,2865,2815,2865,326,2869.5,8299
2026-05-14 10:05:00,2865,2870,2860,2865,116,2869.43,8299
2026-05-14 10:10:00,2870,2875,2855,2865,146,2869.36,8299
2026-05-14 10:15:00,2870,2870,2860,2865,44,2869.35,8299
2026-05-14 10:20:00,2870,2875,2860,2860,97,2869.31,8299
2026-05-14 10:25:00,2865,2875,2865,2865,105,2869.3,8299
2026-05-14 10:30:00,2865,2870,2860,2865,58,2869.26,8299
2026-05-14 10:35:00,2870,2875,2865,2875,93,2869.28,8299
2026-05-14 10:40:00,2875,2875,2860,2860,50,2869.28,8299
2026-05-14 10:45:00,2860,2870,2855,2855,87,2869.16,8299
2026-05-14 10:50:00,2850,2855,2845,2855,72,2868.99,8299
2026-05-14 10:55:00,2860,2860,2850,2855,37,2868.92,8299
2026-05-14 11:00:00,2850,2850,2835,2835,110,2868.53,8299
2026-05-14 11:05:00,2835,2840,2835,2840,74,2868.24,8299
2026-05-14 11:10:00,2840,2850,2840,2845,32,2868.14,8299
2026-05-14 11:15:00,2850,2850,2840,2845,51,2867.98,8299
2026-05-14 11:20:00,2850,2860,2845,2860,46,2867.89,8299
2026-05-14 11:25:00,2860,2880,2860,2880,762,2868.73,8299
2026-05-14 11:30:00,2880,2880,2880,2880,49,2868.79,8299
2026-05-14 11:35:00,2880,2880,2880,2880,13,2868.81,8299
2026-05-14 11:40:00,2880,2880,2880,2880,10,2868.82,8299
2026-05-14 11:45:00,2880,2880,2880,2880,8,2868.83,8299
2026-05-14 11:50:00,2880,2880,2880,2880,5,2868.84,8299
2026-05-14 11:55:00,2880,2880,2880,2880,9,2868.85,8299
2026-05-14 12:00:00,2880,2880,2880,2880,7,2868.86,8299
2026-05-14 12:05:00,2880,2880,2880,2880,8,2868.87,8299
2026-05-14 12:10:00,2880,2880,2880,2880,100,2868.99,8299
2026-05-14 12:15:00,2880,2880,2880,2880,6,2869.0,8299
2026-05-14 12:20:00,2880,2880,2880,2880,5,2869.0,8299
2026-05-14 12:25:00,2880,2880,2880,2880,2,2869.01,8299
2026-05-14 12:30:00,2880,2880,2880,2880,11,2869.02,8299
2026-05-14 12:35:00,2880,2880,2880,2880,6,2869.03,8299
2026-05-14 12:40:00,2880,2880,2880,2880,1,2869.03,8299
2026-05-14 12:45:00,2880,2880,2880,2880,3,2869.03,8299
2026-05-14 12:55:00,2880,2880,2880,2880,5,2869.04,8299
2026-05-14 13:00:00,2880,2880,2880,2880,4,2869.04,8299
2026-05-14 13:05:00,2880,2880,2880,2880,13,2869.06,8299
2026-05-14 13:10:00,2880,2880,2880,2880,7,2869.07,8299
2026-05-14 13:15:00,2880,2880,2880,2880,9,2869.08,8299
2026-05-14 13:20:00,2880,2880,2880,2880,18,2869.1,8299
2026-05-14 13:30:00,2880,2880,2880,2880,41,2869.15,8299
2026-05-15 09:00:00,2850,2850,2790,2815,1507,2828.8,8299
2026-05-15 09:05:00,2815,2835,2750,2785,882,2814.37,8299
2026-05-15 09:10:00,2780,2820,2780,2810,476,2812.18,8299
2026-05-15 09:15:00,2810,2835,2810,2815,434,2813.51,8299
2026-05-15 09:20:00,2820,2820,2780,2790,290,2812.14,8299
2026-05-15 09:25:00,2785,2810,2785,2795,185,2811.42,8299
2026-05-15 09:30:00,2795,2795,2755,2780,525,2806.42,8299
2026-05-15 09:35:00,2780,2795,2780,2790,134,2805.95,8299
2026-05-15 09:40:00,2790,2795,2760,2765,263,2804.11,8299
2026-05-15 09:45:00,2765,2770,2750,2755,350,2800.88,8299
2026-05-15 09:50:00,2760,2765,2740,2745,314,2797.95,8299
2026-05-15 09:55:00,2745,2755,2715,2725,432,2792.92,8299
2026-05-15 10:00:00,2725,2755,2725,2750,237,2790.61,8299
2026-05-15 10:05:00,2755,2760,2715,2735,195,2788.81,8299
2026-05-15 10:10:00,2730,2760,2725,2760,95,2788.09,8299
2026-05-15 10:15:00,2760,2760,2740,2750,120,2787.38,8299
2026-05-15 10:20:00,2745,2775,2740,2775,207,2786.49,8299
2026-05-15 10:25:00,2775,2775,2745,2745,126,2786.1,8299
2026-05-15 10:30:00,2745,2755,2740,2755,52,2785.82,8299
2026-05-15 10:35:00,2755,2765,2750,2760,61,2785.57,8299
2026-05-15 10:40:00,2760,2780,2760,2780,140,2785.31,8299
2026-05-15 10:45:00,2780,2790,2765,2780,262,2785.07,8299
2026-05-15 10:50:00,2780,2780,2770,2780,59,2784.99,8299
2026-05-15 10:55:00,2775,2775,2760,2770,148,2784.63,8299
2026-05-15 11:00:00,2770,2775,2755,2760,47,2784.5,8299
2026-05-15 11:05:00,2760,2760,2750,2750,63,2784.24,8299
2026-05-15 11:10:00,2750,2755,2745,2750,61,2783.95,8299
2026-05-15 11:15:00,2750,2750,2740,2745,35,2783.78,8299
2026-05-15 11:20:00,2740,2740,2735,2740,79,2783.32,8299
2026-05-15 11:25:00,2735,2745,2735,2740,41,2783.1,8299
2026-05-15 11:30:00,2740,2740,2720,2720,246,2781.4,8299
2026-05-15 11:35:00,2720,2725,2715,2725,107,2780.59,8299
2026-05-15 11:40:00,2725,2735,2725,2725,90,2780.03,8299
2026-05-15 11:45:00,2725,2730,2720,2730,47,2779.71,8299
2026-05-15 11:50:00,2730,2735,2725,2735,65,2779.32,8299
2026-05-15 11:55:00,2735,2735,2730,2730,36,2779.12,8299
2026-05-15 12:00:00,2730,2730,2720,2725,42,2778.85,8299
2026-05-15 12:05:00,2725,2735,2720,2730,79,2778.38,8299
2026-05-15 12:10:00,2730,2730,2705,2710,286,2776.37,8299
2026-05-15 12:15:00,2715,2715,2710,2710,88,2775.74,8299
2026-05-15 12:20:00,2710,2715,2700,2700,176,2774.36,8299
2026-05-15 12:25:00,2700,2710,2685,2695,219,2772.47,8299
2026-05-15 12:30:00,2695,2705,2685,2705,80,2771.8,8299
2026-05-15 12:35:00,2705,2705,2690,2700,72,2771.22,8299
2026-05-15 12:40:00,2700,2705,2695,2700,79,2770.64,8299
2026-05-15 12:45:00,2700,2700,2680,2685,124,2769.57,8299
2026-05-15 12:50:00,2685,2690,2675,2675,193,2767.84,8299
2026-05-15 12:55:00,2680,2680,2670,2670,172,2766.27,8299
2026-05-15 13:00:00,2670,2675,2655,2670,249,2763.81,8299
2026-05-15 13:05:00,2675,2680,2655,2665,240,2761.54,8299
2026-05-15 13:10:00,2670,2695,2670,2680,152,2760.42,8299
2026-05-15 13:15:00,2685,2685,2670,2675,135,2759.39,8299
2026-05-15 13:20:00,2670,2675,2650,2660,449,2755.48,8299
2026-05-15 13:30:00,2650,2650,2650,2650,320,2752.57,8299
2026-05-18 09:00:00,2585,2675,2570,2660,1162,2618.26,8299
2026-05-18 09:05:00,2660,2665,2590,2610,440,2621.59,8299
2026-05-18 09:10:00,2610,2650,2590,2640,491,2619.25,8299
2026-05-18 09:15:00,2635,2695,2620,2695,565,2628.74,8299
2026-05-18 09:20:00,2690,2695,2645,2645,348,2632.5,8299
2026-05-18 09:25:00,2645,2660,2640,2645,152,2633.39,8299
2026-05-18 09:30:00,2645,2650,2605,2610,292,2633.01,8299
2026-05-18 09:35:00,2610,2630,2605,2630,229,2631.67,8299
2026-05-18 09:40:00,2635,2640,2625,2630,70,2631.74,8299
2026-05-18 09:45:00,2630,2635,2600,2625,150,2630.92,8299
2026-05-18 09:50:00,2630,2660,2630,2655,110,2631.42,8299
2026-05-18 09:55:00,2660,2665,2650,2655,115,2632.06,8299
2026-05-18 10:00:00,2655,2670,2655,2670,104,2632.84,8299
2026-05-18 10:05:00,2670,2670,2660,2670,78,2633.42,8299
2026-05-18 10:10:00,2670,2690,2660,2690,196,2635.31,8299
2026-05-18 10:15:00,2690,2715,2685,2710,270,2638.93,8299
2026-05-18 10:20:00,2705,2710,2685,2695,154,2640.82,8299
2026-05-18 10:25:00,2695,2715,2690,2715,100,2642.09,8299
2026-05-18 10:30:00,2710,2730,2710,2730,128,2644.0,8299
2026-05-18 10:35:00,2730,2730,2700,2700,160,2646.2,8299
2026-05-18 10:40:00,2700,2725,2700,2725,80,2647.24,8299
2026-05-18 10:45:00,2725,2730,2710,2710,99,2648.48,8299
2026-05-18 10:50:00,2705,2710,2690,2690,81,2649.22,8299
2026-05-18 10:55:00,2690,2705,2690,2700,75,2649.88,8299
2026-05-18 11:00:00,2700,2715,2695,2705,96,2650.85,8299
2026-05-18 11:05:00,2710,2720,2710,2715,35,2651.24,8299
2026-05-18 11:10:00,2715,2715,2695,2700,45,2651.66,8299
2026-05-18 11:15:00,2695,2705,2695,2705,21,2651.83,8299
2026-05-18 11:20:00,2700,2705,2680,2680,108,2652.56,8299
2026-05-18 11:25:00,2680,2685,2675,2685,104,2653.03,8299
2026-05-18 11:30:00,2680,2685,2675,2680,33,2653.18,8299
2026-05-18 11:35:00,2685,2690,2685,2690,46,2653.44,8299
2026-05-18 11:40:00,2690,2695,2685,2695,13,2653.52,8299
2026-05-18 11:45:00,2690,2695,2675,2680,105,2654.01,8299
2026-05-18 11:50:00,2680,2690,2680,2685,26,2654.14,8299
2026-05-18 11:55:00,2690,2695,2680,2690,23,2654.26,8299
2026-05-18 12:00:00,2690,2690,2685,2685,11,2654.32,8299
2026-05-18 12:05:00,2685,2695,2685,2690,36,2654.53,8299
2026-05-18 12:10:00,2695,2715,2695,2715,63,2655.03,8299
2026-05-18 12:15:00,2710,2710,2700,2700,33,2655.29,8299
2026-05-18 12:20:00,2700,2700,2690,2690,30,2655.49,8299
2026-05-18 12:25:00,2690,2690,2685,2685,61,2655.78,8299
2026-05-18 12:30:00,2690,2690,2685,2685,8,2655.82,8299
2026-05-18 12:35:00,2690,2700,2690,2700,36,2656.03,8299
2026-05-18 12:40:00,2700,2730,2700,2725,219,2657.94,8299
2026-05-18 12:45:00,2725,2745,2725,2735,241,2660.62,8299
2026-05-18 12:50:00,2735,2735,2730,2730,54,2661.18,8299
2026-05-18 12:55:00,2730,2740,2725,2740,91,2662.12,8299
2026-05-18 13:00:00,2745,2755,2740,2745,182,2664.24,8299
2026-05-18 13:05:00,2745,2750,2735,2740,62,2664.89,8299
2026-05-18 13:10:00,2745,2745,2735,2740,45,2665.35,8299
2026-05-18 13:15:00,2740,2740,2725,2730,100,2666.25,8299
2026-05-18 13:20:00,2730,2735,2720,2735,155,2667.46,8299
2026-05-18 13:30:00,2735,2735,2735,2735,205,2669.2,8299
2026-05-19 09:00:00,2605,2615,2570,2585,1406,2591.43,8299
2026-05-19 09:05:00,2585,2595,2550,2570,765,2585.21,8299
2026-05-19 09:10:00,2575,2595,2560,2580,403,2584.13,8299
2026-05-19 09:15:00,2580,2585,2540,2540,688,2578.1,8299
2026-05-19 09:20:00,2540,2540,2510,2525,622,2569.71,8299
2026-05-19 09:25:00,2525,2535,2515,2525,293,2566.33,8299
2026-05-19 09:30:00,2525,2525,2510,2520,235,2563.77,8299
2026-05-19 09:35:00,2525,2530,2520,2530,225,2561.91,8299
2026-05-19 09:40:00,2530,2530,2510,2510,261,2559.43,8299
2026-05-19 09:45:00,2510,2510,2465,2470,1103,2545.56,8299
2026-05-19 09:50:00,2470,2475,2465,2465,489,2539.75,8299
2026-05-19 09:55:00,2465,2470,2465,2465,530,2534.11,8299
2026-05-19 10:00:00,2465,2465,2465,2465,82,2533.31,8299
2026-05-19 10:05:00,2465,2465,2465,2465,82,2532.53,8299
2026-05-19 10:10:00,2465,2465,2465,2465,42,2532.14,8299
2026-05-19 10:15:00,2465,2465,2465,2465,40,2531.77,8299
2026-05-19 10:20:00,2465,2465,2465,2465,20,2531.59,8299
2026-05-19 10:25:00,2465,2465,2465,2465,36,2531.26,8299
2026-05-19 10:30:00,2465,2465,2465,2465,15,2531.12,8299
2026-05-19 10:35:00,2465,2465,2465,2465,43,2530.74,8299
2026-05-19 10:40:00,2465,2465,2465,2465,23,2530.53,8299
2026-05-19 10:45:00,2465,2465,2465,2465,46,2530.13,8299
2026-05-19 10:50:00,2465,2465,2465,2465,14,2530.01,8299
2026-05-19 10:55:00,2465,2465,2465,2465,28,2529.76,8299
2026-05-19 11:00:00,2465,2465,2465,2465,17,2529.62,8299
2026-05-19 11:05:00,2465,2465,2465,2465,43,2529.25,8299
2026-05-19 11:10:00,2465,2465,2465,2465,28,2529.01,8299
2026-05-19 11:15:00,2465,2465,2465,2465,21,2528.83,8299
2026-05-19 11:20:00,2465,2465,2465,2465,3,2528.81,8299
2026-05-19 11:25:00,2465,2465,2465,2465,5,2528.77,8299
2026-05-19 11:30:00,2465,2465,2465,2465,8,2528.7,8299
2026-05-19 11:35:00,2465,2465,2465,2465,9,2528.62,8299
2026-05-19 11:40:00,2465,2465,2465,2465,21,2528.45,8299
2026-05-19 11:45:00,2465,2465,2465,2465,6,2528.4,8299
2026-05-19 11:50:00,2465,2465,2465,2465,10,2528.32,8299
2026-05-19 11:55:00,2465,2465,2465,2465,2,2528.3,8299
2026-05-19 12:00:00,2465,2465,2465,2465,13,2528.19,8299
2026-05-19 12:05:00,2465,2465,2465,2465,9,2528.12,8299
2026-05-19 12:10:00,2465,2465,2465,2465,20,2527.96,8299
2026-05-19 12:15:00,2465,2465,2465,2465,5,2527.92,8299
2026-05-19 12:20:00,2465,2465,2465,2465,22,2527.74,8299
2026-05-19 12:25:00,2465,2465,2465,2465,17,2527.6,8299
2026-05-19 12:30:00,2465,2465,2465,2465,16,2527.47,8299
2026-05-19 12:35:00,2465,2465,2465,2465,7,2527.41,8299
2026-05-19 12:40:00,2465,2465,2465,2465,1,2527.41,8299
2026-05-19 12:45:00,2465,2465,2465,2465,5,2527.37,8299
2026-05-19 12:50:00,2465,2465,2465,2465,5,2527.33,8299
2026-05-19 12:55:00,2465,2465,2465,2465,10,2527.25,8299
2026-05-19 13:00:00,2465,2465,2465,2465,10,2527.17,8299
2026-05-19 13:05:00,2465,2465,2465,2465,26,2526.96,8299
2026-05-19 13:10:00,2465,2465,2465,2465,13,2526.86,8299
2026-05-19 13:15:00,2465,2465,2465,2465,16,2526.73,8299
2026-05-19 13:20:00,2465,2465,2465,2465,11,2526.64,8299
2026-05-19 13:30:00,2465,2465,2465,2465,35,2526.37,8299
2026-05-20 09:00:00,2450,2480,2430,2440,1313,2454.19,8299
2026-05-20 09:05:00,2440,2450,2410,2430,420,2448.93,8299
2026-05-20 09:10:00,2435,2455,2430,2440,185,2448.2,8299
2026-05-20 09:15:00,2445,2445,2430,2435,115,2447.65,8299
2026-05-20 09:20:00,2435,2440,2410,2410,277,2444.78,8299
2026-05-20 09:25:00,2410,2410,2350,2350,707,2430.24,8299
2026-05-20 09:30:00,2350,2385,2335,2375,527,2419.19,8299
2026-05-20 09:35:00,2375,2435,2365,2410,345,2418.01,8299
2026-05-20 09:40:00,2405,2440,2395,2435,232,2418.26,8299
2026-05-20 09:45:00,2435,2450,2415,2420,201,2419.02,8299
2026-05-20 09:50:00,2420,2420,2380,2390,250,2417.66,8299
2026-05-20 09:55:00,2385,2405,2365,2395,315,2415.26,8299
2026-05-20 10:00:00,2390,2390,2370,2370,138,2414.19,8299
2026-05-20 10:05:00,2370,2370,2360,2365,104,2413.23,8299
2026-05-20 10:10:00,2365,2380,2365,2370,92,2412.51,8299
2026-05-20 10:15:00,2375,2390,2375,2385,83,2412.01,8299
2026-05-20 10:20:00,2380,2385,2375,2375,68,2411.6,8299
2026-05-20 10:25:00,2375,2390,2370,2375,125,2410.93,8299
2026-05-20 10:30:00,2375,2385,2355,2375,213,2409.38,8299
2026-05-20 10:35:00,2385,2400,2345,2345,521,2405.3,8299
2026-05-20 10:40:00,2350,2360,2345,2350,107,2404.39,8299
2026-05-20 10:45:00,2350,2380,2345,2380,178,2403.4,8299
2026-05-20 10:50:00,2380,2380,2365,2365,74,2403.02,8299
2026-05-20 10:55:00,2360,2360,2350,2350,102,2402.27,8299
2026-05-20 11:00:00,2350,2360,2345,2360,82,2401.66,8299
2026-05-20 11:05:00,2360,2375,2355,2355,65,2401.32,8299
2026-05-20 11:10:00,2355,2360,2345,2360,87,2400.7,8299
2026-05-20 11:15:00,2360,2375,2350,2370,153,2400.0,8299
2026-05-20 11:20:00,2370,2370,2355,2355,68,2399.6,8299
2026-05-20 11:25:00,2350,2360,2350,2350,84,2399.06,8299
2026-05-20 11:30:00,2350,2350,2340,2345,98,2398.34,8299
2026-05-20 11:35:00,2340,2345,2330,2330,301,2395.86,8299
2026-05-20 11:40:00,2330,2330,2315,2330,174,2394.25,8299
2026-05-20 11:45:00,2330,2335,2325,2330,57,2393.78,8299
2026-05-20 11:50:00,2330,2340,2330,2335,59,2393.34,8299
2026-05-20 11:55:00,2335,2340,2330,2335,45,2393.01,8299
2026-05-20 12:00:00,2335,2340,2320,2320,109,2392.15,8299
2026-05-20 12:05:00,2320,2330,2320,2325,57,2391.67,8299
2026-05-20 12:10:00,2330,2340,2325,2335,67,2391.18,8299
2026-05-20 12:15:00,2335,2340,2330,2340,75,2390.68,8299
2026-05-20 12:20:00,2340,2340,2330,2330,88,2390.1,8299
2026-05-20 12:25:00,2325,2330,2315,2315,108,2389.22,8299
2026-05-20 12:30:00,2320,2320,2295,2295,297,2386.39,8299
2026-05-20 12:35:00,2295,2295,2280,2285,328,2382.74,8299
2026-05-20 12:40:00,2285,2290,2275,2285,240,2380.17,8299
2026-05-20 12:45:00,2285,2290,2270,2270,197,2378.01,8299
2026-05-20 12:50:00,2270,2275,2260,2265,288,2374.78,8299
2026-05-20 12:55:00,2265,2265,2250,2260,448,2369.66,8299
2026-05-20 13:00:00,2255,2260,2250,2250,360,2365.79,8299
2026-05-20 13:05:00,2250,2280,2250,2270,356,2362.55,8299
2026-05-20 13:10:00,2270,2280,2265,2265,276,2360.32,8299
2026-05-20 13:15:00,2265,2270,2255,2260,284,2357.89,8299
2026-05-20 13:20:00,2265,2265,2250,2260,399,2354.59,8299
2026-05-20 13:30:00,2265,2265,2265,2265,488,2351.07,8299
2026-05-21 09:00:00,2380,2395,2335,2350,938,2371.5,8299
2026-05-21 09:05:00,2350,2365,2305,2325,615,2356.6,8299
2026-05-21 09:10:00,2325,2345,2325,2345,241,2353.65,8299
2026-05-21 09:15:00,2345,2360,2340,2345,253,2353.36,8299
2026-05-21 09:20:00,2345,2345,2330,2335,119,2352.45,8299
2026-05-21 09:25:00,2340,2350,2335,2335,124,2351.94,8299
2026-05-21 09:30:00,2340,2350,2335,2340,153,2351.22,8299
2026-05-21 09:35:00,2345,2355,2345,2350,116,2351.17,8299
2026-05-21 09:40:00,2350,2370,2345,2350,259,2352.04,8299
2026-05-21 09:45:00,2350,2370,2350,2350,173,2352.35,8299
2026-05-21 09:50:00,2350,2360,2345,2355,100,2352.35,8299
2026-05-21 09:55:00,2355,2355,2345,2350,45,2352.34,8299
2026-05-21 10:00:00,2355,2375,2355,2375,149,2352.93,8299
2026-05-21 10:05:00,2375,2375,2355,2375,145,2353.6,8299
2026-05-21 10:10:00,2375,2375,2360,2370,91,2354.0,8299
2026-05-21 10:15:00,2370,2385,2370,2385,196,2355.19,8299
2026-05-21 10:20:00,2385,2425,2380,2405,450,2360.33,8299
2026-05-21 10:25:00,2405,2415,2390,2395,182,2361.96,8299
2026-05-21 10:30:00,2395,2395,2365,2365,197,2362.7,8299
2026-05-21 10:35:00,2365,2370,2360,2365,87,2362.76,8299
2026-05-21 10:40:00,2365,2365,2360,2365,83,2362.75,8299
2026-05-21 10:45:00,2365,2375,2365,2370,31,2362.8,8299
2026-05-21 10:50:00,2370,2375,2360,2360,62,2362.82,8299
2026-05-21 10:55:00,2360,2375,2355,2375,68,2362.83,8299
2026-05-21 11:00:00,2370,2380,2365,2365,33,2362.9,8299
2026-05-21 11:05:00,2370,2370,2360,2360,28,2362.92,8299
2026-05-21 11:10:00,2360,2365,2360,2360,40,2362.89,8299
2026-05-21 11:15:00,2355,2355,2340,2345,239,2362.22,8299
2026-05-21 11:20:00,2345,2350,2340,2340,44,2362.09,8299
2026-05-21 11:25:00,2340,2345,2335,2340,58,2361.85,8299
2026-05-21 11:30:00,2345,2355,2345,2345,84,2361.68,8299
2026-05-21 11:35:00,2350,2350,2345,2345,23,2361.63,8299
2026-05-21 11:40:00,2345,2360,2345,2355,90,2361.45,8299
2026-05-21 11:45:00,2355,2360,2350,2360,39,2361.41,8299
2026-05-21 11:50:00,2360,2360,2355,2360,36,2361.39,8299
2026-05-21 11:55:00,2360,2365,2355,2355,51,2361.4,8299
2026-05-21 12:00:00,2360,2370,2355,2360,74,2361.42,8299
2026-05-21 12:05:00,2360,2365,2355,2355,25,2361.42,8299
2026-05-21 12:10:00,2360,2360,2355,2355,14,2361.41,8299
2026-05-21 12:15:00,2355,2360,2355,2360,35,2361.39,8299
2026-05-21 12:20:00,2360,2365,2360,2365,20,2361.4,8299
2026-05-21 12:25:00,2365,2375,2360,2370,122,2361.55,8299
2026-05-21 12:30:00,2370,2370,2360,2365,58,2361.61,8299
2026-05-21 12:35:00,2365,2375,2365,2370,42,2361.67,8299
2026-05-21 12:40:00,2365,2370,2360,2360,18,2361.67,8299
2026-05-21 12:45:00,2365,2365,2355,2355,36,2361.66,8299
2026-05-21 12:50:00,2355,2360,2350,2355,47,2361.6,8299
2026-05-21 12:55:00,2355,2365,2355,2365,84,2361.61,8299
2026-05-21 13:00:00,2365,2365,2350,2355,53,2361.59,8299
2026-05-21 13:05:00,2355,2355,2350,2350,23,2361.55,8299
2026-05-21 13:10:00,2350,2355,2345,2350,75,2361.41,8299
2026-05-21 13:15:00,2345,2355,2345,2350,114,2361.18,8299
2026-05-21 13:20:00,2350,2350,2340,2345,182,2360.72,8299
2026-05-21 13:30:00,2335,2335,2335,2335,310,2359.58,8299
2026-05-22 09:00:00,2425,2450,2415,2440,716,2435.2,8299
2026-05-22 09:05:00,2435,2435,2400,2420,383,2426.92,8299
2026-05-22 09:10:00,2420,2440,2415,2420,209,2427.1,8299
2026-05-22 09:15:00,2420,2435,2410,2425,136,2426.79,8299
2026-05-22 09:20:00,2430,2430,2400,2405,251,2424.68,8299
2026-05-22 09:25:00,2410,2430,2405,2425,165,2424.3,8299
2026-05-22 09:30:00,2425,2455,2420,2435,406,2427.44,8299
2026-05-22 09:35:00,2435,2455,2430,2450,139,2428.61,8299
2026-05-22 09:40:00,2455,2465,2450,2460,192,2430.79,8299
2026-05-22 09:45:00,2460,2470,2440,2470,246,2433.04,8299
2026-05-22 09:50:00,2470,2480,2465,2465,196,2435.53,8299
2026-05-22 09:55:00,2460,2465,2460,2465,81,2436.25,8299
2026-05-22 10:00:00,2460,2460,2455,2460,70,2436.74,8299
2026-05-22 10:05:00,2460,2460,2455,2460,25,2436.91,8299
2026-05-22 10:10:00,2460,2470,2455,2460,104,2437.67,8299
2026-05-22 10:15:00,2460,2460,2450,2460,22,2437.79,8299
2026-05-22 10:20:00,2460,2475,2460,2475,75,2438.43,8299
2026-05-22 10:25:00,2475,2475,2465,2470,76,2439.12,8299
2026-05-22 10:30:00,2465,2470,2465,2470,33,2439.38,8299
2026-05-22 10:35:00,2470,2480,2465,2480,96,2440.23,8299
2026-05-22 10:40:00,2475,2480,2470,2470,42,2440.64,8299
2026-05-22 10:45:00,2470,2470,2460,2460,74,2441.07,8299
2026-05-22 10:50:00,2465,2470,2460,2470,30,2441.26,8299
2026-05-22 10:55:00,2465,2465,2455,2455,79,2441.61,8299
2026-05-22 11:00:00,2455,2455,2450,2450,89,2441.81,8299
2026-05-22 11:05:00,2450,2450,2430,2430,151,2441.72,8299
2026-05-22 11:10:00,2435,2450,2430,2450,66,2441.64,8299
2026-05-22 11:15:00,2450,2450,2445,2445,18,2441.66,8299
2026-05-22 11:20:00,2445,2445,2440,2440,20,2441.66,8299
2026-05-22 11:25:00,2440,2465,2440,2465,71,2441.83,8299
2026-05-22 11:30:00,2460,2465,2460,2460,20,2441.92,8299
2026-05-22 11:35:00,2460,2465,2460,2465,26,2442.03,8299
2026-05-22 11:40:00,2465,2465,2460,2460,39,2442.2,8299
2026-05-22 11:45:00,2460,2460,2460,2460,9,2442.24,8299
2026-05-22 11:50:00,2455,2460,2455,2455,14,2442.28,8299
2026-05-22 11:55:00,2455,2455,2455,2455,23,2442.35,8299
2026-05-22 12:00:00,2455,2455,2455,2455,19,2442.4,8299
2026-05-22 12:05:00,2455,2455,2435,2435,95,2442.47,8299
2026-05-22 12:10:00,2435,2440,2425,2440,130,2442.2,8299
2026-05-22 12:15:00,2440,2445,2430,2430,45,2442.16,8299
2026-05-22 12:20:00,2430,2435,2430,2430,15,2442.12,8299
2026-05-22 12:25:00,2430,2435,2430,2430,23,2442.08,8299
2026-05-22 12:30:00,2435,2435,2425,2425,51,2441.96,8299
2026-05-22 12:35:00,2425,2430,2425,2425,30,2441.87,8299
2026-05-22 12:40:00,2430,2430,2425,2425,48,2441.74,8299
2026-05-22 12:45:00,2425,2430,2420,2425,60,2441.54,8299
2026-05-22 12:50:00,2425,2430,2420,2430,71,2441.34,8299
2026-05-22 12:55:00,2430,2435,2430,2435,27,2441.28,8299
2026-05-22 13:00:00,2430,2435,2430,2435,48,2441.2,8299
2026-05-22 13:05:00,2435,2440,2430,2440,60,2441.14,8299
2026-05-22 13:10:00,2435,2440,2430,2435,33,2441.1,8299
2026-05-22 13:15:00,2435,2435,2430,2435,46,2441.03,8299
2026-05-22 13:20:00,2435,2435,2425,2425,162,2440.72,8299
2026-05-22 13:30:00,2430,2430,2430,2430,223,2440.29,8299
2026-05-25 09:00:00,2450,2450,2365,2365,821,2403.78,8299
2026-05-25 09:05:00,2365,2380,2320,2375,880,2373.95,8299
2026-05-25 09:10:00,2375,2455,2375,2455,579,2384.39,8299
2026-05-25 09:15:00,2455,2495,2455,2475,597,2404.15,8299
2026-05-25 09:20:00,2475,2540,2465,2525,598,2421.92,8299
2026-05-25 09:25:00,2530,2530,2505,2510,175,2426.24,8299
2026-05-25 09:30:00,2510,2510,2490,2490,237,2430.77,8299
2026-05-25 09:35:00,2490,2510,2490,2505,135,2433.05,8299
2026-05-25 09:40:00,2500,2510,2490,2495,152,2435.43,8299
2026-05-25 09:45:00,2495,2495,2465,2465,251,2437.91,8299
2026-05-25 09:50:00,2465,2470,2460,2460,114,2438.55,8299
2026-05-25 09:55:00,2455,2460,2420,2440,391,2438.68,8299
2026-05-25 10:00:00,2445,2445,2430,2435,184,2438.64,8299
2026-05-25 10:05:00,2435,2465,2435,2460,169,2439.14,8299
2026-05-25 10:10:00,2460,2460,2450,2460,65,2439.33,8299
2026-05-25 10:15:00,2460,2465,2445,2460,72,2439.53,8299
2026-05-25 10:20:00,2455,2455,2445,2455,39,2439.62,8299
2026-05-25 10:25:00,2455,2475,2445,2475,103,2440.07,8299
2026-05-25 10:30:00,2465,2490,2465,2490,109,2440.85,8299
2026-05-25 10:35:00,2490,2490,2475,2475,65,2441.34,8299
2026-05-25 10:40:00,2475,2480,2470,2475,30,2441.51,8299
2026-05-25 10:45:00,2475,2475,2470,2475,28,2441.65,8299
2026-05-25 10:50:00,2475,2495,2475,2480,122,2442.54,8299
2026-05-25 10:55:00,2480,2480,2475,2475,9,2442.59,8299
2026-05-25 11:00:00,2470,2475,2470,2475,26,2442.73,8299
2026-05-25 11:05:00,2475,2475,2465,2465,36,2442.88,8299
2026-05-25 11:10:00,2470,2475,2465,2470,15,2442.95,8299
2026-05-25 11:15:00,2470,2475,2470,2470,8,2442.99,8299
2026-05-25 11:20:00,2470,2480,2470,2470,43,2443.22,8299
2026-05-25 11:25:00,2470,2480,2470,2480,35,2443.39,8299
2026-05-25 11:30:00,2480,2485,2480,2485,45,2443.69,8299
2026-05-25 11:35:00,2480,2495,2480,2495,52,2444.06,8299
2026-05-25 11:40:00,2495,2495,2485,2485,28,2444.27,8299
2026-05-25 11:45:00,2485,2490,2475,2480,42,2444.52,8299
2026-05-25 11:50:00,2480,2480,2475,2480,29,2444.68,8299
2026-05-25 11:55:00,2480,2480,2475,2475,15,2444.76,8299
2026-05-25 12:00:00,2475,2480,2475,2480,12,2444.82,8299
2026-05-25 12:05:00,2475,2480,2475,2475,20,2444.93,8299
2026-05-25 12:10:00,2480,2480,2470,2475,24,2445.04,8299
2026-05-25 12:15:00,2475,2475,2470,2470,13,2445.09,8299
2026-05-25 12:20:00,2470,2475,2470,2470,21,2445.18,8299
2026-05-25 12:25:00,2470,2490,2470,2485,59,2445.51,8299
2026-05-25 12:30:00,2485,2490,2480,2480,28,2445.68,8299
2026-05-25 12:35:00,2485,2485,2480,2480,18,2445.78,8299
2026-05-25 12:40:00,2480,2490,2480,2485,48,2446.07,8299
2026-05-25 12:45:00,2490,2490,2480,2480,21,2446.19,8299
2026-05-25 12:50:00,2480,2485,2475,2480,33,2446.36,8299
2026-05-25 12:55:00,2480,2480,2475,2480,20,2446.46,8299
2026-05-25 13:00:00,2480,2480,2465,2465,98,2446.83,8299
2026-05-25 13:05:00,2470,2470,2460,2470,91,2447.08,8299
2026-05-25 13:10:00,2470,2475,2465,2475,88,2447.37,8299
2026-05-25 13:15:00,2475,2475,2470,2475,92,2447.72,8299
2026-05-25 13:20:00,2475,2480,2470,2470,138,2448.18,8299
2026-05-25 13:30:00,2480,2480,2480,2480,214,2449.11,8299
2026-05-26 09:00:00,2510,2545,2485,2510,557,2518.81,8299
2026-05-26 09:05:00,2510,2515,2465,2475,406,2506.02,8299
2026-05-26 09:10:00,2475,2485,2440,2475,418,2491.62,8299
2026-05-26 09:15:00,2475,2485,2470,2485,151,2490.34,8299
2026-05-26 09:20:00,2485,2500,2480,2495,163,2490.44,8299
2026-05-26 09:25:00,2495,2575,2490,2565,725,2505.52,8299
2026-05-26 09:30:00,2565,2590,2555,2570,593,2518.79,8299
2026-05-26 09:35:00,2570,2570,2515,2515,305,2520.83,8299
2026-05-26 09:40:00,2515,2530,2500,2530,321,2520.1,8299
2026-05-26 09:45:00,2525,2545,2515,2540,137,2520.49,8299
2026-05-26 09:50:00,2535,2540,2520,2525,105,2520.77,8299
2026-05-26 09:55:00,2530,2540,2515,2540,93,2520.96,8299
2026-05-26 10:00:00,2535,2545,2530,2540,67,2521.3,8299
2026-05-26 10:05:00,2535,2555,2535,2550,79,2521.83,8299
2026-05-26 10:10:00,2550,2550,2535,2535,70,2522.16,8299
2026-05-26 10:15:00,2535,2550,2530,2545,78,2522.59,8299
2026-05-26 10:20:00,2545,2545,2535,2535,28,2522.7,8299
2026-05-26 10:25:00,2535,2545,2530,2545,48,2522.87,8299
2026-05-26 10:30:00,2545,2550,2540,2550,52,2523.18,8299
2026-05-26 10:35:00,2545,2545,2535,2545,38,2523.32,8299
2026-05-26 10:40:00,2545,2550,2530,2530,23,2523.4,8299
2026-05-26 10:45:00,2530,2530,2520,2525,71,2523.43,8299
2026-05-26 10:50:00,2525,2525,2515,2515,77,2523.35,8299
2026-05-26 10:55:00,2515,2525,2515,2520,26,2523.33,8299
2026-05-26 11:00:00,2520,2520,2500,2500,126,2522.98,8299
2026-05-26 11:05:00,2500,2505,2495,2505,117,2522.43,8299
2026-05-26 11:10:00,2510,2510,2500,2505,31,2522.33,8299
2026-05-26 11:15:00,2500,2505,2495,2500,105,2521.85,8299
2026-05-26 11:20:00,2500,2500,2490,2490,45,2521.63,8299
2026-05-26 11:25:00,2490,2500,2485,2485,120,2520.91,8299
2026-05-26 11:30:00,2490,2495,2485,2490,51,2520.62,8299
2026-05-26 11:35:00,2485,2500,2485,2495,40,2520.41,8299
2026-05-26 11:40:00,2495,2495,2490,2490,28,2520.26,8299
2026-05-26 11:45:00,2490,2490,2480,2490,61,2519.87,8299
2026-05-26 11:50:00,2490,2490,2475,2480,113,2519.03,8299
2026-05-26 11:55:00,2475,2500,2475,2500,72,2518.61,8299
2026-05-26 12:00:00,2500,2505,2500,2500,30,2518.51,8299
2026-05-26 12:05:00,2500,2500,2490,2500,39,2518.34,8299
2026-05-26 12:10:00,2500,2500,2490,2500,34,2518.21,8299
2026-05-26 12:15:00,2500,2500,2495,2500,32,2518.1,8299
2026-05-26 12:20:00,2500,2500,2490,2495,44,2517.94,8299
2026-05-26 12:25:00,2495,2500,2490,2500,29,2517.82,8299
2026-05-26 12:30:00,2500,2500,2490,2500,71,2517.55,8299
2026-05-26 12:35:00,2500,2500,2490,2495,22,2517.46,8299
2026-05-26 12:40:00,2495,2495,2490,2495,23,2517.37,8299
2026-05-26 12:45:00,2495,2500,2495,2495,59,2517.2,8299
2026-05-26 12:50:00,2495,2500,2495,2500,67,2516.98,8299
2026-05-26 12:55:00,2495,2500,2495,2495,29,2516.88,8299
2026-05-26 13:00:00,2495,2495,2490,2490,59,2516.67,8299
2026-05-26 13:05:00,2490,2500,2490,2495,92,2516.33,8299
2026-05-26 13:10:00,2495,2500,2490,2495,65,2516.12,8299
2026-05-26 13:15:00,2495,2500,2490,2495,96,2515.79,8299
2026-05-26 13:20:00,2490,2495,2485,2485,163,2515.14,8299
2026-05-26 13:30:00,2505,2505,2505,2505,256,2514.75,8299
2026-05-27 09:00:00,2700,2730,2675,2695,1348,2698.72,8299
2026-05-27 09:05:00,2690,2690,2635,2655,729,2684.1,8299
2026-05-27 09:10:00,2660,2660,2605,2635,458,2674.88,8299
2026-05-27 09:15:00,2630,2640,2610,2615,275,2670.32,8299
2026-05-27 09:20:00,2615,2620,2560,2575,690,2654.96,8299
2026-05-27 09:25:00,2575,2595,2565,2575,420,2646.87,8299
2026-05-27 09:30:00,2570,2570,2535,2555,419,2637.95,8299
2026-05-27 09:35:00,2555,2600,2550,2595,294,2633.91,8299
2026-05-27 09:40:00,2600,2615,2585,2585,264,2632.31,8299
2026-05-27 09:45:00,2580,2600,2575,2590,116,2631.22,8299
2026-05-27 09:50:00,2590,2600,2590,2590,73,2630.66,8299
2026-05-27 09:55:00,2590,2595,2565,2570,145,2629.25,8299
2026-05-27 10:00:00,2565,2580,2565,2575,68,2628.52,8299
2026-05-27 10:05:00,2575,2575,2560,2565,85,2627.53,8299
2026-05-27 10:10:00,2570,2575,2550,2565,116,2626.14,8299
2026-05-27 10:15:00,2570,2570,2550,2555,85,2625.17,8299
2026-05-27 10:20:00,2555,2565,2550,2565,57,2624.48,8299
2026-05-27 10:25:00,2565,2575,2565,2565,79,2623.73,8299
2026-05-27 10:30:00,2570,2575,2555,2555,71,2623.01,8299
2026-05-27 10:35:00,2560,2565,2560,2565,26,2622.74,8299
2026-05-27 10:40:00,2565,2570,2565,2565,25,2622.49,8299
2026-05-27 10:45:00,2560,2565,2555,2555,46,2622.01,8299
2026-05-27 10:50:00,2555,2560,2545,2545,199,2619.7,8299
2026-05-27 10:55:00,2545,2555,2545,2550,42,2619.24,8299
2026-05-27 11:00:00,2550,2550,2520,2520,318,2615.08,8299
2026-05-27 11:05:00,2515,2540,2515,2540,110,2613.51,8299
2026-05-27 11:10:00,2545,2550,2540,2550,38,2613.11,8299
2026-05-27 11:15:00,2550,2555,2540,2545,48,2612.64,8299
2026-05-27 11:20:00,2545,2545,2535,2535,28,2612.34,8299
2026-05-27 11:25:00,2535,2540,2525,2535,51,2611.73,8299
2026-05-27 11:30:00,2535,2540,2530,2530,29,2611.4,8299
2026-05-27 11:35:00,2530,2530,2525,2530,31,2611.02,8299
2026-05-27 11:40:00,2530,2540,2525,2530,52,2610.43,8299
2026-05-27 11:45:00,2535,2540,2525,2540,63,2609.7,8299
2026-05-27 11:50:00,2540,2540,2520,2520,87,2608.73,8299
2026-05-27 11:55:00,2520,2535,2520,2535,40,2608.26,8299
2026-05-27 12:00:00,2535,2540,2530,2530,42,2607.83,8299
2026-05-27 12:05:00,2530,2530,2520,2520,56,2607.18,8299
2026-05-27 12:10:00,2525,2525,2510,2515,159,2605.26,8299
2026-05-27 12:15:00,2510,2510,2465,2465,401,2599.28,8299
2026-05-27 12:20:00,2465,2480,2455,2470,188,2596.12,8299
2026-05-27 12:25:00,2470,2475,2460,2470,104,2594.44,8299
2026-05-27 12:30:00,2470,2480,2460,2475,107,2592.8,8299
2026-05-27 12:35:00,2475,2490,2470,2490,78,2591.75,8299
2026-05-27 12:40:00,2490,2490,2470,2475,72,2590.77,8299
2026-05-27 12:45:00,2475,2475,2460,2465,69,2589.73,8299
2026-05-27 12:50:00,2465,2475,2465,2475,43,2589.11,8299
2026-05-27 12:55:00,2475,2480,2475,2480,65,2588.26,8299
2026-05-27 13:00:00,2480,2485,2465,2465,120,2586.62,8299
2026-05-27 13:05:00,2465,2475,2460,2470,136,2584.72,8299
2026-05-27 13:10:00,2470,2480,2470,2480,160,2582.75,8299
2026-05-27 13:15:00,2480,2485,2480,2485,70,2581.96,8299
2026-05-27 13:20:00,2480,2485,2470,2480,262,2579.0,8299
2026-05-27 13:30:00,2480,2480,2480,2480,474,2574.13,8299
2026-05-28 09:00:00,2475,2500,2450,2495,453,2477.21,8299
2026-05-28 09:05:00,2500,2500,2480,2495,225,2480.62,8299
2026-05-28 09:10:00,2495,2525,2495,2515,298,2491.92,8299
2026-05-28 09:15:00,2515,2515,2490,2500,153,2493.47,8299
2026-05-28 09:20:00,2505,2530,2505,2515,175,2496.89,8299
2026-05-28 09:25:00,2515,2525,2510,2515,70,2497.92,8299
2026-05-28 09:30:00,2510,2530,2505,2530,166,2500.35,8299
2026-05-28 09:35:00,2525,2535,2515,2530,166,2502.93,8299
2026-05-28 09:40:00,2525,2525,2505,2510,105,2503.56,8299
2026-05-28 09:45:00,2505,2510,2500,2505,87,2503.59,8299
2026-05-28 09:50:00,2505,2515,2495,2495,91,2503.65,8299
2026-05-28 09:55:00,2500,2510,2500,2510,72,2503.75,8299
2026-05-28 10:00:00,2510,2510,2495,2510,75,2503.8,8299
2026-05-28 10:05:00,2510,2520,2505,2510,71,2504.15,8299
2026-05-28 10:10:00,2510,2530,2510,2520,125,2505.14,8299
2026-05-28 10:15:00,2520,2525,2510,2510,64,2505.45,8299
2026-05-28 10:20:00,2510,2530,2510,2515,113,2506.14,8299
2026-05-28 10:25:00,2515,2515,2500,2500,94,2506.18,8299
2026-05-28 10:30:00,2500,2520,2495,2515,109,2505.98,8299
2026-05-28 10:35:00,2515,2515,2500,2500,34,2505.97,8299
2026-05-28 10:40:00,2500,2500,2495,2500,49,2505.83,8299
2026-05-28 10:45:00,2500,2510,2495,2510,84,2505.61,8299
2026-05-28 10:50:00,2505,2510,2500,2510,45,2505.63,8299
2026-05-28 10:55:00,2515,2535,2510,2530,214,2506.8,8299
2026-05-28 11:00:00,2530,2535,2515,2520,62,2507.16,8299
2026-05-28 11:05:00,2520,2525,2515,2520,32,2507.29,8299
2026-05-28 11:10:00,2520,2530,2515,2520,55,2507.56,8299
2026-05-28 11:15:00,2525,2525,2510,2510,57,2507.67,8299
2026-05-28 11:20:00,2505,2505,2490,2495,112,2507.39,8299
2026-05-28 11:25:00,2495,2500,2475,2475,134,2506.56,8299
2026-05-28 11:30:00,2475,2475,2445,2445,270,2503.26,8299
2026-05-28 11:35:00,2445,2450,2410,2425,324,2497.76,8299
2026-05-28 11:40:00,2420,2455,2420,2445,204,2494.82,8299
2026-05-28 11:45:00,2440,2500,2440,2495,161,2494.01,8299
2026-05-28 11:50:00,2495,2500,2470,2480,61,2493.83,8299
2026-05-28 11:55:00,2475,2495,2475,2480,114,2493.65,8299
2026-05-28 12:00:00,2475,2495,2475,2485,49,2493.53,8299
2026-05-28 12:05:00,2480,2495,2470,2495,97,2493.28,8299
2026-05-28 12:10:00,2495,2500,2480,2485,57,2493.24,8299
2026-05-28 12:15:00,2480,2480,2460,2475,45,2493.03,8299
2026-05-28 12:20:00,2470,2475,2465,2475,60,2492.75,8299
2026-05-28 12:25:00,2475,2485,2475,2485,49,2492.64,8299
2026-05-28 12:30:00,2485,2490,2485,2490,48,2492.6,8299
2026-05-28 12:35:00,2490,2490,2485,2485,31,2492.56,8299
2026-05-28 12:40:00,2485,2490,2475,2475,38,2492.48,8299
2026-05-28 12:45:00,2470,2470,2450,2450,58,2492.14,8299
2026-05-28 12:50:00,2455,2460,2450,2450,47,2491.81,8299
2026-05-28 12:55:00,2450,2465,2450,2465,101,2491.13,8299
2026-05-28 13:00:00,2465,2465,2445,2450,119,2490.31,8299
2026-05-28 13:05:00,2455,2490,2455,2480,168,2489.75,8299
2026-05-28 13:10:00,2485,2500,2480,2490,164,2489.8,8299
2026-05-28 13:15:00,2490,2490,2470,2470,50,2489.72,8299
2026-05-28 13:20:00,2470,2475,2455,2455,92,2489.31,8299
2026-05-28 13:30:00,2450,2450,2450,2450,299,2487.45,8299
2026-05-29 09:00:00,2530,2555,2525,2540,619,2536.83,8299
2026-05-29 09:05:00,2540,2575,2535,2575,589,2548.63,8299
2026-05-29 09:10:00,2575,2580,2565,2570,309,2553.38,8299
2026-05-29 09:15:00,2570,2620,2565,2600,648,2565.97,8299
2026-05-29 09:20:00,2605,2610,2580,2590,195,2568.51,8299
2026-05-29 09:25:00,2585,2595,2565,2590,260,2569.82,8299
2026-05-29 09:30:00,2590,2590,2570,2580,101,2570.13,8299
2026-05-29 09:35:00,2575,2575,2555,2565,156,2569.79,8299
2026-05-29 09:40:00,2565,2565,2545,2545,134,2569.16,8299
2026-05-29 09:45:00,2550,2560,2545,2545,113,2568.61,8299
2026-05-29 09:50:00,2545,2565,2540,2565,203,2567.22,8299
2026-05-29 09:55:00,2565,2590,2560,2580,166,2567.68,8299
2026-05-29 10:00:00,2585,2595,2575,2595,104,2568.17,8299
2026-05-29 10:05:00,2595,2595,2580,2585,57,2568.46,8299
2026-05-29 10:10:00,2580,2590,2575,2585,81,2568.76,8299
2026-05-29 10:15:00,2585,2595,2585,2590,106,2569.35,8299
2026-05-29 10:20:00,2590,2590,2575,2575,86,2569.64,8299
2026-05-29 10:25:00,2575,2580,2570,2575,33,2569.67,8299
2026-05-29 10:30:00,2580,2585,2580,2585,32,2569.79,8299
2026-05-29 10:35:00,2590,2590,2585,2590,44,2570.01,8299
2026-05-29 10:40:00,2590,2590,2580,2580,22,2570.09,8299
2026-05-29 10:45:00,2585,2585,2570,2570,58,2570.22,8299
2026-05-29 10:50:00,2570,2570,2560,2560,50,2570.15,8299
2026-05-29 10:55:00,2560,2565,2550,2560,70,2569.94,8299
2026-05-29 11:00:00,2560,2560,2550,2555,46,2569.79,8299
2026-05-29 11:05:00,2560,2570,2555,2570,39,2569.71,8299
2026-05-29 11:10:00,2570,2570,2565,2570,40,2569.7,8299
2026-05-29 11:15:00,2570,2570,2570,2570,20,2569.7,8299
2026-05-29 11:20:00,2570,2585,2565,2580,54,2569.78,8299
2026-05-29 11:25:00,2580,2585,2575,2585,31,2569.86,8299
2026-05-29 11:30:00,2585,2585,2585,2585,41,2570.0,8299
2026-05-29 11:35:00,2585,2585,2580,2580,28,2570.06,8299
2026-05-29 11:40:00,2580,2580,2570,2570,21,2570.09,8299
2026-05-29 11:45:00,2575,2580,2570,2580,14,2570.1,8299
2026-05-29 11:50:00,2580,2580,2570,2570,43,2570.12,8299
2026-05-29 11:55:00,2570,2570,2560,2565,41,2570.08,8299
2026-05-29 12:00:00,2560,2565,2555,2565,59,2569.96,8299
2026-05-29 12:05:00,2565,2570,2560,2560,16,2569.94,8299
2026-05-29 12:10:00,2560,2560,2555,2560,28,2569.88,8299
2026-05-29 12:15:00,2560,2565,2555,2560,24,2569.83,8299
2026-05-29 12:20:00,2560,2570,2560,2565,13,2569.82,8299
2026-05-29 12:25:00,2565,2570,2565,2565,11,2569.81,8299
2026-05-29 12:30:00,2565,2570,2565,2565,31,2569.78,8299
2026-05-29 12:35:00,2565,2565,2555,2560,50,2569.69,8299
2026-05-29 12:40:00,2560,2570,2560,2565,23,2569.67,8299
2026-05-29 12:45:00,2565,2565,2560,2565,18,2569.65,8299
2026-05-29 12:50:00,2565,2565,2560,2565,54,2569.55,8299
2026-05-29 12:55:00,2565,2565,2560,2560,21,2569.51,8299
2026-05-29 13:00:00,2560,2570,2560,2570,30,2569.49,8299
2026-05-29 13:05:00,2565,2570,2560,2560,68,2569.44,8299
2026-05-29 13:10:00,2560,2565,2555,2560,80,2569.3,8299
2026-05-29 13:15:00,2560,2565,2555,2560,78,2569.17,8299
2026-05-29 13:20:00,2555,2560,2550,2560,167,2568.67,8299
2026-05-29 13:30:00,2575,2575,2575,2575,583,2569.29,8299
2026-06-01 09:00:00,2655,2690,2625,2690,819,2662.95,8299
2026-06-01 09:05:00,2685,2705,2660,2660,602,2673.1,8299
2026-06-01 09:10:00,2655,2685,2650,2675,233,2671.93,8299
2026-06-01 09:15:00,2680,2685,2665,2685,123,2672.28,8299
2026-06-01 09:20:00,2685,2700,2675,2700,270,2674.72,8299
2026-06-01 09:25:00,2700,2740,2700,2720,645,2684.96,8299
2026-06-01 09:30:00,2715,2720,2695,2720,188,2686.41,8299
2026-06-01 09:35:00,2720,2745,2705,2745,276,2690.37,8299
2026-06-01 09:40:00,2745,2765,2725,2765,409,2697.26,8299
2026-06-01 09:45:00,2765,2810,2765,2810,564,2709.27,8299
2026-06-01 09:50:00,2805,2825,2800,2800,557,2721.65,8299
2026-06-01 09:55:00,2800,2810,2780,2785,147,2723.91,8299
2026-06-01 10:00:00,2785,2790,2760,2765,177,2725.62,8299
2026-06-01 10:05:00,2765,2775,2750,2775,157,2726.67,8299
2026-06-01 10:10:00,2775,2780,2750,2755,180,2727.88,8299
2026-06-01 10:15:00,2755,2765,2740,2760,102,2728.35,8299
2026-06-01 10:20:00,2760,2800,2760,2785,155,2729.91,8299
2026-06-01 10:25:00,2780,2795,2780,2790,85,2730.76,8299
2026-06-01 10:30:00,2790,2805,2790,2800,208,2733.08,8299
2026-06-01 10:35:00,2795,2805,2795,2795,67,2733.81,8299
2026-06-01 10:40:00,2790,2790,2785,2785,45,2734.22,8299
2026-06-01 10:45:00,2785,2795,2785,2790,59,2734.77,8299
2026-06-01 10:50:00,2790,2790,2750,2750,140,2735.56,8299
2026-06-01 10:55:00,2750,2770,2745,2760,132,2735.87,8299
2026-06-01 11:00:00,2760,2775,2760,2770,47,2736.11,8299
2026-06-01 11:05:00,2765,2765,2760,2760,12,2736.17,8299
2026-06-01 11:10:00,2765,2765,2760,2760,15,2736.22,8299
2026-06-01 11:15:00,2760,2775,2760,2770,36,2736.38,8299
2026-06-01 11:20:00,2770,2780,2770,2775,20,2736.5,8299
2026-06-01 11:25:00,2775,2790,2770,2780,81,2737.03,8299
2026-06-01 11:30:00,2775,2780,2765,2765,29,2737.18,8299
2026-06-01 11:35:00,2765,2765,2745,2745,89,2737.39,8299
2026-06-01 11:40:00,2745,2755,2740,2750,62,2737.47,8299
2026-06-01 11:45:00,2745,2765,2740,2765,74,2737.62,8299
2026-06-01 11:50:00,2770,2775,2750,2750,39,2737.77,8299
2026-06-01 11:55:00,2760,2760,2755,2755,17,2737.82,8299
2026-06-01 12:00:00,2755,2755,2750,2755,15,2737.85,8299
2026-06-01 12:05:00,2755,2765,2755,2765,11,2737.89,8299
2026-06-01 12:10:00,2765,2770,2760,2765,38,2738.04,8299
2026-06-01 12:15:00,2760,2765,2760,2760,31,2738.14,8299
2026-06-01 12:20:00,2760,2760,2755,2760,50,2738.27,8299
2026-06-01 12:25:00,2765,2775,2765,2770,75,2738.62,8299
2026-06-01 12:30:00,2770,2780,2770,2770,35,2738.78,8299
2026-06-01 12:35:00,2765,2765,2765,2765,30,2738.89,8299
2026-06-01 12:40:00,2765,2770,2760,2765,33,2739.01,8299
2026-06-01 12:45:00,2770,2780,2765,2780,72,2739.37,8299
2026-06-01 12:50:00,2780,2785,2780,2785,62,2739.72,8299
2026-06-01 12:55:00,2785,2785,2770,2770,34,2739.89,8299
2026-06-01 13:00:00,2770,2770,2755,2760,48,2740.04,8299
2026-06-01 13:05:00,2760,2765,2760,2765,36,2740.15,8299
2026-06-01 13:10:00,2765,2785,2765,2775,130,2740.76,8299
2026-06-01 13:15:00,2780,2780,2775,2780,97,2741.23,8299
2026-06-01 13:20:00,2780,2785,2775,2775,160,2741.99,8299
2026-06-01 13:30:00,2770,2770,2770,2770,276,2742.95,8299
2026-06-02 09:00:00,2810,2810,2770,2770,1089,2795.04,8299
2026-06-02 09:05:00,2765,2775,2740,2750,425,2783.93,8299
2026-06-02 09:10:00,2750,2785,2745,2785,291,2781.71,8299
2026-06-02 09:15:00,2785,2820,2770,2820,535,2785.93,8299
2026-06-02 09:20:00,2815,2820,2770,2770,331,2787.15,8299
2026-06-02 09:25:00,2770,2775,2745,2760,338,2783.99,8299
2026-06-02 09:30:00,2760,2785,2745,2785,192,2782.81,8299
2026-06-02 09:35:00,2785,2810,2780,2780,203,2783.72,8299
2026-06-02 09:40:00,2780,2780,2755,2755,88,2783.33,8299
2026-06-02 09:45:00,2760,2765,2745,2755,184,2781.83,8299
2026-06-02 09:50:00,2760,2775,2760,2770,62,2781.61,8299
2026-06-02 09:55:00,2770,2775,2765,2765,63,2781.37,8299
2026-06-02 10:00:00,2760,2780,2760,2765,106,2781.04,8299
2026-06-02 10:05:00,2765,2795,2765,2795,142,2781.1,8299
2026-06-02 10:10:00,2795,2800,2780,2790,119,2781.4,8299
2026-06-02 10:15:00,2785,2795,2775,2790,63,2781.48,8299
2026-06-02 10:20:00,2795,2810,2785,2795,272,2782.71,8299
2026-06-02 10:25:00,2790,2790,2780,2780,40,2782.71,8299
2026-06-02 10:30:00,2780,2790,2780,2790,22,2782.73,8299
2026-06-02 10:35:00,2790,2790,2780,2780,31,2782.74,8299
2026-06-02 10:40:00,2780,2795,2780,2785,59,2782.82,8299
2026-06-02 10:45:00,2785,2795,2780,2790,54,2782.93,8299
2026-06-02 10:50:00,2790,2790,2775,2775,83,2782.91,8299
2026-06-02 10:55:00,2775,2775,2770,2770,30,2782.85,8299
2026-06-02 11:00:00,2770,2770,2765,2765,43,2782.72,8299
2026-06-02 11:05:00,2770,2770,2760,2770,47,2782.57,8299
2026-06-02 11:10:00,2770,2770,2770,2770,26,2782.51,8299
2026-06-02 11:15:00,2770,2775,2745,2745,165,2781.62,8299
2026-06-02 11:20:00,2745,2745,2715,2720,280,2778.98,8299
2026-06-02 11:25:00,2720,2725,2690,2710,320,2774.55,8299
2026-06-02 11:30:00,2710,2735,2705,2720,118,2773.51,8299
2026-06-02 11:35:00,2715,2725,2695,2725,65,2772.8,8299
2026-06-02 11:40:00,2725,2730,2720,2730,62,2772.3,8299
2026-06-02 11:45:00,2730,2745,2730,2735,70,2771.89,8299
2026-06-02 11:50:00,2735,2745,2735,2745,22,2771.76,8299
2026-06-02 11:55:00,2745,2745,2715,2720,82,2771.19,8299
2026-06-02 12:00:00,2725,2735,2725,2730,54,2770.85,8299
2026-06-02 12:05:00,2730,2745,2730,2740,37,2770.66,8299
2026-06-02 12:10:00,2740,2750,2740,2740,58,2770.41,8299
2026-06-02 12:15:00,2740,2740,2735,2735,19,2770.31,8299
2026-06-02 12:20:00,2735,2745,2735,2745,42,2770.1,8299
2026-06-02 12:25:00,2745,2760,2745,2760,105,2769.84,8299
2026-06-02 12:30:00,2760,2810,2760,2805,541,2771.38,8299
2026-06-02 12:35:00,2795,2805,2795,2805,200,2772.24,8299
2026-06-02 12:40:00,2805,2805,2790,2790,78,2772.5,8299
2026-06-02 12:45:00,2790,2820,2785,2820,396,2774.4,8299
2026-06-02 12:50:00,2820,2835,2800,2805,423,2776.9,8299
2026-06-02 12:55:00,2805,2810,2800,2810,138,2777.35,8299
2026-06-02 13:00:00,2810,2810,2805,2810,80,2777.67,8299
2026-06-02 13:05:00,2810,2820,2810,2820,121,2778.19,8299
2026-06-02 13:10:00,2820,2830,2815,2830,227,2779.42,8299
2026-06-02 13:15:00,2830,2830,2825,2825,103,2779.98,8299
2026-06-02 13:20:00,2820,2825,2805,2815,188,2780.72,8299
2026-06-02 13:30:00,2820,2820,2820,2820,321,2782.09,8299
2026-06-03 09:00:00,2835,2835,2740,2755,1536,2793.79,8299
2026-06-03 09:05:00,2750,2795,2740,2785,617,2786.91,8299
2026-06-03 09:10:00,2785,2815,2785,2795,451,2789.45,8299
2026-06-03 09:15:00,2795,2810,2790,2800,251,2790.29,8299
2026-06-03 09:20:00,2800,2830,2795,2830,378,2793.56,8299
2026-06-03 09:25:00,2830,2830,2795,2795,172,2794.77,8299
2026-06-03 09:30:00,2795,2795,2760,2760,440,2792.84,8299
2026-06-03 09:35:00,2760,2765,2725,2730,825,2784.36,8299
2026-06-03 09:40:00,2735,2750,2725,2725,338,2781.14,8299
2026-06-03 09:45:00,2730,2730,2690,2715,638,2773.03,8299
2026-06-03 09:50:00,2720,2745,2715,2725,267,2770.92,8299
2026-06-03 09:55:00,2720,2735,2720,2730,67,2770.42,8299
2026-06-03 10:00:00,2730,2735,2720,2725,84,2769.79,8299
2026-06-03 10:05:00,2725,2730,2720,2725,88,2769.13,8299
2026-06-03 10:10:00,2730,2730,2710,2720,91,2768.4,8299
2026-06-03 10:15:00,2720,2740,2720,2735,113,2767.75,8299
2026-06-03 10:20:00,2730,2735,2710,2715,117,2766.89,8299
2026-06-03 10:25:00,2715,2725,2705,2710,123,2765.88,8299
2026-06-03 10:30:00,2710,2720,2710,2715,69,2765.32,8299
2026-06-03 10:35:00,2720,2725,2720,2725,31,2765.12,8299
2026-06-03 10:40:00,2725,2725,2715,2720,44,2764.84,8299
2026-06-03 10:45:00,2725,2730,2720,2725,29,2764.67,8299
2026-06-03 10:50:00,2725,2730,2720,2725,30,2764.49,8299
2026-06-03 10:55:00,2730,2740,2725,2740,70,2764.18,8299
2026-06-03 11:00:00,2740,2745,2735,2740,83,2763.88,8299
2026-06-03 11:05:00,2740,2740,2730,2730,48,2763.69,8299
2026-06-03 11:10:00,2730,2740,2725,2725,57,2763.44,8299
2026-06-03 11:15:00,2730,2735,2730,2735,35,2763.28,8299
2026-06-03 11:20:00,2735,2735,2730,2730,59,2763.01,8299
2026-06-03 11:25:00,2725,2730,2715,2720,102,2762.44,8299
2026-06-03 11:30:00,2715,2725,2715,2720,23,2762.31,8299
2026-06-03 11:35:00,2720,2725,2720,2725,27,2762.17,8299
2026-06-03 11:40:00,2725,2730,2720,2725,31,2762.01,8299
2026-06-03 11:45:00,2720,2725,2720,2725,32,2761.84,8299
2026-06-03 11:50:00,2720,2720,2715,2715,76,2761.4,8299
2026-06-03 11:55:00,2715,2715,2715,2715,37,2761.17,8299
2026-06-03 12:00:00,2715,2715,2705,2710,148,2760.19,8299
2026-06-03 12:05:00,2710,2710,2705,2705,47,2759.87,8299
2026-06-03 12:10:00,2705,2715,2705,2705,60,2759.47,8299
2026-06-03 12:15:00,2710,2715,2705,2710,53,2759.14,8299
2026-06-03 12:20:00,2710,2710,2695,2695,200,2757.69,8299
2026-06-03 12:25:00,2700,2700,2695,2700,123,2756.75,8299
2026-06-03 12:30:00,2695,2700,2695,2695,57,2756.32,8299
2026-06-03 12:35:00,2695,2700,2690,2700,163,2755.14,8299
2026-06-03 12:40:00,2700,2710,2700,2705,46,2754.86,8299
2026-06-03 12:45:00,2710,2710,2700,2700,54,2754.53,8299
2026-06-03 12:50:00,2700,2705,2695,2695,69,2754.07,8299
2026-06-03 12:55:00,2695,2700,2695,2695,101,2753.38,8299
2026-06-03 13:00:00,2695,2700,2690,2690,206,2751.95,8299
2026-06-03 13:05:00,2690,2700,2685,2700,230,2750.42,8299
2026-06-03 13:10:00,2695,2700,2690,2690,101,2749.79,8299
2026-06-03 13:15:00,2690,2700,2690,2695,270,2748.14,8299
2026-06-03 13:20:00,2695,2700,2685,2690,298,2746.39,8299
2026-06-03 13:30:00,2685,2685,2685,2685,531,2743.21,8299
2026-06-04 09:00:00,2635,2715,2635,2710,757,2679.61,8299
2026-06-04 09:05:00,2710,2710,2625,2655,459,2673.62,8299
2026-06-04 09:10:00,2650,2675,2640,2655,215,2671.52,8299
2026-06-04 09:15:00,2655,2655,2620,2630,261,2665.81,8299
2026-06-04 09:20:00,2630,2655,2610,2655,303,2660.0,8299
2026-06-04 09:25:00,2655,2675,2650,2675,213,2660.72,8299
2026-06-04 09:30:00,2675,2685,2655,2655,120,2661.18,8299
2026-06-04 09:35:00,2655,2670,2650,2665,84,2661.23,8299
2026-06-04 09:40:00,2660,2660,2640,2640,116,2660.85,8299
2026-06-04 09:45:00,2640,2650,2620,2630,151,2659.15,8299
2026-06-04 09:50:00,2630,2630,2605,2605,276,2654.86,8299
2026-06-04 09:55:00,2605,2605,2580,2600,394,2647.57,8299
2026-06-04 10:00:00,2600,2605,2590,2600,131,2645.65,8299
2026-06-04 10:05:00,2605,2620,2600,2605,136,2644.4,8299
2026-06-04 10:10:00,2610,2620,2600,2605,102,2643.55,8299
2026-06-04 10:15:00,2605,2615,2595,2615,93,2642.51,8299
2026-06-04 10:20:00,2615,2625,2610,2615,84,2641.97,8299
2026-06-04 10:25:00,2615,2635,2615,2630,158,2641.36,8299
2026-06-04 10:30:00,2630,2635,2620,2620,34,2641.25,8299
2026-06-04 10:35:00,2620,2620,2610,2615,48,2640.96,8299
2026-06-04 10:40:00,2615,2625,2610,2625,40,2640.75,8299
2026-06-04 10:45:00,2630,2645,2615,2615,163,2640.41,8299
2026-06-04 10:50:00,2610,2615,2605,2615,145,2639.45,8299
2026-06-04 10:55:00,2615,2625,2615,2620,45,2639.24,8299
2026-06-04 11:00:00,2625,2630,2615,2620,37,2639.12,8299
2026-06-04 11:05:00,2615,2625,2615,2620,36,2638.97,8299
2026-06-04 11:10:00,2620,2625,2615,2620,39,2638.81,8299
2026-06-04 11:15:00,2620,2625,2615,2625,45,2638.65,8299
2026-06-04 11:20:00,2625,2630,2615,2615,46,2638.48,8299
2026-06-04 11:25:00,2615,2630,2615,2625,58,2638.26,8299
2026-06-04 11:30:00,2620,2630,2620,2625,39,2638.14,8299
2026-06-04 11:35:00,2625,2625,2620,2620,29,2638.05,8299
2026-06-04 11:40:00,2620,2620,2610,2615,39,2637.88,8299
2026-06-04 11:45:00,2610,2615,2605,2605,68,2637.47,8299
2026-06-04 11:50:00,2605,2605,2595,2595,106,2636.65,8299
2026-06-04 11:55:00,2595,2600,2595,2600,85,2636.04,8299
2026-06-04 12:00:00,2600,2600,2595,2600,37,2635.77,8299
2026-06-04 12:05:00,2595,2600,2595,2595,38,2635.49,8299
2026-06-04 12:10:00,2595,2600,2595,2595,22,2635.32,8299
2026-06-04 12:15:00,2595,2600,2590,2595,116,2634.51,8299
2026-06-04 12:20:00,2595,2600,2595,2595,35,2634.26,8299
2026-06-04 12:25:00,2600,2600,2590,2590,37,2634.0,8299
2026-06-04 12:30:00,2590,2600,2590,2595,99,2633.35,8299
2026-06-04 12:35:00,2595,2600,2595,2595,20,2633.22,8299
2026-06-04 12:40:00,2595,2600,2595,2595,35,2632.98,8299
2026-06-04 12:45:00,2595,2595,2590,2590,90,2632.33,8299
2026-06-04 12:50:00,2590,2595,2590,2590,81,2631.78,8299
2026-06-04 12:55:00,2590,2600,2590,2595,53,2631.44,8299
2026-06-04 13:00:00,2595,2595,2585,2590,121,2630.63,8299
2026-06-04 13:05:00,2590,2590,2585,2585,121,2629.75,8299
2026-06-04 13:10:00,2585,2590,2580,2580,133,2628.76,8299
2026-06-04 13:15:00,2580,2590,2580,2580,182,2627.47,8299
2026-06-04 13:20:00,2580,2585,2580,2580,211,2625.98,8299
2026-06-04 13:30:00,2580,2580,2580,2580,375,2623.5,8299
2026-06-05 09:00:00,2550,2630,2540,2605,1074,2580.4,8299
2026-06-05 09:05:00,2605,2605,2525,2535,603,2574.82,8299
2026-06-05 09:10:00,2535,2545,2510,2510,475,2563.85,8299
2026-06-05 09:15:00,2515,2515,2490,2495,551,2550.43,8299
2026-06-05 09:20:00,2495,2495,2410,2420,993,2524.12,8299
2026-06-05 09:25:00,2415,2445,2385,2440,685,2506.5,8299
2026-06-05 09:30:00,2440,2480,2440,2450,709,2499.47,8299
2026-06-05 09:35:00,2450,2465,2440,2440,279,2496.91,8299
2026-06-05 09:40:00,2435,2455,2435,2445,476,2493.11,8299
2026-06-05 09:45:00,2450,2480,2440,2480,311,2491.22,8299
2026-06-05 09:50:00,2480,2495,2475,2485,193,2491.09,8299
2026-06-05 09:55:00,2485,2510,2480,2510,143,2491.19,8299
2026-06-05 10:00:00,2510,2510,2495,2505,119,2491.38,8299
2026-06-05 10:05:00,2505,2535,2500,2525,225,2492.42,8299
2026-06-05 10:10:00,2530,2550,2525,2540,188,2493.71,8299
2026-06-05 10:15:00,2535,2545,2535,2535,78,2494.2,8299
2026-06-05 10:20:00,2535,2535,2510,2520,93,2494.56,8299
2026-06-05 10:25:00,2520,2550,2520,2550,79,2495.02,8299
2026-06-05 10:30:00,2550,2550,2530,2535,43,2495.27,8299
2026-06-05 10:35:00,2535,2535,2510,2515,94,2495.63,8299
2026-06-05 10:40:00,2510,2510,2490,2510,149,2495.72,8299
2026-06-05 10:45:00,2510,2510,2505,2510,22,2495.75,8299
2026-06-05 10:50:00,2505,2505,2500,2505,39,2495.78,8299
2026-06-05 10:55:00,2505,2510,2500,2505,37,2495.82,8299
2026-06-05 11:00:00,2500,2505,2485,2485,89,2495.79,8299
2026-06-05 11:05:00,2485,2490,2480,2485,99,2495.64,8299
2026-06-05 11:10:00,2495,2505,2485,2485,90,2495.61,8299
2026-06-05 11:15:00,2490,2500,2485,2500,38,2495.58,8299
2026-06-05 11:20:00,2500,2500,2485,2485,31,2495.57,8299
2026-06-05 11:25:00,2485,2485,2465,2470,124,2495.27,8299
2026-06-05 11:30:00,2475,2480,2470,2470,44,2495.17,8299
2026-06-05 11:35:00,2470,2475,2465,2465,57,2494.98,8299
2026-06-05 11:40:00,2470,2470,2460,2465,36,2494.85,8299
2026-06-05 11:45:00,2465,2465,2450,2450,90,2494.47,8299
2026-06-05 11:50:00,2450,2450,2430,2435,236,2493.08,8299
2026-06-05 11:55:00,2435,2460,2435,2460,80,2492.67,8299
2026-06-05 12:00:00,2465,2465,2450,2450,60,2492.43,8299
2026-06-05 12:05:00,2445,2455,2440,2440,86,2491.97,8299
2026-06-05 12:10:00,2440,2450,2440,2450,76,2491.57,8299
2026-06-05 12:15:00,2445,2455,2445,2455,71,2491.24,8299
2026-06-05 12:20:00,2455,2455,2450,2450,55,2491.0,8299
2026-06-05 12:25:00,2455,2455,2445,2445,93,2490.6,8299
2026-06-05 12:30:00,2445,2450,2445,2445,25,2490.48,8299
2026-06-05 12:35:00,2445,2450,2440,2445,103,2489.97,8299
2026-06-05 12:40:00,2450,2455,2435,2440,119,2489.4,8299
2026-06-05 12:45:00,2440,2450,2440,2450,41,2489.2,8299
2026-06-05 12:50:00,2445,2445,2435,2440,82,2488.78,8299
2026-06-05 12:55:00,2440,2440,2440,2440,23,2488.66,8299
2026-06-05 13:00:00,2435,2440,2435,2435,73,2488.26,8299
2026-06-05 13:05:00,2440,2445,2435,2435,99,2487.76,8299
2026-06-05 13:10:00,2440,2440,2430,2435,153,2486.94,8299
2026-06-05 13:15:00,2435,2450,2435,2445,163,2486.2,8299
2026-06-05 13:20:00,2450,2460,2450,2455,167,2485.67,8299
2026-06-05 13:30:00,2450,2450,2450,2450,317,2484.59,8299
2026-06-08 09:00:00,2205,2205,2205,2205,556,2205.0,8299
2026-06-08 09:05:00,2205,2250,2205,2245,1352,2210.52,8299
2026-06-08 09:10:00,2245,2255,2230,2235,494,2216.97,8299
2026-06-08 09:15:00,2235,2240,2205,2215,629,2216.4,8299
2026-06-08 09:20:00,2215,2230,2210,2220,260,2216.53,8299
2026-06-08 09:25:00,2220,2220,2205,2205,357,2215.59,8299
2026-06-08 09:30:00,2205,2205,2205,2205,47,2215.46,8299
2026-06-08 09:35:00,2205,2205,2205,2205,35,2215.36,8299
2026-06-08 09:40:00,2205,2205,2205,2205,28,2215.28,8299
2026-06-08 09:45:00,2205,2205,2205,2205,81,2215.07,8299
2026-06-08 09:50:00,2205,2235,2205,2220,576,2214.51,8299
2026-06-08 09:55:00,2220,2235,2220,2225,119,2214.82,8299
2026-06-08 10:00:00,2220,2240,2220,2240,115,2215.23,8299
2026-06-08 10:05:00,2235,2245,2230,2235,155,2216.03,8299
2026-06-08 10:10:00,2230,2250,2225,2245,105,2216.52,8299
2026-06-08 10:15:00,2240,2240,2230,2240,63,2216.77,8299
2026-06-08 10:20:00,2240,2240,2225,2240,104,2217.12,8299
2026-06-08 10:25:00,2240,2270,2240,2270,226,2218.73,8299
2026-06-08 10:30:00,2270,2270,2245,2255,130,2219.58,8299
2026-06-08 10:35:00,2255,2255,2240,2240,60,2219.87,8299
2026-06-08 10:40:00,2240,2245,2235,2240,55,2220.08,8299
2026-06-08 10:45:00,2245,2265,2245,2260,90,2220.7,8299
2026-06-08 10:50:00,2260,2265,2260,2260,48,2221.04,8299
2026-06-08 10:55:00,2260,2260,2255,2255,30,2221.23,8299
2026-06-08 11:00:00,2255,2265,2250,2255,57,2221.58,8299
2026-06-08 11:05:00,2250,2260,2245,2255,111,2222.12,8299
2026-06-08 11:10:00,2260,2265,2245,2245,49,2222.4,8299
2026-06-08 11:15:00,2245,2255,2235,2235,83,2222.69,8299
2026-06-08 11:20:00,2235,2255,2235,2250,66,2222.96,8299
2026-06-08 11:25:00,2250,2250,2245,2245,20,2223.04,8299
2026-06-08 11:30:00,2245,2250,2235,2250,87,2223.31,8299
2026-06-08 11:35:00,2245,2250,2240,2245,44,2223.45,8299
2026-06-08 11:40:00,2245,2250,2245,2250,39,2223.61,8299
2026-06-08 11:45:00,2250,2255,2245,2245,47,2223.79,8299
2026-06-08 11:50:00,2245,2250,2245,2250,12,2223.83,8299
2026-06-08 11:55:00,2245,2245,2240,2240,13,2223.88,8299
2026-06-08 12:00:00,2240,2255,2240,2250,59,2224.11,8299
2026-06-08 12:05:00,2250,2255,2250,2250,33,2224.24,8299
2026-06-08 12:10:00,2250,2260,2245,2260,81,2224.63,8299
2026-06-08 12:15:00,2260,2265,2255,2255,47,2224.89,8299
2026-06-08 12:20:00,2255,2255,2245,2245,66,2225.11,8299
2026-06-08 12:25:00,2240,2245,2240,2240,45,2225.21,8299
2026-06-08 12:30:00,2245,2250,2240,2250,59,2225.41,8299
2026-06-08 12:35:00,2250,2250,2245,2250,30,2225.52,8299
2026-06-08 12:40:00,2250,2255,2245,2245,58,2225.75,8299
2026-06-08 12:45:00,2245,2250,2245,2250,53,2225.91,8299
2026-06-08 12:50:00,2250,2260,2250,2255,85,2226.25,8299
2026-06-08 12:55:00,2260,2260,2255,2260,32,2226.39,8299
2026-06-08 13:00:00,2255,2265,2255,2265,77,2226.77,8299
2026-06-08 13:05:00,2265,2270,2260,2265,117,2227.37,8299
2026-06-08 13:10:00,2265,2265,2255,2260,30,2227.5,8299
2026-06-08 13:15:00,2260,2260,2250,2255,70,2227.76,8299
2026-06-08 13:20:00,2255,2265,2250,2255,162,2228.42,8299
2026-06-08 13:30:00,2250,2250,2250,2250,202,2228.99,8299
2026-06-09 09:00:00,2320,2320,2265,2275,836,2296.23,8299
2026-06-09 09:05:00,2275,2305,2260,2290,344,2292.69,8299
2026-06-09 09:10:00,2290,2325,2290,2315,267,2295.9,8299
2026-06-09 09:15:00,2310,2310,2275,2285,206,2295.56,8299
2026-06-09 09:20:00,2280,2310,2280,2310,102,2295.93,8299
2026-06-09 09:25:00,2310,2315,2305,2310,71,2296.44,8299
2026-06-09 09:30:00,2310,2320,2305,2315,112,2297.42,8299
2026-06-09 09:35:00,2315,2320,2305,2315,61,2297.91,8299
2026-06-09 09:40:00,2315,2325,2315,2320,73,2298.67,8299
2026-06-09 09:45:00,2320,2330,2315,2330,71,2299.45,8299
2026-06-09 09:50:00,2325,2330,2315,2315,67,2300.08,8299
2026-06-09 09:55:00,2315,2320,2310,2320,54,2300.47,8299
2026-06-09 10:00:00,2325,2330,2320,2325,89,2301.41,8299
2026-06-09 10:05:00,2325,2325,2320,2325,52,2301.88,8299
2026-06-09 10:10:00,2320,2325,2310,2315,52,2302.24,8299
2026-06-09 10:15:00,2315,2330,2315,2330,60,2302.71,8299
2026-06-09 10:20:00,2325,2330,2320,2325,62,2303.25,8299
2026-06-09 10:25:00,2325,2360,2325,2360,227,2306.52,8299
2026-06-09 10:30:00,2360,2365,2355,2365,111,2308.58,8299
2026-06-09 10:35:00,2365,2370,2355,2355,150,2311.17,8299
2026-06-09 10:40:00,2355,2360,2350,2360,45,2311.84,8299
2026-06-09 10:45:00,2360,2360,2355,2355,35,2312.35,8299
2026-06-09 10:50:00,2350,2350,2340,2340,72,2313.09,8299
2026-06-09 10:55:00,2340,2340,2335,2335,38,2313.35,8299
2026-06-09 11:00:00,2335,2335,2330,2335,36,2313.58,8299
2026-06-09 11:05:00,2340,2350,2340,2345,54,2314.11,8299
2026-06-09 11:10:00,2340,2340,2335,2340,38,2314.4,8299
2026-06-09 11:15:00,2345,2350,2345,2345,18,2314.57,8299
2026-06-09 11:20:00,2345,2345,2345,2345,16,2314.71,8299
2026-06-09 11:25:00,2345,2350,2340,2340,26,2314.94,8299
2026-06-09 11:30:00,2340,2340,2330,2335,135,2315.61,8299
2026-06-09 11:35:00,2335,2345,2335,2345,11,2315.69,8299
2026-06-09 11:40:00,2345,2350,2345,2350,16,2315.82,8299
2026-06-09 11:45:00,2345,2355,2345,2355,44,2316.24,8299
2026-06-09 11:50:00,2360,2365,2355,2365,57,2316.94,8299
2026-06-09 11:55:00,2365,2365,2360,2365,24,2317.23,8299
2026-06-09 12:00:00,2360,2365,2355,2365,37,2317.66,8299
2026-06-09 12:05:00,2365,2365,2355,2355,26,2317.95,8299
2026-06-09 12:10:00,2355,2360,2355,2355,9,2318.04,8299
2026-06-09 12:15:00,2355,2360,2350,2350,21,2318.25,8299
2026-06-09 12:20:00,2350,2350,2345,2345,34,2318.53,8299
2026-06-09 12:25:00,2345,2360,2345,2360,45,2318.91,8299
2026-06-09 12:30:00,2360,2360,2345,2350,23,2319.1,8299
2026-06-09 12:35:00,2350,2360,2350,2355,30,2319.35,8299
2026-06-09 12:40:00,2355,2360,2350,2350,21,2319.54,8299
2026-06-09 12:45:00,2355,2355,2350,2350,15,2319.67,8299
2026-06-09 12:50:00,2355,2360,2350,2355,34,2319.97,8299
2026-06-09 12:55:00,2355,2365,2355,2360,152,2321.5,8299
2026-06-09 13:00:00,2365,2365,2360,2360,21,2321.7,8299
2026-06-09 13:05:00,2360,2370,2360,2365,65,2322.39,8299
2026-06-09 13:10:00,2365,2365,2360,2365,69,2323.02,8299
2026-06-09 13:15:00,2360,2360,2345,2345,158,2324.09,8299
2026-06-09 13:20:00,2345,2360,2345,2350,99,2324.67,8299
2026-06-09 13:30:00,2360,2360,2360,2360,193,2326.1,8299
2026-06-10 09:00:00,2305,2325,2295,2310,398,2306.68,8299
2026-06-10 09:05:00,2310,2325,2295,2325,200,2306.33,8299
2026-06-10 09:10:00,2320,2365,2310,2355,292,2319.22,8299
2026-06-10 09:15:00,2355,2370,2345,2345,168,2325.51,8299
2026-06-10 09:20:00,2345,2345,2330,2340,105,2326.65,8299
2026-06-10 09:25:00,2340,2340,2325,2335,84,2327.02,8299
2026-06-10 09:30:00,2335,2375,2320,2375,191,2329.6,8299
2026-06-10 09:35:00,2370,2375,2355,2365,128,2332.65,8299
2026-06-10 09:40:00,2365,2370,2355,2355,50,2333.6,8299
2026-06-10 09:45:00,2355,2355,2340,2350,76,2334.11,8299
2026-06-10 09:50:00,2355,2355,2330,2340,65,2334.36,8299
2026-06-10 09:55:00,2335,2335,2315,2320,128,2333.82,8299
2026-06-10 10:00:00,2320,2320,2310,2310,89,2332.96,8299
2026-06-10 10:05:00,2310,2310,2290,2295,228,2329.53,8299
2026-06-10 10:10:00,2295,2300,2280,2295,190,2326.13,8299
2026-06-10 10:15:00,2295,2295,2280,2290,73,2325.03,8299
2026-06-10 10:20:00,2290,2290,2285,2285,87,2323.76,8299
2026-06-10 10:25:00,2285,2295,2280,2290,91,2322.32,8299
2026-06-10 10:30:00,2290,2310,2290,2310,84,2321.67,8299
2026-06-10 10:35:00,2310,2310,2290,2290,38,2321.31,8299
2026-06-10 10:40:00,2290,2295,2290,2295,10,2321.2,8299
2026-06-10 10:45:00,2295,2300,2295,2295,19,2321.03,8299
2026-06-10 10:50:00,2290,2290,2275,2275,106,2319.61,8299
2026-06-10 10:55:00,2280,2285,2275,2280,24,2319.29,8299
2026-06-10 11:00:00,2280,2280,2275,2280,23,2318.96,8299
2026-06-10 11:05:00,2285,2300,2285,2295,37,2318.62,8299
2026-06-10 11:10:00,2295,2295,2290,2295,6,2318.57,8299
2026-06-10 11:15:00,2295,2300,2290,2290,22,2318.41,8299
2026-06-10 11:20:00,2290,2295,2290,2295,7,2318.34,8299
2026-06-10 11:25:00,2290,2290,2285,2285,8,2318.26,8299
2026-06-10 11:30:00,2285,2285,2280,2285,10,2318.14,8299
2026-06-10 11:35:00,2280,2280,2280,2280,30,2317.77,8299
2026-06-10 11:40:00,2275,2275,2265,2265,104,2316.2,8299
2026-06-10 11:45:00,2265,2270,2265,2265,45,2315.49,8299
2026-06-10 11:50:00,2265,2265,2250,2255,165,2312.52,8299
2026-06-10 11:55:00,2255,2265,2255,2260,28,2312.09,8299
2026-06-10 12:00:00,2260,2265,2250,2250,33,2311.57,8299
2026-06-10 12:05:00,2250,2250,2230,2230,183,2307.77,8299
2026-06-10 12:10:00,2235,2235,2220,2230,141,2304.73,8299
2026-06-10 12:15:00,2230,2235,2225,2230,58,2303.6,8299
2026-06-10 12:20:00,2225,2235,2225,2225,39,2302.83,8299
2026-06-10 12:25:00,2225,2230,2205,2210,228,2297.96,8299
2026-06-10 12:30:00,2215,2215,2190,2200,221,2293.0,8299
2026-06-10 12:35:00,2200,2200,2195,2200,112,2290.58,8299
2026-06-10 12:40:00,2200,2205,2170,2180,325,2283.27,8299
2026-06-10 12:45:00,2185,2200,2180,2195,108,2281.13,8299
2026-06-10 12:50:00,2195,2200,2180,2195,88,2279.51,8299
2026-06-10 12:55:00,2190,2195,2185,2190,58,2278.49,8299
2026-06-10 13:00:00,2190,2195,2170,2180,175,2275.22,8299
2026-06-10 13:05:00,2180,2185,2170,2170,123,2272.96,8299
2026-06-10 13:10:00,2170,2180,2160,2170,192,2269.37,8299
2026-06-10 13:15:00,2170,2175,2160,2165,144,2266.7,8299
2026-06-10 13:20:00,2160,2165,2135,2135,342,2260.01,8299
2026-06-10 13:30:00,2155,2155,2155,2155,268,2255.5,8299
2026-06-11 09:00:00,2150,2205,2150,2195,579,2176.91,8299
2026-06-11 09:05:00,2195,2210,2175,2210,363,2181.16,8299
2026-06-11 09:10:00,2210,2240,2205,2235,250,2190.73,8299
2026-06-11 09:15:00,2240,2250,2220,2235,225,2198.25,8299
2026-06-11 09:20:00,2230,2245,2230,2235,135,2201.56,8299
2026-06-11 09:25:00,2235,2250,2220,2245,109,2203.8,8299
2026-06-11 09:30:00,2240,2245,2210,2220,300,2207.76,8299
2026-06-11 09:35:00,2220,2220,2195,2220,181,2207.35,8299
2026-06-11 09:40:00,2220,2230,2215,2215,75,2207.86,8299
2026-06-11 09:45:00,2215,2215,2200,2210,75,2207.76,8299
2026-06-11 09:50:00,2205,2205,2185,2195,95,2207.29,8299
2026-06-11 09:55:00,2190,2190,2170,2170,222,2204.73,8299
2026-06-11 10:00:00,2170,2185,2160,2185,187,2202.32,8299
2026-06-11 10:05:00,2185,2185,2160,2165,64,2201.68,8299
2026-06-11 10:10:00,2170,2170,2145,2150,148,2199.31,8299
2026-06-11 10:15:00,2150,2160,2140,2140,191,2196.43,8299
2026-06-11 10:20:00,2140,2145,2110,2120,216,2191.97,8299
2026-06-11 10:25:00,2120,2120,2085,2085,375,2182.89,8299
2026-06-11 10:30:00,2085,2110,2060,2090,400,2173.16,8299
2026-06-11 10:35:00,2085,2110,2080,2095,101,2171.32,8299
2026-06-11 10:40:00,2095,2115,2090,2110,86,2170.02,8299
2026-06-11 10:45:00,2110,2125,2100,2100,75,2169.12,8299
2026-06-11 10:50:00,2105,2120,2105,2115,50,2168.45,8299
2026-06-11 10:55:00,2110,2135,2110,2125,91,2167.62,8299
2026-06-11 11:00:00,2125,2125,2120,2125,35,2167.28,8299
2026-06-11 11:05:00,2130,2130,2120,2130,46,2166.88,8299
2026-06-11 11:10:00,2130,2135,2105,2105,76,2166.11,8299
2026-06-11 11:15:00,2110,2120,2110,2115,37,2165.72,8299
2026-06-11 11:20:00,2115,2120,2110,2120,44,2165.25,8299
2026-06-11 11:25:00,2125,2125,2120,2125,37,2164.92,8299
2026-06-11 11:30:00,2125,2150,2125,2150,80,2164.5,8299
2026-06-11 11:35:00,2150,2155,2135,2155,52,2164.31,8299
2026-06-11 11:40:00,2155,2160,2150,2160,59,2164.2,8299
2026-06-11 11:45:00,2160,2160,2155,2155,30,2164.15,8299
2026-06-11 11:50:00,2155,2170,2155,2160,68,2164.12,8299
2026-06-11 11:55:00,2165,2175,2155,2175,55,2164.15,8299
2026-06-11 12:00:00,2175,2175,2165,2165,54,2164.21,8299
2026-06-11 12:05:00,2165,2165,2165,2165,18,2164.21,8299
2026-06-11 12:10:00,2165,2170,2160,2165,20,2164.22,8299
2026-06-11 12:15:00,2165,2165,2155,2160,21,2164.2,8299
2026-06-11 12:20:00,2160,2165,2155,2165,18,2164.19,8299
2026-06-11 12:25:00,2170,2170,2165,2170,9,2164.2,8299
2026-06-11 12:30:00,2170,2180,2165,2165,70,2164.31,8299
2026-06-11 12:35:00,2170,2185,2170,2180,42,2164.43,8299
2026-06-11 12:40:00,2180,2185,2175,2185,57,2164.59,8299
2026-06-11 12:45:00,2185,2195,2180,2180,59,2164.84,8299
2026-06-11 12:50:00,2180,2200,2180,2195,62,2165.11,8299
2026-06-11 12:55:00,2200,2210,2200,2205,88,2165.72,8299
2026-06-11 13:00:00,2205,2210,2205,2210,44,2166.03,8299
2026-06-11 13:05:00,2210,2215,2210,2215,88,2166.74,8299
2026-06-11 13:10:00,2215,2220,2210,2215,43,2167.1,8299
2026-06-11 13:15:00,2215,2215,2205,2210,79,2167.67,8299
2026-06-11 13:20:00,2210,2210,2200,2205,119,2168.45,8299
2026-06-11 13:30:00,2200,2200,2200,2200,147,2169.19,8299
2026-06-12 09:00:00,2345,2365,2325,2350,751,2347.48,8299
2026-06-12 09:05:00,2345,2345,2320,2330,256,2343.2,8299
2026-06-12 09:10:00,2330,2365,2305,2360,424,2341.94,8299
2026-06-12 09:15:00,2365,2395,2365,2390,678,2354.67,8299
2026-06-12 09:20:00,2385,2385,2355,2360,170,2355.58,8299
2026-06-12 09:25:00,2365,2370,2325,2325,253,2354.04,8299
2026-06-12 09:30:00,2325,2355,2325,2335,102,2353.44,8299
2026-06-12 09:35:00,2335,2335,2320,2320,97,2352.47,8299
2026-06-12 09:40:00,2325,2340,2320,2330,105,2351.73,8299
2026-06-12 09:45:00,2335,2340,2335,2340,45,2351.51,8299
2026-06-12 09:50:00,2340,2350,2340,2345,46,2351.41,8299
2026-06-12 09:55:00,2345,2345,2335,2340,73,2351.18,8299
2026-06-12 10:00:00,2340,2350,2340,2345,33,2351.1,8299
2026-06-12 10:05:00,2345,2350,2335,2335,37,2350.97,8299
2026-06-12 10:10:00,2335,2340,2325,2330,34,2350.74,8299
2026-06-12 10:15:00,2330,2335,2330,2330,29,2350.55,8299
2026-06-12 10:20:00,2335,2340,2315,2320,92,2349.82,8299
2026-06-12 10:25:00,2315,2315,2305,2305,118,2348.41,8299
2026-06-12 10:30:00,2310,2325,2310,2325,52,2347.91,8299
2026-06-12 10:35:00,2320,2330,2315,2330,18,2347.78,8299
2026-06-12 10:40:00,2330,2330,2325,2325,23,2347.64,8299
2026-06-12 10:45:00,2320,2325,2320,2325,17,2347.53,8299
2026-06-12 10:50:00,2325,2335,2325,2335,29,2347.4,8299
2026-06-12 10:55:00,2335,2335,2330,2335,15,2347.34,8299
2026-06-12 11:00:00,2335,2335,2335,2335,11,2347.3,8299
2026-06-12 11:05:00,2335,2335,2330,2330,13,2347.24,8299
2026-06-12 11:10:00,2330,2330,2320,2325,29,2347.05,8299
2026-06-12 11:15:00,2330,2330,2325,2330,21,2346.94,8299
2026-06-12 11:20:00,2325,2325,2320,2320,10,2346.88,8299
2026-06-12 11:25:00,2320,2325,2320,2325,7,2346.83,8299
2026-06-12 11:30:00,2325,2325,2315,2315,21,2346.68,8299
2026-06-12 11:35:00,2315,2320,2315,2320,19,2346.53,8299
2026-06-12 11:40:00,2320,2325,2320,2320,5,2346.49,8299
2026-06-12 11:45:00,2320,2320,2310,2310,80,2345.8,8299
2026-06-12 11:50:00,2305,2315,2305,2310,43,2345.37,8299
2026-06-12 11:55:00,2310,2315,2310,2315,13,2345.26,8299
2026-06-12 12:00:00,2315,2320,2315,2320,12,2345.18,8299
2026-06-12 12:05:00,2320,2320,2315,2320,31,2344.98,8299
2026-06-12 12:10:00,2320,2330,2320,2325,26,2344.85,8299
2026-06-12 12:15:00,2325,2325,2315,2315,22,2344.7,8299
2026-06-12 12:20:00,2320,2320,2315,2320,11,2344.63,8299
2026-06-12 12:25:00,2320,2325,2315,2325,9,2344.57,8299
2026-06-12 12:30:00,2325,2325,2320,2325,7,2344.53,8299
2026-06-12 12:35:00,2320,2325,2320,2320,30,2344.34,8299
2026-06-12 12:40:00,2320,2325,2315,2315,25,2344.2,8299
2026-06-12 12:45:00,2315,2315,2315,2315,26,2344.0,8299
2026-06-12 12:50:00,2315,2320,2315,2315,16,2343.9,8299
2026-06-12 12:55:00,2315,2320,2315,2315,39,2343.64,8299
2026-06-12 13:00:00,2310,2315,2310,2315,37,2343.36,8299
2026-06-12 13:05:00,2315,2315,2305,2305,56,2342.89,8299
2026-06-12 13:10:00,2305,2315,2305,2315,93,2342.22,8299
2026-06-12 13:15:00,2315,2315,2310,2310,87,2341.62,8299
2026-06-12 13:20:00,2310,2320,2310,2310,81,2341.09,8299
2026-06-12 13:30:00,2310,2310,2310,2310,253,2339.39,8299
2026-06-15 09:00:00,2395,2400,2355,2360,538,2385.87,8299
2026-06-15 09:05:00,2360,2365,2340,2350,278,2375.13,8299
2026-06-15 09:10:00,2355,2360,2325,2345,314,2364.83,8299
2026-06-15 09:15:00,2345,2345,2320,2325,293,2357.39,8299
2026-06-15 09:20:00,2325,2330,2310,2330,169,2353.26,8299
2026-06-15 09:25:00,2330,2345,2330,2345,132,2352.24,8299
2026-06-15 09:30:00,2345,2345,2335,2340,143,2351.36,8299
2026-06-15 09:35:00,2340,2365,2335,2350,269,2351.47,8299
2026-06-15 09:40:00,2345,2345,2325,2325,144,2350.47,8299
2026-06-15 09:45:00,2325,2340,2315,2335,153,2348.8,8299
2026-06-15 09:50:00,2335,2340,2320,2325,96,2348.13,8299
2026-06-15 09:55:00,2330,2330,2310,2330,160,2346.4,8299
2026-06-15 10:00:00,2325,2330,2315,2320,59,2345.86,8299
2026-06-15 10:05:00,2320,2330,2320,2330,51,2345.49,8299
2026-06-15 10:10:00,2330,2335,2325,2335,20,2345.4,8299
2026-06-15 10:15:00,2335,2335,2325,2325,20,2345.28,8299
2026-06-15 10:20:00,2325,2340,2325,2335,51,2345.02,8299
2026-06-15 10:25:00,2335,2340,2335,2340,45,2344.93,8299
2026-06-15 10:30:00,2345,2355,2340,2340,143,2345.05,8299
2026-06-15 10:35:00,2340,2340,2335,2340,49,2344.96,8299
2026-06-15 10:40:00,2340,2340,2330,2335,24,2344.88,8299
2026-06-15 10:45:00,2335,2335,2325,2330,25,2344.76,8299
2026-06-15 10:50:00,2330,2330,2325,2325,49,2344.47,8299
2026-06-15 10:55:00,2325,2325,2315,2320,60,2344.01,8299
2026-06-15 11:00:00,2320,2325,2315,2325,54,2343.63,8299
2026-06-15 11:05:00,2325,2325,2285,2300,435,2339.2,8299
2026-06-15 11:10:00,2300,2305,2290,2295,104,2338.06,8299
2026-06-15 11:15:00,2295,2300,2290,2295,40,2337.62,8299
2026-06-15 11:20:00,2295,2300,2295,2295,39,2337.21,8299
2026-06-15 11:25:00,2295,2305,2295,2300,39,2336.85,8299
2026-06-15 11:30:00,2300,2305,2295,2305,44,2336.43,8299
2026-06-15 11:35:00,2305,2305,2295,2295,48,2336.02,8299
2026-06-15 11:40:00,2300,2305,2300,2305,30,2335.77,8299
2026-06-15 11:45:00,2305,2315,2305,2310,57,2335.43,8299
2026-06-15 11:50:00,2305,2310,2300,2310,18,2335.29,8299
2026-06-15 11:55:00,2305,2305,2305,2305,14,2335.19,8299
2026-06-15 12:00:00,2305,2310,2305,2305,12,2335.12,8299
2026-06-15 12:05:00,2305,2310,2305,2310,5,2335.09,8299
2026-06-15 12:10:00,2310,2315,2305,2315,40,2334.87,8299
2026-06-15 12:15:00,2310,2315,2310,2315,5,2334.85,8299
2026-06-15 12:20:00,2315,2315,2310,2310,24,2334.71,8299
2026-06-15 12:25:00,2310,2315,2305,2310,41,2334.49,8299
2026-06-15 12:30:00,2310,2310,2310,2310,15,2334.41,8299
2026-06-15 12:35:00,2305,2310,2305,2305,47,2334.1,8299
2026-06-15 12:40:00,2300,2305,2300,2305,24,2333.94,8299
2026-06-15 12:45:00,2305,2310,2305,2310,22,2333.8,8299
2026-06-15 12:50:00,2305,2310,2305,2305,46,2333.51,8299
2026-06-15 12:55:00,2305,2310,2305,2310,59,2333.16,8299
2026-06-15 13:00:00,2305,2310,2305,2305,28,2332.99,8299
2026-06-15 13:05:00,2310,2310,2305,2305,38,2332.77,8299
2026-06-15 13:10:00,2305,2310,2305,2305,188,2331.69,8299
2026-06-15 13:15:00,2305,2305,2300,2300,125,2330.91,8299
2026-06-15 13:20:00,2300,2315,2300,2315,204,2329.92,8299
2026-06-15 13:30:00,2320,2320,2320,2320,284,2329.4,8299
2026-06-16 09:00:00,2350,2400,2345,2365,772,2375.21,8299
2026-06-16 09:05:00,2365,2370,2330,2330,294,2367.75,8299
2026-06-16 09:10:00,2330,2345,2325,2335,221,2362.03,8299
2026-06-16 09:15:00,2335,2340,2335,2335,98,2360.32,8299
2026-06-16 09:20:00,2335,2355,2335,2350,137,2359.29,8299
2026-06-16 09:25:00,2345,2355,2340,2345,104,2358.8,8299
2026-06-16 09:30:00,2345,2370,2345,2360,219,2358.86,8299
2026-06-16 09:35:00,2360,2365,2355,2365,120,2358.96,8299
2026-06-16 09:40:00,2360,2360,2350,2350,60,2358.9,8299
2026-06-16 09:45:00,2355,2355,2345,2355,56,2358.63,8299
2026-06-16 09:50:00,2355,2370,2350,2365,166,2358.82,8299
2026-06-16 09:55:00,2365,2385,2365,2380,171,2359.99,8299
2026-06-16 10:00:00,2380,2380,2365,2370,91,2360.4,8299
2026-06-16 10:05:00,2365,2375,2365,2370,57,2360.62,8299
2026-06-16 10:10:00,2370,2375,2350,2365,129,2360.58,8299
2026-06-16 10:15:00,2365,2375,2360,2360,74,2360.84,8299
2026-06-16 10:20:00,2360,2365,2360,2365,18,2360.86,8299
2026-06-16 10:25:00,2365,2370,2355,2370,42,2360.93,8299
2026-06-16 10:30:00,2375,2375,2365,2365,39,2361.08,8299
2026-06-16 10:35:00,2370,2370,2370,2370,26,2361.16,8299
2026-06-16 10:40:00,2370,2375,2370,2375,21,2361.25,8299
2026-06-16 10:45:00,2375,2375,2360,2360,78,2361.31,8299
2026-06-16 10:50:00,2355,2355,2350,2350,30,2361.24,8299
2026-06-16 10:55:00,2350,2350,2345,2350,74,2360.9,8299
2026-06-16 11:00:00,2350,2350,2345,2345,13,2360.85,8299
2026-06-16 11:05:00,2350,2350,2345,2350,25,2360.76,8299
2026-06-16 11:10:00,2350,2350,2340,2340,83,2360.3,8299
2026-06-16 11:15:00,2340,2340,2340,2340,16,2360.19,8299
2026-06-16 11:20:00,2340,2340,2330,2335,68,2359.68,8299
2026-06-16 11:25:00,2335,2340,2335,2335,14,2359.58,8299
2026-06-16 11:30:00,2340,2345,2340,2345,29,2359.44,8299
2026-06-16 11:35:00,2345,2345,2340,2340,20,2359.35,8299
2026-06-16 11:40:00,2345,2345,2340,2340,18,2359.27,8299
2026-06-16 11:45:00,2340,2345,2340,2345,28,2359.15,8299
2026-06-16 11:50:00,2340,2345,2335,2345,48,2358.89,8299
2026-06-16 11:55:00,2345,2350,2345,2345,10,2358.85,8299
2026-06-16 12:00:00,2345,2350,2345,2345,22,2358.77,8299
2026-06-16 12:05:00,2340,2345,2340,2340,3,2358.76,8299
2026-06-16 12:10:00,2340,2345,2340,2345,25,2358.64,8299
2026-06-16 12:15:00,2340,2345,2335,2340,25,2358.49,8299
2026-06-16 12:20:00,2335,2340,2335,2335,17,2358.39,8299
2026-06-16 12:25:00,2335,2340,2330,2330,88,2357.78,8299
2026-06-16 12:30:00,2330,2330,2325,2330,40,2357.47,8299
2026-06-16 12:35:00,2330,2330,2325,2325,27,2357.26,8299
2026-06-16 12:40:00,2325,2330,2325,2325,22,2357.07,8299
2026-06-16 12:45:00,2325,2330,2320,2320,50,2356.65,8299
2026-06-16 12:50:00,2320,2330,2320,2330,56,2356.16,8299
2026-06-16 12:55:00,2330,2350,2330,2350,82,2355.8,8299
2026-06-16 13:00:00,2345,2350,2345,2345,45,2355.68,8299
2026-06-16 13:05:00,2350,2380,2350,2375,332,2356.53,8299
2026-06-16 13:10:00,2375,2400,2375,2395,453,2360.0,8299
2026-06-16 13:15:00,2395,2395,2380,2390,138,2360.74,8299
2026-06-16 13:20:00,2385,2390,2375,2380,86,2361.12,8299
2026-06-16 13:30:00,2375,2375,2375,2375,263,2361.81,8299
2026-06-17 09:00:00,2340,2340,2290,2300,601,2313.64,8299
2026-06-17 09:05:00,2300,2350,2300,2340,243,2318.71,8299
2026-06-17 09:10:00,2335,2340,2320,2325,64,2319.45,8299
2026-06-17 09:15:00,2325,2325,2305,2310,97,2318.86,8299
2026-06-17 09:20:00,2315,2325,2305,2315,114,2318.03,8299
2026-06-17 09:25:00,2320,2330,2315,2325,31,2318.15,8299
2026-06-17 09:30:00,2330,2340,2330,2335,77,2319.26,8299
2026-06-17 09:35:00,2330,2345,2325,2330,55,2319.9,8299
2026-06-17 09:40:00,2330,2335,2325,2325,46,2320.23,8299
2026-06-17 09:45:00,2325,2340,2325,2340,53,2320.83,8299
2026-06-17 09:50:00,2340,2355,2340,2345,106,2322.66,8299
2026-06-17 09:55:00,2345,2350,2340,2345,41,2323.25,8299
2026-06-17 10:00:00,2345,2345,2330,2330,51,2323.63,8299
2026-06-17 10:05:00,2330,2330,2325,2330,33,2323.69,8299
2026-06-17 10:10:00,2325,2335,2325,2335,18,2323.8,8299
2026-06-17 10:15:00,2335,2340,2330,2335,17,2323.91,8299
2026-06-17 10:20:00,2330,2335,2330,2330,3,2323.92,8299
2026-06-17 10:25:00,2335,2335,2335,2335,24,2324.08,8299
2026-06-17 10:30:00,2335,2340,2335,2340,12,2324.17,8299
2026-06-17 10:35:00,2340,2340,2335,2335,49,2324.52,8299
2026-06-17 10:40:00,2335,2335,2330,2335,10,2324.58,8299
2026-06-17 10:45:00,2340,2345,2335,2335,26,2324.79,8299
2026-06-17 10:50:00,2330,2335,2325,2330,38,2324.89,8299
2026-06-17 10:55:00,2330,2330,2330,2330,9,2324.92,8299
2026-06-17 11:00:00,2330,2335,2325,2325,27,2324.96,8299
2026-06-17 11:05:00,2325,2325,2315,2320,55,2324.84,8299
2026-06-17 11:10:00,2320,2320,2310,2320,48,2324.62,8299
2026-06-17 11:15:00,2315,2315,2305,2305,88,2323.89,8299
2026-06-17 11:20:00,2305,2310,2305,2305,46,2323.51,8299
2026-06-17 11:25:00,2305,2310,2300,2305,51,2323.02,8299
2026-06-17 11:30:00,2305,2310,2300,2310,36,2322.76,8299
2026-06-17 11:35:00,2305,2315,2305,2310,18,2322.65,8299
2026-06-17 11:40:00,2310,2315,2305,2310,24,2322.51,8299
2026-06-17 11:45:00,2310,2315,2310,2315,40,2322.31,8299
2026-06-17 11:50:00,2310,2310,2305,2310,54,2321.97,8299
2026-06-17 11:55:00,2305,2310,2305,2310,40,2321.69,8299
2026-06-17 12:00:00,2310,2310,2300,2305,24,2321.51,8299
2026-06-17 12:05:00,2305,2310,2300,2305,22,2321.36,8299
2026-06-17 12:10:00,2305,2310,2305,2310,16,2321.28,8299
2026-06-17 12:15:00,2315,2315,2310,2315,16,2321.23,8299
2026-06-17 12:20:00,2315,2320,2315,2315,13,2321.2,8299
2026-06-17 12:25:00,2315,2325,2315,2320,56,2321.22,8299
2026-06-17 12:30:00,2320,2320,2300,2300,88,2320.78,8299
2026-06-17 12:35:00,2300,2305,2295,2295,159,2319.51,8299
2026-06-17 12:40:00,2300,2300,2290,2290,124,2318.47,8299
2026-06-17 12:45:00,2290,2300,2290,2295,75,2317.82,8299
2026-06-17 12:50:00,2295,2300,2295,2295,69,2317.31,8299
2026-06-17 12:55:00,2295,2295,2285,2285,115,2316.29,8299
2026-06-17 13:00:00,2290,2310,2285,2305,100,2315.7,8299
2026-06-17 13:05:00,2305,2305,2295,2300,83,2315.29,8299
2026-06-17 13:10:00,2300,2310,2300,2300,107,2314.97,8299
2026-06-17 13:15:00,2305,2315,2300,2310,105,2314.76,8299
2026-06-17 13:20:00,2310,2325,2310,2320,213,2315.01,8299
2026-06-17 13:30:00,2330,2330,2330,2330,227,2315.87,8299
2026-06-18 09:00:00,2350,2360,2340,2350,358,2353.11,8299
2026-06-18 09:05:00,2350,2350,2335,2350,165,2349.89,8299
2026-06-18 09:10:00,2350,2375,2340,2370,221,2352.51,8299
2026-06-18 09:15:00,2370,2425,2370,2415,602,2375.55,8299
2026-06-18 09:20:00,2415,2445,2410,2445,287,2384.2,8299
2026-06-18 09:25:00,2445,2445,2425,2435,337,2393.21,8299
2026-06-18 09:30:00,2435,2435,2395,2395,207,2395.19,8299
2026-06-18 09:35:00,2395,2420,2390,2400,110,2395.54,8299
2026-06-18 09:40:00,2400,2405,2395,2395,57,2395.68,8299
2026-06-18 09:45:00,2395,2395,2380,2390,172,2395.21,8299
2026-06-18 09:50:00,2385,2390,2380,2385,117,2394.69,8299
2026-06-18 09:55:00,2385,2385,2370,2385,137,2393.88,8299
2026-06-18 10:00:00,2390,2450,2390,2445,431,2398.59,8299
2026-06-18 10:05:00,2440,2440,2430,2435,77,2399.47,8299
2026-06-18 10:10:00,2435,2440,2420,2430,37,2399.81,8299
2026-06-18 10:15:00,2430,2440,2430,2435,58,2400.38,8299
2026-06-18 10:20:00,2435,2455,2430,2445,271,2403.75,8299
2026-06-18 10:25:00,2445,2465,2435,2460,210,2406.29,8299
2026-06-18 10:30:00,2460,2465,2445,2450,83,2407.33,8299
2026-06-18 10:35:00,2445,2470,2445,2470,91,2408.51,8299
2026-06-18 10:40:00,2470,2470,2450,2465,92,2409.71,8299
2026-06-18 10:45:00,2465,2485,2460,2480,187,2412.44,8299
2026-06-18 10:50:00,2480,2490,2475,2485,182,2415.33,8299
2026-06-18 10:55:00,2480,2485,2475,2475,99,2416.71,8299
2026-06-18 11:00:00,2475,2480,2470,2470,39,2417.19,8299
2026-06-18 11:05:00,2475,2475,2470,2470,29,2417.55,8299
2026-06-18 11:10:00,2470,2490,2470,2485,83,2418.66,8299
2026-06-18 11:15:00,2485,2485,2475,2485,75,2419.64,8299
2026-06-18 11:20:00,2485,2490,2475,2480,75,2420.62,8299
2026-06-18 11:25:00,2485,2485,2470,2470,56,2421.27,8299
2026-06-18 11:30:00,2470,2470,2465,2470,29,2421.55,8299
2026-06-18 11:35:00,2470,2470,2445,2455,114,2422.35,8299
2026-06-18 11:40:00,2455,2460,2450,2460,46,2422.67,8299
2026-06-18 11:45:00,2465,2470,2465,2470,20,2422.83,8299
2026-06-18 11:50:00,2470,2475,2465,2465,37,2423.17,8299
2026-06-18 11:55:00,2470,2475,2470,2470,19,2423.34,8299
2026-06-18 12:00:00,2465,2470,2465,2465,13,2423.45,8299
2026-06-18 12:05:00,2465,2465,2460,2460,35,2423.71,8299
2026-06-18 12:10:00,2465,2470,2465,2465,22,2423.89,8299
2026-06-18 12:15:00,2465,2465,2460,2460,6,2423.93,8299
2026-06-18 12:20:00,2460,2465,2455,2455,44,2424.24,8299
2026-06-18 12:25:00,2460,2470,2455,2465,28,2424.44,8299
2026-06-18 12:30:00,2470,2475,2470,2475,45,2424.85,8299
2026-06-18 12:35:00,2475,2485,2475,2485,91,2425.8,8299
2026-06-18 12:40:00,2485,2510,2485,2500,373,2430.41,8299
2026-06-18 12:45:00,2495,2500,2490,2500,67,2431.15,8299
2026-06-18 12:50:00,2500,2505,2500,2505,70,2431.98,8299
2026-06-18 12:55:00,2505,2505,2495,2500,44,2432.48,8299
2026-06-18 13:00:00,2500,2510,2495,2505,104,2433.7,8299
2026-06-18 13:05:00,2505,2520,2505,2515,170,2435.77,8299
2026-06-18 13:10:00,2515,2530,2515,2520,207,2438.48,8299
2026-06-18 13:15:00,2525,2535,2520,2525,111,2439.98,8299
2026-06-18 13:20:00,2525,2525,2505,2515,166,2441.83,8299
2026-06-18 13:30:00,2530,2530,2530,2530,680,2449.84,8299
2026-06-22 09:00:00,2600,2615,2575,2595,857,2596.13,8299
2026-06-22 09:05:00,2595,2630,2580,2620,544,2601.88,8299
2026-06-22 09:10:00,2620,2670,2615,2655,582,2614.57,8299
2026-06-22 09:15:00,2655,2665,2635,2640,420,2621.62,8299
2026-06-22 09:20:00,2640,2650,2620,2650,201,2622.47,8299
2026-06-22 09:25:00,2650,2670,2645,2665,394,2627.29,8299
2026-06-22 09:30:00,2665,2665,2625,2625,245,2628.33,8299
2026-06-22 09:35:00,2625,2630,2615,2625,179,2628.11,8299
2026-06-22 09:40:00,2625,2630,2615,2615,138,2627.76,8299
2026-06-22 09:45:00,2615,2625,2590,2625,292,2626.0,8299
2026-06-22 09:50:00,2625,2630,2590,2595,183,2625.03,8299
2026-06-22 09:55:00,2595,2605,2590,2600,97,2624.41,8299
2026-06-22 10:00:00,2595,2605,2595,2605,77,2623.95,8299
2026-06-22 10:05:00,2605,2605,2595,2600,70,2623.53,8299
2026-06-22 10:10:00,2600,2605,2590,2605,72,2623.12,8299
2026-06-22 10:15:00,2605,2625,2600,2620,58,2623.05,8299
2026-06-22 10:20:00,2620,2620,2610,2615,67,2622.93,8299
2026-06-22 10:25:00,2620,2620,2610,2615,34,2622.87,8299
2026-06-22 10:30:00,2610,2620,2610,2620,38,2622.79,8299
2026-06-22 10:35:00,2620,2620,2620,2620,53,2622.75,8299
2026-06-22 10:40:00,2620,2620,2615,2615,67,2622.65,8299
2026-06-22 10:45:00,2615,2625,2615,2620,56,2622.62,8299
2026-06-22 10:50:00,2620,2620,2615,2615,33,2622.56,8299
2026-06-22 10:55:00,2615,2625,2615,2625,74,2622.56,8299
2026-06-22 11:00:00,2625,2625,2615,2620,26,2622.55,8299
2026-06-22 11:05:00,2620,2620,2615,2615,34,2622.5,8299
2026-06-22 11:10:00,2615,2620,2610,2610,89,2622.31,8299
2026-06-22 11:15:00,2610,2610,2605,2605,15,2622.26,8299
2026-06-22 11:20:00,2605,2610,2605,2610,26,2622.2,8299
2026-06-22 11:25:00,2610,2615,2605,2610,35,2622.11,8299
2026-06-22 11:30:00,2615,2620,2615,2620,33,2622.07,8299
2026-06-22 11:35:00,2620,2620,2615,2620,40,2622.04,8299
2026-06-22 11:40:00,2620,2620,2610,2615,17,2622.02,8299
2026-06-22 11:45:00,2610,2615,2605,2605,29,2621.95,8299
2026-06-22 11:50:00,2605,2610,2595,2595,107,2621.53,8299
2026-06-22 11:55:00,2595,2605,2595,2605,48,2621.34,8299
2026-06-22 12:00:00,2605,2610,2605,2610,39,2621.22,8299
2026-06-22 12:05:00,2605,2605,2600,2600,52,2621.04,8299
2026-06-22 12:10:00,2595,2605,2595,2600,34,2620.91,8299
2026-06-22 12:15:00,2600,2600,2585,2585,115,2620.25,8299
2026-06-22 12:20:00,2585,2590,2580,2590,87,2619.7,8299
2026-06-22 12:25:00,2595,2605,2590,2590,73,2619.42,8299
2026-06-22 12:30:00,2590,2595,2585,2590,38,2619.23,8299
2026-06-22 12:35:00,2585,2585,2580,2585,51,2618.92,8299
2026-06-22 12:40:00,2585,2585,2580,2585,26,2618.77,8299
2026-06-22 12:45:00,2585,2585,2580,2580,31,2618.58,8299
2026-06-22 12:50:00,2585,2585,2575,2580,102,2617.91,8299
2026-06-22 12:55:00,2580,2580,2575,2580,40,2617.65,8299
2026-06-22 13:00:00,2580,2585,2570,2580,149,2616.68,8299
2026-06-22 13:05:00,2585,2585,2575,2580,43,2616.42,8299
2026-06-22 13:10:00,2580,2580,2570,2570,52,2616.06,8299
2026-06-22 13:15:00,2570,2590,2570,2580,142,2615.26,8299
2026-06-22 13:20:00,2585,2595,2580,2590,140,2614.64,8299
2026-06-22 13:30:00,2580,2580,2580,2580,330,2612.98,8299
2026-06-23 09:00:00,2565,2590,2555,2570,478,2570.23,8299
2026-06-23 09:05:00,2565,2570,2515,2540,433,2557.77,8299
2026-06-23 09:10:00,2540,2550,2515,2520,270,2551.36,8299
2026-06-23 09:15:00,2515,2515,2480,2485,450,2535.38,8299
2026-06-23 09:20:00,2490,2495,2450,2460,406,2522.7,8299
2026-06-23 09:25:00,2460,2500,2460,2500,229,2519.37,8299
2026-06-23 09:30:00,2500,2530,2500,2525,206,2519.24,8299
2026-06-23 09:35:00,2520,2525,2495,2495,139,2518.93,8299
2026-06-23 09:40:00,2500,2505,2485,2490,66,2518.35,8299
2026-06-23 09:45:00,2485,2490,2475,2475,135,2516.65,8299
2026-06-23 09:50:00,2475,2525,2475,2515,120,2516.03,8299
2026-06-23 09:55:00,2515,2545,2515,2535,200,2516.99,8299
2026-06-23 10:00:00,2540,2555,2535,2545,192,2518.61,8299
2026-06-23 10:05:00,2545,2545,2510,2510,81,2518.8,8299
2026-06-23 10:10:00,2510,2520,2505,2520,50,2518.71,8299
2026-06-23 10:15:00,2515,2520,2510,2515,28,2518.66,8299
2026-06-23 10:20:00,2520,2520,2520,2520,12,2518.67,8299
2026-06-23 10:25:00,2520,2520,2505,2510,48,2518.57,8299
2026-06-23 10:30:00,2510,2515,2505,2505,34,2518.46,8299
2026-06-23 10:35:00,2505,2505,2500,2505,23,2518.36,8299
2026-06-23 10:40:00,2500,2500,2490,2500,70,2517.96,8299
2026-06-23 10:45:00,2505,2505,2500,2500,15,2517.9,8299
2026-06-23 10:50:00,2505,2505,2495,2495,36,2517.72,8299
2026-06-23 10:55:00,2495,2495,2485,2485,51,2517.38,8299
2026-06-23 11:00:00,2485,2490,2475,2490,111,2516.36,8299
2026-06-23 11:05:00,2485,2495,2485,2495,23,2516.21,8299
2026-06-23 11:10:00,2490,2490,2485,2485,25,2516.04,8299
2026-06-23 11:15:00,2485,2485,2480,2480,44,2515.67,8299
2026-06-23 11:20:00,2480,2485,2470,2470,148,2514.13,8299
2026-06-23 11:25:00,2470,2475,2465,2470,34,2513.78,8299
2026-06-23 11:30:00,2470,2470,2455,2455,180,2511.64,8299
2026-06-23 11:35:00,2450,2455,2440,2440,227,2508.46,8299
2026-06-23 11:40:00,2440,2455,2430,2450,151,2506.25,8299
2026-06-23 11:45:00,2450,2455,2450,2450,47,2505.7,8299
2026-06-23 11:50:00,2450,2475,2450,2475,59,2505.18,8299
2026-06-23 11:55:00,2475,2480,2470,2475,38,2504.97,8299
2026-06-23 12:00:00,2475,2480,2470,2475,23,2504.83,8299
2026-06-23 12:05:00,2475,2480,2470,2470,17,2504.73,8299
2026-06-23 12:10:00,2470,2470,2455,2455,55,2504.25,8299
2026-06-23 12:15:00,2455,2455,2450,2450,38,2503.85,8299
2026-06-23 12:20:00,2450,2455,2445,2450,30,2503.53,8299
2026-06-23 12:25:00,2455,2460,2455,2455,63,2502.93,8299
2026-06-23 12:30:00,2460,2465,2460,2465,24,2502.73,8299
2026-06-23 12:35:00,2465,2470,2465,2465,40,2502.44,8299
2026-06-23 12:40:00,2465,2465,2455,2455,41,2502.12,8299
2026-06-23 12:45:00,2455,2455,2450,2455,41,2501.75,8299
2026-06-23 12:50:00,2460,2470,2455,2465,90,2501.08,8299
2026-06-23 12:55:00,2460,2460,2455,2455,49,2500.68,8299
2026-06-23 13:00:00,2450,2455,2440,2450,121,2499.54,8299
2026-06-23 13:05:00,2445,2445,2440,2445,99,2498.56,8299
2026-06-23 13:10:00,2445,2465,2445,2460,135,2497.52,8299
2026-06-23 13:15:00,2460,2465,2450,2455,86,2496.94,8299
2026-06-23 13:20:00,2450,2455,2430,2440,281,2494.38,8299
2026-06-23 13:30:00,2430,2430,2430,2430,248,2491.86,8299
2026-06-24 09:00:00,2385,2420,2355,2355,792,2383.9,8299
2026-06-24 09:05:00,2350,2375,2340,2350,357,2375.24,8299
2026-06-24 09:10:00,2350,2365,2345,2360,182,2372.67,8299
2026-06-24 09:15:00,2360,2375,2360,2370,117,2372.1,8299
2026-06-24 09:20:00,2365,2400,2360,2400,125,2372.93,8299
2026-06-24 09:25:00,2400,2400,2375,2375,92,2373.83,8299
2026-06-24 09:30:00,2375,2400,2375,2390,82,2374.76,8299
2026-06-24 09:35:00,2390,2395,2385,2385,26,2374.98,8299
2026-06-24 09:40:00,2385,2400,2385,2390,69,2375.69,8299
2026-06-24 09:45:00,2395,2400,2390,2400,37,2376.08,8299
2026-06-24 09:50:00,2400,2405,2390,2400,82,2376.96,8299
2026-06-24 09:55:00,2400,2405,2385,2390,88,2377.79,8299
2026-06-24 10:00:00,2390,2400,2380,2380,43,2377.97,8299
2026-06-24 10:05:00,2380,2380,2360,2365,221,2377.01,8299
2026-06-24 10:10:00,2365,2370,2360,2360,60,2376.67,8299
2026-06-24 10:15:00,2360,2370,2350,2370,94,2375.91,8299
2026-06-24 10:20:00,2370,2375,2360,2360,42,2375.77,8299
2026-06-24 10:25:00,2365,2380,2365,2380,24,2375.73,8299
2026-06-24 10:30:00,2380,2380,2375,2375,15,2375.74,8299
2026-06-24 10:35:00,2375,2375,2370,2370,11,2375.72,8299
2026-06-24 10:40:00,2365,2365,2360,2360,10,2375.67,8299
2026-06-24 10:45:00,2365,2365,2355,2355,28,2375.51,8299
2026-06-24 10:50:00,2355,2360,2345,2345,113,2374.5,8299
2026-06-24 10:55:00,2345,2350,2340,2345,87,2373.58,8299
2026-06-24 11:00:00,2345,2345,2330,2330,156,2371.73,8299
2026-06-24 11:05:00,2335,2340,2325,2340,76,2370.7,8299
2026-06-24 11:10:00,2345,2350,2345,2345,26,2370.49,8299
2026-06-24 11:15:00,2345,2350,2345,2350,9,2370.42,8299
2026-06-24 11:20:00,2345,2345,2330,2330,53,2369.9,8299
2026-06-24 11:25:00,2335,2355,2335,2355,48,2369.54,8299
2026-06-24 11:30:00,2355,2360,2350,2360,36,2369.41,8299
2026-06-24 11:35:00,2360,2440,2360,2435,372,2372.54,8299
2026-06-24 11:40:00,2435,2455,2415,2430,221,2376.27,8299
2026-06-24 11:45:00,2430,2440,2430,2440,85,2377.57,8299
2026-06-24 11:50:00,2435,2450,2435,2440,127,2379.73,8299
2026-06-24 11:55:00,2445,2450,2440,2445,78,2380.97,8299
2026-06-24 12:00:00,2440,2445,2425,2425,80,2382.0,8299
2026-06-24 12:05:00,2425,2430,2420,2425,72,2382.75,8299
2026-06-24 12:10:00,2425,2425,2420,2420,51,2383.2,8299
2026-06-24 12:15:00,2420,2420,2405,2405,78,2383.74,8299
2026-06-24 12:20:00,2405,2410,2400,2410,71,2384.08,8299
2026-06-24 12:25:00,2410,2420,2410,2420,47,2384.43,8299
2026-06-24 12:30:00,2425,2425,2420,2425,68,2385.01,8299
2026-06-24 12:35:00,2420,2440,2420,2435,67,2385.7,8299
2026-06-24 12:40:00,2440,2465,2440,2465,182,2388.26,8299
2026-06-24 12:45:00,2460,2465,2445,2455,95,2389.57,8299
2026-06-24 12:50:00,2460,2460,2435,2440,82,2390.5,8299
2026-06-24 12:55:00,2440,2440,2425,2435,86,2391.23,8299
2026-06-24 13:00:00,2435,2440,2425,2430,85,2391.89,8299
2026-06-24 13:05:00,2435,2460,2435,2455,103,2392.95,8299
2026-06-24 13:10:00,2455,2470,2450,2465,174,2395.09,8299
2026-06-24 13:15:00,2460,2480,2460,2475,207,2397.86,8299
2026-06-24 13:20:00,2480,2480,2455,2460,165,2399.91,8299
2026-06-24 13:30:00,2500,2500,2500,2500,920,2413.62,8299
2026-06-25 09:00:00,2605,2620,2555,2565,806,2596.01,8299
2026-06-25 09:05:00,2560,2605,2560,2595,434,2594.12,8299
2026-06-25 09:10:00,2590,2640,2580,2580,783,2600.91,8299
2026-06-25 09:15:00,2580,2585,2565,2580,178,2599.03,8299
2026-06-25 09:20:00,2585,2590,2575,2575,83,2598.41,8299
2026-06-25 09:25:00,2575,2575,2550,2555,218,2595.33,8299
2026-06-25 09:30:00,2555,2560,2545,2555,136,2593.08,8299
2026-06-25 09:35:00,2555,2560,2550,2555,82,2591.85,8299
2026-06-25 09:40:00,2560,2565,2540,2540,131,2589.98,8299
2026-06-25 09:45:00,2535,2555,2525,2555,137,2587.52,8299
2026-06-25 09:50:00,2555,2570,2550,2560,89,2586.73,8299
2026-06-25 09:55:00,2565,2570,2550,2550,63,2586.25,8299
2026-06-25 10:00:00,2550,2565,2550,2565,32,2585.98,8299
2026-06-25 10:05:00,2565,2565,2545,2545,57,2585.46,8299
2026-06-25 10:10:00,2540,2540,2510,2510,140,2582.91,8299
2026-06-25 10:15:00,2510,2530,2505,2530,115,2580.67,8299
2026-06-25 10:20:00,2530,2530,2520,2520,54,2579.83,8299
2026-06-25 10:25:00,2520,2535,2520,2535,25,2579.49,8299
2026-06-25 10:30:00,2530,2540,2530,2535,39,2578.99,8299
2026-06-25 10:35:00,2530,2530,2515,2530,49,2578.27,8299
2026-06-25 10:40:00,2530,2530,2510,2520,34,2577.7,8299
2026-06-25 10:45:00,2515,2515,2505,2510,59,2576.64,8299
2026-06-25 10:50:00,2510,2520,2500,2515,112,2574.62,8299
2026-06-25 10:55:00,2515,2515,2510,2510,14,2574.39,8299
2026-06-25 11:00:00,2510,2515,2495,2495,144,2571.77,8299
2026-06-25 11:05:00,2495,2520,2495,2510,48,2571.06,8299
2026-06-25 11:10:00,2510,2510,2505,2510,23,2570.7,8299
2026-06-25 11:15:00,2510,2515,2510,2515,19,2570.43,8299
2026-06-25 11:20:00,2510,2510,2505,2510,33,2569.94,8299
2026-06-25 11:25:00,2510,2510,2505,2510,13,2569.75,8299
2026-06-25 11:30:00,2510,2515,2505,2515,16,2569.53,8299
2026-06-25 11:35:00,2515,2515,2500,2500,35,2569.01,8299
2026-06-25 11:40:00,2500,2505,2495,2500,44,2568.29,8299
2026-06-25 11:45:00,2495,2495,2480,2485,103,2566.38,8299
2026-06-25 11:50:00,2490,2500,2490,2500,42,2565.68,8299
2026-06-25 11:55:00,2500,2520,2500,2515,52,2565.02,8299
2026-06-25 12:00:00,2510,2510,2500,2510,45,2564.45,8299
2026-06-25 12:05:00,2515,2515,2500,2515,35,2564.04,8299
2026-06-25 12:10:00,2515,2515,2510,2510,7,2563.96,8299
2026-06-25 12:15:00,2510,2510,2500,2505,31,2563.56,8299
2026-06-25 12:20:00,2505,2505,2505,2505,6,2563.48,8299
2026-06-25 12:25:00,2500,2505,2490,2490,52,2562.73,8299
2026-06-25 12:30:00,2490,2490,2485,2485,51,2561.9,8299
2026-06-25 12:35:00,2485,2500,2485,2500,33,2561.39,8299
2026-06-25 12:40:00,2500,2500,2495,2495,24,2561.07,8299
2026-06-25 12:45:00,2495,2500,2490,2495,33,2560.61,8299
2026-06-25 12:50:00,2495,2500,2485,2485,60,2559.76,8299
2026-06-25 12:55:00,2490,2490,2485,2490,45,2559.1,8299
2026-06-25 13:00:00,2490,2495,2485,2495,79,2558.01,8299
2026-06-25 13:05:00,2495,2505,2495,2500,97,2556.88,8299
2026-06-25 13:10:00,2495,2500,2490,2495,97,2555.71,8299
2026-06-25 13:15:00,2495,2495,2485,2490,119,2554.25,8299
2026-06-25 13:20:00,2490,2490,2475,2485,276,2550.71,8299
2026-06-25 13:30:00,2475,2475,2475,2475,428,2545.27,8299
2026-06-26 09:00:00,2495,2540,2480,2490,450,2507.04,8299
2026-06-26 09:05:00,2490,2495,2475,2480,151,2501.49,8299
2026-06-26 09:10:00,2480,2495,2480,2495,106,2499.3,8299
2026-06-26 09:15:00,2500,2515,2495,2510,166,2500.22,8299
2026-06-26 09:20:00,2510,2520,2495,2495,148,2501.55,8299
2026-06-26 09:25:00,2500,2500,2485,2495,57,2501.08,8299
2026-06-26 09:30:00,2495,2495,2475,2480,99,2499.6,8299
2026-06-26 09:35:00,2485,2485,2460,2465,106,2497.38,8299
2026-06-26 09:40:00,2465,2465,2455,2460,96,2494.75,8299
2026-06-26 09:45:00,2455,2455,2440,2440,95,2491.64,8299
2026-06-26 09:50:00,2435,2450,2425,2425,183,2485.36,8299
2026-06-26 09:55:00,2430,2450,2420,2450,88,2482.68,8299
2026-06-26 10:00:00,2450,2460,2450,2450,54,2481.83,8299
2026-06-26 10:05:00,2450,2495,2450,2485,144,2481.44,8299
2026-06-26 10:10:00,2485,2495,2485,2495,90,2481.87,8299
2026-06-26 10:15:00,2500,2500,2480,2480,31,2481.95,8299
2026-06-26 10:20:00,2480,2480,2450,2450,42,2481.57,8299
2026-06-26 10:25:00,2450,2480,2445,2475,67,2481.0,8299
2026-06-26 10:30:00,2475,2485,2465,2465,22,2480.92,8299
2026-06-26 10:35:00,2470,2470,2445,2460,51,2480.33,8299
2026-06-26 10:40:00,2460,2460,2440,2445,83,2479.12,8299
2026-06-26 10:45:00,2440,2440,2425,2425,64,2477.91,8299
2026-06-26 10:50:00,2430,2435,2420,2425,86,2476.12,8299
2026-06-26 10:55:00,2425,2430,2425,2430,47,2475.19,8299
2026-06-26 11:00:00,2430,2430,2405,2405,112,2472.8,8299
2026-06-26 11:05:00,2400,2405,2350,2375,319,2462.58,8299
2026-06-26 11:10:00,2365,2395,2365,2385,155,2458.31,8299
2026-06-26 11:15:00,2390,2400,2380,2395,59,2457.1,8299
2026-06-26 11:20:00,2395,2395,2365,2365,55,2455.74,8299
2026-06-26 11:25:00,2370,2390,2370,2385,34,2454.98,8299
2026-06-26 11:30:00,2390,2390,2375,2375,37,2454.14,8299
2026-06-26 11:35:00,2375,2375,2365,2365,48,2452.91,8299
2026-06-26 11:40:00,2365,2380,2365,2380,50,2451.76,8299
2026-06-26 11:45:00,2385,2385,2375,2375,24,2451.25,8299
2026-06-26 11:50:00,2375,2385,2370,2385,29,2450.65,8299
2026-06-26 11:55:00,2390,2400,2390,2400,68,2449.59,8299
2026-06-26 12:00:00,2405,2405,2395,2395,39,2449.04,8299
2026-06-26 12:05:00,2390,2390,2375,2375,49,2448.13,8299
2026-06-26 12:10:00,2375,2400,2375,2390,34,2447.59,8299
2026-06-26 12:15:00,2390,2395,2390,2395,9,2447.45,8299
2026-06-26 12:20:00,2390,2390,2385,2385,23,2447.07,8299
2026-06-26 12:25:00,2385,2385,2370,2370,58,2446.0,8299
2026-06-26 12:30:00,2375,2380,2375,2375,27,2445.5,8299
2026-06-26 12:35:00,2380,2380,2375,2375,50,2444.61,8299
2026-06-26 12:40:00,2375,2375,2365,2365,64,2443.35,8299
2026-06-26 12:45:00,2365,2370,2360,2370,74,2441.88,8299
2026-06-26 12:50:00,2370,2370,2360,2360,57,2440.79,8299
2026-06-26 12:55:00,2360,2365,2340,2340,166,2437.18,8299
2026-06-26 13:00:00,2345,2345,2340,2340,89,2435.18,8299
2026-06-26 13:05:00,2340,2345,2330,2330,125,2432.42,8299
2026-06-26 13:10:00,2335,2350,2335,2340,152,2429.39,8299
2026-06-26 13:15:00,2340,2345,2315,2320,236,2424.25,8299
2026-06-26 13:20:00,2320,2320,2305,2310,250,2418.7,8299
2026-06-26 13:30:00,2310,2310,2310,2310,290,2412.76,8299
2026-06-29 09:00:00,2320,2325,2300,2325,300,2315.1,8299
2026-06-29 09:05:00,2325,2360,2325,2340,164,2325.26,8299
2026-06-29 09:10:00,2335,2370,2335,2370,119,2330.75,8299
2026-06-29 09:15:00,2370,2400,2370,2395,206,2344.4,8299
2026-06-29 09:20:00,2395,2395,2370,2370,60,2346.91,8299
2026-06-29 09:25:00,2370,2370,2345,2345,47,2347.53,8299
2026-06-29 09:30:00,2350,2375,2350,2370,42,2348.08,8299
2026-06-29 09:35:00,2370,2385,2370,2380,71,2350.21,8299
2026-06-29 09:40:00,2375,2385,2375,2380,43,2351.5,8299
2026-06-29 09:45:00,2380,2380,2375,2375,9,2351.71,8299
2026-06-29 09:50:00,2370,2380,2365,2375,54,2352.78,8299
2026-06-29 09:55:00,2370,2370,2360,2365,33,2353.15,8299
2026-06-29 10:00:00,2360,2370,2355,2365,40,2353.48,8299
2026-06-29 10:05:00,2360,2360,2340,2340,59,2353.36,8299
2026-06-29 10:10:00,2340,2345,2330,2335,63,2352.61,8299
2026-06-29 10:15:00,2335,2350,2320,2350,102,2351.01,8299
2026-06-29 10:20:00,2350,2360,2350,2350,25,2351.09,8299
2026-06-29 10:25:00,2350,2360,2350,2350,20,2351.14,8299
2026-06-29 10:30:00,2355,2355,2345,2345,11,2351.12,8299
2026-06-29 10:35:00,2350,2355,2345,2345,14,2351.08,8299
2026-06-29 10:40:00,2345,2355,2345,2355,5,2351.08,8299
2026-06-29 10:45:00,2355,2355,2345,2345,12,2351.04,8299
2026-06-29 10:50:00,2345,2345,2340,2340,11,2350.97,8299
2026-06-29 10:55:00,2340,2355,2340,2355,29,2350.87,8299
2026-06-29 11:00:00,2355,2360,2355,2355,19,2350.93,8299
2026-06-29 11:05:00,2355,2355,2340,2345,17,2350.9,8299
2026-06-29 11:10:00,2345,2345,2340,2340,24,2350.75,8299
2026-06-29 11:15:00,2340,2340,2340,2340,1,2350.74,8299
2026-06-29 11:20:00,2340,2340,2340,2340,5,2350.71,8299
2026-06-29 11:25:00,2340,2340,2340,2340,5,2350.68,8299
2026-06-29 11:30:00,2340,2340,2330,2330,32,2350.37,8299
2026-06-29 11:35:00,2330,2330,2325,2325,13,2350.18,8299
2026-06-29 11:40:00,2325,2325,2315,2315,41,2349.39,8299
2026-06-29 11:45:00,2315,2325,2315,2325,26,2348.95,8299
2026-06-29 11:50:00,2325,2340,2325,2340,46,2348.53,8299
2026-06-29 11:55:00,2340,2340,2335,2340,10,2348.47,8299
2026-06-29 12:00:00,2340,2340,2335,2335,5,2348.45,8299
2026-06-29 12:05:00,2335,2335,2330,2330,5,2348.41,8299
2026-06-29 12:10:00,2335,2335,2330,2330,5,2348.37,8299
2026-06-29 12:15:00,2330,2335,2330,2335,5,2348.32,8299
2026-06-29 12:20:00,2330,2340,2330,2340,18,2348.17,8299
2026-06-29 12:25:00,2340,2340,2335,2335,32,2348.01,8299
2026-06-29 12:30:00,2330,2330,2325,2330,11,2347.9,8299
2026-06-29 12:35:00,2330,2350,2320,2345,68,2347.59,8299
2026-06-29 12:40:00,2335,2340,2335,2340,22,2347.49,8299
2026-06-29 12:45:00,2340,2360,2340,2360,91,2347.72,8299
2026-06-29 12:50:00,2360,2365,2360,2360,31,2347.91,8299
2026-06-29 12:55:00,2360,2360,2355,2355,17,2348.01,8299
2026-06-29 13:00:00,2355,2360,2345,2345,56,2348.2,8299
2026-06-29 13:05:00,2345,2355,2340,2355,52,2348.25,8299
2026-06-29 13:10:00,2355,2365,2355,2355,64,2348.56,8299
2026-06-29 13:15:00,2355,2365,2355,2360,65,2348.83,8299
2026-06-29 13:20:00,2365,2365,2350,2350,51,2348.96,8299
2026-06-29 13:30:00,2340,2340,2340,2340,140,2348.46,8299
2026-06-30 09:00:00,2390,2390,2350,2350,302,2375.88,8299
2026-06-30 09:05:00,2350,2360,2325,2330,233,2362.06,8299
2026-06-30 09:10:00,2325,2345,2320,2345,147,2355.43,8299
2026-06-30 09:15:00,2335,2350,2330,2350,111,2353.39,8299
2026-06-30 09:20:00,2350,2350,2320,2325,138,2350.23,8299
2026-06-30 09:25:00,2330,2340,2320,2340,104,2347.86,8299
2026-06-30 09:30:00,2345,2355,2335,2350,95,2347.76,8299
2026-06-30 09:35:00,2350,2350,2335,2335,39,2347.66,8299
2026-06-30 09:40:00,2345,2345,2335,2345,19,2347.54,8299
2026-06-30 09:45:00,2340,2345,2340,2345,49,2347.3,8299
2026-06-30 09:50:00,2345,2360,2340,2355,125,2347.87,8299
2026-06-30 09:55:00,2360,2380,2355,2375,123,2349.53,8299
2026-06-30 10:00:00,2375,2375,2355,2365,38,2349.91,8299
2026-06-30 10:05:00,2365,2370,2365,2370,23,2350.17,8299
2026-06-30 10:10:00,2365,2370,2365,2370,15,2350.35,8299
2026-06-30 10:15:00,2365,2370,2360,2370,37,2350.69,8299
2026-06-30 10:20:00,2370,2390,2370,2390,82,2352.11,8299
2026-06-30 10:25:00,2385,2385,2380,2380,35,2352.78,8299
2026-06-30 10:30:00,2385,2400,2385,2400,125,2355.6,8299
2026-06-30 10:35:00,2405,2405,2390,2390,54,2356.78,8299
2026-06-30 10:40:00,2385,2390,2385,2390,13,2356.99,8299
2026-06-30 10:45:00,2390,2400,2390,2400,21,2357.41,8299
2026-06-30 10:50:00,2395,2405,2395,2395,26,2357.96,8299
2026-06-30 10:55:00,2395,2395,2380,2385,19,2358.25,8299
2026-06-30 11:00:00,2380,2380,2370,2375,37,2358.56,8299
2026-06-30 11:05:00,2375,2385,2370,2385,38,2358.91,8299
2026-06-30 11:10:00,2385,2390,2380,2385,12,2359.05,8299
2026-06-30 11:15:00,2380,2385,2380,2385,10,2359.18,8299
2026-06-30 11:20:00,2380,2385,2380,2380,10,2359.28,8299
2026-06-30 11:25:00,2385,2390,2385,2390,25,2359.63,8299
2026-06-30 11:30:00,2390,2400,2390,2395,45,2360.36,8299
2026-06-30 11:35:00,2395,2400,2395,2395,26,2360.79,8299
2026-06-30 11:40:00,2395,2400,2395,2395,14,2361.01,8299
2026-06-30 11:45:00,2395,2395,2395,2395,13,2361.21,8299
2026-06-30 11:50:00,2395,2395,2395,2395,8,2361.33,8299
2026-06-30 11:55:00,2390,2390,2390,2390,10,2361.46,8299
2026-06-30 12:00:00,2390,2395,2390,2395,10,2361.59,8299
2026-06-30 12:05:00,2395,2395,2390,2390,4,2361.64,8299
2026-06-30 12:10:00,2385,2385,2385,2385,12,2361.77,8299
2026-06-30 12:15:00,2385,2390,2385,2390,21,2361.99,8299
2026-06-30 12:20:00,2390,2390,2385,2390,8,2362.08,8299
2026-06-30 12:25:00,2390,2390,2385,2385,3,2362.11,8299
2026-06-30 12:30:00,2390,2390,2390,2390,4,2362.16,8299
2026-06-30 12:35:00,2390,2390,2385,2385,24,2362.41,8299
2026-06-30 12:40:00,2385,2385,2385,2385,8,2362.48,8299
2026-06-30 12:45:00,2385,2395,2385,2395,61,2363.23,8299
2026-06-30 12:50:00,2395,2400,2395,2400,33,2363.67,8299
2026-06-30 12:55:00,2400,2400,2395,2395,39,2364.18,8299
2026-06-30 13:00:00,2395,2395,2390,2395,15,2364.35,8299
2026-06-30 13:05:00,2390,2400,2390,2395,51,2364.97,8299
2026-06-30 13:10:00,2395,2395,2390,2390,8,2365.06,8299
2026-06-30 13:15:00,2390,2390,2390,2390,70,2365.73,8299
2026-06-30 13:20:00,2390,2390,2380,2385,54,2366.13,8299
2026-06-30 13:30:00,2385,2385,2385,2385,158,2367.2,8299
2026-07-01 09:00:00,2420,2420,2390,2390,317,2407.82,8299
2026-07-01 09:05:00,2395,2400,2370,2390,260,2397.41,8299
2026-07-01 09:10:00,2390,2390,2360,2365,142,2393.03,8299
2026-07-01 09:15:00,2365,2370,2355,2365,112,2388.95,8299
2026-07-01 09:20:00,2365,2365,2345,2345,171,2382.83,8299
2026-07-01 09:25:00,2345,2350,2330,2335,168,2376.36,8299
2026-07-01 09:30:00,2335,2335,2285,2285,319,2362.41,8299
2026-07-01 09:35:00,2285,2295,2255,2275,364,2345.02,8299
2026-07-01 09:40:00,2280,2295,2265,2290,124,2341.01,8299
2026-07-01 09:45:00,2285,2295,2280,2295,84,2338.73,8299
2026-07-01 09:50:00,2295,2310,2295,2310,74,2337.47,8299
2026-07-01 09:55:00,2315,2315,2285,2285,144,2335.05,8299
2026-07-01 10:00:00,2295,2295,2275,2280,84,2333.31,8299
2026-07-01 10:05:00,2280,2285,2275,2280,51,2332.15,8299
2026-07-01 10:10:00,2275,2290,2270,2285,60,2330.84,8299
2026-07-01 10:15:00,2285,2300,2285,2295,48,2330.14,8299
2026-07-01 10:20:00,2295,2300,2295,2300,26,2329.8,8299
2026-07-01 10:25:00,2300,2310,2295,2305,57,2329.15,8299
2026-07-01 10:30:00,2305,2320,2305,2320,49,2328.83,8299
2026-07-01 10:35:00,2315,2320,2310,2310,79,2328.39,8299
2026-07-01 10:40:00,2315,2325,2310,2315,55,2328.26,8299
2026-07-01 10:45:00,2315,2320,2305,2305,40,2328.04,8299
2026-07-01 10:50:00,2305,2305,2300,2300,25,2327.83,8299
2026-07-01 10:55:00,2300,2300,2290,2290,55,2327.27,8299
2026-07-01 11:00:00,2290,2295,2290,2290,39,2326.78,8299
2026-07-01 11:05:00,2290,2295,2290,2290,22,2326.52,8299
2026-07-01 11:10:00,2295,2295,2285,2295,21,2326.27,8299
2026-07-01 11:15:00,2295,2295,2280,2280,48,2325.65,8299
2026-07-01 11:20:00,2285,2295,2285,2290,26,2325.35,8299
2026-07-01 11:25:00,2290,2295,2290,2295,21,2325.12,8299
2026-07-01 11:30:00,2290,2295,2290,2290,13,2324.97,8299
2026-07-01 11:35:00,2290,2295,2290,2290,17,2324.78,8299
2026-07-01 11:40:00,2295,2295,2285,2290,22,2324.54,8299
2026-07-01 11:45:00,2285,2295,2285,2295,32,2324.17,8299
2026-07-01 11:50:00,2290,2295,2285,2285,35,2323.79,8299
2026-07-01 11:55:00,2285,2295,2285,2290,35,2323.4,8299
2026-07-01 12:00:00,2290,2295,2285,2285,35,2323.05,8299
2026-07-01 12:05:00,2290,2295,2285,2290,91,2322.11,8299
2026-07-01 12:10:00,2290,2290,2280,2280,43,2321.64,8299
2026-07-01 12:15:00,2280,2290,2280,2285,34,2321.25,8299
2026-07-01 12:20:00,2280,2290,2280,2280,36,2320.86,8299
2026-07-01 12:25:00,2285,2285,2275,2280,63,2320.15,8299
2026-07-01 12:30:00,2280,2295,2275,2290,66,2319.55,8299
2026-07-01 12:35:00,2295,2295,2285,2295,20,2319.39,8299
2026-07-01 12:40:00,2295,2295,2285,2285,31,2319.14,8299
2026-07-01 12:45:00,2290,2295,2285,2290,45,2318.79,8299
2026-07-01 12:50:00,2290,2290,2285,2285,25,2318.59,8299
2026-07-01 12:55:00,2290,2290,2285,2285,20,2318.41,8299
2026-07-01 13:00:00,2285,2290,2280,2280,56,2317.91,8299
2026-07-01 13:05:00,2285,2285,2280,2285,78,2317.17,8299
2026-07-01 13:10:00,2280,2285,2275,2275,55,2316.64,8299
2026-07-01 13:15:00,2275,2280,2270,2275,155,2315.08,8299
2026-07-01 13:20:00,2275,2275,2270,2275,142,2313.68,8299
2026-07-01 13:30:00,2270,2270,2270,2270,275,2311.01,8299
2026-07-02 09:00:00,2160,2180,2135,2160,622,2156.36,8299
2026-07-02 09:05:00,2160,2185,2160,2180,174,2160.53,8299
2026-07-02 09:10:00,2185,2185,2170,2170,124,2162.86,8299
2026-07-02 09:15:00,2170,2185,2170,2180,74,2163.86,8299
2026-07-02 09:20:00,2175,2190,2165,2185,118,2165.06,8299
2026-07-02 09:25:00,2190,2190,2185,2190,41,2165.81,8299
2026-07-02 09:30:00,2190,2200,2185,2185,129,2168.44,8299
2026-07-02 09:35:00,2185,2190,2180,2180,46,2168.98,8299
2026-07-02 09:40:00,2185,2185,2160,2165,161,2169.13,8299
2026-07-02 09:45:00,2165,2190,2160,2185,99,2169.41,8299
2026-07-02 09:50:00,2185,2190,2180,2185,26,2169.68,8299
2026-07-02 09:55:00,2185,2190,2180,2185,51,2170.18,8299
2026-07-02 10:00:00,2185,2190,2180,2190,42,2170.56,8299
2026-07-02 10:05:00,2185,2205,2185,2205,129,2172.63,8299
2026-07-02 10:10:00,2210,2210,2200,2205,65,2173.81,8299
2026-07-02 10:15:00,2205,2210,2200,2205,28,2174.26,8299
2026-07-02 10:20:00,2205,2210,2200,2200,81,2175.49,8299
2026-07-02 10:25:00,2195,2215,2195,2210,30,2175.94,8299
2026-07-02 10:30:00,2210,2210,2200,2210,42,2176.59,8299
2026-07-02 10:35:00,2210,2225,2205,2225,69,2177.86,8299
2026-07-02 10:40:00,2225,2230,2225,2230,45,2178.9,8299
2026-07-02 10:45:00,2230,2240,2225,2230,103,2181.43,8299
2026-07-02 10:50:00,2225,2230,2215,2215,39,2182.08,8299
2026-07-02 10:55:00,2220,2225,2220,2220,20,2182.42,8299
2026-07-02 11:00:00,2225,2225,2210,2210,28,2182.81,8299
2026-07-02 11:05:00,2210,2215,2205,2205,16,2182.99,8299
2026-07-02 11:10:00,2205,2205,2195,2200,76,2183.52,8299
2026-07-02 11:15:00,2200,2210,2200,2205,35,2183.82,8299
2026-07-02 11:20:00,2205,2205,2200,2205,28,2184.04,8299
2026-07-02 11:25:00,2205,2205,2195,2195,19,2184.16,8299
2026-07-02 11:30:00,2200,2210,2200,2205,41,2184.52,8299
2026-07-02 11:35:00,2205,2220,2205,2210,25,2184.78,8299
2026-07-02 11:40:00,2210,2210,2205,2210,19,2184.94,8299
2026-07-02 11:45:00,2210,2215,2210,2210,16,2185.09,8299
2026-07-02 11:50:00,2210,2225,2205,2220,49,2185.66,8299
2026-07-02 11:55:00,2220,2225,2220,2220,22,2185.94,8299
2026-07-02 12:00:00,2215,2225,2215,2225,34,2186.36,8299
2026-07-02 12:05:00,2220,2220,2220,2220,5,2186.42,8299
2026-07-02 12:10:00,2220,2220,2215,2220,55,2187.04,8299
2026-07-02 12:15:00,2220,2220,2215,2215,10,2187.15,8299
2026-07-02 12:20:00,2220,2230,2220,2225,42,2187.69,8299
2026-07-02 12:25:00,2230,2230,2225,2230,51,2188.42,8299
2026-07-02 12:30:00,2230,2230,2220,2220,41,2188.93,8299
2026-07-02 12:35:00,2220,2225,2220,2225,34,2189.3,8299
2026-07-02 12:40:00,2225,2225,2220,2220,12,2189.44,8299
2026-07-02 12:45:00,2220,2220,2215,2220,35,2189.78,8299
2026-07-02 12:50:00,2220,2225,2220,2225,18,2189.96,8299
2026-07-02 12:55:00,2220,2230,2220,2230,79,2190.84,8299
2026-07-02 13:00:00,2230,2235,2230,2230,27,2191.18,8299
2026-07-02 13:05:00,2235,2235,2230,2235,40,2191.67,8299
2026-07-02 13:10:00,2235,2235,2225,2225,53,2192.27,8299
2026-07-02 13:15:00,2225,2235,2225,2225,87,2193.25,8299
2026-07-02 13:20:00,2225,2240,2225,2235,80,2194.2,8299
2026-07-02 13:30:00,2240,2240,2240,2240,175,2196.42,8299
2026-07-03 09:00:00,2200,2255,2180,2255,320,2206.23,8299
2026-07-03 09:05:00,2255,2265,2230,2260,190,2221.17,8299
2026-07-03 09:10:00,2265,2290,2265,2275,237,2239.12,8299
2026-07-03 09:15:00,2275,2280,2250,2275,117,2242.7,8299
2026-07-03 09:20:00,2280,2290,2240,2250,196,2246.79,8299
2026-07-03 09:25:00,2245,2255,2235,2255,137,2246.11,8299
2026-07-03 09:30:00,2255,2255,2230,2230,105,2245.4,8299
2026-07-03 09:35:00,2225,2240,2225,2235,62,2244.68,8299
2026-07-03 09:40:00,2240,2245,2230,2240,56,2244.46,8299
2026-07-03 09:45:00,2240,2250,2240,2245,40,2244.51,8299
2026-07-03 09:50:00,2240,2240,2235,2235,28,2244.36,8299
2026-07-03 09:55:00,2235,2260,2230,2260,90,2244.62,8299
2026-07-03 10:00:00,2260,2280,2260,2270,147,2246.7,8299
2026-07-03 10:05:00,2270,2275,2265,2275,33,2247.15,8299
2026-07-03 10:10:00,2270,2275,2260,2270,82,2248.07,8299
2026-07-03 10:15:00,2265,2270,2260,2265,40,2248.38,8299
2026-07-03 10:20:00,2270,2285,2265,2280,81,2249.65,8299
2026-07-03 10:25:00,2280,2295,2275,2290,89,2251.27,8299
2026-07-03 10:30:00,2290,2295,2280,2285,42,2252.01,8299
2026-07-03 10:35:00,2285,2290,2280,2290,39,2252.69,8299
2026-07-03 10:40:00,2290,2290,2275,2275,35,2253.17,8299
2026-07-03 10:45:00,2280,2285,2275,2275,30,2253.54,8299
2026-07-03 10:50:00,2275,2275,2265,2270,35,2253.82,8299
2026-07-03 10:55:00,2270,2285,2270,2280,45,2254.3,8299
2026-07-03 11:00:00,2280,2280,2280,2280,11,2254.42,8299
2026-07-03 11:05:00,2280,2280,2270,2275,11,2254.52,8299
2026-07-03 11:10:00,2275,2275,2265,2270,20,2254.65,8299
2026-07-03 11:15:00,2265,2275,2265,2275,13,2254.74,8299
2026-07-03 11:20:00,2275,2275,2275,2275,9,2254.82,8299
2026-07-03 11:25:00,2275,2285,2275,2280,109,2255.95,8299
2026-07-03 11:30:00,2285,2290,2280,2290,71,2256.84,8299
2026-07-03 11:35:00,2290,2290,2280,2280,24,2257.13,8299
2026-07-03 11:40:00,2285,2295,2285,2290,47,2257.74,8299
2026-07-03 11:45:00,2290,2295,2285,2285,30,2258.13,8299
2026-07-03 11:50:00,2285,2290,2285,2285,7,2258.2,8299
2026-07-03 11:55:00,2290,2310,2290,2310,128,2260.11,8299
2026-07-03 12:00:00,2310,2310,2300,2300,46,2260.89,8299
2026-07-03 12:05:00,2300,2305,2300,2300,25,2261.25,8299
2026-07-03 12:10:00,2300,2305,2300,2300,22,2261.56,8299
2026-07-03 12:15:00,2310,2310,2305,2310,22,2261.93,8299
2026-07-03 12:20:00,2310,2310,2305,2305,32,2262.44,8299
2026-07-03 12:25:00,2305,2310,2305,2310,12,2262.63,8299
2026-07-03 12:30:00,2310,2310,2300,2300,32,2263.09,8299
2026-07-03 12:35:00,2300,2305,2300,2305,8,2263.2,8299
2026-07-03 12:40:00,2300,2305,2300,2305,10,2263.32,8299
2026-07-03 12:45:00,2300,2305,2300,2300,17,2263.54,8299
2026-07-03 12:50:00,2300,2305,2295,2295,24,2263.83,8299
2026-07-03 12:55:00,2295,2300,2290,2295,37,2264.21,8299
2026-07-03 13:00:00,2300,2300,2295,2295,16,2264.38,8299
2026-07-03 13:05:00,2295,2295,2290,2295,23,2264.6,8299
2026-07-03 13:10:00,2290,2295,2290,2295,44,2265.0,8299
2026-07-03 13:15:00,2295,2300,2290,2295,33,2265.31,8299
2026-07-03 13:20:00,2295,2300,2290,2295,89,2266.12,8299
2026-07-03 13:30:00,2295,2295,2295,2295,138,2267.29,8299
2026-07-06 09:00:00,2345,2410,2345,2380,468,2377.82,8299
2026-07-06 09:05:00,2375,2395,2370,2395,285,2379.19,8299
2026-07-06 09:10:00,2395,2400,2380,2395,159,2381.22,8299
2026-07-06 09:15:00,2395,2410,2395,2400,227,2385.29,8299
2026-07-06 09:20:00,2405,2420,2405,2405,167,2388.52,8299
2026-07-06 09:25:00,2405,2405,2375,2380,142,2388.56,8299
2026-07-06 09:30:00,2380,2400,2380,2390,63,2388.74,8299
2026-07-06 09:35:00,2390,2390,2380,2385,32,2388.67,8299
2026-07-06 09:40:00,2385,2385,2360,2365,173,2386.78,8299
2026-07-06 09:45:00,2360,2365,2335,2335,221,2382.62,8299
2026-07-06 09:50:00,2335,2340,2325,2340,145,2379.2,8299
2026-07-06 09:55:00,2340,2345,2320,2325,143,2376.28,8299
2026-07-06 10:00:00,2325,2350,2325,2345,44,2375.54,8299
2026-07-06 10:05:00,2345,2355,2340,2340,48,2374.98,8299
2026-07-06 10:10:00,2340,2340,2320,2320,110,2372.76,8299
2026-07-06 10:15:00,2315,2330,2315,2330,41,2371.89,8299
2026-07-06 10:20:00,2330,2340,2325,2335,26,2371.52,8299
2026-07-06 10:25:00,2335,2335,2325,2325,44,2370.81,8299
2026-07-06 10:30:00,2320,2325,2310,2310,74,2369.32,8299
2026-07-06 10:35:00,2310,2315,2295,2305,136,2366.08,8299
2026-07-06 10:40:00,2305,2305,2285,2295,101,2363.53,8299
2026-07-06 10:45:00,2290,2290,2265,2275,176,2358.76,8299
2026-07-06 10:50:00,2275,2305,2275,2305,72,2357.28,8299
2026-07-06 10:55:00,2305,2305,2300,2305,24,2356.87,8299
2026-07-06 11:00:00,2305,2315,2305,2315,51,2356.08,8299
2026-07-06 11:05:00,2310,2310,2300,2300,35,2355.51,8299
2026-07-06 11:10:00,2305,2310,2305,2305,12,2355.33,8299
2026-07-06 11:15:00,2305,2305,2300,2300,20,2355.02,8299
2026-07-06 11:20:00,2305,2305,2300,2305,19,2354.72,8299
2026-07-06 11:25:00,2305,2310,2305,2310,6,2354.63,8299
2026-07-06 11:30:00,2305,2305,2300,2305,21,2354.31,8299
2026-07-06 11:35:00,2310,2310,2310,2310,23,2354.0,8299
2026-07-06 11:40:00,2305,2305,2305,2305,12,2353.82,8299
2026-07-06 11:45:00,2305,2310,2305,2305,21,2353.53,8299
2026-07-06 11:50:00,2305,2310,2305,2310,9,2353.4,8299
2026-07-06 11:55:00,2305,2305,2300,2305,15,2353.19,8299
2026-07-06 12:00:00,2305,2305,2300,2305,13,2353.0,8299
2026-07-06 12:05:00,2305,2305,2305,2305,2,2352.97,8299
2026-07-06 12:10:00,2310,2310,2305,2305,26,2352.64,8299
2026-07-06 12:15:00,2310,2310,2310,2310,12,2352.49,8299
2026-07-06 12:20:00,2310,2310,2300,2305,44,2351.88,8299
2026-07-06 12:25:00,2305,2305,2300,2300,16,2351.65,8299
2026-07-06 12:30:00,2305,2310,2305,2310,44,2351.07,8299
2026-07-06 12:35:00,2305,2310,2305,2310,41,2350.56,8299
2026-07-06 12:40:00,2310,2310,2310,2310,19,2350.34,8299
2026-07-06 12:45:00,2310,2310,2305,2305,21,2350.1,8299
2026-07-06 12:50:00,2305,2310,2300,2305,55,2349.42,8299
2026-07-06 12:55:00,2305,2305,2300,2305,31,2349.04,8299
2026-07-06 13:00:00,2305,2305,2295,2295,44,2348.47,8299
2026-07-06 13:05:00,2295,2300,2295,2300,54,2347.75,8299
2026-07-06 13:10:00,2300,2310,2300,2305,90,2346.75,8299
2026-07-06 13:15:00,2305,2305,2295,2295,64,2346.0,8299
2026-07-06 13:20:00,2295,2300,2285,2285,214,2343.21,8299
2026-07-06 13:30:00,2290,2290,2290,2290,244,2340.26,8299
2026-07-07 09:00:00,2295,2295,2235,2240,604,2263.1,8299
2026-07-07 09:05:00,2240,2270,2240,2250,235,2259.42,8299
2026-07-07 09:10:00,2255,2285,2250,2275,197,2260.82,8299
2026-07-07 09:15:00,2275,2275,2260,2270,115,2261.46,8299
2026-07-07 09:20:00,2265,2270,2240,2245,115,2260.66,8299
2026-07-07 09:25:00,2240,2260,2235,2260,123,2259.12,8299
2026-07-07 09:30:00,2260,2260,2250,2260,37,2259.01,8299
2026-07-07 09:35:00,2265,2280,2265,2275,88,2259.66,8299
2026-07-07 09:40:00,2280,2280,2270,2270,57,2260.13,8299
2026-07-07 09:45:00,2275,2280,2275,2275,75,2260.82,8299
2026-07-07 09:50:00,2275,2275,2260,2260,47,2260.98,8299
2026-07-07 09:55:00,2265,2265,2245,2245,68,2260.69,8299
2026-07-07 10:00:00,2250,2255,2245,2250,49,2260.4,8299
2026-07-07 10:05:00,2250,2255,2245,2255,40,2260.21,8299
2026-07-07 10:10:00,2260,2260,2245,2250,82,2259.83,8299
2026-07-07 10:15:00,2245,2250,2245,2245,12,2259.76,8299
2026-07-07 10:20:00,2250,2250,2245,2245,11,2259.7,8299
2026-07-07 10:25:00,2245,2245,2240,2240,59,2259.23,8299
2026-07-07 10:30:00,2240,2240,2230,2235,132,2257.76,8299
2026-07-07 10:35:00,2230,2235,2230,2230,82,2256.81,8299
2026-07-07 10:40:00,2230,2235,2225,2225,111,2255.5,8299
2026-07-07 10:45:00,2225,2230,2215,2215,81,2254.37,8299
2026-07-07 10:50:00,2215,2215,2205,2210,144,2251.79,8299
2026-07-07 10:55:00,2215,2215,2195,2195,191,2248.63,8299
2026-07-07 11:00:00,2200,2215,2190,2215,104,2246.9,8299
2026-07-07 11:05:00,2220,2220,2215,2215,34,2246.58,8299
2026-07-07 11:10:00,2215,2220,2210,2210,69,2245.81,8299
2026-07-07 11:15:00,2205,2205,2190,2195,88,2244.41,8299
2026-07-07 11:20:00,2195,2195,2190,2190,75,2243.2,8299
2026-07-07 11:25:00,2190,2195,2175,2175,168,2240.07,8299
2026-07-07 11:30:00,2170,2195,2170,2195,89,2238.4,8299
2026-07-07 11:35:00,2195,2195,2185,2195,52,2237.7,8299
2026-07-07 11:40:00,2190,2195,2180,2180,53,2236.92,8299
2026-07-07 11:45:00,2180,2180,2170,2170,84,2235.46,8299
2026-07-07 11:50:00,2175,2180,2170,2170,96,2233.81,8299
2026-07-07 11:55:00,2175,2175,2160,2170,179,2230.77,8299
2026-07-07 12:00:00,2175,2175,2160,2175,36,2230.2,8299
2026-07-07 12:05:00,2180,2185,2180,2180,40,2229.72,8299
2026-07-07 12:10:00,2180,2180,2170,2170,18,2229.46,8299
2026-07-07 12:15:00,2170,2170,2165,2165,48,2228.71,8299
2026-07-07 12:20:00,2165,2165,2145,2145,187,2225.5,8299
2026-07-07 12:25:00,2145,2150,2140,2150,136,2222.88,8299
2026-07-07 12:30:00,2150,2170,2150,2160,76,2221.79,8299
2026-07-07 12:35:00,2160,2165,2155,2165,25,2221.45,8299
2026-07-07 12:40:00,2160,2160,2150,2150,57,2220.63,8299
2026-07-07 12:45:00,2150,2155,2150,2155,108,2219.02,8299
2026-07-07 12:50:00,2155,2155,2145,2145,149,2216.86,8299
2026-07-07 12:55:00,2145,2160,2145,2155,78,2215.84,8299
2026-07-07 13:00:00,2155,2160,2150,2150,77,2214.85,8299
2026-07-07 13:05:00,2150,2155,2150,2150,47,2214.26,8299
2026-07-07 13:10:00,2150,2155,2140,2140,160,2212.18,8299
2026-07-07 13:15:00,2140,2145,2135,2135,144,2210.14,8299
2026-07-07 13:20:00,2135,2145,2135,2145,128,2208.46,8299
2026-07-07 13:30:00,2145,2145,2145,2145,260,2205.52,8299
2026-07-08 09:00:00,2175,2210,2175,2185,340,2192.13,8299
2026-07-08 09:05:00,2180,2180,2150,2165,189,2182.5,8299
2026-07-08 09:10:00,2165,2190,2160,2180,62,2181.95,8299
2026-07-08 09:15:00,2180,2180,2165,2165,52,2181.06,8299
2026-07-08 09:20:00,2165,2165,2155,2165,45,2179.8,8299
2026-07-08 09:25:00,2170,2170,2135,2140,127,2175.45,8299
2026-07-08 09:30:00,2145,2145,2120,2125,110,2169.9,8299
2026-07-08 09:35:00,2125,2125,2110,2120,127,2163.39,8299
2026-07-08 09:40:00,2120,2145,2120,2145,76,2161.21,8299
2026-07-08 09:45:00,2140,2145,2130,2130,40,2160.4,8299
2026-07-08 09:50:00,2135,2140,2135,2135,12,2160.15,8299
2026-07-08 09:55:00,2130,2135,2125,2125,31,2159.29,8299
2026-07-08 10:00:00,2120,2120,2110,2110,93,2156.07,8299
2026-07-08 10:05:00,2110,2110,2080,2085,156,2149.47,8299
2026-07-08 10:10:00,2085,2100,2085,2095,78,2146.57,8299
2026-07-08 10:15:00,2095,2105,2090,2105,29,2145.64,8299
2026-07-08 10:20:00,2105,2120,2105,2110,81,2143.91,8299
2026-07-08 10:25:00,2115,2115,2105,2105,49,2142.96,8299
2026-07-08 10:30:00,2100,2105,2090,2090,37,2142.0,8299
2026-07-08 10:35:00,2090,2100,2080,2095,76,2139.73,8299
2026-07-08 10:40:00,2095,2100,2090,2100,70,2138.04,8299
2026-07-08 10:45:00,2100,2120,2100,2120,57,2137.23,8299
2026-07-08 10:50:00,2120,2120,2105,2110,30,2136.85,8299
2026-07-08 10:55:00,2115,2115,2110,2110,9,2136.75,8299
2026-07-08 11:00:00,2115,2115,2110,2115,15,2136.58,8299
2026-07-08 11:05:00,2115,2115,2110,2110,12,2136.44,8299
2026-07-08 11:10:00,2110,2120,2110,2110,31,2136.09,8299
2026-07-08 11:15:00,2115,2120,2115,2115,26,2135.84,8299
2026-07-08 11:20:00,2120,2130,2120,2130,35,2135.65,8299
2026-07-08 11:25:00,2130,2135,2130,2130,49,2135.56,8299
2026-07-08 11:30:00,2130,2130,2125,2125,26,2135.45,8299
2026-07-08 11:35:00,2130,2135,2130,2135,24,2135.43,8299
2026-07-08 11:40:00,2130,2135,2130,2130,29,2135.41,8299
2026-07-08 11:45:00,2130,2130,2120,2120,18,2135.33,8299
2026-07-08 11:50:00,2125,2130,2120,2120,42,2135.09,8299
2026-07-08 11:55:00,2120,2120,2120,2120,9,2135.03,8299
2026-07-08 12:00:00,2115,2120,2115,2115,30,2134.8,8299
2026-07-08 12:05:00,2115,2120,2115,2120,10,2134.72,8299
2026-07-08 12:10:00,2120,2120,2115,2120,21,2134.58,8299
2026-07-08 12:15:00,2120,2120,2110,2110,22,2134.4,8299
2026-07-08 12:20:00,2115,2115,2110,2115,39,2134.08,8299
2026-07-08 12:25:00,2115,2125,2115,2125,28,2133.92,8299
2026-07-08 12:30:00,2125,2130,2125,2130,12,2133.88,8299
2026-07-08 12:35:00,2130,2130,2115,2120,33,2133.68,8299
2026-07-08 12:40:00,2120,2120,2120,2120,30,2133.51,8299
2026-07-08 12:45:00,2120,2125,2115,2120,41,2133.27,8299
2026-07-08 12:50:00,2120,2125,2115,2120,16,2133.18,8299
2026-07-08 12:55:00,2115,2125,2115,2125,40,2132.97,8299
2026-07-08 13:00:00,2120,2125,2115,2120,53,2132.71,8299
2026-07-08 13:05:00,2120,2140,2120,2140,108,2132.57,8299
2026-07-08 13:10:00,2140,2145,2130,2135,62,2132.72,8299
2026-07-08 13:15:00,2130,2140,2130,2130,96,2132.78,8299
2026-07-08 13:20:00,2130,2130,2120,2125,101,2132.51,8299
2026-07-08 13:30:00,2140,2140,2140,2140,171,2132.91,8299
2026-07-09 09:00:00,2190,2210,2165,2185,457,2191.47,8299
2026-07-09 09:05:00,2185,2220,2180,2215,294,2196.45,8299
2026-07-09 09:10:00,2215,2225,2205,2220,156,2200.21,8299
2026-07-09 09:15:00,2220,2255,2220,2255,303,2210.03,8299
2026-07-09 09:20:00,2255,2260,2240,2250,146,2214.49,8299
2026-07-09 09:25:00,2250,2265,2250,2265,101,2217.5,8299
2026-07-09 09:30:00,2265,2280,2260,2260,237,2224.78,8299
2026-07-09 09:35:00,2260,2265,2255,2255,119,2226.95,8299
2026-07-09 09:40:00,2260,2265,2250,2255,83,2228.28,8299
2026-07-09 09:45:00,2255,2265,2255,2265,73,2229.51,8299
2026-07-09 09:50:00,2265,2265,2250,2250,37,2230.02,8299
2026-07-09 09:55:00,2250,2250,2235,2235,117,2230.71,8299
2026-07-09 10:00:00,2235,2240,2230,2240,45,2230.82,8299
2026-07-09 10:05:00,2245,2270,2245,2265,119,2232.19,8299
2026-07-09 10:10:00,2265,2275,2265,2265,70,2233.29,8299
2026-07-09 10:15:00,2260,2260,2250,2255,18,2233.45,8299
2026-07-09 10:20:00,2255,2265,2255,2265,36,2233.88,8299
2026-07-09 10:25:00,2265,2265,2255,2255,10,2233.98,8299
2026-07-09 10:30:00,2260,2260,2255,2255,23,2234.2,8299
2026-07-09 10:35:00,2255,2255,2250,2255,27,2234.38,8299
2026-07-09 10:40:00,2250,2250,2250,2250,5,2234.41,8299
2026-07-09 10:45:00,2245,2250,2235,2235,68,2234.6,8299
2026-07-09 10:50:00,2240,2240,2235,2240,12,2234.62,8299
2026-07-09 10:55:00,2240,2245,2240,2240,32,2234.69,8299
2026-07-09 11:00:00,2235,2235,2230,2230,40,2234.67,8299
2026-07-09 11:05:00,2230,2240,2230,2235,30,2234.67,8299
2026-07-09 11:10:00,2235,2235,2220,2220,122,2234.28,8299
2026-07-09 11:15:00,2215,2215,2210,2210,99,2233.51,8299
2026-07-09 11:20:00,2215,2235,2215,2235,21,2233.42,8299
2026-07-09 11:25:00,2235,2235,2235,2235,9,2233.43,8299
2026-07-09 11:30:00,2235,2240,2235,2240,18,2233.46,8299
2026-07-09 11:35:00,2240,2240,2235,2240,6,2233.47,8299
2026-07-09 11:40:00,2235,2240,2235,2240,22,2233.52,8299
2026-07-09 11:45:00,2240,2240,2235,2235,13,2233.54,8299
2026-07-09 11:50:00,2240,2245,2240,2240,13,2233.57,8299
2026-07-09 11:55:00,2240,2240,2240,2240,21,2233.62,8299
2026-07-09 12:00:00,2240,2240,2240,2240,2,2233.62,8299
2026-07-09 12:05:00,2240,2240,2235,2240,10,2233.64,8299
2026-07-09 12:10:00,2240,2240,2240,2240,14,2233.67,8299
2026-07-09 12:15:00,2240,2240,2240,2240,3,2233.68,8299
2026-07-09 12:20:00,2235,2240,2235,2240,28,2233.73,8299
2026-07-09 12:25:00,2240,2240,2230,2230,15,2233.74,8299
2026-07-09 12:30:00,2230,2240,2230,2235,12,2233.74,8299
2026-07-09 12:35:00,2235,2235,2235,2235,18,2233.75,8299
2026-07-09 12:40:00,2235,2240,2235,2235,15,2233.76,8299
2026-07-09 12:45:00,2235,2235,2225,2230,45,2233.71,8299
2026-07-09 12:50:00,2235,2235,2230,2235,15,2233.71,8299
2026-07-09 12:55:00,2240,2240,2235,2235,17,2233.73,8299
2026-07-09 13:00:00,2235,2235,2230,2235,15,2233.73,8299
2026-07-09 13:05:00,2230,2230,2225,2225,100,2233.54,8299
2026-07-09 13:10:00,2225,2240,2225,2240,49,2233.52,8299
2026-07-09 13:15:00,2235,2235,2225,2230,49,2233.49,8299
2026-07-09 13:20:00,2230,2230,2220,2225,91,2233.24,8299
2026-07-09 13:30:00,2220,2220,2220,2220,199,2232.53,8299
2026-07-13 09:00:00,2275,2275,2245,2255,285,2262.44,8299
2026-07-13 09:05:00,2255,2265,2245,2250,137,2259.29,8299
2026-07-13 09:10:00,2245,2255,2240,2245,56,2257.92,8299
2026-07-13 09:15:00,2250,2255,2230,2240,77,2255.61,8299
2026-07-13 09:20:00,2240,2245,2225,2225,73,2253.11,8299
2026-07-13 09:25:00,2225,2225,2200,2210,159,2244.82,8299
2026-07-13 09:30:00,2215,2225,2205,2225,108,2241.37,8299
2026-07-13 09:35:00,2225,2230,2225,2225,35,2240.8,8299
2026-07-13 09:40:00,2230,2230,2195,2200,86,2237.98,8299
2026-07-13 09:45:00,2200,2215,2195,2215,59,2235.88,8299
2026-07-13 09:50:00,2210,2210,2200,2205,26,2235.15,8299
2026-07-13 09:55:00,2205,2220,2205,2215,30,2234.47,8299
2026-07-13 10:00:00,2215,2215,2200,2200,29,2233.74,8299
2026-07-13 10:05:00,2200,2205,2200,2205,35,2232.82,8299
2026-07-13 10:10:00,2205,2220,2205,2210,29,2232.3,8299
2026-07-13 10:15:00,2210,2215,2205,2215,10,2232.12,8299
2026-07-13 10:20:00,2215,2225,2215,2225,34,2231.75,8299
2026-07-13 10:25:00,2225,2225,2220,2220,18,2231.65,8299
2026-07-13 10:30:00,2220,2220,2215,2220,17,2231.49,8299
2026-07-13 10:35:00,2220,2220,2220,2220,3,2231.47,8299
2026-07-13 10:40:00,2215,2215,2215,2215,12,2231.32,8299
2026-07-13 10:45:00,2215,2215,2210,2210,14,2231.13,8299
2026-07-13 10:50:00,2210,2215,2210,2210,9,2230.99,8299
2026-07-13 10:55:00,2210,2210,2210,2210,23,2230.63,8299
2026-07-13 11:00:00,2210,2210,2200,2200,36,2230.02,8299
2026-07-13 11:05:00,2200,2205,2200,2200,31,2229.38,8299
2026-07-13 11:10:00,2200,2200,2195,2195,21,2228.93,8299
2026-07-13 11:15:00,2200,2200,2200,2200,24,2228.46,8299
2026-07-13 11:20:00,2200,2200,2200,2200,13,2228.21,8299
2026-07-13 11:25:00,2205,2210,2205,2210,13,2228.03,8299
2026-07-13 11:30:00,2205,2205,2200,2200,34,2227.43,8299
2026-07-13 11:35:00,2200,2200,2200,2200,10,2227.25,8299
2026-07-13 11:40:00,2200,2200,2185,2185,87,2225.38,8299
2026-07-13 11:45:00,2185,2190,2185,2190,41,2224.5,8299
2026-07-13 11:50:00,2190,2190,2185,2185,19,2224.07,8299
2026-07-13 11:55:00,2185,2185,2180,2180,20,2223.59,8299
2026-07-13 12:00:00,2180,2185,2170,2170,61,2221.97,8299
2026-07-13 12:05:00,2170,2170,2155,2160,78,2219.53,8299
2026-07-13 12:10:00,2160,2160,2155,2160,29,2218.57,8299
2026-07-13 12:15:00,2170,2175,2170,2175,9,2218.34,8299
2026-07-13 12:20:00,2170,2180,2170,2175,45,2217.39,8299
2026-07-13 12:25:00,2175,2180,2175,2175,13,2217.11,8299
2026-07-13 12:30:00,2175,2180,2175,2175,31,2216.46,8299
2026-07-13 12:35:00,2175,2180,2175,2175,52,2215.44,8299
2026-07-13 12:40:00,2175,2180,2170,2175,60,2214.28,8299
2026-07-13 12:45:00,2175,2180,2165,2165,35,2213.55,8299
2026-07-13 12:50:00,2165,2170,2160,2170,73,2212.02,8299
2026-07-13 12:55:00,2175,2185,2175,2185,54,2211.25,8299
2026-07-13 13:00:00,2180,2185,2180,2180,19,2210.99,8299
2026-07-13 13:05:00,2185,2195,2185,2195,76,2210.31,8299
2026-07-13 13:10:00,2195,2200,2195,2195,22,2210.19,8299
2026-07-13 13:15:00,2195,2200,2190,2190,61,2209.88,8299
2026-07-13 13:20:00,2190,2190,2175,2180,107,2208.84,8299
2026-07-13 13:30:00,2170,2170,2170,2170,156,2206.59,8299
2026-07-14 09:00:00,2175,2195,2175,2185,237,2183.52,8299
2026-07-14 09:05:00,2185,2200,2170,2170,155,2183.19,8299
2026-07-14 09:10:00,2175,2180,2115,2120,162,2171.7,8299
2026-07-14 09:15:00,2115,2140,2110,2135,151,2162.52,8299
2026-07-14 09:20:00,2140,2140,2115,2115,135,2155.7,8299
2026-07-14 09:25:00,2120,2150,2120,2140,97,2153.9,8299
2026-07-14 09:30:00,2140,2140,2130,2130,56,2152.88,8299
2026-07-14 09:35:00,2125,2130,2120,2130,67,2150.91,8299
2026-07-14 09:40:00,2130,2130,2110,2125,65,2149.12,8299
2026-07-14 09:45:00,2125,2125,2115,2115,38,2148.08,8299
2026-07-14 09:50:00,2115,2115,2105,2105,170,2143.14,8299
2026-07-14 09:55:00,2105,2105,2085,2100,156,2138.04,8299
2026-07-14 10:00:00,2095,2100,2090,2090,52,2136.67,8299
2026-07-14 10:05:00,2090,2095,2085,2085,90,2134.01,8299
2026-07-14 10:10:00,2080,2080,2050,2055,265,2124.32,8299
2026-07-14 10:15:00,2050,2050,2020,2020,184,2116.27,8299
2026-07-14 10:20:00,2020,2035,2015,2020,125,2111.21,8299
2026-07-14 10:25:00,2020,2020,1990,2005,331,2097.26,8299
2026-07-14 10:30:00,2005,2015,1995,2000,106,2093.49,8299
2026-07-14 10:35:00,2000,2025,1995,2020,116,2089.93,8299
2026-07-14 10:40:00,2020,2020,2010,2010,63,2088.26,8299
2026-07-14 10:45:00,2010,2025,2010,2025,50,2086.98,8299
2026-07-14 10:50:00,2020,2030,1995,1995,106,2084.16,8299
2026-07-14 10:55:00,1995,1995,1990,1995,176,2079.05,8299
2026-07-14 11:00:00,2000,2000,1985,1985,139,2075.24,8299
2026-07-14 11:05:00,1985,1990,1980,1985,80,2073.09,8299
2026-07-14 11:10:00,1985,1985,1965,1965,280,2065.44,8299
2026-07-14 11:15:00,1970,1970,1960,1965,140,2061.69,8299
2026-07-14 11:20:00,1965,1965,1955,1960,436,2050.86,8299
2026-07-14 11:25:00,1965,1985,1965,1980,86,2049.24,8299
2026-07-14 11:30:00,1980,1990,1975,1975,55,2048.38,8299
2026-07-14 11:35:00,1975,1980,1970,1975,25,2047.95,8299
2026-07-14 11:40:00,1975,1985,1970,1985,50,2047.14,8299
2026-07-14 11:45:00,1985,2000,1980,1990,55,2046.44,8299
2026-07-14 11:50:00,1990,2005,1985,2005,66,2045.68,8299
2026-07-14 11:55:00,2005,2010,2005,2005,43,2045.33,8299
2026-07-14 12:00:00,2005,2005,2000,2005,48,2044.9,8299
2026-07-14 12:05:00,2000,2005,1985,1985,63,2044.22,8299
2026-07-14 12:10:00,1985,1985,1980,1980,37,2043.73,8299
2026-07-14 12:15:00,1980,1985,1970,1975,191,2041.11,8299
2026-07-14 12:20:00,1980,1995,1975,1985,87,2040.09,8299
2026-07-14 12:25:00,1985,2000,1985,2000,32,2039.8,8299
2026-07-14 12:30:00,2000,2015,2000,2015,79,2039.28,8299
2026-07-14 12:35:00,2015,2025,2015,2020,68,2039.01,8299
2026-07-14 12:40:00,2020,2030,2020,2030,35,2038.91,8299
2026-07-14 12:45:00,2030,2040,2030,2040,49,2038.87,8299
2026-07-14 12:50:00,2040,2040,2030,2035,56,2038.84,8299
2026-07-14 12:55:00,2035,2045,2035,2040,53,2038.85,8299
2026-07-14 13:00:00,2040,2040,2030,2040,42,2038.83,8299
2026-07-14 13:05:00,2035,2045,2035,2035,114,2038.83,8299
2026-07-14 13:10:00,2035,2045,2035,2040,81,2038.85,8299
2026-07-14 13:15:00,2045,2045,2030,2035,118,2038.85,8299
2026-07-14 13:20:00,2035,2045,2035,2040,166,2038.84,8299
2026-07-14 13:30:00,2050,2050,2050,2050,173,2039.16,8299
2026-07-15 09:00:00,2110,2180,2105,2180,678,2145.91,8299
2026-07-15 09:05:00,2180,2190,2160,2160,341,2155.92,8299
2026-07-15 09:10:00,2165,2165,2125,2130,264,2153.71,8299
2026-07-15 09:15:00,2135,2145,2125,2135,134,2151.87,8299
2026-07-15 09:20:00,2135,2145,2130,2140,99,2150.79,8299
2026-07-15 09:25:00,2140,2150,2135,2145,86,2150.58,8299
2026-07-15 09:30:00,2140,2140,2135,2140,43,2150.25,8299
2026-07-15 09:35:00,2140,2150,2135,2150,25,2150.15,8299
2026-07-15 09:40:00,2150,2150,2130,2130,56,2149.83,8299
2026-07-15 09:45:00,2130,2140,2130,2140,60,2149.32,8299
2026-07-15 09:50:00,2140,2145,2130,2140,43,2149.07,8299
2026-07-15 09:55:00,2140,2140,2135,2135,15,2148.98,8299
2026-07-15 10:00:00,2135,2140,2135,2140,11,2148.91,8299
2026-07-15 10:05:00,2140,2145,2140,2145,65,2148.68,8299
2026-07-15 10:10:00,2145,2145,2130,2130,47,2148.38,8299
2026-07-15 10:15:00,2130,2140,2130,2140,16,2148.26,8299
2026-07-15 10:20:00,2140,2140,2130,2135,49,2147.94,8299
2026-07-15 10:25:00,2130,2135,2120,2125,68,2147.2,8299
2026-07-15 10:30:00,2130,2135,2125,2130,46,2146.82,8299
2026-07-15 10:35:00,2125,2125,2120,2120,22,2146.59,8299
2026-07-15 10:40:00,2125,2125,2115,2115,42,2146.13,8299
2026-07-15 10:45:00,2120,2120,2105,2110,81,2144.9,8299
2026-07-15 10:50:00,2110,2110,2095,2100,116,2142.82,8299
2026-07-15 10:55:00,2095,2100,2085,2085,98,2140.78,8299
2026-07-15 11:00:00,2090,2095,2080,2095,44,2139.86,8299
2026-07-15 11:05:00,2090,2095,2090,2095,47,2139.04,8299
2026-07-15 11:10:00,2095,2100,2085,2095,75,2137.73,8299
2026-07-15 11:15:00,2095,2100,2095,2095,32,2137.27,8299
2026-07-15 11:20:00,2100,2100,2080,2085,112,2135.34,8299
2026-07-15 11:25:00,2085,2085,2080,2080,69,2134.08,8299
2026-07-15 11:30:00,2075,2095,2075,2095,37,2133.52,8299
2026-07-15 11:35:00,2090,2090,2080,2085,33,2132.99,8299
2026-07-15 11:40:00,2085,2085,2080,2080,24,2132.6,8299
2026-07-15 11:45:00,2085,2085,2070,2070,66,2131.39,8299
2026-07-15 11:50:00,2070,2075,2070,2075,36,2130.72,8299
2026-07-15 11:55:00,2075,2085,2075,2085,69,2129.61,8299
2026-07-15 12:00:00,2085,2095,2085,2090,48,2129.02,8299
2026-07-15 12:05:00,2090,2090,2080,2080,26,2128.67,8299
2026-07-15 12:10:00,2085,2090,2080,2090,14,2128.48,8299
2026-07-15 12:15:00,2090,2095,2090,2095,19,2128.27,8299
2026-07-15 12:20:00,2095,2100,2095,2095,33,2127.97,8299
2026-07-15 12:25:00,2095,2100,2085,2085,28,2127.66,8299
2026-07-15 12:30:00,2085,2090,2075,2080,117,2126.12,8299
2026-07-15 12:35:00,2085,2085,2080,2080,65,2125.27,8299
2026-07-15 12:40:00,2080,2085,2075,2080,60,2124.51,8299
2026-07-15 12:45:00,2080,2090,2075,2080,104,2123.31,8299
2026-07-15 12:50:00,2085,2090,2080,2085,68,2122.59,8299
2026-07-15 12:55:00,2085,2090,2085,2085,53,2122.07,8299
2026-07-15 13:00:00,2085,2090,2085,2085,59,2121.52,8299
2026-07-15 13:05:00,2085,2090,2085,2085,86,2120.73,8299
2026-07-15 13:10:00,2085,2090,2085,2085,100,2119.85,8299
2026-07-15 13:15:00,2085,2090,2080,2085,77,2119.2,8299
2026-07-15 13:20:00,2085,2090,2080,2085,161,2117.9,8299
2026-07-15 13:30:00,2105,2105,2105,2105,283,2117.09,8299
2026-07-16 09:00:00,2035,2040,1965,2000,796,1995.21,8299
2026-07-16 09:05:00,1995,2005,1975,1980,277,1993.72,8299
2026-07-16 09:10:00,1985,1995,1980,1995,142,1993.01,8299
2026-07-16 09:15:00,1995,1995,1985,1990,95,1992.74,8299
2026-07-16 09:20:00,1990,1995,1970,1970,279,1990.29,8299
2026-07-16 09:25:00,1965,1975,1960,1965,220,1987.42,8299
2026-07-16 09:30:00,1960,1985,1960,1985,176,1986.01,8299
2026-07-16 09:35:00,1985,1990,1985,1990,45,1986.07,8299
2026-07-16 09:40:00,1990,2000,1990,1990,98,1986.59,8299
2026-07-16 09:45:00,1990,1995,1985,1995,41,1986.66,8299
2026-07-16 09:50:00,1990,2000,1990,1995,61,1986.96,8299
2026-07-16 09:55:00,1995,1995,1980,1980,68,1987.06,8299
2026-07-16 10:00:00,1980,1985,1970,1970,97,1986.56,8299
2026-07-16 10:05:00,1970,1980,1970,1980,37,1986.38,8299
2026-07-16 10:10:00,1975,1980,1975,1975,32,1986.24,8299
2026-07-16 10:15:00,1975,1985,1975,1985,68,1986.1,8299
2026-07-16 10:20:00,1985,2005,1985,2005,146,1986.75,8299
2026-07-16 10:25:00,2005,2005,1990,1995,63,1986.99,8299
2026-07-16 10:30:00,1995,1995,1990,1995,43,1987.09,8299
2026-07-16 10:35:00,2000,2000,1985,1985,106,1987.32,8299
2026-07-16 10:40:00,1985,1985,1980,1985,58,1987.28,8299
2026-07-16 10:45:00,1985,1990,1985,1990,17,1987.26,8299
2026-07-16 10:50:00,1985,1985,1980,1985,59,1987.21,8299
2026-07-16 10:55:00,1985,1990,1985,1985,47,1987.19,8299
2026-07-16 11:00:00,1985,1990,1980,1985,69,1987.14,8299
2026-07-16 11:05:00,1985,1985,1985,1985,23,1987.12,8299
2026-07-16 11:10:00,1985,1985,1985,1985,55,1987.09,8299
2026-07-16 11:15:00,1990,1990,1980,1985,47,1987.06,8299
2026-07-16 11:20:00,1985,1985,1975,1975,106,1986.84,8299
2026-07-16 11:25:00,1975,1980,1975,1975,36,1986.73,8299
2026-07-16 11:30:00,1975,1990,1975,1985,85,1986.61,8299
2026-07-16 11:35:00,1985,1990,1985,1985,38,1986.6,8299
2026-07-16 11:40:00,1985,1985,1980,1985,23,1986.59,8299
2026-07-16 11:45:00,1985,1985,1985,1985,27,1986.58,8299
2026-07-16 11:50:00,1985,1985,1985,1985,21,1986.57,8299
2026-07-16 11:55:00,1985,1995,1985,1995,174,1986.82,8299
2026-07-16 12:00:00,1995,2000,1995,1995,26,1986.88,8299
2026-07-16 12:05:00,1995,1995,1990,1990,25,1986.93,8299
2026-07-16 12:10:00,1990,2000,1990,1995,41,1987.01,8299
2026-07-16 12:15:00,1995,1995,1990,1990,32,1987.06,8299
2026-07-16 12:20:00,1985,1990,1985,1985,43,1987.04,8299
2026-07-16 12:25:00,1985,1985,1980,1980,45,1986.97,8299
2026-07-16 12:30:00,1980,1990,1980,1985,90,1986.88,8299
2026-07-16 12:35:00,1985,1990,1980,1980,22,1986.86,8299
2026-07-16 12:40:00,1980,1985,1975,1975,75,1986.73,8299
2026-07-16 12:45:00,1975,1975,1970,1970,91,1986.46,8299
2026-07-16 12:50:00,1970,1975,1970,1970,39,1986.31,8299
2026-07-16 12:55:00,1975,1975,1970,1970,49,1986.13,8299
2026-07-16 13:00:00,1975,1980,1970,1975,85,1985.91,8299
2026-07-16 13:05:00,1970,1975,1965,1965,100,1985.58,8299
2026-07-16 13:10:00,1965,1975,1965,1975,151,1985.03,8299
2026-07-16 13:15:00,1980,1980,1970,1975,83,1984.84,8299
2026-07-16 13:20:00,1975,1975,1970,1975,96,1984.63,8299
2026-07-16 13:30:00,1980,1980,1980,1980,192,1984.45,8299
2026-07-17 09:00:00,1860,1870,1835,1835,662,1850.57,8299
2026-07-17 09:05:00,1830,1845,1825,1845,266,1845.3,8299
2026-07-17 09:10:00,1845,1860,1845,1855,156,1846.37,8299
2026-07-17 09:15:00,1855,1870,1855,1865,155,1848.66,8299
2026-07-17 09:20:00,1865,1870,1860,1865,50,1849.31,8299
2026-07-17 09:25:00,1860,1870,1860,1865,130,1850.62,8299
2026-07-17 09:30:00,1870,1870,1850,1850,144,1851.07,8299
2026-07-17 09:35:00,1850,1860,1845,1855,97,1851.18,8299
2026-07-17 09:40:00,1855,1865,1855,1855,53,1851.49,8299
2026-07-17 09:45:00,1855,1860,1845,1845,87,1851.43,8299
2026-07-17 09:50:00,1845,1850,1845,1845,27,1851.37,8299
2026-07-17 09:55:00,1845,1860,1840,1840,92,1851.29,8299
2026-07-17 10:00:00,1840,1850,1840,1845,92,1850.86,8299
2026-07-17 10:05:00,1845,1845,1835,1835,62,1850.62,8299
2026-07-17 10:10:00,1835,1835,1810,1820,383,1846.42,8299
2026-07-17 10:15:00,1820,1820,1815,1820,94,1845.36,8299
2026-07-17 10:20:00,1820,1825,1820,1820,56,1844.82,8299
2026-07-17 10:25:00,1820,1830,1820,1820,68,1844.27,8299
2026-07-17 10:30:00,1820,1825,1815,1815,60,1843.72,8299
2026-07-17 10:35:00,1820,1820,1805,1805,252,1840.85,8299
2026-07-17 10:40:00,1800,1820,1800,1815,178,1839.09,8299
2026-07-17 10:45:00,1815,1820,1805,1805,50,1838.65,8299
2026-07-17 10:50:00,1805,1810,1795,1800,206,1836.36,8299
2026-07-17 10:55:00,1800,1805,1795,1805,104,1835.34,8299
2026-07-17 11:00:00,1810,1825,1810,1820,98,1834.8,8299
2026-07-17 11:05:00,1815,1825,1815,1815,53,1834.57,8299
2026-07-17 11:10:00,1815,1815,1805,1810,27,1834.4,8299
2026-07-17 11:15:00,1810,1810,1805,1810,25,1834.23,8299
2026-07-17 11:20:00,1810,1815,1810,1815,43,1834.0,8299
2026-07-17 11:25:00,1815,1830,1815,1820,79,1833.76,8299
2026-07-17 11:30:00,1820,1820,1810,1810,31,1833.59,8299
2026-07-17 11:35:00,1810,1815,1810,1810,44,1833.35,8299
2026-07-17 11:40:00,1810,1815,1810,1810,33,1833.17,8299
2026-07-17 11:45:00,1810,1815,1800,1800,82,1832.66,8299
2026-07-17 11:50:00,1800,1805,1795,1795,135,1831.58,8299
2026-07-17 11:55:00,1795,1795,1790,1795,137,1830.38,8299
2026-07-17 12:00:00,1795,1795,1785,1790,294,1827.81,8299
2026-07-17 12:05:00,1790,1795,1785,1790,79,1827.17,8299
2026-07-17 12:10:00,1790,1790,1785,1790,86,1826.5,8299
2026-07-17 12:15:00,1790,1795,1785,1790,104,1825.73,8299
2026-07-17 12:20:00,1790,1795,1785,1790,86,1825.11,8299
2026-07-17 12:25:00,1785,1790,1785,1785,85,1824.46,8299
2026-07-17 12:30:00,1785,1790,1785,1790,41,1824.14,8299
2026-07-17 12:35:00,1785,1790,1785,1785,286,1822.1,8299
2026-07-17 12:40:00,1785,1785,1785,1785,207,1820.73,8299
2026-07-17 12:45:00,1785,1790,1785,1790,39,1820.48,8299
2026-07-17 12:50:00,1790,1795,1785,1785,91,1819.97,8299
2026-07-17 12:55:00,1790,1790,1785,1785,93,1819.43,8299
2026-07-17 13:00:00,1785,1790,1785,1785,76,1818.99,8299
2026-07-17 13:05:00,1785,1790,1785,1785,84,1818.51,8299
2026-07-17 13:10:00,1790,1790,1785,1785,66,1818.15,8299
2026-07-17 13:15:00,1785,1785,1785,1785,77,1817.73,8299
2026-07-17 13:20:00,1785,1785,1785,1785,36,1817.54,8299
2026-07-17 13:30:00,1785,1785,1785,1785,69,1817.18,8299
2026-07-20 09:00:00,1800,1805,1775,1795,407,1795.0,8299
2026-07-20 09:05:00,1795,1820,1790,1815,254,1800.2,8299
2026-07-20 09:10:00,1815,1815,1775,1780,242,1799.01,8299
2026-07-20 09:15:00,1780,1780,1730,1730,300,1789.04,8299
2026-07-20 09:20:00,1730,1740,1705,1735,300,1775.87,8299
2026-07-20 09:25:00,1730,1740,1695,1695,268,1766.39,8299
2026-07-20 09:30:00,1690,1725,1685,1725,252,1758.26,8299
2026-07-20 09:35:00,1725,1750,1715,1745,179,1756.48,8299
2026-07-20 09:40:00,1740,1740,1725,1730,105,1755.37,8299
2026-07-20 09:45:00,1730,1760,1720,1755,146,1754.45,8299
2026-07-20 09:50:00,1760,1760,1735,1740,65,1754.24,8299
2026-07-20 09:55:00,1745,1750,1735,1735,57,1754.03,8299
2026-07-20 10:00:00,1735,1750,1735,1750,34,1753.93,8299
2026-07-20 10:05:00,1750,1760,1745,1760,75,1753.92,8299
2026-07-20 10:10:00,1760,1760,1745,1745,73,1753.84,8299
2026-07-20 10:15:00,1740,1740,1725,1725,69,1753.34,8299
2026-07-20 10:20:00,1725,1735,1720,1735,73,1752.63,8299
2026-07-20 10:25:00,1735,1735,1730,1735,28,1752.42,8299
2026-07-20 10:30:00,1735,1745,1735,1745,27,1752.34,8299
2026-07-20 10:35:00,1745,1745,1740,1740,14,1752.3,8299
2026-07-20 10:40:00,1740,1750,1740,1745,53,1752.23,8299
2026-07-20 10:45:00,1750,1750,1750,1750,12,1752.22,8299
2026-07-20 10:50:00,1750,1750,1750,1750,26,1752.2,8299
2026-07-20 10:55:00,1750,1750,1745,1750,22,1752.18,8299
2026-07-20 11:00:00,1750,1760,1750,1750,50,1752.25,8299
2026-07-20 11:05:00,1750,1755,1740,1755,36,1752.19,8299
2026-07-20 11:10:00,1755,1760,1750,1760,32,1752.24,8299
2026-07-20 11:15:00,1760,1760,1750,1750,12,1752.25,8299
2026-07-20 11:20:00,1755,1755,1750,1755,11,1752.26,8299
2026-07-20 11:25:00,1755,1755,1750,1750,14,1752.26,8299
2026-07-20 11:30:00,1745,1750,1740,1740,29,1752.22,8299
2026-07-20 11:35:00,1740,1745,1740,1745,10,1752.19,8299
2026-07-20 11:40:00,1750,1755,1750,1755,26,1752.19,8299
2026-07-20 11:45:00,1755,1765,1755,1760,31,1752.26,8299
2026-07-20 11:50:00,1760,1775,1760,1775,73,1752.59,8299
2026-07-20 11:55:00,1775,1775,1765,1765,10,1752.65,8299
2026-07-20 12:00:00,1770,1785,1770,1780,60,1753.1,8299
2026-07-20 12:05:00,1780,1780,1770,1770,34,1753.31,8299
2026-07-20 12:10:00,1765,1770,1765,1765,14,1753.36,8299
2026-07-20 12:15:00,1765,1765,1755,1760,43,1753.44,8299
2026-07-20 12:20:00,1755,1765,1755,1765,38,1753.52,8299
2026-07-20 12:25:00,1770,1780,1765,1770,53,1753.82,8299
2026-07-20 12:30:00,1770,1780,1765,1775,27,1753.99,8299
2026-07-20 12:35:00,1775,1785,1775,1785,19,1754.11,8299
2026-07-20 12:40:00,1780,1785,1775,1780,53,1754.52,8299
2026-07-20 12:45:00,1780,1785,1780,1780,26,1754.7,8299
2026-07-20 12:50:00,1780,1780,1775,1775,27,1754.88,8299
2026-07-20 12:55:00,1780,1780,1775,1775,31,1755.05,8299
2026-07-20 13:00:00,1775,1775,1765,1765,31,1755.18,8299
2026-07-20 13:05:00,1765,1765,1755,1755,64,1755.26,8299
2026-07-20 13:10:00,1755,1755,1745,1755,60,1755.19,8299
2026-07-20 13:15:00,1755,1765,1745,1760,102,1755.16,8299
2026-07-20 13:20:00,1760,1760,1735,1740,111,1754.94,8299
2026-07-20 13:30:00,1735,1735,1735,1735,225,1753.93,8299
2026-07-21 09:00:00,1800,1825,1775,1820,293,1800.65,8299
2026-07-21 09:05:00,1820,1830,1810,1815,178,1808.76,8299
2026-07-21 09:10:00,1815,1820,1810,1815,79,1809.43,8299
2026-07-21 09:15:00,1815,1825,1815,1820,117,1811.4,8299
2026-07-21 09:20:00,1820,1820,1805,1805,52,1811.36,8299
2026-07-21 09:25:00,1805,1815,1800,1810,79,1810.85,8299
2026-07-21 09:30:00,1815,1820,1810,1815,32,1811.01,8299
2026-07-21 09:35:00,1820,1820,1810,1810,28,1811.04,8299
2026-07-21 09:40:00,1810,1815,1800,1800,33,1810.95,8299
2026-07-21 09:45:00,1800,1800,1795,1795,56,1810.2,8299
2026-07-21 09:50:00,1790,1805,1785,1805,52,1809.27,8299
2026-07-21 09:55:00,1800,1800,1795,1800,30,1808.96,8299
2026-07-21 10:00:00,1805,1815,1795,1815,75,1808.75,8299
2026-07-21 10:05:00,1815,1815,1805,1805,26,1808.81,8299
2026-07-21 10:10:00,1810,1820,1800,1815,45,1808.96,8299
2026-07-21 10:15:00,1815,1815,1805,1810,30,1809.05,8299
2026-07-21 10:20:00,1810,1820,1810,1815,30,1809.12,8299
2026-07-21 10:25:00,1820,1825,1815,1815,68,1809.68,8299
2026-07-21 10:30:00,1820,1820,1810,1810,36,1809.89,8299
2026-07-21 10:35:00,1815,1815,1810,1810,16,1809.9,8299
2026-07-21 10:40:00,1810,1815,1810,1810,10,1809.92,8299
2026-07-21 10:45:00,1810,1815,1805,1805,14,1809.91,8299
2026-07-21 10:50:00,1805,1810,1800,1800,25,1809.81,8299
2026-07-21 10:55:00,1805,1805,1800,1800,15,1809.75,8299
2026-07-21 11:00:00,1800,1805,1800,1800,23,1809.63,8299
2026-07-21 11:05:00,1800,1805,1795,1795,32,1809.4,8299
2026-07-21 11:10:00,1795,1815,1795,1805,54,1809.2,8299
2026-07-21 11:15:00,1805,1810,1805,1805,14,1809.17,8299
2026-07-21 11:20:00,1800,1805,1800,1800,13,1809.1,8299
2026-07-21 11:25:00,1805,1805,1800,1800,14,1809.03,8299
2026-07-21 11:30:00,1800,1810,1800,1805,12,1809.0,8299
2026-07-21 11:35:00,1805,1825,1805,1825,67,1809.38,8299
2026-07-21 11:40:00,1825,1840,1820,1835,164,1811.55,8299
2026-07-21 11:45:00,1835,1855,1830,1855,179,1814.57,8299
2026-07-21 11:50:00,1855,1855,1840,1845,105,1816.3,8299
2026-07-21 11:55:00,1850,1855,1840,1845,38,1816.84,8299
2026-07-21 12:00:00,1845,1845,1840,1840,15,1817.01,8299
2026-07-21 12:05:00,1840,1840,1835,1835,38,1817.4,8299
2026-07-21 12:10:00,1835,1855,1835,1845,72,1818.37,8299
2026-07-21 12:15:00,1845,1850,1845,1845,33,1818.77,8299
2026-07-21 12:20:00,1845,1855,1840,1840,42,1819.27,8299
2026-07-21 12:25:00,1840,1845,1840,1840,24,1819.48,8299
2026-07-21 12:30:00,1840,1850,1840,1845,27,1819.76,8299
2026-07-21 12:35:00,1845,1850,1845,1845,15,1819.93,8299
2026-07-21 12:40:00,1850,1850,1845,1845,16,1820.11,8299
2026-07-21 12:45:00,1845,1850,1845,1850,23,1820.39,8299
2026-07-21 12:50:00,1850,1850,1845,1845,16,1820.57,8299
2026-07-21 12:55:00,1845,1850,1845,1845,8,1820.65,8299
2026-07-21 13:00:00,1845,1855,1845,1855,22,1820.9,8299
2026-07-21 13:05:00,1855,1855,1845,1845,32,1821.25,8299
2026-07-21 13:10:00,1845,1845,1840,1840,45,1821.64,8299
2026-07-21 13:15:00,1840,1850,1840,1850,41,1822.01,8299
2026-07-21 13:20:00,1845,1855,1845,1855,56,1822.61,8299
2026-07-21 13:30:00,1855,1855,1855,1855,115,1823.95,8299
2026-07-22 09:00:00,1940,1960,1930,1950,614,1943.48,8299
2026-07-22 09:05:00,1955,1970,1950,1960,229,1947.89,8299
2026-07-22 09:10:00,1960,1975,1950,1975,223,1951.0,8299
2026-07-22 09:15:00,1975,1995,1970,1990,228,1956.37,8299
2026-07-22 09:20:00,1990,1995,1960,1960,170,1958.99,8299
2026-07-22 09:25:00,1960,1970,1950,1950,156,1959.13,8299
2026-07-22 09:30:00,1950,1950,1945,1950,133,1958.28,8299
2026-07-22 09:35:00,1950,1960,1945,1960,69,1958.21,8299
2026-07-22 09:40:00,1955,1960,1950,1955,39,1958.15,8299
2026-07-22 09:45:00,1955,1965,1955,1965,51,1958.27,8299
2026-07-22 09:50:00,1965,1975,1965,1975,40,1958.52,8299
2026-07-22 09:55:00,1975,1975,1955,1955,62,1958.77,8299
2026-07-22 10:00:00,1960,1960,1950,1955,52,1958.68,8299
2026-07-22 10:05:00,1955,1955,1945,1945,50,1958.47,8299
2026-07-22 10:10:00,1945,1955,1945,1955,36,1958.37,8299
2026-07-22 10:15:00,1955,1960,1955,1955,18,1958.34,8299
2026-07-22 10:20:00,1955,1965,1955,1960,41,1958.38,8299
2026-07-22 10:25:00,1960,1960,1955,1960,14,1958.39,8299
2026-07-22 10:30:00,1960,1960,1955,1955,29,1958.36,8299
2026-07-22 10:35:00,1960,1970,1960,1965,45,1958.48,8299
2026-07-22 10:40:00,1965,1970,1965,1965,18,1958.53,8299
2026-07-22 10:45:00,1965,1965,1965,1965,6,1958.55,8299
2026-07-22 10:50:00,1965,1965,1960,1960,33,1958.58,8299
2026-07-22 10:55:00,1955,1960,1955,1960,7,1958.59,8299
2026-07-22 11:00:00,1960,1970,1960,1970,32,1958.68,8299
2026-07-22 11:05:00,1970,1970,1960,1960,33,1958.74,8299
2026-07-22 11:10:00,1955,1960,1955,1955,31,1958.69,8299
2026-07-22 11:15:00,1955,1960,1955,1960,9,1958.69,8299
2026-07-22 11:20:00,1955,1970,1955,1960,79,1958.81,8299
2026-07-22 11:25:00,1965,1970,1965,1965,17,1958.86,8299
2026-07-22 11:30:00,1965,1975,1965,1965,61,1959.11,8299
2026-07-22 11:35:00,1970,1975,1965,1965,37,1959.27,8299
2026-07-22 11:40:00,1965,1965,1960,1965,42,1959.35,8299
2026-07-22 11:45:00,1965,1965,1960,1965,21,1959.39,8299
2026-07-22 11:50:00,1965,1965,1960,1965,14,1959.41,8299
2026-07-22 11:55:00,1965,1965,1960,1960,27,1959.42,8299
2026-07-22 12:00:00,1960,1970,1960,1970,25,1959.46,8299
2026-07-22 12:05:00,1965,1970,1955,1955,106,1959.55,8299
2026-07-22 12:10:00,1960,1965,1955,1955,15,1959.55,8299
2026-07-22 12:15:00,1960,1965,1955,1965,16,1959.55,8299
2026-07-22 12:20:00,1965,1965,1965,1965,29,1959.61,8299
2026-07-22 12:25:00,1965,1965,1965,1965,12,1959.63,8299
2026-07-22 12:30:00,1965,1970,1965,1970,80,1959.9,8299
2026-07-22 12:35:00,1970,1970,1965,1970,23,1959.97,8299
2026-07-22 12:40:00,1970,1970,1965,1965,16,1960.01,8299
2026-07-22 12:45:00,1970,1970,1965,1965,13,1960.04,8299
2026-07-22 12:50:00,1965,1965,1950,1950,108,1960.02,8299
2026-07-22 12:55:00,1950,1955,1950,1950,34,1959.92,8299
2026-07-22 13:00:00,1955,1955,1945,1945,114,1959.55,8299
2026-07-22 13:05:00,1945,1950,1935,1935,87,1959.08,8299
2026-07-22 13:10:00,1935,1940,1930,1940,85,1958.53,8299
2026-07-22 13:15:00,1940,1940,1930,1930,53,1958.21,8299
2026-07-22 13:20:00,1935,1935,1920,1925,153,1956.9,8299
2026-07-22 13:30:00,1915,1915,1915,1915,310,1953.69,8299
2026-07-23 09:00:00,1940,1940,1910,1915,342,1927.57,8299
2026-07-23 09:05:00,1920,1940,1920,1935,119,1928.32,8299
2026-07-23 09:10:00,1935,1940,1920,1925,84,1928.28,8299
2026-07-23 09:15:00,1925,1925,1915,1920,71,1927.59,8299
2026-07-23 09:20:00,1920,1920,1915,1920,49,1926.77,8299
2026-07-23 09:25:00,1920,1925,1915,1925,57,1926.34,8299
2026-07-23 09:30:00,1920,1935,1920,1935,83,1926.29,8299
2026-07-23 09:35:00,1940,1945,1935,1940,56,1927.22,8299
2026-07-23 09:40:00,1940,1945,1935,1945,75,1928.22,8299
2026-07-23 09:45:00,1945,1945,1935,1935,29,1928.51,8299
2026-07-23 09:50:00,1940,1960,1940,1940,135,1930.86,8299
2026-07-23 09:55:00,1940,1945,1930,1930,43,1931.11,8299
2026-07-23 10:00:00,1930,1930,1930,1930,33,1931.08,8299
2026-07-23 10:05:00,1935,1940,1930,1930,15,1931.13,8299
2026-07-23 10:10:00,1930,1930,1925,1925,60,1930.96,8299
2026-07-23 10:15:00,1925,1930,1920,1925,39,1930.81,8299
2026-07-23 10:20:00,1925,1925,1905,1905,150,1928.95,8299
2026-07-23 10:25:00,1905,1925,1895,1925,123,1927.01,8299
2026-07-23 10:30:00,1925,1935,1920,1935,59,1927.11,8299
2026-07-23 10:35:00,1930,1930,1915,1915,36,1927.04,8299
2026-07-23 10:40:00,1915,1920,1910,1920,34,1926.83,8299
2026-07-23 10:45:00,1925,1925,1925,1925,15,1926.82,8299
2026-07-23 10:50:00,1925,1925,1925,1925,22,1926.79,8299
2026-07-23 10:55:00,1925,1925,1920,1925,24,1926.76,8299
2026-07-23 11:00:00,1925,1930,1925,1930,55,1926.78,8299
2026-07-23 11:05:00,1930,1930,1925,1925,14,1926.78,8299
2026-07-23 11:10:00,1920,1925,1915,1915,69,1926.42,8299
2026-07-23 11:15:00,1915,1915,1915,1915,22,1926.29,8299
2026-07-23 11:20:00,1915,1915,1915,1915,3,1926.27,8299
2026-07-23 11:25:00,1915,1920,1915,1920,23,1926.18,8299
2026-07-23 11:30:00,1920,1925,1915,1920,15,1926.13,8299
2026-07-23 11:35:00,1915,1925,1915,1925,38,1926.03,8299
2026-07-23 11:40:00,1925,1925,1920,1920,11,1926.01,8299
2026-07-23 11:45:00,1920,1920,1920,1920,13,1925.97,8299
2026-07-23 11:50:00,1920,1925,1920,1920,11,1925.95,8299
2026-07-23 11:55:00,1920,1930,1920,1925,84,1925.99,8299
2026-07-23 12:00:00,1920,1920,1915,1920,22,1925.92,8299
2026-07-23 12:05:00,1915,1915,1895,1900,68,1925.31,8299
2026-07-23 12:10:00,1900,1905,1895,1905,40,1924.84,8299
2026-07-23 12:15:00,1905,1910,1895,1895,32,1924.5,8299
2026-07-23 12:20:00,1895,1905,1895,1905,29,1924.19,8299
2026-07-23 12:25:00,1905,1910,1900,1910,30,1924.0,8299
2026-07-23 12:30:00,1910,1915,1910,1915,23,1923.91,8299
2026-07-23 12:35:00,1915,1915,1910,1910,83,1923.56,8299
2026-07-23 12:40:00,1910,1910,1905,1910,23,1923.43,8299
2026-07-23 12:45:00,1910,1920,1910,1915,35,1923.29,8299
2026-07-23 12:50:00,1915,1915,1910,1910,26,1923.17,8299
2026-07-23 12:55:00,1915,1915,1905,1905,18,1923.07,8299
2026-07-23 13:00:00,1905,1905,1905,1905,24,1922.9,8299
2026-07-23 13:05:00,1905,1905,1895,1895,37,1922.57,8299
2026-07-23 13:10:00,1895,1905,1895,1905,57,1922.06,8299
2026-07-23 13:15:00,1900,1915,1900,1915,69,1921.65,8299
2026-07-23 13:20:00,1910,1925,1910,1920,90,1921.6,8299
2026-07-23 13:30:00,1920,1920,1920,1920,123,1921.54,8299
2026-07-24 09:00:00,1900,1900,1860,1885,397,1878.24,8299
2026-07-24 09:05:00,1890,1900,1885,1900,120,1881.29,8299
2026-07-24 09:10:00,1900,1920,1890,1900,128,1886.34,8299
2026-07-24 09:15:00,1900,1920,1895,1910,94,1888.88,8299
2026-07-24 09:20:00,1905,1915,1900,1915,76,1890.6,8299
2026-07-24 09:25:00,1915,1940,1915,1935,192,1897.92,8299
2026-07-24 09:30:00,1935,1960,1935,1955,442,1913.76,8299
2026-07-24 09:35:00,1950,1970,1950,1970,185,1919.47,8299
2026-07-24 09:40:00,1965,1970,1960,1970,70,1921.31,8299
2026-07-24 09:45:00,1970,1970,1945,1950,140,1923.98,8299
2026-07-24 09:50:00,1945,1945,1925,1925,175,1924.72,8299
2026-07-24 09:55:00,1925,1940,1920,1930,80,1924.78,8299
2026-07-24 10:00:00,1930,1935,1930,1930,17,1924.83,8299
2026-07-24 10:05:00,1925,1925,1910,1920,120,1924.62,8299
2026-07-24 10:10:00,1915,1920,1915,1915,51,1924.46,8299
2026-07-24 10:15:00,1915,1915,1900,1910,119,1923.65,8299
2026-07-24 10:20:00,1905,1905,1890,1895,97,1922.63,8299
2026-07-24 10:25:00,1890,1895,1880,1880,82,1921.55,8299
2026-07-24 10:30:00,1880,1885,1865,1865,162,1918.92,8299
2026-07-24 10:35:00,1865,1870,1850,1850,125,1916.36,8299
2026-07-24 10:40:00,1850,1855,1845,1855,95,1914.19,8299
2026-07-24 10:45:00,1860,1865,1850,1865,74,1912.91,8299
2026-07-24 10:50:00,1865,1865,1860,1860,15,1912.67,8299
2026-07-24 10:55:00,1865,1870,1855,1855,54,1911.8,8299
2026-07-24 11:00:00,1855,1870,1855,1870,23,1911.43,8299
2026-07-24 11:05:00,1870,1870,1860,1860,40,1910.87,8299
2026-07-24 11:10:00,1855,1865,1855,1865,12,1910.68,8299
2026-07-24 11:15:00,1870,1875,1865,1870,37,1910.23,8299
2026-07-24 11:20:00,1870,1870,1860,1865,26,1909.88,8299
2026-07-24 11:25:00,1860,1870,1860,1870,19,1909.63,8299
2026-07-24 11:30:00,1870,1870,1865,1865,35,1909.17,8299
2026-07-24 11:35:00,1865,1865,1860,1860,6,1909.09,8299
2026-07-24 11:40:00,1860,1865,1860,1860,27,1908.69,8299
2026-07-24 11:45:00,1860,1865,1855,1860,17,1908.45,8299
2026-07-24 11:50:00,1860,1860,1855,1855,17,1908.19,8299
2026-07-24 11:55:00,1855,1855,1835,1840,154,1905.45,8299
2026-07-24 12:00:00,1840,1840,1835,1835,20,1905.07,8299
2026-07-24 12:05:00,1840,1845,1835,1840,32,1904.49,8299
2026-07-24 12:10:00,1840,1845,1825,1825,54,1903.44,8299
2026-07-24 12:15:00,1830,1835,1825,1835,64,1902.19,8299
2026-07-24 12:20:00,1835,1835,1830,1830,20,1901.82,8299
2026-07-24 12:25:00,1835,1835,1830,1835,73,1900.47,8299
2026-07-24 12:30:00,1835,1840,1835,1835,34,1899.88,8299
2026-07-24 12:35:00,1840,1840,1830,1830,40,1899.19,8299
2026-07-24 12:40:00,1830,1840,1830,1840,54,1898.27,8299
2026-07-24 12:45:00,1835,1845,1835,1840,21,1897.96,8299
2026-07-24 12:50:00,1835,1840,1835,1835,27,1897.53,8299
2026-07-24 12:55:00,1835,1840,1835,1840,28,1897.1,8299
2026-07-24 13:00:00,1835,1840,1820,1825,125,1895.01,8299
2026-07-24 13:05:00,1825,1830,1825,1825,70,1893.85,8299
2026-07-24 13:10:00,1825,1835,1825,1835,85,1892.61,8299
2026-07-24 13:15:00,1830,1835,1820,1820,51,1891.84,8299
2026-07-24 13:20:00,1820,1845,1820,1835,143,1889.95,8299
2026-07-24 13:30:00,1825,1825,1825,1825,271,1886.24,8299
2026-07-27 09:00:00,1805,1805,1775,1790,304,1793.21,8299
2026-07-27 09:05:00,1790,1800,1760,1785,262,1788.56,8299
2026-07-27 09:10:00,1785,1790,1770,1770,109,1787.44,8299
2026-07-27 09:15:00,1775,1780,1750,1755,243,1781.37,8299
2026-07-27 09:20:00,1750,1755,1740,1750,224,1774.7,8299
2026-07-27 09:25:00,1750,1750,1730,1740,240,1768.56,8299
2026-07-27 09:30:00,1750,1755,1740,1750,85,1767.39,8299
2026-07-27 09:35:00,1745,1760,1740,1760,118,1766.26,8299
2026-07-27 09:40:00,1765,1765,1750,1750,43,1766.07,8299
2026-07-27 09:45:00,1755,1765,1755,1760,43,1765.91,8299
2026-07-27 09:50:00,1765,1770,1750,1770,107,1765.59,8299
2026-07-27 09:55:00,1770,1780,1760,1775,104,1765.85,8299
2026-07-27 10:00:00,1775,1785,1775,1775,56,1766.3,8299
2026-07-27 10:05:00,1775,1780,1770,1770,30,1766.4,8299
2026-07-27 10:10:00,1770,1775,1770,1770,20,1766.44,8299
2026-07-27 10:15:00,1770,1775,1770,1775,33,1766.53,8299
2026-07-27 10:20:00,1775,1775,1770,1775,13,1766.58,8299
2026-07-27 10:25:00,1780,1785,1780,1785,61,1767.04,8299
2026-07-27 10:30:00,1785,1785,1770,1775,47,1767.2,8299
2026-07-27 10:35:00,1780,1785,1780,1785,29,1767.39,8299
2026-07-27 10:40:00,1785,1790,1780,1785,39,1767.71,8299
2026-07-27 10:45:00,1785,1800,1785,1785,95,1768.72,8299
2026-07-27 10:50:00,1785,1785,1780,1785,23,1768.87,8299
2026-07-27 10:55:00,1785,1785,1780,1780,16,1768.96,8299
2026-07-27 11:00:00,1780,1780,1770,1775,28,1769.08,8299
2026-07-27 11:05:00,1775,1780,1770,1775,28,1769.15,8299
2026-07-27 11:10:00,1770,1775,1770,1770,46,1769.19,8299
2026-07-27 11:15:00,1770,1775,1770,1770,23,1769.2,8299
2026-07-27 11:20:00,1775,1775,1765,1770,23,1769.23,8299
2026-07-27 11:25:00,1765,1770,1760,1760,36,1769.17,8299
2026-07-27 11:30:00,1760,1765,1755,1765,42,1769.04,8299
2026-07-27 11:35:00,1770,1770,1760,1760,19,1769.0,8299
2026-07-27 11:40:00,1760,1765,1760,1765,27,1768.95,8299
2026-07-27 11:45:00,1760,1765,1750,1750,36,1768.78,8299
2026-07-27 11:50:00,1750,1755,1750,1755,34,1768.59,8299
2026-07-27 11:55:00,1750,1765,1750,1755,43,1768.4,8299
2026-07-27 12:00:00,1760,1760,1755,1760,11,1768.36,8299
2026-07-27 12:05:00,1760,1765,1760,1760,24,1768.29,8299
2026-07-27 12:10:00,1755,1760,1755,1760,14,1768.24,8299
2026-07-27 12:15:00,1760,1765,1760,1760,47,1768.12,8299
2026-07-27 12:20:00,1760,1770,1760,1765,52,1768.04,8299
2026-07-27 12:25:00,1760,1770,1760,1770,44,1767.97,8299
2026-07-27 12:30:00,1770,1775,1765,1775,61,1768.05,8299
2026-07-27 12:35:00,1775,1775,1770,1775,43,1768.1,8299
2026-07-27 12:40:00,1775,1780,1775,1775,76,1768.35,8299
2026-07-27 12:45:00,1780,1785,1775,1785,61,1768.58,8299
2026-07-27 12:50:00,1780,1790,1780,1790,60,1768.9,8299
2026-07-27 12:55:00,1790,1800,1790,1800,85,1769.56,8299
2026-07-27 13:00:00,1795,1810,1795,1805,84,1770.38,8299
2026-07-27 13:05:00,1805,1810,1800,1805,100,1771.35,8299
2026-07-27 13:10:00,1805,1810,1800,1805,55,1771.88,8299
2026-07-27 13:15:00,1805,1810,1805,1805,58,1772.43,8299
2026-07-27 13:20:00,1810,1820,1810,1815,186,1774.51,8299
2026-07-27 13:30:00,1820,1820,1820,1820,207,1776.87,8299
2026-07-28 09:00:00,1680,1685,1655,1675,565,1670.18,8299
2026-07-28 09:05:00,1670,1680,1650,1660,360,1667.5,8299
2026-07-28 09:10:00,1660,1660,1640,1645,357,1661.95,8299
2026-07-28 09:15:00,1645,1650,1640,1645,349,1658.37,8299
2026-07-28 09:20:00,1645,1660,1645,1655,61,1658.18,8299
2026-07-28 09:25:00,1655,1665,1655,1660,85,1658.25,8299
2026-07-28 09:30:00,1660,1660,1650,1650,99,1658.03,8299
2026-07-28 09:35:00,1655,1660,1645,1650,161,1657.39,8299
2026-07-28 09:40:00,1650,1655,1650,1650,31,1657.29,8299
2026-07-28 09:45:00,1650,1655,1650,1650,53,1657.13,8299
2026-07-28 09:50:00,1655,1655,1645,1650,155,1656.61,8299
2026-07-28 09:55:00,1645,1650,1645,1645,27,1656.48,8299
2026-07-28 10:00:00,1645,1650,1645,1645,67,1656.19,8299
2026-07-28 10:05:00,1645,1650,1645,1645,76,1655.84,8299
2026-07-28 10:10:00,1645,1650,1645,1645,53,1655.66,8299
2026-07-28 10:15:00,1645,1655,1640,1655,75,1655.33,8299
2026-07-28 10:20:00,1655,1655,1650,1650,29,1655.28,8299
2026-07-28 10:25:00,1650,1650,1650,1650,16,1655.25,8299
2026-07-28 10:30:00,1650,1650,1645,1645,9,1655.22,8299
2026-07-28 10:35:00,1645,1645,1640,1645,89,1654.85,8299
2026-07-28 10:40:00,1640,1645,1640,1640,30,1654.7,8299
2026-07-28 10:45:00,1640,1645,1640,1640,86,1654.27,8299
2026-07-28 10:50:00,1640,1645,1640,1640,70,1653.95,8299
2026-07-28 10:55:00,1645,1645,1640,1640,52,1653.78,8299
2026-07-28 11:00:00,1645,1645,1640,1640,44,1653.58,8299
2026-07-28 11:05:00,1640,1645,1640,1640,122,1653.05,8299
2026-07-28 11:10:00,1645,1645,1640,1640,201,1652.27,8299
2026-07-28 11:15:00,1640,1640,1640,1640,22,1652.18,8299
2026-07-28 11:20:00,1640,1640,1640,1640,15,1652.13,8299
2026-07-28 11:25:00,1640,1640,1640,1640,14,1652.08,8299
2026-07-28 11:30:00,1640,1640,1640,1640,15,1652.03,8299
2026-07-28 11:35:00,1640,1640,1640,1640,9,1651.99,8299
2026-07-28 11:40:00,1640,1640,1640,1640,31,1651.89,8299
2026-07-28 11:45:00,1640,1655,1640,1650,142,1651.54,8299
2026-07-28 11:50:00,1645,1650,1645,1650,28,1651.51,8299
2026-07-28 11:55:00,1650,1650,1650,1650,17,1651.5,8299
2026-07-28 12:00:00,1650,1650,1645,1645,43,1651.44,8299
2026-07-28 12:05:00,1645,1650,1645,1645,35,1651.41,8299
2026-07-28 12:10:00,1645,1650,1645,1645,21,1651.39,8299
2026-07-28 12:15:00,1645,1650,1645,1645,19,1651.36,8299
2026-07-28 12:20:00,1640,1640,1640,1640,22,1651.29,8299
2026-07-28 12:25:00,1640,1645,1640,1640,17,1651.24,8299
2026-07-28 12:30:00,1640,1645,1640,1640,58,1651.08,8299
2026-07-28 12:35:00,1640,1640,1640,1640,36,1650.97,8299
2026-07-28 12:40:00,1640,1640,1640,1640,20,1650.92,8299
2026-07-28 12:45:00,1640,1640,1640,1640,12,1650.88,8299
2026-07-28 12:50:00,1640,1640,1640,1640,10,1650.86,8299
2026-07-28 12:55:00,1640,1640,1640,1640,23,1650.79,8299
2026-07-28 13:00:00,1640,1640,1640,1640,17,1650.75,8299
2026-07-28 13:05:00,1640,1640,1640,1640,31,1650.66,8299
2026-07-28 13:10:00,1640,1640,1640,1640,32,1650.58,8299
2026-07-28 13:15:00,1640,1640,1640,1640,37,1650.48,8299
2026-07-28 13:20:00,1640,1640,1640,1640,29,1650.41,8299
2026-07-28 13:30:00,1650,1650,1650,1650,165,1650.39,8299
2026-07-29 09:00:00,1620,1620,1565,1570,713,1596.98,8299
2026-07-29 09:05:00,1570,1570,1525,1540,508,1576.29,8299
2026-07-29 09:10:00,1540,1540,1505,1515,522,1559.06,8299
2026-07-29 09:15:00,1510,1530,1500,1530,345,1551.15,8299
2026-07-29 09:20:00,1530,1560,1515,1555,318,1549.17,8299
2026-07-29 09:25:00,1555,1565,1540,1545,278,1549.45,8299
2026-07-29 09:30:00,1545,1555,1535,1555,137,1549.25,8299
2026-07-29 09:35:00,1560,1560,1540,1540,134,1549.52,8299
2026-07-29 09:40:00,1540,1540,1525,1540,196,1548.46,8299
2026-07-29 09:45:00,1540,1540,1515,1520,155,1547.42,8299
2026-07-29 09:50:00,1520,1520,1495,1505,335,1543.56,8299
2026-07-29 09:55:00,1505,1510,1495,1495,96,1542.5,8299
2026-07-29 10:00:00,1495,1510,1490,1500,160,1540.68,8299
2026-07-29 10:05:00,1500,1505,1495,1495,101,1539.58,8299
2026-07-29 10:10:00,1495,1500,1490,1495,143,1538.02,8299
2026-07-29 10:15:00,1495,1495,1490,1490,194,1535.92,8299
2026-07-29 10:20:00,1490,1495,1485,1485,867,1527.85,8299
2026-07-29 10:25:00,1485,1490,1485,1490,196,1526.32,8299
2026-07-29 10:30:00,1490,1495,1490,1490,33,1526.11,8299
2026-07-29 10:35:00,1490,1495,1485,1485,262,1524.24,8299
2026-07-29 10:40:00,1485,1485,1485,1485,46,1523.92,8299
2026-07-29 10:45:00,1485,1485,1485,1485,13,1523.83,8299
2026-07-29 10:50:00,1485,1485,1485,1485,18,1523.71,8299
2026-07-29 10:55:00,1485,1485,1485,1485,17,1523.6,8299
2026-07-29 11:00:00,1485,1485,1485,1485,16,1523.49,8299
2026-07-29 11:05:00,1485,1485,1485,1485,19,1523.37,8299
2026-07-29 11:10:00,1485,1485,1485,1485,19,1523.24,8299
2026-07-29 11:15:00,1485,1485,1485,1485,13,1523.16,8299
2026-07-29 11:20:00,1485,1485,1485,1485,14,1523.07,8299
2026-07-29 11:25:00,1485,1485,1485,1485,18,1522.95,8299
2026-07-29 11:30:00,1485,1485,1485,1485,5,1522.92,8299
2026-07-29 11:35:00,1485,1485,1485,1485,41,1522.66,8299
2026-07-29 11:40:00,1485,1485,1485,1485,10,1522.59,8299
2026-07-29 11:45:00,1485,1485,1485,1485,7,1522.55,8299
2026-07-29 11:50:00,1485,1485,1485,1485,6,1522.51,8299
2026-07-29 11:55:00,1485,1485,1485,1485,3,1522.49,8299
2026-07-29 12:00:00,1485,1485,1485,1485,3,1522.47,8299
2026-07-29 12:05:00,1485,1485,1485,1485,5,1522.44,8299
2026-07-29 12:10:00,1485,1485,1485,1485,6,1522.4,8299
2026-07-29 12:15:00,1485,1485,1485,1485,4,1522.38,8299
2026-07-29 12:20:00,1485,1485,1485,1485,117,1521.66,8299
2026-07-29 12:25:00,1485,1485,1485,1485,122,1520.94,8299
2026-07-29 12:30:00,1485,1485,1485,1485,28,1520.78,8299
2026-07-29 12:35:00,1485,1485,1485,1485,9,1520.73,8299
2026-07-29 12:40:00,1485,1485,1485,1485,9,1520.68,8299
2026-07-29 12:45:00,1485,1485,1485,1485,12,1520.61,8299
2026-07-29 12:50:00,1485,1485,1485,1485,40,1520.38,8299
2026-07-29 12:55:00,1485,1495,1485,1485,469,1517.95,8299
2026-07-29 13:00:00,1490,1525,1485,1510,422,1517.11,8299
2026-07-29 13:05:00,1510,1530,1505,1530,132,1517.14,8299
2026-07-29 13:10:00,1530,1550,1525,1540,338,1518.22,8299
2026-07-29 13:15:00,1545,1545,1520,1525,161,1518.46,8299
2026-07-29 13:20:00,1525,1525,1510,1520,146,1518.43,8299
2026-07-29 13:30:00,1515,1515,1515,1515,141,1518.37,8299
2026-07-30 09:00:00,1485,1500,1445,1475,737,1469.19,8299
2026-07-30 09:05:00,1475,1535,1475,1510,316,1482.21,8299
2026-07-30 09:10:00,1510,1530,1495,1495,265,1487.91,8299
2026-07-30 09:15:00,1495,1515,1480,1515,164,1488.54,8299
2026-07-30 09:20:00,1515,1545,1505,1540,312,1494.51,8299
2026-07-30 09:25:00,1540,1555,1540,1555,192,1499.58,8299
2026-07-30 09:30:00,1555,1580,1550,1580,216,1505.71,8299
2026-07-30 09:35:00,1580,1595,1570,1575,268,1514.01,8299
2026-07-30 09:40:00,1580,1600,1570,1570,199,1519.59,8299
2026-07-30 09:45:00,1575,1595,1565,1595,164,1523.13,8299
2026-07-30 09:50:00,1595,1620,1595,1605,222,1529.22,8299
2026-07-30 09:55:00,1600,1610,1600,1610,117,1532.03,8299
2026-07-30 10:00:00,1605,1640,1605,1625,315,1540.57,8299
2026-07-30 10:05:00,1620,1620,1595,1610,174,1543.85,8299
2026-07-30 10:10:00,1610,1610,1585,1585,121,1545.59,8299
2026-07-30 10:15:00,1585,1590,1575,1575,70,1546.3,8299
2026-07-30 10:20:00,1575,1585,1560,1560,180,1547.34,8299
2026-07-30 10:25:00,1560,1565,1535,1535,195,1547.43,8299
2026-07-30 10:30:00,1535,1545,1530,1545,183,1547.02,8299
2026-07-30 10:35:00,1545,1560,1535,1550,155,1546.97,8299
2026-07-30 10:40:00,1555,1565,1550,1565,82,1547.19,8299
2026-07-30 10:45:00,1565,1570,1565,1570,85,1547.54,8299
2026-07-30 10:50:00,1570,1570,1560,1560,32,1547.68,8299
2026-07-30 10:55:00,1560,1560,1545,1550,72,1547.76,8299
2026-07-30 11:00:00,1545,1560,1545,1545,66,1547.82,8299
2026-07-30 11:05:00,1550,1560,1545,1550,43,1547.85,8299
2026-07-30 11:10:00,1545,1550,1535,1545,98,1547.77,8299
2026-07-30 11:15:00,1545,1545,1520,1525,108,1547.43,8299
2026-07-30 11:20:00,1525,1525,1520,1520,53,1547.18,8299
2026-07-30 11:25:00,1515,1540,1515,1530,90,1546.8,8299
2026-07-30 11:30:00,1535,1540,1525,1540,26,1546.72,8299
2026-07-30 11:35:00,1540,1540,1530,1530,26,1546.66,8299
2026-07-30 11:40:00,1525,1540,1520,1535,53,1546.47,8299
2026-07-30 11:45:00,1540,1545,1535,1545,32,1546.43,8299
2026-07-30 11:50:00,1540,1550,1540,1550,21,1546.43,8299
2026-07-30 11:55:00,1545,1550,1535,1535,20,1546.41,8299
2026-07-30 12:00:00,1540,1550,1540,1545,18,1546.4,8299
2026-07-30 12:05:00,1545,1545,1535,1535,34,1546.35,8299
2026-07-30 12:10:00,1535,1535,1530,1530,14,1546.32,8299
2026-07-30 12:15:00,1530,1530,1525,1525,30,1546.22,8299
2026-07-30 12:20:00,1525,1530,1525,1530,25,1546.13,8299
2026-07-30 12:25:00,1530,1550,1530,1545,57,1546.1,8299
2026-07-30 12:30:00,1550,1550,1540,1545,26,1546.09,8299
2026-07-30 12:35:00,1545,1545,1535,1535,26,1546.07,8299
2026-07-30 12:40:00,1535,1540,1530,1535,34,1546.01,8299
2026-07-30 12:45:00,1540,1545,1535,1535,24,1545.99,8299
2026-07-30 12:50:00,1535,1535,1515,1515,94,1545.66,8299
2026-07-30 12:55:00,1515,1515,1495,1500,186,1544.39,8299
2026-07-30 13:00:00,1505,1505,1475,1475,157,1543.04,8299
2026-07-30 13:05:00,1480,1490,1470,1475,160,1541.42,8299
2026-07-30 13:10:00,1475,1495,1470,1495,120,1540.24,8299
2026-07-30 13:15:00,1490,1510,1490,1505,122,1539.53,8299
2026-07-30 13:20:00,1505,1510,1485,1490,137,1538.63,8299
2026-07-30 13:30:00,1495,1495,1495,1495,189,1537.44,8299
2026-07-31 09:00:00,1640,1640,1640,1640,385,1640.0,8299
2026-07-31 09:05:00,1640,1640,1640,1640,27,1640.0,8299
2026-07-31 09:10:00,1640,1640,1640,1640,17,1640.0,8299
2026-07-31 09:15:00,1640,1640,1640,1640,13,1640.0,8299
2026-07-31 09:20:00,1640,1640,1640,1640,8,1640.0,8299
2026-07-31 09:25:00,1640,1640,1640,1640,11,1640.0,8299
2026-07-31 09:30:00,1640,1640,1640,1640,5,1640.0,8299
2026-07-31 09:35:00,1640,1640,1640,1640,4,1640.0,8299
2026-07-31 09:40:00,1640,1640,1640,1640,7,1640.0,8299
2026-07-31 09:45:00,1640,1640,1640,1640,2,1640.0,8299
2026-07-31 09:50:00,1640,1640,1640,1640,29,1640.0,8299
2026-07-31 09:55:00,1640,1640,1640,1640,20,1640.0,8299
2026-07-31 10:00:00,1640,1640,1640,1640,97,1640.0,8299
2026-07-31 10:05:00,1640,1640,1640,1640,20,1640.0,8299
2026-07-31 10:10:00,1640,1640,1640,1640,9,1640.0,8299
2026-07-31 10:15:00,1640,1640,1640,1640,6,1640.0,8299
2026-07-31 10:20:00,1640,1640,1640,1640,5,1640.0,8299
2026-07-31 10:25:00,1640,1640,1640,1640,5,1640.0,8299
2026-07-31 10:30:00,1640,1640,1640,1640,3,1640.0,8299
2026-07-31 10:35:00,1640,1640,1640,1640,8,1640.0,8299
2026-07-31 10:40:00,1640,1640,1640,1640,3,1640.0,8299
2026-07-31 10:45:00,1640,1640,1640,1640,53,1640.0,8299
2026-07-31 10:50:00,1640,1640,1640,1640,3,1640.0,8299
2026-07-31 10:55:00,1640,1640,1640,1640,4,1640.0,8299
2026-07-31 11:00:00,1640,1640,1640,1640,56,1640.0,8299
2026-07-31 11:05:00,1640,1640,1640,1640,3,1640.0,8299
2026-07-31 11:10:00,1640,1640,1640,1640,9,1640.0,8299
2026-07-31 11:15:00,1640,1640,1640,1640,4,1640.0,8299
2026-07-31 11:20:00,1640,1640,1640,1640,7,1640.0,8299
2026-07-31 11:25:00,1640,1640,1640,1640,2,1640.0,8299
2026-07-31 11:30:00,1640,1640,1640,1640,16,1640.0,8299
2026-07-31 11:35:00,1640,1640,1640,1640,3,1640.0,8299
2026-07-31 11:40:00,1640,1640,1640,1640,5,1640.0,8299
2026-07-31 11:45:00,1640,1640,1640,1640,20,1640.0,8299
2026-07-31 11:50:00,1640,1640,1640,1640,2,1640.0,8299
2026-07-31 11:55:00,1640,1640,1640,1640,4,1640.0,8299
2026-07-31 12:00:00,1640,1640,1640,1640,5,1640.0,8299
2026-07-31 12:05:00,1640,1640,1640,1640,8,1640.0,8299
2026-07-31 12:10:00,1640,1640,1640,1640,22,1640.0,8299
2026-07-31 12:15:00,1640,1640,1640,1640,27,1640.0,8299
2026-07-31 12:20:00,1640,1640,1640,1640,19,1640.0,8299
2026-07-31 12:25:00,1640,1640,1640,1640,12,1640.0,8299
2026-07-31 12:30:00,1640,1640,1640,1640,14,1640.0,8299
2026-07-31 12:35:00,1640,1640,1640,1640,156,1640.0,8299
2026-07-31 12:40:00,1640,1640,1640,1640,14,1640.0,8299
2026-07-31 12:45:00,1640,1640,1640,1640,12,1640.0,8299
2026-07-31 12:50:00,1640,1640,1640,1640,13,1640.0,8299
2026-07-31 12:55:00,1640,1640,1640,1640,15,1640.0,8299
2026-07-31 13:00:00,1640,1640,1640,1640,6,1640.0,8299
2026-07-31 13:05:00,1640,1640,1640,1640,3,1640.0,8299
2026-07-31 13:10:00,1640,1640,1640,1640,2,1640.0,8299
2026-07-31 13:15:00,1640,1640,1640,1640,1,1640.0,8299
2026-07-31 13:20:00,1640,1640,1640,1640,4,1640.0,8299
2026-07-31 13:30:00,1640,1640,1640,1640,28,1640.0,8299
2026-08-03 09:00:00,1675,1745,1670,1715,1341,1708.69,8299
2026-08-03 09:05:00,1715,1750,1715,1745,384,1714.57,8299
2026-08-03 09:10:00,1740,1760,1740,1760,436,1721.54,8299
2026-08-03 09:15:00,1760,1770,1735,1750,274,1725.09,8299
2026-08-03 09:20:00,1750,1780,1745,1775,457,1731.74,8299
2026-08-03 09:25:00,1775,1800,1775,1780,395,1738.54,8299
2026-08-03 09:30:00,1780,1780,1765,1765,60,1739.13,8299
2026-08-03 09:35:00,1765,1765,1750,1750,127,1739.86,8299
2026-08-03 09:40:00,1755,1780,1755,1780,96,1740.71,8299
2026-08-03 09:45:00,1780,1780,1770,1770,64,1741.29,8299
2026-08-03 09:50:00,1770,1790,1765,1790,118,1742.57,8299
2026-08-03 09:55:00,1790,1790,1785,1790,182,1744.73,8299
2026-08-03 10:00:00,1785,1790,1785,1785,31,1745.05,8299
2026-08-03 10:05:00,1785,1790,1780,1780,48,1745.54,8299
2026-08-03 10:10:00,1785,1790,1780,1790,28,1745.83,8299
2026-08-03 10:15:00,1790,1790,1785,1790,18,1746.02,8299
2026-08-03 10:20:00,1790,1795,1785,1795,72,1746.8,8299
2026-08-03 10:25:00,1795,1795,1780,1780,107,1747.83,8299
2026-08-03 10:30:00,1780,1780,1770,1780,43,1748.12,8299
2026-08-03 10:35:00,1780,1780,1770,1770,36,1748.37,8299
2026-08-03 10:40:00,1770,1775,1770,1770,11,1748.42,8299
2026-08-03 10:45:00,1770,1770,1765,1765,38,1748.6,8299
2026-08-03 10:50:00,1765,1765,1765,1765,25,1748.69,8299
2026-08-03 10:55:00,1770,1775,1765,1770,18,1748.78,8299
2026-08-03 11:00:00,1770,1770,1760,1765,28,1748.89,8299
2026-08-03 11:05:00,1760,1765,1755,1760,46,1749.0,8299
2026-08-03 11:10:00,1765,1765,1765,1765,25,1749.09,8299
2026-08-03 11:15:00,1770,1770,1770,1770,9,1749.13,8299
2026-08-03 11:20:00,1770,1770,1760,1760,25,1749.22,8299
2026-08-03 11:25:00,1760,1760,1755,1755,22,1749.27,8299
2026-08-03 11:30:00,1755,1755,1755,1755,18,1749.29,8299
2026-08-03 11:35:00,1760,1765,1755,1765,22,1749.35,8299
2026-08-03 11:40:00,1765,1765,1765,1765,13,1749.39,8299
2026-08-03 11:45:00,1765,1770,1765,1765,11,1749.43,8299
2026-08-03 11:50:00,1765,1775,1765,1775,42,1749.61,8299
2026-08-03 11:55:00,1775,1775,1770,1775,52,1749.89,8299
2026-08-03 12:00:00,1775,1775,1765,1770,21,1749.97,8299
2026-08-03 12:05:00,1770,1770,1765,1770,21,1750.06,8299
2026-08-03 12:10:00,1770,1770,1760,1760,33,1750.16,8299
2026-08-03 12:15:00,1765,1770,1765,1770,9,1750.2,8299
2026-08-03 12:20:00,1770,1775,1770,1775,15,1750.26,8299
2026-08-03 12:25:00,1775,1785,1775,1785,81,1750.77,8299
2026-08-03 12:30:00,1785,1800,1785,1795,208,1752.5,8299
2026-08-03 12:35:00,1795,1795,1785,1790,22,1752.66,8299
2026-08-03 12:40:00,1785,1785,1780,1780,31,1752.84,8299
2026-08-03 12:45:00,1780,1785,1780,1785,26,1753.0,8299
2026-08-03 12:50:00,1785,1785,1785,1785,25,1753.15,8299
2026-08-03 12:55:00,1785,1785,1780,1780,42,1753.38,8299
2026-08-03 13:00:00,1775,1780,1775,1775,39,1753.55,8299
2026-08-03 13:05:00,1770,1770,1765,1770,54,1753.68,8299
2026-08-03 13:10:00,1770,1770,1765,1770,44,1753.81,8299
2026-08-03 13:15:00,1770,1770,1755,1755,103,1754.0,8299
2026-08-03 13:20:00,1755,1765,1755,1760,67,1754.08,8299
2026-08-03 13:30:00,1760,1760,1760,1760,160,1754.25,8299
2026-08-04 09:00:00,1750,1760,1725,1740,497,1746.01,8299
2026-08-04 09:05:00,1745,1765,1740,1755,137,1747.54,8299
2026-08-04 09:10:00,1755,1760,1745,1745,149,1748.26,8299
2026-08-04 09:15:00,1750,1750,1740,1750,109,1747.91,8299
2026-08-04 09:20:00,1750,1780,1750,1775,209,1751.76,8299
2026-08-04 09:25:00,1775,1775,1765,1770,93,1753.06,8299
2026-08-04 09:30:00,1770,1785,1770,1785,153,1756.27,8299
2026-08-04 09:35:00,1785,1790,1775,1790,197,1759.87,8299
2026-08-04 09:40:00,1790,1820,1790,1815,310,1767.33,8299
2026-08-04 09:45:00,1815,1830,1815,1820,232,1773.63,8299
2026-08-04 09:50:00,1825,1850,1825,1845,275,1781.26,8299
2026-08-04 09:55:00,1845,1845,1830,1845,113,1783.79,8299
2026-08-04 10:00:00,1840,1845,1815,1815,157,1786.6,8299
2026-08-04 10:05:00,1815,1825,1810,1815,85,1787.6,8299
2026-08-04 10:10:00,1815,1820,1805,1820,96,1788.44,8299
2026-08-04 10:15:00,1815,1815,1800,1810,98,1788.99,8299
2026-08-04 10:20:00,1810,1820,1810,1820,31,1789.25,8299
2026-08-04 10:25:00,1820,1820,1810,1815,35,1789.58,8299
2026-08-04 10:30:00,1815,1825,1815,1825,11,1789.69,8299
2026-08-04 10:35:00,1825,1825,1820,1820,13,1789.83,8299
2026-08-04 10:40:00,1820,1825,1820,1820,30,1790.13,8299
2026-08-04 10:45:00,1820,1820,1815,1815,33,1790.41,8299
2026-08-04 10:50:00,1815,1825,1815,1820,27,1790.67,8299
2026-08-04 10:55:00,1825,1825,1810,1810,24,1790.85,8299
2026-08-04 11:00:00,1810,1815,1805,1815,37,1791.08,8299
2026-08-04 11:05:00,1810,1810,1795,1795,45,1791.26,8299
2026-08-04 11:10:00,1800,1805,1790,1790,76,1791.38,8299
2026-08-04 11:15:00,1790,1800,1785,1800,55,1791.41,8299
2026-08-04 11:20:00,1800,1805,1800,1805,12,1791.45,8299
2026-08-04 11:25:00,1810,1810,1800,1800,14,1791.5,8299
2026-08-04 11:30:00,1805,1810,1805,1805,23,1791.6,8299
2026-08-04 11:35:00,1805,1805,1805,1805,27,1791.7,8299
2026-08-04 11:40:00,1805,1805,1800,1805,14,1791.75,8299
2026-08-04 11:45:00,1800,1800,1800,1800,13,1791.78,8299
2026-08-04 11:50:00,1800,1800,1800,1800,20,1791.83,8299
2026-08-04 11:55:00,1800,1805,1795,1795,26,1791.87,8299
2026-08-04 12:00:00,1795,1795,1795,1795,21,1791.89,8299
2026-08-04 12:05:00,1790,1795,1790,1795,22,1791.9,8299
2026-08-04 12:10:00,1795,1795,1790,1795,8,1791.9,8299
2026-08-04 12:15:00,1795,1805,1790,1805,59,1792.02,8299
2026-08-04 12:20:00,1805,1805,1800,1800,15,1792.06,8299
2026-08-04 12:25:00,1800,1800,1800,1800,4,1792.07,8299
2026-08-04 12:30:00,1805,1805,1800,1800,24,1792.13,8299
2026-08-04 12:35:00,1800,1800,1795,1800,34,1792.2,8299
2026-08-04 12:40:00,1800,1810,1800,1810,88,1792.56,8299
2026-08-04 12:45:00,1810,1810,1810,1810,8,1792.59,8299
2026-08-04 12:50:00,1810,1810,1810,1810,18,1792.68,8299
2026-08-04 12:55:00,1805,1805,1805,1805,18,1792.73,8299
2026-08-04 13:00:00,1810,1810,1805,1805,26,1792.84,8299
2026-08-04 13:05:00,1805,1810,1805,1810,55,1793.05,8299
2026-08-04 13:10:00,1810,1810,1800,1800,73,1793.28,8299
2026-08-04 13:15:00,1800,1805,1800,1805,87,1793.51,8299
2026-08-04 13:20:00,1805,1810,1800,1810,85,1793.77,8299
2026-08-04 13:30:00,1820,1820,1820,1820,222,1795.11,8299
2026-08-05 09:00:00,1900,1910,1880,1895,660,1896.95,8299
2026-08-05 09:05:00,1890,1900,1885,1890,178,1896.2,8299
2026-08-05 09:10:00,1890,1895,1870,1870,215,1893.12,8299
2026-08-05 09:15:00,1870,1880,1870,1870,129,1891.07,8299
2026-08-05 09:20:00,1870,1880,1870,1880,53,1890.33,8299
2026-08-05 09:25:00,1880,1890,1870,1890,114,1889.3,8299
2026-08-05 09:30:00,1890,1900,1880,1885,128,1889.42,8299
2026-08-05 09:35:00,1885,1890,1880,1885,64,1889.31,8299
2026-08-05 09:40:00,1885,1890,1880,1880,31,1889.2,8299
2026-08-05 09:45:00,1880,1885,1880,1885,31,1889.1,8299
2026-08-05 09:50:00,1885,1885,1880,1885,54,1888.9,8299
2026-08-05 09:55:00,1885,1890,1880,1880,55,1888.72,8299
2026-08-05 10:00:00,1880,1890,1880,1880,93,1888.47,8299
2026-08-05 10:05:00,1885,1890,1880,1890,21,1888.45,8299
2026-08-05 10:10:00,1890,1900,1890,1890,85,1888.71,8299
2026-08-05 10:15:00,1890,1890,1885,1890,42,1888.73,8299
2026-08-05 10:20:00,1895,1895,1885,1885,38,1888.72,8299
2026-08-05 10:25:00,1880,1890,1880,1890,32,1888.71,8299
2026-08-05 10:30:00,1885,1885,1885,1885,14,1888.68,8299
2026-08-05 10:35:00,1885,1885,1885,1885,27,1888.64,8299
2026-08-05 10:40:00,1885,1885,1880,1885,14,1888.61,8299
2026-08-05 10:45:00,1885,1885,1885,1885,16,1888.58,8299
2026-08-05 10:50:00,1880,1885,1880,1885,14,1888.55,8299
2026-08-05 10:55:00,1885,1885,1885,1885,12,1888.53,8299
2026-08-05 11:00:00,1885,1885,1885,1885,18,1888.5,8299
2026-08-05 11:05:00,1885,1885,1880,1885,16,1888.47,8299
2026-08-05 11:10:00,1880,1880,1880,1880,59,1888.24,8299
2026-08-05 11:15:00,1880,1880,1875,1875,25,1888.1,8299
2026-08-05 11:20:00,1875,1875,1870,1870,28,1887.92,8299
2026-08-05 11:25:00,1870,1875,1860,1860,114,1886.89,8299
2026-08-05 11:30:00,1860,1865,1855,1865,71,1886.04,8299
2026-08-05 11:35:00,1865,1870,1865,1870,29,1885.82,8299
2026-08-05 11:40:00,1875,1875,1870,1875,14,1885.76,8299
2026-08-05 11:45:00,1875,1875,1865,1865,14,1885.68,8299
2026-08-05 11:50:00,1870,1870,1865,1870,12,1885.6,8299
2026-08-05 11:55:00,1865,1875,1865,1875,28,1885.44,8299
2026-08-05 12:00:00,1875,1875,1870,1870,18,1885.36,8299
2026-08-05 12:05:00,1870,1870,1865,1865,10,1885.29,8299
2026-08-05 12:10:00,1865,1865,1855,1855,36,1884.94,8299
2026-08-05 12:15:00,1855,1855,1850,1850,41,1884.48,8299
2026-08-05 12:20:00,1855,1860,1850,1850,39,1884.05,8299
2026-08-05 12:25:00,1855,1860,1850,1850,36,1883.67,8299
2026-08-05 12:30:00,1850,1860,1850,1860,62,1883.03,8299
2026-08-05 12:35:00,1865,1865,1855,1855,31,1882.73,8299
2026-08-05 12:40:00,1855,1860,1855,1860,8,1882.66,8299
2026-08-05 12:45:00,1860,1860,1860,1860,34,1882.39,8299
2026-08-05 12:50:00,1860,1865,1855,1860,33,1882.13,8299
2026-08-05 12:55:00,1860,1865,1860,1860,7,1882.08,8299
2026-08-05 13:00:00,1860,1860,1855,1855,41,1881.77,8299
2026-08-05 13:05:00,1855,1865,1855,1865,80,1881.3,8299
2026-08-05 13:10:00,1865,1870,1865,1865,30,1881.15,8299
2026-08-05 13:15:00,1865,1865,1855,1860,82,1880.59,8299
2026-08-05 13:20:00,1860,1860,1845,1845,119,1879.55,8299
2026-08-05 13:30:00,1845,1845,1845,1845,296,1876.67,8299
2026-08-06 09:00:00,1815,1860,1815,1860,503,1833.5,8299
2026-08-06 09:05:00,1865,1900,1860,1895,453,1855.52,8299
2026-08-06 09:10:00,1895,1900,1870,1890,195,1860.67,8299
2026-08-06 09:15:00,1890,1890,1875,1880,121,1862.59,8299
2026-08-06 09:20:00,1875,1880,1860,1880,259,1863.99,8299
2026-08-06 09:25:00,1885,1895,1870,1890,145,1865.69,8299
2026-08-06 09:30:00,1890,1900,1890,1890,131,1867.73,8299
2026-08-06 09:35:00,1890,1925,1890,1925,350,1873.84,8299
2026-08-06 09:40:00,1930,1930,1905,1925,201,1877.47,8299
2026-08-06 09:45:00,1925,1955,1925,1955,360,1885.56,8299
2026-08-06 09:50:00,1960,2000,1960,1990,474,1899.21,8299
2026-08-06 09:55:00,1990,1990,1960,1960,182,1903.25,8299
2026-08-06 10:00:00,1965,1985,1960,1980,174,1906.8,8299
2026-08-06 10:05:00,1985,1985,1975,1985,85,1908.55,8299
2026-08-06 10:10:00,1985,2000,1980,1995,153,1911.94,8299
2026-08-06 10:15:00,1995,1995,1985,1990,44,1912.84,8299
2026-08-06 10:20:00,1990,2025,1985,2025,913,1933.2,8299
2026-08-06 10:25:00,2025,2025,2025,2025,46,1934.09,8299
2026-08-06 10:30:00,2025,2025,2025,2025,46,1934.95,8299
2026-08-06 10:35:00,2025,2025,2025,2025,35,1935.6,8299
2026-08-06 10:40:00,2025,2025,2025,2025,31,1936.16,8299
2026-08-06 10:45:00,2025,2025,2025,2025,13,1936.4,8299
2026-08-06 10:50:00,2025,2025,2025,2025,20,1936.76,8299
2026-08-06 10:55:00,2025,2025,2025,2025,24,1937.19,8299
2026-08-06 11:00:00,2025,2025,2025,2025,13,1937.42,8299
2026-08-06 11:05:00,2025,2025,2025,2025,7,1937.54,8299
2026-08-06 11:10:00,2025,2025,2025,2025,15,1937.8,8299
2026-08-06 11:15:00,2025,2025,2025,2025,12,1938.01,8299
2026-08-06 11:20:00,2025,2025,2025,2025,10,1938.18,8299
2026-08-06 11:25:00,2025,2025,2025,2025,4,1938.25,8299
2026-08-06 11:30:00,2025,2025,2025,2025,9,1938.41,8299
2026-08-06 11:35:00,2025,2025,2025,2025,3,1938.46,8299
2026-08-06 11:40:00,2025,2025,2025,2025,4,1938.53,8299
2026-08-06 11:45:00,2025,2025,2025,2025,2,1938.56,8299
2026-08-06 11:50:00,2025,2025,2025,2025,6,1938.67,8299
2026-08-06 11:55:00,2025,2025,2025,2025,2,1938.7,8299
2026-08-06 12:00:00,2025,2025,2025,2025,1,1938.72,8299
2026-08-06 12:05:00,2025,2025,2025,2025,3,1938.77,8299
2026-08-06 12:10:00,2025,2025,2025,2025,63,1939.83,8299
2026-08-06 12:15:00,2025,2025,2025,2025,16,1940.1,8299
2026-08-06 12:20:00,2025,2025,2025,2025,27,1940.54,8299
2026-08-06 12:25:00,2025,2025,2025,2025,13,1940.75,8299
2026-08-06 12:30:00,2025,2025,2025,2025,4,1940.82,8299
2026-08-06 12:40:00,2025,2025,2025,2025,5,1940.9,8299
2026-08-06 12:45:00,2025,2025,2025,2025,2,1940.93,8299
2026-08-06 12:55:00,2025,2025,2025,2025,3,1940.98,8299
2026-08-06 13:00:00,2025,2025,2025,2025,11,1941.16,8299
2026-08-06 13:05:00,2025,2025,2025,2025,3,1941.21,8299
2026-08-06 13:10:00,2025,2025,2025,2025,2,1941.24,8299
2026-08-06 13:15:00,2025,2025,2025,2025,8,1941.37,8299
2026-08-06 13:20:00,2025,2025,2025,2025,67,1942.43,8299
2026-08-06 13:30:00,2025,2025,2025,2025,16,1942.68,8299
2026-08-07 09:00:00,2060,2065,2010,2030,1482,2041.0,8299
2026-08-07 09:05:00,2030,2055,2025,2040,375,2040.63,8299
2026-08-07 09:10:00,2040,2075,2030,2040,545,2043.29,8299
2026-08-07 09:15:00,2050,2065,2045,2050,234,2044.07,8299
2026-08-07 09:20:00,2045,2045,2020,2030,158,2043.41,8299
2026-08-07 09:25:00,2035,2045,2030,2040,87,2043.21,8299
2026-08-07 09:30:00,2045,2055,2045,2045,81,2043.33,8299
2026-08-07 09:35:00,2045,2045,2020,2020,133,2042.75,8299
2026-08-07 09:40:00,2020,2030,2015,2025,132,2041.87,8299
2026-08-07 09:45:00,2025,2030,2020,2025,119,2041.3,8299
2026-08-07 09:50:00,2025,2025,2005,2020,262,2039.32,8299
2026-08-07 09:55:00,2020,2020,2005,2015,79,2038.75,8299
2026-08-07 10:00:00,2015,2025,2010,2020,76,2038.36,8299
2026-08-07 10:05:00,2020,2025,2020,2020,64,2038.1,8299
2026-08-07 10:10:00,2020,2040,2020,2040,117,2037.96,8299
2026-08-07 10:15:00,2040,2050,2040,2045,69,2038.07,8299
2026-08-07 10:20:00,2045,2045,2030,2035,34,2038.06,8299
2026-08-07 10:25:00,2035,2035,2030,2030,15,2038.04,8299
2026-08-07 10:30:00,2030,2030,2025,2030,30,2037.98,8299
2026-08-07 10:35:00,2030,2030,2025,2025,19,2037.92,8299
2026-08-07 10:40:00,2025,2025,2020,2020,26,2037.81,8299
2026-08-07 10:45:00,2015,2015,2015,2015,49,2037.55,8299
2026-08-07 10:50:00,2015,2020,2015,2015,22,2037.43,8299
2026-08-07 10:55:00,2010,2015,2005,2005,78,2036.92,8299
2026-08-07 11:00:00,2005,2015,2005,2015,88,2036.34,8299
2026-08-07 11:05:00,2015,2020,2015,2015,9,2036.3,8299
2026-08-07 11:10:00,2015,2020,2010,2010,27,2036.17,8299
2026-08-07 11:15:00,2010,2010,2000,2000,82,2035.62,8299
2026-08-07 11:20:00,2000,2005,1995,1995,122,2034.65,8299
2026-08-07 11:25:00,1995,2000,1990,2000,144,2033.42,8299
2026-08-07 11:30:00,2005,2005,2000,2005,31,2033.23,8299
2026-08-07 11:35:00,2005,2010,2005,2005,6,2033.2,8299
2026-08-07 11:40:00,2010,2010,2005,2005,13,2033.13,8299
2026-08-07 11:45:00,2005,2005,2000,2000,23,2032.98,8299
2026-08-07 11:50:00,2000,2000,1995,1995,19,2032.84,8299
2026-08-07 11:55:00,1995,2000,1990,2000,47,2032.48,8299
2026-08-07 12:00:00,1995,1995,1990,1995,26,2032.28,8299
2026-08-07 12:05:00,1990,2005,1990,2000,93,2031.63,8299
2026-08-07 12:10:00,2000,2005,1995,1995,28,2031.47,8299
2026-08-07 12:15:00,1995,1995,1985,1985,72,2030.89,8299
2026-08-07 12:20:00,1985,1995,1985,1990,85,2030.22,8299
2026-08-07 12:25:00,1995,2000,1990,1995,21,2030.08,8299
2026-08-07 12:30:00,2000,2000,1995,1995,29,2029.9,8299
2026-08-07 12:35:00,1995,1995,1990,1990,33,2029.68,8299
2026-08-07 12:40:00,1990,1995,1980,1980,96,2028.89,8299
2026-08-07 12:45:00,1980,1990,1980,1985,111,2028.0,8299
2026-08-07 12:50:00,1985,1985,1970,1970,134,2026.71,8299
2026-08-07 12:55:00,1970,1980,1970,1980,102,2025.8,8299
2026-08-07 13:00:00,1980,1995,1980,1995,72,2025.31,8299
2026-08-07 13:05:00,1990,1995,1985,1990,34,2025.11,8299
2026-08-07 13:10:00,1985,1990,1980,1990,120,2024.3,8299
2026-08-07 13:15:00,1985,1990,1980,1985,86,2023.73,8299
2026-08-07 13:20:00,1980,2015,1980,2015,233,2022.81,8299
2026-08-07 13:30:00,2020,2020,2020,2020,366,2022.66,8299
2026-08-10 09:00:00,2060,2080,2045,2070,641,2060.8,8299
2026-08-10 09:05:00,2070,2075,2030,2035,363,2058.29,8299
2026-08-10 09:10:00,2035,2060,2035,2060,157,2056.46,8299
2026-08-10 09:15:00,2060,2075,2050,2065,176,2057.54,8299
2026-08-10 09:20:00,2065,2065,2045,2055,138,2057.6,8299
2026-08-10 09:25:00,2055,2075,2055,2065,199,2058.63,8299
2026-08-10 09:30:00,2065,2070,2050,2055,80,2058.46,8299
2026-08-10 09:35:00,2055,2080,2055,2060,182,2059.54,8299
2026-08-10 09:40:00,2060,2065,2055,2055,79,2059.59,8299
2026-08-10 09:45:00,2055,2070,2055,2055,94,2059.74,8299
2026-08-10 09:50:00,2055,2055,2040,2050,187,2058.79,8299
2026-08-10 09:55:00,2045,2065,2045,2060,82,2058.77,8299
2026-08-10 10:00:00,2060,2065,2060,2065,51,2058.8,8299
2026-08-10 10:05:00,2060,2060,2055,2055,24,2058.81,8299
2026-08-10 10:10:00,2055,2070,2055,2060,93,2058.95,8299
2026-08-10 10:15:00,2060,2060,2055,2055,9,2058.95,8299
2026-08-10 10:20:00,2055,2060,2050,2050,44,2058.88,8299
2026-08-10 10:25:00,2050,2055,2050,2055,26,2058.82,8299
2026-08-10 10:30:00,2055,2055,2050,2055,30,2058.74,8299
2026-08-10 10:35:00,2050,2055,2045,2050,116,2058.29,8299
2026-08-10 10:40:00,2050,2060,2050,2060,64,2058.2,8299
2026-08-10 10:45:00,2055,2055,2055,2055,5,2058.19,8299
2026-08-10 10:50:00,2055,2060,2050,2055,48,2058.15,8299
2026-08-10 10:55:00,2055,2060,2055,2055,5,2058.15,8299
2026-08-10 11:00:00,2055,2055,2050,2050,50,2058.08,8299
2026-08-10 11:05:00,2050,2055,2050,2055,17,2058.06,8299
2026-08-10 11:10:00,2055,2060,2050,2050,21,2058.04,8299
2026-08-10 11:15:00,2055,2060,2055,2060,64,2058.06,8299
2026-08-10 11:20:00,2065,2070,2060,2070,67,2058.23,8299
2026-08-10 11:25:00,2070,2070,2065,2065,29,2058.31,8299
2026-08-10 11:30:00,2060,2065,2060,2060,29,2058.32,8299
2026-08-10 11:35:00,2060,2060,2055,2055,7,2058.32,8299
2026-08-10 11:40:00,2055,2055,2055,2055,5,2058.31,8299
2026-08-10 11:45:00,2055,2060,2055,2060,4,2058.31,8299
2026-08-10 11:50:00,2055,2060,2055,2060,7,2058.31,8299
2026-08-10 11:55:00,2055,2055,2045,2045,104,2058.11,8299
2026-08-10 12:00:00,2045,2050,2045,2050,33,2058.0,8299
2026-08-10 12:05:00,2050,2050,2045,2045,42,2057.89,8299
2026-08-10 12:10:00,2050,2050,2045,2045,23,2057.81,8299
2026-08-10 12:15:00,2050,2050,2045,2050,9,2057.78,8299
2026-08-10 12:20:00,2050,2050,2050,2050,9,2057.76,8299
2026-08-10 12:25:00,2050,2055,2050,2055,26,2057.71,8299
2026-08-10 12:30:00,2055,2055,2055,2055,33,2057.69,8299
2026-08-10 12:35:00,2050,2050,2050,2050,16,2057.65,8299
2026-08-10 12:40:00,2050,2050,2045,2045,6,2057.63,8299
2026-08-10 12:45:00,2050,2050,2045,2045,13,2057.6,8299
2026-08-10 12:50:00,2045,2050,2045,2050,10,2057.57,8299
2026-08-10 12:55:00,2045,2045,2045,2045,16,2057.51,8299
2026-08-10 13:00:00,2050,2050,2045,2045,90,2057.22,8299
2026-08-10 13:05:00,2045,2050,2045,2045,58,2057.03,8299
2026-08-10 13:10:00,2045,2050,2040,2045,66,2056.82,8299
2026-08-10 13:15:00,2050,2055,2045,2050,91,2056.66,8299
2026-08-10 13:20:00,2050,2050,2045,2045,92,2056.4,8299
2026-08-10 13:30:00,2040,2040,2040,2040,264,2055.37,8299
2026-08-11 09:00:00,2035,2040,2025,2030,217,2033.62,8299
2026-08-11 09:05:00,2030,2050,2030,2050,166,2036.92,8299
2026-08-11 09:10:00,2045,2055,2040,2040,60,2038.01,8299
2026-08-11 09:15:00,2045,2050,2030,2030,167,2038.57,8299
2026-08-11 09:20:00,2030,2035,2020,2025,104,2036.29,8299
2026-08-11 09:25:00,2025,2035,2015,2035,56,2035.27,8299
2026-08-11 09:30:00,2035,2040,2030,2035,48,2035.2,8299
2026-08-11 09:35:00,2035,2035,2015,2015,74,2034.04,8299
2026-08-11 09:40:00,2015,2050,2015,2035,78,2033.9,8299
2026-08-11 09:45:00,2035,2035,2030,2030,33,2033.82,8299
2026-08-11 09:50:00,2035,2040,2030,2040,15,2033.85,8299
2026-08-11 09:55:00,2040,2040,2030,2030,18,2033.84,8299
2026-08-11 10:00:00,2030,2035,2030,2030,19,2033.81,8299
2026-08-11 10:05:00,2035,2045,2030,2045,64,2034.27,8299
2026-08-11 10:10:00,2045,2050,2040,2045,52,2034.74,8299
2026-08-11 10:15:00,2045,2045,2040,2040,9,2034.79,8299
2026-08-11 10:20:00,2040,2040,2035,2040,25,2034.85,8299
2026-08-11 10:25:00,2040,2040,2040,2040,12,2034.9,8299
2026-08-11 10:30:00,2035,2045,2035,2040,27,2034.99,8299
2026-08-11 10:35:00,2040,2045,2040,2045,8,2035.02,8299
2026-08-11 10:40:00,2045,2050,2045,2045,37,2035.31,8299
2026-08-11 10:45:00,2045,2045,2045,2045,12,2035.4,8299
2026-08-11 10:50:00,2045,2045,2040,2040,13,2035.49,8299
2026-08-11 10:55:00,2040,2045,2040,2045,5,2035.51,8299
2026-08-11 11:00:00,2045,2045,2045,2045,26,2035.7,8299
2026-08-11 11:05:00,2050,2065,2045,2050,173,2037.9,8299
2026-08-11 11:10:00,2050,2055,2050,2050,4,2037.93,8299
2026-08-11 11:15:00,2055,2055,2050,2050,8,2038.01,8299
2026-08-11 11:20:00,2050,2060,2050,2060,20,2038.21,8299
2026-08-11 11:25:00,2060,2070,2060,2065,76,2039.45,8299
2026-08-11 11:30:00,2070,2075,2065,2065,59,2040.56,8299
2026-08-11 11:35:00,2065,2070,2065,2070,35,2041.08,8299
2026-08-11 11:40:00,2065,2070,2065,2065,20,2041.4,8299
2026-08-11 11:45:00,2065,2070,2065,2070,39,2041.97,8299
2026-08-11 11:50:00,2070,2075,2065,2070,32,2042.47,8299
2026-08-11 11:55:00,2070,2070,2070,2070,8,2042.59,8299
2026-08-11 12:00:00,2070,2080,2070,2075,138,2044.85,8299
2026-08-11 12:05:00,2075,2075,2070,2070,12,2045.01,8299
2026-08-11 12:10:00,2070,2080,2070,2075,27,2045.41,8299
2026-08-11 12:15:00,2080,2095,2075,2090,145,2048.23,8299
2026-08-11 12:20:00,2090,2100,2090,2095,45,2049.19,8299
2026-08-11 12:25:00,2100,2100,2095,2095,102,2051.39,8299
2026-08-11 12:30:00,2090,2090,2080,2080,42,2052.06,8299
2026-08-11 12:35:00,2080,2090,2080,2090,22,2052.35,8299
2026-08-11 12:40:00,2090,2095,2090,2095,19,2052.68,8299
2026-08-11 12:45:00,2095,2095,2090,2090,8,2052.81,8299
2026-08-11 12:50:00,2095,2095,2090,2090,20,2053.14,8299
2026-08-11 12:55:00,2095,2095,2090,2095,29,2053.61,8299
2026-08-11 13:00:00,2095,2100,2090,2100,57,2054.6,8299
2026-08-11 13:05:00,2100,2100,2090,2095,92,2056.03,8299
2026-08-11 13:10:00,2090,2095,2090,2090,13,2056.21,8299
2026-08-11 13:15:00,2095,2095,2090,2090,57,2056.98,8299
2026-08-11 13:20:00,2085,2090,2080,2090,78,2057.79,8299
2026-08-11 13:30:00,2090,2090,2090,2090,147,2059.44,8299
2026-08-12 09:00:00,2110,2180,2110,2155,533,2151.38,8299
2026-08-12 09:05:00,2160,2190,2155,2170,321,2160.52,8299
2026-08-12 09:10:00,2170,2175,2155,2160,159,2161.76,8299
2026-08-12 09:15:00,2160,2160,2150,2160,150,2160.83,8299
2026-08-12 09:20:00,2165,2175,2145,2170,217,2160.68,8299
2026-08-12 09:25:00,2175,2205,2170,2205,498,2169.37,8299
2026-08-12 09:30:00,2200,2200,2180,2180,140,2170.84,8299
2026-08-12 09:35:00,2175,2190,2170,2190,80,2171.12,8299
2026-08-12 09:40:00,2190,2200,2185,2200,97,2172.01,8299
2026-08-12 09:45:00,2200,2200,2180,2180,66,2172.51,8299
2026-08-12 09:50:00,2185,2185,2175,2175,67,2172.69,8299
2026-08-12 09:55:00,2175,2180,2165,2175,132,2172.55,8299
2026-08-12 10:00:00,2170,2175,2165,2170,20,2172.53,8299
2026-08-12 10:05:00,2170,2170,2160,2165,44,2172.42,8299
2026-08-12 10:10:00,2160,2165,2155,2165,69,2172.09,8299
2026-08-12 10:15:00,2165,2175,2160,2175,70,2171.95,8299
2026-08-12 10:20:00,2175,2175,2165,2165,28,2171.92,8299
2026-08-12 10:25:00,2165,2180,2165,2175,37,2171.91,8299
2026-08-12 10:30:00,2175,2180,2175,2180,18,2171.95,8299
2026-08-12 10:35:00,2180,2180,2175,2175,24,2171.98,8299
2026-08-12 10:40:00,2175,2180,2170,2170,14,2171.99,8299
2026-08-12 10:45:00,2170,2180,2170,2180,16,2172.01,8299
2026-08-12 10:50:00,2175,2180,2170,2180,63,2172.08,8299
2026-08-12 10:55:00,2180,2180,2170,2170,15,2172.08,8299
2026-08-12 11:00:00,2175,2175,2175,2175,7,2172.08,8299
2026-08-12 11:05:00,2170,2190,2170,2190,73,2172.33,8299
2026-08-12 11:10:00,2190,2205,2185,2190,334,2174.81,8299
2026-08-12 11:15:00,2190,2200,2185,2195,35,2175.01,8299
2026-08-12 11:20:00,2195,2195,2180,2185,37,2175.15,8299
2026-08-12 11:25:00,2190,2190,2180,2180,73,2175.31,8299
2026-08-12 11:30:00,2180,2185,2165,2170,133,2175.25,8299
2026-08-12 11:35:00,2170,2175,2165,2165,22,2175.23,8299
2026-08-12 11:40:00,2165,2170,2160,2160,42,2175.11,8299
2026-08-12 11:45:00,2165,2170,2165,2170,25,2175.06,8299
2026-08-12 11:50:00,2170,2170,2165,2165,45,2174.97,8299
2026-08-12 11:55:00,2165,2170,2160,2165,35,2174.87,8299
2026-08-12 12:00:00,2165,2170,2155,2170,80,2174.58,8299
2026-08-12 12:05:00,2165,2170,2165,2170,19,2174.55,8299
2026-08-12 12:10:00,2170,2175,2170,2175,26,2174.55,8299
2026-08-12 12:15:00,2175,2175,2160,2165,50,2174.46,8299
2026-08-12 12:20:00,2165,2165,2155,2160,34,2174.34,8299
2026-08-12 12:25:00,2160,2165,2160,2165,22,2174.28,8299
2026-08-12 12:30:00,2165,2165,2160,2160,21,2174.22,8299
2026-08-12 12:35:00,2160,2165,2160,2165,31,2174.13,8299
2026-08-12 12:40:00,2165,2165,2160,2160,20,2174.07,8299
2026-08-12 12:45:00,2160,2170,2160,2165,35,2173.99,8299
2026-08-12 12:50:00,2165,2170,2165,2170,43,2173.91,8299
2026-08-12 12:55:00,2170,2170,2165,2170,19,2173.89,8299
2026-08-12 13:00:00,2170,2185,2170,2180,84,2173.97,8299
2026-08-12 13:05:00,2180,2185,2175,2180,67,2174.06,8299
2026-08-12 13:10:00,2180,2225,2180,2220,679,2178.11,8299
2026-08-12 13:15:00,2220,2245,2220,2225,204,2180.25,8299
2026-08-12 13:20:00,2225,2230,2205,2210,226,2181.86,8299
2026-08-12 13:30:00,2210,2210,2210,2210,257,2183.14,8299
2026-08-13 09:00:00,2260,2260,2205,2210,1110,2229.04,8299
2026-08-13 09:05:00,2205,2210,2180,2200,519,2218.14,8299
2026-08-13 09:10:00,2195,2205,2180,2190,247,2214.5,8299
2026-08-13 09:15:00,2190,2200,2175,2195,256,2210.73,8299
2026-08-13 09:20:00,2195,2215,2195,2205,265,2210.51,8299
2026-08-13 09:25:00,2205,2210,2200,2200,128,2210.11,8299
2026-08-13 09:30:00,2200,2205,2195,2200,70,2209.83,8299
2026-08-13 09:35:00,2205,2225,2205,2215,336,2210.45,8299
2026-08-13 09:40:00,2215,2220,2210,2220,66,2210.54,8299
2026-08-13 09:45:00,2220,2225,2210,2215,105,2210.81,8299
2026-08-13 09:50:00,2220,2235,2220,2235,126,2211.47,8299
2026-08-13 09:55:00,2235,2245,2230,2235,271,2213.58,8299
2026-08-13 10:00:00,2235,2250,2235,2240,156,2214.85,8299
2026-08-13 10:05:00,2240,2255,2240,2245,208,2216.67,8299
2026-08-13 10:10:00,2245,2250,2240,2240,70,2217.19,8299
2026-08-13 10:15:00,2245,2250,2240,2250,70,2217.68,8299
2026-08-13 10:20:00,2245,2245,2230,2230,89,2218.1,8299
2026-08-13 10:25:00,2230,2230,2210,2215,93,2218.16,8299
2026-08-13 10:30:00,2215,2215,2205,2205,71,2218.04,8299
2026-08-13 10:35:00,2205,2220,2205,2215,44,2217.97,8299
2026-08-13 10:40:00,2215,2220,2215,2220,24,2217.97,8299
2026-08-13 10:45:00,2215,2215,2210,2210,9,2217.96,8299
2026-08-13 10:50:00,2210,2220,2210,2220,36,2217.95,8299
2026-08-13 10:55:00,2220,2225,2220,2225,31,2217.98,8299
2026-08-13 11:00:00,2230,2230,2225,2225,21,2218.02,8299
2026-08-13 11:05:00,2225,2230,2225,2225,17,2218.04,8299
2026-08-13 11:10:00,2225,2225,2220,2220,13,2218.06,8299
2026-08-13 11:15:00,2220,2225,2220,2220,16,2218.07,8299
2026-08-13 11:20:00,2225,2225,2220,2225,12,2218.08,8299
2026-08-13 11:25:00,2225,2230,2220,2225,11,2218.1,8299
2026-08-13 11:30:00,2225,2240,2225,2235,88,2218.37,8299
2026-08-13 11:35:00,2235,2250,2230,2250,128,2219.0,8299
2026-08-13 11:40:00,2250,2260,2245,2250,239,2220.55,8299
2026-08-13 11:45:00,2250,2255,2245,2245,73,2220.98,8299
2026-08-13 11:50:00,2245,2245,2240,2240,29,2221.11,8299
2026-08-13 11:55:00,2240,2250,2235,2250,113,2221.59,8299
2026-08-13 12:00:00,2250,2255,2245,2255,46,2221.85,8299
2026-08-13 12:05:00,2250,2250,2245,2250,29,2222.0,8299
2026-08-13 12:10:00,2250,2275,2250,2265,278,2224.08,8299
2026-08-13 12:15:00,2260,2260,2255,2255,25,2224.23,8299
2026-08-13 12:20:00,2255,2255,2250,2250,45,2224.44,8299
2026-08-13 12:25:00,2250,2270,2250,2265,63,2224.85,8299
2026-08-13 12:30:00,2265,2270,2265,2270,42,2225.16,8299
2026-08-13 12:35:00,2270,2280,2270,2270,114,2226.1,8299
2026-08-13 12:40:00,2270,2275,2265,2270,23,2226.27,8299
2026-08-13 12:45:00,2270,2270,2270,2270,20,2226.42,8299
2026-08-13 12:50:00,2270,2280,2270,2275,123,2227.4,8299
2026-08-13 12:55:00,2275,2280,2275,2275,40,2227.72,8299
2026-08-13 13:00:00,2275,2280,2265,2265,73,2228.25,8299
2026-08-13 13:05:00,2265,2275,2265,2270,79,2228.76,8299
2026-08-13 13:10:00,2270,2270,2265,2270,91,2229.36,8299
2026-08-13 13:15:00,2270,2275,2260,2260,124,2230.1,8299
2026-08-13 13:20:00,2260,2270,2260,2265,79,2230.52,8299
2026-08-13 13:30:00,2280,2280,2280,2280,438,2233.67,8299
2026-08-14 09:00:00,2325,2325,2250,2255,2798,2297.63,8299
2026-08-14 09:05:00,2250,2290,2250,2285,660,2292.99,8299
2026-08-14 09:10:00,2285,2295,2260,2265,510,2290.9,8299
2026-08-14 09:15:00,2265,2265,2235,2235,630,2285.04,8299
2026-08-14 09:20:00,2235,2255,2230,2235,337,2282.01,8299
2026-08-14 09:25:00,2230,2245,2220,2225,405,2278.06,8299
2026-08-14 09:30:00,2225,2230,2180,2185,774,2268.85,8299
2026-08-14 09:35:00,2190,2215,2185,2195,260,2266.22,8299
2026-08-14 09:40:00,2195,2210,2195,2210,224,2263.99,8299
2026-08-14 09:45:00,2210,2215,2195,2200,193,2262.33,8299
2026-08-14 09:50:00,2200,2210,2200,2200,104,2261.46,8299
2026-08-14 09:55:00,2200,2205,2190,2190,201,2259.57,8299
2026-08-14 10:00:00,2195,2205,2190,2205,111,2258.63,8299
2026-08-14 10:05:00,2205,2205,2195,2195,119,2257.67,8299
2026-08-14 10:10:00,2195,2195,2185,2195,167,2256.17,8299
2026-08-14 10:15:00,2195,2200,2180,2180,221,2254.19,8299
2026-08-14 10:20:00,2180,2190,2170,2185,349,2250.91,8299
2026-08-14 10:25:00,2190,2190,2160,2160,305,2247.92,8299
2026-08-14 10:30:00,2160,2165,2150,2155,341,2244.36,8299
2026-08-14 10:35:00,2150,2155,2120,2120,552,2237.91,8299
2026-08-14 10:40:00,2120,2135,2110,2135,463,2232.23,8299
2026-08-14 10:45:00,2135,2145,2130,2140,194,2230.43,8299
2026-08-14 10:50:00,2140,2140,2130,2130,87,2229.62,8299
2026-08-14 10:55:00,2130,2130,2120,2130,130,2228.3,8299
2026-08-14 11:00:00,2125,2125,2100,2110,455,2223.34,8299
2026-08-14 11:05:00,2105,2110,2095,2105,321,2219.79,8299
2026-08-14 11:10:00,2100,2115,2095,2110,132,2218.41,8299
2026-08-14 11:15:00,2110,2120,2110,2120,109,2217.37,8299
2026-08-14 11:20:00,2115,2120,2095,2100,168,2215.74,8299
2026-08-14 11:25:00,2095,2100,2090,2095,154,2214.13,8299
2026-08-14 11:30:00,2100,2105,2095,2100,113,2213.01,8299
2026-08-14 11:35:00,2100,2105,2095,2100,130,2211.75,8299
2026-08-14 11:40:00,2100,2105,2095,2095,56,2211.23,8299
2026-08-14 11:45:00,2095,2100,2090,2090,99,2210.25,8299
2026-08-14 11:50:00,2090,2090,2085,2085,222,2207.99,8299
2026-08-14 11:55:00,2085,2095,2085,2085,109,2206.92,8299
2026-08-14 12:00:00,2085,2090,2085,2085,72,2206.22,8299
2026-08-14 12:05:00,2085,2095,2085,2090,55,2205.7,8299
2026-08-14 12:10:00,2095,2095,2085,2090,95,2204.82,8299
2026-08-14 12:15:00,2090,2095,2085,2085,106,2203.83,8299
2026-08-14 12:20:00,2085,2085,2065,2065,443,2199.32,8299
2026-08-14 12:25:00,2065,2075,2065,2070,181,2197.52,8299
2026-08-14 12:30:00,2070,2075,2065,2065,112,2196.45,8299
2026-08-14 12:35:00,2065,2085,2065,2085,125,2195.29,8299
2026-08-14 12:40:00,2085,2095,2085,2095,81,2194.67,8299
2026-08-14 12:45:00,2095,2095,2085,2085,83,2194.02,8299
2026-08-14 12:50:00,2085,2085,2080,2085,19,2193.86,8299
2026-08-14 12:55:00,2085,2100,2085,2100,120,2192.99,8299
2026-08-14 13:00:00,2100,2100,2085,2090,102,2192.25,8299
2026-08-14 13:05:00,2085,2085,2070,2075,143,2191.09,8299
2026-08-14 13:10:00,2075,2100,2070,2090,156,2189.9,8299
2026-08-14 13:15:00,2090,2095,2090,2095,108,2189.16,8299
2026-08-14 13:20:00,2095,2095,2085,2085,260,2187.37,8299
2026-08-14 13:30:00,2080,2080,2080,2080,533,2183.56,8299
2026-08-17 09:00:00,2110,2120,2085,2120,767,2105.83,8299
2026-08-17 09:05:00,2120,2125,2110,2125,310,2108.87,8299
2026-08-17 09:10:00,2120,2125,2105,2105,219,2109.73,8299
2026-08-17 09:15:00,2105,2110,2090,2110,179,2108.37,8299
2026-08-17 09:20:00,2110,2115,2090,2095,181,2107.51,8299
2026-08-17 09:25:00,2095,2100,2090,2090,91,2106.74,8299
2026-08-17 09:30:00,2090,2095,2090,2090,52,2106.27,8299
2026-08-17 09:35:00,2090,2100,2085,2095,84,2105.62,8299
2026-08-17 09:40:00,2095,2100,2085,2095,69,2105.14,8299
2026-08-17 09:45:00,2095,2095,2090,2095,17,2105.03,8299
2026-08-17 09:50:00,2095,2095,2090,2095,56,2104.74,8299
2026-08-17 09:55:00,2095,2100,2095,2095,36,2104.58,8299
2026-08-17 10:00:00,2095,2095,2090,2095,28,2104.44,8299
2026-08-17 10:05:00,2095,2110,2090,2105,91,2104.24,8299
2026-08-17 10:10:00,2105,2105,2100,2105,33,2104.21,8299
2026-08-17 10:15:00,2105,2105,2095,2100,54,2104.11,8299
2026-08-17 10:20:00,2095,2100,2095,2095,51,2103.92,8299
2026-08-17 10:25:00,2100,2105,2095,2105,39,2103.87,8299
2026-08-17 10:30:00,2105,2110,2100,2105,33,2103.88,8299
2026-08-17 10:35:00,2105,2105,2100,2100,78,2103.84,8299
2026-08-17 10:40:00,2105,2110,2100,2105,35,2103.86,8299
2026-08-17 10:45:00,2105,2115,2105,2110,28,2103.92,8299
2026-08-17 10:50:00,2105,2110,2105,2110,42,2104.02,8299
2026-08-17 10:55:00,2110,2110,2110,2110,7,2104.03,8299
2026-08-17 11:00:00,2110,2115,2110,2115,57,2104.16,8299
2026-08-17 11:05:00,2115,2120,2110,2120,61,2104.43,8299
2026-08-17 11:10:00,2115,2120,2105,2110,104,2104.69,8299
2026-08-17 11:15:00,2110,2110,2110,2110,20,2104.73,8299
2026-08-17 11:20:00,2115,2115,2105,2105,23,2104.77,8299
2026-08-17 11:25:00,2105,2110,2105,2110,30,2104.82,8299
2026-08-17 11:30:00,2115,2115,2105,2110,31,2104.89,8299
2026-08-17 11:35:00,2110,2110,2105,2105,3,2104.9,8299
2026-08-17 11:40:00,2110,2110,2105,2105,25,2104.9,8299
2026-08-17 11:45:00,2105,2105,2105,2105,51,2104.9,8299
2026-08-17 11:50:00,2105,2110,2105,2110,35,2104.92,8299
2026-08-17 11:55:00,2105,2110,2105,2110,48,2104.99,8299
2026-08-17 12:00:00,2110,2115,2110,2115,11,2105.01,8299
2026-08-17 12:05:00,2115,2115,2110,2115,30,2105.11,8299
2026-08-17 12:10:00,2115,2115,2105,2105,92,2105.21,8299
2026-08-17 12:15:00,2105,2105,2100,2100,8,2105.21,8299
2026-08-17 12:20:00,2100,2105,2100,2105,16,2105.2,8299
2026-08-17 12:25:00,2100,2105,2100,2100,29,2105.16,8299
2026-08-17 12:30:00,2105,2105,2100,2105,13,2105.14,8299
2026-08-17 12:35:00,2100,2105,2100,2105,7,2105.14,8299
2026-08-17 12:40:00,2100,2105,2090,2095,146,2104.81,8299
2026-08-17 12:45:00,2095,2100,2095,2100,19,2104.76,8299
2026-08-17 12:50:00,2100,2100,2090,2090,35,2104.65,8299
2026-08-17 12:55:00,2090,2095,2085,2090,88,2104.29,8299
2026-08-17 13:00:00,2085,2095,2085,2090,106,2103.89,8299
2026-08-17 13:05:00,2095,2100,2090,2100,112,2103.64,8299
2026-08-17 13:10:00,2100,2100,2095,2100,22,2103.61,8299
2026-08-17 13:15:00,2100,2100,2090,2090,59,2103.47,8299
2026-08-17 13:20:00,2090,2095,2085,2090,119,2103.1,8299
2026-08-17 13:30:00,2085,2085,2085,2085,282,2101.9,8299
2026-08-18 09:00:00,2105,2120,2090,2095,367,2105.34,8299
2026-08-18 09:05:00,2095,2105,2085,2090,122,2102.21,8299
2026-08-18 09:10:00,2090,2095,2085,2095,85,2100.63,8299
2026-08-18 09:15:00,2095,2095,2090,2090,45,2099.93,8299
2026-08-18 09:20:00,2090,2095,2085,2090,121,2098.21,8299
2026-08-18 09:25:00,2090,2095,2080,2090,145,2096.33,8299
2026-08-18 09:30:00,2090,2090,2075,2085,124,2094.48,8299
2026-08-18 09:35:00,2080,2085,2080,2080,31,2094.14,8299
2026-08-18 09:40:00,2080,2080,2050,2055,263,2087.59,8299
2026-08-18 09:45:00,2055,2060,2045,2050,152,2083.74,8299
2026-08-18 09:50:00,2050,2055,2040,2050,144,2080.33,8299
2026-08-18 09:55:00,2050,2060,2040,2060,112,2078.4,8299
2026-08-18 10:00:00,2060,2065,2055,2060,36,2078.04,8299
2026-08-18 10:05:00,2060,2060,2045,2050,55,2077.23,8299
2026-08-18 10:10:00,2045,2050,2030,2030,104,2075.06,8299
2026-08-18 10:15:00,2030,2035,2020,2025,239,2069.85,8299
2026-08-18 10:20:00,2025,2030,2020,2025,67,2068.56,8299
2026-08-18 10:25:00,2025,2035,2020,2030,72,2067.24,8299
2026-08-18 10:30:00,2030,2040,2030,2035,51,2066.5,8299
2026-08-18 10:35:00,2035,2040,2035,2040,32,2066.13,8299
2026-08-18 10:40:00,2040,2040,2030,2030,29,2065.76,8299
2026-08-18 10:45:00,2030,2035,2020,2025,74,2064.57,8299
2026-08-18 10:50:00,2025,2030,2020,2025,27,2064.14,8299
2026-08-18 10:55:00,2025,2035,2025,2035,43,2063.59,8299
2026-08-18 11:00:00,2040,2040,2035,2035,30,2063.28,8299
2026-08-18 11:05:00,2040,2040,2035,2040,13,2063.15,8299
2026-08-18 11:10:00,2040,2040,2035,2040,35,2062.84,8299
2026-08-18 11:15:00,2040,2040,2040,2040,14,2062.72,8299
2026-08-18 11:20:00,2040,2040,2035,2035,44,2062.33,8299
2026-08-18 11:25:00,2045,2045,2040,2040,23,2062.16,8299
2026-08-18 11:30:00,2035,2035,2020,2025,76,2061.17,8299
2026-08-18 11:35:00,2030,2035,2025,2030,20,2060.95,8299
2026-08-18 11:40:00,2030,2035,2030,2030,19,2060.74,8299
2026-08-18 11:45:00,2030,2035,2025,2030,25,2060.47,8299
2026-08-18 11:50:00,2030,2035,2030,2035,29,2060.2,8299
2026-08-18 11:55:00,2030,2030,2030,2030,21,2059.98,8299
2026-08-18 12:00:00,2030,2030,2025,2025,42,2059.51,8299
2026-08-18 12:05:00,2025,2025,2010,2015,176,2057.13,8299
2026-08-18 12:10:00,2015,2015,2005,2005,119,2055.39,8299
2026-08-18 12:15:00,2005,2015,2005,2015,39,2054.85,8299
2026-08-18 12:20:00,2010,2015,2010,2010,10,2054.72,8299
2026-08-18 12:25:00,2010,2025,2005,2025,114,2053.4,8299
2026-08-18 12:30:00,2025,2025,2020,2020,100,2052.51,8299
2026-08-18 12:35:00,2020,2030,2020,2025,40,2052.2,8299
2026-08-18 12:40:00,2025,2025,2015,2015,34,2051.88,8299
2026-08-18 12:45:00,2015,2020,2010,2020,51,2051.36,8299
2026-08-18 12:50:00,2015,2020,2010,2020,38,2050.97,8299
2026-08-18 12:55:00,2020,2020,2015,2020,53,2050.46,8299
2026-08-18 13:00:00,2015,2015,2010,2010,50,2049.94,8299
2026-08-18 13:05:00,2010,2015,2010,2015,56,2049.36,8299
2026-08-18 13:10:00,2010,2015,2005,2010,52,2048.84,8299
2026-08-18 13:15:00,2005,2010,2005,2005,109,2047.64,8299
2026-08-18 13:20:00,2010,2010,2000,2010,234,2045.27,8299
2026-08-18 13:30:00,2000,2000,2000,2000,311,2042.16,8299
2026-08-19 09:00:00,1920,1935,1905,1930,569,1920.68,8299
2026-08-19 09:05:00,1930,1950,1920,1940,239,1925.59,8299
2026-08-19 09:10:00,1940,1945,1925,1930,123,1926.46,8299
2026-08-19 09:15:00,1930,1945,1925,1945,70,1927.1,8299
2026-08-19 09:20:00,1945,1965,1945,1950,227,1932.05,8299
2026-08-19 09:25:00,1950,1960,1935,1955,164,1934.07,8299
2026-08-19 09:30:00,1955,1960,1940,1940,96,1935.16,8299
2026-08-19 09:35:00,1940,1950,1940,1950,137,1936.04,8299
2026-08-19 09:40:00,1950,1955,1945,1950,72,1936.58,8299
2026-08-19 09:45:00,1950,1955,1950,1950,34,1936.85,8299
2026-08-19 09:50:00,1945,1950,1935,1935,82,1937.08,8299
2026-08-19 09:55:00,1940,1940,1935,1940,64,1937.17,8299
2026-08-19 10:00:00,1940,1940,1930,1930,50,1937.12,8299
2026-08-19 10:05:00,1935,1935,1920,1925,163,1936.27,8299
2026-08-19 10:10:00,1925,1935,1925,1925,69,1936.0,8299
2026-08-19 10:15:00,1925,1925,1920,1925,100,1935.5,8299
2026-08-19 10:20:00,1925,1940,1920,1940,78,1935.36,8299
2026-08-19 10:25:00,1945,1945,1940,1940,15,1935.4,8299
2026-08-19 10:30:00,1940,1945,1935,1940,70,1935.47,8299
2026-08-19 10:35:00,1940,1940,1940,1940,28,1935.52,8299
2026-08-19 10:40:00,1940,1940,1940,1940,20,1935.56,8299
2026-08-19 10:45:00,1940,1950,1940,1950,40,1935.73,8299
2026-08-19 10:50:00,1950,1955,1950,1955,37,1935.96,8299
2026-08-19 10:55:00,1955,1955,1950,1950,12,1936.04,8299
2026-08-19 11:00:00,1955,1960,1950,1955,85,1936.74,8299
2026-08-19 11:05:00,1955,1960,1955,1955,10,1936.82,8299
2026-08-19 11:10:00,1960,1960,1955,1960,14,1936.93,8299
2026-08-19 11:15:00,1960,1960,1955,1955,49,1937.34,8299
2026-08-19 11:20:00,1955,1955,1950,1950,48,1937.6,8299
2026-08-19 11:25:00,1950,1955,1950,1955,62,1937.9,8299
2026-08-19 11:30:00,1955,1960,1955,1960,23,1938.05,8299
2026-08-19 11:35:00,1955,1965,1955,1965,40,1938.37,8299
2026-08-19 11:40:00,1960,1965,1955,1955,46,1938.7,8299
2026-08-19 11:45:00,1955,1960,1955,1960,25,1938.87,8299
2026-08-19 11:50:00,1960,1970,1960,1970,71,1939.49,8299
2026-08-19 11:55:00,1970,1970,1960,1960,39,1939.82,8299
2026-08-19 12:00:00,1960,1965,1955,1955,45,1940.1,8299
2026-08-19 12:05:00,1955,1960,1955,1955,39,1940.33,8299
2026-08-19 12:10:00,1955,1955,1955,1955,26,1940.45,8299
2026-08-19 12:15:00,1955,1960,1955,1960,25,1940.58,8299
2026-08-19 12:20:00,1955,1960,1955,1955,38,1940.75,8299
2026-08-19 12:25:00,1950,1955,1950,1950,32,1940.84,8299
2026-08-19 12:30:00,1950,1955,1945,1945,91,1941.02,8299
2026-08-19 12:35:00,1945,1950,1945,1950,81,1941.18,8299
2026-08-19 12:40:00,1955,1955,1950,1950,46,1941.3,8299
2026-08-19 12:45:00,1950,1950,1945,1950,57,1941.43,8299
2026-08-19 12:50:00,1955,1955,1945,1955,92,1941.71,8299
2026-08-19 12:55:00,1955,1960,1955,1955,32,1941.84,8299
2026-08-19 13:00:00,1960,1965,1955,1960,99,1942.36,8299
2026-08-19 13:05:00,1965,1965,1955,1955,49,1942.56,8299
2026-08-19 13:10:00,1960,1960,1955,1955,74,1942.85,8299
2026-08-19 13:15:00,1955,1970,1955,1960,143,1943.57,8299
2026-08-19 13:20:00,1965,1970,1960,1970,117,1944.13,8299
2026-08-19 13:30:00,1965,1965,1965,1965,198,1945.08,8299
2026-08-20 09:00:00,2010,2080,2010,2060,570,2047.94,8299
2026-08-20 09:05:00,2065,2075,2050,2060,248,2053.19,8299
2026-08-20 09:10:00,2060,2060,2035,2045,186,2052.42,8299
2026-08-20 09:15:00,2045,2055,2025,2035,185,2050.41,8299
2026-08-20 09:20:00,2040,2040,2015,2015,145,2047.57,8299
2026-08-20 09:25:00,2015,2020,2000,2005,164,2043.28,8299
2026-08-20 09:30:00,2005,2005,1980,1990,170,2037.87,8299
2026-08-20 09:35:00,1995,2005,1995,2000,106,2035.62,8299
2026-08-20 09:40:00,2000,2010,2000,2010,90,2034.17,8299
2026-08-20 09:45:00,2010,2015,2005,2010,74,2033.25,8299
2026-08-20 09:50:00,2015,2020,2005,2005,67,2032.61,8299
2026-08-20 09:55:00,2005,2005,1995,1995,70,2031.46,8299
2026-08-20 10:00:00,1995,2015,1990,2015,43,2030.88,8299
2026-08-20 10:05:00,2015,2020,2005,2020,47,2030.53,8299
2026-08-20 10:10:00,2015,2015,1990,2000,55,2029.85,8299
2026-08-20 10:15:00,2000,2000,1995,1995,18,2029.6,8299
2026-08-20 10:20:00,1995,1995,1985,1985,89,2028.01,8299
2026-08-20 10:25:00,1985,1995,1980,1990,93,2026.42,8299
2026-08-20 10:30:00,1995,2005,1995,2000,24,2026.16,8299
2026-08-20 10:35:00,2000,2000,1995,2000,21,2025.92,8299
2026-08-20 10:40:00,2000,2000,2000,2000,7,2025.85,8299
2026-08-20 10:45:00,2000,2000,1975,1975,93,2024.38,8299
2026-08-20 10:50:00,1975,1980,1965,1965,95,2022.57,8299
2026-08-20 10:55:00,1965,1980,1965,1980,38,2021.88,8299
2026-08-20 11:00:00,1980,1985,1975,1985,21,2021.57,8299
2026-08-20 11:05:00,1985,1985,1975,1975,26,2021.2,8299
2026-08-20 11:10:00,1980,1980,1975,1980,13,2021.0,8299
2026-08-20 11:15:00,1985,1985,1980,1980,7,2020.91,8299
2026-08-20 11:20:00,1985,1990,1980,1980,15,2020.72,8299
2026-08-20 11:25:00,1980,1980,1975,1980,32,2020.25,8299
2026-08-20 11:30:00,1980,1980,1975,1980,6,2020.16,8299
2026-08-20 11:35:00,1975,1975,1975,1975,21,2019.82,8299
2026-08-20 11:40:00,1970,1980,1970,1980,17,2019.55,8299
2026-08-20 11:45:00,1980,1980,1975,1975,17,2019.31,8299
2026-08-20 11:50:00,1980,1980,1975,1980,16,2019.09,8299
2026-08-20 11:55:00,1980,1985,1980,1980,14,2018.9,8299
2026-08-20 12:00:00,1980,1980,1980,1980,10,2018.77,8299
2026-08-20 12:05:00,1980,1990,1980,1990,25,2018.47,8299
2026-08-20 12:10:00,1990,1995,1990,1995,33,2018.18,8299
2026-08-20 12:15:00,1995,2010,1995,2010,63,2017.82,8299
2026-08-20 12:20:00,2005,2010,2000,2000,31,2017.66,8299
2026-08-20 12:25:00,2000,2000,2000,2000,17,2017.56,8299
2026-08-20 12:30:00,2000,2000,2000,2000,13,2017.49,8299
2026-08-20 12:35:00,2000,2005,2000,2005,22,2017.38,8299
2026-08-20 12:40:00,2005,2005,1995,1995,40,2017.17,8299
2026-08-20 12:45:00,1995,2000,1995,2000,13,2017.09,8299
2026-08-20 12:50:00,2000,2000,1990,1995,22,2016.93,8299
2026-08-20 12:55:00,1990,2000,1990,2000,25,2016.76,8299
2026-08-20 13:00:00,1995,2000,1995,1995,43,2016.48,8299
2026-08-20 13:05:00,1995,2000,1995,2000,29,2016.31,8299
2026-08-20 13:10:00,1995,2000,1995,1995,68,2015.9,8299
2026-08-20 13:15:00,1995,2000,1995,2000,57,2015.57,8299
2026-08-20 13:20:00,2000,2000,1990,1995,97,2015.01,8299
2026-08-20 13:30:00,1995,1995,1995,1995,204,2013.91,8299
2026-08-21 09:00:00,2005,2020,1995,2010,314,2006.42,8299
2026-08-21 09:05:00,2010,2010,1995,2005,122,2004.58,8299
2026-08-21 09:10:00,2000,2035,2000,2035,196,2008.24,8299
2026-08-21 09:15:00,2035,2045,2035,2035,150,2014.08,8299
2026-08-21 09:20:00,2040,2040,2020,2020,63,2014.96,8299
2026-08-21 09:25:00,2020,2035,2020,2030,68,2016.06,8299
2026-08-21 09:30:00,2030,2030,2025,2025,51,2016.7,8299
2026-08-21 09:35:00,2025,2025,2020,2020,8,2016.75,8299
2026-08-21 09:40:00,2020,2035,2020,2035,51,2017.23,8299
2026-08-21 09:45:00,2035,2050,2035,2050,97,2019.27,8299
2026-08-21 09:50:00,2050,2050,2045,2045,94,2021.42,8299
2026-08-21 09:55:00,2045,2055,2040,2045,97,2023.33,8299
2026-08-21 10:00:00,2045,2045,2040,2040,33,2023.8,8299
2026-08-21 10:05:00,2040,2065,2040,2060,174,2027.59,8299
2026-08-21 10:10:00,2060,2060,2055,2060,64,2028.82,8299
2026-08-21 10:15:00,2060,2060,2050,2050,46,2029.55,8299
2026-08-21 10:20:00,2050,2050,2045,2050,37,2030.0,8299
2026-08-21 10:25:00,2050,2065,2050,2060,68,2031.06,8299
2026-08-21 10:30:00,2060,2060,2060,2060,13,2031.27,8299
2026-08-21 10:35:00,2060,2065,2055,2055,71,2032.38,8299
2026-08-21 10:40:00,2050,2055,2050,2055,15,2032.55,8299
2026-08-21 10:45:00,2055,2055,2050,2055,11,2032.68,8299
2026-08-21 10:50:00,2060,2060,2055,2055,15,2032.86,8299
2026-08-21 10:55:00,2060,2060,2055,2055,21,2033.12,8299
2026-08-21 11:00:00,2055,2060,2055,2060,8,2033.21,8299
2026-08-21 11:05:00,2060,2060,2055,2055,9,2033.33,8299
2026-08-21 11:10:00,2055,2055,2045,2045,69,2033.96,8299
2026-08-21 11:15:00,2045,2050,2045,2045,25,2034.1,8299
2026-08-21 11:20:00,2045,2050,2045,2050,13,2034.2,8299
2026-08-21 11:25:00,2045,2050,2045,2050,13,2034.3,8299
2026-08-21 11:30:00,2050,2055,2050,2055,15,2034.43,8299
2026-08-21 11:35:00,2055,2055,2050,2050,6,2034.48,8299
2026-08-21 11:40:00,2050,2055,2050,2050,24,2034.67,8299
2026-08-21 11:45:00,2045,2045,2045,2045,8,2034.71,8299
2026-08-21 11:50:00,2045,2050,2040,2040,55,2035.03,8299
2026-08-21 11:55:00,2040,2050,2040,2050,53,2035.25,8299
2026-08-21 12:00:00,2050,2050,2045,2050,25,2035.4,8299
2026-08-21 12:05:00,2050,2055,2050,2055,11,2035.48,8299
2026-08-21 12:10:00,2055,2055,2055,2055,1,2035.49,8299
2026-08-21 12:15:00,2050,2055,2050,2050,8,2035.55,8299
2026-08-21 12:20:00,2050,2050,2050,2050,8,2035.6,8299
2026-08-21 12:25:00,2050,2050,2050,2050,31,2035.8,8299
2026-08-21 12:30:00,2050,2055,2050,2050,25,2035.96,8299
2026-08-21 12:35:00,2050,2050,2045,2050,29,2036.12,8299
2026-08-21 12:40:00,2050,2060,2050,2060,81,2036.77,8299
2026-08-21 12:45:00,2060,2065,2060,2065,72,2037.48,8299
2026-08-21 12:50:00,2065,2070,2060,2070,62,2038.18,8299
2026-08-21 12:55:00,2065,2070,2065,2070,31,2038.55,8299
2026-08-21 13:00:00,2070,2075,2065,2070,67,2039.37,8299
2026-08-21 13:05:00,2075,2075,2070,2075,37,2039.86,8299
2026-08-21 13:10:00,2070,2075,2070,2075,81,2040.83,8299
2026-08-21 13:15:00,2075,2075,2070,2075,61,2041.56,8299
2026-08-21 13:20:00,2075,2075,2070,2070,128,2042.9,8299
2026-08-21 13:30:00,2075,2075,2075,2075,199,2044.94,8299
2026-08-24 09:00:00,2095,2150,2070,2150,618,2117.51,8299
2026-08-24 09:05:00,2145,2160,2130,2140,406,2128.96,8299
2026-08-24 09:10:00,2140,2155,2135,2155,172,2131.32,8299
2026-08-24 09:15:00,2155,2180,2150,2175,355,2139.57,8299
2026-08-24 09:20:00,2175,2175,2165,2175,138,2142.2,8299
2026-08-24 09:25:00,2170,2195,2170,2185,383,2149.96,8299
2026-08-24 09:30:00,2185,2195,2180,2180,168,2152.75,8299
2026-08-24 09:35:00,2180,2190,2180,2190,140,2154.76,8299
2026-08-24 09:40:00,2190,2210,2190,2210,283,2159.42,8299
2026-08-24 09:45:00,2205,2215,2200,2205,261,2163.93,8299
2026-08-24 09:50:00,2200,2215,2200,2210,147,2166.19,8299
2026-08-24 09:55:00,2205,2205,2175,2175,219,2167.69,8299
2026-08-24 10:00:00,2175,2185,2165,2180,234,2168.2,8299
2026-08-24 10:05:00,2180,2185,2155,2160,175,2168.31,8299
2026-08-24 10:10:00,2160,2175,2155,2175,76,2168.25,8299
2026-08-24 10:15:00,2175,2175,2160,2160,66,2168.27,8299
2026-08-24 10:20:00,2160,2165,2160,2160,27,2168.23,8299
2026-08-24 10:25:00,2165,2175,2160,2160,41,2168.21,8299
2026-08-24 10:30:00,2165,2170,2165,2170,44,2168.2,8299
2026-08-24 10:35:00,2175,2180,2170,2175,38,2168.26,8299
2026-08-24 10:40:00,2175,2175,2165,2170,40,2168.29,8299
2026-08-24 10:45:00,2170,2170,2150,2150,137,2167.99,8299
2026-08-24 10:50:00,2150,2155,2145,2150,87,2167.62,8299
2026-08-24 10:55:00,2145,2150,2140,2150,75,2167.23,8299
2026-08-24 11:00:00,2150,2150,2145,2145,46,2167.02,8299
2026-08-24 11:05:00,2145,2150,2145,2150,36,2166.88,8299
2026-08-24 11:10:00,2150,2155,2150,2155,12,2166.84,8299
2026-08-24 11:15:00,2155,2165,2150,2155,47,2166.73,8299
2026-08-24 11:20:00,2150,2155,2145,2150,37,2166.59,8299
2026-08-24 11:25:00,2150,2150,2145,2150,13,2166.54,8299
2026-08-24 11:30:00,2145,2150,2135,2135,140,2165.72,8299
2026-08-24 11:35:00,2135,2140,2135,2140,32,2165.52,8299
2026-08-24 11:40:00,2140,2145,2140,2140,26,2165.39,8299
2026-08-24 11:45:00,2145,2145,2135,2135,33,2165.21,8299
2026-08-24 11:50:00,2135,2135,2130,2135,31,2165.01,8299
2026-08-24 11:55:00,2135,2140,2135,2140,11,2164.95,8299
2026-08-24 12:00:00,2140,2140,2135,2135,41,2164.71,8299
2026-08-24 12:05:00,2130,2140,2130,2140,31,2164.52,8299
2026-08-24 12:10:00,2140,2150,2140,2150,36,2164.37,8299
2026-08-24 12:15:00,2150,2155,2150,2150,41,2164.26,8299
2026-08-24 12:20:00,2150,2155,2150,2155,9,2164.24,8299
2026-08-24 12:25:00,2150,2150,2135,2135,58,2164.0,8299
2026-08-24 12:30:00,2135,2140,2135,2140,38,2163.82,8299
2026-08-24 12:35:00,2140,2145,2140,2140,29,2163.69,8299
2026-08-24 12:40:00,2145,2150,2145,2150,29,2163.58,8299
2026-08-24 12:45:00,2150,2150,2145,2150,23,2163.51,8299
2026-08-24 12:50:00,2150,2155,2145,2150,64,2163.34,8299
2026-08-24 12:55:00,2150,2150,2150,2150,19,2163.29,8299
2026-08-24 13:00:00,2145,2145,2140,2140,40,2163.15,8299
2026-08-24 13:05:00,2140,2145,2140,2140,46,2162.96,8299
2026-08-24 13:10:00,2140,2145,2140,2145,53,2162.76,8299
2026-08-24 13:15:00,2145,2145,2135,2135,137,2162.19,8299
2026-08-24 13:20:00,2140,2140,2130,2135,120,2161.63,8299
2026-08-24 13:30:00,2135,2135,2135,2135,232,2160.58,8299
2026-08-25 09:00:00,2110,2120,2080,2085,445,2103.89,8299
2026-08-25 09:05:00,2090,2095,2070,2090,188,2096.78,8299
2026-08-25 09:10:00,2090,2090,2065,2070,222,2091.02,8299
2026-08-25 09:15:00,2070,2070,2050,2060,190,2085.48,8299
2026-08-25 09:20:00,2060,2060,2050,2055,69,2083.64,8299
2026-08-25 09:25:00,2055,2065,2055,2065,78,2082.11,8299
2026-08-25 09:30:00,2060,2070,2060,2070,24,2081.77,8299
2026-08-25 09:35:00,2070,2070,2060,2070,50,2081.2,8299
2026-08-25 09:40:00,2065,2070,2035,2040,239,2076.45,8299
2026-08-25 09:45:00,2040,2045,2035,2040,69,2074.81,8299
2026-08-25 09:50:00,2040,2040,2025,2035,152,2070.88,8299
2026-08-25 09:55:00,2035,2035,2030,2035,48,2069.88,8299
2026-08-25 10:00:00,2030,2030,2010,2025,161,2065.81,8299
2026-08-25 10:05:00,2025,2030,2005,2005,90,2063.54,8299
2026-08-25 10:10:00,2010,2020,2005,2020,46,2062.48,8299
2026-08-25 10:15:00,2020,2030,2020,2025,41,2061.72,8299
2026-08-25 10:20:00,2030,2035,2025,2035,34,2061.24,8299
2026-08-25 10:25:00,2035,2035,2020,2025,81,2060.04,8299
2026-08-25 10:30:00,2025,2025,2020,2020,48,2059.29,8299
2026-08-25 10:35:00,2020,2025,2020,2020,28,2058.81,8299
2026-08-25 10:40:00,2020,2025,2020,2020,25,2058.4,8299
2026-08-25 10:45:00,2020,2025,2010,2010,65,2057.17,8299
2026-08-25 10:50:00,2010,2015,2000,2015,186,2053.36,8299
2026-08-25 10:55:00,2015,2015,2015,2015,2,2053.33,8299
2026-08-25 11:00:00,2010,2015,2010,2015,18,2053.05,8299
2026-08-25 11:05:00,2015,2015,2015,2015,17,2052.81,8299
2026-08-25 11:10:00,2015,2015,2015,2015,3,2052.76,8299
2026-08-25 11:15:00,2020,2020,2015,2020,11,2052.62,8299
2026-08-25 11:20:00,2020,2025,2015,2015,22,2052.35,8299
2026-08-25 11:25:00,2020,2020,2020,2020,15,2052.17,8299
2026-08-25 11:30:00,2025,2030,2025,2030,36,2051.85,8299
2026-08-25 11:35:00,2030,2035,2020,2025,66,2051.25,8299
2026-08-25 11:40:00,2025,2030,2025,2030,29,2051.0,8299
2026-08-25 11:45:00,2030,2030,2030,2030,9,2050.94,8299
2026-08-25 11:50:00,2030,2030,2025,2030,9,2050.86,8299
2026-08-25 11:55:00,2025,2035,2025,2035,26,2050.68,8299
2026-08-25 12:00:00,2035,2040,2030,2040,37,2050.49,8299
2026-08-25 12:05:00,2040,2045,2040,2045,38,2050.37,8299
2026-08-25 12:10:00,2045,2050,2040,2050,61,2050.27,8299
2026-08-25 12:15:00,2050,2055,2045,2050,83,2050.26,8299
2026-08-25 12:20:00,2050,2055,2050,2055,18,2050.27,8299
2026-08-25 12:25:00,2055,2055,2050,2050,46,2050.34,8299
2026-08-25 12:30:00,2055,2060,2050,2060,29,2050.39,8299
2026-08-25 12:35:00,2060,2065,2055,2065,43,2050.51,8299
2026-08-25 12:40:00,2065,2070,2065,2065,83,2050.94,8299
2026-08-25 12:45:00,2065,2075,2065,2070,30,2051.11,8299
2026-08-25 12:50:00,2070,2070,2060,2060,55,2051.35,8299
2026-08-25 12:55:00,2060,2070,2060,2065,54,2051.56,8299
2026-08-25 13:00:00,2065,2075,2065,2070,52,2051.82,8299
2026-08-25 13:05:00,2070,2075,2070,2075,29,2051.99,8299
2026-08-25 13:10:00,2075,2075,2070,2075,26,2052.15,8299
2026-08-25 13:15:00,2075,2075,2070,2075,34,2052.35,8299
2026-08-25 13:20:00,2075,2085,2070,2080,182,2053.65,8299
2026-08-25 13:30:00,2085,2085,2085,2085,313,2056.07,8299
2026-08-26 09:00:00,2115,2120,2085,2120,423,2105.31,8299
2026-08-26 09:05:00,2120,2120,2095,2095,129,2105.45,8299
2026-08-26 09:10:00,2095,2110,2095,2100,70,2105.1,8299
2026-08-26 09:15:00,2100,2105,2095,2105,56,2104.87,8299
2026-08-26 09:20:00,2100,2105,2090,2090,59,2104.25,8299
2026-08-26 09:25:00,2090,2090,2080,2090,62,2102.84,8299
2026-08-26 09:30:00,2090,2100,2090,2095,66,2102.18,8299
2026-08-26 09:35:00,2095,2100,2085,2085,51,2101.6,8299
2026-08-26 09:40:00,2085,2085,2070,2080,98,2099.29,8299
2026-08-26 09:45:00,2080,2080,2075,2080,21,2098.88,8299
2026-08-26 09:50:00,2080,2085,2080,2085,32,2098.43,8299
2026-08-26 09:55:00,2085,2090,2080,2085,52,2097.87,8299
2026-08-26 10:00:00,2085,2090,2085,2085,41,2097.47,8299
2026-08-26 10:05:00,2085,2085,2080,2080,11,2097.33,8299
2026-08-26 10:10:00,2085,2090,2085,2085,33,2097.03,8299
2026-08-26 10:15:00,2085,2090,2085,2090,12,2096.96,8299
2026-08-26 10:20:00,2090,2095,2090,2095,4,2096.95,8299
2026-08-26 10:25:00,2095,2100,2090,2095,42,2096.91,8299
2026-08-26 10:30:00,2100,2115,2095,2115,158,2097.92,8299
2026-08-26 10:35:00,2115,2115,2110,2110,46,2098.43,8299
2026-08-26 10:40:00,2110,2110,2100,2105,75,2098.77,8299
2026-08-26 10:45:00,2105,2105,2100,2100,8,2098.79,8299
2026-08-26 10:50:00,2100,2105,2100,2105,40,2098.94,8299
2026-08-26 10:55:00,2105,2110,2100,2110,32,2099.04,8299
2026-08-26 11:00:00,2105,2110,2105,2110,19,2099.15,8299
2026-08-26 11:05:00,2110,2110,2105,2110,31,2099.35,8299
2026-08-26 11:10:00,2110,2110,2100,2100,53,2099.45,8299
2026-08-26 11:15:00,2100,2105,2100,2105,6,2099.47,8299
2026-08-26 11:20:00,2105,2105,2095,2100,20,2099.47,8299
2026-08-26 11:25:00,2100,2105,2100,2105,28,2099.56,8299
2026-08-26 11:30:00,2100,2100,2100,2100,1,2099.56,8299
2026-08-26 11:35:00,2100,2100,2100,2100,14,2099.56,8299
2026-08-26 11:40:00,2100,2100,2100,2100,16,2099.57,8299
2026-08-26 11:45:00,2095,2100,2095,2095,7,2099.56,8299
2026-08-26 11:50:00,2100,2105,2100,2105,52,2099.66,8299
2026-08-26 11:55:00,2100,2100,2100,2100,2,2099.66,8299
2026-08-26 12:00:00,2100,2100,2100,2100,9,2099.66,8299
2026-08-26 12:05:00,2100,2105,2100,2105,33,2099.73,8299
2026-08-26 12:10:00,2105,2105,2105,2105,3,2099.73,8299
2026-08-26 12:15:00,2105,2110,2105,2110,16,2099.8,8299
2026-08-26 12:20:00,2105,2110,2105,2105,13,2099.83,8299
2026-08-26 12:25:00,2105,2105,2100,2105,16,2099.87,8299
2026-08-26 12:30:00,2105,2105,2100,2100,7,2099.88,8299
2026-08-26 12:35:00,2105,2105,2100,2105,18,2099.92,8299
2026-08-26 12:40:00,2105,2110,2105,2105,14,2099.97,8299
2026-08-26 12:45:00,2105,2105,2105,2105,12,2100.0,8299
2026-08-26 12:50:00,2105,2110,2105,2105,32,2100.09,8299
2026-08-26 12:55:00,2105,2110,2100,2105,37,2100.18,8299
2026-08-26 13:00:00,2105,2105,2100,2105,22,2100.22,8299
2026-08-26 13:05:00,2110,2120,2110,2120,174,2101.16,8299
2026-08-26 13:10:00,2120,2120,2115,2115,37,2101.42,8299
2026-08-26 13:15:00,2115,2125,2115,2120,125,2102.37,8299
2026-08-26 13:20:00,2120,2125,2110,2115,119,2103.1,8299
2026-08-26 13:30:00,2125,2125,2125,2125,154,2104.34,8299
2026-08-27 09:00:00,2145,2145,2115,2140,370,2132.22,8299
2026-08-27 09:05:00,2140,2155,2140,2150,163,2137.45,8299
2026-08-27 09:10:00,2150,2150,2120,2120,140,2137.1,8299
2026-08-27 09:15:00,2120,2125,2115,2125,95,2135.03,8299
2026-08-27 09:20:00,2125,2130,2125,2130,79,2134.24,8299
2026-08-27 09:25:00,2130,2140,2130,2135,64,2134.24,8299
2026-08-27 09:30:00,2135,2160,2135,2160,198,2136.94,8299
2026-08-27 09:35:00,2160,2170,2155,2160,170,2140.26,8299
2026-08-27 09:40:00,2160,2160,2145,2145,86,2140.89,8299
2026-08-27 09:45:00,2145,2150,2145,2150,28,2141.02,8299
2026-08-27 09:50:00,2155,2160,2155,2155,44,2141.47,8299
2026-08-27 09:55:00,2150,2165,2150,2165,87,2142.58,8299
2026-08-27 10:00:00,2165,2165,2160,2160,32,2142.96,8299
2026-08-27 10:05:00,2165,2165,2155,2155,82,2143.98,8299
2026-08-27 10:10:00,2155,2160,2150,2155,15,2144.08,8299
2026-08-27 10:15:00,2155,2160,2155,2155,26,2144.27,8299
2026-08-27 10:20:00,2155,2155,2150,2150,17,2144.33,8299
2026-08-27 10:25:00,2150,2155,2150,2155,55,2144.65,8299
2026-08-27 10:30:00,2155,2160,2155,2160,10,2144.72,8299
2026-08-27 10:35:00,2155,2160,2155,2155,19,2144.84,8299
2026-08-27 10:40:00,2155,2155,2150,2150,26,2144.98,8299
2026-08-27 10:45:00,2150,2155,2150,2155,29,2145.07,8299
2026-08-27 10:50:00,2150,2155,2150,2150,20,2145.15,8299
2026-08-27 10:55:00,2150,2160,2150,2155,72,2145.53,8299
2026-08-27 11:00:00,2155,2170,2155,2170,150,2146.82,8299
2026-08-27 11:05:00,2170,2170,2160,2165,29,2147.07,8299
2026-08-27 11:10:00,2170,2170,2165,2165,39,2147.4,8299
2026-08-27 11:15:00,2165,2170,2165,2170,48,2147.81,8299
2026-08-27 11:20:00,2165,2180,2165,2180,158,2149.42,8299
2026-08-27 11:25:00,2180,2180,2170,2175,51,2149.98,8299
2026-08-27 11:30:00,2170,2175,2165,2175,35,2150.25,8299
2026-08-27 11:35:00,2170,2170,2170,2170,8,2150.32,8299
2026-08-27 11:40:00,2170,2170,2165,2165,30,2150.54,8299
2026-08-27 11:45:00,2165,2165,2160,2160,30,2150.71,8299
2026-08-27 11:50:00,2160,2160,2150,2150,65,2150.86,8299
2026-08-27 11:55:00,2155,2165,2150,2165,11,2150.9,8299
2026-08-27 12:00:00,2165,2170,2160,2165,28,2151.05,8299
2026-08-27 12:05:00,2165,2170,2165,2165,18,2151.15,8299
2026-08-27 12:10:00,2165,2165,2160,2160,12,2151.2,8299
2026-08-27 12:15:00,2160,2165,2160,2160,29,2151.3,8299
2026-08-27 12:20:00,2160,2165,2160,2165,20,2151.37,8299
2026-08-27 12:25:00,2160,2165,2160,2160,46,2151.52,8299
2026-08-27 12:30:00,2160,2165,2160,2165,29,2151.64,8299
2026-08-27 12:35:00,2160,2165,2160,2165,22,2151.71,8299
2026-08-27 12:40:00,2160,2160,2155,2155,29,2151.79,8299
2026-08-27 12:45:00,2160,2165,2155,2165,93,2152.16,8299
2026-08-27 12:50:00,2165,2180,2165,2175,186,2153.41,8299
2026-08-27 12:55:00,2175,2180,2170,2170,41,2153.69,8299
2026-08-27 13:00:00,2170,2175,2170,2170,75,2154.12,8299
2026-08-27 13:05:00,2170,2170,2165,2170,38,2154.3,8299
2026-08-27 13:10:00,2170,2170,2165,2165,61,2154.51,8299
2026-08-27 13:15:00,2165,2170,2160,2160,39,2154.63,8299
2026-08-27 13:20:00,2160,2165,2155,2155,87,2154.74,8299
2026-08-27 13:30:00,2155,2155,2155,2155,210,2154.76,8299
2026-08-28 09:00:00,2170,2195,2160,2190,314,2178.49,8299
2026-08-28 09:05:00,2190,2195,2175,2175,83,2180.09,8299
2026-08-28 09:10:00,2175,2180,2170,2180,97,2179.24,8299
2026-08-28 09:15:00,2180,2180,2170,2170,112,2178.0,8299
2026-08-28 09:20:00,2170,2170,2155,2160,98,2175.85,8299
2026-08-28 09:25:00,2155,2160,2150,2150,126,2172.67,8299
2026-08-28 09:30:00,2145,2145,2125,2135,185,2165.62,8299
2026-08-28 09:35:00,2135,2140,2125,2130,133,2161.33,8299
2026-08-28 09:40:00,2135,2135,2135,2135,35,2160.55,8299
2026-08-28 09:45:00,2135,2135,2130,2135,49,2159.51,8299
2026-08-28 09:50:00,2135,2140,2135,2135,27,2158.99,8299
2026-08-28 09:55:00,2135,2135,2120,2120,100,2156.69,8299
2026-08-28 10:00:00,2120,2130,2115,2120,134,2153.26,8299
2026-08-28 10:05:00,2125,2125,2115,2120,37,2152.45,8299
2026-08-28 10:10:00,2125,2130,2125,2130,16,2152.18,8299
2026-08-28 10:15:00,2130,2135,2130,2135,11,2152.03,8299
2026-08-28 10:20:00,2135,2135,2130,2130,2,2152.0,8299
2026-08-28 10:25:00,2135,2145,2135,2145,62,2151.51,8299
2026-08-28 10:30:00,2145,2145,2140,2145,26,2151.4,8299
2026-08-28 10:35:00,2140,2140,2135,2135,20,2151.24,8299
2026-08-28 10:40:00,2135,2140,2135,2140,28,2151.05,8299
2026-08-28 10:45:00,2135,2135,2135,2135,26,2150.8,8299
2026-08-28 10:50:00,2135,2140,2135,2135,12,2150.71,8299
2026-08-28 10:55:00,2140,2140,2140,2140,2,2150.7,8299
2026-08-28 11:00:00,2140,2150,2135,2150,59,2150.46,8299
2026-08-28 11:05:00,2150,2150,2145,2150,12,2150.45,8299
2026-08-28 11:10:00,2150,2150,2145,2150,12,2150.44,8299
2026-08-28 11:15:00,2145,2145,2145,2145,58,2150.27,8299
2026-08-28 11:20:00,2150,2155,2150,2150,60,2150.28,8299
2026-08-28 11:25:00,2150,2155,2150,2150,22,2150.28,8299
2026-08-28 11:30:00,2150,2150,2145,2145,4,2150.27,8299
2026-08-28 11:35:00,2145,2145,2145,2145,19,2150.22,8299
2026-08-28 11:40:00,2145,2145,2140,2140,8,2150.2,8299
2026-08-28 11:45:00,2140,2145,2140,2140,16,2150.12,8299
2026-08-28 11:50:00,2145,2150,2145,2150,14,2150.1,8299
2026-08-28 11:55:00,2150,2155,2150,2155,17,2150.11,8299
2026-08-28 12:00:00,2155,2155,2155,2155,10,2150.13,8299
2026-08-28 12:05:00,2155,2155,2150,2155,6,2150.14,8299
2026-08-28 12:10:00,2155,2155,2150,2150,10,2150.16,8299
2026-08-28 12:15:00,2155,2155,2150,2150,9,2150.16,8299
2026-08-28 12:20:00,2150,2155,2150,2155,23,2150.17,8299
2026-08-28 12:25:00,2150,2155,2150,2150,3,2150.18,8299
2026-08-28 12:30:00,2150,2155,2150,2150,10,2150.19,8299
2026-08-28 12:35:00,2150,2155,2150,2155,50,2150.29,8299
2026-08-28 12:40:00,2155,2160,2155,2155,33,2150.38,8299
2026-08-28 12:45:00,2155,2155,2145,2150,38,2150.38,8299
2026-08-28 12:50:00,2150,2155,2150,2150,14,2150.38,8299
2026-08-28 12:55:00,2150,2150,2140,2140,65,2150.29,8299
2026-08-28 13:00:00,2140,2150,2140,2145,45,2150.18,8299
2026-08-28 13:05:00,2145,2145,2140,2145,16,2150.13,8299
2026-08-28 13:10:00,2145,2145,2140,2145,19,2150.07,8299
2026-08-28 13:15:00,2145,2145,2140,2145,75,2149.81,8299
2026-08-28 13:20:00,2145,2145,2140,2145,112,2149.47,8299
2026-08-28 13:30:00,2150,2150,2150,2150,201,2149.51,8299
2026-08-31 09:00:00,2130,2155,2110,2155,283,2133.89,8299
2026-08-31 09:05:00,2160,2170,2145,2150,163,2143.9,8299
2026-08-31 09:10:00,2150,2155,2135,2155,96,2144.03,8299
2026-08-31 09:15:00,2155,2155,2140,2145,66,2144.54,8299
2026-08-31 09:20:00,2145,2150,2145,2145,24,2144.72,8299
2026-08-31 09:25:00,2150,2155,2145,2155,25,2145.0,8299
2026-08-31 09:30:00,2155,2170,2155,2165,115,2147.75,8299
2026-08-31 09:35:00,2165,2170,2160,2170,33,2148.49,8299
2026-08-31 09:40:00,2170,2185,2170,2185,157,2153.44,8299
2026-08-31 09:45:00,2180,2180,2170,2170,59,2154.79,8299
2026-08-31 09:50:00,2170,2170,2160,2165,62,2155.37,8299
2026-08-31 09:55:00,2160,2160,2150,2150,36,2155.42,8299
2026-08-31 10:00:00,2150,2155,2145,2150,64,2155.14,8299
2026-08-31 10:05:00,2155,2160,2155,2160,32,2155.19,8299
2026-08-31 10:10:00,2155,2155,2155,2155,14,2155.19,8299
2026-08-31 10:15:00,2150,2150,2140,2140,66,2154.77,8299
2026-08-31 10:20:00,2140,2140,2120,2120,153,2152.53,8299
2026-08-31 10:25:00,2120,2130,2120,2125,81,2151.02,8299
2026-08-31 10:30:00,2125,2130,2125,2125,8,2150.88,8299
2026-08-31 10:35:00,2125,2130,2120,2125,69,2149.77,8299
2026-08-31 10:40:00,2125,2140,2120,2140,34,2149.32,8299
2026-08-31 10:45:00,2140,2155,2140,2150,79,2149.27,8299
2026-08-31 10:50:00,2145,2165,2145,2165,61,2149.48,8299
2026-08-31 10:55:00,2165,2165,2160,2160,37,2149.71,8299
2026-08-31 11:00:00,2165,2165,2155,2160,35,2149.91,8299
2026-08-31 11:05:00,2160,2160,2155,2160,26,2150.03,8299
2026-08-31 11:10:00,2160,2165,2160,2160,14,2150.13,8299
2026-08-31 11:15:00,2160,2160,2150,2150,53,2150.27,8299
2026-08-31 11:20:00,2145,2150,2145,2150,8,2150.27,8299
2026-08-31 11:25:00,2150,2150,2150,2150,18,2150.26,8299
2026-08-31 11:30:00,2150,2155,2150,2150,10,2150.27,8299
2026-08-31 11:35:00,2150,2150,2150,2150,15,2150.27,8299
2026-08-31 11:40:00,2150,2150,2145,2145,9,2150.25,8299
2026-08-31 11:45:00,2145,2145,2145,2145,9,2150.23,8299
2026-08-31 11:50:00,2145,2145,2145,2145,5,2150.21,8299
2026-08-31 11:55:00,2150,2155,2145,2155,34,2150.19,8299
2026-08-31 12:00:00,2155,2160,2150,2160,68,2150.42,8299
2026-08-31 12:05:00,2160,2160,2155,2160,14,2150.47,8299
2026-08-31 12:10:00,2160,2160,2155,2160,19,2150.55,8299
2026-08-31 12:15:00,2160,2160,2155,2160,19,2150.62,8299
2026-08-31 12:20:00,2155,2165,2150,2155,83,2150.94,8299
2026-08-31 12:25:00,2155,2155,2150,2150,8,2150.94,8299
2026-08-31 12:30:00,2155,2155,2150,2150,11,2150.95,8299
2026-08-31 12:35:00,2155,2160,2150,2160,32,2151.03,8299
2026-08-31 12:40:00,2160,2160,2155,2160,22,2151.11,8299
2026-08-31 12:45:00,2155,2160,2150,2155,47,2151.2,8299
2026-08-31 12:50:00,2155,2160,2150,2160,26,2151.25,8299
2026-08-31 12:55:00,2155,2170,2155,2170,111,2151.76,8299
2026-08-31 13:00:00,2170,2170,2160,2165,77,2152.16,8299
2026-08-31 13:05:00,2165,2175,2165,2175,91,2152.77,8299
2026-08-31 13:10:00,2175,2175,2160,2170,112,2153.37,8299
2026-08-31 13:15:00,2170,2170,2165,2165,37,2153.55,8299
2026-08-31 13:20:00,2170,2170,2160,2165,108,2153.9,8299
2026-08-31 13:30:00,2165,2165,2165,2165,13896,2163.06,8299
2026-09-01 09:00:00,2185,2185,2115,2120,609,2151.35,8299
2026-09-01 09:05:00,2120,2120,2080,2090,520,2125.77,8299
2026-09-01 09:10:00,2090,2105,2090,2105,203,2121.48,8299
2026-09-01 09:15:00,2110,2125,2100,2120,142,2120.74,8299
2026-09-01 09:20:00,2120,2125,2110,2115,83,2120.63,8299
2026-09-01 09:25:00,2115,2115,2100,2115,116,2119.8,8299
2026-09-01 09:30:00,2110,2120,2110,2115,103,2119.56,8299
2026-09-01 09:35:00,2115,2125,2115,2125,93,2119.7,8299
2026-09-01 09:40:00,2125,2135,2120,2130,104,2120.3,8299
2026-09-01 09:45:00,2130,2135,2125,2130,36,2120.48,8299
2026-09-01 09:50:00,2130,2130,2125,2125,34,2120.56,8299
2026-09-01 09:55:00,2125,2130,2120,2125,48,2120.61,8299
2026-09-01 10:00:00,2125,2130,2125,2130,43,2120.76,8299
2026-09-01 10:05:00,2130,2130,2130,2130,17,2120.83,8299
2026-09-01 10:10:00,2130,2135,2125,2130,78,2121.15,8299
2026-09-01 10:15:00,2135,2135,2130,2130,45,2121.37,8299
2026-09-01 10:20:00,2130,2135,2125,2125,18,2121.43,8299
2026-09-01 10:25:00,2125,2130,2125,2125,17,2121.47,8299
2026-09-01 10:30:00,2125,2135,2120,2120,82,2121.7,8299
2026-09-01 10:35:00,2120,2120,2105,2105,82,2121.45,8299
2026-09-01 10:40:00,2105,2115,2105,2110,55,2121.17,8299
2026-09-01 10:45:00,2110,2120,2110,2115,35,2121.09,8299
2026-09-01 10:50:00,2115,2115,2110,2110,32,2120.96,8299
2026-09-01 10:55:00,2110,2115,2105,2115,35,2120.83,8299
2026-09-01 11:00:00,2115,2120,2115,2115,16,2120.8,8299
2026-09-01 11:05:00,2115,2115,2115,2115,31,2120.73,8299
2026-09-01 11:10:00,2115,2120,2115,2115,9,2120.72,8299
2026-09-01 11:15:00,2115,2120,2115,2115,11,2120.7,8299
2026-09-01 11:20:00,2115,2115,2110,2115,19,2120.64,8299
2026-09-01 11:25:00,2115,2115,2110,2110,20,2120.57,8299
2026-09-01 11:30:00,2110,2115,2110,2115,23,2120.51,8299
2026-09-01 11:35:00,2115,2120,2115,2120,27,2120.5,8299
2026-09-01 11:40:00,2120,2130,2120,2130,30,2120.55,8299
2026-09-01 11:45:00,2130,2135,2130,2130,67,2120.78,8299
2026-09-01 11:50:00,2130,2135,2130,2130,16,2120.83,8299
2026-09-01 11:55:00,2130,2130,2125,2130,22,2120.89,8299
2026-09-01 12:00:00,2130,2130,2125,2130,11,2120.92,8299
2026-09-01 12:05:00,2125,2130,2125,2125,13,2120.94,8299
2026-09-01 12:10:00,2125,2125,2120,2125,39,2120.99,8299
2026-09-01 12:15:00,2125,2125,2120,2120,10,2120.99,8299
2026-09-01 12:20:00,2120,2130,2120,2130,17,2121.01,8299
2026-09-01 12:25:00,2130,2130,2125,2130,17,2121.06,8299
2026-09-01 12:30:00,2130,2130,2125,2125,26,2121.1,8299
2026-09-01 12:35:00,2125,2130,2120,2125,39,2121.14,8299
2026-09-01 12:40:00,2125,2130,2125,2130,10,2121.16,8299
2026-09-01 12:45:00,2130,2130,2120,2125,47,2121.19,8299
2026-09-01 12:50:00,2120,2125,2115,2120,68,2121.17,8299
2026-09-01 12:55:00,2120,2120,2120,2120,25,2121.16,8299
2026-09-01 13:00:00,2120,2125,2120,2120,44,2121.16,8299
2026-09-01 13:05:00,2125,2130,2125,2125,45,2121.22,8299
2026-09-01 13:10:00,2125,2130,2125,2125,53,2121.3,8299
2026-09-01 13:15:00,2130,2130,2125,2125,50,2121.36,8299
2026-09-01 13:20:00,2125,2130,2120,2125,132,2121.46,8299
2026-09-01 13:30:00,2125,2125,2125,2125,294,2121.73,8299
2026-09-02 09:00:00,2100,2115,2090,2095,195,2099.67,8299
2026-09-02 09:05:00,2095,2095,2060,2075,417,2079.98,8299
2026-09-02 09:10:00,2075,2085,2065,2075,100,2079.03,8299
2026-09-02 09:15:00,2075,2080,2070,2070,77,2078.75,8299
2026-09-02 09:20:00,2070,2075,2065,2065,104,2077.62,8299
2026-09-02 09:25:00,2070,2075,2070,2070,51,2077.28,8299
2026-09-02 09:30:00,2070,2075,2060,2070,140,2076.0,8299
2026-09-02 09:35:00,2070,2080,2065,2070,78,2075.79,8299
2026-09-02 09:40:00,2070,2080,2065,2065,62,2075.59,8299
2026-09-02 09:45:00,2070,2075,2065,2065,52,2075.33,8299
2026-09-02 09:50:00,2065,2080,2065,2070,67,2075.21,8299
2026-09-02 09:55:00,2070,2070,2065,2070,48,2075.01,8299
2026-09-02 10:00:00,2065,2080,2065,2080,56,2074.93,8299
2026-09-02 10:05:00,2080,2080,2075,2075,14,2074.94,8299
2026-09-02 10:10:00,2075,2075,2075,2075,9,2074.94,8299
2026-09-02 10:15:00,2080,2085,2080,2085,38,2075.11,8299
2026-09-02 10:20:00,2085,2085,2080,2085,71,2075.44,8299
2026-09-02 10:25:00,2090,2095,2085,2085,56,2075.98,8299
2026-09-02 10:30:00,2085,2090,2085,2090,8,2076.04,8299
2026-09-02 10:35:00,2090,2090,2080,2080,16,2076.13,8299
2026-09-02 10:40:00,2080,2085,2080,2080,6,2076.15,8299
2026-09-02 10:45:00,2085,2090,2085,2085,12,2076.21,8299
2026-09-02 10:50:00,2085,2090,2085,2085,8,2076.26,8299
2026-09-02 10:55:00,2085,2085,2085,2085,7,2076.29,8299
2026-09-02 11:00:00,2085,2085,2075,2075,32,2076.38,8299
2026-09-02 11:05:00,2075,2075,2075,2075,17,2076.37,8299
2026-09-02 11:10:00,2075,2080,2075,2080,13,2076.36,8299
2026-09-02 11:15:00,2080,2080,2075,2080,6,2076.37,8299
2026-09-02 11:20:00,2080,2080,2075,2075,2,2076.37,8299
2026-09-02 11:25:00,2075,2075,2070,2075,30,2076.34,8299
2026-09-02 11:30:00,2075,2075,2070,2070,7,2076.32,8299
2026-09-02 11:35:00,2070,2070,2065,2070,130,2075.77,8299
2026-09-02 11:40:00,2070,2075,2070,2075,47,2075.7,8299
2026-09-02 11:45:00,2080,2080,2075,2075,10,2075.71,8299
2026-09-02 11:50:00,2075,2080,2070,2070,29,2075.69,8299
2026-09-02 11:55:00,2070,2075,2065,2075,43,2075.58,8299
2026-09-02 12:00:00,2075,2075,2070,2070,3,2075.57,8299
2026-09-02 12:05:00,2070,2075,2070,2070,5,2075.56,8299
2026-09-02 12:10:00,2070,2075,2070,2075,9,2075.55,8299
2026-09-02 12:15:00,2075,2075,2075,2075,12,2075.55,8299
2026-09-02 12:20:00,2075,2080,2075,2075,10,2075.55,8299
2026-09-02 12:25:00,2075,2075,2075,2075,10,2075.55,8299
2026-09-02 12:30:00,2075,2080,2070,2075,18,2075.54,8299
2026-09-02 12:35:00,2075,2075,2070,2075,5,2075.54,8299
2026-09-02 12:40:00,2075,2080,2070,2080,39,2075.54,8299
2026-09-02 12:45:00,2080,2080,2070,2075,20,2075.54,8299
2026-09-02 12:50:00,2075,2075,2070,2075,15,2075.53,8299
2026-09-02 12:55:00,2070,2075,2070,2075,73,2075.38,8299
2026-09-02 13:00:00,2065,2070,2065,2065,24,2075.28,8299
2026-09-02 13:05:00,2065,2065,2060,2060,53,2075.01,8299
2026-09-02 13:10:00,2060,2070,2060,2070,71,2074.69,8299
2026-09-02 13:15:00,2070,2070,2060,2060,61,2074.44,8299
2026-09-02 13:20:00,2060,2080,2060,2075,139,2074.19,8299
2026-09-02 13:30:00,2065,2065,2065,2065,275,2073.32,8299
2026-09-03 09:00:00,2085,2120,2080,2115,329,2103.91,8299
2026-09-03 09:05:00,2115,2115,2105,2110,128,2106.08,8299
2026-09-03 09:10:00,2110,2115,2105,2110,70,2106.3,8299
2026-09-03 09:15:00,2110,2110,2090,2095,85,2105.55,8299
2026-09-03 09:20:00,2090,2100,2085,2085,69,2104.4,8299
2026-09-03 09:25:00,2085,2085,2070,2080,142,2099.84,8299
2026-09-03 09:30:00,2075,2085,2075,2080,40,2098.89,8299
2026-09-03 09:35:00,2080,2080,2055,2060,143,2094.37,8299
2026-09-03 09:40:00,2060,2070,2060,2070,62,2092.49,8299
2026-09-03 09:45:00,2070,2080,2070,2080,26,2092.1,8299
2026-09-03 09:50:00,2080,2080,2065,2065,32,2091.55,8299
2026-09-03 09:55:00,2065,2065,2050,2050,69,2089.61,8299
2026-09-03 10:00:00,2055,2060,2050,2055,126,2086.21,8299
2026-09-03 10:05:00,2055,2055,2055,2055,17,2085.81,8299
2026-09-03 10:10:00,2060,2075,2060,2075,33,2085.37,8299
2026-09-03 10:15:00,2075,2075,2065,2075,37,2085.02,8299
2026-09-03 10:20:00,2070,2075,2065,2070,13,2084.89,8299
2026-09-03 10:25:00,2065,2065,2060,2065,28,2084.45,8299
2026-09-03 10:30:00,2065,2065,2050,2055,43,2083.64,8299
2026-09-03 10:35:00,2050,2055,2050,2055,18,2083.26,8299
2026-09-03 10:40:00,2055,2055,2045,2045,46,2082.31,8299
2026-09-03 10:45:00,2045,2050,2040,2045,37,2081.46,8299
2026-09-03 10:50:00,2045,2050,2040,2045,36,2080.67,8299
2026-09-03 10:55:00,2045,2050,2045,2045,22,2080.2,8299
2026-09-03 11:00:00,2045,2055,2045,2055,19,2079.87,8299
2026-09-03 11:05:00,2055,2055,2050,2050,17,2079.59,8299
2026-09-03 11:10:00,2050,2055,2050,2055,12,2079.41,8299
2026-09-03 11:15:00,2060,2070,2060,2065,29,2079.12,8299
2026-09-03 11:20:00,2070,2070,2065,2065,21,2078.98,8299
2026-09-03 11:25:00,2060,2060,2060,2060,2,2078.95,8299
2026-09-03 11:30:00,2060,2060,2050,2055,24,2078.66,8299
2026-09-03 11:35:00,2050,2055,2050,2055,5,2078.58,8299
2026-09-03 11:40:00,2060,2060,2060,2060,3,2078.55,8299
2026-09-03 11:45:00,2055,2055,2050,2050,19,2078.29,8299
2026-09-03 11:50:00,2050,2055,2045,2045,22,2077.94,8299
2026-09-03 11:55:00,2050,2050,2050,2050,4,2077.88,8299
2026-09-03 12:00:00,2050,2050,2045,2050,15,2077.65,8299
2026-09-03 12:05:00,2050,2050,2045,2045,8,2077.51,8299
2026-09-03 12:10:00,2045,2045,2040,2040,56,2076.49,8299
2026-09-03 12:15:00,2040,2040,2040,2040,52,2075.53,8299
2026-09-03 12:20:00,2040,2040,2040,2040,18,2075.2,8299
2026-09-03 12:25:00,2040,2040,2040,2040,29,2074.69,8299
2026-09-03 12:30:00,2040,2040,2035,2035,25,2074.24,8299
2026-09-03 12:35:00,2035,2040,2035,2040,13,2074.0,8299
2026-09-03 12:40:00,2040,2040,2030,2030,64,2072.84,8299
2026-09-03 12:45:00,2030,2035,2030,2030,31,2072.28,8299
2026-09-03 12:50:00,2035,2035,2030,2030,40,2071.51,8299
2026-09-03 12:55:00,2030,2035,2030,2030,12,2071.3,8299
2026-09-03 13:00:00,2030,2035,2020,2020,87,2069.55,8299
2026-09-03 13:05:00,2020,2020,2015,2020,87,2067.72,8299
2026-09-03 13:10:00,2015,2015,2005,2005,101,2065.36,8299
2026-09-03 13:15:00,2005,2010,1995,2000,149,2061.69,8299
2026-09-03 13:20:00,1995,2005,1990,1990,184,2057.49,8299
2026-09-03 13:30:00,2000,2000,2000,2000,327,2051.47,8299
2026-09-04 09:00:00,2025,2050,2025,2035,176,2035.88,8299
2026-09-04 09:05:00,2030,2035,2020,2025,61,2033.38,8299
2026-09-04 09:10:00,2020,2020,2015,2020,98,2029.31,8299
2026-09-04 09:15:00,2020,2020,2010,2020,76,2026.87,8299
2026-09-04 09:20:00,2020,2020,2015,2015,27,2026.44,8299
2026-09-04 09:25:00,2015,2015,2005,2010,83,2023.97,8299
2026-09-04 09:30:00,2010,2015,2010,2010,26,2023.35,8299
2026-09-04 09:35:00,2010,2015,1995,2000,127,2019.27,8299
2026-09-04 09:40:00,2000,2005,2000,2000,52,2017.96,8299
2026-09-04 09:45:00,2000,2000,1970,1970,166,2012.1,8299
2026-09-04 09:50:00,1970,1985,1970,1980,103,2008.53,8299
2026-09-04 09:55:00,1980,1995,1980,1985,71,2007.1,8299
2026-09-04 10:00:00,1980,1985,1975,1980,63,2005.6,8299
2026-09-04 10:05:00,1980,1990,1980,1990,22,2005.19,8299
2026-09-04 10:10:00,1990,2000,1990,1995,59,2004.65,8299
2026-09-04 10:15:00,1995,2000,1990,1990,18,2004.5,8299
2026-09-04 10:20:00,1990,1995,1990,1990,14,2004.35,8299
2026-09-04 10:25:00,1990,2000,1990,1995,31,2004.12,8299
2026-09-04 10:30:00,2000,2005,2000,2000,52,2004.02,8299
2026-09-04 10:35:00,2000,2000,1995,1995,20,2003.93,8299
2026-09-04 10:40:00,1995,2000,1995,2000,26,2003.82,8299
2026-09-04 10:45:00,1995,2000,1995,1995,28,2003.7,8299
2026-09-04 10:50:00,2000,2000,1995,2000,28,2003.57,8299
2026-09-04 10:55:00,2005,2005,2000,2000,21,2003.56,8299
2026-09-04 11:00:00,2005,2005,2000,2005,21,2003.55,8299
2026-09-04 11:05:00,2000,2005,2000,2000,13,2003.53,8299
2026-09-04 11:10:00,2000,2000,1995,1995,23,2003.45,8299
2026-09-04 11:15:00,1995,1995,1995,1995,36,2003.25,8299
2026-09-04 11:20:00,1995,2000,1995,2000,28,2003.17,8299
2026-09-04 11:25:00,2000,2000,1990,1990,42,2002.96,8299
2026-09-04 11:30:00,1990,1995,1990,1990,55,2002.58,8299
2026-09-04 11:35:00,1990,1990,1990,1990,12,2002.49,8299
2026-09-04 11:40:00,1990,1995,1990,1990,21,2002.33,8299
2026-09-04 11:45:00,1990,1995,1985,1985,37,2002.05,8299
2026-09-04 11:50:00,1985,1990,1985,1990,16,2001.91,8299
2026-09-04 11:55:00,1990,1990,1985,1990,32,2001.66,8299
2026-09-04 12:00:00,1990,1995,1990,1990,9,2001.6,8299
2026-09-04 12:05:00,1990,1995,1990,1995,50,2001.42,8299
2026-09-04 12:10:00,1995,2000,1995,1995,21,2001.36,8299
2026-09-04 12:15:00,2000,2000,1995,1995,11,2001.33,8299
2026-09-04 12:20:00,1995,2000,1995,1995,18,2001.28,8299
2026-09-04 12:25:00,2000,2000,1995,1995,23,2001.21,8299
2026-09-04 12:30:00,2000,2000,1995,1995,17,2001.17,8299
2026-09-04 12:35:00,1995,2000,1995,2000,45,2001.04,8299
2026-09-04 12:40:00,1995,2000,1995,1995,18,2000.98,8299
2026-09-04 12:45:00,1995,2005,1995,2000,70,2000.93,8299
2026-09-04 12:50:00,2000,2005,2000,2000,13,2000.93,8299
2026-09-04 12:55:00,2000,2005,2000,2000,14,2000.92,8299
2026-09-04 13:00:00,2000,2015,2000,2010,151,2001.35,8299
2026-09-04 13:05:00,2010,2015,2010,2010,80,2001.68,8299
2026-09-04 13:10:00,2005,2010,2005,2010,45,2001.82,8299
2026-09-04 13:15:00,2015,2015,2010,2010,36,2001.96,8299
2026-09-04 13:20:00,2010,2020,2010,2020,116,2002.52,8299
2026-09-04 13:30:00,2015,2015,2015,2015,226,2003.55,8299
2026-09-07 09:00:00,2075,2115,2075,2085,394,2096.8,8299
2026-09-07 09:05:00,2085,2095,2085,2090,111,2095.97,8299
2026-09-07 09:10:00,2095,2095,2085,2085,36,2095.38,8299
2026-09-07 09:15:00,2085,2090,2085,2090,82,2094.35,8299
2026-09-07 09:20:00,2090,2095,2090,2095,39,2094.12,8299
2026-09-07 09:25:00,2095,2095,2085,2085,77,2093.86,8299
2026-09-07 09:30:00,2090,2090,2085,2085,46,2093.36,8299
2026-09-07 09:35:00,2085,2085,2080,2085,55,2092.64,8299
2026-09-07 09:40:00,2085,2085,2075,2075,29,2092.19,8299
2026-09-07 09:45:00,2075,2075,2070,2075,69,2090.72,8299
2026-09-07 09:50:00,2075,2085,2075,2085,39,2090.33,8299
2026-09-07 09:55:00,2085,2085,2080,2080,23,2090.19,8299
2026-09-07 10:00:00,2080,2085,2075,2075,14,2090.05,8299
2026-09-07 10:05:00,2075,2080,2070,2080,30,2089.65,8299
2026-09-07 10:10:00,2080,2085,2080,2080,19,2089.5,8299
2026-09-07 10:15:00,2080,2080,2070,2075,41,2088.96,8299
2026-09-07 10:20:00,2075,2075,2070,2070,10,2088.83,8299
2026-09-07 10:25:00,2070,2075,2070,2070,9,2088.69,8299
2026-09-07 10:30:00,2070,2075,2070,2075,27,2088.33,8299
2026-09-07 10:35:00,2075,2085,2075,2085,32,2088.08,8299
2026-09-07 10:40:00,2085,2090,2085,2090,28,2088.05,8299
2026-09-07 10:45:00,2090,2095,2085,2085,72,2088.1,8299
2026-09-07 10:50:00,2085,2085,2080,2080,4,2088.08,8299
2026-09-07 10:55:00,2080,2085,2080,2085,21,2088.03,8299
2026-09-07 11:00:00,2085,2085,2085,2085,20,2087.98,8299
2026-09-07 11:05:00,2085,2085,2080,2085,7,2087.96,8299
2026-09-07 11:10:00,2085,2090,2085,2085,32,2087.9,8299
2026-09-07 11:15:00,2085,2085,2085,2085,7,2087.88,8299
2026-09-07 11:20:00,2085,2085,2085,2085,4,2087.88,8299
2026-09-07 11:25:00,2085,2085,2085,2085,20,2087.83,8299
2026-09-07 11:30:00,2085,2085,2075,2080,39,2087.63,8299
2026-09-07 11:35:00,2080,2080,2080,2080,8,2087.58,8299
2026-09-07 11:40:00,2080,2080,2080,2080,8,2087.54,8299
2026-09-07 11:50:00,2080,2080,2080,2080,10,2087.49,8299
2026-09-07 11:55:00,2080,2080,2075,2075,11,2087.42,8299
2026-09-07 12:00:00,2075,2075,2070,2070,55,2086.91,8299
2026-09-07 12:05:00,2070,2070,2065,2070,23,2086.66,8299
2026-09-07 12:10:00,2070,2070,2070,2070,14,2086.51,8299
2026-09-07 12:15:00,2070,2070,2070,2070,28,2086.22,8299
2026-09-07 12:20:00,2075,2075,2070,2070,11,2086.12,8299
2026-09-07 12:25:00,2070,2070,2065,2065,13,2085.96,8299
2026-09-07 12:30:00,2065,2065,2065,2065,11,2085.82,8299
2026-09-07 12:35:00,2065,2065,2065,2065,27,2085.48,8299
2026-09-07 12:40:00,2065,2065,2065,2065,15,2085.29,8299
2026-09-07 12:45:00,2070,2075,2070,2070,31,2085.02,8299
2026-09-07 12:50:00,2070,2075,2070,2075,19,2084.91,8299
2026-09-07 12:55:00,2080,2080,2075,2080,23,2084.84,8299
2026-09-07 13:00:00,2075,2085,2075,2085,43,2084.75,8299
2026-09-07 13:05:00,2080,2105,2080,2100,382,2086.43,8299
2026-09-07 13:10:00,2100,2105,2100,2105,63,2086.83,8299
2026-09-07 13:15:00,2105,2105,2095,2095,53,2087.09,8299
2026-09-07 13:20:00,2095,2100,2095,2095,89,2087.52,8299
2026-09-07 13:30:00,2095,2095,2095,2095,172,2088.02,8299
2026-09-08 09:00:00,2115,2160,2115,2130,410,2137.2,8299
2026-09-08 09:05:00,2130,2135,2120,2130,130,2134.69,8299
2026-09-08 09:10:00,2130,2135,2120,2125,100,2133.05,8299
2026-09-08 09:15:00,2125,2125,2105,2120,95,2130.67,8299
2026-09-08 09:20:00,2120,2125,2120,2120,36,2130.18,8299
2026-09-08 09:25:00,2115,2125,2115,2120,42,2129.67,8299
2026-09-08 09:30:00,2120,2130,2115,2125,63,2129.24,8299
2026-09-08 09:35:00,2120,2125,2120,2125,25,2129.11,8299
2026-09-08 09:40:00,2130,2135,2125,2130,61,2129.18,8299
2026-09-08 09:45:00,2130,2130,2125,2125,28,2129.2,8299
2026-09-08 09:50:00,2130,2130,2120,2120,73,2128.68,8299
2026-09-08 09:55:00,2120,2120,2120,2120,12,2128.58,8299
2026-09-08 10:00:00,2120,2130,2120,2120,63,2128.31,8299
2026-09-08 10:05:00,2120,2120,2105,2115,69,2127.37,8299
2026-09-08 10:10:00,2110,2115,2105,2110,36,2126.87,8299
2026-09-08 10:15:00,2110,2110,2100,2100,106,2125.01,8299
2026-09-08 10:20:00,2095,2105,2095,2105,20,2124.65,8299
2026-09-08 10:25:00,2105,2105,2095,2095,49,2123.67,8299
2026-09-08 10:30:00,2095,2095,2085,2085,63,2122.33,8299
2026-09-08 10:35:00,2085,2095,2085,2090,17,2121.97,8299
2026-09-08 10:40:00,2090,2090,2090,2090,34,2121.26,8299
2026-09-08 10:45:00,2090,2090,2085,2090,10,2121.04,8299
2026-09-08 10:50:00,2090,2095,2090,2095,16,2120.72,8299
2026-09-08 10:55:00,2095,2095,2090,2090,10,2120.55,8299
2026-09-08 11:00:00,2095,2095,2090,2090,11,2120.37,8299
2026-09-08 11:05:00,2090,2095,2090,2090,27,2119.86,8299
2026-09-08 11:10:00,2095,2095,2095,2095,5,2119.79,8299
2026-09-08 11:15:00,2095,2095,2095,2095,10,2119.63,8299
2026-09-08 11:20:00,2095,2095,2090,2090,10,2119.47,8299
2026-09-08 11:25:00,2090,2095,2090,2095,4,2119.4,8299
2026-09-08 11:30:00,2095,2095,2085,2085,64,2118.18,8299
2026-09-08 11:35:00,2085,2090,2085,2090,16,2117.9,8299
2026-09-08 11:40:00,2090,2090,2085,2090,26,2117.44,8299
2026-09-08 11:45:00,2090,2090,2090,2090,11,2117.27,8299
2026-09-08 11:50:00,2090,2090,2080,2085,14,2117.03,8299
2026-09-08 11:55:00,2080,2090,2080,2090,24,2116.59,8299
2026-09-08 12:00:00,2090,2100,2090,2095,50,2115.98,8299
2026-09-08 12:05:00,2095,2105,2095,2105,43,2115.6,8299
2026-09-08 12:10:00,2100,2100,2095,2100,17,2115.46,8299
2026-09-08 12:15:00,2100,2110,2100,2110,61,2115.23,8299
2026-09-08 12:20:00,2105,2110,2105,2105,14,2115.16,8299
2026-09-08 12:25:00,2105,2105,2100,2105,20,2115.03,8299
2026-09-08 12:30:00,2105,2105,2100,2100,24,2114.86,8299
2026-09-08 12:35:00,2100,2105,2100,2105,11,2114.78,8299
2026-09-08 12:40:00,2100,2100,2100,2100,9,2114.71,8299
2026-09-08 12:45:00,2105,2105,2100,2100,12,2114.65,8299
2026-09-08 12:50:00,2100,2105,2100,2100,24,2114.49,8299
2026-09-08 12:55:00,2100,2100,2095,2095,7,2114.42,8299
2026-09-08 13:00:00,2100,2100,2090,2095,44,2114.0,8299
2026-09-08 13:05:00,2090,2090,2090,2090,33,2113.64,8299
2026-09-08 13:10:00,2085,2095,2085,2090,78,2112.74,8299
2026-09-08 13:15:00,2090,2095,2090,2090,35,2112.39,8299
2026-09-08 13:20:00,2090,2090,2080,2085,62,2111.64,8299
2026-09-08 13:30:00,2085,2085,2085,2085,217,2109.38,8299
2026-09-09 09:00:00,2100,2110,2085,2095,163,2097.7,8299
2026-09-09 09:05:00,2090,2090,2085,2090,35,2096.31,8299
2026-09-09 09:10:00,2090,2110,2090,2110,71,2097.97,8299
2026-09-09 09:15:00,2115,2125,2110,2110,130,2104.96,8299
2026-09-09 09:20:00,2110,2110,2100,2100,42,2104.97,8299
2026-09-09 09:25:00,2100,2100,2095,2100,39,2104.35,8299
2026-09-09 09:30:00,2095,2100,2095,2100,4,2104.29,8299
2026-09-09 09:35:00,2100,2100,2095,2095,10,2104.12,8299
2026-09-09 09:40:00,2100,2100,2095,2100,22,2103.92,8299
2026-09-09 09:45:00,2100,2115,2100,2115,50,2104.47,8299
2026-09-09 09:50:00,2115,2115,2115,2115,38,2105.13,8299
2026-09-09 09:55:00,2110,2115,2105,2110,30,2105.39,8299
2026-09-09 10:00:00,2100,2115,2100,2115,26,2105.43,8299
2026-09-09 10:05:00,2115,2115,2115,2115,12,2105.6,8299
2026-09-09 10:10:00,2115,2115,2110,2110,16,2105.74,8299
2026-09-09 10:15:00,2110,2110,2105,2110,38,2105.92,8299
2026-09-09 10:20:00,2110,2110,2105,2105,7,2105.93,8299
2026-09-09 10:25:00,2105,2110,2105,2110,10,2105.96,8299
2026-09-09 10:30:00,2110,2110,2105,2110,10,2106.01,8299
2026-09-09 10:35:00,2110,2110,2105,2110,8,2106.04,8299
2026-09-09 10:40:00,2110,2110,2100,2100,29,2105.98,8299
2026-09-09 10:45:00,2100,2105,2090,2100,66,2105.43,8299
2026-09-09 10:50:00,2100,2105,2100,2105,6,2105.41,8299
2026-09-09 10:55:00,2105,2105,2105,2105,6,2105.4,8299
2026-09-09 11:00:00,2105,2105,2095,2095,31,2105.21,8299
2026-09-09 11:05:00,2095,2095,2090,2095,7,2105.12,8299
2026-09-09 11:10:00,2095,2095,2080,2085,79,2103.75,8299
2026-09-09 11:15:00,2085,2095,2085,2090,9,2103.62,8299
2026-09-09 11:20:00,2090,2095,2090,2095,3,2103.59,8299
2026-09-09 11:25:00,2095,2105,2090,2105,41,2103.38,8299
2026-09-09 11:30:00,2105,2105,2100,2100,11,2103.37,8299
2026-09-09 11:35:00,2100,2100,2095,2100,3,2103.36,8299
2026-09-09 11:40:00,2095,2095,2095,2095,17,2103.23,8299
2026-09-09 11:45:00,2095,2095,2090,2090,10,2103.11,8299
2026-09-09 11:50:00,2090,2090,2090,2090,19,2102.89,8299
2026-09-09 11:55:00,2085,2095,2085,2095,10,2102.77,8299
2026-09-09 12:00:00,2090,2090,2090,2090,6,2102.7,8299
2026-09-09 12:05:00,2085,2090,2080,2080,44,2102.03,8299
2026-09-09 12:10:00,2085,2085,2080,2085,12,2101.81,8299
2026-09-09 12:15:00,2080,2085,2080,2080,9,2101.65,8299
2026-09-09 12:20:00,2085,2085,2080,2080,26,2101.21,8299
2026-09-09 12:25:00,2080,2085,2075,2075,38,2100.53,8299
2026-09-09 12:30:00,2075,2080,2070,2080,50,2099.59,8299
2026-09-09 12:35:00,2085,2085,2080,2085,17,2099.39,8299
2026-09-09 12:40:00,2085,2085,2075,2075,35,2098.9,8299
2026-09-09 12:45:00,2075,2080,2070,2080,44,2098.09,8299
2026-09-09 12:50:00,2085,2085,2080,2080,19,2097.86,8299
2026-09-09 12:55:00,2080,2085,2080,2085,15,2097.68,8299
2026-09-09 13:00:00,2085,2085,2080,2085,15,2097.51,8299
2026-09-09 13:05:00,2085,2085,2075,2075,35,2097.09,8299
2026-09-09 13:10:00,2075,2085,2075,2085,43,2096.6,8299
2026-09-09 13:15:00,2085,2090,2080,2085,77,2096.03,8299
2026-09-09 13:20:00,2080,2090,2080,2080,55,2095.63,8299
2026-09-09 13:30:00,2085,2085,2085,2085,218,2094.39,8299
2026-09-10 09:00:00,2100,2120,2080,2080,532,2102.27,8299
2026-09-10 09:05:00,2085,2115,2085,2110,147,2101.18,8299
2026-09-10 09:10:00,2110,2110,2095,2095,99,2101.84,8299
2026-09-10 09:15:00,2095,2095,2090,2095,78,2100.81,8299
2026-09-10 09:20:00,2095,2095,2085,2090,98,2099.81,8299
2026-09-10 09:25:00,2090,2090,2075,2085,98,2098.19,8299
2026-09-10 09:30:00,2085,2085,2080,2080,22,2097.91,8299
2026-09-10 09:35:00,2080,2085,2075,2080,109,2096.12,8299
2026-09-10 09:40:00,2085,2105,2085,2095,70,2096.05,8299
2026-09-10 09:45:00,2095,2095,2090,2090,15,2096.02,8299
2026-09-10 09:50:00,2095,2095,2095,2095,12,2096.01,8299
2026-09-10 09:55:00,2095,2095,2095,2095,16,2096.0,8299
2026-09-10 10:00:00,2090,2090,2090,2090,4,2095.98,8299
2026-09-10 10:05:00,2090,2095,2090,2090,31,2095.89,8299
2026-09-10 10:10:00,2090,2090,2090,2090,20,2095.8,8299
2026-09-10 10:15:00,2090,2090,2080,2085,33,2095.55,8299
2026-09-10 10:20:00,2085,2085,2075,2085,65,2094.86,8299
2026-09-10 10:25:00,2080,2080,2080,2080,25,2094.61,8299
2026-09-10 10:30:00,2080,2080,2080,2080,2,2094.59,8299
2026-09-10 10:35:00,2085,2085,2080,2080,6,2094.54,8299
2026-09-10 10:40:00,2085,2085,2085,2085,4,2094.52,8299
2026-09-10 10:45:00,2080,2085,2080,2080,7,2094.46,8299
2026-09-10 10:50:00,2080,2085,2080,2085,9,2094.37,8299
2026-09-10 10:55:00,2085,2085,2080,2080,4,2094.35,8299
2026-09-10 11:00:00,2080,2085,2080,2080,13,2094.23,8299
2026-09-10 11:05:00,2080,2080,2080,2080,7,2094.16,8299
2026-09-10 11:10:00,2080,2085,2080,2085,6,2094.12,8299
2026-09-10 11:15:00,2085,2085,2085,2085,6,2094.08,8299
2026-09-10 11:20:00,2085,2090,2085,2085,28,2093.92,8299
2026-09-10 11:25:00,2085,2085,2085,2085,4,2093.9,8299
2026-09-10 11:30:00,2080,2080,2080,2080,1,2093.89,8299
2026-09-10 11:35:00,2080,2090,2080,2085,13,2093.82,8299
2026-09-10 11:40:00,2085,2090,2085,2085,9,2093.77,8299
2026-09-10 11:45:00,2085,2090,2085,2085,16,2093.69,8299
2026-09-10 11:55:00,2080,2080,2080,2080,27,2093.46,8299
2026-09-10 12:00:00,2080,2080,2080,2080,13,2093.36,8299
2026-09-10 12:05:00,2080,2090,2080,2090,49,2093.17,8299
2026-09-10 12:10:00,2085,2085,2085,2085,12,2093.11,8299
2026-09-10 12:15:00,2085,2085,2085,2085,14,2093.04,8299
2026-09-10 12:20:00,2080,2085,2080,2085,5,2093.01,8299
2026-09-10 12:25:00,2080,2080,2080,2080,2,2092.99,8299
2026-09-10 12:30:00,2085,2085,2075,2075,53,2092.6,8299
2026-09-10 12:35:00,2080,2080,2075,2075,6,2092.54,8299
2026-09-10 12:40:00,2075,2080,2075,2075,15,2092.4,8299
2026-09-10 12:45:00,2080,2080,2075,2080,25,2092.23,8299
2026-09-10 12:50:00,2080,2080,2080,2080,15,2092.13,8299
2026-09-10 12:55:00,2080,2080,2080,2080,33,2091.92,8299
2026-09-10 13:00:00,2080,2080,2070,2070,60,2091.4,8299
2026-09-10 13:05:00,2070,2070,2070,2070,57,2090.78,8299
2026-09-10 13:10:00,2070,2070,2065,2070,21,2090.55,8299
2026-09-10 13:15:00,2065,2070,2065,2070,23,2090.28,8299
2026-09-10 13:20:00,2065,2070,2065,2065,96,2089.16,8299
2026-09-10 13:30:00,2065,2065,2065,2065,160,2087.48,8299
2026-09-11 09:00:00,2000,2000,1975,1995,241,1989.13,8299
2026-09-11 09:05:00,1990,1990,1975,1980,225,1985.4,8299
2026-09-11 09:10:00,1980,1980,1955,1960,299,1979.09,8299
2026-09-11 09:15:00,1955,1970,1955,1965,123,1976.57,8299
2026-09-11 09:20:00,1965,1965,1945,1950,261,1971.72,8299
2026-09-11 09:25:00,1955,1955,1925,1925,209,1966.86,8299
2026-09-11 09:30:00,1925,1940,1920,1935,210,1961.71,8299
2026-09-11 09:35:00,1935,1940,1930,1935,105,1960.1,8299
2026-09-11 09:40:00,1930,1945,1930,1940,128,1958.58,8299
2026-09-11 09:45:00,1935,1940,1930,1940,116,1957.19,8299
2026-09-11 09:50:00,1940,1950,1930,1950,143,1955.96,8299
2026-09-11 09:55:00,1950,1960,1940,1940,135,1955.58,8299
2026-09-11 10:00:00,1940,1950,1935,1940,68,1955.29,8299
2026-09-11 10:05:00,1940,1940,1930,1935,65,1954.66,8299
2026-09-11 10:10:00,1935,1940,1930,1940,44,1954.31,8299
2026-09-11 10:15:00,1940,1945,1940,1945,47,1954.06,8299
2026-09-11 10:20:00,1945,1960,1945,1945,97,1953.94,8299
2026-09-11 10:25:00,1945,1950,1940,1945,56,1953.72,8299
2026-09-11 10:30:00,1945,1950,1940,1945,59,1953.55,8299
2026-09-11 10:35:00,1950,1960,1950,1955,55,1953.55,8299
2026-09-11 10:40:00,1955,1960,1950,1950,44,1953.55,8299
2026-09-11 10:45:00,1950,1950,1945,1945,37,1953.47,8299
2026-09-11 10:50:00,1945,1955,1940,1950,82,1953.38,8299
2026-09-11 10:55:00,1955,1955,1950,1950,39,1953.36,8299
2026-09-11 11:00:00,1950,1960,1950,1955,43,1953.35,8299
2026-09-11 11:05:00,1955,1960,1955,1955,33,1953.38,8299
2026-09-11 11:10:00,1955,1955,1955,1955,28,1953.39,8299
2026-09-11 11:15:00,1960,1960,1950,1955,66,1953.44,8299
2026-09-11 11:20:00,1955,1970,1955,1960,126,1953.76,8299
2026-09-11 11:25:00,1965,1975,1965,1970,94,1954.21,8299
2026-09-11 11:30:00,1970,1975,1965,1970,20,1954.31,8299
2026-09-11 11:35:00,1970,1975,1970,1975,23,1954.43,8299
2026-09-11 11:40:00,1970,1975,1970,1975,40,1954.67,8299
2026-09-11 11:45:00,1975,1975,1965,1965,26,1954.8,8299
2026-09-11 11:50:00,1970,1970,1965,1965,7,1954.82,8299
2026-09-11 11:55:00,1970,1980,1970,1980,39,1955.05,8299
2026-09-11 12:00:00,1980,1985,1975,1985,37,1955.31,8299
2026-09-11 12:05:00,1985,1985,1980,1985,60,1955.81,8299
2026-09-11 12:10:00,1985,1985,1980,1985,29,1956.02,8299
2026-09-11 12:15:00,1985,1990,1985,1990,27,1956.27,8299
2026-09-11 12:20:00,1985,1990,1985,1985,28,1956.5,8299
2026-09-11 12:25:00,1985,1995,1985,1995,52,1956.98,8299
2026-09-11 12:30:00,1995,1995,1985,1990,57,1957.48,8299
2026-09-11 12:35:00,1985,1990,1985,1985,15,1957.59,8299
2026-09-11 12:40:00,1985,1990,1985,1985,27,1957.79,8299
2026-09-11 12:45:00,1985,1990,1980,1980,14,1957.89,8299
2026-09-11 12:50:00,1980,1985,1980,1980,17,1957.99,8299
2026-09-11 12:55:00,1980,1980,1975,1980,43,1958.24,8299
2026-09-11 13:00:00,1975,1980,1970,1970,52,1958.46,8299
2026-09-11 13:05:00,1970,1975,1970,1975,55,1958.62,8299
2026-09-11 13:10:00,1970,1980,1970,1975,66,1958.88,8299
2026-09-11 13:15:00,1980,1990,1975,1985,104,1959.55,8299
2026-09-11 13:20:00,1985,2000,1980,1995,124,1960.41,8299
2026-09-11 13:30:00,1990,1990,1990,1990,240,1962.0,8299
