time,index,change,change_pct,datetime
09:00:05,47873.89,-150.70999999999913,-0.3138183347700952,2026-09-29 09:00:05+08:00
09:00:10,47845.4,-179.1999999999971,-0.3731420980080981,2026-09-29 09:00:10+08:00
09:00:15,47865.68,-158.91999999999825,-0.33091374004155844,2026-09-29 09:00:15+08:00
09:00:20,47847.23,-177.36999999999534,-0.3693315509134805,2026-09-29 09:00:20+08:00
09:00:25,47862.43,-162.16999999999825,-0.33768110510029914,2026-09-29 09:00:25+08:00
09:00:30,47873.62,-150.97999999999593,-0.314380546636507,2026-09-29 09:00:30+08:00
09:00:35,47849.84,-174.76000000000204,-0.36389683620478264,2026-09-29 09:00:35+08:00
09:00:40,47894.54,-130.05999999999767,-0.2708195383199395,2026-09-29 09:00:40+08:00
09:00:45,47865.59,-159.01000000000204,-0.3311011439970391,2026-09-29 09:00:45+08:00
09:00:50,47863.9,-160.6999999999971,-0.334620173827574,2026-09-29 09:00:50+08:00
09:00:55,47942.88,-81.72000000000116,-0.17016279156932315,2026-09-29 09:00:55+08:00
09:01:00,47933.08,-91.5199999999968,-0.19056900005413227,2026-09-29 09:01:00+08:00
09:01:05,47933.58,-91.0199999999968,-0.18952786696817214,2026-09-29 09:01:05+08:00
09:01:10,47941.62,-82.97999999999593,-0.17278644694593173,2026-09-29 09:01:10+08:00
09:01:15,47943.24,-81.36000000000058,-0.16941317574743064,2026-09-29 09:01:15+08:00
09:01:20,47955.42,-69.18000000000029,-0.14405117377344173,2026-09-29 09:01:20+08:00
09:01:25,47955.02,-69.58000000000175,-0.14488408024221283,2026-09-29 09:01:25+08:00
09:01:30,47994.16,-30.439999999995052,-0.06338418227324133,2026-09-29 09:01:30+08:00
09:01:35,48001.16,-23.439999999995052,-0.04880831906979975,2026-09-29 09:01:35+08:00
09:01:40,48004.7,-19.900000000001455,-0.04143709682121549,2026-09-29 09:01:40+08:00
09:01:45,48004.55,-20.049999999995634,-0.04174943674699141,2026-09-29 09:01:45+08:00
09:01:50,47976.56,-48.04000000000087,-0.1000320668990494,2026-09-29 09:01:50+08:00
09:01:55,48010.73,-13.869999999995343,-0.028881031804523817,2026-09-29 09:01:55+08:00
09:02:00,47959.33,-65.2699999999968,-0.13590951304122637,2026-09-29 09:02:00+08:00
09:02:05,47963.35,-61.25,-0.12753880303011375,2026-09-29 09:02:05+08:00
09:02:10,47982.15,-42.44999999999709,-0.08839219899800746,2026-09-29 09:02:10+08:00
09:02:15,48020.17,-4.430000000000291,-0.0092244391416072,2026-09-29 09:02:15+08:00
09:02:20,47992.94,-31.659999999996217,-0.06592454700298643,2026-09-29 09:02:20+08:00
09:02:25,48010.23,-14.369999999995343,-0.029922164890483927,2026-09-29 09:02:25+08:00
09:02:30,48009.89,-14.709999999999127,-0.03063013538894468,2026-09-29 09:02:30+08:00
09:02:35,47973.66,-50.93999999999505,-0.10607063879760593,2026-09-29 09:02:35+08:00
09:02:40,48015.41,-9.189999999995052,-0.019136026119936558,2026-09-29 09:02:40+08:00
09:02:45,48027.47,2.8700000000026193,0.005976103913416498,2026-09-29 09:02:45+08:00
09:02:50,47986.85,-37.75,-0.07860554798998848,2026-09-29 09:02:50+08:00
09:02:55,48033.3,8.700000000004366,0.018115715695715042,2026-09-29 09:02:55+08:00
09:03:00,48037.79,13.190000000002328,0.027465090807632608,2026-09-29 09:03:00+08:00
09:03:05,48033.28,8.680000000000291,0.018074070372268155,2026-09-29 09:03:05+08:00
09:03:10,48031.26,6.6600000000034925,0.013867892704995966,2026-09-29 09:03:10+08:00
09:03:15,48031.98,7.380000000004657,0.01536712434878095,2026-09-29 09:03:15+08:00
09:03:20,48030.98,6.380000000004657,0.013284858176860728,2026-09-29 09:03:20+08:00
09:03:25,48042.07,17.470000000001164,0.03637719002344874,2026-09-29 09:03:25+08:00
09:03:30,48045.13,20.529999999998836,0.04274892450951978,2026-09-29 09:03:30+08:00
09:03:35,48002.65,-21.94999999999709,-0.04570574247364286,2026-09-29 09:03:35+08:00
09:03:40,48039.91,15.310000000004948,0.03187949509210894,2026-09-29 09:03:40+08:00
09:03:45,47994.68,-29.919999999998254,-0.06230140386384947,2026-09-29 09:03:45+08:00
09:03:50,47992.56,-32.04000000000087,-0.0667158081483258,2026-09-29 09:03:50+08:00
09:03:55,48040.86,16.260000000002037,0.03385764795542709,2026-09-29 09:03:55+08:00
09:04:00,48002.02,-22.580000000001746,-0.0470175701619623,2026-09-29 09:04:00+08:00
09:04:05,47987.08,-37.5199999999968,-0.07812662677044015,2026-09-29 09:04:05+08:00
09:04:10,47992.07,-32.529999999998836,-0.06773611857256247,2026-09-29 09:04:10+08:00
09:04:15,47984.17,-40.43000000000029,-0.08418602133073527,2026-09-29 09:04:15+08:00
09:04:20,47990.41,-34.18999999999505,-0.07119268041794216,2026-09-29 09:04:20+08:00
09:04:25,47993.93,-30.669999999998254,-0.06386310349278965,2026-09-29 09:04:25+08:00
09:04:30,48000.88,-23.720000000001164,-0.04939135359795015,2026-09-29 09:04:30+08:00
09:04:35,47962.16,-62.43999999999505,-0.1300166997746885,2026-09-29 09:04:35+08:00
09:04:40,47959.29,-65.30999999999767,-0.13599280368810499,2026-09-29 09:04:40+08:00
09:04:45,47992.94,-31.659999999996217,-0.06592454700298643,2026-09-29 09:04:45+08:00
09:04:50,47995.4,-29.19999999999709,-0.06080217222006449,2026-09-29 09:04:50+08:00
09:04:55,47941.96,-82.63999999999942,-0.1720784764474861,2026-09-29 09:04:55+08:00
09:05:00,47943.76,-80.83999999999651,-0.16833039733802366,2026-09-29 09:05:00+08:00
09:05:05,47935.41,-89.18999999999505,-0.1857173198735545,2026-09-29 09:05:05+08:00
09:05:10,47985.22,-39.37999999999738,-0.08199964185021298,2026-09-29 09:05:10+08:00
09:05:15,47968.58,-56.0199999999968,-0.1166485509509643,2026-09-29 09:05:15+08:00
09:05:20,47927.01,-97.58999999999651,-0.20320835571768742,2026-09-29 09:05:20+08:00
09:05:25,47963.04,-61.55999999999767,-0.12818430554340415,2026-09-29 09:05:25+08:00
09:05:30,47962.86,-61.73999999999796,-0.12855911345435042,2026-09-29 09:05:30+08:00
09:05:35,47952.65,-71.94999999999709,-0.14981905106965407,2026-09-29 09:05:35+08:00
09:05:40,47953.47,-71.12999999999738,-0.1481115928086801,2026-09-29 09:05:40+08:00
09:05:45,47951.74,-72.86000000000058,-0.15171391328610875,2026-09-29 09:05:45+08:00
09:05:50,47955.01,-69.58999999999651,-0.14490490290392113,2026-09-29 09:05:50+08:00
09:05:55,47952.95,-71.65000000000146,-0.1491943712180871,2026-09-29 09:05:55+08:00
09:06:00,47996.91,-27.689999999995052,-0.057657950300460704,2026-09-29 09:06:00+08:00
09:06:05,47962.27,-62.330000000001746,-0.12978765049579122,2026-09-29 09:06:05+08:00
09:06:10,47971.57,-53.029999999998836,-0.11042257509692706,2026-09-29 09:06:10+08:00
09:06:15,47975.64,-48.95999999999913,-0.10194775177721235,2026-09-29 09:06:15+08:00
09:06:20,47981.02,-43.580000000001746,-0.090745159772287,2026-09-29 09:06:20+08:00
09:06:25,47981.1,-43.5,-0.09057857847852976,2026-09-29 09:06:25+08:00
09:06:30,48025.09,0.48999999999796273,0.0010203104242366677,2026-09-29 09:06:30+08:00
09:06:35,47986.97,-37.62999999999738,-0.07835567604935258,2026-09-29 09:06:35+08:00
09:06:40,47988.52,-36.080000000001746,-0.07512816348288533,2026-09-29 09:06:40+08:00
09:06:45,47984.74,-39.86000000000058,-0.08299912961274135,2026-09-29 09:06:45+08:00
09:06:50,47982.4,-42.19999999999709,-0.0878716324550274,2026-09-29 09:06:50+08:00
09:06:55,47985.44,-39.15999999999622,-0.08154154329238811,2026-09-29 09:06:55+08:00
09:07:00,47991.52,-33.080000000001746,-0.06888136496712466,2026-09-29 09:07:00+08:00
09:07:05,47997.58,-27.0199999999968,-0.05626283196527779,2026-09-29 09:07:05+08:00
09:07:10,47996.94,-27.659999999996217,-0.05759548231530552,2026-09-29 09:07:10+08:00
09:07:15,47989.88,-34.720000000001164,-0.07229628148907262,2026-09-29 09:07:15+08:00
09:07:20,47988.93,-35.669999999998254,-0.07427443435239076,2026-09-29 09:07:20+08:00
09:07:25,48031.73,7.130000000004657,0.014846557805800895,2026-09-29 09:07:25+08:00
09:07:30,48027.69,3.0900000000037835,0.006434202471241371,2026-09-29 09:07:30+08:00
09:07:35,48028.28,3.680000000000291,0.007662739512667031,2026-09-29 09:07:35+08:00
09:07:40,48027.53,2.930000000000291,0.006101039883726863,2026-09-29 09:07:40+08:00
09:07:45,48023.04,-1.5599999999976717,-0.0032483352281907013,2026-09-29 09:07:45+08:00
09:07:50,47976.04,-48.55999999999767,-0.10111484530844124,2026-09-29 09:07:50+08:00
09:07:55,47981.22,-43.37999999999738,-0.09032870653789388,2026-09-29 09:07:55+08:00
09:08:00,47977.97,-46.62999999999738,-0.09709607159663461,2026-09-29 09:08:00+08:00
09:08:05,47984.89,-39.70999999999913,-0.08268678968695028,2026-09-29 09:08:05+08:00
09:08:10,47987.23,-37.36999999999534,-0.07781428684464908,2026-09-29 09:08:10+08:00
09:08:15,47969.72,-54.87999999999738,-0.11427476751497646,2026-09-29 09:08:15+08:00
09:08:20,47972.51,-52.08999999999651,-0.10846524489531721,2026-09-29 09:08:20+08:00
09:08:25,47970.99,-53.61000000000058,-0.11163028947664443,2026-09-29 09:08:25+08:00
09:08:30,47972.46,-52.13999999999942,-0.10856935820391929,2026-09-29 09:08:30+08:00
09:08:35,47983.61,-40.98999999999796,-0.08535209038700575,2026-09-29 09:08:35+08:00
09:08:40,47985.82,-38.779999999998836,-0.08075028214706388,2026-09-29 09:08:40+08:00
09:08:45,47995.66,-28.939999999995052,-0.060260783015360996,2026-09-29 09:08:45+08:00
09:08:50,48000.35,-24.25,-0.050494954669065444,2026-09-29 09:08:50+08:00
09:08:55,47996.02,-28.580000000001746,-0.05951116719348365,2026-09-29 09:08:55+08:00
09:09:00,47986.71,-37.88999999999942,-0.07889706525405608,2026-09-29 09:09:00+08:00
09:09:05,47989.23,-35.36999999999534,-0.07364975450080863,2026-09-29 09:09:05+08:00
09:09:10,47985.72,-38.87999999999738,-0.08095850876425287,2026-09-29 09:09:10+08:00
09:09:15,47992.56,-32.04000000000087,-0.0667158081483258,2026-09-29 09:09:15+08:00
09:09:20,47989.38,-35.220000000001164,-0.07333741457503272,2026-09-29 09:09:20+08:00
09:09:25,47987.93,-36.669999999998254,-0.076356700524311,2026-09-29 09:09:25+08:00
09:09:30,47989.39,-35.20999999999913,-0.07331659191330928,2026-09-29 09:09:30+08:00
09:09:35,47992.43,-32.169999999998254,-0.06698650275066997,2026-09-29 09:09:35+08:00
09:09:40,47987.19,-37.40999999999622,-0.07789757749152772,2026-09-29 09:09:40+08:00
09:09:45,47994.87,-29.729999999995925,-0.061905773291179786,2026-09-29 09:09:45+08:00
09:09:50,47987.91,-36.68999999999505,-0.07639834584774272,2026-09-29 09:09:50+08:00
09:09:55,47988.96,-35.63999999999942,-0.07421196636723558,2026-09-29 09:09:55+08:00
09:10:00,48019.91,-4.689999999995052,-0.009765828346295548,2026-09-29 09:10:00+08:00
09:10:05,48026.84,2.2399999999979627,0.00466427622509706,2026-09-29 09:10:05+08:00
09:10:10,47977.85,-46.75,-0.09734594353727048,2026-09-29 09:10:10+08:00
09:10:15,48019.85,-4.75,-0.009890764316621066,2026-09-29 09:10:15+08:00
09:10:20,48022.49,-2.110000000000582,-0.004393581622752885,2026-09-29 09:10:20+08:00
09:10:25,48029.5,4.900000000001455,0.01020310424241213,2026-09-29 09:10:25+08:00
09:10:30,48028.37,3.7700000000040745,0.00785014346814773,2026-09-29 09:10:30+08:00
09:10:35,48025.44,0.8400000000037835,0.0017491035844208666,2026-09-29 09:10:35+08:00
09:10:40,48026.0,1.4000000000014552,0.002915172640691344,2026-09-29 09:10:40+08:00
09:10:45,47987.7,-36.900000000001455,-0.0768356217438593,2026-09-29 09:10:45+08:00
09:10:50,47993.82,-30.779999999998836,-0.06409215277170208,2026-09-29 09:10:50+08:00
09:10:55,47991.5,-33.099999999998545,-0.06892301029055639,2026-09-29 09:10:55+08:00
09:11:00,47990.58,-34.0199999999968,-0.07083869516871937,2026-09-29 09:11:00+08:00
09:11:05,47994.73,-29.869999999995343,-0.0621972905552474,2026-09-29 09:11:05+08:00
09:11:10,47995.11,-29.489999999997963,-0.06140602940992318,2026-09-29 09:11:10+08:00
09:11:15,47989.92,-34.68000000000029,-0.07221299084219399,2026-09-29 09:11:15+08:00
09:11:20,48028.15,3.5500000000029104,0.007392044910322856,2026-09-29 09:11:20+08:00
09:11:25,47989.66,-34.93999999999505,-0.07275438004688234,2026-09-29 09:11:25+08:00
09:11:30,47986.6,-38.0,-0.07912611453296853,2026-09-29 09:11:30+08:00
09:11:35,47980.94,-43.65999999999622,-0.09091174106602912,2026-09-29 09:11:35+08:00
09:11:40,48020.79,-3.8099999999976717,-0.007933434115011207,2026-09-29 09:11:40+08:00
09:11:45,47975.62,-48.979999999995925,-0.10198939710064411,2026-09-29 09:11:45+08:00
09:11:50,47980.29,-44.30999999999767,-0.09226521407778028,2026-09-29 09:11:50+08:00
09:11:55,48022.12,-2.4799999999959255,-0.005164020106353672,2026-09-29 09:11:55+08:00
09:12:00,47978.07,-46.529999999998836,-0.09688784497944561,2026-09-29 09:12:00+08:00
09:12:05,47970.37,-54.229999999995925,-0.11292129450322529,2026-09-29 09:12:05+08:00
09:12:10,47963.5,-61.099999999998545,-0.12722646310432267,2026-09-29 09:12:10+08:00
09:12:15,48003.54,-21.05999999999767,-0.04385252558063508,2026-09-29 09:12:15+08:00
09:12:20,48007.8,-16.799999999995634,-0.03498207168825068,2026-09-29 09:12:20+08:00
09:12:25,48008.27,-16.330000000001746,-0.0340034065874609,2026-09-29 09:12:25+08:00
09:12:30,47964.88,-59.720000000001164,-0.12435293578707822,2026-09-29 09:12:30+08:00
09:12:35,47962.24,-62.36000000000058,-0.1298501184809464,2026-09-29 09:12:35+08:00
09:12:40,47963.51,-61.08999999999651,-0.12720564044259922,2026-09-29 09:12:40+08:00
09:12:45,47962.33,-62.2699999999968,-0.12966271452546568,2026-09-29 09:12:45+08:00
09:12:50,47965.87,-58.729999999995925,-0.12229149227686628,2026-09-29 09:12:50+08:00
09:12:55,47973.26,-51.33999999999651,-0.10690354526637705,2026-09-29 09:12:55+08:00
09:13:00,47966.27,-58.330000000001746,-0.12145858580811031,2026-09-29 09:13:00+08:00
09:13:05,47954.81,-69.79000000000087,-0.14532135613831426,2026-09-29 09:13:05+08:00
09:13:10,47948.75,-75.84999999999854,-0.15793988914014598,2026-09-29 09:13:10+08:00
09:13:15,47987.71,-36.88999999999942,-0.07681479908213586,2026-09-29 09:13:15+08:00
09:13:20,47943.48,-81.11999999999534,-0.1689134318661589,2026-09-29 09:13:20+08:00
09:13:25,47940.38,-84.22000000000116,-0.1753684569991237,2026-09-29 09:13:25+08:00
09:13:30,47984.83,-39.7699999999968,-0.08281172565726065,2026-09-29 09:13:30+08:00
09:13:35,47948.47,-76.12999999999738,-0.15852292366828122,2026-09-29 09:13:35+08:00
09:13:40,47946.48,-78.11999999999534,-0.16266663335039822,2026-09-29 09:13:40+08:00
09:13:45,47989.14,-35.45999999999913,-0.07383715845628934,2026-09-29 09:13:45+08:00
09:13:50,47956.58,-68.0199999999968,-0.141635745014007,2026-09-29 09:13:50+08:00
09:13:55,47960.46,-64.13999999999942,-0.13355655226696198,2026-09-29 09:13:55+08:00
09:14:00,47998.82,-25.779999999998836,-0.05368082191210096,2026-09-29 09:14:00+08:00
09:14:05,47957.42,-67.18000000000029,-0.13988664142960128,2026-09-29 09:14:05+08:00
09:14:10,47959.81,-64.79000000000087,-0.13491002527871315,2026-09-29 09:14:10+08:00
09:14:15,47958.2,-66.40000000000146,-0.13826247381550594,2026-09-29 09:14:15+08:00
09:14:20,47960.13,-64.47000000000116,-0.1342437001036993,2026-09-29 09:14:20+08:00
09:14:25,47954.82,-69.77999999999884,-0.14530053347659083,2026-09-29 09:14:25+08:00
09:14:30,47953.94,-70.65999999999622,-0.14713292770787517,2026-09-29 09:14:30+08:00
09:14:35,47957.04,-67.55999999999767,-0.14067790257492552,2026-09-29 09:14:35+08:00
09:14:40,47958.56,-66.04000000000087,-0.13751285799361343,2026-09-29 09:14:40+08:00
09:14:45,47993.21,-31.389999999999418,-0.06536233513657463,2026-09-29 09:14:45+08:00
09:14:50,47986.68,-37.919999999998254,-0.07895953323921126,2026-09-29 09:14:50+08:00
09:14:55,47945.12,-79.47999999999593,-0.16549851534421095,2026-09-29 09:14:55+08:00
09:15:00,47945.05,-79.54999999999563,-0.16564427397624473,2026-09-29 09:15:00+08:00
09:15:05,47940.54,-84.05999999999767,-0.1750352944116092,2026-09-29 09:15:05+08:00
09:15:10,47941.9,-82.69999999999709,-0.1722034124177965,2026-09-29 09:15:10+08:00
09:15:15,47943.8,-80.79999999999563,-0.16824710669114504,2026-09-29 09:15:15+08:00
09:15:20,47985.95,-38.650000000001455,-0.0804795875447197,2026-09-29 09:15:20+08:00
09:15:25,47939.24,-85.36000000000058,-0.17774224043511155,2026-09-29 09:15:25+08:00
09:15:30,47977.63,-46.970000000001164,-0.09780404209509537,2026-09-29 09:15:30+08:00
09:15:35,47934.11,-90.48999999999796,-0.18842426589705685,2026-09-29 09:15:35+08:00
09:15:40,47971.71,-52.88999999999942,-0.11013105783285945,2026-09-29 09:15:40+08:00
09:15:45,47938.58,-86.0199999999968,-0.17911653610857103,2026-09-29 09:15:45+08:00
09:15:50,47948.87,-75.72999999999593,-0.15769001719951012,2026-09-29 09:15:50+08:00
09:15:55,47915.07,-109.52999999999884,-0.22807061381041974,2026-09-29 09:15:55+08:00
09:16:00,47953.41,-71.18999999999505,-0.14823652877899046,2026-09-29 09:16:00+08:00
09:16:05,47958.06,-66.54000000000087,-0.13855399107957353,2026-09-29 09:16:05+08:00
09:16:10,47915.33,-109.2699999999968,-0.22752922460571623,2026-09-29 09:16:10+08:00
09:16:15,47912.07,-112.52999999999884,-0.2343174123261804,2026-09-29 09:16:15+08:00
09:16:20,47910.77,-113.83000000000175,-0.23702435834968277,2026-09-29 09:16:20+08:00
09:16:25,47945.38,-79.22000000000116,-0.1649571261395226,2026-09-29 09:16:25+08:00
09:16:30,47905.78,-118.81999999999971,-0.24741486654756045,2026-09-29 09:16:30+08:00
09:16:35,47949.2,-75.40000000000146,-0.15700286936278793,2026-09-29 09:16:35+08:00
09:16:40,47947.79,-76.80999999999767,-0.15993886466518756,2026-09-29 09:16:40+08:00
09:16:45,47904.89,-119.70999999999913,-0.24926808344056822,2026-09-29 09:16:45+08:00
09:16:50,47909.4,-115.19999999999709,-0.23987706300520376,2026-09-29 09:16:50+08:00
09:16:55,47952.59,-72.01000000000204,-0.14994398703997958,2026-09-29 09:16:55+08:00
09:17:00,47915.15,-109.44999999999709,-0.2279040325166625,2026-09-29 09:17:00+08:00
09:17:05,47909.33,-115.2699999999968,-0.24002282163723757,2026-09-29 09:17:05+08:00
09:17:10,47945.53,-79.06999999999971,-0.16464478621373152,2026-09-29 09:17:10+08:00
09:17:15,47947.38,-77.22000000000116,-0.16079259379568214,2026-09-29 09:17:15+08:00
09:17:20,47943.33,-81.2699999999968,-0.16922577179194997,2026-09-29 09:17:20+08:00
09:17:25,47894.59,-130.01000000000204,-0.2707154250113526,2026-09-29 09:17:25+08:00
09:17:30,47929.76,-94.83999999999651,-0.1974821237449068,2026-09-29 09:17:30+08:00
09:17:35,47886.9,-137.6999999999971,-0.28672805187340883,2026-09-29 09:17:35+08:00
09:17:40,47883.99,-140.61000000000058,-0.2927874464337039,2026-09-29 09:17:40+08:00
09:17:45,47918.62,-105.97999999999593,-0.22067856890009688,2026-09-29 09:17:45+08:00
09:17:50,47886.85,-137.75,-0.2868321651820109,2026-09-29 09:17:50+08:00
09:17:55,47888.99,-135.61000000000058,-0.2823761155741028,2026-09-29 09:17:55+08:00
09:18:00,47927.26,-97.33999999999651,-0.20268778917470737,2026-09-29 09:18:00+08:00
09:18:05,47870.4,-154.1999999999971,-0.3210854437100925,2026-09-29 09:18:05+08:00
09:18:10,47873.39,-151.20999999999913,-0.3148594678560553,2026-09-29 09:18:10+08:00
09:18:15,47871.87,-152.72999999999593,-0.31802451243736735,2026-09-29 09:18:15+08:00
09:18:20,47868.76,-155.8399999999965,-0.3245003602320405,2026-09-29 09:18:20+08:00
09:18:25,47863.62,-160.97999999999593,-0.3352032083557092,2026-09-29 09:18:25+08:00
09:18:30,47863.43,-161.16999999999825,-0.3355988389283789,2026-09-29 09:18:30+08:00
09:18:35,47852.78,-171.8199999999997,-0.3577749736593323,2026-09-29 09:18:35+08:00
09:18:40,47851.84,-172.76000000000204,-0.3597323038609422,2026-09-29 09:18:40+08:00
09:18:45,47844.29,-180.30999999999767,-0.3754534134589308,2026-09-29 09:18:45+08:00
09:18:50,47884.45,-140.15000000000146,-0.2918296039946225,2026-09-29 09:18:50+08:00
09:18:55,47882.93,-141.66999999999825,-0.29499464857593455,2026-09-29 09:18:55+08:00
09:19:00,47883.38,-141.22000000000116,-0.2940576287985765,2026-09-29 09:19:00+08:00
09:19:05,47881.69,-142.90999999999622,-0.29757665862911137,2026-09-29 09:19:05+08:00
09:19:10,47885.05,-139.54999999999563,-0.2905802442914582,2026-09-29 09:19:10+08:00
09:19:15,47848.01,-176.5899999999965,-0.3677073832993851,2026-09-29 09:19:15+08:00
09:19:20,47889.53,-135.0699999999997,-0.2812516918412641,2026-09-29 09:19:20+08:00
09:19:25,47881.79,-142.80999999999767,-0.2973684320119224,2026-09-29 09:19:25+08:00
09:19:30,47844.76,-179.8399999999965,-0.37447474835812583,2026-09-29 09:19:30+08:00
09:19:35,47883.89,-140.70999999999913,-0.29299567305089297,2026-09-29 09:19:35+08:00
09:19:40,47883.9,-140.6999999999971,-0.2929748503891695,2026-09-29 09:19:40+08:00
09:19:45,47884.66,-139.93999999999505,-0.29139232809850585,2026-09-29 09:19:45+08:00
09:19:50,47850.24,-174.36000000000058,-0.3630639297360115,2026-09-29 09:19:50+08:00
09:19:55,47850.22,-174.37999999999738,-0.3631055750594433,2026-09-29 09:19:55+08:00
09:20:00,47888.0,-136.59999999999854,-0.28443755908429963,2026-09-29 09:20:00+08:00
09:20:05,47887.44,-137.15999999999622,-0.2856036281405701,2026-09-29 09:20:05+08:00
09:20:10,47848.21,-176.38999999999942,-0.3672909300650071,2026-09-29 09:20:10+08:00
09:20:15,47895.99,-128.61000000000058,-0.26780025237066124,2026-09-29 09:20:15+08:00
09:20:20,47851.99,-172.61000000000058,-0.35941996393515113,2026-09-29 09:20:20+08:00
09:20:25,47849.58,-175.0199999999968,-0.364438225409471,2026-09-29 09:20:25+08:00
09:20:30,47848.6,-176.0,-0.36647884625795946,2026-09-29 09:20:30+08:00
09:20:35,47846.56,-178.04000000000087,-0.3707266692486786,2026-09-29 09:20:35+08:00
09:20:40,47880.61,-143.98999999999796,-0.29982550609478886,2026-09-29 09:20:40+08:00
09:20:45,47837.72,-186.87999999999738,-0.38913390220844607,2026-09-29 09:20:45+08:00
09:20:50,47836.3,-188.29999999999563,-0.39209072017256913,2026-09-29 09:20:50+08:00
09:20:55,47835.15,-189.4499999999971,-0.3944853262702805,2026-09-29 09:20:55+08:00
09:21:00,47832.99,-191.61000000000058,-0.39898302120163537,2026-09-29 09:21:00+08:00
09:21:05,47880.87,-143.72999999999593,-0.2992841168900853,2026-09-29 09:21:05+08:00
09:21:10,47837.03,-187.5699999999997,-0.3905706658670759,2026-09-29 09:21:10+08:00
09:21:15,47844.08,-180.5199999999968,-0.3758906893550322,2026-09-29 09:21:15+08:00
09:21:20,47878.91,-145.68999999999505,-0.30336535858704716,2026-09-29 09:21:20+08:00
09:21:25,47883.11,-141.48999999999796,-0.29461984066498825,2026-09-29 09:21:25+08:00
09:21:30,47849.22,-175.37999999999738,-0.3651878412313635,2026-09-29 09:21:30+08:00
09:21:35,47894.12,-130.47999999999593,-0.27169409011214235,2026-09-29 09:21:35+08:00
09:21:40,47896.2,-128.40000000000146,-0.2673629764745598,2026-09-29 09:21:40+08:00
09:21:45,47891.01,-133.5899999999965,-0.2781699379068155,2026-09-29 09:21:45+08:00
09:21:50,47906.53,-118.06999999999971,-0.2458531669186203,2026-09-29 09:21:50+08:00
09:21:55,47915.0,-109.59999999999854,-0.22821637244245355,2026-09-29 09:21:55+08:00
09:22:00,47874.01,-150.5899999999965,-0.3135684628294593,2026-09-29 09:22:00+08:00
09:22:05,47869.99,-154.61000000000058,-0.3219391728405871,2026-09-29 09:22:05+08:00
09:22:10,47908.69,-115.90999999999622,-0.24135547198726534,2026-09-29 09:22:10+08:00
09:22:15,47911.61,-112.98999999999796,-0.2352752547652619,2026-09-29 09:22:15+08:00
09:22:20,47908.82,-115.77999999999884,-0.24108477738492115,2026-09-29 09:22:20+08:00
09:22:25,47877.62,-146.97999999999593,-0.3060514819488261,2026-09-29 09:22:25+08:00
09:22:30,47911.91,-112.68999999999505,-0.23465057491367977,2026-09-29 09:22:30+08:00
09:22:35,47875.51,-149.0899999999965,-0.31044506357157897,2026-09-29 09:22:35+08:00
09:22:40,47916.58,-108.0199999999968,-0.22492639189081598,2026-09-29 09:22:40+08:00
09:22:45,47915.43,-109.16999999999825,-0.22732099798852723,2026-09-29 09:22:45+08:00
09:22:50,47912.51,-112.08999999999651,-0.23340121521053064,2026-09-29 09:22:50+08:00
09:22:55,47911.4,-113.19999999999709,-0.23571253066136333,2026-09-29 09:22:55+08:00
09:23:00,47915.62,-108.97999999999593,-0.22692536741585756,2026-09-29 09:23:00+08:00
09:23:05,47918.23,-106.36999999999534,-0.22149065270714455,2026-09-29 09:23:05+08:00
09:23:10,47918.57,-106.02999999999884,-0.22078268220869895,2026-09-29 09:23:10+08:00
09:23:15,47880.23,-144.36999999999534,-0.3006167672401131,2026-09-29 09:23:15+08:00
09:23:20,47881.7,-142.90000000000146,-0.2975558359674031,2026-09-29 09:23:20+08:00
09:23:25,47924.78,-99.81999999999971,-0.2078518092810762,2026-09-29 09:23:25+08:00
09:23:30,47921.23,-103.36999999999534,-0.2152438541913839,2026-09-29 09:23:30+08:00
09:23:35,47918.82,-105.77999999999884,-0.2202621156657189,2026-09-29 09:23:35+08:00
09:23:40,47916.51,-108.08999999999651,-0.22507215052284976,2026-09-29 09:23:40+08:00
09:23:45,47875.17,-149.4300000000003,-0.3111530340700397,2026-09-29 09:23:45+08:00
09:23:50,47915.75,-108.84999999999854,-0.22665467281351337,2026-09-29 09:23:50+08:00
09:23:55,47879.27,-145.33000000000175,-0.30261574276516984,2026-09-29 09:23:55+08:00
09:24:00,47875.61,-148.98999999999796,-0.31023683695438997,2026-09-29 09:24:00+08:00
09:24:05,47871.2,-153.40000000000146,-0.3194196307725654,2026-09-29 09:24:05+08:00
09:24:10,47906.47,-118.12999999999738,-0.24597810288893066,2026-09-29 09:24:10+08:00
09:24:15,47905.71,-118.88999999999942,-0.24756062517959426,2026-09-29 09:24:15+08:00
09:24:20,47864.51,-160.0899999999965,-0.33334999146270144,2026-09-29 09:24:20+08:00
09:24:25,47860.27,-164.33000000000175,-0.3421788000316541,2026-09-29 09:24:25+08:00
09:24:30,47861.01,-163.5899999999965,-0.3406379230644222,2026-09-29 09:24:30+08:00
09:24:35,47899.01,-125.58999999999651,-0.2615118085314537,2026-09-29 09:24:35+08:00
09:24:40,47902.73,-121.86999999999534,-0.25376577837190806,2026-09-29 09:24:40+08:00
09:24:45,47896.5,-128.09999999999854,-0.2667382966229777,2026-09-29 09:24:45+08:00
09:24:50,47898.79,-125.80999999999767,-0.2619699070892786,2026-09-29 09:24:50+08:00
09:24:55,47897.53,-127.06999999999971,-0.26459356246590227,2026-09-29 09:24:55+08:00
09:25:00,47860.9,-163.6999999999971,-0.3408669723433347,2026-09-29 09:25:00+08:00
09:25:05,47900.5,-124.09999999999854,-0.2584092319352968,2026-09-29 09:25:05+08:00
09:25:10,47902.52,-122.08000000000175,-0.2542030542680246,2026-09-29 09:25:10+08:00
09:25:15,47857.06,-167.54000000000087,-0.3488628744435162,2026-09-29 09:25:15+08:00
09:25:20,47860.54,-164.05999999999767,-0.34161658816522716,2026-09-29 09:25:20+08:00
09:25:25,47861.56,-163.04000000000087,-0.33949267666987515,2026-09-29 09:25:25+08:00
09:25:30,47903.58,-121.0199999999968,-0.25199585212577885,2026-09-29 09:25:30+08:00
09:25:35,47860.67,-163.9300000000003,-0.341345893562883,2026-09-29 09:25:35+08:00
09:25:40,47903.97,-120.62999999999738,-0.25118376831873124,2026-09-29 09:25:40+08:00
09:25:45,47902.82,-121.77999999999884,-0.2535783744164425,2026-09-29 09:25:45+08:00
09:25:50,47910.58,-114.0199999999968,-0.2374199889223373,2026-09-29 09:25:50+08:00
09:25:55,47868.82,-155.77999999999884,-0.3243754242617301,2026-09-29 09:25:55+08:00
09:26:00,47876.92,-147.6800000000003,-0.30750906826917934,2026-09-29 09:26:00+08:00
09:26:05,47914.28,-110.31999999999971,-0.22971560408623853,2026-09-29 09:26:05+08:00
09:26:10,47873.6,-151.0,-0.3144221919599539,2026-09-29 09:26:10+08:00
09:26:15,47877.04,-147.55999999999767,-0.3072591963285434,2026-09-29 09:26:15+08:00
09:26:20,47865.02,-159.58000000000175,-0.33228803571503307,2026-09-29 09:26:20+08:00
09:26:25,47860.54,-164.05999999999767,-0.34161658816522716,2026-09-29 09:26:25+08:00
09:26:30,47859.17,-165.4300000000003,-0.34446929282076333,2026-09-29 09:26:30+08:00
09:26:35,47895.27,-129.33000000000175,-0.26929948401444626,2026-09-29 09:26:35+08:00
09:26:40,47894.53,-130.0699999999997,-0.270840360981663,2026-09-29 09:26:40+08:00
09:26:45,47887.66,-136.93999999999505,-0.2851455295827452,2026-09-29 09:26:45+08:00
09:26:50,47891.99,-132.61000000000058,-0.27612931705834215,2026-09-29 09:26:50+08:00
09:26:55,47891.61,-132.98999999999796,-0.2769205782036664,2026-09-29 09:26:55+08:00
09:27:00,47888.3,-136.29999999999563,-0.2838128792327175,2026-09-29 09:27:00+08:00
09:27:05,47848.73,-175.86999999999534,-0.3662081516556001,2026-09-29 09:27:05+08:00
09:27:10,47847.15,-177.4499999999971,-0.36949813220723776,2026-09-29 09:27:10+08:00
09:27:15,47881.13,-143.47000000000116,-0.298742727685397,2026-09-29 09:27:15+08:00
09:27:20,47878.93,-145.66999999999825,-0.30332371326361546,2026-09-29 09:27:20+08:00
09:27:25,47885.67,-138.9300000000003,-0.2892892392648774,2026-09-29 09:27:25+08:00
09:27:30,47848.32,-176.27999999999884,-0.3670618807860947,2026-09-29 09:27:30+08:00
09:27:35,47847.49,-177.11000000000058,-0.36879016170879214,2026-09-29 09:27:35+08:00
09:27:40,47879.34,-145.26000000000204,-0.302469984133136,2026-09-29 09:27:40+08:00
09:27:45,47849.81,-174.79000000000087,-0.3639593041899378,2026-09-29 09:27:45+08:00
09:27:50,47848.93,-175.66999999999825,-0.36579169842122217,2026-09-29 09:27:50+08:00
09:27:55,47849.92,-174.6800000000003,-0.3637302549110254,2026-09-29 09:27:55+08:00
09:28:00,47887.25,-137.34999999999854,-0.2859992587132398,2026-09-29 09:28:00+08:00
09:28:05,47885.95,-138.65000000000146,-0.28870620473674213,2026-09-29 09:28:05+08:00
09:28:10,47845.84,-178.76000000000204,-0.37222590089246355,2026-09-29 09:28:10+08:00
09:28:15,47848.37,-176.22999999999593,-0.36695776747749265,2026-09-29 09:28:15+08:00
09:28:20,47890.76,-133.8399999999965,-0.27869050444979554,2026-09-29 09:28:20+08:00
09:28:25,47883.9,-140.6999999999971,-0.2929748503891695,2026-09-29 09:28:25+08:00
09:28:30,47843.84,-180.76000000000204,-0.37639043323630395,2026-09-29 09:28:30+08:00
09:28:35,47883.84,-140.76000000000204,-0.293099786359495,2026-09-29 09:28:35+08:00
09:28:40,47837.99,-186.61000000000058,-0.38857169034203426,2026-09-29 09:28:40+08:00
09:28:45,47835.33,-189.2699999999968,-0.3941105183593342,2026-09-29 09:28:45+08:00
09:28:50,47836.82,-187.77999999999884,-0.3910079417631773,2026-09-29 09:28:50+08:00
09:28:55,47838.53,-186.0699999999997,-0.38744726660919554,2026-09-29 09:28:55+08:00
09:29:00,47879.8,-144.79999999999563,-0.3015121416940394,2026-09-29 09:29:00+08:00
09:29:05,47879.3,-145.29999999999563,-0.3025532747799995,2026-09-29 09:29:05+08:00
09:29:10,47836.82,-187.77999999999884,-0.3910079417631773,2026-09-29 09:29:10+08:00
09:29:15,47833.88,-190.72000000000116,-0.39712980430862754,2026-09-29 09:29:15+08:00
09:29:20,47834.86,-189.73999999999796,-0.3950891834601391,2026-09-29 09:29:20+08:00
09:29:25,47872.4,-152.1999999999971,-0.3169209113662521,2026-09-29 09:29:25+08:00
09:29:30,47837.28,-187.3199999999997,-0.3900500993240958,2026-09-29 09:29:30+08:00
09:29:35,47880.06,-144.54000000000087,-0.30097075248935107,2026-09-29 09:29:35+08:00
09:29:40,47887.42,-137.1800000000003,-0.28564527346401697,2026-09-29 09:29:40+08:00
09:29:45,47891.0,-133.59999999999854,-0.2781907605685389,2026-09-29 09:29:45+08:00
09:29:50,47894.49,-130.11000000000058,-0.2709236516285416,2026-09-29 09:29:50+08:00
09:29:55,47897.48,-127.11999999999534,-0.2646976757744892,2026-09-29 09:29:55+08:00
09:30:00,47895.69,-128.90999999999622,-0.26842493222222824,2026-09-29 09:30:00+08:00
09:30:05,47850.65,-173.9499999999971,-0.36221020060551695,2026-09-29 09:30:05+08:00
09:30:10,47884.93,-139.66999999999825,-0.2908301162320941,2026-09-29 09:30:10+08:00
09:30:15,47840.38,-184.22000000000116,-0.38359507419114613,2026-09-29 09:30:15+08:00
09:30:20,47837.26,-187.3399999999965,-0.39009174464752755,2026-09-29 09:30:20+08:00
09:30:25,47839.47,-185.12999999999738,-0.38548993640758566,2026-09-29 09:30:25+08:00
09:30:30,47873.42,-151.1800000000003,-0.3147969998709001,2026-09-29 09:30:30+08:00
09:30:35,47879.39,-145.20999999999913,-0.3023658708245339,2026-09-29 09:30:35+08:00
09:30:40,47833.96,-190.63999999999942,-0.39696322301487036,2026-09-29 09:30:40+08:00
09:30:45,47840.23,-184.36999999999534,-0.38390741411692203,2026-09-29 09:30:45+08:00
09:30:50,47877.69,-146.90999999999622,-0.3059057233167923,2026-09-29 09:30:50+08:00
09:30:55,47876.89,-147.70999999999913,-0.30757153625433453,2026-09-29 09:30:55+08:00
09:31:00,47833.11,-191.48999999999796,-0.39873314926099945,2026-09-29 09:31:00+08:00
09:31:05,47835.77,-188.83000000000175,-0.39319432124369963,2026-09-29 09:31:05+08:00
09:31:10,47843.23,-181.36999999999534,-0.3776606156011614,2026-09-29 09:31:10+08:00
09:31:15,47894.1,-130.5,-0.27173573543558927,2026-09-29 09:31:15+08:00
09:31:20,47897.24,-127.36000000000058,-0.265197419655761,2026-09-29 09:31:20+08:00
09:31:25,47899.29,-125.30999999999767,-0.26092877400331843,2026-09-29 09:31:25+08:00
09:31:30,47856.64,-167.95999999999913,-0.349737426235719,2026-09-29 09:31:30+08:00
09:31:35,47896.33,-128.2699999999968,-0.2670922818722005,2026-09-29 09:31:35+08:00
09:31:40,47858.8,-165.79999999999563,-0.3452397313043641,2026-09-29 09:31:40+08:00
09:31:45,47900.71,-123.88999999999942,-0.25797195603919537,2026-09-29 09:31:45+08:00
09:31:50,47854.42,-170.1800000000003,-0.3543600571373844,2026-09-29 09:31:50+08:00
09:31:55,47893.13,-131.47000000000116,-0.2737555336223543,2026-09-29 09:31:55+08:00
09:32:00,47892.77,-131.83000000000175,-0.2745051494442468,2026-09-29 09:32:00+08:00
09:32:05,47850.39,-174.20999999999913,-0.36275158981022043,2026-09-29 09:32:05+08:00
09:32:10,47849.26,-175.3399999999965,-0.3651045505844849,2026-09-29 09:32:10+08:00
09:32:15,47847.8,-176.79999999999563,-0.36814465919548656,2026-09-29 09:32:15+08:00
09:32:20,47848.33,-176.2699999999968,-0.36704105812437127,2026-09-29 09:32:20+08:00
09:32:25,47850.08,-174.5199999999968,-0.36339709232351086,2026-09-29 09:32:25+08:00
09:32:30,47850.42,-174.1800000000003,-0.36268912182506524,2026-09-29 09:32:30+08:00
09:32:35,47845.41,-179.18999999999505,-0.3731212753463747,2026-09-29 09:32:35+08:00
09:32:40,47843.17,-181.4300000000003,-0.3777855515714869,2026-09-29 09:32:40+08:00
09:32:45,47834.04,-190.55999999999767,-0.3967966417211131,2026-09-29 09:32:45+08:00
09:32:50,47839.02,-185.58000000000175,-0.38642695618495887,2026-09-29 09:32:50+08:00
09:32:55,47836.66,-187.93999999999505,-0.3913411043506766,2026-09-29 09:32:55+08:00
09:33:00,47845.49,-179.11000000000058,-0.3729546940526326,2026-09-29 09:33:00+08:00
09:33:05,47838.69,-185.90999999999622,-0.387114104021681,2026-09-29 09:33:05+08:00
09:33:10,47880.89,-143.70999999999913,-0.2992424715666536,2026-09-29 09:33:10+08:00
09:33:15,47881.61,-142.98999999999796,-0.29774323992286866,2026-09-29 09:33:15+08:00
09:33:20,47879.81,-144.79000000000087,-0.3014913190323311,2026-09-29 09:33:20+08:00
09:33:25,47836.12,-188.47999999999593,-0.39246552808351537,2026-09-29 09:33:25+08:00
09:33:30,47837.76,-186.8399999999965,-0.38905061156156745,2026-09-29 09:33:30+08:00
09:33:35,47881.11,-143.48999999999796,-0.29878437300882876,2026-09-29 09:33:35+08:00
09:33:40,47836.33,-188.2699999999968,-0.392028252187414,2026-09-29 09:33:40+08:00
09:33:45,47875.52,-149.08000000000175,-0.3104242409098707,2026-09-29 09:33:45+08:00
09:33:50,47835.38,-189.22000000000116,-0.39400640505074724,2026-09-29 09:33:50+08:00
09:33:55,47841.93,-182.66999999999825,-0.38036756162466373,2026-09-29 09:33:55+08:00
09:34:00,47840.96,-183.63999999999942,-0.3823873598114288,2026-09-29 09:34:00+08:00
09:34:05,47883.21,-141.38999999999942,-0.2944116140477993,2026-09-29 09:34:05+08:00
09:34:10,47852.75,-171.84999999999854,-0.3578374416444875,2026-09-29 09:34:10+08:00
09:34:15,47852.08,-172.5199999999968,-0.35923255997967046,2026-09-29 09:34:15+08:00
09:34:20,47895.52,-129.08000000000175,-0.2687789174714662,2026-09-29 09:34:20+08:00
09:34:25,47895.1,-129.5,-0.26965346926366907,2026-09-29 09:34:25+08:00
09:34:30,47856.53,-168.0699999999997,-0.3499664755146315,2026-09-29 09:34:30+08:00
09:34:35,47858.55,-166.04999999999563,-0.34576029784734413,2026-09-29 09:34:35+08:00
09:34:40,47898.53,-126.06999999999971,-0.26251129629398207,2026-09-29 09:34:40+08:00
09:34:45,47898.82,-125.77999999999884,-0.2619074391041234,2026-09-29 09:34:45+08:00
09:34:50,47861.96,-162.63999999999942,-0.33865977020110405,2026-09-29 09:34:50+08:00
09:34:55,47858.16,-166.43999999999505,-0.34657238165439186,2026-09-29 09:34:55+08:00
09:35:00,47850.82,-173.77999999999884,-0.36185621535629414,2026-09-29 09:35:00+08:00
09:35:05,47890.62,-133.97999999999593,-0.27898202171386316,2026-09-29 09:35:05+08:00
09:35:10,47891.79,-132.80999999999767,-0.27654577029272015,2026-09-29 09:35:10+08:00
09:35:15,47850.3,-174.29999999999563,-0.362938993765686,2026-09-29 09:35:15+08:00
09:35:20,47848.03,-176.5699999999997,-0.3676657379759534,2026-09-29 09:35:20+08:00
09:35:25,47891.64,-132.95999999999913,-0.2768581102185112,2026-09-29 09:35:25+08:00
09:35:30,47888.76,-135.8399999999965,-0.282855036793636,2026-09-29 09:35:30+08:00
09:35:35,47886.7,-137.90000000000146,-0.287144505107802,2026-09-29 09:35:35+08:00
09:35:40,47849.0,-175.59999999999854,-0.36564593978918836,2026-09-29 09:35:40+08:00
09:35:45,47842.27,-182.33000000000175,-0.37965959112621817,2026-09-29 09:35:45+08:00
09:35:50,47881.42,-143.1800000000003,-0.29813887049553833,2026-09-29 09:35:50+08:00
09:35:55,47886.13,-138.47000000000116,-0.2883313968257959,2026-09-29 09:35:55+08:00
09:36:00,47889.04,-135.55999999999767,-0.28227200226550075,2026-09-29 09:36:00+08:00
09:36:05,47889.91,-134.68999999999505,-0.2804604306959247,2026-09-29 09:36:05+08:00
09:36:10,47889.54,-135.05999999999767,-0.28123086917954065,2026-09-29 09:36:10+08:00
09:36:15,47886.64,-137.95999999999913,-0.28726944107811236,2026-09-29 09:36:15+08:00
09:36:20,47886.2,-138.40000000000146,-0.2881856381937621,2026-09-29 09:36:20+08:00
09:36:25,47846.14,-178.45999999999913,-0.3716012210408814,2026-09-29 09:36:25+08:00
09:36:30,47842.47,-182.12999999999738,-0.37924313789182496,2026-09-29 09:36:30+08:00
09:36:35,47845.34,-179.26000000000204,-0.37326703397842365,2026-09-29 09:36:35+08:00
09:36:40,47842.27,-182.33000000000175,-0.37965959112621817,2026-09-29 09:36:40+08:00
09:36:45,47886.09,-138.51000000000204,-0.2884146874726745,2026-09-29 09:36:45+08:00
09:36:50,47884.79,-139.80999999999767,-0.2911216334961617,2026-09-29 09:36:50+08:00
09:36:55,47891.27,-133.33000000000175,-0.2776285487021271,2026-09-29 09:36:55+08:00
09:37:00,47894.1,-130.5,-0.27173573543558927,2026-09-29 09:37:00+08:00
09:37:05,47890.57,-134.02999999999884,-0.2790861350224652,2026-09-29 09:37:05+08:00
09:37:10,47845.59,-179.01000000000204,-0.3727464674354436,2026-09-29 09:37:10+08:00
09:37:15,47886.08,-138.5199999999968,-0.28843551013438284,2026-09-29 09:37:15+08:00
09:37:20,47854.5,-170.09999999999854,-0.35419347584362715,2026-09-29 09:37:20+08:00
09:37:25,47925.93,-98.66999999999825,-0.20545720318336488,2026-09-29 09:37:25+08:00
09:37:30,47924.89,-99.70999999999913,-0.20762276000216373,2026-09-29 09:37:30+08:00
09:37:35,47926.05,-98.54999999999563,-0.205207331242729,2026-09-29 09:37:35+08:00
09:37:40,47925.18,-99.41999999999825,-0.2070189028123051,2026-09-29 09:37:40+08:00
09:37:45,47928.83,-95.7699999999968,-0.19941863128479323,2026-09-29 09:37:45+08:00
09:37:50,47937.76,-86.83999999999651,-0.180823994369545,2026-09-29 09:37:50+08:00
09:37:55,47936.72,-87.87999999999738,-0.18298955118834387,2026-09-29 09:37:55+08:00
09:38:00,47937.11,-87.48999999999796,-0.18217746738129617,2026-09-29 09:38:00+08:00
09:38:05,47938.02,-86.58000000000175,-0.18028260516485664,2026-09-29 09:38:05+08:00
09:38:10,47941.41,-83.18999999999505,-0.17322372284203316,2026-09-29 09:38:10+08:00
09:38:15,47943.68,-80.91999999999825,-0.16849697863178092,2026-09-29 09:38:15+08:00
09:38:20,47949.44,-75.15999999999622,-0.15650312548151618,2026-09-29 09:38:20+08:00
09:38:25,47954.93,-69.66999999999825,-0.1450714841976784,2026-09-29 09:38:25+08:00
09:38:30,47962.23,-62.36999999999534,-0.1298709411426547,2026-09-29 09:38:30+08:00
09:38:35,47961.41,-63.18999999999505,-0.13157839940362867,2026-09-29 09:38:35+08:00
09:38:40,47970.36,-54.23999999999796,-0.11294211716494872,2026-09-29 09:38:40+08:00
09:38:45,47968.37,-56.229999999995925,-0.11708582684706573,2026-09-29 09:38:45+08:00
09:38:50,47973.73,-50.86999999999534,-0.10592488016557212,2026-09-29 09:38:50+08:00
09:38:55,47977.94,-46.65999999999622,-0.09715853958178979,2026-09-29 09:38:55+08:00
09:39:00,47936.46,-88.13999999999942,-0.18353094039304735,2026-09-29 09:39:00+08:00
09:39:05,47964.37,-60.229999999995925,-0.12541489153474664,2026-09-29 09:39:05+08:00
09:39:10,47968.31,-56.29000000000087,-0.11721076281739123,2026-09-29 09:39:10+08:00
09:39:15,47967.22,-57.37999999999738,-0.119480432944777,2026-09-29 09:39:15+08:00
09:39:20,47966.37,-58.229999999995925,-0.12125035919090617,2026-09-29 09:39:20+08:00
09:39:25,47963.23,-61.36999999999534,-0.12778867497073446,2026-09-29 09:39:25+08:00
09:39:30,47963.37,-61.229999999995925,-0.12749715770666686,2026-09-29 09:39:30+08:00
09:39:35,47963.45,-61.150000000001455,-0.12733057641292475,2026-09-29 09:39:35+08:00
09:39:40,47965.35,-59.25,-0.1233742706862733,2026-09-29 09:39:40+08:00
09:39:45,47964.33,-60.2699999999968,-0.12549818218162526,2026-09-29 09:39:45+08:00
09:39:50,47959.7,-64.90000000000146,-0.13513907455762558,2026-09-29 09:39:50+08:00
09:39:55,47956.2,-68.40000000000146,-0.14242700615934636,2026-09-29 09:39:55+08:00
09:40:00,47959.16,-65.43999999999505,-0.13626349829044918,2026-09-29 09:40:00+08:00
09:40:05,47955.2,-69.40000000000146,-0.1445092723312666,2026-09-29 09:40:05+08:00
09:40:10,47959.17,-65.43000000000029,-0.1362426756287409,2026-09-29 09:40:10+08:00
09:40:15,47954.84,-69.76000000000204,-0.1452588881531591,2026-09-29 09:40:15+08:00
09:40:20,47957.93,-66.66999999999825,-0.13882468568191772,2026-09-29 09:40:20+08:00
09:40:25,47958.17,-66.43000000000029,-0.1383249418006611,2026-09-29 09:40:25+08:00
09:40:30,47959.33,-65.2699999999968,-0.13590951304122637,2026-09-29 09:40:30+08:00
09:40:35,48003.75,-20.849999999998545,-0.04341524968453365,2026-09-29 09:40:35+08:00
09:40:40,48001.43,-23.169999999998254,-0.04824610720338796,2026-09-29 09:40:40+08:00
09:40:45,47965.56,-59.04000000000087,-0.12293699479017187,2026-09-29 09:40:45+08:00
09:40:50,47965.37,-59.229999999995925,-0.12333262536282641,2026-09-29 09:40:50+08:00
09:40:55,47970.82,-53.779999999998836,-0.11198427472586722,2026-09-29 09:40:55+08:00
09:41:00,47969.09,-55.51000000000204,-0.11558659520329588,2026-09-29 09:41:00+08:00
09:41:05,47973.69,-50.90999999999622,-0.10600817081245074,2026-09-29 09:41:05+08:00
09:41:10,47976.71,-47.88999999999942,-0.09971972697325833,2026-09-29 09:41:10+08:00
09:41:15,47980.88,-43.720000000001164,-0.09103667703635462,2026-09-29 09:41:15+08:00
09:41:20,48023.38,-1.2200000000011642,-0.002540364729745098,2026-09-29 09:41:20+08:00
09:41:25,48023.16,-1.4399999999950523,-0.0029984632875548205,2026-09-29 09:41:25+08:00
09:41:30,48021.55,-3.0499999999956344,-0.006350911824347594,2026-09-29 09:41:30+08:00
09:41:35,47982.51,-42.08999999999651,-0.08764258317611497,2026-09-29 09:41:35+08:00
09:41:40,48018.91,-5.689999999995052,-0.011848094518215774,2026-09-29 09:41:40+08:00
09:41:45,48018.09,-6.510000000002037,-0.0135555527792049,2026-09-29 09:41:45+08:00
09:41:50,48013.78,-10.819999999999709,-0.02253011998017622,2026-09-29 09:41:50+08:00
09:41:55,48019.87,-4.7299999999959255,-0.009849118993174177,2026-09-29 09:41:55+08:00
09:42:00,48018.82,-5.779999999998836,-0.012035498473696471,2026-09-29 09:42:00+08:00
09:42:05,48017.8,-6.799999999995634,-0.014159409969048435,2026-09-29 09:42:05+08:00
09:42:10,48017.07,-7.529999999998836,-0.015679464274556867,2026-09-29 09:42:10+08:00
09:42:15,48012.99,-11.610000000000582,-0.024175110255995017,2026-09-29 09:42:15+08:00
09:42:20,48014.6,-10.0,-0.020822661719202242,2026-09-29 09:42:20+08:00
09:42:25,48018.67,-5.930000000000291,-0.012347838399487537,2026-09-29 09:42:25+08:00
09:42:30,48013.11,-11.489999999997963,-0.023925238315359133,2026-09-29 09:42:30+08:00
09:42:35,47976.56,-48.04000000000087,-0.1000320668990494,2026-09-29 09:42:35+08:00
09:42:40,47976.01,-48.58999999999651,-0.10117731329359642,2026-09-29 09:42:40+08:00
09:42:45,47983.38,-41.220000000001164,-0.08583101160655407,2026-09-29 09:42:45+08:00
09:42:50,48012.27,-12.330000000001746,-0.025674341899780004,2026-09-29 09:42:50+08:00
09:42:55,48011.12,-13.479999999995925,-0.02806894799747614,2026-09-29 09:42:55+08:00
09:43:00,48011.66,-12.939999999995052,-0.0269445242646374,2026-09-29 09:43:00+08:00
09:43:05,48002.8,-21.799999999995634,-0.0453934025478518,2026-09-29 09:43:05+08:00
09:43:10,48002.12,-22.479999999995925,-0.04680934354475816,2026-09-29 09:43:10+08:00
09:43:15,47999.67,-24.93000000000029,-0.051910895665971804,2026-09-29 09:43:15+08:00
09:43:20,48000.44,-24.159999999996217,-0.05030755071358474,2026-09-29 09:43:20+08:00
09:43:25,47995.66,-28.939999999995052,-0.060260783015360996,2026-09-29 09:43:25+08:00
09:43:30,47953.72,-70.87999999999738,-0.14759102626570006,2026-09-29 09:43:30+08:00
09:43:35,47958.59,-66.01000000000204,-0.13745039000845824,2026-09-29 09:43:35+08:00
09:43:40,47959.15,-65.44999999999709,-0.13628432095217263,2026-09-29 09:43:40+08:00
09:43:45,47958.74,-65.86000000000058,-0.13713805008266716,2026-09-29 09:43:45+08:00
09:43:50,47995.44,-29.159999999996217,-0.06071888157318586,2026-09-29 09:43:50+08:00
09:43:55,47999.9,-24.69999999999709,-0.05143197444642348,2026-09-29 09:43:55+08:00
09:44:00,47959.71,-64.88999999999942,-0.13511825189590215,2026-09-29 09:44:00+08:00
09:44:05,47954.79,-69.80999999999767,-0.145363001461746,2026-09-29 09:44:05+08:00
09:44:10,47991.33,-33.2699999999968,-0.0692769955397792,2026-09-29 09:44:10+08:00
09:44:15,47954.89,-69.70999999999913,-0.14515477484455702,2026-09-29 09:44:15+08:00
09:44:20,47953.6,-71.0,-0.14784089820633592,2026-09-29 09:44:20+08:00
09:44:25,47951.05,-73.54999999999563,-0.1531506769447234,2026-09-29 09:44:25+08:00
09:44:30,47988.17,-36.43000000000029,-0.07585695664305438,2026-09-29 09:44:30+08:00
09:44:35,47992.8,-31.799999999995634,-0.06621606426705405,2026-09-29 09:44:35+08:00
09:44:40,48001.12,-23.479999999995925,-0.04889160971667838,2026-09-29 09:44:40+08:00
09:44:45,47958.88,-65.72000000000116,-0.13684653281859957,2026-09-29 09:44:45+08:00
09:44:50,47996.88,-27.720000000001164,-0.05772041828563104,2026-09-29 09:44:50+08:00
09:44:55,47997.41,-27.189999999995052,-0.0566168172145006,2026-09-29 09:44:55+08:00
09:45:00,47962.63,-61.970000000001164,-0.1290380346738987,2026-09-29 09:45:00+08:00
09:45:05,48002.46,-22.139999999999418,-0.04610137304631256,2026-09-29 09:45:05+08:00
09:45:10,48000.52,-24.080000000001746,-0.05014096941984263,2026-09-29 09:45:10+08:00
09:45:15,48005.37,-19.229999999995925,-0.040041978486017434,2026-09-29 09:45:15+08:00
09:45:20,47989.45,-35.150000000001455,-0.07319165594299891,2026-09-29 09:45:20+08:00
09:45:25,47993.46,-31.139999999999418,-0.06484176859359457,2026-09-29 09:45:25+08:00
09:45:30,47992.44,-32.15999999999622,-0.06696568008894653,2026-09-29 09:45:30+08:00
09:45:35,47952.06,-72.54000000000087,-0.15104758811109487,2026-09-29 09:45:35+08:00
09:45:40,47990.66,-33.93999999999505,-0.07067211387496211,2026-09-29 09:45:40+08:00
09:45:45,47991.32,-33.279999999998836,-0.06929781820150265,2026-09-29 09:45:45+08:00
09:45:50,47947.58,-77.0199999999968,-0.16037614056128902,2026-09-29 09:45:50+08:00
09:45:55,47987.37,-37.229999999995925,-0.07752276958058146,2026-09-29 09:45:55+08:00
09:46:00,47989.0,-35.599999999998545,-0.07412867572035696,2026-09-29 09:46:00+08:00
09:46:05,47953.45,-71.15000000000146,-0.148153238132127,2026-09-29 09:46:05+08:00
09:46:10,47997.06,-27.540000000000873,-0.0573456103746848,2026-09-29 09:46:10+08:00
09:46:15,47995.88,-28.720000000001164,-0.05980268445755127,2026-09-29 09:46:15+08:00
09:46:20,47996.68,-27.919999999998254,-0.05813687152000903,2026-09-29 09:46:20+08:00
09:46:25,47993.2,-31.400000000001455,-0.06538315779829808,2026-09-29 09:46:25+08:00
09:46:30,47995.5,-29.099999999998545,-0.0605939456028755,2026-09-29 09:46:30+08:00
09:46:35,47998.81,-25.790000000000873,-0.053701644573824404,2026-09-29 09:46:35+08:00
09:46:40,47996.82,-27.779999999998836,-0.05784535425594141,2026-09-29 09:46:40+08:00
09:46:45,48032.48,7.880000000004657,0.016408257434741065,2026-09-29 09:46:45+08:00
09:46:50,47992.12,-32.479999999995925,-0.0676320052639604,2026-09-29 09:46:50+08:00
09:46:55,48037.34,12.739999999997963,0.026528071030259413,2026-09-29 09:46:55+08:00
09:47:00,48034.9,10.30000000000291,0.02144734157078437,2026-09-29 09:47:00+08:00
09:47:05,48031.18,6.580000000001746,0.01370131141123871,2026-09-29 09:47:05+08:00
09:47:10,48028.1,3.5,0.007287931601720785,2026-09-29 09:47:10+08:00
09:47:15,48028.19,3.5900000000037835,0.007475335557201483,2026-09-29 09:47:15+08:00
09:47:20,48025.48,0.8800000000046566,0.0018323942312994939,2026-09-29 09:47:20+08:00
09:47:25,48014.01,-10.589999999996508,-0.022051198760627905,2026-09-29 09:47:25+08:00
09:47:30,48011.54,-13.059999999997672,-0.02719439620527328,2026-09-29 09:47:30+08:00
09:47:35,48010.46,-14.139999999999418,-0.02944324367095076,2026-09-29 09:47:35+08:00
09:47:40,48013.56,-11.040000000000873,-0.022988218538001096,2026-09-29 09:47:40+08:00
09:47:45,48009.12,-15.479999999995925,-0.03223348034131659,2026-09-29 09:47:45+08:00
09:47:50,48010.16,-14.439999999995052,-0.030067923522517737,2026-09-29 09:47:50+08:00
09:47:55,48010.72,-13.87999999999738,-0.02890185446624726,2026-09-29 09:47:55+08:00
09:48:00,48015.84,-8.760000000002037,-0.01824065166602541,2026-09-29 09:48:00+08:00
09:48:05,48009.46,-15.139999999999418,-0.03152550984287099,2026-09-29 09:48:05+08:00
09:48:10,48006.26,-18.339999999996508,-0.038188761593009636,2026-09-29 09:48:10+08:00
09:48:15,48008.06,-16.540000000000873,-0.03444068248356233,2026-09-29 09:48:15+08:00
09:48:20,48009.25,-15.349999999998545,-0.03196278573897241,2026-09-29 09:48:20+08:00
09:48:25,48007.95,-16.650000000001455,-0.034669731762474766,2026-09-29 09:48:25+08:00
09:48:30,48009.35,-15.25,-0.03175455912178342,2026-09-29 09:48:30+08:00
09:48:35,48012.05,-12.549999999995634,-0.026132440457589726,2026-09-29 09:48:35+08:00
09:48:40,48011.15,-13.44999999999709,-0.028006480012320957,2026-09-29 09:48:40+08:00
09:48:45,48006.89,-17.709999999999127,-0.03687693390470535,2026-09-29 09:48:45+08:00
09:48:50,47968.84,-55.76000000000204,-0.11610716174627594,2026-09-29 09:48:50+08:00
09:48:55,48006.29,-18.30999999999767,-0.03812629360785446,2026-09-29 09:48:55+08:00
09:49:00,48003.83,-20.7699999999968,-0.04324866839077639,2026-09-29 09:49:00+08:00
09:49:05,48005.57,-19.029999999998836,-0.03962552525163945,2026-09-29 09:49:05+08:00
09:49:10,47966.76,-57.83999999999651,-0.1204382753838585,2026-09-29 09:49:10+08:00
09:49:15,47968.6,-56.0,-0.11660690562753256,2026-09-29 09:49:15+08:00
09:49:20,48013.28,-11.319999999999709,-0.023571253066136333,2026-09-29 09:49:20+08:00
09:49:25,48014.42,-10.180000000000291,-0.02119746963014849,2026-09-29 09:49:25+08:00
09:49:30,48011.43,-13.169999999998254,-0.02742344548418572,2026-09-29 09:49:30+08:00
09:49:35,48012.87,-11.729999999995925,-0.024424982196615746,2026-09-29 09:49:35+08:00
09:49:40,48014.29,-10.309999999997672,-0.021468164232492662,2026-09-29 09:49:40+08:00
09:49:45,48014.98,-9.619999999995343,-0.02003140057386286,2026-09-29 09:49:45+08:00
09:49:50,48015.5,-9.099999999998545,-0.01894862216447101,2026-09-29 09:49:50+08:00
09:49:55,47973.34,-51.26000000000204,-0.10673696397263495,2026-09-29 09:49:55+08:00
09:50:00,48017.34,-7.260000000002037,-0.015117252408145071,2026-09-29 09:50:00+08:00
09:50:05,48015.04,-9.559999999997672,-0.019906464603552495,2026-09-29 09:50:05+08:00
09:50:10,47970.63,-53.970000000001164,-0.11237990529853693,2026-09-29 09:50:10+08:00
09:50:15,48012.81,-11.790000000000873,-0.024549918166941263,2026-09-29 09:50:15+08:00
09:50:20,47970.59,-54.01000000000204,-0.11246319594541555,2026-09-29 09:50:20+08:00
09:50:25,48012.36,-12.239999999997963,-0.025486937944299303,2026-09-29 09:50:25+08:00
09:50:30,48011.59,-13.010000000002037,-0.027090282896686357,2026-09-29 09:50:30+08:00
09:50:35,48010.85,-13.75,-0.028631159863903084,2026-09-29 09:50:35+08:00
09:50:40,47971.03,-53.56999999999971,-0.11154699882976582,2026-09-29 09:50:40+08:00
09:50:45,47971.28,-53.31999999999971,-0.11102643228678576,2026-09-29 09:50:45+08:00
09:50:50,47974.85,-49.75,-0.10359274205303116,2026-09-29 09:50:50+08:00
09:50:55,47973.54,-51.05999999999767,-0.10632051073824181,2026-09-29 09:50:55+08:00
09:51:00,48012.86,-11.739999999997963,-0.02444580485833919,2026-09-29 09:51:00+08:00
09:51:05,48015.57,-9.029999999998836,-0.0188028635324372,2026-09-29 09:51:05+08:00
09:51:10,48021.19,-3.4099999999962165,-0.007100527646240086,2026-09-29 09:51:10+08:00
09:51:15,47979.52,-45.080000000001746,-0.09386855903016735,2026-09-29 09:51:15+08:00
09:51:20,47983.24,-41.36000000000058,-0.08612252887062169,2026-09-29 09:51:20+08:00
09:51:25,48019.73,-4.869999999995343,-0.010140636257241795,2026-09-29 09:51:25+08:00
09:51:30,47984.83,-39.7699999999968,-0.08281172565726065,2026-09-29 09:51:30+08:00
09:51:35,47984.52,-40.080000000001746,-0.08345722817056622,2026-09-29 09:51:35+08:00
09:51:40,47984.43,-40.169999999998254,-0.08364463212603178,2026-09-29 09:51:40+08:00
09:51:45,47983.51,-41.08999999999651,-0.08556031700419475,2026-09-29 09:51:45+08:00
09:51:50,47983.17,-41.43000000000029,-0.0862682875026555,2026-09-29 09:51:50+08:00
09:51:55,48024.22,-0.37999999999738066,-0.000791261145324231,2026-09-29 09:51:55+08:00
09:52:00,48026.41,1.8100000000049477,0.0037689017711859084,2026-09-29 09:52:00+08:00
09:52:05,48019.86,-4.739999999997963,-0.00986994165489762,2026-09-29 09:52:05+08:00
09:52:10,48016.63,-7.970000000001164,-0.01659566139020661,2026-09-29 09:52:10+08:00
09:52:15,48013.63,-10.970000000001164,-0.022842459905967286,2026-09-29 09:52:15+08:00
09:52:20,48018.44,-6.1599999999962165,-0.012826759619020703,2026-09-29 09:52:20+08:00
09:52:25,48018.58,-6.019999999996799,-0.012535242354953083,2026-09-29 09:52:25+08:00
09:52:30,48020.67,-3.930000000000291,-0.008183306055647087,2026-09-29 09:52:30+08:00
09:52:35,48021.97,-2.6299999999973807,-0.005476360032144735,2026-09-29 09:52:35+08:00
09:52:40,47983.39,-41.20999999999913,-0.08581018894483063,2026-09-29 09:52:40+08:00
09:52:45,47985.82,-38.779999999998836,-0.08075028214706388,2026-09-29 09:52:45+08:00
09:52:50,47986.77,-37.830000000001746,-0.07877212928374572,2026-09-29 09:52:50+08:00
09:52:55,47986.4,-38.19999999999709,-0.07954256776734651,2026-09-29 09:52:55+08:00
09:53:00,47986.01,-38.58999999999651,-0.08035465157439418,2026-09-29 09:53:00+08:00
09:53:05,47993.19,-31.409999999996217,-0.06540398046000637,2026-09-29 09:53:05+08:00
09:53:10,48028.88,4.279999999998836,0.008912099215816136,2026-09-29 09:53:10+08:00
09:53:15,47989.97,-34.62999999999738,-0.07210887753359191,2026-09-29 09:53:15+08:00
09:53:20,48032.23,7.630000000004657,0.015887690891761008,2026-09-29 09:53:20+08:00
09:53:25,48033.61,9.010000000002037,0.018761218209005462,2026-09-29 09:53:25+08:00
09:53:30,48032.68,8.080000000001746,0.016824710669119048,2026-09-29 09:53:30+08:00
09:53:35,48000.62,-23.979999999995925,-0.0499327428026385,2026-09-29 09:53:35+08:00
09:53:40,48040.92,16.31999999999971,0.033982583925737456,2026-09-29 09:53:40+08:00
09:53:45,48039.43,14.830000000001746,0.030880007329580565,2026-09-29 09:53:45+08:00
09:53:50,48044.1,19.5,0.04060419035244437,2026-09-29 09:53:50+08:00
09:53:55,48006.11,-18.489999999997963,-0.03850110151880071,2026-09-29 09:53:55+08:00
09:54:00,48041.65,17.05000000000291,0.03550263823124589,2026-09-29 09:54:00+08:00
09:54:05,48041.78,17.18000000000029,0.035773332833590056,2026-09-29 09:54:05+08:00
09:54:10,48007.61,-16.989999999997963,-0.035377702260920366,2026-09-29 09:54:10+08:00
09:54:15,48004.96,-19.639999999999418,-0.040895707616512,2026-09-29 09:54:15+08:00
09:54:20,48006.86,-17.739999999997963,-0.036939401889860536,2026-09-29 09:54:20+08:00
09:54:25,48003.53,-21.06999999999971,-0.04387334824235852,2026-09-29 09:54:25+08:00
09:54:30,48005.62,-18.979999999995925,-0.03952141194303737,2026-09-29 09:54:30+08:00
09:54:35,47999.81,-24.790000000000873,-0.051619378401904184,2026-09-29 09:54:35+08:00
09:54:40,48001.65,-22.94999999999709,-0.04778800864556309,2026-09-29 09:54:40+08:00
09:54:45,48037.48,12.880000000004657,0.026819588294342188,2026-09-29 09:54:45+08:00
09:54:50,47997.53,-27.06999999999971,-0.056366945273879865,2026-09-29 09:54:50+08:00
09:54:55,47998.62,-25.979999999995925,-0.05409727514647894,2026-09-29 09:54:55+08:00
09:55:00,47999.35,-25.25,-0.052577220840985664,2026-09-29 09:55:00+08:00
09:55:05,47996.48,-28.119999999995343,-0.058553324754387015,2026-09-29 09:55:05+08:00
09:55:10,47989.85,-34.75,-0.0723587494742278,2026-09-29 09:55:10+08:00
09:55:15,47990.49,-34.11000000000058,-0.07102609912420006,2026-09-29 09:55:15+08:00
09:55:20,47986.63,-37.970000000001164,-0.07906364654781334,2026-09-29 09:55:20+08:00
09:55:25,47987.51,-37.08999999999651,-0.07723125231651384,2026-09-29 09:55:25+08:00
09:55:30,47987.7,-36.900000000001455,-0.0768356217438593,2026-09-29 09:55:30+08:00
09:55:35,47987.34,-37.26000000000204,-0.0775852375657518,2026-09-29 09:55:35+08:00
09:55:40,47984.59,-40.01000000000204,-0.08331146953853241,2026-09-29 09:55:40+08:00
09:55:45,47978.81,-45.79000000000087,-0.09534696801222889,2026-09-29 09:55:45+08:00
09:55:50,47979.84,-44.76000000000204,-0.09320223385515349,2026-09-29 09:55:50+08:00
09:55:55,47983.29,-41.30999999999767,-0.08601841556201961,2026-09-29 09:55:55+08:00
09:56:00,47984.67,-39.93000000000029,-0.08314488824477516,2026-09-29 09:56:00+08:00
09:56:05,48017.49,-7.110000000000582,-0.014804912482354007,2026-09-29 09:56:05+08:00
09:56:10,48020.71,-3.889999999999418,-0.00810001540876846,2026-09-29 09:56:10+08:00
09:56:15,47979.28,-45.31999999999971,-0.09436830291142397,2026-09-29 09:56:15+08:00
09:56:20,47985.81,-38.79000000000087,-0.08077110480878733,2026-09-29 09:56:20+08:00
09:56:25,47980.89,-43.70999999999913,-0.09101585437463118,2026-09-29 09:56:25+08:00
09:56:30,48020.14,-4.459999999999127,-0.009286907126762382,2026-09-29 09:56:30+08:00
09:56:35,47978.19,-46.40999999999622,-0.09663797303880974,2026-09-29 09:56:35+08:00
09:56:40,47976.88,-47.720000000001164,-0.09936574172403553,2026-09-29 09:56:40+08:00
09:56:45,47974.77,-49.830000000001746,-0.10375932334678842,2026-09-29 09:56:45+08:00
09:56:50,47975.55,-49.049999999995634,-0.10213515573267791,2026-09-29 09:56:50+08:00
09:56:55,47968.49,-56.11000000000058,-0.11683595490644501,2026-09-29 09:56:55+08:00
09:57:00,47968.26,-56.33999999999651,-0.11731487612597817,2026-09-29 09:57:00+08:00
09:57:05,47976.24,-48.36000000000058,-0.10069839207406325,2026-09-29 09:57:05+08:00
09:57:10,47969.58,-55.0199999999968,-0.11456628477904407,2026-09-29 09:57:10+08:00
09:57:15,47968.44,-56.15999999999622,-0.11694006821503192,2026-09-29 09:57:15+08:00
09:57:20,47971.41,-53.18999999999505,-0.11075573768442643,2026-09-29 09:57:20+08:00
09:57:25,47967.59,-57.01000000000204,-0.11870999446117624,2026-09-29 09:57:25+08:00
09:57:30,47969.95,-54.650000000001455,-0.11379584629544329,2026-09-29 09:57:30+08:00
09:57:35,47967.58,-57.0199999999968,-0.11873081712288454,2026-09-29 09:57:35+08:00
09:57:40,47965.08,-59.5199999999968,-0.12393648255268508,2026-09-29 09:57:40+08:00
09:57:45,47958.7,-65.90000000000146,-0.1372213407295458,2026-09-29 09:57:45+08:00
09:57:50,47962.57,-62.029999999998836,-0.1291629706442091,2026-09-29 09:57:50+08:00
09:57:55,47996.9,-27.69999999999709,-0.05767877296218415,2026-09-29 09:57:55+08:00
09:58:00,47961.84,-62.76000000000204,-0.13068302494971754,2026-09-29 09:58:00+08:00
09:58:05,47957.58,-67.0199999999968,-0.13955347884208677,2026-09-29 09:58:05+08:00
09:58:10,47951.91,-72.68999999999505,-0.15135992803687082,2026-09-29 09:58:10+08:00
09:58:15,47956.83,-67.7699999999968,-0.14111517847102692,2026-09-29 09:58:15+08:00
09:58:20,47954.44,-70.15999999999622,-0.14609179462191504,2026-09-29 09:58:20+08:00
09:58:25,47958.81,-65.79000000000087,-0.13699229145063338,2026-09-29 09:58:25+08:00
09:58:30,47958.41,-66.18999999999505,-0.13782519791938933,2026-09-29 09:58:30+08:00
09:58:35,47960.58,-64.0199999999968,-0.1333066803263261,2026-09-29 09:58:35+08:00
09:58:40,47916.7,-107.90000000000146,-0.22467651995019522,2026-09-29 09:58:40+08:00
09:58:45,47915.56,-109.04000000000087,-0.22705030338618307,2026-09-29 09:58:45+08:00
09:58:50,47948.75,-75.84999999999854,-0.15793988914014598,2026-09-29 09:58:50+08:00
09:58:55,47945.17,-79.43000000000029,-0.16539440203562403,2026-09-29 09:58:55+08:00
09:59:00,47944.33,-80.2699999999968,-0.16714350562002975,2026-09-29 09:59:00+08:00
09:59:05,47942.16,-82.43999999999505,-0.17166202321309298,2026-09-29 09:59:05+08:00
09:59:10,47941.48,-83.11999999999534,-0.17307796420999935,2026-09-29 09:59:10+08:00
09:59:15,47894.49,-130.11000000000058,-0.2709236516285416,2026-09-29 09:59:15+08:00
09:59:20,47891.4,-133.1999999999971,-0.2773578540997678,2026-09-29 09:59:20+08:00
09:59:25,47891.85,-132.75,-0.27642083432240977,2026-09-29 09:59:25+08:00
09:59:30,47888.72,-135.87999999999738,-0.2829383274405146,2026-09-29 09:59:30+08:00
09:59:35,47892.2,-132.40000000000146,-0.2756920411622407,2026-09-29 09:59:35+08:00
09:59:40,47887.9,-136.6999999999971,-0.2846457857014886,2026-09-29 09:59:40+08:00
09:59:45,47885.6,-139.0,-0.2894349978969112,2026-09-29 09:59:45+08:00
09:59:50,47883.94,-140.65999999999622,-0.29289155974229086,2026-09-29 09:59:50+08:00
09:59:55,47918.13,-106.47000000000116,-0.2216988793243487,2026-09-29 09:59:55+08:00
10:00:00,47919.59,-105.01000000000204,-0.218658770713347,2026-09-29 10:00:00+08:00
10:00:05,47883.95,-140.65000000000146,-0.2928707370805826,2026-09-29 10:00:05+08:00
10:00:10,47879.83,-144.7699999999968,-0.3014496737088842,2026-09-29 10:00:10+08:00
10:00:15,47876.34,-148.26000000000204,-0.30871678264889674,2026-09-29 10:00:15+08:00
10:00:20,47871.21,-153.38999999999942,-0.319398808110842,2026-09-29 10:00:20+08:00
10:00:25,47868.88,-155.72000000000116,-0.3242504882914198,2026-09-29 10:00:25+08:00
10:00:30,47866.82,-157.77999999999884,-0.32853995660557056,2026-09-29 10:00:30+08:00
10:00:35,47865.13,-159.47000000000116,-0.3320589864361206,2026-09-29 10:00:35+08:00
10:00:40,47859.43,-165.16999999999825,-0.3439279036160598,2026-09-29 10:00:40+08:00
10:00:45,47860.48,-164.11999999999534,-0.3417415241355375,2026-09-29 10:00:45+08:00
10:00:50,47861.01,-163.5899999999965,-0.3406379230644222,2026-09-29 10:00:50+08:00
10:00:55,47902.05,-122.54999999999563,-0.2551817193688144,2026-09-29 10:00:55+08:00
10:01:00,47905.12,-119.47999999999593,-0.2487891622210199,2026-09-29 10:01:00+08:00
10:01:05,47907.55,-117.04999999999563,-0.24372925542325316,2026-09-29 10:01:05+08:00
10:01:10,47899.16,-125.43999999999505,-0.2611994686056626,2026-09-29 10:01:10+08:00
10:01:15,47857.01,-167.5899999999965,-0.3489669877521031,2026-09-29 10:01:15+08:00
10:01:20,47849.58,-175.0199999999968,-0.364438225409471,2026-09-29 10:01:20+08:00
10:01:25,47850.2,-174.40000000000146,-0.36314722038289016,2026-09-29 10:01:25+08:00
10:01:30,47848.97,-175.62999999999738,-0.36570840777434355,2026-09-29 10:01:30+08:00
10:01:35,47853.77,-170.83000000000175,-0.35571353014913554,2026-09-29 10:01:35+08:00
10:01:40,47845.1,-179.5,-0.37376677785968027,2026-09-29 10:01:40+08:00
10:01:45,47844.69,-179.90999999999622,-0.37462050699015964,2026-09-29 10:01:45+08:00
10:01:50,47850.25,-174.34999999999854,-0.36304310707428805,2026-09-29 10:01:50+08:00
10:01:55,47900.72,-123.87999999999738,-0.25795113337747194,2026-09-29 10:01:55+08:00
10:02:00,47897.08,-127.5199999999968,-0.26553058224326037,2026-09-29 10:02:00+08:00
10:02:05,47892.85,-131.75,-0.27433856815048957,2026-09-29 10:02:05+08:00
10:02:10,47854.8,-169.79999999999563,-0.353568795992045,2026-09-29 10:02:10+08:00
10:02:15,47858.28,-166.3199999999997,-0.3463225097137711,2026-09-29 10:02:15+08:00
10:02:20,47853.99,-170.61000000000058,-0.3552554315913107,2026-09-29 10:02:20+08:00
10:02:25,47851.66,-172.93999999999505,-0.36010711177187327,2026-09-29 10:02:25+08:00
10:02:30,47853.08,-171.5199999999968,-0.3571502938077502,2026-09-29 10:02:30+08:00
10:02:35,47853.56,-171.04000000000087,-0.35615080604523697,2026-09-29 10:02:35+08:00
10:02:40,47856.26,-168.3399999999965,-0.35052868738104326,2026-09-29 10:02:40+08:00
10:02:45,47853.72,-170.87999999999738,-0.3558176434577225,2026-09-29 10:02:45+08:00
10:02:50,47853.14,-171.45999999999913,-0.3570253578374398,2026-09-29 10:02:50+08:00
10:02:55,47848.84,-175.76000000000204,-0.36597910237670284,2026-09-29 10:02:55+08:00
10:03:00,47850.89,-173.70999999999913,-0.36171045672426033,2026-09-29 10:03:00+08:00
10:03:05,47889.8,-134.79999999999563,-0.2806894799748372,2026-09-29 10:03:05+08:00
10:03:10,47890.33,-134.2699999999968,-0.27958587890372183,2026-09-29 10:03:10+08:00
10:03:15,47897.45,-127.15000000000146,-0.26476014375965956,2026-09-29 10:03:15+08:00
10:03:20,47861.72,-162.87999999999738,-0.33915951408236067,2026-09-29 10:03:20+08:00
10:03:25,47900.94,-123.65999999999622,-0.257493034819647,2026-09-29 10:03:25+08:00
10:03:30,47899.55,-125.04999999999563,-0.26038738479861495,2026-09-29 10:03:30+08:00
10:03:35,47896.35,-128.25,-0.26705063654876876,2026-09-29 10:03:35+08:00
10:03:40,47852.85,-171.75,-0.3576292150272985,2026-09-29 10:03:40+08:00
10:03:45,47848.81,-175.79000000000087,-0.366041570361858,2026-09-29 10:03:45+08:00
10:03:50,47848.82,-175.77999999999884,-0.3660207477001346,2026-09-29 10:03:50+08:00
10:03:55,47847.2,-177.40000000000146,-0.3693940188986508,2026-09-29 10:03:55+08:00
10:04:00,47841.6,-183.0,-0.381054709461401,2026-09-29 10:04:00+08:00
10:04:05,47842.48,-182.11999999999534,-0.3792223152301015,2026-09-29 10:04:05+08:00
10:04:10,47839.56,-185.04000000000087,-0.3853025324521201,2026-09-29 10:04:10+08:00
10:04:15,47841.56,-183.04000000000087,-0.3811380001082797,2026-09-29 10:04:15+08:00
10:04:20,47841.24,-183.36000000000058,-0.38180432528329356,2026-09-29 10:04:20+08:00
10:04:25,47842.49,-182.11000000000058,-0.37920149256839325,2026-09-29 10:04:25+08:00
10:04:30,47846.17,-178.4300000000003,-0.37153875305572626,2026-09-29 10:04:30+08:00
10:04:35,47845.77,-178.83000000000175,-0.37237165952449736,2026-09-29 10:04:35+08:00
10:04:40,47843.37,-181.22999999999593,-0.37736909833709376,2026-09-29 10:04:40+08:00
10:04:45,47837.97,-186.62999999999738,-0.388613335665466,2026-09-29 10:04:45+08:00
10:04:50,47838.3,-186.29999999999563,-0.3879261878287287,2026-09-29 10:04:50+08:00
10:04:55,47838.93,-185.66999999999825,-0.3866143601404244,2026-09-29 10:04:55+08:00
10:05:00,47838.51,-186.0899999999965,-0.38748891193262724,2026-09-29 10:05:00+08:00
10:05:05,47863.42,-161.1800000000003,-0.33561966159010237,2026-09-29 10:05:05+08:00
10:05:10,47824.95,-199.65000000000146,-0.4157244412238758,2026-09-29 10:05:10+08:00
10:05:15,47826.07,-198.52999999999884,-0.41339230311131975,2026-09-29 10:05:15+08:00
10:05:20,47827.64,-196.95999999999913,-0.4101231452214056,2026-09-29 10:05:20+08:00
10:05:25,47822.46,-202.13999999999942,-0.42090928399195293,2026-09-29 10:05:25+08:00
10:05:30,47818.9,-205.6999999999971,-0.4283221515639841,2026-09-29 10:05:30+08:00
10:05:35,47818.86,-205.73999999999796,-0.42840544221086274,2026-09-29 10:05:35+08:00
10:05:40,47814.33,-210.2699999999968,-0.43783810796965883,2026-09-29 10:05:40+08:00
10:05:45,47808.86,-215.73999999999796,-0.44922810393006496,2026-09-29 10:05:45+08:00
10:05:50,47800.92,-223.6800000000003,-0.4657612973351164,2026-09-29 10:05:50+08:00
10:05:55,47805.84,-218.76000000000204,-0.4555165477692725,2026-09-29 10:05:55+08:00
10:06:00,47806.8,-217.79999999999563,-0.4535175722442158,2026-09-29 10:06:00+08:00
10:06:05,47807.49,-217.11000000000058,-0.45208080858560107,2026-09-29 10:06:05+08:00
10:06:10,47803.73,-220.86999999999534,-0.4599101293920102,2026-09-29 10:06:10+08:00
10:06:15,47803.36,-221.23999999999796,-0.46068056787562617,2026-09-29 10:06:15+08:00
10:06:20,47807.93,-216.66999999999825,-0.4511646114699514,2026-09-29 10:06:20+08:00
10:06:25,47799.42,-225.1800000000003,-0.4688846965929967,2026-09-29 10:06:25+08:00
10:06:30,47795.25,-229.34999999999854,-0.4775677465299004,2026-09-29 10:06:30+08:00
10:06:35,47830.63,-193.97000000000116,-0.4038971693673683,2026-09-29 10:06:35+08:00
10:06:40,47791.5,-233.09999999999854,-0.4853762446746013,2026-09-29 10:06:40+08:00
10:06:45,47789.76,-234.8399999999965,-0.4889993878137382,2026-09-29 10:06:45+08:00
10:06:50,47792.69,-231.90999999999622,-0.48289834793001135,2026-09-29 10:06:50+08:00
10:06:55,47793.01,-231.5899999999965,-0.4822320227549975,2026-09-29 10:06:55+08:00
10:07:00,47788.82,-235.77999999999884,-0.49095671801534807,2026-09-29 10:07:00+08:00
10:07:05,47830.75,-193.84999999999854,-0.4036472974267324,2026-09-29 10:07:05+08:00
10:07:10,47790.36,-234.23999999999796,-0.4877500281105891,2026-09-29 10:07:10+08:00
10:07:15,47789.32,-235.27999999999884,-0.48991558492938797,2026-09-29 10:07:15+08:00
10:07:20,47789.02,-235.58000000000175,-0.49054026478097007,2026-09-29 10:07:20+08:00
10:07:25,47790.57,-234.02999999999884,-0.48731275221448767,2026-09-29 10:07:25+08:00
10:07:30,47790.76,-233.8399999999965,-0.48691712164181794,2026-09-29 10:07:30+08:00
10:07:35,47833.3,-191.29999999999563,-0.3983375186883298,2026-09-29 10:07:35+08:00
10:07:40,47795.9,-228.6999999999971,-0.47621427351814927,2026-09-29 10:07:40+08:00
10:07:45,47835.48,-189.11999999999534,-0.3937981784335431,2026-09-29 10:07:45+08:00
10:07:50,47837.81,-186.79000000000087,-0.3889464982529805,2026-09-29 10:07:50+08:00
10:07:55,47794.14,-230.45999999999913,-0.47987906198073305,2026-09-29 10:07:55+08:00
10:08:00,47786.2,-238.40000000000146,-0.4964122553857845,2026-09-29 10:08:00+08:00
10:08:05,47788.68,-235.91999999999825,-0.4912482352794157,2026-09-29 10:08:05+08:00
10:08:10,47787.73,-236.86999999999534,-0.49322638814273384,2026-09-29 10:08:10+08:00
10:08:15,47823.23,-201.36999999999534,-0.4193059390395658,2026-09-29 10:08:15+08:00
10:08:20,47825.23,-199.36999999999534,-0.4151414066957254,2026-09-29 10:08:20+08:00
10:08:25,47825.41,-199.18999999999505,-0.4147665987847792,2026-09-29 10:08:25+08:00
10:08:30,47789.14,-235.45999999999913,-0.4902903928403342,2026-09-29 10:08:30+08:00
10:08:35,47796.59,-228.01000000000204,-0.47477750985953454,2026-09-29 10:08:35+08:00
10:08:40,47830.39,-194.20999999999913,-0.4043969132486249,2026-09-29 10:08:40+08:00
10:08:45,47829.82,-194.77999999999884,-0.4055838049666189,2026-09-29 10:08:45+08:00
10:08:50,47798.42,-226.1800000000003,-0.47096696276491695,2026-09-29 10:08:50+08:00
10:08:55,47797.6,-227.0,-0.4726744210258909,2026-09-29 10:08:55+08:00
10:09:00,47798.72,-225.87999999999738,-0.47034228291333485,2026-09-29 10:09:00+08:00
10:09:05,47796.87,-227.72999999999593,-0.47419447533138415,2026-09-29 10:09:05+08:00
10:09:10,47799.73,-224.86999999999534,-0.4682391940796911,2026-09-29 10:09:10+08:00
10:09:15,47800.6,-224.0,-0.46642762251013026,2026-09-29 10:09:15+08:00
10:09:20,47794.37,-230.22999999999593,-0.4794001407611848,2026-09-29 10:09:20+08:00
10:09:25,47793.6,-231.0,-0.48100348571357177,2026-09-29 10:09:25+08:00
10:09:30,47794.1,-230.5,-0.47996235262761167,2026-09-29 10:09:30+08:00
10:09:35,47830.08,-194.5199999999968,-0.40504241576191535,2026-09-29 10:09:35+08:00
10:09:40,47829.42,-195.1800000000003,-0.40641671143539,2026-09-29 10:09:40+08:00
10:09:45,47799.83,-224.7699999999968,-0.4680309674625021,2026-09-29 10:09:45+08:00
10:09:50,47799.83,-224.7699999999968,-0.4680309674625021,2026-09-29 10:09:50+08:00
10:09:55,47802.05,-222.54999999999563,-0.4634083365608368,2026-09-29 10:09:55+08:00
10:10:00,47803.57,-221.02999999999884,-0.4602432919795248,2026-09-29 10:10:00+08:00
10:10:05,47808.62,-215.97999999999593,-0.4497278478113215,2026-09-29 10:10:05+08:00
10:10:10,47808.34,-216.26000000000204,-0.4503108823394719,2026-09-29 10:10:10+08:00
10:10:15,47809.15,-215.4499999999971,-0.4486242467402063,2026-09-29 10:10:15+08:00
10:10:20,47807.31,-217.29000000000087,-0.45245561649654736,2026-09-29 10:10:20+08:00
10:10:25,47802.36,-222.23999999999796,-0.46276283404754637,2026-09-29 10:10:25+08:00
10:10:30,47796.53,-228.0699999999997,-0.474902445829845,2026-09-29 10:10:30+08:00
10:10:35,47796.2,-228.40000000000146,-0.47558959366658227,2026-09-29 10:10:35+08:00
10:10:40,47796.2,-228.40000000000146,-0.47558959366658227,2026-09-29 10:10:40+08:00
10:10:45,47792.5,-232.09999999999854,-0.4832939785026811,2026-09-29 10:10:45+08:00
10:10:50,47792.2,-232.40000000000146,-0.4839186583542631,2026-09-29 10:10:50+08:00
10:10:55,47787.39,-237.20999999999913,-0.49393435864119456,2026-09-29 10:10:55+08:00
10:11:00,47786.71,-237.88999999999942,-0.4953502996381009,2026-09-29 10:11:00+08:00
10:11:05,47789.58,-235.0199999999968,-0.48937419572468444,2026-09-29 10:11:05+08:00
10:11:10,47785.66,-238.93999999999505,-0.4975366791186081,2026-09-29 10:11:10+08:00
10:11:15,47784.25,-240.34999999999854,-0.500472674421023,2026-09-29 10:11:15+08:00
10:11:20,47829.96,-194.63999999999942,-0.40529228770255127,2026-09-29 10:11:20+08:00
10:11:25,47791.72,-232.87999999999738,-0.48491814611677636,2026-09-29 10:11:25+08:00
10:11:30,47790.38,-234.22000000000116,-0.48770838278715734,2026-09-29 10:11:30+08:00
10:11:35,47791.84,-232.76000000000204,-0.48466827417615566,2026-09-29 10:11:35+08:00
10:11:40,47830.59,-194.01000000000204,-0.403980460014247,2026-09-29 10:11:40+08:00
10:11:45,47831.98,-192.61999999999534,-0.40108611003526384,2026-09-29 10:11:45+08:00
10:11:50,47828.63,-195.97000000000116,-0.40806170171120876,2026-09-29 10:11:50+08:00
10:11:55,47829.76,-194.8399999999965,-0.4057087409369292,2026-09-29 10:11:55+08:00
10:12:00,47785.81,-238.79000000000087,-0.49722433919283215,2026-09-29 10:12:00+08:00
10:12:05,47834.01,-190.5899999999965,-0.3968591097062683,2026-09-29 10:12:05+08:00
10:12:10,47782.54,-242.05999999999767,-0.5040333495750047,2026-09-29 10:12:10+08:00
10:12:15,47785.06,-239.54000000000087,-0.49878603882177236,2026-09-29 10:12:15+08:00
10:12:20,47784.72,-239.87999999999738,-0.4994940093202179,2026-09-29 10:12:20+08:00
10:12:25,47783.84,-240.76000000000204,-0.5013264035515174,2026-09-29 10:12:25+08:00
10:12:30,47786.22,-238.37999999999738,-0.4963706100623376,2026-09-29 10:12:30+08:00
10:12:35,47785.17,-239.4300000000003,-0.4985569895428599,2026-09-29 10:12:35+08:00
10:12:40,47785.69,-238.90999999999622,-0.4974742111334529,2026-09-29 10:12:40+08:00
10:12:45,47795.93,-228.66999999999825,-0.476151805532994,2026-09-29 10:12:45+08:00
10:12:50,47790.9,-233.6999999999971,-0.4866256043777504,2026-09-29 10:12:50+08:00
10:12:55,47835.88,-188.72000000000116,-0.39296527196478714,2026-09-29 10:12:55+08:00
10:13:00,47845.2,-179.40000000000146,-0.37355855124249127,2026-09-29 10:13:00+08:00
10:13:05,47848.15,-176.4499999999971,-0.3674158660353175,2026-09-29 10:13:05+08:00
10:13:10,47846.98,-177.61999999999534,-0.36985211745646057,2026-09-29 10:13:10+08:00
10:13:15,47805.38,-219.22000000000116,-0.456474390208354,2026-09-29 10:13:15+08:00
10:13:20,47799.01,-225.5899999999965,-0.4697384257234761,2026-09-29 10:13:20+08:00
10:13:25,47807.06,-217.54000000000087,-0.45297618303952747,2026-09-29 10:13:25+08:00
10:13:30,47808.14,-216.45999999999913,-0.4507273355738499,2026-09-29 10:13:30+08:00
10:13:35,47811.21,-213.38999999999942,-0.44433477842605545,2026-09-29 10:13:35+08:00
10:13:40,47819.16,-205.43999999999505,-0.4277807623592806,2026-09-29 10:13:40+08:00
10:13:45,47819.81,-204.79000000000087,-0.4264272893475446,2026-09-29 10:13:45+08:00
10:13:50,47821.49,-203.11000000000058,-0.42292908217871794,2026-09-29 10:13:50+08:00
10:13:55,47820.61,-203.98999999999796,-0.4247614764100023,2026-09-29 10:13:55+08:00
10:14:00,47821.06,-203.54000000000087,-0.4238244566326443,2026-09-29 10:14:00+08:00
10:14:05,47824.78,-199.8199999999997,-0.4160784264730986,2026-09-29 10:14:05+08:00
10:14:10,47823.83,-200.7699999999968,-0.41805657933641677,2026-09-29 10:14:10+08:00
10:14:15,47828.63,-195.97000000000116,-0.40806170171120876,2026-09-29 10:14:15+08:00
10:14:20,47834.61,-189.98999999999796,-0.39560975000311915,2026-09-29 10:14:20+08:00
10:14:25,47835.21,-189.38999999999942,-0.39436039029997005,2026-09-29 10:14:25+08:00
10:14:30,47835.02,-189.58000000000175,-0.3947560208726397,2026-09-29 10:14:30+08:00
10:14:35,47840.06,-184.54000000000087,-0.38426139936616,2026-09-29 10:14:35+08:00
10:14:40,47839.12,-185.47999999999593,-0.3862187295677547,2026-09-29 10:14:40+08:00
10:14:45,47842.35,-182.25,-0.37949300983246087,2026-09-29 10:14:45+08:00
10:14:50,47838.67,-185.9300000000003,-0.3871557493451279,2026-09-29 10:14:50+08:00
10:14:55,47839.92,-184.6800000000003,-0.3845529166302276,2026-09-29 10:14:55+08:00
10:15:00,47840.78,-183.8199999999997,-0.38276216772237504,2026-09-29 10:15:00+08:00
10:15:05,47841.47,-183.12999999999738,-0.3813254040637452,2026-09-29 10:15:05+08:00
10:15:10,47837.14,-187.45999999999913,-0.3903416165881634,2026-09-29 10:15:10+08:00
10:15:15,47829.77,-194.83000000000175,-0.40568791827522094,2026-09-29 10:15:15+08:00
10:15:20,47834.68,-189.91999999999825,-0.3954639913710854,2026-09-29 10:15:20+08:00
10:15:25,47829.75,-194.84999999999854,-0.40572956359865264,2026-09-29 10:15:25+08:00
10:15:30,47832.03,-192.5699999999997,-0.40098199672667695,2026-09-29 10:15:30+08:00
10:15:35,47831.7,-192.90000000000146,-0.40166914456341424,2026-09-29 10:15:35+08:00
10:15:40,47832.98,-191.61999999999534,-0.39900384386334364,2026-09-29 10:15:40+08:00
10:15:45,47825.55,-199.04999999999563,-0.41447508152071155,2026-09-29 10:15:45+08:00
10:15:50,47831.0,-193.59999999999854,-0.4031267308837524,2026-09-29 10:15:50+08:00
10:15:55,47833.17,-191.4300000000003,-0.39860821329068913,2026-09-29 10:15:55+08:00
10:16:00,47833.51,-191.0899999999965,-0.3979002427922284,2026-09-29 10:16:00+08:00
10:16:05,47825.86,-198.73999999999796,-0.4138295790074211,2026-09-29 10:16:05+08:00
10:16:10,47827.16,-197.43999999999505,-0.4111226329839188,2026-09-29 10:16:10+08:00
10:16:15,47826.28,-198.3199999999997,-0.41295502721521826,2026-09-29 10:16:15+08:00
10:16:20,47828.16,-196.43999999999505,-0.40904036681199857,2026-09-29 10:16:20+08:00
10:16:25,47831.68,-192.91999999999825,-0.40171078988684605,2026-09-29 10:16:25+08:00
10:16:30,47837.8,-186.79999999999563,-0.3889673209146888,2026-09-29 10:16:30+08:00
10:16:35,47842.73,-181.86999999999534,-0.3787017486871215,2026-09-29 10:16:35+08:00
10:16:40,47843.56,-181.04000000000087,-0.37697346776443924,2026-09-29 10:16:40+08:00
10:16:45,47833.23,-191.36999999999534,-0.39848327732036365,2026-09-29 10:16:45+08:00
10:16:50,47832.9,-191.6999999999971,-0.39917042515710094,2026-09-29 10:16:50+08:00
10:16:55,47835.81,-188.79000000000087,-0.39311103059682095,2026-09-29 10:16:55+08:00
10:17:00,47838.13,-186.47000000000116,-0.38828017307796664,2026-09-29 10:17:00+08:00
10:17:05,47835.89,-188.70999999999913,-0.3929444493030637,2026-09-29 10:17:05+08:00
10:17:10,47825.63,-198.97000000000116,-0.4143085002269694,2026-09-29 10:17:10+08:00
10:17:15,47818.53,-206.0699999999997,-0.42909259004760003,2026-09-29 10:17:15+08:00
10:17:20,47820.66,-203.93999999999505,-0.42465736310140023,2026-09-29 10:17:20+08:00
10:17:25,47816.68,-207.91999999999825,-0.43294478246564944,2026-09-29 10:17:25+08:00
10:17:30,47776.29,-248.30999999999767,-0.517047513149506,2026-09-29 10:17:30+08:00
10:17:35,47776.86,-247.73999999999796,-0.5158606214315121,2026-09-29 10:17:35+08:00
10:17:40,47779.96,-244.63999999999942,-0.5094055962985624,2026-09-29 10:17:40+08:00
10:17:45,47817.02,-207.58000000000175,-0.4322368119672038,2026-09-29 10:17:45+08:00
10:17:50,47816.38,-208.22000000000116,-0.43356946231723154,2026-09-29 10:17:50+08:00
10:17:55,47809.0,-215.59999999999854,-0.44893658666599734,2026-09-29 10:17:55+08:00
10:18:00,47811.2,-213.40000000000146,-0.4443556010877789,2026-09-29 10:18:00+08:00
10:18:05,47811.63,-212.97000000000116,-0.4434602266338526,2026-09-29 10:18:05+08:00
10:18:10,47811.17,-213.4300000000003,-0.4444180690729341,2026-09-29 10:18:10+08:00
10:18:15,47812.74,-211.86000000000058,-0.4411489111830199,2026-09-29 10:18:15+08:00
10:18:20,47810.36,-214.23999999999796,-0.4461047046721846,2026-09-29 10:18:20+08:00
10:18:25,47815.3,-209.29999999999563,-0.4358183097828938,2026-09-29 10:18:25+08:00
10:18:30,47812.04,-212.55999999999767,-0.442606497503358,2026-09-29 10:18:30+08:00
10:18:35,47806.35,-218.25,-0.45445459202158894,2026-09-29 10:18:35+08:00
10:18:40,47808.04,-216.55999999999767,-0.4509355621910389,2026-09-29 10:18:40+08:00
10:18:45,47812.24,-212.36000000000058,-0.44219004426898,2026-09-29 10:18:45+08:00
10:18:50,47822.43,-202.16999999999825,-0.4209717519771081,2026-09-29 10:18:50+08:00
10:18:55,47815.9,-208.6999999999971,-0.4345689500797448,2026-09-29 10:18:55+08:00
10:19:00,47820.72,-203.87999999999738,-0.4245324271310899,2026-09-29 10:19:00+08:00
10:19:05,47819.57,-205.02999999999884,-0.42692703322880116,2026-09-29 10:19:05+08:00
10:19:10,47818.56,-206.04000000000087,-0.42903012206244484,2026-09-29 10:19:10+08:00
10:19:15,47815.7,-208.90000000000146,-0.4349854033141379,2026-09-29 10:19:15+08:00
10:19:20,47849.32,-175.27999999999884,-0.3649796146141745,2026-09-29 10:19:20+08:00
10:19:25,47849.46,-175.13999999999942,-0.3646880973501069,2026-09-29 10:19:25+08:00
10:19:30,47817.16,-207.43999999999505,-0.431945294703121,2026-09-29 10:19:30+08:00
10:19:35,47864.61,-159.98999999999796,-0.33314176484551244,2026-09-29 10:19:35+08:00
10:19:40,47859.4,-165.1999999999971,-0.343990371601215,2026-09-29 10:19:40+08:00
10:19:45,47856.88,-167.72000000000116,-0.34923768235446245,2026-09-29 10:19:45+08:00
10:19:50,47821.73,-202.86999999999534,-0.42242933829744617,2026-09-29 10:19:50+08:00
10:19:55,47826.83,-197.7699999999968,-0.4118097808206561,2026-09-29 10:19:55+08:00
10:20:00,47859.92,-164.6800000000003,-0.3429075931918232,2026-09-29 10:20:00+08:00
10:20:05,47827.78,-196.8199999999997,-0.40983162795733796,2026-09-29 10:20:05+08:00
10:20:10,47821.23,-203.36999999999534,-0.42347047138340627,2026-09-29 10:20:10+08:00
10:20:15,47820.17,-204.4300000000003,-0.4256776735256521,2026-09-29 10:20:15+08:00
10:20:20,47819.56,-205.04000000000087,-0.4269478558905246,2026-09-29 10:20:20+08:00
10:20:25,47820.02,-204.58000000000175,-0.42599001345144316,2026-09-29 10:20:25+08:00
10:20:30,47825.7,-198.90000000000146,-0.41416274159493566,2026-09-29 10:20:30+08:00
10:20:35,47828.01,-196.5899999999965,-0.4093527067377896,2026-09-29 10:20:35+08:00
10:20:40,47825.9,-198.6999999999971,-0.41374628836054245,2026-09-29 10:20:40+08:00
10:20:45,47829.12,-195.47999999999593,-0.40704139128695693,2026-09-29 10:20:45+08:00
10:20:50,47831.67,-192.9300000000003,-0.4017316125485695,2026-09-29 10:20:50+08:00
10:20:55,47832.42,-192.1800000000003,-0.40016991291962933,2026-09-29 10:20:55+08:00
10:21:00,47829.56,-195.04000000000087,-0.4061251941713224,2026-09-29 10:21:00+08:00
10:21:05,47834.17,-190.4300000000003,-0.39652594711876893,2026-09-29 10:21:05+08:00
10:21:10,47826.98,-197.61999999999534,-0.41149744089486506,2026-09-29 10:21:10+08:00
10:21:15,47866.86,-157.73999999999796,-0.32845666595869194,2026-09-29 10:21:15+08:00
10:21:20,47866.39,-158.20999999999913,-0.32943533105949685,2026-09-29 10:21:20+08:00
10:21:25,47869.42,-155.1800000000003,-0.323126064558581,2026-09-29 10:21:25+08:00
10:21:30,47868.25,-156.34999999999854,-0.32556231597972407,2026-09-29 10:21:30+08:00
10:21:35,47824.88,-199.72000000000116,-0.4158701998559096,2026-09-29 10:21:35+08:00
10:21:40,47823.34,-201.26000000000204,-0.4190768897606686,2026-09-29 10:21:40+08:00
10:21:45,47820.37,-204.22999999999593,-0.4252612202912589,2026-09-29 10:21:45+08:00
10:21:50,47820.48,-204.11999999999534,-0.42503217101234647,2026-09-29 10:21:50+08:00
10:21:55,47825.88,-198.72000000000116,-0.4137879336839894,2026-09-29 10:21:55+08:00
10:22:00,47828.31,-196.29000000000087,-0.4087280268862226,2026-09-29 10:22:00+08:00
10:22:05,47823.91,-200.68999999999505,-0.41788999804265947,2026-09-29 10:22:05+08:00
10:22:10,47816.13,-208.47000000000116,-0.43409002886021164,2026-09-29 10:22:10+08:00
10:22:15,47816.63,-207.97000000000116,-0.4330488957742515,2026-09-29 10:22:15+08:00
10:22:20,47813.28,-211.3199999999997,-0.44002448745018125,2026-09-29 10:22:20+08:00
10:22:25,47814.11,-210.48999999999796,-0.43829620652748374,2026-09-29 10:22:25+08:00
10:22:30,47818.49,-206.11000000000058,-0.42917588069447865,2026-09-29 10:22:30+08:00
10:22:35,47811.24,-213.36000000000058,-0.4442723104409002,2026-09-29 10:22:35+08:00
10:22:40,47810.17,-214.4300000000003,-0.4465003352448543,2026-09-29 10:22:40+08:00
10:22:45,47813.51,-211.0899999999965,-0.4395455662306329,2026-09-29 10:22:45+08:00
10:22:50,47807.3,-217.29999999999563,-0.4524764391582557,2026-09-29 10:22:50+08:00
10:22:55,47809.53,-215.0699999999997,-0.447832985594882,2026-09-29 10:22:55+08:00
10:23:00,47804.79,-219.80999999999767,-0.4577029272497797,2026-09-29 10:23:00+08:00
10:23:05,47802.88,-221.72000000000116,-0.46168005563815456,2026-09-29 10:23:05+08:00
10:23:10,47806.95,-217.65000000000146,-0.45320523231843984,2026-09-29 10:23:10+08:00
10:23:15,47807.07,-217.52999999999884,-0.45295536037780393,2026-09-29 10:23:15+08:00
10:23:20,47804.01,-220.5899999999965,-0.459327094863875,2026-09-29 10:23:20+08:00
10:23:25,47842.52,-182.08000000000175,-0.3791390245832381,2026-09-29 10:23:25+08:00
10:23:30,47807.76,-216.8399999999965,-0.45151859671917416,2026-09-29 10:23:30+08:00
10:23:35,47806.57,-218.02999999999884,-0.45399649346376403,2026-09-29 10:23:35+08:00
10:23:40,47807.92,-216.6800000000003,-0.45118543413167483,2026-09-29 10:23:40+08:00
10:23:45,47849.42,-175.1800000000003,-0.3647713879969855,2026-09-29 10:23:45+08:00
10:23:50,47805.61,-218.98999999999796,-0.4559954689888057,2026-09-29 10:23:50+08:00
10:23:55,47806.5,-218.09999999999854,-0.4541422520957979,2026-09-29 10:23:55+08:00
10:24:00,47803.04,-221.55999999999767,-0.46134689305064003,2026-09-29 10:24:00+08:00
10:24:05,47846.09,-178.51000000000204,-0.3717053343494835,2026-09-29 10:24:05+08:00
10:24:10,47843.33,-181.2699999999968,-0.3774523889839724,2026-09-29 10:24:10+08:00
10:24:15,47846.92,-177.6800000000003,-0.36997705342678605,2026-09-29 10:24:15+08:00
10:24:20,47852.91,-171.68999999999505,-0.357504279056973,2026-09-29 10:24:20+08:00
10:24:25,47814.47,-210.12999999999738,-0.43754659070559127,2026-09-29 10:24:25+08:00
10:24:30,47859.36,-165.23999999999796,-0.34407366224809366,2026-09-29 10:24:30+08:00
10:24:35,47855.24,-169.36000000000058,-0.3526525988764104,2026-09-29 10:24:35+08:00
10:24:40,47855.11,-169.48999999999796,-0.35292329347875456,2026-09-29 10:24:40+08:00
10:24:45,47818.66,-205.93999999999505,-0.4288218954452407,2026-09-29 10:24:45+08:00
10:24:50,47855.83,-168.7699999999968,-0.35142406183496955,2026-09-29 10:24:50+08:00
10:24:55,47819.59,-205.01000000000204,-0.4268853879053694,2026-09-29 10:24:55+08:00
10:25:00,47824.96,-199.63999999999942,-0.4157036185621524,2026-09-29 10:25:00+08:00
10:25:05,47821.9,-202.6999999999971,-0.4220753530482234,2026-09-29 10:25:05+08:00
10:25:10,47863.03,-161.5699999999997,-0.33643174539715004,2026-09-29 10:25:10+08:00
10:25:15,47820.47,-204.12999999999738,-0.4250529936740699,2026-09-29 10:25:15+08:00
10:25:20,47820.6,-204.0,-0.42478229907172577,2026-09-29 10:25:20+08:00
10:25:25,47822.28,-202.3199999999997,-0.42128409190289917,2026-09-29 10:25:25+08:00
10:25:30,47817.67,-206.9300000000003,-0.43088333895545267,2026-09-29 10:25:30+08:00
10:25:35,47859.14,-165.45999999999913,-0.34453176080591846,2026-09-29 10:25:35+08:00
10:25:40,47854.31,-170.29000000000087,-0.3545891064162968,2026-09-29 10:25:40+08:00
10:25:45,47860.73,-163.86999999999534,-0.34122095759255744,2026-09-29 10:25:45+08:00
10:25:50,47863.9,-160.6999999999971,-0.334620173827574,2026-09-29 10:25:50+08:00
10:25:55,47831.25,-193.34999999999854,-0.4026061643407723,2026-09-29 10:25:55+08:00
10:26:00,47871.11,-153.48999999999796,-0.319607034728031,2026-09-29 10:26:00+08:00
10:26:05,47870.47,-154.12999999999738,-0.3209396850780587,2026-09-29 10:26:05+08:00
10:26:10,47872.81,-151.79000000000087,-0.3160671822357726,2026-09-29 10:26:10+08:00
10:26:15,47834.6,-190.0,-0.39563057266484264,2026-09-29 10:26:15+08:00
10:26:20,47837.73,-186.86999999999534,-0.3891130795467226,2026-09-29 10:26:20+08:00
10:26:25,47835.45,-189.15000000000146,-0.3938606464187135,2026-09-29 10:26:25+08:00
10:26:30,47839.2,-185.40000000000146,-0.38605214827401263,2026-09-29 10:26:30+08:00
10:26:35,47835.82,-188.77999999999884,-0.3930902079350975,2026-09-29 10:26:35+08:00
10:26:40,47837.89,-186.70999999999913,-0.38877991695922326,2026-09-29 10:26:40+08:00
10:26:45,47836.44,-188.15999999999622,-0.3917992029085015,2026-09-29 10:26:45+08:00
10:26:50,47838.65,-185.9499999999971,-0.3871973946685597,2026-09-29 10:26:50+08:00
10:26:55,47837.86,-186.73999999999796,-0.3888423849443784,2026-09-29 10:26:55+08:00
10:27:00,47841.74,-182.86000000000058,-0.3807631921973334,2026-09-29 10:27:00+08:00
10:27:05,47886.39,-138.20999999999913,-0.2877900076210924,2026-09-29 10:27:05+08:00
10:27:10,47850.9,-173.6999999999971,-0.3616896340625369,2026-09-29 10:27:10+08:00
10:27:15,47850.91,-173.68999999999505,-0.3616688114008134,2026-09-29 10:27:15+08:00
10:27:20,47894.82,-129.77999999999884,-0.2702365037918043,2026-09-29 10:27:20+08:00
10:27:25,47896.0,-128.59999999999854,-0.2677794297089378,2026-09-29 10:27:25+08:00
10:27:30,47858.48,-166.11999999999534,-0.345906056479378,2026-09-29 10:27:30+08:00
10:27:35,47857.81,-166.79000000000087,-0.34730117481457606,2026-09-29 10:27:35+08:00
10:27:40,47860.46,-164.13999999999942,-0.3417831694589844,2026-09-29 10:27:40+08:00
10:27:45,47862.28,-162.3199999999997,-0.3379934450260902,2026-09-29 10:27:45+08:00
10:27:50,47866.1,-158.5,-0.3300391882493555,2026-09-29 10:27:50+08:00
10:27:55,47871.26,-153.3399999999965,-0.31929469480223993,2026-09-29 10:27:55+08:00
10:28:00,47869.07,-155.52999999999884,-0.32385485771875006,2026-09-29 10:28:00+08:00
10:28:05,47909.54,-115.05999999999767,-0.23958554574113616,2026-09-29 10:28:05+08:00
10:28:10,47912.59,-112.01000000000204,-0.23323463391678856,2026-09-29 10:28:10+08:00
10:28:15,47874.56,-150.04000000000087,-0.3124232164349123,2026-09-29 10:28:15+08:00
10:28:20,47869.21,-155.38999999999942,-0.32356334045468244,2026-09-29 10:28:20+08:00
10:28:25,47872.89,-151.70999999999913,-0.3159006009420154,2026-09-29 10:28:25+08:00
10:28:30,47912.54,-112.05999999999767,-0.23333874722537548,2026-09-29 10:28:30+08:00
10:28:35,47872.1,-152.5,-0.3175455912178342,2026-09-29 10:28:35+08:00
10:28:40,47873.01,-151.5899999999965,-0.3156507290013795,2026-09-29 10:28:40+08:00
10:28:45,47919.11,-105.48999999999796,-0.2196582584758602,2026-09-29 10:28:45+08:00
10:28:50,47923.63,-100.97000000000116,-0.2102464153787875,2026-09-29 10:28:50+08:00
10:28:55,47920.71,-103.88999999999942,-0.2163266326007909,2026-09-29 10:28:55+08:00
10:29:00,47921.9,-102.69999999999709,-0.21384873585620096,2026-09-29 10:29:00+08:00
10:29:05,47926.36,-98.23999999999796,-0.20456182872943862,2026-09-29 10:29:05+08:00
10:29:10,47878.72,-145.87999999999738,-0.3037609891597169,2026-09-29 10:29:10+08:00
10:29:15,47881.4,-143.1999999999971,-0.29818051581897004,2026-09-29 10:29:15+08:00
10:29:20,47886.66,-137.93999999999505,-0.28722779575466545,2026-09-29 10:29:20+08:00
10:29:25,47890.16,-134.43999999999505,-0.27993986415294464,2026-09-29 10:29:25+08:00
10:29:30,47931.15,-93.44999999999709,-0.19458777376593892,2026-09-29 10:29:30+08:00
10:29:35,47896.9,-127.69999999999709,-0.26590539015420656,2026-09-29 10:29:35+08:00
10:29:40,47896.55,-128.04999999999563,-0.2666341833143756,2026-09-29 10:29:40+08:00
10:29:45,47901.92,-122.68000000000029,-0.25545241397117374,2026-09-29 10:29:45+08:00
10:29:50,47898.97,-125.62999999999738,-0.2615950991783323,2026-09-29 10:29:50+08:00
10:29:55,47892.99,-131.61000000000058,-0.27404705088642195,2026-09-29 10:29:55+08:00
10:30:00,47935.39,-89.20999999999913,-0.18575896519700139,2026-09-29 10:30:00+08:00
10:30:05,47935.16,-89.43999999999505,-0.18623788641653458,2026-09-29 10:30:05+08:00
10:30:10,47942.82,-81.77999999999884,-0.1702877275396335,2026-09-29 10:30:10+08:00
10:30:15,47937.81,-86.79000000000087,-0.1807198810609581,2026-09-29 10:30:15+08:00
10:30:20,47942.81,-81.79000000000087,-0.17030855020135696,2026-09-29 10:30:20+08:00
10:30:25,47943.14,-81.45999999999913,-0.16962140236461964,2026-09-29 10:30:25+08:00
10:30:30,47941.06,-83.54000000000087,-0.17395251600221734,2026-09-29 10:30:30+08:00
10:30:35,47939.87,-84.72999999999593,-0.1764304127467921,2026-09-29 10:30:35+08:00
10:30:40,47937.25,-87.34999999999854,-0.18188595011722858,2026-09-29 10:30:40+08:00
10:30:45,47944.48,-80.11999999999534,-0.16683116569423867,2026-09-29 10:30:45+08:00
10:30:50,47943.09,-81.51000000000204,-0.16972551567322172,2026-09-29 10:30:50+08:00
10:30:55,47903.21,-121.38999999999942,-0.2527662906093948,2026-09-29 10:30:55+08:00
10:31:00,47899.17,-125.43000000000029,-0.26117864594395435,2026-09-29 10:31:00+08:00
10:31:05,47891.13,-133.47000000000116,-0.2779200659661948,2026-09-29 10:31:05+08:00
10:31:10,47891.21,-133.38999999999942,-0.2777534846724375,2026-09-29 10:31:10+08:00
10:31:15,47893.42,-131.1800000000003,-0.27315167643249566,2026-09-29 10:31:15+08:00
10:31:20,47883.62,-140.97999999999593,-0.2935578849173047,2026-09-29 10:31:20+08:00
10:31:25,47885.14,-139.45999999999913,-0.29039284033599266,2026-09-29 10:31:25+08:00
10:31:30,47886.6,-138.0,-0.28735273172499093,2026-09-29 10:31:30+08:00
10:31:35,47883.07,-141.52999999999884,-0.29470313131186693,2026-09-29 10:31:35+08:00
10:31:40,47884.58,-140.0199999999968,-0.29155890939226314,2026-09-29 10:31:40+08:00
10:31:45,47883.34,-141.26000000000204,-0.2941409194454551,2026-09-29 10:31:45+08:00
10:31:50,47881.67,-142.9300000000003,-0.2976183039525583,2026-09-29 10:31:50+08:00
10:31:55,47927.82,-96.77999999999884,-0.2015217201184369,2026-09-29 10:31:55+08:00
10:32:00,47916.29,-108.30999999999767,-0.22553024908067465,2026-09-29 10:32:00+08:00
10:32:05,47911.27,-113.33000000000175,-0.23598322526372267,2026-09-29 10:32:05+08:00
10:32:10,47867.59,-157.01000000000204,-0.32693661165319865,2026-09-29 10:32:10+08:00
10:32:15,47865.85,-158.75,-0.33055975479233557,2026-09-29 10:32:15+08:00
10:32:20,47905.42,-119.18000000000029,-0.24816448236945296,2026-09-29 10:32:20+08:00
10:32:25,47907.79,-116.80999999999767,-0.24322951154199654,2026-09-29 10:32:25+08:00
10:32:30,47907.68,-116.91999999999825,-0.24345856082090897,2026-09-29 10:32:30+08:00
10:32:35,47864.65,-159.9499999999971,-0.33305847419863377,2026-09-29 10:32:35+08:00
10:32:40,47861.86,-162.73999999999796,-0.33886799681829305,2026-09-29 10:32:40+08:00
10:32:45,47860.98,-163.61999999999534,-0.3407003910495774,2026-09-29 10:32:45+08:00
10:32:50,47859.88,-164.72000000000116,-0.34299088383870174,2026-09-29 10:32:50+08:00
10:32:55,47857.17,-167.4300000000003,-0.3486338251646038,2026-09-29 10:32:55+08:00
10:33:00,47863.19,-161.40999999999622,-0.3360985828096355,2026-09-29 10:33:00+08:00
10:33:05,47863.1,-161.5,-0.33628598676511623,2026-09-29 10:33:05+08:00
10:33:10,47866.5,-158.09999999999854,-0.3292062817805844,2026-09-29 10:33:10+08:00
10:33:15,47855.25,-169.34999999999854,-0.35263177621468694,2026-09-29 10:33:15+08:00
10:33:20,47857.49,-167.11000000000058,-0.3479674999895899,2026-09-29 10:33:20+08:00
10:33:25,47863.24,-161.36000000000058,-0.3359944695010486,2026-09-29 10:33:25+08:00
10:33:30,47858.94,-165.65999999999622,-0.34494821404029646,2026-09-29 10:33:30+08:00
10:33:35,47859.64,-164.95999999999913,-0.34349062771995836,2026-09-29 10:33:35+08:00
10:33:40,47861.44,-163.15999999999622,-0.3397425486104959,2026-09-29 10:33:40+08:00
10:33:45,47865.39,-159.20999999999913,-0.3315175972314171,2026-09-29 10:33:45+08:00
10:33:50,47861.08,-163.5199999999968,-0.3404921644323884,2026-09-29 10:33:50+08:00
10:33:55,47897.73,-126.86999999999534,-0.26417710923150917,2026-09-29 10:33:55+08:00
10:34:00,47897.31,-127.29000000000087,-0.2650516610237272,2026-09-29 10:34:00+08:00
10:34:05,47897.15,-127.44999999999709,-0.2653848236112265,2026-09-29 10:34:05+08:00
10:34:10,47858.21,-166.38999999999942,-0.3464682683458049,2026-09-29 10:34:10+08:00
10:34:15,47859.48,-165.11999999999534,-0.3438237903074577,2026-09-29 10:34:15+08:00
10:34:20,47858.97,-165.62999999999738,-0.34488574605514133,2026-09-29 10:34:20+08:00
10:34:25,47852.66,-171.93999999999505,-0.35802484559995307,2026-09-29 10:34:25+08:00
10:34:30,47849.32,-175.27999999999884,-0.3649796146141745,2026-09-29 10:34:30+08:00
10:34:35,47847.62,-176.97999999999593,-0.3685194671064328,2026-09-29 10:34:35+08:00
10:34:40,47844.3,-180.29999999999563,-0.37543259079720737,2026-09-29 10:34:40+08:00
10:34:45,47840.06,-184.54000000000087,-0.38426139936616,2026-09-29 10:34:45+08:00
10:34:50,47840.7,-183.90000000000146,-0.3829287490161323,2026-09-29 10:34:50+08:00
10:34:55,47838.99,-185.61000000000058,-0.386489424170114,2026-09-29 10:34:55+08:00
10:35:00,47878.84,-145.76000000000204,-0.3035111172190961,2026-09-29 10:35:00+08:00
10:35:05,47882.0,-142.59999999999854,-0.29693115611582094,2026-09-29 10:35:05+08:00
10:35:10,47842.05,-182.54999999999563,-0.38011768968402787,2026-09-29 10:35:10+08:00
10:35:15,47838.1,-186.5,-0.38834264106312183,2026-09-29 10:35:15+08:00
10:35:20,47841.16,-183.43999999999505,-0.38197090657703564,2026-09-29 10:35:20+08:00
10:35:25,47842.65,-181.9499999999971,-0.3788683299808787,2026-09-29 10:35:25+08:00
10:35:30,47840.5,-184.09999999999854,-0.3833452022505103,2026-09-29 10:35:30+08:00
10:35:35,47840.65,-183.9499999999971,-0.3830328623247192,2026-09-29 10:35:35+08:00
10:35:40,47839.66,-184.93999999999505,-0.38509430583491594,2026-09-29 10:35:40+08:00
10:35:45,47877.19,-147.40999999999622,-0.3069468564027524,2026-09-29 10:35:45+08:00
10:35:50,47875.22,-149.37999999999738,-0.31104892076143764,2026-09-29 10:35:50+08:00
10:35:55,47874.79,-149.80999999999767,-0.31194429521536393,2026-09-29 10:35:55+08:00
10:36:00,47876.72,-147.87999999999738,-0.3079255215035573,2026-09-29 10:36:00+08:00
10:36:05,47875.72,-148.87999999999738,-0.31000778767547754,2026-09-29 10:36:05+08:00
10:36:10,47835.35,-189.25,-0.39406887303590243,2026-09-29 10:36:10+08:00
10:36:15,47833.45,-191.15000000000146,-0.39802517876255394,2026-09-29 10:36:15+08:00
10:36:20,47829.26,-195.3399999999965,-0.4067498740228893,2026-09-29 10:36:20+08:00
10:36:25,47866.69,-157.90999999999622,-0.32881065120791475,2026-09-29 10:36:25+08:00
10:36:30,47824.49,-200.11000000000058,-0.4166822836629573,2026-09-29 10:36:30+08:00
10:36:35,47825.92,-198.6800000000003,-0.4137046430371108,2026-09-29 10:36:35+08:00
10:36:40,47821.92,-202.6800000000003,-0.42203370772479165,2026-09-29 10:36:40+08:00
10:36:45,47819.22,-205.37999999999738,-0.42765582638897026,2026-09-29 10:36:45+08:00
10:36:50,47819.17,-205.4300000000003,-0.4277599396975723,2026-09-29 10:36:50+08:00
10:36:55,47860.33,-164.2699999999968,-0.3420538640613286,2026-09-29 10:36:55+08:00
10:37:00,47859.92,-164.6800000000003,-0.3429075931918232,2026-09-29 10:37:00+08:00
10:37:05,47859.3,-165.29999999999563,-0.344198598218404,2026-09-29 10:37:05+08:00
10:37:10,47858.64,-165.95999999999913,-0.3455728938918786,2026-09-29 10:37:10+08:00
10:37:15,47858.79,-165.80999999999767,-0.34526055396608757,2026-09-29 10:37:15+08:00
10:37:20,47819.88,-204.72000000000116,-0.4262815307155107,2026-09-29 10:37:20+08:00
10:37:25,47819.69,-204.90999999999622,-0.42667716128816524,2026-09-29 10:37:25+08:00
10:37:30,47866.03,-158.5699999999997,-0.33018494688138933,2026-09-29 10:37:30+08:00
10:37:35,47824.57,-200.02999999999884,-0.41651570236920005,2026-09-29 10:37:35+08:00
10:37:40,47828.72,-195.87999999999738,-0.40787429775572803,2026-09-29 10:37:40+08:00
10:37:45,47825.92,-198.6800000000003,-0.4137046430371108,2026-09-29 10:37:45+08:00
10:37:50,47823.42,-201.1800000000003,-0.41891030846691135,2026-09-29 10:37:50+08:00
10:37:55,47821.29,-203.30999999999767,-0.42334553541309594,2026-09-29 10:37:55+08:00
10:38:00,47824.32,-200.27999999999884,-0.4170362689121801,2026-09-29 10:38:00+08:00
10:38:05,47824.41,-200.18999999999505,-0.41684886495669937,2026-09-29 10:38:05+08:00
10:38:10,47826.47,-198.12999999999738,-0.4125593966425486,2026-09-29 10:38:10+08:00
10:38:15,47824.54,-200.05999999999767,-0.4165781703543552,2026-09-29 10:38:15+08:00
10:38:20,47827.21,-197.38999999999942,-0.4110185196753318,2026-09-29 10:38:20+08:00
10:38:25,47869.13,-155.47000000000116,-0.3237299217484397,2026-09-29 10:38:25+08:00
10:38:30,47866.63,-157.97000000000116,-0.3289355871782403,2026-09-29 10:38:30+08:00
10:38:35,47826.79,-197.80999999999767,-0.41189307146753473,2026-09-29 10:38:35+08:00
10:38:40,47832.94,-191.65999999999622,-0.39908713451022226,2026-09-29 10:38:40+08:00
10:38:45,47874.61,-149.98999999999796,-0.31231910312631017,2026-09-29 10:38:45+08:00
10:38:50,47868.33,-156.2699999999968,-0.3253957346859668,2026-09-29 10:38:50+08:00
10:38:55,47866.41,-158.18999999999505,-0.32939368573605,2026-09-29 10:38:55+08:00
10:39:00,47826.67,-197.9300000000003,-0.4121429434081706,2026-09-29 10:39:00+08:00
10:39:05,47875.14,-149.45999999999913,-0.31121550205519494,2026-09-29 10:39:05+08:00
10:39:10,47879.27,-145.33000000000175,-0.30261574276516984,2026-09-29 10:39:10+08:00
10:39:15,47841.97,-182.62999999999738,-0.3802842709777851,2026-09-29 10:39:15+08:00
10:39:20,47838.9,-185.6999999999971,-0.3866768281255796,2026-09-29 10:39:20+08:00
10:39:25,47840.67,-183.9300000000003,-0.38299121700128747,2026-09-29 10:39:25+08:00
10:39:30,47840.2,-184.40000000000146,-0.3839698821020924,2026-09-29 10:39:30+08:00
10:39:35,47844.38,-180.22000000000116,-0.3752660095034653,2026-09-29 10:39:35+08:00
10:39:40,47845.89,-178.70999999999913,-0.37212178758386144,2026-09-29 10:39:40+08:00
10:39:45,47843.73,-180.86999999999534,-0.3766194825152013,2026-09-29 10:39:45+08:00
10:39:50,47848.92,-175.6800000000003,-0.3658125210829456,2026-09-29 10:39:50+08:00
10:39:55,47847.31,-177.29000000000087,-0.3691649696197384,2026-09-29 10:39:55+08:00
10:40:00,47894.63,-129.97000000000116,-0.270632134364474,2026-09-29 10:40:00+08:00
10:40:05,47893.2,-131.40000000000146,-0.27360977499032046,2026-09-29 10:40:05+08:00
10:40:10,47891.68,-132.91999999999825,-0.2767748195716326,2026-09-29 10:40:10+08:00
10:40:15,47897.08,-127.5199999999968,-0.26553058224326037,2026-09-29 10:40:15+08:00
10:40:20,47893.83,-130.7699999999968,-0.2722979473020011,2026-09-29 10:40:20+08:00
10:40:25,47857.12,-167.47999999999593,-0.3487379384731907,2026-09-29 10:40:25+08:00
10:40:30,47856.54,-168.05999999999767,-0.3499456528529081,2026-09-29 10:40:30+08:00
10:40:35,47851.05,-173.54999999999563,-0.36137729413674585,2026-09-29 10:40:35+08:00
10:40:40,47846.13,-178.47000000000116,-0.3716220437026049,2026-09-29 10:40:40+08:00
10:40:45,47845.79,-178.80999999999767,-0.37233001420105044,2026-09-29 10:40:45+08:00
10:40:50,47838.16,-186.43999999999505,-0.3882177050927963,2026-09-29 10:40:50+08:00
10:40:55,47839.42,-185.1800000000003,-0.3855940497161877,2026-09-29 10:40:55+08:00
10:41:00,47832.63,-191.97000000000116,-0.3997326370235279,2026-09-29 10:41:00+08:00
10:41:05,47825.8,-198.79999999999563,-0.4139545149777315,2026-09-29 10:41:05+08:00
10:41:10,47828.8,-195.79999999999563,-0.40770771646197085,2026-09-29 10:41:10+08:00
10:41:15,47831.06,-193.54000000000087,-0.40300179491344207,2026-09-29 10:41:15+08:00
10:41:20,47831.55,-193.04999999999563,-0.4019814844891902,2026-09-29 10:41:20+08:00
10:41:25,47870.61,-153.98999999999796,-0.32064816781399114,2026-09-29 10:41:25+08:00
10:41:30,47868.96,-155.63999999999942,-0.3240839069976625,2026-09-29 10:41:30+08:00
10:41:35,47869.42,-155.1800000000003,-0.323126064558581,2026-09-29 10:41:35+08:00
10:41:40,47831.07,-193.52999999999884,-0.4029809722517185,2026-09-29 10:41:40+08:00
10:41:45,47831.72,-192.87999999999738,-0.4016274992399674,2026-09-29 10:41:45+08:00
10:41:50,47833.9,-190.6999999999971,-0.3970881589851807,2026-09-29 10:41:50+08:00
10:41:55,47875.09,-149.51000000000204,-0.311319615363797,2026-09-29 10:41:55+08:00
10:42:00,47878.75,-145.84999999999854,-0.3036985211745617,2026-09-29 10:42:00+08:00
10:42:05,47835.9,-188.6999999999971,-0.3929236266413403,2026-09-29 10:42:05+08:00
10:42:10,47838.58,-186.0199999999968,-0.38734315330059343,2026-09-29 10:42:10+08:00
10:42:15,47883.2,-141.40000000000146,-0.29443243670952274,2026-09-29 10:42:15+08:00
10:42:20,47883.6,-141.0,-0.29359953024075164,2026-09-29 10:42:20+08:00
10:42:25,47842.2,-182.40000000000146,-0.379805349758252,2026-09-29 10:42:25+08:00
10:42:30,47840.99,-183.61000000000058,-0.3823248918262736,2026-09-29 10:42:30+08:00
10:42:35,47877.25,-147.34999999999854,-0.30682192043244205,2026-09-29 10:42:35+08:00
10:42:40,47873.63,-150.97000000000116,-0.31435972397479867,2026-09-29 10:42:40+08:00
10:42:45,47868.93,-155.66999999999825,-0.3241463749828177,2026-09-29 10:42:45+08:00
10:42:50,47868.76,-155.8399999999965,-0.3245003602320405,2026-09-29 10:42:50+08:00
10:42:55,47866.79,-157.80999999999767,-0.32860242459072575,2026-09-29 10:42:55+08:00
10:43:00,47867.44,-157.15999999999622,-0.32724895157897455,2026-09-29 10:43:00+08:00
10:43:05,47866.34,-158.26000000000204,-0.3295394443680989,2026-09-29 10:43:05+08:00
10:43:10,47868.76,-155.8399999999965,-0.3245003602320405,2026-09-29 10:43:10+08:00
10:43:15,47871.25,-153.34999999999854,-0.31931551746396336,2026-09-29 10:43:15+08:00
10:43:20,47870.96,-153.63999999999942,-0.31991937465382203,2026-09-29 10:43:20+08:00
10:43:25,47829.17,-195.4300000000003,-0.40693727797837004,2026-09-29 10:43:25+08:00
10:43:30,47833.05,-191.54999999999563,-0.3988580852313099,2026-09-29 10:43:30+08:00
10:43:35,47831.26,-193.3399999999965,-0.40258534167904886,2026-09-29 10:43:35+08:00
10:43:40,47826.4,-198.1999999999971,-0.41270515527458235,2026-09-29 10:43:40+08:00
10:43:45,47829.92,-194.6800000000003,-0.4053755783494299,2026-09-29 10:43:45+08:00
10:43:50,47828.51,-196.0899999999965,-0.4083115736518295,2026-09-29 10:43:50+08:00
10:43:55,47830.35,-194.25,-0.40448020389550354,2026-09-29 10:43:55+08:00
10:44:00,47832.23,-192.36999999999534,-0.40056554349228385,2026-09-29 10:44:00+08:00
10:44:05,47833.62,-190.97999999999593,-0.3976711935133159,2026-09-29 10:44:05+08:00
10:44:10,47835.48,-189.11999999999534,-0.3937981784335431,2026-09-29 10:44:10+08:00
10:44:15,47829.92,-194.6800000000003,-0.4053755783494299,2026-09-29 10:44:15+08:00
10:44:20,47830.74,-193.86000000000058,-0.40366812008845593,2026-09-29 10:44:20+08:00
10:44:25,47830.1,-194.5,-0.40500077043848365,2026-09-29 10:44:25+08:00
10:44:30,47826.47,-198.12999999999738,-0.4125593966425486,2026-09-29 10:44:30+08:00
10:44:35,47825.6,-199.0,-0.41437096821212466,2026-09-29 10:44:35+08:00
10:44:40,47865.47,-159.12999999999738,-0.3313510159376598,2026-09-29 10:44:40+08:00
10:44:45,47827.52,-197.08000000000175,-0.4103730171620415,2026-09-29 10:44:45+08:00
10:44:50,47830.14,-194.45999999999913,-0.40491747979160503,2026-09-29 10:44:50+08:00
10:44:55,47830.25,-194.34999999999854,-0.40468843051269254,2026-09-29 10:44:55+08:00
10:45:00,47830.54,-194.05999999999767,-0.4040845733228339,2026-09-29 10:45:00+08:00
10:45:05,47827.94,-196.65999999999622,-0.4094984653698234,2026-09-29 10:45:05+08:00
10:45:10,47826.15,-198.4499999999971,-0.41322572181756245,2026-09-29 10:45:10+08:00
10:45:15,47831.1,-193.5,-0.40291850426656345,2026-09-29 10:45:15+08:00
10:45:20,47830.95,-193.65000000000146,-0.40323084419235444,2026-09-29 10:45:20+08:00
10:45:25,47827.54,-197.05999999999767,-0.4103313718385945,2026-09-29 10:45:25+08:00
10:45:30,47872.39,-152.20999999999913,-0.31694173402797554,2026-09-29 10:45:30+08:00
10:45:35,47829.75,-194.84999999999854,-0.40572956359865264,2026-09-29 10:45:35+08:00
10:45:40,47832.0,-192.59999999999854,-0.4010444647118322,2026-09-29 10:45:40+08:00
10:45:45,47869.73,-154.86999999999534,-0.3224805620452755,2026-09-29 10:45:45+08:00
10:45:50,47872.21,-152.38999999999942,-0.3173165419389218,2026-09-29 10:45:50+08:00
10:45:55,47870.21,-154.38999999999942,-0.32148107428276224,2026-09-29 10:45:55+08:00
10:46:00,47863.87,-160.72999999999593,-0.33468264181272916,2026-09-29 10:46:00+08:00
10:46:05,47868.56,-156.04000000000087,-0.32491681346643364,2026-09-29 10:46:05+08:00
10:46:10,47868.16,-156.43999999999505,-0.3257497199351896,2026-09-29 10:46:10+08:00
10:46:15,47827.14,-197.45999999999913,-0.4111642783073657,2026-09-29 10:46:15+08:00
10:46:20,47827.52,-197.08000000000175,-0.4103730171620415,2026-09-29 10:46:20+08:00
10:46:25,47826.6,-198.0,-0.4122887020402044,2026-09-29 10:46:25+08:00
10:46:30,47824.13,-200.47000000000116,-0.41743189948484977,2026-09-29 10:46:30+08:00
10:46:35,47860.71,-163.88999999999942,-0.34126260291600435,2026-09-29 10:46:35+08:00
10:46:40,47857.76,-166.8399999999965,-0.34740528812316296,2026-09-29 10:46:40+08:00
10:46:45,47860.64,-163.95999999999913,-0.34140836154803816,2026-09-29 10:46:45+08:00
10:46:50,47862.27,-162.33000000000175,-0.3380142676878137,2026-09-29 10:46:50+08:00
10:46:55,47823.07,-201.52999999999884,-0.4196391016270804,2026-09-29 10:46:55+08:00
10:47:00,47865.75,-158.84999999999854,-0.3307679814095246,2026-09-29 10:47:00+08:00
10:47:05,47864.49,-160.11000000000058,-0.3333916367861483,2026-09-29 10:47:05+08:00
10:47:10,47823.98,-200.61999999999534,-0.4177442394106257,2026-09-29 10:47:10+08:00
10:47:15,47822.43,-202.16999999999825,-0.4209717519771081,2026-09-29 10:47:15+08:00
10:47:20,47862.5,-162.09999999999854,-0.33753534646826533,2026-09-29 10:47:20+08:00
10:47:25,47863.16,-161.43999999999505,-0.3361610507947907,2026-09-29 10:47:25+08:00
10:47:30,47861.05,-163.54999999999563,-0.3405546324175436,2026-09-29 10:47:30+08:00
10:47:35,47861.95,-162.65000000000146,-0.33868059286282753,2026-09-29 10:47:35+08:00
10:47:40,47863.49,-161.11000000000058,-0.33547390295806856,2026-09-29 10:47:40+08:00
10:47:45,47860.18,-164.41999999999825,-0.34236620398711964,2026-09-29 10:47:45+08:00
10:47:50,47826.48,-198.11999999999534,-0.41253857398082516,2026-09-29 10:47:50+08:00
10:47:55,47865.8,-158.79999999999563,-0.3306638681009225,2026-09-29 10:47:55+08:00
10:48:00,47823.21,-201.38999999999942,-0.4193475843630128,2026-09-29 10:48:00+08:00
10:48:05,47864.22,-160.37999999999738,-0.3339538486525601,2026-09-29 10:48:05+08:00
10:48:10,47826.64,-197.95999999999913,-0.4122054113933258,2026-09-29 10:48:10+08:00
10:48:15,47824.54,-200.05999999999767,-0.4165781703543552,2026-09-29 10:48:15+08:00
10:48:20,47817.32,-207.27999999999884,-0.4316121321156216,2026-09-29 10:48:20+08:00
10:48:25,47818.61,-205.98999999999796,-0.42892600875384274,2026-09-29 10:48:25+08:00
10:48:30,47819.14,-205.45999999999913,-0.42782240768272745,2026-09-29 10:48:30+08:00
10:48:35,47819.64,-204.95999999999913,-0.42678127459676735,2026-09-29 10:48:35+08:00
10:48:40,47817.05,-207.54999999999563,-0.43217434398203347,2026-09-29 10:48:40+08:00
10:48:45,47813.25,-211.34999999999854,-0.4400869554353364,2026-09-29 10:48:45+08:00
10:48:50,47856.68,-167.91999999999825,-0.34965413558884045,2026-09-29 10:48:50+08:00
10:48:55,47854.88,-169.72000000000116,-0.3534022146983029,2026-09-29 10:48:55+08:00
10:49:00,47856.15,-168.4499999999971,-0.3507577366599557,2026-09-29 10:49:00+08:00
10:49:05,47816.13,-208.47000000000116,-0.43409002886021164,2026-09-29 10:49:05+08:00
10:49:10,47812.52,-212.08000000000175,-0.44160700974084477,2026-09-29 10:49:10+08:00
10:49:15,47810.55,-214.04999999999563,-0.44570907409951493,2026-09-29 10:49:15+08:00
10:49:20,47855.9,-168.6999999999971,-0.3512783032029358,2026-09-29 10:49:20+08:00
10:49:25,47859.22,-165.37999999999738,-0.3443651795121612,2026-09-29 10:49:25+08:00
10:49:30,47853.06,-171.54000000000087,-0.35719193913119707,2026-09-29 10:49:30+08:00
10:49:35,47847.11,-177.48999999999796,-0.3695814228541164,2026-09-29 10:49:35+08:00
10:49:40,47807.71,-216.88999999999942,-0.4516227100277762,2026-09-29 10:49:40+08:00
10:49:45,47811.26,-213.3399999999965,-0.44423066511745335,2026-09-29 10:49:45+08:00
10:49:50,47812.37,-212.22999999999593,-0.4419193496666207,2026-09-29 10:49:50+08:00
10:49:55,47807.97,-216.62999999999738,-0.4510813208230728,2026-09-29 10:49:55+08:00
10:50:00,47807.7,-216.90000000000146,-0.45164353268949964,2026-09-29 10:50:00+08:00
10:50:05,47804.72,-219.87999999999738,-0.45784868588181343,2026-09-29 10:50:05+08:00
10:50:10,47801.15,-223.4499999999971,-0.46528237611556805,2026-09-29 10:50:10+08:00
10:50:15,47797.67,-226.9300000000003,-0.47252866239385716,2026-09-29 10:50:15+08:00
10:50:20,47804.0,-220.59999999999854,-0.45934791752559845,2026-09-29 10:50:20+08:00
10:50:25,47804.44,-220.15999999999622,-0.45843172040994873,2026-09-29 10:50:25+08:00
10:50:30,47801.4,-223.1999999999971,-0.46476180957258806,2026-09-29 10:50:30+08:00
10:50:35,47797.61,-226.98999999999796,-0.4726535983641675,2026-09-29 10:50:35+08:00
10:50:40,47794.74,-229.86000000000058,-0.47862970227758395,2026-09-29 10:50:40+08:00
10:50:45,47837.81,-186.79000000000087,-0.3889464982529805,2026-09-29 10:50:45+08:00
10:50:50,47798.58,-226.0199999999968,-0.4706338001774025,2026-09-29 10:50:50+08:00
10:50:55,47793.2,-231.40000000000146,-0.4818363921823429,2026-09-29 10:50:55+08:00
10:51:00,47792.47,-232.12999999999738,-0.48335644648783616,2026-09-29 10:51:00+08:00
10:51:05,47798.44,-226.15999999999622,-0.47092531744147004,2026-09-29 10:51:05+08:00
10:51:10,47793.49,-231.11000000000058,-0.48123253499248425,2026-09-29 10:51:10+08:00
10:51:15,47834.18,-190.41999999999825,-0.3965051244570455,2026-09-29 10:51:15+08:00
10:51:20,47835.0,-189.59999999999854,-0.39479766619607154,2026-09-29 10:51:20+08:00
10:51:25,47784.82,-239.77999999999884,-0.499285782703029,2026-09-29 10:51:25+08:00
10:51:30,47783.13,-241.47000000000116,-0.502804812533579,2026-09-29 10:51:30+08:00
10:51:35,47782.77,-241.83000000000175,-0.5035544283554715,2026-09-29 10:51:35+08:00
10:51:40,47781.78,-242.8199999999997,-0.5056158718656683,2026-09-29 10:51:40+08:00
10:51:45,47783.07,-241.52999999999884,-0.5029297485038894,2026-09-29 10:51:45+08:00
10:51:50,47782.03,-242.5699999999997,-0.5050953053226882,2026-09-29 10:51:50+08:00
10:51:55,47820.58,-204.0199999999968,-0.4248239443951575,2026-09-29 10:51:55+08:00
10:52:00,47771.46,-253.13999999999942,-0.5271048587598843,2026-09-29 10:52:00+08:00
10:52:05,47769.32,-255.27999999999884,-0.5315609083677925,2026-09-29 10:52:05+08:00
10:52:10,47764.82,-259.77999999999884,-0.5409311061414335,2026-09-29 10:52:10+08:00
10:52:15,47766.16,-258.43999999999505,-0.5381408694710524,2026-09-29 10:52:15+08:00
10:52:20,47768.18,-256.41999999999825,-0.5339346918037803,2026-09-29 10:52:20+08:00
10:52:25,47809.71,-214.88999999999942,-0.44745817768393575,2026-09-29 10:52:25+08:00
10:52:30,47768.07,-256.52999999999884,-0.5341637410826927,2026-09-29 10:52:30+08:00
10:52:35,47763.44,-261.1599999999962,-0.5438046334586779,2026-09-29 10:52:35+08:00
10:52:40,47763.84,-260.76000000000204,-0.5429717269899219,2026-09-29 10:52:40+08:00
10:52:45,47801.3,-223.29999999999563,-0.464970036189777,2026-09-29 10:52:45+08:00
10:52:50,47807.4,-217.1999999999971,-0.45226821254106664,2026-09-29 10:52:50+08:00
10:52:55,47810.48,-214.11999999999534,-0.4458548327315487,2026-09-29 10:52:55+08:00
10:53:00,47809.9,-214.6999999999971,-0.4470625471112661,2026-09-29 10:53:00+08:00
10:53:05,47772.51,-252.0899999999965,-0.5249184792793621,2026-09-29 10:53:05+08:00
10:53:10,47767.4,-257.1999999999971,-0.5355588594178756,2026-09-29 10:53:10+08:00
10:53:15,47769.79,-254.80999999999767,-0.5305822432669874,2026-09-29 10:53:15+08:00
10:53:20,47766.31,-258.2900000000009,-0.5378285295452766,2026-09-29 10:53:20+08:00
10:53:25,47768.4,-256.1999999999971,-0.5334765932459554,2026-09-29 10:53:25+08:00
10:53:30,47773.31,-251.29000000000087,-0.523252666341835,2026-09-29 10:53:30+08:00
10:53:35,47767.61,-256.98999999999796,-0.5351215835217742,2026-09-29 10:53:35+08:00
10:53:40,47766.06,-258.5400000000009,-0.5383490960882565,2026-09-29 10:53:40+08:00
10:53:45,47767.91,-256.68999999999505,-0.5344969036701921,2026-09-29 10:53:45+08:00
10:53:50,47764.46,-260.1399999999994,-0.541680721963326,2026-09-29 10:53:50+08:00
10:53:55,47763.41,-261.18999999999505,-0.5438671014438331,2026-09-29 10:53:55+08:00
10:54:00,47767.4,-257.1999999999971,-0.5355588594178756,2026-09-29 10:54:00+08:00
10:54:05,47760.84,-263.76000000000204,-0.5492185255056825,2026-09-29 10:54:05+08:00
10:54:10,47759.67,-264.9300000000003,-0.5516547769268256,2026-09-29 10:54:10+08:00
10:54:15,47758.6,-266.0,-0.5538828017307796,2026-09-29 10:54:15+08:00
10:54:20,47753.06,-271.5400000000009,-0.5654185563232195,2026-09-29 10:54:20+08:00
10:54:25,47752.38,-272.22000000000116,-0.5668344973201259,2026-09-29 10:54:25+08:00
10:54:30,47751.88,-272.72000000000116,-0.567875630406086,2026-09-29 10:54:30+08:00
10:54:35,47709.11,-315.48999999999796,-0.6569341545791073,2026-09-29 10:54:35+08:00
10:54:40,47708.8,-315.79999999999563,-0.6575796570923977,2026-09-29 10:54:40+08:00
10:54:45,47706.27,-318.33000000000175,-0.6628477905073686,2026-09-29 10:54:45+08:00
10:54:50,47697.14,-327.4599999999991,-0.6818588806569948,2026-09-29 10:54:50+08:00
10:54:55,47699.77,-324.83000000000175,-0.6763825206248502,2026-09-29 10:54:55+08:00
10:55:00,47738.83,-285.7699999999968,-0.5950492039496358,2026-09-29 10:55:00+08:00
10:55:05,47698.35,-326.25,-0.6793393385889732,2026-09-29 10:55:05+08:00
10:55:10,47694.83,-329.7699999999968,-0.6866689155141257,2026-09-29 10:55:10+08:00
10:55:15,47694.35,-330.25,-0.687668403276654,2026-09-29 10:55:15+08:00
10:55:20,47734.54,-290.0599999999977,-0.6039821258271754,2026-09-29 10:55:20+08:00
10:55:25,47736.11,-288.48999999999796,-0.6007129679372613,2026-09-29 10:55:25+08:00
10:55:30,47736.22,-288.3799999999974,-0.6004839186583488,2026-09-29 10:55:30+08:00
10:55:35,47694.44,-330.1599999999962,-0.6874809993211733,2026-09-29 10:55:35+08:00
10:55:40,47696.08,-328.5199999999968,-0.6840660827992254,2026-09-29 10:55:40+08:00
10:55:45,47695.07,-329.52999999999884,-0.6861691716328691,2026-09-29 10:55:45+08:00
10:55:50,47694.77,-329.83000000000175,-0.6867938514844513,2026-09-29 10:55:50+08:00
10:55:55,47733.7,-290.90000000000146,-0.6057312294115963,2026-09-29 10:55:55+08:00
10:56:00,47700.24,-324.3600000000006,-0.6754038555240451,2026-09-29 10:56:00+08:00
10:56:05,47693.9,-330.6999999999971,-0.6886054230540121,2026-09-29 10:56:05+08:00
10:56:10,47697.11,-327.48999999999796,-0.68192134864215,2026-09-29 10:56:10+08:00
10:56:15,47695.35,-329.25,-0.6855861371047338,2026-09-29 10:56:15+08:00
10:56:20,47698.51,-326.0899999999965,-0.6790061760014587,2026-09-29 10:56:20+08:00
10:56:25,47695.8,-328.79999999999563,-0.6846491173273607,2026-09-29 10:56:25+08:00
10:56:30,47694.73,-329.86999999999534,-0.6868771421313147,2026-09-29 10:56:30+08:00
10:56:35,47691.7,-332.90000000000146,-0.6931864086322457,2026-09-29 10:56:35+08:00
10:56:40,47696.27,-328.33000000000175,-0.6836704522265709,2026-09-29 10:56:40+08:00
10:56:45,47699.94,-324.6599999999962,-0.6760285353756121,2026-09-29 10:56:45+08:00
10:56:50,47702.77,-321.83000000000175,-0.6701357221090894,2026-09-29 10:56:50+08:00
10:56:55,47751.41,-273.18999999999505,-0.5688542955068758,2026-09-29 10:56:55+08:00
10:57:00,47752.03,-272.5699999999997,-0.567563290480295,2026-09-29 10:57:00+08:00
10:57:05,47751.25,-273.34999999999854,-0.5691874580943903,2026-09-29 10:57:05+08:00
10:57:10,47747.67,-276.9300000000003,-0.5766419709898684,2026-09-29 10:57:10+08:00
10:57:15,47714.21,-310.3899999999994,-0.6463145971023172,2026-09-29 10:57:15+08:00
10:57:20,47714.19,-310.4099999999962,-0.646356242425749,2026-09-29 10:57:20+08:00
10:57:25,47718.14,-306.4599999999991,-0.6381312910466701,2026-09-29 10:57:25+08:00
10:57:30,47721.79,-302.8099999999977,-0.6305310195191582,2026-09-29 10:57:30+08:00
10:57:35,47722.22,-302.3799999999974,-0.629635645065232,2026-09-29 10:57:35+08:00
10:57:40,47717.71,-306.8899999999994,-0.6390266655005964,2026-09-29 10:57:40+08:00
10:57:45,47760.89,-263.7099999999991,-0.5491144121970805,2026-09-29 10:57:45+08:00
10:57:50,47722.11,-302.48999999999796,-0.6298646943441444,2026-09-29 10:57:50+08:00
10:57:55,47718.11,-306.48999999999796,-0.6381937590318253,2026-09-29 10:57:55+08:00
10:58:00,47715.56,-309.0400000000009,-0.643503537770228,2026-09-29 10:58:00+08:00
10:58:05,47714.84,-309.76000000000204,-0.6450027694140129,2026-09-29 10:58:05+08:00
10:58:10,47715.07,-309.52999999999884,-0.6445238481944646,2026-09-29 10:58:10+08:00
10:58:15,47710.86,-313.73999999999796,-0.6532901887782468,2026-09-29 10:58:15+08:00
10:58:20,47713.65,-310.9499999999971,-0.6474806661585877,2026-09-29 10:58:20+08:00
10:58:25,47756.68,-267.91999999999825,-0.5578807527808628,2026-09-29 10:58:25+08:00
10:58:30,47757.1,-267.5,-0.55700620098866,2026-09-29 10:58:30+08:00
10:58:35,47715.68,-308.91999999999825,-0.643253665829592,2026-09-29 10:58:35+08:00
10:58:40,47717.91,-306.68999999999505,-0.6386102122662033,2026-09-29 10:58:40+08:00
10:58:45,47719.19,-305.4099999999962,-0.6359449115661479,2026-09-29 10:58:45+08:00
10:58:50,47720.19,-304.4099999999962,-0.6338626453942277,2026-09-29 10:58:50+08:00
10:58:55,47723.68,-300.91999999999825,-0.6265955364542303,2026-09-29 10:58:55+08:00
10:59:00,47730.03,-294.5699999999997,-0.6133731462625399,2026-09-29 10:59:00+08:00
10:59:05,47779.76,-244.8399999999965,-0.5098220495329405,2026-09-29 10:59:05+08:00
10:59:10,47735.93,-288.66999999999825,-0.6010877758482075,2026-09-29 10:59:10+08:00
10:59:15,47775.28,-249.3199999999997,-0.5191506019831497,2026-09-29 10:59:15+08:00
10:59:20,47775.81,-248.79000000000087,-0.5180470009120344,2026-09-29 10:59:20+08:00
10:59:25,47777.85,-246.75,-0.5137991779213154,2026-09-29 10:59:25+08:00
10:59:30,47776.58,-248.0199999999968,-0.5164436559596474,2026-09-29 10:59:30+08:00
10:59:35,47738.19,-286.4099999999962,-0.5963818542996635,2026-09-29 10:59:35+08:00
10:59:40,47737.85,-286.75,-0.5970898247981243,2026-09-29 10:59:40+08:00
10:59:45,47738.56,-286.0400000000009,-0.5956114158160628,2026-09-29 10:59:45+08:00
10:59:50,47739.55,-285.04999999999563,-0.5935499723058508,2026-09-29 10:59:50+08:00
10:59:55,47743.59,-281.01000000000204,-0.5851376169713065,2026-09-29 10:59:55+08:00
11:00:00,47744.06,-280.5400000000009,-0.5841589518705015,2026-09-29 11:00:00+08:00
11:00:05,47737.51,-287.0899999999965,-0.59779779529657,2026-09-29 11:00:05+08:00
11:00:10,47737.8,-286.79999999999563,-0.5971939381067113,2026-09-29 11:00:10+08:00
11:00:15,47741.24,-283.3600000000006,-0.590030942475316,2026-09-29 11:00:15+08:00
11:00:20,47743.69,-280.9099999999962,-0.5849293903541023,2026-09-29 11:00:20+08:00
11:00:25,47740.0,-284.59999999999854,-0.5926129525284928,2026-09-29 11:00:25+08:00
11:00:30,47737.5,-287.09999999999854,-0.5978186179582934,2026-09-29 11:00:30+08:00
11:00:35,47737.4,-287.1999999999971,-0.5980268445754823,2026-09-29 11:00:35+08:00
11:00:40,47778.86,-245.73999999999796,-0.5116960890876716,2026-09-29 11:00:40+08:00
11:00:45,47751.92,-272.6800000000003,-0.5677923397592074,2026-09-29 11:00:45+08:00
11:00:50,47786.28,-238.3199999999997,-0.49624567409202724,2026-09-29 11:00:50+08:00
11:00:55,47787.44,-237.15999999999622,-0.4938302453325925,2026-09-29 11:00:55+08:00
11:01:00,47794.96,-229.63999999999942,-0.4781716037197591,2026-09-29 11:01:00+08:00
11:01:05,47791.06,-233.54000000000087,-0.486292441790251,2026-09-29 11:01:05+08:00
11:01:10,47742.61,-281.98999999999796,-0.5871782378197797,2026-09-29 11:01:10+08:00
11:01:15,47742.93,-281.66999999999825,-0.5865119126447659,2026-09-29 11:01:15+08:00
11:01:20,47742.41,-282.18999999999505,-0.5875946910541577,2026-09-29 11:01:20+08:00
11:01:25,47742.99,-281.6100000000006,-0.5863869766744556,2026-09-29 11:01:25+08:00
11:01:30,47741.6,-283.0,-0.5892813266534235,2026-09-29 11:01:30+08:00
11:01:35,47746.14,-278.4599999999991,-0.5798278382329038,2026-09-29 11:01:35+08:00
11:01:40,47743.43,-281.16999999999825,-0.5854707795588058,2026-09-29 11:01:40+08:00
11:01:45,47740.6,-284.0,-0.5913635928253437,2026-09-29 11:01:45+08:00
11:01:50,47742.09,-282.51000000000204,-0.5882610162291868,2026-09-29 11:01:50+08:00
11:01:55,47743.28,-281.3199999999997,-0.5857831194845969,2026-09-29 11:01:55+08:00
11:02:00,47744.61,-279.98999999999796,-0.5830137054759393,2026-09-29 11:02:00+08:00
11:02:05,47741.4,-283.1999999999971,-0.5896977798878015,2026-09-29 11:02:05+08:00
11:02:10,47777.18,-247.41999999999825,-0.5151942962564983,2026-09-29 11:02:10+08:00
11:02:15,47775.99,-248.61000000000058,-0.5176721930010882,2026-09-29 11:02:15+08:00
11:02:20,47776.73,-247.86999999999534,-0.5161313160338563,2026-09-29 11:02:20+08:00
11:02:25,47736.13,-288.47000000000116,-0.6006713226138295,2026-09-29 11:02:25+08:00
11:02:30,47738.41,-286.18999999999505,-0.5959237557418386,2026-09-29 11:02:30+08:00
11:02:35,47733.84,-290.76000000000204,-0.6054397121475287,2026-09-29 11:02:35+08:00
11:02:40,47734.22,-290.3799999999974,-0.6046484510021892,2026-09-29 11:02:40+08:00
11:02:45,47736.18,-288.41999999999825,-0.6005672093052274,2026-09-29 11:02:45+08:00
11:02:50,47731.86,-292.73999999999796,-0.6095625991679222,2026-09-29 11:02:50+08:00
11:02:55,47731.71,-292.8899999999994,-0.6098749390937133,2026-09-29 11:02:55+08:00
11:03:00,47729.76,-294.8399999999965,-0.6139353581289517,2026-09-29 11:03:00+08:00
11:03:05,47729.22,-295.3799999999974,-0.6150597818617904,2026-09-29 11:03:05+08:00
11:03:10,47770.69,-253.90999999999622,-0.5287082037122564,2026-09-29 11:03:10+08:00
11:03:15,47733.18,-291.41999999999825,-0.606814007820988,2026-09-29 11:03:15+08:00
11:03:20,47736.88,-287.72000000000116,-0.5991096229848893,2026-09-29 11:03:20+08:00
11:03:25,47733.26,-291.3399999999965,-0.6066474265272309,2026-09-29 11:03:25+08:00
11:03:30,47733.78,-290.8199999999997,-0.605564648117839,2026-09-29 11:03:30+08:00
11:03:35,47733.96,-290.6399999999994,-0.6051898402068928,2026-09-29 11:03:35+08:00
11:03:40,47730.87,-293.7299999999959,-0.611624042678119,2026-09-29 11:03:40+08:00
11:03:45,47735.6,-289.0,-0.6017749236849448,2026-09-29 11:03:45+08:00
11:03:50,47732.44,-292.1599999999962,-0.6083548847882049,2026-09-29 11:03:50+08:00
11:03:55,47725.98,-298.61999999999534,-0.6218063242588077,2026-09-29 11:03:55+08:00
11:04:00,47726.55,-298.04999999999563,-0.6206194325408138,2026-09-29 11:04:00+08:00
11:04:05,47719.45,-305.15000000000146,-0.6354035223614595,2026-09-29 11:04:05+08:00
11:04:10,47724.58,-300.0199999999968,-0.6247214968994991,2026-09-29 11:04:10+08:00
11:04:15,47723.69,-300.9099999999962,-0.6265747137925068,2026-09-29 11:04:15+08:00
11:04:20,47721.44,-303.1599999999962,-0.6312598126793273,2026-09-29 11:04:20+08:00
11:04:25,47724.84,-299.76000000000204,-0.6241801076948107,2026-09-29 11:04:25+08:00
11:04:30,47721.5,-303.09999999999854,-0.6311348767090169,2026-09-29 11:04:30+08:00
11:04:35,47720.7,-303.90000000000146,-0.6328006896465591,2026-09-29 11:04:35+08:00
11:04:40,47715.42,-309.1800000000003,-0.6437950550342956,2026-09-29 11:04:40+08:00
11:04:45,47713.85,-310.75,-0.6470642129242097,2026-09-29 11:04:45+08:00
11:04:50,47712.31,-312.2900000000009,-0.6502709028289686,2026-09-29 11:04:50+08:00
11:04:55,47713.66,-310.93999999999505,-0.6474598434968643,2026-09-29 11:04:55+08:00
11:05:00,47753.12,-271.4799999999959,-0.565293620352894,2026-09-29 11:05:00+08:00
11:05:05,47711.66,-312.93999999999505,-0.6516243758407047,2026-09-29 11:05:05+08:00
11:05:10,47708.72,-315.8799999999974,-0.657746238386155,2026-09-29 11:05:10+08:00
11:05:15,47751.12,-273.4799999999959,-0.5694581526967345,2026-09-29 11:05:15+08:00
11:05:20,47751.23,-273.36999999999534,-0.5692291034178221,2026-09-29 11:05:20+08:00
11:05:25,47709.29,-315.3099999999977,-0.6565593466681611,2026-09-29 11:05:25+08:00
11:05:30,47709.41,-315.18999999999505,-0.6563094747275252,2026-09-29 11:05:30+08:00
11:05:35,47707.23,-317.36999999999534,-0.660848814982312,2026-09-29 11:05:35+08:00
11:05:40,47704.56,-320.0400000000009,-0.6664084656613504,2026-09-29 11:05:40+08:00
11:05:45,47706.26,-318.3399999999965,-0.662868613169077,2026-09-29 11:05:45+08:00
11:05:50,47708.3,-316.29999999999563,-0.6586207901783578,2026-09-29 11:05:50+08:00
11:05:55,47699.81,-324.7900000000009,-0.6762992299779714,2026-09-29 11:05:55+08:00
11:06:00,47700.87,-323.7299999999959,-0.6740920278357257,2026-09-29 11:06:00+08:00
11:06:05,47700.6,-324.0,-0.6746542397021527,2026-09-29 11:06:05+08:00
11:06:10,47699.22,-325.3799999999974,-0.6775277670193971,2026-09-29 11:06:10+08:00
11:06:15,47699.57,-325.02999999999884,-0.676798973859228,2026-09-29 11:06:15+08:00
11:06:20,47699.77,-324.83000000000175,-0.6763825206248502,2026-09-29 11:06:20+08:00
11:06:25,47705.28,-319.3199999999997,-0.6649092340175654,2026-09-29 11:06:25+08:00
11:06:30,47700.64,-323.9599999999991,-0.674570949055274,2026-09-29 11:06:30+08:00
11:06:35,47698.55,-326.04999999999563,-0.67892288535458,2026-09-29 11:06:35+08:00
11:06:40,47697.06,-327.5400000000009,-0.6820254619507521,2026-09-29 11:06:40+08:00
11:06:45,47699.52,-325.08000000000175,-0.6769030871678301,2026-09-29 11:06:45+08:00
11:06:50,47698.62,-325.9799999999959,-0.6787771267225462,2026-09-29 11:06:50+08:00
11:06:55,47737.54,-287.0599999999977,-0.5977353273114148,2026-09-29 11:06:55+08:00
11:07:00,47733.61,-290.98999999999796,-0.6059186333670619,2026-09-29 11:07:00+08:00
11:07:05,47734.32,-290.27999999999884,-0.6044402243850002,2026-09-29 11:07:05+08:00
11:07:10,47735.54,-289.0599999999977,-0.6018998596552552,2026-09-29 11:07:10+08:00
11:07:15,47699.37,-325.2299999999959,-0.677215427093606,2026-09-29 11:07:15+08:00
11:07:20,47699.1,-325.5,-0.6777776389600331,2026-09-29 11:07:20+08:00
11:07:25,47700.61,-323.98999999999796,-0.6746334170404292,2026-09-29 11:07:25+08:00
11:07:30,47732.41,-292.18999999999505,-0.60841735277336,2026-09-29 11:07:30+08:00
11:07:35,47697.42,-327.1800000000003,-0.6812758461288596,2026-09-29 11:07:35+08:00
11:07:40,47696.47,-328.1299999999974,-0.6832539989921778,2026-09-29 11:07:40+08:00
11:07:45,47696.87,-327.7299999999959,-0.6824210925234067,2026-09-29 11:07:45+08:00
11:07:50,47699.3,-325.29999999999563,-0.6773611857256399,2026-09-29 11:07:50+08:00
11:07:55,47699.83,-324.7699999999968,-0.6762575846545246,2026-09-29 11:07:55+08:00
11:08:00,47696.49,-328.1100000000006,-0.683212353668746,2026-09-29 11:08:00+08:00
11:08:05,47695.38,-329.22000000000116,-0.6855236691195787,2026-09-29 11:08:05+08:00
11:08:10,47692.26,-332.3399999999965,-0.6920203395759601,2026-09-29 11:08:10+08:00
11:08:15,47694.06,-330.5400000000009,-0.6882722604665128,2026-09-29 11:08:15+08:00
11:08:20,47697.22,-327.3799999999974,-0.6816922993632376,2026-09-29 11:08:20+08:00
11:08:25,47696.37,-328.2299999999959,-0.6834622256093668,2026-09-29 11:08:25+08:00
11:08:30,47697.59,-327.01000000000204,-0.6809218608796368,2026-09-29 11:08:30+08:00
11:08:35,47695.54,-329.0599999999977,-0.6851905065320641,2026-09-29 11:08:35+08:00
11:08:40,47731.79,-292.8099999999977,-0.609708357799956,2026-09-29 11:08:40+08:00
11:08:45,47694.65,-329.9499999999971,-0.6870437234250719,2026-09-29 11:08:45+08:00
11:08:50,47689.64,-334.9599999999991,-0.6974758769463965,2026-09-29 11:08:50+08:00
11:08:55,47688.62,-335.9799999999959,-0.6995997884417485,2026-09-29 11:08:55+08:00
11:09:00,47687.82,-336.77999999999884,-0.7012656013792907,2026-09-29 11:09:00+08:00
11:09:05,47682.49,-342.1100000000006,-0.7123640800756291,2026-09-29 11:09:05+08:00
11:09:10,47677.51,-347.0899999999965,-0.7227337656117834,2026-09-29 11:09:10+08:00
11:09:15,47672.94,-351.6599999999962,-0.7322497220174582,2026-09-29 11:09:15+08:00
11:09:20,47677.57,-347.02999999999884,-0.722608829641473,2026-09-29 11:09:20+08:00
11:09:25,47716.16,-308.43999999999505,-0.6422541780670638,2026-09-29 11:09:25+08:00
11:09:30,47715.08,-309.5199999999968,-0.6445030255327411,2026-09-29 11:09:30+08:00
11:09:35,47673.27,-351.33000000000175,-0.731562574180736,2026-09-29 11:09:35+08:00
11:09:40,47673.14,-351.4599999999991,-0.7318332687830802,2026-09-29 11:09:40+08:00
11:09:45,47673.49,-351.1100000000006,-0.7311044756229111,2026-09-29 11:09:45+08:00
11:09:50,47713.16,-311.43999999999505,-0.6485009765828244,2026-09-29 11:09:50+08:00
11:09:55,47672.59,-352.01000000000204,-0.7329785151776425,2026-09-29 11:09:55+08:00
11:10:00,47677.08,-347.5199999999968,-0.7236291400657097,2026-09-29 11:10:00+08:00
11:10:05,47672.32,-352.27999999999884,-0.7335407270440542,2026-09-29 11:10:05+08:00
11:10:10,47671.44,-353.1599999999962,-0.7353731212753385,2026-09-29 11:10:10+08:00
11:10:15,47673.69,-350.9099999999962,-0.730688022388518,2026-09-29 11:10:15+08:00
11:10:20,47670.08,-354.5199999999968,-0.7382050032691512,2026-09-29 11:10:20+08:00
11:10:25,47672.46,-352.1399999999994,-0.7332492097799865,2026-09-29 11:10:25+08:00
11:10:30,47675.84,-348.76000000000204,-0.7262111501189017,2026-09-29 11:10:30+08:00
11:10:35,47672.62,-351.9799999999959,-0.732916047192472,2026-09-29 11:10:35+08:00
11:10:40,47667.37,-357.2299999999959,-0.7438479445950532,2026-09-29 11:10:40+08:00
11:10:45,47667.43,-357.16999999999825,-0.7437230086247428,2026-09-29 11:10:45+08:00
11:10:50,47666.01,-358.5899999999965,-0.7466798265888659,2026-09-29 11:10:50+08:00
11:10:55,47661.6,-363.0,-0.7558626204070414,2026-09-29 11:10:55+08:00
11:11:00,47661.56,-363.0400000000009,-0.7559459110539201,2026-09-29 11:11:00+08:00
11:11:05,47660.56,-364.0400000000009,-0.7580281772258403,2026-09-29 11:11:05+08:00
11:11:10,47662.48,-362.11999999999534,-0.7540302261757419,2026-09-29 11:11:10+08:00
11:11:15,47655.93,-368.66999999999825,-0.7676690696018255,2026-09-29 11:11:15+08:00
11:11:20,47661.25,-363.34999999999854,-0.7565914135672105,2026-09-29 11:11:20+08:00
11:11:25,47661.94,-362.6599999999962,-0.7551546499085806,2026-09-29 11:11:25+08:00
11:11:30,47663.73,-360.86999999999534,-0.7514273934608416,2026-09-29 11:11:30+08:00
11:11:35,47659.38,-365.22000000000116,-0.7604852513087067,2026-09-29 11:11:35+08:00
11:11:40,47662.08,-362.5199999999968,-0.7548631326445131,2026-09-29 11:11:40+08:00
11:11:45,47659.61,-364.98999999999796,-0.7600063300891584,2026-09-29 11:11:45+08:00
11:11:50,47658.04,-366.5599999999977,-0.7632754879790726,2026-09-29 11:11:50+08:00
11:11:55,47654.54,-370.0599999999977,-0.7705634195807933,2026-09-29 11:11:55+08:00
11:12:00,47650.09,-374.51000000000204,-0.7798295040458475,2026-09-29 11:12:00+08:00
11:12:05,47650.98,-373.61999999999534,-0.7779762871528245,2026-09-29 11:12:05+08:00
11:12:10,47652.44,-372.1599999999962,-0.7749361785418227,2026-09-29 11:12:10+08:00
11:12:15,47650.03,-374.5699999999997,-0.7799544400161578,2026-09-29 11:12:15+08:00
11:12:20,47649.91,-374.68999999999505,-0.7802043119567785,2026-09-29 11:12:20+08:00
11:12:25,47651.6,-373.0,-0.7766852821262437,2026-09-29 11:12:25+08:00
11:12:30,47686.91,-337.68999999999505,-0.7031604635957303,2026-09-29 11:12:30+08:00
11:12:35,47649.42,-375.1800000000003,-0.7812246223810304,2026-09-29 11:12:35+08:00
11:12:40,47651.83,-372.7699999999968,-0.7762063609066954,2026-09-29 11:12:40+08:00
11:12:45,47649.74,-374.8600000000006,-0.7805582972060165,2026-09-29 11:12:45+08:00
11:12:50,47646.11,-378.48999999999796,-0.7881169234100813,2026-09-29 11:12:50+08:00
11:12:55,47639.6,-385.0,-0.8016724761892864,2026-09-29 11:12:55+08:00
11:13:00,47637.85,-386.75,-0.8053164419901467,2026-09-29 11:13:00+08:00
11:13:05,47639.33,-385.2699999999968,-0.8022346880556981,2026-09-29 11:13:05+08:00
11:13:10,47639.62,-384.9799999999959,-0.8016308308658394,2026-09-29 11:13:10+08:00
11:13:15,47642.51,-382.0899999999965,-0.7956130816289912,2026-09-29 11:13:15+08:00
11:13:20,47598.96,-425.6399999999994,-0.8862957734161231,2026-09-29 11:13:20+08:00
11:13:25,47595.78,-428.8199999999997,-0.8929173798428299,2026-09-29 11:13:25+08:00
11:13:30,47599.17,-425.4300000000003,-0.8858584975200217,2026-09-29 11:13:30+08:00
11:13:35,47595.14,-429.4599999999991,-0.8942500301928576,2026-09-29 11:13:35+08:00
11:13:40,47593.6,-431.0,-0.8974567200976167,2026-09-29 11:13:40+08:00
11:13:45,47589.47,-435.1299999999974,-0.9060564793876418,2026-09-29 11:13:45+08:00
11:13:50,47590.16,-434.43999999999505,-0.9046197157290119,2026-09-29 11:13:50+08:00
11:13:55,47592.42,-432.1800000000003,-0.8999137941804831,2026-09-29 11:13:55+08:00
11:14:00,47591.9,-432.6999999999971,-0.9009965725898749,2026-09-29 11:14:00+08:00
11:14:05,47627.41,-397.18999999999505,-0.8270553008249837,2026-09-29 11:14:05+08:00
11:14:10,47628.71,-395.8899999999994,-0.8243483548014965,2026-09-29 11:14:10+08:00
11:14:15,47625.88,-398.72000000000116,-0.8302411680680343,2026-09-29 11:14:15+08:00
11:14:20,47586.49,-438.1100000000006,-0.9122616325799706,2026-09-29 11:14:20+08:00
11:14:25,47587.64,-436.9599999999991,-0.9098670264822594,2026-09-29 11:14:25+08:00
11:14:30,47626.82,-397.77999999999884,-0.8282838378664245,2026-09-29 11:14:30+08:00
11:14:35,47588.45,-436.15000000000146,-0.9081803908830088,2026-09-29 11:14:35+08:00
11:14:40,47625.98,-398.61999999999534,-0.8300329414508302,2026-09-29 11:14:40+08:00
11:14:45,47623.54,-401.0599999999977,-0.8351136709103204,2026-09-29 11:14:45+08:00
11:14:50,47623.83,-400.7699999999968,-0.8345098137204616,2026-09-29 11:14:50+08:00
11:14:55,47621.93,-402.66999999999825,-0.838466119447113,2026-09-29 11:14:55+08:00
11:15:00,47585.15,-439.4499999999971,-0.9150518692503365,2026-09-29 11:15:00+08:00
11:15:05,47583.12,-441.4799999999959,-0.9192788695793321,2026-09-29 11:15:05+08:00
11:15:10,47581.03,-443.5699999999997,-0.9236308058786533,2026-09-29 11:15:10+08:00
11:15:15,47580.22,-444.3799999999974,-0.9253174414779038,2026-09-29 11:15:15+08:00
11:15:20,47575.83,-448.7699999999968,-0.9344585899726323,2026-09-29 11:15:20+08:00
11:15:25,47582.02,-442.58000000000175,-0.9215693623684564,2026-09-29 11:15:25+08:00
11:15:30,47576.64,-447.9599999999991,-0.9327719543733818,2026-09-29 11:15:30+08:00
11:15:35,47573.73,-450.86999999999534,-0.9388313489336618,2026-09-29 11:15:35+08:00
11:15:40,47615.33,-409.2699999999968,-0.8522090761817835,2026-09-29 11:15:40+08:00
11:15:45,47575.76,-448.8399999999965,-0.9346043486046661,2026-09-29 11:15:45+08:00
11:15:50,47575.72,-448.8799999999974,-0.9346876392515447,2026-09-29 11:15:50+08:00
11:15:55,47578.2,-446.40000000000146,-0.9295236191451912,2026-09-29 11:15:55+08:00
11:16:00,47573.09,-451.51000000000204,-0.9401639992837046,2026-09-29 11:16:00+08:00
11:16:05,47577.66,-446.93999999999505,-0.9306480428780147,2026-09-29 11:16:05+08:00
11:16:10,47589.48,-435.11999999999534,-0.9060356567259182,2026-09-29 11:16:10+08:00
11:16:15,47624.19,-400.4099999999962,-0.8337601978985691,2026-09-29 11:16:15+08:00
11:16:20,47585.83,-438.7699999999968,-0.9136359282534302,2026-09-29 11:16:20+08:00
11:16:25,47586.29,-438.3099999999977,-0.9126780858143486,2026-09-29 11:16:25+08:00
11:16:30,47632.39,-392.2099999999991,-0.8166856152888294,2026-09-29 11:16:30+08:00
11:16:35,47591.61,-432.98999999999796,-0.9016004297797336,2026-09-29 11:16:35+08:00
11:16:40,47591.37,-433.2299999999959,-0.9021001736609903,2026-09-29 11:16:40+08:00
11:16:45,47594.15,-430.4499999999971,-0.8963114737030545,2026-09-29 11:16:45+08:00
11:16:50,47595.85,-428.75,-0.8927716212107962,2026-09-29 11:16:50+08:00
11:16:55,47597.1,-427.5,-0.8901687884958959,2026-09-29 11:16:55+08:00
11:17:00,47639.4,-385.1999999999971,-0.8020889294236644,2026-09-29 11:17:00+08:00
11:17:05,47640.16,-384.43999999999505,-0.8005064071330007,2026-09-29 11:17:05+08:00
11:17:10,47602.48,-422.11999999999534,-0.8789661964909554,2026-09-29 11:17:10+08:00
11:17:15,47601.72,-422.8799999999974,-0.880548718781619,2026-09-29 11:17:15+08:00
11:17:20,47595.76,-428.8399999999965,-0.8929590251662617,2026-09-29 11:17:20+08:00
11:17:25,47602.87,-421.7299999999959,-0.8781541126839078,2026-09-29 11:17:25+08:00
11:17:30,47604.32,-420.27999999999884,-0.8751348267346295,2026-09-29 11:17:30+08:00
11:17:35,47603.38,-421.22000000000116,-0.8770921569362393,2026-09-29 11:17:35+08:00
11:17:40,47606.18,-418.41999999999825,-0.8712618116548566,2026-09-29 11:17:40+08:00
11:17:45,47649.36,-375.23999999999796,-0.7813495583513408,2026-09-29 11:17:45+08:00
11:17:50,47609.53,-415.0699999999997,-0.864286219978927,2026-09-29 11:17:50+08:00
11:17:55,47612.3,-412.29999999999563,-0.8585183426826993,2026-09-29 11:17:55+08:00
11:18:00,47609.34,-415.26000000000204,-0.8646818505515966,2026-09-29 11:18:00+08:00
11:18:05,47614.3,-410.29999999999563,-0.8543538103388589,2026-09-29 11:18:05+08:00
11:18:10,47614.9,-409.6999999999971,-0.8531044506357098,2026-09-29 11:18:10+08:00
11:18:15,47614.72,-409.8799999999974,-0.853479258546656,2026-09-29 11:18:15+08:00
11:18:20,47658.59,-366.01000000000204,-0.7621302415845256,2026-09-29 11:18:20+08:00
11:18:25,47664.63,-359.97000000000116,-0.7495533539061255,2026-09-29 11:18:25+08:00
11:18:30,47619.93,-404.66999999999825,-0.8426306517909534,2026-09-29 11:18:30+08:00
11:18:35,47622.69,-401.9099999999962,-0.8368835971564496,2026-09-29 11:18:35+08:00
11:18:40,47619.9,-404.6999999999971,-0.8426931197761087,2026-09-29 11:18:40+08:00
11:18:45,47623.79,-400.8099999999977,-0.8345931043673402,2026-09-29 11:18:45+08:00
11:18:50,47625.82,-398.77999999999884,-0.8303661040383447,2026-09-29 11:18:50+08:00
11:18:55,47627.01,-397.5899999999965,-0.8278882072937546,2026-09-29 11:18:55+08:00
11:19:00,47667.69,-356.9099999999962,-0.7431816194200394,2026-09-29 11:19:00+08:00
11:19:05,47668.92,-355.6800000000003,-0.740620432028586,2026-09-29 11:19:05+08:00
11:19:10,47625.38,-399.22000000000116,-0.8312823011539943,2026-09-29 11:19:10+08:00
11:19:15,47662.06,-362.5400000000009,-0.75490477796796,2026-09-29 11:19:15+08:00
11:19:20,47665.27,-359.33000000000175,-0.7482207035560978,2026-09-29 11:19:20+08:00
11:19:25,47628.49,-396.1100000000006,-0.8248064533593212,2026-09-29 11:19:25+08:00
11:19:30,47627.58,-397.0199999999968,-0.8267013155757609,2026-09-29 11:19:30+08:00
11:19:35,47667.45,-357.15000000000146,-0.7436813633013111,2026-09-29 11:19:35+08:00
11:19:40,47668.66,-355.93999999999505,-0.7411618212332743,2026-09-29 11:19:40+08:00
11:19:45,47628.72,-395.8799999999974,-0.824327532139773,2026-09-29 11:19:45+08:00
11:19:50,47627.7,-396.90000000000146,-0.82645144363514,2026-09-29 11:19:50+08:00
11:19:55,47629.9,-394.6999999999971,-0.8218704580569065,2026-09-29 11:19:55+08:00
11:20:00,47632.51,-392.0899999999965,-0.8164357433481935,2026-09-29 11:20:00+08:00
11:20:05,47636.59,-388.01000000000204,-0.8079400973667704,2026-09-29 11:20:05+08:00
11:20:10,47636.97,-387.6299999999974,-0.8071488362214311,2026-09-29 11:20:10+08:00
11:20:15,47673.91,-350.68999999999505,-0.7302299238306932,2026-09-29 11:20:15+08:00
11:20:20,47677.65,-346.9499999999971,-0.7224422483477158,2026-09-29 11:20:20+08:00
11:20:25,47637.33,-387.2699999999968,-0.8063992203995386,2026-09-29 11:20:25+08:00
11:20:30,47639.35,-385.25,-0.8021930427322663,2026-09-29 11:20:30+08:00
11:20:35,47638.18,-386.41999999999825,-0.8046292941534093,2026-09-29 11:20:35+08:00
11:20:40,47641.99,-382.6100000000006,-0.7966958600383982,2026-09-29 11:20:40+08:00
11:20:45,47639.13,-385.47000000000116,-0.8026511412900913,2026-09-29 11:20:45+08:00
11:20:50,47639.57,-385.02999999999884,-0.8017349441744416,2026-09-29 11:20:50+08:00
11:20:55,47639.16,-385.43999999999505,-0.8025886733049209,2026-09-29 11:20:55+08:00
11:21:00,47639.05,-385.54999999999563,-0.8028177225838333,2026-09-29 11:21:00+08:00
11:21:05,47650.07,-374.52999999999884,-0.7798711493692791,2026-09-29 11:21:05+08:00
11:21:10,47656.27,-368.33000000000175,-0.7669610991033798,2026-09-29 11:21:10+08:00
11:21:15,47657.52,-367.08000000000175,-0.7643582663884796,2026-09-29 11:21:15+08:00
11:21:20,47694.66,-329.93999999999505,-0.6870229007633485,2026-09-29 11:21:20+08:00
11:21:25,47695.12,-329.4799999999959,-0.686065058324267,2026-09-29 11:21:25+08:00
11:21:30,47695.2,-329.40000000000146,-0.6858984770305249,2026-09-29 11:21:30+08:00
11:21:35,47694.99,-329.6100000000006,-0.6863357529266263,2026-09-29 11:21:35+08:00
11:21:40,47689.32,-335.27999999999884,-0.6981422021214103,2026-09-29 11:21:40+08:00
11:21:45,47696.45,-328.15000000000146,-0.6832956443156246,2026-09-29 11:21:45+08:00
11:21:50,47698.12,-326.4799999999959,-0.6798182598085063,2026-09-29 11:21:50+08:00
11:21:55,47694.48,-330.11999999999534,-0.6873977086742947,2026-09-29 11:21:55+08:00
11:22:00,47693.0,-331.59999999999854,-0.6904794626087434,2026-09-29 11:22:00+08:00
11:22:05,47689.26,-335.3399999999965,-0.6982671380917208,2026-09-29 11:22:05+08:00
11:22:10,47648.29,-376.3099999999977,-0.7835775831552948,2026-09-29 11:22:10+08:00
11:22:15,47644.21,-380.3899999999994,-0.792073229136733,2026-09-29 11:22:15+08:00
11:22:20,47646.72,-377.8799999999974,-0.7868467410452089,2026-09-29 11:22:20+08:00
11:22:25,47641.86,-382.73999999999796,-0.7969665546407424,2026-09-29 11:22:25+08:00
11:22:30,47644.7,-379.90000000000146,-0.7910529187124963,2026-09-29 11:22:30+08:00
11:22:35,47645.83,-378.7699999999968,-0.7886999579382168,2026-09-29 11:22:35+08:00
11:22:40,47651.72,-372.8799999999974,-0.7764354101856078,2026-09-29 11:22:40+08:00
11:22:45,47648.2,-376.40000000000146,-0.7837649871107754,2026-09-29 11:22:45+08:00
11:22:50,47645.67,-378.9300000000003,-0.7890331205257312,2026-09-29 11:22:50+08:00
11:22:55,47643.56,-381.0400000000009,-0.793426702148484,2026-09-29 11:22:55+08:00
11:23:00,47649.65,-374.9499999999971,-0.780745701161482,2026-09-29 11:23:00+08:00
11:23:05,47651.85,-372.75,-0.7761647155832636,2026-09-29 11:23:05+08:00
11:23:10,47650.52,-374.08000000000175,-0.7789341295919211,2026-09-29 11:23:10+08:00
11:23:15,47652.78,-371.8199999999997,-0.7742282080433772,2026-09-29 11:23:15+08:00
11:23:20,47656.54,-368.0599999999977,-0.7663988872369529,2026-09-29 11:23:20+08:00
11:23:25,47655.38,-369.22000000000116,-0.7688143159963876,2026-09-29 11:23:25+08:00
11:23:30,47661.06,-363.5400000000009,-0.7569870441398802,2026-09-29 11:23:30+08:00
11:23:35,47654.33,-370.2699999999968,-0.7710006954768948,2026-09-29 11:23:35+08:00
11:23:40,47655.98,-368.61999999999534,-0.7675649562932233,2026-09-29 11:23:40+08:00
11:23:45,47658.72,-365.8799999999974,-0.7618595469821662,2026-09-29 11:23:45+08:00
11:23:50,47655.8,-368.79999999999563,-0.7679397642041697,2026-09-29 11:23:50+08:00
11:23:55,47651.78,-372.8199999999997,-0.7763104742152974,2026-09-29 11:23:55+08:00
11:24:00,47649.3,-375.29999999999563,-0.7814744943216511,2026-09-29 11:24:00+08:00
11:24:05,47693.6,-331.0,-0.6892301029055943,2026-09-29 11:24:05+08:00
11:24:10,47698.37,-326.2299999999959,-0.6792976932655262,2026-09-29 11:24:10+08:00
11:24:15,47700.75,-323.84999999999854,-0.6743418997763616,2026-09-29 11:24:15+08:00
11:24:20,47701.87,-322.7299999999959,-0.6720097616638055,2026-09-29 11:24:20+08:00
11:24:25,47668.8,-355.79999999999563,-0.7408703039692067,2026-09-29 11:24:25+08:00
11:24:30,47701.82,-322.77999999999884,-0.6721138749724076,2026-09-29 11:24:30+08:00
11:24:35,47704.33,-320.2699999999968,-0.6668873868808836,2026-09-29 11:24:35+08:00
11:24:40,47705.23,-319.36999999999534,-0.6650133473261524,2026-09-29 11:24:40+08:00
11:24:45,47708.66,-315.93999999999505,-0.6578711743564654,2026-09-29 11:24:45+08:00
11:24:50,47710.3,-314.29999999999563,-0.6544562578345174,2026-09-29 11:24:50+08:00
11:24:55,47710.63,-313.97000000000116,-0.6537691099977953,2026-09-29 11:24:55+08:00
11:25:00,47708.65,-315.9499999999971,-0.6578919970181888,2026-09-29 11:25:00+08:00
11:25:05,47669.33,-355.2699999999968,-0.7397667028980914,2026-09-29 11:25:05+08:00
11:25:10,47708.63,-315.97000000000116,-0.6579336423416356,2026-09-29 11:25:10+08:00
11:25:15,47700.84,-323.76000000000204,-0.674154495820896,2026-09-29 11:25:15+08:00
11:25:20,47705.26,-319.3399999999965,-0.6649508793409972,2026-09-29 11:25:20+08:00
11:25:25,47708.14,-316.4599999999991,-0.6589539527658723,2026-09-29 11:25:25+08:00
11:25:30,47707.65,-316.9499999999971,-0.659974263190109,2026-09-29 11:25:30+08:00
11:25:35,47707.02,-317.58000000000175,-0.6612860908784285,2026-09-29 11:25:35+08:00
11:25:40,47706.28,-318.3199999999997,-0.6628269678456452,2026-09-29 11:25:40+08:00
11:25:45,47670.4,-354.1999999999971,-0.7375386780941373,2026-09-29 11:25:45+08:00
11:25:50,47666.16,-358.43999999999505,-0.7463674866630748,2026-09-29 11:25:50+08:00
11:25:55,47705.53,-319.0699999999997,-0.6643886674745854,2026-09-29 11:25:55+08:00
11:26:00,47707.28,-317.3199999999997,-0.6607447016737249,2026-09-29 11:26:00+08:00
11:26:05,47713.16,-311.43999999999505,-0.6485009765828244,2026-09-29 11:26:05+08:00
11:26:10,47716.66,-307.93999999999505,-0.6412130449811035,2026-09-29 11:26:10+08:00
11:26:15,47722.39,-302.2099999999991,-0.6292816598160091,2026-09-29 11:26:15+08:00
11:26:20,47730.26,-294.3399999999965,-0.6128942250429915,2026-09-29 11:26:20+08:00
11:26:25,47729.95,-294.65000000000146,-0.613539727556297,2026-09-29 11:26:25+08:00
11:26:30,47730.64,-293.9599999999991,-0.6121029638976673,2026-09-29 11:26:30+08:00
11:26:35,47730.54,-294.0599999999977,-0.6123111905148564,2026-09-29 11:26:35+08:00
11:26:40,47730.77,-293.83000000000175,-0.6118322692953231,2026-09-29 11:26:40+08:00
11:26:45,47731.44,-293.1599999999962,-0.6104371509601251,2026-09-29 11:26:45+08:00
11:26:50,47731.81,-292.7900000000009,-0.6096667124765243,2026-09-29 11:26:50+08:00
11:26:55,47734.97,-289.6299999999974,-0.6030867513732491,2026-09-29 11:26:55+08:00
11:27:00,47733.84,-290.76000000000204,-0.6054397121475287,2026-09-29 11:27:00+08:00
11:27:05,47734.12,-290.4799999999959,-0.6048566776193783,2026-09-29 11:27:05+08:00
11:27:10,47690.22,-334.3799999999974,-0.6962681625666791,2026-09-29 11:27:10+08:00
11:27:15,47721.52,-303.08000000000175,-0.6310932313855852,2026-09-29 11:27:15+08:00
11:27:20,47724.33,-300.2699999999968,-0.6252420634424791,2026-09-29 11:27:20+08:00
11:27:25,47723.87,-300.7299999999959,-0.6261999058815606,2026-09-29 11:27:25+08:00
11:27:30,47730.33,-294.2699999999968,-0.6127484664109577,2026-09-29 11:27:30+08:00
11:27:35,47731.02,-293.58000000000175,-0.6113117027523431,2026-09-29 11:27:35+08:00
11:27:40,47731.41,-293.18999999999505,-0.6104996189452803,2026-09-29 11:27:40+08:00
11:27:45,47733.42,-291.1800000000003,-0.6063142639397315,2026-09-29 11:27:45+08:00
11:27:50,47735.17,-289.4300000000003,-0.6026702981388711,2026-09-29 11:27:50+08:00
11:27:55,47732.93,-291.66999999999825,-0.6073345743639682,2026-09-29 11:27:55+08:00
11:28:00,47736.05,-288.54999999999563,-0.6008379039075716,2026-09-29 11:28:00+08:00
11:28:05,47732.64,-291.9599999999991,-0.6079384315538269,2026-09-29 11:28:05+08:00
11:28:10,47734.37,-290.2299999999959,-0.6043361110763982,2026-09-29 11:28:10+08:00
11:28:15,47737.78,-286.8199999999997,-0.5972355834301581,2026-09-29 11:28:15+08:00
11:28:20,47734.49,-290.1100000000006,-0.6040862391357774,2026-09-29 11:28:20+08:00
11:28:25,47733.06,-291.5400000000009,-0.607063879761624,2026-09-29 11:28:25+08:00
11:28:30,47731.29,-293.3099999999977,-0.6107494908859161,2026-09-29 11:28:30+08:00
11:28:35,47731.62,-292.9799999999959,-0.6100623430491788,2026-09-29 11:28:35+08:00
11:28:40,47735.04,-289.5599999999977,-0.6029409927412153,2026-09-29 11:28:40+08:00
11:28:45,47730.1,-294.5,-0.613227387630506,2026-09-29 11:28:45+08:00
11:28:50,47732.9,-291.6999999999971,-0.6073970423491234,2026-09-29 11:28:50+08:00
11:28:55,47777.16,-247.43999999999505,-0.51523594157993,2026-09-29 11:28:55+08:00
11:29:00,47775.78,-248.8199999999997,-0.5181094688971896,2026-09-29 11:29:00+08:00
11:29:05,47778.01,-246.5899999999965,-0.5134660153338009,2026-09-29 11:29:05+08:00
11:29:10,47733.63,-290.97000000000116,-0.6058769880436301,2026-09-29 11:29:10+08:00
11:29:15,47735.38,-289.22000000000116,-0.6022330222427698,2026-09-29 11:29:15+08:00
11:29:20,47737.37,-287.2299999999959,-0.5980893125606376,2026-09-29 11:29:20+08:00
11:29:25,47735.19,-289.4099999999962,-0.6026286528154242,2026-09-29 11:29:25+08:00
11:29:30,47735.41,-289.18999999999505,-0.6021705542575994,2026-09-29 11:29:30+08:00
11:29:35,47734.73,-289.86999999999534,-0.6035864952545057,2026-09-29 11:29:35+08:00
11:29:40,47735.67,-288.9300000000003,-0.601629165052911,2026-09-29 11:29:40+08:00
11:29:45,47737.86,-286.73999999999796,-0.5970690021364009,2026-09-29 11:29:45+08:00
11:29:50,47737.53,-287.0699999999997,-0.5977561499731382,2026-09-29 11:29:50+08:00
11:29:55,47735.79,-288.8099999999977,-0.6013792931122751,2026-09-29 11:29:55+08:00
11:30:00,47735.28,-289.3199999999997,-0.6024412488599586,2026-09-29 11:30:00+08:00
11:30:05,47772.57,-252.02999999999884,-0.5247935433090517,2026-09-29 11:30:05+08:00
11:30:10,47768.61,-255.98999999999796,-0.533039317349854,2026-09-29 11:30:10+08:00
11:30:15,47764.05,-260.54999999999563,-0.5425344510938054,2026-09-29 11:30:15+08:00
11:30:20,47763.04,-261.5599999999977,-0.544637539927449,2026-09-29 11:30:20+08:00
11:30:25,47762.96,-261.6399999999994,-0.5448041212212063,2026-09-29 11:30:25+08:00
11:30:30,47726.06,-298.5400000000009,-0.6216397429650655,2026-09-29 11:30:30+08:00
11:30:35,47763.41,-261.18999999999505,-0.5438671014438331,2026-09-29 11:30:35+08:00
11:30:40,47766.4,-258.1999999999971,-0.5376411255897958,2026-09-29 11:30:40+08:00
11:30:45,47766.41,-258.18999999999505,-0.5376203029280724,2026-09-29 11:30:45+08:00
11:30:50,47765.12,-259.4799999999959,-0.5403064262898513,2026-09-29 11:30:50+08:00
11:30:55,47766.04,-258.5599999999977,-0.5383907414116883,2026-09-29 11:30:55+08:00
11:31:00,47768.05,-256.54999999999563,-0.5342053864061245,2026-09-29 11:31:00+08:00
11:31:05,47767.31,-257.2900000000009,-0.5357462633733563,2026-09-29 11:31:05+08:00
11:31:10,47774.84,-249.76000000000204,-0.5200667990987995,2026-09-29 11:31:10+08:00
11:31:15,47772.26,-252.3399999999965,-0.5254390458223421,2026-09-29 11:31:15+08:00
11:31:20,47772.84,-251.76000000000204,-0.5242313314426399,2026-09-29 11:31:20+08:00
11:31:25,47737.05,-287.54999999999563,-0.5987556377356514,2026-09-29 11:31:25+08:00
11:31:30,47735.47,-289.1299999999974,-0.602045618287289,2026-09-29 11:31:30+08:00
11:31:35,47731.95,-292.65000000000146,-0.6093751952124566,2026-09-29 11:31:35+08:00
11:31:40,47771.79,-252.80999999999767,-0.526417710923147,2026-09-29 11:31:40+08:00
11:31:45,47768.92,-255.6800000000003,-0.5323938148365636,2026-09-29 11:31:45+08:00
11:31:50,47765.35,-259.25,-0.5398275050703182,2026-09-29 11:31:50+08:00
11:31:55,47764.92,-259.6800000000003,-0.5407228795242445,2026-09-29 11:31:55+08:00
11:32:00,47725.2,-299.40000000000146,-0.6234304918729182,2026-09-29 11:32:00+08:00
11:32:05,47723.26,-301.3399999999965,-0.6274700882464331,2026-09-29 11:32:05+08:00
11:32:10,47721.43,-303.16999999999825,-0.6312806353410507,2026-09-29 11:32:10+08:00
11:32:15,47759.52,-265.08000000000175,-0.5519671168526167,2026-09-29 11:32:15+08:00
11:32:20,47756.38,-268.22000000000116,-0.558505432632445,2026-09-29 11:32:20+08:00
11:32:25,47756.93,-267.66999999999825,-0.5573601862378829,2026-09-29 11:32:25+08:00
11:32:30,47717.9,-306.6999999999971,-0.6386310349279267,2026-09-29 11:32:30+08:00
11:32:35,47713.06,-311.5400000000009,-0.6487092032000286,2026-09-29 11:32:35+08:00
11:32:40,47708.87,-315.7299999999959,-0.6574338984603639,2026-09-29 11:32:40+08:00
11:32:45,47708.13,-316.47000000000116,-0.6589747754275957,2026-09-29 11:32:45+08:00
11:32:50,47706.04,-318.5599999999977,-0.6633267117269018,2026-09-29 11:32:50+08:00
11:32:55,47704.77,-319.83000000000175,-0.6659711897652489,2026-09-29 11:32:55+08:00
11:33:00,47705.05,-319.54999999999563,-0.6653881552370986,2026-09-29 11:33:00+08:00
11:33:05,47701.39,-323.2099999999991,-0.6730092494263339,2026-09-29 11:33:05+08:00
11:33:10,47702.08,-322.5199999999968,-0.6715724857677041,2026-09-29 11:33:10+08:00
11:33:15,47741.25,-283.34999999999854,-0.5900101198135925,2026-09-29 11:33:15+08:00
11:33:20,47704.73,-319.86999999999534,-0.6660544804121125,2026-09-29 11:33:20+08:00
11:33:25,47706.36,-318.23999999999796,-0.662660386551888,2026-09-29 11:33:25+08:00
11:33:30,47701.33,-323.2699999999968,-0.6731341853966443,2026-09-29 11:33:30+08:00
11:33:35,47700.76,-323.8399999999965,-0.6743210771146382,2026-09-29 11:33:35+08:00
11:33:40,47701.47,-323.1299999999974,-0.6728426681325765,2026-09-29 11:33:40+08:00
11:33:45,47743.2,-281.40000000000146,-0.5859497007783541,2026-09-29 11:33:45+08:00
11:33:50,47745.39,-279.2099999999991,-0.581389537861844,2026-09-29 11:33:50+08:00
11:33:55,47742.92,-281.6800000000003,-0.5865327353064894,2026-09-29 11:33:55+08:00
11:34:00,47739.58,-285.0199999999968,-0.5934875043206956,2026-09-29 11:34:00+08:00
11:34:05,47738.3,-286.29999999999563,-0.5961528050207512,2026-09-29 11:34:05+08:00
11:34:10,47743.04,-281.5599999999977,-0.5862828633658534,2026-09-29 11:34:10+08:00
11:34:15,47739.37,-285.2299999999959,-0.5939247802167971,2026-09-29 11:34:15+08:00
11:34:20,47738.79,-285.8099999999977,-0.5951324945965145,2026-09-29 11:34:20+08:00
11:34:25,47744.94,-279.6599999999962,-0.582326557639202,2026-09-29 11:34:25+08:00
11:34:30,47703.82,-320.77999999999884,-0.6679493426285672,2026-09-29 11:34:30+08:00
11:34:35,47743.02,-281.58000000000175,-0.5863245086893004,2026-09-29 11:34:35+08:00
11:34:40,47745.93,-278.66999999999825,-0.5802651141290053,2026-09-29 11:34:40+08:00
11:34:45,47744.2,-280.40000000000146,-0.5838674346064339,2026-09-29 11:34:45+08:00
11:34:50,47744.53,-280.0699999999997,-0.5831802867696966,2026-09-29 11:34:50+08:00
11:34:55,47743.85,-280.75,-0.5845962277666029,2026-09-29 11:34:55+08:00
11:35:00,47702.46,-322.1399999999994,-0.6707812246223799,2026-09-29 11:35:00+08:00
11:35:05,47702.43,-322.16999999999825,-0.670843692607535,2026-09-29 11:35:05+08:00
11:35:10,47701.93,-322.66999999999825,-0.6718848256934951,2026-09-29 11:35:10+08:00
11:35:15,47700.6,-324.0,-0.6746542397021527,2026-09-29 11:35:15+08:00
11:35:20,47704.24,-320.3600000000006,-0.6670747908363642,2026-09-29 11:35:20+08:00
11:35:25,47742.67,-281.9300000000003,-0.5870533018494695,2026-09-29 11:35:25+08:00
11:35:30,47745.47,-279.1299999999974,-0.5812229565680868,2026-09-29 11:35:30+08:00
11:35:35,47709.03,-315.5699999999997,-0.6571007358728645,2026-09-29 11:35:35+08:00
11:35:40,47709.81,-314.7900000000009,-0.6554765682587692,2026-09-29 11:35:40+08:00
11:35:45,47706.38,-318.22000000000116,-0.6626187412284562,2026-09-29 11:35:45+08:00
11:35:50,47706.02,-318.58000000000175,-0.6633683570503487,2026-09-29 11:35:50+08:00
11:35:55,47707.53,-317.0699999999997,-0.660224135130745,2026-09-29 11:35:55+08:00
11:36:00,47707.81,-316.7900000000009,-0.6596411006026097,2026-09-29 11:36:00+08:00
11:36:05,47710.28,-314.3199999999997,-0.6544979031579643,2026-09-29 11:36:05+08:00
11:36:10,47743.77,-280.83000000000175,-0.5847628090603603,2026-09-29 11:36:10+08:00
11:36:15,47748.69,-275.9099999999962,-0.5745180594945012,2026-09-29 11:36:15+08:00
11:36:20,47750.51,-274.0899999999965,-0.5707283350616069,2026-09-29 11:36:20+08:00
11:36:25,47755.92,-268.6800000000003,-0.5594632750715265,2026-09-29 11:36:25+08:00
11:36:30,47757.24,-267.3600000000006,-0.5567146837245924,2026-09-29 11:36:30+08:00
11:36:35,47752.71,-271.8899999999994,-0.5661473494833886,2026-09-29 11:36:35+08:00
11:36:40,47753.99,-270.6100000000006,-0.5634820487833332,2026-09-29 11:36:40+08:00
11:36:45,47713.42,-311.1800000000003,-0.647959587378136,2026-09-29 11:36:45+08:00
11:36:50,47759.28,-265.3199999999997,-0.5524668607338733,2026-09-29 11:36:50+08:00
11:36:55,47752.88,-271.72000000000116,-0.5657933642341658,2026-09-29 11:36:55+08:00
11:37:00,47748.26,-276.3399999999965,-0.5754134339484275,2026-09-29 11:37:00+08:00
11:37:05,47751.91,-272.68999999999505,-0.5678131624209157,2026-09-29 11:37:05+08:00
11:37:10,47747.79,-276.8099999999977,-0.5763920990492324,2026-09-29 11:37:10+08:00
11:37:15,47756.09,-268.51000000000204,-0.5591092898223037,2026-09-29 11:37:15+08:00
11:37:20,47720.31,-304.2900000000009,-0.6336127734536069,2026-09-29 11:37:20+08:00
11:37:25,47721.5,-303.09999999999854,-0.6311348767090169,2026-09-29 11:37:25+08:00
11:37:30,47721.39,-303.2099999999991,-0.6313639259879293,2026-09-29 11:37:30+08:00
11:37:35,47723.29,-301.3099999999977,-0.6274076202612779,2026-09-29 11:37:35+08:00
11:37:40,47726.53,-298.0699999999997,-0.6206610778642606,2026-09-29 11:37:40+08:00
11:37:45,47766.34,-258.26000000000204,-0.5377660615601213,2026-09-29 11:37:45+08:00
11:37:50,47761.02,-263.58000000000175,-0.5488437175947363,2026-09-29 11:37:50+08:00
11:37:55,47764.92,-259.6800000000003,-0.5407228795242445,2026-09-29 11:37:55+08:00
11:38:00,47725.87,-298.7299999999959,-0.6220353735377202,2026-09-29 11:38:00+08:00
11:38:05,47722.24,-302.3600000000006,-0.6295939997418002,2026-09-29 11:38:05+08:00
11:38:10,47720.98,-303.61999999999534,-0.6322176551184088,2026-09-29 11:38:10+08:00
11:38:15,47725.46,-299.1399999999994,-0.6228891026682146,2026-09-29 11:38:15+08:00
11:38:20,47727.35,-297.25,-0.6189536196032867,2026-09-29 11:38:20+08:00
11:38:25,47768.05,-256.54999999999563,-0.5342053864061245,2026-09-29 11:38:25+08:00
11:38:30,47763.59,-261.01000000000204,-0.543492293532902,2026-09-29 11:38:30+08:00
11:38:35,47761.07,-263.52999999999884,-0.5487396042861343,2026-09-29 11:38:35+08:00
11:38:40,47723.94,-300.6599999999962,-0.6260541472495268,2026-09-29 11:38:40+08:00
11:38:45,47726.85,-297.75,-0.6199947526892468,2026-09-29 11:38:45+08:00
11:38:50,47729.89,-294.7099999999991,-0.6136646635266075,2026-09-29 11:38:50+08:00
11:38:55,47729.82,-294.77999999999884,-0.6138104221586412,2026-09-29 11:38:55+08:00
11:39:00,47733.03,-291.5699999999997,-0.6071263477467792,2026-09-29 11:39:00+08:00
11:39:05,47733.52,-291.08000000000175,-0.6061060373225425,2026-09-29 11:39:05+08:00
11:39:10,47736.97,-287.6299999999974,-0.5989222190294087,2026-09-29 11:39:10+08:00
11:39:15,47738.24,-286.3600000000006,-0.5962777409910767,2026-09-29 11:39:15+08:00
11:39:20,47735.48,-289.11999999999534,-0.6020247956255655,2026-09-29 11:39:20+08:00
11:39:25,47736.41,-288.18999999999505,-0.6000882880856792,2026-09-29 11:39:25+08:00
11:39:30,47737.45,-287.15000000000146,-0.5979227312668954,2026-09-29 11:39:30+08:00
11:39:35,47734.04,-290.5599999999977,-0.6050232589131355,2026-09-29 11:39:35+08:00
11:39:40,47734.97,-289.6299999999974,-0.6030867513732491,2026-09-29 11:39:40+08:00
11:39:45,47736.84,-287.76000000000204,-0.5991929136317681,2026-09-29 11:39:45+08:00
11:39:50,47735.42,-289.1800000000003,-0.602149731595891,2026-09-29 11:39:50+08:00
11:39:55,47736.38,-288.22000000000116,-0.6001507560708494,2026-09-29 11:39:55+08:00
11:40:00,47774.07,-250.52999999999884,-0.5216701440511714,2026-09-29 11:40:00+08:00
11:40:05,47774.6,-250.0,-0.520566542980056,2026-09-29 11:40:05+08:00
11:40:10,47772.74,-251.86000000000058,-0.5244395580598289,2026-09-29 11:40:10+08:00
11:40:15,47774.24,-250.36000000000058,-0.5213161588019486,2026-09-29 11:40:15+08:00
11:40:20,47772.9,-251.6999999999971,-0.5241063954723144,2026-09-29 11:40:20+08:00
11:40:25,47771.26,-253.3399999999965,-0.5275213119942623,2026-09-29 11:40:25+08:00
11:40:30,47772.67,-251.9300000000003,-0.5245853166918627,2026-09-29 11:40:30+08:00
11:40:35,47734.3,-290.29999999999563,-0.604481869708432,2026-09-29 11:40:35+08:00
11:40:40,47728.75,-295.84999999999854,-0.6160384469625954,2026-09-29 11:40:40+08:00
11:40:45,47731.78,-292.8199999999997,-0.6097291804616795,2026-09-29 11:40:45+08:00
11:40:50,47734.84,-289.76000000000204,-0.6033574459756085,2026-09-29 11:40:50+08:00
11:40:55,47731.6,-293.0,-0.6101039883726257,2026-09-29 11:40:55+08:00
11:41:00,47735.09,-289.51000000000204,-0.6028368794326283,2026-09-29 11:41:00+08:00
11:41:05,47777.83,-246.7699999999968,-0.5138408232447471,2026-09-29 11:41:05+08:00
11:41:10,47776.85,-247.75,-0.5158814440932356,2026-09-29 11:41:10+08:00
11:41:15,47776.65,-247.9499999999971,-0.5162978973276136,2026-09-29 11:41:15+08:00
11:41:20,47736.51,-288.0899999999965,-0.5998800614684902,2026-09-29 11:41:20+08:00
11:41:25,47731.49,-293.1100000000006,-0.6103330376515382,2026-09-29 11:41:25+08:00
11:41:30,47772.27,-252.33000000000175,-0.5254182231606338,2026-09-29 11:41:30+08:00
11:41:35,47774.38,-250.22000000000116,-0.521024641537881,2026-09-29 11:41:35+08:00
11:41:40,47773.7,-250.90000000000146,-0.5224405825347873,2026-09-29 11:41:40+08:00
11:41:45,47775.59,-249.01000000000204,-0.5185050994698592,2026-09-29 11:41:45+08:00
11:41:50,47777.52,-247.08000000000175,-0.5144863257580526,2026-09-29 11:41:50+08:00
11:41:55,47736.76,-287.8399999999965,-0.5993594949255101,2026-09-29 11:41:55+08:00
11:42:00,47738.16,-286.43999999999505,-0.5964443222848188,2026-09-29 11:42:00+08:00
11:42:05,47736.92,-287.6800000000003,-0.5990263323380107,2026-09-29 11:42:05+08:00
11:42:10,47740.31,-284.2900000000009,-0.5919674500152023,2026-09-29 11:42:10+08:00
11:42:15,47740.56,-284.0400000000009,-0.5914468834722224,2026-09-29 11:42:15+08:00
11:42:20,47739.67,-284.9300000000003,-0.5933001003652301,2026-09-29 11:42:20+08:00
11:42:25,47740.9,-283.6999999999971,-0.5907389129737616,2026-09-29 11:42:25+08:00
11:42:30,47781.67,-242.9300000000003,-0.5058449211445807,2026-09-29 11:42:30+08:00
11:42:35,47746.51,-278.0899999999965,-0.5790573997492879,2026-09-29 11:42:35+08:00
11:42:40,47745.53,-279.0699999999997,-0.5810980205977764,2026-09-29 11:42:40+08:00
11:42:45,47743.77,-280.83000000000175,-0.5847628090603603,2026-09-29 11:42:45+08:00
11:42:50,47741.36,-283.23999999999796,-0.5897810705346801,2026-09-29 11:42:50+08:00
11:42:55,47743.9,-280.6999999999971,-0.5844921144580009,2026-09-29 11:42:55+08:00
11:43:00,47744.54,-280.0599999999977,-0.5831594641079731,2026-09-29 11:43:00+08:00
11:43:05,47741.73,-282.86999999999534,-0.5890106320510642,2026-09-29 11:43:05+08:00
11:43:10,47745.67,-278.9300000000003,-0.5808065033337088,2026-09-29 11:43:10+08:00
11:43:15,47744.29,-280.3099999999977,-0.5836800306509532,2026-09-29 11:43:15+08:00
11:43:20,47746.99,-277.6100000000006,-0.5780579119867747,2026-09-29 11:43:20+08:00
11:43:25,47790.12,-234.47999999999593,-0.48824977199184566,2026-09-29 11:43:25+08:00
11:43:30,47788.69,-235.90999999999622,-0.49122741261769226,2026-09-29 11:43:30+08:00
11:43:35,47791.24,-233.36000000000058,-0.4859176338793047,2026-09-29 11:43:35+08:00
11:43:40,47791.67,-232.9300000000003,-0.48502225942537847,2026-09-29 11:43:40+08:00
11:43:45,47751.12,-273.4799999999959,-0.5694581526967345,2026-09-29 11:43:45+08:00
11:43:50,47753.59,-271.01000000000204,-0.5643149552521042,2026-09-29 11:43:50+08:00
11:43:55,47750.04,-274.5599999999977,-0.5717070001624119,2026-09-29 11:43:55+08:00
11:44:00,47751.41,-273.18999999999505,-0.5688542955068758,2026-09-29 11:44:00+08:00
11:44:05,47785.82,-238.77999999999884,-0.4972035165311087,2026-09-29 11:44:05+08:00
11:44:10,47785.27,-239.33000000000175,-0.49834876292567093,2026-09-29 11:44:10+08:00
11:44:15,47745.49,-279.1100000000006,-0.581181311244655,2026-09-29 11:44:15+08:00
11:44:20,47745.35,-279.25,-0.5814728285087226,2026-09-29 11:44:20+08:00
11:44:25,47782.26,-242.3399999999965,-0.5046163841031398,2026-09-29 11:44:25+08:00
11:44:30,47785.0,-239.59999999999854,-0.4989109747920827,2026-09-29 11:44:30+08:00
11:44:35,47787.25,-237.34999999999854,-0.4942258759052622,2026-09-29 11:44:35+08:00
11:44:40,47787.02,-237.58000000000175,-0.49470479712481047,2026-09-29 11:44:40+08:00
11:44:45,47747.11,-277.48999999999796,-0.5778080400461387,2026-09-29 11:44:45+08:00
11:44:50,47746.45,-278.15000000000146,-0.5791823357196134,2026-09-29 11:44:50+08:00
11:44:55,47789.5,-235.09999999999854,-0.48954077701844173,2026-09-29 11:44:55+08:00
11:45:00,47784.56,-240.04000000000087,-0.4998271719077325,2026-09-29 11:45:00+08:00
11:45:05,47739.97,-284.6299999999974,-0.592675420513648,2026-09-29 11:45:05+08:00
11:45:10,47781.59,-243.01000000000204,-0.5060115024383379,2026-09-29 11:45:10+08:00
11:45:15,47781.02,-243.58000000000175,-0.5071983941563319,2026-09-29 11:45:15+08:00
11:45:20,47781.26,-243.3399999999965,-0.5066986502750601,2026-09-29 11:45:20+08:00
11:45:25,47742.13,-282.47000000000116,-0.5881777255823082,2026-09-29 11:45:25+08:00
11:45:30,47735.15,-289.4499999999971,-0.6027119434623028,2026-09-29 11:45:30+08:00
11:45:35,47775.21,-249.38999999999942,-0.5192963606151836,2026-09-29 11:45:35+08:00
11:45:40,47775.27,-249.33000000000175,-0.5191714246448731,2026-09-29 11:45:40+08:00
11:45:45,47735.46,-289.1399999999994,-0.6020664409490124,2026-09-29 11:45:45+08:00
11:45:50,47776.65,-247.9499999999971,-0.5162978973276136,2026-09-29 11:45:50+08:00
11:45:55,47734.48,-290.11999999999534,-0.6041070617974857,2026-09-29 11:45:55+08:00
11:46:00,47734.18,-290.41999999999825,-0.6047317416490678,2026-09-29 11:46:00+08:00
11:46:05,47731.73,-292.86999999999534,-0.6098332937702664,2026-09-29 11:46:05+08:00
11:46:10,47731.78,-292.8199999999997,-0.6097291804616795,2026-09-29 11:46:10+08:00
11:46:15,47732.03,-292.5699999999997,-0.6092086139186994,2026-09-29 11:46:15+08:00
11:46:20,47732.52,-292.08000000000175,-0.6081883034944627,2026-09-29 11:46:20+08:00
11:46:25,47732.38,-292.22000000000116,-0.6084798207585304,2026-09-29 11:46:25+08:00
11:46:30,47733.93,-290.66999999999825,-0.605252308192048,2026-09-29 11:46:30+08:00
11:46:35,47731.91,-292.68999999999505,-0.6094584858593202,2026-09-29 11:46:35+08:00
11:46:40,47727.47,-297.1299999999974,-0.6187037476626508,2026-09-29 11:46:40+08:00
11:46:45,47731.68,-292.91999999999825,-0.6099374070788685,2026-09-29 11:46:45+08:00
11:46:50,47728.11,-296.48999999999796,-0.6173710973126231,2026-09-29 11:46:50+08:00
11:46:55,47769.88,-254.72000000000116,-0.530394839311522,2026-09-29 11:46:55+08:00
11:47:00,47718.39,-306.2099999999991,-0.63761072450369,2026-09-29 11:47:00+08:00
11:47:05,47717.48,-307.11999999999534,-0.6395055867201296,2026-09-29 11:47:05+08:00
11:47:10,47713.86,-310.73999999999796,-0.6470433902624863,2026-09-29 11:47:10+08:00
11:47:15,47717.58,-307.0199999999968,-0.6392973601029406,2026-09-29 11:47:15+08:00
11:47:20,47759.66,-264.93999999999505,-0.551675599588534,2026-09-29 11:47:20+08:00
11:47:25,47720.11,-304.48999999999796,-0.6340292266879849,2026-09-29 11:47:25+08:00
11:47:30,47721.95,-302.65000000000146,-0.630197856931659,2026-09-29 11:47:30+08:00
11:47:35,47755.0,-269.59999999999854,-0.5613789599496894,2026-09-29 11:47:35+08:00
11:47:40,47752.12,-272.4799999999959,-0.5673758865248142,2026-09-29 11:47:40+08:00
11:47:45,47754.98,-269.61999999999534,-0.5614206052731212,2026-09-29 11:47:45+08:00
11:47:50,47760.24,-264.3600000000006,-0.5504678852088317,2026-09-29 11:47:50+08:00
11:47:55,47716.95,-307.65000000000146,-0.6406091877912601,2026-09-29 11:47:55+08:00
11:48:00,47719.39,-305.2099999999991,-0.6355284583317699,2026-09-29 11:48:00+08:00
11:48:05,47716.06,-308.5400000000009,-0.6424624046842679,2026-09-29 11:48:05+08:00
11:48:10,47712.89,-311.7099999999991,-0.6490631884492514,2026-09-29 11:48:10+08:00
11:48:15,47717.39,-307.2099999999991,-0.6396929906756103,2026-09-29 11:48:15+08:00
11:48:20,47715.3,-309.29999999999563,-0.6440449269749163,2026-09-29 11:48:20+08:00
11:48:25,47755.8,-268.79999999999563,-0.5597131470121472,2026-09-29 11:48:25+08:00
11:48:30,47716.74,-307.8600000000006,-0.6410464636873615,2026-09-29 11:48:30+08:00
11:48:35,47711.59,-313.01000000000204,-0.6517701344727537,2026-09-29 11:48:35+08:00
11:48:40,47718.05,-306.54999999999563,-0.6383186950021357,2026-09-29 11:48:40+08:00
11:48:45,47715.06,-309.5400000000009,-0.644544670856188,2026-09-29 11:48:45+08:00
11:48:50,47715.06,-309.5400000000009,-0.644544670856188,2026-09-29 11:48:50+08:00
11:48:55,47751.61,-272.98999999999796,-0.5684378422724978,2026-09-29 11:48:55+08:00
11:49:00,47713.97,-310.6299999999974,-0.6468143409835738,2026-09-29 11:49:00+08:00
11:49:05,47713.35,-311.25,-0.6481053460101698,2026-09-29 11:49:05+08:00
11:49:10,47715.71,-308.8899999999994,-0.6431911978444368,2026-09-29 11:49:10+08:00
11:49:15,47716.76,-307.8399999999965,-0.6410048183639145,2026-09-29 11:49:15+08:00
11:49:20,47755.8,-268.79999999999563,-0.5597131470121472,2026-09-29 11:49:20+08:00
11:49:25,47717.22,-307.3799999999974,-0.6400469759248331,2026-09-29 11:49:25+08:00
11:49:30,47716.31,-308.2900000000009,-0.6419418381412878,2026-09-29 11:49:30+08:00
11:49:35,47713.79,-310.8099999999977,-0.6471891488945201,2026-09-29 11:49:35+08:00
11:49:40,47712.12,-312.4799999999959,-0.6506665334016232,2026-09-29 11:49:40+08:00
11:49:45,47713.29,-311.3099999999977,-0.6482302819804802,2026-09-29 11:49:45+08:00
11:49:50,47753.35,-271.25,-0.5648146991333609,2026-09-29 11:49:50+08:00
11:49:55,47750.98,-273.61999999999534,-0.569749669960802,2026-09-29 11:49:55+08:00
11:50:00,47712.99,-311.6100000000006,-0.6488549618320623,2026-09-29 11:50:00+08:00
11:50:05,47708.06,-316.5400000000009,-0.6591205340596296,2026-09-29 11:50:05+08:00
11:50:10,47714.05,-310.54999999999563,-0.6466477596898166,2026-09-29 11:50:10+08:00
11:50:15,47715.35,-309.25,-0.6439408136663294,2026-09-29 11:50:15+08:00
11:50:20,47716.51,-308.0899999999965,-0.6415253849068946,2026-09-29 11:50:20+08:00
11:50:25,47723.41,-301.18999999999505,-0.6271577483206421,2026-09-29 11:50:25+08:00
11:50:30,47720.33,-304.2699999999968,-0.63357112813016,2026-09-29 11:50:30+08:00
11:50:35,47759.72,-264.8799999999974,-0.5515506636182235,2026-09-29 11:50:35+08:00
11:50:40,47757.29,-267.3099999999977,-0.5566105704159903,2026-09-29 11:50:40+08:00
11:50:45,47762.43,-262.16999999999825,-0.5459077222923217,2026-09-29 11:50:45+08:00
11:50:50,47762.93,-261.66999999999825,-0.5448665892063614,2026-09-29 11:50:50+08:00
11:50:55,47723.16,-301.43999999999505,-0.627678314863622,2026-09-29 11:50:55+08:00
11:51:00,47722.38,-302.22000000000116,-0.6293024824777326,2026-09-29 11:51:00+08:00
11:51:05,47721.02,-303.58000000000175,-0.6321343644715453,2026-09-29 11:51:05+08:00
11:51:10,47721.17,-303.4300000000003,-0.6318220245457542,2026-09-29 11:51:10+08:00
11:51:15,47719.21,-305.3899999999994,-0.6359032662427161,2026-09-29 11:51:15+08:00
11:51:20,47720.21,-304.3899999999994,-0.6338210000707958,2026-09-29 11:51:20+08:00
11:51:25,47717.92,-306.6800000000003,-0.638589389604495,2026-09-29 11:51:25+08:00
11:51:30,47716.7,-307.90000000000146,-0.6411297543342401,2026-09-29 11:51:30+08:00
11:51:35,47718.07,-306.52999999999884,-0.6382770496787039,2026-09-29 11:51:35+08:00
11:51:40,47717.72,-306.8799999999974,-0.639005842838873,2026-09-29 11:51:40+08:00
11:51:45,47715.24,-309.3600000000006,-0.6441698629452418,2026-09-29 11:51:45+08:00
11:51:50,47763.25,-261.34999999999854,-0.5442002640313476,2026-09-29 11:51:50+08:00
11:51:55,47724.43,-300.16999999999825,-0.62503383682529,2026-09-29 11:51:55+08:00
11:52:00,47763.59,-261.01000000000204,-0.543492293532902,2026-09-29 11:52:00+08:00
11:52:05,47723.4,-301.1999999999971,-0.6271785709823655,2026-09-29 11:52:05+08:00
11:52:10,47720.75,-303.84999999999854,-0.6326965763379571,2026-09-29 11:52:10+08:00
11:52:15,47760.5,-264.09999999999854,-0.5499264960041282,2026-09-29 11:52:15+08:00
11:52:20,47719.4,-305.1999999999971,-0.6355076356700464,2026-09-29 11:52:20+08:00
11:52:25,47723.45,-301.15000000000146,-0.6270744576737786,2026-09-29 11:52:25+08:00
11:52:30,47720.1,-304.5,-0.6340500493497083,2026-09-29 11:52:30+08:00
11:52:35,47721.37,-303.2299999999959,-0.6314055713113611,2026-09-29 11:52:35+08:00
11:52:40,47718.21,-306.3899999999994,-0.6379855324146363,2026-09-29 11:52:40+08:00
11:52:45,47723.23,-301.36999999999534,-0.6275325562315883,2026-09-29 11:52:45+08:00
11:52:50,47722.92,-301.6800000000003,-0.6281780587448939,2026-09-29 11:52:50+08:00
11:52:55,47721.48,-303.11999999999534,-0.6311765220324487,2026-09-29 11:52:55+08:00
11:53:00,47720.41,-304.18999999999505,-0.6334045468364027,2026-09-29 11:53:00+08:00
11:53:05,47720.69,-303.9099999999962,-0.6328215123082676,2026-09-29 11:53:05+08:00
11:53:10,47724.51,-300.0899999999965,-0.6248672555315329,2026-09-29 11:53:10+08:00
11:53:15,47723.22,-301.3799999999974,-0.6275533788933118,2026-09-29 11:53:15+08:00
11:53:20,47718.67,-305.9300000000003,-0.6370276899755548,2026-09-29 11:53:20+08:00
11:53:25,47717.53,-307.0699999999997,-0.6394014734115426,2026-09-29 11:53:25+08:00
11:53:30,47715.27,-309.33000000000175,-0.6441073949600866,2026-09-29 11:53:30+08:00
11:53:35,47755.03,-269.5699999999997,-0.5613164919645343,2026-09-29 11:53:35+08:00
11:53:40,47717.1,-307.5,-0.640296847865469,2026-09-29 11:53:40+08:00
11:53:45,47717.59,-307.01000000000204,-0.6392765374412324,2026-09-29 11:53:45+08:00
11:53:50,47713.46,-311.1399999999994,-0.6478762967312574,2026-09-29 11:53:50+08:00
11:53:55,47721.29,-303.3099999999977,-0.6315721526051185,2026-09-29 11:53:55+08:00
11:54:00,47724.18,-300.41999999999825,-0.6255544033682702,2026-09-29 11:54:00+08:00
11:54:05,47721.96,-302.6399999999994,-0.6301770342699355,2026-09-29 11:54:05+08:00
11:54:10,47759.37,-265.2299999999959,-0.5522794567783926,2026-09-29 11:54:10+08:00
11:54:15,47762.81,-261.7900000000009,-0.5451164611469973,2026-09-29 11:54:15+08:00
11:54:20,47724.19,-300.4099999999962,-0.6255335807065467,2026-09-29 11:54:20+08:00
11:54:25,47725.55,-299.04999999999563,-0.6227016987127341,2026-09-29 11:54:25+08:00
11:54:30,47724.68,-299.91999999999825,-0.6245132702823101,2026-09-29 11:54:30+08:00
11:54:35,47723.9,-300.6999999999971,-0.6261374378964054,2026-09-29 11:54:35+08:00
11:54:40,47726.06,-298.5400000000009,-0.6216397429650655,2026-09-29 11:54:40+08:00
11:54:45,47728.6,-296.0,-0.6163507868883864,2026-09-29 11:54:45+08:00
11:54:50,47724.48,-300.11999999999534,-0.624929723516688,2026-09-29 11:54:50+08:00
11:54:55,47729.6,-295.0,-0.6142685207164661,2026-09-29 11:54:55+08:00
11:55:00,47728.5,-296.09999999999854,-0.6165590135055754,2026-09-29 11:55:00+08:00
11:55:05,47731.19,-293.4099999999962,-0.6109577175031051,2026-09-29 11:55:05+08:00
11:55:10,47733.71,-290.8899999999994,-0.6057104067498729,2026-09-29 11:55:10+08:00
11:55:15,47733.02,-291.58000000000175,-0.6071471704085026,2026-09-29 11:55:15+08:00
11:55:20,47737.04,-287.5599999999977,-0.5987764603973749,2026-09-29 11:55:20+08:00
11:55:25,47728.41,-296.18999999999505,-0.616746417461041,2026-09-29 11:55:25+08:00
11:55:30,47774.8,-249.79999999999563,-0.5201500897456629,2026-09-29 11:55:30+08:00
11:55:35,47737.85,-286.75,-0.5970898247981243,2026-09-29 11:55:35+08:00
11:55:40,47733.67,-290.9300000000003,-0.6057936973967514,2026-09-29 11:55:40+08:00
11:55:45,47736.24,-288.3600000000006,-0.6004422733349171,2026-09-29 11:55:45+08:00
11:55:50,47739.5,-285.09999999999854,-0.5936540856144529,2026-09-29 11:55:50+08:00
11:55:55,47743.14,-281.4599999999991,-0.5860746367486646,2026-09-29 11:55:55+08:00
11:56:00,47781.48,-243.11999999999534,-0.5062405517172353,2026-09-29 11:56:00+08:00
11:56:05,47782.43,-242.16999999999825,-0.5042623988539171,2026-09-29 11:56:05+08:00
11:56:10,47742.76,-281.8399999999965,-0.5868658978939887,2026-09-29 11:56:10+08:00
11:56:15,47745.4,-279.1999999999971,-0.5813687152001206,2026-09-29 11:56:15+08:00
11:56:20,47741.76,-282.8399999999965,-0.5889481640659089,2026-09-29 11:56:20+08:00
11:56:25,47739.61,-284.98999999999796,-0.5934250363355406,2026-09-29 11:56:25+08:00
11:56:30,47740.05,-284.54999999999563,-0.5925088392198907,2026-09-29 11:56:30+08:00
11:56:35,47739.04,-285.5599999999977,-0.5946119280535344,2026-09-29 11:56:35+08:00
11:56:40,47737.72,-286.8799999999974,-0.5973605194004684,2026-09-29 11:56:40+08:00
11:56:45,47739.75,-284.84999999999854,-0.5931335190714729,2026-09-29 11:56:45+08:00
11:56:50,47783.13,-241.47000000000116,-0.502804812533579,2026-09-29 11:56:50+08:00
11:56:55,47739.94,-284.6599999999962,-0.5927378884988032,2026-09-29 11:56:55+08:00
11:57:00,47740.81,-283.7900000000009,-0.5909263169292422,2026-09-29 11:57:00+08:00
11:57:05,47745.1,-279.5,-0.5819933950517028,2026-09-29 11:57:05+08:00
11:57:10,47739.51,-285.0899999999965,-0.5936332629527294,2026-09-29 11:57:10+08:00
11:57:15,47738.86,-285.73999999999796,-0.5949867359644806,2026-09-29 11:57:15+08:00
11:57:20,47743.26,-281.3399999999965,-0.5858247648080286,2026-09-29 11:57:20+08:00
11:57:25,47744.74,-279.8600000000006,-0.5827430108735951,2026-09-29 11:57:25+08:00
11:57:30,47742.82,-281.77999999999884,-0.5867409619236784,2026-09-29 11:57:30+08:00
11:57:35,47741.91,-282.68999999999505,-0.588635824140118,2026-09-29 11:57:35+08:00
11:57:40,47739.44,-285.1599999999962,-0.5937790215847633,2026-09-29 11:57:40+08:00
11:57:45,47779.11,-245.48999999999796,-0.5111755225446917,2026-09-29 11:57:45+08:00
11:57:50,47742.74,-281.8600000000006,-0.5869075432174357,2026-09-29 11:57:50+08:00
11:57:55,47739.89,-284.7099999999991,-0.5928420018074052,2026-09-29 11:57:55+08:00
11:58:00,47740.4,-284.1999999999971,-0.5917800460597217,2026-09-29 11:58:00+08:00
11:58:05,47737.01,-287.5899999999965,-0.5988389283825301,2026-09-29 11:58:05+08:00
11:58:10,47732.56,-292.0400000000009,-0.6081050128475841,2026-09-29 11:58:10+08:00
11:58:15,47732.04,-292.5599999999977,-0.609187791256976,2026-09-29 11:58:15+08:00
11:58:20,47774.92,-249.6800000000003,-0.5199002178050421,2026-09-29 11:58:20+08:00
11:58:25,47739.22,-285.3799999999974,-0.5942371201425881,2026-09-29 11:58:25+08:00
11:58:30,47738.63,-285.97000000000116,-0.595465657184029,2026-09-29 11:58:30+08:00
11:58:35,47737.94,-286.6599999999962,-0.5969024208426437,2026-09-29 11:58:35+08:00
11:58:40,47736.95,-287.65000000000146,-0.5989638643528555,2026-09-29 11:58:40+08:00
11:58:45,47736.21,-288.3899999999994,-0.6005047413200724,2026-09-29 11:58:45+08:00
11:58:50,47737.37,-287.2299999999959,-0.5980893125606376,2026-09-29 11:58:50+08:00
11:58:55,47730.95,-293.65000000000146,-0.6114574613843768,2026-09-29 11:58:55+08:00
11:59:00,47729.92,-294.6800000000003,-0.6136021955414522,2026-09-29 11:59:00+08:00
11:59:05,47731.91,-292.68999999999505,-0.6094584858593202,2026-09-29 11:59:05+08:00
11:59:10,47729.85,-294.75,-0.6137479541734862,2026-09-29 11:59:10+08:00
11:59:15,47733.39,-291.2099999999991,-0.6063767319248867,2026-09-29 11:59:15+08:00
11:59:20,47727.18,-297.41999999999825,-0.6193076048525095,2026-09-29 11:59:20+08:00
11:59:25,47731.78,-292.8199999999997,-0.6097291804616795,2026-09-29 11:59:25+08:00
11:59:30,47729.83,-294.7699999999968,-0.6137895994969178,2026-09-29 11:59:30+08:00
11:59:35,47738.7,-285.90000000000146,-0.5953198985519952,2026-09-29 11:59:35+08:00
11:59:40,47734.78,-289.8199999999997,-0.6034823819459187,2026-09-29 11:59:40+08:00
11:59:45,47735.08,-289.5199999999968,-0.6028577020943368,2026-09-29 11:59:45+08:00
11:59:50,47738.34,-286.26000000000204,-0.5960695143738876,2026-09-29 11:59:50+08:00
11:59:55,47735.69,-288.9099999999962,-0.6015875197294641,2026-09-29 11:59:55+08:00
12:00:00,47738.75,-285.84999999999854,-0.5952157852433931,2026-09-29 12:00:00+08:00
12:00:05,47740.26,-284.3399999999965,-0.5920715633237893,2026-09-29 12:00:05+08:00
12:00:10,47737.65,-286.9499999999971,-0.5975062780325023,2026-09-29 12:00:10+08:00
12:00:15,47741.35,-283.25,-0.5898018931964035,2026-09-29 12:00:15+08:00
12:00:20,47741.01,-283.5899999999965,-0.5905098636948491,2026-09-29 12:00:20+08:00
12:00:25,47744.24,-280.3600000000006,-0.5837841439595552,2026-09-29 12:00:25+08:00
12:00:30,47741.6,-283.0,-0.5892813266534235,2026-09-29 12:00:30+08:00
12:00:35,47742.92,-281.6800000000003,-0.5865327353064894,2026-09-29 12:00:35+08:00
12:00:40,47744.7,-279.90000000000146,-0.5828263015204738,2026-09-29 12:00:40+08:00
12:00:45,47744.88,-279.72000000000116,-0.5824514936095275,2026-09-29 12:00:45+08:00
12:00:50,47744.23,-280.36999999999534,-0.5838049666212636,2026-09-29 12:00:50+08:00
12:00:55,47743.61,-280.98999999999796,-0.5850959716478595,2026-09-29 12:00:55+08:00
12:01:00,47745.43,-279.16999999999825,-0.5813062472149654,2026-09-29 12:01:00+08:00
12:01:05,47743.79,-280.8099999999977,-0.5847211637369133,2026-09-29 12:01:05+08:00
12:01:10,47742.63,-281.97000000000116,-0.5871365924963481,2026-09-29 12:01:10+08:00
12:01:15,47743.88,-280.72000000000116,-0.5845337597814477,2026-09-29 12:01:15+08:00
12:01:20,47738.43,-286.16999999999825,-0.595882110418407,2026-09-29 12:01:20+08:00
12:01:25,47737.8,-286.79999999999563,-0.5971939381067113,2026-09-29 12:01:25+08:00
12:01:30,47732.45,-292.15000000000146,-0.6083340621264965,2026-09-29 12:01:30+08:00
12:01:35,47730.9,-293.6999999999971,-0.6115615746929638,2026-09-29 12:01:35+08:00
12:01:40,47729.46,-295.1399999999994,-0.6145600379805337,2026-09-29 12:01:40+08:00
12:01:45,47733.26,-291.3399999999965,-0.6066474265272309,2026-09-29 12:01:45+08:00
12:01:50,47733.4,-291.1999999999971,-0.6063559092631633,2026-09-29 12:01:50+08:00
12:01:55,47732.99,-291.6100000000006,-0.6072096383936578,2026-09-29 12:01:55+08:00
12:02:00,47733.49,-291.1100000000006,-0.6061685053076976,2026-09-29 12:02:00+08:00
12:02:05,47734.1,-290.5,-0.6048983229428252,2026-09-29 12:02:05+08:00
12:02:10,47734.62,-289.9799999999959,-0.6038155445334181,2026-09-29 12:02:10+08:00
12:02:15,47738.55,-286.04999999999563,-0.595632238477771,2026-09-29 12:02:15+08:00
12:02:20,47738.16,-286.43999999999505,-0.5964443222848188,2026-09-29 12:02:20+08:00
12:02:25,47735.27,-289.33000000000175,-0.6024620715216821,2026-09-29 12:02:25+08:00
12:02:30,47734.47,-290.1299999999974,-0.6041278844592092,2026-09-29 12:02:30+08:00
12:02:35,47736.17,-288.4300000000003,-0.6005880319669509,2026-09-29 12:02:35+08:00
12:02:40,47734.79,-289.8099999999977,-0.6034615592841953,2026-09-29 12:02:40+08:00
12:02:45,47736.69,-287.9099999999962,-0.5995052535575439,2026-09-29 12:02:45+08:00
12:02:50,47729.29,-295.3099999999977,-0.6149140232297565,2026-09-29 12:02:50+08:00
12:02:55,47730.05,-294.54999999999563,-0.6133315009390929,2026-09-29 12:02:55+08:00
12:03:00,47731.98,-292.61999999999534,-0.6093127272272864,2026-09-29 12:03:00+08:00
12:03:05,47733.62,-290.9799999999959,-0.6058978107053384,2026-09-29 12:03:05+08:00
12:03:10,47773.44,-251.15999999999622,-0.5229819717394757,2026-09-29 12:03:10+08:00
12:03:15,47769.01,-255.5899999999965,-0.5322064108810829,2026-09-29 12:03:15+08:00
12:03:20,47768.75,-255.84999999999854,-0.5327478000857864,2026-09-29 12:03:20+08:00
12:03:25,47769.12,-255.47999999999593,-0.5319773616021704,2026-09-29 12:03:25+08:00
12:03:30,47774.63,-249.97000000000116,-0.5205040749949008,2026-09-29 12:03:30+08:00
12:03:35,47731.68,-292.91999999999825,-0.6099374070788685,2026-09-29 12:03:35+08:00
12:03:40,47727.74,-296.8600000000006,-0.618141535796239,2026-09-29 12:03:40+08:00
12:03:45,47725.53,-299.0699999999997,-0.6227433440361809,2026-09-29 12:03:45+08:00
12:03:50,47731.67,-292.9300000000003,-0.609958229740592,2026-09-29 12:03:50+08:00
12:03:55,47774.96,-249.63999999999942,-0.5198169271581635,2026-09-29 12:03:55+08:00
12:04:00,47773.59,-251.01000000000204,-0.5226696318136997,2026-09-29 12:04:00+08:00
12:04:05,47731.04,-293.5599999999977,-0.6112700574288963,2026-09-29 12:04:05+08:00
12:04:10,47728.74,-295.8600000000006,-0.6160592696243188,2026-09-29 12:04:10+08:00
12:04:15,47730.62,-293.9799999999959,-0.612144609221099,2026-09-29 12:04:15+08:00
12:04:20,47723.54,-301.0599999999977,-0.6268870537182979,2026-09-29 12:04:20+08:00
12:04:25,47726.82,-297.77999999999884,-0.620057220674402,2026-09-29 12:04:25+08:00
12:04:30,47724.18,-300.41999999999825,-0.6255544033682702,2026-09-29 12:04:30+08:00
12:04:35,47725.9,-298.6999999999971,-0.6219729055525649,2026-09-29 12:04:35+08:00
12:04:40,47725.16,-299.43999999999505,-0.6235137825197816,2026-09-29 12:04:40+08:00
12:04:45,47723.53,-301.0699999999997,-0.6269078763800213,2026-09-29 12:04:45+08:00
12:04:50,47725.45,-299.15000000000146,-0.6229099253299382,2026-09-29 12:04:50+08:00
12:04:55,47726.99,-297.6100000000006,-0.6197032354251791,2026-09-29 12:04:55+08:00
12:05:00,47768.11,-256.48999999999796,-0.5340804504358141,2026-09-29 12:05:00+08:00
12:05:05,47764.64,-259.9599999999991,-0.5413059140523797,2026-09-29 12:05:05+08:00
12:05:10,47728.03,-296.5699999999997,-0.6175376786063803,2026-09-29 12:05:10+08:00
12:05:15,47725.53,-299.0699999999997,-0.6227433440361809,2026-09-29 12:05:15+08:00
12:05:20,47719.5,-305.09999999999854,-0.6352994090528574,2026-09-29 12:05:20+08:00
12:05:25,47719.77,-304.83000000000175,-0.6347371971864456,2026-09-29 12:05:25+08:00
12:05:30,47763.78,-260.8199999999997,-0.5430966629602323,2026-09-29 12:05:30+08:00
12:05:35,47727.2,-297.40000000000146,-0.6192659595290777,2026-09-29 12:05:35+08:00
12:05:40,47733.11,-291.48999999999796,-0.606959766453022,2026-09-29 12:05:40+08:00
12:05:45,47770.27,-254.33000000000175,-0.5295827555044743,2026-09-29 12:05:45+08:00
12:05:50,47766.24,-258.3600000000006,-0.5379742881773103,2026-09-29 12:05:50+08:00
12:05:55,47729.01,-295.5899999999965,-0.6154970577578918,2026-09-29 12:05:55+08:00
12:06:00,47726.24,-298.3600000000006,-0.6212649350541193,2026-09-29 12:06:00+08:00
12:06:05,47728.86,-295.73999999999796,-0.6158093976836829,2026-09-29 12:06:05+08:00
12:06:10,47729.69,-294.9099999999962,-0.6140811167609854,2026-09-29 12:06:10+08:00
12:06:15,47723.49,-301.1100000000006,-0.6269911670268999,2026-09-29 12:06:15+08:00
12:06:20,47723.31,-301.2900000000009,-0.6273659749378462,2026-09-29 12:06:20+08:00
12:06:25,47726.08,-298.5199999999968,-0.6215980976416187,2026-09-29 12:06:25+08:00
12:06:30,47724.52,-300.08000000000175,-0.6248464328698246,2026-09-29 12:06:30+08:00
12:06:35,47725.62,-298.9799999999959,-0.6225559400807001,2026-09-29 12:06:35+08:00
12:06:40,47727.19,-297.4099999999962,-0.619286782190786,2026-09-29 12:06:40+08:00
12:06:45,47731.23,-293.36999999999534,-0.6108744268562265,2026-09-29 12:06:45+08:00
12:06:50,47735.26,-289.3399999999965,-0.6024828941833904,2026-09-29 12:06:50+08:00
12:06:55,47735.43,-289.16999999999825,-0.6021289089341676,2026-09-29 12:06:55+08:00
12:07:00,47734.16,-290.43999999999505,-0.6047733869724996,2026-09-29 12:07:00+08:00
12:07:05,47736.13,-288.47000000000116,-0.6006713226138295,2026-09-29 12:07:05+08:00
12:07:10,47741.05,-283.54999999999563,-0.5904265730479705,2026-09-29 12:07:10+08:00
12:07:15,47776.44,-248.15999999999622,-0.516735173223715,2026-09-29 12:07:15+08:00
12:07:20,47734.82,-289.77999999999884,-0.6033990912990401,2026-09-29 12:07:20+08:00
12:07:25,47731.36,-293.23999999999796,-0.6106037322538823,2026-09-29 12:07:25+08:00
12:07:30,47731.5,-293.09999999999854,-0.6103122149898147,2026-09-29 12:07:30+08:00
12:07:35,47733.02,-291.58000000000175,-0.6071471704085026,2026-09-29 12:07:35+08:00
12:07:40,47731.48,-293.11999999999534,-0.6103538603132465,2026-09-29 12:07:40+08:00
12:07:45,47734.41,-290.18999999999505,-0.6042528204295196,2026-09-29 12:07:45+08:00
12:07:50,47725.43,-299.16999999999825,-0.6229515706533698,2026-09-29 12:07:50+08:00
12:07:55,47725.36,-299.23999999999796,-0.6230973292854037,2026-09-29 12:07:55+08:00
12:08:00,47719.46,-305.1399999999994,-0.635382699699736,2026-09-29 12:08:00+08:00
12:08:05,47718.83,-305.7699999999968,-0.6366945273880403,2026-09-29 12:08:05+08:00
12:08:10,47712.85,-311.75,-0.6491464790961299,2026-09-29 12:08:10+08:00
12:08:15,47713.08,-311.5199999999968,-0.6486675578765816,2026-09-29 12:08:15+08:00
12:08:20,47714.11,-310.48999999999796,-0.6465228237195062,2026-09-29 12:08:20+08:00
12:08:25,47713.85,-310.75,-0.6470642129242097,2026-09-29 12:08:25+08:00
12:08:30,47717.03,-307.5699999999997,-0.6404426064975027,2026-09-29 12:08:30+08:00
12:08:35,47714.82,-309.77999999999884,-0.6450444147374447,2026-09-29 12:08:35+08:00
12:08:40,47711.28,-313.3199999999997,-0.6524156369860441,2026-09-29 12:08:40+08:00
12:08:45,47669.78,-354.8199999999997,-0.7388296831207334,2026-09-29 12:08:45+08:00
12:08:50,47715.88,-308.72000000000116,-0.6428372125952141,2026-09-29 12:08:50+08:00
12:08:55,47674.82,-349.77999999999884,-0.7283350616142537,2026-09-29 12:08:55+08:00
12:09:00,47674.77,-349.83000000000175,-0.7284391749228557,2026-09-29 12:09:00+08:00
12:09:05,47675.66,-348.93999999999505,-0.7265859580298328,2026-09-29 12:09:05+08:00
12:09:10,47679.82,-344.77999999999884,-0.7179237307546525,2026-09-29 12:09:10+08:00
12:09:15,47676.6,-348.0,-0.7246286278282381,2026-09-29 12:09:15+08:00
12:09:20,47678.64,-345.9599999999991,-0.720380804837519,2026-09-29 12:09:20+08:00
12:09:25,47677.97,-346.6299999999974,-0.7217759231727019,2026-09-29 12:09:25+08:00
12:09:30,47679.8,-344.79999999999563,-0.7179653760780842,2026-09-29 12:09:30+08:00
12:09:35,47675.79,-348.8099999999977,-0.7263152634274886,2026-09-29 12:09:35+08:00
12:09:40,47677.09,-347.51000000000204,-0.7236083174040014,2026-09-29 12:09:40+08:00
12:09:45,47675.92,-348.6800000000003,-0.7260445688251445,2026-09-29 12:09:45+08:00
12:09:50,47674.99,-349.6100000000006,-0.7279810763650308,2026-09-29 12:09:50+08:00
12:09:55,47672.06,-352.5400000000009,-0.7340821162487577,2026-09-29 12:09:55+08:00
12:10:00,47674.22,-350.3799999999974,-0.7295844213174028,2026-09-29 12:10:00+08:00
12:10:05,47675.67,-348.9300000000003,-0.7265651353681245,2026-09-29 12:10:05+08:00
12:10:10,47681.01,-343.5899999999965,-0.7154458340100627,2026-09-29 12:10:10+08:00
12:10:15,47679.56,-345.0400000000009,-0.718465119959356,2026-09-29 12:10:15+08:00
12:10:20,47717.04,-307.5599999999977,-0.6404217838357793,2026-09-29 12:10:20+08:00
12:10:25,47673.79,-350.8099999999977,-0.730479795771329,2026-09-29 12:10:25+08:00
12:10:30,47669.28,-355.3199999999997,-0.7398708162066935,2026-09-29 12:10:30+08:00
12:10:35,47712.16,-312.43999999999505,-0.6505832427547446,2026-09-29 12:10:35+08:00
12:10:40,47712.48,-312.11999999999534,-0.6499169175797307,2026-09-29 12:10:40+08:00
12:10:45,47712.35,-312.25,-0.65018761218209,2026-09-29 12:10:45+08:00
12:10:50,47714.17,-310.4300000000003,-0.6463978877491958,2026-09-29 12:10:50+08:00
12:10:55,47673.1,-351.5,-0.7319165594299588,2026-09-29 12:10:55+08:00
12:11:00,47670.61,-353.98999999999796,-0.737101402198036,2026-09-29 12:11:00+08:00
12:11:05,47708.77,-315.83000000000175,-0.657642125077568,2026-09-29 12:11:05+08:00
12:11:10,47667.74,-356.8600000000006,-0.7430775061114525,2026-09-29 12:11:10+08:00
12:11:15,47665.2,-359.40000000000146,-0.7483664621881316,2026-09-29 12:11:15+08:00
12:11:20,47709.41,-315.18999999999505,-0.6563094747275252,2026-09-29 12:11:20+08:00
12:11:25,47711.17,-313.4300000000003,-0.6526446862649564,2026-09-29 12:11:25+08:00
12:11:30,47668.19,-356.4099999999962,-0.7421404863340793,2026-09-29 12:11:30+08:00
12:11:35,47663.6,-361.0,-0.7516980880632009,2026-09-29 12:11:35+08:00
12:11:40,47665.9,-358.6999999999971,-0.7469088758677784,2026-09-29 12:11:40+08:00
12:11:45,47662.54,-362.0599999999977,-0.7539052902054316,2026-09-29 12:11:45+08:00
12:11:50,47674.25,-350.34999999999854,-0.7295219533322475,2026-09-29 12:11:50+08:00
12:11:55,47673.02,-351.58000000000175,-0.732083140723716,2026-09-29 12:11:55+08:00
12:12:00,47677.35,-347.25,-0.7230669281992979,2026-09-29 12:12:00+08:00
12:12:05,47677.99,-346.6100000000006,-0.7217342778492701,2026-09-29 12:12:05+08:00
12:12:10,47677.09,-347.51000000000204,-0.7236083174040014,2026-09-29 12:12:10+08:00
12:12:15,47712.44,-312.1599999999962,-0.6500002082266093,2026-09-29 12:12:15+08:00
12:12:20,47670.33,-354.2699999999968,-0.7376844367261712,2026-09-29 12:12:20+08:00
12:12:25,47705.26,-319.3399999999965,-0.6649508793409972,2026-09-29 12:12:25+08:00
12:12:30,47667.57,-357.02999999999884,-0.7434314913606753,2026-09-29 12:12:30+08:00
12:12:35,47668.3,-356.29999999999563,-0.7419114370551668,2026-09-29 12:12:35+08:00
12:12:40,47667.22,-357.3799999999974,-0.7441602845208443,2026-09-29 12:12:40+08:00
12:12:45,47667.45,-357.15000000000146,-0.7436813633013111,2026-09-29 12:12:45+08:00
12:12:50,47670.23,-354.36999999999534,-0.7378926633433601,2026-09-29 12:12:50+08:00
12:12:55,47671.84,-352.76000000000204,-0.7345402148065825,2026-09-29 12:12:55+08:00
12:13:00,47670.53,-354.0699999999997,-0.7372679834917931,2026-09-29 12:13:00+08:00
12:13:05,47669.28,-355.3199999999997,-0.7398708162066935,2026-09-29 12:13:05+08:00
12:13:10,47660.9,-363.6999999999971,-0.7573202067273795,2026-09-29 12:13:10+08:00
12:13:15,47662.39,-362.2099999999991,-0.7542176301312227,2026-09-29 12:13:15+08:00
12:13:20,47665.38,-359.22000000000116,-0.7479916542771854,2026-09-29 12:13:20+08:00
12:13:25,47667.8,-356.79999999999563,-0.7429525701411269,2026-09-29 12:13:25+08:00
12:13:30,47665.74,-358.8600000000006,-0.7472420384552929,2026-09-29 12:13:30+08:00
12:13:35,47665.95,-358.65000000000146,-0.7468047625591915,2026-09-29 12:13:35+08:00
12:13:40,47666.65,-357.9499999999971,-0.7453471762388382,2026-09-29 12:13:40+08:00
12:13:45,47710.42,-314.1800000000003,-0.6542063858938967,2026-09-29 12:13:45+08:00
12:13:50,47709.1,-315.5,-0.6569549772408307,2026-09-29 12:13:50+08:00
12:13:55,47710.42,-314.1800000000003,-0.6542063858938967,2026-09-29 12:13:55+08:00
12:14:00,47715.08,-309.5199999999968,-0.6445030255327411,2026-09-29 12:14:00+08:00
12:14:05,47670.44,-354.1599999999962,-0.7374553874472588,2026-09-29 12:14:05+08:00
12:14:10,47668.21,-356.3899999999994,-0.7420988410106476,2026-09-29 12:14:10+08:00
12:14:15,47672.45,-352.15000000000146,-0.73327003244171,2026-09-29 12:14:15+08:00
12:14:20,47714.74,-309.8600000000006,-0.6452109960312019,2026-09-29 12:14:20+08:00
12:14:25,47675.27,-349.33000000000175,-0.7273980418368956,2026-09-29 12:14:25+08:00
12:14:30,47716.43,-308.16999999999825,-0.6416919662006519,2026-09-29 12:14:30+08:00
12:14:35,47682.73,-341.86999999999534,-0.7118643361943574,2026-09-29 12:14:35+08:00
12:14:40,47679.48,-345.11999999999534,-0.718631701253098,2026-09-29 12:14:40+08:00
12:14:45,47717.22,-307.3799999999974,-0.6400469759248331,2026-09-29 12:14:45+08:00
12:14:50,47680.85,-343.75,-0.7157789965975772,2026-09-29 12:14:50+08:00
12:14:55,47677.82,-346.77999999999884,-0.7220882630984929,2026-09-29 12:14:55+08:00
12:15:00,47675.92,-348.6800000000003,-0.7260445688251445,2026-09-29 12:15:00+08:00
12:15:05,47673.99,-350.6100000000006,-0.730063342536951,2026-09-29 12:15:05+08:00
12:15:10,47674.64,-349.9599999999991,-0.7287098695251999,2026-09-29 12:15:10+08:00
12:15:15,47674.06,-350.5400000000009,-0.7299175839049172,2026-09-29 12:15:15+08:00
12:15:20,47669.53,-355.0699999999997,-0.7393502496637134,2026-09-29 12:15:20+08:00
12:15:25,47670.11,-354.48999999999796,-0.7381425352839961,2026-09-29 12:15:25+08:00
12:15:30,47668.15,-356.4499999999971,-0.7422237769809579,2026-09-29 12:15:30+08:00
12:15:35,47669.13,-355.47000000000116,-0.7401831561324845,2026-09-29 12:15:35+08:00
12:15:40,47670.39,-354.2099999999991,-0.7375595007558609,2026-09-29 12:15:40+08:00
12:15:45,47668.68,-355.91999999999825,-0.7411201759098426,2026-09-29 12:15:45+08:00
12:15:50,47666.45,-358.15000000000146,-0.7457636294732314,2026-09-29 12:15:50+08:00
12:15:55,47663.44,-361.1599999999962,-0.7520312506507003,2026-09-29 12:15:55+08:00
12:16:00,47665.17,-359.4300000000003,-0.7484289301732868,2026-09-29 12:16:00+08:00
12:16:05,47663.43,-361.16999999999825,-0.7520520733124237,2026-09-29 12:16:05+08:00
12:16:10,47663.31,-361.2900000000009,-0.7523019452530597,2026-09-29 12:16:10+08:00
12:16:15,47659.64,-364.9599999999991,-0.7599438621040032,2026-09-29 12:16:15+08:00
12:16:20,47658.59,-366.01000000000204,-0.7621302415845256,2026-09-29 12:16:20+08:00
12:16:25,47654.86,-369.73999999999796,-0.7698970944057795,2026-09-29 12:16:25+08:00
12:16:30,47663.9,-360.6999999999971,-0.7510734082116188,2026-09-29 12:16:30+08:00
12:16:35,47667.36,-357.23999999999796,-0.7438687672567766,2026-09-29 12:16:35+08:00
12:16:40,47665.24,-359.3600000000006,-0.748283171541253,2026-09-29 12:16:40+08:00
12:16:45,47664.51,-360.0899999999965,-0.7498032258467463,2026-09-29 12:16:45+08:00
12:16:50,47668.02,-356.58000000000175,-0.7424944715833173,2026-09-29 12:16:50+08:00
12:16:55,47664.26,-360.3399999999965,-0.7503237923897264,2026-09-29 12:16:55+08:00
12:17:00,47704.57,-320.02999999999884,-0.6663876429996269,2026-09-29 12:17:00+08:00
12:17:05,47705.19,-319.4099999999962,-0.6650966379730309,2026-09-29 12:17:05+08:00
12:17:10,47666.4,-358.1999999999971,-0.7458677427818183,2026-09-29 12:17:10+08:00
12:17:15,47667.61,-356.98999999999796,-0.7433482007137966,2026-09-29 12:17:15+08:00
12:17:20,47665.55,-359.04999999999563,-0.7476376690279474,2026-09-29 12:17:20+08:00
12:17:25,47702.49,-322.1100000000006,-0.6707187566372247,2026-09-29 12:17:25+08:00
12:17:30,47695.52,-329.08000000000175,-0.685232151855511,2026-09-29 12:17:30+08:00
12:17:35,47691.09,-333.51000000000204,-0.6944565909971182,2026-09-29 12:17:35+08:00
12:17:40,47692.67,-331.9300000000003,-0.6911666104454807,2026-09-29 12:17:40+08:00
12:17:45,47691.83,-332.7699999999968,-0.6929157140298864,2026-09-29 12:17:45+08:00
12:17:50,47653.22,-371.3799999999974,-0.7733120109277274,2026-09-29 12:17:50+08:00
12:17:55,47655.25,-369.34999999999854,-0.7690850105987318,2026-09-29 12:17:55+08:00
12:18:00,47656.69,-367.9099999999962,-0.7660865473111619,2026-09-29 12:18:00+08:00
12:18:05,47656.99,-367.6100000000006,-0.7654618674595949,2026-09-29 12:18:05+08:00
12:18:10,47664.27,-360.33000000000175,-0.750302969728018,2026-09-29 12:18:10+08:00
12:18:15,47665.05,-359.54999999999563,-0.7486788021139075,2026-09-29 12:18:15+08:00
12:18:20,47661.04,-363.5599999999977,-0.7570286894633119,2026-09-29 12:18:20+08:00
12:18:25,47663.59,-361.01000000000204,-0.7517189107249244,2026-09-29 12:18:25+08:00
12:18:30,47665.48,-359.11999999999534,-0.7477834276599813,2026-09-29 12:18:30+08:00
12:18:35,47665.71,-358.8899999999994,-0.7473045064404481,2026-09-29 12:18:35+08:00
12:18:40,47667.61,-356.98999999999796,-0.7433482007137966,2026-09-29 12:18:40+08:00
12:18:45,47668.81,-355.7900000000009,-0.7408494813074984,2026-09-29 12:18:45+08:00
12:18:50,47669.28,-355.3199999999997,-0.7398708162066935,2026-09-29 12:18:50+08:00
12:18:55,47668.24,-356.3600000000006,-0.7420363730254923,2026-09-29 12:18:55+08:00
12:19:00,47708.3,-316.29999999999563,-0.6586207901783578,2026-09-29 12:19:00+08:00
12:19:05,47663.41,-361.18999999999505,-0.7520937186358555,2026-09-29 12:19:05+08:00
12:19:10,47665.58,-359.0199999999968,-0.7475752010427923,2026-09-29 12:19:10+08:00
12:19:15,47664.82,-359.77999999999884,-0.7491577233334559,2026-09-29 12:19:15+08:00
12:19:20,47664.11,-360.48999999999796,-0.7506361323155174,2026-09-29 12:19:20+08:00
12:19:25,47707.91,-316.68999999999505,-0.6594328739854055,2026-09-29 12:19:25+08:00
12:19:30,47668.86,-355.73999999999796,-0.7407453679988963,2026-09-29 12:19:30+08:00
12:19:35,47707.07,-317.52999999999884,-0.6611819775698264,2026-09-29 12:19:35+08:00
12:19:40,47710.15,-314.4499999999971,-0.6547685977603085,2026-09-29 12:19:40+08:00
12:19:45,47715.83,-308.7699999999968,-0.642941325903801,2026-09-29 12:19:45+08:00
12:19:50,47716.67,-307.9300000000003,-0.6411922223193952,2026-09-29 12:19:50+08:00
12:19:55,47716.75,-307.84999999999854,-0.6410256410256381,2026-09-29 12:19:55+08:00
12:20:00,47715.66,-308.93999999999505,-0.6432953111530239,2026-09-29 12:20:00+08:00
12:20:05,47676.0,-348.59999999999854,-0.7258779875313872,2026-09-29 12:20:05+08:00
12:20:10,47714.77,-309.83000000000175,-0.6451485280460467,2026-09-29 12:20:10+08:00
12:20:15,47670.3,-354.29999999999563,-0.7377469047113264,2026-09-29 12:20:15+08:00
12:20:20,47673.28,-351.3199999999997,-0.7315417515190126,2026-09-29 12:20:20+08:00
12:20:25,47712.11,-312.48999999999796,-0.6506873560633466,2026-09-29 12:20:25+08:00
12:20:30,47672.23,-352.36999999999534,-0.7337281309995197,2026-09-29 12:20:30+08:00
12:20:35,47711.78,-312.8199999999997,-0.651374503900084,2026-09-29 12:20:35+08:00
12:20:40,47716.63,-307.97000000000116,-0.6412755129662739,2026-09-29 12:20:40+08:00
12:20:45,47708.5,-316.09999999999854,-0.6582043369439798,2026-09-29 12:20:45+08:00
12:20:50,47713.35,-311.25,-0.6481053460101698,2026-09-29 12:20:50+08:00
12:20:55,47717.53,-307.0699999999997,-0.6394014734115426,2026-09-29 12:20:55+08:00
12:21:00,47712.47,-312.1299999999974,-0.6499377402414541,2026-09-29 12:21:00+08:00
12:21:05,47673.24,-351.3600000000006,-0.7316250421658912,2026-09-29 12:21:05+08:00
12:21:10,47673.37,-351.2299999999959,-0.7313543475635319,2026-09-29 12:21:10+08:00
12:21:15,47672.17,-352.4300000000003,-0.7338530669698452,2026-09-29 12:21:15+08:00
12:21:20,47676.16,-348.43999999999505,-0.7255448249438726,2026-09-29 12:21:20+08:00
12:21:25,47674.75,-349.84999999999854,-0.7284808202462874,2026-09-29 12:21:25+08:00
12:21:30,47675.87,-348.7299999999959,-0.7261486821337313,2026-09-29 12:21:30+08:00
12:21:35,47716.04,-308.5599999999977,-0.6425040500076995,2026-09-29 12:21:35+08:00
12:21:40,47710.24,-314.3600000000006,-0.6545811938048429,2026-09-29 12:21:40+08:00
12:21:45,47713.02,-311.58000000000175,-0.6487924938469072,2026-09-29 12:21:45+08:00
12:21:50,47715.99,-308.6100000000006,-0.6426081633163017,2026-09-29 12:21:50+08:00
12:21:55,47715.87,-308.7299999999959,-0.6428580352569223,2026-09-29 12:21:55+08:00
12:22:00,47711.93,-312.66999999999825,-0.651062163974293,2026-09-29 12:22:00+08:00
12:22:05,47678.65,-345.9499999999971,-0.7203599821757956,2026-09-29 12:22:05+08:00
12:22:10,47719.02,-305.58000000000175,-0.6362988968153858,2026-09-29 12:22:10+08:00
12:22:15,47676.33,-348.2699999999968,-0.7251908396946499,2026-09-29 12:22:15+08:00
12:22:20,47681.28,-343.3199999999997,-0.7148836221436508,2026-09-29 12:22:20+08:00
12:22:25,47720.81,-303.7900000000009,-0.6325716403676468,2026-09-29 12:22:25+08:00
12:22:30,47719.4,-305.1999999999971,-0.6355076356700464,2026-09-29 12:22:30+08:00
12:22:35,47717.02,-307.58000000000175,-0.6404634291592262,2026-09-29 12:22:35+08:00
12:22:40,47711.83,-312.7699999999968,-0.6512703905914818,2026-09-29 12:22:40+08:00
12:22:45,47714.4,-310.1999999999971,-0.6459189665296474,2026-09-29 12:22:45+08:00
12:22:50,47710.48,-314.11999999999534,-0.6540814499235712,2026-09-29 12:22:50+08:00
12:22:55,47713.0,-311.59999999999854,-0.6488341391703388,2026-09-29 12:22:55+08:00
12:23:00,47714.91,-309.68999999999505,-0.6448570107819639,2026-09-29 12:23:00+08:00
12:23:05,47713.46,-311.1399999999994,-0.6478762967312574,2026-09-29 12:23:05+08:00
12:23:10,47711.21,-313.3899999999994,-0.6525613956180779,2026-09-29 12:23:10+08:00
12:23:15,47712.03,-312.5699999999997,-0.650853937357104,2026-09-29 12:23:15+08:00
12:23:20,47670.51,-354.0899999999965,-0.737309628815225,2026-09-29 12:23:20+08:00
12:23:25,47669.93,-354.66999999999825,-0.7385173431949423,2026-09-29 12:23:25+08:00
12:23:30,47673.22,-351.3799999999974,-0.731666687489323,2026-09-29 12:23:30+08:00
12:23:35,47671.77,-352.83000000000175,-0.7346859734386164,2026-09-29 12:23:35+08:00
12:23:40,47712.8,-311.79999999999563,-0.6492505924047168,2026-09-29 12:23:40+08:00
12:23:45,47713.31,-311.2900000000009,-0.6481886366570484,2026-09-29 12:23:45+08:00
12:23:50,47712.83,-311.7699999999968,-0.6491881244195616,2026-09-29 12:23:50+08:00
12:23:55,47711.2,-313.40000000000146,-0.6525822182798013,2026-09-29 12:23:55+08:00
12:24:00,47716.09,-308.51000000000204,-0.6423999366991127,2026-09-29 12:24:00+08:00
12:24:05,47713.76,-310.8399999999965,-0.6472516168796753,2026-09-29 12:24:05+08:00
12:24:10,47715.32,-309.27999999999884,-0.6440032816514846,2026-09-29 12:24:10+08:00
12:24:15,47714.84,-309.76000000000204,-0.6450027694140129,2026-09-29 12:24:15+08:00
12:24:20,47716.19,-308.4099999999962,-0.6421917100819085,2026-09-29 12:24:20+08:00
12:24:25,47677.8,-346.79999999999563,-0.7221299084219247,2026-09-29 12:24:25+08:00
12:24:30,47669.65,-354.9499999999971,-0.7391003777230776,2026-09-29 12:24:30+08:00
12:24:35,47671.05,-353.54999999999563,-0.7361852050823862,2026-09-29 12:24:35+08:00
12:24:40,47713.17,-311.4300000000003,-0.648480153921116,2026-09-29 12:24:40+08:00
12:24:45,47710.54,-314.0599999999977,-0.6539565139532607,2026-09-29 12:24:45+08:00
12:24:50,47709.72,-314.8799999999974,-0.6556639722142348,2026-09-29 12:24:50+08:00
12:24:55,47712.0,-312.59999999999854,-0.650916405342259,2026-09-29 12:24:55+08:00
12:25:00,47670.96,-353.6399999999994,-0.7363726090378669,2026-09-29 12:25:00+08:00
12:25:05,47716.04,-308.5599999999977,-0.6425040500076995,2026-09-29 12:25:05+08:00
12:25:10,47715.3,-309.29999999999563,-0.6440449269749163,2026-09-29 12:25:10+08:00
12:25:15,47716.73,-307.86999999999534,-0.6410672863490697,2026-09-29 12:25:15+08:00
12:25:20,47717.76,-306.8399999999965,-0.6389225521919943,2026-09-29 12:25:20+08:00
12:25:25,47718.43,-306.16999999999825,-0.6375274338568114,2026-09-29 12:25:25+08:00
12:25:30,47718.78,-305.8199999999997,-0.6367986406966424,2026-09-29 12:25:30+08:00
12:25:35,47719.01,-305.5899999999965,-0.6363197194770941,2026-09-29 12:25:35+08:00
12:25:40,47678.6,-346.0,-0.7204640954843976,2026-09-29 12:25:40+08:00
12:25:45,47721.9,-302.6999999999971,-0.6303019702402458,2026-09-29 12:25:45+08:00
12:25:50,47683.35,-341.25,-0.7105733311677765,2026-09-29 12:25:50+08:00
12:25:55,47725.49,-299.1100000000006,-0.6228266346830595,2026-09-29 12:25:55+08:00
12:26:00,47726.82,-297.77999999999884,-0.620057220674402,2026-09-29 12:26:00+08:00
12:26:05,47684.29,-340.3099999999977,-0.7086160009661666,2026-09-29 12:26:05+08:00
12:26:10,47681.86,-342.73999999999796,-0.7136759077639334,2026-09-29 12:26:10+08:00
12:26:15,47685.18,-339.41999999999825,-0.706762784073159,2026-09-29 12:26:15+08:00
12:26:20,47683.96,-340.6399999999994,-0.7093031488029039,2026-09-29 12:26:20+08:00
12:26:25,47720.37,-304.2299999999959,-0.6334878374832814,2026-09-29 12:26:25+08:00
12:26:30,47722.29,-302.3099999999977,-0.6294898864331981,2026-09-29 12:26:30+08:00
12:26:35,47718.92,-305.6800000000003,-0.6365071234325748,2026-09-29 12:26:35+08:00
12:26:40,47717.83,-306.7699999999968,-0.6387767935599605,2026-09-29 12:26:40+08:00
12:26:45,47720.77,-303.83000000000175,-0.6326549310145254,2026-09-29 12:26:45+08:00
12:26:50,47728.71,-295.8899999999994,-0.616121737609474,2026-09-29 12:26:50+08:00
12:26:55,47722.02,-302.58000000000175,-0.630052098299625,2026-09-29 12:26:55+08:00
12:27:00,47681.18,-343.41999999999825,-0.7150918487608399,2026-09-29 12:27:00+08:00
12:27:05,47717.65,-306.9499999999971,-0.6391516014709068,2026-09-29 12:27:05+08:00
12:27:10,47718.13,-306.47000000000116,-0.6381521137083935,2026-09-29 12:27:10+08:00
12:27:15,47716.86,-307.73999999999796,-0.6407965917467255,2026-09-29 12:27:15+08:00
12:27:20,47717.33,-307.2699999999968,-0.6398179266459206,2026-09-29 12:27:20+08:00
12:27:25,47679.65,-344.9499999999971,-0.7182777160038752,2026-09-29 12:27:25+08:00
12:27:30,47721.2,-303.40000000000146,-0.631759556560599,2026-09-29 12:27:30+08:00
12:27:35,47679.85,-344.75,-0.7178612627694974,2026-09-29 12:27:35+08:00
12:27:40,47677.28,-347.3199999999997,-0.7232126868313318,2026-09-29 12:27:40+08:00
12:27:45,47681.1,-343.5,-0.715258430054597,2026-09-29 12:27:45+08:00
12:27:50,47678.21,-346.3899999999994,-0.7212761792914453,2026-09-29 12:27:50+08:00
12:27:55,47682.11,-342.48999999999796,-0.7131553412209534,2026-09-29 12:27:55+08:00
12:28:00,47682.13,-342.47000000000116,-0.7131136958975217,2026-09-29 12:28:00+08:00
12:28:05,47678.08,-346.5199999999968,-0.7215468738937895,2026-09-29 12:28:05+08:00
12:28:10,47676.06,-348.5400000000009,-0.7257530515610767,2026-09-29 12:28:10+08:00
12:28:15,47673.29,-351.3099999999977,-0.7315209288572891,2026-09-29 12:28:15+08:00
12:28:20,47719.2,-305.40000000000146,-0.6359240889044395,2026-09-29 12:28:20+08:00
12:28:25,47716.86,-307.73999999999796,-0.6407965917467255,2026-09-29 12:28:25+08:00
12:28:30,47718.71,-305.8899999999994,-0.6369443993286762,2026-09-29 12:28:30+08:00
12:28:35,47674.22,-350.3799999999974,-0.7295844213174028,2026-09-29 12:28:35+08:00
12:28:40,47712.13,-312.47000000000116,-0.6506457107399148,2026-09-29 12:28:40+08:00
12:28:45,47714.76,-309.8399999999965,-0.645169350707755,2026-09-29 12:28:45+08:00
12:28:50,47677.8,-346.79999999999563,-0.7221299084219247,2026-09-29 12:28:50+08:00
12:28:55,47678.8,-345.79999999999563,-0.7200476422500044,2026-09-29 12:28:55+08:00
12:29:00,47675.93,-348.66999999999825,-0.7260237461634209,2026-09-29 12:29:00+08:00
12:29:05,47688.03,-336.5699999999997,-0.7008283254831893,2026-09-29 12:29:05+08:00
12:29:10,47681.65,-342.9499999999971,-0.7141131836600348,2026-09-29 12:29:10+08:00
12:29:15,47723.78,-300.8199999999997,-0.6263873098370413,2026-09-29 12:29:15+08:00
12:29:20,47724.42,-300.1800000000003,-0.6250546594870134,2026-09-29 12:29:20+08:00
12:29:25,47723.02,-301.58000000000175,-0.6279698321277049,2026-09-29 12:29:25+08:00
12:29:30,47722.14,-302.4599999999991,-0.6298022263589892,2026-09-29 12:29:30+08:00
12:29:35,47722.03,-302.5699999999997,-0.6300312756379016,2026-09-29 12:29:35+08:00
12:29:40,47718.46,-306.1399999999994,-0.6374649658716562,2026-09-29 12:29:40+08:00
12:29:45,47720.16,-304.43999999999505,-0.6339251133793828,2026-09-29 12:29:45+08:00
12:29:50,47682.73,-341.86999999999534,-0.7118643361943574,2026-09-29 12:29:50+08:00
12:29:55,47677.1,-347.5,-0.723587494742278,2026-09-29 12:29:55+08:00
12:30:00,47678.47,-346.1299999999974,-0.7207347900867417,2026-09-29 12:30:00+08:00
12:30:05,47726.17,-298.4300000000003,-0.6214106936861532,2026-09-29 12:30:05+08:00
12:30:10,47720.34,-304.26000000000204,-0.6335503054684517,2026-09-29 12:30:10+08:00
12:30:15,47707.28,-317.3199999999997,-0.6607447016737249,2026-09-29 12:30:15+08:00
12:30:20,47706.21,-318.3899999999994,-0.662972726477679,2026-09-29 12:30:20+08:00
12:30:25,47700.69,-323.9099999999962,-0.674466835746672,2026-09-29 12:30:25+08:00
12:30:30,47701.14,-323.4599999999991,-0.6735298159693139,2026-09-29 12:30:30+08:00
12:30:35,47661.65,-362.9499999999971,-0.7557585070984393,2026-09-29 12:30:35+08:00
12:30:40,47700.08,-324.5199999999968,-0.6757370181115445,2026-09-29 12:30:40+08:00
12:30:45,47702.98,-321.61999999999534,-0.6696984462129728,2026-09-29 12:30:45+08:00
12:30:50,47659.61,-364.98999999999796,-0.7600063300891584,2026-09-29 12:30:50+08:00
12:30:55,47704.43,-320.16999999999825,-0.6666791602636946,2026-09-29 12:30:55+08:00
12:31:00,47697.62,-326.9799999999959,-0.6808593928944664,2026-09-29 12:31:00+08:00
12:31:05,47698.67,-325.9300000000003,-0.6786730134139594,2026-09-29 12:31:05+08:00
12:31:10,47663.5,-361.09999999999854,-0.7519063146803899,2026-09-29 12:31:10+08:00
12:31:15,47659.75,-364.84999999999854,-0.7597148128250908,2026-09-29 12:31:15+08:00
12:31:20,47660.14,-364.4599999999991,-0.7589027290180431,2026-09-29 12:31:20+08:00
12:31:25,47659.28,-365.3199999999997,-0.7606934779258957,2026-09-29 12:31:25+08:00
12:31:30,47660.13,-364.47000000000116,-0.7589235516797666,2026-09-29 12:31:30+08:00
12:31:35,47654.69,-369.9099999999962,-0.7702510796550023,2026-09-29 12:31:35+08:00
12:31:40,47650.47,-374.1299999999974,-0.779038242900508,2026-09-29 12:31:40+08:00
12:31:45,47653.09,-371.51000000000204,-0.7735827055300868,2026-09-29 12:31:45+08:00
12:31:50,47690.01,-334.5899999999965,-0.6967054384627805,2026-09-29 12:31:50+08:00
12:31:55,47652.99,-371.6100000000006,-0.7737909321472758,2026-09-29 12:31:55+08:00
12:32:00,47651.78,-372.8199999999997,-0.7763104742152974,2026-09-29 12:32:00+08:00
12:32:05,47653.18,-371.41999999999825,-0.7733953015746061,2026-09-29 12:32:05+08:00
12:32:10,47650.04,-374.5599999999977,-0.7799336173544343,2026-09-29 12:32:10+08:00
12:32:15,47694.66,-329.93999999999505,-0.6870229007633485,2026-09-29 12:32:15+08:00
12:32:20,47655.02,-369.58000000000175,-0.7695639318182801,2026-09-29 12:32:20+08:00
12:32:25,47654.0,-370.59999999999854,-0.771687843313632,2026-09-29 12:32:25+08:00
12:32:30,47652.62,-371.9799999999959,-0.7745613706308765,2026-09-29 12:32:30+08:00
12:32:35,47689.6,-335.0,-0.6975591675932752,2026-09-29 12:32:35+08:00
12:32:40,47650.58,-374.0199999999968,-0.7788091936215956,2026-09-29 12:32:40+08:00
12:32:45,47649.44,-375.1599999999962,-0.7811829770575834,2026-09-29 12:32:45+08:00
12:32:50,47687.29,-337.3099999999977,-0.702369202450406,2026-09-29 12:32:50+08:00
12:32:55,47690.79,-333.8099999999977,-0.6950812708486852,2026-09-29 12:32:55+08:00
12:33:00,47650.01,-374.5899999999965,-0.7799960853395895,2026-09-29 12:33:00+08:00
12:33:05,47653.84,-370.76000000000204,-0.7720210059011465,2026-09-29 12:33:05+08:00
12:33:10,47694.12,-330.4799999999959,-0.6881473244961873,2026-09-29 12:33:10+08:00
12:33:15,47648.9,-375.6999999999971,-0.7823074007904222,2026-09-29 12:33:15+08:00
12:33:20,47648.8,-375.79999999999563,-0.7825156274076113,2026-09-29 12:33:20+08:00
12:33:25,47694.93,-329.66999999999825,-0.6864606888969368,2026-09-29 12:33:25+08:00
12:33:30,47695.24,-329.3600000000006,-0.6858151863836464,2026-09-29 12:33:30+08:00
12:33:35,47693.13,-331.47000000000116,-0.6902087680063992,2026-09-29 12:33:35+08:00
12:33:40,47655.83,-368.7699999999968,-0.7678772962190145,2026-09-29 12:33:40+08:00
12:33:45,47652.97,-371.6299999999974,-0.7738325774707075,2026-09-29 12:33:45+08:00
12:33:50,47695.59,-329.01000000000204,-0.6850863932234772,2026-09-29 12:33:50+08:00
12:33:55,47655.72,-368.8799999999974,-0.7681063454979269,2026-09-29 12:33:55+08:00
12:34:00,47653.34,-371.26000000000204,-0.7730621389871067,2026-09-29 12:34:00+08:00
12:34:05,47655.63,-368.97000000000116,-0.7682937494534076,2026-09-29 12:34:05+08:00
12:34:10,47652.72,-371.8799999999974,-0.7743531440136875,2026-09-29 12:34:10+08:00
12:34:15,47691.38,-333.22000000000116,-0.6938527338072595,2026-09-29 12:34:15+08:00
12:34:20,47696.4,-328.1999999999971,-0.6833997576242116,2026-09-29 12:34:20+08:00
12:34:25,47653.63,-370.97000000000116,-0.7724582817972481,2026-09-29 12:34:25+08:00
12:34:30,47659.19,-365.4099999999962,-0.7608808818813613,2026-09-29 12:34:30+08:00
12:34:35,47697.46,-327.1399999999994,-0.681192555481981,2026-09-29 12:34:35+08:00
12:34:40,47654.87,-369.7299999999959,-0.769876271744056,2026-09-29 12:34:40+08:00
12:34:45,47656.27,-368.33000000000175,-0.7669610991033798,2026-09-29 12:34:45+08:00
12:34:50,47660.53,-364.0699999999997,-0.7580906452109955,2026-09-29 12:34:50+08:00
12:34:55,47663.08,-361.5199999999968,-0.7527808664725928,2026-09-29 12:34:55+08:00
12:35:00,47702.0,-322.59999999999854,-0.6717390670614614,2026-09-29 12:35:00+08:00
12:35:05,47691.6,-333.0,-0.6933946352494347,2026-09-29 12:35:05+08:00
12:35:10,47697.71,-326.8899999999994,-0.6806719889390009,2026-09-29 12:35:10+08:00
12:35:15,47704.09,-320.51000000000204,-0.6673871307621553,2026-09-29 12:35:15+08:00
12:35:20,47662.71,-361.8899999999994,-0.7535513049562088,2026-09-29 12:35:20+08:00
12:35:25,47661.22,-363.3799999999974,-0.7566538815523657,2026-09-29 12:35:25+08:00
12:35:30,47709.12,-315.4799999999959,-0.6569133319173839,2026-09-29 12:35:30+08:00
12:35:35,47702.78,-321.8199999999997,-0.6701148994473659,2026-09-29 12:35:35+08:00
12:35:40,47664.2,-360.40000000000146,-0.7504487283600518,2026-09-29 12:35:40+08:00
12:35:45,47661.52,-363.08000000000175,-0.7560292017007987,2026-09-29 12:35:45+08:00
12:35:50,47663.46,-361.1399999999994,-0.7519896053272686,2026-09-29 12:35:50+08:00
12:35:55,47706.14,-318.4599999999991,-0.6631184851097127,2026-09-29 12:35:55+08:00
12:36:00,47700.2,-324.40000000000146,-0.6754871461709238,2026-09-29 12:36:00+08:00
12:36:05,47665.24,-359.3600000000006,-0.748283171541253,2026-09-29 12:36:05+08:00
12:36:10,47709.6,-315.0,-0.6559138441548706,2026-09-29 12:36:10+08:00
12:36:15,47707.32,-317.27999999999884,-0.6606614110268463,2026-09-29 12:36:15+08:00
12:36:20,47699.97,-324.6299999999974,-0.675966067390457,2026-09-29 12:36:20+08:00
12:36:25,47655.71,-368.8899999999994,-0.7681271681596503,2026-09-29 12:36:25+08:00
12:36:30,47699.94,-324.6599999999962,-0.6760285353756121,2026-09-29 12:36:30+08:00
12:36:35,47661.02,-363.58000000000175,-0.7570703347867588,2026-09-29 12:36:35+08:00
12:36:40,47662.94,-361.6599999999962,-0.7530723837366604,2026-09-29 12:36:40+08:00
12:36:45,47700.29,-324.3099999999977,-0.6752997422154431,2026-09-29 12:36:45+08:00
12:36:50,47657.48,-367.11999999999534,-0.764441557035343,2026-09-29 12:36:50+08:00
12:36:55,47657.81,-366.7900000000009,-0.7637544091986209,2026-09-29 12:36:55+08:00
12:37:00,47703.45,-321.15000000000146,-0.6687197811121831,2026-09-29 12:37:00+08:00
12:37:05,47703.95,-320.65000000000146,-0.667678648026223,2026-09-29 12:37:05+08:00
12:37:10,47662.06,-362.5400000000009,-0.75490477796796,2026-09-29 12:37:10+08:00
12:37:15,47662.13,-362.47000000000116,-0.7547590193359262,2026-09-29 12:37:15+08:00
12:37:20,47664.15,-360.4499999999971,-0.7505528416686388,2026-09-29 12:37:20+08:00
12:37:25,47699.09,-325.51000000000204,-0.6777984616217565,2026-09-29 12:37:25+08:00
12:37:30,47666.31,-358.2900000000009,-0.7460551467372989,2026-09-29 12:37:30+08:00
12:37:35,47665.81,-358.7900000000009,-0.7470962798232591,2026-09-29 12:37:35+08:00
12:37:40,47710.5,-314.09999999999854,-0.6540398046001394,2026-09-29 12:37:40+08:00
12:37:45,47666.03,-358.5699999999997,-0.7466381812654342,2026-09-29 12:37:45+08:00
12:37:50,47702.51,-322.0899999999965,-0.6706771113137778,2026-09-29 12:37:50+08:00
12:37:55,47669.62,-354.9799999999959,-0.7391628457082328,2026-09-29 12:37:55+08:00
12:38:00,47707.37,-317.2299999999959,-0.6605572977182442,2026-09-29 12:38:00+08:00
12:38:05,47709.52,-315.08000000000175,-0.6560804254486279,2026-09-29 12:38:05+08:00
12:38:10,47709.86,-314.73999999999796,-0.6553724549501672,2026-09-29 12:38:10+08:00
12:38:15,47714.33,-310.2699999999968,-0.6460647251616813,2026-09-29 12:38:15+08:00
12:38:20,47712.3,-312.29999999999563,-0.6502917254906769,2026-09-29 12:38:20+08:00
12:38:25,47673.34,-351.26000000000204,-0.7314168155487022,2026-09-29 12:38:25+08:00
12:38:30,47712.78,-311.8199999999997,-0.6492922377281637,2026-09-29 12:38:30+08:00
12:38:35,47669.83,-354.7699999999968,-0.7387255698121313,2026-09-29 12:38:35+08:00
12:38:40,47709.8,-314.79999999999563,-0.6554973909204775,2026-09-29 12:38:40+08:00
12:38:45,47710.03,-314.5699999999997,-0.6550184697009444,2026-09-29 12:38:45+08:00
12:38:50,47712.0,-312.59999999999854,-0.650916405342259,2026-09-29 12:38:50+08:00
12:38:55,47674.37,-350.2299999999959,-0.7292720813916117,2026-09-29 12:38:55+08:00
12:39:00,47712.13,-312.47000000000116,-0.6506457107399148,2026-09-29 12:39:00+08:00
12:39:05,47666.25,-358.34999999999854,-0.7461800827076094,2026-09-29 12:39:05+08:00
12:39:10,47669.8,-354.79999999999563,-0.7387880377972865,2026-09-29 12:39:10+08:00
12:39:15,47707.93,-316.66999999999825,-0.6593912286619737,2026-09-29 12:39:15+08:00
12:39:20,47705.21,-319.3899999999994,-0.6650549926495992,2026-09-29 12:39:20+08:00
12:39:25,47709.81,-314.7900000000009,-0.6554765682587692,2026-09-29 12:39:25+08:00
12:39:30,47673.74,-350.8600000000006,-0.7305839090799311,2026-09-29 12:39:30+08:00
12:39:35,47668.55,-356.04999999999563,-0.7413908705121868,2026-09-29 12:39:35+08:00
12:39:40,47668.83,-355.7699999999968,-0.7408078359840515,2026-09-29 12:39:40+08:00
12:39:45,47664.23,-360.36999999999534,-0.7503862603748814,2026-09-29 12:39:45+08:00
12:39:50,47665.44,-359.1599999999962,-0.7478667183068599,2026-09-29 12:39:50+08:00
12:39:55,47661.52,-363.08000000000175,-0.7560292017007987,2026-09-29 12:39:55+08:00
12:40:00,47663.67,-360.9300000000003,-0.7515523294311672,2026-09-29 12:40:00+08:00
12:40:05,47705.51,-319.0899999999965,-0.664430312798017,2026-09-29 12:40:05+08:00
12:40:10,47664.19,-360.4099999999962,-0.7504695510217602,2026-09-29 12:40:10+08:00
12:40:15,47663.53,-361.0699999999997,-0.7518438466952349,2026-09-29 12:40:15+08:00
12:40:20,47649.65,-374.9499999999971,-0.780745701161482,2026-09-29 12:40:20+08:00
12:40:25,47656.21,-368.3899999999994,-0.7670860350736902,2026-09-29 12:40:25+08:00
12:40:30,47694.39,-330.2099999999991,-0.6875851126297754,2026-09-29 12:40:30+08:00
12:40:35,47653.75,-370.84999999999854,-0.7722084098566121,2026-09-29 12:40:35+08:00
12:40:40,47652.06,-372.5400000000009,-0.7757274396871622,2026-09-29 12:40:40+08:00
12:40:45,47651.77,-372.83000000000175,-0.7763312968770208,2026-09-29 12:40:45+08:00
12:40:50,47652.84,-371.76000000000204,-0.7741032720730668,2026-09-29 12:40:50+08:00
12:40:55,47654.95,-369.65000000000146,-0.769709690450314,2026-09-29 12:40:55+08:00
12:41:00,47657.31,-367.2900000000009,-0.764795542284581,2026-09-29 12:41:00+08:00
12:41:05,47659.74,-364.8600000000006,-0.7597356354868142,2026-09-29 12:41:05+08:00
12:41:10,47657.27,-367.33000000000175,-0.7648788329314596,2026-09-29 12:41:10+08:00
12:41:15,47656.64,-367.9599999999991,-0.7661906606197639,2026-09-29 12:41:15+08:00
12:41:20,47694.46,-330.1399999999994,-0.6874393539977417,2026-09-29 12:41:20+08:00
12:41:25,47654.19,-370.4099999999962,-0.7712922127409624,2026-09-29 12:41:25+08:00
12:41:30,47661.67,-362.9300000000003,-0.7557168617750076,2026-09-29 12:41:30+08:00
12:41:35,47662.07,-362.52999999999884,-0.7548839553062365,2026-09-29 12:41:35+08:00
12:41:40,47700.5,-324.09999999999854,-0.6748624663193417,2026-09-29 12:41:40+08:00
12:41:45,47656.88,-367.72000000000116,-0.7656909167385073,2026-09-29 12:41:45+08:00
12:41:50,47662.21,-362.3899999999994,-0.7545924380421689,2026-09-29 12:41:50+08:00
12:41:55,47665.41,-359.18999999999505,-0.747929186292015,2026-09-29 12:41:55+08:00
12:42:00,47665.69,-358.9099999999962,-0.7473461517638798,2026-09-29 12:42:00+08:00
12:42:05,47668.13,-356.47000000000116,-0.7422654223044047,2026-09-29 12:42:05+08:00
12:42:10,47669.85,-354.75,-0.7386839244886996,2026-09-29 12:42:10+08:00
12:42:15,47670.87,-353.7299999999959,-0.7365600129933324,2026-09-29 12:42:15+08:00
12:42:20,47708.71,-315.8899999999994,-0.6577670610478784,2026-09-29 12:42:20+08:00
12:42:25,47674.23,-350.36999999999534,-0.7295635986556793,2026-09-29 12:42:25+08:00
12:42:30,47712.9,-311.6999999999971,-0.6490423657875278,2026-09-29 12:42:30+08:00
12:42:35,47669.81,-354.7900000000009,-0.7387672151355782,2026-09-29 12:42:35+08:00
12:42:40,47669.69,-354.9099999999962,-0.739017087076199,2026-09-29 12:42:40+08:00
12:42:45,47709.8,-314.79999999999563,-0.6554973909204775,2026-09-29 12:42:45+08:00
12:42:50,47715.59,-309.01000000000204,-0.6434410697850728,2026-09-29 12:42:50+08:00
12:42:55,47670.33,-354.2699999999968,-0.7376844367261712,2026-09-29 12:42:55+08:00
12:43:00,47673.4,-351.1999999999971,-0.7312918795783767,2026-09-29 12:43:00+08:00
12:43:05,47672.56,-352.0400000000009,-0.7330409831627976,2026-09-29 12:43:05+08:00
12:43:10,47715.05,-309.54999999999563,-0.6445654935178963,2026-09-29 12:43:10+08:00
12:43:15,47676.08,-348.5199999999968,-0.7257114062376299,2026-09-29 12:43:15+08:00
12:43:20,47674.88,-349.72000000000116,-0.7282101256439433,2026-09-29 12:43:20+08:00
12:43:25,47674.68,-349.91999999999825,-0.7286265788783213,2026-09-29 12:43:25+08:00
12:43:30,47680.28,-344.3199999999997,-0.716965888315571,2026-09-29 12:43:30+08:00
12:43:35,47679.5,-345.09999999999854,-0.7185900559296664,2026-09-29 12:43:35+08:00
12:43:40,47718.18,-306.41999999999825,-0.6380480003997915,2026-09-29 12:43:40+08:00
12:43:45,47719.99,-304.6100000000006,-0.6342790986286208,2026-09-29 12:43:45+08:00
12:43:50,47679.66,-344.93999999999505,-0.7182568933421518,2026-09-29 12:43:50+08:00
12:43:55,47718.62,-305.9799999999959,-0.6371318032841417,2026-09-29 12:43:55+08:00
12:44:00,47677.48,-347.11999999999534,-0.7227962335969386,2026-09-29 12:44:00+08:00
12:44:05,47678.42,-346.1800000000003,-0.7208389033953438,2026-09-29 12:44:05+08:00
12:44:10,47717.6,-307.0,-0.6392557147795088,2026-09-29 12:44:10+08:00
12:44:15,47723.67,-300.9300000000003,-0.6266163591159537,2026-09-29 12:44:15+08:00
12:44:20,47724.29,-300.3099999999977,-0.6253253540893576,2026-09-29 12:44:20+08:00
12:44:25,47679.71,-344.8899999999994,-0.718152780033565,2026-09-29 12:44:25+08:00
12:44:30,47681.76,-342.8399999999965,-0.7138841343811224,2026-09-29 12:44:30+08:00
12:44:35,47683.33,-341.2699999999968,-0.7106149764912082,2026-09-29 12:44:35+08:00
12:44:40,47678.32,-346.27999999999884,-0.7210471300125328,2026-09-29 12:44:40+08:00
12:44:45,47679.86,-344.73999999999796,-0.7178404401077739,2026-09-29 12:44:45+08:00
12:44:50,47717.62,-306.9799999999959,-0.639214069456062,2026-09-29 12:44:50+08:00
12:44:55,47683.01,-341.5899999999965,-0.711281301666222,2026-09-29 12:44:55+08:00
12:45:00,47685.62,-338.9799999999959,-0.7058465869575091,2026-09-29 12:45:00+08:00
12:45:05,47682.39,-342.2099999999991,-0.7125723066928181,2026-09-29 12:45:05+08:00
12:45:10,47679.47,-345.1299999999974,-0.7186525239148215,2026-09-29 12:45:10+08:00
12:45:15,47676.93,-347.66999999999825,-0.7239414799915007,2026-09-29 12:45:15+08:00
12:45:20,47720.79,-303.8099999999977,-0.6326132856910786,2026-09-29 12:45:20+08:00
12:45:25,47680.52,-344.08000000000175,-0.7164661444343144,2026-09-29 12:45:25+08:00
12:45:30,47684.18,-340.41999999999825,-0.7088450502450792,2026-09-29 12:45:30+08:00
12:45:35,47673.85,-350.75,-0.7303548598010187,2026-09-29 12:45:35+08:00
12:45:40,47676.31,-348.2900000000009,-0.7252324850180968,2026-09-29 12:45:40+08:00
12:45:45,47679.66,-344.93999999999505,-0.7182568933421518,2026-09-29 12:45:45+08:00
12:45:50,47685.93,-338.66999999999825,-0.7052010844442187,2026-09-29 12:45:50+08:00
12:45:55,47719.33,-305.2699999999968,-0.6356533943020802,2026-09-29 12:45:55+08:00
12:46:00,47679.53,-345.0699999999997,-0.7185275879445112,2026-09-29 12:46:00+08:00
12:46:05,47680.94,-343.6599999999962,-0.7155915926420964,2026-09-29 12:46:05+08:00
12:46:10,47680.75,-343.84999999999854,-0.715987223214766,2026-09-29 12:46:10+08:00
12:46:15,47721.34,-303.26000000000204,-0.6314680392965314,2026-09-29 12:46:15+08:00
12:46:20,47677.39,-347.2099999999991,-0.7229836375524192,2026-09-29 12:46:20+08:00
12:46:25,47679.64,-344.9599999999991,-0.7182985386655988,2026-09-29 12:46:25+08:00
12:46:30,47676.97,-347.6299999999974,-0.7238581893446222,2026-09-29 12:46:30+08:00
12:46:35,47715.37,-309.2299999999959,-0.6438991683428824,2026-09-29 12:46:35+08:00
12:46:40,47716.4,-308.1999999999971,-0.641754434185807,2026-09-29 12:46:40+08:00
12:46:45,47681.79,-342.8099999999977,-0.7138216663959672,2026-09-29 12:46:45+08:00
12:46:50,47675.37,-349.2299999999959,-0.7271898152196915,2026-09-29 12:46:50+08:00
12:46:55,47718.62,-305.9799999999959,-0.6371318032841417,2026-09-29 12:46:55+08:00
12:47:00,47675.57,-349.02999999999884,-0.7267733619853134,2026-09-29 12:47:00+08:00
12:47:05,47675.06,-349.5400000000009,-0.7278353177329969,2026-09-29 12:47:05+08:00
12:47:10,47672.29,-352.3099999999977,-0.7336031950292093,2026-09-29 12:47:10+08:00
12:47:15,47671.86,-352.73999999999796,-0.7344985694831356,2026-09-29 12:47:15+08:00
12:47:20,47668.75,-355.84999999999854,-0.7409744172778088,2026-09-29 12:47:20+08:00
12:47:25,47669.77,-354.83000000000175,-0.7388505057824568,2026-09-29 12:47:25+08:00
12:47:30,47671.93,-352.66999999999825,-0.7343528108511019,2026-09-29 12:47:30+08:00
12:47:35,47665.5,-359.09999999999854,-0.7477417823365495,2026-09-29 12:47:35+08:00
12:47:40,47661.94,-362.6599999999962,-0.7551546499085806,2026-09-29 12:47:40+08:00
12:47:45,47666.0,-358.59999999999854,-0.7467006492505893,2026-09-29 12:47:45+08:00
12:47:50,47665.37,-359.2299999999959,-0.7480124769388936,2026-09-29 12:47:50+08:00
12:47:55,47667.01,-357.5899999999965,-0.7445975604169457,2026-09-29 12:47:55+08:00
12:48:00,47661.15,-363.4499999999971,-0.7567996401843994,2026-09-29 12:48:00+08:00
12:48:05,47659.58,-365.0199999999968,-0.7600687980743136,2026-09-29 12:48:05+08:00
12:48:10,47664.12,-360.4799999999959,-0.750615309653794,2026-09-29 12:48:10+08:00
12:48:15,47659.39,-365.2099999999991,-0.7604644286469833,2026-09-29 12:48:15+08:00
12:48:20,47661.52,-363.08000000000175,-0.7560292017007987,2026-09-29 12:48:20+08:00
12:48:25,47659.72,-364.8799999999974,-0.759777280810246,2026-09-29 12:48:25+08:00
12:48:30,47658.57,-366.02999999999884,-0.7621718869079572,2026-09-29 12:48:30+08:00
12:48:35,47656.88,-367.72000000000116,-0.7656909167385073,2026-09-29 12:48:35+08:00
12:48:40,47654.31,-370.2900000000009,-0.7710423408003417,2026-09-29 12:48:40+08:00
12:48:45,47690.98,-333.61999999999534,-0.6946856402760155,2026-09-29 12:48:45+08:00
12:48:50,47654.78,-369.8199999999997,-0.7700636756995368,2026-09-29 12:48:50+08:00
12:48:55,47656.02,-368.58000000000175,-0.7674816656463599,2026-09-29 12:48:55+08:00
12:49:00,47657.93,-366.66999999999825,-0.763504537257985,2026-09-29 12:49:00+08:00
12:49:05,47654.93,-369.66999999999825,-0.7697513357737457,2026-09-29 12:49:05+08:00
12:49:10,47657.01,-367.5899999999965,-0.765420222136148,2026-09-29 12:49:10+08:00
12:49:15,47657.24,-367.3600000000006,-0.7649413009166148,2026-09-29 12:49:15+08:00
12:49:20,47656.13,-368.47000000000116,-0.7672526163674475,2026-09-29 12:49:20+08:00
12:49:25,47657.36,-367.23999999999796,-0.764691428975979,2026-09-29 12:49:25+08:00
12:49:30,47659.1,-365.5,-0.7610682858368419,2026-09-29 12:49:30+08:00
12:49:35,47698.36,-326.23999999999796,-0.6793185159272497,2026-09-29 12:49:35+08:00
12:49:40,47657.75,-366.84999999999854,-0.7638793451689312,2026-09-29 12:49:40+08:00
12:49:45,47659.08,-365.5199999999968,-0.7611099311602737,2026-09-29 12:49:45+08:00
12:49:50,47697.88,-326.72000000000116,-0.680318003689778,2026-09-29 12:49:50+08:00
12:49:55,47660.0,-364.59999999999854,-0.7591942462821107,2026-09-29 12:49:55+08:00
12:50:00,47659.84,-364.76000000000204,-0.7595274088696252,2026-09-29 12:50:00+08:00
12:50:05,47659.8,-364.79999999999563,-0.7596106995164887,2026-09-29 12:50:05+08:00
12:50:10,47656.78,-367.8199999999997,-0.7658991433556963,2026-09-29 12:50:10+08:00
12:50:15,47661.3,-363.29999999999563,-0.7564873002586083,2026-09-29 12:50:15+08:00
12:50:20,47666.56,-358.0400000000009,-0.745534580194319,2026-09-29 12:50:20+08:00
12:50:25,47663.84,-360.76000000000204,-0.7511983441819444,2026-09-29 12:50:25+08:00
12:50:30,47707.92,-316.6800000000003,-0.6594120513236972,2026-09-29 12:50:30+08:00
12:50:35,47665.96,-358.6399999999994,-0.746783939897468,2026-09-29 12:50:35+08:00
12:50:40,47703.94,-320.6599999999962,-0.6676994706879312,2026-09-29 12:50:40+08:00
12:50:45,47700.1,-324.5,-0.6756953727881129,2026-09-29 12:50:45+08:00
12:50:50,47667.53,-357.0699999999997,-0.7435147820075539,2026-09-29 12:50:50+08:00
12:50:55,47665.66,-358.93999999999505,-0.747408619749035,2026-09-29 12:50:55+08:00
12:51:00,47704.42,-320.1800000000003,-0.666699982925418,2026-09-29 12:51:00+08:00
12:51:05,47667.39,-357.2099999999991,-0.7438062992716216,2026-09-29 12:51:05+08:00
12:51:10,47706.02,-318.58000000000175,-0.6633683570503487,2026-09-29 12:51:10+08:00
12:51:15,47668.44,-356.1599999999962,-0.7416199197910992,2026-09-29 12:51:15+08:00
12:51:20,47666.14,-358.4599999999991,-0.7464091319865218,2026-09-29 12:51:20+08:00
12:51:25,47667.02,-357.58000000000175,-0.7445767377552375,2026-09-29 12:51:25+08:00
12:51:30,47667.85,-356.75,-0.74284845683254,2026-09-29 12:51:30+08:00
12:51:35,47668.79,-355.8099999999977,-0.7408911266309302,2026-09-29 12:51:35+08:00
12:51:40,47673.34,-351.26000000000204,-0.7314168155487022,2026-09-29 12:51:40+08:00
12:51:45,47668.63,-355.97000000000116,-0.7412242892184446,2026-09-29 12:51:45+08:00
12:51:50,47671.83,-352.7699999999968,-0.7345610374682908,2026-09-29 12:51:50+08:00
12:51:55,47712.82,-311.77999999999884,-0.6492089470812851,2026-09-29 12:51:55+08:00
12:52:00,47668.26,-356.3399999999965,-0.7419947277020454,2026-09-29 12:52:00+08:00
12:52:05,47664.59,-360.01000000000204,-0.7496366445530042,2026-09-29 12:52:05+08:00
12:52:10,47673.11,-351.48999999999796,-0.7318957367682354,2026-09-29 12:52:10+08:00
12:52:15,47706.53,-318.0699999999997,-0.6623064013026652,2026-09-29 12:52:15+08:00
12:52:20,47670.02,-354.58000000000175,-0.7383299392394768,2026-09-29 12:52:20+08:00
12:52:25,47668.31,-356.2900000000009,-0.7418906143934585,2026-09-29 12:52:25+08:00
12:52:30,47666.03,-358.5699999999997,-0.7466381812654342,2026-09-29 12:52:30+08:00
12:52:35,47667.35,-357.25,-0.7438895899185001,2026-09-29 12:52:35+08:00
12:52:40,47671.4,-353.1999999999971,-0.7354564119222171,2026-09-29 12:52:40+08:00
12:52:45,47707.23,-317.36999999999534,-0.660848814982312,2026-09-29 12:52:45+08:00
12:52:50,47668.43,-356.16999999999825,-0.7416407424528226,2026-09-29 12:52:50+08:00
12:52:55,47667.82,-356.77999999999884,-0.7429109248176952,2026-09-29 12:52:55+08:00
12:53:00,47664.48,-360.11999999999534,-0.7498656938319015,2026-09-29 12:53:00+08:00
12:53:05,47702.89,-321.7099999999991,-0.6698858501684535,2026-09-29 12:53:05+08:00
12:53:10,47666.35,-358.25,-0.7459718560904204,2026-09-29 12:53:10+08:00
12:53:15,47669.15,-355.4499999999971,-0.7401415108090377,2026-09-29 12:53:15+08:00
12:53:20,47677.87,-346.7299999999959,-0.7219841497898909,2026-09-29 12:53:20+08:00
12:53:25,47673.75,-350.84999999999854,-0.7305630864182077,2026-09-29 12:53:25+08:00
12:53:30,47673.56,-351.0400000000009,-0.7309587169908773,2026-09-29 12:53:30+08:00
12:53:35,47670.4,-354.1999999999971,-0.7375386780941373,2026-09-29 12:53:35+08:00
12:53:40,47670.96,-353.6399999999994,-0.7363726090378669,2026-09-29 12:53:40+08:00
12:53:45,47714.26,-310.3399999999965,-0.6462104837937152,2026-09-29 12:53:45+08:00
12:53:50,47674.81,-349.7900000000009,-0.7283558842759771,2026-09-29 12:53:50+08:00
12:53:55,47672.77,-351.83000000000175,-0.7326037072666961,2026-09-29 12:53:55+08:00
12:54:00,47673.61,-350.98999999999796,-0.7308546036822753,2026-09-29 12:54:00+08:00
12:54:05,47671.17,-353.4300000000003,-0.7359353331417654,2026-09-29 12:54:05+08:00
12:54:10,47671.45,-353.15000000000146,-0.7353522986136303,2026-09-29 12:54:10+08:00
12:54:15,47672.08,-352.5199999999968,-0.7340404709253108,2026-09-29 12:54:15+08:00
12:54:20,47673.2,-351.40000000000146,-0.7317083328127698,2026-09-29 12:54:20+08:00
12:54:25,47668.56,-356.0400000000009,-0.7413700478504784,2026-09-29 12:54:25+08:00
12:54:30,47711.8,-312.79999999999563,-0.651332858576637,2026-09-29 12:54:30+08:00
12:54:35,47674.57,-350.02999999999884,-0.7288556281572336,2026-09-29 12:54:35+08:00
12:54:40,47713.76,-310.8399999999965,-0.6472516168796753,2026-09-29 12:54:40+08:00
12:54:45,47682.5,-342.09999999999854,-0.7123432574139057,2026-09-29 12:54:45+08:00
12:54:50,47676.72,-347.8799999999974,-0.7243787558876021,2026-09-29 12:54:50+08:00
12:54:55,47718.7,-305.90000000000146,-0.6369652219903996,2026-09-29 12:54:55+08:00
12:55:00,47672.13,-352.47000000000116,-0.7339363576167238,2026-09-29 12:55:00+08:00
12:55:05,47671.94,-352.6599999999962,-0.7343319881893784,2026-09-29 12:55:05+08:00
12:55:10,47671.03,-353.5699999999997,-0.736226850405833,2026-09-29 12:55:10+08:00
12:55:15,47676.83,-347.7699999999968,-0.7241497066086897,2026-09-29 12:55:15+08:00
12:55:20,47676.01,-348.5899999999965,-0.7258571648696638,2026-09-29 12:55:20+08:00
12:55:25,47675.75,-348.84999999999854,-0.7263985540743672,2026-09-29 12:55:25+08:00
12:55:30,47670.87,-353.7299999999959,-0.7365600129933324,2026-09-29 12:55:30+08:00
12:55:35,47667.43,-357.16999999999825,-0.7437230086247428,2026-09-29 12:55:35+08:00
12:55:40,47669.13,-355.47000000000116,-0.7401831561324845,2026-09-29 12:55:40+08:00
12:55:45,47673.96,-350.6399999999994,-0.7301258105221062,2026-09-29 12:55:45+08:00
12:55:50,47675.48,-349.11999999999534,-0.726960765940779,2026-09-29 12:55:50+08:00
12:55:55,47676.71,-347.8899999999994,-0.7243995785493256,2026-09-29 12:55:55+08:00
12:56:00,47675.75,-348.84999999999854,-0.7263985540743672,2026-09-29 12:56:00+08:00
12:56:05,47673.35,-351.25,-0.7313959928869788,2026-09-29 12:56:05+08:00
12:56:10,47681.79,-342.8099999999977,-0.7138216663959672,2026-09-29 12:56:10+08:00
12:56:15,47675.8,-348.79999999999563,-0.7262944407657651,2026-09-29 12:56:15+08:00
12:56:20,47680.25,-344.34999999999854,-0.7170283563007261,2026-09-29 12:56:20+08:00
12:56:25,47717.7,-306.90000000000146,-0.6390474881623198,2026-09-29 12:56:25+08:00
12:56:30,47715.43,-309.16999999999825,-0.6437742323725721,2026-09-29 12:56:30+08:00
12:56:35,47675.76,-348.8399999999965,-0.7263777314126437,2026-09-29 12:56:35+08:00
12:56:40,47715.39,-309.2099999999991,-0.6438575230194508,2026-09-29 12:56:40+08:00
12:56:45,47675.87,-348.7299999999959,-0.7261486821337313,2026-09-29 12:56:45+08:00
12:56:50,47677.65,-346.9499999999971,-0.7224422483477158,2026-09-29 12:56:50+08:00
12:56:55,47674.25,-350.34999999999854,-0.7295219533322475,2026-09-29 12:56:55+08:00
12:57:00,47666.06,-358.5400000000009,-0.746575713280279,2026-09-29 12:57:00+08:00
12:57:05,47672.63,-351.97000000000116,-0.7328952245307637,2026-09-29 12:57:05+08:00
12:57:10,47674.88,-349.72000000000116,-0.7282101256439433,2026-09-29 12:57:10+08:00
12:57:15,47673.44,-351.1599999999962,-0.7312085889314981,2026-09-29 12:57:15+08:00
12:57:20,47671.28,-353.3199999999997,-0.7357062838628531,2026-09-29 12:57:20+08:00
12:57:25,47679.62,-344.9799999999959,-0.7183401839890304,2026-09-29 12:57:25+08:00
12:57:30,47677.49,-347.1100000000006,-0.7227754109352302,2026-09-29 12:57:30+08:00
12:57:35,47672.43,-352.16999999999825,-0.7333116777651418,2026-09-29 12:57:35+08:00
12:57:40,47668.72,-355.8799999999974,-0.741036885262964,2026-09-29 12:57:40+08:00
12:57:45,47674.43,-350.16999999999825,-0.7291471454213012,2026-09-29 12:57:45+08:00
12:57:50,47675.7,-348.90000000000146,-0.7265026673829692,2026-09-29 12:57:50+08:00
12:57:55,47714.36,-310.23999999999796,-0.6460022571765262,2026-09-29 12:57:55+08:00
12:58:00,47670.96,-353.6399999999994,-0.7363726090378669,2026-09-29 12:58:00+08:00
12:58:05,47676.11,-348.48999999999796,-0.7256489382524747,2026-09-29 12:58:05+08:00
12:58:10,47716.82,-307.77999999999884,-0.6408798823936042,2026-09-29 12:58:10+08:00
12:58:15,47712.81,-311.7900000000009,-0.6492297697430085,2026-09-29 12:58:15+08:00
12:58:20,47669.67,-354.9300000000003,-0.7390587323996458,2026-09-29 12:58:20+08:00
12:58:25,47710.06,-314.5400000000009,-0.6549560017157892,2026-09-29 12:58:25+08:00
12:58:30,47671.64,-352.9599999999991,-0.7349566680409605,2026-09-29 12:58:30+08:00
12:58:35,47665.27,-359.33000000000175,-0.7482207035560978,2026-09-29 12:58:35+08:00
12:58:40,47663.13,-361.47000000000116,-0.7526767531640058,2026-09-29 12:58:40+08:00
12:58:45,47661.84,-362.76000000000204,-0.7553628765257848,2026-09-29 12:58:45+08:00
12:58:50,47659.29,-365.3099999999977,-0.7606726552641723,2026-09-29 12:58:50+08:00
12:58:55,47660.43,-364.16999999999825,-0.7582988718281845,2026-09-29 12:58:55+08:00
12:59:00,47667.22,-357.3799999999974,-0.7441602845208443,2026-09-29 12:59:00+08:00
12:59:05,47661.48,-363.11999999999534,-0.7561124923476621,2026-09-29 12:59:05+08:00
12:59:10,47699.11,-325.48999999999796,-0.6777568162983095,2026-09-29 12:59:10+08:00
12:59:15,47664.83,-359.7699999999968,-0.7491369006717324,2026-09-29 12:59:15+08:00
12:59:20,47706.54,-318.0599999999977,-0.6622855786409417,2026-09-29 12:59:20+08:00
12:59:25,47672.95,-351.65000000000146,-0.7322288993557499,2026-09-29 12:59:25+08:00
12:59:30,47670.94,-353.6599999999962,-0.7364142543612987,2026-09-29 12:59:30+08:00
12:59:35,47675.26,-349.3399999999965,-0.7274188644986038,2026-09-29 12:59:35+08:00
12:59:40,47673.73,-350.86999999999534,-0.7306047317416394,2026-09-29 12:59:40+08:00
12:59:45,47712.42,-312.1800000000003,-0.6500418535500563,2026-09-29 12:59:45+08:00
12:59:50,47672.26,-352.3399999999965,-0.7336656630143645,2026-09-29 12:59:50+08:00
12:59:55,47675.63,-348.97000000000116,-0.7266484260150031,2026-09-29 12:59:55+08:00
13:00:00,47672.52,-352.08000000000175,-0.7331242738096762,2026-09-29 13:00:00+08:00
13:00:05,47673.39,-351.2099999999991,-0.7313127022401001,2026-09-29 13:00:05+08:00
13:00:10,47678.51,-346.0899999999965,-0.7206514994398632,2026-09-29 13:00:10+08:00
13:00:15,47676.37,-348.2299999999959,-0.7251075490477712,2026-09-29 13:00:15+08:00
13:00:20,47683.59,-341.01000000000204,-0.7100735872865199,2026-09-29 13:00:20+08:00
13:00:25,47689.3,-335.29999999999563,-0.6981838474448421,2026-09-29 13:00:25+08:00
13:00:30,47691.62,-332.9799999999959,-0.6933529899259878,2026-09-29 13:00:30+08:00
13:00:35,47689.78,-334.8199999999997,-0.6971843596823288,2026-09-29 13:00:35+08:00
13:00:40,47694.59,-330.01000000000204,-0.6871686593953975,2026-09-29 13:00:40+08:00
13:00:45,47739.09,-285.51000000000204,-0.5945078147449475,2026-09-29 13:00:45+08:00
13:00:50,47744.06,-280.5400000000009,-0.5841589518705015,2026-09-29 13:00:50+08:00
13:00:55,47706.47,-318.1299999999974,-0.6624313372729754,2026-09-29 13:00:55+08:00
13:01:00,47756.37,-268.2299999999959,-0.5585262552941532,2026-09-29 13:01:00+08:00
13:01:05,47708.04,-316.5599999999977,-0.6591621793830614,2026-09-29 13:01:05+08:00
13:01:10,47702.59,-322.01000000000204,-0.6705105300200357,2026-09-29 13:01:10+08:00
13:01:15,47709.42,-315.1800000000003,-0.6562886520658169,2026-09-29 13:01:15+08:00
13:01:20,47709.45,-315.15000000000146,-0.6562261840806617,2026-09-29 13:01:20+08:00
13:01:25,47709.22,-315.3799999999974,-0.6567051053001949,2026-09-29 13:01:25+08:00
13:01:30,47713.54,-311.0599999999977,-0.6477097154375001,2026-09-29 13:01:30+08:00
13:01:35,47713.67,-310.9300000000003,-0.6474390208351559,2026-09-29 13:01:35+08:00
13:01:40,47715.78,-308.8199999999997,-0.6430454392124031,2026-09-29 13:01:40+08:00
13:01:45,47751.38,-273.22000000000116,-0.5689167634920461,2026-09-29 13:01:45+08:00
13:01:50,47712.36,-312.23999999999796,-0.6501667895203666,2026-09-29 13:01:50+08:00
13:01:55,47710.56,-314.0400000000009,-0.6539148686298291,2026-09-29 13:01:55+08:00
13:02:00,47763.59,-261.01000000000204,-0.543492293532902,2026-09-29 13:02:00+08:00
13:02:05,47719.05,-305.54999999999563,-0.6362364288302155,2026-09-29 13:02:05+08:00
13:02:10,47708.4,-316.1999999999971,-0.6584125635611688,2026-09-29 13:02:10+08:00
13:02:15,47704.15,-320.4499999999971,-0.6672621947918298,2026-09-29 13:02:15+08:00
13:02:20,47708.35,-316.25,-0.658516676869771,2026-09-29 13:02:20+08:00
13:02:25,47711.16,-313.43999999999505,-0.6526655089266648,2026-09-29 13:02:25+08:00
13:02:30,47712.82,-311.77999999999884,-0.6492089470812851,2026-09-29 13:02:30+08:00
13:02:35,47714.31,-310.2900000000009,-0.6461063704851282,2026-09-29 13:02:35+08:00
13:02:40,47720.38,-304.22000000000116,-0.633467014821573,2026-09-29 13:02:40+08:00
13:02:45,47714.49,-310.1100000000006,-0.645731562574182,2026-09-29 13:02:45+08:00
13:02:50,47716.6,-308.0,-0.6413379809514291,2026-09-29 13:02:50+08:00
13:02:55,47715.31,-309.2900000000009,-0.644024104313208,2026-09-29 13:02:55+08:00
13:03:00,47763.99,-260.6100000000006,-0.5426593870641309,2026-09-29 13:03:00+08:00
13:03:05,47712.83,-311.7699999999968,-0.6491881244195616,2026-09-29 13:03:05+08:00
13:03:10,47708.85,-315.75,-0.6574755437838109,2026-09-29 13:03:10+08:00
13:03:15,47754.49,-270.1100000000006,-0.562440915697373,2026-09-29 13:03:15+08:00
13:03:20,47715.83,-308.7699999999968,-0.642941325903801,2026-09-29 13:03:20+08:00
13:03:25,47717.19,-307.4099999999962,-0.6401094439099883,2026-09-29 13:03:25+08:00
13:03:30,47708.76,-315.8399999999965,-0.6576629477392764,2026-09-29 13:03:30+08:00
13:03:35,47710.68,-313.91999999999825,-0.6536649966891931,2026-09-29 13:03:35+08:00
13:03:40,47715.02,-309.58000000000175,-0.6446279615030667,2026-09-29 13:03:40+08:00
13:03:45,47711.42,-313.1800000000003,-0.6521241197219765,2026-09-29 13:03:45+08:00
13:03:50,47713.58,-311.0199999999968,-0.6476264247906215,2026-09-29 13:03:50+08:00
13:03:55,47713.75,-310.84999999999854,-0.6472724395413987,2026-09-29 13:03:55+08:00
13:04:00,47767.24,-257.3600000000006,-0.5358920220053901,2026-09-29 13:04:00+08:00
13:04:05,47757.85,-266.75,-0.5554445013597198,2026-09-29 13:04:05+08:00
13:04:10,47744.06,-280.5400000000009,-0.5841589518705015,2026-09-29 13:04:10+08:00
13:04:15,47703.8,-320.79999999999563,-0.6679909879519988,2026-09-29 13:04:15+08:00
13:04:20,47711.41,-313.18999999999505,-0.6521449423836847,2026-09-29 13:04:20+08:00
13:04:25,47707.52,-317.08000000000175,-0.6602449577924684,2026-09-29 13:04:25+08:00
13:04:30,47748.54,-276.0599999999977,-0.5748303994202922,2026-09-29 13:04:30+08:00
13:04:35,47752.56,-272.0400000000009,-0.5664596894091797,2026-09-29 13:04:35+08:00
13:04:40,47752.27,-272.33000000000175,-0.5670635465990382,2026-09-29 13:04:40+08:00
13:04:45,47753.78,-270.8199999999997,-0.5639193246794345,2026-09-29 13:04:45+08:00
13:04:50,47749.96,-274.6399999999994,-0.5718735814561692,2026-09-29 13:04:50+08:00
13:04:55,47707.13,-317.47000000000116,-0.661057041599516,2026-09-29 13:04:55+08:00
13:05:00,47764.08,-260.5199999999968,-0.5424719831086502,2026-09-29 13:05:00+08:00
13:05:05,47757.21,-267.3899999999994,-0.5567771517097476,2026-09-29 13:05:05+08:00
13:05:10,47707.15,-317.4499999999971,-0.6610153962760691,2026-09-29 13:05:10+08:00
13:05:15,47711.32,-313.27999999999884,-0.6523323463391654,2026-09-29 13:05:15+08:00
13:05:20,47705.29,-319.3099999999977,-0.664888411355842,2026-09-29 13:05:20+08:00
13:05:25,47714.29,-310.3099999999977,-0.64614801580856,2026-09-29 13:05:25+08:00
13:05:30,47712.0,-312.59999999999854,-0.650916405342259,2026-09-29 13:05:30+08:00
13:05:35,47711.56,-313.0400000000009,-0.6518326024579089,2026-09-29 13:05:35+08:00
13:05:40,47750.03,-274.5699999999997,-0.5717278228241354,2026-09-29 13:05:40+08:00
13:05:45,47710.94,-313.6599999999962,-0.6531236074844897,2026-09-29 13:05:45+08:00
13:05:50,47713.76,-310.8399999999965,-0.6472516168796753,2026-09-29 13:05:50+08:00
13:05:55,47715.35,-309.25,-0.6439408136663294,2026-09-29 13:05:55+08:00
13:06:00,47765.06,-259.5400000000009,-0.5404313622601767,2026-09-29 13:06:00+08:00
13:06:05,47758.53,-266.0699999999997,-0.5540285603628134,2026-09-29 13:06:05+08:00
13:06:10,47709.94,-314.6599999999962,-0.6552058736564099,2026-09-29 13:06:10+08:00
13:06:15,47711.79,-312.8099999999977,-0.6513536812383605,2026-09-29 13:06:15+08:00
13:06:20,47752.04,-272.5599999999977,-0.5675424678185715,2026-09-29 13:06:20+08:00
13:06:25,47752.59,-272.01000000000204,-0.5663972214240244,2026-09-29 13:06:25+08:00
13:06:30,47711.99,-312.6100000000006,-0.6509372280039825,2026-09-29 13:06:30+08:00
13:06:35,47753.98,-270.61999999999534,-0.5635028714450414,2026-09-29 13:06:35+08:00
13:06:40,47711.25,-313.34999999999854,-0.6524781049711993,2026-09-29 13:06:40+08:00
13:06:45,47708.43,-316.16999999999825,-0.6583500955760136,2026-09-29 13:06:45+08:00
13:06:50,47705.41,-319.18999999999505,-0.6646385394152061,2026-09-29 13:06:50+08:00
13:06:55,47702.15,-322.4499999999971,-0.6714267271356702,2026-09-29 13:06:55+08:00
13:07:00,47762.86,-261.73999999999796,-0.5450123478383953,2026-09-29 13:07:00+08:00
13:07:05,47751.44,-273.1599999999962,-0.5687918275217206,2026-09-29 13:07:05+08:00
13:07:10,47701.6,-323.0,-0.6725719735302325,2026-09-29 13:07:10+08:00
13:07:15,47709.25,-315.34999999999854,-0.6566426373150397,2026-09-29 13:07:15+08:00
13:07:20,47708.36,-316.23999999999796,-0.6584958542080476,2026-09-29 13:07:20+08:00
13:07:25,47710.5,-314.09999999999854,-0.6540398046001394,2026-09-29 13:07:25+08:00
13:07:30,47706.22,-318.3799999999974,-0.6629519038159556,2026-09-29 13:07:30+08:00
13:07:35,47704.87,-319.7299999999959,-0.6657629631480448,2026-09-29 13:07:35+08:00
13:07:40,47748.72,-275.8799999999974,-0.574455591509346,2026-09-29 13:07:40+08:00
13:07:45,47708.62,-315.9799999999959,-0.657954465003344,2026-09-29 13:07:45+08:00
13:07:50,47741.79,-282.8099999999977,-0.5888856960807538,2026-09-29 13:07:50+08:00
13:07:55,47701.5,-323.09999999999854,-0.6727802001474215,2026-09-29 13:07:55+08:00
13:08:00,47755.47,-269.1299999999974,-0.5604002948488845,2026-09-29 13:08:00+08:00
13:08:05,47704.38,-320.22000000000116,-0.6667832735722966,2026-09-29 13:08:05+08:00
13:08:10,47701.07,-323.52999999999884,-0.6736755746013477,2026-09-29 13:08:10+08:00
13:08:15,47701.7,-322.90000000000146,-0.6723637469130435,2026-09-29 13:08:15+08:00
13:08:20,47699.49,-325.1100000000006,-0.6769655551529853,2026-09-29 13:08:20+08:00
13:08:25,47705.14,-319.4599999999991,-0.665200751281633,2026-09-29 13:08:25+08:00
13:08:30,47699.58,-325.0199999999968,-0.6767781511975046,2026-09-29 13:08:30+08:00
13:08:35,47705.0,-319.59999999999854,-0.6654922685457006,2026-09-29 13:08:35+08:00
13:08:40,47745.19,-279.4099999999962,-0.581805991096222,2026-09-29 13:08:40+08:00
13:08:45,47705.3,-319.29999999999563,-0.6648675886941185,2026-09-29 13:08:45+08:00
13:08:50,47704.45,-320.15000000000146,-0.6666375149402629,2026-09-29 13:08:50+08:00
13:08:55,47707.67,-316.9300000000003,-0.6599326178666773,2026-09-29 13:08:55+08:00
13:09:00,47759.72,-264.8799999999974,-0.5515506636182235,2026-09-29 13:09:00+08:00
13:09:05,47707.91,-316.68999999999505,-0.6594328739854055,2026-09-29 13:09:05+08:00
13:09:10,47698.87,-325.7299999999959,-0.6782565601795661,2026-09-29 13:09:10+08:00
13:09:15,47700.55,-324.04999999999563,-0.6747583530107396,2026-09-29 13:09:15+08:00
13:09:20,47700.36,-324.23999999999796,-0.6751539835834093,2026-09-29 13:09:20+08:00
13:09:25,47708.71,-315.8899999999994,-0.6577670610478784,2026-09-29 13:09:25+08:00
13:09:30,47703.9,-320.6999999999971,-0.6677827613348098,2026-09-29 13:09:30+08:00
13:09:35,47703.61,-320.98999999999796,-0.6683866185246685,2026-09-29 13:09:35+08:00
13:09:40,47706.13,-318.47000000000116,-0.6631393077714363,2026-09-29 13:09:40+08:00
13:09:45,47701.42,-323.1800000000003,-0.6729467814411787,2026-09-29 13:09:45+08:00
13:09:50,47708.22,-316.3799999999974,-0.6587873714721151,2026-09-29 13:09:50+08:00
13:09:55,47707.36,-317.23999999999796,-0.6605781203799678,2026-09-29 13:09:55+08:00
13:10:00,47760.67,-263.9300000000003,-0.5495725107549054,2026-09-29 13:10:00+08:00
13:10:05,47755.13,-269.47000000000116,-0.5611082653473453,2026-09-29 13:10:05+08:00
13:10:10,47706.63,-317.97000000000116,-0.6620981746854762,2026-09-29 13:10:10+08:00
13:10:15,47703.56,-321.0400000000009,-0.6684907318332706,2026-09-29 13:10:15+08:00
13:10:20,47709.37,-315.2299999999959,-0.6563927653744038,2026-09-29 13:10:20+08:00
13:10:25,47707.08,-317.5199999999968,-0.661161154908103,2026-09-29 13:10:25+08:00
13:10:30,47704.69,-319.9099999999962,-0.6661377710589911,2026-09-29 13:10:30+08:00
13:10:35,47704.52,-320.08000000000175,-0.666491756308229,2026-09-29 13:10:35+08:00
13:10:40,47709.01,-315.5899999999965,-0.6571423811962963,2026-09-29 13:10:40+08:00
13:10:45,47706.42,-318.1800000000003,-0.6625354505815776,2026-09-29 13:10:45+08:00
13:10:50,47711.42,-313.1800000000003,-0.6521241197219765,2026-09-29 13:10:50+08:00
13:10:55,47709.37,-315.2299999999959,-0.6563927653744038,2026-09-29 13:10:55+08:00
13:11:00,47761.0,-263.59999999999854,-0.548885362918168,2026-09-29 13:11:00+08:00
13:11:05,47712.15,-312.4499999999971,-0.650604065416468,2026-09-29 13:11:05+08:00
13:11:10,47742.52,-282.08000000000175,-0.5873656417752605,2026-09-29 13:11:10+08:00
13:11:15,47707.77,-316.83000000000175,-0.6597243912494882,2026-09-29 13:11:15+08:00
13:11:20,47701.08,-323.5199999999968,-0.6736547519396243,2026-09-29 13:11:20+08:00
13:11:25,47705.23,-319.36999999999534,-0.6650133473261524,2026-09-29 13:11:25+08:00
13:11:30,47704.44,-320.1599999999962,-0.6666583376019711,2026-09-29 13:11:30+08:00
13:11:35,47702.55,-322.04999999999563,-0.6705938206668992,2026-09-29 13:11:35+08:00
13:11:40,47704.98,-319.61999999999534,-0.6655339138691324,2026-09-29 13:11:40+08:00
13:11:45,47709.56,-315.0400000000009,-0.6559971348017493,2026-09-29 13:11:45+08:00
13:11:50,47705.37,-319.2299999999959,-0.6647218300620847,2026-09-29 13:11:50+08:00
13:11:55,47703.3,-321.29999999999563,-0.669032121037959,2026-09-29 13:11:55+08:00
13:12:00,47753.27,-271.33000000000175,-0.564981280427118,2026-09-29 13:12:00+08:00
13:12:05,47707.7,-316.90000000000146,-0.6598701498815222,2026-09-29 13:12:05+08:00
13:12:10,47735.05,-289.54999999999563,-0.6029201700794918,2026-09-29 13:12:10+08:00
13:12:15,47694.27,-330.33000000000175,-0.6878349845704114,2026-09-29 13:12:15+08:00
13:12:20,47739.74,-284.8600000000006,-0.5931543417331964,2026-09-29 13:12:20+08:00
13:12:25,47692.06,-332.5400000000009,-0.6924367928103532,2026-09-29 13:12:25+08:00
13:12:30,47700.68,-323.91999999999825,-0.6744876584083954,2026-09-29 13:12:30+08:00
13:12:35,47695.29,-329.3099999999977,-0.6857110730750442,2026-09-29 13:12:35+08:00
13:12:40,47699.6,-325.0,-0.676736505874073,2026-09-29 13:12:40+08:00
13:12:45,47700.23,-324.36999999999534,-0.6754246781857535,2026-09-29 13:12:45+08:00
13:12:50,47701.17,-323.4300000000003,-0.6734673479841587,2026-09-29 13:12:50+08:00
13:12:55,47693.74,-330.8600000000006,-0.6889385856415267,2026-09-29 13:12:55+08:00
13:13:00,47754.18,-270.41999999999825,-0.5630864182106634,2026-09-29 13:13:00+08:00
13:13:05,47700.87,-323.7299999999959,-0.6740920278357257,2026-09-29 13:13:05+08:00
13:13:10,47687.03,-337.5699999999997,-0.7029105916551095,2026-09-29 13:13:10+08:00
13:13:15,47694.6,-330.0,-0.6871478367336741,2026-09-29 13:13:15+08:00
13:13:20,47690.79,-333.8099999999977,-0.6950812708486852,2026-09-29 13:13:20+08:00
13:13:25,47693.86,-330.73999999999796,-0.6886887137008907,2026-09-29 13:13:25+08:00
13:13:30,47692.2,-332.40000000000146,-0.6921452755462856,2026-09-29 13:13:30+08:00
13:13:35,47730.93,-293.66999999999825,-0.6114991067078086,2026-09-29 13:13:35+08:00
13:13:40,47687.11,-337.48999999999796,-0.7027440103613523,2026-09-29 13:13:40+08:00
13:13:45,47692.78,-331.8199999999997,-0.6909375611665682,2026-09-29 13:13:45+08:00
13:13:50,47691.17,-333.4300000000003,-0.694290009703361,2026-09-29 13:13:50+08:00
13:13:55,47685.15,-339.4499999999971,-0.706825252058314,2026-09-29 13:13:55+08:00
13:14:00,47744.19,-280.4099999999962,-0.5838882572681422,2026-09-29 13:14:00+08:00
13:14:05,47685.31,-339.2900000000009,-0.7064920894708148,2026-09-29 13:14:05+08:00
13:14:10,47681.11,-343.48999999999796,-0.7152376073928736,2026-09-29 13:14:10+08:00
13:14:15,47685.59,-339.01000000000204,-0.7059090549426794,2026-09-29 13:14:15+08:00
13:14:20,47685.4,-339.1999999999971,-0.7063046855153341,2026-09-29 13:14:20+08:00
13:14:25,47684.1,-340.5,-0.7090116315388364,2026-09-29 13:14:25+08:00
13:14:30,47689.34,-335.26000000000204,-0.6981005567979787,2026-09-29 13:14:30+08:00
13:14:35,47724.27,-300.33000000000175,-0.6253669994128046,2026-09-29 13:14:35+08:00
13:14:40,47722.37,-302.2299999999959,-0.6293233051394409,2026-09-29 13:14:40+08:00
13:14:45,47683.57,-341.02999999999884,-0.7101152326099517,2026-09-29 13:14:45+08:00
13:14:50,47692.01,-332.5899999999965,-0.6925409061189401,2026-09-29 13:14:50+08:00
13:14:55,47688.21,-336.3899999999994,-0.7004535175722431,2026-09-29 13:14:55+08:00
13:15:00,47703.6,-321.0,-0.668407441186392,2026-09-29 13:15:00+08:00
13:15:05,47690.5,-334.09999999999854,-0.6956851280385439,2026-09-29 13:15:05+08:00
13:15:10,47722.47,-302.1299999999974,-0.6291150785222519,2026-09-29 13:15:10+08:00
13:15:15,47726.48,-298.11999999999534,-0.6207651911728476,2026-09-29 13:15:15+08:00
13:15:20,47733.61,-290.98999999999796,-0.6059186333670619,2026-09-29 13:15:20+08:00
13:15:25,47687.17,-337.4300000000003,-0.7026190743910419,2026-09-29 13:15:25+08:00
13:15:30,47688.66,-335.93999999999505,-0.6995164977948698,2026-09-29 13:15:30+08:00
13:15:35,47699.52,-325.08000000000175,-0.6769030871678301,2026-09-29 13:15:35+08:00
13:15:40,47696.62,-327.9799999999959,-0.6829416590663866,2026-09-29 13:15:40+08:00
13:15:45,47701.04,-323.5599999999977,-0.6737380425865029,2026-09-29 13:15:45+08:00
13:15:50,47694.33,-330.2699999999968,-0.6877100486000858,2026-09-29 13:15:50+08:00
13:15:55,47684.75,-339.84999999999854,-0.7076581585270852,2026-09-29 13:15:55+08:00
13:16:00,47743.46,-281.1399999999994,-0.5854083115736507,2026-09-29 13:16:00+08:00
13:16:05,47696.97,-327.6299999999974,-0.6822128659062177,2026-09-29 13:16:05+08:00
13:16:10,47691.05,-333.54999999999563,-0.6945398816439817,2026-09-29 13:16:10+08:00
13:16:15,47687.76,-336.8399999999965,-0.7013905373496011,2026-09-29 13:16:15+08:00
13:16:20,47727.32,-297.27999999999884,-0.6190160875884418,2026-09-29 13:16:20+08:00
13:16:25,47683.47,-341.1299999999974,-0.7103234592271407,2026-09-29 13:16:25+08:00
13:16:30,47690.15,-334.4499999999971,-0.6964139211987129,2026-09-29 13:16:30+08:00
13:16:35,47732.31,-292.2900000000009,-0.6086255793905642,2026-09-29 13:16:35+08:00
13:16:40,47726.91,-297.68999999999505,-0.6198698167189213,2026-09-29 13:16:40+08:00
13:16:45,47734.16,-290.43999999999505,-0.6047733869724996,2026-09-29 13:16:45+08:00
13:16:50,47732.96,-291.6399999999994,-0.607272106378813,2026-09-29 13:16:50+08:00
13:16:55,47731.4,-293.1999999999971,-0.6105204416070037,2026-09-29 13:16:55+08:00
13:17:00,47734.97,-289.6299999999974,-0.6030867513732491,2026-09-29 13:17:00+08:00
13:17:05,47728.16,-296.43999999999505,-0.617266984004021,2026-09-29 13:17:05+08:00
13:17:10,47724.64,-299.9599999999991,-0.6245965609291887,2026-09-29 13:17:10+08:00
13:17:15,47722.85,-301.75,-0.6283238173769277,2026-09-29 13:17:15+08:00
13:17:20,47726.71,-297.8899999999994,-0.6202862699533144,2026-09-29 13:17:20+08:00
13:17:25,47721.63,-302.97000000000116,-0.6308641821066728,2026-09-29 13:17:25+08:00
13:17:30,47726.87,-297.7299999999959,-0.6199531073657999,2026-09-29 13:17:30+08:00
13:17:35,47727.37,-297.2299999999959,-0.6189119742798398,2026-09-29 13:17:35+08:00
13:17:40,47723.92,-300.6800000000003,-0.6260957925729737,2026-09-29 13:17:40+08:00
13:17:45,47730.98,-293.61999999999534,-0.6113949933992066,2026-09-29 13:17:45+08:00
13:17:50,47732.09,-292.51000000000204,-0.609083677948389,2026-09-29 13:17:50+08:00
13:17:55,47736.48,-288.11999999999534,-0.5999425294536453,2026-09-29 13:17:55+08:00
13:18:00,47745.58,-279.0199999999968,-0.5809939072891743,2026-09-29 13:18:00+08:00
13:18:05,47733.32,-291.27999999999884,-0.6065224905569205,2026-09-29 13:18:05+08:00
13:18:10,47726.47,-298.1299999999974,-0.620786013834571,2026-09-29 13:18:10+08:00
13:18:15,47695.55,-329.04999999999563,-0.6851696838703407,2026-09-29 13:18:15+08:00
13:18:20,47735.05,-289.54999999999563,-0.6029201700794918,2026-09-29 13:18:20+08:00
13:18:25,47737.13,-287.47000000000116,-0.5985890564419093,2026-09-29 13:18:25+08:00
13:18:30,47733.6,-291.0,-0.6059394560287853,2026-09-29 13:18:30+08:00
13:18:35,47732.34,-292.26000000000204,-0.608563111405409,2026-09-29 13:18:35+08:00
13:18:40,47727.03,-297.5699999999997,-0.6196199447783005,2026-09-29 13:18:40+08:00
13:18:45,47737.72,-286.8799999999974,-0.5973605194004684,2026-09-29 13:18:45+08:00
13:18:50,47733.07,-291.52999999999884,-0.6070430570999006,2026-09-29 13:18:50+08:00
13:18:55,47695.25,-329.34999999999854,-0.6857943637219229,2026-09-29 13:18:55+08:00
13:19:00,47741.78,-282.8199999999997,-0.5889065187424772,2026-09-29 13:19:00+08:00
13:19:05,47693.67,-330.9300000000003,-0.6890843442735604,2026-09-29 13:19:05+08:00
13:19:10,47738.03,-286.5699999999997,-0.596715016887178,2026-09-29 13:19:10+08:00
13:19:15,47692.85,-331.75,-0.6907918025345344,2026-09-29 13:19:15+08:00
13:19:20,47737.7,-286.90000000000146,-0.5974021647239154,2026-09-29 13:19:20+08:00
13:19:25,47741.15,-283.4499999999971,-0.5902183464307815,2026-09-29 13:19:25+08:00
13:19:30,47736.22,-288.3799999999974,-0.6004839186583488,2026-09-29 13:19:30+08:00
13:19:35,47738.46,-286.1399999999994,-0.5958196424332518,2026-09-29 13:19:35+08:00
13:19:40,47703.41,-321.18999999999505,-0.6688030717590465,2026-09-29 13:19:40+08:00
13:19:45,47707.8,-316.79999999999563,-0.6596619232643179,2026-09-29 13:19:45+08:00
13:19:50,47709.25,-315.34999999999854,-0.6566426373150397,2026-09-29 13:19:50+08:00
13:19:55,47745.59,-279.01000000000204,-0.5809730846274661,2026-09-29 13:19:55+08:00
13:20:00,47755.83,-268.7699999999968,-0.559650679026992,2026-09-29 13:20:00+08:00
13:20:05,47707.2,-317.40000000000146,-0.6609112829674822,2026-09-29 13:20:05+08:00
13:20:10,47706.56,-318.0400000000009,-0.66224393331751,2026-09-29 13:20:10+08:00
13:20:15,47713.82,-310.77999999999884,-0.6471266809093649,2026-09-29 13:20:15+08:00
13:20:20,47704.85,-319.75,-0.6658046084714917,2026-09-29 13:20:20+08:00
13:20:25,47701.76,-322.8399999999965,-0.672238810942718,2026-09-29 13:20:25+08:00
13:20:30,47747.98,-276.61999999999534,-0.5759964684765627,2026-09-29 13:20:30+08:00
13:20:35,47708.61,-315.98999999999796,-0.6579752876650674,2026-09-29 13:20:35+08:00
13:20:40,47705.16,-319.43999999999505,-0.6651591059581862,2026-09-29 13:20:40+08:00
13:20:45,47703.14,-321.4599999999991,-0.6693652836254735,2026-09-29 13:20:45+08:00
13:20:50,47708.2,-316.40000000000146,-0.658829016795562,2026-09-29 13:20:50+08:00
13:20:55,47705.58,-319.0199999999968,-0.6642845541659833,2026-09-29 13:20:55+08:00
13:21:00,47752.55,-272.04999999999563,-0.5664805120708879,2026-09-29 13:21:00+08:00
13:21:05,47748.99,-275.6100000000006,-0.5738933796429343,2026-09-29 13:21:05+08:00
13:21:10,47744.49,-280.1100000000006,-0.5832635774165752,2026-09-29 13:21:10+08:00
13:21:15,47707.89,-316.7099999999991,-0.6594745193088525,2026-09-29 13:21:15+08:00
13:21:20,47704.35,-320.25,-0.6668457415574518,2026-09-29 13:21:20+08:00
13:21:25,47737.31,-287.2900000000009,-0.598214248530963,2026-09-29 13:21:25+08:00
13:21:30,47694.57,-330.02999999999884,-0.6872103047188292,2026-09-29 13:21:30+08:00
13:21:35,47700.43,-324.16999999999825,-0.6750082249513755,2026-09-29 13:21:35+08:00
13:21:40,47700.56,-324.0400000000009,-0.6747375303490313,2026-09-29 13:21:40+08:00
13:21:45,47734.84,-289.76000000000204,-0.6033574459756085,2026-09-29 13:21:45+08:00
13:21:50,47743.82,-280.77999999999884,-0.5846586957517582,2026-09-29 13:21:50+08:00
13:21:55,47740.01,-284.5899999999965,-0.5925921298667693,2026-09-29 13:21:55+08:00
13:22:00,47747.19,-277.4099999999962,-0.5776414587523816,2026-09-29 13:22:00+08:00
13:22:05,47736.03,-288.5699999999997,-0.6008795492310185,2026-09-29 13:22:05+08:00
13:22:10,47731.06,-293.5400000000009,-0.6112284121054644,2026-09-29 13:22:10+08:00
13:22:15,47691.93,-332.66999999999825,-0.6927074874126974,2026-09-29 13:22:15+08:00
13:22:20,47694.94,-329.6599999999962,-0.6864398662352132,2026-09-29 13:22:20+08:00
13:22:25,47729.08,-295.5199999999968,-0.6153512991258581,2026-09-29 13:22:25+08:00
13:22:30,47691.0,-333.59999999999854,-0.6946439949525838,2026-09-29 13:22:30+08:00
13:22:35,47686.56,-338.0400000000009,-0.7038892567559144,2026-09-29 13:22:35+08:00
13:22:40,47727.33,-297.2699999999968,-0.6189952649267184,2026-09-29 13:22:40+08:00
13:22:45,47726.53,-298.0699999999997,-0.6206610778642606,2026-09-29 13:22:45+08:00
13:22:50,47688.12,-336.4799999999959,-0.7006409215277086,2026-09-29 13:22:50+08:00
13:22:55,47686.59,-338.01000000000204,-0.7038267887707592,2026-09-29 13:22:55+08:00
13:23:00,47741.9,-282.6999999999971,-0.5886566468018414,2026-09-29 13:23:00+08:00
13:23:05,47690.06,-334.5400000000009,-0.6966013251541937,2026-09-29 13:23:05+08:00
13:23:10,47725.12,-299.4799999999959,-0.6235970731666602,2026-09-29 13:23:10+08:00
13:23:15,47680.03,-344.5699999999997,-0.7174864548585511,2026-09-29 13:23:15+08:00
13:23:20,47683.8,-340.79999999999563,-0.7096363113904034,2026-09-29 13:23:20+08:00
13:23:25,47685.09,-339.51000000000204,-0.7069501880286395,2026-09-29 13:23:25+08:00
13:23:30,47721.75,-302.84999999999854,-0.6306143101660369,2026-09-29 13:23:30+08:00
13:23:35,47728.04,-296.5599999999977,-0.6175168559446569,2026-09-29 13:23:35+08:00
13:23:40,47684.11,-340.48999999999796,-0.708990808877113,2026-09-29 13:23:40+08:00
13:23:45,47682.8,-341.79999999999563,-0.7117185775623236,2026-09-29 13:23:45+08:00
13:23:50,47726.08,-298.5199999999968,-0.6215980976416187,2026-09-29 13:23:50+08:00
13:23:55,47723.42,-301.1800000000003,-0.6271369256589338,2026-09-29 13:23:55+08:00
13:24:00,47738.04,-286.5599999999977,-0.5966941942254546,2026-09-29 13:24:00+08:00
13:24:05,47687.39,-337.2099999999991,-0.702160975833217,2026-09-29 13:24:05+08:00
13:24:10,47726.46,-298.1399999999994,-0.6208068364962944,2026-09-29 13:24:10+08:00
13:24:15,47726.55,-298.04999999999563,-0.6206194325408138,2026-09-29 13:24:15+08:00
13:24:20,47728.54,-296.0599999999977,-0.6164757228586968,2026-09-29 13:24:20+08:00
13:24:25,47718.81,-305.7900000000009,-0.6367361727114872,2026-09-29 13:24:25+08:00
13:24:30,47685.63,-338.97000000000116,-0.7058257642958008,2026-09-29 13:24:30+08:00
13:24:35,47723.91,-300.68999999999505,-0.626116615234682,2026-09-29 13:24:35+08:00
13:24:40,47690.89,-333.7099999999991,-0.6948730442314963,2026-09-29 13:24:40+08:00
13:24:45,47691.46,-333.1399999999994,-0.6936861525135023,2026-09-29 13:24:45+08:00
13:24:50,47720.05,-304.54999999999563,-0.6341541626582953,2026-09-29 13:24:50+08:00
13:24:55,47684.75,-339.84999999999854,-0.7076581585270852,2026-09-29 13:24:55+08:00
13:25:00,47708.87,-315.7299999999959,-0.6574338984603639,2026-09-29 13:25:00+08:00
13:25:05,47708.16,-316.43999999999505,-0.6589123074424255,2026-09-29 13:25:05+08:00
13:25:10,47708.16,-316.43999999999505,-0.6589123074424255,2026-09-29 13:25:10+08:00
13:25:15,47708.16,-316.43999999999505,-0.6589123074424255,2026-09-29 13:25:15+08:00
13:25:20,47708.16,-316.43999999999505,-0.6589123074424255,2026-09-29 13:25:20+08:00
13:25:25,47708.16,-316.43999999999505,-0.6589123074424255,2026-09-29 13:25:25+08:00
13:25:30,47708.16,-316.43999999999505,-0.6589123074424255,2026-09-29 13:25:30+08:00
13:25:35,47708.16,-316.43999999999505,-0.6589123074424255,2026-09-29 13:25:35+08:00
13:25:40,47708.16,-316.43999999999505,-0.6589123074424255,2026-09-29 13:25:40+08:00
13:25:45,47708.16,-316.43999999999505,-0.6589123074424255,2026-09-29 13:25:45+08:00
13:25:50,47708.16,-316.43999999999505,-0.6589123074424255,2026-09-29 13:25:50+08:00
13:25:55,47708.16,-316.43999999999505,-0.6589123074424255,2026-09-29 13:25:55+08:00
13:26:00,47708.16,-316.43999999999505,-0.6589123074424255,2026-09-29 13:26:00+08:00
13:26:05,47708.16,-316.43999999999505,-0.6589123074424255,2026-09-29 13:26:05+08:00
13:26:10,47708.16,-316.43999999999505,-0.6589123074424255,2026-09-29 13:26:10+08:00
13:26:15,47708.16,-316.43999999999505,-0.6589123074424255,2026-09-29 13:26:15+08:00
13:26:20,47708.16,-316.43999999999505,-0.6589123074424255,2026-09-29 13:26:20+08:00
13:26:25,47708.16,-316.43999999999505,-0.6589123074424255,2026-09-29 13:26:25+08:00
13:26:30,47708.16,-316.43999999999505,-0.6589123074424255,2026-09-29 13:26:30+08:00
13:26:35,47708.16,-316.43999999999505,-0.6589123074424255,2026-09-29 13:26:35+08:00
13:26:40,47708.16,-316.43999999999505,-0.6589123074424255,2026-09-29 13:26:40+08:00
13:26:45,47708.16,-316.43999999999505,-0.6589123074424255,2026-09-29 13:26:45+08:00
13:26:50,47708.16,-316.43999999999505,-0.6589123074424255,2026-09-29 13:26:50+08:00
13:26:55,47708.16,-316.43999999999505,-0.6589123074424255,2026-09-29 13:26:55+08:00
13:27:00,47708.16,-316.43999999999505,-0.6589123074424255,2026-09-29 13:27:00+08:00
13:27:05,47708.16,-316.43999999999505,-0.6589123074424255,2026-09-29 13:27:05+08:00
13:27:10,47708.16,-316.43999999999505,-0.6589123074424255,2026-09-29 13:27:10+08:00
13:27:15,47708.16,-316.43999999999505,-0.6589123074424255,2026-09-29 13:27:15+08:00
13:27:20,47708.16,-316.43999999999505,-0.6589123074424255,2026-09-29 13:27:20+08:00
13:27:25,47708.16,-316.43999999999505,-0.6589123074424255,2026-09-29 13:27:25+08:00
13:27:30,47708.16,-316.43999999999505,-0.6589123074424255,2026-09-29 13:27:30+08:00
13:27:35,47708.16,-316.43999999999505,-0.6589123074424255,2026-09-29 13:27:35+08:00
13:27:40,47708.16,-316.43999999999505,-0.6589123074424255,2026-09-29 13:27:40+08:00
13:27:45,47708.16,-316.43999999999505,-0.6589123074424255,2026-09-29 13:27:45+08:00
13:27:50,47708.16,-316.43999999999505,-0.6589123074424255,2026-09-29 13:27:50+08:00
13:27:55,47708.16,-316.43999999999505,-0.6589123074424255,2026-09-29 13:27:55+08:00
13:28:00,47708.16,-316.43999999999505,-0.6589123074424255,2026-09-29 13:28:00+08:00
13:28:05,47708.16,-316.43999999999505,-0.6589123074424255,2026-09-29 13:28:05+08:00
13:28:10,47708.16,-316.43999999999505,-0.6589123074424255,2026-09-29 13:28:10+08:00
13:28:15,47708.16,-316.43999999999505,-0.6589123074424255,2026-09-29 13:28:15+08:00
13:28:20,47708.16,-316.43999999999505,-0.6589123074424255,2026-09-29 13:28:20+08:00
13:28:25,47708.16,-316.43999999999505,-0.6589123074424255,2026-09-29 13:28:25+08:00
13:28:30,47708.16,-316.43999999999505,-0.6589123074424255,2026-09-29 13:28:30+08:00
13:28:35,47708.16,-316.43999999999505,-0.6589123074424255,2026-09-29 13:28:35+08:00
13:28:40,47708.16,-316.43999999999505,-0.6589123074424255,2026-09-29 13:28:40+08:00
13:28:45,47708.16,-316.43999999999505,-0.6589123074424255,2026-09-29 13:28:45+08:00
13:28:50,47708.16,-316.43999999999505,-0.6589123074424255,2026-09-29 13:28:50+08:00
13:28:55,47708.16,-316.43999999999505,-0.6589123074424255,2026-09-29 13:28:55+08:00
13:29:00,47708.16,-316.43999999999505,-0.6589123074424255,2026-09-29 13:29:00+08:00
13:29:05,47708.16,-316.43999999999505,-0.6589123074424255,2026-09-29 13:29:05+08:00
13:29:10,47708.16,-316.43999999999505,-0.6589123074424255,2026-09-29 13:29:10+08:00
13:29:15,47708.16,-316.43999999999505,-0.6589123074424255,2026-09-29 13:29:15+08:00
13:29:20,47708.16,-316.43999999999505,-0.6589123074424255,2026-09-29 13:29:20+08:00
13:29:25,47708.16,-316.43999999999505,-0.6589123074424255,2026-09-29 13:29:25+08:00
13:29:30,47708.16,-316.43999999999505,-0.6589123074424255,2026-09-29 13:29:30+08:00
13:29:35,47708.16,-316.43999999999505,-0.6589123074424255,2026-09-29 13:29:35+08:00
13:29:40,47708.16,-316.43999999999505,-0.6589123074424255,2026-09-29 13:29:40+08:00
13:29:45,47708.16,-316.43999999999505,-0.6589123074424255,2026-09-29 13:29:45+08:00
13:29:50,47708.16,-316.43999999999505,-0.6589123074424255,2026-09-29 13:29:50+08:00
13:29:55,47708.16,-316.43999999999505,-0.6589123074424255,2026-09-29 13:29:55+08:00
13:30:00,47631.96,-392.6399999999994,-0.8175809897427557,2026-09-29 13:30:00+08:00
